ISO-10303-21;
HEADER;
/* Generated by software containing ST-Developer
 * from STEP Tools, Inc. (www.steptools.com) 
 */

FILE_DESCRIPTION(
/* description */ (''),
/* implementation_level */ '2;1');

FILE_NAME(
/* name */ '11_Steel_Weldments.stp',
/* time_stamp */ '2026-09-13T20:18:28-05:00',
/* author */ (''),
/* organization */ (''),
/* preprocessor_version */ 'ST-DEVELOPER v20.1',
/* originating_system */ 'Autodesk Translation Framework v15.8.0.0',
/* authorisation */ '');

FILE_SCHEMA (('AUTOMOTIVE_DESIGN { 1 0 10303 214 3 1 1 }'));
ENDSEC;

DATA;
#10=MECHANICAL_DESIGN_GEOMETRIC_PRESENTATION_REPRESENTATION('',(#174,#175,
#176,#177,#178,#179,#180,#181,#182,#183,#184),#4128);
#11=SHAPE_REPRESENTATION_RELATIONSHIP('SRR','None',#4135,#12);
#12=ADVANCED_BREP_SHAPE_REPRESENTATION('',(#185,#186,#187,#188,#189,#190,
#191,#192,#193,#194,#195),#4127);
#13=B_SPLINE_CURVE_WITH_KNOTS('',3,(#3973,#3974,#3975,#3976,#3977,#3978,
#3979,#3980,#3981,#3982,#3983,#3984,#3985,#3986,#3987,#3988,#3989,#3990,
#3991,#3992,#3993,#3994,#3995,#3996,#3997,#3998),.UNSPECIFIED.,.F.,.F.,
(4,2,2,2,2,2,2,2,2,2,2,2,4),(0.,0.0791735031194403,0.158347006238881,0.237520110595488,
0.316693214952095,0.395866319308702,0.475039423665309,0.554212926784749,
0.633386429904189,0.712559933023629,0.79173343614307,0.870906540499677,
0.950079644856284),.UNSPECIFIED.);
#14=B_SPLINE_CURVE_WITH_KNOTS('',3,(#3999,#4000,#4001,#4002,#4003,#4004,
#4005,#4006,#4007,#4008),.UNSPECIFIED.,.F.,.F.,(4,2,2,2,4),(0.950079644856284,
1.02925274921289,1.1084258535695,1.18759935668894,1.26677285980838),
 .UNSPECIFIED.);
#15=B_SPLINE_CURVE_WITH_KNOTS('',3,(#4011,#4012,#4013,#4014,#4015,#4016),
 .UNSPECIFIED.,.F.,.F.,(4,2,4),(0.210286420529566,0.237644767415655,0.316859009239522),
 .UNSPECIFIED.);
#16=B_SPLINE_CURVE_WITH_KNOTS('',3,(#4018,#4019,#4020,#4021,#4022,#4023,
#4024,#4025,#4026,#4027),.UNSPECIFIED.,.F.,.F.,(4,2,2,2,4),(0.84400443900861,
0.871362785894699,0.950577027718566,1.02979126954243,1.05714961642852),
 .UNSPECIFIED.);
#17=B_SPLINE_CURVE_WITH_KNOTS('',3,(#4030,#4031,#4032,#4033,#4034,#4035),
 .UNSPECIFIED.,.F.,.F.,(4,2,4),(0.316859009239522,0.396073251063389,0.423431597949478),
 .UNSPECIFIED.);
#18=B_SPLINE_CURVE_WITH_KNOTS('',3,(#4046,#4047,#4048,#4049,#4050,#4051,
#4052,#4053,#4054,#4055,#4056,#4057,#4058,#4059,#4060,#4061,#4062,#4063,
#4064,#4065,#4066,#4067,#4068,#4069,#4070,#4071),.UNSPECIFIED.,.F.,.F.,
(4,2,2,2,2,2,2,2,2,2,2,2,4),(0.,0.0791735031194403,0.158347006238881,0.237520110595488,
0.316693214952095,0.395866319308702,0.475039423665309,0.554212926784749,
0.633386429904189,0.712559933023629,0.79173343614307,0.870906540499677,
0.950079644856284),.UNSPECIFIED.);
#19=B_SPLINE_CURVE_WITH_KNOTS('',3,(#4072,#4073,#4074,#4075,#4076,#4077,
#4078,#4079,#4080,#4081),.UNSPECIFIED.,.F.,.F.,(4,2,2,2,4),(0.950079644856284,
1.02925274921289,1.1084258535695,1.18759935668894,1.26677285980838),
 .UNSPECIFIED.);
#20=B_SPLINE_CURVE_WITH_KNOTS('',3,(#4084,#4085,#4086,#4087,#4088,#4089),
 .UNSPECIFIED.,.F.,.F.,(4,2,4),(0.210286420529566,0.237644767415655,0.316859009239522),
 .UNSPECIFIED.);
#21=B_SPLINE_CURVE_WITH_KNOTS('',3,(#4091,#4092,#4093,#4094,#4095,#4096,
#4097,#4098,#4099,#4100),.UNSPECIFIED.,.F.,.F.,(4,2,2,2,4),(0.84400443900861,
0.871362785894699,0.950577027718566,1.02979126954243,1.05714961642852),
 .UNSPECIFIED.);
#22=B_SPLINE_CURVE_WITH_KNOTS('',3,(#4103,#4104,#4105,#4106,#4107,#4108),
 .UNSPECIFIED.,.F.,.F.,(4,2,4),(0.316859009239522,0.396073251063389,0.423431597949478),
 .UNSPECIFIED.);
#23=ELLIPSE('',#2514,0.304884362027633,0.3048);
#24=ELLIPSE('',#2520,0.609768724055265,0.6096);
#25=ELLIPSE('',#2541,0.304884362027633,0.3048);
#26=ELLIPSE('',#2543,0.609768724055265,0.6096);
#27=CYLINDRICAL_SURFACE('',#2477,1.945);
#28=CYLINDRICAL_SURFACE('',#2483,0.65);
#29=CYLINDRICAL_SURFACE('',#2487,1.3);
#30=CYLINDRICAL_SURFACE('',#2496,0.65);
#31=CYLINDRICAL_SURFACE('',#2500,1.3);
#32=CYLINDRICAL_SURFACE('',#2509,0.3325);
#33=CYLINDRICAL_SURFACE('',#2513,0.3048);
#34=CYLINDRICAL_SURFACE('',#2519,0.6096);
#35=CYLINDRICAL_SURFACE('',#2529,0.8);
#36=CYLINDRICAL_SURFACE('',#2532,0.3325);
#37=CYLINDRICAL_SURFACE('',#2540,0.3048);
#38=CYLINDRICAL_SURFACE('',#2542,0.6096);
#39=CYLINDRICAL_SURFACE('',#2552,0.8);
#40=CYLINDRICAL_SURFACE('',#2555,1.312);
#41=CYLINDRICAL_SURFACE('',#2558,1.477);
#42=CYLINDRICAL_SURFACE('',#2563,0.21);
#43=CYLINDRICAL_SURFACE('',#2567,0.21);
#44=CYLINDRICAL_SURFACE('',#2577,0.21);
#45=CYLINDRICAL_SURFACE('',#2581,0.21);
#46=CYLINDRICAL_SURFACE('',#2591,0.275);
#47=CYLINDRICAL_SURFACE('',#2594,0.275);
#48=CYLINDRICAL_SURFACE('',#2597,0.275);
#49=CYLINDRICAL_SURFACE('',#2600,0.275);
#50=CYLINDRICAL_SURFACE('',#2603,0.275);
#51=CYLINDRICAL_SURFACE('',#2606,0.275);
#52=CYLINDRICAL_SURFACE('',#2631,0.225);
#53=CYLINDRICAL_SURFACE('',#2632,0.225);
#54=CYLINDRICAL_SURFACE('',#2633,0.225);
#55=CYLINDRICAL_SURFACE('',#2634,0.225);
#56=CYLINDRICAL_SURFACE('',#2643,0.6096);
#57=CYLINDRICAL_SURFACE('',#2644,0.6096);
#58=CYLINDRICAL_SURFACE('',#2645,0.6096);
#59=CYLINDRICAL_SURFACE('',#2646,0.6096);
#60=CYLINDRICAL_SURFACE('',#2653,0.21);
#61=CYLINDRICAL_SURFACE('',#2658,0.21);
#62=CYLINDRICAL_SURFACE('',#2661,1.50875);
#63=CYLINDRICAL_SURFACE('',#2664,1.905);
#64=FACE_BOUND('',#341,.T.);
#65=FACE_BOUND('',#353,.T.);
#66=FACE_BOUND('',#362,.T.);
#67=FACE_BOUND('',#364,.T.);
#68=FACE_BOUND('',#373,.T.);
#69=FACE_BOUND('',#375,.T.);
#70=FACE_BOUND('',#383,.T.);
#71=FACE_BOUND('',#392,.T.);
#72=FACE_BOUND('',#400,.T.);
#73=FACE_BOUND('',#409,.T.);
#74=FACE_BOUND('',#413,.T.);
#75=FACE_BOUND('',#415,.T.);
#76=FACE_BOUND('',#424,.T.);
#77=FACE_BOUND('',#425,.T.);
#78=FACE_BOUND('',#436,.T.);
#79=FACE_BOUND('',#437,.T.);
#80=FACE_BOUND('',#449,.T.);
#81=FACE_BOUND('',#450,.T.);
#82=FACE_BOUND('',#451,.T.);
#83=FACE_BOUND('',#452,.T.);
#84=FACE_BOUND('',#453,.T.);
#85=FACE_BOUND('',#454,.T.);
#86=FACE_BOUND('',#455,.T.);
#87=FACE_BOUND('',#456,.T.);
#88=FACE_BOUND('',#457,.T.);
#89=FACE_BOUND('',#461,.T.);
#90=FACE_BOUND('',#462,.T.);
#91=FACE_BOUND('',#463,.T.);
#92=FACE_BOUND('',#464,.T.);
#93=FACE_BOUND('',#465,.T.);
#94=FACE_BOUND('',#466,.T.);
#95=FACE_BOUND('',#467,.T.);
#96=FACE_BOUND('',#468,.T.);
#97=FACE_BOUND('',#469,.T.);
#98=FACE_BOUND('',#497,.T.);
#99=FACE_BOUND('',#498,.T.);
#100=FACE_BOUND('',#500,.T.);
#101=FACE_BOUND('',#501,.T.);
#102=FACE_BOUND('',#503,.T.);
#103=FACE_BOUND('',#505,.T.);
#104=CIRCLE('',#2470,1.945);
#105=CIRCLE('',#2478,1.945);
#106=CIRCLE('',#2484,0.65);
#107=CIRCLE('',#2485,0.65);
#108=CIRCLE('',#2488,1.3);
#109=CIRCLE('',#2489,1.3);
#110=CIRCLE('',#2497,0.65);
#111=CIRCLE('',#2498,0.65);
#112=CIRCLE('',#2501,1.3);
#113=CIRCLE('',#2502,1.3);
#114=CIRCLE('',#2510,0.3325);
#115=CIRCLE('',#2511,0.3325);
#116=CIRCLE('',#2515,0.3048);
#117=CIRCLE('',#2517,0.6096);
#118=CIRCLE('',#2522,0.8);
#119=CIRCLE('',#2530,0.8);
#120=CIRCLE('',#2533,0.3325);
#121=CIRCLE('',#2534,0.3325);
#122=CIRCLE('',#2538,0.6096);
#123=CIRCLE('',#2539,0.3048);
#124=CIRCLE('',#2545,0.8);
#125=CIRCLE('',#2553,0.8);
#126=CIRCLE('',#2556,1.312);
#127=CIRCLE('',#2557,1.312);
#128=CIRCLE('',#2559,1.477);
#129=CIRCLE('',#2560,1.477);
#130=CIRCLE('',#2564,0.21);
#131=CIRCLE('',#2565,0.21);
#132=CIRCLE('',#2568,0.21);
#133=CIRCLE('',#2569,0.21);
#134=CIRCLE('',#2578,0.21);
#135=CIRCLE('',#2579,0.21);
#136=CIRCLE('',#2582,0.21);
#137=CIRCLE('',#2583,0.21);
#138=CIRCLE('',#2592,0.275);
#139=CIRCLE('',#2593,0.275);
#140=CIRCLE('',#2595,0.275);
#141=CIRCLE('',#2596,0.275);
#142=CIRCLE('',#2598,0.275);
#143=CIRCLE('',#2599,0.275);
#144=CIRCLE('',#2601,0.275);
#145=CIRCLE('',#2602,0.275);
#146=CIRCLE('',#2604,0.275);
#147=CIRCLE('',#2605,0.275);
#148=CIRCLE('',#2607,0.275);
#149=CIRCLE('',#2608,0.275);
#150=CIRCLE('',#2612,0.6096);
#151=CIRCLE('',#2613,0.6096);
#152=CIRCLE('',#2614,0.6096);
#153=CIRCLE('',#2615,0.6096);
#154=CIRCLE('',#2616,0.225);
#155=CIRCLE('',#2617,0.225);
#156=CIRCLE('',#2618,0.225);
#157=CIRCLE('',#2619,0.225);
#158=CIRCLE('',#2623,0.6096);
#159=CIRCLE('',#2624,0.6096);
#160=CIRCLE('',#2625,0.6096);
#161=CIRCLE('',#2626,0.6096);
#162=CIRCLE('',#2627,0.225);
#163=CIRCLE('',#2628,0.225);
#164=CIRCLE('',#2629,0.225);
#165=CIRCLE('',#2630,0.225);
#166=CIRCLE('',#2652,0.21);
#167=CIRCLE('',#2654,0.21);
#168=CIRCLE('',#2657,0.21);
#169=CIRCLE('',#2659,0.21);
#170=CIRCLE('',#2662,1.50875);
#171=CIRCLE('',#2663,1.50875);
#172=CIRCLE('',#2665,1.905);
#173=CIRCLE('',#2666,1.905);
#174=STYLED_ITEM('',(#4144),#185);
#175=STYLED_ITEM('',(#4144),#186);
#176=STYLED_ITEM('',(#4144),#187);
#177=STYLED_ITEM('',(#4144),#188);
#178=STYLED_ITEM('',(#4144),#189);
#179=STYLED_ITEM('',(#4144),#190);
#180=STYLED_ITEM('',(#4144),#191);
#181=STYLED_ITEM('',(#4144),#192);
#182=STYLED_ITEM('',(#4144),#193);
#183=STYLED_ITEM('',(#4144),#194);
#184=STYLED_ITEM('',(#4144),#195);
#185=MANIFOLD_SOLID_BREP('ST-06-Cover-Spine',#2436);
#186=MANIFOLD_SOLID_BREP('ST-04-Barrel-Plate',#2437);
#187=MANIFOLD_SOLID_BREP('ST-08-Pintle-Tab-R',#2438);
#188=MANIFOLD_SOLID_BREP('ST-08-Pintle-Tab-L',#2439);
#189=MANIFOLD_SOLID_BREP('ST-07-Hinge-Tab-R',#2440);
#190=MANIFOLD_SOLID_BREP('ST-07-Hinge-Tab-L',#2441);
#191=MANIFOLD_SOLID_BREP('HW-01-Barrel-EMT-1in',#2442);
#192=MANIFOLD_SOLID_BREP('ST-03-Backplate-Boss-R',#2443);
#193=MANIFOLD_SOLID_BREP('ST-03-Backplate-Boss-L',#2444);
#194=MANIFOLD_SOLID_BREP('ST-02-Backplate',#2445);
#195=MANIFOLD_SOLID_BREP('ST-05-Barrel-Socket',#2446);
#196=FACE_OUTER_BOUND('',#331,.T.);
#197=FACE_OUTER_BOUND('',#332,.T.);
#198=FACE_OUTER_BOUND('',#333,.T.);
#199=FACE_OUTER_BOUND('',#334,.T.);
#200=FACE_OUTER_BOUND('',#335,.T.);
#201=FACE_OUTER_BOUND('',#336,.T.);
#202=FACE_OUTER_BOUND('',#337,.T.);
#203=FACE_OUTER_BOUND('',#338,.T.);
#204=FACE_OUTER_BOUND('',#339,.T.);
#205=FACE_OUTER_BOUND('',#340,.T.);
#206=FACE_OUTER_BOUND('',#342,.T.);
#207=FACE_OUTER_BOUND('',#343,.T.);
#208=FACE_OUTER_BOUND('',#344,.T.);
#209=FACE_OUTER_BOUND('',#345,.T.);
#210=FACE_OUTER_BOUND('',#346,.T.);
#211=FACE_OUTER_BOUND('',#347,.T.);
#212=FACE_OUTER_BOUND('',#348,.T.);
#213=FACE_OUTER_BOUND('',#349,.T.);
#214=FACE_OUTER_BOUND('',#350,.T.);
#215=FACE_OUTER_BOUND('',#351,.T.);
#216=FACE_OUTER_BOUND('',#352,.T.);
#217=FACE_OUTER_BOUND('',#354,.T.);
#218=FACE_OUTER_BOUND('',#355,.T.);
#219=FACE_OUTER_BOUND('',#356,.T.);
#220=FACE_OUTER_BOUND('',#357,.T.);
#221=FACE_OUTER_BOUND('',#358,.T.);
#222=FACE_OUTER_BOUND('',#359,.T.);
#223=FACE_OUTER_BOUND('',#360,.T.);
#224=FACE_OUTER_BOUND('',#361,.T.);
#225=FACE_OUTER_BOUND('',#363,.T.);
#226=FACE_OUTER_BOUND('',#365,.T.);
#227=FACE_OUTER_BOUND('',#366,.T.);
#228=FACE_OUTER_BOUND('',#367,.T.);
#229=FACE_OUTER_BOUND('',#368,.T.);
#230=FACE_OUTER_BOUND('',#369,.T.);
#231=FACE_OUTER_BOUND('',#370,.T.);
#232=FACE_OUTER_BOUND('',#371,.T.);
#233=FACE_OUTER_BOUND('',#372,.T.);
#234=FACE_OUTER_BOUND('',#374,.T.);
#235=FACE_OUTER_BOUND('',#376,.T.);
#236=FACE_OUTER_BOUND('',#377,.T.);
#237=FACE_OUTER_BOUND('',#378,.T.);
#238=FACE_OUTER_BOUND('',#379,.T.);
#239=FACE_OUTER_BOUND('',#380,.T.);
#240=FACE_OUTER_BOUND('',#381,.T.);
#241=FACE_OUTER_BOUND('',#382,.T.);
#242=FACE_OUTER_BOUND('',#384,.T.);
#243=FACE_OUTER_BOUND('',#385,.T.);
#244=FACE_OUTER_BOUND('',#386,.T.);
#245=FACE_OUTER_BOUND('',#387,.T.);
#246=FACE_OUTER_BOUND('',#388,.T.);
#247=FACE_OUTER_BOUND('',#389,.T.);
#248=FACE_OUTER_BOUND('',#390,.T.);
#249=FACE_OUTER_BOUND('',#391,.T.);
#250=FACE_OUTER_BOUND('',#393,.T.);
#251=FACE_OUTER_BOUND('',#394,.T.);
#252=FACE_OUTER_BOUND('',#395,.T.);
#253=FACE_OUTER_BOUND('',#396,.T.);
#254=FACE_OUTER_BOUND('',#397,.T.);
#255=FACE_OUTER_BOUND('',#398,.T.);
#256=FACE_OUTER_BOUND('',#399,.T.);
#257=FACE_OUTER_BOUND('',#401,.T.);
#258=FACE_OUTER_BOUND('',#402,.T.);
#259=FACE_OUTER_BOUND('',#403,.T.);
#260=FACE_OUTER_BOUND('',#404,.T.);
#261=FACE_OUTER_BOUND('',#405,.T.);
#262=FACE_OUTER_BOUND('',#406,.T.);
#263=FACE_OUTER_BOUND('',#407,.T.);
#264=FACE_OUTER_BOUND('',#408,.T.);
#265=FACE_OUTER_BOUND('',#410,.T.);
#266=FACE_OUTER_BOUND('',#411,.T.);
#267=FACE_OUTER_BOUND('',#412,.T.);
#268=FACE_OUTER_BOUND('',#414,.T.);
#269=FACE_OUTER_BOUND('',#416,.T.);
#270=FACE_OUTER_BOUND('',#417,.T.);
#271=FACE_OUTER_BOUND('',#418,.T.);
#272=FACE_OUTER_BOUND('',#419,.T.);
#273=FACE_OUTER_BOUND('',#420,.T.);
#274=FACE_OUTER_BOUND('',#421,.T.);
#275=FACE_OUTER_BOUND('',#422,.T.);
#276=FACE_OUTER_BOUND('',#423,.T.);
#277=FACE_OUTER_BOUND('',#426,.T.);
#278=FACE_OUTER_BOUND('',#427,.T.);
#279=FACE_OUTER_BOUND('',#428,.T.);
#280=FACE_OUTER_BOUND('',#429,.T.);
#281=FACE_OUTER_BOUND('',#430,.T.);
#282=FACE_OUTER_BOUND('',#431,.T.);
#283=FACE_OUTER_BOUND('',#432,.T.);
#284=FACE_OUTER_BOUND('',#433,.T.);
#285=FACE_OUTER_BOUND('',#434,.T.);
#286=FACE_OUTER_BOUND('',#435,.T.);
#287=FACE_OUTER_BOUND('',#438,.T.);
#288=FACE_OUTER_BOUND('',#439,.T.);
#289=FACE_OUTER_BOUND('',#440,.T.);
#290=FACE_OUTER_BOUND('',#441,.T.);
#291=FACE_OUTER_BOUND('',#442,.T.);
#292=FACE_OUTER_BOUND('',#443,.T.);
#293=FACE_OUTER_BOUND('',#444,.T.);
#294=FACE_OUTER_BOUND('',#445,.T.);
#295=FACE_OUTER_BOUND('',#446,.T.);
#296=FACE_OUTER_BOUND('',#447,.T.);
#297=FACE_OUTER_BOUND('',#448,.T.);
#298=FACE_OUTER_BOUND('',#458,.T.);
#299=FACE_OUTER_BOUND('',#459,.T.);
#300=FACE_OUTER_BOUND('',#460,.T.);
#301=FACE_OUTER_BOUND('',#470,.T.);
#302=FACE_OUTER_BOUND('',#471,.T.);
#303=FACE_OUTER_BOUND('',#472,.T.);
#304=FACE_OUTER_BOUND('',#473,.T.);
#305=FACE_OUTER_BOUND('',#474,.T.);
#306=FACE_OUTER_BOUND('',#475,.T.);
#307=FACE_OUTER_BOUND('',#476,.T.);
#308=FACE_OUTER_BOUND('',#477,.T.);
#309=FACE_OUTER_BOUND('',#478,.T.);
#310=FACE_OUTER_BOUND('',#479,.T.);
#311=FACE_OUTER_BOUND('',#480,.T.);
#312=FACE_OUTER_BOUND('',#481,.T.);
#313=FACE_OUTER_BOUND('',#482,.T.);
#314=FACE_OUTER_BOUND('',#483,.T.);
#315=FACE_OUTER_BOUND('',#484,.T.);
#316=FACE_OUTER_BOUND('',#485,.T.);
#317=FACE_OUTER_BOUND('',#486,.T.);
#318=FACE_OUTER_BOUND('',#487,.T.);
#319=FACE_OUTER_BOUND('',#488,.T.);
#320=FACE_OUTER_BOUND('',#489,.T.);
#321=FACE_OUTER_BOUND('',#490,.T.);
#322=FACE_OUTER_BOUND('',#491,.T.);
#323=FACE_OUTER_BOUND('',#492,.T.);
#324=FACE_OUTER_BOUND('',#493,.T.);
#325=FACE_OUTER_BOUND('',#494,.T.);
#326=FACE_OUTER_BOUND('',#495,.T.);
#327=FACE_OUTER_BOUND('',#496,.T.);
#328=FACE_OUTER_BOUND('',#499,.T.);
#329=FACE_OUTER_BOUND('',#502,.T.);
#330=FACE_OUTER_BOUND('',#504,.T.);
#331=EDGE_LOOP('',(#1545,#1546,#1547,#1548));
#332=EDGE_LOOP('',(#1549,#1550,#1551,#1552));
#333=EDGE_LOOP('',(#1553,#1554,#1555,#1556));
#334=EDGE_LOOP('',(#1557,#1558,#1559,#1560));
#335=EDGE_LOOP('',(#1561,#1562,#1563,#1564));
#336=EDGE_LOOP('',(#1565,#1566,#1567,#1568));
#337=EDGE_LOOP('',(#1569,#1570,#1571,#1572));
#338=EDGE_LOOP('',(#1573,#1574,#1575,#1576));
#339=EDGE_LOOP('',(#1577,#1578,#1579,#1580));
#340=EDGE_LOOP('',(#1581,#1582,#1583,#1584,#1585,#1586,#1587,#1588,#1589,
#1590,#1591,#1592));
#341=EDGE_LOOP('',(#1593));
#342=EDGE_LOOP('',(#1594,#1595,#1596,#1597));
#343=EDGE_LOOP('',(#1598,#1599,#1600,#1601));
#344=EDGE_LOOP('',(#1602,#1603,#1604,#1605));
#345=EDGE_LOOP('',(#1606,#1607,#1608,#1609));
#346=EDGE_LOOP('',(#1610,#1611,#1612,#1613));
#347=EDGE_LOOP('',(#1614,#1615,#1616,#1617));
#348=EDGE_LOOP('',(#1618,#1619,#1620,#1621));
#349=EDGE_LOOP('',(#1622,#1623,#1624,#1625));
#350=EDGE_LOOP('',(#1626,#1627,#1628,#1629));
#351=EDGE_LOOP('',(#1630,#1631,#1632,#1633));
#352=EDGE_LOOP('',(#1634,#1635,#1636,#1637,#1638,#1639,#1640,#1641,#1642,
#1643,#1644,#1645));
#353=EDGE_LOOP('',(#1646));
#354=EDGE_LOOP('',(#1647,#1648,#1649,#1650));
#355=EDGE_LOOP('',(#1651,#1652,#1653,#1654));
#356=EDGE_LOOP('',(#1655,#1656,#1657,#1658));
#357=EDGE_LOOP('',(#1659,#1660,#1661,#1662));
#358=EDGE_LOOP('',(#1663,#1664,#1665,#1666));
#359=EDGE_LOOP('',(#1667,#1668,#1669,#1670));
#360=EDGE_LOOP('',(#1671,#1672,#1673,#1674));
#361=EDGE_LOOP('',(#1675,#1676,#1677,#1678,#1679,#1680));
#362=EDGE_LOOP('',(#1681));
#363=EDGE_LOOP('',(#1682,#1683,#1684,#1685,#1686,#1687));
#364=EDGE_LOOP('',(#1688));
#365=EDGE_LOOP('',(#1689,#1690,#1691,#1692));
#366=EDGE_LOOP('',(#1693,#1694,#1695,#1696));
#367=EDGE_LOOP('',(#1697,#1698,#1699,#1700));
#368=EDGE_LOOP('',(#1701,#1702,#1703,#1704));
#369=EDGE_LOOP('',(#1705,#1706,#1707,#1708));
#370=EDGE_LOOP('',(#1709,#1710,#1711,#1712));
#371=EDGE_LOOP('',(#1713,#1714,#1715,#1716));
#372=EDGE_LOOP('',(#1717,#1718,#1719,#1720,#1721,#1722));
#373=EDGE_LOOP('',(#1723));
#374=EDGE_LOOP('',(#1724,#1725,#1726,#1727,#1728,#1729));
#375=EDGE_LOOP('',(#1730));
#376=EDGE_LOOP('',(#1731,#1732,#1733,#1734));
#377=EDGE_LOOP('',(#1735,#1736,#1737,#1738));
#378=EDGE_LOOP('',(#1739,#1740,#1741,#1742));
#379=EDGE_LOOP('',(#1743,#1744,#1745,#1746,#1747,#1748));
#380=EDGE_LOOP('',(#1749,#1750,#1751,#1752));
#381=EDGE_LOOP('',(#1753,#1754,#1755,#1756));
#382=EDGE_LOOP('',(#1757,#1758,#1759,#1760,#1761,#1762,#1763,#1764,#1765,
#1766));
#383=EDGE_LOOP('',(#1767));
#384=EDGE_LOOP('',(#1768,#1769,#1770,#1771,#1772));
#385=EDGE_LOOP('',(#1773,#1774,#1775,#1776));
#386=EDGE_LOOP('',(#1777,#1778,#1779,#1780));
#387=EDGE_LOOP('',(#1781,#1782,#1783,#1784));
#388=EDGE_LOOP('',(#1785,#1786,#1787,#1788));
#389=EDGE_LOOP('',(#1789,#1790,#1791,#1792,#1793));
#390=EDGE_LOOP('',(#1794,#1795,#1796,#1797));
#391=EDGE_LOOP('',(#1798,#1799,#1800,#1801,#1802,#1803,#1804,#1805,#1806,
#1807));
#392=EDGE_LOOP('',(#1808));
#393=EDGE_LOOP('',(#1809,#1810,#1811,#1812));
#394=EDGE_LOOP('',(#1813,#1814,#1815,#1816));
#395=EDGE_LOOP('',(#1817,#1818,#1819,#1820));
#396=EDGE_LOOP('',(#1821,#1822,#1823,#1824,#1825,#1826));
#397=EDGE_LOOP('',(#1827,#1828,#1829,#1830));
#398=EDGE_LOOP('',(#1831,#1832,#1833,#1834));
#399=EDGE_LOOP('',(#1835,#1836,#1837,#1838,#1839,#1840,#1841,#1842,#1843,
#1844));
#400=EDGE_LOOP('',(#1845));
#401=EDGE_LOOP('',(#1846,#1847,#1848,#1849,#1850));
#402=EDGE_LOOP('',(#1851,#1852,#1853,#1854,#1855));
#403=EDGE_LOOP('',(#1856,#1857,#1858,#1859));
#404=EDGE_LOOP('',(#1860,#1861,#1862,#1863));
#405=EDGE_LOOP('',(#1864,#1865,#1866,#1867));
#406=EDGE_LOOP('',(#1868,#1869,#1870,#1871));
#407=EDGE_LOOP('',(#1872,#1873,#1874,#1875));
#408=EDGE_LOOP('',(#1876,#1877,#1878,#1879,#1880,#1881,#1882,#1883,#1884,
#1885));
#409=EDGE_LOOP('',(#1886));
#410=EDGE_LOOP('',(#1887,#1888,#1889,#1890));
#411=EDGE_LOOP('',(#1891,#1892,#1893,#1894));
#412=EDGE_LOOP('',(#1895));
#413=EDGE_LOOP('',(#1896));
#414=EDGE_LOOP('',(#1897));
#415=EDGE_LOOP('',(#1898));
#416=EDGE_LOOP('',(#1899,#1900,#1901,#1902));
#417=EDGE_LOOP('',(#1903));
#418=EDGE_LOOP('',(#1904,#1905,#1906,#1907));
#419=EDGE_LOOP('',(#1908));
#420=EDGE_LOOP('',(#1909,#1910,#1911,#1912));
#421=EDGE_LOOP('',(#1913,#1914,#1915,#1916));
#422=EDGE_LOOP('',(#1917,#1918,#1919,#1920));
#423=EDGE_LOOP('',(#1921,#1922,#1923,#1924));
#424=EDGE_LOOP('',(#1925));
#425=EDGE_LOOP('',(#1926));
#426=EDGE_LOOP('',(#1927,#1928,#1929,#1930));
#427=EDGE_LOOP('',(#1931,#1932,#1933,#1934));
#428=EDGE_LOOP('',(#1935,#1936,#1937,#1938));
#429=EDGE_LOOP('',(#1939));
#430=EDGE_LOOP('',(#1940,#1941,#1942,#1943));
#431=EDGE_LOOP('',(#1944));
#432=EDGE_LOOP('',(#1945,#1946,#1947,#1948));
#433=EDGE_LOOP('',(#1949,#1950,#1951,#1952));
#434=EDGE_LOOP('',(#1953,#1954,#1955,#1956));
#435=EDGE_LOOP('',(#1957,#1958,#1959,#1960));
#436=EDGE_LOOP('',(#1961));
#437=EDGE_LOOP('',(#1962));
#438=EDGE_LOOP('',(#1963,#1964,#1965,#1966));
#439=EDGE_LOOP('',(#1967,#1968,#1969,#1970));
#440=EDGE_LOOP('',(#1971,#1972,#1973,#1974));
#441=EDGE_LOOP('',(#1975,#1976,#1977,#1978));
#442=EDGE_LOOP('',(#1979,#1980,#1981,#1982));
#443=EDGE_LOOP('',(#1983,#1984,#1985,#1986));
#444=EDGE_LOOP('',(#1987,#1988,#1989,#1990));
#445=EDGE_LOOP('',(#1991,#1992,#1993,#1994));
#446=EDGE_LOOP('',(#1995,#1996,#1997,#1998));
#447=EDGE_LOOP('',(#1999,#2000,#2001,#2002));
#448=EDGE_LOOP('',(#2003,#2004,#2005,#2006,#2007,#2008,#2009,#2010,#2011,
#2012,#2013,#2014,#2015,#2016,#2017,#2018));
#449=EDGE_LOOP('',(#2019,#2020));
#450=EDGE_LOOP('',(#2021));
#451=EDGE_LOOP('',(#2022));
#452=EDGE_LOOP('',(#2023,#2024,#2025,#2026));
#453=EDGE_LOOP('',(#2027));
#454=EDGE_LOOP('',(#2028));
#455=EDGE_LOOP('',(#2029));
#456=EDGE_LOOP('',(#2030));
#457=EDGE_LOOP('',(#2031,#2032));
#458=EDGE_LOOP('',(#2033,#2034,#2035,#2036));
#459=EDGE_LOOP('',(#2037,#2038,#2039,#2040));
#460=EDGE_LOOP('',(#2041,#2042,#2043,#2044,#2045,#2046,#2047,#2048,#2049,
#2050,#2051,#2052,#2053,#2054,#2055,#2056));
#461=EDGE_LOOP('',(#2057,#2058));
#462=EDGE_LOOP('',(#2059));
#463=EDGE_LOOP('',(#2060));
#464=EDGE_LOOP('',(#2061,#2062,#2063,#2064));
#465=EDGE_LOOP('',(#2065));
#466=EDGE_LOOP('',(#2066));
#467=EDGE_LOOP('',(#2067));
#468=EDGE_LOOP('',(#2068));
#469=EDGE_LOOP('',(#2069,#2070));
#470=EDGE_LOOP('',(#2071,#2072,#2073,#2074));
#471=EDGE_LOOP('',(#2075,#2076,#2077,#2078));
#472=EDGE_LOOP('',(#2079,#2080,#2081,#2082));
#473=EDGE_LOOP('',(#2083,#2084,#2085,#2086));
#474=EDGE_LOOP('',(#2087,#2088,#2089,#2090));
#475=EDGE_LOOP('',(#2091,#2092,#2093,#2094));
#476=EDGE_LOOP('',(#2095,#2096,#2097,#2098));
#477=EDGE_LOOP('',(#2099,#2100,#2101,#2102));
#478=EDGE_LOOP('',(#2103,#2104,#2105,#2106));
#479=EDGE_LOOP('',(#2107,#2108,#2109,#2110));
#480=EDGE_LOOP('',(#2111,#2112,#2113,#2114));
#481=EDGE_LOOP('',(#2115,#2116,#2117,#2118));
#482=EDGE_LOOP('',(#2119,#2120,#2121,#2122));
#483=EDGE_LOOP('',(#2123,#2124,#2125,#2126));
#484=EDGE_LOOP('',(#2127,#2128,#2129,#2130));
#485=EDGE_LOOP('',(#2131,#2132,#2133,#2134));
#486=EDGE_LOOP('',(#2135,#2136,#2137,#2138));
#487=EDGE_LOOP('',(#2139,#2140,#2141,#2142));
#488=EDGE_LOOP('',(#2143,#2144,#2145,#2146));
#489=EDGE_LOOP('',(#2147,#2148,#2149,#2150));
#490=EDGE_LOOP('',(#2151,#2152));
#491=EDGE_LOOP('',(#2153,#2154,#2155,#2156,#2157,#2158,#2159,#2160,#2161));
#492=EDGE_LOOP('',(#2162,#2163));
#493=EDGE_LOOP('',(#2164,#2165));
#494=EDGE_LOOP('',(#2166,#2167,#2168,#2169,#2170,#2171,#2172,#2173,#2174));
#495=EDGE_LOOP('',(#2175,#2176));
#496=EDGE_LOOP('',(#2177,#2178,#2179,#2180));
#497=EDGE_LOOP('',(#2181,#2182,#2183,#2184,#2185));
#498=EDGE_LOOP('',(#2186,#2187,#2188,#2189,#2190));
#499=EDGE_LOOP('',(#2191,#2192,#2193,#2194));
#500=EDGE_LOOP('',(#2195,#2196));
#501=EDGE_LOOP('',(#2197,#2198));
#502=EDGE_LOOP('',(#2199));
#503=EDGE_LOOP('',(#2200));
#504=EDGE_LOOP('',(#2201));
#505=EDGE_LOOP('',(#2202));
#506=LINE('',#3338,#751);
#507=LINE('',#3340,#752);
#508=LINE('',#3342,#753);
#509=LINE('',#3343,#754);
#510=LINE('',#3347,#755);
#511=LINE('',#3349,#756);
#512=LINE('',#3351,#757);
#513=LINE('',#3352,#758);
#514=LINE('',#3354,#759);
#515=LINE('',#3355,#760);
#516=LINE('',#3357,#761);
#517=LINE('',#3359,#762);
#518=LINE('',#3364,#763);
#519=LINE('',#3366,#764);
#520=LINE('',#3368,#765);
#521=LINE('',#3369,#766);
#522=LINE('',#3372,#767);
#523=LINE('',#3374,#768);
#524=LINE('',#3375,#769);
#525=LINE('',#3378,#770);
#526=LINE('',#3380,#771);
#527=LINE('',#3381,#772);
#528=LINE('',#3384,#773);
#529=LINE('',#3386,#774);
#530=LINE('',#3388,#775);
#531=LINE('',#3390,#776);
#532=LINE('',#3392,#777);
#533=LINE('',#3394,#778);
#534=LINE('',#3396,#779);
#535=LINE('',#3398,#780);
#536=LINE('',#3399,#781);
#537=LINE('',#3404,#782);
#538=LINE('',#3405,#783);
#539=LINE('',#3409,#784);
#540=LINE('',#3410,#785);
#541=LINE('',#3411,#786);
#542=LINE('',#3414,#787);
#543=LINE('',#3415,#788);
#544=LINE('',#3418,#789);
#545=LINE('',#3419,#790);
#546=LINE('',#3422,#791);
#547=LINE('',#3423,#792);
#548=LINE('',#3426,#793);
#549=LINE('',#3427,#794);
#550=LINE('',#3430,#795);
#551=LINE('',#3434,#796);
#552=LINE('',#3435,#797);
#553=LINE('',#3437,#798);
#554=LINE('',#3439,#799);
#555=LINE('',#3445,#800);
#556=LINE('',#3450,#801);
#557=LINE('',#3452,#802);
#558=LINE('',#3454,#803);
#559=LINE('',#3455,#804);
#560=LINE('',#3461,#805);
#561=LINE('',#3464,#806);
#562=LINE('',#3466,#807);
#563=LINE('',#3467,#808);
#564=LINE('',#3470,#809);
#565=LINE('',#3472,#810);
#566=LINE('',#3473,#811);
#567=LINE('',#3476,#812);
#568=LINE('',#3478,#813);
#569=LINE('',#3479,#814);
#570=LINE('',#3481,#815);
#571=LINE('',#3482,#816);
#572=LINE('',#3489,#817);
#573=LINE('',#3494,#818);
#574=LINE('',#3496,#819);
#575=LINE('',#3498,#820);
#576=LINE('',#3499,#821);
#577=LINE('',#3505,#822);
#578=LINE('',#3508,#823);
#579=LINE('',#3510,#824);
#580=LINE('',#3511,#825);
#581=LINE('',#3514,#826);
#582=LINE('',#3516,#827);
#583=LINE('',#3517,#828);
#584=LINE('',#3520,#829);
#585=LINE('',#3522,#830);
#586=LINE('',#3523,#831);
#587=LINE('',#3525,#832);
#588=LINE('',#3526,#833);
#589=LINE('',#3533,#834);
#590=LINE('',#3538,#835);
#591=LINE('',#3540,#836);
#592=LINE('',#3542,#837);
#593=LINE('',#3543,#838);
#594=LINE('',#3549,#839);
#595=LINE('',#3552,#840);
#596=LINE('',#3554,#841);
#597=LINE('',#3557,#842);
#598=LINE('',#3560,#843);
#599=LINE('',#3562,#844);
#600=LINE('',#3563,#845);
#601=LINE('',#3567,#846);
#602=LINE('',#3570,#847);
#603=LINE('',#3572,#848);
#604=LINE('',#3574,#849);
#605=LINE('',#3576,#850);
#606=LINE('',#3578,#851);
#607=LINE('',#3581,#852);
#608=LINE('',#3584,#853);
#609=LINE('',#3585,#854);
#610=LINE('',#3589,#855);
#611=LINE('',#3590,#856);
#612=LINE('',#3591,#857);
#613=LINE('',#3594,#858);
#614=LINE('',#3595,#859);
#615=LINE('',#3598,#860);
#616=LINE('',#3599,#861);
#617=LINE('',#3601,#862);
#618=LINE('',#3604,#863);
#619=LINE('',#3605,#864);
#620=LINE('',#3613,#865);
#621=LINE('',#3618,#866);
#622=LINE('',#3620,#867);
#623=LINE('',#3622,#868);
#624=LINE('',#3623,#869);
#625=LINE('',#3627,#870);
#626=LINE('',#3629,#871);
#627=LINE('',#3631,#872);
#628=LINE('',#3632,#873);
#629=LINE('',#3636,#874);
#630=LINE('',#3638,#875);
#631=LINE('',#3643,#876);
#632=LINE('',#3646,#877);
#633=LINE('',#3650,#878);
#634=LINE('',#3654,#879);
#635=LINE('',#3656,#880);
#636=LINE('',#3658,#881);
#637=LINE('',#3660,#882);
#638=LINE('',#3661,#883);
#639=LINE('',#3664,#884);
#640=LINE('',#3665,#885);
#641=LINE('',#3668,#886);
#642=LINE('',#3669,#887);
#643=LINE('',#3672,#888);
#644=LINE('',#3674,#889);
#645=LINE('',#3675,#890);
#646=LINE('',#3678,#891);
#647=LINE('',#3679,#892);
#648=LINE('',#3682,#893);
#649=LINE('',#3683,#894);
#650=LINE('',#3685,#895);
#651=LINE('',#3693,#896);
#652=LINE('',#3699,#897);
#653=LINE('',#3707,#898);
#654=LINE('',#3714,#899);
#655=LINE('',#3720,#900);
#656=LINE('',#3722,#901);
#657=LINE('',#3724,#902);
#658=LINE('',#3725,#903);
#659=LINE('',#3729,#904);
#660=LINE('',#3731,#905);
#661=LINE('',#3733,#906);
#662=LINE('',#3734,#907);
#663=LINE('',#3736,#908);
#664=LINE('',#3737,#909);
#665=LINE('',#3739,#910);
#666=LINE('',#3741,#911);
#667=LINE('',#3747,#912);
#668=LINE('',#3754,#913);
#669=LINE('',#3760,#914);
#670=LINE('',#3762,#915);
#671=LINE('',#3764,#916);
#672=LINE('',#3765,#917);
#673=LINE('',#3769,#918);
#674=LINE('',#3771,#919);
#675=LINE('',#3773,#920);
#676=LINE('',#3774,#921);
#677=LINE('',#3776,#922);
#678=LINE('',#3777,#923);
#679=LINE('',#3779,#924);
#680=LINE('',#3781,#925);
#681=LINE('',#3786,#926);
#682=LINE('',#3790,#927);
#683=LINE('',#3798,#928);
#684=LINE('',#3802,#929);
#685=LINE('',#3811,#930);
#686=LINE('',#3817,#931);
#687=LINE('',#3822,#932);
#688=LINE('',#3824,#933);
#689=LINE('',#3826,#934);
#690=LINE('',#3827,#935);
#691=LINE('',#3830,#936);
#692=LINE('',#3832,#937);
#693=LINE('',#3833,#938);
#694=LINE('',#3837,#939);
#695=LINE('',#3839,#940);
#696=LINE('',#3843,#941);
#697=LINE('',#3847,#942);
#698=LINE('',#3849,#943);
#699=LINE('',#3851,#944);
#700=LINE('',#3853,#945);
#701=LINE('',#3855,#946);
#702=LINE('',#3859,#947);
#703=LINE('',#3863,#948);
#704=LINE('',#3865,#949);
#705=LINE('',#3866,#950);
#706=LINE('',#3868,#951);
#707=LINE('',#3869,#952);
#708=LINE('',#3880,#953);
#709=LINE('',#3881,#954);
#710=LINE('',#3883,#955);
#711=LINE('',#3887,#956);
#712=LINE('',#3889,#957);
#713=LINE('',#3891,#958);
#714=LINE('',#3893,#959);
#715=LINE('',#3897,#960);
#716=LINE('',#3901,#961);
#717=LINE('',#3903,#962);
#718=LINE('',#3905,#963);
#719=LINE('',#3907,#964);
#720=LINE('',#3909,#965);
#721=LINE('',#3913,#966);
#722=LINE('',#3916,#967);
#723=LINE('',#3926,#968);
#724=LINE('',#3928,#969);
#725=LINE('',#3930,#970);
#726=LINE('',#3932,#971);
#727=LINE('',#3934,#972);
#728=LINE('',#3935,#973);
#729=LINE('',#3937,#974);
#730=LINE('',#3939,#975);
#731=LINE('',#3941,#976);
#732=LINE('',#3943,#977);
#733=LINE('',#3944,#978);
#734=LINE('',#3946,#979);
#735=LINE('',#3948,#980);
#736=LINE('',#3950,#981);
#737=LINE('',#3952,#982);
#738=LINE('',#3954,#983);
#739=LINE('',#3955,#984);
#740=LINE('',#3957,#985);
#741=LINE('',#3958,#986);
#742=LINE('',#3960,#987);
#743=LINE('',#3968,#988);
#744=LINE('',#4010,#989);
#745=LINE('',#4037,#990);
#746=LINE('',#4041,#991);
#747=LINE('',#4083,#992);
#748=LINE('',#4110,#993);
#749=LINE('',#4115,#994);
#750=LINE('',#4121,#995);
#751=VECTOR('',#2673,1.);
#752=VECTOR('',#2674,1.);
#753=VECTOR('',#2675,1.);
#754=VECTOR('',#2676,1.);
#755=VECTOR('',#2679,1.);
#756=VECTOR('',#2680,1.);
#757=VECTOR('',#2681,1.);
#758=VECTOR('',#2682,1.);
#759=VECTOR('',#2685,1.);
#760=VECTOR('',#2686,1.);
#761=VECTOR('',#2689,1.);
#762=VECTOR('',#2692,1.);
#763=VECTOR('',#2697,1.);
#764=VECTOR('',#2698,1.);
#765=VECTOR('',#2699,1.);
#766=VECTOR('',#2700,1.);
#767=VECTOR('',#2703,1.);
#768=VECTOR('',#2704,1.);
#769=VECTOR('',#2705,1.);
#770=VECTOR('',#2708,1.);
#771=VECTOR('',#2709,1.);
#772=VECTOR('',#2710,1.);
#773=VECTOR('',#2713,1.);
#774=VECTOR('',#2714,1.);
#775=VECTOR('',#2715,1.);
#776=VECTOR('',#2716,1.);
#777=VECTOR('',#2717,1.);
#778=VECTOR('',#2718,1.);
#779=VECTOR('',#2719,1.);
#780=VECTOR('',#2720,1.);
#781=VECTOR('',#2721,1.);
#782=VECTOR('',#2726,1.);
#783=VECTOR('',#2727,1.);
#784=VECTOR('',#2730,1.);
#785=VECTOR('',#2731,1.);
#786=VECTOR('',#2732,1.);
#787=VECTOR('',#2735,1.);
#788=VECTOR('',#2736,1.);
#789=VECTOR('',#2739,1.);
#790=VECTOR('',#2740,1.);
#791=VECTOR('',#2743,1.);
#792=VECTOR('',#2744,1.);
#793=VECTOR('',#2747,1.);
#794=VECTOR('',#2748,1.);
#795=VECTOR('',#2751,1.945);
#796=VECTOR('',#2756,1.);
#797=VECTOR('',#2757,1.);
#798=VECTOR('',#2760,1.);
#799=VECTOR('',#2763,1.);
#800=VECTOR('',#2770,0.65);
#801=VECTOR('',#2775,1.);
#802=VECTOR('',#2776,1.);
#803=VECTOR('',#2777,1.);
#804=VECTOR('',#2778,1.);
#805=VECTOR('',#2785,1.);
#806=VECTOR('',#2788,1.);
#807=VECTOR('',#2789,1.);
#808=VECTOR('',#2790,1.);
#809=VECTOR('',#2793,1.);
#810=VECTOR('',#2794,1.);
#811=VECTOR('',#2795,1.);
#812=VECTOR('',#2798,1.);
#813=VECTOR('',#2799,1.);
#814=VECTOR('',#2800,1.);
#815=VECTOR('',#2803,1.);
#816=VECTOR('',#2804,1.);
#817=VECTOR('',#2813,0.65);
#818=VECTOR('',#2818,1.);
#819=VECTOR('',#2819,1.);
#820=VECTOR('',#2820,1.);
#821=VECTOR('',#2821,1.);
#822=VECTOR('',#2828,1.);
#823=VECTOR('',#2831,1.);
#824=VECTOR('',#2832,1.);
#825=VECTOR('',#2833,1.);
#826=VECTOR('',#2836,1.);
#827=VECTOR('',#2837,1.);
#828=VECTOR('',#2838,1.);
#829=VECTOR('',#2841,1.);
#830=VECTOR('',#2842,1.);
#831=VECTOR('',#2843,1.);
#832=VECTOR('',#2846,1.);
#833=VECTOR('',#2847,1.);
#834=VECTOR('',#2856,0.3325);
#835=VECTOR('',#2861,1.);
#836=VECTOR('',#2862,1.);
#837=VECTOR('',#2863,1.);
#838=VECTOR('',#2864,1.);
#839=VECTOR('',#2871,1.);
#840=VECTOR('',#2874,1.);
#841=VECTOR('',#2875,1.);
#842=VECTOR('',#2878,1.);
#843=VECTOR('',#2881,1.);
#844=VECTOR('',#2882,1.);
#845=VECTOR('',#2883,1.);
#846=VECTOR('',#2888,1.);
#847=VECTOR('',#2891,1.);
#848=VECTOR('',#2892,1.);
#849=VECTOR('',#2893,1.);
#850=VECTOR('',#2894,1.);
#851=VECTOR('',#2895,1.);
#852=VECTOR('',#2898,1.);
#853=VECTOR('',#2901,1.);
#854=VECTOR('',#2902,1.);
#855=VECTOR('',#2905,1.);
#856=VECTOR('',#2906,1.);
#857=VECTOR('',#2907,1.);
#858=VECTOR('',#2910,1.);
#859=VECTOR('',#2911,1.);
#860=VECTOR('',#2914,1.);
#861=VECTOR('',#2915,1.);
#862=VECTOR('',#2918,1.);
#863=VECTOR('',#2921,1.);
#864=VECTOR('',#2922,1.);
#865=VECTOR('',#2933,0.3325);
#866=VECTOR('',#2938,1.);
#867=VECTOR('',#2939,1.);
#868=VECTOR('',#2940,1.);
#869=VECTOR('',#2941,1.);
#870=VECTOR('',#2944,1.);
#871=VECTOR('',#2945,1.);
#872=VECTOR('',#2946,1.);
#873=VECTOR('',#2947,1.);
#874=VECTOR('',#2950,1.);
#875=VECTOR('',#2953,1.);
#876=VECTOR('',#2960,1.);
#877=VECTOR('',#2963,1.);
#878=VECTOR('',#2968,1.);
#879=VECTOR('',#2971,1.);
#880=VECTOR('',#2972,1.);
#881=VECTOR('',#2973,1.);
#882=VECTOR('',#2974,1.);
#883=VECTOR('',#2975,1.);
#884=VECTOR('',#2978,1.);
#885=VECTOR('',#2979,1.);
#886=VECTOR('',#2982,1.);
#887=VECTOR('',#2983,1.);
#888=VECTOR('',#2986,1.);
#889=VECTOR('',#2987,1.);
#890=VECTOR('',#2988,1.);
#891=VECTOR('',#2991,1.);
#892=VECTOR('',#2992,1.);
#893=VECTOR('',#2995,1.);
#894=VECTOR('',#2996,1.);
#895=VECTOR('',#2999,1.);
#896=VECTOR('',#3010,1.312);
#897=VECTOR('',#3017,1.477);
#898=VECTOR('',#3028,0.21);
#899=VECTOR('',#3037,0.21);
#900=VECTOR('',#3044,1.);
#901=VECTOR('',#3045,1.);
#902=VECTOR('',#3046,1.);
#903=VECTOR('',#3047,1.);
#904=VECTOR('',#3050,1.);
#905=VECTOR('',#3051,1.);
#906=VECTOR('',#3052,1.);
#907=VECTOR('',#3053,1.);
#908=VECTOR('',#3056,1.);
#909=VECTOR('',#3057,1.);
#910=VECTOR('',#3060,1.);
#911=VECTOR('',#3063,1.);
#912=VECTOR('',#3070,0.21);
#913=VECTOR('',#3079,0.21);
#914=VECTOR('',#3086,1.);
#915=VECTOR('',#3087,1.);
#916=VECTOR('',#3088,1.);
#917=VECTOR('',#3089,1.);
#918=VECTOR('',#3092,1.);
#919=VECTOR('',#3093,1.);
#920=VECTOR('',#3094,1.);
#921=VECTOR('',#3095,1.);
#922=VECTOR('',#3098,1.);
#923=VECTOR('',#3099,1.);
#924=VECTOR('',#3102,1.);
#925=VECTOR('',#3105,1.);
#926=VECTOR('',#3110,1.);
#927=VECTOR('',#3113,1.);
#928=VECTOR('',#3124,1.);
#929=VECTOR('',#3127,1.);
#930=VECTOR('',#3140,0.275);
#931=VECTOR('',#3147,0.275);
#932=VECTOR('',#3152,1.);
#933=VECTOR('',#3153,1.);
#934=VECTOR('',#3154,1.);
#935=VECTOR('',#3155,1.);
#936=VECTOR('',#3158,1.);
#937=VECTOR('',#3159,1.);
#938=VECTOR('',#3160,1.);
#939=VECTOR('',#3163,1.);
#940=VECTOR('',#3164,1.);
#941=VECTOR('',#3167,1.);
#942=VECTOR('',#3170,1.);
#943=VECTOR('',#3171,1.);
#944=VECTOR('',#3172,1.);
#945=VECTOR('',#3173,1.);
#946=VECTOR('',#3174,1.);
#947=VECTOR('',#3177,1.);
#948=VECTOR('',#3180,1.);
#949=VECTOR('',#3181,1.);
#950=VECTOR('',#3182,1.);
#951=VECTOR('',#3183,1.);
#952=VECTOR('',#3184,1.);
#953=VECTOR('',#3195,1.);
#954=VECTOR('',#3196,1.);
#955=VECTOR('',#3199,1.);
#956=VECTOR('',#3202,1.);
#957=VECTOR('',#3203,1.);
#958=VECTOR('',#3204,1.);
#959=VECTOR('',#3205,1.);
#960=VECTOR('',#3208,1.);
#961=VECTOR('',#3211,1.);
#962=VECTOR('',#3212,1.);
#963=VECTOR('',#3213,1.);
#964=VECTOR('',#3214,1.);
#965=VECTOR('',#3215,1.);
#966=VECTOR('',#3218,1.);
#967=VECTOR('',#3221,1.);
#968=VECTOR('',#3232,0.225);
#969=VECTOR('',#3235,0.225);
#970=VECTOR('',#3238,0.225);
#971=VECTOR('',#3241,0.225);
#972=VECTOR('',#3244,1.);
#973=VECTOR('',#3245,1.);
#974=VECTOR('',#3248,1.);
#975=VECTOR('',#3251,1.);
#976=VECTOR('',#3254,1.);
#977=VECTOR('',#3257,1.);
#978=VECTOR('',#3258,1.);
#979=VECTOR('',#3261,1.);
#980=VECTOR('',#3264,1.);
#981=VECTOR('',#3267,1.);
#982=VECTOR('',#3270,1.);
#983=VECTOR('',#3273,1.);
#984=VECTOR('',#3274,1.);
#985=VECTOR('',#3277,1.);
#986=VECTOR('',#3278,1.);
#987=VECTOR('',#3281,1.);
#988=VECTOR('',#3292,1.);
#989=VECTOR('',#3297,0.21);
#990=VECTOR('',#3302,1.);
#991=VECTOR('',#3305,1.);
#992=VECTOR('',#3310,0.21);
#993=VECTOR('',#3315,1.);
#994=VECTOR('',#3320,1.50875);
#995=VECTOR('',#3327,1.905);
#996=VERTEX_POINT('',#3336);
#997=VERTEX_POINT('',#3337);
#998=VERTEX_POINT('',#3339);
#999=VERTEX_POINT('',#3341);
#1000=VERTEX_POINT('',#3345);
#1001=VERTEX_POINT('',#3346);
#1002=VERTEX_POINT('',#3348);
#1003=VERTEX_POINT('',#3350);
#1004=VERTEX_POINT('',#3362);
#1005=VERTEX_POINT('',#3363);
#1006=VERTEX_POINT('',#3365);
#1007=VERTEX_POINT('',#3367);
#1008=VERTEX_POINT('',#3371);
#1009=VERTEX_POINT('',#3373);
#1010=VERTEX_POINT('',#3377);
#1011=VERTEX_POINT('',#3379);
#1012=VERTEX_POINT('',#3383);
#1013=VERTEX_POINT('',#3385);
#1014=VERTEX_POINT('',#3387);
#1015=VERTEX_POINT('',#3389);
#1016=VERTEX_POINT('',#3391);
#1017=VERTEX_POINT('',#3393);
#1018=VERTEX_POINT('',#3395);
#1019=VERTEX_POINT('',#3397);
#1020=VERTEX_POINT('',#3400);
#1021=VERTEX_POINT('',#3403);
#1022=VERTEX_POINT('',#3407);
#1023=VERTEX_POINT('',#3408);
#1024=VERTEX_POINT('',#3413);
#1025=VERTEX_POINT('',#3417);
#1026=VERTEX_POINT('',#3421);
#1027=VERTEX_POINT('',#3425);
#1028=VERTEX_POINT('',#3429);
#1029=VERTEX_POINT('',#3433);
#1030=VERTEX_POINT('',#3442);
#1031=VERTEX_POINT('',#3444);
#1032=VERTEX_POINT('',#3448);
#1033=VERTEX_POINT('',#3449);
#1034=VERTEX_POINT('',#3451);
#1035=VERTEX_POINT('',#3453);
#1036=VERTEX_POINT('',#3457);
#1037=VERTEX_POINT('',#3459);
#1038=VERTEX_POINT('',#3463);
#1039=VERTEX_POINT('',#3465);
#1040=VERTEX_POINT('',#3469);
#1041=VERTEX_POINT('',#3471);
#1042=VERTEX_POINT('',#3475);
#1043=VERTEX_POINT('',#3477);
#1044=VERTEX_POINT('',#3486);
#1045=VERTEX_POINT('',#3488);
#1046=VERTEX_POINT('',#3492);
#1047=VERTEX_POINT('',#3493);
#1048=VERTEX_POINT('',#3495);
#1049=VERTEX_POINT('',#3497);
#1050=VERTEX_POINT('',#3501);
#1051=VERTEX_POINT('',#3503);
#1052=VERTEX_POINT('',#3507);
#1053=VERTEX_POINT('',#3509);
#1054=VERTEX_POINT('',#3513);
#1055=VERTEX_POINT('',#3515);
#1056=VERTEX_POINT('',#3519);
#1057=VERTEX_POINT('',#3521);
#1058=VERTEX_POINT('',#3530);
#1059=VERTEX_POINT('',#3532);
#1060=VERTEX_POINT('',#3536);
#1061=VERTEX_POINT('',#3537);
#1062=VERTEX_POINT('',#3539);
#1063=VERTEX_POINT('',#3541);
#1064=VERTEX_POINT('',#3545);
#1065=VERTEX_POINT('',#3547);
#1066=VERTEX_POINT('',#3551);
#1067=VERTEX_POINT('',#3553);
#1068=VERTEX_POINT('',#3555);
#1069=VERTEX_POINT('',#3559);
#1070=VERTEX_POINT('',#3561);
#1071=VERTEX_POINT('',#3565);
#1072=VERTEX_POINT('',#3569);
#1073=VERTEX_POINT('',#3571);
#1074=VERTEX_POINT('',#3573);
#1075=VERTEX_POINT('',#3575);
#1076=VERTEX_POINT('',#3577);
#1077=VERTEX_POINT('',#3579);
#1078=VERTEX_POINT('',#3583);
#1079=VERTEX_POINT('',#3587);
#1080=VERTEX_POINT('',#3588);
#1081=VERTEX_POINT('',#3593);
#1082=VERTEX_POINT('',#3597);
#1083=VERTEX_POINT('',#3603);
#1084=VERTEX_POINT('',#3610);
#1085=VERTEX_POINT('',#3612);
#1086=VERTEX_POINT('',#3616);
#1087=VERTEX_POINT('',#3617);
#1088=VERTEX_POINT('',#3619);
#1089=VERTEX_POINT('',#3621);
#1090=VERTEX_POINT('',#3625);
#1091=VERTEX_POINT('',#3626);
#1092=VERTEX_POINT('',#3628);
#1093=VERTEX_POINT('',#3630);
#1094=VERTEX_POINT('',#3634);
#1095=VERTEX_POINT('',#3635);
#1096=VERTEX_POINT('',#3641);
#1097=VERTEX_POINT('',#3645);
#1098=VERTEX_POINT('',#3649);
#1099=VERTEX_POINT('',#3651);
#1100=VERTEX_POINT('',#3653);
#1101=VERTEX_POINT('',#3655);
#1102=VERTEX_POINT('',#3657);
#1103=VERTEX_POINT('',#3659);
#1104=VERTEX_POINT('',#3663);
#1105=VERTEX_POINT('',#3667);
#1106=VERTEX_POINT('',#3671);
#1107=VERTEX_POINT('',#3673);
#1108=VERTEX_POINT('',#3677);
#1109=VERTEX_POINT('',#3681);
#1110=VERTEX_POINT('',#3690);
#1111=VERTEX_POINT('',#3692);
#1112=VERTEX_POINT('',#3696);
#1113=VERTEX_POINT('',#3698);
#1114=VERTEX_POINT('',#3704);
#1115=VERTEX_POINT('',#3706);
#1116=VERTEX_POINT('',#3711);
#1117=VERTEX_POINT('',#3713);
#1118=VERTEX_POINT('',#3718);
#1119=VERTEX_POINT('',#3719);
#1120=VERTEX_POINT('',#3721);
#1121=VERTEX_POINT('',#3723);
#1122=VERTEX_POINT('',#3727);
#1123=VERTEX_POINT('',#3728);
#1124=VERTEX_POINT('',#3730);
#1125=VERTEX_POINT('',#3732);
#1126=VERTEX_POINT('',#3744);
#1127=VERTEX_POINT('',#3746);
#1128=VERTEX_POINT('',#3751);
#1129=VERTEX_POINT('',#3753);
#1130=VERTEX_POINT('',#3758);
#1131=VERTEX_POINT('',#3759);
#1132=VERTEX_POINT('',#3761);
#1133=VERTEX_POINT('',#3763);
#1134=VERTEX_POINT('',#3767);
#1135=VERTEX_POINT('',#3768);
#1136=VERTEX_POINT('',#3770);
#1137=VERTEX_POINT('',#3772);
#1138=VERTEX_POINT('',#3784);
#1139=VERTEX_POINT('',#3785);
#1140=VERTEX_POINT('',#3787);
#1141=VERTEX_POINT('',#3789);
#1142=VERTEX_POINT('',#3796);
#1143=VERTEX_POINT('',#3797);
#1144=VERTEX_POINT('',#3799);
#1145=VERTEX_POINT('',#3801);
#1146=VERTEX_POINT('',#3808);
#1147=VERTEX_POINT('',#3810);
#1148=VERTEX_POINT('',#3814);
#1149=VERTEX_POINT('',#3816);
#1150=VERTEX_POINT('',#3820);
#1151=VERTEX_POINT('',#3821);
#1152=VERTEX_POINT('',#3823);
#1153=VERTEX_POINT('',#3825);
#1154=VERTEX_POINT('',#3829);
#1155=VERTEX_POINT('',#3831);
#1156=VERTEX_POINT('',#3835);
#1157=VERTEX_POINT('',#3836);
#1158=VERTEX_POINT('',#3838);
#1159=VERTEX_POINT('',#3840);
#1160=VERTEX_POINT('',#3842);
#1161=VERTEX_POINT('',#3844);
#1162=VERTEX_POINT('',#3846);
#1163=VERTEX_POINT('',#3848);
#1164=VERTEX_POINT('',#3850);
#1165=VERTEX_POINT('',#3852);
#1166=VERTEX_POINT('',#3854);
#1167=VERTEX_POINT('',#3856);
#1168=VERTEX_POINT('',#3858);
#1169=VERTEX_POINT('',#3860);
#1170=VERTEX_POINT('',#3862);
#1171=VERTEX_POINT('',#3864);
#1172=VERTEX_POINT('',#3867);
#1173=VERTEX_POINT('',#3870);
#1174=VERTEX_POINT('',#3872);
#1175=VERTEX_POINT('',#3874);
#1176=VERTEX_POINT('',#3876);
#1177=VERTEX_POINT('',#3879);
#1178=VERTEX_POINT('',#3885);
#1179=VERTEX_POINT('',#3886);
#1180=VERTEX_POINT('',#3888);
#1181=VERTEX_POINT('',#3890);
#1182=VERTEX_POINT('',#3892);
#1183=VERTEX_POINT('',#3894);
#1184=VERTEX_POINT('',#3896);
#1185=VERTEX_POINT('',#3898);
#1186=VERTEX_POINT('',#3900);
#1187=VERTEX_POINT('',#3902);
#1188=VERTEX_POINT('',#3904);
#1189=VERTEX_POINT('',#3906);
#1190=VERTEX_POINT('',#3908);
#1191=VERTEX_POINT('',#3910);
#1192=VERTEX_POINT('',#3912);
#1193=VERTEX_POINT('',#3914);
#1194=VERTEX_POINT('',#3917);
#1195=VERTEX_POINT('',#3919);
#1196=VERTEX_POINT('',#3921);
#1197=VERTEX_POINT('',#3923);
#1198=VERTEX_POINT('',#3966);
#1199=VERTEX_POINT('',#3967);
#1200=VERTEX_POINT('',#3971);
#1201=VERTEX_POINT('',#3972);
#1202=VERTEX_POINT('',#4009);
#1203=VERTEX_POINT('',#4017);
#1204=VERTEX_POINT('',#4028);
#1205=VERTEX_POINT('',#4039);
#1206=VERTEX_POINT('',#4040);
#1207=VERTEX_POINT('',#4044);
#1208=VERTEX_POINT('',#4045);
#1209=VERTEX_POINT('',#4082);
#1210=VERTEX_POINT('',#4090);
#1211=VERTEX_POINT('',#4101);
#1212=VERTEX_POINT('',#4112);
#1213=VERTEX_POINT('',#4114);
#1214=VERTEX_POINT('',#4118);
#1215=VERTEX_POINT('',#4120);
#1216=EDGE_CURVE('',#996,#997,#506,.T.);
#1217=EDGE_CURVE('',#997,#998,#507,.T.);
#1218=EDGE_CURVE('',#998,#999,#508,.T.);
#1219=EDGE_CURVE('',#999,#996,#509,.T.);
#1220=EDGE_CURVE('',#1000,#1001,#510,.T.);
#1221=EDGE_CURVE('',#1001,#1002,#511,.T.);
#1222=EDGE_CURVE('',#1002,#1003,#512,.T.);
#1223=EDGE_CURVE('',#1003,#1000,#513,.T.);
#1224=EDGE_CURVE('',#999,#1002,#514,.T.);
#1225=EDGE_CURVE('',#996,#1001,#515,.T.);
#1226=EDGE_CURVE('',#998,#1003,#516,.T.);
#1227=EDGE_CURVE('',#997,#1000,#517,.T.);
#1228=EDGE_CURVE('',#1004,#1005,#518,.T.);
#1229=EDGE_CURVE('',#1004,#1006,#519,.T.);
#1230=EDGE_CURVE('',#1007,#1006,#520,.T.);
#1231=EDGE_CURVE('',#1005,#1007,#521,.T.);
#1232=EDGE_CURVE('',#1008,#1004,#522,.T.);
#1233=EDGE_CURVE('',#1009,#1008,#523,.T.);
#1234=EDGE_CURVE('',#1006,#1009,#524,.T.);
#1235=EDGE_CURVE('',#1010,#1008,#525,.T.);
#1236=EDGE_CURVE('',#1011,#1010,#526,.T.);
#1237=EDGE_CURVE('',#1009,#1011,#527,.T.);
#1238=EDGE_CURVE('',#1012,#1005,#528,.T.);
#1239=EDGE_CURVE('',#1013,#1012,#529,.T.);
#1240=EDGE_CURVE('',#1014,#1013,#530,.T.);
#1241=EDGE_CURVE('',#1014,#1015,#531,.T.);
#1242=EDGE_CURVE('',#1015,#1016,#532,.T.);
#1243=EDGE_CURVE('',#1016,#1017,#533,.T.);
#1244=EDGE_CURVE('',#1018,#1017,#534,.T.);
#1245=EDGE_CURVE('',#1018,#1019,#535,.T.);
#1246=EDGE_CURVE('',#1010,#1019,#536,.T.);
#1247=EDGE_CURVE('',#1020,#1020,#104,.T.);
#1248=EDGE_CURVE('',#1007,#1021,#537,.T.);
#1249=EDGE_CURVE('',#1021,#1012,#538,.T.);
#1250=EDGE_CURVE('',#1022,#1023,#539,.T.);
#1251=EDGE_CURVE('',#1022,#1015,#540,.T.);
#1252=EDGE_CURVE('',#1023,#1014,#541,.T.);
#1253=EDGE_CURVE('',#1024,#1022,#542,.T.);
#1254=EDGE_CURVE('',#1016,#1024,#543,.T.);
#1255=EDGE_CURVE('',#1025,#1024,#544,.T.);
#1256=EDGE_CURVE('',#1017,#1025,#545,.T.);
#1257=EDGE_CURVE('',#1025,#1026,#546,.T.);
#1258=EDGE_CURVE('',#1026,#1018,#547,.T.);
#1259=EDGE_CURVE('',#1013,#1027,#548,.T.);
#1260=EDGE_CURVE('',#1027,#1023,#549,.T.);
#1261=EDGE_CURVE('',#1020,#1028,#550,.T.);
#1262=EDGE_CURVE('',#1028,#1028,#105,.T.);
#1263=EDGE_CURVE('',#1019,#1029,#551,.T.);
#1264=EDGE_CURVE('',#1029,#1011,#552,.T.);
#1265=EDGE_CURVE('',#1027,#1021,#553,.T.);
#1266=EDGE_CURVE('',#1026,#1029,#554,.T.);
#1267=EDGE_CURVE('',#1030,#1030,#106,.T.);
#1268=EDGE_CURVE('',#1030,#1031,#555,.T.);
#1269=EDGE_CURVE('',#1031,#1031,#107,.T.);
#1270=EDGE_CURVE('',#1032,#1033,#556,.T.);
#1271=EDGE_CURVE('',#1033,#1034,#557,.T.);
#1272=EDGE_CURVE('',#1035,#1034,#558,.T.);
#1273=EDGE_CURVE('',#1032,#1035,#559,.T.);
#1274=EDGE_CURVE('',#1036,#1032,#108,.T.);
#1275=EDGE_CURVE('',#1037,#1035,#109,.T.);
#1276=EDGE_CURVE('',#1036,#1037,#560,.T.);
#1277=EDGE_CURVE('',#1038,#1036,#561,.T.);
#1278=EDGE_CURVE('',#1039,#1037,#562,.T.);
#1279=EDGE_CURVE('',#1038,#1039,#563,.T.);
#1280=EDGE_CURVE('',#1040,#1038,#564,.T.);
#1281=EDGE_CURVE('',#1041,#1039,#565,.T.);
#1282=EDGE_CURVE('',#1040,#1041,#566,.T.);
#1283=EDGE_CURVE('',#1042,#1040,#567,.T.);
#1284=EDGE_CURVE('',#1043,#1041,#568,.T.);
#1285=EDGE_CURVE('',#1042,#1043,#569,.T.);
#1286=EDGE_CURVE('',#1033,#1042,#570,.T.);
#1287=EDGE_CURVE('',#1034,#1043,#571,.T.);
#1288=EDGE_CURVE('',#1044,#1044,#110,.T.);
#1289=EDGE_CURVE('',#1044,#1045,#572,.T.);
#1290=EDGE_CURVE('',#1045,#1045,#111,.T.);
#1291=EDGE_CURVE('',#1046,#1047,#573,.T.);
#1292=EDGE_CURVE('',#1047,#1048,#574,.T.);
#1293=EDGE_CURVE('',#1049,#1048,#575,.T.);
#1294=EDGE_CURVE('',#1046,#1049,#576,.T.);
#1295=EDGE_CURVE('',#1050,#1046,#112,.T.);
#1296=EDGE_CURVE('',#1051,#1049,#113,.T.);
#1297=EDGE_CURVE('',#1050,#1051,#577,.T.);
#1298=EDGE_CURVE('',#1052,#1050,#578,.T.);
#1299=EDGE_CURVE('',#1053,#1051,#579,.T.);
#1300=EDGE_CURVE('',#1052,#1053,#580,.T.);
#1301=EDGE_CURVE('',#1054,#1052,#581,.T.);
#1302=EDGE_CURVE('',#1055,#1053,#582,.T.);
#1303=EDGE_CURVE('',#1054,#1055,#583,.T.);
#1304=EDGE_CURVE('',#1056,#1054,#584,.T.);
#1305=EDGE_CURVE('',#1057,#1055,#585,.T.);
#1306=EDGE_CURVE('',#1056,#1057,#586,.T.);
#1307=EDGE_CURVE('',#1047,#1056,#587,.T.);
#1308=EDGE_CURVE('',#1048,#1057,#588,.T.);
#1309=EDGE_CURVE('',#1058,#1058,#114,.T.);
#1310=EDGE_CURVE('',#1058,#1059,#589,.T.);
#1311=EDGE_CURVE('',#1059,#1059,#115,.T.);
#1312=EDGE_CURVE('',#1060,#1061,#590,.T.);
#1313=EDGE_CURVE('',#1062,#1060,#591,.T.);
#1314=EDGE_CURVE('',#1062,#1063,#592,.T.);
#1315=EDGE_CURVE('',#1061,#1063,#593,.T.);
#1316=EDGE_CURVE('',#1063,#1064,#23,.T.);
#1317=EDGE_CURVE('',#1065,#1062,#116,.T.);
#1318=EDGE_CURVE('',#1064,#1065,#594,.T.);
#1319=EDGE_CURVE('',#1066,#1060,#595,.T.);
#1320=EDGE_CURVE('',#1066,#1067,#596,.T.);
#1321=EDGE_CURVE('',#1067,#1068,#117,.T.);
#1322=EDGE_CURVE('',#1065,#1068,#597,.T.);
#1323=EDGE_CURVE('',#1069,#1066,#598,.T.);
#1324=EDGE_CURVE('',#1070,#1069,#599,.T.);
#1325=EDGE_CURVE('',#1067,#1070,#600,.T.);
#1326=EDGE_CURVE('',#1071,#1070,#24,.T.);
#1327=EDGE_CURVE('',#1068,#1071,#601,.T.);
#1328=EDGE_CURVE('',#1061,#1072,#602,.T.);
#1329=EDGE_CURVE('',#1072,#1073,#603,.T.);
#1330=EDGE_CURVE('',#1073,#1074,#604,.T.);
#1331=EDGE_CURVE('',#1074,#1075,#605,.T.);
#1332=EDGE_CURVE('',#1075,#1076,#606,.T.);
#1333=EDGE_CURVE('',#1076,#1077,#118,.T.);
#1334=EDGE_CURVE('',#1077,#1069,#607,.T.);
#1335=EDGE_CURVE('',#1078,#1064,#608,.T.);
#1336=EDGE_CURVE('',#1078,#1072,#609,.T.);
#1337=EDGE_CURVE('',#1079,#1080,#610,.T.);
#1338=EDGE_CURVE('',#1079,#1076,#611,.T.);
#1339=EDGE_CURVE('',#1080,#1075,#612,.T.);
#1340=EDGE_CURVE('',#1080,#1081,#613,.T.);
#1341=EDGE_CURVE('',#1081,#1074,#614,.T.);
#1342=EDGE_CURVE('',#1081,#1082,#615,.T.);
#1343=EDGE_CURVE('',#1082,#1073,#616,.T.);
#1344=EDGE_CURVE('',#1082,#1078,#617,.T.);
#1345=EDGE_CURVE('',#1083,#1077,#618,.T.);
#1346=EDGE_CURVE('',#1071,#1083,#619,.T.);
#1347=EDGE_CURVE('',#1079,#1083,#119,.T.);
#1348=EDGE_CURVE('',#1084,#1084,#120,.T.);
#1349=EDGE_CURVE('',#1084,#1085,#620,.T.);
#1350=EDGE_CURVE('',#1085,#1085,#121,.T.);
#1351=EDGE_CURVE('',#1086,#1087,#621,.T.);
#1352=EDGE_CURVE('',#1086,#1088,#622,.T.);
#1353=EDGE_CURVE('',#1089,#1088,#623,.T.);
#1354=EDGE_CURVE('',#1087,#1089,#624,.T.);
#1355=EDGE_CURVE('',#1090,#1091,#625,.T.);
#1356=EDGE_CURVE('',#1092,#1090,#626,.T.);
#1357=EDGE_CURVE('',#1093,#1092,#627,.T.);
#1358=EDGE_CURVE('',#1091,#1093,#628,.T.);
#1359=EDGE_CURVE('',#1094,#1095,#629,.T.);
#1360=EDGE_CURVE('',#1094,#1092,#122,.T.);
#1361=EDGE_CURVE('',#1089,#1090,#630,.T.);
#1362=EDGE_CURVE('',#1088,#1095,#123,.T.);
#1363=EDGE_CURVE('',#1096,#1086,#25,.T.);
#1364=EDGE_CURVE('',#1095,#1096,#631,.T.);
#1365=EDGE_CURVE('',#1097,#1094,#632,.T.);
#1366=EDGE_CURVE('',#1093,#1097,#26,.T.);
#1367=EDGE_CURVE('',#1091,#1098,#633,.T.);
#1368=EDGE_CURVE('',#1099,#1098,#124,.T.);
#1369=EDGE_CURVE('',#1099,#1100,#634,.T.);
#1370=EDGE_CURVE('',#1100,#1101,#635,.T.);
#1371=EDGE_CURVE('',#1101,#1102,#636,.T.);
#1372=EDGE_CURVE('',#1102,#1103,#637,.T.);
#1373=EDGE_CURVE('',#1103,#1087,#638,.T.);
#1374=EDGE_CURVE('',#1104,#1097,#639,.T.);
#1375=EDGE_CURVE('',#1098,#1104,#640,.T.);
#1376=EDGE_CURVE('',#1103,#1105,#641,.T.);
#1377=EDGE_CURVE('',#1096,#1105,#642,.T.);
#1378=EDGE_CURVE('',#1099,#1106,#643,.T.);
#1379=EDGE_CURVE('',#1107,#1106,#644,.T.);
#1380=EDGE_CURVE('',#1100,#1107,#645,.T.);
#1381=EDGE_CURVE('',#1108,#1107,#646,.T.);
#1382=EDGE_CURVE('',#1101,#1108,#647,.T.);
#1383=EDGE_CURVE('',#1109,#1108,#648,.T.);
#1384=EDGE_CURVE('',#1102,#1109,#649,.T.);
#1385=EDGE_CURVE('',#1105,#1109,#650,.T.);
#1386=EDGE_CURVE('',#1106,#1104,#125,.T.);
#1387=EDGE_CURVE('',#1110,#1110,#126,.T.);
#1388=EDGE_CURVE('',#1110,#1111,#651,.T.);
#1389=EDGE_CURVE('',#1111,#1111,#127,.T.);
#1390=EDGE_CURVE('',#1112,#1112,#128,.T.);
#1391=EDGE_CURVE('',#1112,#1113,#652,.T.);
#1392=EDGE_CURVE('',#1113,#1113,#129,.T.);
#1393=EDGE_CURVE('',#1114,#1114,#130,.T.);
#1394=EDGE_CURVE('',#1114,#1115,#653,.T.);
#1395=EDGE_CURVE('',#1115,#1115,#131,.T.);
#1396=EDGE_CURVE('',#1116,#1116,#132,.T.);
#1397=EDGE_CURVE('',#1116,#1117,#654,.T.);
#1398=EDGE_CURVE('',#1117,#1117,#133,.T.);
#1399=EDGE_CURVE('',#1118,#1119,#655,.T.);
#1400=EDGE_CURVE('',#1119,#1120,#656,.T.);
#1401=EDGE_CURVE('',#1120,#1121,#657,.T.);
#1402=EDGE_CURVE('',#1121,#1118,#658,.T.);
#1403=EDGE_CURVE('',#1122,#1123,#659,.T.);
#1404=EDGE_CURVE('',#1123,#1124,#660,.T.);
#1405=EDGE_CURVE('',#1124,#1125,#661,.T.);
#1406=EDGE_CURVE('',#1125,#1122,#662,.T.);
#1407=EDGE_CURVE('',#1121,#1124,#663,.T.);
#1408=EDGE_CURVE('',#1118,#1123,#664,.T.);
#1409=EDGE_CURVE('',#1120,#1125,#665,.T.);
#1410=EDGE_CURVE('',#1119,#1122,#666,.T.);
#1411=EDGE_CURVE('',#1126,#1126,#134,.T.);
#1412=EDGE_CURVE('',#1126,#1127,#667,.T.);
#1413=EDGE_CURVE('',#1127,#1127,#135,.T.);
#1414=EDGE_CURVE('',#1128,#1128,#136,.T.);
#1415=EDGE_CURVE('',#1128,#1129,#668,.T.);
#1416=EDGE_CURVE('',#1129,#1129,#137,.T.);
#1417=EDGE_CURVE('',#1130,#1131,#669,.T.);
#1418=EDGE_CURVE('',#1131,#1132,#670,.T.);
#1419=EDGE_CURVE('',#1132,#1133,#671,.T.);
#1420=EDGE_CURVE('',#1133,#1130,#672,.T.);
#1421=EDGE_CURVE('',#1134,#1135,#673,.T.);
#1422=EDGE_CURVE('',#1135,#1136,#674,.T.);
#1423=EDGE_CURVE('',#1136,#1137,#675,.T.);
#1424=EDGE_CURVE('',#1137,#1134,#676,.T.);
#1425=EDGE_CURVE('',#1133,#1136,#677,.T.);
#1426=EDGE_CURVE('',#1130,#1135,#678,.T.);
#1427=EDGE_CURVE('',#1132,#1137,#679,.T.);
#1428=EDGE_CURVE('',#1131,#1134,#680,.T.);
#1429=EDGE_CURVE('',#1138,#1139,#681,.T.);
#1430=EDGE_CURVE('',#1140,#1138,#138,.T.);
#1431=EDGE_CURVE('',#1141,#1140,#682,.T.);
#1432=EDGE_CURVE('',#1139,#1141,#139,.T.);
#1433=EDGE_CURVE('',#1138,#1140,#140,.T.);
#1434=EDGE_CURVE('',#1141,#1139,#141,.T.);
#1435=EDGE_CURVE('',#1142,#1143,#683,.T.);
#1436=EDGE_CURVE('',#1144,#1142,#142,.T.);
#1437=EDGE_CURVE('',#1145,#1144,#684,.T.);
#1438=EDGE_CURVE('',#1143,#1145,#143,.T.);
#1439=EDGE_CURVE('',#1142,#1144,#144,.T.);
#1440=EDGE_CURVE('',#1145,#1143,#145,.T.);
#1441=EDGE_CURVE('',#1146,#1146,#146,.T.);
#1442=EDGE_CURVE('',#1146,#1147,#685,.T.);
#1443=EDGE_CURVE('',#1147,#1147,#147,.T.);
#1444=EDGE_CURVE('',#1148,#1148,#148,.T.);
#1445=EDGE_CURVE('',#1148,#1149,#686,.T.);
#1446=EDGE_CURVE('',#1149,#1149,#149,.T.);
#1447=EDGE_CURVE('',#1150,#1151,#687,.T.);
#1448=EDGE_CURVE('',#1152,#1150,#688,.T.);
#1449=EDGE_CURVE('',#1153,#1152,#689,.T.);
#1450=EDGE_CURVE('',#1151,#1153,#690,.T.);
#1451=EDGE_CURVE('',#1154,#1153,#691,.T.);
#1452=EDGE_CURVE('',#1154,#1155,#692,.T.);
#1453=EDGE_CURVE('',#1151,#1155,#693,.T.);
#1454=EDGE_CURVE('',#1156,#1157,#694,.T.);
#1455=EDGE_CURVE('',#1158,#1157,#695,.T.);
#1456=EDGE_CURVE('',#1158,#1159,#150,.T.);
#1457=EDGE_CURVE('',#1160,#1159,#696,.T.);
#1458=EDGE_CURVE('',#1160,#1161,#151,.T.);
#1459=EDGE_CURVE('',#1162,#1161,#697,.T.);
#1460=EDGE_CURVE('',#1162,#1163,#698,.T.);
#1461=EDGE_CURVE('',#1163,#1164,#699,.T.);
#1462=EDGE_CURVE('',#1164,#1165,#700,.T.);
#1463=EDGE_CURVE('',#1166,#1165,#701,.T.);
#1464=EDGE_CURVE('',#1166,#1167,#152,.T.);
#1465=EDGE_CURVE('',#1167,#1168,#702,.T.);
#1466=EDGE_CURVE('',#1168,#1169,#153,.T.);
#1467=EDGE_CURVE('',#1170,#1169,#703,.T.);
#1468=EDGE_CURVE('',#1170,#1171,#704,.T.);
#1469=EDGE_CURVE('',#1171,#1156,#705,.T.);
#1470=EDGE_CURVE('',#1172,#1150,#706,.T.);
#1471=EDGE_CURVE('',#1155,#1172,#707,.T.);
#1472=EDGE_CURVE('',#1173,#1173,#154,.T.);
#1473=EDGE_CURVE('',#1174,#1174,#155,.T.);
#1474=EDGE_CURVE('',#1175,#1175,#156,.T.);
#1475=EDGE_CURVE('',#1176,#1176,#157,.T.);
#1476=EDGE_CURVE('',#1177,#1154,#708,.T.);
#1477=EDGE_CURVE('',#1172,#1177,#709,.T.);
#1478=EDGE_CURVE('',#1152,#1177,#710,.T.);
#1479=EDGE_CURVE('',#1178,#1179,#711,.T.);
#1480=EDGE_CURVE('',#1179,#1180,#712,.T.);
#1481=EDGE_CURVE('',#1180,#1181,#713,.T.);
#1482=EDGE_CURVE('',#1182,#1181,#714,.T.);
#1483=EDGE_CURVE('',#1182,#1183,#158,.T.);
#1484=EDGE_CURVE('',#1184,#1183,#715,.T.);
#1485=EDGE_CURVE('',#1184,#1185,#159,.T.);
#1486=EDGE_CURVE('',#1186,#1185,#716,.T.);
#1487=EDGE_CURVE('',#1186,#1187,#717,.T.);
#1488=EDGE_CURVE('',#1187,#1188,#718,.T.);
#1489=EDGE_CURVE('',#1188,#1189,#719,.T.);
#1490=EDGE_CURVE('',#1190,#1189,#720,.T.);
#1491=EDGE_CURVE('',#1190,#1191,#160,.T.);
#1492=EDGE_CURVE('',#1191,#1192,#721,.T.);
#1493=EDGE_CURVE('',#1192,#1193,#161,.T.);
#1494=EDGE_CURVE('',#1178,#1193,#722,.T.);
#1495=EDGE_CURVE('',#1194,#1194,#162,.T.);
#1496=EDGE_CURVE('',#1195,#1195,#163,.T.);
#1497=EDGE_CURVE('',#1196,#1196,#164,.T.);
#1498=EDGE_CURVE('',#1197,#1197,#165,.T.);
#1499=EDGE_CURVE('',#1197,#1173,#723,.T.);
#1500=EDGE_CURVE('',#1196,#1174,#724,.T.);
#1501=EDGE_CURVE('',#1195,#1175,#725,.T.);
#1502=EDGE_CURVE('',#1194,#1176,#726,.T.);
#1503=EDGE_CURVE('',#1180,#1171,#727,.T.);
#1504=EDGE_CURVE('',#1181,#1170,#728,.T.);
#1505=EDGE_CURVE('',#1156,#1179,#729,.T.);
#1506=EDGE_CURVE('',#1157,#1178,#730,.T.);
#1507=EDGE_CURVE('',#1169,#1182,#731,.T.);
#1508=EDGE_CURVE('',#1188,#1163,#732,.T.);
#1509=EDGE_CURVE('',#1189,#1162,#733,.T.);
#1510=EDGE_CURVE('',#1164,#1187,#734,.T.);
#1511=EDGE_CURVE('',#1165,#1186,#735,.T.);
#1512=EDGE_CURVE('',#1161,#1190,#736,.T.);
#1513=EDGE_CURVE('',#1168,#1183,#737,.T.);
#1514=EDGE_CURVE('',#1184,#1167,#738,.T.);
#1515=EDGE_CURVE('',#1185,#1166,#739,.T.);
#1516=EDGE_CURVE('',#1192,#1159,#740,.T.);
#1517=EDGE_CURVE('',#1193,#1158,#741,.T.);
#1518=EDGE_CURVE('',#1160,#1191,#742,.T.);
#1519=EDGE_CURVE('',#1198,#1199,#743,.T.);
#1520=EDGE_CURVE('',#1199,#1198,#166,.T.);
#1521=EDGE_CURVE('',#1200,#1201,#13,.T.);
#1522=EDGE_CURVE('',#1201,#1200,#14,.T.);
#1523=EDGE_CURVE('',#1201,#1202,#744,.T.);
#1524=EDGE_CURVE('',#1199,#1202,#15,.T.);
#1525=EDGE_CURVE('',#1203,#1198,#16,.T.);
#1526=EDGE_CURVE('',#1203,#1204,#167,.T.);
#1527=EDGE_CURVE('',#1202,#1204,#17,.T.);
#1528=EDGE_CURVE('',#1204,#1203,#745,.T.);
#1529=EDGE_CURVE('',#1205,#1206,#746,.T.);
#1530=EDGE_CURVE('',#1206,#1205,#168,.T.);
#1531=EDGE_CURVE('',#1207,#1208,#18,.T.);
#1532=EDGE_CURVE('',#1208,#1207,#19,.T.);
#1533=EDGE_CURVE('',#1208,#1209,#747,.T.);
#1534=EDGE_CURVE('',#1206,#1209,#20,.T.);
#1535=EDGE_CURVE('',#1210,#1205,#21,.T.);
#1536=EDGE_CURVE('',#1210,#1211,#169,.T.);
#1537=EDGE_CURVE('',#1209,#1211,#22,.T.);
#1538=EDGE_CURVE('',#1211,#1210,#748,.T.);
#1539=EDGE_CURVE('',#1212,#1212,#170,.T.);
#1540=EDGE_CURVE('',#1212,#1213,#749,.T.);
#1541=EDGE_CURVE('',#1213,#1213,#171,.T.);
#1542=EDGE_CURVE('',#1214,#1214,#172,.T.);
#1543=EDGE_CURVE('',#1214,#1215,#750,.T.);
#1544=EDGE_CURVE('',#1215,#1215,#173,.T.);
#1545=ORIENTED_EDGE('',*,*,#1216,.T.);
#1546=ORIENTED_EDGE('',*,*,#1217,.T.);
#1547=ORIENTED_EDGE('',*,*,#1218,.T.);
#1548=ORIENTED_EDGE('',*,*,#1219,.T.);
#1549=ORIENTED_EDGE('',*,*,#1220,.T.);
#1550=ORIENTED_EDGE('',*,*,#1221,.T.);
#1551=ORIENTED_EDGE('',*,*,#1222,.T.);
#1552=ORIENTED_EDGE('',*,*,#1223,.T.);
#1553=ORIENTED_EDGE('',*,*,#1224,.T.);
#1554=ORIENTED_EDGE('',*,*,#1221,.F.);
#1555=ORIENTED_EDGE('',*,*,#1225,.F.);
#1556=ORIENTED_EDGE('',*,*,#1219,.F.);
#1557=ORIENTED_EDGE('',*,*,#1226,.T.);
#1558=ORIENTED_EDGE('',*,*,#1222,.F.);
#1559=ORIENTED_EDGE('',*,*,#1224,.F.);
#1560=ORIENTED_EDGE('',*,*,#1218,.F.);
#1561=ORIENTED_EDGE('',*,*,#1227,.T.);
#1562=ORIENTED_EDGE('',*,*,#1223,.F.);
#1563=ORIENTED_EDGE('',*,*,#1226,.F.);
#1564=ORIENTED_EDGE('',*,*,#1217,.F.);
#1565=ORIENTED_EDGE('',*,*,#1225,.T.);
#1566=ORIENTED_EDGE('',*,*,#1220,.F.);
#1567=ORIENTED_EDGE('',*,*,#1227,.F.);
#1568=ORIENTED_EDGE('',*,*,#1216,.F.);
#1569=ORIENTED_EDGE('',*,*,#1228,.F.);
#1570=ORIENTED_EDGE('',*,*,#1229,.T.);
#1571=ORIENTED_EDGE('',*,*,#1230,.F.);
#1572=ORIENTED_EDGE('',*,*,#1231,.F.);
#1573=ORIENTED_EDGE('',*,*,#1232,.F.);
#1574=ORIENTED_EDGE('',*,*,#1233,.F.);
#1575=ORIENTED_EDGE('',*,*,#1234,.F.);
#1576=ORIENTED_EDGE('',*,*,#1229,.F.);
#1577=ORIENTED_EDGE('',*,*,#1235,.F.);
#1578=ORIENTED_EDGE('',*,*,#1236,.F.);
#1579=ORIENTED_EDGE('',*,*,#1237,.F.);
#1580=ORIENTED_EDGE('',*,*,#1233,.T.);
#1581=ORIENTED_EDGE('',*,*,#1235,.T.);
#1582=ORIENTED_EDGE('',*,*,#1232,.T.);
#1583=ORIENTED_EDGE('',*,*,#1228,.T.);
#1584=ORIENTED_EDGE('',*,*,#1238,.F.);
#1585=ORIENTED_EDGE('',*,*,#1239,.F.);
#1586=ORIENTED_EDGE('',*,*,#1240,.F.);
#1587=ORIENTED_EDGE('',*,*,#1241,.T.);
#1588=ORIENTED_EDGE('',*,*,#1242,.T.);
#1589=ORIENTED_EDGE('',*,*,#1243,.T.);
#1590=ORIENTED_EDGE('',*,*,#1244,.F.);
#1591=ORIENTED_EDGE('',*,*,#1245,.T.);
#1592=ORIENTED_EDGE('',*,*,#1246,.F.);
#1593=ORIENTED_EDGE('',*,*,#1247,.T.);
#1594=ORIENTED_EDGE('',*,*,#1231,.T.);
#1595=ORIENTED_EDGE('',*,*,#1248,.T.);
#1596=ORIENTED_EDGE('',*,*,#1249,.T.);
#1597=ORIENTED_EDGE('',*,*,#1238,.T.);
#1598=ORIENTED_EDGE('',*,*,#1250,.F.);
#1599=ORIENTED_EDGE('',*,*,#1251,.T.);
#1600=ORIENTED_EDGE('',*,*,#1241,.F.);
#1601=ORIENTED_EDGE('',*,*,#1252,.F.);
#1602=ORIENTED_EDGE('',*,*,#1253,.F.);
#1603=ORIENTED_EDGE('',*,*,#1254,.F.);
#1604=ORIENTED_EDGE('',*,*,#1242,.F.);
#1605=ORIENTED_EDGE('',*,*,#1251,.F.);
#1606=ORIENTED_EDGE('',*,*,#1255,.F.);
#1607=ORIENTED_EDGE('',*,*,#1256,.F.);
#1608=ORIENTED_EDGE('',*,*,#1243,.F.);
#1609=ORIENTED_EDGE('',*,*,#1254,.T.);
#1610=ORIENTED_EDGE('',*,*,#1256,.T.);
#1611=ORIENTED_EDGE('',*,*,#1257,.T.);
#1612=ORIENTED_EDGE('',*,*,#1258,.T.);
#1613=ORIENTED_EDGE('',*,*,#1244,.T.);
#1614=ORIENTED_EDGE('',*,*,#1252,.T.);
#1615=ORIENTED_EDGE('',*,*,#1240,.T.);
#1616=ORIENTED_EDGE('',*,*,#1259,.T.);
#1617=ORIENTED_EDGE('',*,*,#1260,.T.);
#1618=ORIENTED_EDGE('',*,*,#1247,.F.);
#1619=ORIENTED_EDGE('',*,*,#1261,.T.);
#1620=ORIENTED_EDGE('',*,*,#1262,.F.);
#1621=ORIENTED_EDGE('',*,*,#1261,.F.);
#1622=ORIENTED_EDGE('',*,*,#1236,.T.);
#1623=ORIENTED_EDGE('',*,*,#1246,.T.);
#1624=ORIENTED_EDGE('',*,*,#1263,.T.);
#1625=ORIENTED_EDGE('',*,*,#1264,.T.);
#1626=ORIENTED_EDGE('',*,*,#1239,.T.);
#1627=ORIENTED_EDGE('',*,*,#1249,.F.);
#1628=ORIENTED_EDGE('',*,*,#1265,.F.);
#1629=ORIENTED_EDGE('',*,*,#1259,.F.);
#1630=ORIENTED_EDGE('',*,*,#1266,.T.);
#1631=ORIENTED_EDGE('',*,*,#1263,.F.);
#1632=ORIENTED_EDGE('',*,*,#1245,.F.);
#1633=ORIENTED_EDGE('',*,*,#1258,.F.);
#1634=ORIENTED_EDGE('',*,*,#1237,.T.);
#1635=ORIENTED_EDGE('',*,*,#1264,.F.);
#1636=ORIENTED_EDGE('',*,*,#1266,.F.);
#1637=ORIENTED_EDGE('',*,*,#1257,.F.);
#1638=ORIENTED_EDGE('',*,*,#1255,.T.);
#1639=ORIENTED_EDGE('',*,*,#1253,.T.);
#1640=ORIENTED_EDGE('',*,*,#1250,.T.);
#1641=ORIENTED_EDGE('',*,*,#1260,.F.);
#1642=ORIENTED_EDGE('',*,*,#1265,.T.);
#1643=ORIENTED_EDGE('',*,*,#1248,.F.);
#1644=ORIENTED_EDGE('',*,*,#1230,.T.);
#1645=ORIENTED_EDGE('',*,*,#1234,.T.);
#1646=ORIENTED_EDGE('',*,*,#1262,.T.);
#1647=ORIENTED_EDGE('',*,*,#1267,.F.);
#1648=ORIENTED_EDGE('',*,*,#1268,.T.);
#1649=ORIENTED_EDGE('',*,*,#1269,.F.);
#1650=ORIENTED_EDGE('',*,*,#1268,.F.);
#1651=ORIENTED_EDGE('',*,*,#1270,.T.);
#1652=ORIENTED_EDGE('',*,*,#1271,.T.);
#1653=ORIENTED_EDGE('',*,*,#1272,.F.);
#1654=ORIENTED_EDGE('',*,*,#1273,.F.);
#1655=ORIENTED_EDGE('',*,*,#1274,.T.);
#1656=ORIENTED_EDGE('',*,*,#1273,.T.);
#1657=ORIENTED_EDGE('',*,*,#1275,.F.);
#1658=ORIENTED_EDGE('',*,*,#1276,.F.);
#1659=ORIENTED_EDGE('',*,*,#1277,.T.);
#1660=ORIENTED_EDGE('',*,*,#1276,.T.);
#1661=ORIENTED_EDGE('',*,*,#1278,.F.);
#1662=ORIENTED_EDGE('',*,*,#1279,.F.);
#1663=ORIENTED_EDGE('',*,*,#1280,.T.);
#1664=ORIENTED_EDGE('',*,*,#1279,.T.);
#1665=ORIENTED_EDGE('',*,*,#1281,.F.);
#1666=ORIENTED_EDGE('',*,*,#1282,.F.);
#1667=ORIENTED_EDGE('',*,*,#1283,.T.);
#1668=ORIENTED_EDGE('',*,*,#1282,.T.);
#1669=ORIENTED_EDGE('',*,*,#1284,.F.);
#1670=ORIENTED_EDGE('',*,*,#1285,.F.);
#1671=ORIENTED_EDGE('',*,*,#1286,.T.);
#1672=ORIENTED_EDGE('',*,*,#1285,.T.);
#1673=ORIENTED_EDGE('',*,*,#1287,.F.);
#1674=ORIENTED_EDGE('',*,*,#1271,.F.);
#1675=ORIENTED_EDGE('',*,*,#1287,.T.);
#1676=ORIENTED_EDGE('',*,*,#1284,.T.);
#1677=ORIENTED_EDGE('',*,*,#1281,.T.);
#1678=ORIENTED_EDGE('',*,*,#1278,.T.);
#1679=ORIENTED_EDGE('',*,*,#1275,.T.);
#1680=ORIENTED_EDGE('',*,*,#1272,.T.);
#1681=ORIENTED_EDGE('',*,*,#1269,.T.);
#1682=ORIENTED_EDGE('',*,*,#1286,.F.);
#1683=ORIENTED_EDGE('',*,*,#1270,.F.);
#1684=ORIENTED_EDGE('',*,*,#1274,.F.);
#1685=ORIENTED_EDGE('',*,*,#1277,.F.);
#1686=ORIENTED_EDGE('',*,*,#1280,.F.);
#1687=ORIENTED_EDGE('',*,*,#1283,.F.);
#1688=ORIENTED_EDGE('',*,*,#1267,.T.);
#1689=ORIENTED_EDGE('',*,*,#1288,.F.);
#1690=ORIENTED_EDGE('',*,*,#1289,.T.);
#1691=ORIENTED_EDGE('',*,*,#1290,.F.);
#1692=ORIENTED_EDGE('',*,*,#1289,.F.);
#1693=ORIENTED_EDGE('',*,*,#1291,.T.);
#1694=ORIENTED_EDGE('',*,*,#1292,.T.);
#1695=ORIENTED_EDGE('',*,*,#1293,.F.);
#1696=ORIENTED_EDGE('',*,*,#1294,.F.);
#1697=ORIENTED_EDGE('',*,*,#1295,.T.);
#1698=ORIENTED_EDGE('',*,*,#1294,.T.);
#1699=ORIENTED_EDGE('',*,*,#1296,.F.);
#1700=ORIENTED_EDGE('',*,*,#1297,.F.);
#1701=ORIENTED_EDGE('',*,*,#1298,.T.);
#1702=ORIENTED_EDGE('',*,*,#1297,.T.);
#1703=ORIENTED_EDGE('',*,*,#1299,.F.);
#1704=ORIENTED_EDGE('',*,*,#1300,.F.);
#1705=ORIENTED_EDGE('',*,*,#1301,.T.);
#1706=ORIENTED_EDGE('',*,*,#1300,.T.);
#1707=ORIENTED_EDGE('',*,*,#1302,.F.);
#1708=ORIENTED_EDGE('',*,*,#1303,.F.);
#1709=ORIENTED_EDGE('',*,*,#1304,.T.);
#1710=ORIENTED_EDGE('',*,*,#1303,.T.);
#1711=ORIENTED_EDGE('',*,*,#1305,.F.);
#1712=ORIENTED_EDGE('',*,*,#1306,.F.);
#1713=ORIENTED_EDGE('',*,*,#1307,.T.);
#1714=ORIENTED_EDGE('',*,*,#1306,.T.);
#1715=ORIENTED_EDGE('',*,*,#1308,.F.);
#1716=ORIENTED_EDGE('',*,*,#1292,.F.);
#1717=ORIENTED_EDGE('',*,*,#1308,.T.);
#1718=ORIENTED_EDGE('',*,*,#1305,.T.);
#1719=ORIENTED_EDGE('',*,*,#1302,.T.);
#1720=ORIENTED_EDGE('',*,*,#1299,.T.);
#1721=ORIENTED_EDGE('',*,*,#1296,.T.);
#1722=ORIENTED_EDGE('',*,*,#1293,.T.);
#1723=ORIENTED_EDGE('',*,*,#1290,.T.);
#1724=ORIENTED_EDGE('',*,*,#1307,.F.);
#1725=ORIENTED_EDGE('',*,*,#1291,.F.);
#1726=ORIENTED_EDGE('',*,*,#1295,.F.);
#1727=ORIENTED_EDGE('',*,*,#1298,.F.);
#1728=ORIENTED_EDGE('',*,*,#1301,.F.);
#1729=ORIENTED_EDGE('',*,*,#1304,.F.);
#1730=ORIENTED_EDGE('',*,*,#1288,.T.);
#1731=ORIENTED_EDGE('',*,*,#1309,.F.);
#1732=ORIENTED_EDGE('',*,*,#1310,.T.);
#1733=ORIENTED_EDGE('',*,*,#1311,.F.);
#1734=ORIENTED_EDGE('',*,*,#1310,.F.);
#1735=ORIENTED_EDGE('',*,*,#1312,.F.);
#1736=ORIENTED_EDGE('',*,*,#1313,.F.);
#1737=ORIENTED_EDGE('',*,*,#1314,.T.);
#1738=ORIENTED_EDGE('',*,*,#1315,.F.);
#1739=ORIENTED_EDGE('',*,*,#1316,.F.);
#1740=ORIENTED_EDGE('',*,*,#1314,.F.);
#1741=ORIENTED_EDGE('',*,*,#1317,.F.);
#1742=ORIENTED_EDGE('',*,*,#1318,.F.);
#1743=ORIENTED_EDGE('',*,*,#1319,.F.);
#1744=ORIENTED_EDGE('',*,*,#1320,.T.);
#1745=ORIENTED_EDGE('',*,*,#1321,.T.);
#1746=ORIENTED_EDGE('',*,*,#1322,.F.);
#1747=ORIENTED_EDGE('',*,*,#1317,.T.);
#1748=ORIENTED_EDGE('',*,*,#1313,.T.);
#1749=ORIENTED_EDGE('',*,*,#1323,.F.);
#1750=ORIENTED_EDGE('',*,*,#1324,.F.);
#1751=ORIENTED_EDGE('',*,*,#1325,.F.);
#1752=ORIENTED_EDGE('',*,*,#1320,.F.);
#1753=ORIENTED_EDGE('',*,*,#1326,.F.);
#1754=ORIENTED_EDGE('',*,*,#1327,.F.);
#1755=ORIENTED_EDGE('',*,*,#1321,.F.);
#1756=ORIENTED_EDGE('',*,*,#1325,.T.);
#1757=ORIENTED_EDGE('',*,*,#1323,.T.);
#1758=ORIENTED_EDGE('',*,*,#1319,.T.);
#1759=ORIENTED_EDGE('',*,*,#1312,.T.);
#1760=ORIENTED_EDGE('',*,*,#1328,.T.);
#1761=ORIENTED_EDGE('',*,*,#1329,.T.);
#1762=ORIENTED_EDGE('',*,*,#1330,.T.);
#1763=ORIENTED_EDGE('',*,*,#1331,.T.);
#1764=ORIENTED_EDGE('',*,*,#1332,.T.);
#1765=ORIENTED_EDGE('',*,*,#1333,.T.);
#1766=ORIENTED_EDGE('',*,*,#1334,.T.);
#1767=ORIENTED_EDGE('',*,*,#1311,.T.);
#1768=ORIENTED_EDGE('',*,*,#1315,.T.);
#1769=ORIENTED_EDGE('',*,*,#1316,.T.);
#1770=ORIENTED_EDGE('',*,*,#1335,.F.);
#1771=ORIENTED_EDGE('',*,*,#1336,.T.);
#1772=ORIENTED_EDGE('',*,*,#1328,.F.);
#1773=ORIENTED_EDGE('',*,*,#1337,.F.);
#1774=ORIENTED_EDGE('',*,*,#1338,.T.);
#1775=ORIENTED_EDGE('',*,*,#1332,.F.);
#1776=ORIENTED_EDGE('',*,*,#1339,.F.);
#1777=ORIENTED_EDGE('',*,*,#1340,.F.);
#1778=ORIENTED_EDGE('',*,*,#1339,.T.);
#1779=ORIENTED_EDGE('',*,*,#1331,.F.);
#1780=ORIENTED_EDGE('',*,*,#1341,.F.);
#1781=ORIENTED_EDGE('',*,*,#1342,.F.);
#1782=ORIENTED_EDGE('',*,*,#1341,.T.);
#1783=ORIENTED_EDGE('',*,*,#1330,.F.);
#1784=ORIENTED_EDGE('',*,*,#1343,.F.);
#1785=ORIENTED_EDGE('',*,*,#1344,.F.);
#1786=ORIENTED_EDGE('',*,*,#1343,.T.);
#1787=ORIENTED_EDGE('',*,*,#1329,.F.);
#1788=ORIENTED_EDGE('',*,*,#1336,.F.);
#1789=ORIENTED_EDGE('',*,*,#1324,.T.);
#1790=ORIENTED_EDGE('',*,*,#1334,.F.);
#1791=ORIENTED_EDGE('',*,*,#1345,.F.);
#1792=ORIENTED_EDGE('',*,*,#1346,.F.);
#1793=ORIENTED_EDGE('',*,*,#1326,.T.);
#1794=ORIENTED_EDGE('',*,*,#1347,.T.);
#1795=ORIENTED_EDGE('',*,*,#1345,.T.);
#1796=ORIENTED_EDGE('',*,*,#1333,.F.);
#1797=ORIENTED_EDGE('',*,*,#1338,.F.);
#1798=ORIENTED_EDGE('',*,*,#1327,.T.);
#1799=ORIENTED_EDGE('',*,*,#1346,.T.);
#1800=ORIENTED_EDGE('',*,*,#1347,.F.);
#1801=ORIENTED_EDGE('',*,*,#1337,.T.);
#1802=ORIENTED_EDGE('',*,*,#1340,.T.);
#1803=ORIENTED_EDGE('',*,*,#1342,.T.);
#1804=ORIENTED_EDGE('',*,*,#1344,.T.);
#1805=ORIENTED_EDGE('',*,*,#1335,.T.);
#1806=ORIENTED_EDGE('',*,*,#1318,.T.);
#1807=ORIENTED_EDGE('',*,*,#1322,.T.);
#1808=ORIENTED_EDGE('',*,*,#1309,.T.);
#1809=ORIENTED_EDGE('',*,*,#1348,.F.);
#1810=ORIENTED_EDGE('',*,*,#1349,.T.);
#1811=ORIENTED_EDGE('',*,*,#1350,.F.);
#1812=ORIENTED_EDGE('',*,*,#1349,.F.);
#1813=ORIENTED_EDGE('',*,*,#1351,.F.);
#1814=ORIENTED_EDGE('',*,*,#1352,.T.);
#1815=ORIENTED_EDGE('',*,*,#1353,.F.);
#1816=ORIENTED_EDGE('',*,*,#1354,.F.);
#1817=ORIENTED_EDGE('',*,*,#1355,.F.);
#1818=ORIENTED_EDGE('',*,*,#1356,.F.);
#1819=ORIENTED_EDGE('',*,*,#1357,.F.);
#1820=ORIENTED_EDGE('',*,*,#1358,.F.);
#1821=ORIENTED_EDGE('',*,*,#1359,.F.);
#1822=ORIENTED_EDGE('',*,*,#1360,.T.);
#1823=ORIENTED_EDGE('',*,*,#1356,.T.);
#1824=ORIENTED_EDGE('',*,*,#1361,.F.);
#1825=ORIENTED_EDGE('',*,*,#1353,.T.);
#1826=ORIENTED_EDGE('',*,*,#1362,.T.);
#1827=ORIENTED_EDGE('',*,*,#1363,.F.);
#1828=ORIENTED_EDGE('',*,*,#1364,.F.);
#1829=ORIENTED_EDGE('',*,*,#1362,.F.);
#1830=ORIENTED_EDGE('',*,*,#1352,.F.);
#1831=ORIENTED_EDGE('',*,*,#1365,.F.);
#1832=ORIENTED_EDGE('',*,*,#1366,.F.);
#1833=ORIENTED_EDGE('',*,*,#1357,.T.);
#1834=ORIENTED_EDGE('',*,*,#1360,.F.);
#1835=ORIENTED_EDGE('',*,*,#1354,.T.);
#1836=ORIENTED_EDGE('',*,*,#1361,.T.);
#1837=ORIENTED_EDGE('',*,*,#1355,.T.);
#1838=ORIENTED_EDGE('',*,*,#1367,.T.);
#1839=ORIENTED_EDGE('',*,*,#1368,.F.);
#1840=ORIENTED_EDGE('',*,*,#1369,.T.);
#1841=ORIENTED_EDGE('',*,*,#1370,.T.);
#1842=ORIENTED_EDGE('',*,*,#1371,.T.);
#1843=ORIENTED_EDGE('',*,*,#1372,.T.);
#1844=ORIENTED_EDGE('',*,*,#1373,.T.);
#1845=ORIENTED_EDGE('',*,*,#1348,.T.);
#1846=ORIENTED_EDGE('',*,*,#1366,.T.);
#1847=ORIENTED_EDGE('',*,*,#1374,.F.);
#1848=ORIENTED_EDGE('',*,*,#1375,.F.);
#1849=ORIENTED_EDGE('',*,*,#1367,.F.);
#1850=ORIENTED_EDGE('',*,*,#1358,.T.);
#1851=ORIENTED_EDGE('',*,*,#1363,.T.);
#1852=ORIENTED_EDGE('',*,*,#1351,.T.);
#1853=ORIENTED_EDGE('',*,*,#1373,.F.);
#1854=ORIENTED_EDGE('',*,*,#1376,.T.);
#1855=ORIENTED_EDGE('',*,*,#1377,.F.);
#1856=ORIENTED_EDGE('',*,*,#1369,.F.);
#1857=ORIENTED_EDGE('',*,*,#1378,.T.);
#1858=ORIENTED_EDGE('',*,*,#1379,.F.);
#1859=ORIENTED_EDGE('',*,*,#1380,.F.);
#1860=ORIENTED_EDGE('',*,*,#1370,.F.);
#1861=ORIENTED_EDGE('',*,*,#1380,.T.);
#1862=ORIENTED_EDGE('',*,*,#1381,.F.);
#1863=ORIENTED_EDGE('',*,*,#1382,.F.);
#1864=ORIENTED_EDGE('',*,*,#1371,.F.);
#1865=ORIENTED_EDGE('',*,*,#1382,.T.);
#1866=ORIENTED_EDGE('',*,*,#1383,.F.);
#1867=ORIENTED_EDGE('',*,*,#1384,.F.);
#1868=ORIENTED_EDGE('',*,*,#1372,.F.);
#1869=ORIENTED_EDGE('',*,*,#1384,.T.);
#1870=ORIENTED_EDGE('',*,*,#1385,.F.);
#1871=ORIENTED_EDGE('',*,*,#1376,.F.);
#1872=ORIENTED_EDGE('',*,*,#1368,.T.);
#1873=ORIENTED_EDGE('',*,*,#1375,.T.);
#1874=ORIENTED_EDGE('',*,*,#1386,.F.);
#1875=ORIENTED_EDGE('',*,*,#1378,.F.);
#1876=ORIENTED_EDGE('',*,*,#1364,.T.);
#1877=ORIENTED_EDGE('',*,*,#1377,.T.);
#1878=ORIENTED_EDGE('',*,*,#1385,.T.);
#1879=ORIENTED_EDGE('',*,*,#1383,.T.);
#1880=ORIENTED_EDGE('',*,*,#1381,.T.);
#1881=ORIENTED_EDGE('',*,*,#1379,.T.);
#1882=ORIENTED_EDGE('',*,*,#1386,.T.);
#1883=ORIENTED_EDGE('',*,*,#1374,.T.);
#1884=ORIENTED_EDGE('',*,*,#1365,.T.);
#1885=ORIENTED_EDGE('',*,*,#1359,.T.);
#1886=ORIENTED_EDGE('',*,*,#1350,.T.);
#1887=ORIENTED_EDGE('',*,*,#1387,.F.);
#1888=ORIENTED_EDGE('',*,*,#1388,.T.);
#1889=ORIENTED_EDGE('',*,*,#1389,.F.);
#1890=ORIENTED_EDGE('',*,*,#1388,.F.);
#1891=ORIENTED_EDGE('',*,*,#1390,.F.);
#1892=ORIENTED_EDGE('',*,*,#1391,.T.);
#1893=ORIENTED_EDGE('',*,*,#1392,.F.);
#1894=ORIENTED_EDGE('',*,*,#1391,.F.);
#1895=ORIENTED_EDGE('',*,*,#1392,.T.);
#1896=ORIENTED_EDGE('',*,*,#1387,.T.);
#1897=ORIENTED_EDGE('',*,*,#1390,.T.);
#1898=ORIENTED_EDGE('',*,*,#1389,.T.);
#1899=ORIENTED_EDGE('',*,*,#1393,.F.);
#1900=ORIENTED_EDGE('',*,*,#1394,.T.);
#1901=ORIENTED_EDGE('',*,*,#1395,.T.);
#1902=ORIENTED_EDGE('',*,*,#1394,.F.);
#1903=ORIENTED_EDGE('',*,*,#1395,.F.);
#1904=ORIENTED_EDGE('',*,*,#1396,.F.);
#1905=ORIENTED_EDGE('',*,*,#1397,.T.);
#1906=ORIENTED_EDGE('',*,*,#1398,.T.);
#1907=ORIENTED_EDGE('',*,*,#1397,.F.);
#1908=ORIENTED_EDGE('',*,*,#1398,.F.);
#1909=ORIENTED_EDGE('',*,*,#1399,.T.);
#1910=ORIENTED_EDGE('',*,*,#1400,.T.);
#1911=ORIENTED_EDGE('',*,*,#1401,.T.);
#1912=ORIENTED_EDGE('',*,*,#1402,.T.);
#1913=ORIENTED_EDGE('',*,*,#1403,.T.);
#1914=ORIENTED_EDGE('',*,*,#1404,.T.);
#1915=ORIENTED_EDGE('',*,*,#1405,.T.);
#1916=ORIENTED_EDGE('',*,*,#1406,.T.);
#1917=ORIENTED_EDGE('',*,*,#1407,.T.);
#1918=ORIENTED_EDGE('',*,*,#1404,.F.);
#1919=ORIENTED_EDGE('',*,*,#1408,.F.);
#1920=ORIENTED_EDGE('',*,*,#1402,.F.);
#1921=ORIENTED_EDGE('',*,*,#1409,.T.);
#1922=ORIENTED_EDGE('',*,*,#1405,.F.);
#1923=ORIENTED_EDGE('',*,*,#1407,.F.);
#1924=ORIENTED_EDGE('',*,*,#1401,.F.);
#1925=ORIENTED_EDGE('',*,*,#1393,.T.);
#1926=ORIENTED_EDGE('',*,*,#1396,.T.);
#1927=ORIENTED_EDGE('',*,*,#1410,.T.);
#1928=ORIENTED_EDGE('',*,*,#1406,.F.);
#1929=ORIENTED_EDGE('',*,*,#1409,.F.);
#1930=ORIENTED_EDGE('',*,*,#1400,.F.);
#1931=ORIENTED_EDGE('',*,*,#1408,.T.);
#1932=ORIENTED_EDGE('',*,*,#1403,.F.);
#1933=ORIENTED_EDGE('',*,*,#1410,.F.);
#1934=ORIENTED_EDGE('',*,*,#1399,.F.);
#1935=ORIENTED_EDGE('',*,*,#1411,.F.);
#1936=ORIENTED_EDGE('',*,*,#1412,.T.);
#1937=ORIENTED_EDGE('',*,*,#1413,.T.);
#1938=ORIENTED_EDGE('',*,*,#1412,.F.);
#1939=ORIENTED_EDGE('',*,*,#1413,.F.);
#1940=ORIENTED_EDGE('',*,*,#1414,.F.);
#1941=ORIENTED_EDGE('',*,*,#1415,.T.);
#1942=ORIENTED_EDGE('',*,*,#1416,.T.);
#1943=ORIENTED_EDGE('',*,*,#1415,.F.);
#1944=ORIENTED_EDGE('',*,*,#1416,.F.);
#1945=ORIENTED_EDGE('',*,*,#1417,.T.);
#1946=ORIENTED_EDGE('',*,*,#1418,.T.);
#1947=ORIENTED_EDGE('',*,*,#1419,.T.);
#1948=ORIENTED_EDGE('',*,*,#1420,.T.);
#1949=ORIENTED_EDGE('',*,*,#1421,.T.);
#1950=ORIENTED_EDGE('',*,*,#1422,.T.);
#1951=ORIENTED_EDGE('',*,*,#1423,.T.);
#1952=ORIENTED_EDGE('',*,*,#1424,.T.);
#1953=ORIENTED_EDGE('',*,*,#1425,.T.);
#1954=ORIENTED_EDGE('',*,*,#1422,.F.);
#1955=ORIENTED_EDGE('',*,*,#1426,.F.);
#1956=ORIENTED_EDGE('',*,*,#1420,.F.);
#1957=ORIENTED_EDGE('',*,*,#1427,.T.);
#1958=ORIENTED_EDGE('',*,*,#1423,.F.);
#1959=ORIENTED_EDGE('',*,*,#1425,.F.);
#1960=ORIENTED_EDGE('',*,*,#1419,.F.);
#1961=ORIENTED_EDGE('',*,*,#1411,.T.);
#1962=ORIENTED_EDGE('',*,*,#1414,.T.);
#1963=ORIENTED_EDGE('',*,*,#1428,.T.);
#1964=ORIENTED_EDGE('',*,*,#1424,.F.);
#1965=ORIENTED_EDGE('',*,*,#1427,.F.);
#1966=ORIENTED_EDGE('',*,*,#1418,.F.);
#1967=ORIENTED_EDGE('',*,*,#1426,.T.);
#1968=ORIENTED_EDGE('',*,*,#1421,.F.);
#1969=ORIENTED_EDGE('',*,*,#1428,.F.);
#1970=ORIENTED_EDGE('',*,*,#1417,.F.);
#1971=ORIENTED_EDGE('',*,*,#1429,.F.);
#1972=ORIENTED_EDGE('',*,*,#1430,.F.);
#1973=ORIENTED_EDGE('',*,*,#1431,.F.);
#1974=ORIENTED_EDGE('',*,*,#1432,.F.);
#1975=ORIENTED_EDGE('',*,*,#1431,.T.);
#1976=ORIENTED_EDGE('',*,*,#1433,.F.);
#1977=ORIENTED_EDGE('',*,*,#1429,.T.);
#1978=ORIENTED_EDGE('',*,*,#1434,.F.);
#1979=ORIENTED_EDGE('',*,*,#1435,.F.);
#1980=ORIENTED_EDGE('',*,*,#1436,.F.);
#1981=ORIENTED_EDGE('',*,*,#1437,.F.);
#1982=ORIENTED_EDGE('',*,*,#1438,.F.);
#1983=ORIENTED_EDGE('',*,*,#1437,.T.);
#1984=ORIENTED_EDGE('',*,*,#1439,.F.);
#1985=ORIENTED_EDGE('',*,*,#1435,.T.);
#1986=ORIENTED_EDGE('',*,*,#1440,.F.);
#1987=ORIENTED_EDGE('',*,*,#1441,.F.);
#1988=ORIENTED_EDGE('',*,*,#1442,.T.);
#1989=ORIENTED_EDGE('',*,*,#1443,.F.);
#1990=ORIENTED_EDGE('',*,*,#1442,.F.);
#1991=ORIENTED_EDGE('',*,*,#1444,.F.);
#1992=ORIENTED_EDGE('',*,*,#1445,.T.);
#1993=ORIENTED_EDGE('',*,*,#1446,.F.);
#1994=ORIENTED_EDGE('',*,*,#1445,.F.);
#1995=ORIENTED_EDGE('',*,*,#1447,.F.);
#1996=ORIENTED_EDGE('',*,*,#1448,.F.);
#1997=ORIENTED_EDGE('',*,*,#1449,.F.);
#1998=ORIENTED_EDGE('',*,*,#1450,.F.);
#1999=ORIENTED_EDGE('',*,*,#1451,.F.);
#2000=ORIENTED_EDGE('',*,*,#1452,.T.);
#2001=ORIENTED_EDGE('',*,*,#1453,.F.);
#2002=ORIENTED_EDGE('',*,*,#1450,.T.);
#2003=ORIENTED_EDGE('',*,*,#1454,.T.);
#2004=ORIENTED_EDGE('',*,*,#1455,.F.);
#2005=ORIENTED_EDGE('',*,*,#1456,.T.);
#2006=ORIENTED_EDGE('',*,*,#1457,.F.);
#2007=ORIENTED_EDGE('',*,*,#1458,.T.);
#2008=ORIENTED_EDGE('',*,*,#1459,.F.);
#2009=ORIENTED_EDGE('',*,*,#1460,.T.);
#2010=ORIENTED_EDGE('',*,*,#1461,.T.);
#2011=ORIENTED_EDGE('',*,*,#1462,.T.);
#2012=ORIENTED_EDGE('',*,*,#1463,.F.);
#2013=ORIENTED_EDGE('',*,*,#1464,.T.);
#2014=ORIENTED_EDGE('',*,*,#1465,.T.);
#2015=ORIENTED_EDGE('',*,*,#1466,.T.);
#2016=ORIENTED_EDGE('',*,*,#1467,.F.);
#2017=ORIENTED_EDGE('',*,*,#1468,.T.);
#2018=ORIENTED_EDGE('',*,*,#1469,.T.);
#2019=ORIENTED_EDGE('',*,*,#1438,.T.);
#2020=ORIENTED_EDGE('',*,*,#1440,.T.);
#2021=ORIENTED_EDGE('',*,*,#1443,.T.);
#2022=ORIENTED_EDGE('',*,*,#1446,.T.);
#2023=ORIENTED_EDGE('',*,*,#1470,.T.);
#2024=ORIENTED_EDGE('',*,*,#1447,.T.);
#2025=ORIENTED_EDGE('',*,*,#1453,.T.);
#2026=ORIENTED_EDGE('',*,*,#1471,.T.);
#2027=ORIENTED_EDGE('',*,*,#1472,.T.);
#2028=ORIENTED_EDGE('',*,*,#1473,.T.);
#2029=ORIENTED_EDGE('',*,*,#1474,.T.);
#2030=ORIENTED_EDGE('',*,*,#1475,.T.);
#2031=ORIENTED_EDGE('',*,*,#1432,.T.);
#2032=ORIENTED_EDGE('',*,*,#1434,.T.);
#2033=ORIENTED_EDGE('',*,*,#1476,.F.);
#2034=ORIENTED_EDGE('',*,*,#1477,.F.);
#2035=ORIENTED_EDGE('',*,*,#1471,.F.);
#2036=ORIENTED_EDGE('',*,*,#1452,.F.);
#2037=ORIENTED_EDGE('',*,*,#1470,.F.);
#2038=ORIENTED_EDGE('',*,*,#1477,.T.);
#2039=ORIENTED_EDGE('',*,*,#1478,.F.);
#2040=ORIENTED_EDGE('',*,*,#1448,.T.);
#2041=ORIENTED_EDGE('',*,*,#1479,.T.);
#2042=ORIENTED_EDGE('',*,*,#1480,.T.);
#2043=ORIENTED_EDGE('',*,*,#1481,.T.);
#2044=ORIENTED_EDGE('',*,*,#1482,.F.);
#2045=ORIENTED_EDGE('',*,*,#1483,.T.);
#2046=ORIENTED_EDGE('',*,*,#1484,.F.);
#2047=ORIENTED_EDGE('',*,*,#1485,.T.);
#2048=ORIENTED_EDGE('',*,*,#1486,.F.);
#2049=ORIENTED_EDGE('',*,*,#1487,.T.);
#2050=ORIENTED_EDGE('',*,*,#1488,.T.);
#2051=ORIENTED_EDGE('',*,*,#1489,.T.);
#2052=ORIENTED_EDGE('',*,*,#1490,.F.);
#2053=ORIENTED_EDGE('',*,*,#1491,.T.);
#2054=ORIENTED_EDGE('',*,*,#1492,.T.);
#2055=ORIENTED_EDGE('',*,*,#1493,.T.);
#2056=ORIENTED_EDGE('',*,*,#1494,.F.);
#2057=ORIENTED_EDGE('',*,*,#1436,.T.);
#2058=ORIENTED_EDGE('',*,*,#1439,.T.);
#2059=ORIENTED_EDGE('',*,*,#1441,.T.);
#2060=ORIENTED_EDGE('',*,*,#1444,.T.);
#2061=ORIENTED_EDGE('',*,*,#1478,.T.);
#2062=ORIENTED_EDGE('',*,*,#1476,.T.);
#2063=ORIENTED_EDGE('',*,*,#1451,.T.);
#2064=ORIENTED_EDGE('',*,*,#1449,.T.);
#2065=ORIENTED_EDGE('',*,*,#1495,.T.);
#2066=ORIENTED_EDGE('',*,*,#1496,.T.);
#2067=ORIENTED_EDGE('',*,*,#1497,.T.);
#2068=ORIENTED_EDGE('',*,*,#1498,.T.);
#2069=ORIENTED_EDGE('',*,*,#1430,.T.);
#2070=ORIENTED_EDGE('',*,*,#1433,.T.);
#2071=ORIENTED_EDGE('',*,*,#1498,.F.);
#2072=ORIENTED_EDGE('',*,*,#1499,.T.);
#2073=ORIENTED_EDGE('',*,*,#1472,.F.);
#2074=ORIENTED_EDGE('',*,*,#1499,.F.);
#2075=ORIENTED_EDGE('',*,*,#1497,.F.);
#2076=ORIENTED_EDGE('',*,*,#1500,.T.);
#2077=ORIENTED_EDGE('',*,*,#1473,.F.);
#2078=ORIENTED_EDGE('',*,*,#1500,.F.);
#2079=ORIENTED_EDGE('',*,*,#1496,.F.);
#2080=ORIENTED_EDGE('',*,*,#1501,.T.);
#2081=ORIENTED_EDGE('',*,*,#1474,.F.);
#2082=ORIENTED_EDGE('',*,*,#1501,.F.);
#2083=ORIENTED_EDGE('',*,*,#1495,.F.);
#2084=ORIENTED_EDGE('',*,*,#1502,.T.);
#2085=ORIENTED_EDGE('',*,*,#1475,.F.);
#2086=ORIENTED_EDGE('',*,*,#1502,.F.);
#2087=ORIENTED_EDGE('',*,*,#1481,.F.);
#2088=ORIENTED_EDGE('',*,*,#1503,.T.);
#2089=ORIENTED_EDGE('',*,*,#1468,.F.);
#2090=ORIENTED_EDGE('',*,*,#1504,.F.);
#2091=ORIENTED_EDGE('',*,*,#1480,.F.);
#2092=ORIENTED_EDGE('',*,*,#1505,.F.);
#2093=ORIENTED_EDGE('',*,*,#1469,.F.);
#2094=ORIENTED_EDGE('',*,*,#1503,.F.);
#2095=ORIENTED_EDGE('',*,*,#1479,.F.);
#2096=ORIENTED_EDGE('',*,*,#1506,.F.);
#2097=ORIENTED_EDGE('',*,*,#1454,.F.);
#2098=ORIENTED_EDGE('',*,*,#1505,.T.);
#2099=ORIENTED_EDGE('',*,*,#1504,.T.);
#2100=ORIENTED_EDGE('',*,*,#1467,.T.);
#2101=ORIENTED_EDGE('',*,*,#1507,.T.);
#2102=ORIENTED_EDGE('',*,*,#1482,.T.);
#2103=ORIENTED_EDGE('',*,*,#1489,.F.);
#2104=ORIENTED_EDGE('',*,*,#1508,.T.);
#2105=ORIENTED_EDGE('',*,*,#1460,.F.);
#2106=ORIENTED_EDGE('',*,*,#1509,.F.);
#2107=ORIENTED_EDGE('',*,*,#1488,.F.);
#2108=ORIENTED_EDGE('',*,*,#1510,.F.);
#2109=ORIENTED_EDGE('',*,*,#1461,.F.);
#2110=ORIENTED_EDGE('',*,*,#1508,.F.);
#2111=ORIENTED_EDGE('',*,*,#1487,.F.);
#2112=ORIENTED_EDGE('',*,*,#1511,.F.);
#2113=ORIENTED_EDGE('',*,*,#1462,.F.);
#2114=ORIENTED_EDGE('',*,*,#1510,.T.);
#2115=ORIENTED_EDGE('',*,*,#1509,.T.);
#2116=ORIENTED_EDGE('',*,*,#1459,.T.);
#2117=ORIENTED_EDGE('',*,*,#1512,.T.);
#2118=ORIENTED_EDGE('',*,*,#1490,.T.);
#2119=ORIENTED_EDGE('',*,*,#1507,.F.);
#2120=ORIENTED_EDGE('',*,*,#1466,.F.);
#2121=ORIENTED_EDGE('',*,*,#1513,.T.);
#2122=ORIENTED_EDGE('',*,*,#1483,.F.);
#2123=ORIENTED_EDGE('',*,*,#1514,.T.);
#2124=ORIENTED_EDGE('',*,*,#1464,.F.);
#2125=ORIENTED_EDGE('',*,*,#1515,.F.);
#2126=ORIENTED_EDGE('',*,*,#1485,.F.);
#2127=ORIENTED_EDGE('',*,*,#1516,.T.);
#2128=ORIENTED_EDGE('',*,*,#1456,.F.);
#2129=ORIENTED_EDGE('',*,*,#1517,.F.);
#2130=ORIENTED_EDGE('',*,*,#1493,.F.);
#2131=ORIENTED_EDGE('',*,*,#1518,.T.);
#2132=ORIENTED_EDGE('',*,*,#1491,.F.);
#2133=ORIENTED_EDGE('',*,*,#1512,.F.);
#2134=ORIENTED_EDGE('',*,*,#1458,.F.);
#2135=ORIENTED_EDGE('',*,*,#1484,.T.);
#2136=ORIENTED_EDGE('',*,*,#1513,.F.);
#2137=ORIENTED_EDGE('',*,*,#1465,.F.);
#2138=ORIENTED_EDGE('',*,*,#1514,.F.);
#2139=ORIENTED_EDGE('',*,*,#1457,.T.);
#2140=ORIENTED_EDGE('',*,*,#1516,.F.);
#2141=ORIENTED_EDGE('',*,*,#1492,.F.);
#2142=ORIENTED_EDGE('',*,*,#1518,.F.);
#2143=ORIENTED_EDGE('',*,*,#1511,.T.);
#2144=ORIENTED_EDGE('',*,*,#1486,.T.);
#2145=ORIENTED_EDGE('',*,*,#1515,.T.);
#2146=ORIENTED_EDGE('',*,*,#1463,.T.);
#2147=ORIENTED_EDGE('',*,*,#1506,.T.);
#2148=ORIENTED_EDGE('',*,*,#1494,.T.);
#2149=ORIENTED_EDGE('',*,*,#1517,.T.);
#2150=ORIENTED_EDGE('',*,*,#1455,.T.);
#2151=ORIENTED_EDGE('',*,*,#1519,.F.);
#2152=ORIENTED_EDGE('',*,*,#1520,.F.);
#2153=ORIENTED_EDGE('',*,*,#1521,.F.);
#2154=ORIENTED_EDGE('',*,*,#1522,.F.);
#2155=ORIENTED_EDGE('',*,*,#1523,.T.);
#2156=ORIENTED_EDGE('',*,*,#1524,.F.);
#2157=ORIENTED_EDGE('',*,*,#1520,.T.);
#2158=ORIENTED_EDGE('',*,*,#1525,.F.);
#2159=ORIENTED_EDGE('',*,*,#1526,.T.);
#2160=ORIENTED_EDGE('',*,*,#1527,.F.);
#2161=ORIENTED_EDGE('',*,*,#1523,.F.);
#2162=ORIENTED_EDGE('',*,*,#1528,.F.);
#2163=ORIENTED_EDGE('',*,*,#1526,.F.);
#2164=ORIENTED_EDGE('',*,*,#1529,.F.);
#2165=ORIENTED_EDGE('',*,*,#1530,.F.);
#2166=ORIENTED_EDGE('',*,*,#1531,.F.);
#2167=ORIENTED_EDGE('',*,*,#1532,.F.);
#2168=ORIENTED_EDGE('',*,*,#1533,.T.);
#2169=ORIENTED_EDGE('',*,*,#1534,.F.);
#2170=ORIENTED_EDGE('',*,*,#1530,.T.);
#2171=ORIENTED_EDGE('',*,*,#1535,.F.);
#2172=ORIENTED_EDGE('',*,*,#1536,.T.);
#2173=ORIENTED_EDGE('',*,*,#1537,.F.);
#2174=ORIENTED_EDGE('',*,*,#1533,.F.);
#2175=ORIENTED_EDGE('',*,*,#1538,.F.);
#2176=ORIENTED_EDGE('',*,*,#1536,.F.);
#2177=ORIENTED_EDGE('',*,*,#1539,.F.);
#2178=ORIENTED_EDGE('',*,*,#1540,.T.);
#2179=ORIENTED_EDGE('',*,*,#1541,.F.);
#2180=ORIENTED_EDGE('',*,*,#1540,.F.);
#2181=ORIENTED_EDGE('',*,*,#1524,.T.);
#2182=ORIENTED_EDGE('',*,*,#1527,.T.);
#2183=ORIENTED_EDGE('',*,*,#1528,.T.);
#2184=ORIENTED_EDGE('',*,*,#1525,.T.);
#2185=ORIENTED_EDGE('',*,*,#1519,.T.);
#2186=ORIENTED_EDGE('',*,*,#1534,.T.);
#2187=ORIENTED_EDGE('',*,*,#1537,.T.);
#2188=ORIENTED_EDGE('',*,*,#1538,.T.);
#2189=ORIENTED_EDGE('',*,*,#1535,.T.);
#2190=ORIENTED_EDGE('',*,*,#1529,.T.);
#2191=ORIENTED_EDGE('',*,*,#1542,.F.);
#2192=ORIENTED_EDGE('',*,*,#1543,.T.);
#2193=ORIENTED_EDGE('',*,*,#1544,.F.);
#2194=ORIENTED_EDGE('',*,*,#1543,.F.);
#2195=ORIENTED_EDGE('',*,*,#1521,.T.);
#2196=ORIENTED_EDGE('',*,*,#1522,.T.);
#2197=ORIENTED_EDGE('',*,*,#1531,.T.);
#2198=ORIENTED_EDGE('',*,*,#1532,.T.);
#2199=ORIENTED_EDGE('',*,*,#1544,.T.);
#2200=ORIENTED_EDGE('',*,*,#1539,.T.);
#2201=ORIENTED_EDGE('',*,*,#1542,.T.);
#2202=ORIENTED_EDGE('',*,*,#1541,.T.);
#2203=PLANE('',#2460);
#2204=PLANE('',#2461);
#2205=PLANE('',#2462);
#2206=PLANE('',#2463);
#2207=PLANE('',#2464);
#2208=PLANE('',#2465);
#2209=PLANE('',#2466);
#2210=PLANE('',#2467);
#2211=PLANE('',#2468);
#2212=PLANE('',#2469);
#2213=PLANE('',#2471);
#2214=PLANE('',#2472);
#2215=PLANE('',#2473);
#2216=PLANE('',#2474);
#2217=PLANE('',#2475);
#2218=PLANE('',#2476);
#2219=PLANE('',#2479);
#2220=PLANE('',#2480);
#2221=PLANE('',#2481);
#2222=PLANE('',#2482);
#2223=PLANE('',#2486);
#2224=PLANE('',#2490);
#2225=PLANE('',#2491);
#2226=PLANE('',#2492);
#2227=PLANE('',#2493);
#2228=PLANE('',#2494);
#2229=PLANE('',#2495);
#2230=PLANE('',#2499);
#2231=PLANE('',#2503);
#2232=PLANE('',#2504);
#2233=PLANE('',#2505);
#2234=PLANE('',#2506);
#2235=PLANE('',#2507);
#2236=PLANE('',#2508);
#2237=PLANE('',#2512);
#2238=PLANE('',#2516);
#2239=PLANE('',#2518);
#2240=PLANE('',#2521);
#2241=PLANE('',#2523);
#2242=PLANE('',#2524);
#2243=PLANE('',#2525);
#2244=PLANE('',#2526);
#2245=PLANE('',#2527);
#2246=PLANE('',#2528);
#2247=PLANE('',#2531);
#2248=PLANE('',#2535);
#2249=PLANE('',#2536);
#2250=PLANE('',#2537);
#2251=PLANE('',#2544);
#2252=PLANE('',#2546);
#2253=PLANE('',#2547);
#2254=PLANE('',#2548);
#2255=PLANE('',#2549);
#2256=PLANE('',#2550);
#2257=PLANE('',#2551);
#2258=PLANE('',#2554);
#2259=PLANE('',#2561);
#2260=PLANE('',#2562);
#2261=PLANE('',#2566);
#2262=PLANE('',#2570);
#2263=PLANE('',#2571);
#2264=PLANE('',#2572);
#2265=PLANE('',#2573);
#2266=PLANE('',#2574);
#2267=PLANE('',#2575);
#2268=PLANE('',#2576);
#2269=PLANE('',#2580);
#2270=PLANE('',#2584);
#2271=PLANE('',#2585);
#2272=PLANE('',#2586);
#2273=PLANE('',#2587);
#2274=PLANE('',#2588);
#2275=PLANE('',#2589);
#2276=PLANE('',#2590);
#2277=PLANE('',#2609);
#2278=PLANE('',#2610);
#2279=PLANE('',#2611);
#2280=PLANE('',#2620);
#2281=PLANE('',#2621);
#2282=PLANE('',#2622);
#2283=PLANE('',#2635);
#2284=PLANE('',#2636);
#2285=PLANE('',#2637);
#2286=PLANE('',#2638);
#2287=PLANE('',#2639);
#2288=PLANE('',#2640);
#2289=PLANE('',#2641);
#2290=PLANE('',#2642);
#2291=PLANE('',#2647);
#2292=PLANE('',#2648);
#2293=PLANE('',#2649);
#2294=PLANE('',#2650);
#2295=PLANE('',#2651);
#2296=PLANE('',#2655);
#2297=PLANE('',#2656);
#2298=PLANE('',#2660);
#2299=PLANE('',#2667);
#2300=PLANE('',#2668);
#2301=ADVANCED_FACE('',(#196),#2203,.T.);
#2302=ADVANCED_FACE('',(#197),#2204,.F.);
#2303=ADVANCED_FACE('',(#198),#2205,.F.);
#2304=ADVANCED_FACE('',(#199),#2206,.F.);
#2305=ADVANCED_FACE('',(#200),#2207,.F.);
#2306=ADVANCED_FACE('',(#201),#2208,.F.);
#2307=ADVANCED_FACE('',(#202),#2209,.T.);
#2308=ADVANCED_FACE('',(#203),#2210,.F.);
#2309=ADVANCED_FACE('',(#204),#2211,.T.);
#2310=ADVANCED_FACE('',(#205,#64),#2212,.F.);
#2311=ADVANCED_FACE('',(#206),#2213,.F.);
#2312=ADVANCED_FACE('',(#207),#2214,.T.);
#2313=ADVANCED_FACE('',(#208),#2215,.T.);
#2314=ADVANCED_FACE('',(#209),#2216,.T.);
#2315=ADVANCED_FACE('',(#210),#2217,.T.);
#2316=ADVANCED_FACE('',(#211),#2218,.T.);
#2317=ADVANCED_FACE('',(#212),#27,.F.);
#2318=ADVANCED_FACE('',(#213),#2219,.F.);
#2319=ADVANCED_FACE('',(#214),#2220,.F.);
#2320=ADVANCED_FACE('',(#215),#2221,.F.);
#2321=ADVANCED_FACE('',(#216,#65),#2222,.F.);
#2322=ADVANCED_FACE('',(#217),#28,.F.);
#2323=ADVANCED_FACE('',(#218),#2223,.T.);
#2324=ADVANCED_FACE('',(#219),#29,.T.);
#2325=ADVANCED_FACE('',(#220),#2224,.T.);
#2326=ADVANCED_FACE('',(#221),#2225,.T.);
#2327=ADVANCED_FACE('',(#222),#2226,.T.);
#2328=ADVANCED_FACE('',(#223),#2227,.T.);
#2329=ADVANCED_FACE('',(#224,#66),#2228,.T.);
#2330=ADVANCED_FACE('',(#225,#67),#2229,.F.);
#2331=ADVANCED_FACE('',(#226),#30,.F.);
#2332=ADVANCED_FACE('',(#227),#2230,.T.);
#2333=ADVANCED_FACE('',(#228),#31,.T.);
#2334=ADVANCED_FACE('',(#229),#2231,.T.);
#2335=ADVANCED_FACE('',(#230),#2232,.T.);
#2336=ADVANCED_FACE('',(#231),#2233,.T.);
#2337=ADVANCED_FACE('',(#232),#2234,.T.);
#2338=ADVANCED_FACE('',(#233,#68),#2235,.T.);
#2339=ADVANCED_FACE('',(#234,#69),#2236,.F.);
#2340=ADVANCED_FACE('',(#235),#32,.F.);
#2341=ADVANCED_FACE('',(#236),#2237,.T.);
#2342=ADVANCED_FACE('',(#237),#33,.T.);
#2343=ADVANCED_FACE('',(#238),#2238,.F.);
#2344=ADVANCED_FACE('',(#239),#2239,.F.);
#2345=ADVANCED_FACE('',(#240),#34,.F.);
#2346=ADVANCED_FACE('',(#241,#70),#2240,.T.);
#2347=ADVANCED_FACE('',(#242),#2241,.T.);
#2348=ADVANCED_FACE('',(#243),#2242,.T.);
#2349=ADVANCED_FACE('',(#244),#2243,.T.);
#2350=ADVANCED_FACE('',(#245),#2244,.T.);
#2351=ADVANCED_FACE('',(#246),#2245,.T.);
#2352=ADVANCED_FACE('',(#247),#2246,.T.);
#2353=ADVANCED_FACE('',(#248),#35,.T.);
#2354=ADVANCED_FACE('',(#249,#71),#2247,.F.);
#2355=ADVANCED_FACE('',(#250),#36,.F.);
#2356=ADVANCED_FACE('',(#251),#2248,.T.);
#2357=ADVANCED_FACE('',(#252),#2249,.F.);
#2358=ADVANCED_FACE('',(#253),#2250,.F.);
#2359=ADVANCED_FACE('',(#254),#37,.T.);
#2360=ADVANCED_FACE('',(#255),#38,.F.);
#2361=ADVANCED_FACE('',(#256,#72),#2251,.F.);
#2362=ADVANCED_FACE('',(#257),#2252,.T.);
#2363=ADVANCED_FACE('',(#258),#2253,.T.);
#2364=ADVANCED_FACE('',(#259),#2254,.T.);
#2365=ADVANCED_FACE('',(#260),#2255,.T.);
#2366=ADVANCED_FACE('',(#261),#2256,.T.);
#2367=ADVANCED_FACE('',(#262),#2257,.T.);
#2368=ADVANCED_FACE('',(#263),#39,.T.);
#2369=ADVANCED_FACE('',(#264,#73),#2258,.T.);
#2370=ADVANCED_FACE('',(#265),#40,.F.);
#2371=ADVANCED_FACE('',(#266),#41,.T.);
#2372=ADVANCED_FACE('',(#267,#74),#2259,.T.);
#2373=ADVANCED_FACE('',(#268,#75),#2260,.T.);
#2374=ADVANCED_FACE('',(#269),#42,.F.);
#2375=ADVANCED_FACE('',(#270),#2261,.F.);
#2376=ADVANCED_FACE('',(#271),#43,.F.);
#2377=ADVANCED_FACE('',(#272),#2262,.F.);
#2378=ADVANCED_FACE('',(#273),#2263,.T.);
#2379=ADVANCED_FACE('',(#274),#2264,.F.);
#2380=ADVANCED_FACE('',(#275),#2265,.F.);
#2381=ADVANCED_FACE('',(#276,#76,#77),#2266,.F.);
#2382=ADVANCED_FACE('',(#277),#2267,.F.);
#2383=ADVANCED_FACE('',(#278),#2268,.F.);
#2384=ADVANCED_FACE('',(#279),#44,.F.);
#2385=ADVANCED_FACE('',(#280),#2269,.F.);
#2386=ADVANCED_FACE('',(#281),#45,.F.);
#2387=ADVANCED_FACE('',(#282),#2270,.F.);
#2388=ADVANCED_FACE('',(#283),#2271,.T.);
#2389=ADVANCED_FACE('',(#284),#2272,.F.);
#2390=ADVANCED_FACE('',(#285),#2273,.F.);
#2391=ADVANCED_FACE('',(#286,#78,#79),#2274,.F.);
#2392=ADVANCED_FACE('',(#287),#2275,.F.);
#2393=ADVANCED_FACE('',(#288),#2276,.F.);
#2394=ADVANCED_FACE('',(#289),#46,.F.);
#2395=ADVANCED_FACE('',(#290),#47,.F.);
#2396=ADVANCED_FACE('',(#291),#48,.F.);
#2397=ADVANCED_FACE('',(#292),#49,.F.);
#2398=ADVANCED_FACE('',(#293),#50,.F.);
#2399=ADVANCED_FACE('',(#294),#51,.F.);
#2400=ADVANCED_FACE('',(#295),#2277,.T.);
#2401=ADVANCED_FACE('',(#296),#2278,.T.);
#2402=ADVANCED_FACE('',(#297,#80,#81,#82,#83,#84,#85,#86,#87,#88),#2279,
 .F.);
#2403=ADVANCED_FACE('',(#298),#2280,.F.);
#2404=ADVANCED_FACE('',(#299),#2281,.T.);
#2405=ADVANCED_FACE('',(#300,#89,#90,#91,#92,#93,#94,#95,#96,#97),#2282,
 .F.);
#2406=ADVANCED_FACE('',(#301),#52,.F.);
#2407=ADVANCED_FACE('',(#302),#53,.F.);
#2408=ADVANCED_FACE('',(#303),#54,.F.);
#2409=ADVANCED_FACE('',(#304),#55,.F.);
#2410=ADVANCED_FACE('',(#305),#2283,.T.);
#2411=ADVANCED_FACE('',(#306),#2284,.F.);
#2412=ADVANCED_FACE('',(#307),#2285,.T.);
#2413=ADVANCED_FACE('',(#308),#2286,.F.);
#2414=ADVANCED_FACE('',(#309),#2287,.T.);
#2415=ADVANCED_FACE('',(#310),#2288,.T.);
#2416=ADVANCED_FACE('',(#311),#2289,.T.);
#2417=ADVANCED_FACE('',(#312),#2290,.T.);
#2418=ADVANCED_FACE('',(#313),#56,.T.);
#2419=ADVANCED_FACE('',(#314),#57,.T.);
#2420=ADVANCED_FACE('',(#315),#58,.T.);
#2421=ADVANCED_FACE('',(#316),#59,.T.);
#2422=ADVANCED_FACE('',(#317),#2291,.F.);
#2423=ADVANCED_FACE('',(#318),#2292,.F.);
#2424=ADVANCED_FACE('',(#319),#2293,.T.);
#2425=ADVANCED_FACE('',(#320),#2294,.F.);
#2426=ADVANCED_FACE('',(#321),#2295,.F.);
#2427=ADVANCED_FACE('',(#322),#60,.F.);
#2428=ADVANCED_FACE('',(#323),#2296,.F.);
#2429=ADVANCED_FACE('',(#324),#2297,.F.);
#2430=ADVANCED_FACE('',(#325),#61,.F.);
#2431=ADVANCED_FACE('',(#326),#2298,.F.);
#2432=ADVANCED_FACE('',(#327,#98,#99),#62,.F.);
#2433=ADVANCED_FACE('',(#328,#100,#101),#63,.T.);
#2434=ADVANCED_FACE('',(#329,#102),#2299,.T.);
#2435=ADVANCED_FACE('',(#330,#103),#2300,.T.);
#2436=CLOSED_SHELL('',(#2301,#2302,#2303,#2304,#2305,#2306));
#2437=CLOSED_SHELL('',(#2307,#2308,#2309,#2310,#2311,#2312,#2313,#2314,
#2315,#2316,#2317,#2318,#2319,#2320,#2321));
#2438=CLOSED_SHELL('',(#2322,#2323,#2324,#2325,#2326,#2327,#2328,#2329,
#2330));
#2439=CLOSED_SHELL('',(#2331,#2332,#2333,#2334,#2335,#2336,#2337,#2338,
#2339));
#2440=CLOSED_SHELL('',(#2340,#2341,#2342,#2343,#2344,#2345,#2346,#2347,
#2348,#2349,#2350,#2351,#2352,#2353,#2354));
#2441=CLOSED_SHELL('',(#2355,#2356,#2357,#2358,#2359,#2360,#2361,#2362,
#2363,#2364,#2365,#2366,#2367,#2368,#2369));
#2442=CLOSED_SHELL('',(#2370,#2371,#2372,#2373));
#2443=CLOSED_SHELL('',(#2374,#2375,#2376,#2377,#2378,#2379,#2380,#2381,
#2382,#2383));
#2444=CLOSED_SHELL('',(#2384,#2385,#2386,#2387,#2388,#2389,#2390,#2391,
#2392,#2393));
#2445=CLOSED_SHELL('',(#2394,#2395,#2396,#2397,#2398,#2399,#2400,#2401,
#2402,#2403,#2404,#2405,#2406,#2407,#2408,#2409,#2410,#2411,#2412,#2413,
#2414,#2415,#2416,#2417,#2418,#2419,#2420,#2421,#2422,#2423,#2424,#2425));
#2446=CLOSED_SHELL('',(#2426,#2427,#2428,#2429,#2430,#2431,#2432,#2433,
#2434,#2435));
#2447=DERIVED_UNIT_ELEMENT(#2449,1.);
#2448=DERIVED_UNIT_ELEMENT(#4130,-3.);
#2449=(
MASS_UNIT()
NAMED_UNIT(*)
SI_UNIT(.KILO.,.GRAM.)
);
#2450=DERIVED_UNIT((#2447,#2448));
#2451=MEASURE_REPRESENTATION_ITEM('density measure',
POSITIVE_RATIO_MEASURE(7850.),#2450);
#2452=PROPERTY_DEFINITION_REPRESENTATION(#2457,#2454);
#2453=PROPERTY_DEFINITION_REPRESENTATION(#2458,#2455);
#2454=REPRESENTATION('material name',(#2456),#4127);
#2455=REPRESENTATION('density',(#2451),#4127);
#2456=DESCRIPTIVE_REPRESENTATION_ITEM('Steel','Steel');
#2457=PROPERTY_DEFINITION('material property','material name',#4137);
#2458=PROPERTY_DEFINITION('material property','density of part',#4137);
#2459=AXIS2_PLACEMENT_3D('',#3334,#2669,#2670);
#2460=AXIS2_PLACEMENT_3D('',#3335,#2671,#2672);
#2461=AXIS2_PLACEMENT_3D('',#3344,#2677,#2678);
#2462=AXIS2_PLACEMENT_3D('',#3353,#2683,#2684);
#2463=AXIS2_PLACEMENT_3D('',#3356,#2687,#2688);
#2464=AXIS2_PLACEMENT_3D('',#3358,#2690,#2691);
#2465=AXIS2_PLACEMENT_3D('',#3360,#2693,#2694);
#2466=AXIS2_PLACEMENT_3D('',#3361,#2695,#2696);
#2467=AXIS2_PLACEMENT_3D('',#3370,#2701,#2702);
#2468=AXIS2_PLACEMENT_3D('',#3376,#2706,#2707);
#2469=AXIS2_PLACEMENT_3D('',#3382,#2711,#2712);
#2470=AXIS2_PLACEMENT_3D('',#3401,#2722,#2723);
#2471=AXIS2_PLACEMENT_3D('',#3402,#2724,#2725);
#2472=AXIS2_PLACEMENT_3D('',#3406,#2728,#2729);
#2473=AXIS2_PLACEMENT_3D('',#3412,#2733,#2734);
#2474=AXIS2_PLACEMENT_3D('',#3416,#2737,#2738);
#2475=AXIS2_PLACEMENT_3D('',#3420,#2741,#2742);
#2476=AXIS2_PLACEMENT_3D('',#3424,#2745,#2746);
#2477=AXIS2_PLACEMENT_3D('',#3428,#2749,#2750);
#2478=AXIS2_PLACEMENT_3D('',#3431,#2752,#2753);
#2479=AXIS2_PLACEMENT_3D('',#3432,#2754,#2755);
#2480=AXIS2_PLACEMENT_3D('',#3436,#2758,#2759);
#2481=AXIS2_PLACEMENT_3D('',#3438,#2761,#2762);
#2482=AXIS2_PLACEMENT_3D('',#3440,#2764,#2765);
#2483=AXIS2_PLACEMENT_3D('',#3441,#2766,#2767);
#2484=AXIS2_PLACEMENT_3D('',#3443,#2768,#2769);
#2485=AXIS2_PLACEMENT_3D('',#3446,#2771,#2772);
#2486=AXIS2_PLACEMENT_3D('',#3447,#2773,#2774);
#2487=AXIS2_PLACEMENT_3D('',#3456,#2779,#2780);
#2488=AXIS2_PLACEMENT_3D('',#3458,#2781,#2782);
#2489=AXIS2_PLACEMENT_3D('',#3460,#2783,#2784);
#2490=AXIS2_PLACEMENT_3D('',#3462,#2786,#2787);
#2491=AXIS2_PLACEMENT_3D('',#3468,#2791,#2792);
#2492=AXIS2_PLACEMENT_3D('',#3474,#2796,#2797);
#2493=AXIS2_PLACEMENT_3D('',#3480,#2801,#2802);
#2494=AXIS2_PLACEMENT_3D('',#3483,#2805,#2806);
#2495=AXIS2_PLACEMENT_3D('',#3484,#2807,#2808);
#2496=AXIS2_PLACEMENT_3D('',#3485,#2809,#2810);
#2497=AXIS2_PLACEMENT_3D('',#3487,#2811,#2812);
#2498=AXIS2_PLACEMENT_3D('',#3490,#2814,#2815);
#2499=AXIS2_PLACEMENT_3D('',#3491,#2816,#2817);
#2500=AXIS2_PLACEMENT_3D('',#3500,#2822,#2823);
#2501=AXIS2_PLACEMENT_3D('',#3502,#2824,#2825);
#2502=AXIS2_PLACEMENT_3D('',#3504,#2826,#2827);
#2503=AXIS2_PLACEMENT_3D('',#3506,#2829,#2830);
#2504=AXIS2_PLACEMENT_3D('',#3512,#2834,#2835);
#2505=AXIS2_PLACEMENT_3D('',#3518,#2839,#2840);
#2506=AXIS2_PLACEMENT_3D('',#3524,#2844,#2845);
#2507=AXIS2_PLACEMENT_3D('',#3527,#2848,#2849);
#2508=AXIS2_PLACEMENT_3D('',#3528,#2850,#2851);
#2509=AXIS2_PLACEMENT_3D('',#3529,#2852,#2853);
#2510=AXIS2_PLACEMENT_3D('',#3531,#2854,#2855);
#2511=AXIS2_PLACEMENT_3D('',#3534,#2857,#2858);
#2512=AXIS2_PLACEMENT_3D('',#3535,#2859,#2860);
#2513=AXIS2_PLACEMENT_3D('',#3544,#2865,#2866);
#2514=AXIS2_PLACEMENT_3D('',#3546,#2867,#2868);
#2515=AXIS2_PLACEMENT_3D('',#3548,#2869,#2870);
#2516=AXIS2_PLACEMENT_3D('',#3550,#2872,#2873);
#2517=AXIS2_PLACEMENT_3D('',#3556,#2876,#2877);
#2518=AXIS2_PLACEMENT_3D('',#3558,#2879,#2880);
#2519=AXIS2_PLACEMENT_3D('',#3564,#2884,#2885);
#2520=AXIS2_PLACEMENT_3D('',#3566,#2886,#2887);
#2521=AXIS2_PLACEMENT_3D('',#3568,#2889,#2890);
#2522=AXIS2_PLACEMENT_3D('',#3580,#2896,#2897);
#2523=AXIS2_PLACEMENT_3D('',#3582,#2899,#2900);
#2524=AXIS2_PLACEMENT_3D('',#3586,#2903,#2904);
#2525=AXIS2_PLACEMENT_3D('',#3592,#2908,#2909);
#2526=AXIS2_PLACEMENT_3D('',#3596,#2912,#2913);
#2527=AXIS2_PLACEMENT_3D('',#3600,#2916,#2917);
#2528=AXIS2_PLACEMENT_3D('',#3602,#2919,#2920);
#2529=AXIS2_PLACEMENT_3D('',#3606,#2923,#2924);
#2530=AXIS2_PLACEMENT_3D('',#3607,#2925,#2926);
#2531=AXIS2_PLACEMENT_3D('',#3608,#2927,#2928);
#2532=AXIS2_PLACEMENT_3D('',#3609,#2929,#2930);
#2533=AXIS2_PLACEMENT_3D('',#3611,#2931,#2932);
#2534=AXIS2_PLACEMENT_3D('',#3614,#2934,#2935);
#2535=AXIS2_PLACEMENT_3D('',#3615,#2936,#2937);
#2536=AXIS2_PLACEMENT_3D('',#3624,#2942,#2943);
#2537=AXIS2_PLACEMENT_3D('',#3633,#2948,#2949);
#2538=AXIS2_PLACEMENT_3D('',#3637,#2951,#2952);
#2539=AXIS2_PLACEMENT_3D('',#3639,#2954,#2955);
#2540=AXIS2_PLACEMENT_3D('',#3640,#2956,#2957);
#2541=AXIS2_PLACEMENT_3D('',#3642,#2958,#2959);
#2542=AXIS2_PLACEMENT_3D('',#3644,#2961,#2962);
#2543=AXIS2_PLACEMENT_3D('',#3647,#2964,#2965);
#2544=AXIS2_PLACEMENT_3D('',#3648,#2966,#2967);
#2545=AXIS2_PLACEMENT_3D('',#3652,#2969,#2970);
#2546=AXIS2_PLACEMENT_3D('',#3662,#2976,#2977);
#2547=AXIS2_PLACEMENT_3D('',#3666,#2980,#2981);
#2548=AXIS2_PLACEMENT_3D('',#3670,#2984,#2985);
#2549=AXIS2_PLACEMENT_3D('',#3676,#2989,#2990);
#2550=AXIS2_PLACEMENT_3D('',#3680,#2993,#2994);
#2551=AXIS2_PLACEMENT_3D('',#3684,#2997,#2998);
#2552=AXIS2_PLACEMENT_3D('',#3686,#3000,#3001);
#2553=AXIS2_PLACEMENT_3D('',#3687,#3002,#3003);
#2554=AXIS2_PLACEMENT_3D('',#3688,#3004,#3005);
#2555=AXIS2_PLACEMENT_3D('',#3689,#3006,#3007);
#2556=AXIS2_PLACEMENT_3D('',#3691,#3008,#3009);
#2557=AXIS2_PLACEMENT_3D('',#3694,#3011,#3012);
#2558=AXIS2_PLACEMENT_3D('',#3695,#3013,#3014);
#2559=AXIS2_PLACEMENT_3D('',#3697,#3015,#3016);
#2560=AXIS2_PLACEMENT_3D('',#3700,#3018,#3019);
#2561=AXIS2_PLACEMENT_3D('',#3701,#3020,#3021);
#2562=AXIS2_PLACEMENT_3D('',#3702,#3022,#3023);
#2563=AXIS2_PLACEMENT_3D('',#3703,#3024,#3025);
#2564=AXIS2_PLACEMENT_3D('',#3705,#3026,#3027);
#2565=AXIS2_PLACEMENT_3D('',#3708,#3029,#3030);
#2566=AXIS2_PLACEMENT_3D('',#3709,#3031,#3032);
#2567=AXIS2_PLACEMENT_3D('',#3710,#3033,#3034);
#2568=AXIS2_PLACEMENT_3D('',#3712,#3035,#3036);
#2569=AXIS2_PLACEMENT_3D('',#3715,#3038,#3039);
#2570=AXIS2_PLACEMENT_3D('',#3716,#3040,#3041);
#2571=AXIS2_PLACEMENT_3D('',#3717,#3042,#3043);
#2572=AXIS2_PLACEMENT_3D('',#3726,#3048,#3049);
#2573=AXIS2_PLACEMENT_3D('',#3735,#3054,#3055);
#2574=AXIS2_PLACEMENT_3D('',#3738,#3058,#3059);
#2575=AXIS2_PLACEMENT_3D('',#3740,#3061,#3062);
#2576=AXIS2_PLACEMENT_3D('',#3742,#3064,#3065);
#2577=AXIS2_PLACEMENT_3D('',#3743,#3066,#3067);
#2578=AXIS2_PLACEMENT_3D('',#3745,#3068,#3069);
#2579=AXIS2_PLACEMENT_3D('',#3748,#3071,#3072);
#2580=AXIS2_PLACEMENT_3D('',#3749,#3073,#3074);
#2581=AXIS2_PLACEMENT_3D('',#3750,#3075,#3076);
#2582=AXIS2_PLACEMENT_3D('',#3752,#3077,#3078);
#2583=AXIS2_PLACEMENT_3D('',#3755,#3080,#3081);
#2584=AXIS2_PLACEMENT_3D('',#3756,#3082,#3083);
#2585=AXIS2_PLACEMENT_3D('',#3757,#3084,#3085);
#2586=AXIS2_PLACEMENT_3D('',#3766,#3090,#3091);
#2587=AXIS2_PLACEMENT_3D('',#3775,#3096,#3097);
#2588=AXIS2_PLACEMENT_3D('',#3778,#3100,#3101);
#2589=AXIS2_PLACEMENT_3D('',#3780,#3103,#3104);
#2590=AXIS2_PLACEMENT_3D('',#3782,#3106,#3107);
#2591=AXIS2_PLACEMENT_3D('',#3783,#3108,#3109);
#2592=AXIS2_PLACEMENT_3D('',#3788,#3111,#3112);
#2593=AXIS2_PLACEMENT_3D('',#3791,#3114,#3115);
#2594=AXIS2_PLACEMENT_3D('',#3792,#3116,#3117);
#2595=AXIS2_PLACEMENT_3D('',#3793,#3118,#3119);
#2596=AXIS2_PLACEMENT_3D('',#3794,#3120,#3121);
#2597=AXIS2_PLACEMENT_3D('',#3795,#3122,#3123);
#2598=AXIS2_PLACEMENT_3D('',#3800,#3125,#3126);
#2599=AXIS2_PLACEMENT_3D('',#3803,#3128,#3129);
#2600=AXIS2_PLACEMENT_3D('',#3804,#3130,#3131);
#2601=AXIS2_PLACEMENT_3D('',#3805,#3132,#3133);
#2602=AXIS2_PLACEMENT_3D('',#3806,#3134,#3135);
#2603=AXIS2_PLACEMENT_3D('',#3807,#3136,#3137);
#2604=AXIS2_PLACEMENT_3D('',#3809,#3138,#3139);
#2605=AXIS2_PLACEMENT_3D('',#3812,#3141,#3142);
#2606=AXIS2_PLACEMENT_3D('',#3813,#3143,#3144);
#2607=AXIS2_PLACEMENT_3D('',#3815,#3145,#3146);
#2608=AXIS2_PLACEMENT_3D('',#3818,#3148,#3149);
#2609=AXIS2_PLACEMENT_3D('',#3819,#3150,#3151);
#2610=AXIS2_PLACEMENT_3D('',#3828,#3156,#3157);
#2611=AXIS2_PLACEMENT_3D('',#3834,#3161,#3162);
#2612=AXIS2_PLACEMENT_3D('',#3841,#3165,#3166);
#2613=AXIS2_PLACEMENT_3D('',#3845,#3168,#3169);
#2614=AXIS2_PLACEMENT_3D('',#3857,#3175,#3176);
#2615=AXIS2_PLACEMENT_3D('',#3861,#3178,#3179);
#2616=AXIS2_PLACEMENT_3D('',#3871,#3185,#3186);
#2617=AXIS2_PLACEMENT_3D('',#3873,#3187,#3188);
#2618=AXIS2_PLACEMENT_3D('',#3875,#3189,#3190);
#2619=AXIS2_PLACEMENT_3D('',#3877,#3191,#3192);
#2620=AXIS2_PLACEMENT_3D('',#3878,#3193,#3194);
#2621=AXIS2_PLACEMENT_3D('',#3882,#3197,#3198);
#2622=AXIS2_PLACEMENT_3D('',#3884,#3200,#3201);
#2623=AXIS2_PLACEMENT_3D('',#3895,#3206,#3207);
#2624=AXIS2_PLACEMENT_3D('',#3899,#3209,#3210);
#2625=AXIS2_PLACEMENT_3D('',#3911,#3216,#3217);
#2626=AXIS2_PLACEMENT_3D('',#3915,#3219,#3220);
#2627=AXIS2_PLACEMENT_3D('',#3918,#3222,#3223);
#2628=AXIS2_PLACEMENT_3D('',#3920,#3224,#3225);
#2629=AXIS2_PLACEMENT_3D('',#3922,#3226,#3227);
#2630=AXIS2_PLACEMENT_3D('',#3924,#3228,#3229);
#2631=AXIS2_PLACEMENT_3D('',#3925,#3230,#3231);
#2632=AXIS2_PLACEMENT_3D('',#3927,#3233,#3234);
#2633=AXIS2_PLACEMENT_3D('',#3929,#3236,#3237);
#2634=AXIS2_PLACEMENT_3D('',#3931,#3239,#3240);
#2635=AXIS2_PLACEMENT_3D('',#3933,#3242,#3243);
#2636=AXIS2_PLACEMENT_3D('',#3936,#3246,#3247);
#2637=AXIS2_PLACEMENT_3D('',#3938,#3249,#3250);
#2638=AXIS2_PLACEMENT_3D('',#3940,#3252,#3253);
#2639=AXIS2_PLACEMENT_3D('',#3942,#3255,#3256);
#2640=AXIS2_PLACEMENT_3D('',#3945,#3259,#3260);
#2641=AXIS2_PLACEMENT_3D('',#3947,#3262,#3263);
#2642=AXIS2_PLACEMENT_3D('',#3949,#3265,#3266);
#2643=AXIS2_PLACEMENT_3D('',#3951,#3268,#3269);
#2644=AXIS2_PLACEMENT_3D('',#3953,#3271,#3272);
#2645=AXIS2_PLACEMENT_3D('',#3956,#3275,#3276);
#2646=AXIS2_PLACEMENT_3D('',#3959,#3279,#3280);
#2647=AXIS2_PLACEMENT_3D('',#3961,#3282,#3283);
#2648=AXIS2_PLACEMENT_3D('',#3962,#3284,#3285);
#2649=AXIS2_PLACEMENT_3D('',#3963,#3286,#3287);
#2650=AXIS2_PLACEMENT_3D('',#3964,#3288,#3289);
#2651=AXIS2_PLACEMENT_3D('',#3965,#3290,#3291);
#2652=AXIS2_PLACEMENT_3D('',#3969,#3293,#3294);
#2653=AXIS2_PLACEMENT_3D('',#3970,#3295,#3296);
#2654=AXIS2_PLACEMENT_3D('',#4029,#3298,#3299);
#2655=AXIS2_PLACEMENT_3D('',#4036,#3300,#3301);
#2656=AXIS2_PLACEMENT_3D('',#4038,#3303,#3304);
#2657=AXIS2_PLACEMENT_3D('',#4042,#3306,#3307);
#2658=AXIS2_PLACEMENT_3D('',#4043,#3308,#3309);
#2659=AXIS2_PLACEMENT_3D('',#4102,#3311,#3312);
#2660=AXIS2_PLACEMENT_3D('',#4109,#3313,#3314);
#2661=AXIS2_PLACEMENT_3D('',#4111,#3316,#3317);
#2662=AXIS2_PLACEMENT_3D('',#4113,#3318,#3319);
#2663=AXIS2_PLACEMENT_3D('',#4116,#3321,#3322);
#2664=AXIS2_PLACEMENT_3D('',#4117,#3323,#3324);
#2665=AXIS2_PLACEMENT_3D('',#4119,#3325,#3326);
#2666=AXIS2_PLACEMENT_3D('',#4122,#3328,#3329);
#2667=AXIS2_PLACEMENT_3D('',#4123,#3330,#3331);
#2668=AXIS2_PLACEMENT_3D('',#4124,#3332,#3333);
#2669=DIRECTION('axis',(0.,0.,1.));
#2670=DIRECTION('refdir',(1.,0.,0.));
#2671=DIRECTION('center_axis',(0.,0.,1.));
#2672=DIRECTION('ref_axis',(1.,0.,0.));
#2673=DIRECTION('',(0.,1.,0.));
#2674=DIRECTION('',(-1.,0.,0.));
#2675=DIRECTION('',(0.,-1.,0.));
#2676=DIRECTION('',(1.,0.,0.));
#2677=DIRECTION('center_axis',(0.,0.,1.));
#2678=DIRECTION('ref_axis',(1.,0.,0.));
#2679=DIRECTION('',(0.,-1.,0.));
#2680=DIRECTION('',(-1.,0.,0.));
#2681=DIRECTION('',(0.,1.,0.));
#2682=DIRECTION('',(1.,0.,0.));
#2683=DIRECTION('center_axis',(0.,1.,0.));
#2684=DIRECTION('ref_axis',(0.,0.,1.));
#2685=DIRECTION('',(0.,0.,-1.));
#2686=DIRECTION('',(0.,0.,-1.));
#2687=DIRECTION('center_axis',(1.,0.,0.));
#2688=DIRECTION('ref_axis',(0.,0.,-1.));
#2689=DIRECTION('',(0.,0.,-1.));
#2690=DIRECTION('center_axis',(0.,-1.,0.));
#2691=DIRECTION('ref_axis',(0.,0.,-1.));
#2692=DIRECTION('',(0.,0.,-1.));
#2693=DIRECTION('center_axis',(-1.,0.,0.));
#2694=DIRECTION('ref_axis',(0.,0.,1.));
#2695=DIRECTION('center_axis',(0.,1.,0.));
#2696=DIRECTION('ref_axis',(0.,0.,1.));
#2697=DIRECTION('',(0.,0.,-1.));
#2698=DIRECTION('',(1.,0.,0.));
#2699=DIRECTION('',(0.,0.,1.));
#2700=DIRECTION('',(1.,0.,0.));
#2701=DIRECTION('center_axis',(0.,0.,1.));
#2702=DIRECTION('ref_axis',(1.,0.,0.));
#2703=DIRECTION('',(0.,-1.,0.));
#2704=DIRECTION('',(-1.,0.,0.));
#2705=DIRECTION('',(0.,1.,0.));
#2706=DIRECTION('center_axis',(0.,-1.,0.));
#2707=DIRECTION('ref_axis',(0.,0.,-1.));
#2708=DIRECTION('',(0.,0.,1.));
#2709=DIRECTION('',(-1.,0.,0.));
#2710=DIRECTION('',(0.,0.,-1.));
#2711=DIRECTION('center_axis',(1.,0.,0.));
#2712=DIRECTION('ref_axis',(0.,0.,-1.));
#2713=DIRECTION('',(0.,1.,0.));
#2714=DIRECTION('',(0.,0.,-1.));
#2715=DIRECTION('',(0.,-1.,0.));
#2716=DIRECTION('',(0.,0.,-1.));
#2717=DIRECTION('',(0.,1.,0.));
#2718=DIRECTION('',(0.,0.,1.));
#2719=DIRECTION('',(0.,-1.,0.));
#2720=DIRECTION('',(0.,0.,-1.));
#2721=DIRECTION('',(0.,1.,0.));
#2722=DIRECTION('center_axis',(1.,0.,0.));
#2723=DIRECTION('ref_axis',(0.,0.,-1.));
#2724=DIRECTION('center_axis',(0.,0.,1.));
#2725=DIRECTION('ref_axis',(1.,0.,0.));
#2726=DIRECTION('',(0.,-1.,0.));
#2727=DIRECTION('',(-1.,0.,0.));
#2728=DIRECTION('center_axis',(0.,1.,0.));
#2729=DIRECTION('ref_axis',(0.,0.,1.));
#2730=DIRECTION('',(0.,0.,1.));
#2731=DIRECTION('',(-1.,0.,0.));
#2732=DIRECTION('',(-1.,0.,0.));
#2733=DIRECTION('center_axis',(0.,0.,1.));
#2734=DIRECTION('ref_axis',(1.,0.,0.));
#2735=DIRECTION('',(0.,-1.,0.));
#2736=DIRECTION('',(1.,0.,0.));
#2737=DIRECTION('center_axis',(0.,-1.,0.));
#2738=DIRECTION('ref_axis',(0.,0.,-1.));
#2739=DIRECTION('',(0.,0.,-1.));
#2740=DIRECTION('',(1.,0.,0.));
#2741=DIRECTION('center_axis',(0.,0.,1.));
#2742=DIRECTION('ref_axis',(1.,0.,0.));
#2743=DIRECTION('',(0.,1.,0.));
#2744=DIRECTION('',(-1.,0.,0.));
#2745=DIRECTION('center_axis',(0.,0.,1.));
#2746=DIRECTION('ref_axis',(1.,0.,0.));
#2747=DIRECTION('',(1.,0.,0.));
#2748=DIRECTION('',(0.,1.,0.));
#2749=DIRECTION('center_axis',(1.,0.,0.));
#2750=DIRECTION('ref_axis',(0.,0.,-1.));
#2751=DIRECTION('',(1.,0.,0.));
#2752=DIRECTION('center_axis',(-1.,0.,0.));
#2753=DIRECTION('ref_axis',(0.,0.,-1.));
#2754=DIRECTION('center_axis',(0.,0.,1.));
#2755=DIRECTION('ref_axis',(1.,0.,0.));
#2756=DIRECTION('',(1.,0.,0.));
#2757=DIRECTION('',(0.,-1.,0.));
#2758=DIRECTION('center_axis',(0.,1.,0.));
#2759=DIRECTION('ref_axis',(0.,0.,1.));
#2760=DIRECTION('',(0.,0.,-1.));
#2761=DIRECTION('center_axis',(0.,-1.,0.));
#2762=DIRECTION('ref_axis',(0.,0.,-1.));
#2763=DIRECTION('',(0.,0.,-1.));
#2764=DIRECTION('center_axis',(-1.,0.,0.));
#2765=DIRECTION('ref_axis',(0.,0.,1.));
#2766=DIRECTION('center_axis',(0.,1.,0.));
#2767=DIRECTION('ref_axis',(1.,0.,0.));
#2768=DIRECTION('center_axis',(0.,1.,0.));
#2769=DIRECTION('ref_axis',(1.,0.,0.));
#2770=DIRECTION('',(0.,1.,0.));
#2771=DIRECTION('center_axis',(0.,-1.,0.));
#2772=DIRECTION('ref_axis',(1.,0.,0.));
#2773=DIRECTION('center_axis',(-0.66896473162245,0.,-0.743294146247166));
#2774=DIRECTION('ref_axis',(-0.743294146247166,0.,0.66896473162245));
#2775=DIRECTION('',(-0.743294146247166,0.,0.66896473162245));
#2776=DIRECTION('',(0.,1.,0.));
#2777=DIRECTION('',(-0.743294146247166,0.,0.66896473162245));
#2778=DIRECTION('',(0.,1.,0.));
#2779=DIRECTION('center_axis',(0.,1.,0.));
#2780=DIRECTION('ref_axis',(1.,0.,1.36642833800019E-15));
#2781=DIRECTION('center_axis',(0.,1.,0.));
#2782=DIRECTION('ref_axis',(1.,0.,1.36642833800019E-15));
#2783=DIRECTION('center_axis',(0.,1.,0.));
#2784=DIRECTION('ref_axis',(1.,0.,1.36642833800019E-15));
#2785=DIRECTION('',(0.,1.,0.));
#2786=DIRECTION('center_axis',(0.66896473162245,0.,-0.743294146247166));
#2787=DIRECTION('ref_axis',(-0.743294146247166,0.,-0.66896473162245));
#2788=DIRECTION('',(-0.743294146247166,0.,-0.66896473162245));
#2789=DIRECTION('',(-0.743294146247166,0.,-0.66896473162245));
#2790=DIRECTION('',(0.,1.,0.));
#2791=DIRECTION('center_axis',(1.,0.,0.));
#2792=DIRECTION('ref_axis',(0.,0.,-1.));
#2793=DIRECTION('',(0.,0.,-1.));
#2794=DIRECTION('',(0.,0.,-1.));
#2795=DIRECTION('',(0.,1.,0.));
#2796=DIRECTION('center_axis',(0.,0.,1.));
#2797=DIRECTION('ref_axis',(1.,0.,0.));
#2798=DIRECTION('',(1.,0.,0.));
#2799=DIRECTION('',(1.,0.,0.));
#2800=DIRECTION('',(0.,1.,0.));
#2801=DIRECTION('center_axis',(-1.,0.,0.));
#2802=DIRECTION('ref_axis',(0.,0.,1.));
#2803=DIRECTION('',(0.,0.,1.));
#2804=DIRECTION('',(0.,0.,1.));
#2805=DIRECTION('center_axis',(0.,1.,0.));
#2806=DIRECTION('ref_axis',(1.,0.,0.));
#2807=DIRECTION('center_axis',(0.,1.,0.));
#2808=DIRECTION('ref_axis',(1.,0.,0.));
#2809=DIRECTION('center_axis',(0.,1.,0.));
#2810=DIRECTION('ref_axis',(1.,0.,0.));
#2811=DIRECTION('center_axis',(0.,1.,0.));
#2812=DIRECTION('ref_axis',(1.,0.,0.));
#2813=DIRECTION('',(0.,1.,0.));
#2814=DIRECTION('center_axis',(0.,-1.,0.));
#2815=DIRECTION('ref_axis',(1.,0.,0.));
#2816=DIRECTION('center_axis',(-0.66896473162245,0.,-0.743294146247166));
#2817=DIRECTION('ref_axis',(-0.743294146247166,0.,0.66896473162245));
#2818=DIRECTION('',(-0.743294146247166,0.,0.66896473162245));
#2819=DIRECTION('',(0.,1.,0.));
#2820=DIRECTION('',(-0.743294146247166,0.,0.66896473162245));
#2821=DIRECTION('',(0.,1.,0.));
#2822=DIRECTION('center_axis',(0.,1.,0.));
#2823=DIRECTION('ref_axis',(1.,0.,1.36642833800019E-15));
#2824=DIRECTION('center_axis',(0.,1.,0.));
#2825=DIRECTION('ref_axis',(1.,0.,1.36642833800019E-15));
#2826=DIRECTION('center_axis',(0.,1.,0.));
#2827=DIRECTION('ref_axis',(1.,0.,1.36642833800019E-15));
#2828=DIRECTION('',(0.,1.,0.));
#2829=DIRECTION('center_axis',(0.66896473162245,0.,-0.743294146247166));
#2830=DIRECTION('ref_axis',(-0.743294146247166,0.,-0.66896473162245));
#2831=DIRECTION('',(-0.743294146247166,0.,-0.66896473162245));
#2832=DIRECTION('',(-0.743294146247166,0.,-0.66896473162245));
#2833=DIRECTION('',(0.,1.,0.));
#2834=DIRECTION('center_axis',(1.,0.,0.));
#2835=DIRECTION('ref_axis',(0.,0.,-1.));
#2836=DIRECTION('',(0.,0.,-1.));
#2837=DIRECTION('',(0.,0.,-1.));
#2838=DIRECTION('',(0.,1.,0.));
#2839=DIRECTION('center_axis',(0.,0.,1.));
#2840=DIRECTION('ref_axis',(1.,0.,0.));
#2841=DIRECTION('',(1.,0.,0.));
#2842=DIRECTION('',(1.,0.,0.));
#2843=DIRECTION('',(0.,1.,0.));
#2844=DIRECTION('center_axis',(-1.,0.,0.));
#2845=DIRECTION('ref_axis',(0.,0.,1.));
#2846=DIRECTION('',(0.,0.,1.));
#2847=DIRECTION('',(0.,0.,1.));
#2848=DIRECTION('center_axis',(0.,1.,0.));
#2849=DIRECTION('ref_axis',(1.,0.,0.));
#2850=DIRECTION('center_axis',(0.,1.,0.));
#2851=DIRECTION('ref_axis',(1.,0.,0.));
#2852=DIRECTION('center_axis',(0.,1.,0.));
#2853=DIRECTION('ref_axis',(1.,0.,0.));
#2854=DIRECTION('center_axis',(0.,1.,0.));
#2855=DIRECTION('ref_axis',(1.,0.,0.));
#2856=DIRECTION('',(0.,1.,0.));
#2857=DIRECTION('center_axis',(0.,-1.,0.));
#2858=DIRECTION('ref_axis',(1.,0.,0.));
#2859=DIRECTION('center_axis',(0.,0.,1.));
#2860=DIRECTION('ref_axis',(1.,0.,0.));
#2861=DIRECTION('',(1.,0.,0.));
#2862=DIRECTION('',(0.,1.,0.));
#2863=DIRECTION('',(1.,0.,0.));
#2864=DIRECTION('',(0.,-1.,0.));
#2865=DIRECTION('center_axis',(1.,0.,0.));
#2866=DIRECTION('ref_axis',(0.,0.,-1.));
#2867=DIRECTION('center_axis',(0.999723298279152,0.,0.0235229011359801));
#2868=DIRECTION('ref_axis',(0.0235229011359801,0.,-0.999723298279152));
#2869=DIRECTION('center_axis',(-1.,0.,0.));
#2870=DIRECTION('ref_axis',(0.,0.,-1.));
#2871=DIRECTION('',(-1.,0.,0.));
#2872=DIRECTION('center_axis',(-1.,0.,0.));
#2873=DIRECTION('ref_axis',(0.,0.,1.));
#2874=DIRECTION('',(0.,0.,-1.));
#2875=DIRECTION('',(0.,-1.,0.));
#2876=DIRECTION('center_axis',(1.,0.,0.));
#2877=DIRECTION('ref_axis',(0.,0.,-1.));
#2878=DIRECTION('',(0.,0.,1.));
#2879=DIRECTION('center_axis',(0.,0.,1.));
#2880=DIRECTION('ref_axis',(1.,0.,0.));
#2881=DIRECTION('',(-1.,0.,0.));
#2882=DIRECTION('',(0.,1.,0.));
#2883=DIRECTION('',(1.,0.,0.));
#2884=DIRECTION('center_axis',(1.,0.,0.));
#2885=DIRECTION('ref_axis',(0.,0.,-1.));
#2886=DIRECTION('center_axis',(-0.999723298279152,0.,-0.0235229011359801));
#2887=DIRECTION('ref_axis',(0.0235229011359801,0.,-0.999723298279152));
#2888=DIRECTION('',(1.,0.,0.));
#2889=DIRECTION('center_axis',(0.,1.,0.));
#2890=DIRECTION('ref_axis',(1.,0.,0.));
#2891=DIRECTION('',(0.0235229011359801,0.,-0.999723298279152));
#2892=DIRECTION('',(0.,0.,-1.));
#2893=DIRECTION('',(-1.,0.,0.));
#2894=DIRECTION('',(0.,0.,1.));
#2895=DIRECTION('',(0.116841247567397,0.,0.993150604322876));
#2896=DIRECTION('center_axis',(0.,1.,0.));
#2897=DIRECTION('ref_axis',(-1.,0.,0.));
#2898=DIRECTION('',(0.0235229011359801,0.,-0.999723298279152));
#2899=DIRECTION('center_axis',(0.999723298279152,0.,0.0235229011359801));
#2900=DIRECTION('ref_axis',(0.0235229011359801,0.,-0.999723298279152));
#2901=DIRECTION('',(-0.0235229011359801,0.,0.999723298279152));
#2902=DIRECTION('',(0.,1.,0.));
#2903=DIRECTION('center_axis',(-0.993150604322876,0.,0.116841247567397));
#2904=DIRECTION('ref_axis',(0.116841247567397,0.,0.993150604322876));
#2905=DIRECTION('',(-0.116841247567397,0.,-0.993150604322876));
#2906=DIRECTION('',(0.,1.,0.));
#2907=DIRECTION('',(0.,1.,0.));
#2908=DIRECTION('center_axis',(-1.,0.,0.));
#2909=DIRECTION('ref_axis',(0.,0.,1.));
#2910=DIRECTION('',(0.,0.,-1.));
#2911=DIRECTION('',(0.,1.,0.));
#2912=DIRECTION('center_axis',(0.,0.,-1.));
#2913=DIRECTION('ref_axis',(-1.,0.,0.));
#2914=DIRECTION('',(1.,0.,0.));
#2915=DIRECTION('',(0.,1.,0.));
#2916=DIRECTION('center_axis',(1.,0.,0.));
#2917=DIRECTION('ref_axis',(0.,0.,-1.));
#2918=DIRECTION('',(0.,0.,1.));
#2919=DIRECTION('center_axis',(0.999723298279152,0.,0.0235229011359801));
#2920=DIRECTION('ref_axis',(0.0235229011359801,0.,-0.999723298279152));
#2921=DIRECTION('',(0.,1.,0.));
#2922=DIRECTION('',(-0.0235229011359801,0.,0.999723298279152));
#2923=DIRECTION('center_axis',(0.,1.,0.));
#2924=DIRECTION('ref_axis',(-1.,0.,0.));
#2925=DIRECTION('center_axis',(0.,1.,0.));
#2926=DIRECTION('ref_axis',(-1.,0.,0.));
#2927=DIRECTION('center_axis',(0.,1.,0.));
#2928=DIRECTION('ref_axis',(1.,0.,0.));
#2929=DIRECTION('center_axis',(0.,1.,0.));
#2930=DIRECTION('ref_axis',(1.,0.,0.));
#2931=DIRECTION('center_axis',(0.,1.,0.));
#2932=DIRECTION('ref_axis',(1.,0.,0.));
#2933=DIRECTION('',(0.,1.,0.));
#2934=DIRECTION('center_axis',(0.,-1.,0.));
#2935=DIRECTION('ref_axis',(1.,0.,0.));
#2936=DIRECTION('center_axis',(0.,0.,1.));
#2937=DIRECTION('ref_axis',(1.,0.,0.));
#2938=DIRECTION('',(0.,-1.,0.));
#2939=DIRECTION('',(-1.,0.,0.));
#2940=DIRECTION('',(0.,1.,0.));
#2941=DIRECTION('',(-1.,0.,0.));
#2942=DIRECTION('center_axis',(0.,0.,1.));
#2943=DIRECTION('ref_axis',(1.,0.,0.));
#2944=DIRECTION('',(1.,0.,0.));
#2945=DIRECTION('',(0.,-1.,0.));
#2946=DIRECTION('',(-1.,0.,0.));
#2947=DIRECTION('',(0.,1.,0.));
#2948=DIRECTION('center_axis',(-1.,0.,0.));
#2949=DIRECTION('ref_axis',(0.,0.,1.));
#2950=DIRECTION('',(0.,0.,-1.));
#2951=DIRECTION('center_axis',(1.,0.,0.));
#2952=DIRECTION('ref_axis',(0.,0.,-1.));
#2953=DIRECTION('',(0.,0.,1.));
#2954=DIRECTION('center_axis',(-1.,0.,0.));
#2955=DIRECTION('ref_axis',(0.,0.,-1.));
#2956=DIRECTION('center_axis',(1.,0.,0.));
#2957=DIRECTION('ref_axis',(0.,0.,-1.));
#2958=DIRECTION('center_axis',(0.999723298279152,0.,0.0235229011359801));
#2959=DIRECTION('ref_axis',(0.0235229011359801,0.,-0.999723298279152));
#2960=DIRECTION('',(1.,0.,0.));
#2961=DIRECTION('center_axis',(1.,0.,0.));
#2962=DIRECTION('ref_axis',(0.,0.,-1.));
#2963=DIRECTION('',(-1.,0.,0.));
#2964=DIRECTION('center_axis',(-0.999723298279152,0.,-0.0235229011359801));
#2965=DIRECTION('ref_axis',(0.0235229011359801,0.,-0.999723298279152));
#2966=DIRECTION('center_axis',(0.,1.,0.));
#2967=DIRECTION('ref_axis',(1.,0.,0.));
#2968=DIRECTION('',(-0.0235229011359801,0.,0.999723298279152));
#2969=DIRECTION('center_axis',(0.,1.,0.));
#2970=DIRECTION('ref_axis',(-1.,0.,0.));
#2971=DIRECTION('',(-0.116841247567397,0.,-0.993150604322876));
#2972=DIRECTION('',(0.,0.,-1.));
#2973=DIRECTION('',(1.,0.,0.));
#2974=DIRECTION('',(0.,0.,1.));
#2975=DIRECTION('',(-0.0235229011359801,0.,0.999723298279152));
#2976=DIRECTION('center_axis',(0.999723298279152,0.,0.0235229011359801));
#2977=DIRECTION('ref_axis',(0.0235229011359801,0.,-0.999723298279152));
#2978=DIRECTION('',(0.0235229011359801,0.,-0.999723298279152));
#2979=DIRECTION('',(0.,1.,0.));
#2980=DIRECTION('center_axis',(0.999723298279152,0.,0.0235229011359801));
#2981=DIRECTION('ref_axis',(0.0235229011359801,0.,-0.999723298279152));
#2982=DIRECTION('',(0.,1.,0.));
#2983=DIRECTION('',(0.0235229011359801,0.,-0.999723298279152));
#2984=DIRECTION('center_axis',(-0.993150604322876,0.,0.116841247567397));
#2985=DIRECTION('ref_axis',(0.116841247567397,0.,0.993150604322876));
#2986=DIRECTION('',(0.,1.,0.));
#2987=DIRECTION('',(0.116841247567397,0.,0.993150604322876));
#2988=DIRECTION('',(0.,1.,0.));
#2989=DIRECTION('center_axis',(-1.,0.,0.));
#2990=DIRECTION('ref_axis',(0.,0.,1.));
#2991=DIRECTION('',(0.,0.,1.));
#2992=DIRECTION('',(0.,1.,0.));
#2993=DIRECTION('center_axis',(0.,0.,-1.));
#2994=DIRECTION('ref_axis',(-1.,0.,0.));
#2995=DIRECTION('',(-1.,0.,0.));
#2996=DIRECTION('',(0.,1.,0.));
#2997=DIRECTION('center_axis',(1.,0.,0.));
#2998=DIRECTION('ref_axis',(0.,0.,-1.));
#2999=DIRECTION('',(0.,0.,-1.));
#3000=DIRECTION('center_axis',(0.,1.,0.));
#3001=DIRECTION('ref_axis',(-1.,0.,0.));
#3002=DIRECTION('center_axis',(0.,1.,0.));
#3003=DIRECTION('ref_axis',(-1.,0.,0.));
#3004=DIRECTION('center_axis',(0.,1.,0.));
#3005=DIRECTION('ref_axis',(1.,0.,0.));
#3006=DIRECTION('center_axis',(1.,0.,0.));
#3007=DIRECTION('ref_axis',(0.,0.,-1.));
#3008=DIRECTION('center_axis',(1.,0.,0.));
#3009=DIRECTION('ref_axis',(0.,0.,-1.));
#3010=DIRECTION('',(1.,0.,0.));
#3011=DIRECTION('center_axis',(-1.,0.,0.));
#3012=DIRECTION('ref_axis',(0.,0.,-1.));
#3013=DIRECTION('center_axis',(1.,0.,0.));
#3014=DIRECTION('ref_axis',(0.,0.,-1.));
#3015=DIRECTION('center_axis',(1.,0.,0.));
#3016=DIRECTION('ref_axis',(0.,0.,-1.));
#3017=DIRECTION('',(-1.,0.,0.));
#3018=DIRECTION('center_axis',(-1.,0.,0.));
#3019=DIRECTION('ref_axis',(0.,0.,-1.));
#3020=DIRECTION('center_axis',(-1.,0.,0.));
#3021=DIRECTION('ref_axis',(0.,0.,1.));
#3022=DIRECTION('center_axis',(1.,0.,0.));
#3023=DIRECTION('ref_axis',(0.,0.,-1.));
#3024=DIRECTION('center_axis',(1.,0.,0.));
#3025=DIRECTION('ref_axis',(0.,0.,-1.));
#3026=DIRECTION('center_axis',(1.,0.,0.));
#3027=DIRECTION('ref_axis',(0.,0.,-1.));
#3028=DIRECTION('',(1.,0.,0.));
#3029=DIRECTION('center_axis',(1.,0.,0.));
#3030=DIRECTION('ref_axis',(0.,0.,-1.));
#3031=DIRECTION('center_axis',(1.,0.,0.));
#3032=DIRECTION('ref_axis',(0.,0.,-1.));
#3033=DIRECTION('center_axis',(1.,0.,0.));
#3034=DIRECTION('ref_axis',(0.,0.,-1.));
#3035=DIRECTION('center_axis',(1.,0.,0.));
#3036=DIRECTION('ref_axis',(0.,0.,-1.));
#3037=DIRECTION('',(1.,0.,0.));
#3038=DIRECTION('center_axis',(1.,0.,0.));
#3039=DIRECTION('ref_axis',(0.,0.,-1.));
#3040=DIRECTION('center_axis',(1.,0.,0.));
#3041=DIRECTION('ref_axis',(0.,0.,-1.));
#3042=DIRECTION('center_axis',(0.,0.,1.));
#3043=DIRECTION('ref_axis',(1.,0.,0.));
#3044=DIRECTION('',(0.,1.,0.));
#3045=DIRECTION('',(-1.,0.,0.));
#3046=DIRECTION('',(0.,-1.,0.));
#3047=DIRECTION('',(1.,0.,0.));
#3048=DIRECTION('center_axis',(0.,0.,1.));
#3049=DIRECTION('ref_axis',(1.,0.,0.));
#3050=DIRECTION('',(0.,-1.,0.));
#3051=DIRECTION('',(-1.,0.,0.));
#3052=DIRECTION('',(0.,1.,0.));
#3053=DIRECTION('',(1.,0.,0.));
#3054=DIRECTION('center_axis',(0.,1.,0.));
#3055=DIRECTION('ref_axis',(0.,0.,1.));
#3056=DIRECTION('',(0.,0.,-1.));
#3057=DIRECTION('',(0.,0.,-1.));
#3058=DIRECTION('center_axis',(1.,0.,0.));
#3059=DIRECTION('ref_axis',(0.,0.,-1.));
#3060=DIRECTION('',(0.,0.,-1.));
#3061=DIRECTION('center_axis',(0.,-1.,0.));
#3062=DIRECTION('ref_axis',(0.,0.,-1.));
#3063=DIRECTION('',(0.,0.,-1.));
#3064=DIRECTION('center_axis',(-1.,0.,0.));
#3065=DIRECTION('ref_axis',(0.,0.,1.));
#3066=DIRECTION('center_axis',(1.,0.,0.));
#3067=DIRECTION('ref_axis',(0.,0.,-1.));
#3068=DIRECTION('center_axis',(1.,0.,0.));
#3069=DIRECTION('ref_axis',(0.,0.,-1.));
#3070=DIRECTION('',(1.,0.,0.));
#3071=DIRECTION('center_axis',(1.,0.,0.));
#3072=DIRECTION('ref_axis',(0.,0.,-1.));
#3073=DIRECTION('center_axis',(1.,0.,0.));
#3074=DIRECTION('ref_axis',(0.,0.,-1.));
#3075=DIRECTION('center_axis',(1.,0.,0.));
#3076=DIRECTION('ref_axis',(0.,0.,-1.));
#3077=DIRECTION('center_axis',(1.,0.,0.));
#3078=DIRECTION('ref_axis',(0.,0.,-1.));
#3079=DIRECTION('',(1.,0.,0.));
#3080=DIRECTION('center_axis',(1.,0.,0.));
#3081=DIRECTION('ref_axis',(0.,0.,-1.));
#3082=DIRECTION('center_axis',(1.,0.,0.));
#3083=DIRECTION('ref_axis',(0.,0.,-1.));
#3084=DIRECTION('center_axis',(0.,0.,1.));
#3085=DIRECTION('ref_axis',(1.,0.,0.));
#3086=DIRECTION('',(0.,1.,0.));
#3087=DIRECTION('',(-1.,0.,0.));
#3088=DIRECTION('',(0.,-1.,0.));
#3089=DIRECTION('',(1.,0.,0.));
#3090=DIRECTION('center_axis',(0.,0.,1.));
#3091=DIRECTION('ref_axis',(1.,0.,0.));
#3092=DIRECTION('',(0.,-1.,0.));
#3093=DIRECTION('',(-1.,0.,0.));
#3094=DIRECTION('',(0.,1.,0.));
#3095=DIRECTION('',(1.,0.,0.));
#3096=DIRECTION('center_axis',(0.,1.,0.));
#3097=DIRECTION('ref_axis',(0.,0.,1.));
#3098=DIRECTION('',(0.,0.,-1.));
#3099=DIRECTION('',(0.,0.,-1.));
#3100=DIRECTION('center_axis',(1.,0.,0.));
#3101=DIRECTION('ref_axis',(0.,0.,-1.));
#3102=DIRECTION('',(0.,0.,-1.));
#3103=DIRECTION('center_axis',(0.,-1.,0.));
#3104=DIRECTION('ref_axis',(0.,0.,-1.));
#3105=DIRECTION('',(0.,0.,-1.));
#3106=DIRECTION('center_axis',(-1.,0.,0.));
#3107=DIRECTION('ref_axis',(0.,0.,1.));
#3108=DIRECTION('center_axis',(1.,0.,0.));
#3109=DIRECTION('ref_axis',(0.,-1.22464679914735E-16,1.));
#3110=DIRECTION('',(1.,0.,0.));
#3111=DIRECTION('center_axis',(1.,0.,0.));
#3112=DIRECTION('ref_axis',(0.,0.,-1.));
#3113=DIRECTION('',(-1.,0.,0.));
#3114=DIRECTION('center_axis',(-1.,0.,0.));
#3115=DIRECTION('ref_axis',(0.,0.,-1.));
#3116=DIRECTION('center_axis',(1.,0.,0.));
#3117=DIRECTION('ref_axis',(0.,0.,-1.));
#3118=DIRECTION('center_axis',(1.,0.,0.));
#3119=DIRECTION('ref_axis',(0.,0.,-1.));
#3120=DIRECTION('center_axis',(-1.,0.,0.));
#3121=DIRECTION('ref_axis',(0.,0.,-1.));
#3122=DIRECTION('center_axis',(1.,0.,0.));
#3123=DIRECTION('ref_axis',(0.,-1.22464679914735E-16,1.));
#3124=DIRECTION('',(1.,0.,0.));
#3125=DIRECTION('center_axis',(1.,0.,0.));
#3126=DIRECTION('ref_axis',(0.,0.,-1.));
#3127=DIRECTION('',(-1.,0.,0.));
#3128=DIRECTION('center_axis',(-1.,0.,0.));
#3129=DIRECTION('ref_axis',(0.,0.,-1.));
#3130=DIRECTION('center_axis',(1.,0.,0.));
#3131=DIRECTION('ref_axis',(0.,0.,-1.));
#3132=DIRECTION('center_axis',(1.,0.,0.));
#3133=DIRECTION('ref_axis',(0.,0.,-1.));
#3134=DIRECTION('center_axis',(-1.,0.,0.));
#3135=DIRECTION('ref_axis',(0.,0.,-1.));
#3136=DIRECTION('center_axis',(1.,0.,0.));
#3137=DIRECTION('ref_axis',(0.,0.,-1.));
#3138=DIRECTION('center_axis',(1.,0.,0.));
#3139=DIRECTION('ref_axis',(0.,0.,-1.));
#3140=DIRECTION('',(1.,0.,0.));
#3141=DIRECTION('center_axis',(-1.,0.,0.));
#3142=DIRECTION('ref_axis',(0.,0.,-1.));
#3143=DIRECTION('center_axis',(1.,0.,0.));
#3144=DIRECTION('ref_axis',(0.,0.,-1.));
#3145=DIRECTION('center_axis',(1.,0.,0.));
#3146=DIRECTION('ref_axis',(0.,0.,-1.));
#3147=DIRECTION('',(1.,0.,0.));
#3148=DIRECTION('center_axis',(-1.,0.,0.));
#3149=DIRECTION('ref_axis',(0.,0.,-1.));
#3150=DIRECTION('center_axis',(0.,0.,1.));
#3151=DIRECTION('ref_axis',(1.,0.,0.));
#3152=DIRECTION('',(0.,-1.,0.));
#3153=DIRECTION('',(1.,0.,0.));
#3154=DIRECTION('',(0.,1.,0.));
#3155=DIRECTION('',(-1.,0.,0.));
#3156=DIRECTION('center_axis',(0.,1.,0.));
#3157=DIRECTION('ref_axis',(0.,0.,1.));
#3158=DIRECTION('',(0.,0.,-1.));
#3159=DIRECTION('',(1.,0.,0.));
#3160=DIRECTION('',(0.,0.,1.));
#3161=DIRECTION('center_axis',(-1.,0.,0.));
#3162=DIRECTION('ref_axis',(0.,0.,1.));
#3163=DIRECTION('',(0.,0.,-1.));
#3164=DIRECTION('',(0.,-1.,0.));
#3165=DIRECTION('center_axis',(1.,0.,0.));
#3166=DIRECTION('ref_axis',(0.,0.,-1.));
#3167=DIRECTION('',(0.,0.,-1.));
#3168=DIRECTION('center_axis',(1.,0.,0.));
#3169=DIRECTION('ref_axis',(0.,0.,-1.));
#3170=DIRECTION('',(0.,1.,0.));
#3171=DIRECTION('',(0.,0.,-1.));
#3172=DIRECTION('',(0.,-1.,0.));
#3173=DIRECTION('',(0.,0.,1.));
#3174=DIRECTION('',(0.,1.,0.));
#3175=DIRECTION('center_axis',(1.,0.,0.));
#3176=DIRECTION('ref_axis',(0.,0.,-1.));
#3177=DIRECTION('',(0.,0.,-1.));
#3178=DIRECTION('center_axis',(1.,0.,0.));
#3179=DIRECTION('ref_axis',(0.,0.,-1.));
#3180=DIRECTION('',(0.,-1.,0.));
#3181=DIRECTION('',(0.,0.,1.));
#3182=DIRECTION('',(0.,1.,0.));
#3183=DIRECTION('',(0.,0.,-1.));
#3184=DIRECTION('',(0.,1.,0.));
#3185=DIRECTION('center_axis',(-1.,0.,0.));
#3186=DIRECTION('ref_axis',(0.,0.,-1.));
#3187=DIRECTION('center_axis',(-1.,0.,0.));
#3188=DIRECTION('ref_axis',(0.,0.,-1.));
#3189=DIRECTION('center_axis',(-1.,0.,0.));
#3190=DIRECTION('ref_axis',(0.,0.,-1.));
#3191=DIRECTION('center_axis',(-1.,0.,0.));
#3192=DIRECTION('ref_axis',(0.,0.,-1.));
#3193=DIRECTION('center_axis',(0.,0.,1.));
#3194=DIRECTION('ref_axis',(1.,0.,0.));
#3195=DIRECTION('',(0.,-1.,0.));
#3196=DIRECTION('',(-1.,0.,0.));
#3197=DIRECTION('center_axis',(0.,-1.,0.));
#3198=DIRECTION('ref_axis',(0.,0.,-1.));
#3199=DIRECTION('',(0.,0.,1.));
#3200=DIRECTION('center_axis',(1.,0.,0.));
#3201=DIRECTION('ref_axis',(0.,0.,-1.));
#3202=DIRECTION('',(0.,0.,1.));
#3203=DIRECTION('',(0.,-1.,0.));
#3204=DIRECTION('',(0.,0.,-1.));
#3205=DIRECTION('',(0.,1.,0.));
#3206=DIRECTION('center_axis',(-1.,0.,0.));
#3207=DIRECTION('ref_axis',(0.,0.,-1.));
#3208=DIRECTION('',(0.,0.,-1.));
#3209=DIRECTION('center_axis',(-1.,0.,0.));
#3210=DIRECTION('ref_axis',(0.,0.,-1.));
#3211=DIRECTION('',(0.,-1.,0.));
#3212=DIRECTION('',(0.,0.,-1.));
#3213=DIRECTION('',(0.,1.,0.));
#3214=DIRECTION('',(0.,0.,1.));
#3215=DIRECTION('',(0.,-1.,0.));
#3216=DIRECTION('center_axis',(-1.,0.,0.));
#3217=DIRECTION('ref_axis',(0.,0.,-1.));
#3218=DIRECTION('',(0.,0.,-1.));
#3219=DIRECTION('center_axis',(-1.,0.,0.));
#3220=DIRECTION('ref_axis',(0.,0.,-1.));
#3221=DIRECTION('',(0.,1.,0.));
#3222=DIRECTION('center_axis',(1.,0.,0.));
#3223=DIRECTION('ref_axis',(0.,0.,-1.));
#3224=DIRECTION('center_axis',(1.,0.,0.));
#3225=DIRECTION('ref_axis',(0.,0.,-1.));
#3226=DIRECTION('center_axis',(1.,0.,0.));
#3227=DIRECTION('ref_axis',(0.,0.,-1.));
#3228=DIRECTION('center_axis',(1.,0.,0.));
#3229=DIRECTION('ref_axis',(0.,0.,-1.));
#3230=DIRECTION('center_axis',(1.,0.,0.));
#3231=DIRECTION('ref_axis',(0.,0.,-1.));
#3232=DIRECTION('',(1.,0.,0.));
#3233=DIRECTION('center_axis',(1.,0.,0.));
#3234=DIRECTION('ref_axis',(0.,0.,-1.));
#3235=DIRECTION('',(1.,0.,0.));
#3236=DIRECTION('center_axis',(1.,0.,0.));
#3237=DIRECTION('ref_axis',(0.,0.,-1.));
#3238=DIRECTION('',(1.,0.,0.));
#3239=DIRECTION('center_axis',(1.,0.,0.));
#3240=DIRECTION('ref_axis',(0.,0.,-1.));
#3241=DIRECTION('',(1.,0.,0.));
#3242=DIRECTION('center_axis',(0.,1.,0.));
#3243=DIRECTION('ref_axis',(0.,0.,1.));
#3244=DIRECTION('',(1.,0.,0.));
#3245=DIRECTION('',(1.,0.,0.));
#3246=DIRECTION('center_axis',(0.,0.,1.));
#3247=DIRECTION('ref_axis',(1.,0.,0.));
#3248=DIRECTION('',(-1.,0.,0.));
#3249=DIRECTION('center_axis',(0.,-1.,0.));
#3250=DIRECTION('ref_axis',(0.,0.,-1.));
#3251=DIRECTION('',(-1.,0.,0.));
#3252=DIRECTION('center_axis',(0.,0.,1.));
#3253=DIRECTION('ref_axis',(1.,0.,0.));
#3254=DIRECTION('',(-1.,0.,0.));
#3255=DIRECTION('center_axis',(0.,-1.,0.));
#3256=DIRECTION('ref_axis',(0.,0.,-1.));
#3257=DIRECTION('',(1.,0.,0.));
#3258=DIRECTION('',(1.,0.,0.));
#3259=DIRECTION('center_axis',(0.,0.,1.));
#3260=DIRECTION('ref_axis',(1.,0.,0.));
#3261=DIRECTION('',(-1.,0.,0.));
#3262=DIRECTION('center_axis',(0.,1.,0.));
#3263=DIRECTION('ref_axis',(0.,0.,1.));
#3264=DIRECTION('',(-1.,0.,0.));
#3265=DIRECTION('center_axis',(0.,0.,1.));
#3266=DIRECTION('ref_axis',(1.,0.,0.));
#3267=DIRECTION('',(-1.,0.,0.));
#3268=DIRECTION('center_axis',(1.,0.,0.));
#3269=DIRECTION('ref_axis',(0.,0.,-1.));
#3270=DIRECTION('',(-1.,0.,0.));
#3271=DIRECTION('center_axis',(1.,0.,0.));
#3272=DIRECTION('ref_axis',(0.,0.,-1.));
#3273=DIRECTION('',(1.,0.,0.));
#3274=DIRECTION('',(1.,0.,0.));
#3275=DIRECTION('center_axis',(1.,0.,0.));
#3276=DIRECTION('ref_axis',(0.,0.,-1.));
#3277=DIRECTION('',(1.,0.,0.));
#3278=DIRECTION('',(1.,0.,0.));
#3279=DIRECTION('center_axis',(1.,0.,0.));
#3280=DIRECTION('ref_axis',(0.,0.,-1.));
#3281=DIRECTION('',(-1.,0.,0.));
#3282=DIRECTION('center_axis',(0.,1.,0.));
#3283=DIRECTION('ref_axis',(0.,0.,1.));
#3284=DIRECTION('center_axis',(0.,-1.,0.));
#3285=DIRECTION('ref_axis',(0.,0.,-1.));
#3286=DIRECTION('center_axis',(0.,0.,1.));
#3287=DIRECTION('ref_axis',(1.,0.,0.));
#3288=DIRECTION('center_axis',(0.,0.,1.));
#3289=DIRECTION('ref_axis',(1.,0.,0.));
#3290=DIRECTION('center_axis',(0.,0.,1.));
#3291=DIRECTION('ref_axis',(1.,0.,0.));
#3292=DIRECTION('',(-1.,0.,0.));
#3293=DIRECTION('center_axis',(0.,0.,1.));
#3294=DIRECTION('ref_axis',(1.,0.,0.));
#3295=DIRECTION('center_axis',(0.,0.,1.));
#3296=DIRECTION('ref_axis',(1.,0.,0.));
#3297=DIRECTION('',(0.,0.,1.));
#3298=DIRECTION('center_axis',(0.,0.,1.));
#3299=DIRECTION('ref_axis',(1.,0.,0.));
#3300=DIRECTION('center_axis',(0.,0.,1.));
#3301=DIRECTION('ref_axis',(1.,0.,0.));
#3302=DIRECTION('',(1.,0.,0.));
#3303=DIRECTION('center_axis',(0.,0.,1.));
#3304=DIRECTION('ref_axis',(1.,0.,0.));
#3305=DIRECTION('',(-1.,0.,0.));
#3306=DIRECTION('center_axis',(0.,0.,1.));
#3307=DIRECTION('ref_axis',(1.,0.,0.));
#3308=DIRECTION('center_axis',(0.,0.,1.));
#3309=DIRECTION('ref_axis',(1.,0.,0.));
#3310=DIRECTION('',(0.,0.,1.));
#3311=DIRECTION('center_axis',(0.,0.,1.));
#3312=DIRECTION('ref_axis',(1.,0.,0.));
#3313=DIRECTION('center_axis',(0.,0.,1.));
#3314=DIRECTION('ref_axis',(1.,0.,0.));
#3315=DIRECTION('',(1.,0.,0.));
#3316=DIRECTION('center_axis',(1.,0.,0.));
#3317=DIRECTION('ref_axis',(0.,0.,-1.));
#3318=DIRECTION('center_axis',(1.,0.,0.));
#3319=DIRECTION('ref_axis',(0.,0.,-1.));
#3320=DIRECTION('',(1.,0.,0.));
#3321=DIRECTION('center_axis',(-1.,0.,0.));
#3322=DIRECTION('ref_axis',(0.,0.,-1.));
#3323=DIRECTION('center_axis',(1.,0.,0.));
#3324=DIRECTION('ref_axis',(0.,0.,-1.));
#3325=DIRECTION('center_axis',(1.,0.,0.));
#3326=DIRECTION('ref_axis',(0.,0.,-1.));
#3327=DIRECTION('',(-1.,0.,0.));
#3328=DIRECTION('center_axis',(-1.,0.,0.));
#3329=DIRECTION('ref_axis',(0.,0.,-1.));
#3330=DIRECTION('center_axis',(-1.,0.,0.));
#3331=DIRECTION('ref_axis',(0.,0.,1.));
#3332=DIRECTION('center_axis',(1.,0.,0.));
#3333=DIRECTION('ref_axis',(0.,0.,-1.));
#3334=CARTESIAN_POINT('',(0.,0.,0.));
#3335=CARTESIAN_POINT('Origin',(-16.935,0.,4.6775));
#3336=CARTESIAN_POINT('',(-0.439999999999998,-1.25,4.6775));
#3337=CARTESIAN_POINT('',(-0.439999999999998,1.25,4.6775));
#3338=CARTESIAN_POINT('',(-0.439999999999998,0.,4.6775));
#3339=CARTESIAN_POINT('',(-33.43,1.25,4.6775));
#3340=CARTESIAN_POINT('',(-16.935,1.25,4.6775));
#3341=CARTESIAN_POINT('',(-33.43,-1.25,4.6775));
#3342=CARTESIAN_POINT('',(-33.43,0.,4.6775));
#3343=CARTESIAN_POINT('',(-16.935,-1.25,4.6775));
#3344=CARTESIAN_POINT('Origin',(-16.935,0.,4.36));
#3345=CARTESIAN_POINT('',(-0.439999999999998,1.25,4.36));
#3346=CARTESIAN_POINT('',(-0.439999999999998,-1.25,4.36));
#3347=CARTESIAN_POINT('',(-0.439999999999998,0.,4.36));
#3348=CARTESIAN_POINT('',(-33.43,-1.25,4.36));
#3349=CARTESIAN_POINT('',(-16.935,-1.25,4.36));
#3350=CARTESIAN_POINT('',(-33.43,1.25,4.36));
#3351=CARTESIAN_POINT('',(-33.43,0.,4.36));
#3352=CARTESIAN_POINT('',(-16.935,1.25,4.36));
#3353=CARTESIAN_POINT('Origin',(-16.935,-1.25,4.51875));
#3354=CARTESIAN_POINT('',(-33.43,-1.25,4.51875));
#3355=CARTESIAN_POINT('',(-0.439999999999998,-1.25,4.51875));
#3356=CARTESIAN_POINT('Origin',(-33.43,0.,4.51875));
#3357=CARTESIAN_POINT('',(-33.43,1.25,4.51875));
#3358=CARTESIAN_POINT('Origin',(-16.935,1.25,4.51875));
#3359=CARTESIAN_POINT('',(-0.439999999999998,1.25,4.51875));
#3360=CARTESIAN_POINT('Origin',(-0.439999999999998,0.,4.51875));
#3361=CARTESIAN_POINT('Origin',(2.3175,-1.26,-4.5575));
#3362=CARTESIAN_POINT('',(2.,-1.26,-4.305));
#3363=CARTESIAN_POINT('',(2.,-1.26,-4.61));
#3364=CARTESIAN_POINT('',(2.,-1.26,-2.67875));
#3365=CARTESIAN_POINT('',(2.635,-1.26,-4.305));
#3366=CARTESIAN_POINT('',(2.3175,-1.26,-4.305));
#3367=CARTESIAN_POINT('',(2.635,-1.26,-4.61));
#3368=CARTESIAN_POINT('',(2.635,-1.26,-2.67875));
#3369=CARTESIAN_POINT('',(2.3175,-1.26,-4.61));
#3370=CARTESIAN_POINT('Origin',(2.3175,0.,-4.305));
#3371=CARTESIAN_POINT('',(2.,1.26,-4.305));
#3372=CARTESIAN_POINT('',(2.,0.,-4.305));
#3373=CARTESIAN_POINT('',(2.635,1.26,-4.305));
#3374=CARTESIAN_POINT('',(2.3175,1.26,-4.305));
#3375=CARTESIAN_POINT('',(2.635,0.,-4.305));
#3376=CARTESIAN_POINT('Origin',(2.3175,1.26,-4.5575));
#3377=CARTESIAN_POINT('',(2.,1.26,-4.61));
#3378=CARTESIAN_POINT('',(2.,1.26,-2.67875));
#3379=CARTESIAN_POINT('',(2.635,1.26,-4.61));
#3380=CARTESIAN_POINT('',(2.3175,1.26,-4.61));
#3381=CARTESIAN_POINT('',(2.635,1.26,-2.67875));
#3382=CARTESIAN_POINT('Origin',(2.,0.,-0.8));
#3383=CARTESIAN_POINT('',(2.,-2.54,-4.61));
#3384=CARTESIAN_POINT('',(2.,0.,-4.61));
#3385=CARTESIAN_POINT('',(2.,-2.54,3.01));
#3386=CARTESIAN_POINT('',(2.,-2.54,-0.8));
#3387=CARTESIAN_POINT('',(2.,-1.26,3.01));
#3388=CARTESIAN_POINT('',(2.,0.,3.01));
#3389=CARTESIAN_POINT('',(2.,-1.26,2.695));
#3390=CARTESIAN_POINT('',(2.,-1.26,1.07375));
#3391=CARTESIAN_POINT('',(2.,1.26,2.695));
#3392=CARTESIAN_POINT('',(2.,0.,2.695));
#3393=CARTESIAN_POINT('',(2.,1.26,3.01));
#3394=CARTESIAN_POINT('',(2.,1.26,1.07375));
#3395=CARTESIAN_POINT('',(2.,2.54,3.01));
#3396=CARTESIAN_POINT('',(2.,0.,3.01));
#3397=CARTESIAN_POINT('',(2.,2.54,-4.61));
#3398=CARTESIAN_POINT('',(2.,2.54,-0.8));
#3399=CARTESIAN_POINT('',(2.,0.,-4.61));
#3400=CARTESIAN_POINT('',(2.,-2.3819380243416E-16,1.945));
#3401=CARTESIAN_POINT('Origin',(2.,0.,0.));
#3402=CARTESIAN_POINT('Origin',(2.3175,0.,-4.61));
#3403=CARTESIAN_POINT('',(2.635,-2.54,-4.61));
#3404=CARTESIAN_POINT('',(2.635,0.,-4.61));
#3405=CARTESIAN_POINT('',(2.3175,-2.54,-4.61));
#3406=CARTESIAN_POINT('Origin',(2.3175,-1.26,2.9475));
#3407=CARTESIAN_POINT('',(2.635,-1.26,2.695));
#3408=CARTESIAN_POINT('',(2.635,-1.26,3.01));
#3409=CARTESIAN_POINT('',(2.635,-1.26,1.07375));
#3410=CARTESIAN_POINT('',(2.3175,-1.26,2.695));
#3411=CARTESIAN_POINT('',(2.3175,-1.26,3.01));
#3412=CARTESIAN_POINT('Origin',(2.3175,0.,2.695));
#3413=CARTESIAN_POINT('',(2.635,1.26,2.695));
#3414=CARTESIAN_POINT('',(2.635,0.,2.695));
#3415=CARTESIAN_POINT('',(2.3175,1.26,2.695));
#3416=CARTESIAN_POINT('Origin',(2.3175,1.26,2.9475));
#3417=CARTESIAN_POINT('',(2.635,1.26,3.01));
#3418=CARTESIAN_POINT('',(2.635,1.26,1.07375));
#3419=CARTESIAN_POINT('',(2.3175,1.26,3.01));
#3420=CARTESIAN_POINT('Origin',(2.3175,0.,3.01));
#3421=CARTESIAN_POINT('',(2.635,2.54,3.01));
#3422=CARTESIAN_POINT('',(2.635,0.,3.01));
#3423=CARTESIAN_POINT('',(2.3175,2.54,3.01));
#3424=CARTESIAN_POINT('Origin',(2.3175,0.,3.01));
#3425=CARTESIAN_POINT('',(2.635,-2.54,3.01));
#3426=CARTESIAN_POINT('',(2.3175,-2.54,3.01));
#3427=CARTESIAN_POINT('',(2.635,0.,3.01));
#3428=CARTESIAN_POINT('Origin',(2.35,0.,0.));
#3429=CARTESIAN_POINT('',(2.635,2.3819380243416E-16,1.945));
#3430=CARTESIAN_POINT('',(2.35,-2.3819380243416E-16,1.945));
#3431=CARTESIAN_POINT('Origin',(2.635,0.,0.));
#3432=CARTESIAN_POINT('Origin',(2.3175,0.,-4.61));
#3433=CARTESIAN_POINT('',(2.635,2.54,-4.61));
#3434=CARTESIAN_POINT('',(2.3175,2.54,-4.61));
#3435=CARTESIAN_POINT('',(2.635,0.,-4.61));
#3436=CARTESIAN_POINT('Origin',(2.3175,-2.54,-0.8));
#3437=CARTESIAN_POINT('',(2.635,-2.54,-0.8));
#3438=CARTESIAN_POINT('Origin',(2.3175,2.54,-0.8));
#3439=CARTESIAN_POINT('',(2.635,2.54,-0.8));
#3440=CARTESIAN_POINT('Origin',(2.635,0.,-0.8));
#3441=CARTESIAN_POINT('Origin',(-36.1,0.,-7.9));
#3442=CARTESIAN_POINT('',(-36.75,-2.835,-7.9));
#3443=CARTESIAN_POINT('Origin',(-36.1,-2.835,-7.9));
#3444=CARTESIAN_POINT('',(-36.75,-1.565,-7.9));
#3445=CARTESIAN_POINT('',(-36.75,0.,-7.9));
#3446=CARTESIAN_POINT('Origin',(-36.1,-1.565,-7.9));
#3447=CARTESIAN_POINT('Origin',(-37.4,-2.835,-7.9));
#3448=CARTESIAN_POINT('',(-37.4,-2.835,-7.9));
#3449=CARTESIAN_POINT('',(-38.4,-2.835,-7.));
#3450=CARTESIAN_POINT('',(-37.4,-2.835,-7.9));
#3451=CARTESIAN_POINT('',(-38.4,-1.565,-7.));
#3452=CARTESIAN_POINT('',(-38.4,-2.835,-7.));
#3453=CARTESIAN_POINT('',(-37.4,-1.565,-7.9));
#3454=CARTESIAN_POINT('',(-37.4,-1.565,-7.9));
#3455=CARTESIAN_POINT('',(-37.4,-2.835,-7.9));
#3456=CARTESIAN_POINT('Origin',(-36.1,-2.835,-7.9));
#3457=CARTESIAN_POINT('',(-34.8,-2.835,-7.9));
#3458=CARTESIAN_POINT('Origin',(-36.1,-2.835,-7.9));
#3459=CARTESIAN_POINT('',(-34.8,-1.565,-7.9));
#3460=CARTESIAN_POINT('Origin',(-36.1,-1.565,-7.9));
#3461=CARTESIAN_POINT('',(-34.8,-2.835,-7.9));
#3462=CARTESIAN_POINT('Origin',(-33.8,-2.835,-7.));
#3463=CARTESIAN_POINT('',(-33.8,-2.835,-7.));
#3464=CARTESIAN_POINT('',(-33.8,-2.835,-7.));
#3465=CARTESIAN_POINT('',(-33.8,-1.565,-7.));
#3466=CARTESIAN_POINT('',(-33.8,-1.565,-7.));
#3467=CARTESIAN_POINT('',(-33.8,-2.835,-7.));
#3468=CARTESIAN_POINT('Origin',(-33.8,-2.835,-3.5));
#3469=CARTESIAN_POINT('',(-33.8,-2.835,-3.5));
#3470=CARTESIAN_POINT('',(-33.8,-2.835,-3.5));
#3471=CARTESIAN_POINT('',(-33.8,-1.565,-3.5));
#3472=CARTESIAN_POINT('',(-33.8,-1.565,-3.5));
#3473=CARTESIAN_POINT('',(-33.8,-2.835,-3.5));
#3474=CARTESIAN_POINT('Origin',(-38.4,-2.835,-3.5));
#3475=CARTESIAN_POINT('',(-38.4,-2.835,-3.5));
#3476=CARTESIAN_POINT('',(-38.4,-2.835,-3.5));
#3477=CARTESIAN_POINT('',(-38.4,-1.565,-3.5));
#3478=CARTESIAN_POINT('',(-38.4,-1.565,-3.5));
#3479=CARTESIAN_POINT('',(-38.4,-2.835,-3.5));
#3480=CARTESIAN_POINT('Origin',(-38.4,-2.835,-7.));
#3481=CARTESIAN_POINT('',(-38.4,-2.835,-7.));
#3482=CARTESIAN_POINT('',(-38.4,-1.565,-7.));
#3483=CARTESIAN_POINT('Origin',(-36.1,-1.565,-6.35));
#3484=CARTESIAN_POINT('Origin',(-36.1,-2.835,-6.35));
#3485=CARTESIAN_POINT('Origin',(-36.1,0.,-7.9));
#3486=CARTESIAN_POINT('',(-36.75,1.565,-7.9));
#3487=CARTESIAN_POINT('Origin',(-36.1,1.565,-7.9));
#3488=CARTESIAN_POINT('',(-36.75,2.835,-7.9));
#3489=CARTESIAN_POINT('',(-36.75,0.,-7.9));
#3490=CARTESIAN_POINT('Origin',(-36.1,2.835,-7.9));
#3491=CARTESIAN_POINT('Origin',(-37.4,1.565,-7.9));
#3492=CARTESIAN_POINT('',(-37.4,1.565,-7.9));
#3493=CARTESIAN_POINT('',(-38.4,1.565,-7.));
#3494=CARTESIAN_POINT('',(-37.4,1.565,-7.9));
#3495=CARTESIAN_POINT('',(-38.4,2.835,-7.));
#3496=CARTESIAN_POINT('',(-38.4,1.565,-7.));
#3497=CARTESIAN_POINT('',(-37.4,2.835,-7.9));
#3498=CARTESIAN_POINT('',(-37.4,2.835,-7.9));
#3499=CARTESIAN_POINT('',(-37.4,1.565,-7.9));
#3500=CARTESIAN_POINT('Origin',(-36.1,1.565,-7.9));
#3501=CARTESIAN_POINT('',(-34.8,1.565,-7.9));
#3502=CARTESIAN_POINT('Origin',(-36.1,1.565,-7.9));
#3503=CARTESIAN_POINT('',(-34.8,2.835,-7.9));
#3504=CARTESIAN_POINT('Origin',(-36.1,2.835,-7.9));
#3505=CARTESIAN_POINT('',(-34.8,1.565,-7.9));
#3506=CARTESIAN_POINT('Origin',(-33.8,1.565,-7.));
#3507=CARTESIAN_POINT('',(-33.8,1.565,-7.));
#3508=CARTESIAN_POINT('',(-33.8,1.565,-7.));
#3509=CARTESIAN_POINT('',(-33.8,2.835,-7.));
#3510=CARTESIAN_POINT('',(-33.8,2.835,-7.));
#3511=CARTESIAN_POINT('',(-33.8,1.565,-7.));
#3512=CARTESIAN_POINT('Origin',(-33.8,1.565,-3.5));
#3513=CARTESIAN_POINT('',(-33.8,1.565,-3.5));
#3514=CARTESIAN_POINT('',(-33.8,1.565,-3.5));
#3515=CARTESIAN_POINT('',(-33.8,2.835,-3.5));
#3516=CARTESIAN_POINT('',(-33.8,2.835,-3.5));
#3517=CARTESIAN_POINT('',(-33.8,1.565,-3.5));
#3518=CARTESIAN_POINT('Origin',(-38.4,1.565,-3.5));
#3519=CARTESIAN_POINT('',(-38.4,1.565,-3.5));
#3520=CARTESIAN_POINT('',(-38.4,1.565,-3.5));
#3521=CARTESIAN_POINT('',(-38.4,2.835,-3.5));
#3522=CARTESIAN_POINT('',(-38.4,2.835,-3.5));
#3523=CARTESIAN_POINT('',(-38.4,1.565,-3.5));
#3524=CARTESIAN_POINT('Origin',(-38.4,1.565,-7.));
#3525=CARTESIAN_POINT('',(-38.4,1.565,-7.));
#3526=CARTESIAN_POINT('',(-38.4,2.835,-7.));
#3527=CARTESIAN_POINT('Origin',(-36.1,2.835,-6.35));
#3528=CARTESIAN_POINT('Origin',(-36.1,1.565,-6.35));
#3529=CARTESIAN_POINT('Origin',(-0.9,0.,6.25));
#3530=CARTESIAN_POINT('',(-1.2325,-2.235,6.25));
#3531=CARTESIAN_POINT('Origin',(-0.9,-2.235,6.25));
#3532=CARTESIAN_POINT('',(-1.2325,-1.9175,6.25));
#3533=CARTESIAN_POINT('',(-1.2325,0.,6.25));
#3534=CARTESIAN_POINT('Origin',(-0.9,-1.9175,6.25));
#3535=CARTESIAN_POINT('Origin',(-27.,0.,2.7052));
#3536=CARTESIAN_POINT('',(-0.199999999999999,-1.9175,2.7052));
#3537=CARTESIAN_POINT('',(-0.0165929411764706,-1.9175,2.7052));
#3538=CARTESIAN_POINT('',(-14.05,-1.9175,2.7052));
#3539=CARTESIAN_POINT('',(-0.199999999999999,-1.9304,2.7052));
#3540=CARTESIAN_POINT('',(-0.199999999999999,-1.2,2.7052));
#3541=CARTESIAN_POINT('',(-0.0165929411764694,-1.9304,2.7052));
#3542=CARTESIAN_POINT('',(-27.,-1.9304,2.7052));
#3543=CARTESIAN_POINT('',(-0.0165929411764694,-1.1175,2.7052));
#3544=CARTESIAN_POINT('Origin',(-27.,-1.9304,2.4004));
#3545=CARTESIAN_POINT('',(-0.00968093947143345,-2.235,2.41143992753598));
#3546=CARTESIAN_POINT('Origin',(-0.00942117647058893,-1.9304,2.4004));
#3547=CARTESIAN_POINT('',(-0.199999999999999,-2.235,2.41143992753598));
#3548=CARTESIAN_POINT('Origin',(-0.199999999999999,-1.9304,2.4004));
#3549=CARTESIAN_POINT('',(-27.,-2.235,2.41143992753598));
#3550=CARTESIAN_POINT('Origin',(-0.199999999999999,-2.4,3.3));
#3551=CARTESIAN_POINT('',(-0.199999999999999,-1.9175,3.01));
#3552=CARTESIAN_POINT('',(-0.199999999999999,-1.9175,2.9125));
#3553=CARTESIAN_POINT('',(-0.199999999999999,-1.9304,3.01));
#3554=CARTESIAN_POINT('',(-0.199999999999999,-1.2,3.01));
#3555=CARTESIAN_POINT('',(-0.199999999999999,-2.235,2.92844450570004));
#3556=CARTESIAN_POINT('Origin',(-0.199999999999999,-1.9304,2.4004));
#3557=CARTESIAN_POINT('',(-0.199999999999999,-2.235,2.9125));
#3558=CARTESIAN_POINT('Origin',(-27.,0.,3.01));
#3559=CARTESIAN_POINT('',(-0.0237647058823529,-1.9175,3.01));
#3560=CARTESIAN_POINT('',(-14.05,-1.9175,3.01));
#3561=CARTESIAN_POINT('',(-0.0237647058823569,-1.9304,3.01));
#3562=CARTESIAN_POINT('',(-0.0237647058823534,-1.1175,3.01));
#3563=CARTESIAN_POINT('',(-27.,-1.9304,3.01));
#3564=CARTESIAN_POINT('Origin',(-27.,-1.9304,2.4004));
#3565=CARTESIAN_POINT('',(-0.0218457530752936,-2.235,2.92844450570004));
#3566=CARTESIAN_POINT('Origin',(-0.00942117647058893,-1.9304,2.4004));
#3567=CARTESIAN_POINT('',(-27.,-2.235,2.92844450570004));
#3568=CARTESIAN_POINT('Origin',(-1.1,-1.9175,2.525));
#3569=CARTESIAN_POINT('',(0.,-1.9175,2.));
#3570=CARTESIAN_POINT('',(0.,-1.9175,2.));
#3571=CARTESIAN_POINT('',(0.,-1.9175,-2.));
#3572=CARTESIAN_POINT('',(0.,-1.9175,-2.));
#3573=CARTESIAN_POINT('',(-2.2,-1.9175,-2.));
#3574=CARTESIAN_POINT('',(-2.2,-1.9175,-2.));
#3575=CARTESIAN_POINT('',(-2.2,-1.9175,2.));
#3576=CARTESIAN_POINT('',(-2.2,-1.9175,2.));
#3577=CARTESIAN_POINT('',(-1.7,-1.9175,6.25));
#3578=CARTESIAN_POINT('',(-1.7,-1.9175,6.25));
#3579=CARTESIAN_POINT('',(-0.1,-1.9175,6.25));
#3580=CARTESIAN_POINT('Origin',(-0.9,-1.9175,6.25));
#3581=CARTESIAN_POINT('',(0.,-1.9175,2.));
#3582=CARTESIAN_POINT('Origin',(-0.1,-2.235,6.25));
#3583=CARTESIAN_POINT('',(0.,-2.235,2.));
#3584=CARTESIAN_POINT('',(0.,-2.235,2.));
#3585=CARTESIAN_POINT('',(0.,-2.235,2.));
#3586=CARTESIAN_POINT('Origin',(-2.2,-2.235,2.));
#3587=CARTESIAN_POINT('',(-1.7,-2.235,6.25));
#3588=CARTESIAN_POINT('',(-2.2,-2.235,2.));
#3589=CARTESIAN_POINT('',(-1.7,-2.235,6.25));
#3590=CARTESIAN_POINT('',(-1.7,-2.235,6.25));
#3591=CARTESIAN_POINT('',(-2.2,-2.235,2.));
#3592=CARTESIAN_POINT('Origin',(-2.2,-2.235,-2.));
#3593=CARTESIAN_POINT('',(-2.2,-2.235,-2.));
#3594=CARTESIAN_POINT('',(-2.2,-2.235,2.));
#3595=CARTESIAN_POINT('',(-2.2,-2.235,-2.));
#3596=CARTESIAN_POINT('Origin',(0.,-2.235,-2.));
#3597=CARTESIAN_POINT('',(0.,-2.235,-2.));
#3598=CARTESIAN_POINT('',(-2.2,-2.235,-2.));
#3599=CARTESIAN_POINT('',(0.,-2.235,-2.));
#3600=CARTESIAN_POINT('Origin',(0.,-2.235,2.));
#3601=CARTESIAN_POINT('',(0.,-2.235,-2.));
#3602=CARTESIAN_POINT('Origin',(-0.1,-2.235,6.25));
#3603=CARTESIAN_POINT('',(-0.1,-2.235,6.25));
#3604=CARTESIAN_POINT('',(-0.1,-2.235,6.25));
#3605=CARTESIAN_POINT('',(0.,-2.235,2.));
#3606=CARTESIAN_POINT('Origin',(-0.9,-2.235,6.25));
#3607=CARTESIAN_POINT('Origin',(-0.9,-2.235,6.25));
#3608=CARTESIAN_POINT('Origin',(-1.1,-2.235,2.525));
#3609=CARTESIAN_POINT('Origin',(-0.9,0.,6.25));
#3610=CARTESIAN_POINT('',(-1.2325,1.9175,6.25));
#3611=CARTESIAN_POINT('Origin',(-0.9,1.9175,6.25));
#3612=CARTESIAN_POINT('',(-1.2325,2.235,6.25));
#3613=CARTESIAN_POINT('',(-1.2325,0.,6.25));
#3614=CARTESIAN_POINT('Origin',(-0.9,2.235,6.25));
#3615=CARTESIAN_POINT('Origin',(-27.,0.,2.7052));
#3616=CARTESIAN_POINT('',(-0.0165929411764694,1.9304,2.7052));
#3617=CARTESIAN_POINT('',(-0.0165929411764706,1.9175,2.7052));
#3618=CARTESIAN_POINT('',(-0.0165929411764694,0.95875,2.7052));
#3619=CARTESIAN_POINT('',(-0.199999999999999,1.9304,2.7052));
#3620=CARTESIAN_POINT('',(-27.,1.9304,2.7052));
#3621=CARTESIAN_POINT('',(-0.199999999999999,1.9175,2.7052));
#3622=CARTESIAN_POINT('',(-0.199999999999999,1.2,2.7052));
#3623=CARTESIAN_POINT('',(-14.05,1.9175,2.7052));
#3624=CARTESIAN_POINT('Origin',(-27.,0.,3.01));
#3625=CARTESIAN_POINT('',(-0.199999999999999,1.9175,3.01));
#3626=CARTESIAN_POINT('',(-0.0237647058823529,1.9175,3.01));
#3627=CARTESIAN_POINT('',(-14.05,1.9175,3.01));
#3628=CARTESIAN_POINT('',(-0.199999999999999,1.9304,3.01));
#3629=CARTESIAN_POINT('',(-0.199999999999999,1.2,3.01));
#3630=CARTESIAN_POINT('',(-0.0237647058823569,1.9304,3.01));
#3631=CARTESIAN_POINT('',(-27.,1.9304,3.01));
#3632=CARTESIAN_POINT('',(-0.0237647058823534,0.95875,3.01));
#3633=CARTESIAN_POINT('Origin',(-0.199999999999999,2.4,3.3));
#3634=CARTESIAN_POINT('',(-0.199999999999999,2.235,2.92844450570004));
#3635=CARTESIAN_POINT('',(-0.199999999999999,2.235,2.41143992753598));
#3636=CARTESIAN_POINT('',(-0.199999999999999,2.235,2.9125));
#3637=CARTESIAN_POINT('Origin',(-0.199999999999999,1.9304,2.4004));
#3638=CARTESIAN_POINT('',(-0.199999999999999,1.9175,2.9125));
#3639=CARTESIAN_POINT('Origin',(-0.199999999999999,1.9304,2.4004));
#3640=CARTESIAN_POINT('Origin',(-27.,1.9304,2.4004));
#3641=CARTESIAN_POINT('',(-0.00968093947143345,2.235,2.41143992753598));
#3642=CARTESIAN_POINT('Origin',(-0.00942117647058893,1.9304,2.4004));
#3643=CARTESIAN_POINT('',(-27.,2.235,2.41143992753598));
#3644=CARTESIAN_POINT('Origin',(-27.,1.9304,2.4004));
#3645=CARTESIAN_POINT('',(-0.0218457530752936,2.235,2.92844450570004));
#3646=CARTESIAN_POINT('',(-27.,2.235,2.92844450570004));
#3647=CARTESIAN_POINT('Origin',(-0.00942117647058893,1.9304,2.4004));
#3648=CARTESIAN_POINT('Origin',(-1.1,1.9175,2.525));
#3649=CARTESIAN_POINT('',(-0.1,1.9175,6.25));
#3650=CARTESIAN_POINT('',(0.,1.9175,2.));
#3651=CARTESIAN_POINT('',(-1.7,1.9175,6.25));
#3652=CARTESIAN_POINT('Origin',(-0.9,1.9175,6.25));
#3653=CARTESIAN_POINT('',(-2.2,1.9175,2.));
#3654=CARTESIAN_POINT('',(-1.7,1.9175,6.25));
#3655=CARTESIAN_POINT('',(-2.2,1.9175,-2.));
#3656=CARTESIAN_POINT('',(-2.2,1.9175,2.));
#3657=CARTESIAN_POINT('',(0.,1.9175,-2.));
#3658=CARTESIAN_POINT('',(-2.2,1.9175,-2.));
#3659=CARTESIAN_POINT('',(0.,1.9175,2.));
#3660=CARTESIAN_POINT('',(0.,1.9175,-2.));
#3661=CARTESIAN_POINT('',(0.,1.9175,2.));
#3662=CARTESIAN_POINT('Origin',(-0.1,1.9175,6.25));
#3663=CARTESIAN_POINT('',(-0.1,2.235,6.25));
#3664=CARTESIAN_POINT('',(0.,2.235,2.));
#3665=CARTESIAN_POINT('',(-0.1,1.9175,6.25));
#3666=CARTESIAN_POINT('Origin',(-0.1,1.9175,6.25));
#3667=CARTESIAN_POINT('',(0.,2.235,2.));
#3668=CARTESIAN_POINT('',(0.,1.9175,2.));
#3669=CARTESIAN_POINT('',(0.,2.235,2.));
#3670=CARTESIAN_POINT('Origin',(-2.2,1.9175,2.));
#3671=CARTESIAN_POINT('',(-1.7,2.235,6.25));
#3672=CARTESIAN_POINT('',(-1.7,1.9175,6.25));
#3673=CARTESIAN_POINT('',(-2.2,2.235,2.));
#3674=CARTESIAN_POINT('',(-1.7,2.235,6.25));
#3675=CARTESIAN_POINT('',(-2.2,1.9175,2.));
#3676=CARTESIAN_POINT('Origin',(-2.2,1.9175,-2.));
#3677=CARTESIAN_POINT('',(-2.2,2.235,-2.));
#3678=CARTESIAN_POINT('',(-2.2,2.235,2.));
#3679=CARTESIAN_POINT('',(-2.2,1.9175,-2.));
#3680=CARTESIAN_POINT('Origin',(0.,1.9175,-2.));
#3681=CARTESIAN_POINT('',(0.,2.235,-2.));
#3682=CARTESIAN_POINT('',(-2.2,2.235,-2.));
#3683=CARTESIAN_POINT('',(0.,1.9175,-2.));
#3684=CARTESIAN_POINT('Origin',(0.,1.9175,2.));
#3685=CARTESIAN_POINT('',(0.,2.235,-2.));
#3686=CARTESIAN_POINT('Origin',(-0.9,1.9175,6.25));
#3687=CARTESIAN_POINT('Origin',(-0.9,2.235,6.25));
#3688=CARTESIAN_POINT('Origin',(-1.1,2.235,2.525));
#3689=CARTESIAN_POINT('Origin',(51.2075,0.,0.));
#3690=CARTESIAN_POINT('',(1.36499999999999,-1.60673660048133E-16,1.312));
#3691=CARTESIAN_POINT('Origin',(1.36499999999999,0.,0.));
#3692=CARTESIAN_POINT('',(101.05,1.60673660048133E-16,1.312));
#3693=CARTESIAN_POINT('',(51.2075,-1.60673660048133E-16,1.312));
#3694=CARTESIAN_POINT('Origin',(101.05,0.,0.));
#3695=CARTESIAN_POINT('Origin',(51.2075,0.,0.));
#3696=CARTESIAN_POINT('',(101.05,-1.80880332234064E-16,1.477));
#3697=CARTESIAN_POINT('Origin',(101.05,0.,0.));
#3698=CARTESIAN_POINT('',(1.36499999999999,-1.80880332234064E-16,1.477));
#3699=CARTESIAN_POINT('',(51.2075,-1.80880332234064E-16,1.477));
#3700=CARTESIAN_POINT('Origin',(1.36499999999999,0.,0.));
#3701=CARTESIAN_POINT('Origin',(1.36499999999999,0.,0.));
#3702=CARTESIAN_POINT('Origin',(101.05,0.,0.));
#3703=CARTESIAN_POINT('Origin',(-55.5,-1.6,-3.6));
#3704=CARTESIAN_POINT('',(-56.,-1.6,-3.39));
#3705=CARTESIAN_POINT('Origin',(-56.,-1.6,-3.6));
#3706=CARTESIAN_POINT('',(-54.9,-1.6,-3.39));
#3707=CARTESIAN_POINT('',(-55.5,-1.6,-3.39));
#3708=CARTESIAN_POINT('Origin',(-54.9,-1.6,-3.6));
#3709=CARTESIAN_POINT('Origin',(-54.9,-1.6,-3.6));
#3710=CARTESIAN_POINT('Origin',(-55.5,-1.6,-2.6));
#3711=CARTESIAN_POINT('',(-56.,-1.6,-2.39));
#3712=CARTESIAN_POINT('Origin',(-56.,-1.6,-2.6));
#3713=CARTESIAN_POINT('',(-54.9,-1.6,-2.39));
#3714=CARTESIAN_POINT('',(-55.5,-1.6,-2.39));
#3715=CARTESIAN_POINT('Origin',(-54.9,-1.6,-2.6));
#3716=CARTESIAN_POINT('Origin',(-54.9,-1.6,-2.6));
#3717=CARTESIAN_POINT('Origin',(-55.365,-1.6,-1.7));
#3718=CARTESIAN_POINT('',(-54.73,-2.235,-1.7));
#3719=CARTESIAN_POINT('',(-54.73,-0.965,-1.7));
#3720=CARTESIAN_POINT('',(-54.73,-1.6,-1.7));
#3721=CARTESIAN_POINT('',(-56.,-0.965,-1.7));
#3722=CARTESIAN_POINT('',(-55.365,-0.965,-1.7));
#3723=CARTESIAN_POINT('',(-56.,-2.235,-1.7));
#3724=CARTESIAN_POINT('',(-56.,-1.6,-1.7));
#3725=CARTESIAN_POINT('',(-55.365,-2.235,-1.7));
#3726=CARTESIAN_POINT('Origin',(-55.365,-1.6,-3.9));
#3727=CARTESIAN_POINT('',(-54.73,-0.965,-3.9));
#3728=CARTESIAN_POINT('',(-54.73,-2.235,-3.9));
#3729=CARTESIAN_POINT('',(-54.73,-1.6,-3.9));
#3730=CARTESIAN_POINT('',(-56.,-2.235,-3.9));
#3731=CARTESIAN_POINT('',(-55.365,-2.235,-3.9));
#3732=CARTESIAN_POINT('',(-56.,-0.965,-3.9));
#3733=CARTESIAN_POINT('',(-56.,-1.6,-3.9));
#3734=CARTESIAN_POINT('',(-55.365,-0.965,-3.9));
#3735=CARTESIAN_POINT('Origin',(-55.365,-2.235,-2.8));
#3736=CARTESIAN_POINT('',(-56.,-2.235,-2.8));
#3737=CARTESIAN_POINT('',(-54.73,-2.235,-2.8));
#3738=CARTESIAN_POINT('Origin',(-56.,-1.6,-2.8));
#3739=CARTESIAN_POINT('',(-56.,-0.965,-2.8));
#3740=CARTESIAN_POINT('Origin',(-55.365,-0.965,-2.8));
#3741=CARTESIAN_POINT('',(-54.73,-0.965,-2.8));
#3742=CARTESIAN_POINT('Origin',(-54.73,-1.6,-2.8));
#3743=CARTESIAN_POINT('Origin',(-55.5,1.6,-3.6));
#3744=CARTESIAN_POINT('',(-56.,1.6,-3.39));
#3745=CARTESIAN_POINT('Origin',(-56.,1.6,-3.6));
#3746=CARTESIAN_POINT('',(-54.9,1.6,-3.39));
#3747=CARTESIAN_POINT('',(-55.5,1.6,-3.39));
#3748=CARTESIAN_POINT('Origin',(-54.9,1.6,-3.6));
#3749=CARTESIAN_POINT('Origin',(-54.9,1.6,-3.6));
#3750=CARTESIAN_POINT('Origin',(-55.5,1.6,-2.6));
#3751=CARTESIAN_POINT('',(-56.,1.6,-2.39));
#3752=CARTESIAN_POINT('Origin',(-56.,1.6,-2.6));
#3753=CARTESIAN_POINT('',(-54.9,1.6,-2.39));
#3754=CARTESIAN_POINT('',(-55.5,1.6,-2.39));
#3755=CARTESIAN_POINT('Origin',(-54.9,1.6,-2.6));
#3756=CARTESIAN_POINT('Origin',(-54.9,1.6,-2.6));
#3757=CARTESIAN_POINT('Origin',(-55.365,1.6,-1.7));
#3758=CARTESIAN_POINT('',(-54.73,0.965,-1.7));
#3759=CARTESIAN_POINT('',(-54.73,2.235,-1.7));
#3760=CARTESIAN_POINT('',(-54.73,1.6,-1.7));
#3761=CARTESIAN_POINT('',(-56.,2.235,-1.7));
#3762=CARTESIAN_POINT('',(-55.365,2.235,-1.7));
#3763=CARTESIAN_POINT('',(-56.,0.965,-1.7));
#3764=CARTESIAN_POINT('',(-56.,1.6,-1.7));
#3765=CARTESIAN_POINT('',(-55.365,0.965,-1.7));
#3766=CARTESIAN_POINT('Origin',(-55.365,1.6,-3.9));
#3767=CARTESIAN_POINT('',(-54.73,2.235,-3.9));
#3768=CARTESIAN_POINT('',(-54.73,0.965,-3.9));
#3769=CARTESIAN_POINT('',(-54.73,1.6,-3.9));
#3770=CARTESIAN_POINT('',(-56.,0.965,-3.9));
#3771=CARTESIAN_POINT('',(-55.365,0.965,-3.9));
#3772=CARTESIAN_POINT('',(-56.,2.235,-3.9));
#3773=CARTESIAN_POINT('',(-56.,1.6,-3.9));
#3774=CARTESIAN_POINT('',(-55.365,2.235,-3.9));
#3775=CARTESIAN_POINT('Origin',(-55.365,0.965,-2.8));
#3776=CARTESIAN_POINT('',(-56.,0.965,-2.8));
#3777=CARTESIAN_POINT('',(-54.73,0.965,-2.8));
#3778=CARTESIAN_POINT('Origin',(-56.,1.6,-2.8));
#3779=CARTESIAN_POINT('',(-56.,2.235,-2.8));
#3780=CARTESIAN_POINT('Origin',(-55.365,2.235,-2.8));
#3781=CARTESIAN_POINT('',(-54.73,2.235,-2.8));
#3782=CARTESIAN_POINT('Origin',(-54.73,1.6,-2.8));
#3783=CARTESIAN_POINT('Origin',(-56.25,1.6,-3.6));
#3784=CARTESIAN_POINT('',(-56.3175,1.34382623085101,-3.7));
#3785=CARTESIAN_POINT('',(-56.,1.34382623085101,-3.7));
#3786=CARTESIAN_POINT('',(-56.25,1.34382623085101,-3.7));
#3787=CARTESIAN_POINT('',(-56.3175,1.85617376914899,-3.7));
#3788=CARTESIAN_POINT('Origin',(-56.3175,1.6,-3.6));
#3789=CARTESIAN_POINT('',(-56.,1.85617376914899,-3.7));
#3790=CARTESIAN_POINT('',(-56.25,1.85617376914899,-3.7));
#3791=CARTESIAN_POINT('Origin',(-56.,1.6,-3.6));
#3792=CARTESIAN_POINT('Origin',(-56.25,1.6,-3.8));
#3793=CARTESIAN_POINT('Origin',(-56.3175,1.6,-3.8));
#3794=CARTESIAN_POINT('Origin',(-56.,1.6,-3.8));
#3795=CARTESIAN_POINT('Origin',(-56.25,-1.6,-3.6));
#3796=CARTESIAN_POINT('',(-56.3175,-1.85617376914899,-3.7));
#3797=CARTESIAN_POINT('',(-56.,-1.85617376914899,-3.7));
#3798=CARTESIAN_POINT('',(-56.25,-1.85617376914899,-3.7));
#3799=CARTESIAN_POINT('',(-56.3175,-1.34382623085101,-3.7));
#3800=CARTESIAN_POINT('Origin',(-56.3175,-1.6,-3.6));
#3801=CARTESIAN_POINT('',(-56.,-1.34382623085101,-3.7));
#3802=CARTESIAN_POINT('',(-56.25,-1.34382623085101,-3.7));
#3803=CARTESIAN_POINT('Origin',(-56.,-1.6,-3.6));
#3804=CARTESIAN_POINT('Origin',(-56.25,-1.6,-3.8));
#3805=CARTESIAN_POINT('Origin',(-56.3175,-1.6,-3.8));
#3806=CARTESIAN_POINT('Origin',(-56.,-1.6,-3.8));
#3807=CARTESIAN_POINT('Origin',(-56.25,1.6,-2.6));
#3808=CARTESIAN_POINT('',(-56.3175,1.6,-2.325));
#3809=CARTESIAN_POINT('Origin',(-56.3175,1.6,-2.6));
#3810=CARTESIAN_POINT('',(-56.,1.6,-2.325));
#3811=CARTESIAN_POINT('',(-56.25,1.6,-2.325));
#3812=CARTESIAN_POINT('Origin',(-56.,1.6,-2.6));
#3813=CARTESIAN_POINT('Origin',(-56.25,-1.6,-2.6));
#3814=CARTESIAN_POINT('',(-56.3175,-1.6,-2.325));
#3815=CARTESIAN_POINT('Origin',(-56.3175,-1.6,-2.6));
#3816=CARTESIAN_POINT('',(-56.,-1.6,-2.325));
#3817=CARTESIAN_POINT('',(-56.25,-1.6,-2.325));
#3818=CARTESIAN_POINT('Origin',(-56.,-1.6,-2.6));
#3819=CARTESIAN_POINT('Origin',(-56.1585,0.,-1.));
#3820=CARTESIAN_POINT('',(-56.,0.8,-1.));
#3821=CARTESIAN_POINT('',(-56.,-0.8,-1.));
#3822=CARTESIAN_POINT('',(-56.,0.,-1.));
#3823=CARTESIAN_POINT('',(-56.3175,0.8,-1.));
#3824=CARTESIAN_POINT('',(-56.1585,0.8,-1.));
#3825=CARTESIAN_POINT('',(-56.3175,-0.8,-1.));
#3826=CARTESIAN_POINT('',(-56.3175,0.,-1.));
#3827=CARTESIAN_POINT('',(-56.1585,-0.8,-1.));
#3828=CARTESIAN_POINT('Origin',(-56.1585,-0.8,0.55));
#3829=CARTESIAN_POINT('',(-56.3175,-0.8,1.9));
#3830=CARTESIAN_POINT('',(-56.3175,-0.8,-0.35));
#3831=CARTESIAN_POINT('',(-56.,-0.8,1.9));
#3832=CARTESIAN_POINT('',(-56.1585,-0.8,1.9));
#3833=CARTESIAN_POINT('',(-56.,-0.8,0.05));
#3834=CARTESIAN_POINT('Origin',(-56.,0.,-0.8));
#3835=CARTESIAN_POINT('',(-56.,1.26,-4.295));
#3836=CARTESIAN_POINT('',(-56.,1.26,-4.61));
#3837=CARTESIAN_POINT('',(-56.,1.26,-2.69875));
#3838=CARTESIAN_POINT('',(-56.,1.9304,-4.61));
#3839=CARTESIAN_POINT('',(-56.,0.,-4.61));
#3840=CARTESIAN_POINT('',(-56.,2.54,-4.0004));
#3841=CARTESIAN_POINT('Origin',(-56.,1.9304,-4.0004));
#3842=CARTESIAN_POINT('',(-56.,2.54,2.4004));
#3843=CARTESIAN_POINT('',(-56.,2.54,-0.8));
#3844=CARTESIAN_POINT('',(-56.,1.9304,3.01));
#3845=CARTESIAN_POINT('Origin',(-56.,1.9304,2.4004));
#3846=CARTESIAN_POINT('',(-56.,1.26,3.01));
#3847=CARTESIAN_POINT('',(-56.,0.,3.01));
#3848=CARTESIAN_POINT('',(-56.,1.26,2.695));
#3849=CARTESIAN_POINT('',(-56.,1.26,1.07375));
#3850=CARTESIAN_POINT('',(-56.,-1.26,2.695));
#3851=CARTESIAN_POINT('',(-56.,0.,2.695));
#3852=CARTESIAN_POINT('',(-56.,-1.26,3.01));
#3853=CARTESIAN_POINT('',(-56.,-1.26,1.07375));
#3854=CARTESIAN_POINT('',(-56.,-1.9304,3.01));
#3855=CARTESIAN_POINT('',(-56.,0.,3.01));
#3856=CARTESIAN_POINT('',(-56.,-2.54,2.4004));
#3857=CARTESIAN_POINT('Origin',(-56.,-1.9304,2.4004));
#3858=CARTESIAN_POINT('',(-56.,-2.54,-4.0004));
#3859=CARTESIAN_POINT('',(-56.,-2.54,-0.8));
#3860=CARTESIAN_POINT('',(-56.,-1.9304,-4.61));
#3861=CARTESIAN_POINT('Origin',(-56.,-1.9304,-4.0004));
#3862=CARTESIAN_POINT('',(-56.,-1.26,-4.61));
#3863=CARTESIAN_POINT('',(-56.,0.,-4.61));
#3864=CARTESIAN_POINT('',(-56.,-1.26,-4.295));
#3865=CARTESIAN_POINT('',(-56.,-1.26,-2.69875));
#3866=CARTESIAN_POINT('',(-56.,0.,-4.295));
#3867=CARTESIAN_POINT('',(-56.,0.8,1.9));
#3868=CARTESIAN_POINT('',(-56.,0.8,-0.35));
#3869=CARTESIAN_POINT('',(-56.,0.,1.9));
#3870=CARTESIAN_POINT('',(-56.,1.6,2.825));
#3871=CARTESIAN_POINT('Origin',(-56.,1.6,2.6));
#3872=CARTESIAN_POINT('',(-56.,-1.6,2.825));
#3873=CARTESIAN_POINT('Origin',(-56.,-1.6,2.6));
#3874=CARTESIAN_POINT('',(-56.,1.6,1.025));
#3875=CARTESIAN_POINT('Origin',(-56.,1.6,0.8));
#3876=CARTESIAN_POINT('',(-56.,-1.6,1.025));
#3877=CARTESIAN_POINT('Origin',(-56.,-1.6,0.8));
#3878=CARTESIAN_POINT('Origin',(-56.1585,0.,1.9));
#3879=CARTESIAN_POINT('',(-56.3175,0.8,1.9));
#3880=CARTESIAN_POINT('',(-56.3175,0.,1.9));
#3881=CARTESIAN_POINT('',(-56.1585,0.8,1.9));
#3882=CARTESIAN_POINT('Origin',(-56.1585,0.8,0.55));
#3883=CARTESIAN_POINT('',(-56.3175,0.8,0.05));
#3884=CARTESIAN_POINT('Origin',(-56.3175,0.,-0.8));
#3885=CARTESIAN_POINT('',(-56.3175,1.26,-4.61));
#3886=CARTESIAN_POINT('',(-56.3175,1.26,-4.295));
#3887=CARTESIAN_POINT('',(-56.3175,1.26,-2.69875));
#3888=CARTESIAN_POINT('',(-56.3175,-1.26,-4.295));
#3889=CARTESIAN_POINT('',(-56.3175,0.,-4.295));
#3890=CARTESIAN_POINT('',(-56.3175,-1.26,-4.61));
#3891=CARTESIAN_POINT('',(-56.3175,-1.26,-2.69875));
#3892=CARTESIAN_POINT('',(-56.3175,-1.9304,-4.61));
#3893=CARTESIAN_POINT('',(-56.3175,0.,-4.61));
#3894=CARTESIAN_POINT('',(-56.3175,-2.54,-4.0004));
#3895=CARTESIAN_POINT('Origin',(-56.3175,-1.9304,-4.0004));
#3896=CARTESIAN_POINT('',(-56.3175,-2.54,2.4004));
#3897=CARTESIAN_POINT('',(-56.3175,-2.54,-0.8));
#3898=CARTESIAN_POINT('',(-56.3175,-1.9304,3.01));
#3899=CARTESIAN_POINT('Origin',(-56.3175,-1.9304,2.4004));
#3900=CARTESIAN_POINT('',(-56.3175,-1.26,3.01));
#3901=CARTESIAN_POINT('',(-56.3175,0.,3.01));
#3902=CARTESIAN_POINT('',(-56.3175,-1.26,2.695));
#3903=CARTESIAN_POINT('',(-56.3175,-1.26,1.07375));
#3904=CARTESIAN_POINT('',(-56.3175,1.26,2.695));
#3905=CARTESIAN_POINT('',(-56.3175,0.,2.695));
#3906=CARTESIAN_POINT('',(-56.3175,1.26,3.01));
#3907=CARTESIAN_POINT('',(-56.3175,1.26,1.07375));
#3908=CARTESIAN_POINT('',(-56.3175,1.9304,3.01));
#3909=CARTESIAN_POINT('',(-56.3175,0.,3.01));
#3910=CARTESIAN_POINT('',(-56.3175,2.54,2.4004));
#3911=CARTESIAN_POINT('Origin',(-56.3175,1.9304,2.4004));
#3912=CARTESIAN_POINT('',(-56.3175,2.54,-4.0004));
#3913=CARTESIAN_POINT('',(-56.3175,2.54,-0.8));
#3914=CARTESIAN_POINT('',(-56.3175,1.9304,-4.61));
#3915=CARTESIAN_POINT('Origin',(-56.3175,1.9304,-4.0004));
#3916=CARTESIAN_POINT('',(-56.3175,0.,-4.61));
#3917=CARTESIAN_POINT('',(-56.3175,-1.6,1.025));
#3918=CARTESIAN_POINT('Origin',(-56.3175,-1.6,0.8));
#3919=CARTESIAN_POINT('',(-56.3175,1.6,1.025));
#3920=CARTESIAN_POINT('Origin',(-56.3175,1.6,0.8));
#3921=CARTESIAN_POINT('',(-56.3175,-1.6,2.825));
#3922=CARTESIAN_POINT('Origin',(-56.3175,-1.6,2.6));
#3923=CARTESIAN_POINT('',(-56.3175,1.6,2.825));
#3924=CARTESIAN_POINT('Origin',(-56.3175,1.6,2.6));
#3925=CARTESIAN_POINT('Origin',(-56.1585,1.6,2.6));
#3926=CARTESIAN_POINT('',(-56.1585,1.6,2.825));
#3927=CARTESIAN_POINT('Origin',(-56.1585,-1.6,2.6));
#3928=CARTESIAN_POINT('',(-56.1585,-1.6,2.825));
#3929=CARTESIAN_POINT('Origin',(-56.1585,1.6,0.8));
#3930=CARTESIAN_POINT('',(-56.1585,1.6,1.025));
#3931=CARTESIAN_POINT('Origin',(-56.1585,-1.6,0.8));
#3932=CARTESIAN_POINT('',(-56.1585,-1.6,1.025));
#3933=CARTESIAN_POINT('Origin',(-56.15875,-1.26,-4.5975));
#3934=CARTESIAN_POINT('',(-56.15875,-1.26,-4.295));
#3935=CARTESIAN_POINT('',(-56.15875,-1.26,-4.61));
#3936=CARTESIAN_POINT('Origin',(-56.15875,0.,-4.295));
#3937=CARTESIAN_POINT('',(-56.15875,1.26,-4.295));
#3938=CARTESIAN_POINT('Origin',(-56.15875,1.26,-4.5975));
#3939=CARTESIAN_POINT('',(-56.15875,1.26,-4.61));
#3940=CARTESIAN_POINT('Origin',(-56.15875,0.,-4.61));
#3941=CARTESIAN_POINT('',(-56.15875,-1.9304,-4.61));
#3942=CARTESIAN_POINT('Origin',(-56.15875,1.26,2.9475));
#3943=CARTESIAN_POINT('',(-56.15875,1.26,2.695));
#3944=CARTESIAN_POINT('',(-56.15875,1.26,3.01));
#3945=CARTESIAN_POINT('Origin',(-56.15875,0.,2.695));
#3946=CARTESIAN_POINT('',(-56.15875,-1.26,2.695));
#3947=CARTESIAN_POINT('Origin',(-56.15875,-1.26,2.9475));
#3948=CARTESIAN_POINT('',(-56.15875,-1.26,3.01));
#3949=CARTESIAN_POINT('Origin',(-56.15875,0.,3.01));
#3950=CARTESIAN_POINT('',(-56.15875,1.9304,3.01));
#3951=CARTESIAN_POINT('Origin',(-56.15875,-1.9304,-4.0004));
#3952=CARTESIAN_POINT('',(-56.15875,-2.54,-4.0004));
#3953=CARTESIAN_POINT('Origin',(-56.15875,-1.9304,2.4004));
#3954=CARTESIAN_POINT('',(-56.15875,-2.54,2.4004));
#3955=CARTESIAN_POINT('',(-56.15875,-1.9304,3.01));
#3956=CARTESIAN_POINT('Origin',(-56.15875,1.9304,-4.0004));
#3957=CARTESIAN_POINT('',(-56.15875,2.54,-4.0004));
#3958=CARTESIAN_POINT('',(-56.15875,1.9304,-4.61));
#3959=CARTESIAN_POINT('Origin',(-56.15875,1.9304,2.4004));
#3960=CARTESIAN_POINT('',(-56.15875,2.54,2.4004));
#3961=CARTESIAN_POINT('Origin',(-56.15875,-2.54,-0.8));
#3962=CARTESIAN_POINT('Origin',(-56.15875,2.54,-0.8));
#3963=CARTESIAN_POINT('Origin',(-56.15875,0.,3.01));
#3964=CARTESIAN_POINT('Origin',(-56.15875,0.,-4.61));
#3965=CARTESIAN_POINT('Origin',(7.5,0.,-1.505));
#3966=CARTESIAN_POINT('',(7.68110338897989,-0.106308807255086,-1.505));
#3967=CARTESIAN_POINT('',(7.31889661102011,-0.106308807255086,-1.505));
#3968=CARTESIAN_POINT('',(6.365,-0.106308807255086,-1.505));
#3969=CARTESIAN_POINT('Origin',(7.5,0.,-1.505));
#3970=CARTESIAN_POINT('Origin',(7.5,0.,-1.8025));
#3971=CARTESIAN_POINT('',(7.5,-0.21,-1.89338981723257));
#3972=CARTESIAN_POINT('',(7.29,-2.57175827820944E-17,-1.905));
#3973=CARTESIAN_POINT('Ctrl Pts',(7.5,-0.21,-1.89338981723257));
#3974=CARTESIAN_POINT('Ctrl Pts',(7.52639116770648,-0.21,-1.89338981723257));
#3975=CARTESIAN_POINT('Ctrl Pts',(7.55452666861228,-0.204721323543933,-1.89399848999412));
#3976=CARTESIAN_POINT('Ctrl Pts',(7.6062599166764,-0.183283410951931,-1.89619310490037));
#3977=CARTESIAN_POINT('Ctrl Pts',(7.6298595051574,-0.167125342940948,-1.89774693460781));
#3978=CARTESIAN_POINT('Ctrl Pts',(7.66712524909496,-0.129859599003389,-1.9006606191255));
#3979=CARTESIAN_POINT('Ctrl Pts',(7.68328339049018,-0.106259969528803,-1.90221031918652));
#3980=CARTESIAN_POINT('Ctrl Pts',(7.70472135737826,-0.054526583489612,-1.90439547658068));
#3981=CARTESIAN_POINT('Ctrl Pts',(7.71,-0.0263910347855357,-1.905));
#3982=CARTESIAN_POINT('Ctrl Pts',(7.71,0.0263910347855357,-1.905));
#3983=CARTESIAN_POINT('Ctrl Pts',(7.70472135737826,0.054526583489612,-1.90439547658068));
#3984=CARTESIAN_POINT('Ctrl Pts',(7.68328339049018,0.106259969528803,-1.90221031918652));
#3985=CARTESIAN_POINT('Ctrl Pts',(7.66712524909496,0.129859599003389,-1.9006606191255));
#3986=CARTESIAN_POINT('Ctrl Pts',(7.6298595051574,0.167125342940948,-1.89774693460781));
#3987=CARTESIAN_POINT('Ctrl Pts',(7.6062599166764,0.183283410951931,-1.89619310490037));
#3988=CARTESIAN_POINT('Ctrl Pts',(7.55452666861228,0.204721323543933,-1.89399848999412));
#3989=CARTESIAN_POINT('Ctrl Pts',(7.52639116770648,0.21,-1.89338981723257));
#3990=CARTESIAN_POINT('Ctrl Pts',(7.47360883229352,0.21,-1.89338981723257));
#3991=CARTESIAN_POINT('Ctrl Pts',(7.44547333138772,0.204721323543933,-1.89399848999412));
#3992=CARTESIAN_POINT('Ctrl Pts',(7.3937400833236,0.183283410951931,-1.89619310490037));
#3993=CARTESIAN_POINT('Ctrl Pts',(7.3701404948426,0.167125342940948,-1.89774693460781));
#3994=CARTESIAN_POINT('Ctrl Pts',(7.33287475090504,0.129859599003389,-1.9006606191255));
#3995=CARTESIAN_POINT('Ctrl Pts',(7.31671660950982,0.106259969528803,-1.90221031918652));
#3996=CARTESIAN_POINT('Ctrl Pts',(7.29527864262174,0.0545265834896119,-1.90439547658068));
#3997=CARTESIAN_POINT('Ctrl Pts',(7.29,0.0263910347855357,-1.905));
#3998=CARTESIAN_POINT('Ctrl Pts',(7.29,9.0205620750794E-17,-1.905));
#3999=CARTESIAN_POINT('Ctrl Pts',(7.29,-4.85722573273506E-17,-1.905));
#4000=CARTESIAN_POINT('Ctrl Pts',(7.29,-0.0263910347855357,-1.905));
#4001=CARTESIAN_POINT('Ctrl Pts',(7.29527864262174,-0.0545265834896119,
-1.90439547658068));
#4002=CARTESIAN_POINT('Ctrl Pts',(7.31671660950982,-0.106259969528803,-1.90221031918652));
#4003=CARTESIAN_POINT('Ctrl Pts',(7.33287475090504,-0.129859599003389,-1.9006606191255));
#4004=CARTESIAN_POINT('Ctrl Pts',(7.3701404948426,-0.167125342940948,-1.89774693460781));
#4005=CARTESIAN_POINT('Ctrl Pts',(7.3937400833236,-0.183283410951931,-1.89619310490037));
#4006=CARTESIAN_POINT('Ctrl Pts',(7.44547333138772,-0.204721323543933,-1.89399848999412));
#4007=CARTESIAN_POINT('Ctrl Pts',(7.47360883229352,-0.21,-1.89338981723257));
#4008=CARTESIAN_POINT('Ctrl Pts',(7.5,-0.21,-1.89338981723257));
#4009=CARTESIAN_POINT('',(7.29,1.01899641676725E-18,-1.50875));
#4010=CARTESIAN_POINT('',(7.29,-2.57175827820944E-17,-1.8025));
#4011=CARTESIAN_POINT('Ctrl Pts',(7.31889661102011,-0.106308807255086,-1.505));
#4012=CARTESIAN_POINT('Ctrl Pts',(7.31403203663386,-0.0980217148678971,
-1.50558537601814));
#4013=CARTESIAN_POINT('Ctrl Pts',(7.30970772703033,-0.0893440491352947,
-1.50612888851474));
#4014=CARTESIAN_POINT('Ctrl Pts',(7.29528400645349,-0.054546233318428,-1.50798612937321));
#4015=CARTESIAN_POINT('Ctrl Pts',(7.29,-0.0264047472746222,-1.50875));
#4016=CARTESIAN_POINT('Ctrl Pts',(7.29,6.93889390390723E-18,-1.50875));
#4017=CARTESIAN_POINT('',(7.68110338897989,0.106308807255086,-1.505));
#4018=CARTESIAN_POINT('Ctrl Pts',(7.68110338897989,0.106308807255086,-1.505));
#4019=CARTESIAN_POINT('Ctrl Pts',(7.68596796336614,0.0980217148678978,-1.50558537601814));
#4020=CARTESIAN_POINT('Ctrl Pts',(7.69029227296967,0.0893440491352946,-1.50612888851474));
#4021=CARTESIAN_POINT('Ctrl Pts',(7.70471599354651,0.054546233318428,-1.50798612937321));
#4022=CARTESIAN_POINT('Ctrl Pts',(7.71,0.0264047472746222,-1.50875));
#4023=CARTESIAN_POINT('Ctrl Pts',(7.71,-0.0264047472746221,-1.50875));
#4024=CARTESIAN_POINT('Ctrl Pts',(7.70471599354651,-0.054546233318428,-1.50798612937321));
#4025=CARTESIAN_POINT('Ctrl Pts',(7.69029227296967,-0.0893440491352948,
-1.50612888851474));
#4026=CARTESIAN_POINT('Ctrl Pts',(7.68596796336614,-0.098021714867898,-1.50558537601814));
#4027=CARTESIAN_POINT('Ctrl Pts',(7.68110338897989,-0.106308807255086,-1.505));
#4028=CARTESIAN_POINT('',(7.31889661102011,0.106308807255086,-1.505));
#4029=CARTESIAN_POINT('Origin',(7.5,0.,-1.505));
#4030=CARTESIAN_POINT('Ctrl Pts',(7.29,2.08166817117217E-17,-1.50875));
#4031=CARTESIAN_POINT('Ctrl Pts',(7.29,0.0264047472746222,-1.50875));
#4032=CARTESIAN_POINT('Ctrl Pts',(7.29528400645349,0.0545462333184281,-1.50798612937321));
#4033=CARTESIAN_POINT('Ctrl Pts',(7.30970772703033,0.0893440491352949,-1.50612888851474));
#4034=CARTESIAN_POINT('Ctrl Pts',(7.31403203663386,0.0980217148678973,-1.50558537601814));
#4035=CARTESIAN_POINT('Ctrl Pts',(7.31889661102011,0.106308807255086,-1.505));
#4036=CARTESIAN_POINT('Origin',(7.5,0.,-1.505));
#4037=CARTESIAN_POINT('',(6.365,0.106308807255086,-1.505));
#4038=CARTESIAN_POINT('Origin',(5.5,0.,-1.505));
#4039=CARTESIAN_POINT('',(5.68110338897989,-0.106308807255086,-1.505));
#4040=CARTESIAN_POINT('',(5.31889661102011,-0.106308807255086,-1.505));
#4041=CARTESIAN_POINT('',(6.365,-0.106308807255086,-1.505));
#4042=CARTESIAN_POINT('Origin',(5.5,0.,-1.505));
#4043=CARTESIAN_POINT('Origin',(5.5,0.,-1.8025));
#4044=CARTESIAN_POINT('',(5.5,-0.21,-1.89338981723257));
#4045=CARTESIAN_POINT('',(5.29,-2.57175827820944E-17,-1.905));
#4046=CARTESIAN_POINT('Ctrl Pts',(5.5,-0.21,-1.89338981723257));
#4047=CARTESIAN_POINT('Ctrl Pts',(5.52639116770648,-0.21,-1.89338981723257));
#4048=CARTESIAN_POINT('Ctrl Pts',(5.55452666861228,-0.204721323543933,-1.89399848999412));
#4049=CARTESIAN_POINT('Ctrl Pts',(5.6062599166764,-0.183283410951931,-1.89619310490037));
#4050=CARTESIAN_POINT('Ctrl Pts',(5.6298595051574,-0.167125342940948,-1.89774693460781));
#4051=CARTESIAN_POINT('Ctrl Pts',(5.66712524909496,-0.129859599003389,-1.9006606191255));
#4052=CARTESIAN_POINT('Ctrl Pts',(5.68328339049018,-0.106259969528803,-1.90221031918652));
#4053=CARTESIAN_POINT('Ctrl Pts',(5.70472135737826,-0.054526583489612,-1.90439547658068));
#4054=CARTESIAN_POINT('Ctrl Pts',(5.71,-0.0263910347855357,-1.905));
#4055=CARTESIAN_POINT('Ctrl Pts',(5.71,0.0263910347855357,-1.905));
#4056=CARTESIAN_POINT('Ctrl Pts',(5.70472135737826,0.054526583489612,-1.90439547658068));
#4057=CARTESIAN_POINT('Ctrl Pts',(5.68328339049018,0.106259969528803,-1.90221031918652));
#4058=CARTESIAN_POINT('Ctrl Pts',(5.66712524909496,0.129859599003389,-1.9006606191255));
#4059=CARTESIAN_POINT('Ctrl Pts',(5.6298595051574,0.167125342940948,-1.89774693460781));
#4060=CARTESIAN_POINT('Ctrl Pts',(5.6062599166764,0.183283410951931,-1.89619310490037));
#4061=CARTESIAN_POINT('Ctrl Pts',(5.55452666861228,0.204721323543933,-1.89399848999412));
#4062=CARTESIAN_POINT('Ctrl Pts',(5.52639116770648,0.21,-1.89338981723257));
#4063=CARTESIAN_POINT('Ctrl Pts',(5.47360883229352,0.21,-1.89338981723257));
#4064=CARTESIAN_POINT('Ctrl Pts',(5.44547333138772,0.204721323543933,-1.89399848999412));
#4065=CARTESIAN_POINT('Ctrl Pts',(5.3937400833236,0.183283410951931,-1.89619310490037));
#4066=CARTESIAN_POINT('Ctrl Pts',(5.3701404948426,0.167125342940948,-1.89774693460781));
#4067=CARTESIAN_POINT('Ctrl Pts',(5.33287475090504,0.129859599003389,-1.9006606191255));
#4068=CARTESIAN_POINT('Ctrl Pts',(5.31671660950982,0.106259969528803,-1.90221031918652));
#4069=CARTESIAN_POINT('Ctrl Pts',(5.29527864262174,0.0545265834896119,-1.90439547658068));
#4070=CARTESIAN_POINT('Ctrl Pts',(5.29,0.0263910347855357,-1.905));
#4071=CARTESIAN_POINT('Ctrl Pts',(5.29,2.77555756156289E-17,-1.905));
#4072=CARTESIAN_POINT('Ctrl Pts',(5.29,2.08166817117217E-17,-1.905));
#4073=CARTESIAN_POINT('Ctrl Pts',(5.29,-0.0263910347855356,-1.905));
#4074=CARTESIAN_POINT('Ctrl Pts',(5.29527864262174,-0.0545265834896119,
-1.90439547658068));
#4075=CARTESIAN_POINT('Ctrl Pts',(5.31671660950982,-0.106259969528803,-1.90221031918652));
#4076=CARTESIAN_POINT('Ctrl Pts',(5.33287475090504,-0.129859599003389,-1.9006606191255));
#4077=CARTESIAN_POINT('Ctrl Pts',(5.3701404948426,-0.167125342940948,-1.89774693460781));
#4078=CARTESIAN_POINT('Ctrl Pts',(5.3937400833236,-0.183283410951931,-1.89619310490037));
#4079=CARTESIAN_POINT('Ctrl Pts',(5.44547333138772,-0.204721323543933,-1.89399848999412));
#4080=CARTESIAN_POINT('Ctrl Pts',(5.47360883229352,-0.21,-1.89338981723257));
#4081=CARTESIAN_POINT('Ctrl Pts',(5.5,-0.21,-1.89338981723257));
#4082=CARTESIAN_POINT('',(5.29,4.48844336872086E-18,-1.50875));
#4083=CARTESIAN_POINT('',(5.29,-2.57175827820944E-17,-1.8025));
#4084=CARTESIAN_POINT('Ctrl Pts',(5.31889661102011,-0.106308807255086,-1.505));
#4085=CARTESIAN_POINT('Ctrl Pts',(5.31403203663386,-0.0980217148678974,
-1.50558537601814));
#4086=CARTESIAN_POINT('Ctrl Pts',(5.30970772703033,-0.0893440491352947,
-1.50612888851474));
#4087=CARTESIAN_POINT('Ctrl Pts',(5.29528400645349,-0.054546233318428,-1.50798612937321));
#4088=CARTESIAN_POINT('Ctrl Pts',(5.29,-0.0264047472746222,-1.50875));
#4089=CARTESIAN_POINT('Ctrl Pts',(5.29,0.,-1.50875));
#4090=CARTESIAN_POINT('',(5.68110338897989,0.106308807255086,-1.505));
#4091=CARTESIAN_POINT('Ctrl Pts',(5.68110338897989,0.106308807255086,-1.505));
#4092=CARTESIAN_POINT('Ctrl Pts',(5.68596796336614,0.0980217148678978,-1.50558537601814));
#4093=CARTESIAN_POINT('Ctrl Pts',(5.69029227296967,0.0893440491352945,-1.50612888851474));
#4094=CARTESIAN_POINT('Ctrl Pts',(5.70471599354651,0.054546233318428,-1.50798612937321));
#4095=CARTESIAN_POINT('Ctrl Pts',(5.71,0.0264047472746222,-1.50875));
#4096=CARTESIAN_POINT('Ctrl Pts',(5.71,-0.0264047472746221,-1.50875));
#4097=CARTESIAN_POINT('Ctrl Pts',(5.70471599354651,-0.054546233318428,-1.50798612937321));
#4098=CARTESIAN_POINT('Ctrl Pts',(5.69029227296967,-0.0893440491352948,
-1.50612888851474));
#4099=CARTESIAN_POINT('Ctrl Pts',(5.68596796336614,-0.0980217148678973,
-1.50558537601814));
#4100=CARTESIAN_POINT('Ctrl Pts',(5.68110338897989,-0.106308807255086,-1.505));
#4101=CARTESIAN_POINT('',(5.31889661102011,0.106308807255086,-1.505));
#4102=CARTESIAN_POINT('Origin',(5.5,0.,-1.505));
#4103=CARTESIAN_POINT('Ctrl Pts',(5.29,4.85722573273506E-17,-1.50875));
#4104=CARTESIAN_POINT('Ctrl Pts',(5.29,0.0264047472746222,-1.50875));
#4105=CARTESIAN_POINT('Ctrl Pts',(5.29528400645349,0.0545462333184281,-1.50798612937321));
#4106=CARTESIAN_POINT('Ctrl Pts',(5.30970772703033,0.0893440491352949,-1.50612888851474));
#4107=CARTESIAN_POINT('Ctrl Pts',(5.31403203663386,0.098021714867897,-1.50558537601814));
#4108=CARTESIAN_POINT('Ctrl Pts',(5.31889661102011,0.106308807255086,-1.505));
#4109=CARTESIAN_POINT('Origin',(5.5,0.,-1.505));
#4110=CARTESIAN_POINT('',(6.365,0.106308807255086,-1.505));
#4111=CARTESIAN_POINT('Origin',(6.365,0.,0.));
#4112=CARTESIAN_POINT('',(1.365,-1.84768585821357E-16,1.50875));
#4113=CARTESIAN_POINT('Origin',(1.365,0.,0.));
#4114=CARTESIAN_POINT('',(11.365,1.84768585821357E-16,1.50875));
#4115=CARTESIAN_POINT('',(6.365,-1.84768585821357E-16,1.50875));
#4116=CARTESIAN_POINT('Origin',(11.365,0.,0.));
#4117=CARTESIAN_POINT('Origin',(6.365,0.,0.));
#4118=CARTESIAN_POINT('',(11.365,-2.33295215237571E-16,1.905));
#4119=CARTESIAN_POINT('Origin',(11.365,0.,0.));
#4120=CARTESIAN_POINT('',(1.365,-2.33295215237571E-16,1.905));
#4121=CARTESIAN_POINT('',(6.365,-2.33295215237571E-16,1.905));
#4122=CARTESIAN_POINT('Origin',(1.365,0.,0.));
#4123=CARTESIAN_POINT('Origin',(1.365,0.,0.));
#4124=CARTESIAN_POINT('Origin',(11.365,0.,0.));
#4125=UNCERTAINTY_MEASURE_WITH_UNIT(LENGTH_MEASURE(0.001),#4129,
'DISTANCE_ACCURACY_VALUE',
'Maximum model space distance between geometric entities at asserted c
onnectivities');
#4126=UNCERTAINTY_MEASURE_WITH_UNIT(LENGTH_MEASURE(0.001),#4129,
'DISTANCE_ACCURACY_VALUE',
'Maximum model space distance between geometric entities at asserted c
onnectivities');
#4127=(
GEOMETRIC_REPRESENTATION_CONTEXT(3)
GLOBAL_UNCERTAINTY_ASSIGNED_CONTEXT((#4125))
GLOBAL_UNIT_ASSIGNED_CONTEXT((#4129,#4131,#4132))
REPRESENTATION_CONTEXT('','3D')
);
#4128=(
GEOMETRIC_REPRESENTATION_CONTEXT(3)
GLOBAL_UNCERTAINTY_ASSIGNED_CONTEXT((#4126))
GLOBAL_UNIT_ASSIGNED_CONTEXT((#4129,#4131,#4132))
REPRESENTATION_CONTEXT('','3D')
);
#4129=(
LENGTH_UNIT()
NAMED_UNIT(*)
SI_UNIT(.CENTI.,.METRE.)
);
#4130=(
LENGTH_UNIT()
NAMED_UNIT(*)
SI_UNIT($,.METRE.)
);
#4131=(
NAMED_UNIT(*)
PLANE_ANGLE_UNIT()
SI_UNIT($,.RADIAN.)
);
#4132=(
NAMED_UNIT(*)
SI_UNIT($,.STERADIAN.)
SOLID_ANGLE_UNIT()
);
#4133=SHAPE_DEFINITION_REPRESENTATION(#4134,#4135);
#4134=PRODUCT_DEFINITION_SHAPE('',$,#4137);
#4135=SHAPE_REPRESENTATION('',(#2459),#4127);
#4136=PRODUCT_DEFINITION_CONTEXT('part definition',#4141,'design');
#4137=PRODUCT_DEFINITION('11_Steel_Weldments','11_Steel_Weldments',#4138,
#4136);
#4138=PRODUCT_DEFINITION_FORMATION('',$,#4143);
#4139=PRODUCT_RELATED_PRODUCT_CATEGORY('11_Steel_Weldments',
'11_Steel_Weldments',(#4143));
#4140=APPLICATION_PROTOCOL_DEFINITION('international standard',
'automotive_design',2009,#4141);
#4141=APPLICATION_CONTEXT(
'Core Data for Automotive Mechanical Design Process');
#4142=PRODUCT_CONTEXT('part definition',#4141,'mechanical');
#4143=PRODUCT('11_Steel_Weldments','11_Steel_Weldments',$,(#4142));
#4144=PRESENTATION_STYLE_ASSIGNMENT((#4145));
#4145=SURFACE_STYLE_USAGE(.BOTH.,#4146);
#4146=SURFACE_SIDE_STYLE('',(#4147));
#4147=SURFACE_STYLE_FILL_AREA(#4148);
#4148=FILL_AREA_STYLE('Steel - Satin',(#4149));
#4149=FILL_AREA_STYLE_COLOUR('Steel - Satin',#4150);
#4150=COLOUR_RGB('Steel - Satin',0.627450980392157,0.627450980392157,0.627450980392157);
ENDSEC;
END-ISO-10303-21;
