ISO-10303-21;
HEADER;
/* Generated by software containing ST-Developer
 * from STEP Tools, Inc. (www.steptools.com) 
 */

FILE_DESCRIPTION(
/* description */ (''),
/* implementation_level */ '2;1');

FILE_NAME(
/* name */ '30_Print_Barrel.stp',
/* time_stamp */ '2026-09-13T20:18:30-05:00',
/* author */ (''),
/* organization */ (''),
/* preprocessor_version */ 'ST-DEVELOPER v20.1',
/* originating_system */ 'Autodesk Translation Framework v15.8.0.0',
/* authorisation */ '');

FILE_SCHEMA (('AUTOMOTIVE_DESIGN { 1 0 10303 214 3 1 1 }'));
ENDSEC;

DATA;
#10=MECHANICAL_DESIGN_GEOMETRIC_PRESENTATION_REPRESENTATION('',(#13),#4695);
#11=SHAPE_REPRESENTATION_RELATIONSHIP('SRR','None',#4702,#12);
#12=ADVANCED_BREP_SHAPE_REPRESENTATION('',(#14),#4694);
#13=STYLED_ITEM('',(#4711),#14);
#14=MANIFOLD_SOLID_BREP('PR-21-Barrel-Jacket',#1506);
#15=B_SPLINE_CURVE_WITH_KNOTS('',3,(#1996,#1997,#1998,#1999,#2000,#2001,
#2002,#2003,#2004,#2005,#2006,#2007,#2008,#2009,#2010,#2011,#2012,#2013,
#2014,#2015,#2016,#2017,#2018,#2019,#2020,#2021),.UNSPECIFIED.,.F.,.F.,
(4,2,2,2,2,2,2,2,2,2,2,2,4),(0.,0.131908191619023,0.263816383238046,0.395724345007063,
0.52763230677608,0.659540268545097,0.791448230314114,0.923356421933137,
1.05526461355216,1.18717280517118,1.31908099679021,1.45098895855922,1.58289692032824),
 .UNSPECIFIED.);
#16=B_SPLINE_CURVE_WITH_KNOTS('',3,(#2022,#2023,#2024,#2025,#2026,#2027,
#2028,#2029,#2030,#2031),.UNSPECIFIED.,.F.,.F.,(4,2,2,2,4),(1.58289692032824,
1.71480488209726,1.84671284386627,1.9786210354853,2.11052922710432),
 .UNSPECIFIED.);
#17=B_SPLINE_CURVE_WITH_KNOTS('',3,(#2035,#2036,#2037,#2038,#2039,#2040,
#2041,#2042,#2043,#2044),.UNSPECIFIED.,.F.,.F.,(4,2,2,2,4),(0.,0.132152678646648,
0.264305357293296,0.396453218269065,0.528601079244834),.UNSPECIFIED.);
#18=B_SPLINE_CURVE_WITH_KNOTS('',3,(#2045,#2046,#2047,#2048,#2049,#2050,
#2051,#2052,#2053,#2054,#2055,#2056,#2057,#2058,#2059,#2060,#2061,#2062,
#2063,#2064,#2065,#2066,#2067,#2068,#2069,#2070),.UNSPECIFIED.,.F.,.F.,
(4,2,2,2,2,2,2,2,2,2,2,2,4),(0.528601079244834,0.660748940220603,0.792896801196372,
0.925049479843021,1.05720215848967,1.18935483713632,1.32150751578296,1.45365537675873,
1.5858032377345,1.71795109871027,1.85009895968604,1.98225163833269,2.11440431697934),
 .UNSPECIFIED.);
#19=B_SPLINE_CURVE_WITH_KNOTS('',3,(#2074,#2075,#2076,#2077,#2078,#2079,
#2080,#2081,#2082,#2083,#2084,#2085,#2086,#2087,#2088,#2089,#2090,#2091,
#2092,#2093,#2094,#2095,#2096,#2097,#2098,#2099),.UNSPECIFIED.,.F.,.F.,
(4,2,2,2,2,2,2,2,2,2,2,2,4),(0.,0.131908191619023,0.263816383238046,0.395724345007063,
0.52763230677608,0.659540268545097,0.791448230314114,0.923356421933137,
1.05526461355216,1.18717280517118,1.31908099679021,1.45098895855922,1.58289692032824),
 .UNSPECIFIED.);
#20=B_SPLINE_CURVE_WITH_KNOTS('',3,(#2100,#2101,#2102,#2103,#2104,#2105,
#2106,#2107,#2108,#2109),.UNSPECIFIED.,.F.,.F.,(4,2,2,2,4),(1.58289692032824,
1.71480488209726,1.84671284386627,1.9786210354853,2.11052922710432),
 .UNSPECIFIED.);
#21=B_SPLINE_CURVE_WITH_KNOTS('',3,(#2113,#2114,#2115,#2116,#2117,#2118,
#2119,#2120,#2121,#2122),.UNSPECIFIED.,.F.,.F.,(4,2,2,2,4),(0.,0.132152678646648,
0.264305357293296,0.396453218269065,0.528601079244834),.UNSPECIFIED.);
#22=B_SPLINE_CURVE_WITH_KNOTS('',3,(#2123,#2124,#2125,#2126,#2127,#2128,
#2129,#2130,#2131,#2132,#2133,#2134,#2135,#2136,#2137,#2138,#2139,#2140,
#2141,#2142,#2143,#2144,#2145,#2146,#2147,#2148),.UNSPECIFIED.,.F.,.F.,
(4,2,2,2,2,2,2,2,2,2,2,2,4),(0.528601079244834,0.660748940220603,0.792896801196372,
0.925049479843021,1.05720215848967,1.18935483713632,1.32150751578296,1.45365537675873,
1.5858032377345,1.71795109871027,1.85009895968604,1.98225163833269,2.11440431697934),
 .UNSPECIFIED.);
#23=B_SPLINE_CURVE_WITH_KNOTS('',3,(#2152,#2153,#2154,#2155,#2156,#2157,
#2158,#2159,#2160,#2161,#2162,#2163,#2164,#2165,#2166,#2167,#2168,#2169,
#2170,#2171,#2172,#2173,#2174,#2175,#2176,#2177,#2178,#2179,#2180,#2181,
#2182,#2183,#2184,#2185,#2186,#2187,#2188,#2189),.UNSPECIFIED.,.F.,.F.,
(4,2,2,2,2,2,2,2,2,2,2,2,2,2,2,2,2,2,4),(0.,0.24891991542108,0.497839830842161,
0.995679661684322,1.49270567279764,1.74121867835429,1.98973168391095,2.23824468946761,
2.48675769502427,2.98378370613758,3.48162353697974,3.73054345240082,3.9794633678219,
4.22838328324299,4.47730319866407,4.97514302950623,5.47216904061954,5.7206820461762,
5.96919505173286),.UNSPECIFIED.);
#24=B_SPLINE_CURVE_WITH_KNOTS('',3,(#2190,#2191,#2192,#2193,#2194,#2195,
#2196,#2197,#2198,#2199,#2200,#2201,#2202,#2203),.UNSPECIFIED.,.F.,.F.,
(4,2,2,2,2,2,4),(5.96919505173286,6.21770805728951,6.46622106284617,6.96324707395949,
7.46108690480165,7.71000682022273,7.95892673564381),.UNSPECIFIED.);
#25=B_SPLINE_CURVE_WITH_KNOTS('',3,(#2207,#2208,#2209,#2210,#2211,#2212,
#2213,#2214,#2215,#2216,#2217,#2218),.UNSPECIFIED.,.F.,.F.,(4,2,2,2,2,4),
(0.,0.246890862134779,0.493781724269559,0.987563448539117,1.48113045202226,
1.9746974555054),.UNSPECIFIED.);
#26=B_SPLINE_CURVE_WITH_KNOTS('',3,(#2219,#2220,#2221,#2222,#2223,#2224,
#2225,#2226,#2227,#2228,#2229,#2230,#2231,#2232,#2233,#2234,#2235,#2236,
#2237,#2238,#2239,#2240,#2241,#2242,#2243,#2244,#2245,#2246,#2247,#2248,
#2249,#2250),.UNSPECIFIED.,.F.,.F.,(4,2,2,2,2,2,2,2,2,2,2,2,2,2,2,4),(1.9746974555054,
2.46826445898854,2.96183146247169,3.45561318674125,3.70250404887603,3.9493949110108,
4.19628577314558,4.44317663528036,4.93695835954992,5.43052536303306,5.92409236651621,
6.41765936999935,6.91122637348249,7.40500809775205,7.65189895988683,7.89878982202161),
 .UNSPECIFIED.);
#27=B_SPLINE_CURVE_WITH_KNOTS('',3,(#2254,#2255,#2256,#2257,#2258,#2259,
#2260,#2261,#2262,#2263,#2264,#2265,#2266,#2267,#2268,#2269,#2270,#2271,
#2272,#2273,#2274,#2275,#2276,#2277,#2278,#2279,#2280,#2281,#2282,#2283,
#2284,#2285,#2286,#2287,#2288,#2289,#2290,#2291),.UNSPECIFIED.,.F.,.F.,
(4,2,2,2,2,2,2,2,2,2,2,2,2,2,2,2,2,2,4),(0.,0.24891991542108,0.497839830842161,
0.995679661684321,1.49270567279764,1.74121867835429,1.98973168391095,2.23824468946761,
2.48675769502427,2.98378370613758,3.48162353697974,3.73054345240082,3.9794633678219,
4.22838328324299,4.47730319866407,4.97514302950623,5.47216904061954,5.7206820461762,
5.96919505173286),.UNSPECIFIED.);
#28=B_SPLINE_CURVE_WITH_KNOTS('',3,(#2292,#2293,#2294,#2295,#2296,#2297,
#2298,#2299,#2300,#2301,#2302,#2303,#2304,#2305),.UNSPECIFIED.,.F.,.F.,
(4,2,2,2,2,2,4),(5.96919505173286,6.21770805728952,6.46622106284617,6.96324707395949,
7.46108690480165,7.71000682022273,7.95892673564381),.UNSPECIFIED.);
#29=B_SPLINE_CURVE_WITH_KNOTS('',3,(#2309,#2310,#2311,#2312,#2313,#2314,
#2315,#2316,#2317,#2318,#2319,#2320),.UNSPECIFIED.,.F.,.F.,(4,2,2,2,2,4),
(0.,0.246890862134779,0.493781724269558,0.987563448539117,1.48113045202226,
1.9746974555054),.UNSPECIFIED.);
#30=B_SPLINE_CURVE_WITH_KNOTS('',3,(#2321,#2322,#2323,#2324,#2325,#2326,
#2327,#2328,#2329,#2330,#2331,#2332,#2333,#2334,#2335,#2336,#2337,#2338,
#2339,#2340,#2341,#2342,#2343,#2344,#2345,#2346,#2347,#2348,#2349,#2350,
#2351,#2352),.UNSPECIFIED.,.F.,.F.,(4,2,2,2,2,2,2,2,2,2,2,2,2,2,2,4),(1.9746974555054,
2.46826445898854,2.96183146247169,3.45561318674124,3.70250404887602,3.9493949110108,
4.19628577314558,4.44317663528036,4.93695835954992,5.43052536303306,5.9240923665162,
6.41765936999935,6.91122637348249,7.40500809775205,7.65189895988683,7.89878982202161),
 .UNSPECIFIED.);
#31=B_SPLINE_CURVE_WITH_KNOTS('',3,(#2356,#2357,#2358,#2359,#2360,#2361,
#2362,#2363,#2364,#2365,#2366,#2367,#2368,#2369,#2370,#2371,#2372,#2373,
#2374,#2375,#2376,#2377,#2378,#2379,#2380,#2381,#2382,#2383,#2384,#2385,
#2386,#2387,#2388,#2389,#2390,#2391,#2392,#2393),.UNSPECIFIED.,.F.,.F.,
(4,2,2,2,2,2,2,2,2,2,2,2,2,2,2,2,2,2,4),(0.,0.24891991542108,0.497839830842161,
0.995679661684322,1.49270567279764,1.74121867835429,1.98973168391095,2.23824468946761,
2.48675769502427,2.98378370613758,3.48162353697974,3.73054345240082,3.9794633678219,
4.22838328324298,4.47730319866406,4.97514302950623,5.47216904061954,5.7206820461762,
5.96919505173286),.UNSPECIFIED.);
#32=B_SPLINE_CURVE_WITH_KNOTS('',3,(#2394,#2395,#2396,#2397,#2398,#2399,
#2400,#2401,#2402,#2403,#2404,#2405,#2406,#2407),.UNSPECIFIED.,.F.,.F.,
(4,2,2,2,2,2,4),(5.96919505173286,6.21770805728951,6.46622106284617,6.96324707395949,
7.46108690480165,7.71000682022273,7.95892673564381),.UNSPECIFIED.);
#33=B_SPLINE_CURVE_WITH_KNOTS('',3,(#2411,#2412,#2413,#2414,#2415,#2416,
#2417,#2418,#2419,#2420,#2421,#2422),.UNSPECIFIED.,.F.,.F.,(4,2,2,2,2,4),
(0.,0.246890862134779,0.493781724269558,0.987563448539117,1.48113045202226,
1.9746974555054),.UNSPECIFIED.);
#34=B_SPLINE_CURVE_WITH_KNOTS('',3,(#2423,#2424,#2425,#2426,#2427,#2428,
#2429,#2430,#2431,#2432,#2433,#2434,#2435,#2436,#2437,#2438,#2439,#2440,
#2441,#2442,#2443,#2444,#2445,#2446,#2447,#2448,#2449,#2450,#2451,#2452,
#2453,#2454),.UNSPECIFIED.,.F.,.F.,(4,2,2,2,2,2,2,2,2,2,2,2,2,2,2,4),(1.9746974555054,
2.46826445898854,2.96183146247169,3.45561318674124,3.70250404887602,3.9493949110108,
4.19628577314558,4.44317663528036,4.93695835954992,5.43052536303306,5.9240923665162,
6.41765936999935,6.91122637348249,7.40500809775205,7.65189895988683,7.89878982202161),
 .UNSPECIFIED.);
#35=B_SPLINE_CURVE_WITH_KNOTS('',3,(#2458,#2459,#2460,#2461,#2462,#2463,
#2464,#2465,#2466,#2467,#2468,#2469,#2470,#2471,#2472,#2473,#2474,#2475,
#2476,#2477,#2478,#2479,#2480,#2481,#2482,#2483,#2484,#2485,#2486,#2487,
#2488,#2489,#2490,#2491,#2492,#2493,#2494,#2495),.UNSPECIFIED.,.F.,.F.,
(4,2,2,2,2,2,2,2,2,2,2,2,2,2,2,2,2,2,4),(0.,0.24891991542108,0.497839830842161,
0.995679661684322,1.49270567279764,1.74121867835429,1.98973168391095,2.23824468946761,
2.48675769502427,2.98378370613758,3.48162353697974,3.73054345240082,3.9794633678219,
4.22838328324298,4.47730319866406,4.97514302950623,5.47216904061954,5.7206820461762,
5.96919505173286),.UNSPECIFIED.);
#36=B_SPLINE_CURVE_WITH_KNOTS('',3,(#2496,#2497,#2498,#2499,#2500,#2501,
#2502,#2503,#2504,#2505,#2506,#2507,#2508,#2509),.UNSPECIFIED.,.F.,.F.,
(4,2,2,2,2,2,4),(5.96919505173286,6.21770805728951,6.46622106284617,6.96324707395949,
7.46108690480165,7.71000682022273,7.95892673564381),.UNSPECIFIED.);
#37=B_SPLINE_CURVE_WITH_KNOTS('',3,(#2513,#2514,#2515,#2516,#2517,#2518,
#2519,#2520,#2521,#2522,#2523,#2524),.UNSPECIFIED.,.F.,.F.,(4,2,2,2,2,4),
(0.,0.246890862134779,0.493781724269559,0.987563448539118,1.48113045202226,
1.9746974555054),.UNSPECIFIED.);
#38=B_SPLINE_CURVE_WITH_KNOTS('',3,(#2525,#2526,#2527,#2528,#2529,#2530,
#2531,#2532,#2533,#2534,#2535,#2536,#2537,#2538,#2539,#2540,#2541,#2542,
#2543,#2544,#2545,#2546,#2547,#2548,#2549,#2550,#2551,#2552,#2553,#2554,
#2555,#2556),.UNSPECIFIED.,.F.,.F.,(4,2,2,2,2,2,2,2,2,2,2,2,2,2,2,4),(1.9746974555054,
2.46826445898854,2.96183146247169,3.45561318674124,3.70250404887602,3.9493949110108,
4.19628577314558,4.44317663528036,4.93695835954992,5.43052536303306,5.9240923665162,
6.41765936999935,6.91122637348249,7.40500809775205,7.65189895988683,7.89878982202161),
 .UNSPECIFIED.);
#39=B_SPLINE_CURVE_WITH_KNOTS('',3,(#2560,#2561,#2562,#2563,#2564,#2565,
#2566,#2567,#2568,#2569,#2570,#2571,#2572,#2573,#2574,#2575,#2576,#2577,
#2578,#2579,#2580,#2581,#2582,#2583,#2584,#2585,#2586,#2587,#2588,#2589,
#2590,#2591,#2592,#2593,#2594,#2595,#2596,#2597),.UNSPECIFIED.,.F.,.F.,
(4,2,2,2,2,2,2,2,2,2,2,2,2,2,2,2,2,2,4),(0.,0.24891991542108,0.497839830842161,
0.995679661684321,1.49270567279764,1.74121867835429,1.98973168391095,2.23824468946761,
2.48675769502427,2.98378370613758,3.48162353697974,3.73054345240082,3.9794633678219,
4.22838328324298,4.47730319866406,4.97514302950623,5.47216904061954,5.7206820461762,
5.96919505173286),.UNSPECIFIED.);
#40=B_SPLINE_CURVE_WITH_KNOTS('',3,(#2598,#2599,#2600,#2601,#2602,#2603,
#2604,#2605,#2606,#2607,#2608,#2609,#2610,#2611),.UNSPECIFIED.,.F.,.F.,
(4,2,2,2,2,2,4),(5.96919505173286,6.21770805728951,6.46622106284617,6.96324707395949,
7.46108690480165,7.71000682022273,7.95892673564381),.UNSPECIFIED.);
#41=B_SPLINE_CURVE_WITH_KNOTS('',3,(#2615,#2616,#2617,#2618,#2619,#2620,
#2621,#2622,#2623,#2624,#2625,#2626),.UNSPECIFIED.,.F.,.F.,(4,2,2,2,2,4),
(0.,0.246890862134779,0.493781724269559,0.987563448539118,1.48113045202226,
1.9746974555054),.UNSPECIFIED.);
#42=B_SPLINE_CURVE_WITH_KNOTS('',3,(#2627,#2628,#2629,#2630,#2631,#2632,
#2633,#2634,#2635,#2636,#2637,#2638,#2639,#2640,#2641,#2642,#2643,#2644,
#2645,#2646,#2647,#2648,#2649,#2650,#2651,#2652,#2653,#2654,#2655,#2656,
#2657,#2658),.UNSPECIFIED.,.F.,.F.,(4,2,2,2,2,2,2,2,2,2,2,2,2,2,2,4),(1.9746974555054,
2.46826445898854,2.96183146247169,3.45561318674125,3.70250404887603,3.9493949110108,
4.19628577314558,4.44317663528036,4.93695835954992,5.43052536303306,5.92409236651621,
6.41765936999935,6.91122637348249,7.40500809775205,7.65189895988683,7.89878982202161),
 .UNSPECIFIED.);
#43=B_SPLINE_CURVE_WITH_KNOTS('',3,(#2662,#2663,#2664,#2665,#2666,#2667,
#2668,#2669,#2670,#2671,#2672,#2673,#2674,#2675,#2676,#2677,#2678,#2679,
#2680,#2681,#2682,#2683,#2684,#2685,#2686,#2687,#2688,#2689,#2690,#2691,
#2692,#2693,#2694,#2695,#2696,#2697,#2698,#2699),.UNSPECIFIED.,.F.,.F.,
(4,2,2,2,2,2,2,2,2,2,2,2,2,2,2,2,2,2,4),(0.,0.24891991542108,0.497839830842161,
0.995679661684321,1.49270567279764,1.74121867835429,1.98973168391095,2.23824468946761,
2.48675769502427,2.98378370613758,3.48162353697974,3.73054345240082,3.9794633678219,
4.22838328324299,4.47730319866407,4.97514302950623,5.47216904061954,5.7206820461762,
5.96919505173286),.UNSPECIFIED.);
#44=B_SPLINE_CURVE_WITH_KNOTS('',3,(#2700,#2701,#2702,#2703,#2704,#2705,
#2706,#2707,#2708,#2709,#2710,#2711,#2712,#2713),.UNSPECIFIED.,.F.,.F.,
(4,2,2,2,2,2,4),(5.96919505173286,6.21770805728951,6.46622106284617,6.96324707395949,
7.46108690480165,7.71000682022273,7.95892673564381),.UNSPECIFIED.);
#45=B_SPLINE_CURVE_WITH_KNOTS('',3,(#2717,#2718,#2719,#2720,#2721,#2722,
#2723,#2724,#2725,#2726,#2727,#2728),.UNSPECIFIED.,.F.,.F.,(4,2,2,2,2,4),
(0.,0.246890862134779,0.493781724269559,0.987563448539118,1.48113045202226,
1.9746974555054),.UNSPECIFIED.);
#46=B_SPLINE_CURVE_WITH_KNOTS('',3,(#2729,#2730,#2731,#2732,#2733,#2734,
#2735,#2736,#2737,#2738,#2739,#2740,#2741,#2742,#2743,#2744,#2745,#2746,
#2747,#2748,#2749,#2750,#2751,#2752,#2753,#2754,#2755,#2756,#2757,#2758,
#2759,#2760),.UNSPECIFIED.,.F.,.F.,(4,2,2,2,2,2,2,2,2,2,2,2,2,2,2,4),(1.9746974555054,
2.46826445898854,2.96183146247169,3.45561318674125,3.70250404887603,3.9493949110108,
4.19628577314558,4.44317663528036,4.93695835954992,5.43052536303306,5.92409236651621,
6.41765936999935,6.91122637348249,7.40500809775205,7.65189895988683,7.89878982202161),
 .UNSPECIFIED.);
#47=B_SPLINE_CURVE_WITH_KNOTS('',3,(#2764,#2765,#2766,#2767,#2768,#2769,
#2770,#2771,#2772,#2773,#2774,#2775,#2776,#2777),.UNSPECIFIED.,.F.,.F.,
(4,2,2,2,2,2,4),(0.,0.24891991542108,0.497839830842161,0.995679661684322,
1.49270567279764,1.74121867835429,1.98973168391095),.UNSPECIFIED.);
#48=B_SPLINE_CURVE_WITH_KNOTS('',3,(#2779,#2780,#2781,#2782,#2783,#2784,
#2785,#2786,#2787,#2788,#2789,#2790,#2791,#2792),.UNSPECIFIED.,.F.,.F.,
(4,2,2,2,2,2,4),(5.96919505173286,6.21770805728951,6.46622106284617,6.96324707395949,
7.46108690480165,7.71000682022273,7.95892673564381),.UNSPECIFIED.);
#49=B_SPLINE_CURVE_WITH_KNOTS('',3,(#2796,#2797,#2798,#2799,#2800,#2801,
#2802,#2803,#2804,#2805,#2806,#2807),.UNSPECIFIED.,.F.,.F.,(4,2,2,2,2,4),
(0.,0.246890862134779,0.493781724269559,0.987563448539117,1.48113045202226,
1.9746974555054),.UNSPECIFIED.);
#50=B_SPLINE_CURVE_WITH_KNOTS('',3,(#2809,#2810,#2811,#2812,#2813,#2814,
#2815,#2816,#2817,#2818,#2819,#2820),.UNSPECIFIED.,.F.,.F.,(4,2,2,2,2,4),
(5.9240923665162,6.41765936999935,6.91122637348249,7.40500809775205,7.65189895988683,
7.89878982202161),.UNSPECIFIED.);
#51=B_SPLINE_CURVE_WITH_KNOTS('',3,(#2821,#2822,#2823,#2824,#2825,#2826,
#2827,#2828,#2829,#2830,#2831,#2832,#2833,#2834,#2835,#2836,#2837,#2838,
#2839,#2840,#2841,#2842),.UNSPECIFIED.,.F.,.F.,(4,2,2,2,2,2,2,2,2,2,4),
(1.9746974555054,2.46826445898854,2.96183146247169,3.45561318674125,3.70250404887602,
3.9493949110108,4.19628577314558,4.44317663528036,4.93695835954992,5.43052536303306,
5.9240923665162),.UNSPECIFIED.);
#52=B_SPLINE_CURVE_WITH_KNOTS('',3,(#2843,#2844,#2845,#2846,#2847,#2848,
#2849,#2850,#2851,#2852,#2853,#2854,#2855,#2856,#2857,#2858,#2859,#2860,
#2861,#2862,#2863,#2864,#2865,#2866,#2867,#2868),.UNSPECIFIED.,.F.,.F.,
(4,2,2,2,2,2,2,2,2,2,2,2,4),(1.98973168391095,2.23824468946761,2.48675769502427,
2.98378370613758,3.48162353697974,3.73054345240082,3.9794633678219,4.22838328324299,
4.47730319866407,4.97514302950623,5.47216904061954,5.7206820461762,5.96919505173286),
 .UNSPECIFIED.);
#53=B_SPLINE_CURVE_WITH_KNOTS('',3,(#2872,#2873,#2874,#2875,#2876,#2877,
#2878,#2879,#2880,#2881,#2882,#2883,#2884,#2885,#2886,#2887,#2888,#2889,
#2890,#2891,#2892,#2893,#2894,#2895,#2896,#2897,#2898,#2899,#2900,#2901,
#2902,#2903,#2904,#2905,#2906,#2907,#2908,#2909),.UNSPECIFIED.,.F.,.F.,
(4,2,2,2,2,2,2,2,2,2,2,2,2,2,2,2,2,2,4),(0.,0.24891991542108,0.497839830842161,
0.995679661684322,1.49270567279764,1.74121867835429,1.98973168391095,2.23824468946761,
2.48675769502427,2.98378370613758,3.48162353697974,3.73054345240083,3.97946336782191,
4.22838328324299,4.47730319866407,4.97514302950623,5.47216904061954,5.7206820461762,
5.96919505173286),.UNSPECIFIED.);
#54=B_SPLINE_CURVE_WITH_KNOTS('',3,(#2910,#2911,#2912,#2913,#2914,#2915,
#2916,#2917,#2918,#2919,#2920,#2921,#2922,#2923),.UNSPECIFIED.,.F.,.F.,
(4,2,2,2,2,2,4),(5.96919505173286,6.21770805728951,6.46622106284617,6.96324707395949,
7.46108690480165,7.71000682022273,7.95892673564381),.UNSPECIFIED.);
#55=B_SPLINE_CURVE_WITH_KNOTS('',3,(#2927,#2928,#2929,#2930,#2931,#2932,
#2933,#2934,#2935,#2936,#2937,#2938),.UNSPECIFIED.,.F.,.F.,(4,2,2,2,2,4),
(0.,0.246890862134779,0.493781724269559,0.987563448539117,1.48113045202226,
1.9746974555054),.UNSPECIFIED.);
#56=B_SPLINE_CURVE_WITH_KNOTS('',3,(#2939,#2940,#2941,#2942,#2943,#2944,
#2945,#2946,#2947,#2948,#2949,#2950,#2951,#2952,#2953,#2954,#2955,#2956,
#2957,#2958,#2959,#2960,#2961,#2962,#2963,#2964,#2965,#2966,#2967,#2968,
#2969,#2970),.UNSPECIFIED.,.F.,.F.,(4,2,2,2,2,2,2,2,2,2,2,2,2,2,2,4),(1.9746974555054,
2.46826445898854,2.96183146247169,3.45561318674125,3.70250404887603,3.9493949110108,
4.19628577314558,4.44317663528036,4.93695835954992,5.43052536303306,5.92409236651621,
6.41765936999935,6.91122637348249,7.40500809775205,7.65189895988683,7.89878982202161),
 .UNSPECIFIED.);
#57=B_SPLINE_CURVE_WITH_KNOTS('',3,(#2974,#2975,#2976,#2977,#2978,#2979,
#2980,#2981,#2982,#2983,#2984,#2985,#2986,#2987,#2988,#2989,#2990,#2991,
#2992,#2993,#2994,#2995,#2996,#2997,#2998,#2999,#3000,#3001,#3002,#3003,
#3004,#3005,#3006,#3007,#3008,#3009,#3010,#3011),.UNSPECIFIED.,.F.,.F.,
(4,2,2,2,2,2,2,2,2,2,2,2,2,2,2,2,2,2,4),(0.,0.24891991542108,0.497839830842161,
0.995679661684322,1.49270567279764,1.74121867835429,1.98973168391095,2.23824468946761,
2.48675769502427,2.98378370613758,3.48162353697974,3.73054345240082,3.9794633678219,
4.22838328324298,4.47730319866406,4.97514302950622,5.47216904061954,5.7206820461762,
5.96919505173286),.UNSPECIFIED.);
#58=B_SPLINE_CURVE_WITH_KNOTS('',3,(#3012,#3013,#3014,#3015,#3016,#3017,
#3018,#3019,#3020,#3021,#3022,#3023,#3024,#3025),.UNSPECIFIED.,.F.,.F.,
(4,2,2,2,2,2,4),(5.96919505173286,6.21770805728951,6.46622106284617,6.96324707395949,
7.46108690480165,7.71000682022273,7.95892673564381),.UNSPECIFIED.);
#59=B_SPLINE_CURVE_WITH_KNOTS('',3,(#3029,#3030,#3031,#3032,#3033,#3034,
#3035,#3036,#3037,#3038,#3039,#3040),.UNSPECIFIED.,.F.,.F.,(4,2,2,2,2,4),
(0.,0.246890862134778,0.493781724269557,0.987563448539114,1.48113045202226,
1.9746974555054),.UNSPECIFIED.);
#60=B_SPLINE_CURVE_WITH_KNOTS('',3,(#3041,#3042,#3043,#3044,#3045,#3046,
#3047,#3048,#3049,#3050,#3051,#3052,#3053,#3054,#3055,#3056,#3057,#3058,
#3059,#3060,#3061,#3062,#3063,#3064,#3065,#3066,#3067,#3068,#3069,#3070,
#3071,#3072),.UNSPECIFIED.,.F.,.F.,(4,2,2,2,2,2,2,2,2,2,2,2,2,2,2,4),(1.9746974555054,
2.46826445898854,2.96183146247169,3.45561318674124,3.70250404887602,3.9493949110108,
4.19628577314558,4.44317663528036,4.93695835954992,5.43052536303306,5.9240923665162,
6.41765936999935,6.91122637348249,7.40500809775205,7.65189895988683,7.89878982202161),
 .UNSPECIFIED.);
#61=B_SPLINE_CURVE_WITH_KNOTS('',3,(#3076,#3077,#3078,#3079,#3080,#3081,
#3082,#3083,#3084,#3085,#3086,#3087,#3088,#3089,#3090,#3091,#3092,#3093,
#3094,#3095,#3096,#3097,#3098,#3099,#3100,#3101,#3102,#3103,#3104,#3105,
#3106,#3107,#3108,#3109,#3110,#3111,#3112,#3113),.UNSPECIFIED.,.F.,.F.,
(4,2,2,2,2,2,2,2,2,2,2,2,2,2,2,2,2,2,4),(0.,0.24891991542108,0.497839830842161,
0.995679661684321,1.49270567279764,1.74121867835429,1.98973168391095,2.23824468946761,
2.48675769502427,2.98378370613758,3.48162353697974,3.73054345240082,3.9794633678219,
4.22838328324298,4.47730319866406,4.97514302950622,5.47216904061954,5.7206820461762,
5.96919505173286),.UNSPECIFIED.);
#62=B_SPLINE_CURVE_WITH_KNOTS('',3,(#3114,#3115,#3116,#3117,#3118,#3119,
#3120,#3121,#3122,#3123,#3124,#3125,#3126,#3127),.UNSPECIFIED.,.F.,.F.,
(4,2,2,2,2,2,4),(5.96919505173286,6.21770805728951,6.46622106284617,6.96324707395949,
7.46108690480165,7.71000682022273,7.95892673564381),.UNSPECIFIED.);
#63=B_SPLINE_CURVE_WITH_KNOTS('',3,(#3131,#3132,#3133,#3134,#3135,#3136,
#3137,#3138,#3139,#3140,#3141,#3142),.UNSPECIFIED.,.F.,.F.,(4,2,2,2,2,4),
(0.,0.246890862134778,0.493781724269557,0.987563448539114,1.48113045202226,
1.9746974555054),.UNSPECIFIED.);
#64=B_SPLINE_CURVE_WITH_KNOTS('',3,(#3143,#3144,#3145,#3146,#3147,#3148,
#3149,#3150,#3151,#3152,#3153,#3154,#3155,#3156,#3157,#3158,#3159,#3160,
#3161,#3162,#3163,#3164,#3165,#3166,#3167,#3168,#3169,#3170,#3171,#3172,
#3173,#3174),.UNSPECIFIED.,.F.,.F.,(4,2,2,2,2,2,2,2,2,2,2,2,2,2,2,4),(1.9746974555054,
2.46826445898854,2.96183146247169,3.45561318674124,3.70250404887602,3.9493949110108,
4.19628577314558,4.44317663528036,4.93695835954992,5.43052536303306,5.9240923665162,
6.41765936999935,6.91122637348249,7.40500809775205,7.65189895988683,7.89878982202161),
 .UNSPECIFIED.);
#65=B_SPLINE_CURVE_WITH_KNOTS('',3,(#3178,#3179,#3180,#3181,#3182,#3183,
#3184,#3185,#3186,#3187,#3188,#3189,#3190,#3191,#3192,#3193,#3194,#3195,
#3196,#3197,#3198,#3199,#3200,#3201,#3202,#3203,#3204,#3205,#3206,#3207,
#3208,#3209,#3210,#3211,#3212,#3213,#3214,#3215),.UNSPECIFIED.,.F.,.F.,
(4,2,2,2,2,2,2,2,2,2,2,2,2,2,2,2,2,2,4),(0.,0.24891991542108,0.497839830842161,
0.995679661684322,1.49270567279764,1.74121867835429,1.98973168391095,2.23824468946761,
2.48675769502427,2.98378370613758,3.48162353697974,3.73054345240082,3.9794633678219,
4.22838328324298,4.47730319866406,4.97514302950622,5.47216904061954,5.7206820461762,
5.96919505173285),.UNSPECIFIED.);
#66=B_SPLINE_CURVE_WITH_KNOTS('',3,(#3216,#3217,#3218,#3219,#3220,#3221,
#3222,#3223,#3224,#3225,#3226,#3227,#3228,#3229),.UNSPECIFIED.,.F.,.F.,
(4,2,2,2,2,2,4),(5.96919505173285,6.21770805728951,6.46622106284617,6.96324707395949,
7.46108690480165,7.71000682022273,7.95892673564381),.UNSPECIFIED.);
#67=B_SPLINE_CURVE_WITH_KNOTS('',3,(#3233,#3234,#3235,#3236,#3237,#3238,
#3239,#3240,#3241,#3242,#3243,#3244),.UNSPECIFIED.,.F.,.F.,(4,2,2,2,2,4),
(0.,0.246890862134778,0.493781724269557,0.987563448539114,1.48113045202226,
1.9746974555054),.UNSPECIFIED.);
#68=B_SPLINE_CURVE_WITH_KNOTS('',3,(#3245,#3246,#3247,#3248,#3249,#3250,
#3251,#3252,#3253,#3254,#3255,#3256,#3257,#3258,#3259,#3260,#3261,#3262,
#3263,#3264,#3265,#3266,#3267,#3268,#3269,#3270,#3271,#3272,#3273,#3274,
#3275,#3276),.UNSPECIFIED.,.F.,.F.,(4,2,2,2,2,2,2,2,2,2,2,2,2,2,2,4),(1.9746974555054,
2.46826445898854,2.96183146247168,3.45561318674124,3.70250404887602,3.9493949110108,
4.19628577314558,4.44317663528036,4.93695835954992,5.43052536303306,5.9240923665162,
6.41765936999934,6.91122637348249,7.40500809775205,7.65189895988682,7.8987898220216),
 .UNSPECIFIED.);
#69=B_SPLINE_CURVE_WITH_KNOTS('',3,(#3280,#3281,#3282,#3283,#3284,#3285,
#3286,#3287,#3288,#3289,#3290,#3291,#3292,#3293,#3294,#3295,#3296,#3297,
#3298,#3299,#3300,#3301,#3302,#3303,#3304,#3305,#3306,#3307,#3308,#3309,
#3310,#3311,#3312,#3313,#3314,#3315,#3316,#3317),.UNSPECIFIED.,.F.,.F.,
(4,2,2,2,2,2,2,2,2,2,2,2,2,2,2,2,2,2,4),(0.,0.24891991542108,0.497839830842161,
0.995679661684322,1.49270567279764,1.74121867835429,1.98973168391095,2.23824468946761,
2.48675769502427,2.98378370613758,3.48162353697974,3.73054345240082,3.9794633678219,
4.22838328324298,4.47730319866406,4.97514302950622,5.47216904061954,5.7206820461762,
5.96919505173285),.UNSPECIFIED.);
#70=B_SPLINE_CURVE_WITH_KNOTS('',3,(#3318,#3319,#3320,#3321,#3322,#3323,
#3324,#3325,#3326,#3327,#3328,#3329,#3330,#3331),.UNSPECIFIED.,.F.,.F.,
(4,2,2,2,2,2,4),(5.96919505173285,6.21770805728951,6.46622106284617,6.96324707395948,
7.46108690480165,7.71000682022273,7.95892673564381),.UNSPECIFIED.);
#71=B_SPLINE_CURVE_WITH_KNOTS('',3,(#3335,#3336,#3337,#3338,#3339,#3340,
#3341,#3342,#3343,#3344,#3345,#3346),.UNSPECIFIED.,.F.,.F.,(4,2,2,2,2,4),
(0.,0.246890862134779,0.493781724269557,0.987563448539114,1.48113045202226,
1.9746974555054),.UNSPECIFIED.);
#72=B_SPLINE_CURVE_WITH_KNOTS('',3,(#3347,#3348,#3349,#3350,#3351,#3352,
#3353,#3354,#3355,#3356,#3357,#3358,#3359,#3360,#3361,#3362,#3363,#3364,
#3365,#3366,#3367,#3368,#3369,#3370,#3371,#3372,#3373,#3374,#3375,#3376,
#3377,#3378),.UNSPECIFIED.,.F.,.F.,(4,2,2,2,2,2,2,2,2,2,2,2,2,2,2,4),(1.9746974555054,
2.46826445898854,2.96183146247168,3.45561318674124,3.70250404887602,3.9493949110108,
4.19628577314558,4.44317663528036,4.93695835954992,5.43052536303306,5.9240923665162,
6.41765936999935,6.91122637348249,7.40500809775205,7.65189895988683,7.89878982202161),
 .UNSPECIFIED.);
#73=B_SPLINE_CURVE_WITH_KNOTS('',3,(#3382,#3383,#3384,#3385,#3386,#3387,
#3388,#3389,#3390,#3391,#3392,#3393,#3394,#3395,#3396,#3397,#3398,#3399,
#3400,#3401,#3402,#3403,#3404,#3405,#3406,#3407,#3408,#3409,#3410,#3411,
#3412,#3413,#3414,#3415,#3416,#3417,#3418,#3419),.UNSPECIFIED.,.F.,.F.,
(4,2,2,2,2,2,2,2,2,2,2,2,2,2,2,2,2,2,4),(0.,0.24891991542108,0.497839830842161,
0.995679661684321,1.49270567279764,1.74121867835429,1.98973168391095,2.23824468946761,
2.48675769502427,2.98378370613758,3.48162353697974,3.73054345240082,3.9794633678219,
4.22838328324298,4.47730319866406,4.97514302950622,5.47216904061954,5.7206820461762,
5.96919505173286),.UNSPECIFIED.);
#74=B_SPLINE_CURVE_WITH_KNOTS('',3,(#3420,#3421,#3422,#3423,#3424,#3425,
#3426,#3427,#3428,#3429,#3430,#3431,#3432,#3433),.UNSPECIFIED.,.F.,.F.,
(4,2,2,2,2,2,4),(5.96919505173286,6.21770805728951,6.46622106284617,6.96324707395949,
7.46108690480165,7.71000682022273,7.95892673564381),.UNSPECIFIED.);
#75=B_SPLINE_CURVE_WITH_KNOTS('',3,(#3437,#3438,#3439,#3440,#3441,#3442,
#3443,#3444,#3445,#3446,#3447,#3448),.UNSPECIFIED.,.F.,.F.,(4,2,2,2,2,4),
(0.,0.246890862134778,0.493781724269557,0.987563448539114,1.48113045202226,
1.9746974555054),.UNSPECIFIED.);
#76=B_SPLINE_CURVE_WITH_KNOTS('',3,(#3449,#3450,#3451,#3452,#3453,#3454,
#3455,#3456,#3457,#3458,#3459,#3460,#3461,#3462,#3463,#3464,#3465,#3466,
#3467,#3468,#3469,#3470,#3471,#3472,#3473,#3474,#3475,#3476,#3477,#3478,
#3479,#3480),.UNSPECIFIED.,.F.,.F.,(4,2,2,2,2,2,2,2,2,2,2,2,2,2,2,4),(1.9746974555054,
2.46826445898854,2.96183146247169,3.45561318674124,3.70250404887602,3.9493949110108,
4.19628577314558,4.44317663528036,4.93695835954992,5.43052536303306,5.9240923665162,
6.41765936999935,6.91122637348249,7.40500809775205,7.65189895988683,7.89878982202161),
 .UNSPECIFIED.);
#77=B_SPLINE_CURVE_WITH_KNOTS('',3,(#3484,#3485,#3486,#3487,#3488,#3489,
#3490,#3491,#3492,#3493,#3494,#3495,#3496,#3497,#3498,#3499,#3500,#3501,
#3502,#3503,#3504,#3505,#3506,#3507,#3508,#3509,#3510,#3511,#3512,#3513,
#3514,#3515,#3516,#3517,#3518,#3519,#3520,#3521),.UNSPECIFIED.,.F.,.F.,
(4,2,2,2,2,2,2,2,2,2,2,2,2,2,2,2,2,2,4),(0.,0.24891991542108,0.497839830842161,
0.995679661684321,1.49270567279764,1.74121867835429,1.98973168391095,2.23824468946761,
2.48675769502427,2.98378370613758,3.48162353697974,3.73054345240082,3.9794633678219,
4.22838328324298,4.47730319866406,4.97514302950622,5.47216904061954,5.7206820461762,
5.96919505173286),.UNSPECIFIED.);
#78=B_SPLINE_CURVE_WITH_KNOTS('',3,(#3522,#3523,#3524,#3525,#3526,#3527,
#3528,#3529,#3530,#3531,#3532,#3533,#3534,#3535),.UNSPECIFIED.,.F.,.F.,
(4,2,2,2,2,2,4),(5.96919505173286,6.21770805728951,6.46622106284617,6.96324707395949,
7.46108690480165,7.71000682022273,7.95892673564381),.UNSPECIFIED.);
#79=B_SPLINE_CURVE_WITH_KNOTS('',3,(#3539,#3540,#3541,#3542,#3543,#3544,
#3545,#3546,#3547,#3548,#3549,#3550),.UNSPECIFIED.,.F.,.F.,(4,2,2,2,2,4),
(0.,0.246890862134778,0.493781724269557,0.987563448539114,1.48113045202226,
1.9746974555054),.UNSPECIFIED.);
#80=B_SPLINE_CURVE_WITH_KNOTS('',3,(#3551,#3552,#3553,#3554,#3555,#3556,
#3557,#3558,#3559,#3560,#3561,#3562,#3563,#3564,#3565,#3566,#3567,#3568,
#3569,#3570,#3571,#3572,#3573,#3574,#3575,#3576,#3577,#3578,#3579,#3580,
#3581,#3582),.UNSPECIFIED.,.F.,.F.,(4,2,2,2,2,2,2,2,2,2,2,2,2,2,2,4),(1.9746974555054,
2.46826445898854,2.96183146247169,3.45561318674124,3.70250404887602,3.9493949110108,
4.19628577314558,4.44317663528036,4.93695835954992,5.43052536303306,5.9240923665162,
6.41765936999935,6.91122637348249,7.40500809775205,7.65189895988683,7.89878982202161),
 .UNSPECIFIED.);
#81=B_SPLINE_CURVE_WITH_KNOTS('',3,(#3586,#3587,#3588,#3589,#3590,#3591,
#3592,#3593,#3594,#3595,#3596,#3597,#3598,#3599),.UNSPECIFIED.,.F.,.F.,
(4,2,2,2,2,2,4),(0.,0.24891991542108,0.497839830842161,0.995679661684322,
1.49270567279764,1.74121867835429,1.98973168391095),.UNSPECIFIED.);
#82=B_SPLINE_CURVE_WITH_KNOTS('',3,(#3601,#3602,#3603,#3604,#3605,#3606,
#3607,#3608,#3609,#3610,#3611,#3612,#3613,#3614),.UNSPECIFIED.,.F.,.F.,
(4,2,2,2,2,2,4),(5.96919505173286,6.21770805728951,6.46622106284617,6.96324707395949,
7.46108690480165,7.71000682022273,7.95892673564381),.UNSPECIFIED.);
#83=B_SPLINE_CURVE_WITH_KNOTS('',3,(#3618,#3619,#3620,#3621,#3622,#3623,
#3624,#3625,#3626,#3627,#3628,#3629),.UNSPECIFIED.,.F.,.F.,(4,2,2,2,2,4),
(0.,0.246890862134778,0.493781724269557,0.987563448539114,1.48113045202226,
1.9746974555054),.UNSPECIFIED.);
#84=B_SPLINE_CURVE_WITH_KNOTS('',3,(#3631,#3632,#3633,#3634,#3635,#3636,
#3637,#3638,#3639,#3640,#3641,#3642),.UNSPECIFIED.,.F.,.F.,(4,2,2,2,2,4),
(5.9240923665162,6.41765936999935,6.91122637348249,7.40500809775205,7.65189895988683,
7.89878982202161),.UNSPECIFIED.);
#85=B_SPLINE_CURVE_WITH_KNOTS('',3,(#3643,#3644,#3645,#3646,#3647,#3648,
#3649,#3650,#3651,#3652,#3653,#3654,#3655,#3656,#3657,#3658,#3659,#3660,
#3661,#3662,#3663,#3664),.UNSPECIFIED.,.F.,.F.,(4,2,2,2,2,2,2,2,2,2,4),
(1.9746974555054,2.46826445898854,2.96183146247168,3.45561318674124,3.70250404887602,
3.9493949110108,4.19628577314558,4.44317663528036,4.93695835954992,5.43052536303306,
5.9240923665162),.UNSPECIFIED.);
#86=B_SPLINE_CURVE_WITH_KNOTS('',3,(#3665,#3666,#3667,#3668,#3669,#3670,
#3671,#3672,#3673,#3674,#3675,#3676,#3677,#3678,#3679,#3680,#3681,#3682,
#3683,#3684,#3685,#3686,#3687,#3688,#3689,#3690),.UNSPECIFIED.,.F.,.F.,
(4,2,2,2,2,2,2,2,2,2,2,2,4),(1.98973168391095,2.23824468946761,2.48675769502427,
2.98378370613758,3.48162353697974,3.73054345240082,3.9794633678219,4.22838328324298,
4.47730319866406,4.97514302950622,5.47216904061954,5.7206820461762,5.96919505173286),
 .UNSPECIFIED.);
#87=B_SPLINE_CURVE_WITH_KNOTS('',3,(#3694,#3695,#3696,#3697,#3698,#3699,
#3700,#3701,#3702,#3703,#3704,#3705,#3706,#3707,#3708,#3709,#3710,#3711,
#3712,#3713,#3714,#3715,#3716,#3717,#3718,#3719,#3720,#3721,#3722,#3723,
#3724,#3725,#3726,#3727,#3728,#3729,#3730,#3731),.UNSPECIFIED.,.F.,.F.,
(4,2,2,2,2,2,2,2,2,2,2,2,2,2,2,2,2,2,4),(0.,0.24891991542108,0.497839830842161,
0.995679661684322,1.49270567279764,1.74121867835429,1.98973168391095,2.23824468946761,
2.48675769502427,2.98378370613758,3.48162353697974,3.73054345240083,3.97946336782191,
4.22838328324298,4.47730319866406,4.97514302950622,5.47216904061954,5.7206820461762,
5.96919505173286),.UNSPECIFIED.);
#88=B_SPLINE_CURVE_WITH_KNOTS('',3,(#3732,#3733,#3734,#3735,#3736,#3737,
#3738,#3739,#3740,#3741,#3742,#3743,#3744,#3745),.UNSPECIFIED.,.F.,.F.,
(4,2,2,2,2,2,4),(5.96919505173286,6.21770805728951,6.46622106284617,6.96324707395949,
7.46108690480165,7.71000682022273,7.95892673564381),.UNSPECIFIED.);
#89=B_SPLINE_CURVE_WITH_KNOTS('',3,(#3749,#3750,#3751,#3752,#3753,#3754,
#3755,#3756,#3757,#3758,#3759,#3760),.UNSPECIFIED.,.F.,.F.,(4,2,2,2,2,4),
(0.,0.246890862134778,0.493781724269557,0.987563448539114,1.48113045202226,
1.9746974555054),.UNSPECIFIED.);
#90=B_SPLINE_CURVE_WITH_KNOTS('',3,(#3761,#3762,#3763,#3764,#3765,#3766,
#3767,#3768,#3769,#3770,#3771,#3772,#3773,#3774,#3775,#3776,#3777,#3778,
#3779,#3780,#3781,#3782,#3783,#3784,#3785,#3786,#3787,#3788,#3789,#3790,
#3791,#3792),.UNSPECIFIED.,.F.,.F.,(4,2,2,2,2,2,2,2,2,2,2,2,2,2,2,4),(1.9746974555054,
2.46826445898854,2.96183146247168,3.45561318674124,3.70250404887602,3.9493949110108,
4.19628577314558,4.44317663528036,4.93695835954992,5.43052536303306,5.9240923665162,
6.41765936999935,6.91122637348249,7.40500809775205,7.65189895988683,7.8987898220216),
 .UNSPECIFIED.);
#91=B_SPLINE_CURVE_WITH_KNOTS('',3,(#3796,#3797,#3798,#3799,#3800,#3801,
#3802,#3803,#3804,#3805,#3806,#3807,#3808,#3809,#3810,#3811,#3812,#3813,
#3814,#3815,#3816,#3817,#3818,#3819,#3820,#3821,#3822,#3823,#3824,#3825,
#3826,#3827,#3828,#3829,#3830,#3831,#3832,#3833),.UNSPECIFIED.,.F.,.F.,
(4,2,2,2,2,2,2,2,2,2,2,2,2,2,2,2,2,2,4),(0.,0.24891991542108,0.49783983084216,
0.99567966168432,1.49270567279764,1.74121867835429,1.98973168391095,2.23824468946761,
2.48675769502427,2.98378370613758,3.48162353697974,3.73054345240082,3.9794633678219,
4.22838328324298,4.47730319866406,4.97514302950622,5.47216904061954,5.7206820461762,
5.96919505173285),.UNSPECIFIED.);
#92=B_SPLINE_CURVE_WITH_KNOTS('',3,(#3834,#3835,#3836,#3837,#3838,#3839,
#3840,#3841,#3842,#3843,#3844,#3845,#3846,#3847),.UNSPECIFIED.,.F.,.F.,
(4,2,2,2,2,2,4),(5.96919505173285,6.21770805728951,6.46622106284617,6.96324707395948,
7.46108690480165,7.71000682022273,7.9589267356438),.UNSPECIFIED.);
#93=B_SPLINE_CURVE_WITH_KNOTS('',3,(#3851,#3852,#3853,#3854,#3855,#3856,
#3857,#3858,#3859,#3860,#3861,#3862),.UNSPECIFIED.,.F.,.F.,(4,2,2,2,2,4),
(0.,0.246890862134779,0.493781724269558,0.987563448539116,1.48113045202226,
1.9746974555054),.UNSPECIFIED.);
#94=B_SPLINE_CURVE_WITH_KNOTS('',3,(#3863,#3864,#3865,#3866,#3867,#3868,
#3869,#3870,#3871,#3872,#3873,#3874,#3875,#3876,#3877,#3878,#3879,#3880,
#3881,#3882,#3883,#3884,#3885,#3886,#3887,#3888,#3889,#3890,#3891,#3892,
#3893,#3894),.UNSPECIFIED.,.F.,.F.,(4,2,2,2,2,2,2,2,2,2,2,2,2,2,2,4),(1.9746974555054,
2.46826445898854,2.96183146247169,3.45561318674125,3.70250404887602,3.9493949110108,
4.19628577314558,4.44317663528036,4.93695835954992,5.43052536303306,5.9240923665162,
6.41765936999935,6.91122637348249,7.40500809775205,7.65189895988683,7.8987898220216),
 .UNSPECIFIED.);
#95=B_SPLINE_CURVE_WITH_KNOTS('',3,(#3898,#3899,#3900,#3901,#3902,#3903,
#3904,#3905,#3906,#3907,#3908,#3909,#3910,#3911,#3912,#3913,#3914,#3915,
#3916,#3917,#3918,#3919,#3920,#3921,#3922,#3923,#3924,#3925,#3926,#3927,
#3928,#3929,#3930,#3931,#3932,#3933,#3934,#3935),.UNSPECIFIED.,.F.,.F.,
(4,2,2,2,2,2,2,2,2,2,2,2,2,2,2,2,2,2,4),(0.,0.24891991542108,0.49783983084216,
0.995679661684319,1.49270567279763,1.74121867835429,1.98973168391095,2.23824468946761,
2.48675769502427,2.98378370613758,3.48162353697974,3.73054345240082,3.9794633678219,
4.22838328324298,4.47730319866406,4.97514302950622,5.47216904061954,5.7206820461762,
5.96919505173285),.UNSPECIFIED.);
#96=B_SPLINE_CURVE_WITH_KNOTS('',3,(#3936,#3937,#3938,#3939,#3940,#3941,
#3942,#3943,#3944,#3945,#3946,#3947,#3948,#3949),.UNSPECIFIED.,.F.,.F.,
(4,2,2,2,2,2,4),(5.96919505173285,6.21770805728951,6.46622106284617,6.96324707395948,
7.46108690480165,7.71000682022273,7.9589267356438),.UNSPECIFIED.);
#97=B_SPLINE_CURVE_WITH_KNOTS('',3,(#3953,#3954,#3955,#3956,#3957,#3958,
#3959,#3960,#3961,#3962,#3963,#3964),.UNSPECIFIED.,.F.,.F.,(4,2,2,2,2,4),
(0.,0.246890862134779,0.493781724269558,0.987563448539116,1.48113045202226,
1.9746974555054),.UNSPECIFIED.);
#98=B_SPLINE_CURVE_WITH_KNOTS('',3,(#3965,#3966,#3967,#3968,#3969,#3970,
#3971,#3972,#3973,#3974,#3975,#3976,#3977,#3978,#3979,#3980,#3981,#3982,
#3983,#3984,#3985,#3986,#3987,#3988,#3989,#3990,#3991,#3992,#3993,#3994,
#3995,#3996),.UNSPECIFIED.,.F.,.F.,(4,2,2,2,2,2,2,2,2,2,2,2,2,2,2,4),(1.9746974555054,
2.46826445898854,2.96183146247169,3.45561318674125,3.70250404887602,3.9493949110108,
4.19628577314558,4.44317663528036,4.93695835954992,5.43052536303306,5.9240923665162,
6.41765936999935,6.91122637348249,7.40500809775205,7.65189895988683,7.89878982202161),
 .UNSPECIFIED.);
#99=B_SPLINE_CURVE_WITH_KNOTS('',3,(#4000,#4001,#4002,#4003,#4004,#4005,
#4006,#4007,#4008,#4009,#4010,#4011,#4012,#4013,#4014,#4015,#4016,#4017,
#4018,#4019,#4020,#4021,#4022,#4023,#4024,#4025,#4026,#4027,#4028,#4029,
#4030,#4031,#4032,#4033,#4034,#4035,#4036,#4037),.UNSPECIFIED.,.F.,.F.,
(4,2,2,2,2,2,2,2,2,2,2,2,2,2,2,2,2,2,4),(0.,0.24891991542108,0.49783983084216,
0.99567966168432,1.49270567279764,1.74121867835429,1.98973168391095,2.23824468946761,
2.48675769502427,2.98378370613758,3.48162353697974,3.73054345240082,3.9794633678219,
4.22838328324298,4.47730319866406,4.97514302950622,5.47216904061954,5.72068204617619,
5.96919505173285),.UNSPECIFIED.);
#100=B_SPLINE_CURVE_WITH_KNOTS('',3,(#4038,#4039,#4040,#4041,#4042,#4043,
#4044,#4045,#4046,#4047,#4048,#4049,#4050,#4051),.UNSPECIFIED.,.F.,.F.,
(4,2,2,2,2,2,4),(5.96919505173285,6.21770805728951,6.46622106284617,6.96324707395948,
7.46108690480164,7.71000682022272,7.9589267356438),.UNSPECIFIED.);
#101=B_SPLINE_CURVE_WITH_KNOTS('',3,(#4055,#4056,#4057,#4058,#4059,#4060,
#4061,#4062,#4063,#4064,#4065,#4066),.UNSPECIFIED.,.F.,.F.,(4,2,2,2,2,4),
(0.,0.246890862134779,0.493781724269558,0.987563448539116,1.48113045202226,
1.9746974555054),.UNSPECIFIED.);
#102=B_SPLINE_CURVE_WITH_KNOTS('',3,(#4067,#4068,#4069,#4070,#4071,#4072,
#4073,#4074,#4075,#4076,#4077,#4078,#4079,#4080,#4081,#4082,#4083,#4084,
#4085,#4086,#4087,#4088,#4089,#4090,#4091,#4092,#4093,#4094,#4095,#4096,
#4097,#4098),.UNSPECIFIED.,.F.,.F.,(4,2,2,2,2,2,2,2,2,2,2,2,2,2,2,4),(1.9746974555054,
2.46826445898854,2.96183146247169,3.45561318674124,3.70250404887602,3.9493949110108,
4.19628577314558,4.44317663528036,4.93695835954992,5.43052536303306,5.9240923665162,
6.41765936999935,6.91122637348249,7.40500809775205,7.65189895988682,7.8987898220216),
 .UNSPECIFIED.);
#103=B_SPLINE_CURVE_WITH_KNOTS('',3,(#4102,#4103,#4104,#4105,#4106,#4107,
#4108,#4109,#4110,#4111,#4112,#4113,#4114,#4115,#4116,#4117,#4118,#4119,
#4120,#4121,#4122,#4123,#4124,#4125,#4126,#4127,#4128,#4129,#4130,#4131,
#4132,#4133,#4134,#4135,#4136,#4137,#4138,#4139),.UNSPECIFIED.,.F.,.F.,
(4,2,2,2,2,2,2,2,2,2,2,2,2,2,2,2,2,2,4),(0.,0.24891991542108,0.49783983084216,
0.99567966168432,1.49270567279764,1.74121867835429,1.98973168391095,2.23824468946761,
2.48675769502427,2.98378370613758,3.48162353697974,3.73054345240082,3.9794633678219,
4.22838328324298,4.47730319866406,4.97514302950622,5.47216904061954,5.7206820461762,
5.96919505173285),.UNSPECIFIED.);
#104=B_SPLINE_CURVE_WITH_KNOTS('',3,(#4140,#4141,#4142,#4143,#4144,#4145,
#4146,#4147,#4148,#4149,#4150,#4151,#4152,#4153),.UNSPECIFIED.,.F.,.F.,
(4,2,2,2,2,2,4),(5.96919505173285,6.21770805728951,6.46622106284617,6.96324707395948,
7.46108690480165,7.71000682022273,7.95892673564381),.UNSPECIFIED.);
#105=B_SPLINE_CURVE_WITH_KNOTS('',3,(#4157,#4158,#4159,#4160,#4161,#4162,
#4163,#4164,#4165,#4166,#4167,#4168),.UNSPECIFIED.,.F.,.F.,(4,2,2,2,2,4),
(0.,0.246890862134779,0.493781724269558,0.987563448539116,1.48113045202226,
1.9746974555054),.UNSPECIFIED.);
#106=B_SPLINE_CURVE_WITH_KNOTS('',3,(#4169,#4170,#4171,#4172,#4173,#4174,
#4175,#4176,#4177,#4178,#4179,#4180,#4181,#4182,#4183,#4184,#4185,#4186,
#4187,#4188,#4189,#4190,#4191,#4192,#4193,#4194,#4195,#4196,#4197,#4198,
#4199,#4200),.UNSPECIFIED.,.F.,.F.,(4,2,2,2,2,2,2,2,2,2,2,2,2,2,2,4),(1.9746974555054,
2.46826445898854,2.96183146247169,3.45561318674124,3.70250404887602,3.9493949110108,
4.19628577314558,4.44317663528036,4.93695835954992,5.43052536303306,5.9240923665162,
6.41765936999934,6.91122637348249,7.40500809775205,7.65189895988682,7.8987898220216),
 .UNSPECIFIED.);
#107=B_SPLINE_CURVE_WITH_KNOTS('',3,(#4212,#4213,#4214,#4215,#4216,#4217,
#4218,#4219,#4220,#4221,#4222,#4223,#4224,#4225,#4226,#4227,#4228,#4229,
#4230,#4231,#4232,#4233,#4234,#4235,#4236,#4237,#4238,#4239,#4240,#4241,
#4242,#4243,#4244,#4245,#4246,#4247,#4248,#4249,#4250,#4251,#4252,#4253,
#4254,#4255,#4256,#4257,#4258),.UNSPECIFIED.,.F.,.F.,(4,2,2,2,2,3,2,2,2,
2,2,2,2,2,2,2,2,2,2,2,2,2,4),(-1.49343394586779,-1.49270567279764,-0.99567966168432,
-0.497839830842159,-0.248919915421079,0.,0.24891991542108,0.49783983084216,
0.99567966168432,1.49270567279764,1.74121867835429,1.98973168391095,2.23824468946761,
2.48675769502427,2.98378370613758,3.48162353697974,3.73054345240082,3.9794633678219,
4.22838328324298,4.47730319866406,4.97514302950622,5.47216904061954,5.47289731368969),
 .UNSPECIFIED.);
#108=B_SPLINE_CURVE_WITH_KNOTS('',3,(#4263,#4264,#4265,#4266,#4267,#4268,
#4269,#4270,#4271,#4272,#4273,#4274),.UNSPECIFIED.,.F.,.F.,(4,2,2,2,2,4),
(0.,0.246890862134779,0.493781724269558,0.987563448539116,1.48113045202226,
1.9746974555054),.UNSPECIFIED.);
#109=B_SPLINE_CURVE_WITH_KNOTS('',3,(#4275,#4276,#4277,#4278,#4279,#4280,
#4281,#4282,#4283,#4284,#4285,#4286,#4287,#4288,#4289,#4290,#4291,#4292,
#4293,#4294,#4295,#4296,#4297,#4298,#4299,#4300,#4301,#4302,#4303,#4304,
#4305,#4306),.UNSPECIFIED.,.F.,.F.,(4,2,2,2,2,2,2,2,2,2,2,2,2,2,2,4),(1.9746974555054,
2.46826445898854,2.96183146247169,3.45561318674124,3.70250404887602,3.9493949110108,
4.19628577314558,4.44317663528036,4.93695835954992,5.43052536303306,5.9240923665162,
6.41765936999935,6.91122637348249,7.40500809775205,7.65189895988682,7.8987898220216),
 .UNSPECIFIED.);
#110=B_SPLINE_CURVE_WITH_KNOTS('',3,(#4340,#4341,#4342,#4343,#4344,#4345,
#4346,#4347,#4348,#4349,#4350,#4351,#4352,#4353,#4354,#4355,#4356,#4357,
#4358,#4359,#4360,#4361,#4362,#4363,#4364,#4365,#4366,#4367,#4368,#4369,
#4370,#4371,#4372,#4373,#4374,#4375,#4376,#4377,#4378,#4379,#4380,#4381,
#4382,#4383,#4384,#4385,#4386),.UNSPECIFIED.,.F.,.F.,(4,2,2,2,2,3,2,2,2,
2,2,2,2,2,2,2,2,2,2,2,2,2,4),(-1.49343394586778,-1.49270567279764,-0.99567966168432,
-0.497839830842159,-0.248919915421079,0.,0.24891991542108,0.49783983084216,
0.99567966168432,1.49270567279764,1.74121867835429,1.98973168391095,2.23824468946761,
2.48675769502427,2.98378370613758,3.48162353697974,3.73054345240082,3.9794633678219,
4.22838328324298,4.47730319866406,4.97514302950622,5.47216904061954,5.47289731368969),
 .UNSPECIFIED.);
#111=B_SPLINE_CURVE_WITH_KNOTS('',3,(#4390,#4391,#4392,#4393,#4394,#4395,
#4396,#4397,#4398,#4399,#4400,#4401),.UNSPECIFIED.,.F.,.F.,(4,2,2,2,2,4),
(0.,0.246890862134779,0.493781724269558,0.987563448539115,1.48113045202226,
1.9746974555054),.UNSPECIFIED.);
#112=B_SPLINE_CURVE_WITH_KNOTS('',3,(#4402,#4403,#4404,#4405,#4406,#4407,
#4408,#4409,#4410,#4411,#4412,#4413,#4414,#4415,#4416,#4417,#4418,#4419,
#4420,#4421,#4422,#4423,#4424,#4425,#4426,#4427,#4428,#4429,#4430,#4431,
#4432,#4433),.UNSPECIFIED.,.F.,.F.,(4,2,2,2,2,2,2,2,2,2,2,2,2,2,2,4),(1.9746974555054,
2.46826445898854,2.96183146247169,3.45561318674124,3.70250404887602,3.9493949110108,
4.19628577314558,4.44317663528036,4.93695835954992,5.43052536303306,5.9240923665162,
6.41765936999935,6.91122637348249,7.40500809775205,7.65189895988682,7.8987898220216),
 .UNSPECIFIED.);
#113=B_SPLINE_CURVE_WITH_KNOTS('',3,(#4440,#4441,#4442,#4443,#4444,#4445,
#4446,#4447,#4448,#4449,#4450,#4451,#4452,#4453,#4454,#4455,#4456,#4457,
#4458,#4459,#4460,#4461,#4462,#4463),.UNSPECIFIED.,.F.,.F.,(4,2,2,2,2,2,
2,2,2,2,2,4),(1.98973168391095,2.23824468946761,2.48675769502427,2.98378370613758,
3.48162353697974,3.73054345240082,3.9794633678219,4.22838328324298,4.47730319866406,
4.97514302950622,5.47216904061954,5.47289731368969),.UNSPECIFIED.);
#114=B_SPLINE_CURVE_WITH_KNOTS('',3,(#4464,#4465,#4466,#4467,#4468,#4469,
#4470,#4471,#4472,#4473,#4474,#4475,#4476,#4477,#4478,#4479,#4480,#4481,
#4482,#4483,#4484,#4485,#4486,#4487,#4488),.UNSPECIFIED.,.F.,.F.,(4,2,2,
2,2,3,2,2,2,2,2,4),(-1.49343394586778,-1.49270567279764,-0.99567966168432,
-0.497839830842159,-0.248919915421079,0.,0.24891991542108,0.49783983084216,
0.99567966168432,1.49270567279764,1.74121867835429,1.98973168391095),
 .UNSPECIFIED.);
#115=B_SPLINE_CURVE_WITH_KNOTS('',3,(#4492,#4493,#4494,#4495,#4496,#4497,
#4498,#4499,#4500,#4501,#4502,#4503),.UNSPECIFIED.,.F.,.F.,(4,2,2,2,2,4),
(0.,0.246890862134779,0.493781724269558,0.987563448539115,1.48113045202226,
1.9746974555054),.UNSPECIFIED.);
#116=B_SPLINE_CURVE_WITH_KNOTS('',3,(#4505,#4506,#4507,#4508,#4509,#4510,
#4511,#4512,#4513,#4514,#4515,#4516),.UNSPECIFIED.,.F.,.F.,(4,2,2,2,2,4),
(5.9240923665162,6.41765936999935,6.91122637348249,7.40500809775205,7.65189895988682,
7.8987898220216),.UNSPECIFIED.);
#117=B_SPLINE_CURVE_WITH_KNOTS('',3,(#4517,#4518,#4519,#4520,#4521,#4522,
#4523,#4524,#4525,#4526,#4527,#4528,#4529,#4530,#4531,#4532,#4533,#4534,
#4535,#4536,#4537,#4538),.UNSPECIFIED.,.F.,.F.,(4,2,2,2,2,2,2,2,2,2,4),
(1.9746974555054,2.46826445898854,2.96183146247169,3.45561318674124,3.70250404887602,
3.9493949110108,4.19628577314558,4.44317663528036,4.93695835954992,5.43052536303306,
5.9240923665162),.UNSPECIFIED.);
#118=B_SPLINE_CURVE_WITH_KNOTS('',3,(#4544,#4545,#4546,#4547,#4548,#4549,
#4550,#4551,#4552,#4553,#4554,#4555,#4556,#4557,#4558,#4559,#4560,#4561,
#4562,#4563,#4564,#4565,#4566,#4567,#4568,#4569,#4570,#4571,#4572,#4573,
#4574,#4575,#4576,#4577,#4578,#4579,#4580,#4581,#4582,#4583,#4584,#4585,
#4586,#4587,#4588,#4589,#4590),.UNSPECIFIED.,.F.,.F.,(4,2,2,2,2,3,2,2,2,
2,2,2,2,2,2,2,2,2,2,2,2,2,4),(-1.49343394586778,-1.49270567279764,-0.995679661684321,
-0.49783983084216,-0.24891991542108,0.,0.24891991542108,0.49783983084216,
0.99567966168432,1.49270567279764,1.74121867835429,1.98973168391095,2.23824468946761,
2.48675769502427,2.98378370613758,3.48162353697974,3.73054345240082,3.9794633678219,
4.22838328324298,4.47730319866406,4.97514302950622,5.47216904061954,5.47289731368969),
 .UNSPECIFIED.);
#119=B_SPLINE_CURVE_WITH_KNOTS('',3,(#4594,#4595,#4596,#4597,#4598,#4599,
#4600,#4601,#4602,#4603,#4604,#4605),.UNSPECIFIED.,.F.,.F.,(4,2,2,2,2,4),
(0.,0.246890862134779,0.493781724269558,0.987563448539115,1.48113045202226,
1.9746974555054),.UNSPECIFIED.);
#120=B_SPLINE_CURVE_WITH_KNOTS('',3,(#4606,#4607,#4608,#4609,#4610,#4611,
#4612,#4613,#4614,#4615,#4616,#4617,#4618,#4619,#4620,#4621,#4622,#4623,
#4624,#4625,#4626,#4627,#4628,#4629,#4630,#4631,#4632,#4633,#4634,#4635,
#4636,#4637),.UNSPECIFIED.,.F.,.F.,(4,2,2,2,2,2,2,2,2,2,2,2,2,2,2,4),(1.9746974555054,
2.46826445898854,2.96183146247169,3.45561318674124,3.70250404887602,3.9493949110108,
4.19628577314558,4.44317663528036,4.93695835954992,5.43052536303306,5.9240923665162,
6.41765936999934,6.91122637348249,7.40500809775205,7.65189895988683,7.8987898220216),
 .UNSPECIFIED.);
#121=FACE_BOUND('',#319,.T.);
#122=FACE_BOUND('',#349,.T.);
#123=FACE_BOUND('',#359,.T.);
#124=FACE_BOUND('',#361,.T.);
#125=FACE_BOUND('',#362,.T.);
#126=FACE_BOUND('',#363,.T.);
#127=FACE_BOUND('',#364,.T.);
#128=FACE_BOUND('',#365,.T.);
#129=FACE_BOUND('',#366,.T.);
#130=FACE_BOUND('',#367,.T.);
#131=FACE_BOUND('',#368,.T.);
#132=FACE_BOUND('',#369,.T.);
#133=FACE_BOUND('',#370,.T.);
#134=FACE_BOUND('',#371,.T.);
#135=FACE_BOUND('',#372,.T.);
#136=FACE_BOUND('',#373,.T.);
#137=FACE_BOUND('',#374,.T.);
#138=FACE_BOUND('',#375,.T.);
#139=FACE_BOUND('',#376,.T.);
#140=FACE_BOUND('',#377,.T.);
#141=FACE_BOUND('',#378,.T.);
#142=FACE_BOUND('',#380,.T.);
#143=FACE_BOUND('',#382,.T.);
#144=FACE_BOUND('',#383,.T.);
#145=FACE_BOUND('',#386,.T.);
#146=FACE_BOUND('',#388,.T.);
#147=FACE_BOUND('',#391,.T.);
#148=FACE_BOUND('',#393,.T.);
#149=FACE_BOUND('',#394,.T.);
#150=FACE_BOUND('',#395,.T.);
#151=FACE_BOUND('',#396,.T.);
#152=FACE_BOUND('',#397,.T.);
#153=FACE_BOUND('',#398,.T.);
#154=FACE_BOUND('',#399,.T.);
#155=FACE_BOUND('',#400,.T.);
#156=FACE_BOUND('',#401,.T.);
#157=FACE_BOUND('',#402,.T.);
#158=FACE_BOUND('',#403,.T.);
#159=FACE_BOUND('',#404,.T.);
#160=FACE_BOUND('',#405,.T.);
#161=FACE_BOUND('',#406,.T.);
#162=FACE_BOUND('',#407,.T.);
#163=FACE_BOUND('',#408,.T.);
#164=FACE_BOUND('',#409,.T.);
#165=FACE_BOUND('',#410,.T.);
#166=FACE_BOUND('',#411,.T.);
#167=FACE_BOUND('',#412,.T.);
#168=FACE_BOUND('',#413,.T.);
#169=FACE_BOUND('',#416,.T.);
#170=FACE_BOUND('',#417,.T.);
#171=CONICAL_SURFACE('',#1534,4.6075,1.26339885367208);
#172=CONICAL_SURFACE('',#1614,4.0475,0.215357699697738);
#173=CONICAL_SURFACE('',#1618,4.6075,1.26339885367208);
#174=CYLINDRICAL_SURFACE('',#1527,5.08);
#175=CYLINDRICAL_SURFACE('',#1529,5.08);
#176=CYLINDRICAL_SURFACE('',#1547,0.35);
#177=CYLINDRICAL_SURFACE('',#1548,0.35);
#178=CYLINDRICAL_SURFACE('',#1549,1.3);
#179=CYLINDRICAL_SURFACE('',#1550,1.3);
#180=CYLINDRICAL_SURFACE('',#1551,1.3);
#181=CYLINDRICAL_SURFACE('',#1552,1.3);
#182=CYLINDRICAL_SURFACE('',#1553,1.3);
#183=CYLINDRICAL_SURFACE('',#1554,1.3);
#184=CYLINDRICAL_SURFACE('',#1555,1.3);
#185=CYLINDRICAL_SURFACE('',#1556,1.3);
#186=CYLINDRICAL_SURFACE('',#1557,1.3);
#187=CYLINDRICAL_SURFACE('',#1558,1.3);
#188=CYLINDRICAL_SURFACE('',#1559,1.3);
#189=CYLINDRICAL_SURFACE('',#1560,1.3);
#190=CYLINDRICAL_SURFACE('',#1561,1.3);
#191=CYLINDRICAL_SURFACE('',#1562,1.3);
#192=CYLINDRICAL_SURFACE('',#1563,1.3);
#193=CYLINDRICAL_SURFACE('',#1564,1.3);
#194=CYLINDRICAL_SURFACE('',#1565,1.3);
#195=CYLINDRICAL_SURFACE('',#1566,1.3);
#196=CYLINDRICAL_SURFACE('',#1567,1.3);
#197=CYLINDRICAL_SURFACE('',#1568,1.3);
#198=CYLINDRICAL_SURFACE('',#1572,1.3);
#199=CYLINDRICAL_SURFACE('',#1582,1.3);
#200=CYLINDRICAL_SURFACE('',#1586,1.3);
#201=CYLINDRICAL_SURFACE('',#1590,1.3);
#202=CYLINDRICAL_SURFACE('',#1591,1.51);
#203=CYLINDRICAL_SURFACE('',#1594,2.913);
#204=CYLINDRICAL_SURFACE('',#1598,2.913);
#205=CYLINDRICAL_SURFACE('',#1601,1.945);
#206=CYLINDRICAL_SURFACE('',#1602,3.96);
#207=CYLINDRICAL_SURFACE('',#1609,4.14);
#208=CYLINDRICAL_SURFACE('',#1612,3.96);
#209=CYLINDRICAL_SURFACE('',#1616,4.135);
#210=CIRCLE('',#1522,4.135);
#211=CIRCLE('',#1524,5.08);
#212=CIRCLE('',#1525,5.08);
#213=CIRCLE('',#1526,5.08);
#214=CIRCLE('',#1528,5.08);
#215=CIRCLE('',#1530,5.08);
#216=CIRCLE('',#1531,5.08);
#217=CIRCLE('',#1532,5.08);
#218=CIRCLE('',#1533,5.08);
#219=CIRCLE('',#1535,4.135);
#220=CIRCLE('',#1536,4.135);
#221=CIRCLE('',#1539,4.135);
#222=CIRCLE('',#1542,1.945);
#223=CIRCLE('',#1570,1.3);
#224=CIRCLE('',#1571,1.3);
#225=CIRCLE('',#1574,2.913);
#226=CIRCLE('',#1575,2.913);
#227=CIRCLE('',#1576,2.913);
#228=CIRCLE('',#1577,2.913);
#229=CIRCLE('',#1578,1.945);
#230=CIRCLE('',#1580,1.3);
#231=CIRCLE('',#1581,1.3);
#232=CIRCLE('',#1584,1.3);
#233=CIRCLE('',#1585,1.3);
#234=CIRCLE('',#1588,1.3);
#235=CIRCLE('',#1589,1.3);
#236=CIRCLE('',#1592,1.51);
#237=CIRCLE('',#1593,1.51);
#238=CIRCLE('',#1595,2.913);
#239=CIRCLE('',#1596,2.913);
#240=CIRCLE('',#1599,2.913);
#241=CIRCLE('',#1603,3.96);
#242=CIRCLE('',#1604,3.96);
#243=CIRCLE('',#1607,4.14);
#244=CIRCLE('',#1608,3.96);
#245=CIRCLE('',#1610,4.14);
#246=CIRCLE('',#1613,3.96);
#247=CIRCLE('',#1615,4.135);
#248=CIRCLE('',#1617,4.135);
#249=FACE_OUTER_BOUND('',#309,.T.);
#250=FACE_OUTER_BOUND('',#310,.T.);
#251=FACE_OUTER_BOUND('',#311,.T.);
#252=FACE_OUTER_BOUND('',#312,.T.);
#253=FACE_OUTER_BOUND('',#313,.T.);
#254=FACE_OUTER_BOUND('',#314,.T.);
#255=FACE_OUTER_BOUND('',#315,.T.);
#256=FACE_OUTER_BOUND('',#316,.T.);
#257=FACE_OUTER_BOUND('',#317,.T.);
#258=FACE_OUTER_BOUND('',#318,.T.);
#259=FACE_OUTER_BOUND('',#320,.T.);
#260=FACE_OUTER_BOUND('',#321,.T.);
#261=FACE_OUTER_BOUND('',#322,.T.);
#262=FACE_OUTER_BOUND('',#323,.T.);
#263=FACE_OUTER_BOUND('',#324,.T.);
#264=FACE_OUTER_BOUND('',#325,.T.);
#265=FACE_OUTER_BOUND('',#326,.T.);
#266=FACE_OUTER_BOUND('',#327,.T.);
#267=FACE_OUTER_BOUND('',#328,.T.);
#268=FACE_OUTER_BOUND('',#329,.T.);
#269=FACE_OUTER_BOUND('',#330,.T.);
#270=FACE_OUTER_BOUND('',#331,.T.);
#271=FACE_OUTER_BOUND('',#332,.T.);
#272=FACE_OUTER_BOUND('',#333,.T.);
#273=FACE_OUTER_BOUND('',#334,.T.);
#274=FACE_OUTER_BOUND('',#335,.T.);
#275=FACE_OUTER_BOUND('',#336,.T.);
#276=FACE_OUTER_BOUND('',#337,.T.);
#277=FACE_OUTER_BOUND('',#338,.T.);
#278=FACE_OUTER_BOUND('',#339,.T.);
#279=FACE_OUTER_BOUND('',#340,.T.);
#280=FACE_OUTER_BOUND('',#341,.T.);
#281=FACE_OUTER_BOUND('',#342,.T.);
#282=FACE_OUTER_BOUND('',#343,.T.);
#283=FACE_OUTER_BOUND('',#344,.T.);
#284=FACE_OUTER_BOUND('',#345,.T.);
#285=FACE_OUTER_BOUND('',#346,.T.);
#286=FACE_OUTER_BOUND('',#347,.T.);
#287=FACE_OUTER_BOUND('',#348,.T.);
#288=FACE_OUTER_BOUND('',#350,.T.);
#289=FACE_OUTER_BOUND('',#351,.T.);
#290=FACE_OUTER_BOUND('',#352,.T.);
#291=FACE_OUTER_BOUND('',#353,.T.);
#292=FACE_OUTER_BOUND('',#354,.T.);
#293=FACE_OUTER_BOUND('',#355,.T.);
#294=FACE_OUTER_BOUND('',#356,.T.);
#295=FACE_OUTER_BOUND('',#357,.T.);
#296=FACE_OUTER_BOUND('',#358,.T.);
#297=FACE_OUTER_BOUND('',#360,.T.);
#298=FACE_OUTER_BOUND('',#379,.T.);
#299=FACE_OUTER_BOUND('',#381,.T.);
#300=FACE_OUTER_BOUND('',#384,.T.);
#301=FACE_OUTER_BOUND('',#385,.T.);
#302=FACE_OUTER_BOUND('',#387,.T.);
#303=FACE_OUTER_BOUND('',#389,.T.);
#304=FACE_OUTER_BOUND('',#390,.T.);
#305=FACE_OUTER_BOUND('',#392,.T.);
#306=FACE_OUTER_BOUND('',#414,.T.);
#307=FACE_OUTER_BOUND('',#415,.T.);
#308=FACE_OUTER_BOUND('',#418,.T.);
#309=EDGE_LOOP('',(#971,#972,#973,#974,#975,#976,#977,#978));
#310=EDGE_LOOP('',(#979,#980));
#311=EDGE_LOOP('',(#981,#982,#983,#984,#985,#986,#987,#988));
#312=EDGE_LOOP('',(#989,#990,#991,#992));
#313=EDGE_LOOP('',(#993,#994,#995,#996,#997,#998,#999,#1000,#1001,#1002,
#1003,#1004));
#314=EDGE_LOOP('',(#1005,#1006,#1007,#1008,#1009));
#315=EDGE_LOOP('',(#1010,#1011,#1012,#1013,#1014,#1015,#1016,#1017));
#316=EDGE_LOOP('',(#1018,#1019));
#317=EDGE_LOOP('',(#1020,#1021,#1022,#1023));
#318=EDGE_LOOP('',(#1024,#1025,#1026,#1027,#1028,#1029));
#319=EDGE_LOOP('',(#1030));
#320=EDGE_LOOP('',(#1031,#1032,#1033,#1034));
#321=EDGE_LOOP('',(#1035,#1036,#1037,#1038));
#322=EDGE_LOOP('',(#1039,#1040,#1041,#1042));
#323=EDGE_LOOP('',(#1043,#1044));
#324=EDGE_LOOP('',(#1045,#1046,#1047,#1048,#1049,#1050));
#325=EDGE_LOOP('',(#1051,#1052,#1053,#1054,#1055,#1056));
#326=EDGE_LOOP('',(#1057,#1058,#1059,#1060,#1061,#1062));
#327=EDGE_LOOP('',(#1063,#1064,#1065,#1066,#1067,#1068));
#328=EDGE_LOOP('',(#1069,#1070,#1071,#1072,#1073,#1074));
#329=EDGE_LOOP('',(#1075,#1076,#1077,#1078,#1079,#1080));
#330=EDGE_LOOP('',(#1081,#1082,#1083,#1084,#1085,#1086));
#331=EDGE_LOOP('',(#1087,#1088,#1089,#1090,#1091,#1092));
#332=EDGE_LOOP('',(#1093,#1094,#1095,#1096,#1097,#1098,#1099,#1100));
#333=EDGE_LOOP('',(#1101,#1102,#1103,#1104,#1105,#1106));
#334=EDGE_LOOP('',(#1107,#1108,#1109,#1110,#1111,#1112));
#335=EDGE_LOOP('',(#1113,#1114,#1115,#1116,#1117,#1118));
#336=EDGE_LOOP('',(#1119,#1120,#1121,#1122,#1123,#1124));
#337=EDGE_LOOP('',(#1125,#1126,#1127,#1128,#1129,#1130));
#338=EDGE_LOOP('',(#1131,#1132,#1133,#1134,#1135,#1136));
#339=EDGE_LOOP('',(#1137,#1138,#1139,#1140,#1141,#1142));
#340=EDGE_LOOP('',(#1143,#1144,#1145,#1146,#1147,#1148,#1149,#1150));
#341=EDGE_LOOP('',(#1151,#1152,#1153,#1154,#1155,#1156));
#342=EDGE_LOOP('',(#1157,#1158,#1159,#1160,#1161,#1162));
#343=EDGE_LOOP('',(#1163,#1164,#1165,#1166,#1167,#1168));
#344=EDGE_LOOP('',(#1169,#1170,#1171,#1172,#1173,#1174));
#345=EDGE_LOOP('',(#1175,#1176,#1177,#1178,#1179,#1180));
#346=EDGE_LOOP('',(#1181,#1182,#1183));
#347=EDGE_LOOP('',(#1184,#1185,#1186,#1187,#1188,#1189,#1190,#1191,#1192));
#348=EDGE_LOOP('',(#1193,#1194,#1195,#1196,#1197,#1198,#1199,#1200,#1201,
#1202,#1203,#1204,#1205,#1206,#1207,#1208));
#349=EDGE_LOOP('',(#1209));
#350=EDGE_LOOP('',(#1210,#1211,#1212));
#351=EDGE_LOOP('',(#1213,#1214,#1215,#1216,#1217,#1218,#1219,#1220,#1221));
#352=EDGE_LOOP('',(#1222,#1223,#1224));
#353=EDGE_LOOP('',(#1225,#1226,#1227,#1228,#1229,#1230,#1231,#1232,#1233,
#1234,#1235));
#354=EDGE_LOOP('',(#1236,#1237,#1238));
#355=EDGE_LOOP('',(#1239,#1240,#1241,#1242,#1243,#1244,#1245,#1246,#1247));
#356=EDGE_LOOP('',(#1248,#1249,#1250,#1251));
#357=EDGE_LOOP('',(#1252,#1253,#1254,#1255));
#358=EDGE_LOOP('',(#1256));
#359=EDGE_LOOP('',(#1257));
#360=EDGE_LOOP('',(#1258,#1259,#1260,#1261,#1262,#1263,#1264,#1265,#1266,
#1267,#1268,#1269,#1270,#1271,#1272,#1273,#1274,#1275,#1276,#1277,#1278,
#1279));
#361=EDGE_LOOP('',(#1280,#1281));
#362=EDGE_LOOP('',(#1282,#1283));
#363=EDGE_LOOP('',(#1284,#1285));
#364=EDGE_LOOP('',(#1286,#1287));
#365=EDGE_LOOP('',(#1288,#1289));
#366=EDGE_LOOP('',(#1290,#1291));
#367=EDGE_LOOP('',(#1292,#1293));
#368=EDGE_LOOP('',(#1294,#1295));
#369=EDGE_LOOP('',(#1296,#1297));
#370=EDGE_LOOP('',(#1298,#1299));
#371=EDGE_LOOP('',(#1300,#1301));
#372=EDGE_LOOP('',(#1302,#1303));
#373=EDGE_LOOP('',(#1304,#1305));
#374=EDGE_LOOP('',(#1306,#1307));
#375=EDGE_LOOP('',(#1308,#1309));
#376=EDGE_LOOP('',(#1310,#1311));
#377=EDGE_LOOP('',(#1312,#1313));
#378=EDGE_LOOP('',(#1314,#1315));
#379=EDGE_LOOP('',(#1316));
#380=EDGE_LOOP('',(#1317));
#381=EDGE_LOOP('',(#1318,#1319,#1320,#1321));
#382=EDGE_LOOP('',(#1322,#1323));
#383=EDGE_LOOP('',(#1324,#1325));
#384=EDGE_LOOP('',(#1326,#1327,#1328,#1329));
#385=EDGE_LOOP('',(#1330));
#386=EDGE_LOOP('',(#1331));
#387=EDGE_LOOP('',(#1332));
#388=EDGE_LOOP('',(#1333));
#389=EDGE_LOOP('',(#1334,#1335,#1336,#1337));
#390=EDGE_LOOP('',(#1338));
#391=EDGE_LOOP('',(#1339));
#392=EDGE_LOOP('',(#1340,#1341,#1342,#1343,#1344,#1345,#1346,#1347,#1348,
#1349,#1350,#1351,#1352,#1353,#1354,#1355,#1356,#1357,#1358));
#393=EDGE_LOOP('',(#1359,#1360));
#394=EDGE_LOOP('',(#1361,#1362));
#395=EDGE_LOOP('',(#1363,#1364));
#396=EDGE_LOOP('',(#1365,#1366));
#397=EDGE_LOOP('',(#1367,#1368));
#398=EDGE_LOOP('',(#1369,#1370));
#399=EDGE_LOOP('',(#1371,#1372));
#400=EDGE_LOOP('',(#1373,#1374));
#401=EDGE_LOOP('',(#1375,#1376));
#402=EDGE_LOOP('',(#1377,#1378));
#403=EDGE_LOOP('',(#1379,#1380));
#404=EDGE_LOOP('',(#1381,#1382));
#405=EDGE_LOOP('',(#1383,#1384));
#406=EDGE_LOOP('',(#1385,#1386));
#407=EDGE_LOOP('',(#1387,#1388));
#408=EDGE_LOOP('',(#1389,#1390));
#409=EDGE_LOOP('',(#1391,#1392));
#410=EDGE_LOOP('',(#1393,#1394));
#411=EDGE_LOOP('',(#1395,#1396));
#412=EDGE_LOOP('',(#1397,#1398));
#413=EDGE_LOOP('',(#1399,#1400));
#414=EDGE_LOOP('',(#1401,#1402,#1403,#1404));
#415=EDGE_LOOP('',(#1405,#1406,#1407,#1408,#1409,#1410,#1411,#1412,#1413,
#1414,#1415,#1416));
#416=EDGE_LOOP('',(#1417,#1418));
#417=EDGE_LOOP('',(#1419,#1420));
#418=EDGE_LOOP('',(#1421,#1422,#1423,#1424));
#419=(
BOUNDED_CURVE()
B_SPLINE_CURVE(2,(#1907,#1908,#1909),.UNSPECIFIED.,.F.,.F.)
B_SPLINE_CURVE_WITH_KNOTS((3,3),(0.,1.28306240775123),.UNSPECIFIED.)
CURVE()
GEOMETRIC_REPRESENTATION_ITEM()
RATIONAL_B_SPLINE_CURVE((1.,1.00929059025459,1.))
REPRESENTATION_ITEM('')
);
#420=(
BOUNDED_CURVE()
B_SPLINE_CURVE(2,(#1916,#1917,#1918),.UNSPECIFIED.,.F.,.F.)
B_SPLINE_CURVE_WITH_KNOTS((3,3),(0.,1.28306240775123),.UNSPECIFIED.)
CURVE()
GEOMETRIC_REPRESENTATION_ITEM()
RATIONAL_B_SPLINE_CURVE((1.,1.00929059025459,1.))
REPRESENTATION_ITEM('')
);
#421=(
BOUNDED_CURVE()
B_SPLINE_CURVE(2,(#1961,#1962,#1963),.UNSPECIFIED.,.F.,.F.)
B_SPLINE_CURVE_WITH_KNOTS((3,3),(0.,1.28306240775123),.UNSPECIFIED.)
CURVE()
GEOMETRIC_REPRESENTATION_ITEM()
RATIONAL_B_SPLINE_CURVE((1.,1.00929059025459,1.))
REPRESENTATION_ITEM('')
);
#422=(
BOUNDED_CURVE()
B_SPLINE_CURVE(2,(#1971,#1972,#1973),.UNSPECIFIED.,.F.,.F.)
B_SPLINE_CURVE_WITH_KNOTS((3,3),(0.,1.28306240775123),.UNSPECIFIED.)
CURVE()
GEOMETRIC_REPRESENTATION_ITEM()
RATIONAL_B_SPLINE_CURVE((1.,1.00929059025459,1.))
REPRESENTATION_ITEM('')
);
#423=LINE('',#1901,#501);
#424=LINE('',#1903,#502);
#425=LINE('',#1905,#503);
#426=LINE('',#1911,#504);
#427=LINE('',#1913,#505);
#428=LINE('',#1915,#506);
#429=LINE('',#1925,#507);
#430=LINE('',#1929,#508);
#431=LINE('',#1931,#509);
#432=LINE('',#1933,#510);
#433=LINE('',#1938,#511);
#434=LINE('',#1941,#512);
#435=LINE('',#1945,#513);
#436=LINE('',#1949,#514);
#437=LINE('',#1952,#515);
#438=LINE('',#1954,#516);
#439=LINE('',#1966,#517);
#440=LINE('',#1968,#518);
#441=LINE('',#1970,#519);
#442=LINE('',#1977,#520);
#443=LINE('',#1978,#521);
#444=LINE('',#1981,#522);
#445=LINE('',#1983,#523);
#446=LINE('',#1984,#524);
#447=LINE('',#1988,#525);
#448=LINE('',#1989,#526);
#449=LINE('',#2033,#527);
#450=LINE('',#2111,#528);
#451=LINE('',#2205,#529);
#452=LINE('',#2307,#530);
#453=LINE('',#2409,#531);
#454=LINE('',#2511,#532);
#455=LINE('',#2613,#533);
#456=LINE('',#2715,#534);
#457=LINE('',#2794,#535);
#458=LINE('',#2925,#536);
#459=LINE('',#3027,#537);
#460=LINE('',#3129,#538);
#461=LINE('',#3231,#539);
#462=LINE('',#3333,#540);
#463=LINE('',#3435,#541);
#464=LINE('',#3537,#542);
#465=LINE('',#3616,#543);
#466=LINE('',#3747,#544);
#467=LINE('',#3849,#545);
#468=LINE('',#3951,#546);
#469=LINE('',#4053,#547);
#470=LINE('',#4155,#548);
#471=LINE('',#4204,#549);
#472=LINE('',#4210,#550);
#473=LINE('',#4259,#551);
#474=LINE('',#4261,#552);
#475=LINE('',#4311,#553);
#476=LINE('',#4313,#554);
#477=LINE('',#4315,#555);
#478=LINE('',#4319,#556);
#479=LINE('',#4321,#557);
#480=LINE('',#4323,#558);
#481=LINE('',#4327,#559);
#482=LINE('',#4329,#560);
#483=LINE('',#4331,#561);
#484=LINE('',#4388,#562);
#485=LINE('',#4490,#563);
#486=LINE('',#4592,#564);
#487=LINE('',#4642,#565);
#488=LINE('',#4648,#566);
#489=LINE('',#4652,#567);
#490=LINE('',#4653,#568);
#491=LINE('',#4655,#569);
#492=LINE('',#4659,#570);
#493=LINE('',#4664,#571);
#494=LINE('',#4675,#572);
#495=LINE('',#4678,#573);
#496=LINE('',#4679,#574);
#497=LINE('',#4680,#575);
#498=LINE('',#4682,#576);
#499=LINE('',#4686,#577);
#500=LINE('',#4689,#578);
#501=VECTOR('',#1623,1.);
#502=VECTOR('',#1624,1.);
#503=VECTOR('',#1625,1.);
#504=VECTOR('',#1626,1.);
#505=VECTOR('',#1627,1.);
#506=VECTOR('',#1628,1.);
#507=VECTOR('',#1637,1.);
#508=VECTOR('',#1640,1.);
#509=VECTOR('',#1641,1.);
#510=VECTOR('',#1642,1.);
#511=VECTOR('',#1649,1.);
#512=VECTOR('',#1652,1.);
#513=VECTOR('',#1655,1.);
#514=VECTOR('',#1658,1.);
#515=VECTOR('',#1661,1.);
#516=VECTOR('',#1662,1.);
#517=VECTOR('',#1673,1.);
#518=VECTOR('',#1674,1.);
#519=VECTOR('',#1675,1.);
#520=VECTOR('',#1682,1.);
#521=VECTOR('',#1683,1.);
#522=VECTOR('',#1686,1.);
#523=VECTOR('',#1687,1.);
#524=VECTOR('',#1688,1.);
#525=VECTOR('',#1693,1.);
#526=VECTOR('',#1694,1.);
#527=VECTOR('',#1703,0.35);
#528=VECTOR('',#1706,0.35);
#529=VECTOR('',#1709,1.3);
#530=VECTOR('',#1712,1.3);
#531=VECTOR('',#1715,1.3);
#532=VECTOR('',#1718,1.3);
#533=VECTOR('',#1721,1.3);
#534=VECTOR('',#1724,1.3);
#535=VECTOR('',#1727,1.3);
#536=VECTOR('',#1730,1.3);
#537=VECTOR('',#1733,1.3);
#538=VECTOR('',#1736,1.3);
#539=VECTOR('',#1739,1.3);
#540=VECTOR('',#1742,1.3);
#541=VECTOR('',#1745,1.3);
#542=VECTOR('',#1748,1.3);
#543=VECTOR('',#1751,1.3);
#544=VECTOR('',#1754,1.3);
#545=VECTOR('',#1757,1.3);
#546=VECTOR('',#1760,1.3);
#547=VECTOR('',#1763,1.3);
#548=VECTOR('',#1766,1.3);
#549=VECTOR('',#1769,1.);
#550=VECTOR('',#1776,1.);
#551=VECTOR('',#1777,1.);
#552=VECTOR('',#1778,1.3);
#553=VECTOR('',#1783,1.);
#554=VECTOR('',#1784,1.);
#555=VECTOR('',#1785,1.);
#556=VECTOR('',#1788,1.);
#557=VECTOR('',#1789,1.);
#558=VECTOR('',#1790,1.);
#559=VECTOR('',#1793,1.);
#560=VECTOR('',#1794,1.);
#561=VECTOR('',#1795,1.);
#562=VECTOR('',#1808,1.3);
#563=VECTOR('',#1817,1.3);
#564=VECTOR('',#1826,1.3);
#565=VECTOR('',#1831,1.51);
#566=VECTOR('',#1838,2.913);
#567=VECTOR('',#1845,2.913);
#568=VECTOR('',#1846,2.913);
#569=VECTOR('',#1847,2.913);
#570=VECTOR('',#1854,1.945);
#571=VECTOR('',#1859,3.96);
#572=VECTOR('',#1874,4.14);
#573=VECTOR('',#1879,3.96);
#574=VECTOR('',#1880,3.96);
#575=VECTOR('',#1881,3.96);
#576=VECTOR('',#1882,3.96);
#577=VECTOR('',#1887,4.0475);
#578=VECTOR('',#1892,4.135);
#579=VERTEX_POINT('',#1899);
#580=VERTEX_POINT('',#1900);
#581=VERTEX_POINT('',#1902);
#582=VERTEX_POINT('',#1904);
#583=VERTEX_POINT('',#1906);
#584=VERTEX_POINT('',#1910);
#585=VERTEX_POINT('',#1912);
#586=VERTEX_POINT('',#1914);
#587=VERTEX_POINT('',#1922);
#588=VERTEX_POINT('',#1924);
#589=VERTEX_POINT('',#1926);
#590=VERTEX_POINT('',#1928);
#591=VERTEX_POINT('',#1930);
#592=VERTEX_POINT('',#1932);
#593=VERTEX_POINT('',#1936);
#594=VERTEX_POINT('',#1940);
#595=VERTEX_POINT('',#1942);
#596=VERTEX_POINT('',#1944);
#597=VERTEX_POINT('',#1946);
#598=VERTEX_POINT('',#1948);
#599=VERTEX_POINT('',#1950);
#600=VERTEX_POINT('',#1953);
#601=VERTEX_POINT('',#1957);
#602=VERTEX_POINT('',#1959);
#603=VERTEX_POINT('',#1965);
#604=VERTEX_POINT('',#1967);
#605=VERTEX_POINT('',#1969);
#606=VERTEX_POINT('',#1980);
#607=VERTEX_POINT('',#1982);
#608=VERTEX_POINT('',#1985);
#609=VERTEX_POINT('',#1994);
#610=VERTEX_POINT('',#1995);
#611=VERTEX_POINT('',#2032);
#612=VERTEX_POINT('',#2034);
#613=VERTEX_POINT('',#2072);
#614=VERTEX_POINT('',#2073);
#615=VERTEX_POINT('',#2110);
#616=VERTEX_POINT('',#2112);
#617=VERTEX_POINT('',#2150);
#618=VERTEX_POINT('',#2151);
#619=VERTEX_POINT('',#2204);
#620=VERTEX_POINT('',#2206);
#621=VERTEX_POINT('',#2252);
#622=VERTEX_POINT('',#2253);
#623=VERTEX_POINT('',#2306);
#624=VERTEX_POINT('',#2308);
#625=VERTEX_POINT('',#2354);
#626=VERTEX_POINT('',#2355);
#627=VERTEX_POINT('',#2408);
#628=VERTEX_POINT('',#2410);
#629=VERTEX_POINT('',#2456);
#630=VERTEX_POINT('',#2457);
#631=VERTEX_POINT('',#2510);
#632=VERTEX_POINT('',#2512);
#633=VERTEX_POINT('',#2558);
#634=VERTEX_POINT('',#2559);
#635=VERTEX_POINT('',#2612);
#636=VERTEX_POINT('',#2614);
#637=VERTEX_POINT('',#2660);
#638=VERTEX_POINT('',#2661);
#639=VERTEX_POINT('',#2714);
#640=VERTEX_POINT('',#2716);
#641=VERTEX_POINT('',#2762);
#642=VERTEX_POINT('',#2763);
#643=VERTEX_POINT('',#2778);
#644=VERTEX_POINT('',#2793);
#645=VERTEX_POINT('',#2795);
#646=VERTEX_POINT('',#2808);
#647=VERTEX_POINT('',#2870);
#648=VERTEX_POINT('',#2871);
#649=VERTEX_POINT('',#2924);
#650=VERTEX_POINT('',#2926);
#651=VERTEX_POINT('',#2972);
#652=VERTEX_POINT('',#2973);
#653=VERTEX_POINT('',#3026);
#654=VERTEX_POINT('',#3028);
#655=VERTEX_POINT('',#3074);
#656=VERTEX_POINT('',#3075);
#657=VERTEX_POINT('',#3128);
#658=VERTEX_POINT('',#3130);
#659=VERTEX_POINT('',#3176);
#660=VERTEX_POINT('',#3177);
#661=VERTEX_POINT('',#3230);
#662=VERTEX_POINT('',#3232);
#663=VERTEX_POINT('',#3278);
#664=VERTEX_POINT('',#3279);
#665=VERTEX_POINT('',#3332);
#666=VERTEX_POINT('',#3334);
#667=VERTEX_POINT('',#3380);
#668=VERTEX_POINT('',#3381);
#669=VERTEX_POINT('',#3434);
#670=VERTEX_POINT('',#3436);
#671=VERTEX_POINT('',#3482);
#672=VERTEX_POINT('',#3483);
#673=VERTEX_POINT('',#3536);
#674=VERTEX_POINT('',#3538);
#675=VERTEX_POINT('',#3584);
#676=VERTEX_POINT('',#3585);
#677=VERTEX_POINT('',#3600);
#678=VERTEX_POINT('',#3615);
#679=VERTEX_POINT('',#3617);
#680=VERTEX_POINT('',#3630);
#681=VERTEX_POINT('',#3692);
#682=VERTEX_POINT('',#3693);
#683=VERTEX_POINT('',#3746);
#684=VERTEX_POINT('',#3748);
#685=VERTEX_POINT('',#3794);
#686=VERTEX_POINT('',#3795);
#687=VERTEX_POINT('',#3848);
#688=VERTEX_POINT('',#3850);
#689=VERTEX_POINT('',#3896);
#690=VERTEX_POINT('',#3897);
#691=VERTEX_POINT('',#3950);
#692=VERTEX_POINT('',#3952);
#693=VERTEX_POINT('',#3998);
#694=VERTEX_POINT('',#3999);
#695=VERTEX_POINT('',#4052);
#696=VERTEX_POINT('',#4054);
#697=VERTEX_POINT('',#4100);
#698=VERTEX_POINT('',#4101);
#699=VERTEX_POINT('',#4154);
#700=VERTEX_POINT('',#4156);
#701=VERTEX_POINT('',#4202);
#702=VERTEX_POINT('',#4203);
#703=VERTEX_POINT('',#4205);
#704=VERTEX_POINT('',#4209);
#705=VERTEX_POINT('',#4211);
#706=VERTEX_POINT('',#4260);
#707=VERTEX_POINT('',#4262);
#708=VERTEX_POINT('',#4308);
#709=VERTEX_POINT('',#4310);
#710=VERTEX_POINT('',#4312);
#711=VERTEX_POINT('',#4314);
#712=VERTEX_POINT('',#4316);
#713=VERTEX_POINT('',#4318);
#714=VERTEX_POINT('',#4320);
#715=VERTEX_POINT('',#4322);
#716=VERTEX_POINT('',#4324);
#717=VERTEX_POINT('',#4326);
#718=VERTEX_POINT('',#4328);
#719=VERTEX_POINT('',#4330);
#720=VERTEX_POINT('',#4333);
#721=VERTEX_POINT('',#4336);
#722=VERTEX_POINT('',#4387);
#723=VERTEX_POINT('',#4389);
#724=VERTEX_POINT('',#4435);
#725=VERTEX_POINT('',#4439);
#726=VERTEX_POINT('',#4489);
#727=VERTEX_POINT('',#4491);
#728=VERTEX_POINT('',#4504);
#729=VERTEX_POINT('',#4540);
#730=VERTEX_POINT('',#4591);
#731=VERTEX_POINT('',#4593);
#732=VERTEX_POINT('',#4639);
#733=VERTEX_POINT('',#4641);
#734=VERTEX_POINT('',#4645);
#735=VERTEX_POINT('',#4647);
#736=VERTEX_POINT('',#4654);
#737=VERTEX_POINT('',#4661);
#738=VERTEX_POINT('',#4663);
#739=VERTEX_POINT('',#4668);
#740=VERTEX_POINT('',#4670);
#741=VERTEX_POINT('',#4673);
#742=VERTEX_POINT('',#4681);
#743=VERTEX_POINT('',#4685);
#744=EDGE_CURVE('',#579,#580,#423,.T.);
#745=EDGE_CURVE('',#581,#579,#424,.T.);
#746=EDGE_CURVE('',#582,#581,#425,.T.);
#747=EDGE_CURVE('',#583,#582,#419,.T.);
#748=EDGE_CURVE('',#584,#583,#426,.T.);
#749=EDGE_CURVE('',#585,#584,#427,.T.);
#750=EDGE_CURVE('',#586,#585,#428,.T.);
#751=EDGE_CURVE('',#580,#586,#420,.T.);
#752=EDGE_CURVE('',#581,#579,#210,.T.);
#753=EDGE_CURVE('',#584,#587,#211,.T.);
#754=EDGE_CURVE('',#587,#588,#429,.T.);
#755=EDGE_CURVE('',#588,#589,#212,.T.);
#756=EDGE_CURVE('',#589,#590,#430,.T.);
#757=EDGE_CURVE('',#590,#591,#431,.T.);
#758=EDGE_CURVE('',#591,#592,#432,.T.);
#759=EDGE_CURVE('',#592,#585,#213,.T.);
#760=EDGE_CURVE('',#593,#583,#214,.T.);
#761=EDGE_CURVE('',#593,#587,#433,.T.);
#762=EDGE_CURVE('',#592,#594,#434,.T.);
#763=EDGE_CURVE('',#594,#595,#215,.T.);
#764=EDGE_CURVE('',#595,#596,#435,.T.);
#765=EDGE_CURVE('',#597,#596,#216,.T.);
#766=EDGE_CURVE('',#597,#598,#436,.T.);
#767=EDGE_CURVE('',#598,#599,#217,.T.);
#768=EDGE_CURVE('',#599,#589,#437,.T.);
#769=EDGE_CURVE('',#588,#600,#438,.T.);
#770=EDGE_CURVE('',#586,#600,#218,.T.);
#771=EDGE_CURVE('',#601,#582,#219,.T.);
#772=EDGE_CURVE('',#602,#601,#220,.T.);
#773=EDGE_CURVE('',#602,#593,#421,.T.);
#774=EDGE_CURVE('',#603,#602,#439,.T.);
#775=EDGE_CURVE('',#603,#604,#440,.T.);
#776=EDGE_CURVE('',#605,#604,#441,.T.);
#777=EDGE_CURVE('',#600,#605,#422,.T.);
#778=EDGE_CURVE('',#604,#603,#221,.T.);
#779=EDGE_CURVE('',#598,#595,#442,.T.);
#780=EDGE_CURVE('',#596,#597,#443,.T.);
#781=EDGE_CURVE('',#606,#594,#444,.T.);
#782=EDGE_CURVE('',#606,#607,#445,.T.);
#783=EDGE_CURVE('',#607,#599,#446,.T.);
#784=EDGE_CURVE('',#608,#608,#222,.T.);
#785=EDGE_CURVE('',#607,#590,#447,.T.);
#786=EDGE_CURVE('',#591,#606,#448,.T.);
#787=EDGE_CURVE('',#609,#610,#15,.T.);
#788=EDGE_CURVE('',#610,#609,#16,.T.);
#789=EDGE_CURVE('',#610,#611,#449,.T.);
#790=EDGE_CURVE('',#612,#611,#17,.T.);
#791=EDGE_CURVE('',#611,#612,#18,.T.);
#792=EDGE_CURVE('',#613,#614,#19,.T.);
#793=EDGE_CURVE('',#614,#613,#20,.T.);
#794=EDGE_CURVE('',#614,#615,#450,.T.);
#795=EDGE_CURVE('',#616,#615,#21,.T.);
#796=EDGE_CURVE('',#615,#616,#22,.T.);
#797=EDGE_CURVE('',#617,#618,#23,.T.);
#798=EDGE_CURVE('',#618,#617,#24,.T.);
#799=EDGE_CURVE('',#618,#619,#451,.T.);
#800=EDGE_CURVE('',#620,#619,#25,.T.);
#801=EDGE_CURVE('',#619,#620,#26,.T.);
#802=EDGE_CURVE('',#621,#622,#27,.T.);
#803=EDGE_CURVE('',#622,#621,#28,.T.);
#804=EDGE_CURVE('',#622,#623,#452,.T.);
#805=EDGE_CURVE('',#624,#623,#29,.T.);
#806=EDGE_CURVE('',#623,#624,#30,.T.);
#807=EDGE_CURVE('',#625,#626,#31,.T.);
#808=EDGE_CURVE('',#626,#625,#32,.T.);
#809=EDGE_CURVE('',#626,#627,#453,.T.);
#810=EDGE_CURVE('',#628,#627,#33,.T.);
#811=EDGE_CURVE('',#627,#628,#34,.T.);
#812=EDGE_CURVE('',#629,#630,#35,.T.);
#813=EDGE_CURVE('',#630,#629,#36,.T.);
#814=EDGE_CURVE('',#630,#631,#454,.T.);
#815=EDGE_CURVE('',#632,#631,#37,.T.);
#816=EDGE_CURVE('',#631,#632,#38,.T.);
#817=EDGE_CURVE('',#633,#634,#39,.T.);
#818=EDGE_CURVE('',#634,#633,#40,.T.);
#819=EDGE_CURVE('',#634,#635,#455,.T.);
#820=EDGE_CURVE('',#636,#635,#41,.T.);
#821=EDGE_CURVE('',#635,#636,#42,.T.);
#822=EDGE_CURVE('',#637,#638,#43,.T.);
#823=EDGE_CURVE('',#638,#637,#44,.T.);
#824=EDGE_CURVE('',#638,#639,#456,.T.);
#825=EDGE_CURVE('',#640,#639,#45,.T.);
#826=EDGE_CURVE('',#639,#640,#46,.T.);
#827=EDGE_CURVE('',#641,#642,#47,.T.);
#828=EDGE_CURVE('',#643,#641,#48,.T.);
#829=EDGE_CURVE('',#643,#644,#457,.T.);
#830=EDGE_CURVE('',#645,#644,#49,.T.);
#831=EDGE_CURVE('',#646,#645,#50,.T.);
#832=EDGE_CURVE('',#644,#646,#51,.T.);
#833=EDGE_CURVE('',#642,#643,#52,.T.);
#834=EDGE_CURVE('',#647,#648,#53,.T.);
#835=EDGE_CURVE('',#648,#647,#54,.T.);
#836=EDGE_CURVE('',#648,#649,#458,.T.);
#837=EDGE_CURVE('',#650,#649,#55,.T.);
#838=EDGE_CURVE('',#649,#650,#56,.T.);
#839=EDGE_CURVE('',#651,#652,#57,.T.);
#840=EDGE_CURVE('',#652,#651,#58,.T.);
#841=EDGE_CURVE('',#652,#653,#459,.T.);
#842=EDGE_CURVE('',#654,#653,#59,.T.);
#843=EDGE_CURVE('',#653,#654,#60,.T.);
#844=EDGE_CURVE('',#655,#656,#61,.T.);
#845=EDGE_CURVE('',#656,#655,#62,.T.);
#846=EDGE_CURVE('',#656,#657,#460,.T.);
#847=EDGE_CURVE('',#658,#657,#63,.T.);
#848=EDGE_CURVE('',#657,#658,#64,.T.);
#849=EDGE_CURVE('',#659,#660,#65,.T.);
#850=EDGE_CURVE('',#660,#659,#66,.T.);
#851=EDGE_CURVE('',#660,#661,#461,.T.);
#852=EDGE_CURVE('',#662,#661,#67,.T.);
#853=EDGE_CURVE('',#661,#662,#68,.T.);
#854=EDGE_CURVE('',#663,#664,#69,.T.);
#855=EDGE_CURVE('',#664,#663,#70,.T.);
#856=EDGE_CURVE('',#664,#665,#462,.T.);
#857=EDGE_CURVE('',#666,#665,#71,.T.);
#858=EDGE_CURVE('',#665,#666,#72,.T.);
#859=EDGE_CURVE('',#667,#668,#73,.T.);
#860=EDGE_CURVE('',#668,#667,#74,.T.);
#861=EDGE_CURVE('',#668,#669,#463,.T.);
#862=EDGE_CURVE('',#670,#669,#75,.T.);
#863=EDGE_CURVE('',#669,#670,#76,.T.);
#864=EDGE_CURVE('',#671,#672,#77,.T.);
#865=EDGE_CURVE('',#672,#671,#78,.T.);
#866=EDGE_CURVE('',#672,#673,#464,.T.);
#867=EDGE_CURVE('',#674,#673,#79,.T.);
#868=EDGE_CURVE('',#673,#674,#80,.T.);
#869=EDGE_CURVE('',#675,#676,#81,.T.);
#870=EDGE_CURVE('',#677,#675,#82,.T.);
#871=EDGE_CURVE('',#677,#678,#465,.T.);
#872=EDGE_CURVE('',#679,#678,#83,.T.);
#873=EDGE_CURVE('',#680,#679,#84,.T.);
#874=EDGE_CURVE('',#678,#680,#85,.T.);
#875=EDGE_CURVE('',#676,#677,#86,.T.);
#876=EDGE_CURVE('',#681,#682,#87,.T.);
#877=EDGE_CURVE('',#682,#681,#88,.T.);
#878=EDGE_CURVE('',#682,#683,#466,.T.);
#879=EDGE_CURVE('',#684,#683,#89,.T.);
#880=EDGE_CURVE('',#683,#684,#90,.T.);
#881=EDGE_CURVE('',#685,#686,#91,.T.);
#882=EDGE_CURVE('',#686,#685,#92,.T.);
#883=EDGE_CURVE('',#686,#687,#467,.T.);
#884=EDGE_CURVE('',#688,#687,#93,.T.);
#885=EDGE_CURVE('',#687,#688,#94,.T.);
#886=EDGE_CURVE('',#689,#690,#95,.T.);
#887=EDGE_CURVE('',#690,#689,#96,.T.);
#888=EDGE_CURVE('',#690,#691,#468,.T.);
#889=EDGE_CURVE('',#692,#691,#97,.T.);
#890=EDGE_CURVE('',#691,#692,#98,.T.);
#891=EDGE_CURVE('',#693,#694,#99,.T.);
#892=EDGE_CURVE('',#694,#693,#100,.T.);
#893=EDGE_CURVE('',#694,#695,#469,.T.);
#894=EDGE_CURVE('',#696,#695,#101,.T.);
#895=EDGE_CURVE('',#695,#696,#102,.T.);
#896=EDGE_CURVE('',#697,#698,#103,.T.);
#897=EDGE_CURVE('',#698,#697,#104,.T.);
#898=EDGE_CURVE('',#698,#699,#470,.T.);
#899=EDGE_CURVE('',#700,#699,#105,.T.);
#900=EDGE_CURVE('',#699,#700,#106,.T.);
#901=EDGE_CURVE('',#701,#702,#471,.T.);
#902=EDGE_CURVE('',#703,#701,#223,.T.);
#903=EDGE_CURVE('',#702,#703,#224,.T.);
#904=EDGE_CURVE('',#704,#701,#472,.T.);
#905=EDGE_CURVE('',#705,#704,#107,.T.);
#906=EDGE_CURVE('',#702,#705,#473,.T.);
#907=EDGE_CURVE('',#703,#706,#474,.T.);
#908=EDGE_CURVE('',#707,#706,#108,.T.);
#909=EDGE_CURVE('',#706,#707,#109,.T.);
#910=EDGE_CURVE('',#708,#705,#225,.T.);
#911=EDGE_CURVE('',#708,#709,#475,.T.);
#912=EDGE_CURVE('',#709,#710,#476,.T.);
#913=EDGE_CURVE('',#710,#711,#477,.T.);
#914=EDGE_CURVE('',#712,#711,#226,.T.);
#915=EDGE_CURVE('',#712,#713,#478,.T.);
#916=EDGE_CURVE('',#713,#714,#479,.T.);
#917=EDGE_CURVE('',#714,#715,#480,.T.);
#918=EDGE_CURVE('',#716,#715,#227,.T.);
#919=EDGE_CURVE('',#716,#717,#481,.T.);
#920=EDGE_CURVE('',#717,#718,#482,.T.);
#921=EDGE_CURVE('',#718,#719,#483,.T.);
#922=EDGE_CURVE('',#704,#719,#228,.T.);
#923=EDGE_CURVE('',#720,#720,#229,.T.);
#924=EDGE_CURVE('',#721,#717,#230,.T.);
#925=EDGE_CURVE('',#718,#721,#231,.T.);
#926=EDGE_CURVE('',#719,#716,#110,.T.);
#927=EDGE_CURVE('',#721,#722,#484,.T.);
#928=EDGE_CURVE('',#723,#722,#111,.T.);
#929=EDGE_CURVE('',#722,#723,#112,.T.);
#930=EDGE_CURVE('',#724,#713,#232,.T.);
#931=EDGE_CURVE('',#714,#724,#233,.T.);
#932=EDGE_CURVE('',#725,#712,#113,.T.);
#933=EDGE_CURVE('',#715,#725,#114,.T.);
#934=EDGE_CURVE('',#724,#726,#485,.T.);
#935=EDGE_CURVE('',#727,#726,#115,.T.);
#936=EDGE_CURVE('',#728,#727,#116,.T.);
#937=EDGE_CURVE('',#726,#728,#117,.T.);
#938=EDGE_CURVE('',#729,#709,#234,.T.);
#939=EDGE_CURVE('',#710,#729,#235,.T.);
#940=EDGE_CURVE('',#711,#708,#118,.T.);
#941=EDGE_CURVE('',#729,#730,#486,.T.);
#942=EDGE_CURVE('',#731,#730,#119,.T.);
#943=EDGE_CURVE('',#730,#731,#120,.T.);
#944=EDGE_CURVE('',#732,#732,#236,.T.);
#945=EDGE_CURVE('',#732,#733,#487,.T.);
#946=EDGE_CURVE('',#733,#733,#237,.T.);
#947=EDGE_CURVE('',#734,#734,#238,.T.);
#948=EDGE_CURVE('',#734,#735,#488,.T.);
#949=EDGE_CURVE('',#735,#735,#239,.T.);
#950=EDGE_CURVE('',#725,#677,#489,.T.);
#951=EDGE_CURVE('',#676,#643,#490,.T.);
#952=EDGE_CURVE('',#642,#736,#491,.T.);
#953=EDGE_CURVE('',#736,#736,#240,.T.);
#954=EDGE_CURVE('',#608,#720,#492,.T.);
#955=EDGE_CURVE('',#737,#737,#241,.T.);
#956=EDGE_CURVE('',#737,#738,#493,.T.);
#957=EDGE_CURVE('',#738,#738,#242,.T.);
#958=EDGE_CURVE('',#739,#739,#243,.T.);
#959=EDGE_CURVE('',#740,#740,#244,.T.);
#960=EDGE_CURVE('',#741,#741,#245,.T.);
#961=EDGE_CURVE('',#741,#739,#494,.T.);
#962=EDGE_CURVE('',#740,#646,#495,.T.);
#963=EDGE_CURVE('',#644,#680,#496,.T.);
#964=EDGE_CURVE('',#678,#728,#497,.T.);
#965=EDGE_CURVE('',#726,#742,#498,.T.);
#966=EDGE_CURVE('',#742,#742,#246,.T.);
#967=EDGE_CURVE('',#742,#743,#499,.T.);
#968=EDGE_CURVE('',#743,#743,#247,.T.);
#969=EDGE_CURVE('',#743,#601,#500,.T.);
#970=EDGE_CURVE('',#580,#605,#248,.T.);
#971=ORIENTED_EDGE('',*,*,#744,.F.);
#972=ORIENTED_EDGE('',*,*,#745,.F.);
#973=ORIENTED_EDGE('',*,*,#746,.F.);
#974=ORIENTED_EDGE('',*,*,#747,.F.);
#975=ORIENTED_EDGE('',*,*,#748,.F.);
#976=ORIENTED_EDGE('',*,*,#749,.F.);
#977=ORIENTED_EDGE('',*,*,#750,.F.);
#978=ORIENTED_EDGE('',*,*,#751,.F.);
#979=ORIENTED_EDGE('',*,*,#752,.F.);
#980=ORIENTED_EDGE('',*,*,#745,.T.);
#981=ORIENTED_EDGE('',*,*,#749,.T.);
#982=ORIENTED_EDGE('',*,*,#753,.T.);
#983=ORIENTED_EDGE('',*,*,#754,.T.);
#984=ORIENTED_EDGE('',*,*,#755,.T.);
#985=ORIENTED_EDGE('',*,*,#756,.T.);
#986=ORIENTED_EDGE('',*,*,#757,.T.);
#987=ORIENTED_EDGE('',*,*,#758,.T.);
#988=ORIENTED_EDGE('',*,*,#759,.T.);
#989=ORIENTED_EDGE('',*,*,#748,.T.);
#990=ORIENTED_EDGE('',*,*,#760,.F.);
#991=ORIENTED_EDGE('',*,*,#761,.T.);
#992=ORIENTED_EDGE('',*,*,#753,.F.);
#993=ORIENTED_EDGE('',*,*,#750,.T.);
#994=ORIENTED_EDGE('',*,*,#759,.F.);
#995=ORIENTED_EDGE('',*,*,#762,.T.);
#996=ORIENTED_EDGE('',*,*,#763,.T.);
#997=ORIENTED_EDGE('',*,*,#764,.T.);
#998=ORIENTED_EDGE('',*,*,#765,.F.);
#999=ORIENTED_EDGE('',*,*,#766,.T.);
#1000=ORIENTED_EDGE('',*,*,#767,.T.);
#1001=ORIENTED_EDGE('',*,*,#768,.T.);
#1002=ORIENTED_EDGE('',*,*,#755,.F.);
#1003=ORIENTED_EDGE('',*,*,#769,.T.);
#1004=ORIENTED_EDGE('',*,*,#770,.F.);
#1005=ORIENTED_EDGE('',*,*,#747,.T.);
#1006=ORIENTED_EDGE('',*,*,#771,.F.);
#1007=ORIENTED_EDGE('',*,*,#772,.F.);
#1008=ORIENTED_EDGE('',*,*,#773,.T.);
#1009=ORIENTED_EDGE('',*,*,#760,.T.);
#1010=ORIENTED_EDGE('',*,*,#774,.F.);
#1011=ORIENTED_EDGE('',*,*,#775,.T.);
#1012=ORIENTED_EDGE('',*,*,#776,.F.);
#1013=ORIENTED_EDGE('',*,*,#777,.F.);
#1014=ORIENTED_EDGE('',*,*,#769,.F.);
#1015=ORIENTED_EDGE('',*,*,#754,.F.);
#1016=ORIENTED_EDGE('',*,*,#761,.F.);
#1017=ORIENTED_EDGE('',*,*,#773,.F.);
#1018=ORIENTED_EDGE('',*,*,#778,.F.);
#1019=ORIENTED_EDGE('',*,*,#775,.F.);
#1020=ORIENTED_EDGE('',*,*,#764,.F.);
#1021=ORIENTED_EDGE('',*,*,#779,.F.);
#1022=ORIENTED_EDGE('',*,*,#766,.F.);
#1023=ORIENTED_EDGE('',*,*,#780,.F.);
#1024=ORIENTED_EDGE('',*,*,#763,.F.);
#1025=ORIENTED_EDGE('',*,*,#781,.F.);
#1026=ORIENTED_EDGE('',*,*,#782,.T.);
#1027=ORIENTED_EDGE('',*,*,#783,.T.);
#1028=ORIENTED_EDGE('',*,*,#767,.F.);
#1029=ORIENTED_EDGE('',*,*,#779,.T.);
#1030=ORIENTED_EDGE('',*,*,#784,.F.);
#1031=ORIENTED_EDGE('',*,*,#757,.F.);
#1032=ORIENTED_EDGE('',*,*,#785,.F.);
#1033=ORIENTED_EDGE('',*,*,#782,.F.);
#1034=ORIENTED_EDGE('',*,*,#786,.F.);
#1035=ORIENTED_EDGE('',*,*,#762,.F.);
#1036=ORIENTED_EDGE('',*,*,#758,.F.);
#1037=ORIENTED_EDGE('',*,*,#786,.T.);
#1038=ORIENTED_EDGE('',*,*,#781,.T.);
#1039=ORIENTED_EDGE('',*,*,#756,.F.);
#1040=ORIENTED_EDGE('',*,*,#768,.F.);
#1041=ORIENTED_EDGE('',*,*,#783,.F.);
#1042=ORIENTED_EDGE('',*,*,#785,.T.);
#1043=ORIENTED_EDGE('',*,*,#780,.T.);
#1044=ORIENTED_EDGE('',*,*,#765,.T.);
#1045=ORIENTED_EDGE('',*,*,#787,.F.);
#1046=ORIENTED_EDGE('',*,*,#788,.F.);
#1047=ORIENTED_EDGE('',*,*,#789,.T.);
#1048=ORIENTED_EDGE('',*,*,#790,.F.);
#1049=ORIENTED_EDGE('',*,*,#791,.F.);
#1050=ORIENTED_EDGE('',*,*,#789,.F.);
#1051=ORIENTED_EDGE('',*,*,#792,.F.);
#1052=ORIENTED_EDGE('',*,*,#793,.F.);
#1053=ORIENTED_EDGE('',*,*,#794,.T.);
#1054=ORIENTED_EDGE('',*,*,#795,.F.);
#1055=ORIENTED_EDGE('',*,*,#796,.F.);
#1056=ORIENTED_EDGE('',*,*,#794,.F.);
#1057=ORIENTED_EDGE('',*,*,#797,.F.);
#1058=ORIENTED_EDGE('',*,*,#798,.F.);
#1059=ORIENTED_EDGE('',*,*,#799,.T.);
#1060=ORIENTED_EDGE('',*,*,#800,.F.);
#1061=ORIENTED_EDGE('',*,*,#801,.F.);
#1062=ORIENTED_EDGE('',*,*,#799,.F.);
#1063=ORIENTED_EDGE('',*,*,#802,.F.);
#1064=ORIENTED_EDGE('',*,*,#803,.F.);
#1065=ORIENTED_EDGE('',*,*,#804,.T.);
#1066=ORIENTED_EDGE('',*,*,#805,.F.);
#1067=ORIENTED_EDGE('',*,*,#806,.F.);
#1068=ORIENTED_EDGE('',*,*,#804,.F.);
#1069=ORIENTED_EDGE('',*,*,#807,.F.);
#1070=ORIENTED_EDGE('',*,*,#808,.F.);
#1071=ORIENTED_EDGE('',*,*,#809,.T.);
#1072=ORIENTED_EDGE('',*,*,#810,.F.);
#1073=ORIENTED_EDGE('',*,*,#811,.F.);
#1074=ORIENTED_EDGE('',*,*,#809,.F.);
#1075=ORIENTED_EDGE('',*,*,#812,.F.);
#1076=ORIENTED_EDGE('',*,*,#813,.F.);
#1077=ORIENTED_EDGE('',*,*,#814,.T.);
#1078=ORIENTED_EDGE('',*,*,#815,.F.);
#1079=ORIENTED_EDGE('',*,*,#816,.F.);
#1080=ORIENTED_EDGE('',*,*,#814,.F.);
#1081=ORIENTED_EDGE('',*,*,#817,.F.);
#1082=ORIENTED_EDGE('',*,*,#818,.F.);
#1083=ORIENTED_EDGE('',*,*,#819,.T.);
#1084=ORIENTED_EDGE('',*,*,#820,.F.);
#1085=ORIENTED_EDGE('',*,*,#821,.F.);
#1086=ORIENTED_EDGE('',*,*,#819,.F.);
#1087=ORIENTED_EDGE('',*,*,#822,.F.);
#1088=ORIENTED_EDGE('',*,*,#823,.F.);
#1089=ORIENTED_EDGE('',*,*,#824,.T.);
#1090=ORIENTED_EDGE('',*,*,#825,.F.);
#1091=ORIENTED_EDGE('',*,*,#826,.F.);
#1092=ORIENTED_EDGE('',*,*,#824,.F.);
#1093=ORIENTED_EDGE('',*,*,#827,.F.);
#1094=ORIENTED_EDGE('',*,*,#828,.F.);
#1095=ORIENTED_EDGE('',*,*,#829,.T.);
#1096=ORIENTED_EDGE('',*,*,#830,.F.);
#1097=ORIENTED_EDGE('',*,*,#831,.F.);
#1098=ORIENTED_EDGE('',*,*,#832,.F.);
#1099=ORIENTED_EDGE('',*,*,#829,.F.);
#1100=ORIENTED_EDGE('',*,*,#833,.F.);
#1101=ORIENTED_EDGE('',*,*,#834,.F.);
#1102=ORIENTED_EDGE('',*,*,#835,.F.);
#1103=ORIENTED_EDGE('',*,*,#836,.T.);
#1104=ORIENTED_EDGE('',*,*,#837,.F.);
#1105=ORIENTED_EDGE('',*,*,#838,.F.);
#1106=ORIENTED_EDGE('',*,*,#836,.F.);
#1107=ORIENTED_EDGE('',*,*,#839,.F.);
#1108=ORIENTED_EDGE('',*,*,#840,.F.);
#1109=ORIENTED_EDGE('',*,*,#841,.T.);
#1110=ORIENTED_EDGE('',*,*,#842,.F.);
#1111=ORIENTED_EDGE('',*,*,#843,.F.);
#1112=ORIENTED_EDGE('',*,*,#841,.F.);
#1113=ORIENTED_EDGE('',*,*,#844,.F.);
#1114=ORIENTED_EDGE('',*,*,#845,.F.);
#1115=ORIENTED_EDGE('',*,*,#846,.T.);
#1116=ORIENTED_EDGE('',*,*,#847,.F.);
#1117=ORIENTED_EDGE('',*,*,#848,.F.);
#1118=ORIENTED_EDGE('',*,*,#846,.F.);
#1119=ORIENTED_EDGE('',*,*,#849,.F.);
#1120=ORIENTED_EDGE('',*,*,#850,.F.);
#1121=ORIENTED_EDGE('',*,*,#851,.T.);
#1122=ORIENTED_EDGE('',*,*,#852,.F.);
#1123=ORIENTED_EDGE('',*,*,#853,.F.);
#1124=ORIENTED_EDGE('',*,*,#851,.F.);
#1125=ORIENTED_EDGE('',*,*,#854,.F.);
#1126=ORIENTED_EDGE('',*,*,#855,.F.);
#1127=ORIENTED_EDGE('',*,*,#856,.T.);
#1128=ORIENTED_EDGE('',*,*,#857,.F.);
#1129=ORIENTED_EDGE('',*,*,#858,.F.);
#1130=ORIENTED_EDGE('',*,*,#856,.F.);
#1131=ORIENTED_EDGE('',*,*,#859,.F.);
#1132=ORIENTED_EDGE('',*,*,#860,.F.);
#1133=ORIENTED_EDGE('',*,*,#861,.T.);
#1134=ORIENTED_EDGE('',*,*,#862,.F.);
#1135=ORIENTED_EDGE('',*,*,#863,.F.);
#1136=ORIENTED_EDGE('',*,*,#861,.F.);
#1137=ORIENTED_EDGE('',*,*,#864,.F.);
#1138=ORIENTED_EDGE('',*,*,#865,.F.);
#1139=ORIENTED_EDGE('',*,*,#866,.T.);
#1140=ORIENTED_EDGE('',*,*,#867,.F.);
#1141=ORIENTED_EDGE('',*,*,#868,.F.);
#1142=ORIENTED_EDGE('',*,*,#866,.F.);
#1143=ORIENTED_EDGE('',*,*,#869,.F.);
#1144=ORIENTED_EDGE('',*,*,#870,.F.);
#1145=ORIENTED_EDGE('',*,*,#871,.T.);
#1146=ORIENTED_EDGE('',*,*,#872,.F.);
#1147=ORIENTED_EDGE('',*,*,#873,.F.);
#1148=ORIENTED_EDGE('',*,*,#874,.F.);
#1149=ORIENTED_EDGE('',*,*,#871,.F.);
#1150=ORIENTED_EDGE('',*,*,#875,.F.);
#1151=ORIENTED_EDGE('',*,*,#876,.F.);
#1152=ORIENTED_EDGE('',*,*,#877,.F.);
#1153=ORIENTED_EDGE('',*,*,#878,.T.);
#1154=ORIENTED_EDGE('',*,*,#879,.F.);
#1155=ORIENTED_EDGE('',*,*,#880,.F.);
#1156=ORIENTED_EDGE('',*,*,#878,.F.);
#1157=ORIENTED_EDGE('',*,*,#881,.F.);
#1158=ORIENTED_EDGE('',*,*,#882,.F.);
#1159=ORIENTED_EDGE('',*,*,#883,.T.);
#1160=ORIENTED_EDGE('',*,*,#884,.F.);
#1161=ORIENTED_EDGE('',*,*,#885,.F.);
#1162=ORIENTED_EDGE('',*,*,#883,.F.);
#1163=ORIENTED_EDGE('',*,*,#886,.F.);
#1164=ORIENTED_EDGE('',*,*,#887,.F.);
#1165=ORIENTED_EDGE('',*,*,#888,.T.);
#1166=ORIENTED_EDGE('',*,*,#889,.F.);
#1167=ORIENTED_EDGE('',*,*,#890,.F.);
#1168=ORIENTED_EDGE('',*,*,#888,.F.);
#1169=ORIENTED_EDGE('',*,*,#891,.F.);
#1170=ORIENTED_EDGE('',*,*,#892,.F.);
#1171=ORIENTED_EDGE('',*,*,#893,.T.);
#1172=ORIENTED_EDGE('',*,*,#894,.F.);
#1173=ORIENTED_EDGE('',*,*,#895,.F.);
#1174=ORIENTED_EDGE('',*,*,#893,.F.);
#1175=ORIENTED_EDGE('',*,*,#896,.F.);
#1176=ORIENTED_EDGE('',*,*,#897,.F.);
#1177=ORIENTED_EDGE('',*,*,#898,.T.);
#1178=ORIENTED_EDGE('',*,*,#899,.F.);
#1179=ORIENTED_EDGE('',*,*,#900,.F.);
#1180=ORIENTED_EDGE('',*,*,#898,.F.);
#1181=ORIENTED_EDGE('',*,*,#901,.F.);
#1182=ORIENTED_EDGE('',*,*,#902,.F.);
#1183=ORIENTED_EDGE('',*,*,#903,.F.);
#1184=ORIENTED_EDGE('',*,*,#904,.F.);
#1185=ORIENTED_EDGE('',*,*,#905,.F.);
#1186=ORIENTED_EDGE('',*,*,#906,.F.);
#1187=ORIENTED_EDGE('',*,*,#903,.T.);
#1188=ORIENTED_EDGE('',*,*,#907,.T.);
#1189=ORIENTED_EDGE('',*,*,#908,.F.);
#1190=ORIENTED_EDGE('',*,*,#909,.F.);
#1191=ORIENTED_EDGE('',*,*,#907,.F.);
#1192=ORIENTED_EDGE('',*,*,#902,.T.);
#1193=ORIENTED_EDGE('',*,*,#904,.T.);
#1194=ORIENTED_EDGE('',*,*,#901,.T.);
#1195=ORIENTED_EDGE('',*,*,#906,.T.);
#1196=ORIENTED_EDGE('',*,*,#910,.F.);
#1197=ORIENTED_EDGE('',*,*,#911,.T.);
#1198=ORIENTED_EDGE('',*,*,#912,.T.);
#1199=ORIENTED_EDGE('',*,*,#913,.T.);
#1200=ORIENTED_EDGE('',*,*,#914,.F.);
#1201=ORIENTED_EDGE('',*,*,#915,.T.);
#1202=ORIENTED_EDGE('',*,*,#916,.T.);
#1203=ORIENTED_EDGE('',*,*,#917,.T.);
#1204=ORIENTED_EDGE('',*,*,#918,.F.);
#1205=ORIENTED_EDGE('',*,*,#919,.T.);
#1206=ORIENTED_EDGE('',*,*,#920,.T.);
#1207=ORIENTED_EDGE('',*,*,#921,.T.);
#1208=ORIENTED_EDGE('',*,*,#922,.F.);
#1209=ORIENTED_EDGE('',*,*,#923,.F.);
#1210=ORIENTED_EDGE('',*,*,#920,.F.);
#1211=ORIENTED_EDGE('',*,*,#924,.F.);
#1212=ORIENTED_EDGE('',*,*,#925,.F.);
#1213=ORIENTED_EDGE('',*,*,#919,.F.);
#1214=ORIENTED_EDGE('',*,*,#926,.F.);
#1215=ORIENTED_EDGE('',*,*,#921,.F.);
#1216=ORIENTED_EDGE('',*,*,#925,.T.);
#1217=ORIENTED_EDGE('',*,*,#927,.T.);
#1218=ORIENTED_EDGE('',*,*,#928,.F.);
#1219=ORIENTED_EDGE('',*,*,#929,.F.);
#1220=ORIENTED_EDGE('',*,*,#927,.F.);
#1221=ORIENTED_EDGE('',*,*,#924,.T.);
#1222=ORIENTED_EDGE('',*,*,#916,.F.);
#1223=ORIENTED_EDGE('',*,*,#930,.F.);
#1224=ORIENTED_EDGE('',*,*,#931,.F.);
#1225=ORIENTED_EDGE('',*,*,#915,.F.);
#1226=ORIENTED_EDGE('',*,*,#932,.F.);
#1227=ORIENTED_EDGE('',*,*,#933,.F.);
#1228=ORIENTED_EDGE('',*,*,#917,.F.);
#1229=ORIENTED_EDGE('',*,*,#931,.T.);
#1230=ORIENTED_EDGE('',*,*,#934,.T.);
#1231=ORIENTED_EDGE('',*,*,#935,.F.);
#1232=ORIENTED_EDGE('',*,*,#936,.F.);
#1233=ORIENTED_EDGE('',*,*,#937,.F.);
#1234=ORIENTED_EDGE('',*,*,#934,.F.);
#1235=ORIENTED_EDGE('',*,*,#930,.T.);
#1236=ORIENTED_EDGE('',*,*,#912,.F.);
#1237=ORIENTED_EDGE('',*,*,#938,.F.);
#1238=ORIENTED_EDGE('',*,*,#939,.F.);
#1239=ORIENTED_EDGE('',*,*,#911,.F.);
#1240=ORIENTED_EDGE('',*,*,#940,.F.);
#1241=ORIENTED_EDGE('',*,*,#913,.F.);
#1242=ORIENTED_EDGE('',*,*,#939,.T.);
#1243=ORIENTED_EDGE('',*,*,#941,.T.);
#1244=ORIENTED_EDGE('',*,*,#942,.F.);
#1245=ORIENTED_EDGE('',*,*,#943,.F.);
#1246=ORIENTED_EDGE('',*,*,#941,.F.);
#1247=ORIENTED_EDGE('',*,*,#938,.T.);
#1248=ORIENTED_EDGE('',*,*,#944,.F.);
#1249=ORIENTED_EDGE('',*,*,#945,.T.);
#1250=ORIENTED_EDGE('',*,*,#946,.F.);
#1251=ORIENTED_EDGE('',*,*,#945,.F.);
#1252=ORIENTED_EDGE('',*,*,#947,.T.);
#1253=ORIENTED_EDGE('',*,*,#948,.T.);
#1254=ORIENTED_EDGE('',*,*,#949,.F.);
#1255=ORIENTED_EDGE('',*,*,#948,.F.);
#1256=ORIENTED_EDGE('',*,*,#947,.F.);
#1257=ORIENTED_EDGE('',*,*,#946,.T.);
#1258=ORIENTED_EDGE('',*,*,#905,.T.);
#1259=ORIENTED_EDGE('',*,*,#922,.T.);
#1260=ORIENTED_EDGE('',*,*,#926,.T.);
#1261=ORIENTED_EDGE('',*,*,#918,.T.);
#1262=ORIENTED_EDGE('',*,*,#933,.T.);
#1263=ORIENTED_EDGE('',*,*,#950,.T.);
#1264=ORIENTED_EDGE('',*,*,#870,.T.);
#1265=ORIENTED_EDGE('',*,*,#869,.T.);
#1266=ORIENTED_EDGE('',*,*,#951,.T.);
#1267=ORIENTED_EDGE('',*,*,#828,.T.);
#1268=ORIENTED_EDGE('',*,*,#827,.T.);
#1269=ORIENTED_EDGE('',*,*,#952,.T.);
#1270=ORIENTED_EDGE('',*,*,#953,.T.);
#1271=ORIENTED_EDGE('',*,*,#952,.F.);
#1272=ORIENTED_EDGE('',*,*,#833,.T.);
#1273=ORIENTED_EDGE('',*,*,#951,.F.);
#1274=ORIENTED_EDGE('',*,*,#875,.T.);
#1275=ORIENTED_EDGE('',*,*,#950,.F.);
#1276=ORIENTED_EDGE('',*,*,#932,.T.);
#1277=ORIENTED_EDGE('',*,*,#914,.T.);
#1278=ORIENTED_EDGE('',*,*,#940,.T.);
#1279=ORIENTED_EDGE('',*,*,#910,.T.);
#1280=ORIENTED_EDGE('',*,*,#797,.T.);
#1281=ORIENTED_EDGE('',*,*,#798,.T.);
#1282=ORIENTED_EDGE('',*,*,#802,.T.);
#1283=ORIENTED_EDGE('',*,*,#803,.T.);
#1284=ORIENTED_EDGE('',*,*,#807,.T.);
#1285=ORIENTED_EDGE('',*,*,#808,.T.);
#1286=ORIENTED_EDGE('',*,*,#812,.T.);
#1287=ORIENTED_EDGE('',*,*,#813,.T.);
#1288=ORIENTED_EDGE('',*,*,#817,.T.);
#1289=ORIENTED_EDGE('',*,*,#818,.T.);
#1290=ORIENTED_EDGE('',*,*,#822,.T.);
#1291=ORIENTED_EDGE('',*,*,#823,.T.);
#1292=ORIENTED_EDGE('',*,*,#834,.T.);
#1293=ORIENTED_EDGE('',*,*,#835,.T.);
#1294=ORIENTED_EDGE('',*,*,#839,.T.);
#1295=ORIENTED_EDGE('',*,*,#840,.T.);
#1296=ORIENTED_EDGE('',*,*,#844,.T.);
#1297=ORIENTED_EDGE('',*,*,#845,.T.);
#1298=ORIENTED_EDGE('',*,*,#849,.T.);
#1299=ORIENTED_EDGE('',*,*,#850,.T.);
#1300=ORIENTED_EDGE('',*,*,#854,.T.);
#1301=ORIENTED_EDGE('',*,*,#855,.T.);
#1302=ORIENTED_EDGE('',*,*,#859,.T.);
#1303=ORIENTED_EDGE('',*,*,#860,.T.);
#1304=ORIENTED_EDGE('',*,*,#864,.T.);
#1305=ORIENTED_EDGE('',*,*,#865,.T.);
#1306=ORIENTED_EDGE('',*,*,#876,.T.);
#1307=ORIENTED_EDGE('',*,*,#877,.T.);
#1308=ORIENTED_EDGE('',*,*,#881,.T.);
#1309=ORIENTED_EDGE('',*,*,#882,.T.);
#1310=ORIENTED_EDGE('',*,*,#886,.T.);
#1311=ORIENTED_EDGE('',*,*,#887,.T.);
#1312=ORIENTED_EDGE('',*,*,#891,.T.);
#1313=ORIENTED_EDGE('',*,*,#892,.T.);
#1314=ORIENTED_EDGE('',*,*,#896,.T.);
#1315=ORIENTED_EDGE('',*,*,#897,.T.);
#1316=ORIENTED_EDGE('',*,*,#953,.F.);
#1317=ORIENTED_EDGE('',*,*,#944,.T.);
#1318=ORIENTED_EDGE('',*,*,#784,.T.);
#1319=ORIENTED_EDGE('',*,*,#954,.T.);
#1320=ORIENTED_EDGE('',*,*,#923,.T.);
#1321=ORIENTED_EDGE('',*,*,#954,.F.);
#1322=ORIENTED_EDGE('',*,*,#790,.T.);
#1323=ORIENTED_EDGE('',*,*,#791,.T.);
#1324=ORIENTED_EDGE('',*,*,#795,.T.);
#1325=ORIENTED_EDGE('',*,*,#796,.T.);
#1326=ORIENTED_EDGE('',*,*,#955,.F.);
#1327=ORIENTED_EDGE('',*,*,#956,.T.);
#1328=ORIENTED_EDGE('',*,*,#957,.F.);
#1329=ORIENTED_EDGE('',*,*,#956,.F.);
#1330=ORIENTED_EDGE('',*,*,#955,.T.);
#1331=ORIENTED_EDGE('',*,*,#949,.T.);
#1332=ORIENTED_EDGE('',*,*,#958,.T.);
#1333=ORIENTED_EDGE('',*,*,#959,.T.);
#1334=ORIENTED_EDGE('',*,*,#960,.F.);
#1335=ORIENTED_EDGE('',*,*,#961,.T.);
#1336=ORIENTED_EDGE('',*,*,#958,.F.);
#1337=ORIENTED_EDGE('',*,*,#961,.F.);
#1338=ORIENTED_EDGE('',*,*,#960,.T.);
#1339=ORIENTED_EDGE('',*,*,#957,.T.);
#1340=ORIENTED_EDGE('',*,*,#959,.F.);
#1341=ORIENTED_EDGE('',*,*,#962,.T.);
#1342=ORIENTED_EDGE('',*,*,#831,.T.);
#1343=ORIENTED_EDGE('',*,*,#830,.T.);
#1344=ORIENTED_EDGE('',*,*,#963,.T.);
#1345=ORIENTED_EDGE('',*,*,#873,.T.);
#1346=ORIENTED_EDGE('',*,*,#872,.T.);
#1347=ORIENTED_EDGE('',*,*,#964,.T.);
#1348=ORIENTED_EDGE('',*,*,#936,.T.);
#1349=ORIENTED_EDGE('',*,*,#935,.T.);
#1350=ORIENTED_EDGE('',*,*,#965,.T.);
#1351=ORIENTED_EDGE('',*,*,#966,.T.);
#1352=ORIENTED_EDGE('',*,*,#965,.F.);
#1353=ORIENTED_EDGE('',*,*,#937,.T.);
#1354=ORIENTED_EDGE('',*,*,#964,.F.);
#1355=ORIENTED_EDGE('',*,*,#874,.T.);
#1356=ORIENTED_EDGE('',*,*,#963,.F.);
#1357=ORIENTED_EDGE('',*,*,#832,.T.);
#1358=ORIENTED_EDGE('',*,*,#962,.F.);
#1359=ORIENTED_EDGE('',*,*,#800,.T.);
#1360=ORIENTED_EDGE('',*,*,#801,.T.);
#1361=ORIENTED_EDGE('',*,*,#805,.T.);
#1362=ORIENTED_EDGE('',*,*,#806,.T.);
#1363=ORIENTED_EDGE('',*,*,#810,.T.);
#1364=ORIENTED_EDGE('',*,*,#811,.T.);
#1365=ORIENTED_EDGE('',*,*,#815,.T.);
#1366=ORIENTED_EDGE('',*,*,#816,.T.);
#1367=ORIENTED_EDGE('',*,*,#820,.T.);
#1368=ORIENTED_EDGE('',*,*,#821,.T.);
#1369=ORIENTED_EDGE('',*,*,#825,.T.);
#1370=ORIENTED_EDGE('',*,*,#826,.T.);
#1371=ORIENTED_EDGE('',*,*,#837,.T.);
#1372=ORIENTED_EDGE('',*,*,#838,.T.);
#1373=ORIENTED_EDGE('',*,*,#842,.T.);
#1374=ORIENTED_EDGE('',*,*,#843,.T.);
#1375=ORIENTED_EDGE('',*,*,#847,.T.);
#1376=ORIENTED_EDGE('',*,*,#848,.T.);
#1377=ORIENTED_EDGE('',*,*,#852,.T.);
#1378=ORIENTED_EDGE('',*,*,#853,.T.);
#1379=ORIENTED_EDGE('',*,*,#857,.T.);
#1380=ORIENTED_EDGE('',*,*,#858,.T.);
#1381=ORIENTED_EDGE('',*,*,#862,.T.);
#1382=ORIENTED_EDGE('',*,*,#863,.T.);
#1383=ORIENTED_EDGE('',*,*,#867,.T.);
#1384=ORIENTED_EDGE('',*,*,#868,.T.);
#1385=ORIENTED_EDGE('',*,*,#879,.T.);
#1386=ORIENTED_EDGE('',*,*,#880,.T.);
#1387=ORIENTED_EDGE('',*,*,#884,.T.);
#1388=ORIENTED_EDGE('',*,*,#885,.T.);
#1389=ORIENTED_EDGE('',*,*,#889,.T.);
#1390=ORIENTED_EDGE('',*,*,#890,.T.);
#1391=ORIENTED_EDGE('',*,*,#894,.T.);
#1392=ORIENTED_EDGE('',*,*,#895,.T.);
#1393=ORIENTED_EDGE('',*,*,#899,.T.);
#1394=ORIENTED_EDGE('',*,*,#900,.T.);
#1395=ORIENTED_EDGE('',*,*,#908,.T.);
#1396=ORIENTED_EDGE('',*,*,#909,.T.);
#1397=ORIENTED_EDGE('',*,*,#928,.T.);
#1398=ORIENTED_EDGE('',*,*,#929,.T.);
#1399=ORIENTED_EDGE('',*,*,#942,.T.);
#1400=ORIENTED_EDGE('',*,*,#943,.T.);
#1401=ORIENTED_EDGE('',*,*,#966,.F.);
#1402=ORIENTED_EDGE('',*,*,#967,.T.);
#1403=ORIENTED_EDGE('',*,*,#968,.T.);
#1404=ORIENTED_EDGE('',*,*,#967,.F.);
#1405=ORIENTED_EDGE('',*,*,#968,.F.);
#1406=ORIENTED_EDGE('',*,*,#969,.T.);
#1407=ORIENTED_EDGE('',*,*,#771,.T.);
#1408=ORIENTED_EDGE('',*,*,#746,.T.);
#1409=ORIENTED_EDGE('',*,*,#752,.T.);
#1410=ORIENTED_EDGE('',*,*,#744,.T.);
#1411=ORIENTED_EDGE('',*,*,#970,.T.);
#1412=ORIENTED_EDGE('',*,*,#776,.T.);
#1413=ORIENTED_EDGE('',*,*,#778,.T.);
#1414=ORIENTED_EDGE('',*,*,#774,.T.);
#1415=ORIENTED_EDGE('',*,*,#772,.T.);
#1416=ORIENTED_EDGE('',*,*,#969,.F.);
#1417=ORIENTED_EDGE('',*,*,#787,.T.);
#1418=ORIENTED_EDGE('',*,*,#788,.T.);
#1419=ORIENTED_EDGE('',*,*,#792,.T.);
#1420=ORIENTED_EDGE('',*,*,#793,.T.);
#1421=ORIENTED_EDGE('',*,*,#751,.T.);
#1422=ORIENTED_EDGE('',*,*,#770,.T.);
#1423=ORIENTED_EDGE('',*,*,#777,.T.);
#1424=ORIENTED_EDGE('',*,*,#970,.F.);
#1425=PLANE('',#1520);
#1426=PLANE('',#1521);
#1427=PLANE('',#1523);
#1428=PLANE('',#1537);
#1429=PLANE('',#1538);
#1430=PLANE('',#1540);
#1431=PLANE('',#1541);
#1432=PLANE('',#1543);
#1433=PLANE('',#1544);
#1434=PLANE('',#1545);
#1435=PLANE('',#1546);
#1436=PLANE('',#1569);
#1437=PLANE('',#1573);
#1438=PLANE('',#1579);
#1439=PLANE('',#1583);
#1440=PLANE('',#1587);
#1441=PLANE('',#1597);
#1442=PLANE('',#1600);
#1443=PLANE('',#1605);
#1444=PLANE('',#1606);
#1445=PLANE('',#1611);
#1446=ADVANCED_FACE('',(#249),#1425,.T.);
#1447=ADVANCED_FACE('',(#250),#1426,.T.);
#1448=ADVANCED_FACE('',(#251),#1427,.T.);
#1449=ADVANCED_FACE('',(#252),#174,.T.);
#1450=ADVANCED_FACE('',(#253),#175,.T.);
#1451=ADVANCED_FACE('',(#254),#171,.T.);
#1452=ADVANCED_FACE('',(#255),#1428,.T.);
#1453=ADVANCED_FACE('',(#256),#1429,.T.);
#1454=ADVANCED_FACE('',(#257),#1430,.T.);
#1455=ADVANCED_FACE('',(#258,#121),#1431,.T.);
#1456=ADVANCED_FACE('',(#259),#1432,.F.);
#1457=ADVANCED_FACE('',(#260),#1433,.T.);
#1458=ADVANCED_FACE('',(#261),#1434,.T.);
#1459=ADVANCED_FACE('',(#262),#1435,.T.);
#1460=ADVANCED_FACE('',(#263),#176,.F.);
#1461=ADVANCED_FACE('',(#264),#177,.F.);
#1462=ADVANCED_FACE('',(#265),#178,.F.);
#1463=ADVANCED_FACE('',(#266),#179,.F.);
#1464=ADVANCED_FACE('',(#267),#180,.F.);
#1465=ADVANCED_FACE('',(#268),#181,.F.);
#1466=ADVANCED_FACE('',(#269),#182,.F.);
#1467=ADVANCED_FACE('',(#270),#183,.F.);
#1468=ADVANCED_FACE('',(#271),#184,.F.);
#1469=ADVANCED_FACE('',(#272),#185,.F.);
#1470=ADVANCED_FACE('',(#273),#186,.F.);
#1471=ADVANCED_FACE('',(#274),#187,.F.);
#1472=ADVANCED_FACE('',(#275),#188,.F.);
#1473=ADVANCED_FACE('',(#276),#189,.F.);
#1474=ADVANCED_FACE('',(#277),#190,.F.);
#1475=ADVANCED_FACE('',(#278),#191,.F.);
#1476=ADVANCED_FACE('',(#279),#192,.F.);
#1477=ADVANCED_FACE('',(#280),#193,.F.);
#1478=ADVANCED_FACE('',(#281),#194,.F.);
#1479=ADVANCED_FACE('',(#282),#195,.F.);
#1480=ADVANCED_FACE('',(#283),#196,.F.);
#1481=ADVANCED_FACE('',(#284),#197,.F.);
#1482=ADVANCED_FACE('',(#285),#1436,.F.);
#1483=ADVANCED_FACE('',(#286),#198,.F.);
#1484=ADVANCED_FACE('',(#287,#122),#1437,.F.);
#1485=ADVANCED_FACE('',(#288),#1438,.F.);
#1486=ADVANCED_FACE('',(#289),#199,.F.);
#1487=ADVANCED_FACE('',(#290),#1439,.F.);
#1488=ADVANCED_FACE('',(#291),#200,.F.);
#1489=ADVANCED_FACE('',(#292),#1440,.F.);
#1490=ADVANCED_FACE('',(#293),#201,.F.);
#1491=ADVANCED_FACE('',(#294),#202,.F.);
#1492=ADVANCED_FACE('',(#295),#203,.F.);
#1493=ADVANCED_FACE('',(#296,#123),#1441,.F.);
#1494=ADVANCED_FACE('',(#297,#124,#125,#126,#127,#128,#129,#130,#131,#132,
#133,#134,#135,#136,#137,#138,#139,#140,#141),#204,.F.);
#1495=ADVANCED_FACE('',(#298,#142),#1442,.F.);
#1496=ADVANCED_FACE('',(#299,#143,#144),#205,.F.);
#1497=ADVANCED_FACE('',(#300),#206,.T.);
#1498=ADVANCED_FACE('',(#301,#145),#1443,.T.);
#1499=ADVANCED_FACE('',(#302,#146),#1444,.T.);
#1500=ADVANCED_FACE('',(#303),#207,.T.);
#1501=ADVANCED_FACE('',(#304,#147),#1445,.T.);
#1502=ADVANCED_FACE('',(#305,#148,#149,#150,#151,#152,#153,#154,#155,#156,
#157,#158,#159,#160,#161,#162,#163,#164,#165,#166,#167,#168),#208,.T.);
#1503=ADVANCED_FACE('',(#306),#172,.T.);
#1504=ADVANCED_FACE('',(#307,#169,#170),#209,.T.);
#1505=ADVANCED_FACE('',(#308),#173,.T.);
#1506=CLOSED_SHELL('',(#1446,#1447,#1448,#1449,#1450,#1451,#1452,#1453,
#1454,#1455,#1456,#1457,#1458,#1459,#1460,#1461,#1462,#1463,#1464,#1465,
#1466,#1467,#1468,#1469,#1470,#1471,#1472,#1473,#1474,#1475,#1476,#1477,
#1478,#1479,#1480,#1481,#1482,#1483,#1484,#1485,#1486,#1487,#1488,#1489,
#1490,#1491,#1492,#1493,#1494,#1495,#1496,#1497,#1498,#1499,#1500,#1501,
#1502,#1503,#1504,#1505));
#1507=DERIVED_UNIT_ELEMENT(#1509,1.);
#1508=DERIVED_UNIT_ELEMENT(#4697,-3.);
#1509=(
MASS_UNIT()
NAMED_UNIT(*)
SI_UNIT(.KILO.,.GRAM.)
);
#1510=DERIVED_UNIT((#1507,#1508));
#1511=MEASURE_REPRESENTATION_ITEM('density measure',
POSITIVE_RATIO_MEASURE(7850.),#1510);
#1512=PROPERTY_DEFINITION_REPRESENTATION(#1517,#1514);
#1513=PROPERTY_DEFINITION_REPRESENTATION(#1518,#1515);
#1514=REPRESENTATION('material name',(#1516),#4694);
#1515=REPRESENTATION('density',(#1511),#4694);
#1516=DESCRIPTIVE_REPRESENTATION_ITEM('Steel','Steel');
#1517=PROPERTY_DEFINITION('material property','material name',#4704);
#1518=PROPERTY_DEFINITION('material property','density of part',#4704);
#1519=AXIS2_PLACEMENT_3D('',#1897,#1619,#1620);
#1520=AXIS2_PLACEMENT_3D('',#1898,#1621,#1622);
#1521=AXIS2_PLACEMENT_3D('',#1919,#1629,#1630);
#1522=AXIS2_PLACEMENT_3D('',#1920,#1631,#1632);
#1523=AXIS2_PLACEMENT_3D('',#1921,#1633,#1634);
#1524=AXIS2_PLACEMENT_3D('',#1923,#1635,#1636);
#1525=AXIS2_PLACEMENT_3D('',#1927,#1638,#1639);
#1526=AXIS2_PLACEMENT_3D('',#1934,#1643,#1644);
#1527=AXIS2_PLACEMENT_3D('',#1935,#1645,#1646);
#1528=AXIS2_PLACEMENT_3D('',#1937,#1647,#1648);
#1529=AXIS2_PLACEMENT_3D('',#1939,#1650,#1651);
#1530=AXIS2_PLACEMENT_3D('',#1943,#1653,#1654);
#1531=AXIS2_PLACEMENT_3D('',#1947,#1656,#1657);
#1532=AXIS2_PLACEMENT_3D('',#1951,#1659,#1660);
#1533=AXIS2_PLACEMENT_3D('',#1955,#1663,#1664);
#1534=AXIS2_PLACEMENT_3D('',#1956,#1665,#1666);
#1535=AXIS2_PLACEMENT_3D('',#1958,#1667,#1668);
#1536=AXIS2_PLACEMENT_3D('',#1960,#1669,#1670);
#1537=AXIS2_PLACEMENT_3D('',#1964,#1671,#1672);
#1538=AXIS2_PLACEMENT_3D('',#1974,#1676,#1677);
#1539=AXIS2_PLACEMENT_3D('',#1975,#1678,#1679);
#1540=AXIS2_PLACEMENT_3D('',#1976,#1680,#1681);
#1541=AXIS2_PLACEMENT_3D('',#1979,#1684,#1685);
#1542=AXIS2_PLACEMENT_3D('',#1986,#1689,#1690);
#1543=AXIS2_PLACEMENT_3D('',#1987,#1691,#1692);
#1544=AXIS2_PLACEMENT_3D('',#1990,#1695,#1696);
#1545=AXIS2_PLACEMENT_3D('',#1991,#1697,#1698);
#1546=AXIS2_PLACEMENT_3D('',#1992,#1699,#1700);
#1547=AXIS2_PLACEMENT_3D('',#1993,#1701,#1702);
#1548=AXIS2_PLACEMENT_3D('',#2071,#1704,#1705);
#1549=AXIS2_PLACEMENT_3D('',#2149,#1707,#1708);
#1550=AXIS2_PLACEMENT_3D('',#2251,#1710,#1711);
#1551=AXIS2_PLACEMENT_3D('',#2353,#1713,#1714);
#1552=AXIS2_PLACEMENT_3D('',#2455,#1716,#1717);
#1553=AXIS2_PLACEMENT_3D('',#2557,#1719,#1720);
#1554=AXIS2_PLACEMENT_3D('',#2659,#1722,#1723);
#1555=AXIS2_PLACEMENT_3D('',#2761,#1725,#1726);
#1556=AXIS2_PLACEMENT_3D('',#2869,#1728,#1729);
#1557=AXIS2_PLACEMENT_3D('',#2971,#1731,#1732);
#1558=AXIS2_PLACEMENT_3D('',#3073,#1734,#1735);
#1559=AXIS2_PLACEMENT_3D('',#3175,#1737,#1738);
#1560=AXIS2_PLACEMENT_3D('',#3277,#1740,#1741);
#1561=AXIS2_PLACEMENT_3D('',#3379,#1743,#1744);
#1562=AXIS2_PLACEMENT_3D('',#3481,#1746,#1747);
#1563=AXIS2_PLACEMENT_3D('',#3583,#1749,#1750);
#1564=AXIS2_PLACEMENT_3D('',#3691,#1752,#1753);
#1565=AXIS2_PLACEMENT_3D('',#3793,#1755,#1756);
#1566=AXIS2_PLACEMENT_3D('',#3895,#1758,#1759);
#1567=AXIS2_PLACEMENT_3D('',#3997,#1761,#1762);
#1568=AXIS2_PLACEMENT_3D('',#4099,#1764,#1765);
#1569=AXIS2_PLACEMENT_3D('',#4201,#1767,#1768);
#1570=AXIS2_PLACEMENT_3D('',#4206,#1770,#1771);
#1571=AXIS2_PLACEMENT_3D('',#4207,#1772,#1773);
#1572=AXIS2_PLACEMENT_3D('',#4208,#1774,#1775);
#1573=AXIS2_PLACEMENT_3D('',#4307,#1779,#1780);
#1574=AXIS2_PLACEMENT_3D('',#4309,#1781,#1782);
#1575=AXIS2_PLACEMENT_3D('',#4317,#1786,#1787);
#1576=AXIS2_PLACEMENT_3D('',#4325,#1791,#1792);
#1577=AXIS2_PLACEMENT_3D('',#4332,#1796,#1797);
#1578=AXIS2_PLACEMENT_3D('',#4334,#1798,#1799);
#1579=AXIS2_PLACEMENT_3D('',#4335,#1800,#1801);
#1580=AXIS2_PLACEMENT_3D('',#4337,#1802,#1803);
#1581=AXIS2_PLACEMENT_3D('',#4338,#1804,#1805);
#1582=AXIS2_PLACEMENT_3D('',#4339,#1806,#1807);
#1583=AXIS2_PLACEMENT_3D('',#4434,#1809,#1810);
#1584=AXIS2_PLACEMENT_3D('',#4436,#1811,#1812);
#1585=AXIS2_PLACEMENT_3D('',#4437,#1813,#1814);
#1586=AXIS2_PLACEMENT_3D('',#4438,#1815,#1816);
#1587=AXIS2_PLACEMENT_3D('',#4539,#1818,#1819);
#1588=AXIS2_PLACEMENT_3D('',#4541,#1820,#1821);
#1589=AXIS2_PLACEMENT_3D('',#4542,#1822,#1823);
#1590=AXIS2_PLACEMENT_3D('',#4543,#1824,#1825);
#1591=AXIS2_PLACEMENT_3D('',#4638,#1827,#1828);
#1592=AXIS2_PLACEMENT_3D('',#4640,#1829,#1830);
#1593=AXIS2_PLACEMENT_3D('',#4643,#1832,#1833);
#1594=AXIS2_PLACEMENT_3D('',#4644,#1834,#1835);
#1595=AXIS2_PLACEMENT_3D('',#4646,#1836,#1837);
#1596=AXIS2_PLACEMENT_3D('',#4649,#1839,#1840);
#1597=AXIS2_PLACEMENT_3D('',#4650,#1841,#1842);
#1598=AXIS2_PLACEMENT_3D('',#4651,#1843,#1844);
#1599=AXIS2_PLACEMENT_3D('',#4656,#1848,#1849);
#1600=AXIS2_PLACEMENT_3D('',#4657,#1850,#1851);
#1601=AXIS2_PLACEMENT_3D('',#4658,#1852,#1853);
#1602=AXIS2_PLACEMENT_3D('',#4660,#1855,#1856);
#1603=AXIS2_PLACEMENT_3D('',#4662,#1857,#1858);
#1604=AXIS2_PLACEMENT_3D('',#4665,#1860,#1861);
#1605=AXIS2_PLACEMENT_3D('',#4666,#1862,#1863);
#1606=AXIS2_PLACEMENT_3D('',#4667,#1864,#1865);
#1607=AXIS2_PLACEMENT_3D('',#4669,#1866,#1867);
#1608=AXIS2_PLACEMENT_3D('',#4671,#1868,#1869);
#1609=AXIS2_PLACEMENT_3D('',#4672,#1870,#1871);
#1610=AXIS2_PLACEMENT_3D('',#4674,#1872,#1873);
#1611=AXIS2_PLACEMENT_3D('',#4676,#1875,#1876);
#1612=AXIS2_PLACEMENT_3D('',#4677,#1877,#1878);
#1613=AXIS2_PLACEMENT_3D('',#4683,#1883,#1884);
#1614=AXIS2_PLACEMENT_3D('',#4684,#1885,#1886);
#1615=AXIS2_PLACEMENT_3D('',#4687,#1888,#1889);
#1616=AXIS2_PLACEMENT_3D('',#4688,#1890,#1891);
#1617=AXIS2_PLACEMENT_3D('',#4690,#1893,#1894);
#1618=AXIS2_PLACEMENT_3D('',#4691,#1895,#1896);
#1619=DIRECTION('axis',(0.,0.,1.));
#1620=DIRECTION('refdir',(1.,0.,0.));
#1621=DIRECTION('center_axis',(0.,-1.,0.));
#1622=DIRECTION('ref_axis',(0.,0.,-1.));
#1623=DIRECTION('',(-1.,0.,0.));
#1624=DIRECTION('',(0.,0.,-1.));
#1625=DIRECTION('',(1.,0.,0.));
#1626=DIRECTION('',(1.,0.,0.));
#1627=DIRECTION('',(0.,0.,1.));
#1628=DIRECTION('',(-1.,0.,0.));
#1629=DIRECTION('center_axis',(-1.,0.,0.));
#1630=DIRECTION('ref_axis',(0.,0.,1.));
#1631=DIRECTION('center_axis',(1.,0.,0.));
#1632=DIRECTION('ref_axis',(0.,0.,-1.));
#1633=DIRECTION('center_axis',(-1.,0.,0.));
#1634=DIRECTION('ref_axis',(0.,0.,1.));
#1635=DIRECTION('center_axis',(-1.,0.,0.));
#1636=DIRECTION('ref_axis',(0.,0.,-1.));
#1637=DIRECTION('',(0.,0.,-1.));
#1638=DIRECTION('center_axis',(-1.,0.,0.));
#1639=DIRECTION('ref_axis',(0.,0.,-1.));
#1640=DIRECTION('',(0.,0.,1.));
#1641=DIRECTION('',(0.,-1.,0.));
#1642=DIRECTION('',(0.,0.,-1.));
#1643=DIRECTION('center_axis',(-1.,0.,0.));
#1644=DIRECTION('ref_axis',(0.,0.,-1.));
#1645=DIRECTION('center_axis',(1.,0.,0.));
#1646=DIRECTION('ref_axis',(0.,-1.22464679914735E-16,1.));
#1647=DIRECTION('center_axis',(1.,0.,0.));
#1648=DIRECTION('ref_axis',(0.,0.,-1.));
#1649=DIRECTION('',(-1.,0.,0.));
#1650=DIRECTION('center_axis',(1.,0.,0.));
#1651=DIRECTION('ref_axis',(0.,0.,-1.));
#1652=DIRECTION('',(1.,0.,0.));
#1653=DIRECTION('center_axis',(1.,0.,0.));
#1654=DIRECTION('ref_axis',(0.,0.,-1.));
#1655=DIRECTION('',(-1.,0.,0.));
#1656=DIRECTION('center_axis',(-1.,0.,0.));
#1657=DIRECTION('ref_axis',(0.,0.,-1.));
#1658=DIRECTION('',(1.,0.,0.));
#1659=DIRECTION('center_axis',(1.,0.,0.));
#1660=DIRECTION('ref_axis',(0.,0.,-1.));
#1661=DIRECTION('',(-1.,0.,0.));
#1662=DIRECTION('',(1.,0.,0.));
#1663=DIRECTION('center_axis',(1.,0.,0.));
#1664=DIRECTION('ref_axis',(0.,0.,-1.));
#1665=DIRECTION('center_axis',(-1.,0.,0.));
#1666=DIRECTION('ref_axis',(0.,-1.22464679914735E-16,1.));
#1667=DIRECTION('center_axis',(1.,0.,0.));
#1668=DIRECTION('ref_axis',(0.,0.,-1.));
#1669=DIRECTION('center_axis',(1.,0.,0.));
#1670=DIRECTION('ref_axis',(0.,0.,-1.));
#1671=DIRECTION('center_axis',(0.,1.,0.));
#1672=DIRECTION('ref_axis',(0.,0.,1.));
#1673=DIRECTION('',(-1.,0.,0.));
#1674=DIRECTION('',(0.,0.,-1.));
#1675=DIRECTION('',(1.,0.,0.));
#1676=DIRECTION('center_axis',(-1.,0.,0.));
#1677=DIRECTION('ref_axis',(0.,0.,1.));
#1678=DIRECTION('center_axis',(1.,0.,0.));
#1679=DIRECTION('ref_axis',(0.,0.,-1.));
#1680=DIRECTION('center_axis',(0.,0.,1.));
#1681=DIRECTION('ref_axis',(1.,0.,0.));
#1682=DIRECTION('',(0.,-1.,0.));
#1683=DIRECTION('',(0.,1.,0.));
#1684=DIRECTION('center_axis',(-1.,0.,0.));
#1685=DIRECTION('ref_axis',(0.,0.,1.));
#1686=DIRECTION('',(0.,0.,-1.));
#1687=DIRECTION('',(0.,1.,0.));
#1688=DIRECTION('',(0.,0.,-1.));
#1689=DIRECTION('center_axis',(-1.,0.,0.));
#1690=DIRECTION('ref_axis',(0.,0.,-1.));
#1691=DIRECTION('center_axis',(0.,0.,1.));
#1692=DIRECTION('ref_axis',(1.,0.,0.));
#1693=DIRECTION('',(-1.,0.,0.));
#1694=DIRECTION('',(1.,0.,0.));
#1695=DIRECTION('center_axis',(0.,1.,0.));
#1696=DIRECTION('ref_axis',(0.,0.,1.));
#1697=DIRECTION('center_axis',(0.,-1.,0.));
#1698=DIRECTION('ref_axis',(0.,0.,-1.));
#1699=DIRECTION('center_axis',(-1.,0.,0.));
#1700=DIRECTION('ref_axis',(0.,0.,1.));
#1701=DIRECTION('center_axis',(0.,0.,1.));
#1702=DIRECTION('ref_axis',(1.,0.,0.));
#1703=DIRECTION('',(0.,0.,1.));
#1704=DIRECTION('center_axis',(0.,0.,1.));
#1705=DIRECTION('ref_axis',(1.,0.,0.));
#1706=DIRECTION('',(0.,0.,1.));
#1707=DIRECTION('center_axis',(0.,0.707106781186547,-0.707106781186548));
#1708=DIRECTION('ref_axis',(1.,0.,0.));
#1709=DIRECTION('',(0.,0.707106781186547,-0.707106781186548));
#1710=DIRECTION('center_axis',(0.,-0.707106781186548,-0.707106781186547));
#1711=DIRECTION('ref_axis',(1.,0.,0.));
#1712=DIRECTION('',(0.,-0.707106781186548,-0.707106781186547));
#1713=DIRECTION('center_axis',(0.,-0.707106781186547,0.707106781186548));
#1714=DIRECTION('ref_axis',(1.,0.,0.));
#1715=DIRECTION('',(0.,-0.707106781186547,0.707106781186548));
#1716=DIRECTION('center_axis',(0.,0.707106781186548,0.707106781186548));
#1717=DIRECTION('ref_axis',(1.,0.,0.));
#1718=DIRECTION('',(0.,0.707106781186548,0.707106781186548));
#1719=DIRECTION('center_axis',(0.,-1.83697019872103E-16,-1.));
#1720=DIRECTION('ref_axis',(1.,0.,0.));
#1721=DIRECTION('',(0.,-1.83697019872103E-16,-1.));
#1722=DIRECTION('center_axis',(0.,-1.,1.22464679914735E-16));
#1723=DIRECTION('ref_axis',(1.,0.,0.));
#1724=DIRECTION('',(0.,-1.,1.22464679914735E-16));
#1725=DIRECTION('center_axis',(0.,6.12323399573677E-17,1.));
#1726=DIRECTION('ref_axis',(1.,0.,0.));
#1727=DIRECTION('',(0.,6.12323399573677E-17,1.));
#1728=DIRECTION('center_axis',(0.,1.,0.));
#1729=DIRECTION('ref_axis',(1.,0.,0.));
#1730=DIRECTION('',(0.,1.,0.));
#1731=DIRECTION('center_axis',(0.,0.707106781186547,-0.707106781186548));
#1732=DIRECTION('ref_axis',(1.,0.,0.));
#1733=DIRECTION('',(0.,0.707106781186547,-0.707106781186548));
#1734=DIRECTION('center_axis',(0.,-0.707106781186548,-0.707106781186547));
#1735=DIRECTION('ref_axis',(1.,0.,0.));
#1736=DIRECTION('',(0.,-0.707106781186548,-0.707106781186547));
#1737=DIRECTION('center_axis',(0.,-0.707106781186547,0.707106781186548));
#1738=DIRECTION('ref_axis',(1.,0.,0.));
#1739=DIRECTION('',(0.,-0.707106781186547,0.707106781186548));
#1740=DIRECTION('center_axis',(0.,0.707106781186548,0.707106781186548));
#1741=DIRECTION('ref_axis',(1.,0.,0.));
#1742=DIRECTION('',(0.,0.707106781186548,0.707106781186548));
#1743=DIRECTION('center_axis',(0.,-1.83697019872103E-16,-1.));
#1744=DIRECTION('ref_axis',(1.,0.,0.));
#1745=DIRECTION('',(0.,-1.83697019872103E-16,-1.));
#1746=DIRECTION('center_axis',(0.,-1.,1.22464679914735E-16));
#1747=DIRECTION('ref_axis',(1.,0.,0.));
#1748=DIRECTION('',(0.,-1.,1.22464679914735E-16));
#1749=DIRECTION('center_axis',(0.,6.12323399573677E-17,1.));
#1750=DIRECTION('ref_axis',(1.,0.,0.));
#1751=DIRECTION('',(0.,6.12323399573677E-17,1.));
#1752=DIRECTION('center_axis',(0.,1.,0.));
#1753=DIRECTION('ref_axis',(1.,0.,0.));
#1754=DIRECTION('',(0.,1.,0.));
#1755=DIRECTION('center_axis',(0.,0.707106781186547,-0.707106781186548));
#1756=DIRECTION('ref_axis',(1.,0.,0.));
#1757=DIRECTION('',(0.,0.707106781186547,-0.707106781186548));
#1758=DIRECTION('center_axis',(0.,-0.707106781186548,-0.707106781186547));
#1759=DIRECTION('ref_axis',(1.,0.,0.));
#1760=DIRECTION('',(0.,-0.707106781186548,-0.707106781186547));
#1761=DIRECTION('center_axis',(0.,-0.707106781186547,0.707106781186548));
#1762=DIRECTION('ref_axis',(1.,0.,0.));
#1763=DIRECTION('',(0.,-0.707106781186547,0.707106781186548));
#1764=DIRECTION('center_axis',(0.,0.707106781186548,0.707106781186548));
#1765=DIRECTION('ref_axis',(1.,0.,0.));
#1766=DIRECTION('',(0.,0.707106781186548,0.707106781186548));
#1767=DIRECTION('center_axis',(0.,1.83697019872103E-16,1.));
#1768=DIRECTION('ref_axis',(-1.,0.,0.));
#1769=DIRECTION('',(0.,1.,-1.83697019872103E-16));
#1770=DIRECTION('center_axis',(0.,1.83697019872103E-16,1.));
#1771=DIRECTION('ref_axis',(1.,0.,0.));
#1772=DIRECTION('center_axis',(0.,1.83697019872103E-16,1.));
#1773=DIRECTION('ref_axis',(1.,0.,0.));
#1774=DIRECTION('center_axis',(0.,-1.83697019872103E-16,-1.));
#1775=DIRECTION('ref_axis',(1.,0.,0.));
#1776=DIRECTION('',(0.,1.83697019872103E-16,1.));
#1777=DIRECTION('',(0.,-1.83697019872103E-16,-1.));
#1778=DIRECTION('',(0.,-1.83697019872103E-16,-1.));
#1779=DIRECTION('center_axis',(-1.,0.,0.));
#1780=DIRECTION('ref_axis',(0.,0.,1.));
#1781=DIRECTION('center_axis',(-1.,0.,0.));
#1782=DIRECTION('ref_axis',(0.,0.,-1.));
#1783=DIRECTION('',(0.,-1.,0.));
#1784=DIRECTION('',(0.,0.,1.));
#1785=DIRECTION('',(0.,1.,0.));
#1786=DIRECTION('center_axis',(-1.,0.,0.));
#1787=DIRECTION('ref_axis',(0.,0.,-1.));
#1788=DIRECTION('',(0.,-6.12323399573677E-17,-1.));
#1789=DIRECTION('',(0.,-1.,6.12323399573677E-17));
#1790=DIRECTION('',(0.,6.12323399573677E-17,1.));
#1791=DIRECTION('center_axis',(-1.,0.,0.));
#1792=DIRECTION('ref_axis',(0.,0.,-1.));
#1793=DIRECTION('',(0.,1.,-1.22464679914735E-16));
#1794=DIRECTION('',(0.,-1.22464679914735E-16,-1.));
#1795=DIRECTION('',(0.,-1.,1.22464679914735E-16));
#1796=DIRECTION('center_axis',(-1.,0.,0.));
#1797=DIRECTION('ref_axis',(0.,0.,-1.));
#1798=DIRECTION('center_axis',(1.,0.,0.));
#1799=DIRECTION('ref_axis',(0.,0.,-1.));
#1800=DIRECTION('center_axis',(0.,1.,-1.22464679914735E-16));
#1801=DIRECTION('ref_axis',(-1.,0.,0.));
#1802=DIRECTION('center_axis',(0.,1.,-1.22464679914735E-16));
#1803=DIRECTION('ref_axis',(1.,0.,0.));
#1804=DIRECTION('center_axis',(0.,1.,-1.22464679914735E-16));
#1805=DIRECTION('ref_axis',(1.,0.,0.));
#1806=DIRECTION('center_axis',(0.,-1.,1.22464679914735E-16));
#1807=DIRECTION('ref_axis',(1.,0.,0.));
#1808=DIRECTION('',(0.,-1.,1.22464679914735E-16));
#1809=DIRECTION('center_axis',(0.,-6.12323399573677E-17,-1.));
#1810=DIRECTION('ref_axis',(-1.,0.,0.));
#1811=DIRECTION('center_axis',(0.,-6.12323399573677E-17,-1.));
#1812=DIRECTION('ref_axis',(1.,0.,0.));
#1813=DIRECTION('center_axis',(0.,-6.12323399573677E-17,-1.));
#1814=DIRECTION('ref_axis',(1.,0.,0.));
#1815=DIRECTION('center_axis',(0.,6.12323399573677E-17,1.));
#1816=DIRECTION('ref_axis',(1.,0.,0.));
#1817=DIRECTION('',(0.,6.12323399573677E-17,1.));
#1818=DIRECTION('center_axis',(0.,-1.,0.));
#1819=DIRECTION('ref_axis',(-1.,0.,0.));
#1820=DIRECTION('center_axis',(0.,-1.,0.));
#1821=DIRECTION('ref_axis',(1.,0.,0.));
#1822=DIRECTION('center_axis',(0.,-1.,0.));
#1823=DIRECTION('ref_axis',(1.,0.,0.));
#1824=DIRECTION('center_axis',(0.,1.,0.));
#1825=DIRECTION('ref_axis',(1.,0.,0.));
#1826=DIRECTION('',(0.,1.,0.));
#1827=DIRECTION('center_axis',(1.,0.,0.));
#1828=DIRECTION('ref_axis',(0.,0.,-1.));
#1829=DIRECTION('center_axis',(1.,0.,0.));
#1830=DIRECTION('ref_axis',(0.,0.,-1.));
#1831=DIRECTION('',(1.,0.,0.));
#1832=DIRECTION('center_axis',(-1.,0.,0.));
#1833=DIRECTION('ref_axis',(0.,0.,-1.));
#1834=DIRECTION('center_axis',(1.,0.,0.));
#1835=DIRECTION('ref_axis',(0.,0.,-1.));
#1836=DIRECTION('center_axis',(-1.,0.,0.));
#1837=DIRECTION('ref_axis',(0.,0.,-1.));
#1838=DIRECTION('',(1.,0.,0.));
#1839=DIRECTION('center_axis',(-1.,0.,0.));
#1840=DIRECTION('ref_axis',(0.,0.,-1.));
#1841=DIRECTION('center_axis',(-1.,0.,0.));
#1842=DIRECTION('ref_axis',(0.,0.,1.));
#1843=DIRECTION('center_axis',(1.,0.,0.));
#1844=DIRECTION('ref_axis',(0.,0.,-1.));
#1845=DIRECTION('',(1.,0.,0.));
#1846=DIRECTION('',(1.,0.,0.));
#1847=DIRECTION('',(1.,0.,0.));
#1848=DIRECTION('center_axis',(1.,0.,0.));
#1849=DIRECTION('ref_axis',(0.,0.,-1.));
#1850=DIRECTION('center_axis',(1.,0.,0.));
#1851=DIRECTION('ref_axis',(0.,0.,-1.));
#1852=DIRECTION('center_axis',(1.,0.,0.));
#1853=DIRECTION('ref_axis',(0.,0.,-1.));
#1854=DIRECTION('',(1.,0.,0.));
#1855=DIRECTION('center_axis',(1.,0.,0.));
#1856=DIRECTION('ref_axis',(0.,0.,-1.));
#1857=DIRECTION('center_axis',(1.,0.,0.));
#1858=DIRECTION('ref_axis',(0.,0.,-1.));
#1859=DIRECTION('',(-1.,0.,0.));
#1860=DIRECTION('center_axis',(-1.,0.,0.));
#1861=DIRECTION('ref_axis',(0.,0.,-1.));
#1862=DIRECTION('center_axis',(1.,0.,0.));
#1863=DIRECTION('ref_axis',(0.,0.,-1.));
#1864=DIRECTION('center_axis',(-1.,0.,0.));
#1865=DIRECTION('ref_axis',(0.,0.,1.));
#1866=DIRECTION('center_axis',(-1.,0.,0.));
#1867=DIRECTION('ref_axis',(0.,0.,-1.));
#1868=DIRECTION('center_axis',(1.,0.,0.));
#1869=DIRECTION('ref_axis',(0.,0.,-1.));
#1870=DIRECTION('center_axis',(1.,0.,0.));
#1871=DIRECTION('ref_axis',(0.,0.,-1.));
#1872=DIRECTION('center_axis',(1.,0.,0.));
#1873=DIRECTION('ref_axis',(0.,0.,-1.));
#1874=DIRECTION('',(-1.,0.,0.));
#1875=DIRECTION('center_axis',(1.,0.,0.));
#1876=DIRECTION('ref_axis',(0.,0.,-1.));
#1877=DIRECTION('center_axis',(1.,0.,0.));
#1878=DIRECTION('ref_axis',(0.,0.,-1.));
#1879=DIRECTION('',(-1.,0.,0.));
#1880=DIRECTION('',(-1.,0.,0.));
#1881=DIRECTION('',(-1.,0.,0.));
#1882=DIRECTION('',(-1.,0.,0.));
#1883=DIRECTION('center_axis',(1.,0.,0.));
#1884=DIRECTION('ref_axis',(0.,0.,-1.));
#1885=DIRECTION('center_axis',(-1.,0.,0.));
#1886=DIRECTION('ref_axis',(0.,0.,-1.));
#1887=DIRECTION('',(-0.976900017396262,-2.61703198616852E-17,0.213696878805432));
#1888=DIRECTION('center_axis',(1.,0.,0.));
#1889=DIRECTION('ref_axis',(0.,0.,-1.));
#1890=DIRECTION('center_axis',(1.,0.,0.));
#1891=DIRECTION('ref_axis',(0.,0.,-1.));
#1892=DIRECTION('',(-1.,0.,0.));
#1893=DIRECTION('center_axis',(1.,0.,0.));
#1894=DIRECTION('ref_axis',(0.,0.,-1.));
#1895=DIRECTION('center_axis',(-1.,0.,0.));
#1896=DIRECTION('ref_axis',(0.,0.,-1.));
#1897=CARTESIAN_POINT('',(0.,0.,0.));
#1898=CARTESIAN_POINT('Origin',(3.515,-2.98,0.));
#1899=CARTESIAN_POINT('',(4.6,-2.98,-2.86667490308894));
#1900=CARTESIAN_POINT('',(4.1,-2.98,-2.86667490308894));
#1901=CARTESIAN_POINT('',(6.15,-2.98,-2.86667490308894));
#1902=CARTESIAN_POINT('',(4.6,-2.98,2.86667490308894));
#1903=CARTESIAN_POINT('',(4.6,-2.98,0.));
#1904=CARTESIAN_POINT('',(4.1,-2.98,2.86667490308894));
#1905=CARTESIAN_POINT('',(6.15,-2.98,2.86667490308894));
#1906=CARTESIAN_POINT('',(3.8,-2.98,4.11412202055311));
#1907=CARTESIAN_POINT('Ctrl Pts',(3.8,-2.98,4.11412202055311));
#1908=CARTESIAN_POINT('Ctrl Pts',(3.97680454247077,-2.98,3.42643549242313));
#1909=CARTESIAN_POINT('Ctrl Pts',(4.1,-2.98,2.86667490308894));
#1910=CARTESIAN_POINT('',(2.48,-2.98,4.11412202055311));
#1911=CARTESIAN_POINT('',(3.14,-2.98,4.11412202055311));
#1912=CARTESIAN_POINT('',(2.48,-2.98,-4.11412202055311));
#1913=CARTESIAN_POINT('',(2.48,-2.98,0.));
#1914=CARTESIAN_POINT('',(3.8,-2.98,-4.11412202055311));
#1915=CARTESIAN_POINT('',(3.14,-2.98,-4.11412202055311));
#1916=CARTESIAN_POINT('Ctrl Pts',(4.1,-2.98,-2.86667490308894));
#1917=CARTESIAN_POINT('Ctrl Pts',(3.97680454247077,-2.98,-3.42643549242313));
#1918=CARTESIAN_POINT('Ctrl Pts',(3.8,-2.98,-4.11412202055311));
#1919=CARTESIAN_POINT('Origin',(4.6,-4.99,0.));
#1920=CARTESIAN_POINT('Origin',(4.6,0.,0.));
#1921=CARTESIAN_POINT('Origin',(2.48,0.,0.));
#1922=CARTESIAN_POINT('',(2.48,2.98,4.11412202055311));
#1923=CARTESIAN_POINT('Origin',(2.48,0.,0.));
#1924=CARTESIAN_POINT('',(2.48,2.98,-4.11412202055311));
#1925=CARTESIAN_POINT('',(2.48,2.98,0.));
#1926=CARTESIAN_POINT('',(2.48,2.58,-4.37607129740821));
#1927=CARTESIAN_POINT('Origin',(2.48,0.,0.));
#1928=CARTESIAN_POINT('',(2.48,2.58,3.05));
#1929=CARTESIAN_POINT('',(2.48,2.58,-0.4));
#1930=CARTESIAN_POINT('',(2.48,-2.58,3.05));
#1931=CARTESIAN_POINT('',(2.48,0.,3.05));
#1932=CARTESIAN_POINT('',(2.48,-2.58,-4.37607129740821));
#1933=CARTESIAN_POINT('',(2.48,-2.58,-0.4));
#1934=CARTESIAN_POINT('Origin',(2.48,0.,0.));
#1935=CARTESIAN_POINT('Origin',(3.14,0.,0.));
#1936=CARTESIAN_POINT('',(3.8,2.98,4.11412202055311));
#1937=CARTESIAN_POINT('Origin',(3.8,0.,0.));
#1938=CARTESIAN_POINT('',(3.14,2.98,4.11412202055311));
#1939=CARTESIAN_POINT('Origin',(3.14,0.,0.));
#1940=CARTESIAN_POINT('',(2.675,-2.58,-4.37607129740821));
#1941=CARTESIAN_POINT('',(3.14,-2.58,-4.37607129740821));
#1942=CARTESIAN_POINT('',(2.675,-2.04545838383478,-4.65));
#1943=CARTESIAN_POINT('Origin',(2.675,0.,0.));
#1944=CARTESIAN_POINT('',(2.48,-2.04545838383478,-4.65));
#1945=CARTESIAN_POINT('',(3.14,-2.04545838383478,-4.65));
#1946=CARTESIAN_POINT('',(2.48,2.04545838383478,-4.65));
#1947=CARTESIAN_POINT('Origin',(2.48,0.,0.));
#1948=CARTESIAN_POINT('',(2.675,2.04545838383478,-4.65));
#1949=CARTESIAN_POINT('',(3.14,2.04545838383478,-4.65));
#1950=CARTESIAN_POINT('',(2.675,2.58,-4.37607129740821));
#1951=CARTESIAN_POINT('Origin',(2.675,0.,0.));
#1952=CARTESIAN_POINT('',(3.14,2.58,-4.37607129740821));
#1953=CARTESIAN_POINT('',(3.8,2.98,-4.11412202055311));
#1954=CARTESIAN_POINT('',(3.14,2.98,-4.11412202055311));
#1955=CARTESIAN_POINT('Origin',(3.8,0.,0.));
#1956=CARTESIAN_POINT('Origin',(3.95,0.,0.));
#1957=CARTESIAN_POINT('',(4.1,-5.06391451447431E-16,4.135));
#1958=CARTESIAN_POINT('Origin',(4.1,0.,0.));
#1959=CARTESIAN_POINT('',(4.1,2.98,2.86667490308894));
#1960=CARTESIAN_POINT('Origin',(4.1,0.,0.));
#1961=CARTESIAN_POINT('Ctrl Pts',(4.1,2.98,2.86667490308894));
#1962=CARTESIAN_POINT('Ctrl Pts',(3.97680454247077,2.98,3.42643549242313));
#1963=CARTESIAN_POINT('Ctrl Pts',(3.8,2.98,4.11412202055311));
#1964=CARTESIAN_POINT('Origin',(3.515,2.98,0.));
#1965=CARTESIAN_POINT('',(4.6,2.98,2.86667490308894));
#1966=CARTESIAN_POINT('',(6.15,2.98,2.86667490308894));
#1967=CARTESIAN_POINT('',(4.6,2.98,-2.86667490308894));
#1968=CARTESIAN_POINT('',(4.6,2.98,0.));
#1969=CARTESIAN_POINT('',(4.1,2.98,-2.86667490308894));
#1970=CARTESIAN_POINT('',(6.15,2.98,-2.86667490308894));
#1971=CARTESIAN_POINT('Ctrl Pts',(3.8,2.98,-4.11412202055311));
#1972=CARTESIAN_POINT('Ctrl Pts',(3.97680454247077,2.98,-3.42643549242313));
#1973=CARTESIAN_POINT('Ctrl Pts',(4.1,2.98,-2.86667490308894));
#1974=CARTESIAN_POINT('Origin',(4.6,4.99,0.));
#1975=CARTESIAN_POINT('Origin',(4.6,0.,0.));
#1976=CARTESIAN_POINT('Origin',(2.5525,0.,-4.65));
#1977=CARTESIAN_POINT('',(2.675,0.,-4.65));
#1978=CARTESIAN_POINT('',(2.48,0.,-4.65));
#1979=CARTESIAN_POINT('Origin',(2.675,0.,-0.8));
#1980=CARTESIAN_POINT('',(2.675,-2.58,3.05));
#1981=CARTESIAN_POINT('',(2.675,-2.58,-0.8));
#1982=CARTESIAN_POINT('',(2.675,2.58,3.05));
#1983=CARTESIAN_POINT('',(2.675,0.,3.05));
#1984=CARTESIAN_POINT('',(2.675,2.58,-0.8));
#1985=CARTESIAN_POINT('',(2.675,2.3819380243416E-16,1.945));
#1986=CARTESIAN_POINT('Origin',(2.675,0.,0.));
#1987=CARTESIAN_POINT('Origin',(2.5525,0.,3.05));
#1988=CARTESIAN_POINT('',(2.5525,2.58,3.05));
#1989=CARTESIAN_POINT('',(2.5525,-2.58,3.05));
#1990=CARTESIAN_POINT('Origin',(2.5525,-2.58,-0.8));
#1991=CARTESIAN_POINT('Origin',(2.5525,2.58,-0.8));
#1992=CARTESIAN_POINT('Origin',(2.48,0.,0.));
#1993=CARTESIAN_POINT('Origin',(7.5,0.,-4.45));
#1994=CARTESIAN_POINT('',(7.5,-0.35,-4.12016079783302));
#1995=CARTESIAN_POINT('',(7.15,-4.28626379701574E-17,-4.135));
#1996=CARTESIAN_POINT('Ctrl Pts',(7.5,-0.35,-4.12016079783302));
#1997=CARTESIAN_POINT('Ctrl Pts',(7.54396939720634,-0.35,-4.12016079783302));
#1998=CARTESIAN_POINT('Ctrl Pts',(7.59085514470195,-0.341208396090321,-4.12093713474514));
#1999=CARTESIAN_POINT('Ctrl Pts',(7.67708165951242,-0.305483082860338,-4.12373933744299));
#2000=CARTESIAN_POINT('Ctrl Pts',(7.71642422090485,-0.278550525925734,-4.12572454157488));
#2001=CARTESIAN_POINT('Ctrl Pts',(7.77855047179819,-0.216424275032389,-4.12944959022975));
#2002=CARTESIAN_POINT('Ctrl Pts',(7.80548307074679,-0.177081689746907,-4.13143168704104));
#2003=CARTESIAN_POINT('Ctrl Pts',(7.84120841599514,-0.0908550956624706,
-4.13422677910819));
#2004=CARTESIAN_POINT('Ctrl Pts',(7.85,-0.0439693205896724,-4.135));
#2005=CARTESIAN_POINT('Ctrl Pts',(7.85,0.0439693205896724,-4.135));
#2006=CARTESIAN_POINT('Ctrl Pts',(7.84120841599514,0.0908550956624706,-4.13422677910819));
#2007=CARTESIAN_POINT('Ctrl Pts',(7.80548307074679,0.177081689746907,-4.13143168704104));
#2008=CARTESIAN_POINT('Ctrl Pts',(7.77855047179819,0.216424275032389,-4.12944959022975));
#2009=CARTESIAN_POINT('Ctrl Pts',(7.71642422090485,0.278550525925734,-4.12572454157488));
#2010=CARTESIAN_POINT('Ctrl Pts',(7.67708165951242,0.305483082860338,-4.12373933744299));
#2011=CARTESIAN_POINT('Ctrl Pts',(7.59085514470195,0.341208396090321,-4.12093713474514));
#2012=CARTESIAN_POINT('Ctrl Pts',(7.54396939720634,0.35,-4.12016079783302));
#2013=CARTESIAN_POINT('Ctrl Pts',(7.45603060279366,0.35,-4.12016079783302));
#2014=CARTESIAN_POINT('Ctrl Pts',(7.40914485529805,0.341208396090321,-4.12093713474514));
#2015=CARTESIAN_POINT('Ctrl Pts',(7.32291834048758,0.305483082860339,-4.12373933744299));
#2016=CARTESIAN_POINT('Ctrl Pts',(7.28357577909515,0.278550525925734,-4.12572454157488));
#2017=CARTESIAN_POINT('Ctrl Pts',(7.22144952820181,0.216424275032389,-4.12944959022975));
#2018=CARTESIAN_POINT('Ctrl Pts',(7.19451692925321,0.177081689746908,-4.13143168704104));
#2019=CARTESIAN_POINT('Ctrl Pts',(7.15879158400486,0.0908550956624709,-4.13422677910819));
#2020=CARTESIAN_POINT('Ctrl Pts',(7.15,0.0439693205896724,-4.135));
#2021=CARTESIAN_POINT('Ctrl Pts',(7.15,6.93889390390723E-17,-4.135));
#2022=CARTESIAN_POINT('Ctrl Pts',(7.15,4.16333634234434E-17,-4.135));
#2023=CARTESIAN_POINT('Ctrl Pts',(7.15,-0.0439693205896723,-4.135));
#2024=CARTESIAN_POINT('Ctrl Pts',(7.15879158400486,-0.0908550956624706,
-4.13422677910819));
#2025=CARTESIAN_POINT('Ctrl Pts',(7.19451692925321,-0.177081689746907,-4.13143168704104));
#2026=CARTESIAN_POINT('Ctrl Pts',(7.2214495282018,-0.216424275032389,-4.12944959022975));
#2027=CARTESIAN_POINT('Ctrl Pts',(7.28357577909515,-0.278550525925734,-4.12572454157488));
#2028=CARTESIAN_POINT('Ctrl Pts',(7.32291834048758,-0.305483082860338,-4.12373933744299));
#2029=CARTESIAN_POINT('Ctrl Pts',(7.40914485529805,-0.341208396090321,-4.12093713474514));
#2030=CARTESIAN_POINT('Ctrl Pts',(7.45603060279366,-0.35,-4.12016079783302));
#2031=CARTESIAN_POINT('Ctrl Pts',(7.5,-0.35,-4.12016079783302));
#2032=CARTESIAN_POINT('',(7.15,-6.30646824085221E-17,-1.945));
#2033=CARTESIAN_POINT('',(7.15,-4.28626379701574E-17,-4.45));
#2034=CARTESIAN_POINT('',(7.5,-0.35,-1.91324985299882));
#2035=CARTESIAN_POINT('Ctrl Pts',(7.5,-0.35,-1.91324985299882));
#2036=CARTESIAN_POINT('Ctrl Pts',(7.45594910711778,-0.35,-1.91324985299882));
#2037=CARTESIAN_POINT('Ctrl Pts',(7.40902926558881,-0.341176729440395,-1.91492872015021));
#2038=CARTESIAN_POINT('Ctrl Pts',(7.3228259142372,-0.305428525265954,-1.92095470411938));
#2039=CARTESIAN_POINT('Ctrl Pts',(7.28353394213261,-0.278508688963191,-1.92521065582897));
#2040=CARTESIAN_POINT('Ctrl Pts',(7.22149244192943,-0.216467188760008,-1.93316968836644));
#2041=CARTESIAN_POINT('Ctrl Pts',(7.19457171893371,-0.177174733165468,-1.93739536752289));
#2042=CARTESIAN_POINT('Ctrl Pts',(7.15882287140586,-0.0909697133514653,
-1.94335179710947));
#2043=CARTESIAN_POINT('Ctrl Pts',(7.15,-0.044049286991923,-1.945));
#2044=CARTESIAN_POINT('Ctrl Pts',(7.15,2.77555756156289E-17,-1.945));
#2045=CARTESIAN_POINT('Ctrl Pts',(7.15,-5.55111512312578E-17,-1.945));
#2046=CARTESIAN_POINT('Ctrl Pts',(7.15,0.0440492869919229,-1.945));
#2047=CARTESIAN_POINT('Ctrl Pts',(7.15882287140586,0.0909697133514647,-1.94335179710947));
#2048=CARTESIAN_POINT('Ctrl Pts',(7.19457171893371,0.177174733165467,-1.93739536752289));
#2049=CARTESIAN_POINT('Ctrl Pts',(7.22149244192942,0.216467188760008,-1.93316968836644));
#2050=CARTESIAN_POINT('Ctrl Pts',(7.28353394213261,0.278508688963192,-1.92521065582897));
#2051=CARTESIAN_POINT('Ctrl Pts',(7.3228259142372,0.305428525265953,-1.92095470411938));
#2052=CARTESIAN_POINT('Ctrl Pts',(7.40902926558881,0.341176729440395,-1.91492872015021));
#2053=CARTESIAN_POINT('Ctrl Pts',(7.45594910711778,0.35,-1.91324985299882));
#2054=CARTESIAN_POINT('Ctrl Pts',(7.54405089288222,0.35,-1.91324985299882));
#2055=CARTESIAN_POINT('Ctrl Pts',(7.59097073441119,0.341176729440395,-1.91492872015021));
#2056=CARTESIAN_POINT('Ctrl Pts',(7.6771740857628,0.305428525265954,-1.92095470411938));
#2057=CARTESIAN_POINT('Ctrl Pts',(7.71646605786739,0.278508688963192,-1.92521065582897));
#2058=CARTESIAN_POINT('Ctrl Pts',(7.77850755807057,0.216467188760009,-1.93316968836644));
#2059=CARTESIAN_POINT('Ctrl Pts',(7.80542828106629,0.177174733165468,-1.93739536752289));
#2060=CARTESIAN_POINT('Ctrl Pts',(7.84117712859414,0.0909697133514654,-1.94335179710947));
#2061=CARTESIAN_POINT('Ctrl Pts',(7.85,0.0440492869919231,-1.945));
#2062=CARTESIAN_POINT('Ctrl Pts',(7.85,-0.0440492869919229,-1.945));
#2063=CARTESIAN_POINT('Ctrl Pts',(7.84117712859414,-0.0909697133514646,
-1.94335179710947));
#2064=CARTESIAN_POINT('Ctrl Pts',(7.80542828106629,-0.177174733165467,-1.93739536752289));
#2065=CARTESIAN_POINT('Ctrl Pts',(7.77850755807058,-0.216467188760008,-1.93316968836644));
#2066=CARTESIAN_POINT('Ctrl Pts',(7.71646605786739,-0.278508688963192,-1.92521065582897));
#2067=CARTESIAN_POINT('Ctrl Pts',(7.6771740857628,-0.305428525265953,-1.92095470411938));
#2068=CARTESIAN_POINT('Ctrl Pts',(7.59097073441119,-0.341176729440395,-1.91492872015021));
#2069=CARTESIAN_POINT('Ctrl Pts',(7.54405089288222,-0.35,-1.91324985299882));
#2070=CARTESIAN_POINT('Ctrl Pts',(7.5,-0.35,-1.91324985299882));
#2071=CARTESIAN_POINT('Origin',(5.5,0.,-4.45));
#2072=CARTESIAN_POINT('',(5.5,-0.35,-4.12016079783302));
#2073=CARTESIAN_POINT('',(5.15,-4.28626379701574E-17,-4.135));
#2074=CARTESIAN_POINT('Ctrl Pts',(5.5,-0.35,-4.12016079783302));
#2075=CARTESIAN_POINT('Ctrl Pts',(5.54396939720634,-0.35,-4.12016079783302));
#2076=CARTESIAN_POINT('Ctrl Pts',(5.59085514470195,-0.341208396090321,-4.12093713474514));
#2077=CARTESIAN_POINT('Ctrl Pts',(5.67708165951242,-0.305483082860338,-4.12373933744299));
#2078=CARTESIAN_POINT('Ctrl Pts',(5.71642422090485,-0.278550525925734,-4.12572454157488));
#2079=CARTESIAN_POINT('Ctrl Pts',(5.77855047179819,-0.216424275032389,-4.12944959022975));
#2080=CARTESIAN_POINT('Ctrl Pts',(5.80548307074679,-0.177081689746907,-4.13143168704104));
#2081=CARTESIAN_POINT('Ctrl Pts',(5.84120841599514,-0.0908550956624706,
-4.13422677910819));
#2082=CARTESIAN_POINT('Ctrl Pts',(5.85,-0.0439693205896724,-4.135));
#2083=CARTESIAN_POINT('Ctrl Pts',(5.85,0.0439693205896724,-4.135));
#2084=CARTESIAN_POINT('Ctrl Pts',(5.84120841599514,0.0908550956624706,-4.13422677910819));
#2085=CARTESIAN_POINT('Ctrl Pts',(5.80548307074679,0.177081689746907,-4.13143168704104));
#2086=CARTESIAN_POINT('Ctrl Pts',(5.77855047179819,0.216424275032389,-4.12944959022975));
#2087=CARTESIAN_POINT('Ctrl Pts',(5.71642422090485,0.278550525925734,-4.12572454157488));
#2088=CARTESIAN_POINT('Ctrl Pts',(5.67708165951242,0.305483082860338,-4.12373933744299));
#2089=CARTESIAN_POINT('Ctrl Pts',(5.59085514470195,0.341208396090321,-4.12093713474514));
#2090=CARTESIAN_POINT('Ctrl Pts',(5.54396939720634,0.35,-4.12016079783302));
#2091=CARTESIAN_POINT('Ctrl Pts',(5.45603060279366,0.35,-4.12016079783302));
#2092=CARTESIAN_POINT('Ctrl Pts',(5.40914485529805,0.341208396090321,-4.12093713474514));
#2093=CARTESIAN_POINT('Ctrl Pts',(5.32291834048758,0.305483082860339,-4.12373933744299));
#2094=CARTESIAN_POINT('Ctrl Pts',(5.28357577909515,0.278550525925734,-4.12572454157488));
#2095=CARTESIAN_POINT('Ctrl Pts',(5.22144952820181,0.216424275032389,-4.12944959022975));
#2096=CARTESIAN_POINT('Ctrl Pts',(5.19451692925321,0.177081689746908,-4.13143168704104));
#2097=CARTESIAN_POINT('Ctrl Pts',(5.15879158400486,0.0908550956624709,-4.13422677910819));
#2098=CARTESIAN_POINT('Ctrl Pts',(5.15,0.0439693205896724,-4.135));
#2099=CARTESIAN_POINT('Ctrl Pts',(5.15,6.93889390390723E-17,-4.135));
#2100=CARTESIAN_POINT('Ctrl Pts',(5.15,1.38777878078145E-17,-4.135));
#2101=CARTESIAN_POINT('Ctrl Pts',(5.15,-0.0439693205896723,-4.135));
#2102=CARTESIAN_POINT('Ctrl Pts',(5.15879158400486,-0.0908550956624706,
-4.13422677910819));
#2103=CARTESIAN_POINT('Ctrl Pts',(5.19451692925321,-0.177081689746907,-4.13143168704104));
#2104=CARTESIAN_POINT('Ctrl Pts',(5.2214495282018,-0.216424275032389,-4.12944959022975));
#2105=CARTESIAN_POINT('Ctrl Pts',(5.28357577909515,-0.278550525925734,-4.12572454157488));
#2106=CARTESIAN_POINT('Ctrl Pts',(5.32291834048758,-0.305483082860338,-4.12373933744299));
#2107=CARTESIAN_POINT('Ctrl Pts',(5.40914485529805,-0.341208396090321,-4.12093713474514));
#2108=CARTESIAN_POINT('Ctrl Pts',(5.45603060279366,-0.35,-4.12016079783302));
#2109=CARTESIAN_POINT('Ctrl Pts',(5.5,-0.35,-4.12016079783302));
#2110=CARTESIAN_POINT('',(5.15,-6.14637273356998E-19,-1.945));
#2111=CARTESIAN_POINT('',(5.15,-4.28626379701574E-17,-4.45));
#2112=CARTESIAN_POINT('',(5.5,-0.35,-1.91324985299882));
#2113=CARTESIAN_POINT('Ctrl Pts',(5.5,-0.35,-1.91324985299882));
#2114=CARTESIAN_POINT('Ctrl Pts',(5.45594910711778,-0.35,-1.91324985299882));
#2115=CARTESIAN_POINT('Ctrl Pts',(5.40902926558881,-0.341176729440395,-1.91492872015021));
#2116=CARTESIAN_POINT('Ctrl Pts',(5.3228259142372,-0.305428525265954,-1.92095470411938));
#2117=CARTESIAN_POINT('Ctrl Pts',(5.28353394213261,-0.278508688963191,-1.92521065582897));
#2118=CARTESIAN_POINT('Ctrl Pts',(5.22149244192943,-0.216467188760008,-1.93316968836644));
#2119=CARTESIAN_POINT('Ctrl Pts',(5.19457171893371,-0.177174733165468,-1.93739536752289));
#2120=CARTESIAN_POINT('Ctrl Pts',(5.15882287140586,-0.0909697133514653,
-1.94335179710947));
#2121=CARTESIAN_POINT('Ctrl Pts',(5.15,-0.0440492869919231,-1.945));
#2122=CARTESIAN_POINT('Ctrl Pts',(5.15,-5.55111512312578E-17,-1.945));
#2123=CARTESIAN_POINT('Ctrl Pts',(5.15,4.16333634234434E-17,-1.945));
#2124=CARTESIAN_POINT('Ctrl Pts',(5.15,0.044049286991923,-1.945));
#2125=CARTESIAN_POINT('Ctrl Pts',(5.15882287140586,0.0909697133514647,-1.94335179710947));
#2126=CARTESIAN_POINT('Ctrl Pts',(5.19457171893371,0.177174733165467,-1.93739536752289));
#2127=CARTESIAN_POINT('Ctrl Pts',(5.22149244192942,0.216467188760008,-1.93316968836644));
#2128=CARTESIAN_POINT('Ctrl Pts',(5.28353394213261,0.278508688963192,-1.92521065582897));
#2129=CARTESIAN_POINT('Ctrl Pts',(5.3228259142372,0.305428525265953,-1.92095470411938));
#2130=CARTESIAN_POINT('Ctrl Pts',(5.40902926558881,0.341176729440395,-1.91492872015021));
#2131=CARTESIAN_POINT('Ctrl Pts',(5.45594910711778,0.35,-1.91324985299882));
#2132=CARTESIAN_POINT('Ctrl Pts',(5.54405089288222,0.35,-1.91324985299882));
#2133=CARTESIAN_POINT('Ctrl Pts',(5.59097073441119,0.341176729440395,-1.91492872015021));
#2134=CARTESIAN_POINT('Ctrl Pts',(5.6771740857628,0.305428525265954,-1.92095470411938));
#2135=CARTESIAN_POINT('Ctrl Pts',(5.71646605786739,0.278508688963192,-1.92521065582897));
#2136=CARTESIAN_POINT('Ctrl Pts',(5.77850755807057,0.216467188760009,-1.93316968836644));
#2137=CARTESIAN_POINT('Ctrl Pts',(5.80542828106629,0.177174733165468,-1.93739536752289));
#2138=CARTESIAN_POINT('Ctrl Pts',(5.84117712859414,0.0909697133514654,-1.94335179710947));
#2139=CARTESIAN_POINT('Ctrl Pts',(5.85,0.0440492869919231,-1.945));
#2140=CARTESIAN_POINT('Ctrl Pts',(5.85,-0.0440492869919229,-1.945));
#2141=CARTESIAN_POINT('Ctrl Pts',(5.84117712859414,-0.0909697133514646,
-1.94335179710947));
#2142=CARTESIAN_POINT('Ctrl Pts',(5.80542828106629,-0.177174733165467,-1.93739536752289));
#2143=CARTESIAN_POINT('Ctrl Pts',(5.77850755807058,-0.216467188760008,-1.93316968836644));
#2144=CARTESIAN_POINT('Ctrl Pts',(5.71646605786739,-0.278508688963192,-1.92521065582897));
#2145=CARTESIAN_POINT('Ctrl Pts',(5.6771740857628,-0.305428525265953,-1.92095470411938));
#2146=CARTESIAN_POINT('Ctrl Pts',(5.59097073441119,-0.341176729440395,-1.91492872015021));
#2147=CARTESIAN_POINT('Ctrl Pts',(5.54405089288222,-0.35,-1.91324985299882));
#2148=CARTESIAN_POINT('Ctrl Pts',(5.5,-0.35,-1.91324985299882));
#2149=CARTESIAN_POINT('Origin',(25.,2.72236110756821,-2.72236110756821));
#2150=CARTESIAN_POINT('',(25.,2.76254684731582,-0.9240692162308));
#2151=CARTESIAN_POINT('',(23.7,2.05980205359641,-2.05980205359641));
#2152=CARTESIAN_POINT('Ctrl Pts',(25.,2.76254684731582,-0.9240692162308));
#2153=CARTESIAN_POINT('Ctrl Pts',(25.0829733051404,2.76254684731582,-0.9240692162308));
#2154=CARTESIAN_POINT('Ctrl Pts',(25.1683250955646,2.75972211294388,-0.932657374543058));
#2155=CARTESIAN_POINT('Ctrl Pts',(25.3372709951142,2.74757011846122,-0.967871046161302));
#2156=CARTESIAN_POINT('Ctrl Pts',(25.4208697167977,2.73823529677446,-0.994471815279748));
#2157=CARTESIAN_POINT('Ctrl Pts',(25.660424175696,2.69948889486483,-1.09712303168859));
#2158=CARTESIAN_POINT('Ctrl Pts',(25.8050125309764,2.6584643366765,-1.19692397586357));
#2159=CARTESIAN_POINT('Ctrl Pts',(26.0332783741816,2.55073340662403,-1.41200969709848));
#2160=CARTESIAN_POINT('Ctrl Pts',(26.1329967550344,2.47649981167431,-1.54235033321483));
#2161=CARTESIAN_POINT('Ctrl Pts',(26.2330620599209,2.33654430715499,-1.74146817950399));
#2162=CARTESIAN_POINT('Ctrl Pts',(26.2584798627642,2.2852169299888,-1.80846467078472));
#2163=CARTESIAN_POINT('Ctrl Pts',(26.2919541657898,2.17613756863932,-1.93834624485681));
#2164=CARTESIAN_POINT('Ctrl Pts',(26.3,2.1183771307438,-2.00122697644903));
#2165=CARTESIAN_POINT('Ctrl Pts',(26.3,2.00122697644902,-2.1183771307438));
#2166=CARTESIAN_POINT('Ctrl Pts',(26.2919541657898,1.93834624485681,-2.17613756863933));
#2167=CARTESIAN_POINT('Ctrl Pts',(26.2584798627642,1.80846467078472,-2.2852169299888));
#2168=CARTESIAN_POINT('Ctrl Pts',(26.2330620599209,1.74146817950399,-2.33654430715499));
#2169=CARTESIAN_POINT('Ctrl Pts',(26.1329967550344,1.54235033321482,-2.47649981167431));
#2170=CARTESIAN_POINT('Ctrl Pts',(26.0332783741816,1.41200969709848,-2.55073340662403));
#2171=CARTESIAN_POINT('Ctrl Pts',(25.8050125309764,1.19692397586357,-2.6584643366765));
#2172=CARTESIAN_POINT('Ctrl Pts',(25.660424175696,1.09712303168859,-2.69948889486483));
#2173=CARTESIAN_POINT('Ctrl Pts',(25.4208697167977,0.994471815279748,-2.73823529677447));
#2174=CARTESIAN_POINT('Ctrl Pts',(25.3372709951142,0.9678710461613,-2.74757011846122));
#2175=CARTESIAN_POINT('Ctrl Pts',(25.1683250955646,0.932657374543056,-2.75972211294388));
#2176=CARTESIAN_POINT('Ctrl Pts',(25.0829733051404,0.924069216230799,-2.76254684731582));
#2177=CARTESIAN_POINT('Ctrl Pts',(24.9170266948596,0.924069216230799,-2.76254684731582));
#2178=CARTESIAN_POINT('Ctrl Pts',(24.8316749044354,0.932657374543056,-2.75972211294388));
#2179=CARTESIAN_POINT('Ctrl Pts',(24.6627290048858,0.967871046161301,-2.74757011846122));
#2180=CARTESIAN_POINT('Ctrl Pts',(24.5791302832023,0.994471815279748,-2.73823529677446));
#2181=CARTESIAN_POINT('Ctrl Pts',(24.339575824304,1.09712303168859,-2.69948889486483));
#2182=CARTESIAN_POINT('Ctrl Pts',(24.1949874690236,1.19692397586357,-2.6584643366765));
#2183=CARTESIAN_POINT('Ctrl Pts',(23.9667216258184,1.41200969709848,-2.55073340662403));
#2184=CARTESIAN_POINT('Ctrl Pts',(23.8670032449656,1.54235033321482,-2.47649981167431));
#2185=CARTESIAN_POINT('Ctrl Pts',(23.7669379400791,1.74146817950399,-2.33654430715499));
#2186=CARTESIAN_POINT('Ctrl Pts',(23.7415201372358,1.80846467078472,-2.28521692998881));
#2187=CARTESIAN_POINT('Ctrl Pts',(23.7080458342102,1.93834624485681,-2.17613756863933));
#2188=CARTESIAN_POINT('Ctrl Pts',(23.7,2.00122697644902,-2.1183771307438));
#2189=CARTESIAN_POINT('Ctrl Pts',(23.7,2.05980205359641,-2.05980205359641));
#2190=CARTESIAN_POINT('Ctrl Pts',(23.7,2.05980205359641,-2.05980205359641));
#2191=CARTESIAN_POINT('Ctrl Pts',(23.7,2.1183771307438,-2.00122697644902));
#2192=CARTESIAN_POINT('Ctrl Pts',(23.7080458342102,2.17613756863932,-1.93834624485681));
#2193=CARTESIAN_POINT('Ctrl Pts',(23.7415201372358,2.2852169299888,-1.80846467078472));
#2194=CARTESIAN_POINT('Ctrl Pts',(23.7669379400791,2.33654430715499,-1.74146817950399));
#2195=CARTESIAN_POINT('Ctrl Pts',(23.8670032449656,2.47649981167431,-1.54235033321483));
#2196=CARTESIAN_POINT('Ctrl Pts',(23.9667216258184,2.55073340662403,-1.41200969709848));
#2197=CARTESIAN_POINT('Ctrl Pts',(24.1949874690236,2.6584643366765,-1.19692397586357));
#2198=CARTESIAN_POINT('Ctrl Pts',(24.339575824304,2.69948889486483,-1.09712303168859));
#2199=CARTESIAN_POINT('Ctrl Pts',(24.5791302832023,2.73823529677446,-0.994471815279748));
#2200=CARTESIAN_POINT('Ctrl Pts',(24.6627290048858,2.74757011846122,-0.967871046161302));
#2201=CARTESIAN_POINT('Ctrl Pts',(24.8316749044354,2.75972211294388,-0.932657374543058));
#2202=CARTESIAN_POINT('Ctrl Pts',(24.9170266948596,2.76254684731582,-0.9240692162308));
#2203=CARTESIAN_POINT('Ctrl Pts',(25.,2.76254684731582,-0.9240692162308));
#2204=CARTESIAN_POINT('',(23.7,2.80014285349873,-2.80014285349873));
#2205=CARTESIAN_POINT('',(23.7,2.72236110756821,-2.72236110756821));
#2206=CARTESIAN_POINT('',(25.,3.56419628211924,-1.72571865103422));
#2207=CARTESIAN_POINT('Ctrl Pts',(25.,3.56419628211924,-1.72571865103422));
#2208=CARTESIAN_POINT('Ctrl Pts',(24.9177030459551,3.56419628211924,-1.72571865103422));
#2209=CARTESIAN_POINT('Ctrl Pts',(24.8328107218738,3.56055525381667,-1.73330719957576));
#2210=CARTESIAN_POINT('Ctrl Pts',(24.6643551053294,3.54506344261882,-1.76477555257096));
#2211=CARTESIAN_POINT('Ctrl Pts',(24.5807891831439,3.53321137587591,-1.78864064583525));
#2212=CARTESIAN_POINT('Ctrl Pts',(24.3408779176164,3.48510286497274,-1.88162951174182));
#2213=CARTESIAN_POINT('Ctrl Pts',(24.1955240790929,3.4354389080603,-1.97313966600964));
#2214=CARTESIAN_POINT('Ctrl Pts',(23.9660481944211,3.3118992217394,-2.1741278880292));
#2215=CARTESIAN_POINT('Ctrl Pts',(23.8661845673608,3.2295239522561,-2.29734218926906));
#2216=CARTESIAN_POINT('Ctrl Pts',(23.7331280529021,3.03202944845714,-2.55233295552327));
#2217=CARTESIAN_POINT('Ctrl Pts',(23.7,2.91647771187635,-2.68380799512111));
#2218=CARTESIAN_POINT('Ctrl Pts',(23.7,2.80014285349873,-2.80014285349873));
#2219=CARTESIAN_POINT('Ctrl Pts',(23.7,2.80014285349873,-2.80014285349873));
#2220=CARTESIAN_POINT('Ctrl Pts',(23.7,2.68380799512111,-2.91647771187635));
#2221=CARTESIAN_POINT('Ctrl Pts',(23.7331280529021,2.55233295552327,-3.03202944845714));
#2222=CARTESIAN_POINT('Ctrl Pts',(23.8661845673608,2.29734218926906,-3.2295239522561));
#2223=CARTESIAN_POINT('Ctrl Pts',(23.9660481944211,2.1741278880292,-3.31189922173941));
#2224=CARTESIAN_POINT('Ctrl Pts',(24.1955240790929,1.97313966600964,-3.4354389080603));
#2225=CARTESIAN_POINT('Ctrl Pts',(24.3408779176164,1.88162951174182,-3.48510286497274));
#2226=CARTESIAN_POINT('Ctrl Pts',(24.5807891831439,1.78864064583525,-3.53321137587591));
#2227=CARTESIAN_POINT('Ctrl Pts',(24.6643551053294,1.76477555257095,-3.54506344261882));
#2228=CARTESIAN_POINT('Ctrl Pts',(24.8328107218738,1.73330719957576,-3.56055525381667));
#2229=CARTESIAN_POINT('Ctrl Pts',(24.9177030459551,1.72571865103422,-3.56419628211924));
#2230=CARTESIAN_POINT('Ctrl Pts',(25.0822969540449,1.72571865103422,-3.56419628211924));
#2231=CARTESIAN_POINT('Ctrl Pts',(25.1671892781262,1.73330719957576,-3.56055525381667));
#2232=CARTESIAN_POINT('Ctrl Pts',(25.3356448946706,1.76477555257095,-3.54506344261882));
#2233=CARTESIAN_POINT('Ctrl Pts',(25.4192108168561,1.78864064583525,-3.53321137587591));
#2234=CARTESIAN_POINT('Ctrl Pts',(25.6591220823836,1.88162951174182,-3.48510286497274));
#2235=CARTESIAN_POINT('Ctrl Pts',(25.8044759209071,1.97313966600964,-3.4354389080603));
#2236=CARTESIAN_POINT('Ctrl Pts',(26.0339518055789,2.1741278880292,-3.31189922173941));
#2237=CARTESIAN_POINT('Ctrl Pts',(26.1338154326392,2.29734218926906,-3.2295239522561));
#2238=CARTESIAN_POINT('Ctrl Pts',(26.2668719470979,2.55233295552327,-3.03202944845714));
#2239=CARTESIAN_POINT('Ctrl Pts',(26.3,2.68380799512111,-2.91647771187635));
#2240=CARTESIAN_POINT('Ctrl Pts',(26.3,2.91647771187634,-2.68380799512111));
#2241=CARTESIAN_POINT('Ctrl Pts',(26.2668719470979,3.03202944845714,-2.55233295552327));
#2242=CARTESIAN_POINT('Ctrl Pts',(26.1338154326392,3.2295239522561,-2.29734218926906));
#2243=CARTESIAN_POINT('Ctrl Pts',(26.0339518055789,3.3118992217394,-2.1741278880292));
#2244=CARTESIAN_POINT('Ctrl Pts',(25.8044759209071,3.4354389080603,-1.97313966600964));
#2245=CARTESIAN_POINT('Ctrl Pts',(25.6591220823836,3.48510286497274,-1.88162951174182));
#2246=CARTESIAN_POINT('Ctrl Pts',(25.4192108168561,3.53321137587591,-1.78864064583525));
#2247=CARTESIAN_POINT('Ctrl Pts',(25.3356448946706,3.54506344261882,-1.76477555257095));
#2248=CARTESIAN_POINT('Ctrl Pts',(25.1671892781262,3.56055525381667,-1.73330719957576));
#2249=CARTESIAN_POINT('Ctrl Pts',(25.0822969540449,3.56419628211924,-1.72571865103422));
#2250=CARTESIAN_POINT('Ctrl Pts',(25.,3.56419628211924,-1.72571865103422));
#2251=CARTESIAN_POINT('Origin',(25.,-2.72236110756821,-2.72236110756821));
#2252=CARTESIAN_POINT('',(25.,-0.9240692162308,-2.76254684731582));
#2253=CARTESIAN_POINT('',(23.7,-2.05980205359641,-2.05980205359641));
#2254=CARTESIAN_POINT('Ctrl Pts',(25.,-0.9240692162308,-2.76254684731582));
#2255=CARTESIAN_POINT('Ctrl Pts',(25.0829733051404,-0.9240692162308,-2.76254684731582));
#2256=CARTESIAN_POINT('Ctrl Pts',(25.1683250955646,-0.932657374543057,-2.75972211294388));
#2257=CARTESIAN_POINT('Ctrl Pts',(25.3372709951142,-0.967871046161302,-2.74757011846122));
#2258=CARTESIAN_POINT('Ctrl Pts',(25.4208697167977,-0.994471815279748,-2.73823529677446));
#2259=CARTESIAN_POINT('Ctrl Pts',(25.660424175696,-1.09712303168859,-2.69948889486483));
#2260=CARTESIAN_POINT('Ctrl Pts',(25.8050125309764,-1.19692397586357,-2.6584643366765));
#2261=CARTESIAN_POINT('Ctrl Pts',(26.0332783741816,-1.41200969709848,-2.55073340662403));
#2262=CARTESIAN_POINT('Ctrl Pts',(26.1329967550344,-1.54235033321483,-2.47649981167431));
#2263=CARTESIAN_POINT('Ctrl Pts',(26.2330620599209,-1.74146817950399,-2.33654430715499));
#2264=CARTESIAN_POINT('Ctrl Pts',(26.2584798627642,-1.80846467078472,-2.2852169299888));
#2265=CARTESIAN_POINT('Ctrl Pts',(26.2919541657898,-1.93834624485681,-2.17613756863932));
#2266=CARTESIAN_POINT('Ctrl Pts',(26.3,-2.00122697644903,-2.1183771307438));
#2267=CARTESIAN_POINT('Ctrl Pts',(26.3,-2.1183771307438,-2.00122697644903));
#2268=CARTESIAN_POINT('Ctrl Pts',(26.2919541657898,-2.17613756863932,-1.93834624485681));
#2269=CARTESIAN_POINT('Ctrl Pts',(26.2584798627642,-2.2852169299888,-1.80846467078472));
#2270=CARTESIAN_POINT('Ctrl Pts',(26.2330620599209,-2.33654430715499,-1.74146817950399));
#2271=CARTESIAN_POINT('Ctrl Pts',(26.1329967550344,-2.47649981167431,-1.54235033321482));
#2272=CARTESIAN_POINT('Ctrl Pts',(26.0332783741816,-2.55073340662403,-1.41200969709848));
#2273=CARTESIAN_POINT('Ctrl Pts',(25.8050125309764,-2.6584643366765,-1.19692397586357));
#2274=CARTESIAN_POINT('Ctrl Pts',(25.660424175696,-2.69948889486483,-1.09712303168859));
#2275=CARTESIAN_POINT('Ctrl Pts',(25.4208697167977,-2.73823529677446,-0.994471815279748));
#2276=CARTESIAN_POINT('Ctrl Pts',(25.3372709951142,-2.74757011846122,-0.967871046161301));
#2277=CARTESIAN_POINT('Ctrl Pts',(25.1683250955646,-2.75972211294388,-0.932657374543056));
#2278=CARTESIAN_POINT('Ctrl Pts',(25.0829733051404,-2.76254684731582,-0.924069216230799));
#2279=CARTESIAN_POINT('Ctrl Pts',(24.9170266948596,-2.76254684731582,-0.924069216230799));
#2280=CARTESIAN_POINT('Ctrl Pts',(24.8316749044354,-2.75972211294388,-0.932657374543056));
#2281=CARTESIAN_POINT('Ctrl Pts',(24.6627290048858,-2.74757011846122,-0.967871046161301));
#2282=CARTESIAN_POINT('Ctrl Pts',(24.5791302832023,-2.73823529677446,-0.994471815279748));
#2283=CARTESIAN_POINT('Ctrl Pts',(24.339575824304,-2.69948889486483,-1.09712303168859));
#2284=CARTESIAN_POINT('Ctrl Pts',(24.1949874690236,-2.6584643366765,-1.19692397586357));
#2285=CARTESIAN_POINT('Ctrl Pts',(23.9667216258184,-2.55073340662403,-1.41200969709848));
#2286=CARTESIAN_POINT('Ctrl Pts',(23.8670032449656,-2.47649981167431,-1.54235033321482));
#2287=CARTESIAN_POINT('Ctrl Pts',(23.7669379400791,-2.33654430715499,-1.74146817950399));
#2288=CARTESIAN_POINT('Ctrl Pts',(23.7415201372358,-2.2852169299888,-1.80846467078472));
#2289=CARTESIAN_POINT('Ctrl Pts',(23.7080458342102,-2.17613756863933,-1.93834624485681));
#2290=CARTESIAN_POINT('Ctrl Pts',(23.7,-2.1183771307438,-2.00122697644903));
#2291=CARTESIAN_POINT('Ctrl Pts',(23.7,-2.05980205359641,-2.05980205359641));
#2292=CARTESIAN_POINT('Ctrl Pts',(23.7,-2.05980205359641,-2.05980205359641));
#2293=CARTESIAN_POINT('Ctrl Pts',(23.7,-2.00122697644902,-2.1183771307438));
#2294=CARTESIAN_POINT('Ctrl Pts',(23.7080458342102,-1.93834624485681,-2.17613756863933));
#2295=CARTESIAN_POINT('Ctrl Pts',(23.7415201372358,-1.80846467078472,-2.2852169299888));
#2296=CARTESIAN_POINT('Ctrl Pts',(23.7669379400791,-1.74146817950399,-2.33654430715499));
#2297=CARTESIAN_POINT('Ctrl Pts',(23.8670032449656,-1.54235033321483,-2.47649981167431));
#2298=CARTESIAN_POINT('Ctrl Pts',(23.9667216258184,-1.41200969709848,-2.55073340662403));
#2299=CARTESIAN_POINT('Ctrl Pts',(24.1949874690236,-1.19692397586357,-2.6584643366765));
#2300=CARTESIAN_POINT('Ctrl Pts',(24.339575824304,-1.09712303168859,-2.69948889486483));
#2301=CARTESIAN_POINT('Ctrl Pts',(24.5791302832023,-0.994471815279748,-2.73823529677446));
#2302=CARTESIAN_POINT('Ctrl Pts',(24.6627290048858,-0.967871046161302,-2.74757011846122));
#2303=CARTESIAN_POINT('Ctrl Pts',(24.8316749044354,-0.932657374543057,-2.75972211294388));
#2304=CARTESIAN_POINT('Ctrl Pts',(24.9170266948596,-0.9240692162308,-2.76254684731582));
#2305=CARTESIAN_POINT('Ctrl Pts',(25.,-0.9240692162308,-2.76254684731582));
#2306=CARTESIAN_POINT('',(23.7,-2.80014285349873,-2.80014285349873));
#2307=CARTESIAN_POINT('',(23.7,-2.72236110756821,-2.72236110756821));
#2308=CARTESIAN_POINT('',(25.,-1.72571865103422,-3.56419628211924));
#2309=CARTESIAN_POINT('Ctrl Pts',(25.,-1.72571865103422,-3.56419628211924));
#2310=CARTESIAN_POINT('Ctrl Pts',(24.9177030459551,-1.72571865103422,-3.56419628211924));
#2311=CARTESIAN_POINT('Ctrl Pts',(24.8328107218738,-1.73330719957576,-3.56055525381667));
#2312=CARTESIAN_POINT('Ctrl Pts',(24.6643551053294,-1.76477555257096,-3.54506344261882));
#2313=CARTESIAN_POINT('Ctrl Pts',(24.5807891831439,-1.78864064583525,-3.53321137587591));
#2314=CARTESIAN_POINT('Ctrl Pts',(24.3408779176164,-1.88162951174182,-3.48510286497274));
#2315=CARTESIAN_POINT('Ctrl Pts',(24.1955240790929,-1.97313966600964,-3.4354389080603));
#2316=CARTESIAN_POINT('Ctrl Pts',(23.9660481944211,-2.1741278880292,-3.3118992217394));
#2317=CARTESIAN_POINT('Ctrl Pts',(23.8661845673608,-2.29734218926906,-3.2295239522561));
#2318=CARTESIAN_POINT('Ctrl Pts',(23.7331280529021,-2.55233295552327,-3.03202944845714));
#2319=CARTESIAN_POINT('Ctrl Pts',(23.7,-2.68380799512111,-2.91647771187634));
#2320=CARTESIAN_POINT('Ctrl Pts',(23.7,-2.80014285349873,-2.80014285349873));
#2321=CARTESIAN_POINT('Ctrl Pts',(23.7,-2.80014285349873,-2.80014285349873));
#2322=CARTESIAN_POINT('Ctrl Pts',(23.7,-2.91647771187635,-2.68380799512111));
#2323=CARTESIAN_POINT('Ctrl Pts',(23.7331280529021,-3.03202944845714,-2.55233295552327));
#2324=CARTESIAN_POINT('Ctrl Pts',(23.8661845673608,-3.2295239522561,-2.29734218926906));
#2325=CARTESIAN_POINT('Ctrl Pts',(23.9660481944211,-3.31189922173941,-2.1741278880292));
#2326=CARTESIAN_POINT('Ctrl Pts',(24.1955240790929,-3.4354389080603,-1.97313966600964));
#2327=CARTESIAN_POINT('Ctrl Pts',(24.3408779176164,-3.48510286497274,-1.88162951174182));
#2328=CARTESIAN_POINT('Ctrl Pts',(24.5807891831439,-3.53321137587591,-1.78864064583525));
#2329=CARTESIAN_POINT('Ctrl Pts',(24.6643551053294,-3.54506344261882,-1.76477555257095));
#2330=CARTESIAN_POINT('Ctrl Pts',(24.8328107218738,-3.56055525381667,-1.73330719957576));
#2331=CARTESIAN_POINT('Ctrl Pts',(24.9177030459551,-3.56419628211924,-1.72571865103422));
#2332=CARTESIAN_POINT('Ctrl Pts',(25.0822969540449,-3.56419628211924,-1.72571865103422));
#2333=CARTESIAN_POINT('Ctrl Pts',(25.1671892781262,-3.56055525381667,-1.73330719957576));
#2334=CARTESIAN_POINT('Ctrl Pts',(25.3356448946706,-3.54506344261882,-1.76477555257095));
#2335=CARTESIAN_POINT('Ctrl Pts',(25.4192108168561,-3.53321137587591,-1.78864064583525));
#2336=CARTESIAN_POINT('Ctrl Pts',(25.6591220823836,-3.48510286497274,-1.88162951174182));
#2337=CARTESIAN_POINT('Ctrl Pts',(25.8044759209071,-3.4354389080603,-1.97313966600964));
#2338=CARTESIAN_POINT('Ctrl Pts',(26.0339518055789,-3.3118992217394,-2.1741278880292));
#2339=CARTESIAN_POINT('Ctrl Pts',(26.1338154326392,-3.2295239522561,-2.29734218926906));
#2340=CARTESIAN_POINT('Ctrl Pts',(26.2668719470979,-3.03202944845714,-2.55233295552327));
#2341=CARTESIAN_POINT('Ctrl Pts',(26.3,-2.91647771187635,-2.68380799512111));
#2342=CARTESIAN_POINT('Ctrl Pts',(26.3,-2.68380799512111,-2.91647771187634));
#2343=CARTESIAN_POINT('Ctrl Pts',(26.2668719470979,-2.55233295552327,-3.03202944845714));
#2344=CARTESIAN_POINT('Ctrl Pts',(26.1338154326392,-2.29734218926906,-3.2295239522561));
#2345=CARTESIAN_POINT('Ctrl Pts',(26.0339518055789,-2.1741278880292,-3.3118992217394));
#2346=CARTESIAN_POINT('Ctrl Pts',(25.8044759209071,-1.97313966600964,-3.4354389080603));
#2347=CARTESIAN_POINT('Ctrl Pts',(25.6591220823836,-1.88162951174182,-3.48510286497274));
#2348=CARTESIAN_POINT('Ctrl Pts',(25.4192108168561,-1.78864064583525,-3.53321137587591));
#2349=CARTESIAN_POINT('Ctrl Pts',(25.3356448946706,-1.76477555257096,-3.54506344261882));
#2350=CARTESIAN_POINT('Ctrl Pts',(25.1671892781262,-1.73330719957576,-3.56055525381667));
#2351=CARTESIAN_POINT('Ctrl Pts',(25.0822969540449,-1.72571865103422,-3.56419628211924));
#2352=CARTESIAN_POINT('Ctrl Pts',(25.,-1.72571865103422,-3.56419628211924));
#2353=CARTESIAN_POINT('Origin',(25.,-2.72236110756821,2.72236110756821));
#2354=CARTESIAN_POINT('',(25.,-2.76254684731582,0.9240692162308));
#2355=CARTESIAN_POINT('',(23.7,-2.05980205359641,2.05980205359641));
#2356=CARTESIAN_POINT('Ctrl Pts',(25.,-2.76254684731582,0.9240692162308));
#2357=CARTESIAN_POINT('Ctrl Pts',(25.0829733051404,-2.76254684731582,0.9240692162308));
#2358=CARTESIAN_POINT('Ctrl Pts',(25.1683250955646,-2.75972211294388,0.932657374543056));
#2359=CARTESIAN_POINT('Ctrl Pts',(25.3372709951142,-2.74757011846122,0.967871046161301));
#2360=CARTESIAN_POINT('Ctrl Pts',(25.4208697167977,-2.73823529677446,0.994471815279749));
#2361=CARTESIAN_POINT('Ctrl Pts',(25.660424175696,-2.69948889486483,1.09712303168859));
#2362=CARTESIAN_POINT('Ctrl Pts',(25.8050125309764,-2.6584643366765,1.19692397586357));
#2363=CARTESIAN_POINT('Ctrl Pts',(26.0332783741816,-2.55073340662403,1.41200969709848));
#2364=CARTESIAN_POINT('Ctrl Pts',(26.1329967550344,-2.47649981167431,1.54235033321483));
#2365=CARTESIAN_POINT('Ctrl Pts',(26.2330620599209,-2.33654430715499,1.74146817950399));
#2366=CARTESIAN_POINT('Ctrl Pts',(26.2584798627642,-2.2852169299888,1.80846467078472));
#2367=CARTESIAN_POINT('Ctrl Pts',(26.2919541657898,-2.17613756863932,1.93834624485681));
#2368=CARTESIAN_POINT('Ctrl Pts',(26.3,-2.1183771307438,2.00122697644903));
#2369=CARTESIAN_POINT('Ctrl Pts',(26.3,-2.00122697644902,2.1183771307438));
#2370=CARTESIAN_POINT('Ctrl Pts',(26.2919541657898,-1.93834624485681,2.17613756863933));
#2371=CARTESIAN_POINT('Ctrl Pts',(26.2584798627642,-1.80846467078472,2.2852169299888));
#2372=CARTESIAN_POINT('Ctrl Pts',(26.2330620599209,-1.74146817950399,2.33654430715499));
#2373=CARTESIAN_POINT('Ctrl Pts',(26.1329967550344,-1.54235033321483,2.47649981167431));
#2374=CARTESIAN_POINT('Ctrl Pts',(26.0332783741816,-1.41200969709848,2.55073340662403));
#2375=CARTESIAN_POINT('Ctrl Pts',(25.8050125309764,-1.19692397586357,2.6584643366765));
#2376=CARTESIAN_POINT('Ctrl Pts',(25.660424175696,-1.09712303168859,2.69948889486483));
#2377=CARTESIAN_POINT('Ctrl Pts',(25.4208697167977,-0.994471815279749,2.73823529677446));
#2378=CARTESIAN_POINT('Ctrl Pts',(25.3372709951142,-0.967871046161301,2.74757011846122));
#2379=CARTESIAN_POINT('Ctrl Pts',(25.1683250955646,-0.932657374543056,2.75972211294388));
#2380=CARTESIAN_POINT('Ctrl Pts',(25.0829733051404,-0.9240692162308,2.76254684731582));
#2381=CARTESIAN_POINT('Ctrl Pts',(24.9170266948596,-0.9240692162308,2.76254684731582));
#2382=CARTESIAN_POINT('Ctrl Pts',(24.8316749044354,-0.932657374543056,2.75972211294388));
#2383=CARTESIAN_POINT('Ctrl Pts',(24.6627290048858,-0.967871046161301,2.74757011846122));
#2384=CARTESIAN_POINT('Ctrl Pts',(24.5791302832023,-0.994471815279748,2.73823529677446));
#2385=CARTESIAN_POINT('Ctrl Pts',(24.339575824304,-1.09712303168859,2.69948889486483));
#2386=CARTESIAN_POINT('Ctrl Pts',(24.1949874690236,-1.19692397586357,2.6584643366765));
#2387=CARTESIAN_POINT('Ctrl Pts',(23.9667216258184,-1.41200969709848,2.55073340662403));
#2388=CARTESIAN_POINT('Ctrl Pts',(23.8670032449656,-1.54235033321483,2.47649981167431));
#2389=CARTESIAN_POINT('Ctrl Pts',(23.7669379400791,-1.74146817950399,2.33654430715499));
#2390=CARTESIAN_POINT('Ctrl Pts',(23.7415201372358,-1.80846467078472,2.2852169299888));
#2391=CARTESIAN_POINT('Ctrl Pts',(23.7080458342102,-1.93834624485681,2.17613756863932));
#2392=CARTESIAN_POINT('Ctrl Pts',(23.7,-2.00122697644903,2.1183771307438));
#2393=CARTESIAN_POINT('Ctrl Pts',(23.7,-2.05980205359641,2.05980205359641));
#2394=CARTESIAN_POINT('Ctrl Pts',(23.7,-2.05980205359641,2.05980205359641));
#2395=CARTESIAN_POINT('Ctrl Pts',(23.7,-2.1183771307438,2.00122697644903));
#2396=CARTESIAN_POINT('Ctrl Pts',(23.7080458342102,-2.17613756863932,1.93834624485681));
#2397=CARTESIAN_POINT('Ctrl Pts',(23.7415201372358,-2.2852169299888,1.80846467078472));
#2398=CARTESIAN_POINT('Ctrl Pts',(23.7669379400791,-2.33654430715499,1.74146817950399));
#2399=CARTESIAN_POINT('Ctrl Pts',(23.8670032449656,-2.47649981167431,1.54235033321483));
#2400=CARTESIAN_POINT('Ctrl Pts',(23.9667216258184,-2.55073340662403,1.41200969709848));
#2401=CARTESIAN_POINT('Ctrl Pts',(24.1949874690236,-2.6584643366765,1.19692397586357));
#2402=CARTESIAN_POINT('Ctrl Pts',(24.339575824304,-2.69948889486483,1.09712303168859));
#2403=CARTESIAN_POINT('Ctrl Pts',(24.5791302832023,-2.73823529677446,0.994471815279749));
#2404=CARTESIAN_POINT('Ctrl Pts',(24.6627290048858,-2.74757011846122,0.967871046161301));
#2405=CARTESIAN_POINT('Ctrl Pts',(24.8316749044354,-2.75972211294388,0.932657374543057));
#2406=CARTESIAN_POINT('Ctrl Pts',(24.9170266948596,-2.76254684731582,0.9240692162308));
#2407=CARTESIAN_POINT('Ctrl Pts',(25.,-2.76254684731582,0.924069216230799));
#2408=CARTESIAN_POINT('',(23.7,-2.80014285349873,2.80014285349873));
#2409=CARTESIAN_POINT('',(23.7,-2.72236110756821,2.72236110756821));
#2410=CARTESIAN_POINT('',(25.,-3.56419628211924,1.72571865103422));
#2411=CARTESIAN_POINT('Ctrl Pts',(25.,-3.56419628211924,1.72571865103422));
#2412=CARTESIAN_POINT('Ctrl Pts',(24.9177030459551,-3.56419628211924,1.72571865103422));
#2413=CARTESIAN_POINT('Ctrl Pts',(24.8328107218738,-3.56055525381667,1.73330719957576));
#2414=CARTESIAN_POINT('Ctrl Pts',(24.6643551053294,-3.54506344261882,1.76477555257095));
#2415=CARTESIAN_POINT('Ctrl Pts',(24.5807891831439,-3.53321137587591,1.78864064583525));
#2416=CARTESIAN_POINT('Ctrl Pts',(24.3408779176164,-3.48510286497274,1.88162951174182));
#2417=CARTESIAN_POINT('Ctrl Pts',(24.1955240790929,-3.4354389080603,1.97313966600964));
#2418=CARTESIAN_POINT('Ctrl Pts',(23.9660481944211,-3.3118992217394,2.1741278880292));
#2419=CARTESIAN_POINT('Ctrl Pts',(23.8661845673608,-3.2295239522561,2.29734218926906));
#2420=CARTESIAN_POINT('Ctrl Pts',(23.7331280529021,-3.03202944845714,2.55233295552327));
#2421=CARTESIAN_POINT('Ctrl Pts',(23.7,-2.91647771187635,2.68380799512111));
#2422=CARTESIAN_POINT('Ctrl Pts',(23.7,-2.80014285349873,2.80014285349873));
#2423=CARTESIAN_POINT('Ctrl Pts',(23.7,-2.80014285349873,2.80014285349873));
#2424=CARTESIAN_POINT('Ctrl Pts',(23.7,-2.68380799512111,2.91647771187635));
#2425=CARTESIAN_POINT('Ctrl Pts',(23.7331280529021,-2.55233295552327,3.03202944845714));
#2426=CARTESIAN_POINT('Ctrl Pts',(23.8661845673608,-2.29734218926906,3.2295239522561));
#2427=CARTESIAN_POINT('Ctrl Pts',(23.9660481944211,-2.1741278880292,3.3118992217394));
#2428=CARTESIAN_POINT('Ctrl Pts',(24.1955240790929,-1.97313966600964,3.4354389080603));
#2429=CARTESIAN_POINT('Ctrl Pts',(24.3408779176164,-1.88162951174182,3.48510286497274));
#2430=CARTESIAN_POINT('Ctrl Pts',(24.5807891831439,-1.78864064583525,3.53321137587591));
#2431=CARTESIAN_POINT('Ctrl Pts',(24.6643551053294,-1.76477555257095,3.54506344261882));
#2432=CARTESIAN_POINT('Ctrl Pts',(24.8328107218738,-1.73330719957576,3.56055525381667));
#2433=CARTESIAN_POINT('Ctrl Pts',(24.9177030459551,-1.72571865103422,3.56419628211924));
#2434=CARTESIAN_POINT('Ctrl Pts',(25.0822969540449,-1.72571865103422,3.56419628211924));
#2435=CARTESIAN_POINT('Ctrl Pts',(25.1671892781262,-1.73330719957576,3.56055525381667));
#2436=CARTESIAN_POINT('Ctrl Pts',(25.3356448946706,-1.76477555257095,3.54506344261882));
#2437=CARTESIAN_POINT('Ctrl Pts',(25.4192108168561,-1.78864064583525,3.53321137587591));
#2438=CARTESIAN_POINT('Ctrl Pts',(25.6591220823836,-1.88162951174182,3.48510286497274));
#2439=CARTESIAN_POINT('Ctrl Pts',(25.8044759209071,-1.97313966600964,3.4354389080603));
#2440=CARTESIAN_POINT('Ctrl Pts',(26.0339518055789,-2.1741278880292,3.3118992217394));
#2441=CARTESIAN_POINT('Ctrl Pts',(26.1338154326392,-2.29734218926906,3.2295239522561));
#2442=CARTESIAN_POINT('Ctrl Pts',(26.2668719470979,-2.55233295552327,3.03202944845714));
#2443=CARTESIAN_POINT('Ctrl Pts',(26.3,-2.68380799512111,2.91647771187635));
#2444=CARTESIAN_POINT('Ctrl Pts',(26.3,-2.91647771187635,2.68380799512111));
#2445=CARTESIAN_POINT('Ctrl Pts',(26.2668719470979,-3.03202944845714,2.55233295552327));
#2446=CARTESIAN_POINT('Ctrl Pts',(26.1338154326392,-3.2295239522561,2.29734218926906));
#2447=CARTESIAN_POINT('Ctrl Pts',(26.0339518055789,-3.3118992217394,2.1741278880292));
#2448=CARTESIAN_POINT('Ctrl Pts',(25.8044759209071,-3.4354389080603,1.97313966600964));
#2449=CARTESIAN_POINT('Ctrl Pts',(25.6591220823836,-3.48510286497274,1.88162951174182));
#2450=CARTESIAN_POINT('Ctrl Pts',(25.4192108168561,-3.53321137587591,1.78864064583525));
#2451=CARTESIAN_POINT('Ctrl Pts',(25.3356448946706,-3.54506344261882,1.76477555257095));
#2452=CARTESIAN_POINT('Ctrl Pts',(25.1671892781262,-3.56055525381667,1.73330719957576));
#2453=CARTESIAN_POINT('Ctrl Pts',(25.0822969540449,-3.56419628211924,1.72571865103422));
#2454=CARTESIAN_POINT('Ctrl Pts',(25.,-3.56419628211924,1.72571865103422));
#2455=CARTESIAN_POINT('Origin',(25.,2.72236110756821,2.72236110756821));
#2456=CARTESIAN_POINT('',(25.,0.9240692162308,2.76254684731582));
#2457=CARTESIAN_POINT('',(23.7,2.05980205359641,2.05980205359641));
#2458=CARTESIAN_POINT('Ctrl Pts',(25.,0.9240692162308,2.76254684731582));
#2459=CARTESIAN_POINT('Ctrl Pts',(25.0829733051404,0.9240692162308,2.76254684731582));
#2460=CARTESIAN_POINT('Ctrl Pts',(25.1683250955646,0.932657374543056,2.75972211294388));
#2461=CARTESIAN_POINT('Ctrl Pts',(25.3372709951142,0.967871046161301,2.74757011846122));
#2462=CARTESIAN_POINT('Ctrl Pts',(25.4208697167977,0.994471815279748,2.73823529677446));
#2463=CARTESIAN_POINT('Ctrl Pts',(25.660424175696,1.09712303168859,2.69948889486483));
#2464=CARTESIAN_POINT('Ctrl Pts',(25.8050125309764,1.19692397586357,2.6584643366765));
#2465=CARTESIAN_POINT('Ctrl Pts',(26.0332783741816,1.41200969709848,2.55073340662403));
#2466=CARTESIAN_POINT('Ctrl Pts',(26.1329967550344,1.54235033321483,2.47649981167431));
#2467=CARTESIAN_POINT('Ctrl Pts',(26.2330620599209,1.74146817950399,2.33654430715499));
#2468=CARTESIAN_POINT('Ctrl Pts',(26.2584798627642,1.80846467078472,2.2852169299888));
#2469=CARTESIAN_POINT('Ctrl Pts',(26.2919541657898,1.93834624485681,2.17613756863932));
#2470=CARTESIAN_POINT('Ctrl Pts',(26.3,2.00122697644903,2.1183771307438));
#2471=CARTESIAN_POINT('Ctrl Pts',(26.3,2.1183771307438,2.00122697644903));
#2472=CARTESIAN_POINT('Ctrl Pts',(26.2919541657898,2.17613756863932,1.93834624485681));
#2473=CARTESIAN_POINT('Ctrl Pts',(26.2584798627642,2.2852169299888,1.80846467078472));
#2474=CARTESIAN_POINT('Ctrl Pts',(26.2330620599209,2.33654430715499,1.74146817950399));
#2475=CARTESIAN_POINT('Ctrl Pts',(26.1329967550344,2.47649981167431,1.54235033321483));
#2476=CARTESIAN_POINT('Ctrl Pts',(26.0332783741816,2.55073340662403,1.41200969709848));
#2477=CARTESIAN_POINT('Ctrl Pts',(25.8050125309764,2.6584643366765,1.19692397586357));
#2478=CARTESIAN_POINT('Ctrl Pts',(25.660424175696,2.69948889486483,1.09712303168859));
#2479=CARTESIAN_POINT('Ctrl Pts',(25.4208697167977,2.73823529677446,0.994471815279748));
#2480=CARTESIAN_POINT('Ctrl Pts',(25.3372709951142,2.74757011846122,0.967871046161301));
#2481=CARTESIAN_POINT('Ctrl Pts',(25.1683250955646,2.75972211294388,0.932657374543057));
#2482=CARTESIAN_POINT('Ctrl Pts',(25.0829733051404,2.76254684731582,0.924069216230799));
#2483=CARTESIAN_POINT('Ctrl Pts',(24.9170266948596,2.76254684731582,0.924069216230799));
#2484=CARTESIAN_POINT('Ctrl Pts',(24.8316749044354,2.75972211294388,0.932657374543057));
#2485=CARTESIAN_POINT('Ctrl Pts',(24.6627290048858,2.74757011846122,0.967871046161301));
#2486=CARTESIAN_POINT('Ctrl Pts',(24.5791302832023,2.73823529677446,0.994471815279748));
#2487=CARTESIAN_POINT('Ctrl Pts',(24.339575824304,2.69948889486483,1.09712303168859));
#2488=CARTESIAN_POINT('Ctrl Pts',(24.1949874690236,2.6584643366765,1.19692397586357));
#2489=CARTESIAN_POINT('Ctrl Pts',(23.9667216258184,2.55073340662403,1.41200969709848));
#2490=CARTESIAN_POINT('Ctrl Pts',(23.8670032449656,2.47649981167431,1.54235033321483));
#2491=CARTESIAN_POINT('Ctrl Pts',(23.7669379400791,2.33654430715499,1.74146817950399));
#2492=CARTESIAN_POINT('Ctrl Pts',(23.7415201372358,2.2852169299888,1.80846467078472));
#2493=CARTESIAN_POINT('Ctrl Pts',(23.7080458342102,2.17613756863932,1.93834624485681));
#2494=CARTESIAN_POINT('Ctrl Pts',(23.7,2.1183771307438,2.00122697644903));
#2495=CARTESIAN_POINT('Ctrl Pts',(23.7,2.05980205359641,2.05980205359641));
#2496=CARTESIAN_POINT('Ctrl Pts',(23.7,2.05980205359641,2.05980205359641));
#2497=CARTESIAN_POINT('Ctrl Pts',(23.7,2.00122697644903,2.1183771307438));
#2498=CARTESIAN_POINT('Ctrl Pts',(23.7080458342102,1.93834624485681,2.17613756863932));
#2499=CARTESIAN_POINT('Ctrl Pts',(23.7415201372358,1.80846467078472,2.2852169299888));
#2500=CARTESIAN_POINT('Ctrl Pts',(23.7669379400791,1.74146817950399,2.33654430715499));
#2501=CARTESIAN_POINT('Ctrl Pts',(23.8670032449656,1.54235033321483,2.47649981167431));
#2502=CARTESIAN_POINT('Ctrl Pts',(23.9667216258184,1.41200969709848,2.55073340662403));
#2503=CARTESIAN_POINT('Ctrl Pts',(24.1949874690236,1.19692397586357,2.6584643366765));
#2504=CARTESIAN_POINT('Ctrl Pts',(24.339575824304,1.09712303168859,2.69948889486483));
#2505=CARTESIAN_POINT('Ctrl Pts',(24.5791302832023,0.994471815279749,2.73823529677446));
#2506=CARTESIAN_POINT('Ctrl Pts',(24.6627290048858,0.967871046161301,2.74757011846122));
#2507=CARTESIAN_POINT('Ctrl Pts',(24.8316749044354,0.932657374543056,2.75972211294388));
#2508=CARTESIAN_POINT('Ctrl Pts',(24.9170266948596,0.924069216230799,2.76254684731582));
#2509=CARTESIAN_POINT('Ctrl Pts',(25.,0.924069216230799,2.76254684731582));
#2510=CARTESIAN_POINT('',(23.7,2.80014285349873,2.80014285349873));
#2511=CARTESIAN_POINT('',(23.7,2.72236110756821,2.72236110756821));
#2512=CARTESIAN_POINT('',(25.,1.72571865103422,3.56419628211924));
#2513=CARTESIAN_POINT('Ctrl Pts',(25.,1.72571865103422,3.56419628211924));
#2514=CARTESIAN_POINT('Ctrl Pts',(24.9177030459551,1.72571865103422,3.56419628211924));
#2515=CARTESIAN_POINT('Ctrl Pts',(24.8328107218738,1.73330719957576,3.56055525381667));
#2516=CARTESIAN_POINT('Ctrl Pts',(24.6643551053294,1.76477555257095,3.54506344261882));
#2517=CARTESIAN_POINT('Ctrl Pts',(24.5807891831439,1.78864064583525,3.53321137587591));
#2518=CARTESIAN_POINT('Ctrl Pts',(24.3408779176164,1.88162951174182,3.48510286497274));
#2519=CARTESIAN_POINT('Ctrl Pts',(24.1955240790929,1.97313966600964,3.4354389080603));
#2520=CARTESIAN_POINT('Ctrl Pts',(23.9660481944211,2.1741278880292,3.3118992217394));
#2521=CARTESIAN_POINT('Ctrl Pts',(23.8661845673608,2.29734218926906,3.2295239522561));
#2522=CARTESIAN_POINT('Ctrl Pts',(23.7331280529021,2.55233295552327,3.03202944845714));
#2523=CARTESIAN_POINT('Ctrl Pts',(23.7,2.68380799512111,2.91647771187635));
#2524=CARTESIAN_POINT('Ctrl Pts',(23.7,2.80014285349873,2.80014285349873));
#2525=CARTESIAN_POINT('Ctrl Pts',(23.7,2.80014285349873,2.80014285349873));
#2526=CARTESIAN_POINT('Ctrl Pts',(23.7,2.91647771187635,2.68380799512111));
#2527=CARTESIAN_POINT('Ctrl Pts',(23.7331280529021,3.03202944845714,2.55233295552327));
#2528=CARTESIAN_POINT('Ctrl Pts',(23.8661845673608,3.2295239522561,2.29734218926906));
#2529=CARTESIAN_POINT('Ctrl Pts',(23.9660481944211,3.3118992217394,2.1741278880292));
#2530=CARTESIAN_POINT('Ctrl Pts',(24.1955240790929,3.4354389080603,1.97313966600964));
#2531=CARTESIAN_POINT('Ctrl Pts',(24.3408779176164,3.48510286497274,1.88162951174182));
#2532=CARTESIAN_POINT('Ctrl Pts',(24.5807891831439,3.53321137587591,1.78864064583525));
#2533=CARTESIAN_POINT('Ctrl Pts',(24.6643551053294,3.54506344261882,1.76477555257095));
#2534=CARTESIAN_POINT('Ctrl Pts',(24.8328107218738,3.56055525381667,1.73330719957576));
#2535=CARTESIAN_POINT('Ctrl Pts',(24.9177030459551,3.56419628211924,1.72571865103422));
#2536=CARTESIAN_POINT('Ctrl Pts',(25.0822969540449,3.56419628211924,1.72571865103422));
#2537=CARTESIAN_POINT('Ctrl Pts',(25.1671892781262,3.56055525381667,1.73330719957576));
#2538=CARTESIAN_POINT('Ctrl Pts',(25.3356448946706,3.54506344261882,1.76477555257095));
#2539=CARTESIAN_POINT('Ctrl Pts',(25.4192108168561,3.53321137587591,1.78864064583525));
#2540=CARTESIAN_POINT('Ctrl Pts',(25.6591220823836,3.48510286497274,1.88162951174182));
#2541=CARTESIAN_POINT('Ctrl Pts',(25.8044759209071,3.4354389080603,1.97313966600964));
#2542=CARTESIAN_POINT('Ctrl Pts',(26.0339518055789,3.3118992217394,2.1741278880292));
#2543=CARTESIAN_POINT('Ctrl Pts',(26.1338154326392,3.2295239522561,2.29734218926906));
#2544=CARTESIAN_POINT('Ctrl Pts',(26.2668719470979,3.03202944845714,2.55233295552327));
#2545=CARTESIAN_POINT('Ctrl Pts',(26.3,2.91647771187635,2.68380799512111));
#2546=CARTESIAN_POINT('Ctrl Pts',(26.3,2.68380799512111,2.91647771187635));
#2547=CARTESIAN_POINT('Ctrl Pts',(26.2668719470979,2.55233295552327,3.03202944845714));
#2548=CARTESIAN_POINT('Ctrl Pts',(26.1338154326392,2.29734218926906,3.2295239522561));
#2549=CARTESIAN_POINT('Ctrl Pts',(26.0339518055789,2.1741278880292,3.3118992217394));
#2550=CARTESIAN_POINT('Ctrl Pts',(25.8044759209071,1.97313966600964,3.4354389080603));
#2551=CARTESIAN_POINT('Ctrl Pts',(25.6591220823836,1.88162951174182,3.48510286497274));
#2552=CARTESIAN_POINT('Ctrl Pts',(25.4192108168561,1.78864064583525,3.53321137587591));
#2553=CARTESIAN_POINT('Ctrl Pts',(25.3356448946706,1.76477555257095,3.54506344261882));
#2554=CARTESIAN_POINT('Ctrl Pts',(25.1671892781262,1.73330719957576,3.56055525381667));
#2555=CARTESIAN_POINT('Ctrl Pts',(25.0822969540449,1.72571865103422,3.56419628211924));
#2556=CARTESIAN_POINT('Ctrl Pts',(25.,1.72571865103422,3.56419628211924));
#2557=CARTESIAN_POINT('Origin',(22.6,-7.07233526507596E-16,-3.85));
#2558=CARTESIAN_POINT('',(22.6,1.3,-2.60683121816507));
#2559=CARTESIAN_POINT('',(21.3,-5.21019574886687E-16,-2.913));
#2560=CARTESIAN_POINT('Ctrl Pts',(22.6,1.3,-2.60683121816507));
#2561=CARTESIAN_POINT('Ctrl Pts',(22.6829733051404,1.3,-2.60683121816507));
#2562=CARTESIAN_POINT('Ctrl Pts',(22.7683250955646,1.29192986619005,-2.61090657431612));
#2563=CARTESIAN_POINT('Ctrl Pts',(22.9372709951142,1.25843728249468,-2.62721364260423));
#2564=CARTESIAN_POINT('Ctrl Pts',(23.0208697167977,1.23302698255038,-2.63942251111679));
#2565=CARTESIAN_POINT('Ctrl Pts',(23.260424175696,1.13304376779376,-2.68461003879965));
#2566=CARTESIAN_POINT('Ctrl Pts',(23.4050125309764,1.03346510010865,-2.72617121990445));
#2567=CARTESIAN_POINT('Ctrl Pts',(23.6332783741816,0.805199256903414,-2.80208252074242));
#2568=CARTESIAN_POINT('Ctrl Pts',(23.7329967550344,0.660543430860577,-2.84175619002365));
#2569=CARTESIAN_POINT('Ctrl Pts',(23.8330620599209,0.420782365184252,-2.88359028307998));
#2570=CARTESIAN_POINT('Ctrl Pts',(23.8584798627642,0.337114755429211,-2.89467001992556));
#2571=CARTESIAN_POINT('Ctrl Pts',(23.8919541657898,0.168143857553942,-2.9093794056054));
#2572=CARTESIAN_POINT('Ctrl Pts',(23.9,0.0828376685188854,-2.913));
#2573=CARTESIAN_POINT('Ctrl Pts',(23.9,-0.0828376685188865,-2.913));
#2574=CARTESIAN_POINT('Ctrl Pts',(23.8919541657898,-0.168143857553943,-2.9093794056054));
#2575=CARTESIAN_POINT('Ctrl Pts',(23.8584798627642,-0.337114755429212,-2.89467001992556));
#2576=CARTESIAN_POINT('Ctrl Pts',(23.8330620599209,-0.420782365184253,-2.88359028307998));
#2577=CARTESIAN_POINT('Ctrl Pts',(23.7329967550344,-0.660543430860578,-2.84175619002365));
#2578=CARTESIAN_POINT('Ctrl Pts',(23.6332783741816,-0.805199256903415,-2.80208252074241));
#2579=CARTESIAN_POINT('Ctrl Pts',(23.4050125309764,-1.03346510010865,-2.72617121990444));
#2580=CARTESIAN_POINT('Ctrl Pts',(23.260424175696,-1.13304376779376,-2.68461003879965));
#2581=CARTESIAN_POINT('Ctrl Pts',(23.0208697167977,-1.23302698255038,-2.63942251111679));
#2582=CARTESIAN_POINT('Ctrl Pts',(22.9372709951142,-1.25843728249468,-2.62721364260423));
#2583=CARTESIAN_POINT('Ctrl Pts',(22.7683250955646,-1.29192986619005,-2.61090657431612));
#2584=CARTESIAN_POINT('Ctrl Pts',(22.6829733051404,-1.3,-2.60683121816507));
#2585=CARTESIAN_POINT('Ctrl Pts',(22.5170266948596,-1.3,-2.60683121816507));
#2586=CARTESIAN_POINT('Ctrl Pts',(22.4316749044354,-1.29192986619005,-2.61090657431612));
#2587=CARTESIAN_POINT('Ctrl Pts',(22.2627290048858,-1.25843728249468,-2.62721364260423));
#2588=CARTESIAN_POINT('Ctrl Pts',(22.1791302832023,-1.23302698255038,-2.63942251111679));
#2589=CARTESIAN_POINT('Ctrl Pts',(21.939575824304,-1.13304376779376,-2.68461003879964));
#2590=CARTESIAN_POINT('Ctrl Pts',(21.7949874690236,-1.03346510010865,-2.72617121990444));
#2591=CARTESIAN_POINT('Ctrl Pts',(21.5667216258184,-0.805199256903415,-2.80208252074241));
#2592=CARTESIAN_POINT('Ctrl Pts',(21.4670032449656,-0.660543430860578,-2.84175619002365));
#2593=CARTESIAN_POINT('Ctrl Pts',(21.3669379400791,-0.420782365184253,-2.88359028307998));
#2594=CARTESIAN_POINT('Ctrl Pts',(21.3415201372358,-0.337114755429212,-2.89467001992556));
#2595=CARTESIAN_POINT('Ctrl Pts',(21.3080458342102,-0.168143857553943,-2.9093794056054));
#2596=CARTESIAN_POINT('Ctrl Pts',(21.3,-0.0828376685188866,-2.913));
#2597=CARTESIAN_POINT('Ctrl Pts',(21.3,-8.60422844084496E-16,-2.913));
#2598=CARTESIAN_POINT('Ctrl Pts',(21.3,-5.82867087928207E-16,-2.913));
#2599=CARTESIAN_POINT('Ctrl Pts',(21.3,0.0828376685188852,-2.913));
#2600=CARTESIAN_POINT('Ctrl Pts',(21.3080458342102,0.168143857553941,-2.9093794056054));
#2601=CARTESIAN_POINT('Ctrl Pts',(21.3415201372358,0.337114755429211,-2.89467001992556));
#2602=CARTESIAN_POINT('Ctrl Pts',(21.3669379400791,0.420782365184252,-2.88359028307998));
#2603=CARTESIAN_POINT('Ctrl Pts',(21.4670032449656,0.660543430860577,-2.84175619002365));
#2604=CARTESIAN_POINT('Ctrl Pts',(21.5667216258184,0.805199256903414,-2.80208252074242));
#2605=CARTESIAN_POINT('Ctrl Pts',(21.7949874690236,1.03346510010865,-2.72617121990444));
#2606=CARTESIAN_POINT('Ctrl Pts',(21.939575824304,1.13304376779376,-2.68461003879965));
#2607=CARTESIAN_POINT('Ctrl Pts',(22.1791302832023,1.23302698255038,-2.63942251111679));
#2608=CARTESIAN_POINT('Ctrl Pts',(22.2627290048858,1.25843728249468,-2.62721364260423));
#2609=CARTESIAN_POINT('Ctrl Pts',(22.4316749044354,1.29192986619005,-2.61090657431612));
#2610=CARTESIAN_POINT('Ctrl Pts',(22.5170266948596,1.3,-2.60683121816507));
#2611=CARTESIAN_POINT('Ctrl Pts',(22.6,1.3,-2.60683121816507));
#2612=CARTESIAN_POINT('',(21.3,-5.68236114804372E-16,-3.96));
#2613=CARTESIAN_POINT('',(21.3,-5.48029442618441E-16,-3.85));
#2614=CARTESIAN_POINT('',(22.6,1.3,-3.7405347211328));
#2615=CARTESIAN_POINT('Ctrl Pts',(22.6,1.3,-3.7405347211328));
#2616=CARTESIAN_POINT('Ctrl Pts',(22.5177030459551,1.3,-3.7405347211328));
#2617=CARTESIAN_POINT('Ctrl Pts',(22.4328107218738,1.29205949006367,-3.74332603946264));
#2618=CARTESIAN_POINT('Ctrl Pts',(22.2643551053294,1.25885363951714,-3.75462316050745));
#2619=CARTESIAN_POINT('Ctrl Pts',(22.1807891831439,1.23359779347131,-3.7631176530233));
#2620=CARTESIAN_POINT('Ctrl Pts',(21.9408779176165,1.13382688152151,-3.79485285638826));
#2621=CARTESIAN_POINT('Ctrl Pts',(21.7955240790929,1.03400171017797,-3.82444258630512));
#2622=CARTESIAN_POINT('Ctrl Pts',(21.5660481944211,0.804525825506145,-3.87920697109062));
#2623=CARTESIAN_POINT('Ctrl Pts',(21.4661845673608,0.659152045906567,-3.90808452738277));
#2624=CARTESIAN_POINT('Ctrl Pts',(21.3331280529021,0.339196643064947,-3.94874052445776));
#2625=CARTESIAN_POINT('Ctrl Pts',(21.3,0.16452233449438,-3.96));
#2626=CARTESIAN_POINT('Ctrl Pts',(21.3,-3.88578058618805E-16,-3.96));
#2627=CARTESIAN_POINT('Ctrl Pts',(21.3,-4.44089209850063E-16,-3.96));
#2628=CARTESIAN_POINT('Ctrl Pts',(21.3,-0.164522334494381,-3.96));
#2629=CARTESIAN_POINT('Ctrl Pts',(21.3331280529021,-0.339196643064948,-3.94874052445776));
#2630=CARTESIAN_POINT('Ctrl Pts',(21.4661845673608,-0.659152045906569,-3.90808452738277));
#2631=CARTESIAN_POINT('Ctrl Pts',(21.5660481944211,-0.804525825506146,-3.87920697109062));
#2632=CARTESIAN_POINT('Ctrl Pts',(21.7955240790929,-1.03400171017797,-3.82444258630512));
#2633=CARTESIAN_POINT('Ctrl Pts',(21.9408779176165,-1.13382688152151,-3.79485285638826));
#2634=CARTESIAN_POINT('Ctrl Pts',(22.1807891831439,-1.23359779347131,-3.7631176530233));
#2635=CARTESIAN_POINT('Ctrl Pts',(22.2643551053294,-1.25885363951714,-3.75462316050745));
#2636=CARTESIAN_POINT('Ctrl Pts',(22.4328107218738,-1.29205949006367,-3.74332603946264));
#2637=CARTESIAN_POINT('Ctrl Pts',(22.5177030459551,-1.3,-3.7405347211328));
#2638=CARTESIAN_POINT('Ctrl Pts',(22.6822969540449,-1.3,-3.7405347211328));
#2639=CARTESIAN_POINT('Ctrl Pts',(22.7671892781262,-1.29205949006367,-3.74332603946264));
#2640=CARTESIAN_POINT('Ctrl Pts',(22.9356448946706,-1.25885363951714,-3.75462316050745));
#2641=CARTESIAN_POINT('Ctrl Pts',(23.0192108168561,-1.23359779347131,-3.7631176530233));
#2642=CARTESIAN_POINT('Ctrl Pts',(23.2591220823836,-1.13382688152151,-3.79485285638826));
#2643=CARTESIAN_POINT('Ctrl Pts',(23.4044759209071,-1.03400171017797,-3.82444258630512));
#2644=CARTESIAN_POINT('Ctrl Pts',(23.6339518055789,-0.804525825506146,-3.87920697109062));
#2645=CARTESIAN_POINT('Ctrl Pts',(23.7338154326392,-0.659152045906568,-3.90808452738277));
#2646=CARTESIAN_POINT('Ctrl Pts',(23.8668719470979,-0.339196643064948,-3.94874052445776));
#2647=CARTESIAN_POINT('Ctrl Pts',(23.9,-0.164522334494382,-3.96));
#2648=CARTESIAN_POINT('Ctrl Pts',(23.9,0.16452233449438,-3.96));
#2649=CARTESIAN_POINT('Ctrl Pts',(23.8668719470979,0.339196643064946,-3.94874052445776));
#2650=CARTESIAN_POINT('Ctrl Pts',(23.7338154326392,0.659152045906567,-3.90808452738277));
#2651=CARTESIAN_POINT('Ctrl Pts',(23.6339518055789,0.804525825506145,-3.87920697109062));
#2652=CARTESIAN_POINT('Ctrl Pts',(23.4044759209071,1.03400171017797,-3.82444258630512));
#2653=CARTESIAN_POINT('Ctrl Pts',(23.2591220823836,1.13382688152151,-3.79485285638826));
#2654=CARTESIAN_POINT('Ctrl Pts',(23.0192108168561,1.23359779347131,-3.7631176530233));
#2655=CARTESIAN_POINT('Ctrl Pts',(22.9356448946706,1.25885363951714,-3.75462316050745));
#2656=CARTESIAN_POINT('Ctrl Pts',(22.7671892781262,1.29205949006367,-3.74332603946264));
#2657=CARTESIAN_POINT('Ctrl Pts',(22.6822969540449,1.3,-3.7405347211328));
#2658=CARTESIAN_POINT('Ctrl Pts',(22.6,1.3,-3.7405347211328));
#2659=CARTESIAN_POINT('Origin',(22.6,-3.85,4.71489017671731E-16));
#2660=CARTESIAN_POINT('',(22.6,-2.60683121816507,-1.3));
#2661=CARTESIAN_POINT('',(21.3,-2.913,2.93056793660636E-16));
#2662=CARTESIAN_POINT('Ctrl Pts',(22.6,-2.60683121816507,-1.3));
#2663=CARTESIAN_POINT('Ctrl Pts',(22.6829733051404,-2.60683121816507,-1.3));
#2664=CARTESIAN_POINT('Ctrl Pts',(22.7683250955646,-2.61090657431612,-1.29192986619005));
#2665=CARTESIAN_POINT('Ctrl Pts',(22.9372709951142,-2.62721364260423,-1.25843728249468));
#2666=CARTESIAN_POINT('Ctrl Pts',(23.0208697167977,-2.63942251111679,-1.23302698255038));
#2667=CARTESIAN_POINT('Ctrl Pts',(23.260424175696,-2.68461003879965,-1.13304376779376));
#2668=CARTESIAN_POINT('Ctrl Pts',(23.4050125309764,-2.72617121990445,-1.03346510010865));
#2669=CARTESIAN_POINT('Ctrl Pts',(23.6332783741816,-2.80208252074242,-0.805199256903414));
#2670=CARTESIAN_POINT('Ctrl Pts',(23.7329967550344,-2.84175619002365,-0.660543430860577));
#2671=CARTESIAN_POINT('Ctrl Pts',(23.8330620599209,-2.88359028307998,-0.420782365184252));
#2672=CARTESIAN_POINT('Ctrl Pts',(23.8584798627642,-2.89467001992556,-0.337114755429212));
#2673=CARTESIAN_POINT('Ctrl Pts',(23.8919541657898,-2.9093794056054,-0.168143857553942));
#2674=CARTESIAN_POINT('Ctrl Pts',(23.9,-2.913,-0.0828376685188855));
#2675=CARTESIAN_POINT('Ctrl Pts',(23.9,-2.913,0.0828376685188862));
#2676=CARTESIAN_POINT('Ctrl Pts',(23.8919541657898,-2.9093794056054,0.168143857553943));
#2677=CARTESIAN_POINT('Ctrl Pts',(23.8584798627642,-2.89467001992556,0.337114755429212));
#2678=CARTESIAN_POINT('Ctrl Pts',(23.8330620599209,-2.88359028307998,0.420782365184253));
#2679=CARTESIAN_POINT('Ctrl Pts',(23.7329967550344,-2.84175619002365,0.660543430860578));
#2680=CARTESIAN_POINT('Ctrl Pts',(23.6332783741816,-2.80208252074241,0.805199256903414));
#2681=CARTESIAN_POINT('Ctrl Pts',(23.4050125309764,-2.72617121990444,1.03346510010865));
#2682=CARTESIAN_POINT('Ctrl Pts',(23.260424175696,-2.68461003879965,1.13304376779376));
#2683=CARTESIAN_POINT('Ctrl Pts',(23.0208697167977,-2.63942251111679,1.23302698255038));
#2684=CARTESIAN_POINT('Ctrl Pts',(22.9372709951142,-2.62721364260423,1.25843728249468));
#2685=CARTESIAN_POINT('Ctrl Pts',(22.7683250955646,-2.61090657431612,1.29192986619005));
#2686=CARTESIAN_POINT('Ctrl Pts',(22.6829733051404,-2.60683121816507,1.3));
#2687=CARTESIAN_POINT('Ctrl Pts',(22.5170266948596,-2.60683121816507,1.3));
#2688=CARTESIAN_POINT('Ctrl Pts',(22.4316749044354,-2.61090657431612,1.29192986619005));
#2689=CARTESIAN_POINT('Ctrl Pts',(22.2627290048858,-2.62721364260423,1.25843728249468));
#2690=CARTESIAN_POINT('Ctrl Pts',(22.1791302832023,-2.63942251111679,1.23302698255038));
#2691=CARTESIAN_POINT('Ctrl Pts',(21.939575824304,-2.68461003879965,1.13304376779376));
#2692=CARTESIAN_POINT('Ctrl Pts',(21.7949874690236,-2.72617121990444,1.03346510010865));
#2693=CARTESIAN_POINT('Ctrl Pts',(21.5667216258184,-2.80208252074241,0.805199256903415));
#2694=CARTESIAN_POINT('Ctrl Pts',(21.4670032449656,-2.84175619002365,0.660543430860578));
#2695=CARTESIAN_POINT('Ctrl Pts',(21.3669379400791,-2.88359028307998,0.420782365184254));
#2696=CARTESIAN_POINT('Ctrl Pts',(21.3415201372358,-2.89467001992556,0.337114755429213));
#2697=CARTESIAN_POINT('Ctrl Pts',(21.3080458342102,-2.9093794056054,0.168143857553943));
#2698=CARTESIAN_POINT('Ctrl Pts',(21.3,-2.913,0.0828376685188866));
#2699=CARTESIAN_POINT('Ctrl Pts',(21.3,-2.913,4.9960036108132E-16));
#2700=CARTESIAN_POINT('Ctrl Pts',(21.3,-2.913,3.88578058618805E-16));
#2701=CARTESIAN_POINT('Ctrl Pts',(21.3,-2.913,-0.0828376685188854));
#2702=CARTESIAN_POINT('Ctrl Pts',(21.3080458342102,-2.9093794056054,-0.168143857553942));
#2703=CARTESIAN_POINT('Ctrl Pts',(21.3415201372358,-2.89467001992556,-0.337114755429211));
#2704=CARTESIAN_POINT('Ctrl Pts',(21.3669379400791,-2.88359028307998,-0.420782365184252));
#2705=CARTESIAN_POINT('Ctrl Pts',(21.4670032449656,-2.84175619002365,-0.660543430860577));
#2706=CARTESIAN_POINT('Ctrl Pts',(21.5667216258184,-2.80208252074242,-0.805199256903413));
#2707=CARTESIAN_POINT('Ctrl Pts',(21.7949874690236,-2.72617121990444,-1.03346510010865));
#2708=CARTESIAN_POINT('Ctrl Pts',(21.939575824304,-2.68461003879965,-1.13304376779376));
#2709=CARTESIAN_POINT('Ctrl Pts',(22.1791302832023,-2.63942251111679,-1.23302698255038));
#2710=CARTESIAN_POINT('Ctrl Pts',(22.2627290048858,-2.62721364260423,-1.25843728249468));
#2711=CARTESIAN_POINT('Ctrl Pts',(22.4316749044354,-2.61090657431612,-1.29192986619005));
#2712=CARTESIAN_POINT('Ctrl Pts',(22.5170266948596,-2.60683121816507,-1.3));
#2713=CARTESIAN_POINT('Ctrl Pts',(22.6,-2.60683121816507,-1.3));
#2714=CARTESIAN_POINT('',(21.3,-3.96,3.25756048573196E-16));
#2715=CARTESIAN_POINT('',(21.3,-3.85,3.12284933782575E-16));
#2716=CARTESIAN_POINT('',(22.6,-3.7405347211328,-1.3));
#2717=CARTESIAN_POINT('Ctrl Pts',(22.6,-3.7405347211328,-1.3));
#2718=CARTESIAN_POINT('Ctrl Pts',(22.5177030459551,-3.7405347211328,-1.3));
#2719=CARTESIAN_POINT('Ctrl Pts',(22.4328107218738,-3.74332603946264,-1.29205949006367));
#2720=CARTESIAN_POINT('Ctrl Pts',(22.2643551053294,-3.75462316050745,-1.25885363951714));
#2721=CARTESIAN_POINT('Ctrl Pts',(22.1807891831439,-3.7631176530233,-1.23359779347131));
#2722=CARTESIAN_POINT('Ctrl Pts',(21.9408779176165,-3.79485285638826,-1.13382688152151));
#2723=CARTESIAN_POINT('Ctrl Pts',(21.7955240790929,-3.82444258630512,-1.03400171017797));
#2724=CARTESIAN_POINT('Ctrl Pts',(21.5660481944211,-3.87920697109062,-0.804525825506145));
#2725=CARTESIAN_POINT('Ctrl Pts',(21.4661845673608,-3.90808452738277,-0.659152045906567));
#2726=CARTESIAN_POINT('Ctrl Pts',(21.3331280529021,-3.94874052445776,-0.339196643064947));
#2727=CARTESIAN_POINT('Ctrl Pts',(21.3,-3.96,-0.164522334494381));
#2728=CARTESIAN_POINT('Ctrl Pts',(21.3,-3.96,1.94289029309402E-16));
#2729=CARTESIAN_POINT('Ctrl Pts',(21.3,-3.96,3.05311331771918E-16));
#2730=CARTESIAN_POINT('Ctrl Pts',(21.3,-3.96,0.164522334494381));
#2731=CARTESIAN_POINT('Ctrl Pts',(21.3331280529021,-3.94874052445776,0.339196643064947));
#2732=CARTESIAN_POINT('Ctrl Pts',(21.4661845673608,-3.90808452738277,0.659152045906568));
#2733=CARTESIAN_POINT('Ctrl Pts',(21.5660481944211,-3.87920697109062,0.804525825506146));
#2734=CARTESIAN_POINT('Ctrl Pts',(21.7955240790929,-3.82444258630512,1.03400171017797));
#2735=CARTESIAN_POINT('Ctrl Pts',(21.9408779176165,-3.79485285638826,1.13382688152151));
#2736=CARTESIAN_POINT('Ctrl Pts',(22.1807891831439,-3.7631176530233,1.23359779347131));
#2737=CARTESIAN_POINT('Ctrl Pts',(22.2643551053294,-3.75462316050745,1.25885363951714));
#2738=CARTESIAN_POINT('Ctrl Pts',(22.4328107218738,-3.74332603946264,1.29205949006367));
#2739=CARTESIAN_POINT('Ctrl Pts',(22.5177030459551,-3.7405347211328,1.3));
#2740=CARTESIAN_POINT('Ctrl Pts',(22.6822969540449,-3.7405347211328,1.3));
#2741=CARTESIAN_POINT('Ctrl Pts',(22.7671892781262,-3.74332603946264,1.29205949006367));
#2742=CARTESIAN_POINT('Ctrl Pts',(22.9356448946706,-3.75462316050745,1.25885363951714));
#2743=CARTESIAN_POINT('Ctrl Pts',(23.0192108168561,-3.7631176530233,1.23359779347131));
#2744=CARTESIAN_POINT('Ctrl Pts',(23.2591220823836,-3.79485285638826,1.13382688152151));
#2745=CARTESIAN_POINT('Ctrl Pts',(23.4044759209071,-3.82444258630512,1.03400171017797));
#2746=CARTESIAN_POINT('Ctrl Pts',(23.6339518055789,-3.87920697109062,0.804525825506146));
#2747=CARTESIAN_POINT('Ctrl Pts',(23.7338154326392,-3.90808452738277,0.659152045906568));
#2748=CARTESIAN_POINT('Ctrl Pts',(23.8668719470979,-3.94874052445776,0.339196643064947));
#2749=CARTESIAN_POINT('Ctrl Pts',(23.9,-3.96,0.164522334494381));
#2750=CARTESIAN_POINT('Ctrl Pts',(23.9,-3.96,-0.16452233449438));
#2751=CARTESIAN_POINT('Ctrl Pts',(23.8668719470979,-3.94874052445776,-0.339196643064947));
#2752=CARTESIAN_POINT('Ctrl Pts',(23.7338154326392,-3.90808452738277,-0.659152045906567));
#2753=CARTESIAN_POINT('Ctrl Pts',(23.6339518055789,-3.87920697109062,-0.804525825506145));
#2754=CARTESIAN_POINT('Ctrl Pts',(23.4044759209071,-3.82444258630512,-1.03400171017797));
#2755=CARTESIAN_POINT('Ctrl Pts',(23.2591220823836,-3.79485285638826,-1.13382688152151));
#2756=CARTESIAN_POINT('Ctrl Pts',(23.0192108168561,-3.7631176530233,-1.23359779347131));
#2757=CARTESIAN_POINT('Ctrl Pts',(22.9356448946706,-3.75462316050745,-1.25885363951714));
#2758=CARTESIAN_POINT('Ctrl Pts',(22.7671892781262,-3.74332603946264,-1.29205949006367));
#2759=CARTESIAN_POINT('Ctrl Pts',(22.6822969540449,-3.7405347211328,-1.3));
#2760=CARTESIAN_POINT('Ctrl Pts',(22.6,-3.7405347211328,-1.3));
#2761=CARTESIAN_POINT('Origin',(22.6,2.35744508835866E-16,3.85));
#2762=CARTESIAN_POINT('',(22.6,-1.3,2.60683121816507));
#2763=CARTESIAN_POINT('',(23.9,-1.36736442872369E-16,2.913));
#2764=CARTESIAN_POINT('Ctrl Pts',(22.6,-1.3,2.60683121816507));
#2765=CARTESIAN_POINT('Ctrl Pts',(22.6829733051404,-1.3,2.60683121816507));
#2766=CARTESIAN_POINT('Ctrl Pts',(22.7683250955646,-1.29192986619005,2.61090657431612));
#2767=CARTESIAN_POINT('Ctrl Pts',(22.9372709951142,-1.25843728249468,2.62721364260423));
#2768=CARTESIAN_POINT('Ctrl Pts',(23.0208697167977,-1.23302698255038,2.63942251111679));
#2769=CARTESIAN_POINT('Ctrl Pts',(23.260424175696,-1.13304376779376,2.68461003879965));
#2770=CARTESIAN_POINT('Ctrl Pts',(23.4050125309764,-1.03346510010865,2.72617121990444));
#2771=CARTESIAN_POINT('Ctrl Pts',(23.6332783741816,-0.805199256903414,2.80208252074241));
#2772=CARTESIAN_POINT('Ctrl Pts',(23.7329967550344,-0.660543430860578,2.84175619002365));
#2773=CARTESIAN_POINT('Ctrl Pts',(23.8330620599209,-0.420782365184254,2.88359028307998));
#2774=CARTESIAN_POINT('Ctrl Pts',(23.8584798627642,-0.337114755429213,2.89467001992556));
#2775=CARTESIAN_POINT('Ctrl Pts',(23.8919541657898,-0.168143857553943,2.9093794056054));
#2776=CARTESIAN_POINT('Ctrl Pts',(23.9,-0.0828376685188855,2.913));
#2777=CARTESIAN_POINT('Ctrl Pts',(23.9,3.88578058618805E-16,2.913));
#2778=CARTESIAN_POINT('',(21.3,9.28495880502148E-17,2.913));
#2779=CARTESIAN_POINT('Ctrl Pts',(21.3,1.66533453693773E-16,2.913));
#2780=CARTESIAN_POINT('Ctrl Pts',(21.3,-0.0828376685188856,2.913));
#2781=CARTESIAN_POINT('Ctrl Pts',(21.3080458342102,-0.168143857553942,2.9093794056054));
#2782=CARTESIAN_POINT('Ctrl Pts',(21.3415201372358,-0.337114755429211,2.89467001992556));
#2783=CARTESIAN_POINT('Ctrl Pts',(21.3669379400791,-0.420782365184252,2.88359028307998));
#2784=CARTESIAN_POINT('Ctrl Pts',(21.4670032449656,-0.660543430860577,2.84175619002365));
#2785=CARTESIAN_POINT('Ctrl Pts',(21.5667216258184,-0.805199256903413,2.80208252074242));
#2786=CARTESIAN_POINT('Ctrl Pts',(21.7949874690236,-1.03346510010865,2.72617121990444));
#2787=CARTESIAN_POINT('Ctrl Pts',(21.939575824304,-1.13304376779376,2.68461003879965));
#2788=CARTESIAN_POINT('Ctrl Pts',(22.1791302832023,-1.23302698255038,2.63942251111679));
#2789=CARTESIAN_POINT('Ctrl Pts',(22.2627290048858,-1.25843728249468,2.62721364260423));
#2790=CARTESIAN_POINT('Ctrl Pts',(22.4316749044354,-1.29192986619005,2.61090657431612));
#2791=CARTESIAN_POINT('Ctrl Pts',(22.5170266948596,-1.3,2.60683121816507));
#2792=CARTESIAN_POINT('Ctrl Pts',(22.6,-1.3,2.60683121816507));
#2793=CARTESIAN_POINT('',(21.3,8.327598234202E-17,3.96));
#2794=CARTESIAN_POINT('',(21.3,7.65404249467096E-17,3.85));
#2795=CARTESIAN_POINT('',(22.6,-1.3,3.7405347211328));
#2796=CARTESIAN_POINT('Ctrl Pts',(22.6,-1.3,3.7405347211328));
#2797=CARTESIAN_POINT('Ctrl Pts',(22.5177030459551,-1.3,3.7405347211328));
#2798=CARTESIAN_POINT('Ctrl Pts',(22.4328107218738,-1.29205949006367,3.74332603946264));
#2799=CARTESIAN_POINT('Ctrl Pts',(22.2643551053294,-1.25885363951714,3.75462316050745));
#2800=CARTESIAN_POINT('Ctrl Pts',(22.1807891831439,-1.23359779347131,3.7631176530233));
#2801=CARTESIAN_POINT('Ctrl Pts',(21.9408779176165,-1.13382688152151,3.79485285638826));
#2802=CARTESIAN_POINT('Ctrl Pts',(21.7955240790929,-1.03400171017797,3.82444258630512));
#2803=CARTESIAN_POINT('Ctrl Pts',(21.5660481944211,-0.804525825506146,3.87920697109062));
#2804=CARTESIAN_POINT('Ctrl Pts',(21.4661845673608,-0.659152045906568,3.90808452738277));
#2805=CARTESIAN_POINT('Ctrl Pts',(21.3331280529021,-0.339196643064947,3.94874052445776));
#2806=CARTESIAN_POINT('Ctrl Pts',(21.3,-0.164522334494381,3.96));
#2807=CARTESIAN_POINT('Ctrl Pts',(21.3,-8.32667268468867E-17,3.96));
#2808=CARTESIAN_POINT('',(23.9,9.0586841156371E-17,3.96));
#2809=CARTESIAN_POINT('Ctrl Pts',(23.9,6.10622663543836E-16,3.96));
#2810=CARTESIAN_POINT('Ctrl Pts',(23.9,-0.16452233449438,3.96));
#2811=CARTESIAN_POINT('Ctrl Pts',(23.8668719470979,-0.339196643064947,3.94874052445776));
#2812=CARTESIAN_POINT('Ctrl Pts',(23.7338154326392,-0.659152045906567,3.90808452738277));
#2813=CARTESIAN_POINT('Ctrl Pts',(23.6339518055789,-0.804525825506145,3.87920697109062));
#2814=CARTESIAN_POINT('Ctrl Pts',(23.4044759209071,-1.03400171017797,3.82444258630512));
#2815=CARTESIAN_POINT('Ctrl Pts',(23.2591220823836,-1.13382688152151,3.79485285638826));
#2816=CARTESIAN_POINT('Ctrl Pts',(23.0192108168561,-1.23359779347131,3.7631176530233));
#2817=CARTESIAN_POINT('Ctrl Pts',(22.9356448946706,-1.25885363951714,3.75462316050745));
#2818=CARTESIAN_POINT('Ctrl Pts',(22.7671892781262,-1.29205949006367,3.74332603946264));
#2819=CARTESIAN_POINT('Ctrl Pts',(22.6822969540449,-1.3,3.7405347211328));
#2820=CARTESIAN_POINT('Ctrl Pts',(22.6,-1.3,3.7405347211328));
#2821=CARTESIAN_POINT('Ctrl Pts',(21.3,5.55111512312578E-17,3.96));
#2822=CARTESIAN_POINT('Ctrl Pts',(21.3,0.164522334494381,3.96));
#2823=CARTESIAN_POINT('Ctrl Pts',(21.3331280529021,0.339196643064947,3.94874052445776));
#2824=CARTESIAN_POINT('Ctrl Pts',(21.4661845673608,0.659152045906567,3.90808452738277));
#2825=CARTESIAN_POINT('Ctrl Pts',(21.5660481944211,0.804525825506145,3.87920697109062));
#2826=CARTESIAN_POINT('Ctrl Pts',(21.7955240790929,1.03400171017797,3.82444258630512));
#2827=CARTESIAN_POINT('Ctrl Pts',(21.9408779176165,1.13382688152151,3.79485285638826));
#2828=CARTESIAN_POINT('Ctrl Pts',(22.1807891831439,1.23359779347131,3.7631176530233));
#2829=CARTESIAN_POINT('Ctrl Pts',(22.2643551053294,1.25885363951714,3.75462316050745));
#2830=CARTESIAN_POINT('Ctrl Pts',(22.4328107218738,1.29205949006367,3.74332603946264));
#2831=CARTESIAN_POINT('Ctrl Pts',(22.5177030459551,1.3,3.7405347211328));
#2832=CARTESIAN_POINT('Ctrl Pts',(22.6822969540449,1.3,3.7405347211328));
#2833=CARTESIAN_POINT('Ctrl Pts',(22.7671892781262,1.29205949006367,3.74332603946264));
#2834=CARTESIAN_POINT('Ctrl Pts',(22.9356448946706,1.25885363951714,3.75462316050745));
#2835=CARTESIAN_POINT('Ctrl Pts',(23.0192108168561,1.23359779347131,3.7631176530233));
#2836=CARTESIAN_POINT('Ctrl Pts',(23.2591220823836,1.13382688152151,3.79485285638826));
#2837=CARTESIAN_POINT('Ctrl Pts',(23.4044759209071,1.03400171017797,3.82444258630512));
#2838=CARTESIAN_POINT('Ctrl Pts',(23.6339518055789,0.804525825506145,3.87920697109062));
#2839=CARTESIAN_POINT('Ctrl Pts',(23.7338154326392,0.659152045906568,3.90808452738277));
#2840=CARTESIAN_POINT('Ctrl Pts',(23.8668719470979,0.339196643064948,3.94874052445776));
#2841=CARTESIAN_POINT('Ctrl Pts',(23.9,0.164522334494381,3.96));
#2842=CARTESIAN_POINT('Ctrl Pts',(23.9,2.77555756156289E-16,3.96));
#2843=CARTESIAN_POINT('Ctrl Pts',(23.9,1.66533453693773E-16,2.913));
#2844=CARTESIAN_POINT('Ctrl Pts',(23.9,0.0828376685188861,2.913));
#2845=CARTESIAN_POINT('Ctrl Pts',(23.8919541657898,0.168143857553943,2.9093794056054));
#2846=CARTESIAN_POINT('Ctrl Pts',(23.8584798627642,0.337114755429212,2.89467001992556));
#2847=CARTESIAN_POINT('Ctrl Pts',(23.8330620599209,0.420782365184253,2.88359028307998));
#2848=CARTESIAN_POINT('Ctrl Pts',(23.7329967550344,0.660543430860578,2.84175619002365));
#2849=CARTESIAN_POINT('Ctrl Pts',(23.6332783741816,0.805199256903414,2.80208252074241));
#2850=CARTESIAN_POINT('Ctrl Pts',(23.4050125309764,1.03346510010865,2.72617121990444));
#2851=CARTESIAN_POINT('Ctrl Pts',(23.260424175696,1.13304376779376,2.68461003879965));
#2852=CARTESIAN_POINT('Ctrl Pts',(23.0208697167977,1.23302698255038,2.63942251111679));
#2853=CARTESIAN_POINT('Ctrl Pts',(22.9372709951142,1.25843728249468,2.62721364260423));
#2854=CARTESIAN_POINT('Ctrl Pts',(22.7683250955646,1.29192986619005,2.61090657431612));
#2855=CARTESIAN_POINT('Ctrl Pts',(22.6829733051404,1.3,2.60683121816507));
#2856=CARTESIAN_POINT('Ctrl Pts',(22.5170266948596,1.3,2.60683121816507));
#2857=CARTESIAN_POINT('Ctrl Pts',(22.4316749044354,1.29192986619005,2.61090657431612));
#2858=CARTESIAN_POINT('Ctrl Pts',(22.2627290048858,1.25843728249468,2.62721364260423));
#2859=CARTESIAN_POINT('Ctrl Pts',(22.1791302832023,1.23302698255038,2.63942251111679));
#2860=CARTESIAN_POINT('Ctrl Pts',(21.939575824304,1.13304376779376,2.68461003879965));
#2861=CARTESIAN_POINT('Ctrl Pts',(21.7949874690236,1.03346510010865,2.72617121990444));
#2862=CARTESIAN_POINT('Ctrl Pts',(21.5667216258184,0.805199256903415,2.80208252074241));
#2863=CARTESIAN_POINT('Ctrl Pts',(21.4670032449656,0.660543430860578,2.84175619002365));
#2864=CARTESIAN_POINT('Ctrl Pts',(21.3669379400791,0.420782365184253,2.88359028307998));
#2865=CARTESIAN_POINT('Ctrl Pts',(21.3415201372358,0.337114755429213,2.89467001992556));
#2866=CARTESIAN_POINT('Ctrl Pts',(21.3080458342102,0.168143857553943,2.9093794056054));
#2867=CARTESIAN_POINT('Ctrl Pts',(21.3,0.0828376685188864,2.913));
#2868=CARTESIAN_POINT('Ctrl Pts',(21.3,3.33066907387547E-16,2.913));
#2869=CARTESIAN_POINT('Origin',(22.6,3.85,0.));
#2870=CARTESIAN_POINT('',(22.6,2.60683121816507,1.3));
#2871=CARTESIAN_POINT('',(21.3,2.913,9.34798297523924E-17));
#2872=CARTESIAN_POINT('Ctrl Pts',(22.6,2.60683121816507,1.3));
#2873=CARTESIAN_POINT('Ctrl Pts',(22.6829733051404,2.60683121816507,1.3));
#2874=CARTESIAN_POINT('Ctrl Pts',(22.7683250955646,2.61090657431612,1.29192986619005));
#2875=CARTESIAN_POINT('Ctrl Pts',(22.9372709951142,2.62721364260423,1.25843728249468));
#2876=CARTESIAN_POINT('Ctrl Pts',(23.0208697167977,2.63942251111679,1.23302698255038));
#2877=CARTESIAN_POINT('Ctrl Pts',(23.260424175696,2.68461003879965,1.13304376779376));
#2878=CARTESIAN_POINT('Ctrl Pts',(23.4050125309764,2.72617121990444,1.03346510010865));
#2879=CARTESIAN_POINT('Ctrl Pts',(23.6332783741816,2.80208252074241,0.805199256903414));
#2880=CARTESIAN_POINT('Ctrl Pts',(23.7329967550344,2.84175619002365,0.660543430860578));
#2881=CARTESIAN_POINT('Ctrl Pts',(23.8330620599209,2.88359028307998,0.420782365184254));
#2882=CARTESIAN_POINT('Ctrl Pts',(23.8584798627642,2.89467001992556,0.337114755429213));
#2883=CARTESIAN_POINT('Ctrl Pts',(23.8919541657898,2.9093794056054,0.168143857553943));
#2884=CARTESIAN_POINT('Ctrl Pts',(23.9,2.913,0.0828376685188859));
#2885=CARTESIAN_POINT('Ctrl Pts',(23.9,2.913,-0.0828376685188859));
#2886=CARTESIAN_POINT('Ctrl Pts',(23.8919541657898,2.9093794056054,-0.168143857553942));
#2887=CARTESIAN_POINT('Ctrl Pts',(23.8584798627642,2.89467001992556,-0.337114755429212));
#2888=CARTESIAN_POINT('Ctrl Pts',(23.8330620599209,2.88359028307998,-0.420782365184253));
#2889=CARTESIAN_POINT('Ctrl Pts',(23.7329967550344,2.84175619002365,-0.660543430860577));
#2890=CARTESIAN_POINT('Ctrl Pts',(23.6332783741816,2.80208252074241,-0.805199256903414));
#2891=CARTESIAN_POINT('Ctrl Pts',(23.4050125309764,2.72617121990444,-1.03346510010865));
#2892=CARTESIAN_POINT('Ctrl Pts',(23.260424175696,2.68461003879965,-1.13304376779376));
#2893=CARTESIAN_POINT('Ctrl Pts',(23.0208697167977,2.63942251111679,-1.23302698255038));
#2894=CARTESIAN_POINT('Ctrl Pts',(22.9372709951142,2.62721364260423,-1.25843728249468));
#2895=CARTESIAN_POINT('Ctrl Pts',(22.7683250955646,2.61090657431612,-1.29192986619005));
#2896=CARTESIAN_POINT('Ctrl Pts',(22.6829733051404,2.60683121816507,-1.3));
#2897=CARTESIAN_POINT('Ctrl Pts',(22.5170266948596,2.60683121816507,-1.3));
#2898=CARTESIAN_POINT('Ctrl Pts',(22.4316749044354,2.61090657431612,-1.29192986619005));
#2899=CARTESIAN_POINT('Ctrl Pts',(22.2627290048858,2.62721364260423,-1.25843728249468));
#2900=CARTESIAN_POINT('Ctrl Pts',(22.1791302832023,2.63942251111679,-1.23302698255038));
#2901=CARTESIAN_POINT('Ctrl Pts',(21.939575824304,2.68461003879965,-1.13304376779376));
#2902=CARTESIAN_POINT('Ctrl Pts',(21.7949874690236,2.72617121990444,-1.03346510010865));
#2903=CARTESIAN_POINT('Ctrl Pts',(21.5667216258184,2.80208252074241,-0.805199256903414));
#2904=CARTESIAN_POINT('Ctrl Pts',(21.4670032449656,2.84175619002365,-0.660543430860577));
#2905=CARTESIAN_POINT('Ctrl Pts',(21.3669379400791,2.88359028307998,-0.420782365184253));
#2906=CARTESIAN_POINT('Ctrl Pts',(21.3415201372358,2.89467001992556,-0.337114755429212));
#2907=CARTESIAN_POINT('Ctrl Pts',(21.3080458342102,2.9093794056054,-0.168143857553943));
#2908=CARTESIAN_POINT('Ctrl Pts',(21.3,2.913,-0.0828376685188863));
#2909=CARTESIAN_POINT('Ctrl Pts',(21.3,2.913,-1.66533453693773E-16));
#2910=CARTESIAN_POINT('Ctrl Pts',(21.3,2.913,2.77555756156289E-17));
#2911=CARTESIAN_POINT('Ctrl Pts',(21.3,2.913,0.0828376685188858));
#2912=CARTESIAN_POINT('Ctrl Pts',(21.3080458342102,2.9093794056054,0.168143857553942));
#2913=CARTESIAN_POINT('Ctrl Pts',(21.3415201372358,2.89467001992556,0.337114755429212));
#2914=CARTESIAN_POINT('Ctrl Pts',(21.3669379400791,2.88359028307998,0.420782365184252));
#2915=CARTESIAN_POINT('Ctrl Pts',(21.4670032449656,2.84175619002365,0.660543430860577));
#2916=CARTESIAN_POINT('Ctrl Pts',(21.5667216258184,2.80208252074242,0.805199256903414));
#2917=CARTESIAN_POINT('Ctrl Pts',(21.7949874690236,2.72617121990444,1.03346510010865));
#2918=CARTESIAN_POINT('Ctrl Pts',(21.939575824304,2.68461003879965,1.13304376779376));
#2919=CARTESIAN_POINT('Ctrl Pts',(22.1791302832023,2.63942251111679,1.23302698255038));
#2920=CARTESIAN_POINT('Ctrl Pts',(22.2627290048858,2.62721364260423,1.25843728249468));
#2921=CARTESIAN_POINT('Ctrl Pts',(22.4316749044354,2.61090657431612,1.29192986619005));
#2922=CARTESIAN_POINT('Ctrl Pts',(22.5170266948596,2.60683121816507,1.3));
#2923=CARTESIAN_POINT('Ctrl Pts',(22.6,2.60683121816507,1.3));
#2924=CARTESIAN_POINT('',(21.3,3.96,1.59204083889156E-16));
#2925=CARTESIAN_POINT('',(21.3,3.85,1.59204083889156E-16));
#2926=CARTESIAN_POINT('',(22.6,3.7405347211328,1.3));
#2927=CARTESIAN_POINT('Ctrl Pts',(22.6,3.7405347211328,1.3));
#2928=CARTESIAN_POINT('Ctrl Pts',(22.5177030459551,3.7405347211328,1.3));
#2929=CARTESIAN_POINT('Ctrl Pts',(22.4328107218738,3.74332603946264,1.29205949006367));
#2930=CARTESIAN_POINT('Ctrl Pts',(22.2643551053294,3.75462316050745,1.25885363951714));
#2931=CARTESIAN_POINT('Ctrl Pts',(22.1807891831439,3.7631176530233,1.23359779347131));
#2932=CARTESIAN_POINT('Ctrl Pts',(21.9408779176165,3.79485285638826,1.13382688152151));
#2933=CARTESIAN_POINT('Ctrl Pts',(21.7955240790929,3.82444258630512,1.03400171017797));
#2934=CARTESIAN_POINT('Ctrl Pts',(21.5660481944211,3.87920697109062,0.804525825506146));
#2935=CARTESIAN_POINT('Ctrl Pts',(21.4661845673608,3.90808452738277,0.659152045906568));
#2936=CARTESIAN_POINT('Ctrl Pts',(21.3331280529021,3.94874052445776,0.339196643064948));
#2937=CARTESIAN_POINT('Ctrl Pts',(21.3,3.96,0.164522334494381));
#2938=CARTESIAN_POINT('Ctrl Pts',(21.3,3.96,1.66533453693773E-16));
#2939=CARTESIAN_POINT('Ctrl Pts',(21.3,3.96,1.66533453693773E-16));
#2940=CARTESIAN_POINT('Ctrl Pts',(21.3,3.96,-0.164522334494381));
#2941=CARTESIAN_POINT('Ctrl Pts',(21.3331280529021,3.94874052445776,-0.339196643064947));
#2942=CARTESIAN_POINT('Ctrl Pts',(21.4661845673608,3.90808452738277,-0.659152045906567));
#2943=CARTESIAN_POINT('Ctrl Pts',(21.5660481944211,3.87920697109062,-0.804525825506145));
#2944=CARTESIAN_POINT('Ctrl Pts',(21.7955240790929,3.82444258630512,-1.03400171017797));
#2945=CARTESIAN_POINT('Ctrl Pts',(21.9408779176165,3.79485285638826,-1.13382688152151));
#2946=CARTESIAN_POINT('Ctrl Pts',(22.1807891831439,3.7631176530233,-1.23359779347131));
#2947=CARTESIAN_POINT('Ctrl Pts',(22.2643551053294,3.75462316050745,-1.25885363951714));
#2948=CARTESIAN_POINT('Ctrl Pts',(22.4328107218738,3.74332603946264,-1.29205949006367));
#2949=CARTESIAN_POINT('Ctrl Pts',(22.5177030459551,3.7405347211328,-1.3));
#2950=CARTESIAN_POINT('Ctrl Pts',(22.6822969540449,3.7405347211328,-1.3));
#2951=CARTESIAN_POINT('Ctrl Pts',(22.7671892781262,3.74332603946264,-1.29205949006367));
#2952=CARTESIAN_POINT('Ctrl Pts',(22.9356448946706,3.75462316050745,-1.25885363951714));
#2953=CARTESIAN_POINT('Ctrl Pts',(23.0192108168561,3.7631176530233,-1.23359779347131));
#2954=CARTESIAN_POINT('Ctrl Pts',(23.2591220823836,3.79485285638826,-1.13382688152151));
#2955=CARTESIAN_POINT('Ctrl Pts',(23.4044759209071,3.82444258630512,-1.03400171017797));
#2956=CARTESIAN_POINT('Ctrl Pts',(23.6339518055789,3.87920697109062,-0.804525825506145));
#2957=CARTESIAN_POINT('Ctrl Pts',(23.7338154326392,3.90808452738277,-0.659152045906567));
#2958=CARTESIAN_POINT('Ctrl Pts',(23.8668719470979,3.94874052445776,-0.339196643064947));
#2959=CARTESIAN_POINT('Ctrl Pts',(23.9,3.96,-0.164522334494381));
#2960=CARTESIAN_POINT('Ctrl Pts',(23.9,3.96,0.16452233449438));
#2961=CARTESIAN_POINT('Ctrl Pts',(23.8668719470979,3.94874052445776,0.339196643064947));
#2962=CARTESIAN_POINT('Ctrl Pts',(23.7338154326392,3.90808452738277,0.659152045906567));
#2963=CARTESIAN_POINT('Ctrl Pts',(23.6339518055789,3.87920697109062,0.804525825506145));
#2964=CARTESIAN_POINT('Ctrl Pts',(23.4044759209071,3.82444258630512,1.03400171017797));
#2965=CARTESIAN_POINT('Ctrl Pts',(23.2591220823836,3.79485285638826,1.13382688152151));
#2966=CARTESIAN_POINT('Ctrl Pts',(23.0192108168561,3.7631176530233,1.23359779347131));
#2967=CARTESIAN_POINT('Ctrl Pts',(22.9356448946706,3.75462316050745,1.25885363951714));
#2968=CARTESIAN_POINT('Ctrl Pts',(22.7671892781262,3.74332603946264,1.29205949006367));
#2969=CARTESIAN_POINT('Ctrl Pts',(22.6822969540449,3.7405347211328,1.3));
#2970=CARTESIAN_POINT('Ctrl Pts',(22.6,3.7405347211328,1.3));
#2971=CARTESIAN_POINT('Origin',(20.2,2.72236110756821,-2.72236110756821));
#2972=CARTESIAN_POINT('',(20.2,2.76254684731582,-0.9240692162308));
#2973=CARTESIAN_POINT('',(18.9,2.05980205359641,-2.05980205359641));
#2974=CARTESIAN_POINT('Ctrl Pts',(20.2,2.76254684731582,-0.9240692162308));
#2975=CARTESIAN_POINT('Ctrl Pts',(20.2829733051404,2.76254684731582,-0.9240692162308));
#2976=CARTESIAN_POINT('Ctrl Pts',(20.3683250955646,2.75972211294388,-0.932657374543057));
#2977=CARTESIAN_POINT('Ctrl Pts',(20.5372709951142,2.74757011846122,-0.967871046161302));
#2978=CARTESIAN_POINT('Ctrl Pts',(20.6208697167977,2.73823529677446,-0.99447181527975));
#2979=CARTESIAN_POINT('Ctrl Pts',(20.860424175696,2.69948889486483,-1.09712303168859));
#2980=CARTESIAN_POINT('Ctrl Pts',(21.0050125309764,2.6584643366765,-1.19692397586357));
#2981=CARTESIAN_POINT('Ctrl Pts',(21.2332783741816,2.55073340662403,-1.41200969709848));
#2982=CARTESIAN_POINT('Ctrl Pts',(21.3329967550344,2.47649981167431,-1.54235033321483));
#2983=CARTESIAN_POINT('Ctrl Pts',(21.4330620599209,2.33654430715499,-1.74146817950399));
#2984=CARTESIAN_POINT('Ctrl Pts',(21.4584798627642,2.2852169299888,-1.80846467078472));
#2985=CARTESIAN_POINT('Ctrl Pts',(21.4919541657898,2.17613756863932,-1.93834624485681));
#2986=CARTESIAN_POINT('Ctrl Pts',(21.5,2.1183771307438,-2.00122697644903));
#2987=CARTESIAN_POINT('Ctrl Pts',(21.5,2.00122697644902,-2.1183771307438));
#2988=CARTESIAN_POINT('Ctrl Pts',(21.4919541657898,1.93834624485681,-2.17613756863933));
#2989=CARTESIAN_POINT('Ctrl Pts',(21.4584798627642,1.80846467078472,-2.2852169299888));
#2990=CARTESIAN_POINT('Ctrl Pts',(21.4330620599209,1.74146817950399,-2.33654430715499));
#2991=CARTESIAN_POINT('Ctrl Pts',(21.3329967550344,1.54235033321482,-2.47649981167431));
#2992=CARTESIAN_POINT('Ctrl Pts',(21.2332783741816,1.41200969709848,-2.55073340662403));
#2993=CARTESIAN_POINT('Ctrl Pts',(21.0050125309764,1.19692397586357,-2.6584643366765));
#2994=CARTESIAN_POINT('Ctrl Pts',(20.860424175696,1.09712303168859,-2.69948889486483));
#2995=CARTESIAN_POINT('Ctrl Pts',(20.6208697167977,0.994471815279748,-2.73823529677446));
#2996=CARTESIAN_POINT('Ctrl Pts',(20.5372709951142,0.9678710461613,-2.74757011846122));
#2997=CARTESIAN_POINT('Ctrl Pts',(20.3683250955646,0.932657374543056,-2.75972211294388));
#2998=CARTESIAN_POINT('Ctrl Pts',(20.2829733051404,0.924069216230799,-2.76254684731582));
#2999=CARTESIAN_POINT('Ctrl Pts',(20.1170266948596,0.924069216230799,-2.76254684731582));
#3000=CARTESIAN_POINT('Ctrl Pts',(20.0316749044354,0.932657374543056,-2.75972211294388));
#3001=CARTESIAN_POINT('Ctrl Pts',(19.8627290048858,0.967871046161302,-2.74757011846122));
#3002=CARTESIAN_POINT('Ctrl Pts',(19.7791302832023,0.99447181527975,-2.73823529677446));
#3003=CARTESIAN_POINT('Ctrl Pts',(19.539575824304,1.09712303168859,-2.69948889486483));
#3004=CARTESIAN_POINT('Ctrl Pts',(19.3949874690236,1.19692397586357,-2.6584643366765));
#3005=CARTESIAN_POINT('Ctrl Pts',(19.1667216258184,1.41200969709848,-2.55073340662403));
#3006=CARTESIAN_POINT('Ctrl Pts',(19.0670032449656,1.54235033321482,-2.47649981167431));
#3007=CARTESIAN_POINT('Ctrl Pts',(18.9669379400791,1.74146817950399,-2.33654430715499));
#3008=CARTESIAN_POINT('Ctrl Pts',(18.9415201372358,1.80846467078472,-2.28521692998881));
#3009=CARTESIAN_POINT('Ctrl Pts',(18.9080458342102,1.93834624485681,-2.17613756863933));
#3010=CARTESIAN_POINT('Ctrl Pts',(18.9,2.00122697644902,-2.1183771307438));
#3011=CARTESIAN_POINT('Ctrl Pts',(18.9,2.05980205359641,-2.05980205359641));
#3012=CARTESIAN_POINT('Ctrl Pts',(18.9,2.05980205359641,-2.05980205359641));
#3013=CARTESIAN_POINT('Ctrl Pts',(18.9,2.1183771307438,-2.00122697644903));
#3014=CARTESIAN_POINT('Ctrl Pts',(18.9080458342102,2.17613756863932,-1.93834624485681));
#3015=CARTESIAN_POINT('Ctrl Pts',(18.9415201372358,2.2852169299888,-1.80846467078472));
#3016=CARTESIAN_POINT('Ctrl Pts',(18.9669379400791,2.33654430715499,-1.74146817950399));
#3017=CARTESIAN_POINT('Ctrl Pts',(19.0670032449656,2.47649981167431,-1.54235033321483));
#3018=CARTESIAN_POINT('Ctrl Pts',(19.1667216258184,2.55073340662403,-1.41200969709848));
#3019=CARTESIAN_POINT('Ctrl Pts',(19.3949874690236,2.6584643366765,-1.19692397586357));
#3020=CARTESIAN_POINT('Ctrl Pts',(19.539575824304,2.69948889486483,-1.09712303168859));
#3021=CARTESIAN_POINT('Ctrl Pts',(19.7791302832023,2.73823529677446,-0.99447181527975));
#3022=CARTESIAN_POINT('Ctrl Pts',(19.8627290048858,2.74757011846122,-0.967871046161302));
#3023=CARTESIAN_POINT('Ctrl Pts',(20.0316749044354,2.75972211294388,-0.932657374543057));
#3024=CARTESIAN_POINT('Ctrl Pts',(20.1170266948596,2.76254684731582,-0.9240692162308));
#3025=CARTESIAN_POINT('Ctrl Pts',(20.2,2.76254684731582,-0.9240692162308));
#3026=CARTESIAN_POINT('',(18.9,2.80014285349873,-2.80014285349873));
#3027=CARTESIAN_POINT('',(18.9,2.72236110756821,-2.72236110756821));
#3028=CARTESIAN_POINT('',(20.2,3.56419628211924,-1.72571865103422));
#3029=CARTESIAN_POINT('Ctrl Pts',(20.2,3.56419628211924,-1.72571865103422));
#3030=CARTESIAN_POINT('Ctrl Pts',(20.1177030459551,3.56419628211924,-1.72571865103422));
#3031=CARTESIAN_POINT('Ctrl Pts',(20.0328107218738,3.56055525381667,-1.73330719957576));
#3032=CARTESIAN_POINT('Ctrl Pts',(19.8643551053294,3.54506344261882,-1.76477555257096));
#3033=CARTESIAN_POINT('Ctrl Pts',(19.7807891831439,3.53321137587591,-1.78864064583525));
#3034=CARTESIAN_POINT('Ctrl Pts',(19.5408779176164,3.48510286497274,-1.88162951174182));
#3035=CARTESIAN_POINT('Ctrl Pts',(19.3955240790929,3.4354389080603,-1.97313966600964));
#3036=CARTESIAN_POINT('Ctrl Pts',(19.1660481944211,3.3118992217394,-2.1741278880292));
#3037=CARTESIAN_POINT('Ctrl Pts',(19.0661845673608,3.2295239522561,-2.29734218926906));
#3038=CARTESIAN_POINT('Ctrl Pts',(18.9331280529021,3.03202944845714,-2.55233295552327));
#3039=CARTESIAN_POINT('Ctrl Pts',(18.9,2.91647771187635,-2.68380799512111));
#3040=CARTESIAN_POINT('Ctrl Pts',(18.9,2.80014285349873,-2.80014285349873));
#3041=CARTESIAN_POINT('Ctrl Pts',(18.9,2.80014285349873,-2.80014285349873));
#3042=CARTESIAN_POINT('Ctrl Pts',(18.9,2.68380799512111,-2.91647771187635));
#3043=CARTESIAN_POINT('Ctrl Pts',(18.9331280529021,2.55233295552327,-3.03202944845714));
#3044=CARTESIAN_POINT('Ctrl Pts',(19.0661845673608,2.29734218926906,-3.2295239522561));
#3045=CARTESIAN_POINT('Ctrl Pts',(19.1660481944211,2.1741278880292,-3.31189922173941));
#3046=CARTESIAN_POINT('Ctrl Pts',(19.3955240790929,1.97313966600964,-3.4354389080603));
#3047=CARTESIAN_POINT('Ctrl Pts',(19.5408779176164,1.88162951174182,-3.48510286497274));
#3048=CARTESIAN_POINT('Ctrl Pts',(19.7807891831439,1.78864064583525,-3.53321137587591));
#3049=CARTESIAN_POINT('Ctrl Pts',(19.8643551053294,1.76477555257095,-3.54506344261882));
#3050=CARTESIAN_POINT('Ctrl Pts',(20.0328107218738,1.73330719957576,-3.56055525381667));
#3051=CARTESIAN_POINT('Ctrl Pts',(20.1177030459551,1.72571865103422,-3.56419628211924));
#3052=CARTESIAN_POINT('Ctrl Pts',(20.2822969540449,1.72571865103422,-3.56419628211924));
#3053=CARTESIAN_POINT('Ctrl Pts',(20.3671892781262,1.73330719957576,-3.56055525381667));
#3054=CARTESIAN_POINT('Ctrl Pts',(20.5356448946706,1.76477555257095,-3.54506344261882));
#3055=CARTESIAN_POINT('Ctrl Pts',(20.6192108168561,1.78864064583525,-3.53321137587591));
#3056=CARTESIAN_POINT('Ctrl Pts',(20.8591220823835,1.88162951174182,-3.48510286497274));
#3057=CARTESIAN_POINT('Ctrl Pts',(21.0044759209071,1.97313966600964,-3.4354389080603));
#3058=CARTESIAN_POINT('Ctrl Pts',(21.2339518055789,2.1741278880292,-3.31189922173941));
#3059=CARTESIAN_POINT('Ctrl Pts',(21.3338154326392,2.29734218926906,-3.2295239522561));
#3060=CARTESIAN_POINT('Ctrl Pts',(21.4668719470979,2.55233295552327,-3.03202944845714));
#3061=CARTESIAN_POINT('Ctrl Pts',(21.5,2.68380799512111,-2.91647771187635));
#3062=CARTESIAN_POINT('Ctrl Pts',(21.5,2.91647771187634,-2.68380799512111));
#3063=CARTESIAN_POINT('Ctrl Pts',(21.4668719470979,3.03202944845714,-2.55233295552327));
#3064=CARTESIAN_POINT('Ctrl Pts',(21.3338154326392,3.2295239522561,-2.29734218926906));
#3065=CARTESIAN_POINT('Ctrl Pts',(21.2339518055789,3.3118992217394,-2.1741278880292));
#3066=CARTESIAN_POINT('Ctrl Pts',(21.0044759209071,3.4354389080603,-1.97313966600964));
#3067=CARTESIAN_POINT('Ctrl Pts',(20.8591220823835,3.48510286497274,-1.88162951174182));
#3068=CARTESIAN_POINT('Ctrl Pts',(20.6192108168561,3.53321137587591,-1.78864064583525));
#3069=CARTESIAN_POINT('Ctrl Pts',(20.5356448946706,3.54506344261882,-1.76477555257096));
#3070=CARTESIAN_POINT('Ctrl Pts',(20.3671892781262,3.56055525381667,-1.73330719957576));
#3071=CARTESIAN_POINT('Ctrl Pts',(20.2822969540449,3.56419628211924,-1.72571865103422));
#3072=CARTESIAN_POINT('Ctrl Pts',(20.2,3.56419628211924,-1.72571865103422));
#3073=CARTESIAN_POINT('Origin',(20.2,-2.72236110756821,-2.72236110756821));
#3074=CARTESIAN_POINT('',(20.2,-0.9240692162308,-2.76254684731582));
#3075=CARTESIAN_POINT('',(18.9,-2.05980205359641,-2.05980205359641));
#3076=CARTESIAN_POINT('Ctrl Pts',(20.2,-0.9240692162308,-2.76254684731582));
#3077=CARTESIAN_POINT('Ctrl Pts',(20.2829733051404,-0.9240692162308,-2.76254684731582));
#3078=CARTESIAN_POINT('Ctrl Pts',(20.3683250955646,-0.932657374543057,-2.75972211294388));
#3079=CARTESIAN_POINT('Ctrl Pts',(20.5372709951142,-0.967871046161302,-2.74757011846122));
#3080=CARTESIAN_POINT('Ctrl Pts',(20.6208697167977,-0.994471815279749,-2.73823529677446));
#3081=CARTESIAN_POINT('Ctrl Pts',(20.860424175696,-1.09712303168859,-2.69948889486483));
#3082=CARTESIAN_POINT('Ctrl Pts',(21.0050125309764,-1.19692397586357,-2.6584643366765));
#3083=CARTESIAN_POINT('Ctrl Pts',(21.2332783741816,-1.41200969709848,-2.55073340662403));
#3084=CARTESIAN_POINT('Ctrl Pts',(21.3329967550344,-1.54235033321483,-2.47649981167431));
#3085=CARTESIAN_POINT('Ctrl Pts',(21.4330620599209,-1.74146817950399,-2.33654430715499));
#3086=CARTESIAN_POINT('Ctrl Pts',(21.4584798627642,-1.80846467078472,-2.2852169299888));
#3087=CARTESIAN_POINT('Ctrl Pts',(21.4919541657898,-1.93834624485681,-2.17613756863932));
#3088=CARTESIAN_POINT('Ctrl Pts',(21.5,-2.00122697644903,-2.1183771307438));
#3089=CARTESIAN_POINT('Ctrl Pts',(21.5,-2.1183771307438,-2.00122697644903));
#3090=CARTESIAN_POINT('Ctrl Pts',(21.4919541657898,-2.17613756863932,-1.93834624485681));
#3091=CARTESIAN_POINT('Ctrl Pts',(21.4584798627642,-2.2852169299888,-1.80846467078472));
#3092=CARTESIAN_POINT('Ctrl Pts',(21.4330620599209,-2.33654430715499,-1.74146817950399));
#3093=CARTESIAN_POINT('Ctrl Pts',(21.3329967550344,-2.47649981167431,-1.54235033321482));
#3094=CARTESIAN_POINT('Ctrl Pts',(21.2332783741816,-2.55073340662403,-1.41200969709848));
#3095=CARTESIAN_POINT('Ctrl Pts',(21.0050125309764,-2.6584643366765,-1.19692397586357));
#3096=CARTESIAN_POINT('Ctrl Pts',(20.860424175696,-2.69948889486483,-1.09712303168859));
#3097=CARTESIAN_POINT('Ctrl Pts',(20.6208697167977,-2.73823529677446,-0.994471815279749));
#3098=CARTESIAN_POINT('Ctrl Pts',(20.5372709951142,-2.74757011846122,-0.9678710461613));
#3099=CARTESIAN_POINT('Ctrl Pts',(20.3683250955646,-2.75972211294388,-0.932657374543056));
#3100=CARTESIAN_POINT('Ctrl Pts',(20.2829733051404,-2.76254684731582,-0.924069216230799));
#3101=CARTESIAN_POINT('Ctrl Pts',(20.1170266948596,-2.76254684731582,-0.924069216230799));
#3102=CARTESIAN_POINT('Ctrl Pts',(20.0316749044354,-2.75972211294388,-0.932657374543055));
#3103=CARTESIAN_POINT('Ctrl Pts',(19.8627290048858,-2.74757011846122,-0.9678710461613));
#3104=CARTESIAN_POINT('Ctrl Pts',(19.7791302832023,-2.73823529677446,-0.994471815279747));
#3105=CARTESIAN_POINT('Ctrl Pts',(19.539575824304,-2.69948889486483,-1.09712303168859));
#3106=CARTESIAN_POINT('Ctrl Pts',(19.3949874690236,-2.6584643366765,-1.19692397586357));
#3107=CARTESIAN_POINT('Ctrl Pts',(19.1667216258184,-2.55073340662403,-1.41200969709848));
#3108=CARTESIAN_POINT('Ctrl Pts',(19.0670032449656,-2.47649981167431,-1.54235033321482));
#3109=CARTESIAN_POINT('Ctrl Pts',(18.9669379400791,-2.33654430715499,-1.74146817950399));
#3110=CARTESIAN_POINT('Ctrl Pts',(18.9415201372358,-2.2852169299888,-1.80846467078472));
#3111=CARTESIAN_POINT('Ctrl Pts',(18.9080458342102,-2.17613756863933,-1.93834624485681));
#3112=CARTESIAN_POINT('Ctrl Pts',(18.9,-2.1183771307438,-2.00122697644902));
#3113=CARTESIAN_POINT('Ctrl Pts',(18.9,-2.05980205359641,-2.05980205359641));
#3114=CARTESIAN_POINT('Ctrl Pts',(18.9,-2.05980205359641,-2.05980205359641));
#3115=CARTESIAN_POINT('Ctrl Pts',(18.9,-2.00122697644903,-2.1183771307438));
#3116=CARTESIAN_POINT('Ctrl Pts',(18.9080458342102,-1.93834624485681,-2.17613756863933));
#3117=CARTESIAN_POINT('Ctrl Pts',(18.9415201372358,-1.80846467078472,-2.2852169299888));
#3118=CARTESIAN_POINT('Ctrl Pts',(18.9669379400791,-1.74146817950399,-2.33654430715499));
#3119=CARTESIAN_POINT('Ctrl Pts',(19.0670032449656,-1.54235033321483,-2.47649981167431));
#3120=CARTESIAN_POINT('Ctrl Pts',(19.1667216258184,-1.41200969709848,-2.55073340662403));
#3121=CARTESIAN_POINT('Ctrl Pts',(19.3949874690236,-1.19692397586357,-2.6584643366765));
#3122=CARTESIAN_POINT('Ctrl Pts',(19.539575824304,-1.09712303168859,-2.69948889486483));
#3123=CARTESIAN_POINT('Ctrl Pts',(19.7791302832023,-0.994471815279749,-2.73823529677446));
#3124=CARTESIAN_POINT('Ctrl Pts',(19.8627290048858,-0.967871046161302,-2.74757011846122));
#3125=CARTESIAN_POINT('Ctrl Pts',(20.0316749044354,-0.932657374543057,-2.75972211294388));
#3126=CARTESIAN_POINT('Ctrl Pts',(20.1170266948596,-0.9240692162308,-2.76254684731582));
#3127=CARTESIAN_POINT('Ctrl Pts',(20.2,-0.9240692162308,-2.76254684731582));
#3128=CARTESIAN_POINT('',(18.9,-2.80014285349873,-2.80014285349873));
#3129=CARTESIAN_POINT('',(18.9,-2.72236110756821,-2.72236110756821));
#3130=CARTESIAN_POINT('',(20.2,-1.72571865103422,-3.56419628211924));
#3131=CARTESIAN_POINT('Ctrl Pts',(20.2,-1.72571865103422,-3.56419628211924));
#3132=CARTESIAN_POINT('Ctrl Pts',(20.1177030459551,-1.72571865103422,-3.56419628211924));
#3133=CARTESIAN_POINT('Ctrl Pts',(20.0328107218738,-1.73330719957576,-3.56055525381667));
#3134=CARTESIAN_POINT('Ctrl Pts',(19.8643551053294,-1.76477555257095,-3.54506344261882));
#3135=CARTESIAN_POINT('Ctrl Pts',(19.7807891831439,-1.78864064583525,-3.53321137587591));
#3136=CARTESIAN_POINT('Ctrl Pts',(19.5408779176164,-1.88162951174182,-3.48510286497274));
#3137=CARTESIAN_POINT('Ctrl Pts',(19.3955240790929,-1.97313966600964,-3.4354389080603));
#3138=CARTESIAN_POINT('Ctrl Pts',(19.1660481944211,-2.1741278880292,-3.3118992217394));
#3139=CARTESIAN_POINT('Ctrl Pts',(19.0661845673608,-2.29734218926906,-3.2295239522561));
#3140=CARTESIAN_POINT('Ctrl Pts',(18.9331280529021,-2.55233295552327,-3.03202944845714));
#3141=CARTESIAN_POINT('Ctrl Pts',(18.9,-2.68380799512111,-2.91647771187635));
#3142=CARTESIAN_POINT('Ctrl Pts',(18.9,-2.80014285349873,-2.80014285349873));
#3143=CARTESIAN_POINT('Ctrl Pts',(18.9,-2.80014285349873,-2.80014285349873));
#3144=CARTESIAN_POINT('Ctrl Pts',(18.9,-2.91647771187635,-2.68380799512111));
#3145=CARTESIAN_POINT('Ctrl Pts',(18.9331280529021,-3.03202944845714,-2.55233295552327));
#3146=CARTESIAN_POINT('Ctrl Pts',(19.0661845673608,-3.2295239522561,-2.29734218926906));
#3147=CARTESIAN_POINT('Ctrl Pts',(19.1660481944211,-3.31189922173941,-2.1741278880292));
#3148=CARTESIAN_POINT('Ctrl Pts',(19.3955240790929,-3.4354389080603,-1.97313966600964));
#3149=CARTESIAN_POINT('Ctrl Pts',(19.5408779176164,-3.48510286497274,-1.88162951174182));
#3150=CARTESIAN_POINT('Ctrl Pts',(19.7807891831439,-3.53321137587591,-1.78864064583525));
#3151=CARTESIAN_POINT('Ctrl Pts',(19.8643551053294,-3.54506344261882,-1.76477555257095));
#3152=CARTESIAN_POINT('Ctrl Pts',(20.0328107218738,-3.56055525381667,-1.73330719957576));
#3153=CARTESIAN_POINT('Ctrl Pts',(20.1177030459551,-3.56419628211924,-1.72571865103422));
#3154=CARTESIAN_POINT('Ctrl Pts',(20.2822969540449,-3.56419628211924,-1.72571865103422));
#3155=CARTESIAN_POINT('Ctrl Pts',(20.3671892781262,-3.56055525381667,-1.73330719957576));
#3156=CARTESIAN_POINT('Ctrl Pts',(20.5356448946706,-3.54506344261882,-1.76477555257095));
#3157=CARTESIAN_POINT('Ctrl Pts',(20.6192108168561,-3.53321137587591,-1.78864064583525));
#3158=CARTESIAN_POINT('Ctrl Pts',(20.8591220823835,-3.48510286497274,-1.88162951174182));
#3159=CARTESIAN_POINT('Ctrl Pts',(21.0044759209071,-3.4354389080603,-1.97313966600964));
#3160=CARTESIAN_POINT('Ctrl Pts',(21.2339518055789,-3.3118992217394,-2.1741278880292));
#3161=CARTESIAN_POINT('Ctrl Pts',(21.3338154326392,-3.2295239522561,-2.29734218926906));
#3162=CARTESIAN_POINT('Ctrl Pts',(21.4668719470979,-3.03202944845714,-2.55233295552327));
#3163=CARTESIAN_POINT('Ctrl Pts',(21.5,-2.91647771187635,-2.68380799512111));
#3164=CARTESIAN_POINT('Ctrl Pts',(21.5,-2.68380799512111,-2.91647771187634));
#3165=CARTESIAN_POINT('Ctrl Pts',(21.4668719470979,-2.55233295552327,-3.03202944845714));
#3166=CARTESIAN_POINT('Ctrl Pts',(21.3338154326392,-2.29734218926906,-3.2295239522561));
#3167=CARTESIAN_POINT('Ctrl Pts',(21.2339518055789,-2.1741278880292,-3.3118992217394));
#3168=CARTESIAN_POINT('Ctrl Pts',(21.0044759209071,-1.97313966600964,-3.4354389080603));
#3169=CARTESIAN_POINT('Ctrl Pts',(20.8591220823835,-1.88162951174182,-3.48510286497274));
#3170=CARTESIAN_POINT('Ctrl Pts',(20.6192108168561,-1.78864064583525,-3.53321137587591));
#3171=CARTESIAN_POINT('Ctrl Pts',(20.5356448946706,-1.76477555257095,-3.54506344261882));
#3172=CARTESIAN_POINT('Ctrl Pts',(20.3671892781262,-1.73330719957576,-3.56055525381667));
#3173=CARTESIAN_POINT('Ctrl Pts',(20.2822969540449,-1.72571865103422,-3.56419628211924));
#3174=CARTESIAN_POINT('Ctrl Pts',(20.2,-1.72571865103422,-3.56419628211924));
#3175=CARTESIAN_POINT('Origin',(20.2,-2.72236110756821,2.72236110756821));
#3176=CARTESIAN_POINT('',(20.2,-2.76254684731582,0.9240692162308));
#3177=CARTESIAN_POINT('',(18.9,-2.05980205359641,2.05980205359641));
#3178=CARTESIAN_POINT('Ctrl Pts',(20.2,-2.76254684731582,0.9240692162308));
#3179=CARTESIAN_POINT('Ctrl Pts',(20.2829733051404,-2.76254684731582,0.9240692162308));
#3180=CARTESIAN_POINT('Ctrl Pts',(20.3683250955646,-2.75972211294388,0.932657374543056));
#3181=CARTESIAN_POINT('Ctrl Pts',(20.5372709951142,-2.74757011846122,0.967871046161301));
#3182=CARTESIAN_POINT('Ctrl Pts',(20.6208697167977,-2.73823529677446,0.994471815279749));
#3183=CARTESIAN_POINT('Ctrl Pts',(20.860424175696,-2.69948889486483,1.09712303168859));
#3184=CARTESIAN_POINT('Ctrl Pts',(21.0050125309764,-2.6584643366765,1.19692397586357));
#3185=CARTESIAN_POINT('Ctrl Pts',(21.2332783741816,-2.55073340662403,1.41200969709848));
#3186=CARTESIAN_POINT('Ctrl Pts',(21.3329967550344,-2.47649981167431,1.54235033321483));
#3187=CARTESIAN_POINT('Ctrl Pts',(21.4330620599209,-2.33654430715499,1.74146817950399));
#3188=CARTESIAN_POINT('Ctrl Pts',(21.4584798627642,-2.2852169299888,1.80846467078472));
#3189=CARTESIAN_POINT('Ctrl Pts',(21.4919541657898,-2.17613756863932,1.93834624485681));
#3190=CARTESIAN_POINT('Ctrl Pts',(21.5,-2.1183771307438,2.00122697644903));
#3191=CARTESIAN_POINT('Ctrl Pts',(21.5,-2.00122697644902,2.1183771307438));
#3192=CARTESIAN_POINT('Ctrl Pts',(21.4919541657898,-1.93834624485681,2.17613756863933));
#3193=CARTESIAN_POINT('Ctrl Pts',(21.4584798627642,-1.80846467078472,2.2852169299888));
#3194=CARTESIAN_POINT('Ctrl Pts',(21.4330620599209,-1.74146817950399,2.33654430715499));
#3195=CARTESIAN_POINT('Ctrl Pts',(21.3329967550344,-1.54235033321483,2.47649981167431));
#3196=CARTESIAN_POINT('Ctrl Pts',(21.2332783741816,-1.41200969709848,2.55073340662403));
#3197=CARTESIAN_POINT('Ctrl Pts',(21.0050125309764,-1.19692397586357,2.6584643366765));
#3198=CARTESIAN_POINT('Ctrl Pts',(20.860424175696,-1.09712303168859,2.69948889486483));
#3199=CARTESIAN_POINT('Ctrl Pts',(20.6208697167977,-0.994471815279749,2.73823529677446));
#3200=CARTESIAN_POINT('Ctrl Pts',(20.5372709951142,-0.9678710461613,2.74757011846122));
#3201=CARTESIAN_POINT('Ctrl Pts',(20.3683250955646,-0.932657374543056,2.75972211294388));
#3202=CARTESIAN_POINT('Ctrl Pts',(20.2829733051404,-0.9240692162308,2.76254684731582));
#3203=CARTESIAN_POINT('Ctrl Pts',(20.1170266948596,-0.9240692162308,2.76254684731582));
#3204=CARTESIAN_POINT('Ctrl Pts',(20.0316749044354,-0.932657374543056,2.75972211294388));
#3205=CARTESIAN_POINT('Ctrl Pts',(19.8627290048858,-0.967871046161303,2.74757011846122));
#3206=CARTESIAN_POINT('Ctrl Pts',(19.7791302832023,-0.99447181527975,2.73823529677446));
#3207=CARTESIAN_POINT('Ctrl Pts',(19.539575824304,-1.09712303168859,2.69948889486483));
#3208=CARTESIAN_POINT('Ctrl Pts',(19.3949874690236,-1.19692397586357,2.6584643366765));
#3209=CARTESIAN_POINT('Ctrl Pts',(19.1667216258184,-1.41200969709848,2.55073340662403));
#3210=CARTESIAN_POINT('Ctrl Pts',(19.0670032449656,-1.54235033321482,2.47649981167431));
#3211=CARTESIAN_POINT('Ctrl Pts',(18.9669379400791,-1.74146817950399,2.33654430715499));
#3212=CARTESIAN_POINT('Ctrl Pts',(18.9415201372358,-1.80846467078472,2.28521692998881));
#3213=CARTESIAN_POINT('Ctrl Pts',(18.9080458342102,-1.93834624485681,2.17613756863933));
#3214=CARTESIAN_POINT('Ctrl Pts',(18.9,-2.00122697644902,2.1183771307438));
#3215=CARTESIAN_POINT('Ctrl Pts',(18.9,-2.05980205359641,2.05980205359641));
#3216=CARTESIAN_POINT('Ctrl Pts',(18.9,-2.05980205359641,2.05980205359641));
#3217=CARTESIAN_POINT('Ctrl Pts',(18.9,-2.1183771307438,2.00122697644903));
#3218=CARTESIAN_POINT('Ctrl Pts',(18.9080458342102,-2.17613756863932,1.93834624485681));
#3219=CARTESIAN_POINT('Ctrl Pts',(18.9415201372358,-2.2852169299888,1.80846467078472));
#3220=CARTESIAN_POINT('Ctrl Pts',(18.9669379400791,-2.33654430715499,1.74146817950399));
#3221=CARTESIAN_POINT('Ctrl Pts',(19.0670032449656,-2.47649981167431,1.54235033321483));
#3222=CARTESIAN_POINT('Ctrl Pts',(19.1667216258184,-2.55073340662403,1.41200969709848));
#3223=CARTESIAN_POINT('Ctrl Pts',(19.3949874690236,-2.6584643366765,1.19692397586357));
#3224=CARTESIAN_POINT('Ctrl Pts',(19.539575824304,-2.69948889486483,1.09712303168859));
#3225=CARTESIAN_POINT('Ctrl Pts',(19.7791302832023,-2.73823529677446,0.994471815279749));
#3226=CARTESIAN_POINT('Ctrl Pts',(19.8627290048858,-2.74757011846122,0.967871046161301));
#3227=CARTESIAN_POINT('Ctrl Pts',(20.0316749044354,-2.75972211294388,0.932657374543057));
#3228=CARTESIAN_POINT('Ctrl Pts',(20.1170266948596,-2.76254684731582,0.9240692162308));
#3229=CARTESIAN_POINT('Ctrl Pts',(20.2,-2.76254684731582,0.9240692162308));
#3230=CARTESIAN_POINT('',(18.9,-2.80014285349873,2.80014285349873));
#3231=CARTESIAN_POINT('',(18.9,-2.72236110756821,2.72236110756821));
#3232=CARTESIAN_POINT('',(20.2,-3.56419628211924,1.72571865103422));
#3233=CARTESIAN_POINT('Ctrl Pts',(20.2,-3.56419628211924,1.72571865103422));
#3234=CARTESIAN_POINT('Ctrl Pts',(20.1177030459551,-3.56419628211924,1.72571865103422));
#3235=CARTESIAN_POINT('Ctrl Pts',(20.0328107218738,-3.56055525381667,1.73330719957576));
#3236=CARTESIAN_POINT('Ctrl Pts',(19.8643551053294,-3.54506344261882,1.76477555257095));
#3237=CARTESIAN_POINT('Ctrl Pts',(19.7807891831439,-3.53321137587591,1.78864064583525));
#3238=CARTESIAN_POINT('Ctrl Pts',(19.5408779176164,-3.48510286497274,1.88162951174182));
#3239=CARTESIAN_POINT('Ctrl Pts',(19.3955240790929,-3.4354389080603,1.97313966600964));
#3240=CARTESIAN_POINT('Ctrl Pts',(19.1660481944211,-3.3118992217394,2.1741278880292));
#3241=CARTESIAN_POINT('Ctrl Pts',(19.0661845673608,-3.2295239522561,2.29734218926906));
#3242=CARTESIAN_POINT('Ctrl Pts',(18.9331280529021,-3.03202944845714,2.55233295552327));
#3243=CARTESIAN_POINT('Ctrl Pts',(18.9,-2.91647771187635,2.68380799512111));
#3244=CARTESIAN_POINT('Ctrl Pts',(18.9,-2.80014285349873,2.80014285349873));
#3245=CARTESIAN_POINT('Ctrl Pts',(18.9,-2.80014285349873,2.80014285349873));
#3246=CARTESIAN_POINT('Ctrl Pts',(18.9,-2.68380799512111,2.91647771187635));
#3247=CARTESIAN_POINT('Ctrl Pts',(18.9331280529021,-2.55233295552327,3.03202944845714));
#3248=CARTESIAN_POINT('Ctrl Pts',(19.0661845673608,-2.29734218926906,3.2295239522561));
#3249=CARTESIAN_POINT('Ctrl Pts',(19.1660481944211,-2.1741278880292,3.3118992217394));
#3250=CARTESIAN_POINT('Ctrl Pts',(19.3955240790929,-1.97313966600964,3.4354389080603));
#3251=CARTESIAN_POINT('Ctrl Pts',(19.5408779176164,-1.88162951174182,3.48510286497274));
#3252=CARTESIAN_POINT('Ctrl Pts',(19.7807891831439,-1.78864064583525,3.53321137587591));
#3253=CARTESIAN_POINT('Ctrl Pts',(19.8643551053294,-1.76477555257095,3.54506344261882));
#3254=CARTESIAN_POINT('Ctrl Pts',(20.0328107218738,-1.73330719957576,3.56055525381667));
#3255=CARTESIAN_POINT('Ctrl Pts',(20.1177030459551,-1.72571865103422,3.56419628211924));
#3256=CARTESIAN_POINT('Ctrl Pts',(20.2822969540449,-1.72571865103422,3.56419628211924));
#3257=CARTESIAN_POINT('Ctrl Pts',(20.3671892781262,-1.73330719957576,3.56055525381667));
#3258=CARTESIAN_POINT('Ctrl Pts',(20.5356448946706,-1.76477555257095,3.54506344261882));
#3259=CARTESIAN_POINT('Ctrl Pts',(20.6192108168561,-1.78864064583525,3.53321137587591));
#3260=CARTESIAN_POINT('Ctrl Pts',(20.8591220823835,-1.88162951174182,3.48510286497274));
#3261=CARTESIAN_POINT('Ctrl Pts',(21.0044759209071,-1.97313966600964,3.4354389080603));
#3262=CARTESIAN_POINT('Ctrl Pts',(21.2339518055789,-2.1741278880292,3.3118992217394));
#3263=CARTESIAN_POINT('Ctrl Pts',(21.3338154326392,-2.29734218926906,3.2295239522561));
#3264=CARTESIAN_POINT('Ctrl Pts',(21.4668719470979,-2.55233295552327,3.03202944845714));
#3265=CARTESIAN_POINT('Ctrl Pts',(21.5,-2.68380799512111,2.91647771187635));
#3266=CARTESIAN_POINT('Ctrl Pts',(21.5,-2.91647771187635,2.68380799512111));
#3267=CARTESIAN_POINT('Ctrl Pts',(21.4668719470979,-3.03202944845714,2.55233295552327));
#3268=CARTESIAN_POINT('Ctrl Pts',(21.3338154326392,-3.2295239522561,2.29734218926906));
#3269=CARTESIAN_POINT('Ctrl Pts',(21.2339518055789,-3.3118992217394,2.1741278880292));
#3270=CARTESIAN_POINT('Ctrl Pts',(21.0044759209071,-3.4354389080603,1.97313966600964));
#3271=CARTESIAN_POINT('Ctrl Pts',(20.8591220823835,-3.48510286497274,1.88162951174182));
#3272=CARTESIAN_POINT('Ctrl Pts',(20.6192108168561,-3.53321137587591,1.78864064583525));
#3273=CARTESIAN_POINT('Ctrl Pts',(20.5356448946706,-3.54506344261882,1.76477555257095));
#3274=CARTESIAN_POINT('Ctrl Pts',(20.3671892781262,-3.56055525381667,1.73330719957576));
#3275=CARTESIAN_POINT('Ctrl Pts',(20.2822969540449,-3.56419628211924,1.72571865103422));
#3276=CARTESIAN_POINT('Ctrl Pts',(20.2,-3.56419628211924,1.72571865103422));
#3277=CARTESIAN_POINT('Origin',(20.2,2.72236110756821,2.72236110756821));
#3278=CARTESIAN_POINT('',(20.2,0.9240692162308,2.76254684731582));
#3279=CARTESIAN_POINT('',(18.9,2.05980205359641,2.05980205359641));
#3280=CARTESIAN_POINT('Ctrl Pts',(20.2,0.9240692162308,2.76254684731582));
#3281=CARTESIAN_POINT('Ctrl Pts',(20.2829733051404,0.9240692162308,2.76254684731582));
#3282=CARTESIAN_POINT('Ctrl Pts',(20.3683250955646,0.932657374543056,2.75972211294388));
#3283=CARTESIAN_POINT('Ctrl Pts',(20.5372709951142,0.967871046161301,2.74757011846122));
#3284=CARTESIAN_POINT('Ctrl Pts',(20.6208697167977,0.994471815279749,2.73823529677446));
#3285=CARTESIAN_POINT('Ctrl Pts',(20.860424175696,1.09712303168859,2.69948889486483));
#3286=CARTESIAN_POINT('Ctrl Pts',(21.0050125309764,1.19692397586357,2.6584643366765));
#3287=CARTESIAN_POINT('Ctrl Pts',(21.2332783741816,1.41200969709848,2.55073340662403));
#3288=CARTESIAN_POINT('Ctrl Pts',(21.3329967550344,1.54235033321483,2.47649981167431));
#3289=CARTESIAN_POINT('Ctrl Pts',(21.4330620599209,1.74146817950399,2.33654430715499));
#3290=CARTESIAN_POINT('Ctrl Pts',(21.4584798627642,1.80846467078472,2.2852169299888));
#3291=CARTESIAN_POINT('Ctrl Pts',(21.4919541657898,1.93834624485681,2.17613756863932));
#3292=CARTESIAN_POINT('Ctrl Pts',(21.5,2.00122697644903,2.1183771307438));
#3293=CARTESIAN_POINT('Ctrl Pts',(21.5,2.1183771307438,2.00122697644903));
#3294=CARTESIAN_POINT('Ctrl Pts',(21.4919541657898,2.17613756863932,1.93834624485681));
#3295=CARTESIAN_POINT('Ctrl Pts',(21.4584798627642,2.2852169299888,1.80846467078472));
#3296=CARTESIAN_POINT('Ctrl Pts',(21.4330620599209,2.33654430715499,1.74146817950399));
#3297=CARTESIAN_POINT('Ctrl Pts',(21.3329967550344,2.47649981167431,1.54235033321483));
#3298=CARTESIAN_POINT('Ctrl Pts',(21.2332783741816,2.55073340662403,1.41200969709848));
#3299=CARTESIAN_POINT('Ctrl Pts',(21.0050125309764,2.6584643366765,1.19692397586357));
#3300=CARTESIAN_POINT('Ctrl Pts',(20.860424175696,2.69948889486483,1.09712303168859));
#3301=CARTESIAN_POINT('Ctrl Pts',(20.6208697167977,2.73823529677446,0.994471815279749));
#3302=CARTESIAN_POINT('Ctrl Pts',(20.5372709951142,2.74757011846122,0.967871046161301));
#3303=CARTESIAN_POINT('Ctrl Pts',(20.3683250955646,2.75972211294388,0.932657374543056));
#3304=CARTESIAN_POINT('Ctrl Pts',(20.2829733051404,2.76254684731582,0.924069216230799));
#3305=CARTESIAN_POINT('Ctrl Pts',(20.1170266948596,2.76254684731582,0.924069216230799));
#3306=CARTESIAN_POINT('Ctrl Pts',(20.0316749044354,2.75972211294388,0.932657374543056));
#3307=CARTESIAN_POINT('Ctrl Pts',(19.8627290048858,2.74757011846122,0.9678710461613));
#3308=CARTESIAN_POINT('Ctrl Pts',(19.7791302832023,2.73823529677446,0.994471815279747));
#3309=CARTESIAN_POINT('Ctrl Pts',(19.539575824304,2.69948889486483,1.09712303168859));
#3310=CARTESIAN_POINT('Ctrl Pts',(19.3949874690236,2.6584643366765,1.19692397586357));
#3311=CARTESIAN_POINT('Ctrl Pts',(19.1667216258184,2.55073340662403,1.41200969709848));
#3312=CARTESIAN_POINT('Ctrl Pts',(19.0670032449656,2.47649981167431,1.54235033321482));
#3313=CARTESIAN_POINT('Ctrl Pts',(18.9669379400791,2.33654430715499,1.74146817950399));
#3314=CARTESIAN_POINT('Ctrl Pts',(18.9415201372358,2.28521692998881,1.80846467078472));
#3315=CARTESIAN_POINT('Ctrl Pts',(18.9080458342102,2.17613756863933,1.93834624485681));
#3316=CARTESIAN_POINT('Ctrl Pts',(18.9,2.1183771307438,2.00122697644903));
#3317=CARTESIAN_POINT('Ctrl Pts',(18.9,2.05980205359641,2.05980205359641));
#3318=CARTESIAN_POINT('Ctrl Pts',(18.9,2.05980205359641,2.05980205359641));
#3319=CARTESIAN_POINT('Ctrl Pts',(18.9,2.00122697644903,2.1183771307438));
#3320=CARTESIAN_POINT('Ctrl Pts',(18.9080458342102,1.93834624485681,2.17613756863932));
#3321=CARTESIAN_POINT('Ctrl Pts',(18.9415201372358,1.80846467078472,2.2852169299888));
#3322=CARTESIAN_POINT('Ctrl Pts',(18.9669379400791,1.74146817950399,2.33654430715499));
#3323=CARTESIAN_POINT('Ctrl Pts',(19.0670032449656,1.54235033321483,2.47649981167431));
#3324=CARTESIAN_POINT('Ctrl Pts',(19.1667216258184,1.41200969709848,2.55073340662403));
#3325=CARTESIAN_POINT('Ctrl Pts',(19.3949874690236,1.19692397586357,2.6584643366765));
#3326=CARTESIAN_POINT('Ctrl Pts',(19.539575824304,1.09712303168859,2.69948889486483));
#3327=CARTESIAN_POINT('Ctrl Pts',(19.7791302832023,0.994471815279749,2.73823529677446));
#3328=CARTESIAN_POINT('Ctrl Pts',(19.8627290048858,0.967871046161301,2.74757011846122));
#3329=CARTESIAN_POINT('Ctrl Pts',(20.0316749044354,0.932657374543056,2.75972211294388));
#3330=CARTESIAN_POINT('Ctrl Pts',(20.1170266948596,0.924069216230799,2.76254684731582));
#3331=CARTESIAN_POINT('Ctrl Pts',(20.2,0.924069216230799,2.76254684731582));
#3332=CARTESIAN_POINT('',(18.9,2.80014285349873,2.80014285349873));
#3333=CARTESIAN_POINT('',(18.9,2.72236110756821,2.72236110756821));
#3334=CARTESIAN_POINT('',(20.2,1.72571865103422,3.56419628211924));
#3335=CARTESIAN_POINT('Ctrl Pts',(20.2,1.72571865103422,3.56419628211924));
#3336=CARTESIAN_POINT('Ctrl Pts',(20.1177030459551,1.72571865103422,3.56419628211924));
#3337=CARTESIAN_POINT('Ctrl Pts',(20.0328107218738,1.73330719957576,3.56055525381667));
#3338=CARTESIAN_POINT('Ctrl Pts',(19.8643551053294,1.76477555257095,3.54506344261882));
#3339=CARTESIAN_POINT('Ctrl Pts',(19.7807891831439,1.78864064583525,3.53321137587591));
#3340=CARTESIAN_POINT('Ctrl Pts',(19.5408779176164,1.88162951174182,3.48510286497274));
#3341=CARTESIAN_POINT('Ctrl Pts',(19.3955240790929,1.97313966600964,3.4354389080603));
#3342=CARTESIAN_POINT('Ctrl Pts',(19.1660481944211,2.1741278880292,3.3118992217394));
#3343=CARTESIAN_POINT('Ctrl Pts',(19.0661845673608,2.29734218926906,3.2295239522561));
#3344=CARTESIAN_POINT('Ctrl Pts',(18.9331280529021,2.55233295552327,3.03202944845714));
#3345=CARTESIAN_POINT('Ctrl Pts',(18.9,2.68380799512111,2.91647771187635));
#3346=CARTESIAN_POINT('Ctrl Pts',(18.9,2.80014285349873,2.80014285349873));
#3347=CARTESIAN_POINT('Ctrl Pts',(18.9,2.80014285349873,2.80014285349873));
#3348=CARTESIAN_POINT('Ctrl Pts',(18.9,2.91647771187635,2.68380799512111));
#3349=CARTESIAN_POINT('Ctrl Pts',(18.9331280529021,3.03202944845714,2.55233295552327));
#3350=CARTESIAN_POINT('Ctrl Pts',(19.0661845673608,3.2295239522561,2.29734218926906));
#3351=CARTESIAN_POINT('Ctrl Pts',(19.1660481944211,3.3118992217394,2.1741278880292));
#3352=CARTESIAN_POINT('Ctrl Pts',(19.3955240790929,3.4354389080603,1.97313966600964));
#3353=CARTESIAN_POINT('Ctrl Pts',(19.5408779176164,3.48510286497274,1.88162951174182));
#3354=CARTESIAN_POINT('Ctrl Pts',(19.7807891831439,3.53321137587591,1.78864064583525));
#3355=CARTESIAN_POINT('Ctrl Pts',(19.8643551053294,3.54506344261882,1.76477555257095));
#3356=CARTESIAN_POINT('Ctrl Pts',(20.0328107218738,3.56055525381667,1.73330719957576));
#3357=CARTESIAN_POINT('Ctrl Pts',(20.1177030459551,3.56419628211924,1.72571865103422));
#3358=CARTESIAN_POINT('Ctrl Pts',(20.2822969540449,3.56419628211924,1.72571865103422));
#3359=CARTESIAN_POINT('Ctrl Pts',(20.3671892781262,3.56055525381667,1.73330719957576));
#3360=CARTESIAN_POINT('Ctrl Pts',(20.5356448946706,3.54506344261882,1.76477555257095));
#3361=CARTESIAN_POINT('Ctrl Pts',(20.6192108168561,3.53321137587591,1.78864064583525));
#3362=CARTESIAN_POINT('Ctrl Pts',(20.8591220823835,3.48510286497274,1.88162951174182));
#3363=CARTESIAN_POINT('Ctrl Pts',(21.0044759209071,3.4354389080603,1.97313966600964));
#3364=CARTESIAN_POINT('Ctrl Pts',(21.2339518055789,3.3118992217394,2.1741278880292));
#3365=CARTESIAN_POINT('Ctrl Pts',(21.3338154326392,3.2295239522561,2.29734218926906));
#3366=CARTESIAN_POINT('Ctrl Pts',(21.4668719470979,3.03202944845714,2.55233295552327));
#3367=CARTESIAN_POINT('Ctrl Pts',(21.5,2.91647771187635,2.68380799512111));
#3368=CARTESIAN_POINT('Ctrl Pts',(21.5,2.68380799512111,2.91647771187635));
#3369=CARTESIAN_POINT('Ctrl Pts',(21.4668719470979,2.55233295552327,3.03202944845714));
#3370=CARTESIAN_POINT('Ctrl Pts',(21.3338154326392,2.29734218926906,3.2295239522561));
#3371=CARTESIAN_POINT('Ctrl Pts',(21.2339518055789,2.1741278880292,3.3118992217394));
#3372=CARTESIAN_POINT('Ctrl Pts',(21.0044759209071,1.97313966600964,3.4354389080603));
#3373=CARTESIAN_POINT('Ctrl Pts',(20.8591220823835,1.88162951174182,3.48510286497274));
#3374=CARTESIAN_POINT('Ctrl Pts',(20.6192108168561,1.78864064583525,3.53321137587591));
#3375=CARTESIAN_POINT('Ctrl Pts',(20.5356448946706,1.76477555257095,3.54506344261882));
#3376=CARTESIAN_POINT('Ctrl Pts',(20.3671892781262,1.73330719957576,3.56055525381667));
#3377=CARTESIAN_POINT('Ctrl Pts',(20.2822969540449,1.72571865103422,3.56419628211924));
#3378=CARTESIAN_POINT('Ctrl Pts',(20.2,1.72571865103422,3.56419628211924));
#3379=CARTESIAN_POINT('Origin',(17.8,-7.07233526507596E-16,-3.85));
#3380=CARTESIAN_POINT('',(17.8,1.3,-2.60683121816507));
#3381=CARTESIAN_POINT('',(16.5,-5.21019574886687E-16,-2.913));
#3382=CARTESIAN_POINT('Ctrl Pts',(17.8,1.3,-2.60683121816507));
#3383=CARTESIAN_POINT('Ctrl Pts',(17.8829733051404,1.3,-2.60683121816507));
#3384=CARTESIAN_POINT('Ctrl Pts',(17.9683250955646,1.29192986619005,-2.61090657431612));
#3385=CARTESIAN_POINT('Ctrl Pts',(18.1372709951142,1.25843728249468,-2.62721364260423));
#3386=CARTESIAN_POINT('Ctrl Pts',(18.2208697167977,1.23302698255038,-2.63942251111679));
#3387=CARTESIAN_POINT('Ctrl Pts',(18.460424175696,1.13304376779376,-2.68461003879965));
#3388=CARTESIAN_POINT('Ctrl Pts',(18.6050125309764,1.03346510010865,-2.72617121990445));
#3389=CARTESIAN_POINT('Ctrl Pts',(18.8332783741816,0.805199256903414,-2.80208252074242));
#3390=CARTESIAN_POINT('Ctrl Pts',(18.9329967550344,0.660543430860577,-2.84175619002365));
#3391=CARTESIAN_POINT('Ctrl Pts',(19.0330620599209,0.420782365184252,-2.88359028307998));
#3392=CARTESIAN_POINT('Ctrl Pts',(19.0584798627642,0.337114755429212,-2.89467001992556));
#3393=CARTESIAN_POINT('Ctrl Pts',(19.0919541657898,0.168143857553942,-2.9093794056054));
#3394=CARTESIAN_POINT('Ctrl Pts',(19.1,0.0828376685188854,-2.913));
#3395=CARTESIAN_POINT('Ctrl Pts',(19.1,-0.0828376685188865,-2.913));
#3396=CARTESIAN_POINT('Ctrl Pts',(19.0919541657898,-0.168143857553943,-2.9093794056054));
#3397=CARTESIAN_POINT('Ctrl Pts',(19.0584798627642,-0.337114755429213,-2.89467001992556));
#3398=CARTESIAN_POINT('Ctrl Pts',(19.0330620599209,-0.420782365184253,-2.88359028307998));
#3399=CARTESIAN_POINT('Ctrl Pts',(18.9329967550344,-0.660543430860578,-2.84175619002365));
#3400=CARTESIAN_POINT('Ctrl Pts',(18.8332783741816,-0.805199256903415,-2.80208252074241));
#3401=CARTESIAN_POINT('Ctrl Pts',(18.6050125309764,-1.03346510010865,-2.72617121990444));
#3402=CARTESIAN_POINT('Ctrl Pts',(18.460424175696,-1.13304376779376,-2.68461003879965));
#3403=CARTESIAN_POINT('Ctrl Pts',(18.2208697167977,-1.23302698255038,-2.63942251111679));
#3404=CARTESIAN_POINT('Ctrl Pts',(18.1372709951142,-1.25843728249468,-2.62721364260423));
#3405=CARTESIAN_POINT('Ctrl Pts',(17.9683250955646,-1.29192986619005,-2.61090657431612));
#3406=CARTESIAN_POINT('Ctrl Pts',(17.8829733051404,-1.3,-2.60683121816507));
#3407=CARTESIAN_POINT('Ctrl Pts',(17.7170266948596,-1.3,-2.60683121816507));
#3408=CARTESIAN_POINT('Ctrl Pts',(17.6316749044354,-1.29192986619005,-2.61090657431612));
#3409=CARTESIAN_POINT('Ctrl Pts',(17.4627290048858,-1.25843728249468,-2.62721364260423));
#3410=CARTESIAN_POINT('Ctrl Pts',(17.3791302832023,-1.23302698255038,-2.63942251111679));
#3411=CARTESIAN_POINT('Ctrl Pts',(17.139575824304,-1.13304376779376,-2.68461003879965));
#3412=CARTESIAN_POINT('Ctrl Pts',(16.9949874690236,-1.03346510010865,-2.72617121990444));
#3413=CARTESIAN_POINT('Ctrl Pts',(16.7667216258184,-0.805199256903415,-2.80208252074241));
#3414=CARTESIAN_POINT('Ctrl Pts',(16.6670032449656,-0.660543430860579,-2.84175619002365));
#3415=CARTESIAN_POINT('Ctrl Pts',(16.5669379400791,-0.420782365184255,-2.88359028307998));
#3416=CARTESIAN_POINT('Ctrl Pts',(16.5415201372358,-0.337114755429214,-2.89467001992556));
#3417=CARTESIAN_POINT('Ctrl Pts',(16.5080458342102,-0.168143857553944,-2.9093794056054));
#3418=CARTESIAN_POINT('Ctrl Pts',(16.5,-0.0828376685188868,-2.913));
#3419=CARTESIAN_POINT('Ctrl Pts',(16.5,-7.21644966006352E-16,-2.913));
#3420=CARTESIAN_POINT('Ctrl Pts',(16.5,-6.66133814775094E-16,-2.913));
#3421=CARTESIAN_POINT('Ctrl Pts',(16.5,0.0828376685188854,-2.913));
#3422=CARTESIAN_POINT('Ctrl Pts',(16.5080458342102,0.168143857553942,-2.9093794056054));
#3423=CARTESIAN_POINT('Ctrl Pts',(16.5415201372358,0.337114755429212,-2.89467001992556));
#3424=CARTESIAN_POINT('Ctrl Pts',(16.5669379400791,0.420782365184252,-2.88359028307998));
#3425=CARTESIAN_POINT('Ctrl Pts',(16.6670032449656,0.660543430860577,-2.84175619002365));
#3426=CARTESIAN_POINT('Ctrl Pts',(16.7667216258184,0.805199256903414,-2.80208252074242));
#3427=CARTESIAN_POINT('Ctrl Pts',(16.9949874690236,1.03346510010865,-2.72617121990445));
#3428=CARTESIAN_POINT('Ctrl Pts',(17.139575824304,1.13304376779376,-2.68461003879965));
#3429=CARTESIAN_POINT('Ctrl Pts',(17.3791302832023,1.23302698255038,-2.63942251111679));
#3430=CARTESIAN_POINT('Ctrl Pts',(17.4627290048858,1.25843728249468,-2.62721364260423));
#3431=CARTESIAN_POINT('Ctrl Pts',(17.6316749044354,1.29192986619005,-2.61090657431612));
#3432=CARTESIAN_POINT('Ctrl Pts',(17.7170266948596,1.3,-2.60683121816507));
#3433=CARTESIAN_POINT('Ctrl Pts',(17.8,1.3,-2.60683121816507));
#3434=CARTESIAN_POINT('',(16.5,-5.68236114804372E-16,-3.96));
#3435=CARTESIAN_POINT('',(16.5,-5.48029442618441E-16,-3.85));
#3436=CARTESIAN_POINT('',(17.8,1.3,-3.7405347211328));
#3437=CARTESIAN_POINT('Ctrl Pts',(17.8,1.3,-3.7405347211328));
#3438=CARTESIAN_POINT('Ctrl Pts',(17.7177030459551,1.3,-3.7405347211328));
#3439=CARTESIAN_POINT('Ctrl Pts',(17.6328107218738,1.29205949006367,-3.74332603946264));
#3440=CARTESIAN_POINT('Ctrl Pts',(17.4643551053294,1.25885363951714,-3.75462316050745));
#3441=CARTESIAN_POINT('Ctrl Pts',(17.3807891831439,1.23359779347131,-3.7631176530233));
#3442=CARTESIAN_POINT('Ctrl Pts',(17.1408779176164,1.13382688152151,-3.79485285638826));
#3443=CARTESIAN_POINT('Ctrl Pts',(16.9955240790929,1.03400171017797,-3.82444258630512));
#3444=CARTESIAN_POINT('Ctrl Pts',(16.7660481944211,0.804525825506145,-3.87920697109062));
#3445=CARTESIAN_POINT('Ctrl Pts',(16.6661845673608,0.659152045906566,-3.90808452738277));
#3446=CARTESIAN_POINT('Ctrl Pts',(16.5331280529021,0.339196643064947,-3.94874052445776));
#3447=CARTESIAN_POINT('Ctrl Pts',(16.5,0.164522334494381,-3.96));
#3448=CARTESIAN_POINT('Ctrl Pts',(16.5,-3.88578058618805E-16,-3.96));
#3449=CARTESIAN_POINT('Ctrl Pts',(16.5,-6.66133814775094E-16,-3.96));
#3450=CARTESIAN_POINT('Ctrl Pts',(16.5,-0.164522334494381,-3.96));
#3451=CARTESIAN_POINT('Ctrl Pts',(16.5331280529021,-0.339196643064946,-3.94874052445776));
#3452=CARTESIAN_POINT('Ctrl Pts',(16.6661845673608,-0.659152045906567,-3.90808452738277));
#3453=CARTESIAN_POINT('Ctrl Pts',(16.7660481944211,-0.804525825506146,-3.87920697109062));
#3454=CARTESIAN_POINT('Ctrl Pts',(16.9955240790929,-1.03400171017797,-3.82444258630512));
#3455=CARTESIAN_POINT('Ctrl Pts',(17.1408779176165,-1.13382688152151,-3.79485285638826));
#3456=CARTESIAN_POINT('Ctrl Pts',(17.3807891831439,-1.23359779347131,-3.7631176530233));
#3457=CARTESIAN_POINT('Ctrl Pts',(17.4643551053294,-1.25885363951714,-3.75462316050745));
#3458=CARTESIAN_POINT('Ctrl Pts',(17.6328107218738,-1.29205949006367,-3.74332603946264));
#3459=CARTESIAN_POINT('Ctrl Pts',(17.7177030459551,-1.3,-3.7405347211328));
#3460=CARTESIAN_POINT('Ctrl Pts',(17.8822969540449,-1.3,-3.7405347211328));
#3461=CARTESIAN_POINT('Ctrl Pts',(17.9671892781262,-1.29205949006367,-3.74332603946264));
#3462=CARTESIAN_POINT('Ctrl Pts',(18.1356448946706,-1.25885363951714,-3.75462316050745));
#3463=CARTESIAN_POINT('Ctrl Pts',(18.2192108168561,-1.23359779347131,-3.7631176530233));
#3464=CARTESIAN_POINT('Ctrl Pts',(18.4591220823836,-1.13382688152151,-3.79485285638826));
#3465=CARTESIAN_POINT('Ctrl Pts',(18.6044759209071,-1.03400171017797,-3.82444258630512));
#3466=CARTESIAN_POINT('Ctrl Pts',(18.8339518055789,-0.804525825506146,-3.87920697109062));
#3467=CARTESIAN_POINT('Ctrl Pts',(18.9338154326392,-0.659152045906567,-3.90808452738277));
#3468=CARTESIAN_POINT('Ctrl Pts',(19.0668719470979,-0.339196643064948,-3.94874052445776));
#3469=CARTESIAN_POINT('Ctrl Pts',(19.1,-0.164522334494382,-3.96));
#3470=CARTESIAN_POINT('Ctrl Pts',(19.1,0.16452233449438,-3.96));
#3471=CARTESIAN_POINT('Ctrl Pts',(19.0668719470979,0.339196643064945,-3.94874052445776));
#3472=CARTESIAN_POINT('Ctrl Pts',(18.9338154326392,0.659152045906566,-3.90808452738277));
#3473=CARTESIAN_POINT('Ctrl Pts',(18.8339518055789,0.804525825506145,-3.87920697109062));
#3474=CARTESIAN_POINT('Ctrl Pts',(18.6044759209071,1.03400171017797,-3.82444258630512));
#3475=CARTESIAN_POINT('Ctrl Pts',(18.4591220823836,1.13382688152151,-3.79485285638826));
#3476=CARTESIAN_POINT('Ctrl Pts',(18.2192108168561,1.23359779347131,-3.7631176530233));
#3477=CARTESIAN_POINT('Ctrl Pts',(18.1356448946706,1.25885363951714,-3.75462316050745));
#3478=CARTESIAN_POINT('Ctrl Pts',(17.9671892781262,1.29205949006367,-3.74332603946264));
#3479=CARTESIAN_POINT('Ctrl Pts',(17.8822969540449,1.3,-3.7405347211328));
#3480=CARTESIAN_POINT('Ctrl Pts',(17.8,1.3,-3.7405347211328));
#3481=CARTESIAN_POINT('Origin',(17.8,-3.85,4.71489017671731E-16));
#3482=CARTESIAN_POINT('',(17.8,-2.60683121816507,-1.3));
#3483=CARTESIAN_POINT('',(16.5,-2.913,2.79179005852822E-16));
#3484=CARTESIAN_POINT('Ctrl Pts',(17.8,-2.60683121816507,-1.3));
#3485=CARTESIAN_POINT('Ctrl Pts',(17.8829733051404,-2.60683121816507,-1.3));
#3486=CARTESIAN_POINT('Ctrl Pts',(17.9683250955646,-2.61090657431612,-1.29192986619005));
#3487=CARTESIAN_POINT('Ctrl Pts',(18.1372709951142,-2.62721364260423,-1.25843728249468));
#3488=CARTESIAN_POINT('Ctrl Pts',(18.2208697167977,-2.63942251111679,-1.23302698255038));
#3489=CARTESIAN_POINT('Ctrl Pts',(18.460424175696,-2.68461003879965,-1.13304376779376));
#3490=CARTESIAN_POINT('Ctrl Pts',(18.6050125309764,-2.72617121990445,-1.03346510010865));
#3491=CARTESIAN_POINT('Ctrl Pts',(18.8332783741816,-2.80208252074242,-0.805199256903414));
#3492=CARTESIAN_POINT('Ctrl Pts',(18.9329967550344,-2.84175619002365,-0.660543430860577));
#3493=CARTESIAN_POINT('Ctrl Pts',(19.0330620599209,-2.88359028307998,-0.420782365184252));
#3494=CARTESIAN_POINT('Ctrl Pts',(19.0584798627642,-2.89467001992556,-0.337114755429212));
#3495=CARTESIAN_POINT('Ctrl Pts',(19.0919541657898,-2.9093794056054,-0.168143857553942));
#3496=CARTESIAN_POINT('Ctrl Pts',(19.1,-2.913,-0.0828376685188855));
#3497=CARTESIAN_POINT('Ctrl Pts',(19.1,-2.913,0.0828376685188862));
#3498=CARTESIAN_POINT('Ctrl Pts',(19.0919541657898,-2.9093794056054,0.168143857553943));
#3499=CARTESIAN_POINT('Ctrl Pts',(19.0584798627642,-2.89467001992556,0.337114755429212));
#3500=CARTESIAN_POINT('Ctrl Pts',(19.0330620599209,-2.88359028307998,0.420782365184253));
#3501=CARTESIAN_POINT('Ctrl Pts',(18.9329967550344,-2.84175619002365,0.660543430860578));
#3502=CARTESIAN_POINT('Ctrl Pts',(18.8332783741816,-2.80208252074241,0.805199256903414));
#3503=CARTESIAN_POINT('Ctrl Pts',(18.6050125309764,-2.72617121990444,1.03346510010865));
#3504=CARTESIAN_POINT('Ctrl Pts',(18.460424175696,-2.68461003879965,1.13304376779376));
#3505=CARTESIAN_POINT('Ctrl Pts',(18.2208697167977,-2.63942251111679,1.23302698255038));
#3506=CARTESIAN_POINT('Ctrl Pts',(18.1372709951142,-2.62721364260423,1.25843728249468));
#3507=CARTESIAN_POINT('Ctrl Pts',(17.9683250955646,-2.61090657431612,1.29192986619005));
#3508=CARTESIAN_POINT('Ctrl Pts',(17.8829733051404,-2.60683121816507,1.3));
#3509=CARTESIAN_POINT('Ctrl Pts',(17.7170266948596,-2.60683121816507,1.3));
#3510=CARTESIAN_POINT('Ctrl Pts',(17.6316749044354,-2.61090657431612,1.29192986619005));
#3511=CARTESIAN_POINT('Ctrl Pts',(17.4627290048858,-2.62721364260423,1.25843728249468));
#3512=CARTESIAN_POINT('Ctrl Pts',(17.3791302832023,-2.63942251111679,1.23302698255037));
#3513=CARTESIAN_POINT('Ctrl Pts',(17.139575824304,-2.68461003879965,1.13304376779376));
#3514=CARTESIAN_POINT('Ctrl Pts',(16.9949874690236,-2.72617121990444,1.03346510010865));
#3515=CARTESIAN_POINT('Ctrl Pts',(16.7667216258184,-2.80208252074241,0.805199256903415));
#3516=CARTESIAN_POINT('Ctrl Pts',(16.6670032449656,-2.84175619002365,0.660543430860579));
#3517=CARTESIAN_POINT('Ctrl Pts',(16.5669379400791,-2.88359028307998,0.420782365184254));
#3518=CARTESIAN_POINT('Ctrl Pts',(16.5415201372358,-2.89467001992556,0.337114755429214));
#3519=CARTESIAN_POINT('Ctrl Pts',(16.5080458342102,-2.9093794056054,0.168143857553944));
#3520=CARTESIAN_POINT('Ctrl Pts',(16.5,-2.913,0.0828376685188865));
#3521=CARTESIAN_POINT('Ctrl Pts',(16.5,-2.913,4.71844785465692E-16));
#3522=CARTESIAN_POINT('Ctrl Pts',(16.5,-2.913,3.33066907387547E-16));
#3523=CARTESIAN_POINT('Ctrl Pts',(16.5,-2.913,-0.0828376685188854));
#3524=CARTESIAN_POINT('Ctrl Pts',(16.5080458342102,-2.9093794056054,-0.168143857553942));
#3525=CARTESIAN_POINT('Ctrl Pts',(16.5415201372358,-2.89467001992556,-0.337114755429211));
#3526=CARTESIAN_POINT('Ctrl Pts',(16.5669379400791,-2.88359028307998,-0.420782365184251));
#3527=CARTESIAN_POINT('Ctrl Pts',(16.6670032449656,-2.84175619002365,-0.660543430860577));
#3528=CARTESIAN_POINT('Ctrl Pts',(16.7667216258184,-2.80208252074242,-0.805199256903413));
#3529=CARTESIAN_POINT('Ctrl Pts',(16.9949874690236,-2.72617121990444,-1.03346510010865));
#3530=CARTESIAN_POINT('Ctrl Pts',(17.139575824304,-2.68461003879965,-1.13304376779376));
#3531=CARTESIAN_POINT('Ctrl Pts',(17.3791302832023,-2.63942251111679,-1.23302698255038));
#3532=CARTESIAN_POINT('Ctrl Pts',(17.4627290048858,-2.62721364260423,-1.25843728249468));
#3533=CARTESIAN_POINT('Ctrl Pts',(17.6316749044354,-2.61090657431612,-1.29192986619005));
#3534=CARTESIAN_POINT('Ctrl Pts',(17.7170266948596,-2.60683121816507,-1.3));
#3535=CARTESIAN_POINT('Ctrl Pts',(17.8,-2.60683121816507,-1.3));
#3536=CARTESIAN_POINT('',(16.5,-3.96,3.25756048573196E-16));
#3537=CARTESIAN_POINT('',(16.5,-3.85,3.12284933782575E-16));
#3538=CARTESIAN_POINT('',(17.8,-3.7405347211328,-1.3));
#3539=CARTESIAN_POINT('Ctrl Pts',(17.8,-3.7405347211328,-1.3));
#3540=CARTESIAN_POINT('Ctrl Pts',(17.7177030459551,-3.7405347211328,-1.3));
#3541=CARTESIAN_POINT('Ctrl Pts',(17.6328107218738,-3.74332603946264,-1.29205949006367));
#3542=CARTESIAN_POINT('Ctrl Pts',(17.4643551053294,-3.75462316050745,-1.25885363951714));
#3543=CARTESIAN_POINT('Ctrl Pts',(17.3807891831439,-3.7631176530233,-1.23359779347131));
#3544=CARTESIAN_POINT('Ctrl Pts',(17.1408779176164,-3.79485285638826,-1.13382688152151));
#3545=CARTESIAN_POINT('Ctrl Pts',(16.9955240790929,-3.82444258630512,-1.03400171017797));
#3546=CARTESIAN_POINT('Ctrl Pts',(16.7660481944211,-3.87920697109062,-0.804525825506145));
#3547=CARTESIAN_POINT('Ctrl Pts',(16.6661845673608,-3.90808452738277,-0.659152045906566));
#3548=CARTESIAN_POINT('Ctrl Pts',(16.5331280529021,-3.94874052445776,-0.339196643064947));
#3549=CARTESIAN_POINT('Ctrl Pts',(16.5,-3.96,-0.164522334494381));
#3550=CARTESIAN_POINT('Ctrl Pts',(16.5,-3.96,1.11022302462516E-16));
#3551=CARTESIAN_POINT('Ctrl Pts',(16.5,-3.96,4.44089209850063E-16));
#3552=CARTESIAN_POINT('Ctrl Pts',(16.5,-3.96,0.164522334494381));
#3553=CARTESIAN_POINT('Ctrl Pts',(16.5331280529021,-3.94874052445776,0.339196643064946));
#3554=CARTESIAN_POINT('Ctrl Pts',(16.6661845673608,-3.90808452738277,0.659152045906567));
#3555=CARTESIAN_POINT('Ctrl Pts',(16.7660481944211,-3.87920697109062,0.804525825506146));
#3556=CARTESIAN_POINT('Ctrl Pts',(16.9955240790929,-3.82444258630512,1.03400171017797));
#3557=CARTESIAN_POINT('Ctrl Pts',(17.1408779176165,-3.79485285638826,1.13382688152151));
#3558=CARTESIAN_POINT('Ctrl Pts',(17.3807891831439,-3.7631176530233,1.23359779347131));
#3559=CARTESIAN_POINT('Ctrl Pts',(17.4643551053294,-3.75462316050745,1.25885363951714));
#3560=CARTESIAN_POINT('Ctrl Pts',(17.6328107218738,-3.74332603946264,1.29205949006367));
#3561=CARTESIAN_POINT('Ctrl Pts',(17.7177030459551,-3.7405347211328,1.3));
#3562=CARTESIAN_POINT('Ctrl Pts',(17.8822969540449,-3.7405347211328,1.3));
#3563=CARTESIAN_POINT('Ctrl Pts',(17.9671892781262,-3.74332603946264,1.29205949006367));
#3564=CARTESIAN_POINT('Ctrl Pts',(18.1356448946706,-3.75462316050745,1.25885363951714));
#3565=CARTESIAN_POINT('Ctrl Pts',(18.2192108168561,-3.7631176530233,1.23359779347131));
#3566=CARTESIAN_POINT('Ctrl Pts',(18.4591220823836,-3.79485285638826,1.13382688152151));
#3567=CARTESIAN_POINT('Ctrl Pts',(18.6044759209071,-3.82444258630512,1.03400171017797));
#3568=CARTESIAN_POINT('Ctrl Pts',(18.8339518055789,-3.87920697109062,0.804525825506146));
#3569=CARTESIAN_POINT('Ctrl Pts',(18.9338154326392,-3.90808452738277,0.659152045906566));
#3570=CARTESIAN_POINT('Ctrl Pts',(19.0668719470979,-3.94874052445776,0.339196643064947));
#3571=CARTESIAN_POINT('Ctrl Pts',(19.1,-3.96,0.164522334494381));
#3572=CARTESIAN_POINT('Ctrl Pts',(19.1,-3.96,-0.16452233449438));
#3573=CARTESIAN_POINT('Ctrl Pts',(19.0668719470979,-3.94874052445776,-0.339196643064946));
#3574=CARTESIAN_POINT('Ctrl Pts',(18.9338154326392,-3.90808452738277,-0.659152045906566));
#3575=CARTESIAN_POINT('Ctrl Pts',(18.8339518055789,-3.87920697109062,-0.804525825506145));
#3576=CARTESIAN_POINT('Ctrl Pts',(18.6044759209071,-3.82444258630512,-1.03400171017797));
#3577=CARTESIAN_POINT('Ctrl Pts',(18.4591220823836,-3.79485285638826,-1.13382688152151));
#3578=CARTESIAN_POINT('Ctrl Pts',(18.2192108168561,-3.7631176530233,-1.23359779347131));
#3579=CARTESIAN_POINT('Ctrl Pts',(18.1356448946706,-3.75462316050745,-1.25885363951714));
#3580=CARTESIAN_POINT('Ctrl Pts',(17.9671892781262,-3.74332603946264,-1.29205949006367));
#3581=CARTESIAN_POINT('Ctrl Pts',(17.8822969540449,-3.7405347211328,-1.3));
#3582=CARTESIAN_POINT('Ctrl Pts',(17.8,-3.7405347211328,-1.3));
#3583=CARTESIAN_POINT('Origin',(17.8,2.35744508835866E-16,3.85));
#3584=CARTESIAN_POINT('',(17.8,-1.3,2.60683121816507));
#3585=CARTESIAN_POINT('',(19.1,-1.50614230680183E-16,2.913));
#3586=CARTESIAN_POINT('Ctrl Pts',(17.8,-1.3,2.60683121816507));
#3587=CARTESIAN_POINT('Ctrl Pts',(17.8829733051404,-1.3,2.60683121816507));
#3588=CARTESIAN_POINT('Ctrl Pts',(17.9683250955646,-1.29192986619005,2.61090657431612));
#3589=CARTESIAN_POINT('Ctrl Pts',(18.1372709951142,-1.25843728249468,2.62721364260423));
#3590=CARTESIAN_POINT('Ctrl Pts',(18.2208697167977,-1.23302698255038,2.63942251111679));
#3591=CARTESIAN_POINT('Ctrl Pts',(18.460424175696,-1.13304376779376,2.68461003879965));
#3592=CARTESIAN_POINT('Ctrl Pts',(18.6050125309764,-1.03346510010865,2.72617121990444));
#3593=CARTESIAN_POINT('Ctrl Pts',(18.8332783741816,-0.805199256903414,2.80208252074241));
#3594=CARTESIAN_POINT('Ctrl Pts',(18.9329967550344,-0.660543430860578,2.84175619002365));
#3595=CARTESIAN_POINT('Ctrl Pts',(19.0330620599209,-0.420782365184254,2.88359028307998));
#3596=CARTESIAN_POINT('Ctrl Pts',(19.0584798627642,-0.337114755429213,2.89467001992556));
#3597=CARTESIAN_POINT('Ctrl Pts',(19.0919541657898,-0.168143857553943,2.9093794056054));
#3598=CARTESIAN_POINT('Ctrl Pts',(19.1,-0.0828376685188856,2.913));
#3599=CARTESIAN_POINT('Ctrl Pts',(19.1,2.77555756156289E-16,2.913));
#3600=CARTESIAN_POINT('',(16.5,1.48360739281473E-16,2.913));
#3601=CARTESIAN_POINT('Ctrl Pts',(16.5,2.4980018054066E-16,2.913));
#3602=CARTESIAN_POINT('Ctrl Pts',(16.5,-0.0828376685188855,2.913));
#3603=CARTESIAN_POINT('Ctrl Pts',(16.5080458342102,-0.168143857553942,2.9093794056054));
#3604=CARTESIAN_POINT('Ctrl Pts',(16.5415201372358,-0.337114755429212,2.89467001992556));
#3605=CARTESIAN_POINT('Ctrl Pts',(16.5669379400791,-0.420782365184252,2.88359028307998));
#3606=CARTESIAN_POINT('Ctrl Pts',(16.6670032449656,-0.660543430860577,2.84175619002365));
#3607=CARTESIAN_POINT('Ctrl Pts',(16.7667216258184,-0.805199256903414,2.80208252074242));
#3608=CARTESIAN_POINT('Ctrl Pts',(16.9949874690236,-1.03346510010865,2.72617121990445));
#3609=CARTESIAN_POINT('Ctrl Pts',(17.139575824304,-1.13304376779376,2.68461003879965));
#3610=CARTESIAN_POINT('Ctrl Pts',(17.3791302832023,-1.23302698255038,2.63942251111679));
#3611=CARTESIAN_POINT('Ctrl Pts',(17.4627290048858,-1.25843728249468,2.62721364260423));
#3612=CARTESIAN_POINT('Ctrl Pts',(17.6316749044354,-1.29192986619005,2.61090657431612));
#3613=CARTESIAN_POINT('Ctrl Pts',(17.7170266948596,-1.3,2.60683121816507));
#3614=CARTESIAN_POINT('Ctrl Pts',(17.8,-1.3,2.60683121816507));
#3615=CARTESIAN_POINT('',(16.5,8.327598234202E-17,3.96));
#3616=CARTESIAN_POINT('',(16.5,7.65404249467096E-17,3.85));
#3617=CARTESIAN_POINT('',(17.8,-1.3,3.7405347211328));
#3618=CARTESIAN_POINT('Ctrl Pts',(17.8,-1.3,3.7405347211328));
#3619=CARTESIAN_POINT('Ctrl Pts',(17.7177030459551,-1.3,3.7405347211328));
#3620=CARTESIAN_POINT('Ctrl Pts',(17.6328107218738,-1.29205949006367,3.74332603946264));
#3621=CARTESIAN_POINT('Ctrl Pts',(17.4643551053294,-1.25885363951714,3.75462316050745));
#3622=CARTESIAN_POINT('Ctrl Pts',(17.3807891831439,-1.23359779347131,3.7631176530233));
#3623=CARTESIAN_POINT('Ctrl Pts',(17.1408779176164,-1.13382688152151,3.79485285638826));
#3624=CARTESIAN_POINT('Ctrl Pts',(16.9955240790929,-1.03400171017797,3.82444258630512));
#3625=CARTESIAN_POINT('Ctrl Pts',(16.7660481944211,-0.804525825506146,3.87920697109062));
#3626=CARTESIAN_POINT('Ctrl Pts',(16.6661845673608,-0.659152045906566,3.90808452738277));
#3627=CARTESIAN_POINT('Ctrl Pts',(16.5331280529021,-0.339196643064947,3.94874052445776));
#3628=CARTESIAN_POINT('Ctrl Pts',(16.5,-0.164522334494381,3.96));
#3629=CARTESIAN_POINT('Ctrl Pts',(16.5,2.77555756156289E-16,3.96));
#3630=CARTESIAN_POINT('',(19.1,-7.59466125374025E-17,3.96));
#3631=CARTESIAN_POINT('Ctrl Pts',(19.1,3.33066907387547E-16,3.96));
#3632=CARTESIAN_POINT('Ctrl Pts',(19.1,-0.16452233449438,3.96));
#3633=CARTESIAN_POINT('Ctrl Pts',(19.0668719470979,-0.339196643064946,3.94874052445776));
#3634=CARTESIAN_POINT('Ctrl Pts',(18.9338154326392,-0.659152045906567,3.90808452738277));
#3635=CARTESIAN_POINT('Ctrl Pts',(18.8339518055789,-0.804525825506145,3.87920697109062));
#3636=CARTESIAN_POINT('Ctrl Pts',(18.6044759209071,-1.03400171017797,3.82444258630512));
#3637=CARTESIAN_POINT('Ctrl Pts',(18.4591220823836,-1.13382688152151,3.79485285638826));
#3638=CARTESIAN_POINT('Ctrl Pts',(18.2192108168561,-1.23359779347131,3.7631176530233));
#3639=CARTESIAN_POINT('Ctrl Pts',(18.1356448946706,-1.25885363951714,3.75462316050745));
#3640=CARTESIAN_POINT('Ctrl Pts',(17.9671892781262,-1.29205949006367,3.74332603946264));
#3641=CARTESIAN_POINT('Ctrl Pts',(17.8822969540449,-1.3,3.7405347211328));
#3642=CARTESIAN_POINT('Ctrl Pts',(17.8,-1.3,3.7405347211328));
#3643=CARTESIAN_POINT('Ctrl Pts',(16.5,5.55111512312578E-17,3.96));
#3644=CARTESIAN_POINT('Ctrl Pts',(16.5,0.164522334494381,3.96));
#3645=CARTESIAN_POINT('Ctrl Pts',(16.5331280529021,0.339196643064946,3.94874052445776));
#3646=CARTESIAN_POINT('Ctrl Pts',(16.6661845673608,0.659152045906566,3.90808452738277));
#3647=CARTESIAN_POINT('Ctrl Pts',(16.7660481944211,0.804525825506145,3.87920697109062));
#3648=CARTESIAN_POINT('Ctrl Pts',(16.9955240790929,1.03400171017797,3.82444258630512));
#3649=CARTESIAN_POINT('Ctrl Pts',(17.1408779176165,1.13382688152151,3.79485285638826));
#3650=CARTESIAN_POINT('Ctrl Pts',(17.3807891831439,1.23359779347131,3.7631176530233));
#3651=CARTESIAN_POINT('Ctrl Pts',(17.4643551053294,1.25885363951714,3.75462316050745));
#3652=CARTESIAN_POINT('Ctrl Pts',(17.6328107218738,1.29205949006367,3.74332603946264));
#3653=CARTESIAN_POINT('Ctrl Pts',(17.7177030459551,1.3,3.7405347211328));
#3654=CARTESIAN_POINT('Ctrl Pts',(17.8822969540449,1.3,3.7405347211328));
#3655=CARTESIAN_POINT('Ctrl Pts',(17.9671892781262,1.29205949006367,3.74332603946264));
#3656=CARTESIAN_POINT('Ctrl Pts',(18.1356448946706,1.25885363951714,3.75462316050745));
#3657=CARTESIAN_POINT('Ctrl Pts',(18.2192108168561,1.23359779347131,3.7631176530233));
#3658=CARTESIAN_POINT('Ctrl Pts',(18.4591220823836,1.13382688152151,3.79485285638826));
#3659=CARTESIAN_POINT('Ctrl Pts',(18.6044759209071,1.03400171017797,3.82444258630512));
#3660=CARTESIAN_POINT('Ctrl Pts',(18.8339518055789,0.804525825506145,3.87920697109062));
#3661=CARTESIAN_POINT('Ctrl Pts',(18.9338154326392,0.659152045906567,3.90808452738277));
#3662=CARTESIAN_POINT('Ctrl Pts',(19.0668719470979,0.339196643064948,3.94874052445776));
#3663=CARTESIAN_POINT('Ctrl Pts',(19.1,0.164522334494381,3.96));
#3664=CARTESIAN_POINT('Ctrl Pts',(19.1,6.66133814775094E-16,3.96));
#3665=CARTESIAN_POINT('Ctrl Pts',(19.1,8.32667268468867E-17,2.913));
#3666=CARTESIAN_POINT('Ctrl Pts',(19.1,0.082837668518886,2.913));
#3667=CARTESIAN_POINT('Ctrl Pts',(19.0919541657898,0.168143857553943,2.9093794056054));
#3668=CARTESIAN_POINT('Ctrl Pts',(19.0584798627642,0.337114755429212,2.89467001992556));
#3669=CARTESIAN_POINT('Ctrl Pts',(19.0330620599209,0.420782365184253,2.88359028307998));
#3670=CARTESIAN_POINT('Ctrl Pts',(18.9329967550344,0.660543430860578,2.84175619002365));
#3671=CARTESIAN_POINT('Ctrl Pts',(18.8332783741816,0.805199256903414,2.80208252074241));
#3672=CARTESIAN_POINT('Ctrl Pts',(18.6050125309764,1.03346510010865,2.72617121990444));
#3673=CARTESIAN_POINT('Ctrl Pts',(18.460424175696,1.13304376779376,2.68461003879965));
#3674=CARTESIAN_POINT('Ctrl Pts',(18.2208697167977,1.23302698255038,2.63942251111679));
#3675=CARTESIAN_POINT('Ctrl Pts',(18.1372709951142,1.25843728249468,2.62721364260423));
#3676=CARTESIAN_POINT('Ctrl Pts',(17.9683250955646,1.29192986619005,2.61090657431612));
#3677=CARTESIAN_POINT('Ctrl Pts',(17.8829733051404,1.3,2.60683121816507));
#3678=CARTESIAN_POINT('Ctrl Pts',(17.7170266948596,1.3,2.60683121816507));
#3679=CARTESIAN_POINT('Ctrl Pts',(17.6316749044354,1.29192986619005,2.61090657431612));
#3680=CARTESIAN_POINT('Ctrl Pts',(17.4627290048858,1.25843728249468,2.62721364260423));
#3681=CARTESIAN_POINT('Ctrl Pts',(17.3791302832023,1.23302698255037,2.63942251111679));
#3682=CARTESIAN_POINT('Ctrl Pts',(17.139575824304,1.13304376779376,2.68461003879965));
#3683=CARTESIAN_POINT('Ctrl Pts',(16.9949874690236,1.03346510010865,2.72617121990444));
#3684=CARTESIAN_POINT('Ctrl Pts',(16.7667216258184,0.805199256903415,2.80208252074241));
#3685=CARTESIAN_POINT('Ctrl Pts',(16.6670032449656,0.660543430860579,2.84175619002365));
#3686=CARTESIAN_POINT('Ctrl Pts',(16.5669379400791,0.420782365184254,2.88359028307998));
#3687=CARTESIAN_POINT('Ctrl Pts',(16.5415201372358,0.337114755429214,2.89467001992556));
#3688=CARTESIAN_POINT('Ctrl Pts',(16.5080458342102,0.168143857553944,2.9093794056054));
#3689=CARTESIAN_POINT('Ctrl Pts',(16.5,0.0828376685188864,2.913));
#3690=CARTESIAN_POINT('Ctrl Pts',(16.5,3.05311331771918E-16,2.913));
#3691=CARTESIAN_POINT('Origin',(17.8,3.85,0.));
#3692=CARTESIAN_POINT('',(17.8,2.60683121816507,1.3));
#3693=CARTESIAN_POINT('',(16.5,2.913,5.18464663289491E-17));
#3694=CARTESIAN_POINT('Ctrl Pts',(17.8,2.60683121816507,1.3));
#3695=CARTESIAN_POINT('Ctrl Pts',(17.8829733051404,2.60683121816507,1.3));
#3696=CARTESIAN_POINT('Ctrl Pts',(17.9683250955646,2.61090657431612,1.29192986619005));
#3697=CARTESIAN_POINT('Ctrl Pts',(18.1372709951142,2.62721364260423,1.25843728249468));
#3698=CARTESIAN_POINT('Ctrl Pts',(18.2208697167977,2.63942251111679,1.23302698255038));
#3699=CARTESIAN_POINT('Ctrl Pts',(18.460424175696,2.68461003879965,1.13304376779376));
#3700=CARTESIAN_POINT('Ctrl Pts',(18.6050125309764,2.72617121990444,1.03346510010865));
#3701=CARTESIAN_POINT('Ctrl Pts',(18.8332783741816,2.80208252074241,0.805199256903414));
#3702=CARTESIAN_POINT('Ctrl Pts',(18.9329967550344,2.84175619002365,0.660543430860578));
#3703=CARTESIAN_POINT('Ctrl Pts',(19.0330620599209,2.88359028307998,0.420782365184254));
#3704=CARTESIAN_POINT('Ctrl Pts',(19.0584798627642,2.89467001992556,0.337114755429213));
#3705=CARTESIAN_POINT('Ctrl Pts',(19.0919541657898,2.9093794056054,0.168143857553943));
#3706=CARTESIAN_POINT('Ctrl Pts',(19.1,2.913,0.0828376685188859));
#3707=CARTESIAN_POINT('Ctrl Pts',(19.1,2.913,-0.0828376685188859));
#3708=CARTESIAN_POINT('Ctrl Pts',(19.0919541657898,2.9093794056054,-0.168143857553943));
#3709=CARTESIAN_POINT('Ctrl Pts',(19.0584798627642,2.89467001992556,-0.337114755429212));
#3710=CARTESIAN_POINT('Ctrl Pts',(19.0330620599209,2.88359028307998,-0.420782365184252));
#3711=CARTESIAN_POINT('Ctrl Pts',(18.9329967550344,2.84175619002365,-0.660543430860577));
#3712=CARTESIAN_POINT('Ctrl Pts',(18.8332783741816,2.80208252074241,-0.805199256903414));
#3713=CARTESIAN_POINT('Ctrl Pts',(18.6050125309764,2.72617121990444,-1.03346510010865));
#3714=CARTESIAN_POINT('Ctrl Pts',(18.460424175696,2.68461003879965,-1.13304376779376));
#3715=CARTESIAN_POINT('Ctrl Pts',(18.2208697167977,2.63942251111679,-1.23302698255038));
#3716=CARTESIAN_POINT('Ctrl Pts',(18.1372709951142,2.62721364260423,-1.25843728249468));
#3717=CARTESIAN_POINT('Ctrl Pts',(17.9683250955646,2.61090657431612,-1.29192986619005));
#3718=CARTESIAN_POINT('Ctrl Pts',(17.8829733051404,2.60683121816507,-1.3));
#3719=CARTESIAN_POINT('Ctrl Pts',(17.7170266948596,2.60683121816507,-1.3));
#3720=CARTESIAN_POINT('Ctrl Pts',(17.6316749044354,2.61090657431612,-1.29192986619005));
#3721=CARTESIAN_POINT('Ctrl Pts',(17.4627290048858,2.62721364260423,-1.25843728249468));
#3722=CARTESIAN_POINT('Ctrl Pts',(17.3791302832023,2.63942251111679,-1.23302698255037));
#3723=CARTESIAN_POINT('Ctrl Pts',(17.139575824304,2.68461003879965,-1.13304376779376));
#3724=CARTESIAN_POINT('Ctrl Pts',(16.9949874690236,2.72617121990444,-1.03346510010865));
#3725=CARTESIAN_POINT('Ctrl Pts',(16.7667216258184,2.80208252074241,-0.805199256903414));
#3726=CARTESIAN_POINT('Ctrl Pts',(16.6670032449656,2.84175619002365,-0.660543430860579));
#3727=CARTESIAN_POINT('Ctrl Pts',(16.5669379400791,2.88359028307998,-0.420782365184254));
#3728=CARTESIAN_POINT('Ctrl Pts',(16.5415201372358,2.89467001992556,-0.337114755429213));
#3729=CARTESIAN_POINT('Ctrl Pts',(16.5080458342102,2.9093794056054,-0.168143857553943));
#3730=CARTESIAN_POINT('Ctrl Pts',(16.5,2.913,-0.0828376685188862));
#3731=CARTESIAN_POINT('Ctrl Pts',(16.5,2.913,-1.66533453693773E-16));
#3732=CARTESIAN_POINT('Ctrl Pts',(16.5,2.913,-8.32667268468867E-17));
#3733=CARTESIAN_POINT('Ctrl Pts',(16.5,2.913,0.0828376685188857));
#3734=CARTESIAN_POINT('Ctrl Pts',(16.5080458342102,2.9093794056054,0.168143857553942));
#3735=CARTESIAN_POINT('Ctrl Pts',(16.5415201372358,2.89467001992556,0.337114755429212));
#3736=CARTESIAN_POINT('Ctrl Pts',(16.5669379400791,2.88359028307998,0.420782365184252));
#3737=CARTESIAN_POINT('Ctrl Pts',(16.6670032449656,2.84175619002365,0.660543430860577));
#3738=CARTESIAN_POINT('Ctrl Pts',(16.7667216258184,2.80208252074242,0.805199256903414));
#3739=CARTESIAN_POINT('Ctrl Pts',(16.9949874690236,2.72617121990445,1.03346510010865));
#3740=CARTESIAN_POINT('Ctrl Pts',(17.139575824304,2.68461003879965,1.13304376779376));
#3741=CARTESIAN_POINT('Ctrl Pts',(17.3791302832023,2.63942251111679,1.23302698255038));
#3742=CARTESIAN_POINT('Ctrl Pts',(17.4627290048858,2.62721364260423,1.25843728249468));
#3743=CARTESIAN_POINT('Ctrl Pts',(17.6316749044354,2.61090657431612,1.29192986619005));
#3744=CARTESIAN_POINT('Ctrl Pts',(17.7170266948596,2.60683121816507,1.3));
#3745=CARTESIAN_POINT('Ctrl Pts',(17.8,2.60683121816507,1.3));
#3746=CARTESIAN_POINT('',(16.5,3.96,1.59204083889156E-16));
#3747=CARTESIAN_POINT('',(16.5,3.85,1.59204083889156E-16));
#3748=CARTESIAN_POINT('',(17.8,3.7405347211328,1.3));
#3749=CARTESIAN_POINT('Ctrl Pts',(17.8,3.7405347211328,1.3));
#3750=CARTESIAN_POINT('Ctrl Pts',(17.7177030459551,3.7405347211328,1.3));
#3751=CARTESIAN_POINT('Ctrl Pts',(17.6328107218738,3.74332603946264,1.29205949006367));
#3752=CARTESIAN_POINT('Ctrl Pts',(17.4643551053294,3.75462316050745,1.25885363951714));
#3753=CARTESIAN_POINT('Ctrl Pts',(17.3807891831439,3.7631176530233,1.23359779347131));
#3754=CARTESIAN_POINT('Ctrl Pts',(17.1408779176164,3.79485285638826,1.13382688152151));
#3755=CARTESIAN_POINT('Ctrl Pts',(16.9955240790929,3.82444258630512,1.03400171017797));
#3756=CARTESIAN_POINT('Ctrl Pts',(16.7660481944211,3.87920697109062,0.804525825506146));
#3757=CARTESIAN_POINT('Ctrl Pts',(16.6661845673608,3.90808452738277,0.659152045906567));
#3758=CARTESIAN_POINT('Ctrl Pts',(16.5331280529021,3.94874052445776,0.339196643064948));
#3759=CARTESIAN_POINT('Ctrl Pts',(16.5,3.96,0.164522334494381));
#3760=CARTESIAN_POINT('Ctrl Pts',(16.5,3.96,-5.55111512312578E-17));
#3761=CARTESIAN_POINT('Ctrl Pts',(16.5,3.96,2.22044604925031E-16));
#3762=CARTESIAN_POINT('Ctrl Pts',(16.5,3.96,-0.16452233449438));
#3763=CARTESIAN_POINT('Ctrl Pts',(16.5331280529021,3.94874052445776,-0.339196643064946));
#3764=CARTESIAN_POINT('Ctrl Pts',(16.6661845673608,3.90808452738277,-0.659152045906566));
#3765=CARTESIAN_POINT('Ctrl Pts',(16.7660481944211,3.87920697109062,-0.804525825506145));
#3766=CARTESIAN_POINT('Ctrl Pts',(16.9955240790929,3.82444258630512,-1.03400171017797));
#3767=CARTESIAN_POINT('Ctrl Pts',(17.1408779176165,3.79485285638826,-1.13382688152151));
#3768=CARTESIAN_POINT('Ctrl Pts',(17.3807891831439,3.7631176530233,-1.23359779347131));
#3769=CARTESIAN_POINT('Ctrl Pts',(17.4643551053294,3.75462316050745,-1.25885363951714));
#3770=CARTESIAN_POINT('Ctrl Pts',(17.6328107218738,3.74332603946264,-1.29205949006367));
#3771=CARTESIAN_POINT('Ctrl Pts',(17.7177030459551,3.7405347211328,-1.3));
#3772=CARTESIAN_POINT('Ctrl Pts',(17.8822969540449,3.7405347211328,-1.3));
#3773=CARTESIAN_POINT('Ctrl Pts',(17.9671892781262,3.74332603946264,-1.29205949006367));
#3774=CARTESIAN_POINT('Ctrl Pts',(18.1356448946706,3.75462316050745,-1.25885363951714));
#3775=CARTESIAN_POINT('Ctrl Pts',(18.2192108168561,3.7631176530233,-1.23359779347131));
#3776=CARTESIAN_POINT('Ctrl Pts',(18.4591220823836,3.79485285638826,-1.13382688152151));
#3777=CARTESIAN_POINT('Ctrl Pts',(18.6044759209071,3.82444258630512,-1.03400171017797));
#3778=CARTESIAN_POINT('Ctrl Pts',(18.8339518055789,3.87920697109062,-0.804525825506145));
#3779=CARTESIAN_POINT('Ctrl Pts',(18.9338154326392,3.90808452738277,-0.659152045906566));
#3780=CARTESIAN_POINT('Ctrl Pts',(19.0668719470979,3.94874052445776,-0.339196643064947));
#3781=CARTESIAN_POINT('Ctrl Pts',(19.1,3.96,-0.164522334494381));
#3782=CARTESIAN_POINT('Ctrl Pts',(19.1,3.96,0.164522334494381));
#3783=CARTESIAN_POINT('Ctrl Pts',(19.0668719470979,3.94874052445776,0.339196643064947));
#3784=CARTESIAN_POINT('Ctrl Pts',(18.9338154326392,3.90808452738277,0.659152045906566));
#3785=CARTESIAN_POINT('Ctrl Pts',(18.8339518055789,3.87920697109062,0.804525825506145));
#3786=CARTESIAN_POINT('Ctrl Pts',(18.6044759209071,3.82444258630512,1.03400171017797));
#3787=CARTESIAN_POINT('Ctrl Pts',(18.4591220823836,3.79485285638826,1.13382688152151));
#3788=CARTESIAN_POINT('Ctrl Pts',(18.2192108168561,3.7631176530233,1.23359779347131));
#3789=CARTESIAN_POINT('Ctrl Pts',(18.1356448946706,3.75462316050745,1.25885363951714));
#3790=CARTESIAN_POINT('Ctrl Pts',(17.9671892781262,3.74332603946264,1.29205949006367));
#3791=CARTESIAN_POINT('Ctrl Pts',(17.8822969540449,3.7405347211328,1.3));
#3792=CARTESIAN_POINT('Ctrl Pts',(17.8,3.7405347211328,1.3));
#3793=CARTESIAN_POINT('Origin',(15.4,2.72236110756821,-2.72236110756821));
#3794=CARTESIAN_POINT('',(15.4,2.76254684731582,-0.9240692162308));
#3795=CARTESIAN_POINT('',(14.1,2.05980205359641,-2.05980205359641));
#3796=CARTESIAN_POINT('Ctrl Pts',(15.4,2.76254684731582,-0.9240692162308));
#3797=CARTESIAN_POINT('Ctrl Pts',(15.4829733051404,2.76254684731582,-0.9240692162308));
#3798=CARTESIAN_POINT('Ctrl Pts',(15.5683250955646,2.75972211294388,-0.932657374543057));
#3799=CARTESIAN_POINT('Ctrl Pts',(15.7372709951142,2.74757011846122,-0.967871046161303));
#3800=CARTESIAN_POINT('Ctrl Pts',(15.8208697167977,2.73823529677446,-0.99447181527975));
#3801=CARTESIAN_POINT('Ctrl Pts',(16.060424175696,2.69948889486483,-1.09712303168859));
#3802=CARTESIAN_POINT('Ctrl Pts',(16.2050125309764,2.6584643366765,-1.19692397586357));
#3803=CARTESIAN_POINT('Ctrl Pts',(16.4332783741816,2.55073340662403,-1.41200969709848));
#3804=CARTESIAN_POINT('Ctrl Pts',(16.5329967550344,2.47649981167431,-1.54235033321483));
#3805=CARTESIAN_POINT('Ctrl Pts',(16.6330620599209,2.33654430715499,-1.74146817950399));
#3806=CARTESIAN_POINT('Ctrl Pts',(16.6584798627642,2.2852169299888,-1.80846467078472));
#3807=CARTESIAN_POINT('Ctrl Pts',(16.6919541657898,2.17613756863932,-1.93834624485681));
#3808=CARTESIAN_POINT('Ctrl Pts',(16.7,2.1183771307438,-2.00122697644903));
#3809=CARTESIAN_POINT('Ctrl Pts',(16.7,2.00122697644902,-2.1183771307438));
#3810=CARTESIAN_POINT('Ctrl Pts',(16.6919541657898,1.93834624485681,-2.17613756863933));
#3811=CARTESIAN_POINT('Ctrl Pts',(16.6584798627642,1.80846467078472,-2.2852169299888));
#3812=CARTESIAN_POINT('Ctrl Pts',(16.6330620599209,1.74146817950399,-2.33654430715499));
#3813=CARTESIAN_POINT('Ctrl Pts',(16.5329967550344,1.54235033321482,-2.47649981167431));
#3814=CARTESIAN_POINT('Ctrl Pts',(16.4332783741816,1.41200969709848,-2.55073340662403));
#3815=CARTESIAN_POINT('Ctrl Pts',(16.2050125309764,1.19692397586357,-2.6584643366765));
#3816=CARTESIAN_POINT('Ctrl Pts',(16.060424175696,1.09712303168859,-2.69948889486483));
#3817=CARTESIAN_POINT('Ctrl Pts',(15.8208697167977,0.994471815279748,-2.73823529677446));
#3818=CARTESIAN_POINT('Ctrl Pts',(15.7372709951142,0.967871046161302,-2.74757011846122));
#3819=CARTESIAN_POINT('Ctrl Pts',(15.5683250955646,0.932657374543056,-2.75972211294388));
#3820=CARTESIAN_POINT('Ctrl Pts',(15.4829733051404,0.924069216230799,-2.76254684731582));
#3821=CARTESIAN_POINT('Ctrl Pts',(15.3170266948596,0.924069216230799,-2.76254684731582));
#3822=CARTESIAN_POINT('Ctrl Pts',(15.2316749044354,0.932657374543056,-2.75972211294388));
#3823=CARTESIAN_POINT('Ctrl Pts',(15.0627290048858,0.967871046161302,-2.74757011846122));
#3824=CARTESIAN_POINT('Ctrl Pts',(14.9791302832023,0.994471815279748,-2.73823529677446));
#3825=CARTESIAN_POINT('Ctrl Pts',(14.739575824304,1.09712303168859,-2.69948889486483));
#3826=CARTESIAN_POINT('Ctrl Pts',(14.5949874690236,1.19692397586357,-2.6584643366765));
#3827=CARTESIAN_POINT('Ctrl Pts',(14.3667216258184,1.41200969709848,-2.55073340662403));
#3828=CARTESIAN_POINT('Ctrl Pts',(14.2670032449656,1.54235033321482,-2.47649981167431));
#3829=CARTESIAN_POINT('Ctrl Pts',(14.1669379400791,1.74146817950399,-2.33654430715499));
#3830=CARTESIAN_POINT('Ctrl Pts',(14.1415201372358,1.80846467078472,-2.2852169299888));
#3831=CARTESIAN_POINT('Ctrl Pts',(14.1080458342102,1.93834624485681,-2.17613756863933));
#3832=CARTESIAN_POINT('Ctrl Pts',(14.1,2.00122697644902,-2.1183771307438));
#3833=CARTESIAN_POINT('Ctrl Pts',(14.1,2.05980205359641,-2.05980205359641));
#3834=CARTESIAN_POINT('Ctrl Pts',(14.1,2.05980205359641,-2.05980205359641));
#3835=CARTESIAN_POINT('Ctrl Pts',(14.1,2.1183771307438,-2.00122697644903));
#3836=CARTESIAN_POINT('Ctrl Pts',(14.1080458342102,2.17613756863932,-1.93834624485681));
#3837=CARTESIAN_POINT('Ctrl Pts',(14.1415201372358,2.2852169299888,-1.80846467078472));
#3838=CARTESIAN_POINT('Ctrl Pts',(14.1669379400791,2.33654430715499,-1.74146817950399));
#3839=CARTESIAN_POINT('Ctrl Pts',(14.2670032449656,2.47649981167431,-1.54235033321483));
#3840=CARTESIAN_POINT('Ctrl Pts',(14.3667216258184,2.55073340662403,-1.41200969709848));
#3841=CARTESIAN_POINT('Ctrl Pts',(14.5949874690236,2.6584643366765,-1.19692397586357));
#3842=CARTESIAN_POINT('Ctrl Pts',(14.739575824304,2.69948889486483,-1.09712303168859));
#3843=CARTESIAN_POINT('Ctrl Pts',(14.9791302832023,2.73823529677446,-0.994471815279748));
#3844=CARTESIAN_POINT('Ctrl Pts',(15.0627290048858,2.74757011846122,-0.967871046161302));
#3845=CARTESIAN_POINT('Ctrl Pts',(15.2316749044354,2.75972211294388,-0.932657374543057));
#3846=CARTESIAN_POINT('Ctrl Pts',(15.3170266948596,2.76254684731582,-0.9240692162308));
#3847=CARTESIAN_POINT('Ctrl Pts',(15.4,2.76254684731582,-0.9240692162308));
#3848=CARTESIAN_POINT('',(14.1,2.80014285349873,-2.80014285349873));
#3849=CARTESIAN_POINT('',(14.1,2.72236110756821,-2.72236110756821));
#3850=CARTESIAN_POINT('',(15.4,3.56419628211924,-1.72571865103422));
#3851=CARTESIAN_POINT('Ctrl Pts',(15.4,3.56419628211924,-1.72571865103422));
#3852=CARTESIAN_POINT('Ctrl Pts',(15.3177030459551,3.56419628211924,-1.72571865103422));
#3853=CARTESIAN_POINT('Ctrl Pts',(15.2328107218738,3.56055525381667,-1.73330719957576));
#3854=CARTESIAN_POINT('Ctrl Pts',(15.0643551053294,3.54506344261882,-1.76477555257096));
#3855=CARTESIAN_POINT('Ctrl Pts',(14.9807891831439,3.53321137587591,-1.78864064583525));
#3856=CARTESIAN_POINT('Ctrl Pts',(14.7408779176164,3.48510286497274,-1.88162951174182));
#3857=CARTESIAN_POINT('Ctrl Pts',(14.5955240790929,3.4354389080603,-1.97313966600964));
#3858=CARTESIAN_POINT('Ctrl Pts',(14.3660481944211,3.3118992217394,-2.1741278880292));
#3859=CARTESIAN_POINT('Ctrl Pts',(14.2661845673608,3.2295239522561,-2.29734218926906));
#3860=CARTESIAN_POINT('Ctrl Pts',(14.1331280529021,3.03202944845714,-2.55233295552327));
#3861=CARTESIAN_POINT('Ctrl Pts',(14.1,2.91647771187635,-2.68380799512111));
#3862=CARTESIAN_POINT('Ctrl Pts',(14.1,2.80014285349873,-2.80014285349873));
#3863=CARTESIAN_POINT('Ctrl Pts',(14.1,2.80014285349873,-2.80014285349873));
#3864=CARTESIAN_POINT('Ctrl Pts',(14.1,2.68380799512111,-2.91647771187635));
#3865=CARTESIAN_POINT('Ctrl Pts',(14.1331280529021,2.55233295552327,-3.03202944845714));
#3866=CARTESIAN_POINT('Ctrl Pts',(14.2661845673608,2.29734218926906,-3.2295239522561));
#3867=CARTESIAN_POINT('Ctrl Pts',(14.3660481944211,2.1741278880292,-3.31189922173941));
#3868=CARTESIAN_POINT('Ctrl Pts',(14.5955240790929,1.97313966600964,-3.4354389080603));
#3869=CARTESIAN_POINT('Ctrl Pts',(14.7408779176164,1.88162951174182,-3.48510286497274));
#3870=CARTESIAN_POINT('Ctrl Pts',(14.9807891831439,1.78864064583525,-3.53321137587591));
#3871=CARTESIAN_POINT('Ctrl Pts',(15.0643551053294,1.76477555257095,-3.54506344261882));
#3872=CARTESIAN_POINT('Ctrl Pts',(15.2328107218738,1.73330719957576,-3.56055525381667));
#3873=CARTESIAN_POINT('Ctrl Pts',(15.3177030459551,1.72571865103422,-3.56419628211924));
#3874=CARTESIAN_POINT('Ctrl Pts',(15.4822969540449,1.72571865103422,-3.56419628211924));
#3875=CARTESIAN_POINT('Ctrl Pts',(15.5671892781262,1.73330719957576,-3.56055525381667));
#3876=CARTESIAN_POINT('Ctrl Pts',(15.7356448946706,1.76477555257095,-3.54506344261882));
#3877=CARTESIAN_POINT('Ctrl Pts',(15.8192108168561,1.78864064583525,-3.53321137587591));
#3878=CARTESIAN_POINT('Ctrl Pts',(16.0591220823836,1.88162951174182,-3.48510286497274));
#3879=CARTESIAN_POINT('Ctrl Pts',(16.2044759209071,1.97313966600964,-3.4354389080603));
#3880=CARTESIAN_POINT('Ctrl Pts',(16.4339518055789,2.1741278880292,-3.31189922173941));
#3881=CARTESIAN_POINT('Ctrl Pts',(16.5338154326392,2.29734218926906,-3.2295239522561));
#3882=CARTESIAN_POINT('Ctrl Pts',(16.6668719470978,2.55233295552327,-3.03202944845714));
#3883=CARTESIAN_POINT('Ctrl Pts',(16.7,2.68380799512111,-2.91647771187635));
#3884=CARTESIAN_POINT('Ctrl Pts',(16.7,2.91647771187635,-2.68380799512111));
#3885=CARTESIAN_POINT('Ctrl Pts',(16.6668719470978,3.03202944845714,-2.55233295552327));
#3886=CARTESIAN_POINT('Ctrl Pts',(16.5338154326392,3.2295239522561,-2.29734218926906));
#3887=CARTESIAN_POINT('Ctrl Pts',(16.4339518055789,3.3118992217394,-2.1741278880292));
#3888=CARTESIAN_POINT('Ctrl Pts',(16.2044759209071,3.4354389080603,-1.97313966600964));
#3889=CARTESIAN_POINT('Ctrl Pts',(16.0591220823836,3.48510286497274,-1.88162951174182));
#3890=CARTESIAN_POINT('Ctrl Pts',(15.8192108168561,3.53321137587591,-1.78864064583525));
#3891=CARTESIAN_POINT('Ctrl Pts',(15.7356448946706,3.54506344261882,-1.76477555257096));
#3892=CARTESIAN_POINT('Ctrl Pts',(15.5671892781262,3.56055525381667,-1.73330719957576));
#3893=CARTESIAN_POINT('Ctrl Pts',(15.4822969540449,3.56419628211924,-1.72571865103422));
#3894=CARTESIAN_POINT('Ctrl Pts',(15.4,3.56419628211924,-1.72571865103422));
#3895=CARTESIAN_POINT('Origin',(15.4,-2.72236110756821,-2.72236110756821));
#3896=CARTESIAN_POINT('',(15.4,-0.9240692162308,-2.76254684731582));
#3897=CARTESIAN_POINT('',(14.1,-2.05980205359641,-2.05980205359641));
#3898=CARTESIAN_POINT('Ctrl Pts',(15.4,-0.9240692162308,-2.76254684731582));
#3899=CARTESIAN_POINT('Ctrl Pts',(15.4829733051404,-0.9240692162308,-2.76254684731582));
#3900=CARTESIAN_POINT('Ctrl Pts',(15.5683250955646,-0.932657374543057,-2.75972211294388));
#3901=CARTESIAN_POINT('Ctrl Pts',(15.7372709951142,-0.967871046161303,-2.74757011846122));
#3902=CARTESIAN_POINT('Ctrl Pts',(15.8208697167977,-0.994471815279749,-2.73823529677446));
#3903=CARTESIAN_POINT('Ctrl Pts',(16.060424175696,-1.09712303168859,-2.69948889486483));
#3904=CARTESIAN_POINT('Ctrl Pts',(16.2050125309764,-1.19692397586357,-2.6584643366765));
#3905=CARTESIAN_POINT('Ctrl Pts',(16.4332783741816,-1.41200969709848,-2.55073340662403));
#3906=CARTESIAN_POINT('Ctrl Pts',(16.5329967550344,-1.54235033321482,-2.47649981167431));
#3907=CARTESIAN_POINT('Ctrl Pts',(16.6330620599209,-1.74146817950399,-2.33654430715499));
#3908=CARTESIAN_POINT('Ctrl Pts',(16.6584798627642,-1.80846467078472,-2.2852169299888));
#3909=CARTESIAN_POINT('Ctrl Pts',(16.6919541657898,-1.93834624485681,-2.17613756863933));
#3910=CARTESIAN_POINT('Ctrl Pts',(16.7,-2.00122697644903,-2.1183771307438));
#3911=CARTESIAN_POINT('Ctrl Pts',(16.7,-2.1183771307438,-2.00122697644903));
#3912=CARTESIAN_POINT('Ctrl Pts',(16.6919541657898,-2.17613756863933,-1.93834624485681));
#3913=CARTESIAN_POINT('Ctrl Pts',(16.6584798627642,-2.2852169299888,-1.80846467078472));
#3914=CARTESIAN_POINT('Ctrl Pts',(16.6330620599209,-2.33654430715499,-1.74146817950399));
#3915=CARTESIAN_POINT('Ctrl Pts',(16.5329967550344,-2.47649981167431,-1.54235033321482));
#3916=CARTESIAN_POINT('Ctrl Pts',(16.4332783741816,-2.55073340662403,-1.41200969709848));
#3917=CARTESIAN_POINT('Ctrl Pts',(16.2050125309764,-2.6584643366765,-1.19692397586357));
#3918=CARTESIAN_POINT('Ctrl Pts',(16.060424175696,-2.69948889486483,-1.09712303168859));
#3919=CARTESIAN_POINT('Ctrl Pts',(15.8208697167977,-2.73823529677446,-0.994471815279748));
#3920=CARTESIAN_POINT('Ctrl Pts',(15.7372709951142,-2.74757011846122,-0.967871046161303));
#3921=CARTESIAN_POINT('Ctrl Pts',(15.5683250955646,-2.75972211294388,-0.932657374543056));
#3922=CARTESIAN_POINT('Ctrl Pts',(15.4829733051404,-2.76254684731582,-0.924069216230799));
#3923=CARTESIAN_POINT('Ctrl Pts',(15.3170266948596,-2.76254684731582,-0.924069216230799));
#3924=CARTESIAN_POINT('Ctrl Pts',(15.2316749044354,-2.75972211294388,-0.932657374543056));
#3925=CARTESIAN_POINT('Ctrl Pts',(15.0627290048858,-2.74757011846122,-0.967871046161302));
#3926=CARTESIAN_POINT('Ctrl Pts',(14.9791302832023,-2.73823529677446,-0.994471815279748));
#3927=CARTESIAN_POINT('Ctrl Pts',(14.739575824304,-2.69948889486483,-1.09712303168859));
#3928=CARTESIAN_POINT('Ctrl Pts',(14.5949874690236,-2.6584643366765,-1.19692397586357));
#3929=CARTESIAN_POINT('Ctrl Pts',(14.3667216258184,-2.55073340662403,-1.41200969709848));
#3930=CARTESIAN_POINT('Ctrl Pts',(14.2670032449656,-2.47649981167431,-1.54235033321482));
#3931=CARTESIAN_POINT('Ctrl Pts',(14.1669379400791,-2.33654430715499,-1.74146817950399));
#3932=CARTESIAN_POINT('Ctrl Pts',(14.1415201372358,-2.2852169299888,-1.80846467078472));
#3933=CARTESIAN_POINT('Ctrl Pts',(14.1080458342102,-2.17613756863933,-1.93834624485681));
#3934=CARTESIAN_POINT('Ctrl Pts',(14.1,-2.1183771307438,-2.00122697644902));
#3935=CARTESIAN_POINT('Ctrl Pts',(14.1,-2.05980205359641,-2.05980205359641));
#3936=CARTESIAN_POINT('Ctrl Pts',(14.1,-2.05980205359641,-2.05980205359641));
#3937=CARTESIAN_POINT('Ctrl Pts',(14.1,-2.00122697644902,-2.1183771307438));
#3938=CARTESIAN_POINT('Ctrl Pts',(14.1080458342102,-1.93834624485681,-2.17613756863932));
#3939=CARTESIAN_POINT('Ctrl Pts',(14.1415201372358,-1.80846467078472,-2.2852169299888));
#3940=CARTESIAN_POINT('Ctrl Pts',(14.1669379400791,-1.74146817950399,-2.33654430715499));
#3941=CARTESIAN_POINT('Ctrl Pts',(14.2670032449656,-1.54235033321482,-2.47649981167431));
#3942=CARTESIAN_POINT('Ctrl Pts',(14.3667216258184,-1.41200969709848,-2.55073340662403));
#3943=CARTESIAN_POINT('Ctrl Pts',(14.5949874690236,-1.19692397586357,-2.6584643366765));
#3944=CARTESIAN_POINT('Ctrl Pts',(14.739575824304,-1.09712303168859,-2.69948889486483));
#3945=CARTESIAN_POINT('Ctrl Pts',(14.9791302832023,-0.994471815279748,-2.73823529677446));
#3946=CARTESIAN_POINT('Ctrl Pts',(15.0627290048858,-0.967871046161302,-2.74757011846122));
#3947=CARTESIAN_POINT('Ctrl Pts',(15.2316749044354,-0.932657374543057,-2.75972211294388));
#3948=CARTESIAN_POINT('Ctrl Pts',(15.3170266948596,-0.9240692162308,-2.76254684731582));
#3949=CARTESIAN_POINT('Ctrl Pts',(15.4,-0.9240692162308,-2.76254684731582));
#3950=CARTESIAN_POINT('',(14.1,-2.80014285349873,-2.80014285349873));
#3951=CARTESIAN_POINT('',(14.1,-2.72236110756821,-2.72236110756821));
#3952=CARTESIAN_POINT('',(15.4,-1.72571865103422,-3.56419628211924));
#3953=CARTESIAN_POINT('Ctrl Pts',(15.4,-1.72571865103422,-3.56419628211924));
#3954=CARTESIAN_POINT('Ctrl Pts',(15.3177030459551,-1.72571865103422,-3.56419628211924));
#3955=CARTESIAN_POINT('Ctrl Pts',(15.2328107218738,-1.73330719957576,-3.56055525381667));
#3956=CARTESIAN_POINT('Ctrl Pts',(15.0643551053294,-1.76477555257095,-3.54506344261882));
#3957=CARTESIAN_POINT('Ctrl Pts',(14.9807891831439,-1.78864064583525,-3.53321137587591));
#3958=CARTESIAN_POINT('Ctrl Pts',(14.7408779176164,-1.88162951174182,-3.48510286497274));
#3959=CARTESIAN_POINT('Ctrl Pts',(14.5955240790929,-1.97313966600964,-3.4354389080603));
#3960=CARTESIAN_POINT('Ctrl Pts',(14.3660481944211,-2.1741278880292,-3.3118992217394));
#3961=CARTESIAN_POINT('Ctrl Pts',(14.2661845673608,-2.29734218926906,-3.2295239522561));
#3962=CARTESIAN_POINT('Ctrl Pts',(14.1331280529021,-2.55233295552327,-3.03202944845714));
#3963=CARTESIAN_POINT('Ctrl Pts',(14.1,-2.68380799512111,-2.91647771187635));
#3964=CARTESIAN_POINT('Ctrl Pts',(14.1,-2.80014285349873,-2.80014285349873));
#3965=CARTESIAN_POINT('Ctrl Pts',(14.1,-2.80014285349873,-2.80014285349873));
#3966=CARTESIAN_POINT('Ctrl Pts',(14.1,-2.91647771187635,-2.68380799512111));
#3967=CARTESIAN_POINT('Ctrl Pts',(14.1331280529021,-3.03202944845714,-2.55233295552327));
#3968=CARTESIAN_POINT('Ctrl Pts',(14.2661845673608,-3.2295239522561,-2.29734218926906));
#3969=CARTESIAN_POINT('Ctrl Pts',(14.3660481944211,-3.31189922173941,-2.1741278880292));
#3970=CARTESIAN_POINT('Ctrl Pts',(14.5955240790929,-3.4354389080603,-1.97313966600964));
#3971=CARTESIAN_POINT('Ctrl Pts',(14.7408779176164,-3.48510286497274,-1.88162951174182));
#3972=CARTESIAN_POINT('Ctrl Pts',(14.9807891831439,-3.53321137587591,-1.78864064583525));
#3973=CARTESIAN_POINT('Ctrl Pts',(15.0643551053294,-3.54506344261882,-1.76477555257095));
#3974=CARTESIAN_POINT('Ctrl Pts',(15.2328107218738,-3.56055525381667,-1.73330719957576));
#3975=CARTESIAN_POINT('Ctrl Pts',(15.3177030459551,-3.56419628211924,-1.72571865103422));
#3976=CARTESIAN_POINT('Ctrl Pts',(15.4822969540449,-3.56419628211924,-1.72571865103422));
#3977=CARTESIAN_POINT('Ctrl Pts',(15.5671892781262,-3.56055525381667,-1.73330719957576));
#3978=CARTESIAN_POINT('Ctrl Pts',(15.7356448946706,-3.54506344261882,-1.76477555257095));
#3979=CARTESIAN_POINT('Ctrl Pts',(15.8192108168561,-3.53321137587591,-1.78864064583525));
#3980=CARTESIAN_POINT('Ctrl Pts',(16.0591220823836,-3.48510286497274,-1.88162951174182));
#3981=CARTESIAN_POINT('Ctrl Pts',(16.2044759209071,-3.4354389080603,-1.97313966600964));
#3982=CARTESIAN_POINT('Ctrl Pts',(16.4339518055789,-3.31189922173941,-2.1741278880292));
#3983=CARTESIAN_POINT('Ctrl Pts',(16.5338154326392,-3.2295239522561,-2.29734218926906));
#3984=CARTESIAN_POINT('Ctrl Pts',(16.6668719470978,-3.03202944845714,-2.55233295552327));
#3985=CARTESIAN_POINT('Ctrl Pts',(16.7,-2.91647771187635,-2.68380799512111));
#3986=CARTESIAN_POINT('Ctrl Pts',(16.7,-2.68380799512111,-2.91647771187635));
#3987=CARTESIAN_POINT('Ctrl Pts',(16.6668719470979,-2.55233295552327,-3.03202944845714));
#3988=CARTESIAN_POINT('Ctrl Pts',(16.5338154326392,-2.29734218926906,-3.2295239522561));
#3989=CARTESIAN_POINT('Ctrl Pts',(16.4339518055789,-2.1741278880292,-3.3118992217394));
#3990=CARTESIAN_POINT('Ctrl Pts',(16.2044759209071,-1.97313966600964,-3.4354389080603));
#3991=CARTESIAN_POINT('Ctrl Pts',(16.0591220823836,-1.88162951174182,-3.48510286497274));
#3992=CARTESIAN_POINT('Ctrl Pts',(15.8192108168561,-1.78864064583525,-3.53321137587591));
#3993=CARTESIAN_POINT('Ctrl Pts',(15.7356448946706,-1.76477555257096,-3.54506344261882));
#3994=CARTESIAN_POINT('Ctrl Pts',(15.5671892781262,-1.73330719957576,-3.56055525381667));
#3995=CARTESIAN_POINT('Ctrl Pts',(15.4822969540449,-1.72571865103422,-3.56419628211924));
#3996=CARTESIAN_POINT('Ctrl Pts',(15.4,-1.72571865103422,-3.56419628211924));
#3997=CARTESIAN_POINT('Origin',(15.4,-2.72236110756821,2.72236110756821));
#3998=CARTESIAN_POINT('',(15.4,-2.76254684731582,0.9240692162308));
#3999=CARTESIAN_POINT('',(14.1,-2.05980205359641,2.05980205359641));
#4000=CARTESIAN_POINT('Ctrl Pts',(15.4,-2.76254684731582,0.9240692162308));
#4001=CARTESIAN_POINT('Ctrl Pts',(15.4829733051404,-2.76254684731582,0.9240692162308));
#4002=CARTESIAN_POINT('Ctrl Pts',(15.5683250955646,-2.75972211294388,0.932657374543056));
#4003=CARTESIAN_POINT('Ctrl Pts',(15.7372709951142,-2.74757011846122,0.967871046161302));
#4004=CARTESIAN_POINT('Ctrl Pts',(15.8208697167977,-2.73823529677446,0.994471815279749));
#4005=CARTESIAN_POINT('Ctrl Pts',(16.060424175696,-2.69948889486483,1.09712303168859));
#4006=CARTESIAN_POINT('Ctrl Pts',(16.2050125309764,-2.6584643366765,1.19692397586357));
#4007=CARTESIAN_POINT('Ctrl Pts',(16.4332783741816,-2.55073340662403,1.41200969709848));
#4008=CARTESIAN_POINT('Ctrl Pts',(16.5329967550344,-2.47649981167431,1.54235033321482));
#4009=CARTESIAN_POINT('Ctrl Pts',(16.6330620599209,-2.33654430715499,1.74146817950399));
#4010=CARTESIAN_POINT('Ctrl Pts',(16.6584798627642,-2.28521692998881,1.80846467078472));
#4011=CARTESIAN_POINT('Ctrl Pts',(16.6919541657898,-2.17613756863933,1.93834624485681));
#4012=CARTESIAN_POINT('Ctrl Pts',(16.7,-2.1183771307438,2.00122697644903));
#4013=CARTESIAN_POINT('Ctrl Pts',(16.7,-2.00122697644902,2.1183771307438));
#4014=CARTESIAN_POINT('Ctrl Pts',(16.6919541657898,-1.93834624485681,2.17613756863933));
#4015=CARTESIAN_POINT('Ctrl Pts',(16.6584798627642,-1.80846467078472,2.2852169299888));
#4016=CARTESIAN_POINT('Ctrl Pts',(16.6330620599209,-1.74146817950399,2.33654430715499));
#4017=CARTESIAN_POINT('Ctrl Pts',(16.5329967550344,-1.54235033321482,2.47649981167431));
#4018=CARTESIAN_POINT('Ctrl Pts',(16.4332783741816,-1.41200969709848,2.55073340662403));
#4019=CARTESIAN_POINT('Ctrl Pts',(16.2050125309764,-1.19692397586357,2.6584643366765));
#4020=CARTESIAN_POINT('Ctrl Pts',(16.060424175696,-1.09712303168859,2.69948889486483));
#4021=CARTESIAN_POINT('Ctrl Pts',(15.8208697167977,-0.994471815279748,2.73823529677446));
#4022=CARTESIAN_POINT('Ctrl Pts',(15.7372709951142,-0.967871046161303,2.74757011846122));
#4023=CARTESIAN_POINT('Ctrl Pts',(15.5683250955646,-0.932657374543056,2.75972211294388));
#4024=CARTESIAN_POINT('Ctrl Pts',(15.4829733051404,-0.9240692162308,2.76254684731582));
#4025=CARTESIAN_POINT('Ctrl Pts',(15.3170266948596,-0.9240692162308,2.76254684731582));
#4026=CARTESIAN_POINT('Ctrl Pts',(15.2316749044354,-0.932657374543056,2.75972211294388));
#4027=CARTESIAN_POINT('Ctrl Pts',(15.0627290048858,-0.967871046161303,2.74757011846122));
#4028=CARTESIAN_POINT('Ctrl Pts',(14.9791302832023,-0.994471815279748,2.73823529677446));
#4029=CARTESIAN_POINT('Ctrl Pts',(14.739575824304,-1.09712303168859,2.69948889486483));
#4030=CARTESIAN_POINT('Ctrl Pts',(14.5949874690236,-1.19692397586357,2.6584643366765));
#4031=CARTESIAN_POINT('Ctrl Pts',(14.3667216258184,-1.41200969709848,2.55073340662403));
#4032=CARTESIAN_POINT('Ctrl Pts',(14.2670032449656,-1.54235033321482,2.47649981167431));
#4033=CARTESIAN_POINT('Ctrl Pts',(14.1669379400791,-1.74146817950399,2.33654430715499));
#4034=CARTESIAN_POINT('Ctrl Pts',(14.1415201372358,-1.80846467078472,2.2852169299888));
#4035=CARTESIAN_POINT('Ctrl Pts',(14.1080458342102,-1.93834624485681,2.17613756863933));
#4036=CARTESIAN_POINT('Ctrl Pts',(14.1,-2.00122697644902,2.1183771307438));
#4037=CARTESIAN_POINT('Ctrl Pts',(14.1,-2.05980205359641,2.05980205359641));
#4038=CARTESIAN_POINT('Ctrl Pts',(14.1,-2.05980205359641,2.05980205359641));
#4039=CARTESIAN_POINT('Ctrl Pts',(14.1,-2.1183771307438,2.00122697644903));
#4040=CARTESIAN_POINT('Ctrl Pts',(14.1080458342102,-2.17613756863932,1.93834624485681));
#4041=CARTESIAN_POINT('Ctrl Pts',(14.1415201372358,-2.2852169299888,1.80846467078472));
#4042=CARTESIAN_POINT('Ctrl Pts',(14.1669379400791,-2.33654430715499,1.74146817950399));
#4043=CARTESIAN_POINT('Ctrl Pts',(14.2670032449656,-2.47649981167431,1.54235033321483));
#4044=CARTESIAN_POINT('Ctrl Pts',(14.3667216258184,-2.55073340662403,1.41200969709848));
#4045=CARTESIAN_POINT('Ctrl Pts',(14.5949874690236,-2.6584643366765,1.19692397586357));
#4046=CARTESIAN_POINT('Ctrl Pts',(14.739575824304,-2.69948889486483,1.09712303168859));
#4047=CARTESIAN_POINT('Ctrl Pts',(14.9791302832023,-2.73823529677447,0.994471815279748));
#4048=CARTESIAN_POINT('Ctrl Pts',(15.0627290048858,-2.74757011846122,0.967871046161302));
#4049=CARTESIAN_POINT('Ctrl Pts',(15.2316749044354,-2.75972211294388,0.932657374543056));
#4050=CARTESIAN_POINT('Ctrl Pts',(15.3170266948596,-2.76254684731582,0.9240692162308));
#4051=CARTESIAN_POINT('Ctrl Pts',(15.4,-2.76254684731582,0.9240692162308));
#4052=CARTESIAN_POINT('',(14.1,-2.80014285349873,2.80014285349873));
#4053=CARTESIAN_POINT('',(14.1,-2.72236110756821,2.72236110756821));
#4054=CARTESIAN_POINT('',(15.4,-3.56419628211924,1.72571865103422));
#4055=CARTESIAN_POINT('Ctrl Pts',(15.4,-3.56419628211924,1.72571865103422));
#4056=CARTESIAN_POINT('Ctrl Pts',(15.3177030459551,-3.56419628211924,1.72571865103422));
#4057=CARTESIAN_POINT('Ctrl Pts',(15.2328107218738,-3.56055525381667,1.73330719957576));
#4058=CARTESIAN_POINT('Ctrl Pts',(15.0643551053294,-3.54506344261882,1.76477555257095));
#4059=CARTESIAN_POINT('Ctrl Pts',(14.9807891831439,-3.53321137587591,1.78864064583525));
#4060=CARTESIAN_POINT('Ctrl Pts',(14.7408779176164,-3.48510286497274,1.88162951174182));
#4061=CARTESIAN_POINT('Ctrl Pts',(14.5955240790929,-3.4354389080603,1.97313966600964));
#4062=CARTESIAN_POINT('Ctrl Pts',(14.3660481944211,-3.3118992217394,2.1741278880292));
#4063=CARTESIAN_POINT('Ctrl Pts',(14.2661845673608,-3.2295239522561,2.29734218926906));
#4064=CARTESIAN_POINT('Ctrl Pts',(14.1331280529021,-3.03202944845714,2.55233295552327));
#4065=CARTESIAN_POINT('Ctrl Pts',(14.1,-2.91647771187635,2.68380799512111));
#4066=CARTESIAN_POINT('Ctrl Pts',(14.1,-2.80014285349873,2.80014285349873));
#4067=CARTESIAN_POINT('Ctrl Pts',(14.1,-2.80014285349873,2.80014285349873));
#4068=CARTESIAN_POINT('Ctrl Pts',(14.1,-2.68380799512111,2.91647771187635));
#4069=CARTESIAN_POINT('Ctrl Pts',(14.1331280529021,-2.55233295552327,3.03202944845714));
#4070=CARTESIAN_POINT('Ctrl Pts',(14.2661845673608,-2.29734218926906,3.2295239522561));
#4071=CARTESIAN_POINT('Ctrl Pts',(14.3660481944211,-2.1741278880292,3.3118992217394));
#4072=CARTESIAN_POINT('Ctrl Pts',(14.5955240790929,-1.97313966600964,3.4354389080603));
#4073=CARTESIAN_POINT('Ctrl Pts',(14.7408779176164,-1.88162951174182,3.48510286497274));
#4074=CARTESIAN_POINT('Ctrl Pts',(14.9807891831439,-1.78864064583525,3.53321137587591));
#4075=CARTESIAN_POINT('Ctrl Pts',(15.0643551053294,-1.76477555257096,3.54506344261882));
#4076=CARTESIAN_POINT('Ctrl Pts',(15.2328107218738,-1.73330719957576,3.56055525381667));
#4077=CARTESIAN_POINT('Ctrl Pts',(15.3177030459551,-1.72571865103422,3.56419628211924));
#4078=CARTESIAN_POINT('Ctrl Pts',(15.4822969540449,-1.72571865103422,3.56419628211924));
#4079=CARTESIAN_POINT('Ctrl Pts',(15.5671892781262,-1.73330719957576,3.56055525381667));
#4080=CARTESIAN_POINT('Ctrl Pts',(15.7356448946706,-1.76477555257095,3.54506344261882));
#4081=CARTESIAN_POINT('Ctrl Pts',(15.8192108168561,-1.78864064583525,3.53321137587591));
#4082=CARTESIAN_POINT('Ctrl Pts',(16.0591220823836,-1.88162951174182,3.48510286497274));
#4083=CARTESIAN_POINT('Ctrl Pts',(16.2044759209071,-1.97313966600964,3.4354389080603));
#4084=CARTESIAN_POINT('Ctrl Pts',(16.4339518055789,-2.1741278880292,3.3118992217394));
#4085=CARTESIAN_POINT('Ctrl Pts',(16.5338154326392,-2.29734218926906,3.2295239522561));
#4086=CARTESIAN_POINT('Ctrl Pts',(16.6668719470979,-2.55233295552327,3.03202944845714));
#4087=CARTESIAN_POINT('Ctrl Pts',(16.7,-2.68380799512111,2.91647771187635));
#4088=CARTESIAN_POINT('Ctrl Pts',(16.7,-2.91647771187635,2.68380799512111));
#4089=CARTESIAN_POINT('Ctrl Pts',(16.6668719470979,-3.03202944845714,2.55233295552327));
#4090=CARTESIAN_POINT('Ctrl Pts',(16.5338154326392,-3.2295239522561,2.29734218926906));
#4091=CARTESIAN_POINT('Ctrl Pts',(16.4339518055789,-3.3118992217394,2.1741278880292));
#4092=CARTESIAN_POINT('Ctrl Pts',(16.2044759209071,-3.4354389080603,1.97313966600964));
#4093=CARTESIAN_POINT('Ctrl Pts',(16.0591220823836,-3.48510286497274,1.88162951174182));
#4094=CARTESIAN_POINT('Ctrl Pts',(15.8192108168561,-3.53321137587591,1.78864064583525));
#4095=CARTESIAN_POINT('Ctrl Pts',(15.7356448946706,-3.54506344261882,1.76477555257095));
#4096=CARTESIAN_POINT('Ctrl Pts',(15.5671892781262,-3.56055525381667,1.73330719957576));
#4097=CARTESIAN_POINT('Ctrl Pts',(15.4822969540449,-3.56419628211924,1.72571865103422));
#4098=CARTESIAN_POINT('Ctrl Pts',(15.4,-3.56419628211924,1.72571865103422));
#4099=CARTESIAN_POINT('Origin',(15.4,2.72236110756821,2.72236110756821));
#4100=CARTESIAN_POINT('',(15.4,0.9240692162308,2.76254684731582));
#4101=CARTESIAN_POINT('',(14.1,2.05980205359641,2.05980205359641));
#4102=CARTESIAN_POINT('Ctrl Pts',(15.4,0.9240692162308,2.76254684731582));
#4103=CARTESIAN_POINT('Ctrl Pts',(15.4829733051404,0.9240692162308,2.76254684731582));
#4104=CARTESIAN_POINT('Ctrl Pts',(15.5683250955646,0.932657374543056,2.75972211294388));
#4105=CARTESIAN_POINT('Ctrl Pts',(15.7372709951142,0.967871046161302,2.74757011846122));
#4106=CARTESIAN_POINT('Ctrl Pts',(15.8208697167977,0.994471815279749,2.73823529677446));
#4107=CARTESIAN_POINT('Ctrl Pts',(16.060424175696,1.09712303168859,2.69948889486483));
#4108=CARTESIAN_POINT('Ctrl Pts',(16.2050125309764,1.19692397586357,2.6584643366765));
#4109=CARTESIAN_POINT('Ctrl Pts',(16.4332783741816,1.41200969709848,2.55073340662403));
#4110=CARTESIAN_POINT('Ctrl Pts',(16.5329967550344,1.54235033321482,2.47649981167431));
#4111=CARTESIAN_POINT('Ctrl Pts',(16.6330620599209,1.74146817950399,2.33654430715499));
#4112=CARTESIAN_POINT('Ctrl Pts',(16.6584798627642,1.80846467078472,2.2852169299888));
#4113=CARTESIAN_POINT('Ctrl Pts',(16.6919541657898,1.93834624485681,2.17613756863933));
#4114=CARTESIAN_POINT('Ctrl Pts',(16.7,2.00122697644903,2.1183771307438));
#4115=CARTESIAN_POINT('Ctrl Pts',(16.7,2.1183771307438,2.00122697644903));
#4116=CARTESIAN_POINT('Ctrl Pts',(16.6919541657898,2.17613756863932,1.93834624485681));
#4117=CARTESIAN_POINT('Ctrl Pts',(16.6584798627642,2.2852169299888,1.80846467078472));
#4118=CARTESIAN_POINT('Ctrl Pts',(16.6330620599209,2.33654430715499,1.74146817950399));
#4119=CARTESIAN_POINT('Ctrl Pts',(16.5329967550344,2.47649981167431,1.54235033321482));
#4120=CARTESIAN_POINT('Ctrl Pts',(16.4332783741816,2.55073340662403,1.41200969709848));
#4121=CARTESIAN_POINT('Ctrl Pts',(16.2050125309764,2.6584643366765,1.19692397586357));
#4122=CARTESIAN_POINT('Ctrl Pts',(16.060424175696,2.69948889486483,1.09712303168859));
#4123=CARTESIAN_POINT('Ctrl Pts',(15.8208697167977,2.73823529677446,0.994471815279749));
#4124=CARTESIAN_POINT('Ctrl Pts',(15.7372709951142,2.74757011846122,0.967871046161302));
#4125=CARTESIAN_POINT('Ctrl Pts',(15.5683250955646,2.75972211294388,0.932657374543056));
#4126=CARTESIAN_POINT('Ctrl Pts',(15.4829733051404,2.76254684731582,0.924069216230799));
#4127=CARTESIAN_POINT('Ctrl Pts',(15.3170266948596,2.76254684731582,0.924069216230799));
#4128=CARTESIAN_POINT('Ctrl Pts',(15.2316749044354,2.75972211294388,0.932657374543056));
#4129=CARTESIAN_POINT('Ctrl Pts',(15.0627290048858,2.74757011846122,0.967871046161302));
#4130=CARTESIAN_POINT('Ctrl Pts',(14.9791302832023,2.73823529677446,0.994471815279747));
#4131=CARTESIAN_POINT('Ctrl Pts',(14.739575824304,2.69948889486483,1.09712303168859));
#4132=CARTESIAN_POINT('Ctrl Pts',(14.5949874690236,2.6584643366765,1.19692397586357));
#4133=CARTESIAN_POINT('Ctrl Pts',(14.3667216258184,2.55073340662403,1.41200969709848));
#4134=CARTESIAN_POINT('Ctrl Pts',(14.2670032449656,2.47649981167431,1.54235033321483));
#4135=CARTESIAN_POINT('Ctrl Pts',(14.1669379400791,2.33654430715499,1.74146817950399));
#4136=CARTESIAN_POINT('Ctrl Pts',(14.1415201372358,2.2852169299888,1.80846467078472));
#4137=CARTESIAN_POINT('Ctrl Pts',(14.1080458342102,2.17613756863932,1.93834624485681));
#4138=CARTESIAN_POINT('Ctrl Pts',(14.1,2.1183771307438,2.00122697644903));
#4139=CARTESIAN_POINT('Ctrl Pts',(14.1,2.05980205359641,2.05980205359641));
#4140=CARTESIAN_POINT('Ctrl Pts',(14.1,2.05980205359641,2.05980205359641));
#4141=CARTESIAN_POINT('Ctrl Pts',(14.1,2.00122697644903,2.1183771307438));
#4142=CARTESIAN_POINT('Ctrl Pts',(14.1080458342102,1.93834624485681,2.17613756863932));
#4143=CARTESIAN_POINT('Ctrl Pts',(14.1415201372358,1.80846467078472,2.2852169299888));
#4144=CARTESIAN_POINT('Ctrl Pts',(14.1669379400791,1.74146817950399,2.33654430715499));
#4145=CARTESIAN_POINT('Ctrl Pts',(14.2670032449656,1.54235033321483,2.47649981167431));
#4146=CARTESIAN_POINT('Ctrl Pts',(14.3667216258184,1.41200969709848,2.55073340662403));
#4147=CARTESIAN_POINT('Ctrl Pts',(14.5949874690236,1.19692397586357,2.6584643366765));
#4148=CARTESIAN_POINT('Ctrl Pts',(14.739575824304,1.09712303168859,2.69948889486483));
#4149=CARTESIAN_POINT('Ctrl Pts',(14.9791302832023,0.994471815279749,2.73823529677446));
#4150=CARTESIAN_POINT('Ctrl Pts',(15.0627290048858,0.967871046161302,2.74757011846122));
#4151=CARTESIAN_POINT('Ctrl Pts',(15.2316749044354,0.932657374543056,2.75972211294388));
#4152=CARTESIAN_POINT('Ctrl Pts',(15.3170266948596,0.924069216230799,2.76254684731582));
#4153=CARTESIAN_POINT('Ctrl Pts',(15.4,0.924069216230799,2.76254684731582));
#4154=CARTESIAN_POINT('',(14.1,2.80014285349873,2.80014285349873));
#4155=CARTESIAN_POINT('',(14.1,2.72236110756821,2.72236110756821));
#4156=CARTESIAN_POINT('',(15.4,1.72571865103422,3.56419628211924));
#4157=CARTESIAN_POINT('Ctrl Pts',(15.4,1.72571865103422,3.56419628211924));
#4158=CARTESIAN_POINT('Ctrl Pts',(15.3177030459551,1.72571865103422,3.56419628211924));
#4159=CARTESIAN_POINT('Ctrl Pts',(15.2328107218738,1.73330719957576,3.56055525381667));
#4160=CARTESIAN_POINT('Ctrl Pts',(15.0643551053294,1.76477555257095,3.54506344261882));
#4161=CARTESIAN_POINT('Ctrl Pts',(14.9807891831439,1.78864064583525,3.53321137587591));
#4162=CARTESIAN_POINT('Ctrl Pts',(14.7408779176164,1.88162951174182,3.48510286497274));
#4163=CARTESIAN_POINT('Ctrl Pts',(14.5955240790929,1.97313966600964,3.4354389080603));
#4164=CARTESIAN_POINT('Ctrl Pts',(14.3660481944211,2.1741278880292,3.3118992217394));
#4165=CARTESIAN_POINT('Ctrl Pts',(14.2661845673608,2.29734218926906,3.2295239522561));
#4166=CARTESIAN_POINT('Ctrl Pts',(14.1331280529021,2.55233295552327,3.03202944845714));
#4167=CARTESIAN_POINT('Ctrl Pts',(14.1,2.68380799512111,2.91647771187635));
#4168=CARTESIAN_POINT('Ctrl Pts',(14.1,2.80014285349873,2.80014285349873));
#4169=CARTESIAN_POINT('Ctrl Pts',(14.1,2.80014285349873,2.80014285349873));
#4170=CARTESIAN_POINT('Ctrl Pts',(14.1,2.91647771187635,2.68380799512111));
#4171=CARTESIAN_POINT('Ctrl Pts',(14.1331280529021,3.03202944845714,2.55233295552327));
#4172=CARTESIAN_POINT('Ctrl Pts',(14.2661845673608,3.2295239522561,2.29734218926906));
#4173=CARTESIAN_POINT('Ctrl Pts',(14.3660481944211,3.3118992217394,2.1741278880292));
#4174=CARTESIAN_POINT('Ctrl Pts',(14.5955240790929,3.4354389080603,1.97313966600964));
#4175=CARTESIAN_POINT('Ctrl Pts',(14.7408779176164,3.48510286497274,1.88162951174182));
#4176=CARTESIAN_POINT('Ctrl Pts',(14.9807891831439,3.53321137587591,1.78864064583525));
#4177=CARTESIAN_POINT('Ctrl Pts',(15.0643551053294,3.54506344261882,1.76477555257095));
#4178=CARTESIAN_POINT('Ctrl Pts',(15.2328107218738,3.56055525381667,1.73330719957576));
#4179=CARTESIAN_POINT('Ctrl Pts',(15.3177030459551,3.56419628211924,1.72571865103422));
#4180=CARTESIAN_POINT('Ctrl Pts',(15.4822969540449,3.56419628211924,1.72571865103422));
#4181=CARTESIAN_POINT('Ctrl Pts',(15.5671892781262,3.56055525381667,1.73330719957576));
#4182=CARTESIAN_POINT('Ctrl Pts',(15.7356448946706,3.54506344261882,1.76477555257095));
#4183=CARTESIAN_POINT('Ctrl Pts',(15.8192108168561,3.53321137587591,1.78864064583525));
#4184=CARTESIAN_POINT('Ctrl Pts',(16.0591220823836,3.48510286497274,1.88162951174182));
#4185=CARTESIAN_POINT('Ctrl Pts',(16.2044759209071,3.4354389080603,1.97313966600964));
#4186=CARTESIAN_POINT('Ctrl Pts',(16.4339518055789,3.31189922173941,2.1741278880292));
#4187=CARTESIAN_POINT('Ctrl Pts',(16.5338154326392,3.2295239522561,2.29734218926906));
#4188=CARTESIAN_POINT('Ctrl Pts',(16.6668719470978,3.03202944845714,2.55233295552327));
#4189=CARTESIAN_POINT('Ctrl Pts',(16.7,2.91647771187635,2.68380799512111));
#4190=CARTESIAN_POINT('Ctrl Pts',(16.7,2.68380799512111,2.91647771187635));
#4191=CARTESIAN_POINT('Ctrl Pts',(16.6668719470979,2.55233295552327,3.03202944845714));
#4192=CARTESIAN_POINT('Ctrl Pts',(16.5338154326392,2.29734218926906,3.2295239522561));
#4193=CARTESIAN_POINT('Ctrl Pts',(16.4339518055789,2.1741278880292,3.3118992217394));
#4194=CARTESIAN_POINT('Ctrl Pts',(16.2044759209071,1.97313966600964,3.4354389080603));
#4195=CARTESIAN_POINT('Ctrl Pts',(16.0591220823836,1.88162951174182,3.48510286497274));
#4196=CARTESIAN_POINT('Ctrl Pts',(15.8192108168561,1.78864064583525,3.53321137587591));
#4197=CARTESIAN_POINT('Ctrl Pts',(15.7356448946706,1.76477555257095,3.54506344261882));
#4198=CARTESIAN_POINT('Ctrl Pts',(15.5671892781262,1.73330719957576,3.56055525381667));
#4199=CARTESIAN_POINT('Ctrl Pts',(15.4822969540449,1.72571865103422,3.56419628211924));
#4200=CARTESIAN_POINT('Ctrl Pts',(15.4,1.72571865103422,3.56419628211924));
#4201=CARTESIAN_POINT('Origin',(13.,-4.04133443718627E-16,-2.2));
#4202=CARTESIAN_POINT('',(11.8,-0.500000000000007,-2.2));
#4203=CARTESIAN_POINT('',(11.8,0.500000000000006,-2.2));
#4204=CARTESIAN_POINT('',(11.8,-4.04133443718627E-16,-2.2));
#4205=CARTESIAN_POINT('',(11.7,-2.44929359829471E-16,-2.2));
#4206=CARTESIAN_POINT('Origin',(13.,-4.04133443718627E-16,-2.2));
#4207=CARTESIAN_POINT('Origin',(13.,-4.04133443718627E-16,-2.2));
#4208=CARTESIAN_POINT('Origin',(13.,-7.07233526507596E-16,-3.85));
#4209=CARTESIAN_POINT('',(11.8,-0.500000000000006,-2.86976810909871));
#4210=CARTESIAN_POINT('',(11.8,-0.500000000000007,-3.85));
#4211=CARTESIAN_POINT('',(11.8,0.500000000000005,-2.86976810909871));
#4212=CARTESIAN_POINT('Ctrl Pts',(11.8,0.500000000000005,-2.86976810909871));
#4213=CARTESIAN_POINT('Ctrl Pts',(11.8000976132532,0.500234271807678,-2.86972729189698));
#4214=CARTESIAN_POINT('Ctrl Pts',(11.8001952938166,0.500468511973249,-2.86968645065136));
#4215=CARTESIAN_POINT('Ctrl Pts',(11.8670032449656,0.660543430860577,-2.84175619002365));
#4216=CARTESIAN_POINT('Ctrl Pts',(11.9667216258184,0.805199256903414,-2.80208252074242));
#4217=CARTESIAN_POINT('Ctrl Pts',(12.1949874690236,1.03346510010865,-2.72617121990445));
#4218=CARTESIAN_POINT('Ctrl Pts',(12.339575824304,1.13304376779376,-2.68461003879965));
#4219=CARTESIAN_POINT('Ctrl Pts',(12.5791302832023,1.23302698255038,-2.63942251111679));
#4220=CARTESIAN_POINT('Ctrl Pts',(12.6627290048858,1.25843728249468,-2.62721364260423));
#4221=CARTESIAN_POINT('Ctrl Pts',(12.8316749044354,1.29192986619005,-2.61090657431612));
#4222=CARTESIAN_POINT('Ctrl Pts',(12.9170266948596,1.3,-2.60683121816507));
#4223=CARTESIAN_POINT('Ctrl Pts',(13.,1.3,-2.60683121816507));
#4224=CARTESIAN_POINT('Ctrl Pts',(13.0829733051404,1.3,-2.60683121816507));
#4225=CARTESIAN_POINT('Ctrl Pts',(13.1683250955646,1.29192986619005,-2.61090657431612));
#4226=CARTESIAN_POINT('Ctrl Pts',(13.3372709951142,1.25843728249468,-2.62721364260423));
#4227=CARTESIAN_POINT('Ctrl Pts',(13.4208697167977,1.23302698255038,-2.63942251111679));
#4228=CARTESIAN_POINT('Ctrl Pts',(13.660424175696,1.13304376779376,-2.68461003879965));
#4229=CARTESIAN_POINT('Ctrl Pts',(13.8050125309764,1.03346510010865,-2.72617121990445));
#4230=CARTESIAN_POINT('Ctrl Pts',(14.0332783741816,0.805199256903414,-2.80208252074242));
#4231=CARTESIAN_POINT('Ctrl Pts',(14.1329967550344,0.660543430860577,-2.84175619002365));
#4232=CARTESIAN_POINT('Ctrl Pts',(14.2330620599209,0.420782365184252,-2.88359028307998));
#4233=CARTESIAN_POINT('Ctrl Pts',(14.2584798627642,0.337114755429211,-2.89467001992556));
#4234=CARTESIAN_POINT('Ctrl Pts',(14.2919541657898,0.168143857553942,-2.9093794056054));
#4235=CARTESIAN_POINT('Ctrl Pts',(14.3,0.0828376685188854,-2.913));
#4236=CARTESIAN_POINT('Ctrl Pts',(14.3,-0.0828376685188865,-2.913));
#4237=CARTESIAN_POINT('Ctrl Pts',(14.2919541657898,-0.168143857553943,-2.9093794056054));
#4238=CARTESIAN_POINT('Ctrl Pts',(14.2584798627642,-0.337114755429212,-2.89467001992556));
#4239=CARTESIAN_POINT('Ctrl Pts',(14.2330620599209,-0.420782365184253,-2.88359028307998));
#4240=CARTESIAN_POINT('Ctrl Pts',(14.1329967550344,-0.660543430860578,-2.84175619002365));
#4241=CARTESIAN_POINT('Ctrl Pts',(14.0332783741816,-0.805199256903415,-2.80208252074241));
#4242=CARTESIAN_POINT('Ctrl Pts',(13.8050125309764,-1.03346510010865,-2.72617121990444));
#4243=CARTESIAN_POINT('Ctrl Pts',(13.660424175696,-1.13304376779376,-2.68461003879965));
#4244=CARTESIAN_POINT('Ctrl Pts',(13.4208697167977,-1.23302698255038,-2.63942251111679));
#4245=CARTESIAN_POINT('Ctrl Pts',(13.3372709951142,-1.25843728249468,-2.62721364260423));
#4246=CARTESIAN_POINT('Ctrl Pts',(13.1683250955646,-1.29192986619005,-2.61090657431612));
#4247=CARTESIAN_POINT('Ctrl Pts',(13.0829733051404,-1.3,-2.60683121816507));
#4248=CARTESIAN_POINT('Ctrl Pts',(12.9170266948596,-1.3,-2.60683121816507));
#4249=CARTESIAN_POINT('Ctrl Pts',(12.8316749044354,-1.29192986619005,-2.61090657431612));
#4250=CARTESIAN_POINT('Ctrl Pts',(12.6627290048858,-1.25843728249468,-2.62721364260423));
#4251=CARTESIAN_POINT('Ctrl Pts',(12.5791302832023,-1.23302698255038,-2.63942251111679));
#4252=CARTESIAN_POINT('Ctrl Pts',(12.339575824304,-1.13304376779376,-2.68461003879965));
#4253=CARTESIAN_POINT('Ctrl Pts',(12.1949874690236,-1.03346510010865,-2.72617121990444));
#4254=CARTESIAN_POINT('Ctrl Pts',(11.9667216258184,-0.805199256903415,-2.80208252074241));
#4255=CARTESIAN_POINT('Ctrl Pts',(11.8670032449656,-0.660543430860578,-2.84175619002365));
#4256=CARTESIAN_POINT('Ctrl Pts',(11.8001952938166,-0.500468511973251,-2.86968645065136));
#4257=CARTESIAN_POINT('Ctrl Pts',(11.8000976132532,-0.500234271807679,-2.86972729189698));
#4258=CARTESIAN_POINT('Ctrl Pts',(11.8,-0.500000000000006,-2.86976810909871));
#4259=CARTESIAN_POINT('',(11.8,0.500000000000006,-3.85));
#4260=CARTESIAN_POINT('',(11.7,-5.68236114804372E-16,-3.96));
#4261=CARTESIAN_POINT('',(11.7,-5.48029442618441E-16,-3.85));
#4262=CARTESIAN_POINT('',(13.,1.3,-3.7405347211328));
#4263=CARTESIAN_POINT('Ctrl Pts',(13.,1.3,-3.7405347211328));
#4264=CARTESIAN_POINT('Ctrl Pts',(12.9177030459551,1.3,-3.7405347211328));
#4265=CARTESIAN_POINT('Ctrl Pts',(12.8328107218738,1.29205949006367,-3.74332603946264));
#4266=CARTESIAN_POINT('Ctrl Pts',(12.6643551053294,1.25885363951714,-3.75462316050745));
#4267=CARTESIAN_POINT('Ctrl Pts',(12.5807891831439,1.23359779347131,-3.7631176530233));
#4268=CARTESIAN_POINT('Ctrl Pts',(12.3408779176164,1.13382688152151,-3.79485285638826));
#4269=CARTESIAN_POINT('Ctrl Pts',(12.1955240790929,1.03400171017797,-3.82444258630512));
#4270=CARTESIAN_POINT('Ctrl Pts',(11.9660481944211,0.804525825506145,-3.87920697109062));
#4271=CARTESIAN_POINT('Ctrl Pts',(11.8661845673608,0.659152045906565,-3.90808452738277));
#4272=CARTESIAN_POINT('Ctrl Pts',(11.7331280529021,0.339196643064946,-3.94874052445776));
#4273=CARTESIAN_POINT('Ctrl Pts',(11.7,0.16452233449438,-3.96));
#4274=CARTESIAN_POINT('Ctrl Pts',(11.7,-7.21644966006352E-16,-3.96));
#4275=CARTESIAN_POINT('Ctrl Pts',(11.7,-5.55111512312578E-16,-3.96));
#4276=CARTESIAN_POINT('Ctrl Pts',(11.7,-0.164522334494382,-3.96));
#4277=CARTESIAN_POINT('Ctrl Pts',(11.7331280529021,-0.339196643064947,-3.94874052445776));
#4278=CARTESIAN_POINT('Ctrl Pts',(11.8661845673608,-0.659152045906567,-3.90808452738277));
#4279=CARTESIAN_POINT('Ctrl Pts',(11.9660481944211,-0.804525825506146,-3.87920697109062));
#4280=CARTESIAN_POINT('Ctrl Pts',(12.1955240790929,-1.03400171017797,-3.82444258630512));
#4281=CARTESIAN_POINT('Ctrl Pts',(12.3408779176164,-1.13382688152151,-3.79485285638826));
#4282=CARTESIAN_POINT('Ctrl Pts',(12.5807891831439,-1.23359779347131,-3.7631176530233));
#4283=CARTESIAN_POINT('Ctrl Pts',(12.6643551053294,-1.25885363951714,-3.75462316050745));
#4284=CARTESIAN_POINT('Ctrl Pts',(12.8328107218738,-1.29205949006367,-3.74332603946264));
#4285=CARTESIAN_POINT('Ctrl Pts',(12.9177030459551,-1.3,-3.7405347211328));
#4286=CARTESIAN_POINT('Ctrl Pts',(13.0822969540449,-1.3,-3.7405347211328));
#4287=CARTESIAN_POINT('Ctrl Pts',(13.1671892781262,-1.29205949006367,-3.74332603946264));
#4288=CARTESIAN_POINT('Ctrl Pts',(13.3356448946706,-1.25885363951714,-3.75462316050745));
#4289=CARTESIAN_POINT('Ctrl Pts',(13.4192108168561,-1.23359779347131,-3.7631176530233));
#4290=CARTESIAN_POINT('Ctrl Pts',(13.6591220823836,-1.13382688152151,-3.79485285638826));
#4291=CARTESIAN_POINT('Ctrl Pts',(13.8044759209071,-1.03400171017797,-3.82444258630512));
#4292=CARTESIAN_POINT('Ctrl Pts',(14.0339518055789,-0.804525825506146,-3.87920697109062));
#4293=CARTESIAN_POINT('Ctrl Pts',(14.1338154326392,-0.659152045906567,-3.90808452738277));
#4294=CARTESIAN_POINT('Ctrl Pts',(14.2668719470979,-0.339196643064947,-3.94874052445776));
#4295=CARTESIAN_POINT('Ctrl Pts',(14.3,-0.164522334494382,-3.96));
#4296=CARTESIAN_POINT('Ctrl Pts',(14.3,0.16452233449438,-3.96));
#4297=CARTESIAN_POINT('Ctrl Pts',(14.2668719470979,0.339196643064946,-3.94874052445776));
#4298=CARTESIAN_POINT('Ctrl Pts',(14.1338154326392,0.659152045906566,-3.90808452738277));
#4299=CARTESIAN_POINT('Ctrl Pts',(14.0339518055789,0.804525825506145,-3.87920697109062));
#4300=CARTESIAN_POINT('Ctrl Pts',(13.8044759209071,1.03400171017797,-3.82444258630512));
#4301=CARTESIAN_POINT('Ctrl Pts',(13.6591220823836,1.13382688152151,-3.79485285638826));
#4302=CARTESIAN_POINT('Ctrl Pts',(13.4192108168561,1.23359779347131,-3.7631176530233));
#4303=CARTESIAN_POINT('Ctrl Pts',(13.3356448946706,1.25885363951714,-3.75462316050745));
#4304=CARTESIAN_POINT('Ctrl Pts',(13.1671892781262,1.29205949006367,-3.74332603946264));
#4305=CARTESIAN_POINT('Ctrl Pts',(13.0822969540449,1.3,-3.7405347211328));
#4306=CARTESIAN_POINT('Ctrl Pts',(13.,1.3,-3.7405347211328));
#4307=CARTESIAN_POINT('Origin',(11.8,0.,0.));
#4308=CARTESIAN_POINT('',(11.8,2.86976810909871,-0.500000000000006));
#4309=CARTESIAN_POINT('Origin',(11.8,0.,0.));
#4310=CARTESIAN_POINT('',(11.8,2.2,-0.500000000000006));
#4311=CARTESIAN_POINT('',(11.8,3.85,-0.500000000000006));
#4312=CARTESIAN_POINT('',(11.8,2.2,0.500000000000006));
#4313=CARTESIAN_POINT('',(11.8,2.2,0.));
#4314=CARTESIAN_POINT('',(11.8,2.86976810909871,0.500000000000006));
#4315=CARTESIAN_POINT('',(11.8,3.85,0.500000000000006));
#4316=CARTESIAN_POINT('',(11.8,0.500000000000005,2.86976810909871));
#4317=CARTESIAN_POINT('Origin',(11.8,0.,0.));
#4318=CARTESIAN_POINT('',(11.8,0.500000000000006,2.2));
#4319=CARTESIAN_POINT('',(11.8,0.500000000000006,3.85));
#4320=CARTESIAN_POINT('',(11.8,-0.500000000000006,2.2));
#4321=CARTESIAN_POINT('',(11.8,1.34711147906209E-16,2.2));
#4322=CARTESIAN_POINT('',(11.8,-0.500000000000005,2.86976810909871));
#4323=CARTESIAN_POINT('',(11.8,-0.500000000000006,3.85));
#4324=CARTESIAN_POINT('',(11.8,-2.86976810909871,0.500000000000007));
#4325=CARTESIAN_POINT('Origin',(11.8,0.,0.));
#4326=CARTESIAN_POINT('',(11.8,-2.2,0.500000000000006));
#4327=CARTESIAN_POINT('',(11.8,-3.85,0.500000000000007));
#4328=CARTESIAN_POINT('',(11.8,-2.2,-0.500000000000006));
#4329=CARTESIAN_POINT('',(11.8,-2.2,2.69422295812418E-16));
#4330=CARTESIAN_POINT('',(11.8,-2.86976810909871,-0.500000000000006));
#4331=CARTESIAN_POINT('',(11.8,-3.85,-0.500000000000006));
#4332=CARTESIAN_POINT('Origin',(11.8,0.,0.));
#4333=CARTESIAN_POINT('',(11.8,-2.3819380243416E-16,1.945));
#4334=CARTESIAN_POINT('Origin',(11.8,0.,0.));
#4335=CARTESIAN_POINT('Origin',(13.,-2.2,2.69422295812418E-16));
#4336=CARTESIAN_POINT('',(11.7,-2.2,1.10218211923262E-16));
#4337=CARTESIAN_POINT('Origin',(13.,-2.2,2.69422295812418E-16));
#4338=CARTESIAN_POINT('Origin',(13.,-2.2,2.69422295812418E-16));
#4339=CARTESIAN_POINT('Origin',(13.,-3.85,4.71489017671731E-16));
#4340=CARTESIAN_POINT('Ctrl Pts',(11.8,-2.86976810909871,-0.500000000000006));
#4341=CARTESIAN_POINT('Ctrl Pts',(11.8000976132532,-2.86972729189698,-0.500234271807678));
#4342=CARTESIAN_POINT('Ctrl Pts',(11.8001952938166,-2.86968645065136,-0.50046851197325));
#4343=CARTESIAN_POINT('Ctrl Pts',(11.8670032449656,-2.84175619002365,-0.660543430860577));
#4344=CARTESIAN_POINT('Ctrl Pts',(11.9667216258184,-2.80208252074242,-0.805199256903413));
#4345=CARTESIAN_POINT('Ctrl Pts',(12.1949874690236,-2.72617121990445,-1.03346510010865));
#4346=CARTESIAN_POINT('Ctrl Pts',(12.339575824304,-2.68461003879965,-1.13304376779376));
#4347=CARTESIAN_POINT('Ctrl Pts',(12.5791302832023,-2.63942251111679,-1.23302698255038));
#4348=CARTESIAN_POINT('Ctrl Pts',(12.6627290048858,-2.62721364260423,-1.25843728249468));
#4349=CARTESIAN_POINT('Ctrl Pts',(12.8316749044354,-2.61090657431612,-1.29192986619005));
#4350=CARTESIAN_POINT('Ctrl Pts',(12.9170266948596,-2.60683121816507,-1.3));
#4351=CARTESIAN_POINT('Ctrl Pts',(13.,-2.60683121816507,-1.3));
#4352=CARTESIAN_POINT('Ctrl Pts',(13.0829733051404,-2.60683121816507,-1.3));
#4353=CARTESIAN_POINT('Ctrl Pts',(13.1683250955646,-2.61090657431612,-1.29192986619005));
#4354=CARTESIAN_POINT('Ctrl Pts',(13.3372709951142,-2.62721364260423,-1.25843728249468));
#4355=CARTESIAN_POINT('Ctrl Pts',(13.4208697167977,-2.63942251111679,-1.23302698255038));
#4356=CARTESIAN_POINT('Ctrl Pts',(13.660424175696,-2.68461003879965,-1.13304376779376));
#4357=CARTESIAN_POINT('Ctrl Pts',(13.8050125309764,-2.72617121990445,-1.03346510010865));
#4358=CARTESIAN_POINT('Ctrl Pts',(14.0332783741816,-2.80208252074242,-0.805199256903414));
#4359=CARTESIAN_POINT('Ctrl Pts',(14.1329967550344,-2.84175619002365,-0.660543430860577));
#4360=CARTESIAN_POINT('Ctrl Pts',(14.2330620599209,-2.88359028307998,-0.420782365184252));
#4361=CARTESIAN_POINT('Ctrl Pts',(14.2584798627642,-2.89467001992556,-0.337114755429212));
#4362=CARTESIAN_POINT('Ctrl Pts',(14.2919541657898,-2.9093794056054,-0.168143857553942));
#4363=CARTESIAN_POINT('Ctrl Pts',(14.3,-2.913,-0.0828376685188856));
#4364=CARTESIAN_POINT('Ctrl Pts',(14.3,-2.913,0.0828376685188863));
#4365=CARTESIAN_POINT('Ctrl Pts',(14.2919541657898,-2.9093794056054,0.168143857553943));
#4366=CARTESIAN_POINT('Ctrl Pts',(14.2584798627642,-2.89467001992556,0.337114755429212));
#4367=CARTESIAN_POINT('Ctrl Pts',(14.2330620599209,-2.88359028307998,0.420782365184253));
#4368=CARTESIAN_POINT('Ctrl Pts',(14.1329967550344,-2.84175619002365,0.660543430860578));
#4369=CARTESIAN_POINT('Ctrl Pts',(14.0332783741816,-2.80208252074241,0.805199256903414));
#4370=CARTESIAN_POINT('Ctrl Pts',(13.8050125309764,-2.72617121990444,1.03346510010865));
#4371=CARTESIAN_POINT('Ctrl Pts',(13.660424175696,-2.68461003879965,1.13304376779376));
#4372=CARTESIAN_POINT('Ctrl Pts',(13.4208697167977,-2.63942251111679,1.23302698255038));
#4373=CARTESIAN_POINT('Ctrl Pts',(13.3372709951142,-2.62721364260423,1.25843728249468));
#4374=CARTESIAN_POINT('Ctrl Pts',(13.1683250955646,-2.61090657431612,1.29192986619005));
#4375=CARTESIAN_POINT('Ctrl Pts',(13.0829733051404,-2.60683121816507,1.3));
#4376=CARTESIAN_POINT('Ctrl Pts',(12.9170266948596,-2.60683121816507,1.3));
#4377=CARTESIAN_POINT('Ctrl Pts',(12.8316749044354,-2.61090657431612,1.29192986619005));
#4378=CARTESIAN_POINT('Ctrl Pts',(12.6627290048858,-2.62721364260423,1.25843728249468));
#4379=CARTESIAN_POINT('Ctrl Pts',(12.5791302832023,-2.63942251111679,1.23302698255038));
#4380=CARTESIAN_POINT('Ctrl Pts',(12.339575824304,-2.68461003879965,1.13304376779376));
#4381=CARTESIAN_POINT('Ctrl Pts',(12.1949874690236,-2.72617121990444,1.03346510010865));
#4382=CARTESIAN_POINT('Ctrl Pts',(11.9667216258184,-2.80208252074241,0.805199256903415));
#4383=CARTESIAN_POINT('Ctrl Pts',(11.8670032449656,-2.84175619002365,0.660543430860578));
#4384=CARTESIAN_POINT('Ctrl Pts',(11.8001952938166,-2.86968645065136,0.50046851197325));
#4385=CARTESIAN_POINT('Ctrl Pts',(11.8000976132532,-2.86972729189698,0.50023427180768));
#4386=CARTESIAN_POINT('Ctrl Pts',(11.8,-2.86976810909871,0.500000000000007));
#4387=CARTESIAN_POINT('',(11.7,-3.96,3.25756048573196E-16));
#4388=CARTESIAN_POINT('',(11.7,-3.85,3.12284933782575E-16));
#4389=CARTESIAN_POINT('',(13.,-3.7405347211328,-1.3));
#4390=CARTESIAN_POINT('Ctrl Pts',(13.,-3.7405347211328,-1.3));
#4391=CARTESIAN_POINT('Ctrl Pts',(12.9177030459551,-3.7405347211328,-1.3));
#4392=CARTESIAN_POINT('Ctrl Pts',(12.8328107218738,-3.74332603946264,-1.29205949006367));
#4393=CARTESIAN_POINT('Ctrl Pts',(12.6643551053294,-3.75462316050745,-1.25885363951714));
#4394=CARTESIAN_POINT('Ctrl Pts',(12.5807891831439,-3.7631176530233,-1.23359779347131));
#4395=CARTESIAN_POINT('Ctrl Pts',(12.3408779176164,-3.79485285638826,-1.13382688152151));
#4396=CARTESIAN_POINT('Ctrl Pts',(12.1955240790929,-3.82444258630512,-1.03400171017797));
#4397=CARTESIAN_POINT('Ctrl Pts',(11.9660481944211,-3.87920697109062,-0.804525825506145));
#4398=CARTESIAN_POINT('Ctrl Pts',(11.8661845673608,-3.90808452738277,-0.659152045906566));
#4399=CARTESIAN_POINT('Ctrl Pts',(11.7331280529021,-3.94874052445776,-0.339196643064946));
#4400=CARTESIAN_POINT('Ctrl Pts',(11.7,-3.96,-0.164522334494381));
#4401=CARTESIAN_POINT('Ctrl Pts',(11.7,-3.96,3.33066907387547E-16));
#4402=CARTESIAN_POINT('Ctrl Pts',(11.7,-3.96,2.77555756156289E-16));
#4403=CARTESIAN_POINT('Ctrl Pts',(11.7,-3.96,0.164522334494381));
#4404=CARTESIAN_POINT('Ctrl Pts',(11.7331280529021,-3.94874052445776,0.339196643064947));
#4405=CARTESIAN_POINT('Ctrl Pts',(11.8661845673608,-3.90808452738277,0.659152045906567));
#4406=CARTESIAN_POINT('Ctrl Pts',(11.9660481944211,-3.87920697109062,0.804525825506146));
#4407=CARTESIAN_POINT('Ctrl Pts',(12.1955240790929,-3.82444258630512,1.03400171017797));
#4408=CARTESIAN_POINT('Ctrl Pts',(12.3408779176164,-3.79485285638826,1.13382688152151));
#4409=CARTESIAN_POINT('Ctrl Pts',(12.5807891831439,-3.7631176530233,1.23359779347131));
#4410=CARTESIAN_POINT('Ctrl Pts',(12.6643551053294,-3.75462316050745,1.25885363951714));
#4411=CARTESIAN_POINT('Ctrl Pts',(12.8328107218738,-3.74332603946264,1.29205949006367));
#4412=CARTESIAN_POINT('Ctrl Pts',(12.9177030459551,-3.7405347211328,1.3));
#4413=CARTESIAN_POINT('Ctrl Pts',(13.0822969540449,-3.7405347211328,1.3));
#4414=CARTESIAN_POINT('Ctrl Pts',(13.1671892781262,-3.74332603946264,1.29205949006367));
#4415=CARTESIAN_POINT('Ctrl Pts',(13.3356448946706,-3.75462316050745,1.25885363951714));
#4416=CARTESIAN_POINT('Ctrl Pts',(13.4192108168561,-3.7631176530233,1.23359779347131));
#4417=CARTESIAN_POINT('Ctrl Pts',(13.6591220823836,-3.79485285638826,1.13382688152151));
#4418=CARTESIAN_POINT('Ctrl Pts',(13.8044759209071,-3.82444258630512,1.03400171017797));
#4419=CARTESIAN_POINT('Ctrl Pts',(14.0339518055789,-3.87920697109062,0.804525825506146));
#4420=CARTESIAN_POINT('Ctrl Pts',(14.1338154326392,-3.90808452738277,0.659152045906567));
#4421=CARTESIAN_POINT('Ctrl Pts',(14.2668719470979,-3.94874052445776,0.339196643064947));
#4422=CARTESIAN_POINT('Ctrl Pts',(14.3,-3.96,0.164522334494382));
#4423=CARTESIAN_POINT('Ctrl Pts',(14.3,-3.96,-0.16452233449438));
#4424=CARTESIAN_POINT('Ctrl Pts',(14.2668719470979,-3.94874052445776,-0.339196643064946));
#4425=CARTESIAN_POINT('Ctrl Pts',(14.1338154326392,-3.90808452738277,-0.659152045906566));
#4426=CARTESIAN_POINT('Ctrl Pts',(14.0339518055789,-3.87920697109062,-0.804525825506145));
#4427=CARTESIAN_POINT('Ctrl Pts',(13.8044759209071,-3.82444258630512,-1.03400171017797));
#4428=CARTESIAN_POINT('Ctrl Pts',(13.6591220823836,-3.79485285638826,-1.13382688152151));
#4429=CARTESIAN_POINT('Ctrl Pts',(13.4192108168561,-3.7631176530233,-1.23359779347131));
#4430=CARTESIAN_POINT('Ctrl Pts',(13.3356448946706,-3.75462316050745,-1.25885363951714));
#4431=CARTESIAN_POINT('Ctrl Pts',(13.1671892781262,-3.74332603946264,-1.29205949006367));
#4432=CARTESIAN_POINT('Ctrl Pts',(13.0822969540449,-3.7405347211328,-1.3));
#4433=CARTESIAN_POINT('Ctrl Pts',(13.,-3.7405347211328,-1.3));
#4434=CARTESIAN_POINT('Origin',(13.,1.34711147906209E-16,2.2));
#4435=CARTESIAN_POINT('',(11.7,-2.4492935982947E-17,2.2));
#4436=CARTESIAN_POINT('Origin',(13.,1.34711147906209E-16,2.2));
#4437=CARTESIAN_POINT('Origin',(13.,1.34711147906209E-16,2.2));
#4438=CARTESIAN_POINT('Origin',(13.,2.35744508835866E-16,3.85));
#4439=CARTESIAN_POINT('',(14.3,-9.51030794489252E-17,2.913));
#4440=CARTESIAN_POINT('Ctrl Pts',(14.3,1.66533453693773E-16,2.913));
#4441=CARTESIAN_POINT('Ctrl Pts',(14.3,0.0828376685188862,2.913));
#4442=CARTESIAN_POINT('Ctrl Pts',(14.2919541657898,0.168143857553943,2.9093794056054));
#4443=CARTESIAN_POINT('Ctrl Pts',(14.2584798627642,0.337114755429212,2.89467001992556));
#4444=CARTESIAN_POINT('Ctrl Pts',(14.2330620599209,0.420782365184253,2.88359028307998));
#4445=CARTESIAN_POINT('Ctrl Pts',(14.1329967550344,0.660543430860578,2.84175619002365));
#4446=CARTESIAN_POINT('Ctrl Pts',(14.0332783741816,0.805199256903414,2.80208252074241));
#4447=CARTESIAN_POINT('Ctrl Pts',(13.8050125309764,1.03346510010865,2.72617121990444));
#4448=CARTESIAN_POINT('Ctrl Pts',(13.660424175696,1.13304376779376,2.68461003879965));
#4449=CARTESIAN_POINT('Ctrl Pts',(13.4208697167977,1.23302698255038,2.63942251111679));
#4450=CARTESIAN_POINT('Ctrl Pts',(13.3372709951142,1.25843728249468,2.62721364260423));
#4451=CARTESIAN_POINT('Ctrl Pts',(13.1683250955646,1.29192986619005,2.61090657431612));
#4452=CARTESIAN_POINT('Ctrl Pts',(13.0829733051404,1.3,2.60683121816507));
#4453=CARTESIAN_POINT('Ctrl Pts',(12.9170266948596,1.3,2.60683121816507));
#4454=CARTESIAN_POINT('Ctrl Pts',(12.8316749044354,1.29192986619005,2.61090657431612));
#4455=CARTESIAN_POINT('Ctrl Pts',(12.6627290048858,1.25843728249468,2.62721364260423));
#4456=CARTESIAN_POINT('Ctrl Pts',(12.5791302832023,1.23302698255038,2.63942251111679));
#4457=CARTESIAN_POINT('Ctrl Pts',(12.339575824304,1.13304376779376,2.68461003879965));
#4458=CARTESIAN_POINT('Ctrl Pts',(12.1949874690236,1.03346510010865,2.72617121990445));
#4459=CARTESIAN_POINT('Ctrl Pts',(11.9667216258184,0.805199256903415,2.80208252074241));
#4460=CARTESIAN_POINT('Ctrl Pts',(11.8670032449656,0.660543430860578,2.84175619002365));
#4461=CARTESIAN_POINT('Ctrl Pts',(11.8001952938166,0.50046851197325,2.86968645065136));
#4462=CARTESIAN_POINT('Ctrl Pts',(11.8000976132532,0.500234271807678,2.86972729189698));
#4463=CARTESIAN_POINT('Ctrl Pts',(11.8,0.500000000000005,2.86976810909871));
#4464=CARTESIAN_POINT('Ctrl Pts',(11.8,-0.500000000000005,2.86976810909871));
#4465=CARTESIAN_POINT('Ctrl Pts',(11.8000976132532,-0.500234271807677,2.86972729189698));
#4466=CARTESIAN_POINT('Ctrl Pts',(11.8001952938166,-0.500468511973249,2.86968645065136));
#4467=CARTESIAN_POINT('Ctrl Pts',(11.8670032449656,-0.660543430860577,2.84175619002365));
#4468=CARTESIAN_POINT('Ctrl Pts',(11.9667216258184,-0.805199256903414,2.80208252074242));
#4469=CARTESIAN_POINT('Ctrl Pts',(12.1949874690236,-1.03346510010865,2.72617121990445));
#4470=CARTESIAN_POINT('Ctrl Pts',(12.339575824304,-1.13304376779376,2.68461003879965));
#4471=CARTESIAN_POINT('Ctrl Pts',(12.5791302832023,-1.23302698255038,2.63942251111679));
#4472=CARTESIAN_POINT('Ctrl Pts',(12.6627290048858,-1.25843728249468,2.62721364260423));
#4473=CARTESIAN_POINT('Ctrl Pts',(12.8316749044354,-1.29192986619005,2.61090657431612));
#4474=CARTESIAN_POINT('Ctrl Pts',(12.9170266948596,-1.3,2.60683121816507));
#4475=CARTESIAN_POINT('Ctrl Pts',(13.,-1.3,2.60683121816507));
#4476=CARTESIAN_POINT('Ctrl Pts',(13.0829733051404,-1.3,2.60683121816507));
#4477=CARTESIAN_POINT('Ctrl Pts',(13.1683250955646,-1.29192986619005,2.61090657431612));
#4478=CARTESIAN_POINT('Ctrl Pts',(13.3372709951142,-1.25843728249468,2.62721364260423));
#4479=CARTESIAN_POINT('Ctrl Pts',(13.4208697167977,-1.23302698255038,2.63942251111679));
#4480=CARTESIAN_POINT('Ctrl Pts',(13.660424175696,-1.13304376779376,2.68461003879965));
#4481=CARTESIAN_POINT('Ctrl Pts',(13.8050125309764,-1.03346510010865,2.72617121990444));
#4482=CARTESIAN_POINT('Ctrl Pts',(14.0332783741816,-0.805199256903414,2.80208252074241));
#4483=CARTESIAN_POINT('Ctrl Pts',(14.1329967550344,-0.660543430860577,2.84175619002365));
#4484=CARTESIAN_POINT('Ctrl Pts',(14.2330620599209,-0.420782365184252,2.88359028307998));
#4485=CARTESIAN_POINT('Ctrl Pts',(14.2584798627642,-0.337114755429212,2.89467001992556));
#4486=CARTESIAN_POINT('Ctrl Pts',(14.2919541657898,-0.168143857553942,2.9093794056054));
#4487=CARTESIAN_POINT('Ctrl Pts',(14.3,-0.0828376685188857,2.913));
#4488=CARTESIAN_POINT('Ctrl Pts',(14.3,2.4980018054066E-16,2.913));
#4489=CARTESIAN_POINT('',(11.7,8.327598234202E-17,3.96));
#4490=CARTESIAN_POINT('',(11.7,7.65404249467096E-17,3.85));
#4491=CARTESIAN_POINT('',(13.,-1.3,3.7405347211328));
#4492=CARTESIAN_POINT('Ctrl Pts',(13.,-1.3,3.7405347211328));
#4493=CARTESIAN_POINT('Ctrl Pts',(12.9177030459551,-1.3,3.7405347211328));
#4494=CARTESIAN_POINT('Ctrl Pts',(12.8328107218738,-1.29205949006367,3.74332603946264));
#4495=CARTESIAN_POINT('Ctrl Pts',(12.6643551053294,-1.25885363951714,3.75462316050745));
#4496=CARTESIAN_POINT('Ctrl Pts',(12.5807891831439,-1.23359779347131,3.7631176530233));
#4497=CARTESIAN_POINT('Ctrl Pts',(12.3408779176164,-1.13382688152151,3.79485285638826));
#4498=CARTESIAN_POINT('Ctrl Pts',(12.1955240790929,-1.03400171017797,3.82444258630512));
#4499=CARTESIAN_POINT('Ctrl Pts',(11.9660481944211,-0.804525825506146,3.87920697109062));
#4500=CARTESIAN_POINT('Ctrl Pts',(11.8661845673608,-0.659152045906567,3.90808452738277));
#4501=CARTESIAN_POINT('Ctrl Pts',(11.7331280529021,-0.339196643064946,3.94874052445776));
#4502=CARTESIAN_POINT('Ctrl Pts',(11.7,-0.164522334494381,3.96));
#4503=CARTESIAN_POINT('Ctrl Pts',(11.7,2.22044604925031E-16,3.96));
#4504=CARTESIAN_POINT('',(14.3,7.32011430948428E-18,3.96));
#4505=CARTESIAN_POINT('Ctrl Pts',(14.3,4.9960036108132E-16,3.96));
#4506=CARTESIAN_POINT('Ctrl Pts',(14.3,-0.164522334494381,3.96));
#4507=CARTESIAN_POINT('Ctrl Pts',(14.2668719470979,-0.339196643064946,3.94874052445776));
#4508=CARTESIAN_POINT('Ctrl Pts',(14.1338154326392,-0.659152045906567,3.90808452738277));
#4509=CARTESIAN_POINT('Ctrl Pts',(14.0339518055789,-0.804525825506145,3.87920697109062));
#4510=CARTESIAN_POINT('Ctrl Pts',(13.8044759209071,-1.03400171017797,3.82444258630512));
#4511=CARTESIAN_POINT('Ctrl Pts',(13.6591220823836,-1.13382688152151,3.79485285638826));
#4512=CARTESIAN_POINT('Ctrl Pts',(13.4192108168561,-1.23359779347131,3.7631176530233));
#4513=CARTESIAN_POINT('Ctrl Pts',(13.3356448946706,-1.25885363951714,3.75462316050745));
#4514=CARTESIAN_POINT('Ctrl Pts',(13.1671892781262,-1.29205949006367,3.74332603946264));
#4515=CARTESIAN_POINT('Ctrl Pts',(13.0822969540449,-1.3,3.7405347211328));
#4516=CARTESIAN_POINT('Ctrl Pts',(13.,-1.3,3.7405347211328));
#4517=CARTESIAN_POINT('Ctrl Pts',(11.7,-5.55111512312578E-17,3.96));
#4518=CARTESIAN_POINT('Ctrl Pts',(11.7,0.164522334494381,3.96));
#4519=CARTESIAN_POINT('Ctrl Pts',(11.7331280529021,0.339196643064946,3.94874052445776));
#4520=CARTESIAN_POINT('Ctrl Pts',(11.8661845673608,0.659152045906567,3.90808452738277));
#4521=CARTESIAN_POINT('Ctrl Pts',(11.9660481944211,0.804525825506145,3.87920697109062));
#4522=CARTESIAN_POINT('Ctrl Pts',(12.1955240790929,1.03400171017797,3.82444258630512));
#4523=CARTESIAN_POINT('Ctrl Pts',(12.3408779176164,1.13382688152151,3.79485285638826));
#4524=CARTESIAN_POINT('Ctrl Pts',(12.5807891831439,1.23359779347131,3.7631176530233));
#4525=CARTESIAN_POINT('Ctrl Pts',(12.6643551053294,1.25885363951714,3.75462316050745));
#4526=CARTESIAN_POINT('Ctrl Pts',(12.8328107218738,1.29205949006367,3.74332603946264));
#4527=CARTESIAN_POINT('Ctrl Pts',(12.9177030459551,1.3,3.7405347211328));
#4528=CARTESIAN_POINT('Ctrl Pts',(13.0822969540449,1.3,3.7405347211328));
#4529=CARTESIAN_POINT('Ctrl Pts',(13.1671892781262,1.29205949006367,3.74332603946264));
#4530=CARTESIAN_POINT('Ctrl Pts',(13.3356448946706,1.25885363951714,3.75462316050745));
#4531=CARTESIAN_POINT('Ctrl Pts',(13.4192108168561,1.23359779347131,3.7631176530233));
#4532=CARTESIAN_POINT('Ctrl Pts',(13.6591220823836,1.13382688152151,3.79485285638826));
#4533=CARTESIAN_POINT('Ctrl Pts',(13.8044759209071,1.03400171017797,3.82444258630512));
#4534=CARTESIAN_POINT('Ctrl Pts',(14.0339518055789,0.804525825506145,3.87920697109062));
#4535=CARTESIAN_POINT('Ctrl Pts',(14.1338154326392,0.659152045906567,3.90808452738277));
#4536=CARTESIAN_POINT('Ctrl Pts',(14.2668719470979,0.339196643064947,3.94874052445776));
#4537=CARTESIAN_POINT('Ctrl Pts',(14.3,0.164522334494381,3.96));
#4538=CARTESIAN_POINT('Ctrl Pts',(14.3,3.88578058618805E-16,3.96));
#4539=CARTESIAN_POINT('Origin',(13.,2.2,0.));
#4540=CARTESIAN_POINT('',(11.7,2.2,1.59204083889156E-16));
#4541=CARTESIAN_POINT('Origin',(13.,2.2,0.));
#4542=CARTESIAN_POINT('Origin',(13.,2.2,0.));
#4543=CARTESIAN_POINT('Origin',(13.,3.85,0.));
#4544=CARTESIAN_POINT('Ctrl Pts',(11.8,2.86976810909871,0.500000000000006));
#4545=CARTESIAN_POINT('Ctrl Pts',(11.8000976132532,2.86972729189698,0.500234271807679));
#4546=CARTESIAN_POINT('Ctrl Pts',(11.8001952938166,2.86968645065136,0.50046851197325));
#4547=CARTESIAN_POINT('Ctrl Pts',(11.8670032449656,2.84175619002365,0.660543430860577));
#4548=CARTESIAN_POINT('Ctrl Pts',(11.9667216258184,2.80208252074242,0.805199256903414));
#4549=CARTESIAN_POINT('Ctrl Pts',(12.1949874690236,2.72617121990445,1.03346510010865));
#4550=CARTESIAN_POINT('Ctrl Pts',(12.339575824304,2.68461003879965,1.13304376779376));
#4551=CARTESIAN_POINT('Ctrl Pts',(12.5791302832023,2.63942251111679,1.23302698255038));
#4552=CARTESIAN_POINT('Ctrl Pts',(12.6627290048858,2.62721364260423,1.25843728249468));
#4553=CARTESIAN_POINT('Ctrl Pts',(12.8316749044354,2.61090657431612,1.29192986619005));
#4554=CARTESIAN_POINT('Ctrl Pts',(12.9170266948596,2.60683121816507,1.3));
#4555=CARTESIAN_POINT('Ctrl Pts',(13.,2.60683121816507,1.3));
#4556=CARTESIAN_POINT('Ctrl Pts',(13.0829733051404,2.60683121816507,1.3));
#4557=CARTESIAN_POINT('Ctrl Pts',(13.1683250955646,2.61090657431612,1.29192986619005));
#4558=CARTESIAN_POINT('Ctrl Pts',(13.3372709951142,2.62721364260423,1.25843728249468));
#4559=CARTESIAN_POINT('Ctrl Pts',(13.4208697167977,2.63942251111679,1.23302698255038));
#4560=CARTESIAN_POINT('Ctrl Pts',(13.660424175696,2.68461003879965,1.13304376779376));
#4561=CARTESIAN_POINT('Ctrl Pts',(13.8050125309764,2.72617121990444,1.03346510010865));
#4562=CARTESIAN_POINT('Ctrl Pts',(14.0332783741816,2.80208252074241,0.805199256903414));
#4563=CARTESIAN_POINT('Ctrl Pts',(14.1329967550344,2.84175619002365,0.660543430860578));
#4564=CARTESIAN_POINT('Ctrl Pts',(14.2330620599209,2.88359028307998,0.420782365184253));
#4565=CARTESIAN_POINT('Ctrl Pts',(14.2584798627642,2.89467001992556,0.337114755429212));
#4566=CARTESIAN_POINT('Ctrl Pts',(14.2919541657898,2.9093794056054,0.168143857553943));
#4567=CARTESIAN_POINT('Ctrl Pts',(14.3,2.913,0.0828376685188859));
#4568=CARTESIAN_POINT('Ctrl Pts',(14.3,2.913,-0.082837668518886));
#4569=CARTESIAN_POINT('Ctrl Pts',(14.2919541657898,2.9093794056054,-0.168143857553942));
#4570=CARTESIAN_POINT('Ctrl Pts',(14.2584798627642,2.89467001992556,-0.337114755429212));
#4571=CARTESIAN_POINT('Ctrl Pts',(14.2330620599209,2.88359028307998,-0.420782365184252));
#4572=CARTESIAN_POINT('Ctrl Pts',(14.1329967550344,2.84175619002365,-0.660543430860578));
#4573=CARTESIAN_POINT('Ctrl Pts',(14.0332783741816,2.80208252074241,-0.805199256903414));
#4574=CARTESIAN_POINT('Ctrl Pts',(13.8050125309764,2.72617121990444,-1.03346510010865));
#4575=CARTESIAN_POINT('Ctrl Pts',(13.660424175696,2.68461003879965,-1.13304376779376));
#4576=CARTESIAN_POINT('Ctrl Pts',(13.4208697167977,2.63942251111679,-1.23302698255038));
#4577=CARTESIAN_POINT('Ctrl Pts',(13.3372709951142,2.62721364260423,-1.25843728249468));
#4578=CARTESIAN_POINT('Ctrl Pts',(13.1683250955646,2.61090657431612,-1.29192986619005));
#4579=CARTESIAN_POINT('Ctrl Pts',(13.0829733051404,2.60683121816507,-1.3));
#4580=CARTESIAN_POINT('Ctrl Pts',(12.9170266948596,2.60683121816507,-1.3));
#4581=CARTESIAN_POINT('Ctrl Pts',(12.8316749044354,2.61090657431612,-1.29192986619005));
#4582=CARTESIAN_POINT('Ctrl Pts',(12.6627290048858,2.62721364260423,-1.25843728249468));
#4583=CARTESIAN_POINT('Ctrl Pts',(12.5791302832023,2.63942251111679,-1.23302698255038));
#4584=CARTESIAN_POINT('Ctrl Pts',(12.339575824304,2.68461003879965,-1.13304376779376));
#4585=CARTESIAN_POINT('Ctrl Pts',(12.1949874690236,2.72617121990444,-1.03346510010865));
#4586=CARTESIAN_POINT('Ctrl Pts',(11.9667216258184,2.80208252074241,-0.805199256903414));
#4587=CARTESIAN_POINT('Ctrl Pts',(11.8670032449656,2.84175619002365,-0.660543430860577));
#4588=CARTESIAN_POINT('Ctrl Pts',(11.8001952938166,2.86968645065136,-0.50046851197325));
#4589=CARTESIAN_POINT('Ctrl Pts',(11.8000976132532,2.86972729189698,-0.500234271807678));
#4590=CARTESIAN_POINT('Ctrl Pts',(11.8,2.86976810909871,-0.500000000000006));
#4591=CARTESIAN_POINT('',(11.7,3.96,1.59204083889156E-16));
#4592=CARTESIAN_POINT('',(11.7,3.85,1.59204083889156E-16));
#4593=CARTESIAN_POINT('',(13.,3.7405347211328,1.3));
#4594=CARTESIAN_POINT('Ctrl Pts',(13.,3.7405347211328,1.3));
#4595=CARTESIAN_POINT('Ctrl Pts',(12.9177030459551,3.7405347211328,1.3));
#4596=CARTESIAN_POINT('Ctrl Pts',(12.8328107218738,3.74332603946264,1.29205949006367));
#4597=CARTESIAN_POINT('Ctrl Pts',(12.6643551053294,3.75462316050745,1.25885363951714));
#4598=CARTESIAN_POINT('Ctrl Pts',(12.5807891831439,3.7631176530233,1.23359779347131));
#4599=CARTESIAN_POINT('Ctrl Pts',(12.3408779176164,3.79485285638826,1.13382688152151));
#4600=CARTESIAN_POINT('Ctrl Pts',(12.1955240790929,3.82444258630512,1.03400171017797));
#4601=CARTESIAN_POINT('Ctrl Pts',(11.9660481944211,3.87920697109062,0.804525825506146));
#4602=CARTESIAN_POINT('Ctrl Pts',(11.8661845673608,3.90808452738277,0.659152045906567));
#4603=CARTESIAN_POINT('Ctrl Pts',(11.7331280529021,3.94874052445776,0.339196643064947));
#4604=CARTESIAN_POINT('Ctrl Pts',(11.7,3.96,0.164522334494381));
#4605=CARTESIAN_POINT('Ctrl Pts',(11.7,3.96,1.11022302462516E-16));
#4606=CARTESIAN_POINT('Ctrl Pts',(11.7,3.96,2.22044604925031E-16));
#4607=CARTESIAN_POINT('Ctrl Pts',(11.7,3.96,-0.164522334494381));
#4608=CARTESIAN_POINT('Ctrl Pts',(11.7331280529021,3.94874052445776,-0.339196643064946));
#4609=CARTESIAN_POINT('Ctrl Pts',(11.8661845673608,3.90808452738277,-0.659152045906566));
#4610=CARTESIAN_POINT('Ctrl Pts',(11.9660481944211,3.87920697109062,-0.804525825506145));
#4611=CARTESIAN_POINT('Ctrl Pts',(12.1955240790929,3.82444258630512,-1.03400171017797));
#4612=CARTESIAN_POINT('Ctrl Pts',(12.3408779176164,3.79485285638826,-1.13382688152151));
#4613=CARTESIAN_POINT('Ctrl Pts',(12.5807891831439,3.7631176530233,-1.23359779347131));
#4614=CARTESIAN_POINT('Ctrl Pts',(12.6643551053294,3.75462316050745,-1.25885363951714));
#4615=CARTESIAN_POINT('Ctrl Pts',(12.8328107218738,3.74332603946264,-1.29205949006367));
#4616=CARTESIAN_POINT('Ctrl Pts',(12.9177030459551,3.7405347211328,-1.3));
#4617=CARTESIAN_POINT('Ctrl Pts',(13.0822969540449,3.7405347211328,-1.3));
#4618=CARTESIAN_POINT('Ctrl Pts',(13.1671892781262,3.74332603946264,-1.29205949006367));
#4619=CARTESIAN_POINT('Ctrl Pts',(13.3356448946706,3.75462316050745,-1.25885363951714));
#4620=CARTESIAN_POINT('Ctrl Pts',(13.4192108168561,3.7631176530233,-1.23359779347131));
#4621=CARTESIAN_POINT('Ctrl Pts',(13.6591220823836,3.79485285638826,-1.13382688152151));
#4622=CARTESIAN_POINT('Ctrl Pts',(13.8044759209071,3.82444258630512,-1.03400171017797));
#4623=CARTESIAN_POINT('Ctrl Pts',(14.0339518055789,3.87920697109062,-0.804525825506145));
#4624=CARTESIAN_POINT('Ctrl Pts',(14.1338154326392,3.90808452738277,-0.659152045906566));
#4625=CARTESIAN_POINT('Ctrl Pts',(14.2668719470979,3.94874052445776,-0.339196643064946));
#4626=CARTESIAN_POINT('Ctrl Pts',(14.3,3.96,-0.164522334494381));
#4627=CARTESIAN_POINT('Ctrl Pts',(14.3,3.96,0.16452233449438));
#4628=CARTESIAN_POINT('Ctrl Pts',(14.2668719470979,3.94874052445776,0.339196643064946));
#4629=CARTESIAN_POINT('Ctrl Pts',(14.1338154326392,3.90808452738277,0.659152045906565));
#4630=CARTESIAN_POINT('Ctrl Pts',(14.0339518055789,3.87920697109062,0.804525825506145));
#4631=CARTESIAN_POINT('Ctrl Pts',(13.8044759209071,3.82444258630512,1.03400171017797));
#4632=CARTESIAN_POINT('Ctrl Pts',(13.6591220823836,3.79485285638826,1.13382688152151));
#4633=CARTESIAN_POINT('Ctrl Pts',(13.4192108168561,3.7631176530233,1.23359779347131));
#4634=CARTESIAN_POINT('Ctrl Pts',(13.3356448946706,3.75462316050745,1.25885363951714));
#4635=CARTESIAN_POINT('Ctrl Pts',(13.1671892781262,3.74332603946264,1.29205949006367));
#4636=CARTESIAN_POINT('Ctrl Pts',(13.0822969540449,3.7405347211328,1.3));
#4637=CARTESIAN_POINT('Ctrl Pts',(13.,3.7405347211328,1.3));
#4638=CARTESIAN_POINT('Origin',(27.9,0.,0.));
#4639=CARTESIAN_POINT('',(27.4,-1.8492166667125E-16,1.51));
#4640=CARTESIAN_POINT('Origin',(27.4,0.,0.));
#4641=CARTESIAN_POINT('',(28.4,1.8492166667125E-16,1.51));
#4642=CARTESIAN_POINT('',(27.9,-1.8492166667125E-16,1.51));
#4643=CARTESIAN_POINT('Origin',(28.4,0.,0.));
#4644=CARTESIAN_POINT('Origin',(28.6,0.,0.));
#4645=CARTESIAN_POINT('',(28.4,-3.56739612591624E-16,2.913));
#4646=CARTESIAN_POINT('Origin',(28.4,0.,0.));
#4647=CARTESIAN_POINT('',(28.7,3.56739612591624E-16,2.913));
#4648=CARTESIAN_POINT('',(28.6,-3.56739612591624E-16,2.913));
#4649=CARTESIAN_POINT('Origin',(28.7,0.,0.));
#4650=CARTESIAN_POINT('Origin',(28.4,0.,0.));
#4651=CARTESIAN_POINT('Origin',(19.6,0.,0.));
#4652=CARTESIAN_POINT('',(19.6,-3.56739612591624E-16,2.913));
#4653=CARTESIAN_POINT('',(19.6,-3.56739612591624E-16,2.913));
#4654=CARTESIAN_POINT('',(27.4,-3.56739612591624E-16,2.913));
#4655=CARTESIAN_POINT('',(19.6,-3.56739612591624E-16,2.913));
#4656=CARTESIAN_POINT('Origin',(27.4,0.,0.));
#4657=CARTESIAN_POINT('Origin',(27.4,0.,0.));
#4658=CARTESIAN_POINT('Origin',(7.05,0.,0.));
#4659=CARTESIAN_POINT('',(7.05,-2.3819380243416E-16,1.945));
#4660=CARTESIAN_POINT('Origin',(28.55,0.,0.));
#4661=CARTESIAN_POINT('',(28.7,-4.84960132462352E-16,3.96));
#4662=CARTESIAN_POINT('Origin',(28.7,0.,0.));
#4663=CARTESIAN_POINT('',(28.4,-4.84960132462352E-16,3.96));
#4664=CARTESIAN_POINT('',(28.55,-4.84960132462352E-16,3.96));
#4665=CARTESIAN_POINT('Origin',(28.4,0.,0.));
#4666=CARTESIAN_POINT('Origin',(28.7,0.,0.));
#4667=CARTESIAN_POINT('Origin',(27.2,0.,0.));
#4668=CARTESIAN_POINT('',(27.2,-5.07003774847004E-16,4.14));
#4669=CARTESIAN_POINT('Origin',(27.2,0.,0.));
#4670=CARTESIAN_POINT('',(27.2,-4.84960132462352E-16,3.96));
#4671=CARTESIAN_POINT('Origin',(27.2,0.,0.));
#4672=CARTESIAN_POINT('Origin',(27.8,0.,0.));
#4673=CARTESIAN_POINT('',(28.4,-5.07003774847004E-16,4.14));
#4674=CARTESIAN_POINT('Origin',(28.4,0.,0.));
#4675=CARTESIAN_POINT('',(27.8,-5.07003774847004E-16,4.14));
#4676=CARTESIAN_POINT('Origin',(28.4,0.,0.));
#4677=CARTESIAN_POINT('Origin',(18.1,0.,0.));
#4678=CARTESIAN_POINT('',(18.1,-4.84960132462352E-16,3.96));
#4679=CARTESIAN_POINT('',(18.1,-4.84960132462352E-16,3.96));
#4680=CARTESIAN_POINT('',(18.1,-4.84960132462352E-16,3.96));
#4681=CARTESIAN_POINT('',(9.,-4.84960132462352E-16,3.96));
#4682=CARTESIAN_POINT('',(18.1,-4.84960132462352E-16,3.96));
#4683=CARTESIAN_POINT('Origin',(9.,0.,0.));
#4684=CARTESIAN_POINT('Origin',(8.6,0.,0.));
#4685=CARTESIAN_POINT('',(8.2,-5.0639145144743E-16,4.135));
#4686=CARTESIAN_POINT('',(8.6,-4.95675791954891E-16,4.0475));
#4687=CARTESIAN_POINT('Origin',(8.2,0.,0.));
#4688=CARTESIAN_POINT('Origin',(6.15,0.,0.));
#4689=CARTESIAN_POINT('',(6.15,-5.06391451447431E-16,4.135));
#4690=CARTESIAN_POINT('Origin',(4.1,0.,0.));
#4691=CARTESIAN_POINT('Origin',(3.95,0.,0.));
#4692=UNCERTAINTY_MEASURE_WITH_UNIT(LENGTH_MEASURE(0.001),#4696,
'DISTANCE_ACCURACY_VALUE',
'Maximum model space distance between geometric entities at asserted c
onnectivities');
#4693=UNCERTAINTY_MEASURE_WITH_UNIT(LENGTH_MEASURE(0.001),#4696,
'DISTANCE_ACCURACY_VALUE',
'Maximum model space distance between geometric entities at asserted c
onnectivities');
#4694=(
GEOMETRIC_REPRESENTATION_CONTEXT(3)
GLOBAL_UNCERTAINTY_ASSIGNED_CONTEXT((#4692))
GLOBAL_UNIT_ASSIGNED_CONTEXT((#4696,#4698,#4699))
REPRESENTATION_CONTEXT('','3D')
);
#4695=(
GEOMETRIC_REPRESENTATION_CONTEXT(3)
GLOBAL_UNCERTAINTY_ASSIGNED_CONTEXT((#4693))
GLOBAL_UNIT_ASSIGNED_CONTEXT((#4696,#4698,#4699))
REPRESENTATION_CONTEXT('','3D')
);
#4696=(
LENGTH_UNIT()
NAMED_UNIT(*)
SI_UNIT(.CENTI.,.METRE.)
);
#4697=(
LENGTH_UNIT()
NAMED_UNIT(*)
SI_UNIT($,.METRE.)
);
#4698=(
NAMED_UNIT(*)
PLANE_ANGLE_UNIT()
SI_UNIT($,.RADIAN.)
);
#4699=(
NAMED_UNIT(*)
SI_UNIT($,.STERADIAN.)
SOLID_ANGLE_UNIT()
);
#4700=SHAPE_DEFINITION_REPRESENTATION(#4701,#4702);
#4701=PRODUCT_DEFINITION_SHAPE('',$,#4704);
#4702=SHAPE_REPRESENTATION('',(#1519),#4694);
#4703=PRODUCT_DEFINITION_CONTEXT('part definition',#4708,'design');
#4704=PRODUCT_DEFINITION('30_Print_Barrel','30_Print_Barrel',#4705,#4703);
#4705=PRODUCT_DEFINITION_FORMATION('',$,#4710);
#4706=PRODUCT_RELATED_PRODUCT_CATEGORY('30_Print_Barrel',
'30_Print_Barrel',(#4710));
#4707=APPLICATION_PROTOCOL_DEFINITION('international standard',
'automotive_design',2009,#4708);
#4708=APPLICATION_CONTEXT(
'Core Data for Automotive Mechanical Design Process');
#4709=PRODUCT_CONTEXT('part definition',#4708,'mechanical');
#4710=PRODUCT('30_Print_Barrel','30_Print_Barrel',$,(#4709));
#4711=PRESENTATION_STYLE_ASSIGNMENT((#4712));
#4712=SURFACE_STYLE_USAGE(.BOTH.,#4713);
#4713=SURFACE_SIDE_STYLE('',(#4714));
#4714=SURFACE_STYLE_FILL_AREA(#4715);
#4715=FILL_AREA_STYLE('Steel - Satin',(#4716));
#4716=FILL_AREA_STYLE_COLOUR('Steel - Satin',#4717);
#4717=COLOUR_RGB('Steel - Satin',0.627450980392157,0.627450980392157,0.627450980392157);
ENDSEC;
END-ISO-10303-21;
