ISO-10303-21;
HEADER;
/* Generated by software containing ST-Developer
 * from STEP Tools, Inc. (www.steptools.com) 
 */

FILE_DESCRIPTION(
/* description */ (''),
/* implementation_level */ '2;1');

FILE_NAME(
/* name */ '50_Print_Charging.stp',
/* time_stamp */ '2026-09-13T20:18:28-05:00',
/* author */ (''),
/* organization */ (''),
/* preprocessor_version */ 'ST-DEVELOPER v20.1',
/* originating_system */ 'Autodesk Translation Framework v15.8.0.0',
/* authorisation */ '');

FILE_SCHEMA (('AUTOMOTIVE_DESIGN { 1 0 10303 214 3 1 1 }'));
ENDSEC;

DATA;
#10=MECHANICAL_DESIGN_GEOMETRIC_PRESENTATION_REPRESENTATION('',(#15,#16,
#17),#4586);
#11=SHAPE_REPRESENTATION_RELATIONSHIP('SRR','None',#4593,#12);
#12=ADVANCED_BREP_SHAPE_REPRESENTATION('',(#18,#19,#20),#4585);
#13=(
BOUNDED_CURVE()
B_SPLINE_CURVE(5,(#4461,#4462,#4463,#4464,#4465,#4466,#4467,#4468,#4469,
#4470,#4471,#4472,#4473,#4474,#4475,#4476,#4477,#4478,#4479,#4480,#4481,
#4482,#4483,#4484,#4485,#4486,#4487,#4488,#4489,#4490,#4491,#4492,#4493,
#4494,#4495,#4496,#4497,#4498,#4499,#4500,#4501,#4502,#4503,#4504,#4505,
#4506,#4507,#4508,#4509,#4510,#4511,#4512,#4513,#4514,#4515,#4516,#4517,
#4518,#4519,#4520,#4521,#4522,#4523,#4524,#4525,#4526,#4527,#4528,#4529,
#4530,#4531,#4532,#4533,#4534,#4535,#4536,#4537,#4538,#4539,#4540,#4541,
#4542,#4543,#4544,#4545,#4546,#4547,#4548,#4549,#4550,#4551,#4552,#4553,
#4554,#4555,#4556,#4557,#4558,#4559,#4560,#4561,#4562,#4563,#4564,#4565,
#4566,#4567,#4568,#4569,#4570,#4571,#4572,#4573,#4574,#4575,#4576,#4577,
#4578,#4579,#4580),.UNSPECIFIED.,.F.,.F.)
B_SPLINE_CURVE_WITH_KNOTS((6,1,1,1,1,1,1,1,1,1,1,1,1,1,1,1,1,1,1,1,1,1,
1,1,1,1,1,1,1,1,1,1,1,1,1,1,1,1,1,1,1,1,1,1,1,1,1,1,1,1,1,1,1,1,1,1,1,1,
1,1,1,1,1,1,1,1,1,1,1,1,1,1,1,1,1,1,1,1,1,1,1,1,1,1,1,1,1,1,1,1,1,1,1,1,
1,1,1,1,1,1,1,1,1,1,1,1,1,1,1,1,1,1,1,1,1,6),(0.,0.00869565217391304,0.0173913043478261,
0.0260869565217391,0.0347826086956522,0.0434782608695652,0.0521739130434783,
0.0608695652173913,0.0695652173913043,0.0782608695652174,0.0869565217391304,
0.0956521739130435,0.104347826086957,0.11304347826087,0.121739130434783,
0.130434782608696,0.139130434782609,0.147826086956522,0.156521739130435,
0.165217391304348,0.173913043478261,0.182608695652174,0.191304347826087,
0.2,0.208695652173913,0.217391304347826,0.226086956521739,0.234782608695652,
0.243478260869565,0.252173913043478,0.260869565217391,0.269565217391304,
0.278260869565218,0.286956521739131,0.295652173913044,0.304347826086957,
0.31304347826087,0.321739130434783,0.330434782608696,0.339130434782609,
0.347826086956522,0.356521739130435,0.365217391304348,0.373913043478261,
0.382608695652174,0.391304347826087,0.4,0.408695652173913,0.417391304347826,
0.426086956521739,0.434782608695652,0.443478260869565,0.452173913043478,
0.460869565217392,0.469565217391305,0.478260869565218,0.486956521739131,
0.495652173913044,0.504347826086957,0.51304347826087,0.521739130434783,
0.530434782608696,0.539130434782609,0.547826086956522,0.556521739130435,
0.565217391304348,0.573913043478261,0.582608695652174,0.591304347826087,
0.6,0.608695652173913,0.617391304347826,0.626086956521739,0.634782608695652,
0.643478260869565,0.652173913043478,0.660869565217391,0.669565217391304,
0.678260869565217,0.68695652173913,0.695652173913043,0.704347826086956,
0.713043478260869,0.721739130434782,0.730434782608695,0.739130434782608,
0.747826086956521,0.756521739130434,0.765217391304347,0.77391304347826,
0.782608695652173,0.791304347826085,0.799999999999998,0.808695652173911,
0.817391304347824,0.826086956521737,0.83478260869565,0.843478260869563,
0.852173913043476,0.860869565217389,0.869565217391302,0.878260869565215,
0.886956521739128,0.895652173913041,0.904347826086954,0.913043478260867,
0.92173913043478,0.930434782608693,0.939130434782606,0.947826086956519,
0.956521739130432,0.965217391304345,0.973913043478258,0.982608695652171,
0.991304347826084,1.),.UNSPECIFIED.)
CURVE()
GEOMETRIC_REPRESENTATION_ITEM()
RATIONAL_B_SPLINE_CURVE((1.,1.,1.,1.,1.,1.,1.,1.,1.,1.,1.,1.,1.,1.,1.,1.,
1.,1.,1.,1.,1.,1.,1.,1.,1.,1.,1.,1.,1.,1.,1.,1.,1.,1.,1.,1.,1.,1.,1.,1.,
1.,1.,1.,1.,1.,1.,1.,1.,1.,1.,1.,1.,1.,1.,1.,1.,1.,1.,1.,1.,1.,1.,1.,1.,
1.,1.,1.,1.,1.,1.,1.,1.,1.,1.,1.,1.,1.,1.,1.,1.,1.,1.,1.,1.,1.,1.,1.,1.,
1.,1.,1.,1.,1.,1.,1.,1.,1.,1.,1.,1.,1.,1.,1.,1.,1.,1.,1.,1.,1.,1.,1.,1.,
1.,1.,1.,1.,1.,1.,1.,1.))
REPRESENTATION_ITEM('')
);
#14=(
BOUNDED_SURFACE()
B_SPLINE_SURFACE(5,2,((#3380,#3381,#3382,#3383,#3384,#3385,#3386,#3387,
#3388),(#3389,#3390,#3391,#3392,#3393,#3394,#3395,#3396,#3397),(#3398,#3399,
#3400,#3401,#3402,#3403,#3404,#3405,#3406),(#3407,#3408,#3409,#3410,#3411,
#3412,#3413,#3414,#3415),(#3416,#3417,#3418,#3419,#3420,#3421,#3422,#3423,
#3424),(#3425,#3426,#3427,#3428,#3429,#3430,#3431,#3432,#3433),(#3434,#3435,
#3436,#3437,#3438,#3439,#3440,#3441,#3442),(#3443,#3444,#3445,#3446,#3447,
#3448,#3449,#3450,#3451),(#3452,#3453,#3454,#3455,#3456,#3457,#3458,#3459,
#3460),(#3461,#3462,#3463,#3464,#3465,#3466,#3467,#3468,#3469),(#3470,#3471,
#3472,#3473,#3474,#3475,#3476,#3477,#3478),(#3479,#3480,#3481,#3482,#3483,
#3484,#3485,#3486,#3487),(#3488,#3489,#3490,#3491,#3492,#3493,#3494,#3495,
#3496),(#3497,#3498,#3499,#3500,#3501,#3502,#3503,#3504,#3505),(#3506,#3507,
#3508,#3509,#3510,#3511,#3512,#3513,#3514),(#3515,#3516,#3517,#3518,#3519,
#3520,#3521,#3522,#3523),(#3524,#3525,#3526,#3527,#3528,#3529,#3530,#3531,
#3532),(#3533,#3534,#3535,#3536,#3537,#3538,#3539,#3540,#3541),(#3542,#3543,
#3544,#3545,#3546,#3547,#3548,#3549,#3550),(#3551,#3552,#3553,#3554,#3555,
#3556,#3557,#3558,#3559),(#3560,#3561,#3562,#3563,#3564,#3565,#3566,#3567,
#3568),(#3569,#3570,#3571,#3572,#3573,#3574,#3575,#3576,#3577),(#3578,#3579,
#3580,#3581,#3582,#3583,#3584,#3585,#3586),(#3587,#3588,#3589,#3590,#3591,
#3592,#3593,#3594,#3595),(#3596,#3597,#3598,#3599,#3600,#3601,#3602,#3603,
#3604),(#3605,#3606,#3607,#3608,#3609,#3610,#3611,#3612,#3613),(#3614,#3615,
#3616,#3617,#3618,#3619,#3620,#3621,#3622),(#3623,#3624,#3625,#3626,#3627,
#3628,#3629,#3630,#3631),(#3632,#3633,#3634,#3635,#3636,#3637,#3638,#3639,
#3640),(#3641,#3642,#3643,#3644,#3645,#3646,#3647,#3648,#3649),(#3650,#3651,
#3652,#3653,#3654,#3655,#3656,#3657,#3658),(#3659,#3660,#3661,#3662,#3663,
#3664,#3665,#3666,#3667),(#3668,#3669,#3670,#3671,#3672,#3673,#3674,#3675,
#3676),(#3677,#3678,#3679,#3680,#3681,#3682,#3683,#3684,#3685),(#3686,#3687,
#3688,#3689,#3690,#3691,#3692,#3693,#3694),(#3695,#3696,#3697,#3698,#3699,
#3700,#3701,#3702,#3703),(#3704,#3705,#3706,#3707,#3708,#3709,#3710,#3711,
#3712),(#3713,#3714,#3715,#3716,#3717,#3718,#3719,#3720,#3721),(#3722,#3723,
#3724,#3725,#3726,#3727,#3728,#3729,#3730),(#3731,#3732,#3733,#3734,#3735,
#3736,#3737,#3738,#3739),(#3740,#3741,#3742,#3743,#3744,#3745,#3746,#3747,
#3748),(#3749,#3750,#3751,#3752,#3753,#3754,#3755,#3756,#3757),(#3758,#3759,
#3760,#3761,#3762,#3763,#3764,#3765,#3766),(#3767,#3768,#3769,#3770,#3771,
#3772,#3773,#3774,#3775),(#3776,#3777,#3778,#3779,#3780,#3781,#3782,#3783,
#3784),(#3785,#3786,#3787,#3788,#3789,#3790,#3791,#3792,#3793),(#3794,#3795,
#3796,#3797,#3798,#3799,#3800,#3801,#3802),(#3803,#3804,#3805,#3806,#3807,
#3808,#3809,#3810,#3811),(#3812,#3813,#3814,#3815,#3816,#3817,#3818,#3819,
#3820),(#3821,#3822,#3823,#3824,#3825,#3826,#3827,#3828,#3829),(#3830,#3831,
#3832,#3833,#3834,#3835,#3836,#3837,#3838),(#3839,#3840,#3841,#3842,#3843,
#3844,#3845,#3846,#3847),(#3848,#3849,#3850,#3851,#3852,#3853,#3854,#3855,
#3856),(#3857,#3858,#3859,#3860,#3861,#3862,#3863,#3864,#3865),(#3866,#3867,
#3868,#3869,#3870,#3871,#3872,#3873,#3874),(#3875,#3876,#3877,#3878,#3879,
#3880,#3881,#3882,#3883),(#3884,#3885,#3886,#3887,#3888,#3889,#3890,#3891,
#3892),(#3893,#3894,#3895,#3896,#3897,#3898,#3899,#3900,#3901),(#3902,#3903,
#3904,#3905,#3906,#3907,#3908,#3909,#3910),(#3911,#3912,#3913,#3914,#3915,
#3916,#3917,#3918,#3919),(#3920,#3921,#3922,#3923,#3924,#3925,#3926,#3927,
#3928),(#3929,#3930,#3931,#3932,#3933,#3934,#3935,#3936,#3937),(#3938,#3939,
#3940,#3941,#3942,#3943,#3944,#3945,#3946),(#3947,#3948,#3949,#3950,#3951,
#3952,#3953,#3954,#3955),(#3956,#3957,#3958,#3959,#3960,#3961,#3962,#3963,
#3964),(#3965,#3966,#3967,#3968,#3969,#3970,#3971,#3972,#3973),(#3974,#3975,
#3976,#3977,#3978,#3979,#3980,#3981,#3982),(#3983,#3984,#3985,#3986,#3987,
#3988,#3989,#3990,#3991),(#3992,#3993,#3994,#3995,#3996,#3997,#3998,#3999,
#4000),(#4001,#4002,#4003,#4004,#4005,#4006,#4007,#4008,#4009),(#4010,#4011,
#4012,#4013,#4014,#4015,#4016,#4017,#4018),(#4019,#4020,#4021,#4022,#4023,
#4024,#4025,#4026,#4027),(#4028,#4029,#4030,#4031,#4032,#4033,#4034,#4035,
#4036),(#4037,#4038,#4039,#4040,#4041,#4042,#4043,#4044,#4045),(#4046,#4047,
#4048,#4049,#4050,#4051,#4052,#4053,#4054),(#4055,#4056,#4057,#4058,#4059,
#4060,#4061,#4062,#4063),(#4064,#4065,#4066,#4067,#4068,#4069,#4070,#4071,
#4072),(#4073,#4074,#4075,#4076,#4077,#4078,#4079,#4080,#4081),(#4082,#4083,
#4084,#4085,#4086,#4087,#4088,#4089,#4090),(#4091,#4092,#4093,#4094,#4095,
#4096,#4097,#4098,#4099),(#4100,#4101,#4102,#4103,#4104,#4105,#4106,#4107,
#4108),(#4109,#4110,#4111,#4112,#4113,#4114,#4115,#4116,#4117),(#4118,#4119,
#4120,#4121,#4122,#4123,#4124,#4125,#4126),(#4127,#4128,#4129,#4130,#4131,
#4132,#4133,#4134,#4135),(#4136,#4137,#4138,#4139,#4140,#4141,#4142,#4143,
#4144),(#4145,#4146,#4147,#4148,#4149,#4150,#4151,#4152,#4153),(#4154,#4155,
#4156,#4157,#4158,#4159,#4160,#4161,#4162),(#4163,#4164,#4165,#4166,#4167,
#4168,#4169,#4170,#4171),(#4172,#4173,#4174,#4175,#4176,#4177,#4178,#4179,
#4180),(#4181,#4182,#4183,#4184,#4185,#4186,#4187,#4188,#4189),(#4190,#4191,
#4192,#4193,#4194,#4195,#4196,#4197,#4198),(#4199,#4200,#4201,#4202,#4203,
#4204,#4205,#4206,#4207),(#4208,#4209,#4210,#4211,#4212,#4213,#4214,#4215,
#4216),(#4217,#4218,#4219,#4220,#4221,#4222,#4223,#4224,#4225),(#4226,#4227,
#4228,#4229,#4230,#4231,#4232,#4233,#4234),(#4235,#4236,#4237,#4238,#4239,
#4240,#4241,#4242,#4243),(#4244,#4245,#4246,#4247,#4248,#4249,#4250,#4251,
#4252),(#4253,#4254,#4255,#4256,#4257,#4258,#4259,#4260,#4261),(#4262,#4263,
#4264,#4265,#4266,#4267,#4268,#4269,#4270),(#4271,#4272,#4273,#4274,#4275,
#4276,#4277,#4278,#4279),(#4280,#4281,#4282,#4283,#4284,#4285,#4286,#4287,
#4288),(#4289,#4290,#4291,#4292,#4293,#4294,#4295,#4296,#4297),(#4298,#4299,
#4300,#4301,#4302,#4303,#4304,#4305,#4306),(#4307,#4308,#4309,#4310,#4311,
#4312,#4313,#4314,#4315),(#4316,#4317,#4318,#4319,#4320,#4321,#4322,#4323,
#4324),(#4325,#4326,#4327,#4328,#4329,#4330,#4331,#4332,#4333),(#4334,#4335,
#4336,#4337,#4338,#4339,#4340,#4341,#4342),(#4343,#4344,#4345,#4346,#4347,
#4348,#4349,#4350,#4351),(#4352,#4353,#4354,#4355,#4356,#4357,#4358,#4359,
#4360),(#4361,#4362,#4363,#4364,#4365,#4366,#4367,#4368,#4369),(#4370,#4371,
#4372,#4373,#4374,#4375,#4376,#4377,#4378),(#4379,#4380,#4381,#4382,#4383,
#4384,#4385,#4386,#4387),(#4388,#4389,#4390,#4391,#4392,#4393,#4394,#4395,
#4396),(#4397,#4398,#4399,#4400,#4401,#4402,#4403,#4404,#4405),(#4406,#4407,
#4408,#4409,#4410,#4411,#4412,#4413,#4414),(#4415,#4416,#4417,#4418,#4419,
#4420,#4421,#4422,#4423),(#4424,#4425,#4426,#4427,#4428,#4429,#4430,#4431,
#4432),(#4433,#4434,#4435,#4436,#4437,#4438,#4439,#4440,#4441),(#4442,#4443,
#4444,#4445,#4446,#4447,#4448,#4449,#4450),(#4451,#4452,#4453,#4454,#4455,
#4456,#4457,#4458,#4459)),.UNSPECIFIED.,.F.,.T.,.F.)
B_SPLINE_SURFACE_WITH_KNOTS((6,1,1,1,1,1,1,1,1,1,1,1,1,1,1,1,1,1,1,1,1,
1,1,1,1,1,1,1,1,1,1,1,1,1,1,1,1,1,1,1,1,1,1,1,1,1,1,1,1,1,1,1,1,1,1,1,1,
1,1,1,1,1,1,1,1,1,1,1,1,1,1,1,1,1,1,1,1,1,1,1,1,1,1,1,1,1,1,1,1,1,1,1,1,
1,1,1,1,1,1,1,1,1,1,1,1,1,1,1,1,1,1,1,1,1,1,6),(3,2,2,2,3),(0.,0.00869565217391304,
0.0173913043478261,0.0260869565217391,0.0347826086956522,0.0434782608695652,
0.0521739130434783,0.0608695652173913,0.0695652173913043,0.0782608695652174,
0.0869565217391304,0.0956521739130435,0.104347826086957,0.11304347826087,
0.121739130434783,0.130434782608696,0.139130434782609,0.147826086956522,
0.156521739130435,0.165217391304348,0.173913043478261,0.182608695652174,
0.191304347826087,0.2,0.208695652173913,0.217391304347826,0.226086956521739,
0.234782608695652,0.243478260869565,0.252173913043478,0.260869565217391,
0.269565217391304,0.278260869565218,0.286956521739131,0.295652173913044,
0.304347826086957,0.31304347826087,0.321739130434783,0.330434782608696,
0.339130434782609,0.347826086956522,0.356521739130435,0.365217391304348,
0.373913043478261,0.382608695652174,0.391304347826087,0.4,0.408695652173913,
0.417391304347826,0.426086956521739,0.434782608695652,0.443478260869565,
0.452173913043478,0.460869565217392,0.469565217391305,0.478260869565218,
0.486956521739131,0.495652173913044,0.504347826086957,0.51304347826087,
0.521739130434783,0.530434782608696,0.539130434782609,0.547826086956522,
0.556521739130435,0.565217391304348,0.573913043478261,0.582608695652174,
0.591304347826087,0.6,0.608695652173913,0.617391304347826,0.626086956521739,
0.634782608695652,0.643478260869565,0.652173913043478,0.660869565217391,
0.669565217391304,0.678260869565217,0.68695652173913,0.695652173913043,
0.704347826086956,0.713043478260869,0.721739130434782,0.730434782608695,
0.739130434782608,0.747826086956521,0.756521739130434,0.765217391304347,
0.77391304347826,0.782608695652173,0.791304347826085,0.799999999999998,
0.808695652173911,0.817391304347824,0.826086956521737,0.83478260869565,
0.843478260869563,0.852173913043476,0.860869565217389,0.869565217391302,
0.878260869565215,0.886956521739128,0.895652173913041,0.904347826086954,
0.913043478260867,0.92173913043478,0.930434782608693,0.939130434782606,
0.947826086956519,0.956521739130432,0.965217391304345,0.973913043478258,
0.982608695652171,0.991304347826084,1.),(0.,1.5707963267949,3.14159265358979,
4.71238898038469,6.28318530717959),.UNSPECIFIED.)
GEOMETRIC_REPRESENTATION_ITEM()
RATIONAL_B_SPLINE_SURFACE(((1.,0.707106781186548,1.,0.707106781186548,1.,
0.707106781186548,1.,0.707106781186548,1.),(1.,0.707106781186548,1.,0.707106781186548,
1.,0.707106781186548,1.,0.707106781186548,1.),(1.,0.707106781186548,1.,
0.707106781186548,1.,0.707106781186548,1.,0.707106781186548,1.),(1.,0.707106781186548,
1.,0.707106781186548,1.,0.707106781186548,1.,0.707106781186548,1.),(1.,
0.707106781186548,1.,0.707106781186548,1.,0.707106781186548,1.,0.707106781186548,
1.),(1.,0.707106781186548,1.,0.707106781186548,1.,0.707106781186548,1.,
0.707106781186548,1.),(1.,0.707106781186548,1.,0.707106781186548,1.,0.707106781186548,
1.,0.707106781186548,1.),(1.,0.707106781186548,1.,0.707106781186548,1.,
0.707106781186548,1.,0.707106781186548,1.),(1.,0.707106781186548,1.,0.707106781186548,
1.,0.707106781186548,1.,0.707106781186548,1.),(1.,0.707106781186548,1.,
0.707106781186548,1.,0.707106781186548,1.,0.707106781186548,1.),(1.,0.707106781186548,
1.,0.707106781186548,1.,0.707106781186548,1.,0.707106781186548,1.),(1.,
0.707106781186548,1.,0.707106781186548,1.,0.707106781186548,1.,0.707106781186548,
1.),(1.,0.707106781186548,1.,0.707106781186548,1.,0.707106781186548,1.,
0.707106781186548,1.),(1.,0.707106781186548,1.,0.707106781186548,1.,0.707106781186548,
1.,0.707106781186548,1.),(1.,0.707106781186548,1.,0.707106781186548,1.,
0.707106781186548,1.,0.707106781186548,1.),(1.,0.707106781186548,1.,0.707106781186548,
1.,0.707106781186548,1.,0.707106781186548,1.),(1.,0.707106781186548,1.,
0.707106781186548,1.,0.707106781186548,1.,0.707106781186548,1.),(1.,0.707106781186548,
1.,0.707106781186548,1.,0.707106781186548,1.,0.707106781186548,1.),(1.,
0.707106781186548,1.,0.707106781186548,1.,0.707106781186548,1.,0.707106781186548,
1.),(1.,0.707106781186548,1.,0.707106781186548,1.,0.707106781186548,1.,
0.707106781186548,1.),(1.,0.707106781186548,1.,0.707106781186548,1.,0.707106781186548,
1.,0.707106781186548,1.),(1.,0.707106781186548,1.,0.707106781186548,1.,
0.707106781186548,1.,0.707106781186548,1.),(1.,0.707106781186548,1.,0.707106781186548,
1.,0.707106781186548,1.,0.707106781186548,1.),(1.,0.707106781186548,1.,
0.707106781186548,1.,0.707106781186548,1.,0.707106781186548,1.),(1.,0.707106781186548,
1.,0.707106781186548,1.,0.707106781186548,1.,0.707106781186548,1.),(1.,
0.707106781186548,1.,0.707106781186548,1.,0.707106781186548,1.,0.707106781186548,
1.),(1.,0.707106781186548,1.,0.707106781186548,1.,0.707106781186548,1.,
0.707106781186548,1.),(1.,0.707106781186548,1.,0.707106781186548,1.,0.707106781186548,
1.,0.707106781186548,1.),(1.,0.707106781186548,1.,0.707106781186548,1.,
0.707106781186548,1.,0.707106781186548,1.),(1.,0.707106781186548,1.,0.707106781186548,
1.,0.707106781186548,1.,0.707106781186548,1.),(1.,0.707106781186548,1.,
0.707106781186548,1.,0.707106781186548,1.,0.707106781186548,1.),(1.,0.707106781186548,
1.,0.707106781186548,1.,0.707106781186548,1.,0.707106781186548,1.),(1.,
0.707106781186548,1.,0.707106781186548,1.,0.707106781186548,1.,0.707106781186548,
1.),(1.,0.707106781186548,1.,0.707106781186548,1.,0.707106781186548,1.,
0.707106781186548,1.),(1.,0.707106781186548,1.,0.707106781186548,1.,0.707106781186548,
1.,0.707106781186548,1.),(1.,0.707106781186548,1.,0.707106781186548,1.,
0.707106781186548,1.,0.707106781186548,1.),(1.,0.707106781186548,1.,0.707106781186548,
1.,0.707106781186548,1.,0.707106781186548,1.),(1.,0.707106781186548,1.,
0.707106781186548,1.,0.707106781186548,1.,0.707106781186548,1.),(1.,0.707106781186548,
1.,0.707106781186548,1.,0.707106781186548,1.,0.707106781186548,1.),(1.,
0.707106781186548,1.,0.707106781186548,1.,0.707106781186548,1.,0.707106781186548,
1.),(1.,0.707106781186548,1.,0.707106781186548,1.,0.707106781186548,1.,
0.707106781186548,1.),(1.,0.707106781186548,1.,0.707106781186548,1.,0.707106781186548,
1.,0.707106781186548,1.),(1.,0.707106781186548,1.,0.707106781186548,1.,
0.707106781186548,1.,0.707106781186548,1.),(1.,0.707106781186548,1.,0.707106781186548,
1.,0.707106781186548,1.,0.707106781186548,1.),(1.,0.707106781186548,1.,
0.707106781186548,1.,0.707106781186548,1.,0.707106781186548,1.),(1.,0.707106781186548,
1.,0.707106781186548,1.,0.707106781186548,1.,0.707106781186548,1.),(1.,
0.707106781186548,1.,0.707106781186548,1.,0.707106781186548,1.,0.707106781186548,
1.),(1.,0.707106781186548,1.,0.707106781186548,1.,0.707106781186548,1.,
0.707106781186548,1.),(1.,0.707106781186548,1.,0.707106781186548,1.,0.707106781186548,
1.,0.707106781186548,1.),(1.,0.707106781186548,1.,0.707106781186548,1.,
0.707106781186548,1.,0.707106781186548,1.),(1.,0.707106781186548,1.,0.707106781186548,
1.,0.707106781186548,1.,0.707106781186548,1.),(1.,0.707106781186548,1.,
0.707106781186548,1.,0.707106781186548,1.,0.707106781186548,1.),(1.,0.707106781186548,
1.,0.707106781186548,1.,0.707106781186548,1.,0.707106781186548,1.),(1.,
0.707106781186548,1.,0.707106781186548,1.,0.707106781186548,1.,0.707106781186548,
1.),(1.,0.707106781186548,1.,0.707106781186548,1.,0.707106781186548,1.,
0.707106781186548,1.),(1.,0.707106781186548,1.,0.707106781186548,1.,0.707106781186548,
1.,0.707106781186548,1.),(1.,0.707106781186548,1.,0.707106781186548,1.,
0.707106781186548,1.,0.707106781186548,1.),(1.,0.707106781186548,1.,0.707106781186548,
1.,0.707106781186548,1.,0.707106781186548,1.),(1.,0.707106781186548,1.,
0.707106781186548,1.,0.707106781186548,1.,0.707106781186548,1.),(1.,0.707106781186548,
1.,0.707106781186548,1.,0.707106781186548,1.,0.707106781186548,1.),(1.,
0.707106781186548,1.,0.707106781186548,1.,0.707106781186548,1.,0.707106781186548,
1.),(1.,0.707106781186548,1.,0.707106781186548,1.,0.707106781186548,1.,
0.707106781186548,1.),(1.,0.707106781186548,1.,0.707106781186548,1.,0.707106781186548,
1.,0.707106781186548,1.),(1.,0.707106781186548,1.,0.707106781186548,1.,
0.707106781186548,1.,0.707106781186548,1.),(1.,0.707106781186548,1.,0.707106781186548,
1.,0.707106781186548,1.,0.707106781186548,1.),(1.,0.707106781186548,1.,
0.707106781186548,1.,0.707106781186548,1.,0.707106781186548,1.),(1.,0.707106781186548,
1.,0.707106781186548,1.,0.707106781186548,1.,0.707106781186548,1.),(1.,
0.707106781186548,1.,0.707106781186548,1.,0.707106781186548,1.,0.707106781186548,
1.),(1.,0.707106781186548,1.,0.707106781186548,1.,0.707106781186548,1.,
0.707106781186548,1.),(1.,0.707106781186548,1.,0.707106781186548,1.,0.707106781186548,
1.,0.707106781186548,1.),(1.,0.707106781186548,1.,0.707106781186548,1.,
0.707106781186548,1.,0.707106781186548,1.),(1.,0.707106781186548,1.,0.707106781186548,
1.,0.707106781186548,1.,0.707106781186548,1.),(1.,0.707106781186548,1.,
0.707106781186548,1.,0.707106781186548,1.,0.707106781186548,1.),(1.,0.707106781186548,
1.,0.707106781186548,1.,0.707106781186548,1.,0.707106781186548,1.),(1.,
0.707106781186548,1.,0.707106781186548,1.,0.707106781186548,1.,0.707106781186548,
1.),(1.,0.707106781186548,1.,0.707106781186548,1.,0.707106781186548,1.,
0.707106781186548,1.),(1.,0.707106781186548,1.,0.707106781186548,1.,0.707106781186548,
1.,0.707106781186548,1.),(1.,0.707106781186548,1.,0.707106781186548,1.,
0.707106781186548,1.,0.707106781186548,1.),(1.,0.707106781186548,1.,0.707106781186548,
1.,0.707106781186548,1.,0.707106781186548,1.),(1.,0.707106781186548,1.,
0.707106781186548,1.,0.707106781186548,1.,0.707106781186548,1.),(1.,0.707106781186548,
1.,0.707106781186548,1.,0.707106781186548,1.,0.707106781186548,1.),(1.,
0.707106781186548,1.,0.707106781186548,1.,0.707106781186548,1.,0.707106781186548,
1.),(1.,0.707106781186548,1.,0.707106781186548,1.,0.707106781186548,1.,
0.707106781186548,1.),(1.,0.707106781186548,1.,0.707106781186548,1.,0.707106781186548,
1.,0.707106781186548,1.),(1.,0.707106781186548,1.,0.707106781186548,1.,
0.707106781186548,1.,0.707106781186548,1.),(1.,0.707106781186548,1.,0.707106781186548,
1.,0.707106781186548,1.,0.707106781186548,1.),(1.,0.707106781186548,1.,
0.707106781186548,1.,0.707106781186548,1.,0.707106781186548,1.),(1.,0.707106781186548,
1.,0.707106781186548,1.,0.707106781186548,1.,0.707106781186548,1.),(1.,
0.707106781186548,1.,0.707106781186548,1.,0.707106781186548,1.,0.707106781186548,
1.),(1.,0.707106781186548,1.,0.707106781186548,1.,0.707106781186548,1.,
0.707106781186548,1.),(1.,0.707106781186548,1.,0.707106781186548,1.,0.707106781186548,
1.,0.707106781186548,1.),(1.,0.707106781186548,1.,0.707106781186548,1.,
0.707106781186548,1.,0.707106781186548,1.),(1.,0.707106781186548,1.,0.707106781186548,
1.,0.707106781186548,1.,0.707106781186548,1.),(1.,0.707106781186548,1.,
0.707106781186548,1.,0.707106781186548,1.,0.707106781186548,1.),(1.,0.707106781186548,
1.,0.707106781186548,1.,0.707106781186548,1.,0.707106781186548,1.),(1.,
0.707106781186548,1.,0.707106781186548,1.,0.707106781186548,1.,0.707106781186548,
1.),(1.,0.707106781186548,1.,0.707106781186548,1.,0.707106781186548,1.,
0.707106781186548,1.),(1.,0.707106781186548,1.,0.707106781186548,1.,0.707106781186548,
1.,0.707106781186548,1.),(1.,0.707106781186548,1.,0.707106781186548,1.,
0.707106781186548,1.,0.707106781186548,1.),(1.,0.707106781186548,1.,0.707106781186548,
1.,0.707106781186548,1.,0.707106781186548,1.),(1.,0.707106781186548,1.,
0.707106781186548,1.,0.707106781186548,1.,0.707106781186548,1.),(1.,0.707106781186548,
1.,0.707106781186548,1.,0.707106781186548,1.,0.707106781186548,1.),(1.,
0.707106781186548,1.,0.707106781186548,1.,0.707106781186548,1.,0.707106781186548,
1.),(1.,0.707106781186548,1.,0.707106781186548,1.,0.707106781186548,1.,
0.707106781186548,1.),(1.,0.707106781186548,1.,0.707106781186548,1.,0.707106781186548,
1.,0.707106781186548,1.),(1.,0.707106781186548,1.,0.707106781186548,1.,
0.707106781186548,1.,0.707106781186548,1.),(1.,0.707106781186548,1.,0.707106781186548,
1.,0.707106781186548,1.,0.707106781186548,1.),(1.,0.707106781186548,1.,
0.707106781186548,1.,0.707106781186548,1.,0.707106781186548,1.),(1.,0.707106781186548,
1.,0.707106781186548,1.,0.707106781186548,1.,0.707106781186548,1.),(1.,
0.707106781186548,1.,0.707106781186548,1.,0.707106781186548,1.,0.707106781186548,
1.),(1.,0.707106781186548,1.,0.707106781186548,1.,0.707106781186548,1.,
0.707106781186548,1.),(1.,0.707106781186548,1.,0.707106781186548,1.,0.707106781186548,
1.,0.707106781186548,1.),(1.,0.707106781186548,1.,0.707106781186548,1.,
0.707106781186548,1.,0.707106781186548,1.),(1.,0.707106781186548,1.,0.707106781186548,
1.,0.707106781186548,1.,0.707106781186548,1.),(1.,0.707106781186548,1.,
0.707106781186548,1.,0.707106781186548,1.,0.707106781186548,1.),(1.,0.707106781186548,
1.,0.707106781186548,1.,0.707106781186548,1.,0.707106781186548,1.),(1.,
0.707106781186548,1.,0.707106781186548,1.,0.707106781186548,1.,0.707106781186548,
1.),(1.,0.707106781186548,1.,0.707106781186548,1.,0.707106781186548,1.,
0.707106781186548,1.),(1.,0.707106781186548,1.,0.707106781186548,1.,0.707106781186548,
1.,0.707106781186548,1.),(1.,0.707106781186548,1.,0.707106781186548,1.,
0.707106781186548,1.,0.707106781186548,1.)))
REPRESENTATION_ITEM('')
SURFACE()
);
#15=STYLED_ITEM('',(#4602),#18);
#16=STYLED_ITEM('',(#4602),#19);
#17=STYLED_ITEM('',(#4602),#20);
#18=MANIFOLD_SOLID_BREP('PR-42-CH-Carrier',#2064);
#19=MANIFOLD_SOLID_BREP('PR-43-CH-Shoe',#2065);
#20=MANIFOLD_SOLID_BREP('PR-41-CH-Handle',#2066);
#21=FACE_BOUND('',#253,.T.);
#22=FACE_BOUND('',#257,.T.);
#23=FACE_BOUND('',#261,.T.);
#24=FACE_BOUND('',#264,.T.);
#25=FACE_BOUND('',#267,.T.);
#26=FACE_BOUND('',#271,.T.);
#27=FACE_BOUND('',#276,.T.);
#28=FACE_BOUND('',#277,.T.);
#29=FACE_BOUND('',#279,.T.);
#30=FACE_BOUND('',#280,.T.);
#31=FACE_BOUND('',#281,.T.);
#32=FACE_BOUND('',#286,.T.);
#33=FACE_BOUND('',#287,.T.);
#34=FACE_BOUND('',#302,.T.);
#35=FACE_BOUND('',#303,.T.);
#36=FACE_BOUND('',#306,.T.);
#37=FACE_BOUND('',#307,.T.);
#38=FACE_BOUND('',#327,.T.);
#39=FACE_BOUND('',#336,.T.);
#40=FACE_BOUND('',#337,.T.);
#41=FACE_BOUND('',#338,.T.);
#42=FACE_BOUND('',#339,.T.);
#43=PLANE('',#2083);
#44=PLANE('',#2090);
#45=PLANE('',#2097);
#46=PLANE('',#2102);
#47=PLANE('',#2107);
#48=PLANE('',#2109);
#49=PLANE('',#2115);
#50=PLANE('',#2117);
#51=PLANE('',#2118);
#52=PLANE('',#2119);
#53=PLANE('',#2120);
#54=PLANE('',#2121);
#55=PLANE('',#2122);
#56=PLANE('',#2123);
#57=PLANE('',#2124);
#58=PLANE('',#2125);
#59=PLANE('',#2126);
#60=PLANE('',#2129);
#61=PLANE('',#2132);
#62=PLANE('',#2135);
#63=PLANE('',#2138);
#64=PLANE('',#2145);
#65=PLANE('',#2146);
#66=PLANE('',#2147);
#67=PLANE('',#2148);
#68=PLANE('',#2149);
#69=PLANE('',#2150);
#70=PLANE('',#2154);
#71=PLANE('',#2158);
#72=PLANE('',#2162);
#73=PLANE('',#2166);
#74=PLANE('',#2167);
#75=PLANE('',#2169);
#76=PLANE('',#2171);
#77=PLANE('',#2173);
#78=PLANE('',#2182);
#79=PLANE('',#2183);
#80=PLANE('',#2184);
#81=PLANE('',#2185);
#82=PLANE('',#2186);
#83=PLANE('',#2188);
#84=PLANE('',#2189);
#85=PLANE('',#2190);
#86=PLANE('',#2191);
#87=PLANE('',#2192);
#88=PLANE('',#2193);
#89=PLANE('',#2194);
#90=PLANE('',#2195);
#91=PLANE('',#2196);
#92=PLANE('',#2197);
#93=PLANE('',#2198);
#94=PLANE('',#2199);
#95=PLANE('',#2200);
#96=PLANE('',#2201);
#97=PLANE('',#2202);
#98=PLANE('',#2203);
#99=PLANE('',#2204);
#100=PLANE('',#2205);
#101=PLANE('',#2206);
#102=PLANE('',#2207);
#103=PLANE('',#2208);
#104=PLANE('',#2209);
#105=PLANE('',#2210);
#106=PLANE('',#2211);
#107=PLANE('',#2212);
#108=PLANE('',#2213);
#109=PLANE('',#2214);
#110=PLANE('',#2215);
#111=PLANE('',#2216);
#112=PLANE('',#2217);
#113=PLANE('',#2218);
#114=PLANE('',#2219);
#115=PLANE('',#2220);
#116=PLANE('',#2221);
#117=PLANE('',#2222);
#118=PLANE('',#2223);
#119=PLANE('',#2224);
#120=PLANE('',#2225);
#121=PLANE('',#2226);
#122=PLANE('',#2227);
#123=PLANE('',#2228);
#124=PLANE('',#2229);
#125=PLANE('',#2230);
#126=PLANE('',#2231);
#127=PLANE('',#2232);
#128=PLANE('',#2233);
#129=PLANE('',#2234);
#130=PLANE('',#2235);
#131=PLANE('',#2236);
#132=PLANE('',#2237);
#133=PLANE('',#2238);
#134=PLANE('',#2239);
#135=PLANE('',#2240);
#136=PLANE('',#2242);
#137=FACE_OUTER_BOUND('',#251,.T.);
#138=FACE_OUTER_BOUND('',#252,.T.);
#139=FACE_OUTER_BOUND('',#254,.T.);
#140=FACE_OUTER_BOUND('',#255,.T.);
#141=FACE_OUTER_BOUND('',#256,.T.);
#142=FACE_OUTER_BOUND('',#258,.T.);
#143=FACE_OUTER_BOUND('',#259,.T.);
#144=FACE_OUTER_BOUND('',#260,.T.);
#145=FACE_OUTER_BOUND('',#262,.T.);
#146=FACE_OUTER_BOUND('',#263,.T.);
#147=FACE_OUTER_BOUND('',#265,.T.);
#148=FACE_OUTER_BOUND('',#266,.T.);
#149=FACE_OUTER_BOUND('',#268,.T.);
#150=FACE_OUTER_BOUND('',#269,.T.);
#151=FACE_OUTER_BOUND('',#270,.T.);
#152=FACE_OUTER_BOUND('',#272,.T.);
#153=FACE_OUTER_BOUND('',#273,.T.);
#154=FACE_OUTER_BOUND('',#274,.T.);
#155=FACE_OUTER_BOUND('',#275,.T.);
#156=FACE_OUTER_BOUND('',#278,.T.);
#157=FACE_OUTER_BOUND('',#282,.T.);
#158=FACE_OUTER_BOUND('',#283,.T.);
#159=FACE_OUTER_BOUND('',#284,.T.);
#160=FACE_OUTER_BOUND('',#285,.T.);
#161=FACE_OUTER_BOUND('',#288,.T.);
#162=FACE_OUTER_BOUND('',#289,.T.);
#163=FACE_OUTER_BOUND('',#290,.T.);
#164=FACE_OUTER_BOUND('',#291,.T.);
#165=FACE_OUTER_BOUND('',#292,.T.);
#166=FACE_OUTER_BOUND('',#293,.T.);
#167=FACE_OUTER_BOUND('',#294,.T.);
#168=FACE_OUTER_BOUND('',#295,.T.);
#169=FACE_OUTER_BOUND('',#296,.T.);
#170=FACE_OUTER_BOUND('',#297,.T.);
#171=FACE_OUTER_BOUND('',#298,.T.);
#172=FACE_OUTER_BOUND('',#299,.T.);
#173=FACE_OUTER_BOUND('',#300,.T.);
#174=FACE_OUTER_BOUND('',#301,.T.);
#175=FACE_OUTER_BOUND('',#304,.T.);
#176=FACE_OUTER_BOUND('',#305,.T.);
#177=FACE_OUTER_BOUND('',#308,.T.);
#178=FACE_OUTER_BOUND('',#309,.T.);
#179=FACE_OUTER_BOUND('',#310,.T.);
#180=FACE_OUTER_BOUND('',#311,.T.);
#181=FACE_OUTER_BOUND('',#312,.T.);
#182=FACE_OUTER_BOUND('',#313,.T.);
#183=FACE_OUTER_BOUND('',#314,.T.);
#184=FACE_OUTER_BOUND('',#315,.T.);
#185=FACE_OUTER_BOUND('',#316,.T.);
#186=FACE_OUTER_BOUND('',#317,.T.);
#187=FACE_OUTER_BOUND('',#318,.T.);
#188=FACE_OUTER_BOUND('',#319,.T.);
#189=FACE_OUTER_BOUND('',#320,.T.);
#190=FACE_OUTER_BOUND('',#321,.T.);
#191=FACE_OUTER_BOUND('',#322,.T.);
#192=FACE_OUTER_BOUND('',#323,.T.);
#193=FACE_OUTER_BOUND('',#324,.T.);
#194=FACE_OUTER_BOUND('',#325,.T.);
#195=FACE_OUTER_BOUND('',#326,.T.);
#196=FACE_OUTER_BOUND('',#328,.T.);
#197=FACE_OUTER_BOUND('',#329,.T.);
#198=FACE_OUTER_BOUND('',#330,.T.);
#199=FACE_OUTER_BOUND('',#331,.T.);
#200=FACE_OUTER_BOUND('',#332,.T.);
#201=FACE_OUTER_BOUND('',#333,.T.);
#202=FACE_OUTER_BOUND('',#334,.T.);
#203=FACE_OUTER_BOUND('',#335,.T.);
#204=FACE_OUTER_BOUND('',#340,.T.);
#205=FACE_OUTER_BOUND('',#341,.T.);
#206=FACE_OUTER_BOUND('',#342,.T.);
#207=FACE_OUTER_BOUND('',#343,.T.);
#208=FACE_OUTER_BOUND('',#344,.T.);
#209=FACE_OUTER_BOUND('',#345,.T.);
#210=FACE_OUTER_BOUND('',#346,.T.);
#211=FACE_OUTER_BOUND('',#347,.T.);
#212=FACE_OUTER_BOUND('',#348,.T.);
#213=FACE_OUTER_BOUND('',#349,.T.);
#214=FACE_OUTER_BOUND('',#350,.T.);
#215=FACE_OUTER_BOUND('',#351,.T.);
#216=FACE_OUTER_BOUND('',#352,.T.);
#217=FACE_OUTER_BOUND('',#353,.T.);
#218=FACE_OUTER_BOUND('',#354,.T.);
#219=FACE_OUTER_BOUND('',#355,.T.);
#220=FACE_OUTER_BOUND('',#356,.T.);
#221=FACE_OUTER_BOUND('',#357,.T.);
#222=FACE_OUTER_BOUND('',#358,.T.);
#223=FACE_OUTER_BOUND('',#359,.T.);
#224=FACE_OUTER_BOUND('',#360,.T.);
#225=FACE_OUTER_BOUND('',#361,.T.);
#226=FACE_OUTER_BOUND('',#362,.T.);
#227=FACE_OUTER_BOUND('',#363,.T.);
#228=FACE_OUTER_BOUND('',#364,.T.);
#229=FACE_OUTER_BOUND('',#365,.T.);
#230=FACE_OUTER_BOUND('',#366,.T.);
#231=FACE_OUTER_BOUND('',#367,.T.);
#232=FACE_OUTER_BOUND('',#368,.T.);
#233=FACE_OUTER_BOUND('',#369,.T.);
#234=FACE_OUTER_BOUND('',#370,.T.);
#235=FACE_OUTER_BOUND('',#371,.T.);
#236=FACE_OUTER_BOUND('',#372,.T.);
#237=FACE_OUTER_BOUND('',#373,.T.);
#238=FACE_OUTER_BOUND('',#374,.T.);
#239=FACE_OUTER_BOUND('',#375,.T.);
#240=FACE_OUTER_BOUND('',#376,.T.);
#241=FACE_OUTER_BOUND('',#377,.T.);
#242=FACE_OUTER_BOUND('',#378,.T.);
#243=FACE_OUTER_BOUND('',#379,.T.);
#244=FACE_OUTER_BOUND('',#380,.T.);
#245=FACE_OUTER_BOUND('',#381,.T.);
#246=FACE_OUTER_BOUND('',#382,.T.);
#247=FACE_OUTER_BOUND('',#383,.T.);
#248=FACE_OUTER_BOUND('',#384,.T.);
#249=FACE_OUTER_BOUND('',#385,.T.);
#250=FACE_OUTER_BOUND('',#386,.T.);
#251=EDGE_LOOP('',(#1367,#1368,#1369,#1370));
#252=EDGE_LOOP('',(#1371));
#253=EDGE_LOOP('',(#1372));
#254=EDGE_LOOP('',(#1373,#1374,#1375,#1376));
#255=EDGE_LOOP('',(#1377,#1378,#1379,#1380));
#256=EDGE_LOOP('',(#1381));
#257=EDGE_LOOP('',(#1382));
#258=EDGE_LOOP('',(#1383,#1384,#1385,#1386));
#259=EDGE_LOOP('',(#1387,#1388,#1389,#1390));
#260=EDGE_LOOP('',(#1391));
#261=EDGE_LOOP('',(#1392));
#262=EDGE_LOOP('',(#1393,#1394,#1395,#1396));
#263=EDGE_LOOP('',(#1397));
#264=EDGE_LOOP('',(#1398));
#265=EDGE_LOOP('',(#1399,#1400,#1401,#1402));
#266=EDGE_LOOP('',(#1403));
#267=EDGE_LOOP('',(#1404));
#268=EDGE_LOOP('',(#1405,#1406,#1407));
#269=EDGE_LOOP('',(#1408,#1409,#1410,#1411,#1412,#1413,#1414,#1415));
#270=EDGE_LOOP('',(#1416));
#271=EDGE_LOOP('',(#1417));
#272=EDGE_LOOP('',(#1418,#1419,#1420,#1421,#1422,#1423,#1424,#1425));
#273=EDGE_LOOP('',(#1426,#1427,#1428,#1429));
#274=EDGE_LOOP('',(#1430,#1431,#1432,#1433));
#275=EDGE_LOOP('',(#1434,#1435,#1436,#1437));
#276=EDGE_LOOP('',(#1438));
#277=EDGE_LOOP('',(#1439));
#278=EDGE_LOOP('',(#1440,#1441,#1442,#1443,#1444,#1445,#1446,#1447,#1448,
#1449));
#279=EDGE_LOOP('',(#1450));
#280=EDGE_LOOP('',(#1451));
#281=EDGE_LOOP('',(#1452));
#282=EDGE_LOOP('',(#1453,#1454,#1455,#1456));
#283=EDGE_LOOP('',(#1457,#1458,#1459,#1460));
#284=EDGE_LOOP('',(#1461,#1462,#1463,#1464,#1465,#1466,#1467,#1468));
#285=EDGE_LOOP('',(#1469,#1470,#1471,#1472));
#286=EDGE_LOOP('',(#1473));
#287=EDGE_LOOP('',(#1474));
#288=EDGE_LOOP('',(#1475,#1476,#1477,#1478));
#289=EDGE_LOOP('',(#1479,#1480,#1481,#1482));
#290=EDGE_LOOP('',(#1483));
#291=EDGE_LOOP('',(#1484,#1485,#1486,#1487));
#292=EDGE_LOOP('',(#1488));
#293=EDGE_LOOP('',(#1489,#1490,#1491,#1492));
#294=EDGE_LOOP('',(#1493));
#295=EDGE_LOOP('',(#1494,#1495,#1496,#1497));
#296=EDGE_LOOP('',(#1498));
#297=EDGE_LOOP('',(#1499,#1500,#1501,#1502));
#298=EDGE_LOOP('',(#1503,#1504,#1505,#1506));
#299=EDGE_LOOP('',(#1507,#1508,#1509,#1510));
#300=EDGE_LOOP('',(#1511,#1512,#1513,#1514));
#301=EDGE_LOOP('',(#1515,#1516,#1517,#1518));
#302=EDGE_LOOP('',(#1519));
#303=EDGE_LOOP('',(#1520));
#304=EDGE_LOOP('',(#1521,#1522,#1523,#1524));
#305=EDGE_LOOP('',(#1525,#1526,#1527,#1528));
#306=EDGE_LOOP('',(#1529));
#307=EDGE_LOOP('',(#1530));
#308=EDGE_LOOP('',(#1531,#1532,#1533,#1534));
#309=EDGE_LOOP('',(#1535,#1536,#1537,#1538));
#310=EDGE_LOOP('',(#1539));
#311=EDGE_LOOP('',(#1540,#1541,#1542,#1543));
#312=EDGE_LOOP('',(#1544));
#313=EDGE_LOOP('',(#1545,#1546,#1547,#1548));
#314=EDGE_LOOP('',(#1549));
#315=EDGE_LOOP('',(#1550,#1551,#1552,#1553));
#316=EDGE_LOOP('',(#1554));
#317=EDGE_LOOP('',(#1555,#1556,#1557));
#318=EDGE_LOOP('',(#1558,#1559));
#319=EDGE_LOOP('',(#1560,#1561));
#320=EDGE_LOOP('',(#1562,#1563));
#321=EDGE_LOOP('',(#1564,#1565,#1566,#1567,#1568,#1569,#1570,#1571,#1572,
#1573,#1574,#1575,#1576,#1577,#1578,#1579,#1580,#1581,#1582,#1583));
#322=EDGE_LOOP('',(#1584));
#323=EDGE_LOOP('',(#1585,#1586,#1587,#1588,#1589,#1590,#1591,#1592));
#324=EDGE_LOOP('',(#1593,#1594,#1595,#1596,#1597,#1598,#1599,#1600));
#325=EDGE_LOOP('',(#1601,#1602,#1603));
#326=EDGE_LOOP('',(#1604,#1605,#1606,#1607,#1608,#1609,#1610,#1611,#1612,
#1613,#1614,#1615,#1616,#1617,#1618,#1619,#1620,#1621,#1622,#1623,#1624,
#1625,#1626,#1627,#1628,#1629,#1630,#1631,#1632,#1633,#1634,#1635,#1636,
#1637,#1638,#1639,#1640,#1641,#1642,#1643,#1644,#1645,#1646));
#327=EDGE_LOOP('',(#1647));
#328=EDGE_LOOP('',(#1648,#1649,#1650));
#329=EDGE_LOOP('',(#1651,#1652,#1653));
#330=EDGE_LOOP('',(#1654,#1655,#1656,#1657,#1658));
#331=EDGE_LOOP('',(#1659,#1660,#1661,#1662));
#332=EDGE_LOOP('',(#1663,#1664,#1665,#1666,#1667,#1668));
#333=EDGE_LOOP('',(#1669,#1670,#1671,#1672,#1673,#1674,#1675));
#334=EDGE_LOOP('',(#1676,#1677,#1678,#1679,#1680));
#335=EDGE_LOOP('',(#1681,#1682,#1683,#1684));
#336=EDGE_LOOP('',(#1685));
#337=EDGE_LOOP('',(#1686));
#338=EDGE_LOOP('',(#1687));
#339=EDGE_LOOP('',(#1688));
#340=EDGE_LOOP('',(#1689,#1690,#1691,#1692,#1693,#1694,#1695,#1696,#1697));
#341=EDGE_LOOP('',(#1698,#1699,#1700,#1701,#1702,#1703,#1704,#1705,#1706,
#1707,#1708));
#342=EDGE_LOOP('',(#1709,#1710,#1711,#1712));
#343=EDGE_LOOP('',(#1713,#1714,#1715,#1716,#1717,#1718,#1719,#1720,#1721));
#344=EDGE_LOOP('',(#1722,#1723,#1724,#1725,#1726,#1727));
#345=EDGE_LOOP('',(#1728,#1729,#1730,#1731,#1732,#1733,#1734));
#346=EDGE_LOOP('',(#1735,#1736,#1737,#1738,#1739));
#347=EDGE_LOOP('',(#1740,#1741,#1742,#1743));
#348=EDGE_LOOP('',(#1744,#1745,#1746,#1747,#1748));
#349=EDGE_LOOP('',(#1749,#1750,#1751,#1752));
#350=EDGE_LOOP('',(#1753,#1754,#1755,#1756));
#351=EDGE_LOOP('',(#1757,#1758,#1759,#1760));
#352=EDGE_LOOP('',(#1761,#1762,#1763,#1764));
#353=EDGE_LOOP('',(#1765,#1766,#1767,#1768));
#354=EDGE_LOOP('',(#1769,#1770,#1771,#1772));
#355=EDGE_LOOP('',(#1773,#1774,#1775,#1776));
#356=EDGE_LOOP('',(#1777,#1778,#1779,#1780));
#357=EDGE_LOOP('',(#1781,#1782,#1783,#1784));
#358=EDGE_LOOP('',(#1785,#1786,#1787,#1788));
#359=EDGE_LOOP('',(#1789,#1790,#1791,#1792));
#360=EDGE_LOOP('',(#1793,#1794,#1795,#1796));
#361=EDGE_LOOP('',(#1797,#1798,#1799,#1800));
#362=EDGE_LOOP('',(#1801,#1802,#1803,#1804));
#363=EDGE_LOOP('',(#1805,#1806,#1807,#1808));
#364=EDGE_LOOP('',(#1809,#1810,#1811,#1812));
#365=EDGE_LOOP('',(#1813,#1814,#1815,#1816));
#366=EDGE_LOOP('',(#1817,#1818,#1819,#1820));
#367=EDGE_LOOP('',(#1821,#1822,#1823,#1824));
#368=EDGE_LOOP('',(#1825,#1826,#1827,#1828));
#369=EDGE_LOOP('',(#1829,#1830,#1831,#1832));
#370=EDGE_LOOP('',(#1833,#1834,#1835,#1836));
#371=EDGE_LOOP('',(#1837,#1838,#1839,#1840));
#372=EDGE_LOOP('',(#1841,#1842,#1843,#1844));
#373=EDGE_LOOP('',(#1845,#1846,#1847,#1848));
#374=EDGE_LOOP('',(#1849,#1850,#1851,#1852));
#375=EDGE_LOOP('',(#1853,#1854,#1855,#1856));
#376=EDGE_LOOP('',(#1857,#1858,#1859,#1860));
#377=EDGE_LOOP('',(#1861,#1862,#1863,#1864,#1865));
#378=EDGE_LOOP('',(#1866,#1867,#1868,#1869,#1870));
#379=EDGE_LOOP('',(#1871,#1872,#1873,#1874));
#380=EDGE_LOOP('',(#1875,#1876,#1877,#1878));
#381=EDGE_LOOP('',(#1879,#1880,#1881,#1882));
#382=EDGE_LOOP('',(#1883,#1884,#1885,#1886));
#383=EDGE_LOOP('',(#1887,#1888,#1889,#1890));
#384=EDGE_LOOP('',(#1891,#1892,#1893,#1894,#1895,#1896,#1897,#1898,#1899,
#1900,#1901,#1902,#1903,#1904,#1905,#1906,#1907,#1908,#1909,#1910,#1911,
#1912,#1913,#1914,#1915,#1916,#1917,#1918,#1919,#1920,#1921,#1922,#1923,
#1924,#1925));
#385=EDGE_LOOP('',(#1926,#1927,#1928,#1929));
#386=EDGE_LOOP('',(#1930));
#387=LINE('',#2807,#618);
#388=LINE('',#2814,#619);
#389=LINE('',#2820,#620);
#390=LINE('',#2827,#621);
#391=LINE('',#2833,#622);
#392=LINE('',#2842,#623);
#393=LINE('',#2851,#624);
#394=LINE('',#2859,#625);
#395=LINE('',#2866,#626);
#396=LINE('',#2868,#627);
#397=LINE('',#2871,#628);
#398=LINE('',#2877,#629);
#399=LINE('',#2879,#630);
#400=LINE('',#2881,#631);
#401=LINE('',#2883,#632);
#402=LINE('',#2884,#633);
#403=LINE('',#2888,#634);
#404=LINE('',#2890,#635);
#405=LINE('',#2892,#636);
#406=LINE('',#2893,#637);
#407=LINE('',#2897,#638);
#408=LINE('',#2899,#639);
#409=LINE('',#2901,#640);
#410=LINE('',#2902,#641);
#411=LINE('',#2904,#642);
#412=LINE('',#2905,#643);
#413=LINE('',#2907,#644);
#414=LINE('',#2908,#645);
#415=LINE('',#2910,#646);
#416=LINE('',#2912,#647);
#417=LINE('',#2913,#648);
#418=LINE('',#2917,#649);
#419=LINE('',#2919,#650);
#420=LINE('',#2920,#651);
#421=LINE('',#2922,#652);
#422=LINE('',#2924,#653);
#423=LINE('',#2928,#654);
#424=LINE('',#2933,#655);
#425=LINE('',#2938,#656);
#426=LINE('',#2943,#657);
#427=LINE('',#2950,#658);
#428=LINE('',#2956,#659);
#429=LINE('',#2961,#660);
#430=LINE('',#2963,#661);
#431=LINE('',#2965,#662);
#432=LINE('',#2966,#663);
#433=LINE('',#2970,#664);
#434=LINE('',#2972,#665);
#435=LINE('',#2974,#666);
#436=LINE('',#2975,#667);
#437=LINE('',#2977,#668);
#438=LINE('',#2978,#669);
#439=LINE('',#2980,#670);
#440=LINE('',#2982,#671);
#441=LINE('',#2988,#672);
#442=LINE('',#2995,#673);
#443=LINE('',#3002,#674);
#444=LINE('',#3009,#675);
#445=LINE('',#3015,#676);
#446=LINE('',#3017,#677);
#447=LINE('',#3022,#678);
#448=LINE('',#3027,#679);
#449=LINE('',#3032,#680);
#450=LINE('',#3036,#681);
#451=LINE('',#3038,#682);
#452=LINE('',#3041,#683);
#453=LINE('',#3043,#684);
#454=LINE('',#3047,#685);
#455=LINE('',#3051,#686);
#456=LINE('',#3053,#687);
#457=LINE('',#3056,#688);
#458=LINE('',#3058,#689);
#459=LINE('',#3063,#690);
#460=LINE('',#3065,#691);
#461=LINE('',#3067,#692);
#462=LINE('',#3069,#693);
#463=LINE('',#3070,#694);
#464=LINE('',#3073,#695);
#465=LINE('',#3075,#696);
#466=LINE('',#3076,#697);
#467=LINE('',#3077,#698);
#468=LINE('',#3081,#699);
#469=LINE('',#3083,#700);
#470=LINE('',#3085,#701);
#471=LINE('',#3087,#702);
#472=LINE('',#3089,#703);
#473=LINE('',#3091,#704);
#474=LINE('',#3093,#705);
#475=LINE('',#3095,#706);
#476=LINE('',#3097,#707);
#477=LINE('',#3099,#708);
#478=LINE('',#3101,#709);
#479=LINE('',#3103,#710);
#480=LINE('',#3105,#711);
#481=LINE('',#3107,#712);
#482=LINE('',#3109,#713);
#483=LINE('',#3111,#714);
#484=LINE('',#3113,#715);
#485=LINE('',#3115,#716);
#486=LINE('',#3117,#717);
#487=LINE('',#3119,#718);
#488=LINE('',#3121,#719);
#489=LINE('',#3123,#720);
#490=LINE('',#3125,#721);
#491=LINE('',#3127,#722);
#492=LINE('',#3129,#723);
#493=LINE('',#3131,#724);
#494=LINE('',#3133,#725);
#495=LINE('',#3135,#726);
#496=LINE('',#3137,#727);
#497=LINE('',#3139,#728);
#498=LINE('',#3141,#729);
#499=LINE('',#3143,#730);
#500=LINE('',#3145,#731);
#501=LINE('',#3147,#732);
#502=LINE('',#3149,#733);
#503=LINE('',#3151,#734);
#504=LINE('',#3153,#735);
#505=LINE('',#3155,#736);
#506=LINE('',#3157,#737);
#507=LINE('',#3158,#738);
#508=LINE('',#3163,#739);
#509=LINE('',#3164,#740);
#510=LINE('',#3166,#741);
#511=LINE('',#3170,#742);
#512=LINE('',#3172,#743);
#513=LINE('',#3174,#744);
#514=LINE('',#3176,#745);
#515=LINE('',#3177,#746);
#516=LINE('',#3180,#747);
#517=LINE('',#3182,#748);
#518=LINE('',#3183,#749);
#519=LINE('',#3187,#750);
#520=LINE('',#3188,#751);
#521=LINE('',#3190,#752);
#522=LINE('',#3191,#753);
#523=LINE('',#3195,#754);
#524=LINE('',#3197,#755);
#525=LINE('',#3199,#756);
#526=LINE('',#3200,#757);
#527=LINE('',#3202,#758);
#528=LINE('',#3203,#759);
#529=LINE('',#3205,#760);
#530=LINE('',#3206,#761);
#531=LINE('',#3210,#762);
#532=LINE('',#3212,#763);
#533=LINE('',#3214,#764);
#534=LINE('',#3215,#765);
#535=LINE('',#3217,#766);
#536=LINE('',#3218,#767);
#537=LINE('',#3220,#768);
#538=LINE('',#3222,#769);
#539=LINE('',#3224,#770);
#540=LINE('',#3226,#771);
#541=LINE('',#3228,#772);
#542=LINE('',#3230,#773);
#543=LINE('',#3232,#774);
#544=LINE('',#3233,#775);
#545=LINE('',#3235,#776);
#546=LINE('',#3237,#777);
#547=LINE('',#3239,#778);
#548=LINE('',#3242,#779);
#549=LINE('',#3243,#780);
#550=LINE('',#3245,#781);
#551=LINE('',#3246,#782);
#552=LINE('',#3248,#783);
#553=LINE('',#3251,#784);
#554=LINE('',#3252,#785);
#555=LINE('',#3255,#786);
#556=LINE('',#3256,#787);
#557=LINE('',#3259,#788);
#558=LINE('',#3260,#789);
#559=LINE('',#3263,#790);
#560=LINE('',#3264,#791);
#561=LINE('',#3267,#792);
#562=LINE('',#3268,#793);
#563=LINE('',#3271,#794);
#564=LINE('',#3272,#795);
#565=LINE('',#3275,#796);
#566=LINE('',#3276,#797);
#567=LINE('',#3279,#798);
#568=LINE('',#3280,#799);
#569=LINE('',#3283,#800);
#570=LINE('',#3284,#801);
#571=LINE('',#3287,#802);
#572=LINE('',#3288,#803);
#573=LINE('',#3291,#804);
#574=LINE('',#3292,#805);
#575=LINE('',#3295,#806);
#576=LINE('',#3296,#807);
#577=LINE('',#3299,#808);
#578=LINE('',#3300,#809);
#579=LINE('',#3303,#810);
#580=LINE('',#3304,#811);
#581=LINE('',#3307,#812);
#582=LINE('',#3308,#813);
#583=LINE('',#3311,#814);
#584=LINE('',#3312,#815);
#585=LINE('',#3315,#816);
#586=LINE('',#3316,#817);
#587=LINE('',#3319,#818);
#588=LINE('',#3320,#819);
#589=LINE('',#3323,#820);
#590=LINE('',#3324,#821);
#591=LINE('',#3327,#822);
#592=LINE('',#3328,#823);
#593=LINE('',#3331,#824);
#594=LINE('',#3332,#825);
#595=LINE('',#3335,#826);
#596=LINE('',#3336,#827);
#597=LINE('',#3339,#828);
#598=LINE('',#3340,#829);
#599=LINE('',#3343,#830);
#600=LINE('',#3344,#831);
#601=LINE('',#3347,#832);
#602=LINE('',#3348,#833);
#603=LINE('',#3351,#834);
#604=LINE('',#3352,#835);
#605=LINE('',#3355,#836);
#606=LINE('',#3356,#837);
#607=LINE('',#3359,#838);
#608=LINE('',#3360,#839);
#609=LINE('',#3363,#840);
#610=LINE('',#3364,#841);
#611=LINE('',#3366,#842);
#612=LINE('',#3367,#843);
#613=LINE('',#3369,#844);
#614=LINE('',#3371,#845);
#615=LINE('',#3373,#846);
#616=LINE('',#3375,#847);
#617=LINE('',#3377,#848);
#618=VECTOR('',#2249,0.4);
#619=VECTOR('',#2258,0.225);
#620=VECTOR('',#2265,0.4);
#621=VECTOR('',#2274,0.225);
#622=VECTOR('',#2281,0.55);
#623=VECTOR('',#2292,0.55);
#624=VECTOR('',#2303,0.55);
#625=VECTOR('',#2312,1.);
#626=VECTOR('',#2321,0.55);
#627=VECTOR('',#2322,1.);
#628=VECTOR('',#2325,1.);
#629=VECTOR('',#2332,1.);
#630=VECTOR('',#2333,1.);
#631=VECTOR('',#2334,1.);
#632=VECTOR('',#2335,1.);
#633=VECTOR('',#2336,1.);
#634=VECTOR('',#2339,1.);
#635=VECTOR('',#2340,1.);
#636=VECTOR('',#2341,1.);
#637=VECTOR('',#2342,1.);
#638=VECTOR('',#2345,1.);
#639=VECTOR('',#2346,1.);
#640=VECTOR('',#2347,1.);
#641=VECTOR('',#2348,1.);
#642=VECTOR('',#2351,1.);
#643=VECTOR('',#2352,1.);
#644=VECTOR('',#2355,1.);
#645=VECTOR('',#2356,1.);
#646=VECTOR('',#2357,1.);
#647=VECTOR('',#2358,1.);
#648=VECTOR('',#2359,1.);
#649=VECTOR('',#2364,1.);
#650=VECTOR('',#2365,1.);
#651=VECTOR('',#2366,1.);
#652=VECTOR('',#2369,1.);
#653=VECTOR('',#2372,1.);
#654=VECTOR('',#2377,0.33);
#655=VECTOR('',#2384,0.33);
#656=VECTOR('',#2391,0.33);
#657=VECTOR('',#2398,0.33);
#658=VECTOR('',#2407,0.28);
#659=VECTOR('',#2414,0.28);
#660=VECTOR('',#2419,1.);
#661=VECTOR('',#2420,1.);
#662=VECTOR('',#2421,1.);
#663=VECTOR('',#2422,1.);
#664=VECTOR('',#2425,1.);
#665=VECTOR('',#2426,1.);
#666=VECTOR('',#2427,1.);
#667=VECTOR('',#2428,1.);
#668=VECTOR('',#2431,1.);
#669=VECTOR('',#2432,1.);
#670=VECTOR('',#2435,1.);
#671=VECTOR('',#2438,1.);
#672=VECTOR('',#2445,0.4);
#673=VECTOR('',#2454,0.4);
#674=VECTOR('',#2463,0.4);
#675=VECTOR('',#2472,0.4);
#676=VECTOR('',#2479,1.);
#677=VECTOR('',#2480,1.);
#678=VECTOR('',#2485,1.);
#679=VECTOR('',#2490,1.);
#680=VECTOR('',#2495,1.);
#681=VECTOR('',#2500,1.);
#682=VECTOR('',#2501,1.);
#683=VECTOR('',#2504,1.);
#684=VECTOR('',#2505,1.);
#685=VECTOR('',#2508,0.95);
#686=VECTOR('',#2513,1.);
#687=VECTOR('',#2514,1.);
#688=VECTOR('',#2517,1.);
#689=VECTOR('',#2518,1.);
#690=VECTOR('',#2525,1.);
#691=VECTOR('',#2526,1.);
#692=VECTOR('',#2527,1.);
#693=VECTOR('',#2528,1.);
#694=VECTOR('',#2529,1.);
#695=VECTOR('',#2532,1.);
#696=VECTOR('',#2533,1.);
#697=VECTOR('',#2534,1.);
#698=VECTOR('',#2535,1.);
#699=VECTOR('',#2540,1.);
#700=VECTOR('',#2541,1.);
#701=VECTOR('',#2542,1.);
#702=VECTOR('',#2543,1.);
#703=VECTOR('',#2544,1.);
#704=VECTOR('',#2545,1.);
#705=VECTOR('',#2546,1.);
#706=VECTOR('',#2547,1.);
#707=VECTOR('',#2548,1.);
#708=VECTOR('',#2549,1.);
#709=VECTOR('',#2550,1.);
#710=VECTOR('',#2551,1.);
#711=VECTOR('',#2552,1.);
#712=VECTOR('',#2553,1.);
#713=VECTOR('',#2554,1.);
#714=VECTOR('',#2555,1.);
#715=VECTOR('',#2556,1.);
#716=VECTOR('',#2557,1.);
#717=VECTOR('',#2558,1.);
#718=VECTOR('',#2559,1.);
#719=VECTOR('',#2560,1.);
#720=VECTOR('',#2561,1.);
#721=VECTOR('',#2562,1.);
#722=VECTOR('',#2563,1.);
#723=VECTOR('',#2564,1.);
#724=VECTOR('',#2565,1.);
#725=VECTOR('',#2566,1.);
#726=VECTOR('',#2567,1.);
#727=VECTOR('',#2568,1.);
#728=VECTOR('',#2569,1.);
#729=VECTOR('',#2570,1.);
#730=VECTOR('',#2571,1.);
#731=VECTOR('',#2572,1.);
#732=VECTOR('',#2573,1.);
#733=VECTOR('',#2574,1.);
#734=VECTOR('',#2575,1.);
#735=VECTOR('',#2576,1.);
#736=VECTOR('',#2577,1.);
#737=VECTOR('',#2578,1.);
#738=VECTOR('',#2579,1.);
#739=VECTOR('',#2584,1.);
#740=VECTOR('',#2585,1.);
#741=VECTOR('',#2588,1.);
#742=VECTOR('',#2591,1.);
#743=VECTOR('',#2592,1.);
#744=VECTOR('',#2593,1.);
#745=VECTOR('',#2594,1.);
#746=VECTOR('',#2595,1.);
#747=VECTOR('',#2598,1.);
#748=VECTOR('',#2599,1.);
#749=VECTOR('',#2600,1.);
#750=VECTOR('',#2603,1.);
#751=VECTOR('',#2604,1.);
#752=VECTOR('',#2605,1.);
#753=VECTOR('',#2606,1.);
#754=VECTOR('',#2609,1.);
#755=VECTOR('',#2610,1.);
#756=VECTOR('',#2611,1.);
#757=VECTOR('',#2612,1.);
#758=VECTOR('',#2613,1.);
#759=VECTOR('',#2614,1.);
#760=VECTOR('',#2617,1.);
#761=VECTOR('',#2618,1.);
#762=VECTOR('',#2623,1.);
#763=VECTOR('',#2624,1.);
#764=VECTOR('',#2625,1.);
#765=VECTOR('',#2626,1.);
#766=VECTOR('',#2627,1.);
#767=VECTOR('',#2628,1.);
#768=VECTOR('',#2631,1.);
#769=VECTOR('',#2632,1.);
#770=VECTOR('',#2633,1.);
#771=VECTOR('',#2634,1.);
#772=VECTOR('',#2635,1.);
#773=VECTOR('',#2636,1.);
#774=VECTOR('',#2637,1.);
#775=VECTOR('',#2638,1.);
#776=VECTOR('',#2641,1.);
#777=VECTOR('',#2644,1.);
#778=VECTOR('',#2647,1.);
#779=VECTOR('',#2650,1.);
#780=VECTOR('',#2651,1.);
#781=VECTOR('',#2654,1.);
#782=VECTOR('',#2655,1.);
#783=VECTOR('',#2658,1.);
#784=VECTOR('',#2661,1.);
#785=VECTOR('',#2662,1.);
#786=VECTOR('',#2665,1.);
#787=VECTOR('',#2666,1.);
#788=VECTOR('',#2669,1.);
#789=VECTOR('',#2670,1.);
#790=VECTOR('',#2673,1.);
#791=VECTOR('',#2674,1.);
#792=VECTOR('',#2677,1.);
#793=VECTOR('',#2678,1.);
#794=VECTOR('',#2681,1.);
#795=VECTOR('',#2682,1.);
#796=VECTOR('',#2685,1.);
#797=VECTOR('',#2686,1.);
#798=VECTOR('',#2689,1.);
#799=VECTOR('',#2690,1.);
#800=VECTOR('',#2693,1.);
#801=VECTOR('',#2694,1.);
#802=VECTOR('',#2697,1.);
#803=VECTOR('',#2698,1.);
#804=VECTOR('',#2701,1.);
#805=VECTOR('',#2702,1.);
#806=VECTOR('',#2705,1.);
#807=VECTOR('',#2706,1.);
#808=VECTOR('',#2709,1.);
#809=VECTOR('',#2710,1.);
#810=VECTOR('',#2713,1.);
#811=VECTOR('',#2714,1.);
#812=VECTOR('',#2717,1.);
#813=VECTOR('',#2718,1.);
#814=VECTOR('',#2721,1.);
#815=VECTOR('',#2722,1.);
#816=VECTOR('',#2725,1.);
#817=VECTOR('',#2726,1.);
#818=VECTOR('',#2729,1.);
#819=VECTOR('',#2730,1.);
#820=VECTOR('',#2733,1.);
#821=VECTOR('',#2734,1.);
#822=VECTOR('',#2737,1.);
#823=VECTOR('',#2738,1.);
#824=VECTOR('',#2741,1.);
#825=VECTOR('',#2742,1.);
#826=VECTOR('',#2745,1.);
#827=VECTOR('',#2746,1.);
#828=VECTOR('',#2749,1.);
#829=VECTOR('',#2750,1.);
#830=VECTOR('',#2753,1.);
#831=VECTOR('',#2754,1.);
#832=VECTOR('',#2757,1.);
#833=VECTOR('',#2758,1.);
#834=VECTOR('',#2761,1.);
#835=VECTOR('',#2762,1.);
#836=VECTOR('',#2765,1.);
#837=VECTOR('',#2766,1.);
#838=VECTOR('',#2769,1.);
#839=VECTOR('',#2770,1.);
#840=VECTOR('',#2773,1.);
#841=VECTOR('',#2774,1.);
#842=VECTOR('',#2777,1.);
#843=VECTOR('',#2778,1.);
#844=VECTOR('',#2781,1.);
#845=VECTOR('',#2784,1.);
#846=VECTOR('',#2787,1.);
#847=VECTOR('',#2790,1.);
#848=VECTOR('',#2793,1.);
#849=CIRCLE('',#2081,0.4);
#850=CIRCLE('',#2082,0.4);
#851=CIRCLE('',#2084,0.225);
#852=CIRCLE('',#2086,0.225);
#853=CIRCLE('',#2088,0.4);
#854=CIRCLE('',#2089,0.4);
#855=CIRCLE('',#2091,0.225);
#856=CIRCLE('',#2093,0.225);
#857=CIRCLE('',#2095,0.55);
#858=CIRCLE('',#2096,0.55);
#859=CIRCLE('',#2098,0.33);
#860=CIRCLE('',#2100,0.55);
#861=CIRCLE('',#2101,0.55);
#862=CIRCLE('',#2103,0.33);
#863=CIRCLE('',#2105,0.55);
#864=CIRCLE('',#2106,0.55);
#865=CIRCLE('',#2108,0.33);
#866=CIRCLE('',#2110,0.55);
#867=CIRCLE('',#2111,0.55);
#868=CIRCLE('',#2113,0.55);
#869=CIRCLE('',#2114,0.55);
#870=CIRCLE('',#2116,0.33);
#871=CIRCLE('',#2128,0.33);
#872=CIRCLE('',#2131,0.33);
#873=CIRCLE('',#2134,0.33);
#874=CIRCLE('',#2137,0.33);
#875=CIRCLE('',#2140,0.28);
#876=CIRCLE('',#2141,0.28);
#877=CIRCLE('',#2143,0.28);
#878=CIRCLE('',#2144,0.28);
#879=CIRCLE('',#2152,0.4);
#880=CIRCLE('',#2153,0.4);
#881=CIRCLE('',#2156,0.4);
#882=CIRCLE('',#2157,0.4);
#883=CIRCLE('',#2160,0.4);
#884=CIRCLE('',#2161,0.4);
#885=CIRCLE('',#2164,0.4);
#886=CIRCLE('',#2165,0.4);
#887=CIRCLE('',#2168,0.95);
#888=CIRCLE('',#2170,0.95);
#889=CIRCLE('',#2172,0.95);
#890=CIRCLE('',#2174,0.95);
#891=CIRCLE('',#2176,0.95);
#892=CIRCLE('',#2177,0.95);
#893=CIRCLE('',#2178,0.95);
#894=CIRCLE('',#2179,0.95);
#895=CIRCLE('',#2180,0.95);
#896=CIRCLE('',#2181,0.95);
#897=CIRCLE('',#2187,1.167);
#898=CIRCLE('',#2241,0.997);
#899=VERTEX_POINT('',#2804);
#900=VERTEX_POINT('',#2806);
#901=VERTEX_POINT('',#2810);
#902=VERTEX_POINT('',#2813);
#903=VERTEX_POINT('',#2817);
#904=VERTEX_POINT('',#2819);
#905=VERTEX_POINT('',#2823);
#906=VERTEX_POINT('',#2826);
#907=VERTEX_POINT('',#2830);
#908=VERTEX_POINT('',#2832);
#909=VERTEX_POINT('',#2836);
#910=VERTEX_POINT('',#2839);
#911=VERTEX_POINT('',#2841);
#912=VERTEX_POINT('',#2845);
#913=VERTEX_POINT('',#2848);
#914=VERTEX_POINT('',#2850);
#915=VERTEX_POINT('',#2854);
#916=VERTEX_POINT('',#2857);
#917=VERTEX_POINT('',#2858);
#918=VERTEX_POINT('',#2860);
#919=VERTEX_POINT('',#2864);
#920=VERTEX_POINT('',#2867);
#921=VERTEX_POINT('',#2869);
#922=VERTEX_POINT('',#2873);
#923=VERTEX_POINT('',#2876);
#924=VERTEX_POINT('',#2878);
#925=VERTEX_POINT('',#2880);
#926=VERTEX_POINT('',#2882);
#927=VERTEX_POINT('',#2886);
#928=VERTEX_POINT('',#2887);
#929=VERTEX_POINT('',#2889);
#930=VERTEX_POINT('',#2891);
#931=VERTEX_POINT('',#2895);
#932=VERTEX_POINT('',#2896);
#933=VERTEX_POINT('',#2898);
#934=VERTEX_POINT('',#2900);
#935=VERTEX_POINT('',#2909);
#936=VERTEX_POINT('',#2911);
#937=VERTEX_POINT('',#2916);
#938=VERTEX_POINT('',#2918);
#939=VERTEX_POINT('',#2927);
#940=VERTEX_POINT('',#2932);
#941=VERTEX_POINT('',#2937);
#942=VERTEX_POINT('',#2942);
#943=VERTEX_POINT('',#2947);
#944=VERTEX_POINT('',#2949);
#945=VERTEX_POINT('',#2953);
#946=VERTEX_POINT('',#2955);
#947=VERTEX_POINT('',#2959);
#948=VERTEX_POINT('',#2960);
#949=VERTEX_POINT('',#2962);
#950=VERTEX_POINT('',#2964);
#951=VERTEX_POINT('',#2968);
#952=VERTEX_POINT('',#2969);
#953=VERTEX_POINT('',#2971);
#954=VERTEX_POINT('',#2973);
#955=VERTEX_POINT('',#2985);
#956=VERTEX_POINT('',#2987);
#957=VERTEX_POINT('',#2992);
#958=VERTEX_POINT('',#2994);
#959=VERTEX_POINT('',#2999);
#960=VERTEX_POINT('',#3001);
#961=VERTEX_POINT('',#3006);
#962=VERTEX_POINT('',#3008);
#963=VERTEX_POINT('',#3013);
#964=VERTEX_POINT('',#3014);
#965=VERTEX_POINT('',#3016);
#966=VERTEX_POINT('',#3020);
#967=VERTEX_POINT('',#3021);
#968=VERTEX_POINT('',#3025);
#969=VERTEX_POINT('',#3026);
#970=VERTEX_POINT('',#3030);
#971=VERTEX_POINT('',#3031);
#972=VERTEX_POINT('',#3035);
#973=VERTEX_POINT('',#3037);
#974=VERTEX_POINT('',#3039);
#975=VERTEX_POINT('',#3042);
#976=VERTEX_POINT('',#3044);
#977=VERTEX_POINT('',#3046);
#978=VERTEX_POINT('',#3049);
#979=VERTEX_POINT('',#3052);
#980=VERTEX_POINT('',#3054);
#981=VERTEX_POINT('',#3057);
#982=VERTEX_POINT('',#3062);
#983=VERTEX_POINT('',#3064);
#984=VERTEX_POINT('',#3066);
#985=VERTEX_POINT('',#3068);
#986=VERTEX_POINT('',#3072);
#987=VERTEX_POINT('',#3074);
#988=VERTEX_POINT('',#3080);
#989=VERTEX_POINT('',#3082);
#990=VERTEX_POINT('',#3084);
#991=VERTEX_POINT('',#3086);
#992=VERTEX_POINT('',#3088);
#993=VERTEX_POINT('',#3090);
#994=VERTEX_POINT('',#3092);
#995=VERTEX_POINT('',#3094);
#996=VERTEX_POINT('',#3096);
#997=VERTEX_POINT('',#3098);
#998=VERTEX_POINT('',#3100);
#999=VERTEX_POINT('',#3102);
#1000=VERTEX_POINT('',#3104);
#1001=VERTEX_POINT('',#3106);
#1002=VERTEX_POINT('',#3108);
#1003=VERTEX_POINT('',#3110);
#1004=VERTEX_POINT('',#3112);
#1005=VERTEX_POINT('',#3114);
#1006=VERTEX_POINT('',#3116);
#1007=VERTEX_POINT('',#3118);
#1008=VERTEX_POINT('',#3120);
#1009=VERTEX_POINT('',#3122);
#1010=VERTEX_POINT('',#3124);
#1011=VERTEX_POINT('',#3126);
#1012=VERTEX_POINT('',#3128);
#1013=VERTEX_POINT('',#3130);
#1014=VERTEX_POINT('',#3132);
#1015=VERTEX_POINT('',#3134);
#1016=VERTEX_POINT('',#3136);
#1017=VERTEX_POINT('',#3138);
#1018=VERTEX_POINT('',#3140);
#1019=VERTEX_POINT('',#3142);
#1020=VERTEX_POINT('',#3144);
#1021=VERTEX_POINT('',#3146);
#1022=VERTEX_POINT('',#3148);
#1023=VERTEX_POINT('',#3150);
#1024=VERTEX_POINT('',#3152);
#1025=VERTEX_POINT('',#3154);
#1026=VERTEX_POINT('',#3156);
#1027=VERTEX_POINT('',#3159);
#1028=VERTEX_POINT('',#3162);
#1029=VERTEX_POINT('',#3168);
#1030=VERTEX_POINT('',#3169);
#1031=VERTEX_POINT('',#3171);
#1032=VERTEX_POINT('',#3173);
#1033=VERTEX_POINT('',#3175);
#1034=VERTEX_POINT('',#3179);
#1035=VERTEX_POINT('',#3181);
#1036=VERTEX_POINT('',#3185);
#1037=VERTEX_POINT('',#3186);
#1038=VERTEX_POINT('',#3189);
#1039=VERTEX_POINT('',#3193);
#1040=VERTEX_POINT('',#3194);
#1041=VERTEX_POINT('',#3196);
#1042=VERTEX_POINT('',#3198);
#1043=VERTEX_POINT('',#3201);
#1044=VERTEX_POINT('',#3209);
#1045=VERTEX_POINT('',#3211);
#1046=VERTEX_POINT('',#3213);
#1047=VERTEX_POINT('',#3216);
#1048=VERTEX_POINT('',#3221);
#1049=VERTEX_POINT('',#3223);
#1050=VERTEX_POINT('',#3225);
#1051=VERTEX_POINT('',#3227);
#1052=VERTEX_POINT('',#3229);
#1053=VERTEX_POINT('',#3231);
#1054=VERTEX_POINT('',#3241);
#1055=VERTEX_POINT('',#3250);
#1056=VERTEX_POINT('',#3254);
#1057=VERTEX_POINT('',#3258);
#1058=VERTEX_POINT('',#3262);
#1059=VERTEX_POINT('',#3266);
#1060=VERTEX_POINT('',#3270);
#1061=VERTEX_POINT('',#3274);
#1062=VERTEX_POINT('',#3278);
#1063=VERTEX_POINT('',#3282);
#1064=VERTEX_POINT('',#3286);
#1065=VERTEX_POINT('',#3290);
#1066=VERTEX_POINT('',#3294);
#1067=VERTEX_POINT('',#3298);
#1068=VERTEX_POINT('',#3302);
#1069=VERTEX_POINT('',#3306);
#1070=VERTEX_POINT('',#3310);
#1071=VERTEX_POINT('',#3314);
#1072=VERTEX_POINT('',#3318);
#1073=VERTEX_POINT('',#3322);
#1074=VERTEX_POINT('',#3326);
#1075=VERTEX_POINT('',#3330);
#1076=VERTEX_POINT('',#3334);
#1077=VERTEX_POINT('',#3338);
#1078=VERTEX_POINT('',#3342);
#1079=VERTEX_POINT('',#3346);
#1080=VERTEX_POINT('',#3350);
#1081=VERTEX_POINT('',#3354);
#1082=VERTEX_POINT('',#3358);
#1083=VERTEX_POINT('',#3362);
#1084=VERTEX_POINT('',#4460);
#1085=EDGE_CURVE('',#899,#899,#849,.T.);
#1086=EDGE_CURVE('',#899,#900,#387,.T.);
#1087=EDGE_CURVE('',#900,#900,#850,.T.);
#1088=EDGE_CURVE('',#901,#901,#851,.T.);
#1089=EDGE_CURVE('',#901,#902,#388,.T.);
#1090=EDGE_CURVE('',#902,#902,#852,.T.);
#1091=EDGE_CURVE('',#903,#903,#853,.T.);
#1092=EDGE_CURVE('',#903,#904,#389,.T.);
#1093=EDGE_CURVE('',#904,#904,#854,.T.);
#1094=EDGE_CURVE('',#905,#905,#855,.T.);
#1095=EDGE_CURVE('',#905,#906,#390,.T.);
#1096=EDGE_CURVE('',#906,#906,#856,.T.);
#1097=EDGE_CURVE('',#907,#907,#857,.T.);
#1098=EDGE_CURVE('',#907,#908,#391,.T.);
#1099=EDGE_CURVE('',#908,#908,#858,.T.);
#1100=EDGE_CURVE('',#909,#909,#859,.T.);
#1101=EDGE_CURVE('',#910,#910,#860,.T.);
#1102=EDGE_CURVE('',#910,#911,#392,.T.);
#1103=EDGE_CURVE('',#911,#911,#861,.T.);
#1104=EDGE_CURVE('',#912,#912,#862,.T.);
#1105=EDGE_CURVE('',#913,#913,#863,.T.);
#1106=EDGE_CURVE('',#913,#914,#393,.T.);
#1107=EDGE_CURVE('',#914,#914,#864,.T.);
#1108=EDGE_CURVE('',#915,#915,#865,.T.);
#1109=EDGE_CURVE('',#916,#917,#394,.T.);
#1110=EDGE_CURVE('',#918,#916,#866,.T.);
#1111=EDGE_CURVE('',#917,#918,#867,.T.);
#1112=EDGE_CURVE('',#919,#919,#868,.T.);
#1113=EDGE_CURVE('',#919,#918,#395,.T.);
#1114=EDGE_CURVE('',#920,#916,#396,.T.);
#1115=EDGE_CURVE('',#921,#920,#869,.T.);
#1116=EDGE_CURVE('',#917,#921,#397,.T.);
#1117=EDGE_CURVE('',#922,#922,#870,.T.);
#1118=EDGE_CURVE('',#921,#923,#398,.T.);
#1119=EDGE_CURVE('',#923,#924,#399,.T.);
#1120=EDGE_CURVE('',#924,#925,#400,.T.);
#1121=EDGE_CURVE('',#925,#926,#401,.T.);
#1122=EDGE_CURVE('',#926,#920,#402,.T.);
#1123=EDGE_CURVE('',#927,#928,#403,.T.);
#1124=EDGE_CURVE('',#928,#929,#404,.T.);
#1125=EDGE_CURVE('',#929,#930,#405,.T.);
#1126=EDGE_CURVE('',#930,#927,#406,.T.);
#1127=EDGE_CURVE('',#931,#932,#407,.T.);
#1128=EDGE_CURVE('',#932,#933,#408,.T.);
#1129=EDGE_CURVE('',#933,#934,#409,.T.);
#1130=EDGE_CURVE('',#934,#931,#410,.T.);
#1131=EDGE_CURVE('',#930,#933,#411,.T.);
#1132=EDGE_CURVE('',#927,#932,#412,.T.);
#1133=EDGE_CURVE('',#929,#926,#413,.T.);
#1134=EDGE_CURVE('',#928,#931,#414,.T.);
#1135=EDGE_CURVE('',#935,#934,#415,.T.);
#1136=EDGE_CURVE('',#936,#935,#416,.T.);
#1137=EDGE_CURVE('',#923,#936,#417,.T.);
#1138=EDGE_CURVE('',#937,#936,#418,.T.);
#1139=EDGE_CURVE('',#935,#938,#419,.T.);
#1140=EDGE_CURVE('',#938,#937,#420,.T.);
#1141=EDGE_CURVE('',#925,#938,#421,.T.);
#1142=EDGE_CURVE('',#924,#937,#422,.T.);
#1143=EDGE_CURVE('',#922,#939,#423,.T.);
#1144=EDGE_CURVE('',#939,#939,#871,.T.);
#1145=EDGE_CURVE('',#915,#940,#424,.T.);
#1146=EDGE_CURVE('',#940,#940,#872,.T.);
#1147=EDGE_CURVE('',#912,#941,#425,.T.);
#1148=EDGE_CURVE('',#941,#941,#873,.T.);
#1149=EDGE_CURVE('',#909,#942,#426,.T.);
#1150=EDGE_CURVE('',#942,#942,#874,.T.);
#1151=EDGE_CURVE('',#943,#943,#875,.T.);
#1152=EDGE_CURVE('',#943,#944,#427,.T.);
#1153=EDGE_CURVE('',#944,#944,#876,.T.);
#1154=EDGE_CURVE('',#945,#945,#877,.T.);
#1155=EDGE_CURVE('',#945,#946,#428,.T.);
#1156=EDGE_CURVE('',#946,#946,#878,.T.);
#1157=EDGE_CURVE('',#947,#948,#429,.T.);
#1158=EDGE_CURVE('',#948,#949,#430,.T.);
#1159=EDGE_CURVE('',#949,#950,#431,.T.);
#1160=EDGE_CURVE('',#950,#947,#432,.T.);
#1161=EDGE_CURVE('',#951,#952,#433,.T.);
#1162=EDGE_CURVE('',#952,#953,#434,.T.);
#1163=EDGE_CURVE('',#953,#954,#435,.T.);
#1164=EDGE_CURVE('',#954,#951,#436,.T.);
#1165=EDGE_CURVE('',#950,#953,#437,.T.);
#1166=EDGE_CURVE('',#947,#952,#438,.T.);
#1167=EDGE_CURVE('',#949,#954,#439,.T.);
#1168=EDGE_CURVE('',#948,#951,#440,.T.);
#1169=EDGE_CURVE('',#955,#955,#879,.T.);
#1170=EDGE_CURVE('',#955,#956,#441,.T.);
#1171=EDGE_CURVE('',#956,#956,#880,.T.);
#1172=EDGE_CURVE('',#957,#957,#881,.T.);
#1173=EDGE_CURVE('',#957,#958,#442,.T.);
#1174=EDGE_CURVE('',#958,#958,#882,.T.);
#1175=EDGE_CURVE('',#959,#959,#883,.T.);
#1176=EDGE_CURVE('',#959,#960,#443,.T.);
#1177=EDGE_CURVE('',#960,#960,#884,.T.);
#1178=EDGE_CURVE('',#961,#961,#885,.T.);
#1179=EDGE_CURVE('',#961,#962,#444,.T.);
#1180=EDGE_CURVE('',#962,#962,#886,.T.);
#1181=EDGE_CURVE('',#963,#964,#445,.T.);
#1182=EDGE_CURVE('',#965,#963,#446,.T.);
#1183=EDGE_CURVE('',#965,#964,#887,.T.);
#1184=EDGE_CURVE('',#966,#967,#447,.T.);
#1185=EDGE_CURVE('',#966,#967,#888,.T.);
#1186=EDGE_CURVE('',#968,#969,#448,.T.);
#1187=EDGE_CURVE('',#968,#969,#889,.T.);
#1188=EDGE_CURVE('',#970,#971,#449,.T.);
#1189=EDGE_CURVE('',#970,#971,#890,.T.);
#1190=EDGE_CURVE('',#971,#972,#450,.T.);
#1191=EDGE_CURVE('',#973,#970,#451,.T.);
#1192=EDGE_CURVE('',#974,#973,#891,.T.);
#1193=EDGE_CURVE('',#964,#974,#452,.T.);
#1194=EDGE_CURVE('',#975,#965,#453,.T.);
#1195=EDGE_CURVE('',#976,#975,#892,.T.);
#1196=EDGE_CURVE('',#976,#977,#454,.T.);
#1197=EDGE_CURVE('',#977,#977,#893,.T.);
#1198=EDGE_CURVE('',#978,#976,#894,.T.);
#1199=EDGE_CURVE('',#967,#978,#455,.T.);
#1200=EDGE_CURVE('',#979,#966,#456,.T.);
#1201=EDGE_CURVE('',#980,#979,#895,.T.);
#1202=EDGE_CURVE('',#969,#980,#457,.T.);
#1203=EDGE_CURVE('',#981,#968,#458,.T.);
#1204=EDGE_CURVE('',#972,#981,#896,.T.);
#1205=EDGE_CURVE('',#980,#982,#459,.T.);
#1206=EDGE_CURVE('',#982,#983,#460,.T.);
#1207=EDGE_CURVE('',#984,#983,#461,.T.);
#1208=EDGE_CURVE('',#985,#984,#462,.T.);
#1209=EDGE_CURVE('',#985,#981,#463,.T.);
#1210=EDGE_CURVE('',#978,#986,#464,.T.);
#1211=EDGE_CURVE('',#986,#987,#465,.T.);
#1212=EDGE_CURVE('',#983,#987,#466,.T.);
#1213=EDGE_CURVE('',#982,#979,#467,.T.);
#1214=EDGE_CURVE('',#988,#975,#468,.T.);
#1215=EDGE_CURVE('',#989,#988,#469,.T.);
#1216=EDGE_CURVE('',#990,#989,#470,.T.);
#1217=EDGE_CURVE('',#991,#990,#471,.T.);
#1218=EDGE_CURVE('',#992,#991,#472,.T.);
#1219=EDGE_CURVE('',#993,#992,#473,.T.);
#1220=EDGE_CURVE('',#994,#993,#474,.T.);
#1221=EDGE_CURVE('',#995,#994,#475,.T.);
#1222=EDGE_CURVE('',#996,#995,#476,.T.);
#1223=EDGE_CURVE('',#997,#996,#477,.T.);
#1224=EDGE_CURVE('',#998,#997,#478,.T.);
#1225=EDGE_CURVE('',#999,#998,#479,.T.);
#1226=EDGE_CURVE('',#1000,#999,#480,.T.);
#1227=EDGE_CURVE('',#1001,#1000,#481,.T.);
#1228=EDGE_CURVE('',#1002,#1001,#482,.T.);
#1229=EDGE_CURVE('',#1003,#1002,#483,.T.);
#1230=EDGE_CURVE('',#1004,#1003,#484,.T.);
#1231=EDGE_CURVE('',#1005,#1004,#485,.T.);
#1232=EDGE_CURVE('',#1006,#1005,#486,.T.);
#1233=EDGE_CURVE('',#1007,#1006,#487,.T.);
#1234=EDGE_CURVE('',#1008,#1007,#488,.T.);
#1235=EDGE_CURVE('',#1009,#1008,#489,.T.);
#1236=EDGE_CURVE('',#1010,#1009,#490,.T.);
#1237=EDGE_CURVE('',#1011,#1010,#491,.T.);
#1238=EDGE_CURVE('',#1012,#1011,#492,.T.);
#1239=EDGE_CURVE('',#1013,#1012,#493,.T.);
#1240=EDGE_CURVE('',#1014,#1013,#494,.T.);
#1241=EDGE_CURVE('',#1015,#1014,#495,.T.);
#1242=EDGE_CURVE('',#1016,#1015,#496,.T.);
#1243=EDGE_CURVE('',#1017,#1016,#497,.T.);
#1244=EDGE_CURVE('',#1018,#1017,#498,.T.);
#1245=EDGE_CURVE('',#1019,#1018,#499,.T.);
#1246=EDGE_CURVE('',#1020,#1019,#500,.T.);
#1247=EDGE_CURVE('',#1021,#1020,#501,.T.);
#1248=EDGE_CURVE('',#1022,#1021,#502,.T.);
#1249=EDGE_CURVE('',#1023,#1022,#503,.T.);
#1250=EDGE_CURVE('',#1024,#1023,#504,.T.);
#1251=EDGE_CURVE('',#1025,#1024,#505,.T.);
#1252=EDGE_CURVE('',#1026,#1025,#506,.T.);
#1253=EDGE_CURVE('',#986,#1026,#507,.T.);
#1254=EDGE_CURVE('',#1027,#1027,#897,.T.);
#1255=EDGE_CURVE('',#1028,#973,#508,.T.);
#1256=EDGE_CURVE('',#974,#1028,#509,.T.);
#1257=EDGE_CURVE('',#972,#985,#510,.T.);
#1258=EDGE_CURVE('',#1029,#1030,#511,.T.);
#1259=EDGE_CURVE('',#1030,#1031,#512,.T.);
#1260=EDGE_CURVE('',#1032,#1031,#513,.T.);
#1261=EDGE_CURVE('',#1033,#1032,#514,.T.);
#1262=EDGE_CURVE('',#1029,#1033,#515,.T.);
#1263=EDGE_CURVE('',#1032,#1034,#516,.T.);
#1264=EDGE_CURVE('',#1035,#1034,#517,.T.);
#1265=EDGE_CURVE('',#1033,#1035,#518,.T.);
#1266=EDGE_CURVE('',#1036,#1037,#519,.T.);
#1267=EDGE_CURVE('',#1029,#1037,#520,.T.);
#1268=EDGE_CURVE('',#1038,#1035,#521,.T.);
#1269=EDGE_CURVE('',#1036,#1038,#522,.T.);
#1270=EDGE_CURVE('',#1039,#1040,#523,.T.);
#1271=EDGE_CURVE('',#1039,#1041,#524,.T.);
#1272=EDGE_CURVE('',#1042,#1041,#525,.T.);
#1273=EDGE_CURVE('',#1042,#1036,#526,.T.);
#1274=EDGE_CURVE('',#1043,#1038,#527,.T.);
#1275=EDGE_CURVE('',#1040,#1043,#528,.T.);
#1276=EDGE_CURVE('',#1040,#1031,#529,.T.);
#1277=EDGE_CURVE('',#1034,#1043,#530,.T.);
#1278=EDGE_CURVE('',#1044,#1041,#531,.T.);
#1279=EDGE_CURVE('',#1039,#1045,#532,.T.);
#1280=EDGE_CURVE('',#1045,#1046,#533,.T.);
#1281=EDGE_CURVE('',#1046,#1037,#534,.T.);
#1282=EDGE_CURVE('',#1042,#1047,#535,.T.);
#1283=EDGE_CURVE('',#1047,#1044,#536,.T.);
#1284=EDGE_CURVE('',#1037,#984,#537,.T.);
#1285=EDGE_CURVE('',#987,#1048,#538,.T.);
#1286=EDGE_CURVE('',#1048,#1049,#539,.T.);
#1287=EDGE_CURVE('',#1049,#1050,#540,.T.);
#1288=EDGE_CURVE('',#1050,#1051,#541,.T.);
#1289=EDGE_CURVE('',#1051,#1052,#542,.T.);
#1290=EDGE_CURVE('',#1052,#1053,#543,.T.);
#1291=EDGE_CURVE('',#1053,#1029,#544,.T.);
#1292=EDGE_CURVE('',#1026,#1048,#545,.T.);
#1293=EDGE_CURVE('',#1028,#1046,#546,.T.);
#1294=EDGE_CURVE('',#963,#1045,#547,.T.);
#1295=EDGE_CURVE('',#1054,#1039,#548,.T.);
#1296=EDGE_CURVE('',#988,#1054,#549,.T.);
#1297=EDGE_CURVE('',#1041,#1054,#550,.T.);
#1298=EDGE_CURVE('',#989,#1044,#551,.T.);
#1299=EDGE_CURVE('',#990,#1047,#552,.T.);
#1300=EDGE_CURVE('',#1055,#1042,#553,.T.);
#1301=EDGE_CURVE('',#991,#1055,#554,.T.);
#1302=EDGE_CURVE('',#1056,#1055,#555,.T.);
#1303=EDGE_CURVE('',#992,#1056,#556,.T.);
#1304=EDGE_CURVE('',#1057,#1056,#557,.T.);
#1305=EDGE_CURVE('',#993,#1057,#558,.T.);
#1306=EDGE_CURVE('',#1058,#1057,#559,.T.);
#1307=EDGE_CURVE('',#994,#1058,#560,.T.);
#1308=EDGE_CURVE('',#1059,#1058,#561,.T.);
#1309=EDGE_CURVE('',#995,#1059,#562,.T.);
#1310=EDGE_CURVE('',#1060,#1059,#563,.T.);
#1311=EDGE_CURVE('',#996,#1060,#564,.T.);
#1312=EDGE_CURVE('',#1061,#1060,#565,.T.);
#1313=EDGE_CURVE('',#997,#1061,#566,.T.);
#1314=EDGE_CURVE('',#1062,#1061,#567,.T.);
#1315=EDGE_CURVE('',#998,#1062,#568,.T.);
#1316=EDGE_CURVE('',#1063,#1062,#569,.T.);
#1317=EDGE_CURVE('',#999,#1063,#570,.T.);
#1318=EDGE_CURVE('',#1064,#1063,#571,.T.);
#1319=EDGE_CURVE('',#1000,#1064,#572,.T.);
#1320=EDGE_CURVE('',#1065,#1064,#573,.T.);
#1321=EDGE_CURVE('',#1001,#1065,#574,.T.);
#1322=EDGE_CURVE('',#1066,#1065,#575,.T.);
#1323=EDGE_CURVE('',#1002,#1066,#576,.T.);
#1324=EDGE_CURVE('',#1067,#1066,#577,.T.);
#1325=EDGE_CURVE('',#1003,#1067,#578,.T.);
#1326=EDGE_CURVE('',#1068,#1067,#579,.T.);
#1327=EDGE_CURVE('',#1004,#1068,#580,.T.);
#1328=EDGE_CURVE('',#1069,#1068,#581,.T.);
#1329=EDGE_CURVE('',#1005,#1069,#582,.T.);
#1330=EDGE_CURVE('',#1070,#1069,#583,.T.);
#1331=EDGE_CURVE('',#1006,#1070,#584,.T.);
#1332=EDGE_CURVE('',#1071,#1070,#585,.T.);
#1333=EDGE_CURVE('',#1007,#1071,#586,.T.);
#1334=EDGE_CURVE('',#1072,#1071,#587,.T.);
#1335=EDGE_CURVE('',#1008,#1072,#588,.T.);
#1336=EDGE_CURVE('',#1073,#1072,#589,.T.);
#1337=EDGE_CURVE('',#1009,#1073,#590,.T.);
#1338=EDGE_CURVE('',#1074,#1073,#591,.T.);
#1339=EDGE_CURVE('',#1010,#1074,#592,.T.);
#1340=EDGE_CURVE('',#1075,#1074,#593,.T.);
#1341=EDGE_CURVE('',#1011,#1075,#594,.T.);
#1342=EDGE_CURVE('',#1076,#1075,#595,.T.);
#1343=EDGE_CURVE('',#1012,#1076,#596,.T.);
#1344=EDGE_CURVE('',#1077,#1076,#597,.T.);
#1345=EDGE_CURVE('',#1013,#1077,#598,.T.);
#1346=EDGE_CURVE('',#1078,#1077,#599,.T.);
#1347=EDGE_CURVE('',#1014,#1078,#600,.T.);
#1348=EDGE_CURVE('',#1079,#1078,#601,.T.);
#1349=EDGE_CURVE('',#1015,#1079,#602,.T.);
#1350=EDGE_CURVE('',#1080,#1079,#603,.T.);
#1351=EDGE_CURVE('',#1016,#1080,#604,.T.);
#1352=EDGE_CURVE('',#1081,#1080,#605,.T.);
#1353=EDGE_CURVE('',#1017,#1081,#606,.T.);
#1354=EDGE_CURVE('',#1082,#1081,#607,.T.);
#1355=EDGE_CURVE('',#1018,#1082,#608,.T.);
#1356=EDGE_CURVE('',#1083,#1082,#609,.T.);
#1357=EDGE_CURVE('',#1019,#1083,#610,.T.);
#1358=EDGE_CURVE('',#1031,#1083,#611,.T.);
#1359=EDGE_CURVE('',#1020,#1030,#612,.T.);
#1360=EDGE_CURVE('',#1021,#1053,#613,.T.);
#1361=EDGE_CURVE('',#1022,#1052,#614,.T.);
#1362=EDGE_CURVE('',#1023,#1051,#615,.T.);
#1363=EDGE_CURVE('',#1024,#1050,#616,.T.);
#1364=EDGE_CURVE('',#1025,#1049,#617,.T.);
#1365=EDGE_CURVE('',#1084,#1027,#13,.T.);
#1366=EDGE_CURVE('',#1084,#1084,#898,.T.);
#1367=ORIENTED_EDGE('',*,*,#1085,.F.);
#1368=ORIENTED_EDGE('',*,*,#1086,.T.);
#1369=ORIENTED_EDGE('',*,*,#1087,.T.);
#1370=ORIENTED_EDGE('',*,*,#1086,.F.);
#1371=ORIENTED_EDGE('',*,*,#1087,.F.);
#1372=ORIENTED_EDGE('',*,*,#1088,.F.);
#1373=ORIENTED_EDGE('',*,*,#1088,.T.);
#1374=ORIENTED_EDGE('',*,*,#1089,.T.);
#1375=ORIENTED_EDGE('',*,*,#1090,.F.);
#1376=ORIENTED_EDGE('',*,*,#1089,.F.);
#1377=ORIENTED_EDGE('',*,*,#1091,.F.);
#1378=ORIENTED_EDGE('',*,*,#1092,.T.);
#1379=ORIENTED_EDGE('',*,*,#1093,.T.);
#1380=ORIENTED_EDGE('',*,*,#1092,.F.);
#1381=ORIENTED_EDGE('',*,*,#1093,.F.);
#1382=ORIENTED_EDGE('',*,*,#1094,.F.);
#1383=ORIENTED_EDGE('',*,*,#1094,.T.);
#1384=ORIENTED_EDGE('',*,*,#1095,.T.);
#1385=ORIENTED_EDGE('',*,*,#1096,.F.);
#1386=ORIENTED_EDGE('',*,*,#1095,.F.);
#1387=ORIENTED_EDGE('',*,*,#1097,.T.);
#1388=ORIENTED_EDGE('',*,*,#1098,.T.);
#1389=ORIENTED_EDGE('',*,*,#1099,.F.);
#1390=ORIENTED_EDGE('',*,*,#1098,.F.);
#1391=ORIENTED_EDGE('',*,*,#1097,.F.);
#1392=ORIENTED_EDGE('',*,*,#1100,.F.);
#1393=ORIENTED_EDGE('',*,*,#1101,.T.);
#1394=ORIENTED_EDGE('',*,*,#1102,.T.);
#1395=ORIENTED_EDGE('',*,*,#1103,.F.);
#1396=ORIENTED_EDGE('',*,*,#1102,.F.);
#1397=ORIENTED_EDGE('',*,*,#1101,.F.);
#1398=ORIENTED_EDGE('',*,*,#1104,.F.);
#1399=ORIENTED_EDGE('',*,*,#1105,.T.);
#1400=ORIENTED_EDGE('',*,*,#1106,.T.);
#1401=ORIENTED_EDGE('',*,*,#1107,.F.);
#1402=ORIENTED_EDGE('',*,*,#1106,.F.);
#1403=ORIENTED_EDGE('',*,*,#1105,.F.);
#1404=ORIENTED_EDGE('',*,*,#1108,.F.);
#1405=ORIENTED_EDGE('',*,*,#1109,.F.);
#1406=ORIENTED_EDGE('',*,*,#1110,.F.);
#1407=ORIENTED_EDGE('',*,*,#1111,.F.);
#1408=ORIENTED_EDGE('',*,*,#1112,.T.);
#1409=ORIENTED_EDGE('',*,*,#1113,.T.);
#1410=ORIENTED_EDGE('',*,*,#1110,.T.);
#1411=ORIENTED_EDGE('',*,*,#1114,.F.);
#1412=ORIENTED_EDGE('',*,*,#1115,.F.);
#1413=ORIENTED_EDGE('',*,*,#1116,.F.);
#1414=ORIENTED_EDGE('',*,*,#1111,.T.);
#1415=ORIENTED_EDGE('',*,*,#1113,.F.);
#1416=ORIENTED_EDGE('',*,*,#1112,.F.);
#1417=ORIENTED_EDGE('',*,*,#1117,.F.);
#1418=ORIENTED_EDGE('',*,*,#1114,.T.);
#1419=ORIENTED_EDGE('',*,*,#1109,.T.);
#1420=ORIENTED_EDGE('',*,*,#1116,.T.);
#1421=ORIENTED_EDGE('',*,*,#1118,.T.);
#1422=ORIENTED_EDGE('',*,*,#1119,.T.);
#1423=ORIENTED_EDGE('',*,*,#1120,.T.);
#1424=ORIENTED_EDGE('',*,*,#1121,.T.);
#1425=ORIENTED_EDGE('',*,*,#1122,.T.);
#1426=ORIENTED_EDGE('',*,*,#1123,.T.);
#1427=ORIENTED_EDGE('',*,*,#1124,.T.);
#1428=ORIENTED_EDGE('',*,*,#1125,.T.);
#1429=ORIENTED_EDGE('',*,*,#1126,.T.);
#1430=ORIENTED_EDGE('',*,*,#1127,.T.);
#1431=ORIENTED_EDGE('',*,*,#1128,.T.);
#1432=ORIENTED_EDGE('',*,*,#1129,.T.);
#1433=ORIENTED_EDGE('',*,*,#1130,.T.);
#1434=ORIENTED_EDGE('',*,*,#1131,.T.);
#1435=ORIENTED_EDGE('',*,*,#1128,.F.);
#1436=ORIENTED_EDGE('',*,*,#1132,.F.);
#1437=ORIENTED_EDGE('',*,*,#1126,.F.);
#1438=ORIENTED_EDGE('',*,*,#1085,.T.);
#1439=ORIENTED_EDGE('',*,*,#1091,.T.);
#1440=ORIENTED_EDGE('',*,*,#1115,.T.);
#1441=ORIENTED_EDGE('',*,*,#1122,.F.);
#1442=ORIENTED_EDGE('',*,*,#1133,.F.);
#1443=ORIENTED_EDGE('',*,*,#1124,.F.);
#1444=ORIENTED_EDGE('',*,*,#1134,.T.);
#1445=ORIENTED_EDGE('',*,*,#1130,.F.);
#1446=ORIENTED_EDGE('',*,*,#1135,.F.);
#1447=ORIENTED_EDGE('',*,*,#1136,.F.);
#1448=ORIENTED_EDGE('',*,*,#1137,.F.);
#1449=ORIENTED_EDGE('',*,*,#1118,.F.);
#1450=ORIENTED_EDGE('',*,*,#1099,.T.);
#1451=ORIENTED_EDGE('',*,*,#1103,.T.);
#1452=ORIENTED_EDGE('',*,*,#1107,.T.);
#1453=ORIENTED_EDGE('',*,*,#1132,.T.);
#1454=ORIENTED_EDGE('',*,*,#1127,.F.);
#1455=ORIENTED_EDGE('',*,*,#1134,.F.);
#1456=ORIENTED_EDGE('',*,*,#1123,.F.);
#1457=ORIENTED_EDGE('',*,*,#1138,.T.);
#1458=ORIENTED_EDGE('',*,*,#1136,.T.);
#1459=ORIENTED_EDGE('',*,*,#1139,.T.);
#1460=ORIENTED_EDGE('',*,*,#1140,.T.);
#1461=ORIENTED_EDGE('',*,*,#1141,.T.);
#1462=ORIENTED_EDGE('',*,*,#1139,.F.);
#1463=ORIENTED_EDGE('',*,*,#1135,.T.);
#1464=ORIENTED_EDGE('',*,*,#1129,.F.);
#1465=ORIENTED_EDGE('',*,*,#1131,.F.);
#1466=ORIENTED_EDGE('',*,*,#1125,.F.);
#1467=ORIENTED_EDGE('',*,*,#1133,.T.);
#1468=ORIENTED_EDGE('',*,*,#1121,.F.);
#1469=ORIENTED_EDGE('',*,*,#1142,.T.);
#1470=ORIENTED_EDGE('',*,*,#1140,.F.);
#1471=ORIENTED_EDGE('',*,*,#1141,.F.);
#1472=ORIENTED_EDGE('',*,*,#1120,.F.);
#1473=ORIENTED_EDGE('',*,*,#1090,.T.);
#1474=ORIENTED_EDGE('',*,*,#1096,.T.);
#1475=ORIENTED_EDGE('',*,*,#1137,.T.);
#1476=ORIENTED_EDGE('',*,*,#1138,.F.);
#1477=ORIENTED_EDGE('',*,*,#1142,.F.);
#1478=ORIENTED_EDGE('',*,*,#1119,.F.);
#1479=ORIENTED_EDGE('',*,*,#1117,.T.);
#1480=ORIENTED_EDGE('',*,*,#1143,.T.);
#1481=ORIENTED_EDGE('',*,*,#1144,.T.);
#1482=ORIENTED_EDGE('',*,*,#1143,.F.);
#1483=ORIENTED_EDGE('',*,*,#1144,.F.);
#1484=ORIENTED_EDGE('',*,*,#1108,.T.);
#1485=ORIENTED_EDGE('',*,*,#1145,.T.);
#1486=ORIENTED_EDGE('',*,*,#1146,.T.);
#1487=ORIENTED_EDGE('',*,*,#1145,.F.);
#1488=ORIENTED_EDGE('',*,*,#1146,.F.);
#1489=ORIENTED_EDGE('',*,*,#1104,.T.);
#1490=ORIENTED_EDGE('',*,*,#1147,.T.);
#1491=ORIENTED_EDGE('',*,*,#1148,.T.);
#1492=ORIENTED_EDGE('',*,*,#1147,.F.);
#1493=ORIENTED_EDGE('',*,*,#1148,.F.);
#1494=ORIENTED_EDGE('',*,*,#1100,.T.);
#1495=ORIENTED_EDGE('',*,*,#1149,.T.);
#1496=ORIENTED_EDGE('',*,*,#1150,.T.);
#1497=ORIENTED_EDGE('',*,*,#1149,.F.);
#1498=ORIENTED_EDGE('',*,*,#1150,.F.);
#1499=ORIENTED_EDGE('',*,*,#1151,.F.);
#1500=ORIENTED_EDGE('',*,*,#1152,.T.);
#1501=ORIENTED_EDGE('',*,*,#1153,.F.);
#1502=ORIENTED_EDGE('',*,*,#1152,.F.);
#1503=ORIENTED_EDGE('',*,*,#1154,.F.);
#1504=ORIENTED_EDGE('',*,*,#1155,.T.);
#1505=ORIENTED_EDGE('',*,*,#1156,.F.);
#1506=ORIENTED_EDGE('',*,*,#1155,.F.);
#1507=ORIENTED_EDGE('',*,*,#1157,.T.);
#1508=ORIENTED_EDGE('',*,*,#1158,.T.);
#1509=ORIENTED_EDGE('',*,*,#1159,.T.);
#1510=ORIENTED_EDGE('',*,*,#1160,.T.);
#1511=ORIENTED_EDGE('',*,*,#1161,.T.);
#1512=ORIENTED_EDGE('',*,*,#1162,.T.);
#1513=ORIENTED_EDGE('',*,*,#1163,.T.);
#1514=ORIENTED_EDGE('',*,*,#1164,.T.);
#1515=ORIENTED_EDGE('',*,*,#1165,.T.);
#1516=ORIENTED_EDGE('',*,*,#1162,.F.);
#1517=ORIENTED_EDGE('',*,*,#1166,.F.);
#1518=ORIENTED_EDGE('',*,*,#1160,.F.);
#1519=ORIENTED_EDGE('',*,*,#1151,.T.);
#1520=ORIENTED_EDGE('',*,*,#1154,.T.);
#1521=ORIENTED_EDGE('',*,*,#1167,.T.);
#1522=ORIENTED_EDGE('',*,*,#1163,.F.);
#1523=ORIENTED_EDGE('',*,*,#1165,.F.);
#1524=ORIENTED_EDGE('',*,*,#1159,.F.);
#1525=ORIENTED_EDGE('',*,*,#1168,.T.);
#1526=ORIENTED_EDGE('',*,*,#1164,.F.);
#1527=ORIENTED_EDGE('',*,*,#1167,.F.);
#1528=ORIENTED_EDGE('',*,*,#1158,.F.);
#1529=ORIENTED_EDGE('',*,*,#1153,.T.);
#1530=ORIENTED_EDGE('',*,*,#1156,.T.);
#1531=ORIENTED_EDGE('',*,*,#1166,.T.);
#1532=ORIENTED_EDGE('',*,*,#1161,.F.);
#1533=ORIENTED_EDGE('',*,*,#1168,.F.);
#1534=ORIENTED_EDGE('',*,*,#1157,.F.);
#1535=ORIENTED_EDGE('',*,*,#1169,.F.);
#1536=ORIENTED_EDGE('',*,*,#1170,.T.);
#1537=ORIENTED_EDGE('',*,*,#1171,.T.);
#1538=ORIENTED_EDGE('',*,*,#1170,.F.);
#1539=ORIENTED_EDGE('',*,*,#1171,.F.);
#1540=ORIENTED_EDGE('',*,*,#1172,.F.);
#1541=ORIENTED_EDGE('',*,*,#1173,.T.);
#1542=ORIENTED_EDGE('',*,*,#1174,.T.);
#1543=ORIENTED_EDGE('',*,*,#1173,.F.);
#1544=ORIENTED_EDGE('',*,*,#1174,.F.);
#1545=ORIENTED_EDGE('',*,*,#1175,.F.);
#1546=ORIENTED_EDGE('',*,*,#1176,.T.);
#1547=ORIENTED_EDGE('',*,*,#1177,.T.);
#1548=ORIENTED_EDGE('',*,*,#1176,.F.);
#1549=ORIENTED_EDGE('',*,*,#1177,.F.);
#1550=ORIENTED_EDGE('',*,*,#1178,.F.);
#1551=ORIENTED_EDGE('',*,*,#1179,.T.);
#1552=ORIENTED_EDGE('',*,*,#1180,.T.);
#1553=ORIENTED_EDGE('',*,*,#1179,.F.);
#1554=ORIENTED_EDGE('',*,*,#1180,.F.);
#1555=ORIENTED_EDGE('',*,*,#1181,.F.);
#1556=ORIENTED_EDGE('',*,*,#1182,.F.);
#1557=ORIENTED_EDGE('',*,*,#1183,.T.);
#1558=ORIENTED_EDGE('',*,*,#1184,.F.);
#1559=ORIENTED_EDGE('',*,*,#1185,.T.);
#1560=ORIENTED_EDGE('',*,*,#1186,.F.);
#1561=ORIENTED_EDGE('',*,*,#1187,.T.);
#1562=ORIENTED_EDGE('',*,*,#1188,.F.);
#1563=ORIENTED_EDGE('',*,*,#1189,.T.);
#1564=ORIENTED_EDGE('',*,*,#1190,.F.);
#1565=ORIENTED_EDGE('',*,*,#1189,.F.);
#1566=ORIENTED_EDGE('',*,*,#1191,.F.);
#1567=ORIENTED_EDGE('',*,*,#1192,.F.);
#1568=ORIENTED_EDGE('',*,*,#1193,.F.);
#1569=ORIENTED_EDGE('',*,*,#1183,.F.);
#1570=ORIENTED_EDGE('',*,*,#1194,.F.);
#1571=ORIENTED_EDGE('',*,*,#1195,.F.);
#1572=ORIENTED_EDGE('',*,*,#1196,.T.);
#1573=ORIENTED_EDGE('',*,*,#1197,.F.);
#1574=ORIENTED_EDGE('',*,*,#1196,.F.);
#1575=ORIENTED_EDGE('',*,*,#1198,.F.);
#1576=ORIENTED_EDGE('',*,*,#1199,.F.);
#1577=ORIENTED_EDGE('',*,*,#1185,.F.);
#1578=ORIENTED_EDGE('',*,*,#1200,.F.);
#1579=ORIENTED_EDGE('',*,*,#1201,.F.);
#1580=ORIENTED_EDGE('',*,*,#1202,.F.);
#1581=ORIENTED_EDGE('',*,*,#1187,.F.);
#1582=ORIENTED_EDGE('',*,*,#1203,.F.);
#1583=ORIENTED_EDGE('',*,*,#1204,.F.);
#1584=ORIENTED_EDGE('',*,*,#1197,.T.);
#1585=ORIENTED_EDGE('',*,*,#1203,.T.);
#1586=ORIENTED_EDGE('',*,*,#1186,.T.);
#1587=ORIENTED_EDGE('',*,*,#1202,.T.);
#1588=ORIENTED_EDGE('',*,*,#1205,.T.);
#1589=ORIENTED_EDGE('',*,*,#1206,.T.);
#1590=ORIENTED_EDGE('',*,*,#1207,.F.);
#1591=ORIENTED_EDGE('',*,*,#1208,.F.);
#1592=ORIENTED_EDGE('',*,*,#1209,.T.);
#1593=ORIENTED_EDGE('',*,*,#1200,.T.);
#1594=ORIENTED_EDGE('',*,*,#1184,.T.);
#1595=ORIENTED_EDGE('',*,*,#1199,.T.);
#1596=ORIENTED_EDGE('',*,*,#1210,.T.);
#1597=ORIENTED_EDGE('',*,*,#1211,.T.);
#1598=ORIENTED_EDGE('',*,*,#1212,.F.);
#1599=ORIENTED_EDGE('',*,*,#1206,.F.);
#1600=ORIENTED_EDGE('',*,*,#1213,.T.);
#1601=ORIENTED_EDGE('',*,*,#1201,.T.);
#1602=ORIENTED_EDGE('',*,*,#1213,.F.);
#1603=ORIENTED_EDGE('',*,*,#1205,.F.);
#1604=ORIENTED_EDGE('',*,*,#1198,.T.);
#1605=ORIENTED_EDGE('',*,*,#1195,.T.);
#1606=ORIENTED_EDGE('',*,*,#1214,.F.);
#1607=ORIENTED_EDGE('',*,*,#1215,.F.);
#1608=ORIENTED_EDGE('',*,*,#1216,.F.);
#1609=ORIENTED_EDGE('',*,*,#1217,.F.);
#1610=ORIENTED_EDGE('',*,*,#1218,.F.);
#1611=ORIENTED_EDGE('',*,*,#1219,.F.);
#1612=ORIENTED_EDGE('',*,*,#1220,.F.);
#1613=ORIENTED_EDGE('',*,*,#1221,.F.);
#1614=ORIENTED_EDGE('',*,*,#1222,.F.);
#1615=ORIENTED_EDGE('',*,*,#1223,.F.);
#1616=ORIENTED_EDGE('',*,*,#1224,.F.);
#1617=ORIENTED_EDGE('',*,*,#1225,.F.);
#1618=ORIENTED_EDGE('',*,*,#1226,.F.);
#1619=ORIENTED_EDGE('',*,*,#1227,.F.);
#1620=ORIENTED_EDGE('',*,*,#1228,.F.);
#1621=ORIENTED_EDGE('',*,*,#1229,.F.);
#1622=ORIENTED_EDGE('',*,*,#1230,.F.);
#1623=ORIENTED_EDGE('',*,*,#1231,.F.);
#1624=ORIENTED_EDGE('',*,*,#1232,.F.);
#1625=ORIENTED_EDGE('',*,*,#1233,.F.);
#1626=ORIENTED_EDGE('',*,*,#1234,.F.);
#1627=ORIENTED_EDGE('',*,*,#1235,.F.);
#1628=ORIENTED_EDGE('',*,*,#1236,.F.);
#1629=ORIENTED_EDGE('',*,*,#1237,.F.);
#1630=ORIENTED_EDGE('',*,*,#1238,.F.);
#1631=ORIENTED_EDGE('',*,*,#1239,.F.);
#1632=ORIENTED_EDGE('',*,*,#1240,.F.);
#1633=ORIENTED_EDGE('',*,*,#1241,.F.);
#1634=ORIENTED_EDGE('',*,*,#1242,.F.);
#1635=ORIENTED_EDGE('',*,*,#1243,.F.);
#1636=ORIENTED_EDGE('',*,*,#1244,.F.);
#1637=ORIENTED_EDGE('',*,*,#1245,.F.);
#1638=ORIENTED_EDGE('',*,*,#1246,.F.);
#1639=ORIENTED_EDGE('',*,*,#1247,.F.);
#1640=ORIENTED_EDGE('',*,*,#1248,.F.);
#1641=ORIENTED_EDGE('',*,*,#1249,.F.);
#1642=ORIENTED_EDGE('',*,*,#1250,.F.);
#1643=ORIENTED_EDGE('',*,*,#1251,.F.);
#1644=ORIENTED_EDGE('',*,*,#1252,.F.);
#1645=ORIENTED_EDGE('',*,*,#1253,.F.);
#1646=ORIENTED_EDGE('',*,*,#1210,.F.);
#1647=ORIENTED_EDGE('',*,*,#1254,.F.);
#1648=ORIENTED_EDGE('',*,*,#1192,.T.);
#1649=ORIENTED_EDGE('',*,*,#1255,.F.);
#1650=ORIENTED_EDGE('',*,*,#1256,.F.);
#1651=ORIENTED_EDGE('',*,*,#1204,.T.);
#1652=ORIENTED_EDGE('',*,*,#1209,.F.);
#1653=ORIENTED_EDGE('',*,*,#1257,.F.);
#1654=ORIENTED_EDGE('',*,*,#1258,.T.);
#1655=ORIENTED_EDGE('',*,*,#1259,.T.);
#1656=ORIENTED_EDGE('',*,*,#1260,.F.);
#1657=ORIENTED_EDGE('',*,*,#1261,.F.);
#1658=ORIENTED_EDGE('',*,*,#1262,.F.);
#1659=ORIENTED_EDGE('',*,*,#1261,.T.);
#1660=ORIENTED_EDGE('',*,*,#1263,.T.);
#1661=ORIENTED_EDGE('',*,*,#1264,.F.);
#1662=ORIENTED_EDGE('',*,*,#1265,.F.);
#1663=ORIENTED_EDGE('',*,*,#1266,.T.);
#1664=ORIENTED_EDGE('',*,*,#1267,.F.);
#1665=ORIENTED_EDGE('',*,*,#1262,.T.);
#1666=ORIENTED_EDGE('',*,*,#1265,.T.);
#1667=ORIENTED_EDGE('',*,*,#1268,.F.);
#1668=ORIENTED_EDGE('',*,*,#1269,.F.);
#1669=ORIENTED_EDGE('',*,*,#1270,.F.);
#1670=ORIENTED_EDGE('',*,*,#1271,.T.);
#1671=ORIENTED_EDGE('',*,*,#1272,.F.);
#1672=ORIENTED_EDGE('',*,*,#1273,.T.);
#1673=ORIENTED_EDGE('',*,*,#1269,.T.);
#1674=ORIENTED_EDGE('',*,*,#1274,.F.);
#1675=ORIENTED_EDGE('',*,*,#1275,.F.);
#1676=ORIENTED_EDGE('',*,*,#1260,.T.);
#1677=ORIENTED_EDGE('',*,*,#1276,.F.);
#1678=ORIENTED_EDGE('',*,*,#1275,.T.);
#1679=ORIENTED_EDGE('',*,*,#1277,.F.);
#1680=ORIENTED_EDGE('',*,*,#1263,.F.);
#1681=ORIENTED_EDGE('',*,*,#1277,.T.);
#1682=ORIENTED_EDGE('',*,*,#1274,.T.);
#1683=ORIENTED_EDGE('',*,*,#1268,.T.);
#1684=ORIENTED_EDGE('',*,*,#1264,.T.);
#1685=ORIENTED_EDGE('',*,*,#1169,.T.);
#1686=ORIENTED_EDGE('',*,*,#1172,.T.);
#1687=ORIENTED_EDGE('',*,*,#1175,.T.);
#1688=ORIENTED_EDGE('',*,*,#1178,.T.);
#1689=ORIENTED_EDGE('',*,*,#1278,.T.);
#1690=ORIENTED_EDGE('',*,*,#1271,.F.);
#1691=ORIENTED_EDGE('',*,*,#1279,.T.);
#1692=ORIENTED_EDGE('',*,*,#1280,.T.);
#1693=ORIENTED_EDGE('',*,*,#1281,.T.);
#1694=ORIENTED_EDGE('',*,*,#1266,.F.);
#1695=ORIENTED_EDGE('',*,*,#1273,.F.);
#1696=ORIENTED_EDGE('',*,*,#1282,.T.);
#1697=ORIENTED_EDGE('',*,*,#1283,.T.);
#1698=ORIENTED_EDGE('',*,*,#1267,.T.);
#1699=ORIENTED_EDGE('',*,*,#1284,.T.);
#1700=ORIENTED_EDGE('',*,*,#1207,.T.);
#1701=ORIENTED_EDGE('',*,*,#1212,.T.);
#1702=ORIENTED_EDGE('',*,*,#1285,.T.);
#1703=ORIENTED_EDGE('',*,*,#1286,.T.);
#1704=ORIENTED_EDGE('',*,*,#1287,.T.);
#1705=ORIENTED_EDGE('',*,*,#1288,.T.);
#1706=ORIENTED_EDGE('',*,*,#1289,.T.);
#1707=ORIENTED_EDGE('',*,*,#1290,.T.);
#1708=ORIENTED_EDGE('',*,*,#1291,.T.);
#1709=ORIENTED_EDGE('',*,*,#1253,.T.);
#1710=ORIENTED_EDGE('',*,*,#1292,.T.);
#1711=ORIENTED_EDGE('',*,*,#1285,.F.);
#1712=ORIENTED_EDGE('',*,*,#1211,.F.);
#1713=ORIENTED_EDGE('',*,*,#1190,.T.);
#1714=ORIENTED_EDGE('',*,*,#1257,.T.);
#1715=ORIENTED_EDGE('',*,*,#1208,.T.);
#1716=ORIENTED_EDGE('',*,*,#1284,.F.);
#1717=ORIENTED_EDGE('',*,*,#1281,.F.);
#1718=ORIENTED_EDGE('',*,*,#1293,.F.);
#1719=ORIENTED_EDGE('',*,*,#1255,.T.);
#1720=ORIENTED_EDGE('',*,*,#1191,.T.);
#1721=ORIENTED_EDGE('',*,*,#1188,.T.);
#1722=ORIENTED_EDGE('',*,*,#1193,.T.);
#1723=ORIENTED_EDGE('',*,*,#1256,.T.);
#1724=ORIENTED_EDGE('',*,*,#1293,.T.);
#1725=ORIENTED_EDGE('',*,*,#1280,.F.);
#1726=ORIENTED_EDGE('',*,*,#1294,.F.);
#1727=ORIENTED_EDGE('',*,*,#1181,.T.);
#1728=ORIENTED_EDGE('',*,*,#1182,.T.);
#1729=ORIENTED_EDGE('',*,*,#1294,.T.);
#1730=ORIENTED_EDGE('',*,*,#1279,.F.);
#1731=ORIENTED_EDGE('',*,*,#1295,.F.);
#1732=ORIENTED_EDGE('',*,*,#1296,.F.);
#1733=ORIENTED_EDGE('',*,*,#1214,.T.);
#1734=ORIENTED_EDGE('',*,*,#1194,.T.);
#1735=ORIENTED_EDGE('',*,*,#1215,.T.);
#1736=ORIENTED_EDGE('',*,*,#1296,.T.);
#1737=ORIENTED_EDGE('',*,*,#1297,.F.);
#1738=ORIENTED_EDGE('',*,*,#1278,.F.);
#1739=ORIENTED_EDGE('',*,*,#1298,.F.);
#1740=ORIENTED_EDGE('',*,*,#1216,.T.);
#1741=ORIENTED_EDGE('',*,*,#1298,.T.);
#1742=ORIENTED_EDGE('',*,*,#1283,.F.);
#1743=ORIENTED_EDGE('',*,*,#1299,.F.);
#1744=ORIENTED_EDGE('',*,*,#1217,.T.);
#1745=ORIENTED_EDGE('',*,*,#1299,.T.);
#1746=ORIENTED_EDGE('',*,*,#1282,.F.);
#1747=ORIENTED_EDGE('',*,*,#1300,.F.);
#1748=ORIENTED_EDGE('',*,*,#1301,.F.);
#1749=ORIENTED_EDGE('',*,*,#1218,.T.);
#1750=ORIENTED_EDGE('',*,*,#1301,.T.);
#1751=ORIENTED_EDGE('',*,*,#1302,.F.);
#1752=ORIENTED_EDGE('',*,*,#1303,.F.);
#1753=ORIENTED_EDGE('',*,*,#1219,.T.);
#1754=ORIENTED_EDGE('',*,*,#1303,.T.);
#1755=ORIENTED_EDGE('',*,*,#1304,.F.);
#1756=ORIENTED_EDGE('',*,*,#1305,.F.);
#1757=ORIENTED_EDGE('',*,*,#1220,.T.);
#1758=ORIENTED_EDGE('',*,*,#1305,.T.);
#1759=ORIENTED_EDGE('',*,*,#1306,.F.);
#1760=ORIENTED_EDGE('',*,*,#1307,.F.);
#1761=ORIENTED_EDGE('',*,*,#1221,.T.);
#1762=ORIENTED_EDGE('',*,*,#1307,.T.);
#1763=ORIENTED_EDGE('',*,*,#1308,.F.);
#1764=ORIENTED_EDGE('',*,*,#1309,.F.);
#1765=ORIENTED_EDGE('',*,*,#1222,.T.);
#1766=ORIENTED_EDGE('',*,*,#1309,.T.);
#1767=ORIENTED_EDGE('',*,*,#1310,.F.);
#1768=ORIENTED_EDGE('',*,*,#1311,.F.);
#1769=ORIENTED_EDGE('',*,*,#1223,.T.);
#1770=ORIENTED_EDGE('',*,*,#1311,.T.);
#1771=ORIENTED_EDGE('',*,*,#1312,.F.);
#1772=ORIENTED_EDGE('',*,*,#1313,.F.);
#1773=ORIENTED_EDGE('',*,*,#1224,.T.);
#1774=ORIENTED_EDGE('',*,*,#1313,.T.);
#1775=ORIENTED_EDGE('',*,*,#1314,.F.);
#1776=ORIENTED_EDGE('',*,*,#1315,.F.);
#1777=ORIENTED_EDGE('',*,*,#1225,.T.);
#1778=ORIENTED_EDGE('',*,*,#1315,.T.);
#1779=ORIENTED_EDGE('',*,*,#1316,.F.);
#1780=ORIENTED_EDGE('',*,*,#1317,.F.);
#1781=ORIENTED_EDGE('',*,*,#1226,.T.);
#1782=ORIENTED_EDGE('',*,*,#1317,.T.);
#1783=ORIENTED_EDGE('',*,*,#1318,.F.);
#1784=ORIENTED_EDGE('',*,*,#1319,.F.);
#1785=ORIENTED_EDGE('',*,*,#1227,.T.);
#1786=ORIENTED_EDGE('',*,*,#1319,.T.);
#1787=ORIENTED_EDGE('',*,*,#1320,.F.);
#1788=ORIENTED_EDGE('',*,*,#1321,.F.);
#1789=ORIENTED_EDGE('',*,*,#1228,.T.);
#1790=ORIENTED_EDGE('',*,*,#1321,.T.);
#1791=ORIENTED_EDGE('',*,*,#1322,.F.);
#1792=ORIENTED_EDGE('',*,*,#1323,.F.);
#1793=ORIENTED_EDGE('',*,*,#1229,.T.);
#1794=ORIENTED_EDGE('',*,*,#1323,.T.);
#1795=ORIENTED_EDGE('',*,*,#1324,.F.);
#1796=ORIENTED_EDGE('',*,*,#1325,.F.);
#1797=ORIENTED_EDGE('',*,*,#1230,.T.);
#1798=ORIENTED_EDGE('',*,*,#1325,.T.);
#1799=ORIENTED_EDGE('',*,*,#1326,.F.);
#1800=ORIENTED_EDGE('',*,*,#1327,.F.);
#1801=ORIENTED_EDGE('',*,*,#1231,.T.);
#1802=ORIENTED_EDGE('',*,*,#1327,.T.);
#1803=ORIENTED_EDGE('',*,*,#1328,.F.);
#1804=ORIENTED_EDGE('',*,*,#1329,.F.);
#1805=ORIENTED_EDGE('',*,*,#1232,.T.);
#1806=ORIENTED_EDGE('',*,*,#1329,.T.);
#1807=ORIENTED_EDGE('',*,*,#1330,.F.);
#1808=ORIENTED_EDGE('',*,*,#1331,.F.);
#1809=ORIENTED_EDGE('',*,*,#1233,.T.);
#1810=ORIENTED_EDGE('',*,*,#1331,.T.);
#1811=ORIENTED_EDGE('',*,*,#1332,.F.);
#1812=ORIENTED_EDGE('',*,*,#1333,.F.);
#1813=ORIENTED_EDGE('',*,*,#1234,.T.);
#1814=ORIENTED_EDGE('',*,*,#1333,.T.);
#1815=ORIENTED_EDGE('',*,*,#1334,.F.);
#1816=ORIENTED_EDGE('',*,*,#1335,.F.);
#1817=ORIENTED_EDGE('',*,*,#1235,.T.);
#1818=ORIENTED_EDGE('',*,*,#1335,.T.);
#1819=ORIENTED_EDGE('',*,*,#1336,.F.);
#1820=ORIENTED_EDGE('',*,*,#1337,.F.);
#1821=ORIENTED_EDGE('',*,*,#1236,.T.);
#1822=ORIENTED_EDGE('',*,*,#1337,.T.);
#1823=ORIENTED_EDGE('',*,*,#1338,.F.);
#1824=ORIENTED_EDGE('',*,*,#1339,.F.);
#1825=ORIENTED_EDGE('',*,*,#1237,.T.);
#1826=ORIENTED_EDGE('',*,*,#1339,.T.);
#1827=ORIENTED_EDGE('',*,*,#1340,.F.);
#1828=ORIENTED_EDGE('',*,*,#1341,.F.);
#1829=ORIENTED_EDGE('',*,*,#1238,.T.);
#1830=ORIENTED_EDGE('',*,*,#1341,.T.);
#1831=ORIENTED_EDGE('',*,*,#1342,.F.);
#1832=ORIENTED_EDGE('',*,*,#1343,.F.);
#1833=ORIENTED_EDGE('',*,*,#1239,.T.);
#1834=ORIENTED_EDGE('',*,*,#1343,.T.);
#1835=ORIENTED_EDGE('',*,*,#1344,.F.);
#1836=ORIENTED_EDGE('',*,*,#1345,.F.);
#1837=ORIENTED_EDGE('',*,*,#1240,.T.);
#1838=ORIENTED_EDGE('',*,*,#1345,.T.);
#1839=ORIENTED_EDGE('',*,*,#1346,.F.);
#1840=ORIENTED_EDGE('',*,*,#1347,.F.);
#1841=ORIENTED_EDGE('',*,*,#1241,.T.);
#1842=ORIENTED_EDGE('',*,*,#1347,.T.);
#1843=ORIENTED_EDGE('',*,*,#1348,.F.);
#1844=ORIENTED_EDGE('',*,*,#1349,.F.);
#1845=ORIENTED_EDGE('',*,*,#1242,.T.);
#1846=ORIENTED_EDGE('',*,*,#1349,.T.);
#1847=ORIENTED_EDGE('',*,*,#1350,.F.);
#1848=ORIENTED_EDGE('',*,*,#1351,.F.);
#1849=ORIENTED_EDGE('',*,*,#1243,.T.);
#1850=ORIENTED_EDGE('',*,*,#1351,.T.);
#1851=ORIENTED_EDGE('',*,*,#1352,.F.);
#1852=ORIENTED_EDGE('',*,*,#1353,.F.);
#1853=ORIENTED_EDGE('',*,*,#1244,.T.);
#1854=ORIENTED_EDGE('',*,*,#1353,.T.);
#1855=ORIENTED_EDGE('',*,*,#1354,.F.);
#1856=ORIENTED_EDGE('',*,*,#1355,.F.);
#1857=ORIENTED_EDGE('',*,*,#1245,.T.);
#1858=ORIENTED_EDGE('',*,*,#1355,.T.);
#1859=ORIENTED_EDGE('',*,*,#1356,.F.);
#1860=ORIENTED_EDGE('',*,*,#1357,.F.);
#1861=ORIENTED_EDGE('',*,*,#1246,.T.);
#1862=ORIENTED_EDGE('',*,*,#1357,.T.);
#1863=ORIENTED_EDGE('',*,*,#1358,.F.);
#1864=ORIENTED_EDGE('',*,*,#1259,.F.);
#1865=ORIENTED_EDGE('',*,*,#1359,.F.);
#1866=ORIENTED_EDGE('',*,*,#1247,.T.);
#1867=ORIENTED_EDGE('',*,*,#1359,.T.);
#1868=ORIENTED_EDGE('',*,*,#1258,.F.);
#1869=ORIENTED_EDGE('',*,*,#1291,.F.);
#1870=ORIENTED_EDGE('',*,*,#1360,.F.);
#1871=ORIENTED_EDGE('',*,*,#1248,.T.);
#1872=ORIENTED_EDGE('',*,*,#1360,.T.);
#1873=ORIENTED_EDGE('',*,*,#1290,.F.);
#1874=ORIENTED_EDGE('',*,*,#1361,.F.);
#1875=ORIENTED_EDGE('',*,*,#1249,.T.);
#1876=ORIENTED_EDGE('',*,*,#1361,.T.);
#1877=ORIENTED_EDGE('',*,*,#1289,.F.);
#1878=ORIENTED_EDGE('',*,*,#1362,.F.);
#1879=ORIENTED_EDGE('',*,*,#1250,.T.);
#1880=ORIENTED_EDGE('',*,*,#1362,.T.);
#1881=ORIENTED_EDGE('',*,*,#1288,.F.);
#1882=ORIENTED_EDGE('',*,*,#1363,.F.);
#1883=ORIENTED_EDGE('',*,*,#1251,.T.);
#1884=ORIENTED_EDGE('',*,*,#1363,.T.);
#1885=ORIENTED_EDGE('',*,*,#1287,.F.);
#1886=ORIENTED_EDGE('',*,*,#1364,.F.);
#1887=ORIENTED_EDGE('',*,*,#1252,.T.);
#1888=ORIENTED_EDGE('',*,*,#1364,.T.);
#1889=ORIENTED_EDGE('',*,*,#1286,.F.);
#1890=ORIENTED_EDGE('',*,*,#1292,.F.);
#1891=ORIENTED_EDGE('',*,*,#1272,.T.);
#1892=ORIENTED_EDGE('',*,*,#1297,.T.);
#1893=ORIENTED_EDGE('',*,*,#1295,.T.);
#1894=ORIENTED_EDGE('',*,*,#1270,.T.);
#1895=ORIENTED_EDGE('',*,*,#1276,.T.);
#1896=ORIENTED_EDGE('',*,*,#1358,.T.);
#1897=ORIENTED_EDGE('',*,*,#1356,.T.);
#1898=ORIENTED_EDGE('',*,*,#1354,.T.);
#1899=ORIENTED_EDGE('',*,*,#1352,.T.);
#1900=ORIENTED_EDGE('',*,*,#1350,.T.);
#1901=ORIENTED_EDGE('',*,*,#1348,.T.);
#1902=ORIENTED_EDGE('',*,*,#1346,.T.);
#1903=ORIENTED_EDGE('',*,*,#1344,.T.);
#1904=ORIENTED_EDGE('',*,*,#1342,.T.);
#1905=ORIENTED_EDGE('',*,*,#1340,.T.);
#1906=ORIENTED_EDGE('',*,*,#1338,.T.);
#1907=ORIENTED_EDGE('',*,*,#1336,.T.);
#1908=ORIENTED_EDGE('',*,*,#1334,.T.);
#1909=ORIENTED_EDGE('',*,*,#1332,.T.);
#1910=ORIENTED_EDGE('',*,*,#1330,.T.);
#1911=ORIENTED_EDGE('',*,*,#1328,.T.);
#1912=ORIENTED_EDGE('',*,*,#1326,.T.);
#1913=ORIENTED_EDGE('',*,*,#1324,.T.);
#1914=ORIENTED_EDGE('',*,*,#1322,.T.);
#1915=ORIENTED_EDGE('',*,*,#1320,.T.);
#1916=ORIENTED_EDGE('',*,*,#1318,.T.);
#1917=ORIENTED_EDGE('',*,*,#1316,.T.);
#1918=ORIENTED_EDGE('',*,*,#1314,.T.);
#1919=ORIENTED_EDGE('',*,*,#1312,.T.);
#1920=ORIENTED_EDGE('',*,*,#1310,.T.);
#1921=ORIENTED_EDGE('',*,*,#1308,.T.);
#1922=ORIENTED_EDGE('',*,*,#1306,.T.);
#1923=ORIENTED_EDGE('',*,*,#1304,.T.);
#1924=ORIENTED_EDGE('',*,*,#1302,.T.);
#1925=ORIENTED_EDGE('',*,*,#1300,.T.);
#1926=ORIENTED_EDGE('',*,*,#1365,.T.);
#1927=ORIENTED_EDGE('',*,*,#1254,.T.);
#1928=ORIENTED_EDGE('',*,*,#1365,.F.);
#1929=ORIENTED_EDGE('',*,*,#1366,.F.);
#1930=ORIENTED_EDGE('',*,*,#1366,.T.);
#1931=CYLINDRICAL_SURFACE('',#2080,0.4);
#1932=CYLINDRICAL_SURFACE('',#2085,0.225);
#1933=CYLINDRICAL_SURFACE('',#2087,0.4);
#1934=CYLINDRICAL_SURFACE('',#2092,0.225);
#1935=CYLINDRICAL_SURFACE('',#2094,0.55);
#1936=CYLINDRICAL_SURFACE('',#2099,0.55);
#1937=CYLINDRICAL_SURFACE('',#2104,0.55);
#1938=CYLINDRICAL_SURFACE('',#2112,0.55);
#1939=CYLINDRICAL_SURFACE('',#2127,0.33);
#1940=CYLINDRICAL_SURFACE('',#2130,0.33);
#1941=CYLINDRICAL_SURFACE('',#2133,0.33);
#1942=CYLINDRICAL_SURFACE('',#2136,0.33);
#1943=CYLINDRICAL_SURFACE('',#2139,0.28);
#1944=CYLINDRICAL_SURFACE('',#2142,0.28);
#1945=CYLINDRICAL_SURFACE('',#2151,0.4);
#1946=CYLINDRICAL_SURFACE('',#2155,0.4);
#1947=CYLINDRICAL_SURFACE('',#2159,0.4);
#1948=CYLINDRICAL_SURFACE('',#2163,0.4);
#1949=CYLINDRICAL_SURFACE('',#2175,0.95);
#1950=ADVANCED_FACE('',(#137),#1931,.F.);
#1951=ADVANCED_FACE('',(#138,#21),#43,.F.);
#1952=ADVANCED_FACE('',(#139),#1932,.F.);
#1953=ADVANCED_FACE('',(#140),#1933,.F.);
#1954=ADVANCED_FACE('',(#141,#22),#44,.F.);
#1955=ADVANCED_FACE('',(#142),#1934,.F.);
#1956=ADVANCED_FACE('',(#143),#1935,.F.);
#1957=ADVANCED_FACE('',(#144,#23),#45,.F.);
#1958=ADVANCED_FACE('',(#145),#1936,.F.);
#1959=ADVANCED_FACE('',(#146,#24),#46,.F.);
#1960=ADVANCED_FACE('',(#147),#1937,.F.);
#1961=ADVANCED_FACE('',(#148,#25),#47,.F.);
#1962=ADVANCED_FACE('',(#149),#48,.F.);
#1963=ADVANCED_FACE('',(#150),#1938,.F.);
#1964=ADVANCED_FACE('',(#151,#26),#49,.F.);
#1965=ADVANCED_FACE('',(#152),#50,.T.);
#1966=ADVANCED_FACE('',(#153),#51,.T.);
#1967=ADVANCED_FACE('',(#154),#52,.F.);
#1968=ADVANCED_FACE('',(#155,#27,#28),#53,.F.);
#1969=ADVANCED_FACE('',(#156,#29,#30,#31),#54,.F.);
#1970=ADVANCED_FACE('',(#157),#55,.F.);
#1971=ADVANCED_FACE('',(#158),#56,.F.);
#1972=ADVANCED_FACE('',(#159),#57,.F.);
#1973=ADVANCED_FACE('',(#160,#32,#33),#58,.F.);
#1974=ADVANCED_FACE('',(#161),#59,.F.);
#1975=ADVANCED_FACE('',(#162),#1939,.F.);
#1976=ADVANCED_FACE('',(#163),#60,.F.);
#1977=ADVANCED_FACE('',(#164),#1940,.F.);
#1978=ADVANCED_FACE('',(#165),#61,.F.);
#1979=ADVANCED_FACE('',(#166),#1941,.F.);
#1980=ADVANCED_FACE('',(#167),#62,.F.);
#1981=ADVANCED_FACE('',(#168),#1942,.F.);
#1982=ADVANCED_FACE('',(#169),#63,.F.);
#1983=ADVANCED_FACE('',(#170),#1943,.F.);
#1984=ADVANCED_FACE('',(#171),#1944,.F.);
#1985=ADVANCED_FACE('',(#172),#64,.T.);
#1986=ADVANCED_FACE('',(#173),#65,.F.);
#1987=ADVANCED_FACE('',(#174,#34,#35),#66,.F.);
#1988=ADVANCED_FACE('',(#175),#67,.F.);
#1989=ADVANCED_FACE('',(#176,#36,#37),#68,.F.);
#1990=ADVANCED_FACE('',(#177),#69,.F.);
#1991=ADVANCED_FACE('',(#178),#1945,.F.);
#1992=ADVANCED_FACE('',(#179),#70,.F.);
#1993=ADVANCED_FACE('',(#180),#1946,.F.);
#1994=ADVANCED_FACE('',(#181),#71,.F.);
#1995=ADVANCED_FACE('',(#182),#1947,.F.);
#1996=ADVANCED_FACE('',(#183),#72,.F.);
#1997=ADVANCED_FACE('',(#184),#1948,.F.);
#1998=ADVANCED_FACE('',(#185),#73,.F.);
#1999=ADVANCED_FACE('',(#186),#74,.T.);
#2000=ADVANCED_FACE('',(#187),#75,.T.);
#2001=ADVANCED_FACE('',(#188),#76,.T.);
#2002=ADVANCED_FACE('',(#189),#77,.T.);
#2003=ADVANCED_FACE('',(#190),#1949,.T.);
#2004=ADVANCED_FACE('',(#191),#78,.T.);
#2005=ADVANCED_FACE('',(#192),#79,.T.);
#2006=ADVANCED_FACE('',(#193),#80,.T.);
#2007=ADVANCED_FACE('',(#194),#81,.F.);
#2008=ADVANCED_FACE('',(#195,#38),#82,.F.);
#2009=ADVANCED_FACE('',(#196),#83,.F.);
#2010=ADVANCED_FACE('',(#197),#84,.F.);
#2011=ADVANCED_FACE('',(#198),#85,.F.);
#2012=ADVANCED_FACE('',(#199),#86,.T.);
#2013=ADVANCED_FACE('',(#200),#87,.T.);
#2014=ADVANCED_FACE('',(#201),#88,.T.);
#2015=ADVANCED_FACE('',(#202),#89,.T.);
#2016=ADVANCED_FACE('',(#203,#39,#40,#41,#42),#90,.T.);
#2017=ADVANCED_FACE('',(#204),#91,.F.);
#2018=ADVANCED_FACE('',(#205),#92,.T.);
#2019=ADVANCED_FACE('',(#206),#93,.T.);
#2020=ADVANCED_FACE('',(#207),#94,.T.);
#2021=ADVANCED_FACE('',(#208),#95,.T.);
#2022=ADVANCED_FACE('',(#209),#96,.T.);
#2023=ADVANCED_FACE('',(#210),#97,.T.);
#2024=ADVANCED_FACE('',(#211),#98,.T.);
#2025=ADVANCED_FACE('',(#212),#99,.T.);
#2026=ADVANCED_FACE('',(#213),#100,.T.);
#2027=ADVANCED_FACE('',(#214),#101,.T.);
#2028=ADVANCED_FACE('',(#215),#102,.T.);
#2029=ADVANCED_FACE('',(#216),#103,.T.);
#2030=ADVANCED_FACE('',(#217),#104,.T.);
#2031=ADVANCED_FACE('',(#218),#105,.T.);
#2032=ADVANCED_FACE('',(#219),#106,.T.);
#2033=ADVANCED_FACE('',(#220),#107,.T.);
#2034=ADVANCED_FACE('',(#221),#108,.T.);
#2035=ADVANCED_FACE('',(#222),#109,.T.);
#2036=ADVANCED_FACE('',(#223),#110,.T.);
#2037=ADVANCED_FACE('',(#224),#111,.T.);
#2038=ADVANCED_FACE('',(#225),#112,.T.);
#2039=ADVANCED_FACE('',(#226),#113,.T.);
#2040=ADVANCED_FACE('',(#227),#114,.T.);
#2041=ADVANCED_FACE('',(#228),#115,.T.);
#2042=ADVANCED_FACE('',(#229),#116,.T.);
#2043=ADVANCED_FACE('',(#230),#117,.T.);
#2044=ADVANCED_FACE('',(#231),#118,.T.);
#2045=ADVANCED_FACE('',(#232),#119,.T.);
#2046=ADVANCED_FACE('',(#233),#120,.T.);
#2047=ADVANCED_FACE('',(#234),#121,.T.);
#2048=ADVANCED_FACE('',(#235),#122,.T.);
#2049=ADVANCED_FACE('',(#236),#123,.T.);
#2050=ADVANCED_FACE('',(#237),#124,.T.);
#2051=ADVANCED_FACE('',(#238),#125,.T.);
#2052=ADVANCED_FACE('',(#239),#126,.T.);
#2053=ADVANCED_FACE('',(#240),#127,.T.);
#2054=ADVANCED_FACE('',(#241),#128,.T.);
#2055=ADVANCED_FACE('',(#242),#129,.T.);
#2056=ADVANCED_FACE('',(#243),#130,.T.);
#2057=ADVANCED_FACE('',(#244),#131,.T.);
#2058=ADVANCED_FACE('',(#245),#132,.T.);
#2059=ADVANCED_FACE('',(#246),#133,.T.);
#2060=ADVANCED_FACE('',(#247),#134,.T.);
#2061=ADVANCED_FACE('',(#248),#135,.T.);
#2062=ADVANCED_FACE('',(#249),#14,.T.);
#2063=ADVANCED_FACE('',(#250),#136,.T.);
#2064=CLOSED_SHELL('',(#1950,#1951,#1952,#1953,#1954,#1955,#1956,#1957,
#1958,#1959,#1960,#1961,#1962,#1963,#1964,#1965,#1966,#1967,#1968,#1969,
#1970,#1971,#1972,#1973,#1974,#1975,#1976,#1977,#1978,#1979,#1980,#1981,
#1982));
#2065=CLOSED_SHELL('',(#1983,#1984,#1985,#1986,#1987,#1988,#1989,#1990));
#2066=CLOSED_SHELL('',(#1991,#1992,#1993,#1994,#1995,#1996,#1997,#1998,
#1999,#2000,#2001,#2002,#2003,#2004,#2005,#2006,#2007,#2008,#2009,#2010,
#2011,#2012,#2013,#2014,#2015,#2016,#2017,#2018,#2019,#2020,#2021,#2022,
#2023,#2024,#2025,#2026,#2027,#2028,#2029,#2030,#2031,#2032,#2033,#2034,
#2035,#2036,#2037,#2038,#2039,#2040,#2041,#2042,#2043,#2044,#2045,#2046,
#2047,#2048,#2049,#2050,#2051,#2052,#2053,#2054,#2055,#2056,#2057,#2058,
#2059,#2060,#2061,#2062,#2063));
#2067=DERIVED_UNIT_ELEMENT(#2069,1.);
#2068=DERIVED_UNIT_ELEMENT(#4588,-3.);
#2069=(
MASS_UNIT()
NAMED_UNIT(*)
SI_UNIT(.KILO.,.GRAM.)
);
#2070=DERIVED_UNIT((#2067,#2068));
#2071=MEASURE_REPRESENTATION_ITEM('density measure',
POSITIVE_RATIO_MEASURE(7850.),#2070);
#2072=PROPERTY_DEFINITION_REPRESENTATION(#2077,#2074);
#2073=PROPERTY_DEFINITION_REPRESENTATION(#2078,#2075);
#2074=REPRESENTATION('material name',(#2076),#4585);
#2075=REPRESENTATION('density',(#2071),#4585);
#2076=DESCRIPTIVE_REPRESENTATION_ITEM('Steel','Steel');
#2077=PROPERTY_DEFINITION('material property','material name',#4595);
#2078=PROPERTY_DEFINITION('material property','density of part',#4595);
#2079=AXIS2_PLACEMENT_3D('',#2802,#2243,#2244);
#2080=AXIS2_PLACEMENT_3D('',#2803,#2245,#2246);
#2081=AXIS2_PLACEMENT_3D('',#2805,#2247,#2248);
#2082=AXIS2_PLACEMENT_3D('',#2808,#2250,#2251);
#2083=AXIS2_PLACEMENT_3D('',#2809,#2252,#2253);
#2084=AXIS2_PLACEMENT_3D('',#2811,#2254,#2255);
#2085=AXIS2_PLACEMENT_3D('',#2812,#2256,#2257);
#2086=AXIS2_PLACEMENT_3D('',#2815,#2259,#2260);
#2087=AXIS2_PLACEMENT_3D('',#2816,#2261,#2262);
#2088=AXIS2_PLACEMENT_3D('',#2818,#2263,#2264);
#2089=AXIS2_PLACEMENT_3D('',#2821,#2266,#2267);
#2090=AXIS2_PLACEMENT_3D('',#2822,#2268,#2269);
#2091=AXIS2_PLACEMENT_3D('',#2824,#2270,#2271);
#2092=AXIS2_PLACEMENT_3D('',#2825,#2272,#2273);
#2093=AXIS2_PLACEMENT_3D('',#2828,#2275,#2276);
#2094=AXIS2_PLACEMENT_3D('',#2829,#2277,#2278);
#2095=AXIS2_PLACEMENT_3D('',#2831,#2279,#2280);
#2096=AXIS2_PLACEMENT_3D('',#2834,#2282,#2283);
#2097=AXIS2_PLACEMENT_3D('',#2835,#2284,#2285);
#2098=AXIS2_PLACEMENT_3D('',#2837,#2286,#2287);
#2099=AXIS2_PLACEMENT_3D('',#2838,#2288,#2289);
#2100=AXIS2_PLACEMENT_3D('',#2840,#2290,#2291);
#2101=AXIS2_PLACEMENT_3D('',#2843,#2293,#2294);
#2102=AXIS2_PLACEMENT_3D('',#2844,#2295,#2296);
#2103=AXIS2_PLACEMENT_3D('',#2846,#2297,#2298);
#2104=AXIS2_PLACEMENT_3D('',#2847,#2299,#2300);
#2105=AXIS2_PLACEMENT_3D('',#2849,#2301,#2302);
#2106=AXIS2_PLACEMENT_3D('',#2852,#2304,#2305);
#2107=AXIS2_PLACEMENT_3D('',#2853,#2306,#2307);
#2108=AXIS2_PLACEMENT_3D('',#2855,#2308,#2309);
#2109=AXIS2_PLACEMENT_3D('',#2856,#2310,#2311);
#2110=AXIS2_PLACEMENT_3D('',#2861,#2313,#2314);
#2111=AXIS2_PLACEMENT_3D('',#2862,#2315,#2316);
#2112=AXIS2_PLACEMENT_3D('',#2863,#2317,#2318);
#2113=AXIS2_PLACEMENT_3D('',#2865,#2319,#2320);
#2114=AXIS2_PLACEMENT_3D('',#2870,#2323,#2324);
#2115=AXIS2_PLACEMENT_3D('',#2872,#2326,#2327);
#2116=AXIS2_PLACEMENT_3D('',#2874,#2328,#2329);
#2117=AXIS2_PLACEMENT_3D('',#2875,#2330,#2331);
#2118=AXIS2_PLACEMENT_3D('',#2885,#2337,#2338);
#2119=AXIS2_PLACEMENT_3D('',#2894,#2343,#2344);
#2120=AXIS2_PLACEMENT_3D('',#2903,#2349,#2350);
#2121=AXIS2_PLACEMENT_3D('',#2906,#2353,#2354);
#2122=AXIS2_PLACEMENT_3D('',#2914,#2360,#2361);
#2123=AXIS2_PLACEMENT_3D('',#2915,#2362,#2363);
#2124=AXIS2_PLACEMENT_3D('',#2921,#2367,#2368);
#2125=AXIS2_PLACEMENT_3D('',#2923,#2370,#2371);
#2126=AXIS2_PLACEMENT_3D('',#2925,#2373,#2374);
#2127=AXIS2_PLACEMENT_3D('',#2926,#2375,#2376);
#2128=AXIS2_PLACEMENT_3D('',#2929,#2378,#2379);
#2129=AXIS2_PLACEMENT_3D('',#2930,#2380,#2381);
#2130=AXIS2_PLACEMENT_3D('',#2931,#2382,#2383);
#2131=AXIS2_PLACEMENT_3D('',#2934,#2385,#2386);
#2132=AXIS2_PLACEMENT_3D('',#2935,#2387,#2388);
#2133=AXIS2_PLACEMENT_3D('',#2936,#2389,#2390);
#2134=AXIS2_PLACEMENT_3D('',#2939,#2392,#2393);
#2135=AXIS2_PLACEMENT_3D('',#2940,#2394,#2395);
#2136=AXIS2_PLACEMENT_3D('',#2941,#2396,#2397);
#2137=AXIS2_PLACEMENT_3D('',#2944,#2399,#2400);
#2138=AXIS2_PLACEMENT_3D('',#2945,#2401,#2402);
#2139=AXIS2_PLACEMENT_3D('',#2946,#2403,#2404);
#2140=AXIS2_PLACEMENT_3D('',#2948,#2405,#2406);
#2141=AXIS2_PLACEMENT_3D('',#2951,#2408,#2409);
#2142=AXIS2_PLACEMENT_3D('',#2952,#2410,#2411);
#2143=AXIS2_PLACEMENT_3D('',#2954,#2412,#2413);
#2144=AXIS2_PLACEMENT_3D('',#2957,#2415,#2416);
#2145=AXIS2_PLACEMENT_3D('',#2958,#2417,#2418);
#2146=AXIS2_PLACEMENT_3D('',#2967,#2423,#2424);
#2147=AXIS2_PLACEMENT_3D('',#2976,#2429,#2430);
#2148=AXIS2_PLACEMENT_3D('',#2979,#2433,#2434);
#2149=AXIS2_PLACEMENT_3D('',#2981,#2436,#2437);
#2150=AXIS2_PLACEMENT_3D('',#2983,#2439,#2440);
#2151=AXIS2_PLACEMENT_3D('',#2984,#2441,#2442);
#2152=AXIS2_PLACEMENT_3D('',#2986,#2443,#2444);
#2153=AXIS2_PLACEMENT_3D('',#2989,#2446,#2447);
#2154=AXIS2_PLACEMENT_3D('',#2990,#2448,#2449);
#2155=AXIS2_PLACEMENT_3D('',#2991,#2450,#2451);
#2156=AXIS2_PLACEMENT_3D('',#2993,#2452,#2453);
#2157=AXIS2_PLACEMENT_3D('',#2996,#2455,#2456);
#2158=AXIS2_PLACEMENT_3D('',#2997,#2457,#2458);
#2159=AXIS2_PLACEMENT_3D('',#2998,#2459,#2460);
#2160=AXIS2_PLACEMENT_3D('',#3000,#2461,#2462);
#2161=AXIS2_PLACEMENT_3D('',#3003,#2464,#2465);
#2162=AXIS2_PLACEMENT_3D('',#3004,#2466,#2467);
#2163=AXIS2_PLACEMENT_3D('',#3005,#2468,#2469);
#2164=AXIS2_PLACEMENT_3D('',#3007,#2470,#2471);
#2165=AXIS2_PLACEMENT_3D('',#3010,#2473,#2474);
#2166=AXIS2_PLACEMENT_3D('',#3011,#2475,#2476);
#2167=AXIS2_PLACEMENT_3D('',#3012,#2477,#2478);
#2168=AXIS2_PLACEMENT_3D('',#3018,#2481,#2482);
#2169=AXIS2_PLACEMENT_3D('',#3019,#2483,#2484);
#2170=AXIS2_PLACEMENT_3D('',#3023,#2486,#2487);
#2171=AXIS2_PLACEMENT_3D('',#3024,#2488,#2489);
#2172=AXIS2_PLACEMENT_3D('',#3028,#2491,#2492);
#2173=AXIS2_PLACEMENT_3D('',#3029,#2493,#2494);
#2174=AXIS2_PLACEMENT_3D('',#3033,#2496,#2497);
#2175=AXIS2_PLACEMENT_3D('',#3034,#2498,#2499);
#2176=AXIS2_PLACEMENT_3D('',#3040,#2502,#2503);
#2177=AXIS2_PLACEMENT_3D('',#3045,#2506,#2507);
#2178=AXIS2_PLACEMENT_3D('',#3048,#2509,#2510);
#2179=AXIS2_PLACEMENT_3D('',#3050,#2511,#2512);
#2180=AXIS2_PLACEMENT_3D('',#3055,#2515,#2516);
#2181=AXIS2_PLACEMENT_3D('',#3059,#2519,#2520);
#2182=AXIS2_PLACEMENT_3D('',#3060,#2521,#2522);
#2183=AXIS2_PLACEMENT_3D('',#3061,#2523,#2524);
#2184=AXIS2_PLACEMENT_3D('',#3071,#2530,#2531);
#2185=AXIS2_PLACEMENT_3D('',#3078,#2536,#2537);
#2186=AXIS2_PLACEMENT_3D('',#3079,#2538,#2539);
#2187=AXIS2_PLACEMENT_3D('',#3160,#2580,#2581);
#2188=AXIS2_PLACEMENT_3D('',#3161,#2582,#2583);
#2189=AXIS2_PLACEMENT_3D('',#3165,#2586,#2587);
#2190=AXIS2_PLACEMENT_3D('',#3167,#2589,#2590);
#2191=AXIS2_PLACEMENT_3D('',#3178,#2596,#2597);
#2192=AXIS2_PLACEMENT_3D('',#3184,#2601,#2602);
#2193=AXIS2_PLACEMENT_3D('',#3192,#2607,#2608);
#2194=AXIS2_PLACEMENT_3D('',#3204,#2615,#2616);
#2195=AXIS2_PLACEMENT_3D('',#3207,#2619,#2620);
#2196=AXIS2_PLACEMENT_3D('',#3208,#2621,#2622);
#2197=AXIS2_PLACEMENT_3D('',#3219,#2629,#2630);
#2198=AXIS2_PLACEMENT_3D('',#3234,#2639,#2640);
#2199=AXIS2_PLACEMENT_3D('',#3236,#2642,#2643);
#2200=AXIS2_PLACEMENT_3D('',#3238,#2645,#2646);
#2201=AXIS2_PLACEMENT_3D('',#3240,#2648,#2649);
#2202=AXIS2_PLACEMENT_3D('',#3244,#2652,#2653);
#2203=AXIS2_PLACEMENT_3D('',#3247,#2656,#2657);
#2204=AXIS2_PLACEMENT_3D('',#3249,#2659,#2660);
#2205=AXIS2_PLACEMENT_3D('',#3253,#2663,#2664);
#2206=AXIS2_PLACEMENT_3D('',#3257,#2667,#2668);
#2207=AXIS2_PLACEMENT_3D('',#3261,#2671,#2672);
#2208=AXIS2_PLACEMENT_3D('',#3265,#2675,#2676);
#2209=AXIS2_PLACEMENT_3D('',#3269,#2679,#2680);
#2210=AXIS2_PLACEMENT_3D('',#3273,#2683,#2684);
#2211=AXIS2_PLACEMENT_3D('',#3277,#2687,#2688);
#2212=AXIS2_PLACEMENT_3D('',#3281,#2691,#2692);
#2213=AXIS2_PLACEMENT_3D('',#3285,#2695,#2696);
#2214=AXIS2_PLACEMENT_3D('',#3289,#2699,#2700);
#2215=AXIS2_PLACEMENT_3D('',#3293,#2703,#2704);
#2216=AXIS2_PLACEMENT_3D('',#3297,#2707,#2708);
#2217=AXIS2_PLACEMENT_3D('',#3301,#2711,#2712);
#2218=AXIS2_PLACEMENT_3D('',#3305,#2715,#2716);
#2219=AXIS2_PLACEMENT_3D('',#3309,#2719,#2720);
#2220=AXIS2_PLACEMENT_3D('',#3313,#2723,#2724);
#2221=AXIS2_PLACEMENT_3D('',#3317,#2727,#2728);
#2222=AXIS2_PLACEMENT_3D('',#3321,#2731,#2732);
#2223=AXIS2_PLACEMENT_3D('',#3325,#2735,#2736);
#2224=AXIS2_PLACEMENT_3D('',#3329,#2739,#2740);
#2225=AXIS2_PLACEMENT_3D('',#3333,#2743,#2744);
#2226=AXIS2_PLACEMENT_3D('',#3337,#2747,#2748);
#2227=AXIS2_PLACEMENT_3D('',#3341,#2751,#2752);
#2228=AXIS2_PLACEMENT_3D('',#3345,#2755,#2756);
#2229=AXIS2_PLACEMENT_3D('',#3349,#2759,#2760);
#2230=AXIS2_PLACEMENT_3D('',#3353,#2763,#2764);
#2231=AXIS2_PLACEMENT_3D('',#3357,#2767,#2768);
#2232=AXIS2_PLACEMENT_3D('',#3361,#2771,#2772);
#2233=AXIS2_PLACEMENT_3D('',#3365,#2775,#2776);
#2234=AXIS2_PLACEMENT_3D('',#3368,#2779,#2780);
#2235=AXIS2_PLACEMENT_3D('',#3370,#2782,#2783);
#2236=AXIS2_PLACEMENT_3D('',#3372,#2785,#2786);
#2237=AXIS2_PLACEMENT_3D('',#3374,#2788,#2789);
#2238=AXIS2_PLACEMENT_3D('',#3376,#2791,#2792);
#2239=AXIS2_PLACEMENT_3D('',#3378,#2794,#2795);
#2240=AXIS2_PLACEMENT_3D('',#3379,#2796,#2797);
#2241=AXIS2_PLACEMENT_3D('',#4581,#2798,#2799);
#2242=AXIS2_PLACEMENT_3D('',#4582,#2800,#2801);
#2243=DIRECTION('axis',(0.,0.,1.));
#2244=DIRECTION('refdir',(1.,0.,0.));
#2245=DIRECTION('center_axis',(0.,1.,0.));
#2246=DIRECTION('ref_axis',(1.,0.,0.));
#2247=DIRECTION('center_axis',(0.,1.,0.));
#2248=DIRECTION('ref_axis',(1.,0.,0.));
#2249=DIRECTION('',(0.,1.,0.));
#2250=DIRECTION('center_axis',(0.,1.,0.));
#2251=DIRECTION('ref_axis',(1.,0.,0.));
#2252=DIRECTION('center_axis',(0.,1.,0.));
#2253=DIRECTION('ref_axis',(1.,0.,0.));
#2254=DIRECTION('center_axis',(0.,-1.,0.));
#2255=DIRECTION('ref_axis',(1.,0.,0.));
#2256=DIRECTION('center_axis',(0.,1.,0.));
#2257=DIRECTION('ref_axis',(1.,0.,0.));
#2258=DIRECTION('',(0.,1.,0.));
#2259=DIRECTION('center_axis',(0.,-1.,0.));
#2260=DIRECTION('ref_axis',(1.,0.,0.));
#2261=DIRECTION('center_axis',(0.,1.,0.));
#2262=DIRECTION('ref_axis',(1.,0.,0.));
#2263=DIRECTION('center_axis',(0.,1.,0.));
#2264=DIRECTION('ref_axis',(1.,0.,0.));
#2265=DIRECTION('',(0.,1.,0.));
#2266=DIRECTION('center_axis',(0.,1.,0.));
#2267=DIRECTION('ref_axis',(1.,0.,0.));
#2268=DIRECTION('center_axis',(0.,1.,0.));
#2269=DIRECTION('ref_axis',(1.,0.,0.));
#2270=DIRECTION('center_axis',(0.,-1.,0.));
#2271=DIRECTION('ref_axis',(1.,0.,0.));
#2272=DIRECTION('center_axis',(0.,1.,0.));
#2273=DIRECTION('ref_axis',(1.,0.,0.));
#2274=DIRECTION('',(0.,1.,0.));
#2275=DIRECTION('center_axis',(0.,-1.,0.));
#2276=DIRECTION('ref_axis',(1.,0.,0.));
#2277=DIRECTION('center_axis',(0.,1.,0.));
#2278=DIRECTION('ref_axis',(1.,0.,0.));
#2279=DIRECTION('center_axis',(0.,-1.,0.));
#2280=DIRECTION('ref_axis',(1.,0.,0.));
#2281=DIRECTION('',(0.,1.,0.));
#2282=DIRECTION('center_axis',(0.,-1.,0.));
#2283=DIRECTION('ref_axis',(1.,0.,0.));
#2284=DIRECTION('center_axis',(0.,-1.,0.));
#2285=DIRECTION('ref_axis',(-1.,0.,0.));
#2286=DIRECTION('center_axis',(0.,1.,0.));
#2287=DIRECTION('ref_axis',(1.,0.,0.));
#2288=DIRECTION('center_axis',(0.,1.,0.));
#2289=DIRECTION('ref_axis',(1.,0.,0.));
#2290=DIRECTION('center_axis',(0.,-1.,0.));
#2291=DIRECTION('ref_axis',(1.,0.,0.));
#2292=DIRECTION('',(0.,1.,0.));
#2293=DIRECTION('center_axis',(0.,-1.,0.));
#2294=DIRECTION('ref_axis',(1.,0.,0.));
#2295=DIRECTION('center_axis',(0.,-1.,0.));
#2296=DIRECTION('ref_axis',(-1.,0.,0.));
#2297=DIRECTION('center_axis',(0.,1.,0.));
#2298=DIRECTION('ref_axis',(1.,0.,0.));
#2299=DIRECTION('center_axis',(0.,1.,0.));
#2300=DIRECTION('ref_axis',(1.,0.,0.));
#2301=DIRECTION('center_axis',(0.,-1.,0.));
#2302=DIRECTION('ref_axis',(1.,0.,0.));
#2303=DIRECTION('',(0.,1.,0.));
#2304=DIRECTION('center_axis',(0.,-1.,0.));
#2305=DIRECTION('ref_axis',(1.,0.,0.));
#2306=DIRECTION('center_axis',(0.,-1.,0.));
#2307=DIRECTION('ref_axis',(-1.,0.,0.));
#2308=DIRECTION('center_axis',(0.,1.,0.));
#2309=DIRECTION('ref_axis',(1.,0.,0.));
#2310=DIRECTION('center_axis',(0.,1.,0.));
#2311=DIRECTION('ref_axis',(1.,0.,0.));
#2312=DIRECTION('',(1.,0.,0.));
#2313=DIRECTION('center_axis',(0.,1.,0.));
#2314=DIRECTION('ref_axis',(1.,0.,0.));
#2315=DIRECTION('center_axis',(0.,1.,0.));
#2316=DIRECTION('ref_axis',(1.,0.,0.));
#2317=DIRECTION('center_axis',(0.,1.,0.));
#2318=DIRECTION('ref_axis',(1.,0.,0.));
#2319=DIRECTION('center_axis',(0.,-1.,0.));
#2320=DIRECTION('ref_axis',(1.,0.,0.));
#2321=DIRECTION('',(0.,1.,0.));
#2322=DIRECTION('',(0.,1.,0.));
#2323=DIRECTION('center_axis',(0.,-1.,0.));
#2324=DIRECTION('ref_axis',(1.,0.,0.));
#2325=DIRECTION('',(0.,-1.,0.));
#2326=DIRECTION('center_axis',(0.,-1.,0.));
#2327=DIRECTION('ref_axis',(-1.,0.,0.));
#2328=DIRECTION('center_axis',(0.,1.,0.));
#2329=DIRECTION('ref_axis',(1.,0.,0.));
#2330=DIRECTION('center_axis',(0.,0.,1.));
#2331=DIRECTION('ref_axis',(1.,0.,0.));
#2332=DIRECTION('',(1.,0.,0.));
#2333=DIRECTION('',(0.,1.,0.));
#2334=DIRECTION('',(-1.,0.,0.));
#2335=DIRECTION('',(0.,-1.,0.));
#2336=DIRECTION('',(1.,0.,0.));
#2337=DIRECTION('center_axis',(0.,0.,1.));
#2338=DIRECTION('ref_axis',(1.,0.,0.));
#2339=DIRECTION('',(0.,1.,0.));
#2340=DIRECTION('',(-1.,0.,0.));
#2341=DIRECTION('',(0.,-1.,0.));
#2342=DIRECTION('',(1.,0.,0.));
#2343=DIRECTION('center_axis',(0.,0.,1.));
#2344=DIRECTION('ref_axis',(1.,0.,0.));
#2345=DIRECTION('',(0.,-1.,0.));
#2346=DIRECTION('',(-1.,0.,0.));
#2347=DIRECTION('',(0.,1.,0.));
#2348=DIRECTION('',(1.,0.,0.));
#2349=DIRECTION('center_axis',(0.,1.,0.));
#2350=DIRECTION('ref_axis',(0.,0.,1.));
#2351=DIRECTION('',(0.,0.,-1.));
#2352=DIRECTION('',(0.,0.,-1.));
#2353=DIRECTION('center_axis',(0.,-1.,0.));
#2354=DIRECTION('ref_axis',(0.,0.,-1.));
#2355=DIRECTION('',(0.,0.,-1.));
#2356=DIRECTION('',(0.,0.,-1.));
#2357=DIRECTION('',(0.,0.,-1.));
#2358=DIRECTION('',(-1.,0.,0.));
#2359=DIRECTION('',(0.,0.,-1.));
#2360=DIRECTION('center_axis',(-1.,0.,0.));
#2361=DIRECTION('ref_axis',(0.,0.,1.));
#2362=DIRECTION('center_axis',(0.,0.,1.));
#2363=DIRECTION('ref_axis',(1.,0.,0.));
#2364=DIRECTION('',(0.,-1.,0.));
#2365=DIRECTION('',(0.,1.,0.));
#2366=DIRECTION('',(1.,0.,0.));
#2367=DIRECTION('center_axis',(1.,0.,0.));
#2368=DIRECTION('ref_axis',(0.,0.,-1.));
#2369=DIRECTION('',(0.,0.,-1.));
#2370=DIRECTION('center_axis',(0.,-1.,0.));
#2371=DIRECTION('ref_axis',(0.,0.,-1.));
#2372=DIRECTION('',(0.,0.,-1.));
#2373=DIRECTION('center_axis',(-1.,0.,0.));
#2374=DIRECTION('ref_axis',(0.,0.,1.));
#2375=DIRECTION('center_axis',(0.,-1.,0.));
#2376=DIRECTION('ref_axis',(1.,0.,0.));
#2377=DIRECTION('',(0.,-1.,0.));
#2378=DIRECTION('center_axis',(0.,-1.,0.));
#2379=DIRECTION('ref_axis',(1.,0.,0.));
#2380=DIRECTION('center_axis',(0.,-1.,0.));
#2381=DIRECTION('ref_axis',(1.,0.,0.));
#2382=DIRECTION('center_axis',(0.,-1.,0.));
#2383=DIRECTION('ref_axis',(1.,0.,0.));
#2384=DIRECTION('',(0.,-1.,0.));
#2385=DIRECTION('center_axis',(0.,-1.,0.));
#2386=DIRECTION('ref_axis',(1.,0.,0.));
#2387=DIRECTION('center_axis',(0.,-1.,0.));
#2388=DIRECTION('ref_axis',(1.,0.,0.));
#2389=DIRECTION('center_axis',(0.,-1.,0.));
#2390=DIRECTION('ref_axis',(1.,0.,0.));
#2391=DIRECTION('',(0.,-1.,0.));
#2392=DIRECTION('center_axis',(0.,-1.,0.));
#2393=DIRECTION('ref_axis',(1.,0.,0.));
#2394=DIRECTION('center_axis',(0.,-1.,0.));
#2395=DIRECTION('ref_axis',(1.,0.,0.));
#2396=DIRECTION('center_axis',(0.,-1.,0.));
#2397=DIRECTION('ref_axis',(1.,0.,0.));
#2398=DIRECTION('',(0.,-1.,0.));
#2399=DIRECTION('center_axis',(0.,-1.,0.));
#2400=DIRECTION('ref_axis',(1.,0.,0.));
#2401=DIRECTION('center_axis',(0.,-1.,0.));
#2402=DIRECTION('ref_axis',(1.,0.,0.));
#2403=DIRECTION('center_axis',(0.,1.,0.));
#2404=DIRECTION('ref_axis',(1.,0.,0.));
#2405=DIRECTION('center_axis',(0.,1.,0.));
#2406=DIRECTION('ref_axis',(1.,0.,0.));
#2407=DIRECTION('',(0.,1.,0.));
#2408=DIRECTION('center_axis',(0.,-1.,0.));
#2409=DIRECTION('ref_axis',(1.,0.,0.));
#2410=DIRECTION('center_axis',(0.,1.,0.));
#2411=DIRECTION('ref_axis',(1.,0.,0.));
#2412=DIRECTION('center_axis',(0.,1.,0.));
#2413=DIRECTION('ref_axis',(1.,0.,0.));
#2414=DIRECTION('',(0.,1.,0.));
#2415=DIRECTION('center_axis',(0.,-1.,0.));
#2416=DIRECTION('ref_axis',(1.,0.,0.));
#2417=DIRECTION('center_axis',(0.,0.,1.));
#2418=DIRECTION('ref_axis',(1.,0.,0.));
#2419=DIRECTION('',(0.,1.,0.));
#2420=DIRECTION('',(-1.,0.,0.));
#2421=DIRECTION('',(0.,-1.,0.));
#2422=DIRECTION('',(1.,0.,0.));
#2423=DIRECTION('center_axis',(0.,0.,1.));
#2424=DIRECTION('ref_axis',(1.,0.,0.));
#2425=DIRECTION('',(0.,-1.,0.));
#2426=DIRECTION('',(-1.,0.,0.));
#2427=DIRECTION('',(0.,1.,0.));
#2428=DIRECTION('',(1.,0.,0.));
#2429=DIRECTION('center_axis',(0.,1.,0.));
#2430=DIRECTION('ref_axis',(0.,0.,1.));
#2431=DIRECTION('',(0.,0.,-1.));
#2432=DIRECTION('',(0.,0.,-1.));
#2433=DIRECTION('center_axis',(1.,0.,0.));
#2434=DIRECTION('ref_axis',(0.,0.,-1.));
#2435=DIRECTION('',(0.,0.,-1.));
#2436=DIRECTION('center_axis',(0.,-1.,0.));
#2437=DIRECTION('ref_axis',(0.,0.,-1.));
#2438=DIRECTION('',(0.,0.,-1.));
#2439=DIRECTION('center_axis',(-1.,0.,0.));
#2440=DIRECTION('ref_axis',(0.,0.,1.));
#2441=DIRECTION('center_axis',(0.,-1.,0.));
#2442=DIRECTION('ref_axis',(1.,0.,0.));
#2443=DIRECTION('center_axis',(0.,-1.,0.));
#2444=DIRECTION('ref_axis',(1.,0.,0.));
#2445=DIRECTION('',(0.,-1.,0.));
#2446=DIRECTION('center_axis',(0.,-1.,0.));
#2447=DIRECTION('ref_axis',(1.,0.,0.));
#2448=DIRECTION('center_axis',(0.,-1.,0.));
#2449=DIRECTION('ref_axis',(1.,0.,0.));
#2450=DIRECTION('center_axis',(0.,-1.,0.));
#2451=DIRECTION('ref_axis',(1.,0.,0.));
#2452=DIRECTION('center_axis',(0.,-1.,0.));
#2453=DIRECTION('ref_axis',(1.,0.,0.));
#2454=DIRECTION('',(0.,-1.,0.));
#2455=DIRECTION('center_axis',(0.,-1.,0.));
#2456=DIRECTION('ref_axis',(1.,0.,0.));
#2457=DIRECTION('center_axis',(0.,-1.,0.));
#2458=DIRECTION('ref_axis',(1.,0.,0.));
#2459=DIRECTION('center_axis',(0.,-1.,0.));
#2460=DIRECTION('ref_axis',(1.,0.,0.));
#2461=DIRECTION('center_axis',(0.,-1.,0.));
#2462=DIRECTION('ref_axis',(1.,0.,0.));
#2463=DIRECTION('',(0.,-1.,0.));
#2464=DIRECTION('center_axis',(0.,-1.,0.));
#2465=DIRECTION('ref_axis',(1.,0.,0.));
#2466=DIRECTION('center_axis',(0.,-1.,0.));
#2467=DIRECTION('ref_axis',(1.,0.,0.));
#2468=DIRECTION('center_axis',(0.,-1.,0.));
#2469=DIRECTION('ref_axis',(1.,0.,0.));
#2470=DIRECTION('center_axis',(0.,-1.,0.));
#2471=DIRECTION('ref_axis',(1.,0.,0.));
#2472=DIRECTION('',(0.,-1.,0.));
#2473=DIRECTION('center_axis',(0.,-1.,0.));
#2474=DIRECTION('ref_axis',(1.,0.,0.));
#2475=DIRECTION('center_axis',(0.,-1.,0.));
#2476=DIRECTION('ref_axis',(1.,0.,0.));
#2477=DIRECTION('center_axis',(0.,1.,0.));
#2478=DIRECTION('ref_axis',(1.,0.,0.));
#2479=DIRECTION('',(-0.231620527306035,0.,-0.972806214685368));
#2480=DIRECTION('',(-0.7954317200325,0.,-0.606043215262855));
#2481=DIRECTION('center_axis',(0.,1.,0.));
#2482=DIRECTION('ref_axis',(1.,0.,0.));
#2483=DIRECTION('center_axis',(0.,1.,0.));
#2484=DIRECTION('ref_axis',(1.,0.,0.));
#2485=DIRECTION('',(-1.,0.,0.));
#2486=DIRECTION('center_axis',(0.,1.,0.));
#2487=DIRECTION('ref_axis',(1.,0.,0.));
#2488=DIRECTION('center_axis',(0.,1.,0.));
#2489=DIRECTION('ref_axis',(1.,0.,0.));
#2490=DIRECTION('',(-0.91281825189492,0.,-0.408366060058255));
#2491=DIRECTION('center_axis',(0.,1.,0.));
#2492=DIRECTION('ref_axis',(1.,0.,0.));
#2493=DIRECTION('center_axis',(0.,1.,0.));
#2494=DIRECTION('ref_axis',(1.,0.,0.));
#2495=DIRECTION('',(-0.663614598558536,0.,-0.748074638375071));
#2496=DIRECTION('center_axis',(0.,1.,0.));
#2497=DIRECTION('ref_axis',(1.,0.,0.));
#2498=DIRECTION('center_axis',(0.,1.,0.));
#2499=DIRECTION('ref_axis',(1.,0.,0.));
#2500=DIRECTION('',(0.,-1.,0.));
#2501=DIRECTION('',(0.,1.,0.));
#2502=DIRECTION('center_axis',(0.,1.,0.));
#2503=DIRECTION('ref_axis',(1.,0.,0.));
#2504=DIRECTION('',(0.,-1.,0.));
#2505=DIRECTION('',(0.,1.,0.));
#2506=DIRECTION('center_axis',(0.,1.,0.));
#2507=DIRECTION('ref_axis',(1.,0.,0.));
#2508=DIRECTION('',(0.,-1.,0.));
#2509=DIRECTION('center_axis',(0.,-1.,0.));
#2510=DIRECTION('ref_axis',(1.,0.,0.));
#2511=DIRECTION('center_axis',(0.,1.,0.));
#2512=DIRECTION('ref_axis',(1.,0.,0.));
#2513=DIRECTION('',(0.,-1.,0.));
#2514=DIRECTION('',(0.,1.,0.));
#2515=DIRECTION('center_axis',(0.,1.,0.));
#2516=DIRECTION('ref_axis',(1.,0.,0.));
#2517=DIRECTION('',(0.,-1.,0.));
#2518=DIRECTION('',(0.,1.,0.));
#2519=DIRECTION('center_axis',(0.,1.,0.));
#2520=DIRECTION('ref_axis',(1.,0.,0.));
#2521=DIRECTION('center_axis',(0.,-1.,0.));
#2522=DIRECTION('ref_axis',(-1.,0.,0.));
#2523=DIRECTION('center_axis',(0.408366060058255,0.,-0.91281825189492));
#2524=DIRECTION('ref_axis',(-0.91281825189492,0.,-0.408366060058255));
#2525=DIRECTION('',(-0.91281825189492,0.,-0.408366060058255));
#2526=DIRECTION('',(0.,1.,0.));
#2527=DIRECTION('',(-0.91281825189492,0.,-0.408366060058255));
#2528=DIRECTION('',(0.,1.,0.));
#2529=DIRECTION('',(-0.91281825189492,0.,-0.408366060058255));
#2530=DIRECTION('center_axis',(0.,0.,-1.));
#2531=DIRECTION('ref_axis',(-1.,0.,0.));
#2532=DIRECTION('',(-1.,0.,0.));
#2533=DIRECTION('',(0.,1.,0.));
#2534=DIRECTION('',(-1.,0.,0.));
#2535=DIRECTION('',(-1.,0.,0.));
#2536=DIRECTION('center_axis',(0.,1.,0.));
#2537=DIRECTION('ref_axis',(1.,0.,0.));
#2538=DIRECTION('center_axis',(0.,1.,0.));
#2539=DIRECTION('ref_axis',(1.,0.,0.));
#2540=DIRECTION('',(-0.7954317200325,0.,-0.606043215262855));
#2541=DIRECTION('',(0.42394010604864,0.,0.905690226558434));
#2542=DIRECTION('',(0.,0.,1.));
#2543=DIRECTION('',(-0.42394010604864,0.,0.905690226558434));
#2544=DIRECTION('',(-0.87250601594972,0.,0.488603368931844));
#2545=DIRECTION('',(-0.977176363922801,0.,0.212429644331043));
#2546=DIRECTION('',(-0.975132855791459,0.,-0.221621103588969));
#2547=DIRECTION('',(-0.624695047554425,0.,-0.78086880944303));
#2548=DIRECTION('',(0.,0.,-1.));
#2549=DIRECTION('',(0.605521832483264,0.,-0.795828694120858));
#2550=DIRECTION('',(0.897448694974291,0.,-0.441118850072112));
#2551=DIRECTION('',(0.984427575508482,0.,0.175790638483657));
#2552=DIRECTION('',(-0.755993195642133,0.,-0.654579474275505));
#2553=DIRECTION('',(-0.344817462679614,0.,-0.938669759516729));
#2554=DIRECTION('',(0.25598513769326,0.,-0.966680717341648));
#2555=DIRECTION('',(0.119145220618428,0.,-0.992876838486922));
#2556=DIRECTION('',(0.,0.,-1.));
#2557=DIRECTION('',(-0.234142934332762,0.,-0.972202183859944));
#2558=DIRECTION('',(0.0948090926280016,0.,-0.995495472593952));
#2559=DIRECTION('',(0.442549118130964,0.,-0.896744265686437));
#2560=DIRECTION('',(0.633927954885421,0.,-0.773392104960212));
#2561=DIRECTION('',(0.90350184151431,0.,-0.428584206872173));
#2562=DIRECTION('',(0.989461064134103,0.,-0.144799180117185));
#2563=DIRECTION('',(0.989949493661167,0.,0.141421356237309));
#2564=DIRECTION('',(0.874893208030359,0.,0.484315883016805));
#2565=DIRECTION('',(0.735698222836801,0.,0.677309474992616));
#2566=DIRECTION('',(0.434299185660016,0.,0.900768681368889));
#2567=DIRECTION('',(0.16284540911877,0.,0.986651596425476));
#2568=DIRECTION('',(-0.113546591160735,0.,0.993532672656404));
#2569=DIRECTION('',(0.0842068979034433,0.,0.996448291857374));
#2570=DIRECTION('',(0.222824801502146,0.,0.974858506571866));
#2571=DIRECTION('',(0.372558276829066,0.,0.928008798646951));
#2572=DIRECTION('',(0.474472072839963,0.,0.880270556189942));
#2573=DIRECTION('',(0.598730412679243,0.,0.800950618286136));
#2574=DIRECTION('',(0.,0.,1.));
#2575=DIRECTION('',(-0.328011688970412,0.,0.944673664234786));
#2576=DIRECTION('',(-0.76928896282899,0.,0.638901003027462));
#2577=DIRECTION('',(-0.985096770841201,0.,0.172001023480208));
#2578=DIRECTION('',(-0.971456878881321,0.,-0.237216214610556));
#2579=DIRECTION('',(-0.796162194123102,0.,-0.605083267533558));
#2580=DIRECTION('center_axis',(0.,-1.,0.));
#2581=DIRECTION('ref_axis',(1.,0.,0.));
#2582=DIRECTION('center_axis',(0.,1.,0.));
#2583=DIRECTION('ref_axis',(1.,0.,0.));
#2584=DIRECTION('',(-0.663614598558536,0.,-0.748074638375071));
#2585=DIRECTION('',(-0.231620527306035,0.,-0.972806214685368));
#2586=DIRECTION('center_axis',(0.,1.,0.));
#2587=DIRECTION('ref_axis',(1.,0.,0.));
#2588=DIRECTION('',(-0.663614598558536,0.,-0.748074638375071));
#2589=DIRECTION('center_axis',(0.,1.,0.));
#2590=DIRECTION('ref_axis',(1.,0.,0.));
#2591=DIRECTION('',(0.598730412679243,0.,0.800950618286136));
#2592=DIRECTION('',(0.474472072839963,0.,0.880270556189942));
#2593=DIRECTION('',(1.,0.,0.));
#2594=DIRECTION('',(0.,0.,1.));
#2595=DIRECTION('',(-1.,0.,0.));
#2596=DIRECTION('center_axis',(-1.,0.,0.));
#2597=DIRECTION('ref_axis',(0.,0.,1.));
#2598=DIRECTION('',(0.,1.,0.));
#2599=DIRECTION('',(0.,0.,1.));
#2600=DIRECTION('',(0.,1.,0.));
#2601=DIRECTION('center_axis',(0.,0.,-1.));
#2602=DIRECTION('ref_axis',(-1.,0.,0.));
#2603=DIRECTION('',(-1.,0.,0.));
#2604=DIRECTION('',(1.,0.,0.));
#2605=DIRECTION('',(-1.,0.,0.));
#2606=DIRECTION('',(0.,1.,0.));
#2607=DIRECTION('center_axis',(1.,0.,0.));
#2608=DIRECTION('ref_axis',(0.,0.,-1.));
#2609=DIRECTION('',(0.,0.,1.));
#2610=DIRECTION('',(0.,0.,-1.));
#2611=DIRECTION('',(0.,0.,1.));
#2612=DIRECTION('',(0.,0.,-1.));
#2613=DIRECTION('',(0.,0.,-1.));
#2614=DIRECTION('',(0.,1.,0.));
#2615=DIRECTION('center_axis',(0.,0.,1.));
#2616=DIRECTION('ref_axis',(1.,0.,0.));
#2617=DIRECTION('',(-1.,0.,0.));
#2618=DIRECTION('',(1.,0.,0.));
#2619=DIRECTION('center_axis',(0.,1.,0.));
#2620=DIRECTION('ref_axis',(0.,0.,1.));
#2621=DIRECTION('center_axis',(0.,1.,0.));
#2622=DIRECTION('ref_axis',(1.,0.,0.));
#2623=DIRECTION('',(0.42394010604864,0.,0.905690226558434));
#2624=DIRECTION('',(-0.7954317200325,0.,-0.606043215262855));
#2625=DIRECTION('',(-0.231620527306035,0.,-0.972806214685368));
#2626=DIRECTION('',(-0.663614598558536,0.,-0.748074638375071));
#2627=DIRECTION('',(-0.42394010604864,0.,0.905690226558434));
#2628=DIRECTION('',(0.,0.,1.));
#2629=DIRECTION('center_axis',(0.,1.,0.));
#2630=DIRECTION('ref_axis',(0.,0.,1.));
#2631=DIRECTION('',(-0.663614598558536,0.,-0.748074638375071));
#2632=DIRECTION('',(-0.796162194123102,0.,-0.605083267533558));
#2633=DIRECTION('',(-0.971456878881321,0.,-0.237216214610556));
#2634=DIRECTION('',(-0.985096770841201,0.,0.172001023480208));
#2635=DIRECTION('',(-0.76928896282899,0.,0.638901003027462));
#2636=DIRECTION('',(-0.328011688970412,0.,0.944673664234786));
#2637=DIRECTION('',(0.,0.,1.));
#2638=DIRECTION('',(0.598730412679243,0.,0.800950618286136));
#2639=DIRECTION('center_axis',(0.605083267533558,0.,-0.796162194123102));
#2640=DIRECTION('ref_axis',(-0.796162194123102,0.,-0.605083267533558));
#2641=DIRECTION('',(0.,1.,0.));
#2642=DIRECTION('center_axis',(0.748074638375071,0.,-0.663614598558536));
#2643=DIRECTION('ref_axis',(-0.663614598558536,0.,-0.748074638375071));
#2644=DIRECTION('',(0.,1.,0.));
#2645=DIRECTION('center_axis',(0.972806214685368,0.,-0.231620527306035));
#2646=DIRECTION('ref_axis',(-0.231620527306035,0.,-0.972806214685368));
#2647=DIRECTION('',(0.,1.,0.));
#2648=DIRECTION('center_axis',(0.606043215262855,0.,-0.7954317200325));
#2649=DIRECTION('ref_axis',(-0.7954317200325,0.,-0.606043215262855));
#2650=DIRECTION('',(-0.7954317200325,0.,-0.606043215262855));
#2651=DIRECTION('',(0.,1.,0.));
#2652=DIRECTION('center_axis',(-0.905690226558434,0.,0.42394010604864));
#2653=DIRECTION('ref_axis',(0.42394010604864,0.,0.905690226558434));
#2654=DIRECTION('',(0.42394010604864,0.,0.905690226558434));
#2655=DIRECTION('',(0.,1.,0.));
#2656=DIRECTION('center_axis',(-1.,0.,0.));
#2657=DIRECTION('ref_axis',(0.,0.,1.));
#2658=DIRECTION('',(0.,1.,0.));
#2659=DIRECTION('center_axis',(-0.905690226558434,0.,-0.42394010604864));
#2660=DIRECTION('ref_axis',(-0.42394010604864,0.,0.905690226558434));
#2661=DIRECTION('',(-0.42394010604864,0.,0.905690226558434));
#2662=DIRECTION('',(0.,1.,0.));
#2663=DIRECTION('center_axis',(-0.488603368931844,0.,-0.87250601594972));
#2664=DIRECTION('ref_axis',(-0.87250601594972,0.,0.488603368931844));
#2665=DIRECTION('',(-0.87250601594972,0.,0.488603368931844));
#2666=DIRECTION('',(0.,1.,0.));
#2667=DIRECTION('center_axis',(-0.212429644331043,0.,-0.977176363922801));
#2668=DIRECTION('ref_axis',(-0.977176363922801,0.,0.212429644331043));
#2669=DIRECTION('',(-0.977176363922801,0.,0.212429644331043));
#2670=DIRECTION('',(0.,1.,0.));
#2671=DIRECTION('center_axis',(0.221621103588969,0.,-0.975132855791459));
#2672=DIRECTION('ref_axis',(-0.975132855791459,0.,-0.221621103588969));
#2673=DIRECTION('',(-0.975132855791459,0.,-0.221621103588969));
#2674=DIRECTION('',(0.,1.,0.));
#2675=DIRECTION('center_axis',(0.78086880944303,0.,-0.624695047554425));
#2676=DIRECTION('ref_axis',(-0.624695047554425,0.,-0.78086880944303));
#2677=DIRECTION('',(-0.624695047554425,0.,-0.78086880944303));
#2678=DIRECTION('',(0.,1.,0.));
#2679=DIRECTION('center_axis',(1.,0.,0.));
#2680=DIRECTION('ref_axis',(0.,0.,-1.));
#2681=DIRECTION('',(0.,0.,-1.));
#2682=DIRECTION('',(0.,1.,0.));
#2683=DIRECTION('center_axis',(0.795828694120858,0.,0.605521832483264));
#2684=DIRECTION('ref_axis',(0.605521832483264,0.,-0.795828694120858));
#2685=DIRECTION('',(0.605521832483264,0.,-0.795828694120858));
#2686=DIRECTION('',(0.,1.,0.));
#2687=DIRECTION('center_axis',(0.441118850072112,0.,0.897448694974291));
#2688=DIRECTION('ref_axis',(0.897448694974291,0.,-0.441118850072112));
#2689=DIRECTION('',(0.897448694974291,0.,-0.441118850072112));
#2690=DIRECTION('',(0.,1.,0.));
#2691=DIRECTION('center_axis',(-0.175790638483657,0.,0.984427575508482));
#2692=DIRECTION('ref_axis',(0.984427575508482,0.,0.175790638483657));
#2693=DIRECTION('',(0.984427575508482,0.,0.175790638483657));
#2694=DIRECTION('',(0.,1.,0.));
#2695=DIRECTION('center_axis',(0.654579474275505,0.,-0.755993195642133));
#2696=DIRECTION('ref_axis',(-0.755993195642133,0.,-0.654579474275505));
#2697=DIRECTION('',(-0.755993195642133,0.,-0.654579474275505));
#2698=DIRECTION('',(0.,1.,0.));
#2699=DIRECTION('center_axis',(0.938669759516729,0.,-0.344817462679614));
#2700=DIRECTION('ref_axis',(-0.344817462679614,0.,-0.938669759516729));
#2701=DIRECTION('',(-0.344817462679614,0.,-0.938669759516729));
#2702=DIRECTION('',(0.,1.,0.));
#2703=DIRECTION('center_axis',(0.966680717341648,0.,0.25598513769326));
#2704=DIRECTION('ref_axis',(0.25598513769326,0.,-0.966680717341648));
#2705=DIRECTION('',(0.25598513769326,0.,-0.966680717341648));
#2706=DIRECTION('',(0.,1.,0.));
#2707=DIRECTION('center_axis',(0.992876838486922,0.,0.119145220618428));
#2708=DIRECTION('ref_axis',(0.119145220618428,0.,-0.992876838486922));
#2709=DIRECTION('',(0.119145220618428,0.,-0.992876838486922));
#2710=DIRECTION('',(0.,1.,0.));
#2711=DIRECTION('center_axis',(1.,0.,0.));
#2712=DIRECTION('ref_axis',(0.,0.,-1.));
#2713=DIRECTION('',(0.,0.,-1.));
#2714=DIRECTION('',(0.,1.,0.));
#2715=DIRECTION('center_axis',(0.972202183859944,0.,-0.234142934332762));
#2716=DIRECTION('ref_axis',(-0.234142934332762,0.,-0.972202183859944));
#2717=DIRECTION('',(-0.234142934332762,0.,-0.972202183859944));
#2718=DIRECTION('',(0.,1.,0.));
#2719=DIRECTION('center_axis',(0.995495472593952,0.,0.0948090926280016));
#2720=DIRECTION('ref_axis',(0.0948090926280016,0.,-0.995495472593952));
#2721=DIRECTION('',(0.0948090926280016,0.,-0.995495472593952));
#2722=DIRECTION('',(0.,1.,0.));
#2723=DIRECTION('center_axis',(0.896744265686437,0.,0.442549118130964));
#2724=DIRECTION('ref_axis',(0.442549118130964,0.,-0.896744265686437));
#2725=DIRECTION('',(0.442549118130964,0.,-0.896744265686437));
#2726=DIRECTION('',(0.,1.,0.));
#2727=DIRECTION('center_axis',(0.773392104960212,0.,0.633927954885421));
#2728=DIRECTION('ref_axis',(0.633927954885421,0.,-0.773392104960212));
#2729=DIRECTION('',(0.633927954885421,0.,-0.773392104960212));
#2730=DIRECTION('',(0.,1.,0.));
#2731=DIRECTION('center_axis',(0.428584206872173,0.,0.90350184151431));
#2732=DIRECTION('ref_axis',(0.90350184151431,0.,-0.428584206872173));
#2733=DIRECTION('',(0.90350184151431,0.,-0.428584206872173));
#2734=DIRECTION('',(0.,1.,0.));
#2735=DIRECTION('center_axis',(0.144799180117185,0.,0.989461064134103));
#2736=DIRECTION('ref_axis',(0.989461064134103,0.,-0.144799180117185));
#2737=DIRECTION('',(0.989461064134103,0.,-0.144799180117185));
#2738=DIRECTION('',(0.,1.,0.));
#2739=DIRECTION('center_axis',(-0.141421356237309,0.,0.989949493661167));
#2740=DIRECTION('ref_axis',(0.989949493661167,0.,0.141421356237309));
#2741=DIRECTION('',(0.989949493661167,0.,0.141421356237309));
#2742=DIRECTION('',(0.,1.,0.));
#2743=DIRECTION('center_axis',(-0.484315883016805,0.,0.874893208030359));
#2744=DIRECTION('ref_axis',(0.874893208030359,0.,0.484315883016805));
#2745=DIRECTION('',(0.874893208030359,0.,0.484315883016805));
#2746=DIRECTION('',(0.,1.,0.));
#2747=DIRECTION('center_axis',(-0.677309474992616,0.,0.735698222836801));
#2748=DIRECTION('ref_axis',(0.735698222836801,0.,0.677309474992616));
#2749=DIRECTION('',(0.735698222836801,0.,0.677309474992616));
#2750=DIRECTION('',(0.,1.,0.));
#2751=DIRECTION('center_axis',(-0.900768681368889,0.,0.434299185660016));
#2752=DIRECTION('ref_axis',(0.434299185660016,0.,0.900768681368889));
#2753=DIRECTION('',(0.434299185660016,0.,0.900768681368889));
#2754=DIRECTION('',(0.,1.,0.));
#2755=DIRECTION('center_axis',(-0.986651596425476,0.,0.16284540911877));
#2756=DIRECTION('ref_axis',(0.16284540911877,0.,0.986651596425476));
#2757=DIRECTION('',(0.16284540911877,0.,0.986651596425476));
#2758=DIRECTION('',(0.,1.,0.));
#2759=DIRECTION('center_axis',(-0.993532672656404,0.,-0.113546591160735));
#2760=DIRECTION('ref_axis',(-0.113546591160735,0.,0.993532672656404));
#2761=DIRECTION('',(-0.113546591160735,0.,0.993532672656404));
#2762=DIRECTION('',(0.,1.,0.));
#2763=DIRECTION('center_axis',(-0.996448291857374,0.,0.0842068979034433));
#2764=DIRECTION('ref_axis',(0.0842068979034433,0.,0.996448291857374));
#2765=DIRECTION('',(0.0842068979034433,0.,0.996448291857374));
#2766=DIRECTION('',(0.,1.,0.));
#2767=DIRECTION('center_axis',(-0.974858506571866,0.,0.222824801502146));
#2768=DIRECTION('ref_axis',(0.222824801502146,0.,0.974858506571866));
#2769=DIRECTION('',(0.222824801502146,0.,0.974858506571866));
#2770=DIRECTION('',(0.,1.,0.));
#2771=DIRECTION('center_axis',(-0.928008798646951,0.,0.372558276829066));
#2772=DIRECTION('ref_axis',(0.372558276829066,0.,0.928008798646951));
#2773=DIRECTION('',(0.372558276829066,0.,0.928008798646951));
#2774=DIRECTION('',(0.,1.,0.));
#2775=DIRECTION('center_axis',(-0.880270556189942,0.,0.474472072839963));
#2776=DIRECTION('ref_axis',(0.474472072839963,0.,0.880270556189942));
#2777=DIRECTION('',(0.474472072839963,0.,0.880270556189942));
#2778=DIRECTION('',(0.,1.,0.));
#2779=DIRECTION('center_axis',(-0.800950618286136,0.,0.598730412679243));
#2780=DIRECTION('ref_axis',(0.598730412679243,0.,0.800950618286136));
#2781=DIRECTION('',(0.,1.,0.));
#2782=DIRECTION('center_axis',(-1.,0.,0.));
#2783=DIRECTION('ref_axis',(0.,0.,1.));
#2784=DIRECTION('',(0.,1.,0.));
#2785=DIRECTION('center_axis',(-0.944673664234786,0.,-0.328011688970412));
#2786=DIRECTION('ref_axis',(-0.328011688970412,0.,0.944673664234786));
#2787=DIRECTION('',(0.,1.,0.));
#2788=DIRECTION('center_axis',(-0.638901003027462,0.,-0.76928896282899));
#2789=DIRECTION('ref_axis',(-0.76928896282899,0.,0.638901003027462));
#2790=DIRECTION('',(0.,1.,0.));
#2791=DIRECTION('center_axis',(-0.172001023480208,0.,-0.985096770841201));
#2792=DIRECTION('ref_axis',(-0.985096770841201,0.,0.172001023480208));
#2793=DIRECTION('',(0.,1.,0.));
#2794=DIRECTION('center_axis',(0.237216214610556,0.,-0.971456878881321));
#2795=DIRECTION('ref_axis',(-0.971456878881321,0.,-0.237216214610556));
#2796=DIRECTION('center_axis',(0.,1.,0.));
#2797=DIRECTION('ref_axis',(0.,0.,1.));
#2798=DIRECTION('center_axis',(0.,-1.,0.));
#2799=DIRECTION('ref_axis',(1.,0.,0.));
#2800=DIRECTION('center_axis',(0.,-1.,0.));
#2801=DIRECTION('ref_axis',(0.,0.,-1.));
#2802=CARTESIAN_POINT('',(0.,0.,0.));
#2803=CARTESIAN_POINT('Origin',(-36.,-3.605,-0.8));
#2804=CARTESIAN_POINT('',(-36.4,-3.8,-0.8));
#2805=CARTESIAN_POINT('Origin',(-36.,-3.8,-0.8));
#2806=CARTESIAN_POINT('',(-36.4,-3.4,-0.8));
#2807=CARTESIAN_POINT('',(-36.4,-3.605,-0.8));
#2808=CARTESIAN_POINT('Origin',(-36.,-3.4,-0.8));
#2809=CARTESIAN_POINT('Origin',(-36.,-3.4,-0.8));
#2810=CARTESIAN_POINT('',(-36.225,-3.4,-0.8));
#2811=CARTESIAN_POINT('Origin',(-36.,-3.4,-0.8));
#2812=CARTESIAN_POINT('Origin',(-36.,-3.045,-0.8));
#2813=CARTESIAN_POINT('',(-36.225,-2.2,-0.8));
#2814=CARTESIAN_POINT('',(-36.225,-3.045,-0.8));
#2815=CARTESIAN_POINT('Origin',(-36.,-2.2,-0.8));
#2816=CARTESIAN_POINT('Origin',(-37.8,-3.605,-0.8));
#2817=CARTESIAN_POINT('',(-38.2,-3.8,-0.8));
#2818=CARTESIAN_POINT('Origin',(-37.8,-3.8,-0.8));
#2819=CARTESIAN_POINT('',(-38.2,-3.4,-0.8));
#2820=CARTESIAN_POINT('',(-38.2,-3.605,-0.8));
#2821=CARTESIAN_POINT('Origin',(-37.8,-3.4,-0.8));
#2822=CARTESIAN_POINT('Origin',(-37.8,-3.4,-0.8));
#2823=CARTESIAN_POINT('',(-38.025,-3.4,-0.8));
#2824=CARTESIAN_POINT('Origin',(-37.8,-3.4,-0.8));
#2825=CARTESIAN_POINT('Origin',(-37.8,-3.045,-0.8));
#2826=CARTESIAN_POINT('',(-38.025,-2.2,-0.8));
#2827=CARTESIAN_POINT('',(-38.025,-3.045,-0.8));
#2828=CARTESIAN_POINT('Origin',(-37.8,-2.2,-0.8));
#2829=CARTESIAN_POINT('Origin',(-29.,-2.85,-0.5));
#2830=CARTESIAN_POINT('',(-29.55,-3.1,-0.5));
#2831=CARTESIAN_POINT('Origin',(-29.,-3.1,-0.5));
#2832=CARTESIAN_POINT('',(-29.55,-3.,-0.5));
#2833=CARTESIAN_POINT('',(-29.55,-2.85,-0.5));
#2834=CARTESIAN_POINT('Origin',(-29.,-3.,-0.5));
#2835=CARTESIAN_POINT('Origin',(-29.,-3.1,-0.5));
#2836=CARTESIAN_POINT('',(-29.33,-3.1,-0.5));
#2837=CARTESIAN_POINT('Origin',(-29.,-3.1,-0.5));
#2838=CARTESIAN_POINT('Origin',(-31.,-2.85,-0.5));
#2839=CARTESIAN_POINT('',(-31.55,-3.1,-0.5));
#2840=CARTESIAN_POINT('Origin',(-31.,-3.1,-0.5));
#2841=CARTESIAN_POINT('',(-31.55,-3.,-0.5));
#2842=CARTESIAN_POINT('',(-31.55,-2.85,-0.5));
#2843=CARTESIAN_POINT('Origin',(-31.,-3.,-0.5));
#2844=CARTESIAN_POINT('Origin',(-31.,-3.1,-0.5));
#2845=CARTESIAN_POINT('',(-31.33,-3.1,-0.5));
#2846=CARTESIAN_POINT('Origin',(-31.,-3.1,-0.5));
#2847=CARTESIAN_POINT('Origin',(-34.,-2.85,-0.5));
#2848=CARTESIAN_POINT('',(-34.55,-3.1,-0.5));
#2849=CARTESIAN_POINT('Origin',(-34.,-3.1,-0.5));
#2850=CARTESIAN_POINT('',(-34.55,-3.,-0.5));
#2851=CARTESIAN_POINT('',(-34.55,-2.85,-0.5));
#2852=CARTESIAN_POINT('Origin',(-34.,-3.,-0.5));
#2853=CARTESIAN_POINT('Origin',(-34.,-3.1,-0.5));
#2854=CARTESIAN_POINT('',(-34.33,-3.1,-0.5));
#2855=CARTESIAN_POINT('Origin',(-34.,-3.1,-0.5));
#2856=CARTESIAN_POINT('Origin',(-37.,-2.6,-0.5));
#2857=CARTESIAN_POINT('',(-37.5477225575052,-2.6,-0.45));
#2858=CARTESIAN_POINT('',(-36.4522774424948,-2.6,-0.45));
#2859=CARTESIAN_POINT('',(-36.95,-2.6,-0.45));
#2860=CARTESIAN_POINT('',(-37.55,-2.6,-0.5));
#2861=CARTESIAN_POINT('Origin',(-37.,-2.6,-0.5));
#2862=CARTESIAN_POINT('Origin',(-37.,-2.6,-0.5));
#2863=CARTESIAN_POINT('Origin',(-37.,-2.85,-0.5));
#2864=CARTESIAN_POINT('',(-37.55,-3.1,-0.5));
#2865=CARTESIAN_POINT('Origin',(-37.,-3.1,-0.5));
#2866=CARTESIAN_POINT('',(-37.55,-2.85,-0.5));
#2867=CARTESIAN_POINT('',(-37.5477225575052,-3.,-0.45));
#2868=CARTESIAN_POINT('',(-37.5477225575052,-2.85,-0.45));
#2869=CARTESIAN_POINT('',(-36.4522774424948,-3.,-0.45));
#2870=CARTESIAN_POINT('Origin',(-37.,-3.,-0.5));
#2871=CARTESIAN_POINT('',(-36.4522774424948,-2.85,-0.45));
#2872=CARTESIAN_POINT('Origin',(-37.,-3.1,-0.5));
#2873=CARTESIAN_POINT('',(-37.33,-3.1,-0.5));
#2874=CARTESIAN_POINT('Origin',(-37.,-3.1,-0.5));
#2875=CARTESIAN_POINT('Origin',(-36.9,-2.6,-0.45));
#2876=CARTESIAN_POINT('',(-35.2,-3.,-0.45));
#2877=CARTESIAN_POINT('',(-36.9,-3.,-0.45));
#2878=CARTESIAN_POINT('',(-35.2,-2.2,-0.45));
#2879=CARTESIAN_POINT('',(-35.2,-2.6,-0.45));
#2880=CARTESIAN_POINT('',(-38.6,-2.2,-0.45));
#2881=CARTESIAN_POINT('',(-36.9,-2.2,-0.45));
#2882=CARTESIAN_POINT('',(-38.6,-3.,-0.45));
#2883=CARTESIAN_POINT('',(-38.6,-2.6,-0.45));
#2884=CARTESIAN_POINT('',(-36.9,-3.,-0.45));
#2885=CARTESIAN_POINT('Origin',(-33.3,-3.4,0.3));
#2886=CARTESIAN_POINT('',(-28.,-3.8,0.3));
#2887=CARTESIAN_POINT('',(-28.,-3.,0.3));
#2888=CARTESIAN_POINT('',(-28.,-3.4,0.3));
#2889=CARTESIAN_POINT('',(-38.6,-3.,0.3));
#2890=CARTESIAN_POINT('',(-33.3,-3.,0.3));
#2891=CARTESIAN_POINT('',(-38.6,-3.8,0.3));
#2892=CARTESIAN_POINT('',(-38.6,-3.4,0.3));
#2893=CARTESIAN_POINT('',(-33.3,-3.8,0.3));
#2894=CARTESIAN_POINT('Origin',(-33.3,-3.4,-1.3));
#2895=CARTESIAN_POINT('',(-28.,-3.,-1.3));
#2896=CARTESIAN_POINT('',(-28.,-3.8,-1.3));
#2897=CARTESIAN_POINT('',(-28.,-3.4,-1.3));
#2898=CARTESIAN_POINT('',(-38.6,-3.8,-1.3));
#2899=CARTESIAN_POINT('',(-33.3,-3.8,-1.3));
#2900=CARTESIAN_POINT('',(-38.6,-3.,-1.3));
#2901=CARTESIAN_POINT('',(-38.6,-3.4,-1.3));
#2902=CARTESIAN_POINT('',(-33.3,-3.,-1.3));
#2903=CARTESIAN_POINT('Origin',(-33.3,-3.8,-0.5));
#2904=CARTESIAN_POINT('',(-38.6,-3.8,-0.5));
#2905=CARTESIAN_POINT('',(-28.,-3.8,-0.5));
#2906=CARTESIAN_POINT('Origin',(-33.3,-3.,-0.5));
#2907=CARTESIAN_POINT('',(-38.6,-3.,-0.5));
#2908=CARTESIAN_POINT('',(-28.,-3.,-0.5));
#2909=CARTESIAN_POINT('',(-38.6,-3.,-1.15));
#2910=CARTESIAN_POINT('',(-38.6,-3.,-0.5));
#2911=CARTESIAN_POINT('',(-35.2,-3.,-1.15));
#2912=CARTESIAN_POINT('',(-36.9,-3.,-1.15));
#2913=CARTESIAN_POINT('',(-35.2,-3.,-0.8));
#2914=CARTESIAN_POINT('Origin',(-28.,-3.4,-0.5));
#2915=CARTESIAN_POINT('Origin',(-36.9,-2.6,-1.15));
#2916=CARTESIAN_POINT('',(-35.2,-2.2,-1.15));
#2917=CARTESIAN_POINT('',(-35.2,-2.6,-1.15));
#2918=CARTESIAN_POINT('',(-38.6,-2.2,-1.15));
#2919=CARTESIAN_POINT('',(-38.6,-2.6,-1.15));
#2920=CARTESIAN_POINT('',(-36.9,-2.2,-1.15));
#2921=CARTESIAN_POINT('Origin',(-38.6,-2.6,-0.8));
#2922=CARTESIAN_POINT('',(-38.6,-2.2,-0.8));
#2923=CARTESIAN_POINT('Origin',(-36.9,-2.2,-0.8));
#2924=CARTESIAN_POINT('',(-35.2,-2.2,-0.8));
#2925=CARTESIAN_POINT('Origin',(-35.2,-2.6,-0.8));
#2926=CARTESIAN_POINT('Origin',(-37.,-3.4,-0.5));
#2927=CARTESIAN_POINT('',(-37.33,-3.7,-0.5));
#2928=CARTESIAN_POINT('',(-37.33,-3.4,-0.5));
#2929=CARTESIAN_POINT('Origin',(-37.,-3.7,-0.5));
#2930=CARTESIAN_POINT('Origin',(-37.,-3.7,-0.5));
#2931=CARTESIAN_POINT('Origin',(-34.,-3.4,-0.5));
#2932=CARTESIAN_POINT('',(-34.33,-3.7,-0.5));
#2933=CARTESIAN_POINT('',(-34.33,-3.4,-0.5));
#2934=CARTESIAN_POINT('Origin',(-34.,-3.7,-0.5));
#2935=CARTESIAN_POINT('Origin',(-34.,-3.7,-0.5));
#2936=CARTESIAN_POINT('Origin',(-31.,-3.4,-0.5));
#2937=CARTESIAN_POINT('',(-31.33,-3.7,-0.5));
#2938=CARTESIAN_POINT('',(-31.33,-3.4,-0.5));
#2939=CARTESIAN_POINT('Origin',(-31.,-3.7,-0.5));
#2940=CARTESIAN_POINT('Origin',(-31.,-3.7,-0.5));
#2941=CARTESIAN_POINT('Origin',(-29.,-3.4,-0.5));
#2942=CARTESIAN_POINT('',(-29.33,-3.7,-0.5));
#2943=CARTESIAN_POINT('',(-29.33,-3.4,-0.5));
#2944=CARTESIAN_POINT('Origin',(-29.,-3.7,-0.5));
#2945=CARTESIAN_POINT('Origin',(-29.,-3.7,-0.5));
#2946=CARTESIAN_POINT('Origin',(-36.,-1.755,-0.8));
#2947=CARTESIAN_POINT('',(-36.28,-2.2,-0.8));
#2948=CARTESIAN_POINT('Origin',(-36.,-2.2,-0.8));
#2949=CARTESIAN_POINT('',(-36.28,-1.4,-0.8));
#2950=CARTESIAN_POINT('',(-36.28,-1.755,-0.8));
#2951=CARTESIAN_POINT('Origin',(-36.,-1.4,-0.8));
#2952=CARTESIAN_POINT('Origin',(-37.8,-1.755,-0.8));
#2953=CARTESIAN_POINT('',(-38.08,-2.2,-0.8));
#2954=CARTESIAN_POINT('Origin',(-37.8,-2.2,-0.8));
#2955=CARTESIAN_POINT('',(-38.08,-1.4,-0.8));
#2956=CARTESIAN_POINT('',(-38.08,-1.755,-0.8));
#2957=CARTESIAN_POINT('Origin',(-37.8,-1.4,-0.8));
#2958=CARTESIAN_POINT('Origin',(-36.9,-1.8,0.));
#2959=CARTESIAN_POINT('',(-35.2,-2.2,0.));
#2960=CARTESIAN_POINT('',(-35.2,-1.4,0.));
#2961=CARTESIAN_POINT('',(-35.2,-1.8,0.));
#2962=CARTESIAN_POINT('',(-38.6,-1.4,0.));
#2963=CARTESIAN_POINT('',(-36.9,-1.4,0.));
#2964=CARTESIAN_POINT('',(-38.6,-2.2,0.));
#2965=CARTESIAN_POINT('',(-38.6,-1.8,0.));
#2966=CARTESIAN_POINT('',(-36.9,-2.2,0.));
#2967=CARTESIAN_POINT('Origin',(-36.9,-1.8,-1.6));
#2968=CARTESIAN_POINT('',(-35.2,-1.4,-1.6));
#2969=CARTESIAN_POINT('',(-35.2,-2.2,-1.6));
#2970=CARTESIAN_POINT('',(-35.2,-1.8,-1.6));
#2971=CARTESIAN_POINT('',(-38.6,-2.2,-1.6));
#2972=CARTESIAN_POINT('',(-36.9,-2.2,-1.6));
#2973=CARTESIAN_POINT('',(-38.6,-1.4,-1.6));
#2974=CARTESIAN_POINT('',(-38.6,-1.8,-1.6));
#2975=CARTESIAN_POINT('',(-36.9,-1.4,-1.6));
#2976=CARTESIAN_POINT('Origin',(-36.9,-2.2,-0.8));
#2977=CARTESIAN_POINT('',(-38.6,-2.2,-0.8));
#2978=CARTESIAN_POINT('',(-35.2,-2.2,-0.8));
#2979=CARTESIAN_POINT('Origin',(-38.6,-1.8,-0.8));
#2980=CARTESIAN_POINT('',(-38.6,-1.4,-0.8));
#2981=CARTESIAN_POINT('Origin',(-36.9,-1.4,-0.8));
#2982=CARTESIAN_POINT('',(-35.2,-1.4,-0.8));
#2983=CARTESIAN_POINT('Origin',(-35.2,-1.8,-0.8));
#2984=CARTESIAN_POINT('Origin',(-29.,-4.245,-0.5));
#2985=CARTESIAN_POINT('',(-29.4,-3.8,-0.5));
#2986=CARTESIAN_POINT('Origin',(-29.,-3.8,-0.5));
#2987=CARTESIAN_POINT('',(-29.4,-4.7,-0.5));
#2988=CARTESIAN_POINT('',(-29.4,-4.245,-0.5));
#2989=CARTESIAN_POINT('Origin',(-29.,-4.7,-0.5));
#2990=CARTESIAN_POINT('Origin',(-29.,-4.7,-0.5));
#2991=CARTESIAN_POINT('Origin',(-31.,-4.245,-0.5));
#2992=CARTESIAN_POINT('',(-31.4,-3.8,-0.5));
#2993=CARTESIAN_POINT('Origin',(-31.,-3.8,-0.5));
#2994=CARTESIAN_POINT('',(-31.4,-4.7,-0.5));
#2995=CARTESIAN_POINT('',(-31.4,-4.245,-0.5));
#2996=CARTESIAN_POINT('Origin',(-31.,-4.7,-0.5));
#2997=CARTESIAN_POINT('Origin',(-31.,-4.7,-0.5));
#2998=CARTESIAN_POINT('Origin',(-34.,-4.245,-0.5));
#2999=CARTESIAN_POINT('',(-34.4,-3.8,-0.5));
#3000=CARTESIAN_POINT('Origin',(-34.,-3.8,-0.5));
#3001=CARTESIAN_POINT('',(-34.4,-4.7,-0.5));
#3002=CARTESIAN_POINT('',(-34.4,-4.245,-0.5));
#3003=CARTESIAN_POINT('Origin',(-34.,-4.7,-0.5));
#3004=CARTESIAN_POINT('Origin',(-34.,-4.7,-0.5));
#3005=CARTESIAN_POINT('Origin',(-37.,-4.245,-0.5));
#3006=CARTESIAN_POINT('',(-37.4,-3.8,-0.5));
#3007=CARTESIAN_POINT('Origin',(-37.,-3.8,-0.5));
#3008=CARTESIAN_POINT('',(-37.4,-4.7,-0.5));
#3009=CARTESIAN_POINT('',(-37.4,-4.245,-0.5));
#3010=CARTESIAN_POINT('Origin',(-37.,-4.7,-0.5));
#3011=CARTESIAN_POINT('Origin',(-37.,-4.7,-0.5));
#3012=CARTESIAN_POINT('Origin',(-29.36,-4.85,-0.802));
#3013=CARTESIAN_POINT('',(-28.425,-4.85,-0.84));
#3014=CARTESIAN_POINT('',(-28.5229004371772,-4.85,-1.25118183614416));
#3015=CARTESIAN_POINT('',(-28.4457993562232,-4.85,-0.927357296137337));
#3016=CARTESIAN_POINT('',(-28.410379814435,-4.85,-0.828860810998089));
#3017=CARTESIAN_POINT('',(-28.4491334289814,-4.85,-0.858387374461981));
#3018=CARTESIAN_POINT('Origin',(-29.36,-4.85,-0.802));
#3019=CARTESIAN_POINT('Origin',(-29.36,-4.85,-0.802));
#3020=CARTESIAN_POINT('',(-29.2094808982222,-4.85,-1.74));
#3021=CARTESIAN_POINT('',(-29.5105191017778,-4.85,-1.74));
#3022=CARTESIAN_POINT('',(-29.27,-4.85,-1.74));
#3023=CARTESIAN_POINT('Origin',(-29.36,-4.85,-0.802));
#3024=CARTESIAN_POINT('Origin',(-29.36,-4.85,-0.802));
#3025=CARTESIAN_POINT('',(-28.8021475147893,-4.85,-1.57096073030047));
#3026=CARTESIAN_POINT('',(-29.1585126121582,-4.85,-1.73038722122867));
#3027=CARTESIAN_POINT('',(-28.8901650317369,-4.85,-1.61033698788229));
#3028=CARTESIAN_POINT('Origin',(-29.36,-4.85,-0.802));
#3029=CARTESIAN_POINT('Origin',(-29.36,-4.85,-0.802));
#3030=CARTESIAN_POINT('',(-28.5322286187402,-4.85,-1.26814862476163));
#3031=CARTESIAN_POINT('',(-28.7984803636445,-4.85,-1.56828695538105));
#3032=CARTESIAN_POINT('',(-28.5951772455962,-4.85,-1.33910889503567));
#3033=CARTESIAN_POINT('Origin',(-29.36,-4.85,-0.802));
#3034=CARTESIAN_POINT('Origin',(-29.36,-5.975,-0.802));
#3035=CARTESIAN_POINT('',(-28.7984803636445,-5.8,-1.56828695538105));
#3036=CARTESIAN_POINT('',(-28.7984803636445,-5.975,-1.56828695538105));
#3037=CARTESIAN_POINT('',(-28.5322286187401,-5.8,-1.26814862476163));
#3038=CARTESIAN_POINT('',(-28.5322286187402,-5.975,-1.26814862476163));
#3039=CARTESIAN_POINT('',(-28.5229004371772,-5.8,-1.25118183614416));
#3040=CARTESIAN_POINT('Origin',(-29.36,-5.8,-0.802));
#3041=CARTESIAN_POINT('',(-28.5229004371772,-5.975,-1.25118183614416));
#3042=CARTESIAN_POINT('',(-28.410379814435,-5.8,-0.828860810998089));
#3043=CARTESIAN_POINT('',(-28.410379814435,-5.975,-0.828860810998089));
#3044=CARTESIAN_POINT('',(-30.31,-5.8,-0.802));
#3045=CARTESIAN_POINT('Origin',(-29.36,-5.8,-0.802));
#3046=CARTESIAN_POINT('',(-30.31,-7.1,-0.802));
#3047=CARTESIAN_POINT('',(-30.31,-5.975,-0.802));
#3048=CARTESIAN_POINT('Origin',(-29.36,-7.1,-0.802));
#3049=CARTESIAN_POINT('',(-29.5105191017778,-5.8,-1.74));
#3050=CARTESIAN_POINT('Origin',(-29.36,-5.8,-0.802));
#3051=CARTESIAN_POINT('',(-29.5105191017778,-5.975,-1.74));
#3052=CARTESIAN_POINT('',(-29.2094808982222,-5.8,-1.74));
#3053=CARTESIAN_POINT('',(-29.2094808982222,-5.975,-1.74));
#3054=CARTESIAN_POINT('',(-29.1585126121582,-5.8,-1.73038722122867));
#3055=CARTESIAN_POINT('Origin',(-29.36,-5.8,-0.802));
#3056=CARTESIAN_POINT('',(-29.1585126121582,-5.975,-1.73038722122867));
#3057=CARTESIAN_POINT('',(-28.8021475147893,-5.8,-1.57096073030047));
#3058=CARTESIAN_POINT('',(-28.8021475147893,-5.975,-1.57096073030047));
#3059=CARTESIAN_POINT('Origin',(-29.36,-5.8,-0.802));
#3060=CARTESIAN_POINT('Origin',(-29.36,-7.1,-0.802));
#3061=CARTESIAN_POINT('Origin',(-28.8,-5.8,-1.57));
#3062=CARTESIAN_POINT('',(-29.18,-5.8,-1.74));
#3063=CARTESIAN_POINT('',(-28.8,-5.8,-1.57));
#3064=CARTESIAN_POINT('',(-29.18,-4.8,-1.74));
#3065=CARTESIAN_POINT('',(-29.18,-5.8,-1.74));
#3066=CARTESIAN_POINT('',(-28.8,-4.8,-1.57));
#3067=CARTESIAN_POINT('',(-28.8,-4.8,-1.57));
#3068=CARTESIAN_POINT('',(-28.8,-5.8,-1.57));
#3069=CARTESIAN_POINT('',(-28.8,-5.8,-1.57));
#3070=CARTESIAN_POINT('',(-28.8,-5.8,-1.57));
#3071=CARTESIAN_POINT('Origin',(-29.18,-5.8,-1.74));
#3072=CARTESIAN_POINT('',(-29.56,-5.8,-1.74));
#3073=CARTESIAN_POINT('',(-29.18,-5.8,-1.74));
#3074=CARTESIAN_POINT('',(-29.56,-4.8,-1.74));
#3075=CARTESIAN_POINT('',(-29.56,-5.8,-1.74));
#3076=CARTESIAN_POINT('',(-29.18,-4.8,-1.74));
#3077=CARTESIAN_POINT('',(-29.18,-5.8,-1.74));
#3078=CARTESIAN_POINT('Origin',(-29.5,-5.8,1.6225));
#3079=CARTESIAN_POINT('Origin',(-29.5,-5.8,1.6225));
#3080=CARTESIAN_POINT('',(-27.9,-5.8,-0.44));
#3081=CARTESIAN_POINT('',(-27.9,-5.8,-0.44));
#3082=CARTESIAN_POINT('',(-28.01,-5.8,-0.675));
#3083=CARTESIAN_POINT('',(-28.01,-5.8,-0.675));
#3084=CARTESIAN_POINT('',(-28.01,-5.8,-0.925));
#3085=CARTESIAN_POINT('',(-28.01,-5.8,-0.925));
#3086=CARTESIAN_POINT('',(-27.9,-5.8,-1.16));
#3087=CARTESIAN_POINT('',(-27.9,-5.8,-1.16));
#3088=CARTESIAN_POINT('',(-27.65,-5.8,-1.3));
#3089=CARTESIAN_POINT('',(-27.65,-5.8,-1.3));
#3090=CARTESIAN_POINT('',(-27.42,-5.8,-1.35));
#3091=CARTESIAN_POINT('',(-27.42,-5.8,-1.35));
#3092=CARTESIAN_POINT('',(-27.2,-5.8,-1.3));
#3093=CARTESIAN_POINT('',(-27.2,-5.8,-1.3));
#3094=CARTESIAN_POINT('',(-26.9,-5.8,-0.925));
#3095=CARTESIAN_POINT('',(-26.9,-5.8,-0.925));
#3096=CARTESIAN_POINT('',(-26.9,-5.8,-0.61));
#3097=CARTESIAN_POINT('',(-26.9,-5.8,-0.61));
#3098=CARTESIAN_POINT('',(-27.075,-5.8,-0.38));
#3099=CARTESIAN_POINT('',(-27.075,-5.8,-0.38));
#3100=CARTESIAN_POINT('',(-27.37,-5.8,-0.235));
#3101=CARTESIAN_POINT('',(-27.37,-5.8,-0.235));
#3102=CARTESIAN_POINT('',(-27.65,-5.8,-0.285));
#3103=CARTESIAN_POINT('',(-27.65,-5.8,-0.285));
#3104=CARTESIAN_POINT('',(-27.24,-5.8,0.07));
#3105=CARTESIAN_POINT('',(-27.24,-5.8,0.07));
#3106=CARTESIAN_POINT('',(-27.15,-5.8,0.315));
#3107=CARTESIAN_POINT('',(-27.15,-5.8,0.315));
#3108=CARTESIAN_POINT('',(-27.53,-5.8,1.75));
#3109=CARTESIAN_POINT('',(-27.53,-5.8,1.75));
#3110=CARTESIAN_POINT('',(-27.65,-5.8,2.75));
#3111=CARTESIAN_POINT('',(-27.65,-5.8,2.75));
#3112=CARTESIAN_POINT('',(-27.65,-5.8,3.825));
#3113=CARTESIAN_POINT('',(-27.65,-5.8,3.825));
#3114=CARTESIAN_POINT('',(-27.42,-5.8,4.78));
#3115=CARTESIAN_POINT('',(-27.42,-5.8,4.78));
#3116=CARTESIAN_POINT('',(-27.46,-5.8,5.2));
#3117=CARTESIAN_POINT('',(-27.46,-5.8,5.2));
#3118=CARTESIAN_POINT('',(-27.65,-5.8,5.585));
#3119=CARTESIAN_POINT('',(-27.65,-5.8,5.585));
#3120=CARTESIAN_POINT('',(-27.9,-5.8,5.89));
#3121=CARTESIAN_POINT('',(-27.9,-5.8,5.89));
#3122=CARTESIAN_POINT('',(-28.29,-5.8,6.075));
#3123=CARTESIAN_POINT('',(-28.29,-5.8,6.075));
#3124=CARTESIAN_POINT('',(-28.7,-5.8,6.135));
#3125=CARTESIAN_POINT('',(-28.7,-5.8,6.135));
#3126=CARTESIAN_POINT('',(-29.12,-5.8,6.075));
#3127=CARTESIAN_POINT('',(-29.12,-5.8,6.075));
#3128=CARTESIAN_POINT('',(-29.4,-5.8,5.92));
#3129=CARTESIAN_POINT('',(-29.4,-5.8,5.92));
#3130=CARTESIAN_POINT('',(-29.715,-5.8,5.63));
#3131=CARTESIAN_POINT('',(-29.715,-5.8,5.63));
#3132=CARTESIAN_POINT('',(-29.85,-5.8,5.35));
#3133=CARTESIAN_POINT('',(-29.85,-5.8,5.35));
#3134=CARTESIAN_POINT('',(-29.935,-5.8,4.835));
#3135=CARTESIAN_POINT('',(-29.935,-5.8,4.835));
#3136=CARTESIAN_POINT('',(-29.715,-5.8,2.91));
#3137=CARTESIAN_POINT('',(-29.715,-5.8,2.91));
#3138=CARTESIAN_POINT('',(-29.775,-5.8,2.2));
#3139=CARTESIAN_POINT('',(-29.775,-5.8,2.2));
#3140=CARTESIAN_POINT('',(-29.935,-5.8,1.5));
#3141=CARTESIAN_POINT('',(-29.935,-5.8,1.5));
#3142=CARTESIAN_POINT('',(-30.21,-5.8,0.815));
#3143=CARTESIAN_POINT('',(-30.21,-5.8,0.815));
#3144=CARTESIAN_POINT('',(-30.59,-5.8,0.11));
#3145=CARTESIAN_POINT('',(-30.59,-5.8,0.11));
#3146=CARTESIAN_POINT('',(-32.1,-5.8,-1.91));
#3147=CARTESIAN_POINT('',(-32.1,-5.8,-1.91));
#3148=CARTESIAN_POINT('',(-32.1,-5.8,-2.23));
#3149=CARTESIAN_POINT('',(-32.1,-5.8,-2.23));
#3150=CARTESIAN_POINT('',(-31.975,-5.8,-2.59));
#3151=CARTESIAN_POINT('',(-31.975,-5.8,-2.59));
#3152=CARTESIAN_POINT('',(-31.68,-5.8,-2.835));
#3153=CARTESIAN_POINT('',(-31.68,-5.8,-2.835));
#3154=CARTESIAN_POINT('',(-31.365,-5.8,-2.89));
#3155=CARTESIAN_POINT('',(-31.365,-5.8,-2.89));
#3156=CARTESIAN_POINT('',(-30.935,-5.8,-2.785));
#3157=CARTESIAN_POINT('',(-30.935,-5.8,-2.785));
#3158=CARTESIAN_POINT('',(-29.56,-5.8,-1.74));
#3159=CARTESIAN_POINT('',(-28.68,-5.8,6.0545));
#3160=CARTESIAN_POINT('Origin',(-28.68,-5.8,4.8875));
#3161=CARTESIAN_POINT('Origin',(-29.5,-5.8,1.6225));
#3162=CARTESIAN_POINT('',(-28.525,-5.8,-1.26));
#3163=CARTESIAN_POINT('',(-28.525,-5.8,-1.26));
#3164=CARTESIAN_POINT('',(-28.425,-5.8,-0.84));
#3165=CARTESIAN_POINT('Origin',(-29.5,-5.8,1.6225));
#3166=CARTESIAN_POINT('',(-28.525,-5.8,-1.26));
#3167=CARTESIAN_POINT('Origin',(-33.3,-4.8,-0.5));
#3168=CARTESIAN_POINT('',(-31.6440099009901,-4.8,-1.3));
#3169=CARTESIAN_POINT('',(-30.59,-4.8,0.11));
#3170=CARTESIAN_POINT('',(-32.1,-4.8,-1.91));
#3171=CARTESIAN_POINT('',(-30.4875886524823,-4.8,0.3));
#3172=CARTESIAN_POINT('',(-30.59,-4.8,0.11));
#3173=CARTESIAN_POINT('',(-38.6,-4.8,0.3));
#3174=CARTESIAN_POINT('',(-38.6,-4.8,0.3));
#3175=CARTESIAN_POINT('',(-38.6,-4.8,-1.3));
#3176=CARTESIAN_POINT('',(-38.6,-4.8,-1.3));
#3177=CARTESIAN_POINT('',(-28.,-4.8,-1.3));
#3178=CARTESIAN_POINT('Origin',(-38.6,-4.8,-1.3));
#3179=CARTESIAN_POINT('',(-38.6,-3.8,0.3));
#3180=CARTESIAN_POINT('',(-38.6,-4.8,0.3));
#3181=CARTESIAN_POINT('',(-38.6,-3.8,-1.3));
#3182=CARTESIAN_POINT('',(-38.6,-3.8,-1.3));
#3183=CARTESIAN_POINT('',(-38.6,-4.8,-1.3));
#3184=CARTESIAN_POINT('Origin',(-28.,-4.8,-1.3));
#3185=CARTESIAN_POINT('',(-28.,-4.8,-1.3));
#3186=CARTESIAN_POINT('',(-28.5604838709677,-4.8,-1.3));
#3187=CARTESIAN_POINT('',(-28.,-4.8,-1.3));
#3188=CARTESIAN_POINT('',(-28.75,-4.8,-1.3));
#3189=CARTESIAN_POINT('',(-28.,-3.8,-1.3));
#3190=CARTESIAN_POINT('',(-28.,-3.8,-1.3));
#3191=CARTESIAN_POINT('',(-28.,-4.8,-1.3));
#3192=CARTESIAN_POINT('Origin',(-28.,-4.8,0.3));
#3193=CARTESIAN_POINT('',(-28.,-4.8,-0.516190476190477));
#3194=CARTESIAN_POINT('',(-28.,-4.8,0.3));
#3195=CARTESIAN_POINT('',(-28.,-4.8,0.96125));
#3196=CARTESIAN_POINT('',(-28.,-4.8,-0.653636363636361));
#3197=CARTESIAN_POINT('',(-28.,-4.8,0.3));
#3198=CARTESIAN_POINT('',(-28.,-4.8,-0.946363636363639));
#3199=CARTESIAN_POINT('',(-28.,-4.8,0.96125));
#3200=CARTESIAN_POINT('',(-28.,-4.8,0.3));
#3201=CARTESIAN_POINT('',(-28.,-3.8,0.3));
#3202=CARTESIAN_POINT('',(-28.,-3.8,0.3));
#3203=CARTESIAN_POINT('',(-28.,-4.8,0.3));
#3204=CARTESIAN_POINT('Origin',(-38.6,-4.8,0.3));
#3205=CARTESIAN_POINT('',(-34.05,-4.8,0.3));
#3206=CARTESIAN_POINT('',(-38.6,-3.8,0.3));
#3207=CARTESIAN_POINT('Origin',(-33.3,-3.8,-0.5));
#3208=CARTESIAN_POINT('Origin',(-33.3,-4.8,-0.5));
#3209=CARTESIAN_POINT('',(-28.01,-4.8,-0.675));
#3210=CARTESIAN_POINT('',(-28.01,-4.8,-0.675));
#3211=CARTESIAN_POINT('',(-28.425,-4.8,-0.84));
#3212=CARTESIAN_POINT('',(-27.9,-4.8,-0.44));
#3213=CARTESIAN_POINT('',(-28.525,-4.8,-1.26));
#3214=CARTESIAN_POINT('',(-28.425,-4.8,-0.84));
#3215=CARTESIAN_POINT('',(-28.525,-4.8,-1.26));
#3216=CARTESIAN_POINT('',(-28.01,-4.8,-0.925));
#3217=CARTESIAN_POINT('',(-27.9,-4.8,-1.16));
#3218=CARTESIAN_POINT('',(-28.01,-4.8,-0.925));
#3219=CARTESIAN_POINT('Origin',(-29.5,-4.8,1.6225));
#3220=CARTESIAN_POINT('',(-28.525,-4.8,-1.26));
#3221=CARTESIAN_POINT('',(-30.935,-4.8,-2.785));
#3222=CARTESIAN_POINT('',(-29.56,-4.8,-1.74));
#3223=CARTESIAN_POINT('',(-31.365,-4.8,-2.89));
#3224=CARTESIAN_POINT('',(-30.935,-4.8,-2.785));
#3225=CARTESIAN_POINT('',(-31.68,-4.8,-2.835));
#3226=CARTESIAN_POINT('',(-31.365,-4.8,-2.89));
#3227=CARTESIAN_POINT('',(-31.975,-4.8,-2.59));
#3228=CARTESIAN_POINT('',(-31.68,-4.8,-2.835));
#3229=CARTESIAN_POINT('',(-32.1,-4.8,-2.23));
#3230=CARTESIAN_POINT('',(-31.975,-4.8,-2.59));
#3231=CARTESIAN_POINT('',(-32.1,-4.8,-1.91));
#3232=CARTESIAN_POINT('',(-32.1,-4.8,-2.23));
#3233=CARTESIAN_POINT('',(-32.1,-4.8,-1.91));
#3234=CARTESIAN_POINT('Origin',(-29.56,-5.8,-1.74));
#3235=CARTESIAN_POINT('',(-30.935,-5.8,-2.785));
#3236=CARTESIAN_POINT('Origin',(-28.525,-5.8,-1.26));
#3237=CARTESIAN_POINT('',(-28.525,-5.8,-1.26));
#3238=CARTESIAN_POINT('Origin',(-28.425,-5.8,-0.84));
#3239=CARTESIAN_POINT('',(-28.425,-5.8,-0.84));
#3240=CARTESIAN_POINT('Origin',(-27.9,-5.8,-0.44));
#3241=CARTESIAN_POINT('',(-27.9,-4.8,-0.44));
#3242=CARTESIAN_POINT('',(-27.9,-4.8,-0.44));
#3243=CARTESIAN_POINT('',(-27.9,-5.8,-0.44));
#3244=CARTESIAN_POINT('Origin',(-28.01,-5.8,-0.675));
#3245=CARTESIAN_POINT('',(-28.01,-4.8,-0.675));
#3246=CARTESIAN_POINT('',(-28.01,-5.8,-0.675));
#3247=CARTESIAN_POINT('Origin',(-28.01,-5.8,-0.925));
#3248=CARTESIAN_POINT('',(-28.01,-5.8,-0.925));
#3249=CARTESIAN_POINT('Origin',(-27.9,-5.8,-1.16));
#3250=CARTESIAN_POINT('',(-27.9,-4.8,-1.16));
#3251=CARTESIAN_POINT('',(-27.9,-4.8,-1.16));
#3252=CARTESIAN_POINT('',(-27.9,-5.8,-1.16));
#3253=CARTESIAN_POINT('Origin',(-27.65,-5.8,-1.3));
#3254=CARTESIAN_POINT('',(-27.65,-4.8,-1.3));
#3255=CARTESIAN_POINT('',(-27.65,-4.8,-1.3));
#3256=CARTESIAN_POINT('',(-27.65,-5.8,-1.3));
#3257=CARTESIAN_POINT('Origin',(-27.42,-5.8,-1.35));
#3258=CARTESIAN_POINT('',(-27.42,-4.8,-1.35));
#3259=CARTESIAN_POINT('',(-27.42,-4.8,-1.35));
#3260=CARTESIAN_POINT('',(-27.42,-5.8,-1.35));
#3261=CARTESIAN_POINT('Origin',(-27.2,-5.8,-1.3));
#3262=CARTESIAN_POINT('',(-27.2,-4.8,-1.3));
#3263=CARTESIAN_POINT('',(-27.2,-4.8,-1.3));
#3264=CARTESIAN_POINT('',(-27.2,-5.8,-1.3));
#3265=CARTESIAN_POINT('Origin',(-26.9,-5.8,-0.925));
#3266=CARTESIAN_POINT('',(-26.9,-4.8,-0.925));
#3267=CARTESIAN_POINT('',(-26.9,-4.8,-0.925));
#3268=CARTESIAN_POINT('',(-26.9,-5.8,-0.925));
#3269=CARTESIAN_POINT('Origin',(-26.9,-5.8,-0.61));
#3270=CARTESIAN_POINT('',(-26.9,-4.8,-0.61));
#3271=CARTESIAN_POINT('',(-26.9,-4.8,-0.61));
#3272=CARTESIAN_POINT('',(-26.9,-5.8,-0.61));
#3273=CARTESIAN_POINT('Origin',(-27.075,-5.8,-0.38));
#3274=CARTESIAN_POINT('',(-27.075,-4.8,-0.38));
#3275=CARTESIAN_POINT('',(-27.075,-4.8,-0.38));
#3276=CARTESIAN_POINT('',(-27.075,-5.8,-0.38));
#3277=CARTESIAN_POINT('Origin',(-27.37,-5.8,-0.235));
#3278=CARTESIAN_POINT('',(-27.37,-4.8,-0.235));
#3279=CARTESIAN_POINT('',(-27.37,-4.8,-0.235));
#3280=CARTESIAN_POINT('',(-27.37,-5.8,-0.235));
#3281=CARTESIAN_POINT('Origin',(-27.65,-5.8,-0.285));
#3282=CARTESIAN_POINT('',(-27.65,-4.8,-0.285));
#3283=CARTESIAN_POINT('',(-27.65,-4.8,-0.285));
#3284=CARTESIAN_POINT('',(-27.65,-5.8,-0.285));
#3285=CARTESIAN_POINT('Origin',(-27.24,-5.8,0.07));
#3286=CARTESIAN_POINT('',(-27.24,-4.8,0.0699999999999998));
#3287=CARTESIAN_POINT('',(-27.24,-4.8,0.07));
#3288=CARTESIAN_POINT('',(-27.24,-5.8,0.07));
#3289=CARTESIAN_POINT('Origin',(-27.15,-5.8,0.315));
#3290=CARTESIAN_POINT('',(-27.15,-4.8,0.315));
#3291=CARTESIAN_POINT('',(-27.15,-4.8,0.315));
#3292=CARTESIAN_POINT('',(-27.15,-5.8,0.315));
#3293=CARTESIAN_POINT('Origin',(-27.53,-5.8,1.75));
#3294=CARTESIAN_POINT('',(-27.53,-4.8,1.75));
#3295=CARTESIAN_POINT('',(-27.53,-4.8,1.75));
#3296=CARTESIAN_POINT('',(-27.53,-5.8,1.75));
#3297=CARTESIAN_POINT('Origin',(-27.65,-5.8,2.75));
#3298=CARTESIAN_POINT('',(-27.65,-4.8,2.75));
#3299=CARTESIAN_POINT('',(-27.65,-4.8,2.75));
#3300=CARTESIAN_POINT('',(-27.65,-5.8,2.75));
#3301=CARTESIAN_POINT('Origin',(-27.65,-5.8,3.825));
#3302=CARTESIAN_POINT('',(-27.65,-4.8,3.825));
#3303=CARTESIAN_POINT('',(-27.65,-4.8,3.825));
#3304=CARTESIAN_POINT('',(-27.65,-5.8,3.825));
#3305=CARTESIAN_POINT('Origin',(-27.42,-5.8,4.78));
#3306=CARTESIAN_POINT('',(-27.42,-4.8,4.78));
#3307=CARTESIAN_POINT('',(-27.42,-4.8,4.78));
#3308=CARTESIAN_POINT('',(-27.42,-5.8,4.78));
#3309=CARTESIAN_POINT('Origin',(-27.46,-5.8,5.2));
#3310=CARTESIAN_POINT('',(-27.46,-4.8,5.2));
#3311=CARTESIAN_POINT('',(-27.46,-4.8,5.2));
#3312=CARTESIAN_POINT('',(-27.46,-5.8,5.2));
#3313=CARTESIAN_POINT('Origin',(-27.65,-5.8,5.585));
#3314=CARTESIAN_POINT('',(-27.65,-4.8,5.585));
#3315=CARTESIAN_POINT('',(-27.65,-4.8,5.585));
#3316=CARTESIAN_POINT('',(-27.65,-5.8,5.585));
#3317=CARTESIAN_POINT('Origin',(-27.9,-5.8,5.89));
#3318=CARTESIAN_POINT('',(-27.9,-4.8,5.89));
#3319=CARTESIAN_POINT('',(-27.9,-4.8,5.89));
#3320=CARTESIAN_POINT('',(-27.9,-5.8,5.89));
#3321=CARTESIAN_POINT('Origin',(-28.29,-5.8,6.075));
#3322=CARTESIAN_POINT('',(-28.29,-4.8,6.075));
#3323=CARTESIAN_POINT('',(-28.29,-4.8,6.075));
#3324=CARTESIAN_POINT('',(-28.29,-5.8,6.075));
#3325=CARTESIAN_POINT('Origin',(-28.7,-5.8,6.135));
#3326=CARTESIAN_POINT('',(-28.7,-4.8,6.135));
#3327=CARTESIAN_POINT('',(-28.7,-4.8,6.135));
#3328=CARTESIAN_POINT('',(-28.7,-5.8,6.135));
#3329=CARTESIAN_POINT('Origin',(-29.12,-5.8,6.075));
#3330=CARTESIAN_POINT('',(-29.12,-4.8,6.075));
#3331=CARTESIAN_POINT('',(-29.12,-4.8,6.075));
#3332=CARTESIAN_POINT('',(-29.12,-5.8,6.075));
#3333=CARTESIAN_POINT('Origin',(-29.4,-5.8,5.92));
#3334=CARTESIAN_POINT('',(-29.4,-4.8,5.92));
#3335=CARTESIAN_POINT('',(-29.4,-4.8,5.92));
#3336=CARTESIAN_POINT('',(-29.4,-5.8,5.92));
#3337=CARTESIAN_POINT('Origin',(-29.715,-5.8,5.63));
#3338=CARTESIAN_POINT('',(-29.715,-4.8,5.63));
#3339=CARTESIAN_POINT('',(-29.715,-4.8,5.63));
#3340=CARTESIAN_POINT('',(-29.715,-5.8,5.63));
#3341=CARTESIAN_POINT('Origin',(-29.85,-5.8,5.35));
#3342=CARTESIAN_POINT('',(-29.85,-4.8,5.35));
#3343=CARTESIAN_POINT('',(-29.85,-4.8,5.35));
#3344=CARTESIAN_POINT('',(-29.85,-5.8,5.35));
#3345=CARTESIAN_POINT('Origin',(-29.935,-5.8,4.835));
#3346=CARTESIAN_POINT('',(-29.935,-4.8,4.835));
#3347=CARTESIAN_POINT('',(-29.935,-4.8,4.835));
#3348=CARTESIAN_POINT('',(-29.935,-5.8,4.835));
#3349=CARTESIAN_POINT('Origin',(-29.715,-5.8,2.91));
#3350=CARTESIAN_POINT('',(-29.715,-4.8,2.91));
#3351=CARTESIAN_POINT('',(-29.715,-4.8,2.91));
#3352=CARTESIAN_POINT('',(-29.715,-5.8,2.91));
#3353=CARTESIAN_POINT('Origin',(-29.775,-5.8,2.2));
#3354=CARTESIAN_POINT('',(-29.775,-4.8,2.2));
#3355=CARTESIAN_POINT('',(-29.775,-4.8,2.2));
#3356=CARTESIAN_POINT('',(-29.775,-5.8,2.2));
#3357=CARTESIAN_POINT('Origin',(-29.935,-5.8,1.5));
#3358=CARTESIAN_POINT('',(-29.935,-4.8,1.5));
#3359=CARTESIAN_POINT('',(-29.935,-4.8,1.5));
#3360=CARTESIAN_POINT('',(-29.935,-5.8,1.5));
#3361=CARTESIAN_POINT('Origin',(-30.21,-5.8,0.815));
#3362=CARTESIAN_POINT('',(-30.21,-4.8,0.815));
#3363=CARTESIAN_POINT('',(-30.21,-4.8,0.815));
#3364=CARTESIAN_POINT('',(-30.21,-5.8,0.815));
#3365=CARTESIAN_POINT('Origin',(-30.59,-5.8,0.11));
#3366=CARTESIAN_POINT('',(-30.59,-4.8,0.11));
#3367=CARTESIAN_POINT('',(-30.59,-5.8,0.11));
#3368=CARTESIAN_POINT('Origin',(-32.1,-5.8,-1.91));
#3369=CARTESIAN_POINT('',(-32.1,-5.8,-1.91));
#3370=CARTESIAN_POINT('Origin',(-32.1,-5.8,-2.23));
#3371=CARTESIAN_POINT('',(-32.1,-5.8,-2.23));
#3372=CARTESIAN_POINT('Origin',(-31.975,-5.8,-2.59));
#3373=CARTESIAN_POINT('',(-31.975,-5.8,-2.59));
#3374=CARTESIAN_POINT('Origin',(-31.68,-5.8,-2.835));
#3375=CARTESIAN_POINT('',(-31.68,-5.8,-2.835));
#3376=CARTESIAN_POINT('Origin',(-31.365,-5.8,-2.89));
#3377=CARTESIAN_POINT('',(-31.365,-5.8,-2.89));
#3378=CARTESIAN_POINT('Origin',(-30.935,-5.8,-2.785));
#3379=CARTESIAN_POINT('Origin',(-29.5,-4.8,1.6225));
#3380=CARTESIAN_POINT('Ctrl Pts',(-28.68,-17.145,5.8845));
#3381=CARTESIAN_POINT('Ctrl Pts',(-29.677,-17.145,5.8845));
#3382=CARTESIAN_POINT('Ctrl Pts',(-29.677,-17.145,4.8875));
#3383=CARTESIAN_POINT('Ctrl Pts',(-29.677,-17.145,3.8905));
#3384=CARTESIAN_POINT('Ctrl Pts',(-28.68,-17.145,3.8905));
#3385=CARTESIAN_POINT('Ctrl Pts',(-27.683,-17.145,3.8905));
#3386=CARTESIAN_POINT('Ctrl Pts',(-27.683,-17.145,4.8875));
#3387=CARTESIAN_POINT('Ctrl Pts',(-27.683,-17.145,5.8845));
#3388=CARTESIAN_POINT('Ctrl Pts',(-28.68,-17.145,5.8845));
#3389=CARTESIAN_POINT('Ctrl Pts',(-28.68,-17.1379258178671,5.88841913667911));
#3390=CARTESIAN_POINT('Ctrl Pts',(-29.6809191366791,-17.1379258178671,5.88841913667911));
#3391=CARTESIAN_POINT('Ctrl Pts',(-29.6809191366791,-17.1379258178671,4.8875));
#3392=CARTESIAN_POINT('Ctrl Pts',(-29.6809191366791,-17.1379258178671,3.88658086332089));
#3393=CARTESIAN_POINT('Ctrl Pts',(-28.68,-17.1379258178671,3.88658086332089));
#3394=CARTESIAN_POINT('Ctrl Pts',(-27.6790808633209,-17.1379258178671,3.88658086332089));
#3395=CARTESIAN_POINT('Ctrl Pts',(-27.6790808633209,-17.1379258178671,4.8875));
#3396=CARTESIAN_POINT('Ctrl Pts',(-27.6790808633209,-17.1379258178671,5.88841913667911));
#3397=CARTESIAN_POINT('Ctrl Pts',(-28.68,-17.1379258178671,5.88841913667911));
#3398=CARTESIAN_POINT('Ctrl Pts',(-28.68,-17.1233550383744,5.89439953016842));
#3399=CARTESIAN_POINT('Ctrl Pts',(-29.6868995301684,-17.1233550383744,5.89439953016842));
#3400=CARTESIAN_POINT('Ctrl Pts',(-29.6868995301684,-17.1233550383744,4.8875));
#3401=CARTESIAN_POINT('Ctrl Pts',(-29.6868995301684,-17.1233550383744,3.88060046983158));
#3402=CARTESIAN_POINT('Ctrl Pts',(-28.68,-17.1233550383744,3.88060046983158));
#3403=CARTESIAN_POINT('Ctrl Pts',(-27.6731004698316,-17.1233550383744,3.88060046983158));
#3404=CARTESIAN_POINT('Ctrl Pts',(-27.6731004698316,-17.1233550383744,4.8875));
#3405=CARTESIAN_POINT('Ctrl Pts',(-27.6731004698316,-17.1233550383744,5.89439953016842));
#3406=CARTESIAN_POINT('Ctrl Pts',(-28.68,-17.1233550383744,5.89439953016842));
#3407=CARTESIAN_POINT('Ctrl Pts',(-28.68,-17.1002277872511,5.89777957166395));
#3408=CARTESIAN_POINT('Ctrl Pts',(-29.6902795716639,-17.1002277872511,5.89777957166395));
#3409=CARTESIAN_POINT('Ctrl Pts',(-29.6902795716639,-17.1002277872511,4.8875));
#3410=CARTESIAN_POINT('Ctrl Pts',(-29.6902795716639,-17.1002277872511,3.87722042833605));
#3411=CARTESIAN_POINT('Ctrl Pts',(-28.68,-17.1002277872511,3.87722042833605));
#3412=CARTESIAN_POINT('Ctrl Pts',(-27.6697204283361,-17.1002277872511,3.87722042833605));
#3413=CARTESIAN_POINT('Ctrl Pts',(-27.6697204283361,-17.1002277872511,4.8875));
#3414=CARTESIAN_POINT('Ctrl Pts',(-27.6697204283361,-17.1002277872511,5.89777957166395));
#3415=CARTESIAN_POINT('Ctrl Pts',(-28.68,-17.1002277872511,5.89777957166395));
#3416=CARTESIAN_POINT('Ctrl Pts',(-28.68,-17.0668824865966,5.89125153700219));
#3417=CARTESIAN_POINT('Ctrl Pts',(-29.6837515370022,-17.0668824865966,5.89125153700219));
#3418=CARTESIAN_POINT('Ctrl Pts',(-29.6837515370022,-17.0668824865966,4.8875));
#3419=CARTESIAN_POINT('Ctrl Pts',(-29.6837515370022,-17.0668824865966,3.88374846299781));
#3420=CARTESIAN_POINT('Ctrl Pts',(-28.68,-17.0668824865966,3.88374846299781));
#3421=CARTESIAN_POINT('Ctrl Pts',(-27.6762484629978,-17.0668824865966,3.88374846299781));
#3422=CARTESIAN_POINT('Ctrl Pts',(-27.6762484629978,-17.0668824865966,4.8875));
#3423=CARTESIAN_POINT('Ctrl Pts',(-27.6762484629978,-17.0668824865966,5.89125153700219));
#3424=CARTESIAN_POINT('Ctrl Pts',(-28.68,-17.0668824865966,5.89125153700219));
#3425=CARTESIAN_POINT('Ctrl Pts',(-28.68,-17.0225264959778,5.87133771910744));
#3426=CARTESIAN_POINT('Ctrl Pts',(-29.6638377191074,-17.0225264959778,5.87133771910744));
#3427=CARTESIAN_POINT('Ctrl Pts',(-29.6638377191074,-17.0225264959778,4.8875));
#3428=CARTESIAN_POINT('Ctrl Pts',(-29.6638377191074,-17.0225264959778,3.90366228089256));
#3429=CARTESIAN_POINT('Ctrl Pts',(-28.68,-17.0225264959778,3.90366228089256));
#3430=CARTESIAN_POINT('Ctrl Pts',(-27.6961622808926,-17.0225264959778,3.90366228089256));
#3431=CARTESIAN_POINT('Ctrl Pts',(-27.6961622808926,-17.0225264959778,4.8875));
#3432=CARTESIAN_POINT('Ctrl Pts',(-27.6961622808926,-17.0225264959778,5.87133771910744));
#3433=CARTESIAN_POINT('Ctrl Pts',(-28.68,-17.0225264959778,5.87133771910744));
#3434=CARTESIAN_POINT('Ctrl Pts',(-28.68,-16.9807387678151,5.86276347196893));
#3435=CARTESIAN_POINT('Ctrl Pts',(-29.6552634719689,-16.9807387678151,5.86276347196893));
#3436=CARTESIAN_POINT('Ctrl Pts',(-29.6552634719689,-16.9807387678151,4.8875));
#3437=CARTESIAN_POINT('Ctrl Pts',(-29.6552634719689,-16.9807387678151,3.91223652803107));
#3438=CARTESIAN_POINT('Ctrl Pts',(-28.68,-16.9807387678151,3.91223652803107));
#3439=CARTESIAN_POINT('Ctrl Pts',(-27.7047365280311,-16.9807387678151,3.91223652803107));
#3440=CARTESIAN_POINT('Ctrl Pts',(-27.7047365280311,-16.9807387678151,4.8875));
#3441=CARTESIAN_POINT('Ctrl Pts',(-27.7047365280311,-16.9807387678151,5.86276347196893));
#3442=CARTESIAN_POINT('Ctrl Pts',(-28.68,-16.9807387678151,5.86276347196893));
#3443=CARTESIAN_POINT('Ctrl Pts',(-28.68,-16.9476021970008,5.89219571223383));
#3444=CARTESIAN_POINT('Ctrl Pts',(-29.6846957122338,-16.9476021970008,5.89219571223383));
#3445=CARTESIAN_POINT('Ctrl Pts',(-29.6846957122338,-16.9476021970008,4.8875));
#3446=CARTESIAN_POINT('Ctrl Pts',(-29.6846957122338,-16.9476021970008,3.88280428776617));
#3447=CARTESIAN_POINT('Ctrl Pts',(-28.68,-16.9476021970008,3.88280428776617));
#3448=CARTESIAN_POINT('Ctrl Pts',(-27.6753042877662,-16.9476021970008,3.88280428776617));
#3449=CARTESIAN_POINT('Ctrl Pts',(-27.6753042877662,-16.9476021970008,4.8875));
#3450=CARTESIAN_POINT('Ctrl Pts',(-27.6753042877662,-16.9476021970008,5.89219571223383));
#3451=CARTESIAN_POINT('Ctrl Pts',(-28.68,-16.9476021970008,5.89219571223383));
#3452=CARTESIAN_POINT('Ctrl Pts',(-28.68,-16.9236740468386,5.96142851153161));
#3453=CARTESIAN_POINT('Ctrl Pts',(-29.7539285115316,-16.9236740468386,5.96142851153161));
#3454=CARTESIAN_POINT('Ctrl Pts',(-29.7539285115316,-16.9236740468386,4.8875));
#3455=CARTESIAN_POINT('Ctrl Pts',(-29.7539285115316,-16.9236740468386,3.81357148846839));
#3456=CARTESIAN_POINT('Ctrl Pts',(-28.68,-16.9236740468386,3.81357148846839));
#3457=CARTESIAN_POINT('Ctrl Pts',(-27.6060714884684,-16.9236740468386,3.81357148846839));
#3458=CARTESIAN_POINT('Ctrl Pts',(-27.6060714884684,-16.9236740468386,4.8875));
#3459=CARTESIAN_POINT('Ctrl Pts',(-27.6060714884684,-16.9236740468386,5.96142851153161));
#3460=CARTESIAN_POINT('Ctrl Pts',(-28.68,-16.9236740468386,5.96142851153161));
#3461=CARTESIAN_POINT('Ctrl Pts',(-28.68,-16.9029784660072,6.04324296499482));
#3462=CARTESIAN_POINT('Ctrl Pts',(-29.8357429649948,-16.9029784660072,6.04324296499482));
#3463=CARTESIAN_POINT('Ctrl Pts',(-29.8357429649948,-16.9029784660072,4.8875));
#3464=CARTESIAN_POINT('Ctrl Pts',(-29.8357429649948,-16.9029784660072,3.73175703500518));
#3465=CARTESIAN_POINT('Ctrl Pts',(-28.68,-16.9029784660072,3.73175703500518));
#3466=CARTESIAN_POINT('Ctrl Pts',(-27.5242570350052,-16.9029784660072,3.73175703500518));
#3467=CARTESIAN_POINT('Ctrl Pts',(-27.5242570350052,-16.9029784660072,4.8875));
#3468=CARTESIAN_POINT('Ctrl Pts',(-27.5242570350052,-16.9029784660072,6.04324296499482));
#3469=CARTESIAN_POINT('Ctrl Pts',(-28.68,-16.9029784660072,6.04324296499482));
#3470=CARTESIAN_POINT('Ctrl Pts',(-28.68,-16.8781481266154,6.10532062682786));
#3471=CARTESIAN_POINT('Ctrl Pts',(-29.8978206268279,-16.8781481266154,6.10532062682786));
#3472=CARTESIAN_POINT('Ctrl Pts',(-29.8978206268279,-16.8781481266154,4.8875));
#3473=CARTESIAN_POINT('Ctrl Pts',(-29.8978206268279,-16.8781481266154,3.66967937317214));
#3474=CARTESIAN_POINT('Ctrl Pts',(-28.68,-16.8781481266154,3.66967937317214));
#3475=CARTESIAN_POINT('Ctrl Pts',(-27.4621793731721,-16.8781481266154,3.66967937317214));
#3476=CARTESIAN_POINT('Ctrl Pts',(-27.4621793731721,-16.8781481266154,4.8875));
#3477=CARTESIAN_POINT('Ctrl Pts',(-27.4621793731721,-16.8781481266154,6.10532062682786));
#3478=CARTESIAN_POINT('Ctrl Pts',(-28.68,-16.8781481266154,6.10532062682786));
#3479=CARTESIAN_POINT('Ctrl Pts',(-28.68,-16.8438831622706,6.12641655644413));
#3480=CARTESIAN_POINT('Ctrl Pts',(-29.9189165564441,-16.8438831622706,6.12641655644413));
#3481=CARTESIAN_POINT('Ctrl Pts',(-29.9189165564441,-16.8438831622706,4.8875));
#3482=CARTESIAN_POINT('Ctrl Pts',(-29.9189165564441,-16.8438831622706,3.64858344355587));
#3483=CARTESIAN_POINT('Ctrl Pts',(-28.68,-16.8438831622706,3.64858344355587));
#3484=CARTESIAN_POINT('Ctrl Pts',(-27.4410834435559,-16.8438831622706,3.64858344355587));
#3485=CARTESIAN_POINT('Ctrl Pts',(-27.4410834435559,-16.8438831622706,4.8875));
#3486=CARTESIAN_POINT('Ctrl Pts',(-27.4410834435559,-16.8438831622706,6.12641655644413));
#3487=CARTESIAN_POINT('Ctrl Pts',(-28.68,-16.8438831622706,6.12641655644413));
#3488=CARTESIAN_POINT('Ctrl Pts',(-28.68,-16.8016377189348,6.11826243713286));
#3489=CARTESIAN_POINT('Ctrl Pts',(-29.9107624371329,-16.8016377189348,6.11826243713286));
#3490=CARTESIAN_POINT('Ctrl Pts',(-29.9107624371329,-16.8016377189348,4.8875));
#3491=CARTESIAN_POINT('Ctrl Pts',(-29.9107624371329,-16.8016377189348,3.65673756286714));
#3492=CARTESIAN_POINT('Ctrl Pts',(-28.68,-16.8016377189348,3.65673756286714));
#3493=CARTESIAN_POINT('Ctrl Pts',(-27.4492375628671,-16.8016377189348,3.65673756286714));
#3494=CARTESIAN_POINT('Ctrl Pts',(-27.4492375628671,-16.8016377189348,4.8875));
#3495=CARTESIAN_POINT('Ctrl Pts',(-27.4492375628671,-16.8016377189348,6.11826243713286));
#3496=CARTESIAN_POINT('Ctrl Pts',(-28.68,-16.8016377189348,6.11826243713286));
#3497=CARTESIAN_POINT('Ctrl Pts',(-28.68,-16.7554279737042,6.10825970140207));
#3498=CARTESIAN_POINT('Ctrl Pts',(-29.9007597014021,-16.7554279737042,6.10825970140207));
#3499=CARTESIAN_POINT('Ctrl Pts',(-29.9007597014021,-16.7554279737042,4.8875));
#3500=CARTESIAN_POINT('Ctrl Pts',(-29.9007597014021,-16.7554279737042,3.66674029859793));
#3501=CARTESIAN_POINT('Ctrl Pts',(-28.68,-16.7554279737042,3.66674029859793));
#3502=CARTESIAN_POINT('Ctrl Pts',(-27.4592402985979,-16.7554279737042,3.66674029859793));
#3503=CARTESIAN_POINT('Ctrl Pts',(-27.4592402985979,-16.7554279737042,4.8875));
#3504=CARTESIAN_POINT('Ctrl Pts',(-27.4592402985979,-16.7554279737042,6.10825970140207));
#3505=CARTESIAN_POINT('Ctrl Pts',(-28.68,-16.7554279737042,6.10825970140207));
#3506=CARTESIAN_POINT('Ctrl Pts',(-28.68,-16.7049246042177,6.11198650226883));
#3507=CARTESIAN_POINT('Ctrl Pts',(-29.9044865022688,-16.7049246042177,6.11198650226883));
#3508=CARTESIAN_POINT('Ctrl Pts',(-29.9044865022688,-16.7049246042177,4.8875));
#3509=CARTESIAN_POINT('Ctrl Pts',(-29.9044865022688,-16.7049246042177,3.66301349773117));
#3510=CARTESIAN_POINT('Ctrl Pts',(-28.68,-16.7049246042177,3.66301349773117));
#3511=CARTESIAN_POINT('Ctrl Pts',(-27.4555134977312,-16.7049246042177,3.66301349773117));
#3512=CARTESIAN_POINT('Ctrl Pts',(-27.4555134977312,-16.7049246042177,4.8875));
#3513=CARTESIAN_POINT('Ctrl Pts',(-27.4555134977312,-16.7049246042177,6.11198650226883));
#3514=CARTESIAN_POINT('Ctrl Pts',(-28.68,-16.7049246042177,6.11198650226883));
#3515=CARTESIAN_POINT('Ctrl Pts',(-28.68,-16.645358458132,6.12899464137184));
#3516=CARTESIAN_POINT('Ctrl Pts',(-29.9214946413718,-16.645358458132,6.12899464137184));
#3517=CARTESIAN_POINT('Ctrl Pts',(-29.9214946413718,-16.645358458132,4.8875));
#3518=CARTESIAN_POINT('Ctrl Pts',(-29.9214946413718,-16.645358458132,3.64600535862816));
#3519=CARTESIAN_POINT('Ctrl Pts',(-28.68,-16.645358458132,3.64600535862816));
#3520=CARTESIAN_POINT('Ctrl Pts',(-27.4385053586282,-16.645358458132,3.64600535862816));
#3521=CARTESIAN_POINT('Ctrl Pts',(-27.4385053586282,-16.645358458132,4.8875));
#3522=CARTESIAN_POINT('Ctrl Pts',(-27.4385053586282,-16.645358458132,6.12899464137184));
#3523=CARTESIAN_POINT('Ctrl Pts',(-28.68,-16.645358458132,6.12899464137184));
#3524=CARTESIAN_POINT('Ctrl Pts',(-28.68,-16.5713595648658,6.15223027272101));
#3525=CARTESIAN_POINT('Ctrl Pts',(-29.944730272721,-16.5713595648658,6.15223027272101));
#3526=CARTESIAN_POINT('Ctrl Pts',(-29.944730272721,-16.5713595648658,4.8875));
#3527=CARTESIAN_POINT('Ctrl Pts',(-29.944730272721,-16.5713595648658,3.62276972727899));
#3528=CARTESIAN_POINT('Ctrl Pts',(-28.68,-16.5713595648658,3.62276972727899));
#3529=CARTESIAN_POINT('Ctrl Pts',(-27.415269727279,-16.5713595648658,3.62276972727899));
#3530=CARTESIAN_POINT('Ctrl Pts',(-27.415269727279,-16.5713595648658,4.8875));
#3531=CARTESIAN_POINT('Ctrl Pts',(-27.415269727279,-16.5713595648658,6.15223027272101));
#3532=CARTESIAN_POINT('Ctrl Pts',(-28.68,-16.5713595648658,6.15223027272101));
#3533=CARTESIAN_POINT('Ctrl Pts',(-28.68,-16.4802237121192,6.17452180237755));
#3534=CARTESIAN_POINT('Ctrl Pts',(-29.9670218023775,-16.4802237121192,6.17452180237755));
#3535=CARTESIAN_POINT('Ctrl Pts',(-29.9670218023775,-16.4802237121192,4.8875));
#3536=CARTESIAN_POINT('Ctrl Pts',(-29.9670218023775,-16.4802237121192,3.60047819762245));
#3537=CARTESIAN_POINT('Ctrl Pts',(-28.68,-16.4802237121192,3.60047819762245));
#3538=CARTESIAN_POINT('Ctrl Pts',(-27.3929781976225,-16.4802237121192,3.60047819762245));
#3539=CARTESIAN_POINT('Ctrl Pts',(-27.3929781976225,-16.4802237121192,4.8875));
#3540=CARTESIAN_POINT('Ctrl Pts',(-27.3929781976225,-16.4802237121192,6.17452180237755));
#3541=CARTESIAN_POINT('Ctrl Pts',(-28.68,-16.4802237121192,6.17452180237755));
#3542=CARTESIAN_POINT('Ctrl Pts',(-28.68,-16.3734850737889,6.19286879296348));
#3543=CARTESIAN_POINT('Ctrl Pts',(-29.9853687929635,-16.3734850737889,6.19286879296348));
#3544=CARTESIAN_POINT('Ctrl Pts',(-29.9853687929635,-16.3734850737889,4.8875));
#3545=CARTESIAN_POINT('Ctrl Pts',(-29.9853687929635,-16.3734850737889,3.58213120703652));
#3546=CARTESIAN_POINT('Ctrl Pts',(-28.68,-16.3734850737889,3.58213120703652));
#3547=CARTESIAN_POINT('Ctrl Pts',(-27.3746312070365,-16.3734850737889,3.58213120703652));
#3548=CARTESIAN_POINT('Ctrl Pts',(-27.3746312070365,-16.3734850737889,4.8875));
#3549=CARTESIAN_POINT('Ctrl Pts',(-27.3746312070365,-16.3734850737889,6.19286879296348));
#3550=CARTESIAN_POINT('Ctrl Pts',(-28.68,-16.3734850737889,6.19286879296348));
#3551=CARTESIAN_POINT('Ctrl Pts',(-28.68,-16.2551091024067,6.20645280504526));
#3552=CARTESIAN_POINT('Ctrl Pts',(-29.9989528050453,-16.2551091024067,6.20645280504526));
#3553=CARTESIAN_POINT('Ctrl Pts',(-29.9989528050453,-16.2551091024067,4.8875));
#3554=CARTESIAN_POINT('Ctrl Pts',(-29.9989528050453,-16.2551091024067,3.56854719495474));
#3555=CARTESIAN_POINT('Ctrl Pts',(-28.68,-16.2551091024067,3.56854719495474));
#3556=CARTESIAN_POINT('Ctrl Pts',(-27.3610471949547,-16.2551091024067,3.56854719495474));
#3557=CARTESIAN_POINT('Ctrl Pts',(-27.3610471949547,-16.2551091024067,4.8875));
#3558=CARTESIAN_POINT('Ctrl Pts',(-27.3610471949547,-16.2551091024067,6.20645280504526));
#3559=CARTESIAN_POINT('Ctrl Pts',(-28.68,-16.2551091024067,6.20645280504526));
#3560=CARTESIAN_POINT('Ctrl Pts',(-28.68,-16.1305681163919,6.21631813879546));
#3561=CARTESIAN_POINT('Ctrl Pts',(-30.0088181387955,-16.1305681163919,6.21631813879546));
#3562=CARTESIAN_POINT('Ctrl Pts',(-30.0088181387955,-16.1305681163919,4.8875));
#3563=CARTESIAN_POINT('Ctrl Pts',(-30.0088181387955,-16.1305681163919,3.55868186120454));
#3564=CARTESIAN_POINT('Ctrl Pts',(-28.68,-16.1305681163919,3.55868186120454));
#3565=CARTESIAN_POINT('Ctrl Pts',(-27.3511818612045,-16.1305681163919,3.55868186120454));
#3566=CARTESIAN_POINT('Ctrl Pts',(-27.3511818612045,-16.1305681163919,4.8875));
#3567=CARTESIAN_POINT('Ctrl Pts',(-27.3511818612045,-16.1305681163919,6.21631813879546));
#3568=CARTESIAN_POINT('Ctrl Pts',(-28.68,-16.1305681163919,6.21631813879546));
#3569=CARTESIAN_POINT('Ctrl Pts',(-28.68,-16.0055114646068,6.22434367392018));
#3570=CARTESIAN_POINT('Ctrl Pts',(-30.0168436739202,-16.0055114646068,6.22434367392018));
#3571=CARTESIAN_POINT('Ctrl Pts',(-30.0168436739202,-16.0055114646068,4.8875));
#3572=CARTESIAN_POINT('Ctrl Pts',(-30.0168436739202,-16.0055114646068,3.55065632607982));
#3573=CARTESIAN_POINT('Ctrl Pts',(-28.68,-16.0055114646068,3.55065632607982));
#3574=CARTESIAN_POINT('Ctrl Pts',(-27.3431563260798,-16.0055114646068,3.55065632607982));
#3575=CARTESIAN_POINT('Ctrl Pts',(-27.3431563260798,-16.0055114646068,4.8875));
#3576=CARTESIAN_POINT('Ctrl Pts',(-27.3431563260798,-16.0055114646068,6.22434367392018));
#3577=CARTESIAN_POINT('Ctrl Pts',(-28.68,-16.0055114646068,6.22434367392018));
#3578=CARTESIAN_POINT('Ctrl Pts',(-28.68,-15.8847182168587,6.2325804953251));
#3579=CARTESIAN_POINT('Ctrl Pts',(-30.0250804953251,-15.8847182168587,6.2325804953251));
#3580=CARTESIAN_POINT('Ctrl Pts',(-30.0250804953251,-15.8847182168587,4.8875));
#3581=CARTESIAN_POINT('Ctrl Pts',(-30.0250804953251,-15.8847182168587,3.5424195046749));
#3582=CARTESIAN_POINT('Ctrl Pts',(-28.68,-15.8847182168587,3.5424195046749));
#3583=CARTESIAN_POINT('Ctrl Pts',(-27.3349195046749,-15.8847182168587,3.5424195046749));
#3584=CARTESIAN_POINT('Ctrl Pts',(-27.3349195046749,-15.8847182168587,4.8875));
#3585=CARTESIAN_POINT('Ctrl Pts',(-27.3349195046749,-15.8847182168587,6.2325804953251));
#3586=CARTESIAN_POINT('Ctrl Pts',(-28.68,-15.8847182168587,6.2325804953251));
#3587=CARTESIAN_POINT('Ctrl Pts',(-28.68,-15.7706579743322,6.24227936868264));
#3588=CARTESIAN_POINT('Ctrl Pts',(-30.0347793686826,-15.7706579743322,6.24227936868264));
#3589=CARTESIAN_POINT('Ctrl Pts',(-30.0347793686826,-15.7706579743322,4.8875));
#3590=CARTESIAN_POINT('Ctrl Pts',(-30.0347793686826,-15.7706579743322,3.53272063131736));
#3591=CARTESIAN_POINT('Ctrl Pts',(-28.68,-15.7706579743322,3.53272063131736));
#3592=CARTESIAN_POINT('Ctrl Pts',(-27.3252206313174,-15.7706579743322,3.53272063131736));
#3593=CARTESIAN_POINT('Ctrl Pts',(-27.3252206313174,-15.7706579743322,4.8875));
#3594=CARTESIAN_POINT('Ctrl Pts',(-27.3252206313174,-15.7706579743322,6.24227936868264));
#3595=CARTESIAN_POINT('Ctrl Pts',(-28.68,-15.7706579743322,6.24227936868264));
#3596=CARTESIAN_POINT('Ctrl Pts',(-28.68,-15.66335253986,6.25369316967258));
#3597=CARTESIAN_POINT('Ctrl Pts',(-30.0461931696726,-15.66335253986,6.25369316967258));
#3598=CARTESIAN_POINT('Ctrl Pts',(-30.0461931696726,-15.66335253986,4.8875));
#3599=CARTESIAN_POINT('Ctrl Pts',(-30.0461931696726,-15.66335253986,3.52130683032742));
#3600=CARTESIAN_POINT('Ctrl Pts',(-28.68,-15.66335253986,3.52130683032742));
#3601=CARTESIAN_POINT('Ctrl Pts',(-27.3138068303274,-15.66335253986,3.52130683032742));
#3602=CARTESIAN_POINT('Ctrl Pts',(-27.3138068303274,-15.66335253986,4.8875));
#3603=CARTESIAN_POINT('Ctrl Pts',(-27.3138068303274,-15.66335253986,6.25369316967258));
#3604=CARTESIAN_POINT('Ctrl Pts',(-28.68,-15.66335253986,6.25369316967258));
#3605=CARTESIAN_POINT('Ctrl Pts',(-28.68,-15.5612898409654,6.26645839231138));
#3606=CARTESIAN_POINT('Ctrl Pts',(-30.0589583923114,-15.5612898409654,6.26645839231138));
#3607=CARTESIAN_POINT('Ctrl Pts',(-30.0589583923114,-15.5612898409654,4.8875));
#3608=CARTESIAN_POINT('Ctrl Pts',(-30.0589583923114,-15.5612898409654,3.50854160768862));
#3609=CARTESIAN_POINT('Ctrl Pts',(-28.68,-15.5612898409654,3.50854160768862));
#3610=CARTESIAN_POINT('Ctrl Pts',(-27.3010416076886,-15.5612898409654,3.50854160768862));
#3611=CARTESIAN_POINT('Ctrl Pts',(-27.3010416076886,-15.5612898409654,4.8875));
#3612=CARTESIAN_POINT('Ctrl Pts',(-27.3010416076886,-15.5612898409654,6.26645839231138));
#3613=CARTESIAN_POINT('Ctrl Pts',(-28.68,-15.5612898409654,6.26645839231138));
#3614=CARTESIAN_POINT('Ctrl Pts',(-28.68,-15.4620358017677,6.27981377117006));
#3615=CARTESIAN_POINT('Ctrl Pts',(-30.0723137711701,-15.4620358017677,6.27981377117006));
#3616=CARTESIAN_POINT('Ctrl Pts',(-30.0723137711701,-15.4620358017677,4.8875));
#3617=CARTESIAN_POINT('Ctrl Pts',(-30.0723137711701,-15.4620358017677,3.49518622882994));
#3618=CARTESIAN_POINT('Ctrl Pts',(-28.68,-15.4620358017677,3.49518622882994));
#3619=CARTESIAN_POINT('Ctrl Pts',(-27.2876862288299,-15.4620358017677,3.49518622882994));
#3620=CARTESIAN_POINT('Ctrl Pts',(-27.2876862288299,-15.4620358017677,4.8875));
#3621=CARTESIAN_POINT('Ctrl Pts',(-27.2876862288299,-15.4620358017677,6.27981377117006));
#3622=CARTESIAN_POINT('Ctrl Pts',(-28.68,-15.4620358017677,6.27981377117006));
#3623=CARTESIAN_POINT('Ctrl Pts',(-28.68,-15.3629789536403,6.29288880718545));
#3624=CARTESIAN_POINT('Ctrl Pts',(-30.0853888071855,-15.3629789536403,6.29288880718545));
#3625=CARTESIAN_POINT('Ctrl Pts',(-30.0853888071855,-15.3629789536403,4.8875));
#3626=CARTESIAN_POINT('Ctrl Pts',(-30.0853888071855,-15.3629789536403,3.48211119281455));
#3627=CARTESIAN_POINT('Ctrl Pts',(-28.68,-15.3629789536403,3.48211119281455));
#3628=CARTESIAN_POINT('Ctrl Pts',(-27.2746111928145,-15.3629789536403,3.48211119281455));
#3629=CARTESIAN_POINT('Ctrl Pts',(-27.2746111928145,-15.3629789536403,4.8875));
#3630=CARTESIAN_POINT('Ctrl Pts',(-27.2746111928145,-15.3629789536403,6.29288880718545));
#3631=CARTESIAN_POINT('Ctrl Pts',(-28.68,-15.3629789536403,6.29288880718545));
#3632=CARTESIAN_POINT('Ctrl Pts',(-28.68,-15.2619959947063,6.30495415221564));
#3633=CARTESIAN_POINT('Ctrl Pts',(-30.0974541522156,-15.2619959947063,6.30495415221564));
#3634=CARTESIAN_POINT('Ctrl Pts',(-30.0974541522156,-15.2619959947063,4.8875));
#3635=CARTESIAN_POINT('Ctrl Pts',(-30.0974541522156,-15.2619959947063,3.47004584778436));
#3636=CARTESIAN_POINT('Ctrl Pts',(-28.68,-15.2619959947063,3.47004584778436));
#3637=CARTESIAN_POINT('Ctrl Pts',(-27.2625458477844,-15.2619959947063,3.47004584778436));
#3638=CARTESIAN_POINT('Ctrl Pts',(-27.2625458477844,-15.2619959947063,4.8875));
#3639=CARTESIAN_POINT('Ctrl Pts',(-27.2625458477844,-15.2619959947063,6.30495415221564));
#3640=CARTESIAN_POINT('Ctrl Pts',(-28.68,-15.2619959947063,6.30495415221564));
#3641=CARTESIAN_POINT('Ctrl Pts',(-28.68,-15.1582105770316,6.31571020627693));
#3642=CARTESIAN_POINT('Ctrl Pts',(-30.1082102062769,-15.1582105770316,6.31571020627693));
#3643=CARTESIAN_POINT('Ctrl Pts',(-30.1082102062769,-15.1582105770316,4.8875));
#3644=CARTESIAN_POINT('Ctrl Pts',(-30.1082102062769,-15.1582105770316,3.45928979372307));
#3645=CARTESIAN_POINT('Ctrl Pts',(-28.68,-15.1582105770316,3.45928979372307));
#3646=CARTESIAN_POINT('Ctrl Pts',(-27.2517897937231,-15.1582105770316,3.45928979372307));
#3647=CARTESIAN_POINT('Ctrl Pts',(-27.2517897937231,-15.1582105770316,4.8875));
#3648=CARTESIAN_POINT('Ctrl Pts',(-27.2517897937231,-15.1582105770316,6.31571020627693));
#3649=CARTESIAN_POINT('Ctrl Pts',(-28.68,-15.1582105770316,6.31571020627693));
#3650=CARTESIAN_POINT('Ctrl Pts',(-28.68,-15.0517308211287,6.32519747653919));
#3651=CARTESIAN_POINT('Ctrl Pts',(-30.1176974765392,-15.0517308211287,6.32519747653919));
#3652=CARTESIAN_POINT('Ctrl Pts',(-30.1176974765392,-15.0517308211287,4.8875));
#3653=CARTESIAN_POINT('Ctrl Pts',(-30.1176974765392,-15.0517308211287,3.44980252346081));
#3654=CARTESIAN_POINT('Ctrl Pts',(-28.68,-15.0517308211287,3.44980252346081));
#3655=CARTESIAN_POINT('Ctrl Pts',(-27.2423025234608,-15.0517308211287,3.44980252346081));
#3656=CARTESIAN_POINT('Ctrl Pts',(-27.2423025234608,-15.0517308211287,4.8875));
#3657=CARTESIAN_POINT('Ctrl Pts',(-27.2423025234608,-15.0517308211287,6.32519747653919));
#3658=CARTESIAN_POINT('Ctrl Pts',(-28.68,-15.0517308211287,6.32519747653919));
#3659=CARTESIAN_POINT('Ctrl Pts',(-28.68,-14.9433092448214,6.33367894308271));
#3660=CARTESIAN_POINT('Ctrl Pts',(-30.1261789430827,-14.9433092448214,6.33367894308271));
#3661=CARTESIAN_POINT('Ctrl Pts',(-30.1261789430827,-14.9433092448214,4.8875));
#3662=CARTESIAN_POINT('Ctrl Pts',(-30.1261789430827,-14.9433092448214,3.44132105691729));
#3663=CARTESIAN_POINT('Ctrl Pts',(-28.68,-14.9433092448214,3.44132105691729));
#3664=CARTESIAN_POINT('Ctrl Pts',(-27.2338210569173,-14.9433092448214,3.44132105691729));
#3665=CARTESIAN_POINT('Ctrl Pts',(-27.2338210569173,-14.9433092448214,4.8875));
#3666=CARTESIAN_POINT('Ctrl Pts',(-27.2338210569173,-14.9433092448214,6.33367894308271));
#3667=CARTESIAN_POINT('Ctrl Pts',(-28.68,-14.9433092448214,6.33367894308271));
#3668=CARTESIAN_POINT('Ctrl Pts',(-28.68,-14.8340230542626,6.34152983134257));
#3669=CARTESIAN_POINT('Ctrl Pts',(-30.1340298313426,-14.8340230542626,6.34152983134257));
#3670=CARTESIAN_POINT('Ctrl Pts',(-30.1340298313426,-14.8340230542626,4.8875));
#3671=CARTESIAN_POINT('Ctrl Pts',(-30.1340298313426,-14.8340230542626,3.43347016865743));
#3672=CARTESIAN_POINT('Ctrl Pts',(-28.68,-14.8340230542626,3.43347016865743));
#3673=CARTESIAN_POINT('Ctrl Pts',(-27.2259701686574,-14.8340230542626,3.43347016865743));
#3674=CARTESIAN_POINT('Ctrl Pts',(-27.2259701686574,-14.8340230542626,4.8875));
#3675=CARTESIAN_POINT('Ctrl Pts',(-27.2259701686574,-14.8340230542626,6.34152983134257));
#3676=CARTESIAN_POINT('Ctrl Pts',(-28.68,-14.8340230542626,6.34152983134257));
#3677=CARTESIAN_POINT('Ctrl Pts',(-28.68,-14.724963312391,6.34913029466894));
#3678=CARTESIAN_POINT('Ctrl Pts',(-30.1416302946689,-14.724963312391,6.34913029466894));
#3679=CARTESIAN_POINT('Ctrl Pts',(-30.1416302946689,-14.7249633123911,4.8875));
#3680=CARTESIAN_POINT('Ctrl Pts',(-30.1416302946689,-14.7249633123911,3.42586970533106));
#3681=CARTESIAN_POINT('Ctrl Pts',(-28.68,-14.7249633123911,3.42586970533106));
#3682=CARTESIAN_POINT('Ctrl Pts',(-27.2183697053311,-14.7249633123911,3.42586970533106));
#3683=CARTESIAN_POINT('Ctrl Pts',(-27.2183697053311,-14.7249633123911,4.8875));
#3684=CARTESIAN_POINT('Ctrl Pts',(-27.2183697053311,-14.724963312391,6.34913029466894));
#3685=CARTESIAN_POINT('Ctrl Pts',(-28.68,-14.724963312391,6.34913029466894));
#3686=CARTESIAN_POINT('Ctrl Pts',(-28.68,-14.6168788882131,6.35674254982638));
#3687=CARTESIAN_POINT('Ctrl Pts',(-30.1492425498264,-14.6168788882131,6.35674254982638));
#3688=CARTESIAN_POINT('Ctrl Pts',(-30.1492425498264,-14.6168788882131,4.8875));
#3689=CARTESIAN_POINT('Ctrl Pts',(-30.1492425498264,-14.6168788882131,3.41825745017362));
#3690=CARTESIAN_POINT('Ctrl Pts',(-28.68,-14.6168788882131,3.41825745017362));
#3691=CARTESIAN_POINT('Ctrl Pts',(-27.2107574501736,-14.6168788882131,3.41825745017362));
#3692=CARTESIAN_POINT('Ctrl Pts',(-27.2107574501736,-14.6168788882131,4.8875));
#3693=CARTESIAN_POINT('Ctrl Pts',(-27.2107574501736,-14.6168788882131,6.35674254982638));
#3694=CARTESIAN_POINT('Ctrl Pts',(-28.68,-14.6168788882131,6.35674254982638));
#3695=CARTESIAN_POINT('Ctrl Pts',(-28.68,-14.5099739730588,6.36444101076517));
#3696=CARTESIAN_POINT('Ctrl Pts',(-30.1569410107652,-14.5099739730588,6.36444101076517));
#3697=CARTESIAN_POINT('Ctrl Pts',(-30.1569410107652,-14.5099739730588,4.8875));
#3698=CARTESIAN_POINT('Ctrl Pts',(-30.1569410107652,-14.5099739730588,3.41055898923483));
#3699=CARTESIAN_POINT('Ctrl Pts',(-28.68,-14.5099739730588,3.41055898923483));
#3700=CARTESIAN_POINT('Ctrl Pts',(-27.2030589892348,-14.5099739730588,3.41055898923483));
#3701=CARTESIAN_POINT('Ctrl Pts',(-27.2030589892348,-14.5099739730588,4.8875));
#3702=CARTESIAN_POINT('Ctrl Pts',(-27.2030589892348,-14.5099739730588,6.36444101076517));
#3703=CARTESIAN_POINT('Ctrl Pts',(-28.68,-14.5099739730588,6.36444101076517));
#3704=CARTESIAN_POINT('Ctrl Pts',(-28.68,-14.4041017392153,6.37217922939204));
#3705=CARTESIAN_POINT('Ctrl Pts',(-30.164679229392,-14.4041017392153,6.37217922939204));
#3706=CARTESIAN_POINT('Ctrl Pts',(-30.164679229392,-14.4041017392153,4.8875));
#3707=CARTESIAN_POINT('Ctrl Pts',(-30.164679229392,-14.4041017392153,3.40282077060796));
#3708=CARTESIAN_POINT('Ctrl Pts',(-28.68,-14.4041017392153,3.40282077060796));
#3709=CARTESIAN_POINT('Ctrl Pts',(-27.195320770608,-14.4041017392153,3.40282077060796));
#3710=CARTESIAN_POINT('Ctrl Pts',(-27.195320770608,-14.4041017392153,4.8875));
#3711=CARTESIAN_POINT('Ctrl Pts',(-27.195320770608,-14.4041017392153,6.37217922939204));
#3712=CARTESIAN_POINT('Ctrl Pts',(-28.68,-14.4041017392153,6.37217922939204));
#3713=CARTESIAN_POINT('Ctrl Pts',(-28.68,-14.2988794333833,6.37982969506783));
#3714=CARTESIAN_POINT('Ctrl Pts',(-30.1723296950678,-14.2988794333833,6.37982969506783));
#3715=CARTESIAN_POINT('Ctrl Pts',(-30.1723296950678,-14.2988794333833,4.8875));
#3716=CARTESIAN_POINT('Ctrl Pts',(-30.1723296950678,-14.2988794333833,3.39517030493217));
#3717=CARTESIAN_POINT('Ctrl Pts',(-28.68,-14.2988794333833,3.39517030493217));
#3718=CARTESIAN_POINT('Ctrl Pts',(-27.1876703049322,-14.2988794333833,3.39517030493217));
#3719=CARTESIAN_POINT('Ctrl Pts',(-27.1876703049322,-14.2988794333833,4.8875));
#3720=CARTESIAN_POINT('Ctrl Pts',(-27.1876703049322,-14.2988794333833,6.37982969506783));
#3721=CARTESIAN_POINT('Ctrl Pts',(-28.68,-14.2988794333833,6.37982969506783));
#3722=CARTESIAN_POINT('Ctrl Pts',(-28.68,-14.1938392832636,6.38723601985598));
#3723=CARTESIAN_POINT('Ctrl Pts',(-30.179736019856,-14.1938392832636,6.38723601985598));
#3724=CARTESIAN_POINT('Ctrl Pts',(-30.179736019856,-14.1938392832636,4.8875));
#3725=CARTESIAN_POINT('Ctrl Pts',(-30.179736019856,-14.1938392832636,3.38776398014402));
#3726=CARTESIAN_POINT('Ctrl Pts',(-28.68,-14.1938392832636,3.38776398014402));
#3727=CARTESIAN_POINT('Ctrl Pts',(-27.180263980144,-14.1938392832636,3.38776398014402));
#3728=CARTESIAN_POINT('Ctrl Pts',(-27.180263980144,-14.1938392832636,4.8875));
#3729=CARTESIAN_POINT('Ctrl Pts',(-27.180263980144,-14.1938392832636,6.38723601985598));
#3730=CARTESIAN_POINT('Ctrl Pts',(-28.68,-14.1938392832636,6.38723601985598));
#3731=CARTESIAN_POINT('Ctrl Pts',(-28.68,-14.0885530580674,6.39425598701129));
#3732=CARTESIAN_POINT('Ctrl Pts',(-30.1867559870113,-14.0885530580674,6.39425598701129));
#3733=CARTESIAN_POINT('Ctrl Pts',(-30.1867559870113,-14.0885530580674,4.8875));
#3734=CARTESIAN_POINT('Ctrl Pts',(-30.1867559870113,-14.0885530580674,3.38074401298871));
#3735=CARTESIAN_POINT('Ctrl Pts',(-28.68,-14.0885530580674,3.38074401298871));
#3736=CARTESIAN_POINT('Ctrl Pts',(-27.1732440129887,-14.0885530580674,3.38074401298871));
#3737=CARTESIAN_POINT('Ctrl Pts',(-27.1732440129887,-14.0885530580674,4.8875));
#3738=CARTESIAN_POINT('Ctrl Pts',(-27.1732440129887,-14.0885530580674,6.39425598701129));
#3739=CARTESIAN_POINT('Ctrl Pts',(-28.68,-14.0885530580674,6.39425598701129));
#3740=CARTESIAN_POINT('Ctrl Pts',(-28.68,-13.9827958322594,6.40081823428223));
#3741=CARTESIAN_POINT('Ctrl Pts',(-30.1933182342822,-13.9827958322594,6.40081823428223));
#3742=CARTESIAN_POINT('Ctrl Pts',(-30.1933182342822,-13.9827958322594,4.8875));
#3743=CARTESIAN_POINT('Ctrl Pts',(-30.1933182342822,-13.9827958322594,3.37418176571777));
#3744=CARTESIAN_POINT('Ctrl Pts',(-28.68,-13.9827958322594,3.37418176571777));
#3745=CARTESIAN_POINT('Ctrl Pts',(-27.1666817657178,-13.9827958322594,3.37418176571777));
#3746=CARTESIAN_POINT('Ctrl Pts',(-27.1666817657178,-13.9827958322594,4.8875));
#3747=CARTESIAN_POINT('Ctrl Pts',(-27.1666817657178,-13.9827958322594,6.40081823428223));
#3748=CARTESIAN_POINT('Ctrl Pts',(-28.68,-13.9827958322594,6.40081823428223));
#3749=CARTESIAN_POINT('Ctrl Pts',(-28.68,-13.8765462095471,6.40692200277698));
#3750=CARTESIAN_POINT('Ctrl Pts',(-30.199422002777,-13.8765462095471,6.40692200277698));
#3751=CARTESIAN_POINT('Ctrl Pts',(-30.199422002777,-13.8765462095471,4.8875));
#3752=CARTESIAN_POINT('Ctrl Pts',(-30.199422002777,-13.8765462095471,3.36807799722302));
#3753=CARTESIAN_POINT('Ctrl Pts',(-28.68,-13.8765462095471,3.36807799722302));
#3754=CARTESIAN_POINT('Ctrl Pts',(-27.160577997223,-13.8765462095471,3.36807799722302));
#3755=CARTESIAN_POINT('Ctrl Pts',(-27.160577997223,-13.8765462095471,4.8875));
#3756=CARTESIAN_POINT('Ctrl Pts',(-27.160577997223,-13.8765462095471,6.40692200277698));
#3757=CARTESIAN_POINT('Ctrl Pts',(-28.68,-13.8765462095471,6.40692200277698));
#3758=CARTESIAN_POINT('Ctrl Pts',(-28.68,-13.7699108770303,6.41261053798067));
#3759=CARTESIAN_POINT('Ctrl Pts',(-30.2051105379807,-13.7699108770303,6.41261053798067));
#3760=CARTESIAN_POINT('Ctrl Pts',(-30.2051105379807,-13.7699108770303,4.8875));
#3761=CARTESIAN_POINT('Ctrl Pts',(-30.2051105379807,-13.7699108770303,3.36238946201933));
#3762=CARTESIAN_POINT('Ctrl Pts',(-28.68,-13.7699108770303,3.36238946201933));
#3763=CARTESIAN_POINT('Ctrl Pts',(-27.1548894620193,-13.7699108770303,3.36238946201933));
#3764=CARTESIAN_POINT('Ctrl Pts',(-27.1548894620193,-13.7699108770303,4.8875));
#3765=CARTESIAN_POINT('Ctrl Pts',(-27.1548894620193,-13.7699108770303,6.41261053798067));
#3766=CARTESIAN_POINT('Ctrl Pts',(-28.68,-13.7699108770303,6.41261053798067));
#3767=CARTESIAN_POINT('Ctrl Pts',(-28.68,-13.663072778889,6.41795271255498));
#3768=CARTESIAN_POINT('Ctrl Pts',(-30.210452712555,-13.663072778889,6.41795271255498));
#3769=CARTESIAN_POINT('Ctrl Pts',(-30.210452712555,-13.663072778889,4.8875));
#3770=CARTESIAN_POINT('Ctrl Pts',(-30.210452712555,-13.663072778889,3.35704728744502));
#3771=CARTESIAN_POINT('Ctrl Pts',(-28.68,-13.663072778889,3.35704728744502));
#3772=CARTESIAN_POINT('Ctrl Pts',(-27.149547287445,-13.663072778889,3.35704728744502));
#3773=CARTESIAN_POINT('Ctrl Pts',(-27.149547287445,-13.663072778889,4.8875));
#3774=CARTESIAN_POINT('Ctrl Pts',(-27.149547287445,-13.663072778889,6.41795271255498));
#3775=CARTESIAN_POINT('Ctrl Pts',(-28.68,-13.663072778889,6.41795271255498));
#3776=CARTESIAN_POINT('Ctrl Pts',(-28.68,-13.5562300620995,6.42302144297819));
#3777=CARTESIAN_POINT('Ctrl Pts',(-30.2155214429782,-13.5562300620995,6.42302144297819));
#3778=CARTESIAN_POINT('Ctrl Pts',(-30.2155214429782,-13.5562300620995,4.8875));
#3779=CARTESIAN_POINT('Ctrl Pts',(-30.2155214429782,-13.5562300620995,3.35197855702181));
#3780=CARTESIAN_POINT('Ctrl Pts',(-28.68,-13.5562300620995,3.35197855702181));
#3781=CARTESIAN_POINT('Ctrl Pts',(-27.1444785570218,-13.5562300620995,3.35197855702181));
#3782=CARTESIAN_POINT('Ctrl Pts',(-27.1444785570218,-13.5562300620995,4.8875));
#3783=CARTESIAN_POINT('Ctrl Pts',(-27.1444785570218,-13.5562300620995,6.42302144297819));
#3784=CARTESIAN_POINT('Ctrl Pts',(-28.68,-13.5562300620995,6.42302144297819));
#3785=CARTESIAN_POINT('Ctrl Pts',(-28.68,-13.4495377442231,6.4278730361938));
#3786=CARTESIAN_POINT('Ctrl Pts',(-30.2203730361938,-13.4495377442231,6.4278730361938));
#3787=CARTESIAN_POINT('Ctrl Pts',(-30.2203730361938,-13.4495377442231,4.8875));
#3788=CARTESIAN_POINT('Ctrl Pts',(-30.2203730361938,-13.4495377442231,3.3471269638062));
#3789=CARTESIAN_POINT('Ctrl Pts',(-28.68,-13.4495377442231,3.3471269638062));
#3790=CARTESIAN_POINT('Ctrl Pts',(-27.1396269638062,-13.4495377442231,3.3471269638062));
#3791=CARTESIAN_POINT('Ctrl Pts',(-27.1396269638062,-13.4495377442231,4.8875));
#3792=CARTESIAN_POINT('Ctrl Pts',(-27.1396269638062,-13.4495377442231,6.4278730361938));
#3793=CARTESIAN_POINT('Ctrl Pts',(-28.68,-13.4495377442231,6.4278730361938));
#3794=CARTESIAN_POINT('Ctrl Pts',(-28.68,-13.3430517601734,6.43252741340414));
#3795=CARTESIAN_POINT('Ctrl Pts',(-30.2250274134041,-13.3430517601734,6.43252741340414));
#3796=CARTESIAN_POINT('Ctrl Pts',(-30.2250274134041,-13.3430517601734,4.8875));
#3797=CARTESIAN_POINT('Ctrl Pts',(-30.2250274134041,-13.3430517601734,3.34247258659586));
#3798=CARTESIAN_POINT('Ctrl Pts',(-28.68,-13.3430517601734,3.34247258659586));
#3799=CARTESIAN_POINT('Ctrl Pts',(-27.1349725865959,-13.3430517601734,3.34247258659586));
#3800=CARTESIAN_POINT('Ctrl Pts',(-27.1349725865959,-13.3430517601734,4.8875));
#3801=CARTESIAN_POINT('Ctrl Pts',(-27.1349725865959,-13.3430517601734,6.43252741340414));
#3802=CARTESIAN_POINT('Ctrl Pts',(-28.68,-13.3430517601734,6.43252741340414));
#3803=CARTESIAN_POINT('Ctrl Pts',(-28.68,-13.2367571346425,6.43697865608148));
#3804=CARTESIAN_POINT('Ctrl Pts',(-30.2294786560815,-13.2367571346425,6.43697865608148));
#3805=CARTESIAN_POINT('Ctrl Pts',(-30.2294786560815,-13.2367571346425,4.8875));
#3806=CARTESIAN_POINT('Ctrl Pts',(-30.2294786560815,-13.2367571346425,3.33802134391852));
#3807=CARTESIAN_POINT('Ctrl Pts',(-28.68,-13.2367571346425,3.33802134391852));
#3808=CARTESIAN_POINT('Ctrl Pts',(-27.1305213439185,-13.2367571346425,3.33802134391852));
#3809=CARTESIAN_POINT('Ctrl Pts',(-27.1305213439185,-13.2367571346425,4.8875));
#3810=CARTESIAN_POINT('Ctrl Pts',(-27.1305213439185,-13.2367571346425,6.43697865608148));
#3811=CARTESIAN_POINT('Ctrl Pts',(-28.68,-13.2367571346425,6.43697865608148));
#3812=CARTESIAN_POINT('Ctrl Pts',(-28.68,-13.1305915933481,6.44120389776212));
#3813=CARTESIAN_POINT('Ctrl Pts',(-30.2337038977621,-13.1305915933481,6.44120389776212));
#3814=CARTESIAN_POINT('Ctrl Pts',(-30.2337038977621,-13.1305915933481,4.8875));
#3815=CARTESIAN_POINT('Ctrl Pts',(-30.2337038977621,-13.1305915933481,3.33379610223788));
#3816=CARTESIAN_POINT('Ctrl Pts',(-28.68,-13.1305915933481,3.33379610223788));
#3817=CARTESIAN_POINT('Ctrl Pts',(-27.1262961022379,-13.1305915933481,3.33379610223788));
#3818=CARTESIAN_POINT('Ctrl Pts',(-27.1262961022379,-13.1305915933481,4.8875));
#3819=CARTESIAN_POINT('Ctrl Pts',(-27.1262961022379,-13.1305915933481,6.44120389776212));
#3820=CARTESIAN_POINT('Ctrl Pts',(-28.68,-13.1305915933481,6.44120389776212));
#3821=CARTESIAN_POINT('Ctrl Pts',(-28.68,-13.0244717044736,6.44517315945903));
#3822=CARTESIAN_POINT('Ctrl Pts',(-30.237673159459,-13.0244717044736,6.44517315945903));
#3823=CARTESIAN_POINT('Ctrl Pts',(-30.237673159459,-13.0244717044736,4.8875));
#3824=CARTESIAN_POINT('Ctrl Pts',(-30.237673159459,-13.0244717044736,3.32982684054097));
#3825=CARTESIAN_POINT('Ctrl Pts',(-28.68,-13.0244717044736,3.32982684054097));
#3826=CARTESIAN_POINT('Ctrl Pts',(-27.122326840541,-13.0244717044736,3.32982684054097));
#3827=CARTESIAN_POINT('Ctrl Pts',(-27.122326840541,-13.0244717044736,4.8875));
#3828=CARTESIAN_POINT('Ctrl Pts',(-27.122326840541,-13.0244717044736,6.44517315945903));
#3829=CARTESIAN_POINT('Ctrl Pts',(-28.68,-13.0244717044736,6.44517315945903));
#3830=CARTESIAN_POINT('Ctrl Pts',(-28.68,-12.9183160580208,6.44885804124554));
#3831=CARTESIAN_POINT('Ctrl Pts',(-30.2413580412455,-12.9183160580208,6.44885804124554));
#3832=CARTESIAN_POINT('Ctrl Pts',(-30.2413580412455,-12.9183160580208,4.8875));
#3833=CARTESIAN_POINT('Ctrl Pts',(-30.2413580412455,-12.9183160580208,3.32614195875446));
#3834=CARTESIAN_POINT('Ctrl Pts',(-28.68,-12.9183160580208,3.32614195875446));
#3835=CARTESIAN_POINT('Ctrl Pts',(-27.1186419587545,-12.9183160580208,3.32614195875446));
#3836=CARTESIAN_POINT('Ctrl Pts',(-27.1186419587545,-12.9183160580208,4.8875));
#3837=CARTESIAN_POINT('Ctrl Pts',(-27.1186419587545,-12.9183160580208,6.44885804124554));
#3838=CARTESIAN_POINT('Ctrl Pts',(-28.68,-12.9183160580208,6.44885804124554));
#3839=CARTESIAN_POINT('Ctrl Pts',(-28.68,-12.8120742955104,6.45224271071865));
#3840=CARTESIAN_POINT('Ctrl Pts',(-30.2447427107186,-12.8120742955104,6.45224271071865));
#3841=CARTESIAN_POINT('Ctrl Pts',(-30.2447427107186,-12.8120742955104,4.8875));
#3842=CARTESIAN_POINT('Ctrl Pts',(-30.2447427107186,-12.8120742955104,3.32275728928135));
#3843=CARTESIAN_POINT('Ctrl Pts',(-28.68,-12.8120742955104,3.32275728928135));
#3844=CARTESIAN_POINT('Ctrl Pts',(-27.1152572892814,-12.8120742955104,3.32275728928135));
#3845=CARTESIAN_POINT('Ctrl Pts',(-27.1152572892814,-12.8120742955104,4.8875));
#3846=CARTESIAN_POINT('Ctrl Pts',(-27.1152572892814,-12.8120742955104,6.45224271071865));
#3847=CARTESIAN_POINT('Ctrl Pts',(-28.68,-12.8120742955104,6.45224271071865));
#3848=CARTESIAN_POINT('Ctrl Pts',(-28.68,-12.7057367395488,6.45532724671261));
#3849=CARTESIAN_POINT('Ctrl Pts',(-30.2478272467126,-12.7057367395488,6.45532724671261));
#3850=CARTESIAN_POINT('Ctrl Pts',(-30.2478272467126,-12.7057367395488,4.8875));
#3851=CARTESIAN_POINT('Ctrl Pts',(-30.2478272467126,-12.7057367395488,3.31967275328739));
#3852=CARTESIAN_POINT('Ctrl Pts',(-28.68,-12.7057367395488,3.31967275328739));
#3853=CARTESIAN_POINT('Ctrl Pts',(-27.1121727532874,-12.7057367395488,3.31967275328739));
#3854=CARTESIAN_POINT('Ctrl Pts',(-27.1121727532874,-12.7057367395488,4.8875));
#3855=CARTESIAN_POINT('Ctrl Pts',(-27.1121727532874,-12.7057367395488,6.45532724671261));
#3856=CARTESIAN_POINT('Ctrl Pts',(-28.68,-12.7057367395488,6.45532724671261));
#3857=CARTESIAN_POINT('Ctrl Pts',(-28.68,-12.5993191403899,6.45812116110467));
#3858=CARTESIAN_POINT('Ctrl Pts',(-30.2506211611047,-12.5993191403899,6.45812116110467));
#3859=CARTESIAN_POINT('Ctrl Pts',(-30.2506211611047,-12.5993191403899,4.8875));
#3860=CARTESIAN_POINT('Ctrl Pts',(-30.2506211611047,-12.5993191403899,3.31687883889533));
#3861=CARTESIAN_POINT('Ctrl Pts',(-28.68,-12.5993191403899,3.31687883889533));
#3862=CARTESIAN_POINT('Ctrl Pts',(-27.1093788388953,-12.5993191403899,3.31687883889533));
#3863=CARTESIAN_POINT('Ctrl Pts',(-27.1093788388953,-12.5993191403899,4.8875));
#3864=CARTESIAN_POINT('Ctrl Pts',(-27.1093788388953,-12.5993191403899,6.45812116110467));
#3865=CARTESIAN_POINT('Ctrl Pts',(-28.68,-12.5993191403899,6.45812116110467));
#3866=CARTESIAN_POINT('Ctrl Pts',(-28.68,-12.4928537944159,6.46063944797729));
#3867=CARTESIAN_POINT('Ctrl Pts',(-30.2531394479773,-12.4928537944159,6.46063944797729));
#3868=CARTESIAN_POINT('Ctrl Pts',(-30.2531394479773,-12.4928537944159,4.8875));
#3869=CARTESIAN_POINT('Ctrl Pts',(-30.2531394479773,-12.4928537944159,3.31436055202271));
#3870=CARTESIAN_POINT('Ctrl Pts',(-28.68,-12.4928537944159,3.31436055202271));
#3871=CARTESIAN_POINT('Ctrl Pts',(-27.1068605520227,-12.4928537944159,3.31436055202271));
#3872=CARTESIAN_POINT('Ctrl Pts',(-27.1068605520227,-12.4928537944159,4.8875));
#3873=CARTESIAN_POINT('Ctrl Pts',(-27.1068605520227,-12.4928537944159,6.46063944797729));
#3874=CARTESIAN_POINT('Ctrl Pts',(-28.68,-12.4928537944159,6.46063944797729));
#3875=CARTESIAN_POINT('Ctrl Pts',(-28.68,-12.3863778338186,6.46289748544317));
#3876=CARTESIAN_POINT('Ctrl Pts',(-30.2553974854432,-12.3863778338186,6.46289748544317));
#3877=CARTESIAN_POINT('Ctrl Pts',(-30.2553974854432,-12.3863778338186,4.8875));
#3878=CARTESIAN_POINT('Ctrl Pts',(-30.2553974854432,-12.3863778338186,3.31210251455683));
#3879=CARTESIAN_POINT('Ctrl Pts',(-28.68,-12.3863778338186,3.31210251455683));
#3880=CARTESIAN_POINT('Ctrl Pts',(-27.1046025145568,-12.3863778338186,3.31210251455683));
#3881=CARTESIAN_POINT('Ctrl Pts',(-27.1046025145568,-12.3863778338186,4.8875));
#3882=CARTESIAN_POINT('Ctrl Pts',(-27.1046025145568,-12.3863778338186,6.46289748544317));
#3883=CARTESIAN_POINT('Ctrl Pts',(-28.68,-12.3863778338186,6.46289748544317));
#3884=CARTESIAN_POINT('Ctrl Pts',(-28.68,-12.2799233235061,6.46490672295108));
#3885=CARTESIAN_POINT('Ctrl Pts',(-30.2574067229511,-12.2799233235061,6.46490672295108));
#3886=CARTESIAN_POINT('Ctrl Pts',(-30.2574067229511,-12.2799233235061,4.8875));
#3887=CARTESIAN_POINT('Ctrl Pts',(-30.2574067229511,-12.2799233235061,3.31009327704892));
#3888=CARTESIAN_POINT('Ctrl Pts',(-28.68,-12.2799233235061,3.31009327704892));
#3889=CARTESIAN_POINT('Ctrl Pts',(-27.1025932770489,-12.2799233235061,3.31009327704892));
#3890=CARTESIAN_POINT('Ctrl Pts',(-27.1025932770489,-12.2799233235061,4.8875));
#3891=CARTESIAN_POINT('Ctrl Pts',(-27.1025932770489,-12.2799233235061,6.46490672295108));
#3892=CARTESIAN_POINT('Ctrl Pts',(-28.68,-12.2799233235061,6.46490672295108));
#3893=CARTESIAN_POINT('Ctrl Pts',(-28.68,-12.1735050240472,6.46666925970255));
#3894=CARTESIAN_POINT('Ctrl Pts',(-30.2591692597026,-12.1735050240472,6.46666925970255));
#3895=CARTESIAN_POINT('Ctrl Pts',(-30.2591692597026,-12.1735050240472,4.8875));
#3896=CARTESIAN_POINT('Ctrl Pts',(-30.2591692597026,-12.1735050240472,3.30833074029745));
#3897=CARTESIAN_POINT('Ctrl Pts',(-28.68,-12.1735050240472,3.30833074029745));
#3898=CARTESIAN_POINT('Ctrl Pts',(-27.1008307402974,-12.1735050240472,3.30833074029745));
#3899=CARTESIAN_POINT('Ctrl Pts',(-27.1008307402974,-12.1735050240472,4.8875));
#3900=CARTESIAN_POINT('Ctrl Pts',(-27.1008307402974,-12.1735050240472,6.46666925970255));
#3901=CARTESIAN_POINT('Ctrl Pts',(-28.68,-12.1735050240472,6.46666925970255));
#3902=CARTESIAN_POINT('Ctrl Pts',(-28.68,-12.0671229224531,6.46817970353752));
#3903=CARTESIAN_POINT('Ctrl Pts',(-30.2606797035375,-12.0671229224531,6.46817970353752));
#3904=CARTESIAN_POINT('Ctrl Pts',(-30.2606797035375,-12.0671229224531,4.8875));
#3905=CARTESIAN_POINT('Ctrl Pts',(-30.2606797035375,-12.0671229224531,3.30682029646248));
#3906=CARTESIAN_POINT('Ctrl Pts',(-28.68,-12.0671229224531,3.30682029646248));
#3907=CARTESIAN_POINT('Ctrl Pts',(-27.0993202964625,-12.0671229224531,3.30682029646248));
#3908=CARTESIAN_POINT('Ctrl Pts',(-27.0993202964625,-12.0671229224531,4.8875));
#3909=CARTESIAN_POINT('Ctrl Pts',(-27.0993202964625,-12.0671229224531,6.46817970353752));
#3910=CARTESIAN_POINT('Ctrl Pts',(-28.68,-12.0671229224531,6.46817970353752));
#3911=CARTESIAN_POINT('Ctrl Pts',(-28.68,-11.960767471538,6.46942836785119));
#3912=CARTESIAN_POINT('Ctrl Pts',(-30.2619283678512,-11.960767471538,6.46942836785119));
#3913=CARTESIAN_POINT('Ctrl Pts',(-30.2619283678512,-11.960767471538,4.8875));
#3914=CARTESIAN_POINT('Ctrl Pts',(-30.2619283678512,-11.960767471538,3.30557163214881));
#3915=CARTESIAN_POINT('Ctrl Pts',(-28.68,-11.960767471538,3.30557163214881));
#3916=CARTESIAN_POINT('Ctrl Pts',(-27.0980716321488,-11.960767471538,3.30557163214881));
#3917=CARTESIAN_POINT('Ctrl Pts',(-27.0980716321488,-11.960767471538,4.8875));
#3918=CARTESIAN_POINT('Ctrl Pts',(-27.0980716321488,-11.960767471538,6.46942836785119));
#3919=CARTESIAN_POINT('Ctrl Pts',(-28.68,-11.960767471538,6.46942836785119));
#3920=CARTESIAN_POINT('Ctrl Pts',(-28.68,-11.8544239726747,6.4704040627282));
#3921=CARTESIAN_POINT('Ctrl Pts',(-30.2629040627282,-11.8544239726747,6.47040406272819));
#3922=CARTESIAN_POINT('Ctrl Pts',(-30.2629040627282,-11.8544239726747,4.8875));
#3923=CARTESIAN_POINT('Ctrl Pts',(-30.2629040627282,-11.8544239726747,3.30459593727181));
#3924=CARTESIAN_POINT('Ctrl Pts',(-28.68,-11.8544239726747,3.30459593727181));
#3925=CARTESIAN_POINT('Ctrl Pts',(-27.0970959372718,-11.8544239726747,3.30459593727181));
#3926=CARTESIAN_POINT('Ctrl Pts',(-27.0970959372718,-11.8544239726747,4.8875));
#3927=CARTESIAN_POINT('Ctrl Pts',(-27.0970959372718,-11.8544239726747,6.47040406272819));
#3928=CARTESIAN_POINT('Ctrl Pts',(-28.68,-11.8544239726747,6.4704040627282));
#3929=CARTESIAN_POINT('Ctrl Pts',(-28.68,-11.7480771348245,6.47109692688387));
#3930=CARTESIAN_POINT('Ctrl Pts',(-30.2635969268839,-11.7480771348245,6.47109692688387));
#3931=CARTESIAN_POINT('Ctrl Pts',(-30.2635969268839,-11.7480771348245,4.8875));
#3932=CARTESIAN_POINT('Ctrl Pts',(-30.2635969268839,-11.7480771348245,3.30390307311613));
#3933=CARTESIAN_POINT('Ctrl Pts',(-28.68,-11.7480771348245,3.30390307311613));
#3934=CARTESIAN_POINT('Ctrl Pts',(-27.0964030731161,-11.7480771348245,3.30390307311613));
#3935=CARTESIAN_POINT('Ctrl Pts',(-27.0964030731161,-11.7480771348245,4.8875));
#3936=CARTESIAN_POINT('Ctrl Pts',(-27.0964030731161,-11.7480771348245,6.47109692688387));
#3937=CARTESIAN_POINT('Ctrl Pts',(-28.68,-11.7480771348245,6.47109692688387));
#3938=CARTESIAN_POINT('Ctrl Pts',(-28.68,-11.6417159862836,6.47150154966982));
#3939=CARTESIAN_POINT('Ctrl Pts',(-30.2640015496698,-11.6417159862836,6.47150154966982));
#3940=CARTESIAN_POINT('Ctrl Pts',(-30.2640015496698,-11.6417159862836,4.8875));
#3941=CARTESIAN_POINT('Ctrl Pts',(-30.2640015496698,-11.6417159862836,3.30349845033018));
#3942=CARTESIAN_POINT('Ctrl Pts',(-28.68,-11.6417159862836,3.30349845033018));
#3943=CARTESIAN_POINT('Ctrl Pts',(-27.0959984503302,-11.6417159862836,3.30349845033018));
#3944=CARTESIAN_POINT('Ctrl Pts',(-27.0959984503302,-11.6417159862836,4.8875));
#3945=CARTESIAN_POINT('Ctrl Pts',(-27.0959984503302,-11.6417159862836,6.47150154966982));
#3946=CARTESIAN_POINT('Ctrl Pts',(-28.68,-11.6417159862836,6.47150154966982));
#3947=CARTESIAN_POINT('Ctrl Pts',(-28.68,-11.5353373155101,6.47161902573947));
#3948=CARTESIAN_POINT('Ctrl Pts',(-30.2641190257395,-11.5353373155101,6.47161902573946));
#3949=CARTESIAN_POINT('Ctrl Pts',(-30.2641190257395,-11.5353373155101,4.8875));
#3950=CARTESIAN_POINT('Ctrl Pts',(-30.2641190257395,-11.5353373155101,3.30338097426054));
#3951=CARTESIAN_POINT('Ctrl Pts',(-28.68,-11.5353373155101,3.30338097426054));
#3952=CARTESIAN_POINT('Ctrl Pts',(-27.0958809742605,-11.5353373155101,3.30338097426054));
#3953=CARTESIAN_POINT('Ctrl Pts',(-27.0958809742605,-11.5353373155101,4.8875));
#3954=CARTESIAN_POINT('Ctrl Pts',(-27.0958809742605,-11.5353373155101,6.47161902573946));
#3955=CARTESIAN_POINT('Ctrl Pts',(-28.68,-11.5353373155101,6.47161902573947));
#3956=CARTESIAN_POINT('Ctrl Pts',(-28.68,-11.4289430830967,6.4714546949693));
#3957=CARTESIAN_POINT('Ctrl Pts',(-30.2639546949693,-11.4289430830967,6.4714546949693));
#3958=CARTESIAN_POINT('Ctrl Pts',(-30.2639546949693,-11.4289430830967,4.8875));
#3959=CARTESIAN_POINT('Ctrl Pts',(-30.2639546949693,-11.4289430830967,3.3035453050307));
#3960=CARTESIAN_POINT('Ctrl Pts',(-28.68,-11.4289430830967,3.3035453050307));
#3961=CARTESIAN_POINT('Ctrl Pts',(-27.0960453050307,-11.4289430830967,3.3035453050307));
#3962=CARTESIAN_POINT('Ctrl Pts',(-27.0960453050307,-11.4289430830967,4.8875));
#3963=CARTESIAN_POINT('Ctrl Pts',(-27.0960453050307,-11.4289430830967,6.4714546949693));
#3964=CARTESIAN_POINT('Ctrl Pts',(-28.68,-11.4289430830967,6.4714546949693));
#3965=CARTESIAN_POINT('Ctrl Pts',(-28.68,-11.3225387951313,6.47101657714622));
#3966=CARTESIAN_POINT('Ctrl Pts',(-30.2635165771462,-11.3225387951313,6.47101657714622));
#3967=CARTESIAN_POINT('Ctrl Pts',(-30.2635165771462,-11.3225387951313,4.8875));
#3968=CARTESIAN_POINT('Ctrl Pts',(-30.2635165771462,-11.3225387951313,3.30398342285378));
#3969=CARTESIAN_POINT('Ctrl Pts',(-28.68,-11.3225387951313,3.30398342285378));
#3970=CARTESIAN_POINT('Ctrl Pts',(-27.0964834228538,-11.3225387951313,3.30398342285378));
#3971=CARTESIAN_POINT('Ctrl Pts',(-27.0964834228538,-11.3225387951313,4.8875));
#3972=CARTESIAN_POINT('Ctrl Pts',(-27.0964834228538,-11.3225387951313,6.47101657714622));
#3973=CARTESIAN_POINT('Ctrl Pts',(-28.68,-11.3225387951313,6.47101657714622));
#3974=CARTESIAN_POINT('Ctrl Pts',(-28.68,-11.2161314376939,6.47031347359471));
#3975=CARTESIAN_POINT('Ctrl Pts',(-30.2628134735947,-11.2161314376939,6.47031347359471));
#3976=CARTESIAN_POINT('Ctrl Pts',(-30.2628134735947,-11.2161314376939,4.8875));
#3977=CARTESIAN_POINT('Ctrl Pts',(-30.2628134735947,-11.2161314376939,3.30468652640529));
#3978=CARTESIAN_POINT('Ctrl Pts',(-28.68,-11.2161314376939,3.30468652640529));
#3979=CARTESIAN_POINT('Ctrl Pts',(-27.0971865264053,-11.2161314376939,3.30468652640529));
#3980=CARTESIAN_POINT('Ctrl Pts',(-27.0971865264053,-11.2161314376939,4.8875));
#3981=CARTESIAN_POINT('Ctrl Pts',(-27.0971865264053,-11.2161314376939,6.47031347359471));
#3982=CARTESIAN_POINT('Ctrl Pts',(-28.68,-11.2161314376939,6.47031347359471));
#3983=CARTESIAN_POINT('Ctrl Pts',(-28.68,-11.1097277473107,6.46935335628651));
#3984=CARTESIAN_POINT('Ctrl Pts',(-30.2618533562865,-11.1097277473107,6.46935335628651));
#3985=CARTESIAN_POINT('Ctrl Pts',(-30.2618533562865,-11.1097277473107,4.8875));
#3986=CARTESIAN_POINT('Ctrl Pts',(-30.2618533562865,-11.1097277473107,3.30564664371349));
#3987=CARTESIAN_POINT('Ctrl Pts',(-28.68,-11.1097277473107,3.30564664371349));
#3988=CARTESIAN_POINT('Ctrl Pts',(-27.0981466437135,-11.1097277473107,3.30564664371349));
#3989=CARTESIAN_POINT('Ctrl Pts',(-27.0981466437135,-11.1097277473107,4.8875));
#3990=CARTESIAN_POINT('Ctrl Pts',(-27.0981466437135,-11.1097277473107,6.46935335628651));
#3991=CARTESIAN_POINT('Ctrl Pts',(-28.68,-11.1097277473107,6.46935335628651));
#3992=CARTESIAN_POINT('Ctrl Pts',(-28.68,-11.0033319666907,6.46814127114436));
#3993=CARTESIAN_POINT('Ctrl Pts',(-30.2606412711444,-11.0033319666907,6.46814127114436));
#3994=CARTESIAN_POINT('Ctrl Pts',(-30.2606412711444,-11.0033319666907,4.8875));
#3995=CARTESIAN_POINT('Ctrl Pts',(-30.2606412711444,-11.0033319666907,3.30685872885564));
#3996=CARTESIAN_POINT('Ctrl Pts',(-28.68,-11.0033319666907,3.30685872885564));
#3997=CARTESIAN_POINT('Ctrl Pts',(-27.0993587288556,-11.0033319666907,3.30685872885564));
#3998=CARTESIAN_POINT('Ctrl Pts',(-27.0993587288556,-11.0033319666907,4.8875));
#3999=CARTESIAN_POINT('Ctrl Pts',(-27.0993587288556,-11.0033319666907,6.46814127114436));
#4000=CARTESIAN_POINT('Ctrl Pts',(-28.68,-11.0033319666907,6.46814127114436));
#4001=CARTESIAN_POINT('Ctrl Pts',(-28.68,-10.8969455333189,6.46667912433115));
#4002=CARTESIAN_POINT('Ctrl Pts',(-30.2591791243312,-10.8969455333189,6.46667912433115));
#4003=CARTESIAN_POINT('Ctrl Pts',(-30.2591791243312,-10.8969455333189,4.8875));
#4004=CARTESIAN_POINT('Ctrl Pts',(-30.2591791243312,-10.8969455333189,3.30832087566885));
#4005=CARTESIAN_POINT('Ctrl Pts',(-28.68,-10.8969455333189,3.30832087566885));
#4006=CARTESIAN_POINT('Ctrl Pts',(-27.1008208756688,-10.8969455333189,3.30832087566885));
#4007=CARTESIAN_POINT('Ctrl Pts',(-27.1008208756688,-10.8969455333189,4.8875));
#4008=CARTESIAN_POINT('Ctrl Pts',(-27.1008208756688,-10.8969455333189,6.46667912433115));
#4009=CARTESIAN_POINT('Ctrl Pts',(-28.68,-10.8969455333189,6.46667912433115));
#4010=CARTESIAN_POINT('Ctrl Pts',(-28.68,-10.7905679777179,6.46496665537685));
#4011=CARTESIAN_POINT('Ctrl Pts',(-30.2574666553769,-10.7905679777179,6.46496665537685));
#4012=CARTESIAN_POINT('Ctrl Pts',(-30.2574666553769,-10.7905679777179,4.8875));
#4013=CARTESIAN_POINT('Ctrl Pts',(-30.2574666553769,-10.7905679777179,3.31003334462315));
#4014=CARTESIAN_POINT('Ctrl Pts',(-28.68,-10.7905679777179,3.31003334462315));
#4015=CARTESIAN_POINT('Ctrl Pts',(-27.1025333446231,-10.7905679777179,3.31003334462315));
#4016=CARTESIAN_POINT('Ctrl Pts',(-27.1025333446231,-10.7905679777179,4.8875));
#4017=CARTESIAN_POINT('Ctrl Pts',(-27.1025333446231,-10.7905679777179,6.46496665537685));
#4018=CARTESIAN_POINT('Ctrl Pts',(-28.68,-10.7905679777179,6.46496665537685));
#4019=CARTESIAN_POINT('Ctrl Pts',(-28.68,-10.6841974590425,6.46300205364824));
#4020=CARTESIAN_POINT('Ctrl Pts',(-30.2555020536482,-10.6841974590425,6.46300205364824));
#4021=CARTESIAN_POINT('Ctrl Pts',(-30.2555020536482,-10.6841974590425,4.8875));
#4022=CARTESIAN_POINT('Ctrl Pts',(-30.2555020536482,-10.6841974590425,3.31199794635176));
#4023=CARTESIAN_POINT('Ctrl Pts',(-28.68,-10.6841974590425,3.31199794635176));
#4024=CARTESIAN_POINT('Ctrl Pts',(-27.1044979463518,-10.6841974590425,3.31199794635176));
#4025=CARTESIAN_POINT('Ctrl Pts',(-27.1044979463518,-10.6841974590425,4.8875));
#4026=CARTESIAN_POINT('Ctrl Pts',(-27.1044979463518,-10.6841974590425,6.46300205364824));
#4027=CARTESIAN_POINT('Ctrl Pts',(-28.68,-10.6841974590425,6.46300205364824));
#4028=CARTESIAN_POINT('Ctrl Pts',(-28.68,-10.5778314496918,6.46078272261431));
#4029=CARTESIAN_POINT('Ctrl Pts',(-30.2532827226143,-10.5778314496918,6.46078272261431));
#4030=CARTESIAN_POINT('Ctrl Pts',(-30.2532827226143,-10.5778314496918,4.8875));
#4031=CARTESIAN_POINT('Ctrl Pts',(-30.2532827226143,-10.5778314496918,3.31421727738569));
#4032=CARTESIAN_POINT('Ctrl Pts',(-28.68,-10.5778314496918,3.31421727738569));
#4033=CARTESIAN_POINT('Ctrl Pts',(-27.1067172773857,-10.5778314496918,3.31421727738569));
#4034=CARTESIAN_POINT('Ctrl Pts',(-27.1067172773857,-10.5778314496918,4.8875));
#4035=CARTESIAN_POINT('Ctrl Pts',(-27.1067172773857,-10.5778314496918,6.46078272261431));
#4036=CARTESIAN_POINT('Ctrl Pts',(-28.68,-10.5778314496918,6.46078272261431));
#4037=CARTESIAN_POINT('Ctrl Pts',(-28.68,-10.4714673553297,6.45830597773837));
#4038=CARTESIAN_POINT('Ctrl Pts',(-30.2508059777384,-10.4714673553297,6.45830597773837));
#4039=CARTESIAN_POINT('Ctrl Pts',(-30.2508059777384,-10.4714673553297,4.8875));
#4040=CARTESIAN_POINT('Ctrl Pts',(-30.2508059777384,-10.4714673553297,3.31669402226163));
#4041=CARTESIAN_POINT('Ctrl Pts',(-28.68,-10.4714673553297,3.31669402226163));
#4042=CARTESIAN_POINT('Ctrl Pts',(-27.1091940222616,-10.4714673553297,3.31669402226163));
#4043=CARTESIAN_POINT('Ctrl Pts',(-27.1091940222616,-10.4714673553297,4.8875));
#4044=CARTESIAN_POINT('Ctrl Pts',(-27.1091940222616,-10.4714673553297,6.45830597773837));
#4045=CARTESIAN_POINT('Ctrl Pts',(-28.68,-10.4714673553297,6.45830597773837));
#4046=CARTESIAN_POINT('Ctrl Pts',(-28.68,-10.3651031635457,6.45556978030735));
#4047=CARTESIAN_POINT('Ctrl Pts',(-30.2480697803074,-10.3651031635457,6.45556978030735));
#4048=CARTESIAN_POINT('Ctrl Pts',(-30.2480697803074,-10.3651031635457,4.8875));
#4049=CARTESIAN_POINT('Ctrl Pts',(-30.2480697803074,-10.3651031635457,3.31943021969265));
#4050=CARTESIAN_POINT('Ctrl Pts',(-28.68,-10.3651031635457,3.31943021969265));
#4051=CARTESIAN_POINT('Ctrl Pts',(-27.1119302196926,-10.3651031635457,3.31943021969265));
#4052=CARTESIAN_POINT('Ctrl Pts',(-27.1119302196926,-10.3651031635457,4.8875));
#4053=CARTESIAN_POINT('Ctrl Pts',(-27.1119302196926,-10.3651031635457,6.45556978030735));
#4054=CARTESIAN_POINT('Ctrl Pts',(-28.68,-10.3651031635457,6.45556978030735));
#4055=CARTESIAN_POINT('Ctrl Pts',(-28.68,-10.258737598201,6.45257246004068));
#4056=CARTESIAN_POINT('Ctrl Pts',(-30.2450724600407,-10.258737598201,6.45257246004068));
#4057=CARTESIAN_POINT('Ctrl Pts',(-30.2450724600407,-10.258737598201,4.8875));
#4058=CARTESIAN_POINT('Ctrl Pts',(-30.2450724600407,-10.258737598201,3.32242753995932));
#4059=CARTESIAN_POINT('Ctrl Pts',(-28.68,-10.258737598201,3.32242753995932));
#4060=CARTESIAN_POINT('Ctrl Pts',(-27.1149275399593,-10.258737598201,3.32242753995932));
#4061=CARTESIAN_POINT('Ctrl Pts',(-27.1149275399593,-10.258737598201,4.8875));
#4062=CARTESIAN_POINT('Ctrl Pts',(-27.1149275399593,-10.258737598201,6.45257246004068));
#4063=CARTESIAN_POINT('Ctrl Pts',(-28.68,-10.258737598201,6.45257246004068));
#4064=CARTESIAN_POINT('Ctrl Pts',(-28.68,-10.152370263219,6.44931244540888));
#4065=CARTESIAN_POINT('Ctrl Pts',(-30.2418124454089,-10.152370263219,6.44931244540888));
#4066=CARTESIAN_POINT('Ctrl Pts',(-30.2418124454089,-10.152370263219,4.8875));
#4067=CARTESIAN_POINT('Ctrl Pts',(-30.2418124454089,-10.152370263219,3.32568755459112));
#4068=CARTESIAN_POINT('Ctrl Pts',(-28.68,-10.152370263219,3.32568755459112));
#4069=CARTESIAN_POINT('Ctrl Pts',(-27.1181875545911,-10.152370263219,3.32568755459112));
#4070=CARTESIAN_POINT('Ctrl Pts',(-27.1181875545911,-10.152370263219,4.8875));
#4071=CARTESIAN_POINT('Ctrl Pts',(-27.1181875545911,-10.152370263219,6.44931244540888));
#4072=CARTESIAN_POINT('Ctrl Pts',(-28.68,-10.152370263219,6.44931244540888));
#4073=CARTESIAN_POINT('Ctrl Pts',(-28.68,-10.0460018147593,6.44578797268572));
#4074=CARTESIAN_POINT('Ctrl Pts',(-30.2382879726857,-10.0460018147593,6.44578797268572));
#4075=CARTESIAN_POINT('Ctrl Pts',(-30.2382879726857,-10.0460018147593,4.8875));
#4076=CARTESIAN_POINT('Ctrl Pts',(-30.2382879726857,-10.0460018147593,3.32921202731428));
#4077=CARTESIAN_POINT('Ctrl Pts',(-28.68,-10.0460018147593,3.32921202731428));
#4078=CARTESIAN_POINT('Ctrl Pts',(-27.1217120273143,-10.0460018147593,3.32921202731428));
#4079=CARTESIAN_POINT('Ctrl Pts',(-27.1217120273143,-10.0460018147593,4.8875));
#4080=CARTESIAN_POINT('Ctrl Pts',(-27.1217120273143,-10.0460018147593,6.44578797268572));
#4081=CARTESIAN_POINT('Ctrl Pts',(-28.68,-10.0460018147593,6.44578797268572));
#4082=CARTESIAN_POINT('Ctrl Pts',(-28.68,-9.93963406660922,6.44199684611734));
#4083=CARTESIAN_POINT('Ctrl Pts',(-30.2344968461173,-9.93963406660922,6.44199684611734));
#4084=CARTESIAN_POINT('Ctrl Pts',(-30.2344968461173,-9.93963406660922,4.8875));
#4085=CARTESIAN_POINT('Ctrl Pts',(-30.2344968461173,-9.93963406660922,3.33300315388266));
#4086=CARTESIAN_POINT('Ctrl Pts',(-28.68,-9.93963406660922,3.33300315388266));
#4087=CARTESIAN_POINT('Ctrl Pts',(-27.1255031538827,-9.93963406660922,3.33300315388266));
#4088=CARTESIAN_POINT('Ctrl Pts',(-27.1255031538827,-9.93963406660922,4.8875));
#4089=CARTESIAN_POINT('Ctrl Pts',(-27.1255031538827,-9.93963406660922,6.44199684611734));
#4090=CARTESIAN_POINT('Ctrl Pts',(-28.68,-9.93963406660922,6.44199684611734));
#4091=CARTESIAN_POINT('Ctrl Pts',(-28.68,-9.83327025926387,6.43793607440932));
#4092=CARTESIAN_POINT('Ctrl Pts',(-30.2304360744093,-9.83327025926387,6.43793607440931));
#4093=CARTESIAN_POINT('Ctrl Pts',(-30.2304360744093,-9.83327025926387,4.8875));
#4094=CARTESIAN_POINT('Ctrl Pts',(-30.2304360744093,-9.83327025926387,3.33706392559069));
#4095=CARTESIAN_POINT('Ctrl Pts',(-28.68,-9.83327025926387,3.33706392559068));
#4096=CARTESIAN_POINT('Ctrl Pts',(-27.1295639255907,-9.83327025926387,3.33706392559069));
#4097=CARTESIAN_POINT('Ctrl Pts',(-27.1295639255907,-9.83327025926387,4.8875));
#4098=CARTESIAN_POINT('Ctrl Pts',(-27.1295639255907,-9.83327025926387,6.43793607440931));
#4099=CARTESIAN_POINT('Ctrl Pts',(-28.68,-9.83327025926387,6.43793607440932));
#4100=CARTESIAN_POINT('Ctrl Pts',(-28.68,-9.72691479003151,6.43360191608004));
#4101=CARTESIAN_POINT('Ctrl Pts',(-30.22610191608,-9.72691479003151,6.43360191608004));
#4102=CARTESIAN_POINT('Ctrl Pts',(-30.22610191608,-9.72691479003151,4.8875));
#4103=CARTESIAN_POINT('Ctrl Pts',(-30.22610191608,-9.72691479003151,3.34139808391996));
#4104=CARTESIAN_POINT('Ctrl Pts',(-28.68,-9.72691479003151,3.34139808391996));
#4105=CARTESIAN_POINT('Ctrl Pts',(-27.13389808392,-9.72691479003151,3.34139808391996));
#4106=CARTESIAN_POINT('Ctrl Pts',(-27.13389808392,-9.72691479003151,4.8875));
#4107=CARTESIAN_POINT('Ctrl Pts',(-27.13389808392,-9.72691479003151,6.43360191608004));
#4108=CARTESIAN_POINT('Ctrl Pts',(-28.68,-9.72691479003151,6.43360191608004));
#4109=CARTESIAN_POINT('Ctrl Pts',(-28.68,-9.62057201409941,6.42899063233142));
#4110=CARTESIAN_POINT('Ctrl Pts',(-30.2214906323314,-9.62057201409941,6.42899063233142));
#4111=CARTESIAN_POINT('Ctrl Pts',(-30.2214906323314,-9.62057201409941,4.8875));
#4112=CARTESIAN_POINT('Ctrl Pts',(-30.2214906323314,-9.62057201409941,3.34600936766858));
#4113=CARTESIAN_POINT('Ctrl Pts',(-28.68,-9.62057201409941,3.34600936766858));
#4114=CARTESIAN_POINT('Ctrl Pts',(-27.1385093676686,-9.62057201409941,3.34600936766858));
#4115=CARTESIAN_POINT('Ctrl Pts',(-27.1385093676686,-9.62057201409941,4.8875));
#4116=CARTESIAN_POINT('Ctrl Pts',(-27.1385093676686,-9.62057201409941,6.42899063233142));
#4117=CARTESIAN_POINT('Ctrl Pts',(-28.68,-9.62057201409941,6.42899063233142));
#4118=CARTESIAN_POINT('Ctrl Pts',(-28.68,-9.51424528931014,6.42409905093121));
#4119=CARTESIAN_POINT('Ctrl Pts',(-30.2165990509312,-9.51424528931014,6.42409905093121));
#4120=CARTESIAN_POINT('Ctrl Pts',(-30.2165990509312,-9.51424528931014,4.8875));
#4121=CARTESIAN_POINT('Ctrl Pts',(-30.2165990509312,-9.51424528931014,3.35090094906879));
#4122=CARTESIAN_POINT('Ctrl Pts',(-28.68,-9.51424528931014,3.35090094906879));
#4123=CARTESIAN_POINT('Ctrl Pts',(-27.1434009490688,-9.51424528931014,3.35090094906879));
#4124=CARTESIAN_POINT('Ctrl Pts',(-27.1434009490688,-9.51424528931014,4.8875));
#4125=CARTESIAN_POINT('Ctrl Pts',(-27.1434009490688,-9.51424528931014,6.42409905093121));
#4126=CARTESIAN_POINT('Ctrl Pts',(-28.68,-9.51424528931014,6.42409905093121));
#4127=CARTESIAN_POINT('Ctrl Pts',(-28.68,-9.40793585632777,6.41892526474213));
#4128=CARTESIAN_POINT('Ctrl Pts',(-30.2114252647421,-9.40793585632777,6.41892526474213));
#4129=CARTESIAN_POINT('Ctrl Pts',(-30.2114252647421,-9.40793585632777,4.8875));
#4130=CARTESIAN_POINT('Ctrl Pts',(-30.2114252647421,-9.40793585632777,3.35607473525787));
#4131=CARTESIAN_POINT('Ctrl Pts',(-28.68,-9.40793585632777,3.35607473525787));
#4132=CARTESIAN_POINT('Ctrl Pts',(-27.1485747352579,-9.40793585632777,3.35607473525787));
#4133=CARTESIAN_POINT('Ctrl Pts',(-27.1485747352579,-9.40793585632777,4.8875));
#4134=CARTESIAN_POINT('Ctrl Pts',(-27.1485747352579,-9.40793585632777,6.41892526474213));
#4135=CARTESIAN_POINT('Ctrl Pts',(-28.68,-9.40793585632777,6.41892526474213));
#4136=CARTESIAN_POINT('Ctrl Pts',(-28.68,-9.30164194166635,6.41346913875589));
#4137=CARTESIAN_POINT('Ctrl Pts',(-30.2059691387559,-9.30164194166635,6.41346913875589));
#4138=CARTESIAN_POINT('Ctrl Pts',(-30.2059691387559,-9.30164194166635,4.8875));
#4139=CARTESIAN_POINT('Ctrl Pts',(-30.2059691387559,-9.30164194166635,3.36153086124411));
#4140=CARTESIAN_POINT('Ctrl Pts',(-28.68,-9.30164194166635,3.36153086124411));
#4141=CARTESIAN_POINT('Ctrl Pts',(-27.1540308612441,-9.30164194166635,3.36153086124411));
#4142=CARTESIAN_POINT('Ctrl Pts',(-27.1540308612441,-9.30164194166635,4.8875));
#4143=CARTESIAN_POINT('Ctrl Pts',(-27.1540308612441,-9.30164194166635,6.41346913875589));
#4144=CARTESIAN_POINT('Ctrl Pts',(-28.68,-9.30164194166635,6.41346913875589));
#4145=CARTESIAN_POINT('Ctrl Pts',(-28.68,-9.19535736662463,6.40773324892807));
#4146=CARTESIAN_POINT('Ctrl Pts',(-30.2002332489281,-9.19535736662463,6.40773324892807));
#4147=CARTESIAN_POINT('Ctrl Pts',(-30.2002332489281,-9.19535736662463,4.8875));
#4148=CARTESIAN_POINT('Ctrl Pts',(-30.2002332489281,-9.19535736662463,3.36726675107193));
#4149=CARTESIAN_POINT('Ctrl Pts',(-28.68,-9.19535736662463,3.36726675107193));
#4150=CARTESIAN_POINT('Ctrl Pts',(-27.1597667510719,-9.19535736662463,3.36726675107193));
#4151=CARTESIAN_POINT('Ctrl Pts',(-27.1597667510719,-9.19535736662463,4.8875));
#4152=CARTESIAN_POINT('Ctrl Pts',(-27.1597667510719,-9.19535736662463,6.40773324892807));
#4153=CARTESIAN_POINT('Ctrl Pts',(-28.68,-9.19535736662463,6.40773324892807));
#4154=CARTESIAN_POINT('Ctrl Pts',(-28.68,-9.08907308049299,6.40172126248178));
#4155=CARTESIAN_POINT('Ctrl Pts',(-30.1942212624818,-9.08907308049299,6.40172126248178));
#4156=CARTESIAN_POINT('Ctrl Pts',(-30.1942212624818,-9.08907308049299,4.8875));
#4157=CARTESIAN_POINT('Ctrl Pts',(-30.1942212624818,-9.08907308049299,3.37327873751823));
#4158=CARTESIAN_POINT('Ctrl Pts',(-28.68,-9.08907308049299,3.37327873751823));
#4159=CARTESIAN_POINT('Ctrl Pts',(-27.1657787375182,-9.08907308049299,3.37327873751823));
#4160=CARTESIAN_POINT('Ctrl Pts',(-27.1657787375182,-9.08907308049299,4.8875));
#4161=CARTESIAN_POINT('Ctrl Pts',(-27.1657787375182,-9.08907308049299,6.40172126248178));
#4162=CARTESIAN_POINT('Ctrl Pts',(-28.68,-9.08907308049299,6.40172126248178));
#4163=CARTESIAN_POINT('Ctrl Pts',(-28.68,-8.98277951384577,6.39543561289022));
#4164=CARTESIAN_POINT('Ctrl Pts',(-30.1879356128902,-8.98277951384577,6.39543561289022));
#4165=CARTESIAN_POINT('Ctrl Pts',(-30.1879356128902,-8.98277951384577,4.8875));
#4166=CARTESIAN_POINT('Ctrl Pts',(-30.1879356128902,-8.98277951384577,3.37956438710978));
#4167=CARTESIAN_POINT('Ctrl Pts',(-28.68,-8.98277951384577,3.37956438710978));
#4168=CARTESIAN_POINT('Ctrl Pts',(-27.1720643871098,-8.98277951384577,3.37956438710978));
#4169=CARTESIAN_POINT('Ctrl Pts',(-27.1720643871098,-8.98277951384577,4.8875));
#4170=CARTESIAN_POINT('Ctrl Pts',(-27.1720643871098,-8.98277951384577,6.39543561289022));
#4171=CARTESIAN_POINT('Ctrl Pts',(-28.68,-8.98277951384577,6.39543561289022));
#4172=CARTESIAN_POINT('Ctrl Pts',(-28.68,-8.8764686982763,6.38887535161615));
#4173=CARTESIAN_POINT('Ctrl Pts',(-30.1813753516162,-8.8764686982763,6.38887535161615));
#4174=CARTESIAN_POINT('Ctrl Pts',(-30.1813753516162,-8.8764686982763,4.8875));
#4175=CARTESIAN_POINT('Ctrl Pts',(-30.1813753516162,-8.8764686982763,3.38612464838385));
#4176=CARTESIAN_POINT('Ctrl Pts',(-28.68,-8.8764686982763,3.38612464838385));
#4177=CARTESIAN_POINT('Ctrl Pts',(-27.1786246483838,-8.8764686982763,3.38612464838385));
#4178=CARTESIAN_POINT('Ctrl Pts',(-27.1786246483838,-8.8764686982763,4.8875));
#4179=CARTESIAN_POINT('Ctrl Pts',(-27.1786246483838,-8.8764686982763,6.38887535161615));
#4180=CARTESIAN_POINT('Ctrl Pts',(-28.68,-8.8764686982763,6.38887535161615));
#4181=CARTESIAN_POINT('Ctrl Pts',(-28.68,-8.77013639074379,6.38203405797436));
#4182=CARTESIAN_POINT('Ctrl Pts',(-30.1745340579744,-8.77013639074379,6.38203405797436));
#4183=CARTESIAN_POINT('Ctrl Pts',(-30.1745340579744,-8.77013639074379,4.8875));
#4184=CARTESIAN_POINT('Ctrl Pts',(-30.1745340579744,-8.77013639074379,3.39296594202564));
#4185=CARTESIAN_POINT('Ctrl Pts',(-28.68,-8.77013639074379,3.39296594202564));
#4186=CARTESIAN_POINT('Ctrl Pts',(-27.1854659420256,-8.77013639074379,3.39296594202564));
#4187=CARTESIAN_POINT('Ctrl Pts',(-27.1854659420256,-8.77013639074379,4.8875));
#4188=CARTESIAN_POINT('Ctrl Pts',(-27.1854659420256,-8.77013639074379,6.38203405797436));
#4189=CARTESIAN_POINT('Ctrl Pts',(-28.68,-8.77013639074379,6.38203405797436));
#4190=CARTESIAN_POINT('Ctrl Pts',(-28.68,-8.66378442005615,6.37489740504027));
#4191=CARTESIAN_POINT('Ctrl Pts',(-30.1673974050403,-8.66378442005615,6.37489740504027));
#4192=CARTESIAN_POINT('Ctrl Pts',(-30.1673974050403,-8.66378442005615,4.8875));
#4193=CARTESIAN_POINT('Ctrl Pts',(-30.1673974050403,-8.66378442005615,3.40010259495973));
#4194=CARTESIAN_POINT('Ctrl Pts',(-28.68,-8.66378442005615,3.40010259495973));
#4195=CARTESIAN_POINT('Ctrl Pts',(-27.1926025949597,-8.66378442005615,3.40010259495973));
#4196=CARTESIAN_POINT('Ctrl Pts',(-27.1926025949597,-8.66378442005615,4.8875));
#4197=CARTESIAN_POINT('Ctrl Pts',(-27.1926025949597,-8.66378442005615,6.37489740504027));
#4198=CARTESIAN_POINT('Ctrl Pts',(-28.68,-8.66378442005615,6.37489740504027));
#4199=CARTESIAN_POINT('Ctrl Pts',(-28.68,-8.55742227946669,6.36744181473657));
#4200=CARTESIAN_POINT('Ctrl Pts',(-30.1599418147366,-8.55742227946669,6.36744181473657));
#4201=CARTESIAN_POINT('Ctrl Pts',(-30.1599418147366,-8.55742227946669,4.8875));
#4202=CARTESIAN_POINT('Ctrl Pts',(-30.1599418147366,-8.55742227946669,3.40755818526343));
#4203=CARTESIAN_POINT('Ctrl Pts',(-28.68,-8.55742227946669,3.40755818526343));
#4204=CARTESIAN_POINT('Ctrl Pts',(-27.2000581852634,-8.55742227946669,3.40755818526343));
#4205=CARTESIAN_POINT('Ctrl Pts',(-27.2000581852634,-8.55742227946669,4.8875));
#4206=CARTESIAN_POINT('Ctrl Pts',(-27.2000581852634,-8.55742227946669,6.36744181473657));
#4207=CARTESIAN_POINT('Ctrl Pts',(-28.68,-8.55742227946669,6.36744181473657));
#4208=CARTESIAN_POINT('Ctrl Pts',(-28.68,-8.45106383475449,6.3596402122547));
#4209=CARTESIAN_POINT('Ctrl Pts',(-30.1521402122547,-8.45106383475449,6.3596402122547));
#4210=CARTESIAN_POINT('Ctrl Pts',(-30.1521402122547,-8.45106383475449,4.8875));
#4211=CARTESIAN_POINT('Ctrl Pts',(-30.1521402122547,-8.45106383475449,3.41535978774531));
#4212=CARTESIAN_POINT('Ctrl Pts',(-28.68,-8.45106383475449,3.41535978774531));
#4213=CARTESIAN_POINT('Ctrl Pts',(-27.2078597877453,-8.45106383475449,3.41535978774531));
#4214=CARTESIAN_POINT('Ctrl Pts',(-27.2078597877453,-8.45106383475449,4.8875));
#4215=CARTESIAN_POINT('Ctrl Pts',(-27.2078597877453,-8.45106383475449,6.3596402122547));
#4216=CARTESIAN_POINT('Ctrl Pts',(-28.68,-8.45106383475449,6.3596402122547));
#4217=CARTESIAN_POINT('Ctrl Pts',(-28.68,-8.3447246572914,6.35146679892717));
#4218=CARTESIAN_POINT('Ctrl Pts',(-30.1439667989272,-8.3447246572914,6.35146679892717));
#4219=CARTESIAN_POINT('Ctrl Pts',(-30.1439667989272,-8.3447246572914,4.8875));
#4220=CARTESIAN_POINT('Ctrl Pts',(-30.1439667989272,-8.3447246572914,3.42353320107283));
#4221=CARTESIAN_POINT('Ctrl Pts',(-28.68,-8.3447246572914,3.42353320107283));
#4222=CARTESIAN_POINT('Ctrl Pts',(-27.2160332010728,-8.3447246572914,3.42353320107283));
#4223=CARTESIAN_POINT('Ctrl Pts',(-27.2160332010728,-8.3447246572914,4.8875));
#4224=CARTESIAN_POINT('Ctrl Pts',(-27.2160332010728,-8.3447246572914,6.35146679892717));
#4225=CARTESIAN_POINT('Ctrl Pts',(-28.68,-8.3447246572914,6.35146679892717));
#4226=CARTESIAN_POINT('Ctrl Pts',(-28.68,-8.23841898032769,6.34290255842291));
#4227=CARTESIAN_POINT('Ctrl Pts',(-30.1354025584229,-8.23841898032769,6.34290255842291));
#4228=CARTESIAN_POINT('Ctrl Pts',(-30.1354025584229,-8.23841898032769,4.8875));
#4229=CARTESIAN_POINT('Ctrl Pts',(-30.1354025584229,-8.23841898032769,3.43209744157709));
#4230=CARTESIAN_POINT('Ctrl Pts',(-28.68,-8.23841898032769,3.43209744157709));
#4231=CARTESIAN_POINT('Ctrl Pts',(-27.2245974415771,-8.23841898032769,3.43209744157709));
#4232=CARTESIAN_POINT('Ctrl Pts',(-27.2245974415771,-8.23841898032769,4.8875));
#4233=CARTESIAN_POINT('Ctrl Pts',(-27.2245974415771,-8.23841898032769,6.34290255842291));
#4234=CARTESIAN_POINT('Ctrl Pts',(-28.68,-8.23841898032769,6.34290255842291));
#4235=CARTESIAN_POINT('Ctrl Pts',(-28.68,-8.13215712862266,6.3339396426199));
#4236=CARTESIAN_POINT('Ctrl Pts',(-30.1264396426199,-8.13215712862266,6.3339396426199));
#4237=CARTESIAN_POINT('Ctrl Pts',(-30.1264396426199,-8.13215712862266,4.8875));
#4238=CARTESIAN_POINT('Ctrl Pts',(-30.1264396426199,-8.13215712862266,3.4410603573801));
#4239=CARTESIAN_POINT('Ctrl Pts',(-28.68,-8.13215712862266,3.4410603573801));
#4240=CARTESIAN_POINT('Ctrl Pts',(-27.2335603573801,-8.13215712862266,3.4410603573801));
#4241=CARTESIAN_POINT('Ctrl Pts',(-27.2335603573801,-8.13215712862266,4.8875));
#4242=CARTESIAN_POINT('Ctrl Pts',(-27.2335603573801,-8.13215712862266,6.3339396426199));
#4243=CARTESIAN_POINT('Ctrl Pts',(-28.68,-8.13215712862266,6.3339396426199));
#4244=CARTESIAN_POINT('Ctrl Pts',(-28.68,-8.02594196731955,6.32458825384053));
#4245=CARTESIAN_POINT('Ctrl Pts',(-30.1170882538405,-8.02594196731955,6.32458825384053));
#4246=CARTESIAN_POINT('Ctrl Pts',(-30.1170882538405,-8.02594196731955,4.8875));
#4247=CARTESIAN_POINT('Ctrl Pts',(-30.1170882538405,-8.02594196731955,3.45041174615947));
#4248=CARTESIAN_POINT('Ctrl Pts',(-28.68,-8.02594196731955,3.45041174615947));
#4249=CARTESIAN_POINT('Ctrl Pts',(-27.2429117461595,-8.02594196731955,3.45041174615947));
#4250=CARTESIAN_POINT('Ctrl Pts',(-27.2429117461595,-8.02594196731955,4.8875));
#4251=CARTESIAN_POINT('Ctrl Pts',(-27.2429117461595,-8.02594196731955,6.32458825384053));
#4252=CARTESIAN_POINT('Ctrl Pts',(-28.68,-8.02594196731955,6.32458825384053));
#4253=CARTESIAN_POINT('Ctrl Pts',(-28.68,-7.91976894470464,6.31487422828541));
#4254=CARTESIAN_POINT('Ctrl Pts',(-30.1073742282854,-7.91976894470464,6.31487422828541));
#4255=CARTESIAN_POINT('Ctrl Pts',(-30.1073742282854,-7.91976894470464,4.8875));
#4256=CARTESIAN_POINT('Ctrl Pts',(-30.1073742282854,-7.91976894470464,3.46012577171459));
#4257=CARTESIAN_POINT('Ctrl Pts',(-28.68,-7.91976894470464,3.46012577171459));
#4258=CARTESIAN_POINT('Ctrl Pts',(-27.2526257717146,-7.91976894470464,3.46012577171459));
#4259=CARTESIAN_POINT('Ctrl Pts',(-27.2526257717146,-7.91976894470464,4.8875));
#4260=CARTESIAN_POINT('Ctrl Pts',(-27.2526257717146,-7.91976894470464,6.31487422828541));
#4261=CARTESIAN_POINT('Ctrl Pts',(-28.68,-7.91976894470464,6.31487422828541));
#4262=CARTESIAN_POINT('Ctrl Pts',(-28.68,-7.81362935667638,6.30482821655669));
#4263=CARTESIAN_POINT('Ctrl Pts',(-30.0973282165567,-7.81362935667638,6.30482821655669));
#4264=CARTESIAN_POINT('Ctrl Pts',(-30.0973282165567,-7.81362935667638,4.8875));
#4265=CARTESIAN_POINT('Ctrl Pts',(-30.0973282165567,-7.81362935667638,3.47017178344331));
#4266=CARTESIAN_POINT('Ctrl Pts',(-28.68,-7.81362935667638,3.47017178344331));
#4267=CARTESIAN_POINT('Ctrl Pts',(-27.2626717834433,-7.81362935667638,3.47017178344331));
#4268=CARTESIAN_POINT('Ctrl Pts',(-27.2626717834433,-7.81362935667638,4.8875));
#4269=CARTESIAN_POINT('Ctrl Pts',(-27.2626717834433,-7.81362935667638,6.30482821655669));
#4270=CARTESIAN_POINT('Ctrl Pts',(-28.68,-7.81362935667638,6.30482821655669));
#4271=CARTESIAN_POINT('Ctrl Pts',(-28.68,-7.70751268950204,6.29447732647118));
#4272=CARTESIAN_POINT('Ctrl Pts',(-30.0869773264712,-7.70751268950204,6.29447732647118));
#4273=CARTESIAN_POINT('Ctrl Pts',(-30.0869773264712,-7.70751268950204,4.8875));
#4274=CARTESIAN_POINT('Ctrl Pts',(-30.0869773264712,-7.70751268950204,3.48052267352882));
#4275=CARTESIAN_POINT('Ctrl Pts',(-28.68,-7.70751268950204,3.48052267352882));
#4276=CARTESIAN_POINT('Ctrl Pts',(-27.2730226735288,-7.70751268950204,3.48052267352882));
#4277=CARTESIAN_POINT('Ctrl Pts',(-27.2730226735288,-7.70751268950204,4.8875));
#4278=CARTESIAN_POINT('Ctrl Pts',(-27.2730226735288,-7.70751268950204,6.29447732647118));
#4279=CARTESIAN_POINT('Ctrl Pts',(-28.68,-7.70751268950204,6.29447732647118));
#4280=CARTESIAN_POINT('Ctrl Pts',(-28.68,-7.60140938819435,6.28383549890463));
#4281=CARTESIAN_POINT('Ctrl Pts',(-30.0763354989046,-7.60140938819435,6.28383549890463));
#4282=CARTESIAN_POINT('Ctrl Pts',(-30.0763354989046,-7.60140938819435,4.8875));
#4283=CARTESIAN_POINT('Ctrl Pts',(-30.0763354989046,-7.60140938819435,3.49116450109537));
#4284=CARTESIAN_POINT('Ctrl Pts',(-28.68,-7.60140938819435,3.49116450109537));
#4285=CARTESIAN_POINT('Ctrl Pts',(-27.2836645010954,-7.60140938819435,3.49116450109537));
#4286=CARTESIAN_POINT('Ctrl Pts',(-27.2836645010954,-7.60140938819435,4.8875));
#4287=CARTESIAN_POINT('Ctrl Pts',(-27.2836645010954,-7.60140938819435,6.28383549890463));
#4288=CARTESIAN_POINT('Ctrl Pts',(-28.68,-7.60140938819435,6.28383549890463));
#4289=CARTESIAN_POINT('Ctrl Pts',(-28.68,-7.49531332749075,6.27289502319999));
#4290=CARTESIAN_POINT('Ctrl Pts',(-30.0653950232,-7.49531332749075,6.27289502319999));
#4291=CARTESIAN_POINT('Ctrl Pts',(-30.0653950232,-7.49531332749075,4.8875));
#4292=CARTESIAN_POINT('Ctrl Pts',(-30.0653950232,-7.49531332749075,3.50210497680001));
#4293=CARTESIAN_POINT('Ctrl Pts',(-28.68,-7.49531332749075,3.50210497680001));
#4294=CARTESIAN_POINT('Ctrl Pts',(-27.2946049768,-7.49531332749075,3.50210497680001));
#4295=CARTESIAN_POINT('Ctrl Pts',(-27.2946049768,-7.49531332749075,4.8875));
#4296=CARTESIAN_POINT('Ctrl Pts',(-27.2946049768,-7.49531332749075,6.27289502319999));
#4297=CARTESIAN_POINT('Ctrl Pts',(-28.68,-7.49531332749075,6.27289502319999));
#4298=CARTESIAN_POINT('Ctrl Pts',(-28.68,-7.38922472031753,6.2616159435967));
#4299=CARTESIAN_POINT('Ctrl Pts',(-30.0541159435967,-7.38922472031753,6.2616159435967));
#4300=CARTESIAN_POINT('Ctrl Pts',(-30.0541159435967,-7.38922472031753,4.8875));
#4301=CARTESIAN_POINT('Ctrl Pts',(-30.0541159435967,-7.38922472031753,3.5133840564033));
#4302=CARTESIAN_POINT('Ctrl Pts',(-28.68,-7.38922472031753,3.5133840564033));
#4303=CARTESIAN_POINT('Ctrl Pts',(-27.3058840564033,-7.38922472031753,3.5133840564033));
#4304=CARTESIAN_POINT('Ctrl Pts',(-27.3058840564033,-7.38922472031753,4.8875));
#4305=CARTESIAN_POINT('Ctrl Pts',(-27.3058840564033,-7.38922472031753,6.2616159435967));
#4306=CARTESIAN_POINT('Ctrl Pts',(-28.68,-7.38922472031753,6.2616159435967));
#4307=CARTESIAN_POINT('Ctrl Pts',(-28.68,-7.28314837152138,6.24993951494545));
#4308=CARTESIAN_POINT('Ctrl Pts',(-30.0424395149455,-7.28314837152138,6.24993951494545));
#4309=CARTESIAN_POINT('Ctrl Pts',(-30.0424395149455,-7.28314837152138,4.8875));
#4310=CARTESIAN_POINT('Ctrl Pts',(-30.0424395149455,-7.28314837152138,3.52506048505455));
#4311=CARTESIAN_POINT('Ctrl Pts',(-28.68,-7.28314837152138,3.52506048505455));
#4312=CARTESIAN_POINT('Ctrl Pts',(-27.3175604850545,-7.28314837152138,3.52506048505455));
#4313=CARTESIAN_POINT('Ctrl Pts',(-27.3175604850545,-7.28314837152138,4.8875));
#4314=CARTESIAN_POINT('Ctrl Pts',(-27.3175604850545,-7.28314837152138,6.24993951494545));
#4315=CARTESIAN_POINT('Ctrl Pts',(-28.68,-7.28314837152138,6.24993951494545));
#4316=CARTESIAN_POINT('Ctrl Pts',(-28.68,-7.17709151096373,6.23780377070839));
#4317=CARTESIAN_POINT('Ctrl Pts',(-30.0303037707084,-7.17709151096373,6.23780377070839));
#4318=CARTESIAN_POINT('Ctrl Pts',(-30.0303037707084,-7.17709151096373,4.8875));
#4319=CARTESIAN_POINT('Ctrl Pts',(-30.0303037707084,-7.17709151096373,3.53719622929161));
#4320=CARTESIAN_POINT('Ctrl Pts',(-28.68,-7.17709151096373,3.53719622929161));
#4321=CARTESIAN_POINT('Ctrl Pts',(-27.3296962292916,-7.17709151096373,3.53719622929161));
#4322=CARTESIAN_POINT('Ctrl Pts',(-27.3296962292916,-7.17709151096373,4.8875));
#4323=CARTESIAN_POINT('Ctrl Pts',(-27.3296962292916,-7.17709151096373,6.23780377070839));
#4324=CARTESIAN_POINT('Ctrl Pts',(-28.68,-7.17709151096373,6.23780377070839));
#4325=CARTESIAN_POINT('Ctrl Pts',(-28.68,-7.07106172411754,6.22515880441912));
#4326=CARTESIAN_POINT('Ctrl Pts',(-30.0176588044191,-7.07106172411754,6.22515880441912));
#4327=CARTESIAN_POINT('Ctrl Pts',(-30.0176588044191,-7.07106172411754,4.8875));
#4328=CARTESIAN_POINT('Ctrl Pts',(-30.0176588044191,-7.07106172411754,3.54984119558088));
#4329=CARTESIAN_POINT('Ctrl Pts',(-28.68,-7.07106172411754,3.54984119558088));
#4330=CARTESIAN_POINT('Ctrl Pts',(-27.3423411955809,-7.07106172411754,3.54984119558088));
#4331=CARTESIAN_POINT('Ctrl Pts',(-27.3423411955809,-7.07106172411754,4.8875));
#4332=CARTESIAN_POINT('Ctrl Pts',(-27.3423411955809,-7.07106172411754,6.22515880441912));
#4333=CARTESIAN_POINT('Ctrl Pts',(-28.68,-7.07106172411754,6.22515880441912));
#4334=CARTESIAN_POINT('Ctrl Pts',(-28.68,-6.96506496310526,6.21198111491369));
#4335=CARTESIAN_POINT('Ctrl Pts',(-30.0044811149137,-6.96506496310526,6.21198111491369));
#4336=CARTESIAN_POINT('Ctrl Pts',(-30.0044811149137,-6.96506496310526,4.8875));
#4337=CARTESIAN_POINT('Ctrl Pts',(-30.0044811149137,-6.96506496310526,3.56301888508631));
#4338=CARTESIAN_POINT('Ctrl Pts',(-28.68,-6.96506496310526,3.56301888508631));
#4339=CARTESIAN_POINT('Ctrl Pts',(-27.3555188850863,-6.96506496310526,3.56301888508631));
#4340=CARTESIAN_POINT('Ctrl Pts',(-27.3555188850863,-6.96506496310526,4.8875));
#4341=CARTESIAN_POINT('Ctrl Pts',(-27.3555188850863,-6.96506496310526,6.21198111491369));
#4342=CARTESIAN_POINT('Ctrl Pts',(-28.68,-6.96506496310526,6.21198111491369));
#4343=CARTESIAN_POINT('Ctrl Pts',(-28.68,-6.85910323196829,6.19829091479353));
#4344=CARTESIAN_POINT('Ctrl Pts',(-29.9907909147935,-6.85910323196829,6.19829091479353));
#4345=CARTESIAN_POINT('Ctrl Pts',(-29.9907909147935,-6.85910323196829,4.8875));
#4346=CARTESIAN_POINT('Ctrl Pts',(-29.9907909147935,-6.85910323196829,3.57670908520647));
#4347=CARTESIAN_POINT('Ctrl Pts',(-28.68,-6.85910323196829,3.57670908520647));
#4348=CARTESIAN_POINT('Ctrl Pts',(-27.3692090852065,-6.85910323196829,3.57670908520647));
#4349=CARTESIAN_POINT('Ctrl Pts',(-27.3692090852065,-6.85910323196829,4.8875));
#4350=CARTESIAN_POINT('Ctrl Pts',(-27.3692090852065,-6.85910323196829,6.19829091479353));
#4351=CARTESIAN_POINT('Ctrl Pts',(-28.68,-6.85910323196829,6.19829091479353));
#4352=CARTESIAN_POINT('Ctrl Pts',(-28.68,-6.75317333841821,6.18416004221282));
#4353=CARTESIAN_POINT('Ctrl Pts',(-29.9766600422128,-6.75317333841821,6.18416004221282));
#4354=CARTESIAN_POINT('Ctrl Pts',(-29.9766600422128,-6.75317333841821,4.8875));
#4355=CARTESIAN_POINT('Ctrl Pts',(-29.9766600422128,-6.75317333841821,3.59083995778718));
#4356=CARTESIAN_POINT('Ctrl Pts',(-28.68,-6.75317333841821,3.59083995778718));
#4357=CARTESIAN_POINT('Ctrl Pts',(-27.3833399577872,-6.75317333841821,3.59083995778718));
#4358=CARTESIAN_POINT('Ctrl Pts',(-27.3833399577872,-6.75317333841821,4.8875));
#4359=CARTESIAN_POINT('Ctrl Pts',(-27.3833399577872,-6.75317333841821,6.18416004221282));
#4360=CARTESIAN_POINT('Ctrl Pts',(-28.68,-6.75317333841821,6.18416004221282));
#4361=CARTESIAN_POINT('Ctrl Pts',(-28.68,-6.64726868526045,6.16969316636391));
#4362=CARTESIAN_POINT('Ctrl Pts',(-29.9621931663639,-6.64726868526045,6.16969316636391));
#4363=CARTESIAN_POINT('Ctrl Pts',(-29.9621931663639,-6.64726868526045,4.8875));
#4364=CARTESIAN_POINT('Ctrl Pts',(-29.9621931663639,-6.64726868526045,3.60530683363609));
#4365=CARTESIAN_POINT('Ctrl Pts',(-28.68,-6.64726868526045,3.60530683363609));
#4366=CARTESIAN_POINT('Ctrl Pts',(-27.3978068336361,-6.64726868526045,3.60530683363609));
#4367=CARTESIAN_POINT('Ctrl Pts',(-27.3978068336361,-6.64726868526045,4.8875));
#4368=CARTESIAN_POINT('Ctrl Pts',(-27.3978068336361,-6.64726868526045,6.16969316636391));
#4369=CARTESIAN_POINT('Ctrl Pts',(-28.68,-6.64726868526045,6.16969316636391));
#4370=CARTESIAN_POINT('Ctrl Pts',(-28.68,-6.54138048334923,6.15501413040891));
#4371=CARTESIAN_POINT('Ctrl Pts',(-29.9475141304089,-6.54138048334923,6.15501413040891));
#4372=CARTESIAN_POINT('Ctrl Pts',(-29.9475141304089,-6.54138048334923,4.8875));
#4373=CARTESIAN_POINT('Ctrl Pts',(-29.9475141304089,-6.54138048334923,3.61998586959109));
#4374=CARTESIAN_POINT('Ctrl Pts',(-28.68,-6.54138048334923,3.61998586959109));
#4375=CARTESIAN_POINT('Ctrl Pts',(-27.4124858695911,-6.54138048334923,3.61998586959109));
#4376=CARTESIAN_POINT('Ctrl Pts',(-27.4124858695911,-6.54138048334923,4.8875));
#4377=CARTESIAN_POINT('Ctrl Pts',(-27.4124858695911,-6.54138048334923,6.15501413040891));
#4378=CARTESIAN_POINT('Ctrl Pts',(-28.68,-6.54138048334923,6.15501413040891));
#4379=CARTESIAN_POINT('Ctrl Pts',(-28.68,-6.43549923759558,6.14024975271414));
#4380=CARTESIAN_POINT('Ctrl Pts',(-29.9327497527141,-6.43549923759558,6.14024975271414));
#4381=CARTESIAN_POINT('Ctrl Pts',(-29.9327497527141,-6.43549923759558,4.8875));
#4382=CARTESIAN_POINT('Ctrl Pts',(-29.9327497527141,-6.43549923759558,3.63475024728586));
#4383=CARTESIAN_POINT('Ctrl Pts',(-28.68,-6.43549923759558,3.63475024728586));
#4384=CARTESIAN_POINT('Ctrl Pts',(-27.4272502472859,-6.43549923759558,3.63475024728586));
#4385=CARTESIAN_POINT('Ctrl Pts',(-27.4272502472859,-6.43549923759558,4.8875));
#4386=CARTESIAN_POINT('Ctrl Pts',(-27.4272502472859,-6.43549923759558,6.14024975271414));
#4387=CARTESIAN_POINT('Ctrl Pts',(-28.68,-6.43549923759558,6.14024975271414));
#4388=CARTESIAN_POINT('Ctrl Pts',(-28.68,-6.32961601087095,6.12551591975207));
#4389=CARTESIAN_POINT('Ctrl Pts',(-29.9180159197521,-6.32961601087095,6.12551591975207));
#4390=CARTESIAN_POINT('Ctrl Pts',(-29.9180159197521,-6.32961601087095,4.8875));
#4391=CARTESIAN_POINT('Ctrl Pts',(-29.9180159197521,-6.32961601087095,3.64948408024793));
#4392=CARTESIAN_POINT('Ctrl Pts',(-28.68,-6.32961601087095,3.64948408024793));
#4393=CARTESIAN_POINT('Ctrl Pts',(-27.4419840802479,-6.32961601087095,3.64948408024793));
#4394=CARTESIAN_POINT('Ctrl Pts',(-27.4419840802479,-6.32961601087095,4.8875));
#4395=CARTESIAN_POINT('Ctrl Pts',(-27.4419840802479,-6.32961601087095,6.12551591975207));
#4396=CARTESIAN_POINT('Ctrl Pts',(-28.68,-6.32961601087095,6.12551591975207));
#4397=CARTESIAN_POINT('Ctrl Pts',(-28.68,-6.22372404813991,6.11089965771889));
#4398=CARTESIAN_POINT('Ctrl Pts',(-29.9033996577189,-6.22372404813991,6.11089965771889));
#4399=CARTESIAN_POINT('Ctrl Pts',(-29.9033996577189,-6.22372404813991,4.8875));
#4400=CARTESIAN_POINT('Ctrl Pts',(-29.9033996577189,-6.22372404813991,3.66410034228111));
#4401=CARTESIAN_POINT('Ctrl Pts',(-28.68,-6.22372404813991,3.66410034228111));
#4402=CARTESIAN_POINT('Ctrl Pts',(-27.4566003422811,-6.22372404813991,3.66410034228111));
#4403=CARTESIAN_POINT('Ctrl Pts',(-27.4566003422811,-6.22372404813991,4.8875));
#4404=CARTESIAN_POINT('Ctrl Pts',(-27.4566003422811,-6.22372404813991,6.11089965771889));
#4405=CARTESIAN_POINT('Ctrl Pts',(-28.68,-6.22372404813991,6.11089965771889));
#4406=CARTESIAN_POINT('Ctrl Pts',(-28.68,-6.11781894658218,6.09645781746688));
#4407=CARTESIAN_POINT('Ctrl Pts',(-29.8889578174669,-6.11781894658218,6.09645781746688));
#4408=CARTESIAN_POINT('Ctrl Pts',(-29.8889578174669,-6.11781894658218,4.8875));
#4409=CARTESIAN_POINT('Ctrl Pts',(-29.8889578174669,-6.11781894658218,3.67854218253312));
#4410=CARTESIAN_POINT('Ctrl Pts',(-28.68,-6.11781894658218,3.67854218253312));
#4411=CARTESIAN_POINT('Ctrl Pts',(-27.4710421825331,-6.11781894658218,3.67854218253312));
#4412=CARTESIAN_POINT('Ctrl Pts',(-27.4710421825331,-6.11781894658218,4.8875));
#4413=CARTESIAN_POINT('Ctrl Pts',(-27.4710421825331,-6.11781894658218,6.09645781746688));
#4414=CARTESIAN_POINT('Ctrl Pts',(-28.68,-6.11781894658218,6.09645781746688));
#4415=CARTESIAN_POINT('Ctrl Pts',(-28.68,-6.0118980347515,6.08222484185634));
#4416=CARTESIAN_POINT('Ctrl Pts',(-29.8747248418563,-6.0118980347515,6.08222484185634));
#4417=CARTESIAN_POINT('Ctrl Pts',(-29.8747248418563,-6.0118980347515,4.8875));
#4418=CARTESIAN_POINT('Ctrl Pts',(-29.8747248418563,-6.0118980347515,3.69277515814366));
#4419=CARTESIAN_POINT('Ctrl Pts',(-28.68,-6.0118980347515,3.69277515814366));
#4420=CARTESIAN_POINT('Ctrl Pts',(-27.4852751581437,-6.0118980347515,3.69277515814366));
#4421=CARTESIAN_POINT('Ctrl Pts',(-27.4852751581437,-6.0118980347515,4.8875));
#4422=CARTESIAN_POINT('Ctrl Pts',(-27.4852751581437,-6.0118980347515,6.08222484185634));
#4423=CARTESIAN_POINT('Ctrl Pts',(-28.68,-6.0118980347515,6.08222484185634));
#4424=CARTESIAN_POINT('Ctrl Pts',(-28.68,-5.92714760372869,6.07101914820018));
#4425=CARTESIAN_POINT('Ctrl Pts',(-29.8635191482002,-5.92714760372869,6.07101914820018));
#4426=CARTESIAN_POINT('Ctrl Pts',(-29.8635191482002,-5.92714760372869,4.8875));
#4427=CARTESIAN_POINT('Ctrl Pts',(-29.8635191482002,-5.92714760372869,3.70398085179982));
#4428=CARTESIAN_POINT('Ctrl Pts',(-28.68,-5.92714760372869,3.70398085179982));
#4429=CARTESIAN_POINT('Ctrl Pts',(-27.4964808517998,-5.92714760372869,3.70398085179982));
#4430=CARTESIAN_POINT('Ctrl Pts',(-27.4964808517998,-5.92714760372869,4.8875));
#4431=CARTESIAN_POINT('Ctrl Pts',(-27.4964808517998,-5.92714760372869,6.07101914820018));
#4432=CARTESIAN_POINT('Ctrl Pts',(-28.68,-5.92714760372869,6.07101914820018));
#4433=CARTESIAN_POINT('Ctrl Pts',(-28.68,-5.86357687542607,6.06271906476052));
#4434=CARTESIAN_POINT('Ctrl Pts',(-29.8552190647605,-5.86357687542607,6.06271906476052));
#4435=CARTESIAN_POINT('Ctrl Pts',(-29.8552190647605,-5.86357687542607,4.8875));
#4436=CARTESIAN_POINT('Ctrl Pts',(-29.8552190647605,-5.86357687542607,3.71228093523948));
#4437=CARTESIAN_POINT('Ctrl Pts',(-28.68,-5.86357687542607,3.71228093523948));
#4438=CARTESIAN_POINT('Ctrl Pts',(-27.5047809352395,-5.86357687542607,3.71228093523948));
#4439=CARTESIAN_POINT('Ctrl Pts',(-27.5047809352395,-5.86357687542607,4.8875));
#4440=CARTESIAN_POINT('Ctrl Pts',(-27.5047809352395,-5.86357687542607,6.06271906476052));
#4441=CARTESIAN_POINT('Ctrl Pts',(-28.68,-5.86357687542607,6.06271906476052));
#4442=CARTESIAN_POINT('Ctrl Pts',(-28.68,-5.82119287725838,6.05723197208125));
#4443=CARTESIAN_POINT('Ctrl Pts',(-29.8497319720813,-5.82119287725838,6.05723197208125));
#4444=CARTESIAN_POINT('Ctrl Pts',(-29.8497319720813,-5.82119287725838,4.8875));
#4445=CARTESIAN_POINT('Ctrl Pts',(-29.8497319720813,-5.82119287725838,3.71776802791875));
#4446=CARTESIAN_POINT('Ctrl Pts',(-28.68,-5.82119287725838,3.71776802791875));
#4447=CARTESIAN_POINT('Ctrl Pts',(-27.5102680279187,-5.82119287725838,3.71776802791875));
#4448=CARTESIAN_POINT('Ctrl Pts',(-27.5102680279187,-5.82119287725838,4.8875));
#4449=CARTESIAN_POINT('Ctrl Pts',(-27.5102680279187,-5.82119287725838,6.05723197208125));
#4450=CARTESIAN_POINT('Ctrl Pts',(-28.68,-5.82119287725838,6.05723197208125));
#4451=CARTESIAN_POINT('Ctrl Pts',(-28.68,-5.8,6.0545));
#4452=CARTESIAN_POINT('Ctrl Pts',(-29.847,-5.8,6.0545));
#4453=CARTESIAN_POINT('Ctrl Pts',(-29.847,-5.8,4.8875));
#4454=CARTESIAN_POINT('Ctrl Pts',(-29.847,-5.8,3.7205));
#4455=CARTESIAN_POINT('Ctrl Pts',(-28.68,-5.8,3.7205));
#4456=CARTESIAN_POINT('Ctrl Pts',(-27.513,-5.8,3.7205));
#4457=CARTESIAN_POINT('Ctrl Pts',(-27.513,-5.8,4.8875));
#4458=CARTESIAN_POINT('Ctrl Pts',(-27.513,-5.8,6.0545));
#4459=CARTESIAN_POINT('Ctrl Pts',(-28.68,-5.8,6.0545));
#4460=CARTESIAN_POINT('',(-28.68,-17.145,5.8845));
#4461=CARTESIAN_POINT('Ctrl Pts',(-28.68,-17.145,5.8845));
#4462=CARTESIAN_POINT('Ctrl Pts',(-28.68,-17.1379258178671,5.88841913667911));
#4463=CARTESIAN_POINT('Ctrl Pts',(-28.68,-17.1233550383744,5.89439953016842));
#4464=CARTESIAN_POINT('Ctrl Pts',(-28.68,-17.1002277872511,5.89777957166395));
#4465=CARTESIAN_POINT('Ctrl Pts',(-28.68,-17.0668824865966,5.89125153700219));
#4466=CARTESIAN_POINT('Ctrl Pts',(-28.68,-17.0225264959778,5.87133771910744));
#4467=CARTESIAN_POINT('Ctrl Pts',(-28.68,-16.9807387678151,5.86276347196893));
#4468=CARTESIAN_POINT('Ctrl Pts',(-28.68,-16.9476021970008,5.89219571223383));
#4469=CARTESIAN_POINT('Ctrl Pts',(-28.68,-16.9236740468386,5.96142851153161));
#4470=CARTESIAN_POINT('Ctrl Pts',(-28.68,-16.9029784660072,6.04324296499482));
#4471=CARTESIAN_POINT('Ctrl Pts',(-28.68,-16.8781481266154,6.10532062682786));
#4472=CARTESIAN_POINT('Ctrl Pts',(-28.68,-16.8438831622706,6.12641655644413));
#4473=CARTESIAN_POINT('Ctrl Pts',(-28.68,-16.8016377189348,6.11826243713286));
#4474=CARTESIAN_POINT('Ctrl Pts',(-28.68,-16.7554279737042,6.10825970140207));
#4475=CARTESIAN_POINT('Ctrl Pts',(-28.68,-16.7049246042177,6.11198650226883));
#4476=CARTESIAN_POINT('Ctrl Pts',(-28.68,-16.645358458132,6.12899464137184));
#4477=CARTESIAN_POINT('Ctrl Pts',(-28.68,-16.5713595648658,6.15223027272101));
#4478=CARTESIAN_POINT('Ctrl Pts',(-28.68,-16.4802237121192,6.17452180237755));
#4479=CARTESIAN_POINT('Ctrl Pts',(-28.68,-16.3734850737889,6.19286879296348));
#4480=CARTESIAN_POINT('Ctrl Pts',(-28.68,-16.2551091024067,6.20645280504526));
#4481=CARTESIAN_POINT('Ctrl Pts',(-28.68,-16.1305681163919,6.21631813879546));
#4482=CARTESIAN_POINT('Ctrl Pts',(-28.68,-16.0055114646068,6.22434367392018));
#4483=CARTESIAN_POINT('Ctrl Pts',(-28.68,-15.8847182168587,6.2325804953251));
#4484=CARTESIAN_POINT('Ctrl Pts',(-28.68,-15.7706579743322,6.24227936868264));
#4485=CARTESIAN_POINT('Ctrl Pts',(-28.68,-15.66335253986,6.25369316967258));
#4486=CARTESIAN_POINT('Ctrl Pts',(-28.68,-15.5612898409654,6.26645839231138));
#4487=CARTESIAN_POINT('Ctrl Pts',(-28.68,-15.4620358017677,6.27981377117006));
#4488=CARTESIAN_POINT('Ctrl Pts',(-28.68,-15.3629789536403,6.29288880718545));
#4489=CARTESIAN_POINT('Ctrl Pts',(-28.68,-15.2619959947063,6.30495415221564));
#4490=CARTESIAN_POINT('Ctrl Pts',(-28.68,-15.1582105770316,6.31571020627693));
#4491=CARTESIAN_POINT('Ctrl Pts',(-28.68,-15.0517308211287,6.32519747653919));
#4492=CARTESIAN_POINT('Ctrl Pts',(-28.68,-14.9433092448214,6.33367894308271));
#4493=CARTESIAN_POINT('Ctrl Pts',(-28.68,-14.8340230542626,6.34152983134257));
#4494=CARTESIAN_POINT('Ctrl Pts',(-28.68,-14.724963312391,6.34913029466894));
#4495=CARTESIAN_POINT('Ctrl Pts',(-28.68,-14.6168788882131,6.35674254982638));
#4496=CARTESIAN_POINT('Ctrl Pts',(-28.68,-14.5099739730588,6.36444101076517));
#4497=CARTESIAN_POINT('Ctrl Pts',(-28.68,-14.4041017392153,6.37217922939204));
#4498=CARTESIAN_POINT('Ctrl Pts',(-28.68,-14.2988794333833,6.37982969506783));
#4499=CARTESIAN_POINT('Ctrl Pts',(-28.68,-14.1938392832636,6.38723601985598));
#4500=CARTESIAN_POINT('Ctrl Pts',(-28.68,-14.0885530580674,6.39425598701129));
#4501=CARTESIAN_POINT('Ctrl Pts',(-28.68,-13.9827958322594,6.40081823428223));
#4502=CARTESIAN_POINT('Ctrl Pts',(-28.68,-13.8765462095471,6.40692200277698));
#4503=CARTESIAN_POINT('Ctrl Pts',(-28.68,-13.7699108770303,6.41261053798067));
#4504=CARTESIAN_POINT('Ctrl Pts',(-28.68,-13.663072778889,6.41795271255498));
#4505=CARTESIAN_POINT('Ctrl Pts',(-28.68,-13.5562300620995,6.42302144297819));
#4506=CARTESIAN_POINT('Ctrl Pts',(-28.68,-13.4495377442231,6.4278730361938));
#4507=CARTESIAN_POINT('Ctrl Pts',(-28.68,-13.3430517601734,6.43252741340414));
#4508=CARTESIAN_POINT('Ctrl Pts',(-28.68,-13.2367571346425,6.43697865608148));
#4509=CARTESIAN_POINT('Ctrl Pts',(-28.68,-13.1305915933481,6.44120389776212));
#4510=CARTESIAN_POINT('Ctrl Pts',(-28.68,-13.0244717044736,6.44517315945903));
#4511=CARTESIAN_POINT('Ctrl Pts',(-28.68,-12.9183160580208,6.44885804124554));
#4512=CARTESIAN_POINT('Ctrl Pts',(-28.68,-12.8120742955104,6.45224271071865));
#4513=CARTESIAN_POINT('Ctrl Pts',(-28.68,-12.7057367395488,6.45532724671261));
#4514=CARTESIAN_POINT('Ctrl Pts',(-28.68,-12.5993191403899,6.45812116110467));
#4515=CARTESIAN_POINT('Ctrl Pts',(-28.68,-12.4928537944159,6.46063944797729));
#4516=CARTESIAN_POINT('Ctrl Pts',(-28.68,-12.3863778338186,6.46289748544317));
#4517=CARTESIAN_POINT('Ctrl Pts',(-28.68,-12.2799233235061,6.46490672295108));
#4518=CARTESIAN_POINT('Ctrl Pts',(-28.68,-12.1735050240472,6.46666925970255));
#4519=CARTESIAN_POINT('Ctrl Pts',(-28.68,-12.0671229224531,6.46817970353752));
#4520=CARTESIAN_POINT('Ctrl Pts',(-28.68,-11.960767471538,6.46942836785119));
#4521=CARTESIAN_POINT('Ctrl Pts',(-28.68,-11.8544239726747,6.4704040627282));
#4522=CARTESIAN_POINT('Ctrl Pts',(-28.68,-11.7480771348245,6.47109692688387));
#4523=CARTESIAN_POINT('Ctrl Pts',(-28.68,-11.6417159862836,6.47150154966982));
#4524=CARTESIAN_POINT('Ctrl Pts',(-28.68,-11.5353373155101,6.47161902573947));
#4525=CARTESIAN_POINT('Ctrl Pts',(-28.68,-11.4289430830967,6.4714546949693));
#4526=CARTESIAN_POINT('Ctrl Pts',(-28.68,-11.3225387951313,6.47101657714622));
#4527=CARTESIAN_POINT('Ctrl Pts',(-28.68,-11.2161314376939,6.47031347359471));
#4528=CARTESIAN_POINT('Ctrl Pts',(-28.68,-11.1097277473107,6.46935335628651));
#4529=CARTESIAN_POINT('Ctrl Pts',(-28.68,-11.0033319666907,6.46814127114436));
#4530=CARTESIAN_POINT('Ctrl Pts',(-28.68,-10.8969455333189,6.46667912433115));
#4531=CARTESIAN_POINT('Ctrl Pts',(-28.68,-10.7905679777179,6.46496665537685));
#4532=CARTESIAN_POINT('Ctrl Pts',(-28.68,-10.6841974590425,6.46300205364824));
#4533=CARTESIAN_POINT('Ctrl Pts',(-28.68,-10.5778314496918,6.46078272261431));
#4534=CARTESIAN_POINT('Ctrl Pts',(-28.68,-10.4714673553297,6.45830597773837));
#4535=CARTESIAN_POINT('Ctrl Pts',(-28.68,-10.3651031635457,6.45556978030735));
#4536=CARTESIAN_POINT('Ctrl Pts',(-28.68,-10.258737598201,6.45257246004068));
#4537=CARTESIAN_POINT('Ctrl Pts',(-28.68,-10.152370263219,6.44931244540888));
#4538=CARTESIAN_POINT('Ctrl Pts',(-28.68,-10.0460018147593,6.44578797268572));
#4539=CARTESIAN_POINT('Ctrl Pts',(-28.68,-9.93963406660922,6.44199684611734));
#4540=CARTESIAN_POINT('Ctrl Pts',(-28.68,-9.83327025926387,6.43793607440932));
#4541=CARTESIAN_POINT('Ctrl Pts',(-28.68,-9.72691479003151,6.43360191608004));
#4542=CARTESIAN_POINT('Ctrl Pts',(-28.68,-9.62057201409941,6.42899063233142));
#4543=CARTESIAN_POINT('Ctrl Pts',(-28.68,-9.51424528931014,6.42409905093121));
#4544=CARTESIAN_POINT('Ctrl Pts',(-28.68,-9.40793585632777,6.41892526474213));
#4545=CARTESIAN_POINT('Ctrl Pts',(-28.68,-9.30164194166635,6.41346913875589));
#4546=CARTESIAN_POINT('Ctrl Pts',(-28.68,-9.19535736662463,6.40773324892807));
#4547=CARTESIAN_POINT('Ctrl Pts',(-28.68,-9.08907308049299,6.40172126248178));
#4548=CARTESIAN_POINT('Ctrl Pts',(-28.68,-8.98277951384577,6.39543561289022));
#4549=CARTESIAN_POINT('Ctrl Pts',(-28.68,-8.8764686982763,6.38887535161615));
#4550=CARTESIAN_POINT('Ctrl Pts',(-28.68,-8.77013639074379,6.38203405797436));
#4551=CARTESIAN_POINT('Ctrl Pts',(-28.68,-8.66378442005615,6.37489740504027));
#4552=CARTESIAN_POINT('Ctrl Pts',(-28.68,-8.55742227946669,6.36744181473657));
#4553=CARTESIAN_POINT('Ctrl Pts',(-28.68,-8.45106383475449,6.3596402122547));
#4554=CARTESIAN_POINT('Ctrl Pts',(-28.68,-8.3447246572914,6.35146679892717));
#4555=CARTESIAN_POINT('Ctrl Pts',(-28.68,-8.23841898032769,6.34290255842291));
#4556=CARTESIAN_POINT('Ctrl Pts',(-28.68,-8.13215712862266,6.3339396426199));
#4557=CARTESIAN_POINT('Ctrl Pts',(-28.68,-8.02594196731955,6.32458825384053));
#4558=CARTESIAN_POINT('Ctrl Pts',(-28.68,-7.91976894470464,6.31487422828541));
#4559=CARTESIAN_POINT('Ctrl Pts',(-28.68,-7.81362935667638,6.30482821655669));
#4560=CARTESIAN_POINT('Ctrl Pts',(-28.68,-7.70751268950204,6.29447732647118));
#4561=CARTESIAN_POINT('Ctrl Pts',(-28.68,-7.60140938819435,6.28383549890463));
#4562=CARTESIAN_POINT('Ctrl Pts',(-28.68,-7.49531332749075,6.27289502319999));
#4563=CARTESIAN_POINT('Ctrl Pts',(-28.68,-7.38922472031753,6.2616159435967));
#4564=CARTESIAN_POINT('Ctrl Pts',(-28.68,-7.28314837152138,6.24993951494545));
#4565=CARTESIAN_POINT('Ctrl Pts',(-28.68,-7.17709151096373,6.23780377070839));
#4566=CARTESIAN_POINT('Ctrl Pts',(-28.68,-7.07106172411754,6.22515880441912));
#4567=CARTESIAN_POINT('Ctrl Pts',(-28.68,-6.96506496310526,6.21198111491369));
#4568=CARTESIAN_POINT('Ctrl Pts',(-28.68,-6.85910323196829,6.19829091479353));
#4569=CARTESIAN_POINT('Ctrl Pts',(-28.68,-6.75317333841821,6.18416004221282));
#4570=CARTESIAN_POINT('Ctrl Pts',(-28.68,-6.64726868526045,6.16969316636391));
#4571=CARTESIAN_POINT('Ctrl Pts',(-28.68,-6.54138048334923,6.15501413040891));
#4572=CARTESIAN_POINT('Ctrl Pts',(-28.68,-6.43549923759558,6.14024975271414));
#4573=CARTESIAN_POINT('Ctrl Pts',(-28.68,-6.32961601087095,6.12551591975207));
#4574=CARTESIAN_POINT('Ctrl Pts',(-28.68,-6.22372404813991,6.11089965771889));
#4575=CARTESIAN_POINT('Ctrl Pts',(-28.68,-6.11781894658218,6.09645781746688));
#4576=CARTESIAN_POINT('Ctrl Pts',(-28.68,-6.0118980347515,6.08222484185634));
#4577=CARTESIAN_POINT('Ctrl Pts',(-28.68,-5.92714760372869,6.07101914820018));
#4578=CARTESIAN_POINT('Ctrl Pts',(-28.68,-5.86357687542607,6.06271906476052));
#4579=CARTESIAN_POINT('Ctrl Pts',(-28.68,-5.82119287725838,6.05723197208125));
#4580=CARTESIAN_POINT('Ctrl Pts',(-28.68,-5.8,6.0545));
#4581=CARTESIAN_POINT('Origin',(-28.68,-17.145,4.8875));
#4582=CARTESIAN_POINT('Origin',(-28.68,-17.145,4.8875));
#4583=UNCERTAINTY_MEASURE_WITH_UNIT(LENGTH_MEASURE(0.001),#4587,
'DISTANCE_ACCURACY_VALUE',
'Maximum model space distance between geometric entities at asserted c
onnectivities');
#4584=UNCERTAINTY_MEASURE_WITH_UNIT(LENGTH_MEASURE(0.001),#4587,
'DISTANCE_ACCURACY_VALUE',
'Maximum model space distance between geometric entities at asserted c
onnectivities');
#4585=(
GEOMETRIC_REPRESENTATION_CONTEXT(3)
GLOBAL_UNCERTAINTY_ASSIGNED_CONTEXT((#4583))
GLOBAL_UNIT_ASSIGNED_CONTEXT((#4587,#4589,#4590))
REPRESENTATION_CONTEXT('','3D')
);
#4586=(
GEOMETRIC_REPRESENTATION_CONTEXT(3)
GLOBAL_UNCERTAINTY_ASSIGNED_CONTEXT((#4584))
GLOBAL_UNIT_ASSIGNED_CONTEXT((#4587,#4589,#4590))
REPRESENTATION_CONTEXT('','3D')
);
#4587=(
LENGTH_UNIT()
NAMED_UNIT(*)
SI_UNIT(.CENTI.,.METRE.)
);
#4588=(
LENGTH_UNIT()
NAMED_UNIT(*)
SI_UNIT($,.METRE.)
);
#4589=(
NAMED_UNIT(*)
PLANE_ANGLE_UNIT()
SI_UNIT($,.RADIAN.)
);
#4590=(
NAMED_UNIT(*)
SI_UNIT($,.STERADIAN.)
SOLID_ANGLE_UNIT()
);
#4591=SHAPE_DEFINITION_REPRESENTATION(#4592,#4593);
#4592=PRODUCT_DEFINITION_SHAPE('',$,#4595);
#4593=SHAPE_REPRESENTATION('',(#2079),#4585);
#4594=PRODUCT_DEFINITION_CONTEXT('part definition',#4599,'design');
#4595=PRODUCT_DEFINITION('50_Print_Charging','50_Print_Charging',#4596,
#4594);
#4596=PRODUCT_DEFINITION_FORMATION('',$,#4601);
#4597=PRODUCT_RELATED_PRODUCT_CATEGORY('50_Print_Charging',
'50_Print_Charging',(#4601));
#4598=APPLICATION_PROTOCOL_DEFINITION('international standard',
'automotive_design',2009,#4599);
#4599=APPLICATION_CONTEXT(
'Core Data for Automotive Mechanical Design Process');
#4600=PRODUCT_CONTEXT('part definition',#4599,'mechanical');
#4601=PRODUCT('50_Print_Charging','50_Print_Charging',$,(#4600));
#4602=PRESENTATION_STYLE_ASSIGNMENT((#4603));
#4603=SURFACE_STYLE_USAGE(.BOTH.,#4604);
#4604=SURFACE_SIDE_STYLE('',(#4605));
#4605=SURFACE_STYLE_FILL_AREA(#4606);
#4606=FILL_AREA_STYLE('Steel - Satin',(#4607));
#4607=FILL_AREA_STYLE_COLOUR('Steel - Satin',#4608);
#4608=COLOUR_RGB('Steel - Satin',0.627450980392157,0.627450980392157,0.627450980392157);
ENDSEC;
END-ISO-10303-21;
