ISO-10303-21;
HEADER;
/* Generated by software containing ST-Developer
 * from STEP Tools, Inc. (www.steptools.com) 
 */

FILE_DESCRIPTION(
/* description */ (''),
/* implementation_level */ '2;1');

FILE_NAME(
/* name */ '60_Print_Trigger.stp',
/* time_stamp */ '2026-09-13T20:18:29-05:00',
/* author */ (''),
/* organization */ (''),
/* preprocessor_version */ 'ST-DEVELOPER v20.1',
/* originating_system */ 'Autodesk Translation Framework v15.8.0.0',
/* authorisation */ '');

FILE_SCHEMA (('AUTOMOTIVE_DESIGN { 1 0 10303 214 3 1 1 }'));
ENDSEC;

DATA;
#10=MECHANICAL_DESIGN_GEOMETRIC_PRESENTATION_REPRESENTATION('',(#13,#14,
#15,#16),#13912);
#11=SHAPE_REPRESENTATION_RELATIONSHIP('SRR','None',#13919,#12);
#12=ADVANCED_BREP_SHAPE_REPRESENTATION('',(#17,#18,#19,#20),#13911);
#13=STYLED_ITEM('',(#13928),#17);
#14=STYLED_ITEM('',(#13928),#18);
#15=STYLED_ITEM('',(#13928),#19);
#16=STYLED_ITEM('',(#13928),#20);
#17=MANIFOLD_SOLID_BREP('PR-51-Trigger-Butterfly',#8565);
#18=MANIFOLD_SOLID_BREP('PR-52-Trigger-Switch-Carrier',#8566);
#19=MANIFOLD_SOLID_BREP('HW-02-Switch-SS5GL13',#8567);
#20=MANIFOLD_SOLID_BREP('HW-03-Trigger-Pin-4mm',#8568);
#21=FACE_BOUND('',#1375,.T.);
#22=FACE_BOUND('',#1377,.T.);
#23=FACE_BOUND('',#1379,.T.);
#24=FACE_BOUND('',#1381,.T.);
#25=FACE_BOUND('',#1995,.T.);
#26=FACE_BOUND('',#1996,.T.);
#27=FACE_BOUND('',#2000,.T.);
#28=FACE_BOUND('',#2001,.T.);
#29=FACE_BOUND('',#2007,.T.);
#30=FACE_BOUND('',#2008,.T.);
#31=FACE_BOUND('',#2013,.T.);
#32=FACE_BOUND('',#2015,.T.);
#33=FACE_BOUND('',#2023,.T.);
#34=FACE_BOUND('',#2025,.T.);
#35=PLANE('',#8585);
#36=PLANE('',#8592);
#37=PLANE('',#8593);
#38=PLANE('',#8594);
#39=PLANE('',#8595);
#40=PLANE('',#8596);
#41=PLANE('',#8597);
#42=PLANE('',#8598);
#43=PLANE('',#8599);
#44=PLANE('',#8600);
#45=PLANE('',#8601);
#46=PLANE('',#8602);
#47=PLANE('',#8603);
#48=PLANE('',#8604);
#49=PLANE('',#8605);
#50=PLANE('',#8606);
#51=PLANE('',#8607);
#52=PLANE('',#8608);
#53=PLANE('',#8609);
#54=PLANE('',#8610);
#55=PLANE('',#8611);
#56=PLANE('',#8612);
#57=PLANE('',#8613);
#58=PLANE('',#8614);
#59=PLANE('',#8615);
#60=PLANE('',#8616);
#61=PLANE('',#8617);
#62=PLANE('',#8618);
#63=PLANE('',#8619);
#64=PLANE('',#8620);
#65=PLANE('',#8621);
#66=PLANE('',#8622);
#67=PLANE('',#8623);
#68=PLANE('',#8624);
#69=PLANE('',#8625);
#70=PLANE('',#8626);
#71=PLANE('',#8627);
#72=PLANE('',#8628);
#73=PLANE('',#8629);
#74=PLANE('',#8630);
#75=PLANE('',#8631);
#76=PLANE('',#8632);
#77=PLANE('',#8633);
#78=PLANE('',#8634);
#79=PLANE('',#8635);
#80=PLANE('',#8636);
#81=PLANE('',#8637);
#82=PLANE('',#8638);
#83=PLANE('',#8639);
#84=PLANE('',#8640);
#85=PLANE('',#8641);
#86=PLANE('',#8642);
#87=PLANE('',#8643);
#88=PLANE('',#8644);
#89=PLANE('',#8645);
#90=PLANE('',#8646);
#91=PLANE('',#8647);
#92=PLANE('',#8648);
#93=PLANE('',#8649);
#94=PLANE('',#8650);
#95=PLANE('',#8651);
#96=PLANE('',#8652);
#97=PLANE('',#8653);
#98=PLANE('',#8654);
#99=PLANE('',#8655);
#100=PLANE('',#8656);
#101=PLANE('',#8657);
#102=PLANE('',#8658);
#103=PLANE('',#8659);
#104=PLANE('',#8660);
#105=PLANE('',#8661);
#106=PLANE('',#8662);
#107=PLANE('',#8663);
#108=PLANE('',#8664);
#109=PLANE('',#8665);
#110=PLANE('',#8666);
#111=PLANE('',#8667);
#112=PLANE('',#8668);
#113=PLANE('',#8669);
#114=PLANE('',#8670);
#115=PLANE('',#8671);
#116=PLANE('',#8672);
#117=PLANE('',#8673);
#118=PLANE('',#8674);
#119=PLANE('',#8675);
#120=PLANE('',#8676);
#121=PLANE('',#8677);
#122=PLANE('',#8678);
#123=PLANE('',#8679);
#124=PLANE('',#8680);
#125=PLANE('',#8681);
#126=PLANE('',#8682);
#127=PLANE('',#8683);
#128=PLANE('',#8684);
#129=PLANE('',#8685);
#130=PLANE('',#8686);
#131=PLANE('',#8687);
#132=PLANE('',#8688);
#133=PLANE('',#8689);
#134=PLANE('',#8690);
#135=PLANE('',#8691);
#136=PLANE('',#8692);
#137=PLANE('',#8693);
#138=PLANE('',#8694);
#139=PLANE('',#8695);
#140=PLANE('',#8696);
#141=PLANE('',#8697);
#142=PLANE('',#8698);
#143=PLANE('',#8699);
#144=PLANE('',#8700);
#145=PLANE('',#8701);
#146=PLANE('',#8702);
#147=PLANE('',#8703);
#148=PLANE('',#8704);
#149=PLANE('',#8705);
#150=PLANE('',#8706);
#151=PLANE('',#8707);
#152=PLANE('',#8708);
#153=PLANE('',#8709);
#154=PLANE('',#8710);
#155=PLANE('',#8711);
#156=PLANE('',#8712);
#157=PLANE('',#8713);
#158=PLANE('',#8714);
#159=PLANE('',#8715);
#160=PLANE('',#8716);
#161=PLANE('',#8717);
#162=PLANE('',#8718);
#163=PLANE('',#8719);
#164=PLANE('',#8720);
#165=PLANE('',#8721);
#166=PLANE('',#8722);
#167=PLANE('',#8723);
#168=PLANE('',#8724);
#169=PLANE('',#8725);
#170=PLANE('',#8726);
#171=PLANE('',#8727);
#172=PLANE('',#8728);
#173=PLANE('',#8729);
#174=PLANE('',#8730);
#175=PLANE('',#8731);
#176=PLANE('',#8732);
#177=PLANE('',#8733);
#178=PLANE('',#8734);
#179=PLANE('',#8735);
#180=PLANE('',#8736);
#181=PLANE('',#8737);
#182=PLANE('',#8738);
#183=PLANE('',#8739);
#184=PLANE('',#8740);
#185=PLANE('',#8741);
#186=PLANE('',#8742);
#187=PLANE('',#8743);
#188=PLANE('',#8744);
#189=PLANE('',#8745);
#190=PLANE('',#8746);
#191=PLANE('',#8747);
#192=PLANE('',#8748);
#193=PLANE('',#8749);
#194=PLANE('',#8750);
#195=PLANE('',#8751);
#196=PLANE('',#8752);
#197=PLANE('',#8753);
#198=PLANE('',#8754);
#199=PLANE('',#8755);
#200=PLANE('',#8756);
#201=PLANE('',#8757);
#202=PLANE('',#8758);
#203=PLANE('',#8759);
#204=PLANE('',#8760);
#205=PLANE('',#8761);
#206=PLANE('',#8762);
#207=PLANE('',#8763);
#208=PLANE('',#8764);
#209=PLANE('',#8765);
#210=PLANE('',#8766);
#211=PLANE('',#8767);
#212=PLANE('',#8768);
#213=PLANE('',#8769);
#214=PLANE('',#8770);
#215=PLANE('',#8771);
#216=PLANE('',#8772);
#217=PLANE('',#8773);
#218=PLANE('',#8774);
#219=PLANE('',#8775);
#220=PLANE('',#8776);
#221=PLANE('',#8777);
#222=PLANE('',#8778);
#223=PLANE('',#8779);
#224=PLANE('',#8780);
#225=PLANE('',#8781);
#226=PLANE('',#8782);
#227=PLANE('',#8783);
#228=PLANE('',#8784);
#229=PLANE('',#8785);
#230=PLANE('',#8786);
#231=PLANE('',#8787);
#232=PLANE('',#8788);
#233=PLANE('',#8789);
#234=PLANE('',#8790);
#235=PLANE('',#8791);
#236=PLANE('',#8792);
#237=PLANE('',#8793);
#238=PLANE('',#8794);
#239=PLANE('',#8795);
#240=PLANE('',#8796);
#241=PLANE('',#8797);
#242=PLANE('',#8798);
#243=PLANE('',#8799);
#244=PLANE('',#8800);
#245=PLANE('',#8801);
#246=PLANE('',#8802);
#247=PLANE('',#8803);
#248=PLANE('',#8804);
#249=PLANE('',#8805);
#250=PLANE('',#8806);
#251=PLANE('',#8807);
#252=PLANE('',#8808);
#253=PLANE('',#8809);
#254=PLANE('',#8810);
#255=PLANE('',#8811);
#256=PLANE('',#8812);
#257=PLANE('',#8813);
#258=PLANE('',#8814);
#259=PLANE('',#8815);
#260=PLANE('',#8816);
#261=PLANE('',#8817);
#262=PLANE('',#8818);
#263=PLANE('',#8819);
#264=PLANE('',#8820);
#265=PLANE('',#8821);
#266=PLANE('',#8822);
#267=PLANE('',#8823);
#268=PLANE('',#8824);
#269=PLANE('',#8825);
#270=PLANE('',#8826);
#271=PLANE('',#8827);
#272=PLANE('',#8828);
#273=PLANE('',#8829);
#274=PLANE('',#8830);
#275=PLANE('',#8831);
#276=PLANE('',#8832);
#277=PLANE('',#8833);
#278=PLANE('',#8834);
#279=PLANE('',#8835);
#280=PLANE('',#8836);
#281=PLANE('',#8837);
#282=PLANE('',#8838);
#283=PLANE('',#8839);
#284=PLANE('',#8840);
#285=PLANE('',#8841);
#286=PLANE('',#8842);
#287=PLANE('',#8843);
#288=PLANE('',#8844);
#289=PLANE('',#8845);
#290=PLANE('',#8846);
#291=PLANE('',#8847);
#292=PLANE('',#8848);
#293=PLANE('',#8849);
#294=PLANE('',#8850);
#295=PLANE('',#8851);
#296=PLANE('',#8852);
#297=PLANE('',#8853);
#298=PLANE('',#8854);
#299=PLANE('',#8855);
#300=PLANE('',#8856);
#301=PLANE('',#8857);
#302=PLANE('',#8858);
#303=PLANE('',#8859);
#304=PLANE('',#8860);
#305=PLANE('',#8861);
#306=PLANE('',#8862);
#307=PLANE('',#8863);
#308=PLANE('',#8864);
#309=PLANE('',#8865);
#310=PLANE('',#8866);
#311=PLANE('',#8867);
#312=PLANE('',#8868);
#313=PLANE('',#8869);
#314=PLANE('',#8870);
#315=PLANE('',#8871);
#316=PLANE('',#8872);
#317=PLANE('',#8873);
#318=PLANE('',#8874);
#319=PLANE('',#8875);
#320=PLANE('',#8876);
#321=PLANE('',#8877);
#322=PLANE('',#8878);
#323=PLANE('',#8879);
#324=PLANE('',#8880);
#325=PLANE('',#8881);
#326=PLANE('',#8882);
#327=PLANE('',#8883);
#328=PLANE('',#8884);
#329=PLANE('',#8885);
#330=PLANE('',#8886);
#331=PLANE('',#8887);
#332=PLANE('',#8888);
#333=PLANE('',#8889);
#334=PLANE('',#8890);
#335=PLANE('',#8891);
#336=PLANE('',#8892);
#337=PLANE('',#8893);
#338=PLANE('',#8894);
#339=PLANE('',#8895);
#340=PLANE('',#8896);
#341=PLANE('',#8897);
#342=PLANE('',#8898);
#343=PLANE('',#8899);
#344=PLANE('',#8900);
#345=PLANE('',#8901);
#346=PLANE('',#8902);
#347=PLANE('',#8903);
#348=PLANE('',#8904);
#349=PLANE('',#8905);
#350=PLANE('',#8906);
#351=PLANE('',#8907);
#352=PLANE('',#8908);
#353=PLANE('',#8909);
#354=PLANE('',#8910);
#355=PLANE('',#8911);
#356=PLANE('',#8912);
#357=PLANE('',#8913);
#358=PLANE('',#8914);
#359=PLANE('',#8915);
#360=PLANE('',#8916);
#361=PLANE('',#8917);
#362=PLANE('',#8918);
#363=PLANE('',#8919);
#364=PLANE('',#8920);
#365=PLANE('',#8921);
#366=PLANE('',#8922);
#367=PLANE('',#8923);
#368=PLANE('',#8924);
#369=PLANE('',#8925);
#370=PLANE('',#8926);
#371=PLANE('',#8927);
#372=PLANE('',#8928);
#373=PLANE('',#8929);
#374=PLANE('',#8930);
#375=PLANE('',#8931);
#376=PLANE('',#8932);
#377=PLANE('',#8933);
#378=PLANE('',#8934);
#379=PLANE('',#8935);
#380=PLANE('',#8936);
#381=PLANE('',#8937);
#382=PLANE('',#8938);
#383=PLANE('',#8939);
#384=PLANE('',#8940);
#385=PLANE('',#8941);
#386=PLANE('',#8942);
#387=PLANE('',#8943);
#388=PLANE('',#8944);
#389=PLANE('',#8945);
#390=PLANE('',#8946);
#391=PLANE('',#8947);
#392=PLANE('',#8948);
#393=PLANE('',#8949);
#394=PLANE('',#8950);
#395=PLANE('',#8951);
#396=PLANE('',#8952);
#397=PLANE('',#8953);
#398=PLANE('',#8954);
#399=PLANE('',#8955);
#400=PLANE('',#8956);
#401=PLANE('',#8957);
#402=PLANE('',#8958);
#403=PLANE('',#8959);
#404=PLANE('',#8960);
#405=PLANE('',#8961);
#406=PLANE('',#8962);
#407=PLANE('',#8963);
#408=PLANE('',#8964);
#409=PLANE('',#8965);
#410=PLANE('',#8966);
#411=PLANE('',#8967);
#412=PLANE('',#8968);
#413=PLANE('',#8969);
#414=PLANE('',#8970);
#415=PLANE('',#8971);
#416=PLANE('',#8972);
#417=PLANE('',#8973);
#418=PLANE('',#8974);
#419=PLANE('',#8975);
#420=PLANE('',#8976);
#421=PLANE('',#8977);
#422=PLANE('',#8978);
#423=PLANE('',#8979);
#424=PLANE('',#8980);
#425=PLANE('',#8981);
#426=PLANE('',#8982);
#427=PLANE('',#8983);
#428=PLANE('',#8984);
#429=PLANE('',#8985);
#430=PLANE('',#8986);
#431=PLANE('',#8987);
#432=PLANE('',#8988);
#433=PLANE('',#8989);
#434=PLANE('',#8990);
#435=PLANE('',#8991);
#436=PLANE('',#8992);
#437=PLANE('',#8993);
#438=PLANE('',#8994);
#439=PLANE('',#8995);
#440=PLANE('',#8996);
#441=PLANE('',#8997);
#442=PLANE('',#8998);
#443=PLANE('',#8999);
#444=PLANE('',#9000);
#445=PLANE('',#9001);
#446=PLANE('',#9002);
#447=PLANE('',#9003);
#448=PLANE('',#9004);
#449=PLANE('',#9005);
#450=PLANE('',#9006);
#451=PLANE('',#9007);
#452=PLANE('',#9008);
#453=PLANE('',#9009);
#454=PLANE('',#9010);
#455=PLANE('',#9011);
#456=PLANE('',#9012);
#457=PLANE('',#9013);
#458=PLANE('',#9014);
#459=PLANE('',#9015);
#460=PLANE('',#9016);
#461=PLANE('',#9017);
#462=PLANE('',#9018);
#463=PLANE('',#9019);
#464=PLANE('',#9020);
#465=PLANE('',#9021);
#466=PLANE('',#9022);
#467=PLANE('',#9023);
#468=PLANE('',#9024);
#469=PLANE('',#9025);
#470=PLANE('',#9026);
#471=PLANE('',#9027);
#472=PLANE('',#9028);
#473=PLANE('',#9029);
#474=PLANE('',#9030);
#475=PLANE('',#9031);
#476=PLANE('',#9032);
#477=PLANE('',#9033);
#478=PLANE('',#9034);
#479=PLANE('',#9035);
#480=PLANE('',#9036);
#481=PLANE('',#9037);
#482=PLANE('',#9038);
#483=PLANE('',#9039);
#484=PLANE('',#9040);
#485=PLANE('',#9041);
#486=PLANE('',#9042);
#487=PLANE('',#9043);
#488=PLANE('',#9044);
#489=PLANE('',#9045);
#490=PLANE('',#9046);
#491=PLANE('',#9047);
#492=PLANE('',#9048);
#493=PLANE('',#9049);
#494=PLANE('',#9050);
#495=PLANE('',#9051);
#496=PLANE('',#9052);
#497=PLANE('',#9053);
#498=PLANE('',#9054);
#499=PLANE('',#9055);
#500=PLANE('',#9056);
#501=PLANE('',#9057);
#502=PLANE('',#9058);
#503=PLANE('',#9059);
#504=PLANE('',#9060);
#505=PLANE('',#9061);
#506=PLANE('',#9062);
#507=PLANE('',#9063);
#508=PLANE('',#9064);
#509=PLANE('',#9065);
#510=PLANE('',#9066);
#511=PLANE('',#9067);
#512=PLANE('',#9068);
#513=PLANE('',#9069);
#514=PLANE('',#9070);
#515=PLANE('',#9071);
#516=PLANE('',#9072);
#517=PLANE('',#9073);
#518=PLANE('',#9074);
#519=PLANE('',#9075);
#520=PLANE('',#9076);
#521=PLANE('',#9077);
#522=PLANE('',#9078);
#523=PLANE('',#9079);
#524=PLANE('',#9080);
#525=PLANE('',#9081);
#526=PLANE('',#9082);
#527=PLANE('',#9083);
#528=PLANE('',#9084);
#529=PLANE('',#9085);
#530=PLANE('',#9086);
#531=PLANE('',#9087);
#532=PLANE('',#9088);
#533=PLANE('',#9089);
#534=PLANE('',#9090);
#535=PLANE('',#9091);
#536=PLANE('',#9092);
#537=PLANE('',#9093);
#538=PLANE('',#9094);
#539=PLANE('',#9095);
#540=PLANE('',#9096);
#541=PLANE('',#9097);
#542=PLANE('',#9098);
#543=PLANE('',#9099);
#544=PLANE('',#9100);
#545=PLANE('',#9101);
#546=PLANE('',#9102);
#547=PLANE('',#9103);
#548=PLANE('',#9104);
#549=PLANE('',#9105);
#550=PLANE('',#9106);
#551=PLANE('',#9107);
#552=PLANE('',#9108);
#553=PLANE('',#9109);
#554=PLANE('',#9110);
#555=PLANE('',#9111);
#556=PLANE('',#9112);
#557=PLANE('',#9113);
#558=PLANE('',#9114);
#559=PLANE('',#9115);
#560=PLANE('',#9116);
#561=PLANE('',#9117);
#562=PLANE('',#9118);
#563=PLANE('',#9119);
#564=PLANE('',#9120);
#565=PLANE('',#9121);
#566=PLANE('',#9122);
#567=PLANE('',#9123);
#568=PLANE('',#9124);
#569=PLANE('',#9125);
#570=PLANE('',#9126);
#571=PLANE('',#9127);
#572=PLANE('',#9128);
#573=PLANE('',#9129);
#574=PLANE('',#9130);
#575=PLANE('',#9131);
#576=PLANE('',#9132);
#577=PLANE('',#9133);
#578=PLANE('',#9134);
#579=PLANE('',#9135);
#580=PLANE('',#9136);
#581=PLANE('',#9137);
#582=PLANE('',#9138);
#583=PLANE('',#9139);
#584=PLANE('',#9140);
#585=PLANE('',#9141);
#586=PLANE('',#9142);
#587=PLANE('',#9143);
#588=PLANE('',#9144);
#589=PLANE('',#9145);
#590=PLANE('',#9146);
#591=PLANE('',#9147);
#592=PLANE('',#9148);
#593=PLANE('',#9149);
#594=PLANE('',#9150);
#595=PLANE('',#9151);
#596=PLANE('',#9152);
#597=PLANE('',#9153);
#598=PLANE('',#9154);
#599=PLANE('',#9155);
#600=PLANE('',#9156);
#601=PLANE('',#9157);
#602=PLANE('',#9158);
#603=PLANE('',#9159);
#604=PLANE('',#9160);
#605=PLANE('',#9161);
#606=PLANE('',#9162);
#607=PLANE('',#9163);
#608=PLANE('',#9164);
#609=PLANE('',#9165);
#610=PLANE('',#9166);
#611=PLANE('',#9167);
#612=PLANE('',#9168);
#613=PLANE('',#9169);
#614=PLANE('',#9170);
#615=PLANE('',#9171);
#616=PLANE('',#9172);
#617=PLANE('',#9173);
#618=PLANE('',#9174);
#619=PLANE('',#9175);
#620=PLANE('',#9176);
#621=PLANE('',#9177);
#622=PLANE('',#9178);
#623=PLANE('',#9179);
#624=PLANE('',#9180);
#625=PLANE('',#9181);
#626=PLANE('',#9182);
#627=PLANE('',#9183);
#628=PLANE('',#9184);
#629=PLANE('',#9185);
#630=PLANE('',#9186);
#631=PLANE('',#9187);
#632=PLANE('',#9188);
#633=PLANE('',#9189);
#634=PLANE('',#9190);
#635=PLANE('',#9191);
#636=PLANE('',#9192);
#637=PLANE('',#9193);
#638=PLANE('',#9194);
#639=PLANE('',#9195);
#640=PLANE('',#9196);
#641=PLANE('',#9197);
#642=PLANE('',#9198);
#643=PLANE('',#9211);
#644=PLANE('',#9212);
#645=PLANE('',#9219);
#646=PLANE('',#9220);
#647=PLANE('',#9221);
#648=PLANE('',#9222);
#649=PLANE('',#9223);
#650=PLANE('',#9224);
#651=PLANE('',#9225);
#652=PLANE('',#9226);
#653=PLANE('',#9227);
#654=PLANE('',#9228);
#655=PLANE('',#9229);
#656=PLANE('',#9230);
#657=PLANE('',#9231);
#658=PLANE('',#9232);
#659=PLANE('',#9233);
#660=PLANE('',#9234);
#661=PLANE('',#9235);
#662=PLANE('',#9236);
#663=PLANE('',#9237);
#664=PLANE('',#9238);
#665=PLANE('',#9239);
#666=PLANE('',#9240);
#667=PLANE('',#9241);
#668=PLANE('',#9242);
#669=PLANE('',#9243);
#670=PLANE('',#9244);
#671=PLANE('',#9245);
#672=PLANE('',#9246);
#673=PLANE('',#9247);
#674=PLANE('',#9248);
#675=PLANE('',#9249);
#676=PLANE('',#9250);
#677=PLANE('',#9251);
#678=PLANE('',#9252);
#679=PLANE('',#9253);
#680=PLANE('',#9254);
#681=PLANE('',#9255);
#682=PLANE('',#9256);
#683=PLANE('',#9257);
#684=PLANE('',#9258);
#685=PLANE('',#9259);
#686=PLANE('',#9260);
#687=PLANE('',#9261);
#688=PLANE('',#9262);
#689=PLANE('',#9263);
#690=PLANE('',#9264);
#691=PLANE('',#9265);
#692=PLANE('',#9266);
#693=PLANE('',#9267);
#694=PLANE('',#9268);
#695=PLANE('',#9272);
#696=PLANE('',#9273);
#697=FACE_OUTER_BOUND('',#1369,.T.);
#698=FACE_OUTER_BOUND('',#1370,.T.);
#699=FACE_OUTER_BOUND('',#1371,.T.);
#700=FACE_OUTER_BOUND('',#1372,.T.);
#701=FACE_OUTER_BOUND('',#1373,.T.);
#702=FACE_OUTER_BOUND('',#1374,.T.);
#703=FACE_OUTER_BOUND('',#1376,.T.);
#704=FACE_OUTER_BOUND('',#1378,.T.);
#705=FACE_OUTER_BOUND('',#1380,.T.);
#706=FACE_OUTER_BOUND('',#1382,.T.);
#707=FACE_OUTER_BOUND('',#1383,.T.);
#708=FACE_OUTER_BOUND('',#1384,.T.);
#709=FACE_OUTER_BOUND('',#1385,.T.);
#710=FACE_OUTER_BOUND('',#1386,.T.);
#711=FACE_OUTER_BOUND('',#1387,.T.);
#712=FACE_OUTER_BOUND('',#1388,.T.);
#713=FACE_OUTER_BOUND('',#1389,.T.);
#714=FACE_OUTER_BOUND('',#1390,.T.);
#715=FACE_OUTER_BOUND('',#1391,.T.);
#716=FACE_OUTER_BOUND('',#1392,.T.);
#717=FACE_OUTER_BOUND('',#1393,.T.);
#718=FACE_OUTER_BOUND('',#1394,.T.);
#719=FACE_OUTER_BOUND('',#1395,.T.);
#720=FACE_OUTER_BOUND('',#1396,.T.);
#721=FACE_OUTER_BOUND('',#1397,.T.);
#722=FACE_OUTER_BOUND('',#1398,.T.);
#723=FACE_OUTER_BOUND('',#1399,.T.);
#724=FACE_OUTER_BOUND('',#1400,.T.);
#725=FACE_OUTER_BOUND('',#1401,.T.);
#726=FACE_OUTER_BOUND('',#1402,.T.);
#727=FACE_OUTER_BOUND('',#1403,.T.);
#728=FACE_OUTER_BOUND('',#1404,.T.);
#729=FACE_OUTER_BOUND('',#1405,.T.);
#730=FACE_OUTER_BOUND('',#1406,.T.);
#731=FACE_OUTER_BOUND('',#1407,.T.);
#732=FACE_OUTER_BOUND('',#1408,.T.);
#733=FACE_OUTER_BOUND('',#1409,.T.);
#734=FACE_OUTER_BOUND('',#1410,.T.);
#735=FACE_OUTER_BOUND('',#1411,.T.);
#736=FACE_OUTER_BOUND('',#1412,.T.);
#737=FACE_OUTER_BOUND('',#1413,.T.);
#738=FACE_OUTER_BOUND('',#1414,.T.);
#739=FACE_OUTER_BOUND('',#1415,.T.);
#740=FACE_OUTER_BOUND('',#1416,.T.);
#741=FACE_OUTER_BOUND('',#1417,.T.);
#742=FACE_OUTER_BOUND('',#1418,.T.);
#743=FACE_OUTER_BOUND('',#1419,.T.);
#744=FACE_OUTER_BOUND('',#1420,.T.);
#745=FACE_OUTER_BOUND('',#1421,.T.);
#746=FACE_OUTER_BOUND('',#1422,.T.);
#747=FACE_OUTER_BOUND('',#1423,.T.);
#748=FACE_OUTER_BOUND('',#1424,.T.);
#749=FACE_OUTER_BOUND('',#1425,.T.);
#750=FACE_OUTER_BOUND('',#1426,.T.);
#751=FACE_OUTER_BOUND('',#1427,.T.);
#752=FACE_OUTER_BOUND('',#1428,.T.);
#753=FACE_OUTER_BOUND('',#1429,.T.);
#754=FACE_OUTER_BOUND('',#1430,.T.);
#755=FACE_OUTER_BOUND('',#1431,.T.);
#756=FACE_OUTER_BOUND('',#1432,.T.);
#757=FACE_OUTER_BOUND('',#1433,.T.);
#758=FACE_OUTER_BOUND('',#1434,.T.);
#759=FACE_OUTER_BOUND('',#1435,.T.);
#760=FACE_OUTER_BOUND('',#1436,.T.);
#761=FACE_OUTER_BOUND('',#1437,.T.);
#762=FACE_OUTER_BOUND('',#1438,.T.);
#763=FACE_OUTER_BOUND('',#1439,.T.);
#764=FACE_OUTER_BOUND('',#1440,.T.);
#765=FACE_OUTER_BOUND('',#1441,.T.);
#766=FACE_OUTER_BOUND('',#1442,.T.);
#767=FACE_OUTER_BOUND('',#1443,.T.);
#768=FACE_OUTER_BOUND('',#1444,.T.);
#769=FACE_OUTER_BOUND('',#1445,.T.);
#770=FACE_OUTER_BOUND('',#1446,.T.);
#771=FACE_OUTER_BOUND('',#1447,.T.);
#772=FACE_OUTER_BOUND('',#1448,.T.);
#773=FACE_OUTER_BOUND('',#1449,.T.);
#774=FACE_OUTER_BOUND('',#1450,.T.);
#775=FACE_OUTER_BOUND('',#1451,.T.);
#776=FACE_OUTER_BOUND('',#1452,.T.);
#777=FACE_OUTER_BOUND('',#1453,.T.);
#778=FACE_OUTER_BOUND('',#1454,.T.);
#779=FACE_OUTER_BOUND('',#1455,.T.);
#780=FACE_OUTER_BOUND('',#1456,.T.);
#781=FACE_OUTER_BOUND('',#1457,.T.);
#782=FACE_OUTER_BOUND('',#1458,.T.);
#783=FACE_OUTER_BOUND('',#1459,.T.);
#784=FACE_OUTER_BOUND('',#1460,.T.);
#785=FACE_OUTER_BOUND('',#1461,.T.);
#786=FACE_OUTER_BOUND('',#1462,.T.);
#787=FACE_OUTER_BOUND('',#1463,.T.);
#788=FACE_OUTER_BOUND('',#1464,.T.);
#789=FACE_OUTER_BOUND('',#1465,.T.);
#790=FACE_OUTER_BOUND('',#1466,.T.);
#791=FACE_OUTER_BOUND('',#1467,.T.);
#792=FACE_OUTER_BOUND('',#1468,.T.);
#793=FACE_OUTER_BOUND('',#1469,.T.);
#794=FACE_OUTER_BOUND('',#1470,.T.);
#795=FACE_OUTER_BOUND('',#1471,.T.);
#796=FACE_OUTER_BOUND('',#1472,.T.);
#797=FACE_OUTER_BOUND('',#1473,.T.);
#798=FACE_OUTER_BOUND('',#1474,.T.);
#799=FACE_OUTER_BOUND('',#1475,.T.);
#800=FACE_OUTER_BOUND('',#1476,.T.);
#801=FACE_OUTER_BOUND('',#1477,.T.);
#802=FACE_OUTER_BOUND('',#1478,.T.);
#803=FACE_OUTER_BOUND('',#1479,.T.);
#804=FACE_OUTER_BOUND('',#1480,.T.);
#805=FACE_OUTER_BOUND('',#1481,.T.);
#806=FACE_OUTER_BOUND('',#1482,.T.);
#807=FACE_OUTER_BOUND('',#1483,.T.);
#808=FACE_OUTER_BOUND('',#1484,.T.);
#809=FACE_OUTER_BOUND('',#1485,.T.);
#810=FACE_OUTER_BOUND('',#1486,.T.);
#811=FACE_OUTER_BOUND('',#1487,.T.);
#812=FACE_OUTER_BOUND('',#1488,.T.);
#813=FACE_OUTER_BOUND('',#1489,.T.);
#814=FACE_OUTER_BOUND('',#1490,.T.);
#815=FACE_OUTER_BOUND('',#1491,.T.);
#816=FACE_OUTER_BOUND('',#1492,.T.);
#817=FACE_OUTER_BOUND('',#1493,.T.);
#818=FACE_OUTER_BOUND('',#1494,.T.);
#819=FACE_OUTER_BOUND('',#1495,.T.);
#820=FACE_OUTER_BOUND('',#1496,.T.);
#821=FACE_OUTER_BOUND('',#1497,.T.);
#822=FACE_OUTER_BOUND('',#1498,.T.);
#823=FACE_OUTER_BOUND('',#1499,.T.);
#824=FACE_OUTER_BOUND('',#1500,.T.);
#825=FACE_OUTER_BOUND('',#1501,.T.);
#826=FACE_OUTER_BOUND('',#1502,.T.);
#827=FACE_OUTER_BOUND('',#1503,.T.);
#828=FACE_OUTER_BOUND('',#1504,.T.);
#829=FACE_OUTER_BOUND('',#1505,.T.);
#830=FACE_OUTER_BOUND('',#1506,.T.);
#831=FACE_OUTER_BOUND('',#1507,.T.);
#832=FACE_OUTER_BOUND('',#1508,.T.);
#833=FACE_OUTER_BOUND('',#1509,.T.);
#834=FACE_OUTER_BOUND('',#1510,.T.);
#835=FACE_OUTER_BOUND('',#1511,.T.);
#836=FACE_OUTER_BOUND('',#1512,.T.);
#837=FACE_OUTER_BOUND('',#1513,.T.);
#838=FACE_OUTER_BOUND('',#1514,.T.);
#839=FACE_OUTER_BOUND('',#1515,.T.);
#840=FACE_OUTER_BOUND('',#1516,.T.);
#841=FACE_OUTER_BOUND('',#1517,.T.);
#842=FACE_OUTER_BOUND('',#1518,.T.);
#843=FACE_OUTER_BOUND('',#1519,.T.);
#844=FACE_OUTER_BOUND('',#1520,.T.);
#845=FACE_OUTER_BOUND('',#1521,.T.);
#846=FACE_OUTER_BOUND('',#1522,.T.);
#847=FACE_OUTER_BOUND('',#1523,.T.);
#848=FACE_OUTER_BOUND('',#1524,.T.);
#849=FACE_OUTER_BOUND('',#1525,.T.);
#850=FACE_OUTER_BOUND('',#1526,.T.);
#851=FACE_OUTER_BOUND('',#1527,.T.);
#852=FACE_OUTER_BOUND('',#1528,.T.);
#853=FACE_OUTER_BOUND('',#1529,.T.);
#854=FACE_OUTER_BOUND('',#1530,.T.);
#855=FACE_OUTER_BOUND('',#1531,.T.);
#856=FACE_OUTER_BOUND('',#1532,.T.);
#857=FACE_OUTER_BOUND('',#1533,.T.);
#858=FACE_OUTER_BOUND('',#1534,.T.);
#859=FACE_OUTER_BOUND('',#1535,.T.);
#860=FACE_OUTER_BOUND('',#1536,.T.);
#861=FACE_OUTER_BOUND('',#1537,.T.);
#862=FACE_OUTER_BOUND('',#1538,.T.);
#863=FACE_OUTER_BOUND('',#1539,.T.);
#864=FACE_OUTER_BOUND('',#1540,.T.);
#865=FACE_OUTER_BOUND('',#1541,.T.);
#866=FACE_OUTER_BOUND('',#1542,.T.);
#867=FACE_OUTER_BOUND('',#1543,.T.);
#868=FACE_OUTER_BOUND('',#1544,.T.);
#869=FACE_OUTER_BOUND('',#1545,.T.);
#870=FACE_OUTER_BOUND('',#1546,.T.);
#871=FACE_OUTER_BOUND('',#1547,.T.);
#872=FACE_OUTER_BOUND('',#1548,.T.);
#873=FACE_OUTER_BOUND('',#1549,.T.);
#874=FACE_OUTER_BOUND('',#1550,.T.);
#875=FACE_OUTER_BOUND('',#1551,.T.);
#876=FACE_OUTER_BOUND('',#1552,.T.);
#877=FACE_OUTER_BOUND('',#1553,.T.);
#878=FACE_OUTER_BOUND('',#1554,.T.);
#879=FACE_OUTER_BOUND('',#1555,.T.);
#880=FACE_OUTER_BOUND('',#1556,.T.);
#881=FACE_OUTER_BOUND('',#1557,.T.);
#882=FACE_OUTER_BOUND('',#1558,.T.);
#883=FACE_OUTER_BOUND('',#1559,.T.);
#884=FACE_OUTER_BOUND('',#1560,.T.);
#885=FACE_OUTER_BOUND('',#1561,.T.);
#886=FACE_OUTER_BOUND('',#1562,.T.);
#887=FACE_OUTER_BOUND('',#1563,.T.);
#888=FACE_OUTER_BOUND('',#1564,.T.);
#889=FACE_OUTER_BOUND('',#1565,.T.);
#890=FACE_OUTER_BOUND('',#1566,.T.);
#891=FACE_OUTER_BOUND('',#1567,.T.);
#892=FACE_OUTER_BOUND('',#1568,.T.);
#893=FACE_OUTER_BOUND('',#1569,.T.);
#894=FACE_OUTER_BOUND('',#1570,.T.);
#895=FACE_OUTER_BOUND('',#1571,.T.);
#896=FACE_OUTER_BOUND('',#1572,.T.);
#897=FACE_OUTER_BOUND('',#1573,.T.);
#898=FACE_OUTER_BOUND('',#1574,.T.);
#899=FACE_OUTER_BOUND('',#1575,.T.);
#900=FACE_OUTER_BOUND('',#1576,.T.);
#901=FACE_OUTER_BOUND('',#1577,.T.);
#902=FACE_OUTER_BOUND('',#1578,.T.);
#903=FACE_OUTER_BOUND('',#1579,.T.);
#904=FACE_OUTER_BOUND('',#1580,.T.);
#905=FACE_OUTER_BOUND('',#1581,.T.);
#906=FACE_OUTER_BOUND('',#1582,.T.);
#907=FACE_OUTER_BOUND('',#1583,.T.);
#908=FACE_OUTER_BOUND('',#1584,.T.);
#909=FACE_OUTER_BOUND('',#1585,.T.);
#910=FACE_OUTER_BOUND('',#1586,.T.);
#911=FACE_OUTER_BOUND('',#1587,.T.);
#912=FACE_OUTER_BOUND('',#1588,.T.);
#913=FACE_OUTER_BOUND('',#1589,.T.);
#914=FACE_OUTER_BOUND('',#1590,.T.);
#915=FACE_OUTER_BOUND('',#1591,.T.);
#916=FACE_OUTER_BOUND('',#1592,.T.);
#917=FACE_OUTER_BOUND('',#1593,.T.);
#918=FACE_OUTER_BOUND('',#1594,.T.);
#919=FACE_OUTER_BOUND('',#1595,.T.);
#920=FACE_OUTER_BOUND('',#1596,.T.);
#921=FACE_OUTER_BOUND('',#1597,.T.);
#922=FACE_OUTER_BOUND('',#1598,.T.);
#923=FACE_OUTER_BOUND('',#1599,.T.);
#924=FACE_OUTER_BOUND('',#1600,.T.);
#925=FACE_OUTER_BOUND('',#1601,.T.);
#926=FACE_OUTER_BOUND('',#1602,.T.);
#927=FACE_OUTER_BOUND('',#1603,.T.);
#928=FACE_OUTER_BOUND('',#1604,.T.);
#929=FACE_OUTER_BOUND('',#1605,.T.);
#930=FACE_OUTER_BOUND('',#1606,.T.);
#931=FACE_OUTER_BOUND('',#1607,.T.);
#932=FACE_OUTER_BOUND('',#1608,.T.);
#933=FACE_OUTER_BOUND('',#1609,.T.);
#934=FACE_OUTER_BOUND('',#1610,.T.);
#935=FACE_OUTER_BOUND('',#1611,.T.);
#936=FACE_OUTER_BOUND('',#1612,.T.);
#937=FACE_OUTER_BOUND('',#1613,.T.);
#938=FACE_OUTER_BOUND('',#1614,.T.);
#939=FACE_OUTER_BOUND('',#1615,.T.);
#940=FACE_OUTER_BOUND('',#1616,.T.);
#941=FACE_OUTER_BOUND('',#1617,.T.);
#942=FACE_OUTER_BOUND('',#1618,.T.);
#943=FACE_OUTER_BOUND('',#1619,.T.);
#944=FACE_OUTER_BOUND('',#1620,.T.);
#945=FACE_OUTER_BOUND('',#1621,.T.);
#946=FACE_OUTER_BOUND('',#1622,.T.);
#947=FACE_OUTER_BOUND('',#1623,.T.);
#948=FACE_OUTER_BOUND('',#1624,.T.);
#949=FACE_OUTER_BOUND('',#1625,.T.);
#950=FACE_OUTER_BOUND('',#1626,.T.);
#951=FACE_OUTER_BOUND('',#1627,.T.);
#952=FACE_OUTER_BOUND('',#1628,.T.);
#953=FACE_OUTER_BOUND('',#1629,.T.);
#954=FACE_OUTER_BOUND('',#1630,.T.);
#955=FACE_OUTER_BOUND('',#1631,.T.);
#956=FACE_OUTER_BOUND('',#1632,.T.);
#957=FACE_OUTER_BOUND('',#1633,.T.);
#958=FACE_OUTER_BOUND('',#1634,.T.);
#959=FACE_OUTER_BOUND('',#1635,.T.);
#960=FACE_OUTER_BOUND('',#1636,.T.);
#961=FACE_OUTER_BOUND('',#1637,.T.);
#962=FACE_OUTER_BOUND('',#1638,.T.);
#963=FACE_OUTER_BOUND('',#1639,.T.);
#964=FACE_OUTER_BOUND('',#1640,.T.);
#965=FACE_OUTER_BOUND('',#1641,.T.);
#966=FACE_OUTER_BOUND('',#1642,.T.);
#967=FACE_OUTER_BOUND('',#1643,.T.);
#968=FACE_OUTER_BOUND('',#1644,.T.);
#969=FACE_OUTER_BOUND('',#1645,.T.);
#970=FACE_OUTER_BOUND('',#1646,.T.);
#971=FACE_OUTER_BOUND('',#1647,.T.);
#972=FACE_OUTER_BOUND('',#1648,.T.);
#973=FACE_OUTER_BOUND('',#1649,.T.);
#974=FACE_OUTER_BOUND('',#1650,.T.);
#975=FACE_OUTER_BOUND('',#1651,.T.);
#976=FACE_OUTER_BOUND('',#1652,.T.);
#977=FACE_OUTER_BOUND('',#1653,.T.);
#978=FACE_OUTER_BOUND('',#1654,.T.);
#979=FACE_OUTER_BOUND('',#1655,.T.);
#980=FACE_OUTER_BOUND('',#1656,.T.);
#981=FACE_OUTER_BOUND('',#1657,.T.);
#982=FACE_OUTER_BOUND('',#1658,.T.);
#983=FACE_OUTER_BOUND('',#1659,.T.);
#984=FACE_OUTER_BOUND('',#1660,.T.);
#985=FACE_OUTER_BOUND('',#1661,.T.);
#986=FACE_OUTER_BOUND('',#1662,.T.);
#987=FACE_OUTER_BOUND('',#1663,.T.);
#988=FACE_OUTER_BOUND('',#1664,.T.);
#989=FACE_OUTER_BOUND('',#1665,.T.);
#990=FACE_OUTER_BOUND('',#1666,.T.);
#991=FACE_OUTER_BOUND('',#1667,.T.);
#992=FACE_OUTER_BOUND('',#1668,.T.);
#993=FACE_OUTER_BOUND('',#1669,.T.);
#994=FACE_OUTER_BOUND('',#1670,.T.);
#995=FACE_OUTER_BOUND('',#1671,.T.);
#996=FACE_OUTER_BOUND('',#1672,.T.);
#997=FACE_OUTER_BOUND('',#1673,.T.);
#998=FACE_OUTER_BOUND('',#1674,.T.);
#999=FACE_OUTER_BOUND('',#1675,.T.);
#1000=FACE_OUTER_BOUND('',#1676,.T.);
#1001=FACE_OUTER_BOUND('',#1677,.T.);
#1002=FACE_OUTER_BOUND('',#1678,.T.);
#1003=FACE_OUTER_BOUND('',#1679,.T.);
#1004=FACE_OUTER_BOUND('',#1680,.T.);
#1005=FACE_OUTER_BOUND('',#1681,.T.);
#1006=FACE_OUTER_BOUND('',#1682,.T.);
#1007=FACE_OUTER_BOUND('',#1683,.T.);
#1008=FACE_OUTER_BOUND('',#1684,.T.);
#1009=FACE_OUTER_BOUND('',#1685,.T.);
#1010=FACE_OUTER_BOUND('',#1686,.T.);
#1011=FACE_OUTER_BOUND('',#1687,.T.);
#1012=FACE_OUTER_BOUND('',#1688,.T.);
#1013=FACE_OUTER_BOUND('',#1689,.T.);
#1014=FACE_OUTER_BOUND('',#1690,.T.);
#1015=FACE_OUTER_BOUND('',#1691,.T.);
#1016=FACE_OUTER_BOUND('',#1692,.T.);
#1017=FACE_OUTER_BOUND('',#1693,.T.);
#1018=FACE_OUTER_BOUND('',#1694,.T.);
#1019=FACE_OUTER_BOUND('',#1695,.T.);
#1020=FACE_OUTER_BOUND('',#1696,.T.);
#1021=FACE_OUTER_BOUND('',#1697,.T.);
#1022=FACE_OUTER_BOUND('',#1698,.T.);
#1023=FACE_OUTER_BOUND('',#1699,.T.);
#1024=FACE_OUTER_BOUND('',#1700,.T.);
#1025=FACE_OUTER_BOUND('',#1701,.T.);
#1026=FACE_OUTER_BOUND('',#1702,.T.);
#1027=FACE_OUTER_BOUND('',#1703,.T.);
#1028=FACE_OUTER_BOUND('',#1704,.T.);
#1029=FACE_OUTER_BOUND('',#1705,.T.);
#1030=FACE_OUTER_BOUND('',#1706,.T.);
#1031=FACE_OUTER_BOUND('',#1707,.T.);
#1032=FACE_OUTER_BOUND('',#1708,.T.);
#1033=FACE_OUTER_BOUND('',#1709,.T.);
#1034=FACE_OUTER_BOUND('',#1710,.T.);
#1035=FACE_OUTER_BOUND('',#1711,.T.);
#1036=FACE_OUTER_BOUND('',#1712,.T.);
#1037=FACE_OUTER_BOUND('',#1713,.T.);
#1038=FACE_OUTER_BOUND('',#1714,.T.);
#1039=FACE_OUTER_BOUND('',#1715,.T.);
#1040=FACE_OUTER_BOUND('',#1716,.T.);
#1041=FACE_OUTER_BOUND('',#1717,.T.);
#1042=FACE_OUTER_BOUND('',#1718,.T.);
#1043=FACE_OUTER_BOUND('',#1719,.T.);
#1044=FACE_OUTER_BOUND('',#1720,.T.);
#1045=FACE_OUTER_BOUND('',#1721,.T.);
#1046=FACE_OUTER_BOUND('',#1722,.T.);
#1047=FACE_OUTER_BOUND('',#1723,.T.);
#1048=FACE_OUTER_BOUND('',#1724,.T.);
#1049=FACE_OUTER_BOUND('',#1725,.T.);
#1050=FACE_OUTER_BOUND('',#1726,.T.);
#1051=FACE_OUTER_BOUND('',#1727,.T.);
#1052=FACE_OUTER_BOUND('',#1728,.T.);
#1053=FACE_OUTER_BOUND('',#1729,.T.);
#1054=FACE_OUTER_BOUND('',#1730,.T.);
#1055=FACE_OUTER_BOUND('',#1731,.T.);
#1056=FACE_OUTER_BOUND('',#1732,.T.);
#1057=FACE_OUTER_BOUND('',#1733,.T.);
#1058=FACE_OUTER_BOUND('',#1734,.T.);
#1059=FACE_OUTER_BOUND('',#1735,.T.);
#1060=FACE_OUTER_BOUND('',#1736,.T.);
#1061=FACE_OUTER_BOUND('',#1737,.T.);
#1062=FACE_OUTER_BOUND('',#1738,.T.);
#1063=FACE_OUTER_BOUND('',#1739,.T.);
#1064=FACE_OUTER_BOUND('',#1740,.T.);
#1065=FACE_OUTER_BOUND('',#1741,.T.);
#1066=FACE_OUTER_BOUND('',#1742,.T.);
#1067=FACE_OUTER_BOUND('',#1743,.T.);
#1068=FACE_OUTER_BOUND('',#1744,.T.);
#1069=FACE_OUTER_BOUND('',#1745,.T.);
#1070=FACE_OUTER_BOUND('',#1746,.T.);
#1071=FACE_OUTER_BOUND('',#1747,.T.);
#1072=FACE_OUTER_BOUND('',#1748,.T.);
#1073=FACE_OUTER_BOUND('',#1749,.T.);
#1074=FACE_OUTER_BOUND('',#1750,.T.);
#1075=FACE_OUTER_BOUND('',#1751,.T.);
#1076=FACE_OUTER_BOUND('',#1752,.T.);
#1077=FACE_OUTER_BOUND('',#1753,.T.);
#1078=FACE_OUTER_BOUND('',#1754,.T.);
#1079=FACE_OUTER_BOUND('',#1755,.T.);
#1080=FACE_OUTER_BOUND('',#1756,.T.);
#1081=FACE_OUTER_BOUND('',#1757,.T.);
#1082=FACE_OUTER_BOUND('',#1758,.T.);
#1083=FACE_OUTER_BOUND('',#1759,.T.);
#1084=FACE_OUTER_BOUND('',#1760,.T.);
#1085=FACE_OUTER_BOUND('',#1761,.T.);
#1086=FACE_OUTER_BOUND('',#1762,.T.);
#1087=FACE_OUTER_BOUND('',#1763,.T.);
#1088=FACE_OUTER_BOUND('',#1764,.T.);
#1089=FACE_OUTER_BOUND('',#1765,.T.);
#1090=FACE_OUTER_BOUND('',#1766,.T.);
#1091=FACE_OUTER_BOUND('',#1767,.T.);
#1092=FACE_OUTER_BOUND('',#1768,.T.);
#1093=FACE_OUTER_BOUND('',#1769,.T.);
#1094=FACE_OUTER_BOUND('',#1770,.T.);
#1095=FACE_OUTER_BOUND('',#1771,.T.);
#1096=FACE_OUTER_BOUND('',#1772,.T.);
#1097=FACE_OUTER_BOUND('',#1773,.T.);
#1098=FACE_OUTER_BOUND('',#1774,.T.);
#1099=FACE_OUTER_BOUND('',#1775,.T.);
#1100=FACE_OUTER_BOUND('',#1776,.T.);
#1101=FACE_OUTER_BOUND('',#1777,.T.);
#1102=FACE_OUTER_BOUND('',#1778,.T.);
#1103=FACE_OUTER_BOUND('',#1779,.T.);
#1104=FACE_OUTER_BOUND('',#1780,.T.);
#1105=FACE_OUTER_BOUND('',#1781,.T.);
#1106=FACE_OUTER_BOUND('',#1782,.T.);
#1107=FACE_OUTER_BOUND('',#1783,.T.);
#1108=FACE_OUTER_BOUND('',#1784,.T.);
#1109=FACE_OUTER_BOUND('',#1785,.T.);
#1110=FACE_OUTER_BOUND('',#1786,.T.);
#1111=FACE_OUTER_BOUND('',#1787,.T.);
#1112=FACE_OUTER_BOUND('',#1788,.T.);
#1113=FACE_OUTER_BOUND('',#1789,.T.);
#1114=FACE_OUTER_BOUND('',#1790,.T.);
#1115=FACE_OUTER_BOUND('',#1791,.T.);
#1116=FACE_OUTER_BOUND('',#1792,.T.);
#1117=FACE_OUTER_BOUND('',#1793,.T.);
#1118=FACE_OUTER_BOUND('',#1794,.T.);
#1119=FACE_OUTER_BOUND('',#1795,.T.);
#1120=FACE_OUTER_BOUND('',#1796,.T.);
#1121=FACE_OUTER_BOUND('',#1797,.T.);
#1122=FACE_OUTER_BOUND('',#1798,.T.);
#1123=FACE_OUTER_BOUND('',#1799,.T.);
#1124=FACE_OUTER_BOUND('',#1800,.T.);
#1125=FACE_OUTER_BOUND('',#1801,.T.);
#1126=FACE_OUTER_BOUND('',#1802,.T.);
#1127=FACE_OUTER_BOUND('',#1803,.T.);
#1128=FACE_OUTER_BOUND('',#1804,.T.);
#1129=FACE_OUTER_BOUND('',#1805,.T.);
#1130=FACE_OUTER_BOUND('',#1806,.T.);
#1131=FACE_OUTER_BOUND('',#1807,.T.);
#1132=FACE_OUTER_BOUND('',#1808,.T.);
#1133=FACE_OUTER_BOUND('',#1809,.T.);
#1134=FACE_OUTER_BOUND('',#1810,.T.);
#1135=FACE_OUTER_BOUND('',#1811,.T.);
#1136=FACE_OUTER_BOUND('',#1812,.T.);
#1137=FACE_OUTER_BOUND('',#1813,.T.);
#1138=FACE_OUTER_BOUND('',#1814,.T.);
#1139=FACE_OUTER_BOUND('',#1815,.T.);
#1140=FACE_OUTER_BOUND('',#1816,.T.);
#1141=FACE_OUTER_BOUND('',#1817,.T.);
#1142=FACE_OUTER_BOUND('',#1818,.T.);
#1143=FACE_OUTER_BOUND('',#1819,.T.);
#1144=FACE_OUTER_BOUND('',#1820,.T.);
#1145=FACE_OUTER_BOUND('',#1821,.T.);
#1146=FACE_OUTER_BOUND('',#1822,.T.);
#1147=FACE_OUTER_BOUND('',#1823,.T.);
#1148=FACE_OUTER_BOUND('',#1824,.T.);
#1149=FACE_OUTER_BOUND('',#1825,.T.);
#1150=FACE_OUTER_BOUND('',#1826,.T.);
#1151=FACE_OUTER_BOUND('',#1827,.T.);
#1152=FACE_OUTER_BOUND('',#1828,.T.);
#1153=FACE_OUTER_BOUND('',#1829,.T.);
#1154=FACE_OUTER_BOUND('',#1830,.T.);
#1155=FACE_OUTER_BOUND('',#1831,.T.);
#1156=FACE_OUTER_BOUND('',#1832,.T.);
#1157=FACE_OUTER_BOUND('',#1833,.T.);
#1158=FACE_OUTER_BOUND('',#1834,.T.);
#1159=FACE_OUTER_BOUND('',#1835,.T.);
#1160=FACE_OUTER_BOUND('',#1836,.T.);
#1161=FACE_OUTER_BOUND('',#1837,.T.);
#1162=FACE_OUTER_BOUND('',#1838,.T.);
#1163=FACE_OUTER_BOUND('',#1839,.T.);
#1164=FACE_OUTER_BOUND('',#1840,.T.);
#1165=FACE_OUTER_BOUND('',#1841,.T.);
#1166=FACE_OUTER_BOUND('',#1842,.T.);
#1167=FACE_OUTER_BOUND('',#1843,.T.);
#1168=FACE_OUTER_BOUND('',#1844,.T.);
#1169=FACE_OUTER_BOUND('',#1845,.T.);
#1170=FACE_OUTER_BOUND('',#1846,.T.);
#1171=FACE_OUTER_BOUND('',#1847,.T.);
#1172=FACE_OUTER_BOUND('',#1848,.T.);
#1173=FACE_OUTER_BOUND('',#1849,.T.);
#1174=FACE_OUTER_BOUND('',#1850,.T.);
#1175=FACE_OUTER_BOUND('',#1851,.T.);
#1176=FACE_OUTER_BOUND('',#1852,.T.);
#1177=FACE_OUTER_BOUND('',#1853,.T.);
#1178=FACE_OUTER_BOUND('',#1854,.T.);
#1179=FACE_OUTER_BOUND('',#1855,.T.);
#1180=FACE_OUTER_BOUND('',#1856,.T.);
#1181=FACE_OUTER_BOUND('',#1857,.T.);
#1182=FACE_OUTER_BOUND('',#1858,.T.);
#1183=FACE_OUTER_BOUND('',#1859,.T.);
#1184=FACE_OUTER_BOUND('',#1860,.T.);
#1185=FACE_OUTER_BOUND('',#1861,.T.);
#1186=FACE_OUTER_BOUND('',#1862,.T.);
#1187=FACE_OUTER_BOUND('',#1863,.T.);
#1188=FACE_OUTER_BOUND('',#1864,.T.);
#1189=FACE_OUTER_BOUND('',#1865,.T.);
#1190=FACE_OUTER_BOUND('',#1866,.T.);
#1191=FACE_OUTER_BOUND('',#1867,.T.);
#1192=FACE_OUTER_BOUND('',#1868,.T.);
#1193=FACE_OUTER_BOUND('',#1869,.T.);
#1194=FACE_OUTER_BOUND('',#1870,.T.);
#1195=FACE_OUTER_BOUND('',#1871,.T.);
#1196=FACE_OUTER_BOUND('',#1872,.T.);
#1197=FACE_OUTER_BOUND('',#1873,.T.);
#1198=FACE_OUTER_BOUND('',#1874,.T.);
#1199=FACE_OUTER_BOUND('',#1875,.T.);
#1200=FACE_OUTER_BOUND('',#1876,.T.);
#1201=FACE_OUTER_BOUND('',#1877,.T.);
#1202=FACE_OUTER_BOUND('',#1878,.T.);
#1203=FACE_OUTER_BOUND('',#1879,.T.);
#1204=FACE_OUTER_BOUND('',#1880,.T.);
#1205=FACE_OUTER_BOUND('',#1881,.T.);
#1206=FACE_OUTER_BOUND('',#1882,.T.);
#1207=FACE_OUTER_BOUND('',#1883,.T.);
#1208=FACE_OUTER_BOUND('',#1884,.T.);
#1209=FACE_OUTER_BOUND('',#1885,.T.);
#1210=FACE_OUTER_BOUND('',#1886,.T.);
#1211=FACE_OUTER_BOUND('',#1887,.T.);
#1212=FACE_OUTER_BOUND('',#1888,.T.);
#1213=FACE_OUTER_BOUND('',#1889,.T.);
#1214=FACE_OUTER_BOUND('',#1890,.T.);
#1215=FACE_OUTER_BOUND('',#1891,.T.);
#1216=FACE_OUTER_BOUND('',#1892,.T.);
#1217=FACE_OUTER_BOUND('',#1893,.T.);
#1218=FACE_OUTER_BOUND('',#1894,.T.);
#1219=FACE_OUTER_BOUND('',#1895,.T.);
#1220=FACE_OUTER_BOUND('',#1896,.T.);
#1221=FACE_OUTER_BOUND('',#1897,.T.);
#1222=FACE_OUTER_BOUND('',#1898,.T.);
#1223=FACE_OUTER_BOUND('',#1899,.T.);
#1224=FACE_OUTER_BOUND('',#1900,.T.);
#1225=FACE_OUTER_BOUND('',#1901,.T.);
#1226=FACE_OUTER_BOUND('',#1902,.T.);
#1227=FACE_OUTER_BOUND('',#1903,.T.);
#1228=FACE_OUTER_BOUND('',#1904,.T.);
#1229=FACE_OUTER_BOUND('',#1905,.T.);
#1230=FACE_OUTER_BOUND('',#1906,.T.);
#1231=FACE_OUTER_BOUND('',#1907,.T.);
#1232=FACE_OUTER_BOUND('',#1908,.T.);
#1233=FACE_OUTER_BOUND('',#1909,.T.);
#1234=FACE_OUTER_BOUND('',#1910,.T.);
#1235=FACE_OUTER_BOUND('',#1911,.T.);
#1236=FACE_OUTER_BOUND('',#1912,.T.);
#1237=FACE_OUTER_BOUND('',#1913,.T.);
#1238=FACE_OUTER_BOUND('',#1914,.T.);
#1239=FACE_OUTER_BOUND('',#1915,.T.);
#1240=FACE_OUTER_BOUND('',#1916,.T.);
#1241=FACE_OUTER_BOUND('',#1917,.T.);
#1242=FACE_OUTER_BOUND('',#1918,.T.);
#1243=FACE_OUTER_BOUND('',#1919,.T.);
#1244=FACE_OUTER_BOUND('',#1920,.T.);
#1245=FACE_OUTER_BOUND('',#1921,.T.);
#1246=FACE_OUTER_BOUND('',#1922,.T.);
#1247=FACE_OUTER_BOUND('',#1923,.T.);
#1248=FACE_OUTER_BOUND('',#1924,.T.);
#1249=FACE_OUTER_BOUND('',#1925,.T.);
#1250=FACE_OUTER_BOUND('',#1926,.T.);
#1251=FACE_OUTER_BOUND('',#1927,.T.);
#1252=FACE_OUTER_BOUND('',#1928,.T.);
#1253=FACE_OUTER_BOUND('',#1929,.T.);
#1254=FACE_OUTER_BOUND('',#1930,.T.);
#1255=FACE_OUTER_BOUND('',#1931,.T.);
#1256=FACE_OUTER_BOUND('',#1932,.T.);
#1257=FACE_OUTER_BOUND('',#1933,.T.);
#1258=FACE_OUTER_BOUND('',#1934,.T.);
#1259=FACE_OUTER_BOUND('',#1935,.T.);
#1260=FACE_OUTER_BOUND('',#1936,.T.);
#1261=FACE_OUTER_BOUND('',#1937,.T.);
#1262=FACE_OUTER_BOUND('',#1938,.T.);
#1263=FACE_OUTER_BOUND('',#1939,.T.);
#1264=FACE_OUTER_BOUND('',#1940,.T.);
#1265=FACE_OUTER_BOUND('',#1941,.T.);
#1266=FACE_OUTER_BOUND('',#1942,.T.);
#1267=FACE_OUTER_BOUND('',#1943,.T.);
#1268=FACE_OUTER_BOUND('',#1944,.T.);
#1269=FACE_OUTER_BOUND('',#1945,.T.);
#1270=FACE_OUTER_BOUND('',#1946,.T.);
#1271=FACE_OUTER_BOUND('',#1947,.T.);
#1272=FACE_OUTER_BOUND('',#1948,.T.);
#1273=FACE_OUTER_BOUND('',#1949,.T.);
#1274=FACE_OUTER_BOUND('',#1950,.T.);
#1275=FACE_OUTER_BOUND('',#1951,.T.);
#1276=FACE_OUTER_BOUND('',#1952,.T.);
#1277=FACE_OUTER_BOUND('',#1953,.T.);
#1278=FACE_OUTER_BOUND('',#1954,.T.);
#1279=FACE_OUTER_BOUND('',#1955,.T.);
#1280=FACE_OUTER_BOUND('',#1956,.T.);
#1281=FACE_OUTER_BOUND('',#1957,.T.);
#1282=FACE_OUTER_BOUND('',#1958,.T.);
#1283=FACE_OUTER_BOUND('',#1959,.T.);
#1284=FACE_OUTER_BOUND('',#1960,.T.);
#1285=FACE_OUTER_BOUND('',#1961,.T.);
#1286=FACE_OUTER_BOUND('',#1962,.T.);
#1287=FACE_OUTER_BOUND('',#1963,.T.);
#1288=FACE_OUTER_BOUND('',#1964,.T.);
#1289=FACE_OUTER_BOUND('',#1965,.T.);
#1290=FACE_OUTER_BOUND('',#1966,.T.);
#1291=FACE_OUTER_BOUND('',#1967,.T.);
#1292=FACE_OUTER_BOUND('',#1968,.T.);
#1293=FACE_OUTER_BOUND('',#1969,.T.);
#1294=FACE_OUTER_BOUND('',#1970,.T.);
#1295=FACE_OUTER_BOUND('',#1971,.T.);
#1296=FACE_OUTER_BOUND('',#1972,.T.);
#1297=FACE_OUTER_BOUND('',#1973,.T.);
#1298=FACE_OUTER_BOUND('',#1974,.T.);
#1299=FACE_OUTER_BOUND('',#1975,.T.);
#1300=FACE_OUTER_BOUND('',#1976,.T.);
#1301=FACE_OUTER_BOUND('',#1977,.T.);
#1302=FACE_OUTER_BOUND('',#1978,.T.);
#1303=FACE_OUTER_BOUND('',#1979,.T.);
#1304=FACE_OUTER_BOUND('',#1980,.T.);
#1305=FACE_OUTER_BOUND('',#1981,.T.);
#1306=FACE_OUTER_BOUND('',#1982,.T.);
#1307=FACE_OUTER_BOUND('',#1983,.T.);
#1308=FACE_OUTER_BOUND('',#1984,.T.);
#1309=FACE_OUTER_BOUND('',#1985,.T.);
#1310=FACE_OUTER_BOUND('',#1986,.T.);
#1311=FACE_OUTER_BOUND('',#1987,.T.);
#1312=FACE_OUTER_BOUND('',#1988,.T.);
#1313=FACE_OUTER_BOUND('',#1989,.T.);
#1314=FACE_OUTER_BOUND('',#1990,.T.);
#1315=FACE_OUTER_BOUND('',#1991,.T.);
#1316=FACE_OUTER_BOUND('',#1992,.T.);
#1317=FACE_OUTER_BOUND('',#1993,.T.);
#1318=FACE_OUTER_BOUND('',#1994,.T.);
#1319=FACE_OUTER_BOUND('',#1997,.T.);
#1320=FACE_OUTER_BOUND('',#1998,.T.);
#1321=FACE_OUTER_BOUND('',#1999,.T.);
#1322=FACE_OUTER_BOUND('',#2002,.T.);
#1323=FACE_OUTER_BOUND('',#2003,.T.);
#1324=FACE_OUTER_BOUND('',#2004,.T.);
#1325=FACE_OUTER_BOUND('',#2005,.T.);
#1326=FACE_OUTER_BOUND('',#2006,.T.);
#1327=FACE_OUTER_BOUND('',#2009,.T.);
#1328=FACE_OUTER_BOUND('',#2010,.T.);
#1329=FACE_OUTER_BOUND('',#2011,.T.);
#1330=FACE_OUTER_BOUND('',#2012,.T.);
#1331=FACE_OUTER_BOUND('',#2014,.T.);
#1332=FACE_OUTER_BOUND('',#2016,.T.);
#1333=FACE_OUTER_BOUND('',#2017,.T.);
#1334=FACE_OUTER_BOUND('',#2018,.T.);
#1335=FACE_OUTER_BOUND('',#2019,.T.);
#1336=FACE_OUTER_BOUND('',#2020,.T.);
#1337=FACE_OUTER_BOUND('',#2021,.T.);
#1338=FACE_OUTER_BOUND('',#2022,.T.);
#1339=FACE_OUTER_BOUND('',#2024,.T.);
#1340=FACE_OUTER_BOUND('',#2026,.T.);
#1341=FACE_OUTER_BOUND('',#2027,.T.);
#1342=FACE_OUTER_BOUND('',#2028,.T.);
#1343=FACE_OUTER_BOUND('',#2029,.T.);
#1344=FACE_OUTER_BOUND('',#2030,.T.);
#1345=FACE_OUTER_BOUND('',#2031,.T.);
#1346=FACE_OUTER_BOUND('',#2032,.T.);
#1347=FACE_OUTER_BOUND('',#2033,.T.);
#1348=FACE_OUTER_BOUND('',#2034,.T.);
#1349=FACE_OUTER_BOUND('',#2035,.T.);
#1350=FACE_OUTER_BOUND('',#2036,.T.);
#1351=FACE_OUTER_BOUND('',#2037,.T.);
#1352=FACE_OUTER_BOUND('',#2038,.T.);
#1353=FACE_OUTER_BOUND('',#2039,.T.);
#1354=FACE_OUTER_BOUND('',#2040,.T.);
#1355=FACE_OUTER_BOUND('',#2041,.T.);
#1356=FACE_OUTER_BOUND('',#2042,.T.);
#1357=FACE_OUTER_BOUND('',#2043,.T.);
#1358=FACE_OUTER_BOUND('',#2044,.T.);
#1359=FACE_OUTER_BOUND('',#2045,.T.);
#1360=FACE_OUTER_BOUND('',#2046,.T.);
#1361=FACE_OUTER_BOUND('',#2047,.T.);
#1362=FACE_OUTER_BOUND('',#2048,.T.);
#1363=FACE_OUTER_BOUND('',#2049,.T.);
#1364=FACE_OUTER_BOUND('',#2050,.T.);
#1365=FACE_OUTER_BOUND('',#2051,.T.);
#1366=FACE_OUTER_BOUND('',#2052,.T.);
#1367=FACE_OUTER_BOUND('',#2053,.T.);
#1368=FACE_OUTER_BOUND('',#2054,.T.);
#1369=EDGE_LOOP('',(#5715,#5716,#5717,#5718));
#1370=EDGE_LOOP('',(#5719));
#1371=EDGE_LOOP('',(#5720,#5721,#5722,#5723));
#1372=EDGE_LOOP('',(#5724,#5725,#5726,#5727));
#1373=EDGE_LOOP('',(#5728));
#1374=EDGE_LOOP('',(#5729,#5730,#5731,#5732));
#1375=EDGE_LOOP('',(#5733));
#1376=EDGE_LOOP('',(#5734,#5735,#5736,#5737));
#1377=EDGE_LOOP('',(#5738));
#1378=EDGE_LOOP('',(#5739,#5740,#5741,#5742));
#1379=EDGE_LOOP('',(#5743));
#1380=EDGE_LOOP('',(#5744,#5745,#5746,#5747));
#1381=EDGE_LOOP('',(#5748));
#1382=EDGE_LOOP('',(#5749,#5750,#5751,#5752,#5753,#5754,#5755,#5756));
#1383=EDGE_LOOP('',(#5757,#5758,#5759,#5760,#5761,#5762,#5763,#5764,#5765,
#5766));
#1384=EDGE_LOOP('',(#5767,#5768,#5769,#5770));
#1385=EDGE_LOOP('',(#5771,#5772,#5773,#5774));
#1386=EDGE_LOOP('',(#5775,#5776,#5777,#5778,#5779,#5780,#5781,#5782));
#1387=EDGE_LOOP('',(#5783,#5784,#5785,#5786));
#1388=EDGE_LOOP('',(#5787,#5788,#5789,#5790,#5791,#5792,#5793,#5794,#5795,
#5796));
#1389=EDGE_LOOP('',(#5797,#5798,#5799,#5800,#5801,#5802,#5803));
#1390=EDGE_LOOP('',(#5804,#5805,#5806,#5807));
#1391=EDGE_LOOP('',(#5808,#5809,#5810));
#1392=EDGE_LOOP('',(#5811,#5812,#5813,#5814));
#1393=EDGE_LOOP('',(#5815,#5816,#5817));
#1394=EDGE_LOOP('',(#5818,#5819,#5820));
#1395=EDGE_LOOP('',(#5821,#5822,#5823));
#1396=EDGE_LOOP('',(#5824,#5825,#5826));
#1397=EDGE_LOOP('',(#5827,#5828,#5829));
#1398=EDGE_LOOP('',(#5830,#5831,#5832));
#1399=EDGE_LOOP('',(#5833,#5834,#5835));
#1400=EDGE_LOOP('',(#5836,#5837,#5838));
#1401=EDGE_LOOP('',(#5839,#5840,#5841));
#1402=EDGE_LOOP('',(#5842,#5843,#5844));
#1403=EDGE_LOOP('',(#5845,#5846,#5847));
#1404=EDGE_LOOP('',(#5848,#5849,#5850));
#1405=EDGE_LOOP('',(#5851,#5852,#5853));
#1406=EDGE_LOOP('',(#5854,#5855,#5856));
#1407=EDGE_LOOP('',(#5857,#5858,#5859));
#1408=EDGE_LOOP('',(#5860,#5861,#5862));
#1409=EDGE_LOOP('',(#5863,#5864,#5865));
#1410=EDGE_LOOP('',(#5866,#5867,#5868));
#1411=EDGE_LOOP('',(#5869,#5870,#5871));
#1412=EDGE_LOOP('',(#5872,#5873,#5874));
#1413=EDGE_LOOP('',(#5875,#5876,#5877));
#1414=EDGE_LOOP('',(#5878,#5879,#5880));
#1415=EDGE_LOOP('',(#5881,#5882,#5883));
#1416=EDGE_LOOP('',(#5884,#5885,#5886));
#1417=EDGE_LOOP('',(#5887,#5888,#5889));
#1418=EDGE_LOOP('',(#5890,#5891,#5892));
#1419=EDGE_LOOP('',(#5893,#5894,#5895));
#1420=EDGE_LOOP('',(#5896,#5897,#5898));
#1421=EDGE_LOOP('',(#5899,#5900,#5901));
#1422=EDGE_LOOP('',(#5902,#5903,#5904));
#1423=EDGE_LOOP('',(#5905,#5906,#5907));
#1424=EDGE_LOOP('',(#5908,#5909,#5910));
#1425=EDGE_LOOP('',(#5911,#5912,#5913));
#1426=EDGE_LOOP('',(#5914,#5915,#5916));
#1427=EDGE_LOOP('',(#5917,#5918,#5919));
#1428=EDGE_LOOP('',(#5920,#5921,#5922));
#1429=EDGE_LOOP('',(#5923,#5924,#5925));
#1430=EDGE_LOOP('',(#5926,#5927,#5928));
#1431=EDGE_LOOP('',(#5929,#5930,#5931));
#1432=EDGE_LOOP('',(#5932,#5933,#5934));
#1433=EDGE_LOOP('',(#5935,#5936,#5937));
#1434=EDGE_LOOP('',(#5938,#5939,#5940));
#1435=EDGE_LOOP('',(#5941,#5942,#5943));
#1436=EDGE_LOOP('',(#5944,#5945,#5946));
#1437=EDGE_LOOP('',(#5947,#5948,#5949));
#1438=EDGE_LOOP('',(#5950,#5951,#5952));
#1439=EDGE_LOOP('',(#5953,#5954,#5955));
#1440=EDGE_LOOP('',(#5956,#5957,#5958));
#1441=EDGE_LOOP('',(#5959,#5960,#5961));
#1442=EDGE_LOOP('',(#5962,#5963,#5964));
#1443=EDGE_LOOP('',(#5965,#5966,#5967));
#1444=EDGE_LOOP('',(#5968,#5969,#5970));
#1445=EDGE_LOOP('',(#5971,#5972,#5973));
#1446=EDGE_LOOP('',(#5974,#5975,#5976));
#1447=EDGE_LOOP('',(#5977,#5978,#5979));
#1448=EDGE_LOOP('',(#5980,#5981,#5982));
#1449=EDGE_LOOP('',(#5983,#5984,#5985));
#1450=EDGE_LOOP('',(#5986,#5987,#5988));
#1451=EDGE_LOOP('',(#5989,#5990,#5991));
#1452=EDGE_LOOP('',(#5992,#5993,#5994));
#1453=EDGE_LOOP('',(#5995,#5996,#5997));
#1454=EDGE_LOOP('',(#5998,#5999,#6000));
#1455=EDGE_LOOP('',(#6001,#6002,#6003));
#1456=EDGE_LOOP('',(#6004,#6005,#6006));
#1457=EDGE_LOOP('',(#6007,#6008,#6009));
#1458=EDGE_LOOP('',(#6010,#6011,#6012));
#1459=EDGE_LOOP('',(#6013,#6014,#6015));
#1460=EDGE_LOOP('',(#6016,#6017,#6018));
#1461=EDGE_LOOP('',(#6019,#6020,#6021));
#1462=EDGE_LOOP('',(#6022,#6023,#6024));
#1463=EDGE_LOOP('',(#6025,#6026,#6027));
#1464=EDGE_LOOP('',(#6028,#6029,#6030));
#1465=EDGE_LOOP('',(#6031,#6032,#6033));
#1466=EDGE_LOOP('',(#6034,#6035,#6036));
#1467=EDGE_LOOP('',(#6037,#6038,#6039));
#1468=EDGE_LOOP('',(#6040,#6041,#6042));
#1469=EDGE_LOOP('',(#6043,#6044,#6045));
#1470=EDGE_LOOP('',(#6046,#6047,#6048));
#1471=EDGE_LOOP('',(#6049,#6050,#6051));
#1472=EDGE_LOOP('',(#6052,#6053,#6054));
#1473=EDGE_LOOP('',(#6055,#6056,#6057));
#1474=EDGE_LOOP('',(#6058,#6059,#6060));
#1475=EDGE_LOOP('',(#6061,#6062,#6063));
#1476=EDGE_LOOP('',(#6064,#6065,#6066));
#1477=EDGE_LOOP('',(#6067,#6068,#6069));
#1478=EDGE_LOOP('',(#6070,#6071,#6072));
#1479=EDGE_LOOP('',(#6073,#6074,#6075));
#1480=EDGE_LOOP('',(#6076,#6077,#6078));
#1481=EDGE_LOOP('',(#6079,#6080,#6081));
#1482=EDGE_LOOP('',(#6082,#6083,#6084));
#1483=EDGE_LOOP('',(#6085,#6086,#6087));
#1484=EDGE_LOOP('',(#6088,#6089,#6090));
#1485=EDGE_LOOP('',(#6091,#6092,#6093));
#1486=EDGE_LOOP('',(#6094,#6095,#6096));
#1487=EDGE_LOOP('',(#6097,#6098,#6099));
#1488=EDGE_LOOP('',(#6100,#6101,#6102));
#1489=EDGE_LOOP('',(#6103,#6104,#6105));
#1490=EDGE_LOOP('',(#6106,#6107,#6108));
#1491=EDGE_LOOP('',(#6109,#6110,#6111));
#1492=EDGE_LOOP('',(#6112,#6113,#6114));
#1493=EDGE_LOOP('',(#6115,#6116,#6117));
#1494=EDGE_LOOP('',(#6118,#6119,#6120));
#1495=EDGE_LOOP('',(#6121,#6122,#6123));
#1496=EDGE_LOOP('',(#6124,#6125,#6126));
#1497=EDGE_LOOP('',(#6127,#6128,#6129));
#1498=EDGE_LOOP('',(#6130,#6131,#6132));
#1499=EDGE_LOOP('',(#6133,#6134,#6135));
#1500=EDGE_LOOP('',(#6136,#6137,#6138));
#1501=EDGE_LOOP('',(#6139,#6140,#6141));
#1502=EDGE_LOOP('',(#6142,#6143,#6144));
#1503=EDGE_LOOP('',(#6145,#6146,#6147));
#1504=EDGE_LOOP('',(#6148,#6149,#6150));
#1505=EDGE_LOOP('',(#6151,#6152,#6153));
#1506=EDGE_LOOP('',(#6154,#6155,#6156));
#1507=EDGE_LOOP('',(#6157,#6158,#6159));
#1508=EDGE_LOOP('',(#6160,#6161,#6162));
#1509=EDGE_LOOP('',(#6163,#6164,#6165));
#1510=EDGE_LOOP('',(#6166,#6167,#6168));
#1511=EDGE_LOOP('',(#6169,#6170,#6171));
#1512=EDGE_LOOP('',(#6172,#6173,#6174,#6175));
#1513=EDGE_LOOP('',(#6176,#6177,#6178));
#1514=EDGE_LOOP('',(#6179,#6180,#6181));
#1515=EDGE_LOOP('',(#6182,#6183,#6184));
#1516=EDGE_LOOP('',(#6185,#6186,#6187));
#1517=EDGE_LOOP('',(#6188,#6189,#6190));
#1518=EDGE_LOOP('',(#6191,#6192,#6193));
#1519=EDGE_LOOP('',(#6194,#6195,#6196));
#1520=EDGE_LOOP('',(#6197,#6198,#6199));
#1521=EDGE_LOOP('',(#6200,#6201,#6202));
#1522=EDGE_LOOP('',(#6203,#6204,#6205));
#1523=EDGE_LOOP('',(#6206,#6207,#6208));
#1524=EDGE_LOOP('',(#6209,#6210,#6211));
#1525=EDGE_LOOP('',(#6212,#6213,#6214));
#1526=EDGE_LOOP('',(#6215,#6216,#6217));
#1527=EDGE_LOOP('',(#6218,#6219,#6220));
#1528=EDGE_LOOP('',(#6221,#6222,#6223));
#1529=EDGE_LOOP('',(#6224,#6225,#6226));
#1530=EDGE_LOOP('',(#6227,#6228,#6229));
#1531=EDGE_LOOP('',(#6230,#6231,#6232));
#1532=EDGE_LOOP('',(#6233,#6234,#6235));
#1533=EDGE_LOOP('',(#6236,#6237,#6238));
#1534=EDGE_LOOP('',(#6239,#6240,#6241));
#1535=EDGE_LOOP('',(#6242,#6243,#6244));
#1536=EDGE_LOOP('',(#6245,#6246,#6247));
#1537=EDGE_LOOP('',(#6248,#6249,#6250));
#1538=EDGE_LOOP('',(#6251,#6252,#6253));
#1539=EDGE_LOOP('',(#6254,#6255,#6256));
#1540=EDGE_LOOP('',(#6257,#6258,#6259));
#1541=EDGE_LOOP('',(#6260,#6261,#6262));
#1542=EDGE_LOOP('',(#6263,#6264,#6265));
#1543=EDGE_LOOP('',(#6266,#6267,#6268));
#1544=EDGE_LOOP('',(#6269,#6270,#6271));
#1545=EDGE_LOOP('',(#6272,#6273,#6274));
#1546=EDGE_LOOP('',(#6275,#6276,#6277));
#1547=EDGE_LOOP('',(#6278,#6279,#6280));
#1548=EDGE_LOOP('',(#6281,#6282,#6283));
#1549=EDGE_LOOP('',(#6284,#6285,#6286));
#1550=EDGE_LOOP('',(#6287,#6288,#6289));
#1551=EDGE_LOOP('',(#6290,#6291,#6292));
#1552=EDGE_LOOP('',(#6293,#6294,#6295));
#1553=EDGE_LOOP('',(#6296,#6297,#6298));
#1554=EDGE_LOOP('',(#6299,#6300,#6301));
#1555=EDGE_LOOP('',(#6302,#6303,#6304));
#1556=EDGE_LOOP('',(#6305,#6306,#6307));
#1557=EDGE_LOOP('',(#6308,#6309,#6310));
#1558=EDGE_LOOP('',(#6311,#6312,#6313));
#1559=EDGE_LOOP('',(#6314,#6315,#6316));
#1560=EDGE_LOOP('',(#6317,#6318,#6319));
#1561=EDGE_LOOP('',(#6320,#6321,#6322));
#1562=EDGE_LOOP('',(#6323,#6324,#6325));
#1563=EDGE_LOOP('',(#6326,#6327,#6328));
#1564=EDGE_LOOP('',(#6329,#6330,#6331));
#1565=EDGE_LOOP('',(#6332,#6333,#6334));
#1566=EDGE_LOOP('',(#6335,#6336,#6337));
#1567=EDGE_LOOP('',(#6338,#6339,#6340));
#1568=EDGE_LOOP('',(#6341,#6342,#6343));
#1569=EDGE_LOOP('',(#6344,#6345,#6346));
#1570=EDGE_LOOP('',(#6347,#6348,#6349));
#1571=EDGE_LOOP('',(#6350,#6351,#6352));
#1572=EDGE_LOOP('',(#6353,#6354,#6355));
#1573=EDGE_LOOP('',(#6356,#6357,#6358));
#1574=EDGE_LOOP('',(#6359,#6360,#6361));
#1575=EDGE_LOOP('',(#6362,#6363,#6364));
#1576=EDGE_LOOP('',(#6365,#6366,#6367));
#1577=EDGE_LOOP('',(#6368,#6369,#6370));
#1578=EDGE_LOOP('',(#6371,#6372,#6373));
#1579=EDGE_LOOP('',(#6374,#6375,#6376));
#1580=EDGE_LOOP('',(#6377,#6378,#6379));
#1581=EDGE_LOOP('',(#6380,#6381,#6382));
#1582=EDGE_LOOP('',(#6383,#6384,#6385));
#1583=EDGE_LOOP('',(#6386,#6387,#6388));
#1584=EDGE_LOOP('',(#6389,#6390,#6391));
#1585=EDGE_LOOP('',(#6392,#6393,#6394));
#1586=EDGE_LOOP('',(#6395,#6396,#6397));
#1587=EDGE_LOOP('',(#6398,#6399,#6400));
#1588=EDGE_LOOP('',(#6401,#6402,#6403));
#1589=EDGE_LOOP('',(#6404,#6405,#6406));
#1590=EDGE_LOOP('',(#6407,#6408,#6409));
#1591=EDGE_LOOP('',(#6410,#6411,#6412));
#1592=EDGE_LOOP('',(#6413,#6414,#6415));
#1593=EDGE_LOOP('',(#6416,#6417,#6418));
#1594=EDGE_LOOP('',(#6419,#6420,#6421));
#1595=EDGE_LOOP('',(#6422,#6423,#6424));
#1596=EDGE_LOOP('',(#6425,#6426,#6427));
#1597=EDGE_LOOP('',(#6428,#6429,#6430));
#1598=EDGE_LOOP('',(#6431,#6432,#6433));
#1599=EDGE_LOOP('',(#6434,#6435,#6436));
#1600=EDGE_LOOP('',(#6437,#6438,#6439));
#1601=EDGE_LOOP('',(#6440,#6441,#6442));
#1602=EDGE_LOOP('',(#6443,#6444,#6445));
#1603=EDGE_LOOP('',(#6446,#6447,#6448));
#1604=EDGE_LOOP('',(#6449,#6450,#6451));
#1605=EDGE_LOOP('',(#6452,#6453,#6454));
#1606=EDGE_LOOP('',(#6455,#6456,#6457));
#1607=EDGE_LOOP('',(#6458,#6459,#6460));
#1608=EDGE_LOOP('',(#6461,#6462,#6463));
#1609=EDGE_LOOP('',(#6464,#6465,#6466));
#1610=EDGE_LOOP('',(#6467,#6468,#6469));
#1611=EDGE_LOOP('',(#6470,#6471,#6472));
#1612=EDGE_LOOP('',(#6473,#6474,#6475));
#1613=EDGE_LOOP('',(#6476,#6477,#6478));
#1614=EDGE_LOOP('',(#6479,#6480,#6481));
#1615=EDGE_LOOP('',(#6482,#6483,#6484));
#1616=EDGE_LOOP('',(#6485,#6486,#6487));
#1617=EDGE_LOOP('',(#6488,#6489,#6490));
#1618=EDGE_LOOP('',(#6491,#6492,#6493));
#1619=EDGE_LOOP('',(#6494,#6495,#6496));
#1620=EDGE_LOOP('',(#6497,#6498,#6499));
#1621=EDGE_LOOP('',(#6500,#6501,#6502));
#1622=EDGE_LOOP('',(#6503,#6504,#6505));
#1623=EDGE_LOOP('',(#6506,#6507,#6508));
#1624=EDGE_LOOP('',(#6509,#6510,#6511));
#1625=EDGE_LOOP('',(#6512,#6513,#6514));
#1626=EDGE_LOOP('',(#6515,#6516,#6517));
#1627=EDGE_LOOP('',(#6518,#6519,#6520));
#1628=EDGE_LOOP('',(#6521,#6522,#6523));
#1629=EDGE_LOOP('',(#6524,#6525,#6526));
#1630=EDGE_LOOP('',(#6527,#6528,#6529));
#1631=EDGE_LOOP('',(#6530,#6531,#6532));
#1632=EDGE_LOOP('',(#6533,#6534,#6535));
#1633=EDGE_LOOP('',(#6536,#6537,#6538));
#1634=EDGE_LOOP('',(#6539,#6540,#6541));
#1635=EDGE_LOOP('',(#6542,#6543,#6544));
#1636=EDGE_LOOP('',(#6545,#6546,#6547));
#1637=EDGE_LOOP('',(#6548,#6549,#6550));
#1638=EDGE_LOOP('',(#6551,#6552,#6553));
#1639=EDGE_LOOP('',(#6554,#6555,#6556));
#1640=EDGE_LOOP('',(#6557,#6558,#6559));
#1641=EDGE_LOOP('',(#6560,#6561,#6562));
#1642=EDGE_LOOP('',(#6563,#6564,#6565));
#1643=EDGE_LOOP('',(#6566,#6567,#6568));
#1644=EDGE_LOOP('',(#6569,#6570,#6571));
#1645=EDGE_LOOP('',(#6572,#6573,#6574));
#1646=EDGE_LOOP('',(#6575,#6576,#6577));
#1647=EDGE_LOOP('',(#6578,#6579,#6580));
#1648=EDGE_LOOP('',(#6581,#6582,#6583));
#1649=EDGE_LOOP('',(#6584,#6585,#6586));
#1650=EDGE_LOOP('',(#6587,#6588,#6589));
#1651=EDGE_LOOP('',(#6590,#6591,#6592));
#1652=EDGE_LOOP('',(#6593,#6594,#6595));
#1653=EDGE_LOOP('',(#6596,#6597,#6598));
#1654=EDGE_LOOP('',(#6599,#6600,#6601));
#1655=EDGE_LOOP('',(#6602,#6603,#6604));
#1656=EDGE_LOOP('',(#6605,#6606,#6607));
#1657=EDGE_LOOP('',(#6608,#6609,#6610));
#1658=EDGE_LOOP('',(#6611,#6612,#6613));
#1659=EDGE_LOOP('',(#6614,#6615,#6616));
#1660=EDGE_LOOP('',(#6617,#6618,#6619));
#1661=EDGE_LOOP('',(#6620,#6621,#6622));
#1662=EDGE_LOOP('',(#6623,#6624,#6625));
#1663=EDGE_LOOP('',(#6626,#6627,#6628));
#1664=EDGE_LOOP('',(#6629,#6630,#6631));
#1665=EDGE_LOOP('',(#6632,#6633,#6634));
#1666=EDGE_LOOP('',(#6635,#6636,#6637));
#1667=EDGE_LOOP('',(#6638,#6639,#6640));
#1668=EDGE_LOOP('',(#6641,#6642,#6643));
#1669=EDGE_LOOP('',(#6644,#6645,#6646));
#1670=EDGE_LOOP('',(#6647,#6648,#6649));
#1671=EDGE_LOOP('',(#6650,#6651,#6652));
#1672=EDGE_LOOP('',(#6653,#6654,#6655));
#1673=EDGE_LOOP('',(#6656,#6657,#6658));
#1674=EDGE_LOOP('',(#6659,#6660,#6661));
#1675=EDGE_LOOP('',(#6662,#6663,#6664));
#1676=EDGE_LOOP('',(#6665,#6666,#6667));
#1677=EDGE_LOOP('',(#6668,#6669,#6670));
#1678=EDGE_LOOP('',(#6671,#6672,#6673));
#1679=EDGE_LOOP('',(#6674,#6675,#6676));
#1680=EDGE_LOOP('',(#6677,#6678,#6679));
#1681=EDGE_LOOP('',(#6680,#6681,#6682));
#1682=EDGE_LOOP('',(#6683,#6684,#6685));
#1683=EDGE_LOOP('',(#6686,#6687,#6688));
#1684=EDGE_LOOP('',(#6689,#6690,#6691));
#1685=EDGE_LOOP('',(#6692,#6693,#6694));
#1686=EDGE_LOOP('',(#6695,#6696,#6697));
#1687=EDGE_LOOP('',(#6698,#6699,#6700));
#1688=EDGE_LOOP('',(#6701,#6702,#6703));
#1689=EDGE_LOOP('',(#6704,#6705,#6706));
#1690=EDGE_LOOP('',(#6707,#6708,#6709));
#1691=EDGE_LOOP('',(#6710,#6711,#6712));
#1692=EDGE_LOOP('',(#6713,#6714,#6715));
#1693=EDGE_LOOP('',(#6716,#6717,#6718));
#1694=EDGE_LOOP('',(#6719,#6720,#6721));
#1695=EDGE_LOOP('',(#6722,#6723,#6724));
#1696=EDGE_LOOP('',(#6725,#6726,#6727));
#1697=EDGE_LOOP('',(#6728,#6729,#6730));
#1698=EDGE_LOOP('',(#6731,#6732,#6733));
#1699=EDGE_LOOP('',(#6734,#6735,#6736));
#1700=EDGE_LOOP('',(#6737,#6738,#6739));
#1701=EDGE_LOOP('',(#6740,#6741,#6742));
#1702=EDGE_LOOP('',(#6743,#6744,#6745));
#1703=EDGE_LOOP('',(#6746,#6747,#6748));
#1704=EDGE_LOOP('',(#6749,#6750,#6751));
#1705=EDGE_LOOP('',(#6752,#6753,#6754));
#1706=EDGE_LOOP('',(#6755,#6756,#6757));
#1707=EDGE_LOOP('',(#6758,#6759,#6760));
#1708=EDGE_LOOP('',(#6761,#6762,#6763));
#1709=EDGE_LOOP('',(#6764,#6765,#6766));
#1710=EDGE_LOOP('',(#6767,#6768,#6769));
#1711=EDGE_LOOP('',(#6770,#6771,#6772));
#1712=EDGE_LOOP('',(#6773,#6774,#6775));
#1713=EDGE_LOOP('',(#6776,#6777,#6778));
#1714=EDGE_LOOP('',(#6779,#6780,#6781));
#1715=EDGE_LOOP('',(#6782,#6783,#6784));
#1716=EDGE_LOOP('',(#6785,#6786,#6787));
#1717=EDGE_LOOP('',(#6788,#6789,#6790));
#1718=EDGE_LOOP('',(#6791,#6792,#6793));
#1719=EDGE_LOOP('',(#6794,#6795,#6796));
#1720=EDGE_LOOP('',(#6797,#6798,#6799));
#1721=EDGE_LOOP('',(#6800,#6801,#6802));
#1722=EDGE_LOOP('',(#6803,#6804,#6805));
#1723=EDGE_LOOP('',(#6806,#6807,#6808));
#1724=EDGE_LOOP('',(#6809,#6810,#6811));
#1725=EDGE_LOOP('',(#6812,#6813,#6814));
#1726=EDGE_LOOP('',(#6815,#6816,#6817));
#1727=EDGE_LOOP('',(#6818,#6819,#6820));
#1728=EDGE_LOOP('',(#6821,#6822,#6823));
#1729=EDGE_LOOP('',(#6824,#6825,#6826));
#1730=EDGE_LOOP('',(#6827,#6828,#6829));
#1731=EDGE_LOOP('',(#6830,#6831,#6832));
#1732=EDGE_LOOP('',(#6833,#6834,#6835));
#1733=EDGE_LOOP('',(#6836,#6837,#6838));
#1734=EDGE_LOOP('',(#6839,#6840,#6841));
#1735=EDGE_LOOP('',(#6842,#6843,#6844));
#1736=EDGE_LOOP('',(#6845,#6846,#6847));
#1737=EDGE_LOOP('',(#6848,#6849,#6850));
#1738=EDGE_LOOP('',(#6851,#6852,#6853));
#1739=EDGE_LOOP('',(#6854,#6855,#6856));
#1740=EDGE_LOOP('',(#6857,#6858,#6859));
#1741=EDGE_LOOP('',(#6860,#6861,#6862));
#1742=EDGE_LOOP('',(#6863,#6864,#6865));
#1743=EDGE_LOOP('',(#6866,#6867,#6868));
#1744=EDGE_LOOP('',(#6869,#6870,#6871));
#1745=EDGE_LOOP('',(#6872,#6873,#6874));
#1746=EDGE_LOOP('',(#6875,#6876,#6877));
#1747=EDGE_LOOP('',(#6878,#6879,#6880));
#1748=EDGE_LOOP('',(#6881,#6882,#6883));
#1749=EDGE_LOOP('',(#6884,#6885,#6886));
#1750=EDGE_LOOP('',(#6887,#6888,#6889));
#1751=EDGE_LOOP('',(#6890,#6891,#6892));
#1752=EDGE_LOOP('',(#6893,#6894,#6895));
#1753=EDGE_LOOP('',(#6896,#6897,#6898));
#1754=EDGE_LOOP('',(#6899,#6900,#6901));
#1755=EDGE_LOOP('',(#6902,#6903,#6904));
#1756=EDGE_LOOP('',(#6905,#6906,#6907));
#1757=EDGE_LOOP('',(#6908,#6909,#6910));
#1758=EDGE_LOOP('',(#6911,#6912,#6913));
#1759=EDGE_LOOP('',(#6914,#6915,#6916));
#1760=EDGE_LOOP('',(#6917,#6918,#6919));
#1761=EDGE_LOOP('',(#6920,#6921,#6922));
#1762=EDGE_LOOP('',(#6923,#6924,#6925));
#1763=EDGE_LOOP('',(#6926,#6927,#6928));
#1764=EDGE_LOOP('',(#6929,#6930,#6931));
#1765=EDGE_LOOP('',(#6932,#6933,#6934));
#1766=EDGE_LOOP('',(#6935,#6936,#6937));
#1767=EDGE_LOOP('',(#6938,#6939,#6940));
#1768=EDGE_LOOP('',(#6941,#6942,#6943));
#1769=EDGE_LOOP('',(#6944,#6945,#6946));
#1770=EDGE_LOOP('',(#6947,#6948,#6949));
#1771=EDGE_LOOP('',(#6950,#6951,#6952));
#1772=EDGE_LOOP('',(#6953,#6954,#6955));
#1773=EDGE_LOOP('',(#6956,#6957,#6958));
#1774=EDGE_LOOP('',(#6959,#6960,#6961));
#1775=EDGE_LOOP('',(#6962,#6963,#6964));
#1776=EDGE_LOOP('',(#6965,#6966,#6967));
#1777=EDGE_LOOP('',(#6968,#6969,#6970));
#1778=EDGE_LOOP('',(#6971,#6972,#6973));
#1779=EDGE_LOOP('',(#6974,#6975,#6976));
#1780=EDGE_LOOP('',(#6977,#6978,#6979));
#1781=EDGE_LOOP('',(#6980,#6981,#6982));
#1782=EDGE_LOOP('',(#6983,#6984,#6985));
#1783=EDGE_LOOP('',(#6986,#6987,#6988));
#1784=EDGE_LOOP('',(#6989,#6990,#6991));
#1785=EDGE_LOOP('',(#6992,#6993,#6994));
#1786=EDGE_LOOP('',(#6995,#6996,#6997));
#1787=EDGE_LOOP('',(#6998,#6999,#7000));
#1788=EDGE_LOOP('',(#7001,#7002,#7003));
#1789=EDGE_LOOP('',(#7004,#7005,#7006));
#1790=EDGE_LOOP('',(#7007,#7008,#7009));
#1791=EDGE_LOOP('',(#7010,#7011,#7012));
#1792=EDGE_LOOP('',(#7013,#7014,#7015));
#1793=EDGE_LOOP('',(#7016,#7017,#7018));
#1794=EDGE_LOOP('',(#7019,#7020,#7021));
#1795=EDGE_LOOP('',(#7022,#7023,#7024));
#1796=EDGE_LOOP('',(#7025,#7026,#7027));
#1797=EDGE_LOOP('',(#7028,#7029,#7030));
#1798=EDGE_LOOP('',(#7031,#7032,#7033));
#1799=EDGE_LOOP('',(#7034,#7035,#7036));
#1800=EDGE_LOOP('',(#7037,#7038,#7039));
#1801=EDGE_LOOP('',(#7040,#7041,#7042));
#1802=EDGE_LOOP('',(#7043,#7044,#7045));
#1803=EDGE_LOOP('',(#7046,#7047,#7048));
#1804=EDGE_LOOP('',(#7049,#7050,#7051));
#1805=EDGE_LOOP('',(#7052,#7053,#7054));
#1806=EDGE_LOOP('',(#7055,#7056,#7057));
#1807=EDGE_LOOP('',(#7058,#7059,#7060));
#1808=EDGE_LOOP('',(#7061,#7062,#7063));
#1809=EDGE_LOOP('',(#7064,#7065,#7066));
#1810=EDGE_LOOP('',(#7067,#7068,#7069));
#1811=EDGE_LOOP('',(#7070,#7071,#7072));
#1812=EDGE_LOOP('',(#7073,#7074,#7075));
#1813=EDGE_LOOP('',(#7076,#7077,#7078));
#1814=EDGE_LOOP('',(#7079,#7080,#7081));
#1815=EDGE_LOOP('',(#7082,#7083,#7084));
#1816=EDGE_LOOP('',(#7085,#7086,#7087));
#1817=EDGE_LOOP('',(#7088,#7089,#7090));
#1818=EDGE_LOOP('',(#7091,#7092,#7093));
#1819=EDGE_LOOP('',(#7094,#7095,#7096));
#1820=EDGE_LOOP('',(#7097,#7098,#7099));
#1821=EDGE_LOOP('',(#7100,#7101,#7102));
#1822=EDGE_LOOP('',(#7103,#7104,#7105));
#1823=EDGE_LOOP('',(#7106,#7107,#7108));
#1824=EDGE_LOOP('',(#7109,#7110,#7111));
#1825=EDGE_LOOP('',(#7112,#7113,#7114));
#1826=EDGE_LOOP('',(#7115,#7116,#7117));
#1827=EDGE_LOOP('',(#7118,#7119,#7120));
#1828=EDGE_LOOP('',(#7121,#7122,#7123));
#1829=EDGE_LOOP('',(#7124,#7125,#7126));
#1830=EDGE_LOOP('',(#7127,#7128,#7129));
#1831=EDGE_LOOP('',(#7130,#7131,#7132));
#1832=EDGE_LOOP('',(#7133,#7134,#7135));
#1833=EDGE_LOOP('',(#7136,#7137,#7138));
#1834=EDGE_LOOP('',(#7139,#7140,#7141));
#1835=EDGE_LOOP('',(#7142,#7143,#7144));
#1836=EDGE_LOOP('',(#7145,#7146,#7147));
#1837=EDGE_LOOP('',(#7148,#7149,#7150));
#1838=EDGE_LOOP('',(#7151,#7152,#7153));
#1839=EDGE_LOOP('',(#7154,#7155,#7156));
#1840=EDGE_LOOP('',(#7157,#7158,#7159));
#1841=EDGE_LOOP('',(#7160,#7161,#7162));
#1842=EDGE_LOOP('',(#7163,#7164,#7165));
#1843=EDGE_LOOP('',(#7166,#7167,#7168));
#1844=EDGE_LOOP('',(#7169,#7170,#7171));
#1845=EDGE_LOOP('',(#7172,#7173,#7174));
#1846=EDGE_LOOP('',(#7175,#7176,#7177));
#1847=EDGE_LOOP('',(#7178,#7179,#7180));
#1848=EDGE_LOOP('',(#7181,#7182,#7183));
#1849=EDGE_LOOP('',(#7184,#7185,#7186));
#1850=EDGE_LOOP('',(#7187,#7188,#7189));
#1851=EDGE_LOOP('',(#7190,#7191,#7192));
#1852=EDGE_LOOP('',(#7193,#7194,#7195));
#1853=EDGE_LOOP('',(#7196,#7197,#7198));
#1854=EDGE_LOOP('',(#7199,#7200,#7201));
#1855=EDGE_LOOP('',(#7202,#7203,#7204));
#1856=EDGE_LOOP('',(#7205,#7206,#7207));
#1857=EDGE_LOOP('',(#7208,#7209,#7210));
#1858=EDGE_LOOP('',(#7211,#7212,#7213));
#1859=EDGE_LOOP('',(#7214,#7215,#7216));
#1860=EDGE_LOOP('',(#7217,#7218,#7219));
#1861=EDGE_LOOP('',(#7220,#7221,#7222));
#1862=EDGE_LOOP('',(#7223,#7224,#7225));
#1863=EDGE_LOOP('',(#7226,#7227,#7228));
#1864=EDGE_LOOP('',(#7229,#7230,#7231));
#1865=EDGE_LOOP('',(#7232,#7233,#7234));
#1866=EDGE_LOOP('',(#7235,#7236,#7237));
#1867=EDGE_LOOP('',(#7238,#7239,#7240));
#1868=EDGE_LOOP('',(#7241,#7242,#7243));
#1869=EDGE_LOOP('',(#7244,#7245,#7246));
#1870=EDGE_LOOP('',(#7247,#7248,#7249));
#1871=EDGE_LOOP('',(#7250,#7251,#7252));
#1872=EDGE_LOOP('',(#7253,#7254,#7255));
#1873=EDGE_LOOP('',(#7256,#7257,#7258));
#1874=EDGE_LOOP('',(#7259,#7260,#7261));
#1875=EDGE_LOOP('',(#7262,#7263,#7264));
#1876=EDGE_LOOP('',(#7265,#7266,#7267));
#1877=EDGE_LOOP('',(#7268,#7269,#7270));
#1878=EDGE_LOOP('',(#7271,#7272,#7273));
#1879=EDGE_LOOP('',(#7274,#7275,#7276));
#1880=EDGE_LOOP('',(#7277,#7278,#7279));
#1881=EDGE_LOOP('',(#7280,#7281,#7282));
#1882=EDGE_LOOP('',(#7283,#7284,#7285));
#1883=EDGE_LOOP('',(#7286,#7287,#7288));
#1884=EDGE_LOOP('',(#7289,#7290,#7291));
#1885=EDGE_LOOP('',(#7292,#7293,#7294));
#1886=EDGE_LOOP('',(#7295,#7296,#7297));
#1887=EDGE_LOOP('',(#7298,#7299,#7300));
#1888=EDGE_LOOP('',(#7301,#7302,#7303));
#1889=EDGE_LOOP('',(#7304,#7305,#7306));
#1890=EDGE_LOOP('',(#7307,#7308,#7309));
#1891=EDGE_LOOP('',(#7310,#7311,#7312));
#1892=EDGE_LOOP('',(#7313,#7314,#7315));
#1893=EDGE_LOOP('',(#7316,#7317,#7318));
#1894=EDGE_LOOP('',(#7319,#7320,#7321));
#1895=EDGE_LOOP('',(#7322,#7323,#7324));
#1896=EDGE_LOOP('',(#7325,#7326,#7327));
#1897=EDGE_LOOP('',(#7328,#7329,#7330));
#1898=EDGE_LOOP('',(#7331,#7332,#7333));
#1899=EDGE_LOOP('',(#7334,#7335,#7336));
#1900=EDGE_LOOP('',(#7337,#7338,#7339));
#1901=EDGE_LOOP('',(#7340,#7341,#7342));
#1902=EDGE_LOOP('',(#7343,#7344,#7345));
#1903=EDGE_LOOP('',(#7346,#7347,#7348));
#1904=EDGE_LOOP('',(#7349,#7350,#7351));
#1905=EDGE_LOOP('',(#7352,#7353,#7354));
#1906=EDGE_LOOP('',(#7355,#7356,#7357));
#1907=EDGE_LOOP('',(#7358,#7359,#7360));
#1908=EDGE_LOOP('',(#7361,#7362,#7363));
#1909=EDGE_LOOP('',(#7364,#7365,#7366));
#1910=EDGE_LOOP('',(#7367,#7368,#7369));
#1911=EDGE_LOOP('',(#7370,#7371,#7372));
#1912=EDGE_LOOP('',(#7373,#7374,#7375));
#1913=EDGE_LOOP('',(#7376,#7377,#7378));
#1914=EDGE_LOOP('',(#7379,#7380,#7381));
#1915=EDGE_LOOP('',(#7382,#7383,#7384));
#1916=EDGE_LOOP('',(#7385,#7386,#7387));
#1917=EDGE_LOOP('',(#7388,#7389,#7390));
#1918=EDGE_LOOP('',(#7391,#7392,#7393));
#1919=EDGE_LOOP('',(#7394,#7395,#7396));
#1920=EDGE_LOOP('',(#7397,#7398,#7399));
#1921=EDGE_LOOP('',(#7400,#7401,#7402));
#1922=EDGE_LOOP('',(#7403,#7404,#7405));
#1923=EDGE_LOOP('',(#7406,#7407,#7408));
#1924=EDGE_LOOP('',(#7409,#7410,#7411));
#1925=EDGE_LOOP('',(#7412,#7413,#7414));
#1926=EDGE_LOOP('',(#7415,#7416,#7417));
#1927=EDGE_LOOP('',(#7418,#7419,#7420));
#1928=EDGE_LOOP('',(#7421,#7422,#7423));
#1929=EDGE_LOOP('',(#7424,#7425,#7426));
#1930=EDGE_LOOP('',(#7427,#7428,#7429));
#1931=EDGE_LOOP('',(#7430,#7431,#7432));
#1932=EDGE_LOOP('',(#7433,#7434,#7435));
#1933=EDGE_LOOP('',(#7436,#7437,#7438));
#1934=EDGE_LOOP('',(#7439,#7440,#7441));
#1935=EDGE_LOOP('',(#7442,#7443,#7444));
#1936=EDGE_LOOP('',(#7445,#7446,#7447));
#1937=EDGE_LOOP('',(#7448,#7449,#7450));
#1938=EDGE_LOOP('',(#7451,#7452,#7453));
#1939=EDGE_LOOP('',(#7454,#7455,#7456));
#1940=EDGE_LOOP('',(#7457,#7458,#7459));
#1941=EDGE_LOOP('',(#7460,#7461,#7462));
#1942=EDGE_LOOP('',(#7463,#7464,#7465));
#1943=EDGE_LOOP('',(#7466,#7467,#7468));
#1944=EDGE_LOOP('',(#7469,#7470,#7471));
#1945=EDGE_LOOP('',(#7472,#7473,#7474));
#1946=EDGE_LOOP('',(#7475,#7476,#7477));
#1947=EDGE_LOOP('',(#7478,#7479,#7480));
#1948=EDGE_LOOP('',(#7481,#7482,#7483));
#1949=EDGE_LOOP('',(#7484,#7485,#7486));
#1950=EDGE_LOOP('',(#7487,#7488,#7489));
#1951=EDGE_LOOP('',(#7490,#7491,#7492));
#1952=EDGE_LOOP('',(#7493,#7494,#7495,#7496,#7497,#7498,#7499));
#1953=EDGE_LOOP('',(#7500,#7501,#7502));
#1954=EDGE_LOOP('',(#7503,#7504,#7505));
#1955=EDGE_LOOP('',(#7506,#7507,#7508));
#1956=EDGE_LOOP('',(#7509,#7510,#7511));
#1957=EDGE_LOOP('',(#7512,#7513,#7514));
#1958=EDGE_LOOP('',(#7515,#7516,#7517));
#1959=EDGE_LOOP('',(#7518,#7519,#7520));
#1960=EDGE_LOOP('',(#7521,#7522,#7523));
#1961=EDGE_LOOP('',(#7524,#7525,#7526));
#1962=EDGE_LOOP('',(#7527,#7528,#7529));
#1963=EDGE_LOOP('',(#7530,#7531,#7532));
#1964=EDGE_LOOP('',(#7533,#7534,#7535));
#1965=EDGE_LOOP('',(#7536,#7537,#7538));
#1966=EDGE_LOOP('',(#7539,#7540,#7541));
#1967=EDGE_LOOP('',(#7542,#7543,#7544));
#1968=EDGE_LOOP('',(#7545,#7546,#7547));
#1969=EDGE_LOOP('',(#7548,#7549,#7550));
#1970=EDGE_LOOP('',(#7551,#7552,#7553));
#1971=EDGE_LOOP('',(#7554,#7555,#7556));
#1972=EDGE_LOOP('',(#7557,#7558,#7559));
#1973=EDGE_LOOP('',(#7560,#7561,#7562));
#1974=EDGE_LOOP('',(#7563,#7564,#7565));
#1975=EDGE_LOOP('',(#7566,#7567,#7568));
#1976=EDGE_LOOP('',(#7569,#7570,#7571));
#1977=EDGE_LOOP('',(#7572,#7573,#7574));
#1978=EDGE_LOOP('',(#7575,#7576,#7577));
#1979=EDGE_LOOP('',(#7578,#7579,#7580));
#1980=EDGE_LOOP('',(#7581,#7582,#7583));
#1981=EDGE_LOOP('',(#7584,#7585,#7586));
#1982=EDGE_LOOP('',(#7587,#7588,#7589));
#1983=EDGE_LOOP('',(#7590,#7591,#7592));
#1984=EDGE_LOOP('',(#7593,#7594,#7595,#7596));
#1985=EDGE_LOOP('',(#7597,#7598,#7599,#7600));
#1986=EDGE_LOOP('',(#7601,#7602,#7603,#7604));
#1987=EDGE_LOOP('',(#7605,#7606,#7607,#7608));
#1988=EDGE_LOOP('',(#7609));
#1989=EDGE_LOOP('',(#7610));
#1990=EDGE_LOOP('',(#7611,#7612,#7613,#7614));
#1991=EDGE_LOOP('',(#7615,#7616,#7617,#7618));
#1992=EDGE_LOOP('',(#7619));
#1993=EDGE_LOOP('',(#7620));
#1994=EDGE_LOOP('',(#7621,#7622,#7623,#7624));
#1995=EDGE_LOOP('',(#7625));
#1996=EDGE_LOOP('',(#7626));
#1997=EDGE_LOOP('',(#7627,#7628,#7629,#7630));
#1998=EDGE_LOOP('',(#7631,#7632,#7633,#7634));
#1999=EDGE_LOOP('',(#7635,#7636,#7637,#7638));
#2000=EDGE_LOOP('',(#7639));
#2001=EDGE_LOOP('',(#7640));
#2002=EDGE_LOOP('',(#7641,#7642,#7643,#7644));
#2003=EDGE_LOOP('',(#7645,#7646,#7647,#7648));
#2004=EDGE_LOOP('',(#7649,#7650,#7651,#7652,#7653,#7654));
#2005=EDGE_LOOP('',(#7655,#7656,#7657,#7658));
#2006=EDGE_LOOP('',(#7659,#7660,#7661,#7662,#7663,#7664,#7665,#7666,#7667,
#7668,#7669,#7670));
#2007=EDGE_LOOP('',(#7671,#7672,#7673,#7674));
#2008=EDGE_LOOP('',(#7675,#7676,#7677,#7678,#7679,#7680,#7681,#7682));
#2009=EDGE_LOOP('',(#7683,#7684,#7685,#7686,#7687,#7688));
#2010=EDGE_LOOP('',(#7689,#7690,#7691,#7692));
#2011=EDGE_LOOP('',(#7693,#7694,#7695,#7696,#7697,#7698,#7699,#7700));
#2012=EDGE_LOOP('',(#7701,#7702,#7703,#7704));
#2013=EDGE_LOOP('',(#7705));
#2014=EDGE_LOOP('',(#7706,#7707,#7708,#7709));
#2015=EDGE_LOOP('',(#7710));
#2016=EDGE_LOOP('',(#7711,#7712,#7713,#7714));
#2017=EDGE_LOOP('',(#7715,#7716,#7717,#7718));
#2018=EDGE_LOOP('',(#7719,#7720,#7721,#7722));
#2019=EDGE_LOOP('',(#7723,#7724,#7725,#7726,#7727,#7728,#7729,#7730));
#2020=EDGE_LOOP('',(#7731,#7732,#7733,#7734));
#2021=EDGE_LOOP('',(#7735,#7736,#7737,#7738,#7739,#7740));
#2022=EDGE_LOOP('',(#7741,#7742,#7743,#7744));
#2023=EDGE_LOOP('',(#7745));
#2024=EDGE_LOOP('',(#7746,#7747,#7748,#7749));
#2025=EDGE_LOOP('',(#7750));
#2026=EDGE_LOOP('',(#7751,#7752,#7753,#7754,#7755,#7756,#7757,#7758));
#2027=EDGE_LOOP('',(#7759,#7760,#7761,#7762));
#2028=EDGE_LOOP('',(#7763,#7764,#7765,#7766));
#2029=EDGE_LOOP('',(#7767,#7768,#7769,#7770));
#2030=EDGE_LOOP('',(#7771,#7772,#7773,#7774,#7775));
#2031=EDGE_LOOP('',(#7776,#7777,#7778,#7779));
#2032=EDGE_LOOP('',(#7780,#7781,#7782,#7783));
#2033=EDGE_LOOP('',(#7784,#7785,#7786,#7787,#7788,#7789));
#2034=EDGE_LOOP('',(#7790,#7791,#7792,#7793));
#2035=EDGE_LOOP('',(#7794,#7795,#7796,#7797,#7798,#7799));
#2036=EDGE_LOOP('',(#7800,#7801,#7802,#7803));
#2037=EDGE_LOOP('',(#7804,#7805,#7806,#7807));
#2038=EDGE_LOOP('',(#7808,#7809,#7810,#7811,#7812));
#2039=EDGE_LOOP('',(#7813,#7814,#7815,#7816,#7817,#7818,#7819,#7820));
#2040=EDGE_LOOP('',(#7821,#7822,#7823,#7824));
#2041=EDGE_LOOP('',(#7825,#7826,#7827,#7828));
#2042=EDGE_LOOP('',(#7829,#7830,#7831,#7832));
#2043=EDGE_LOOP('',(#7833,#7834,#7835,#7836,#7837,#7838,#7839,#7840));
#2044=EDGE_LOOP('',(#7841,#7842,#7843,#7844));
#2045=EDGE_LOOP('',(#7845,#7846,#7847,#7848,#7849,#7850,#7851,#7852));
#2046=EDGE_LOOP('',(#7853,#7854,#7855,#7856));
#2047=EDGE_LOOP('',(#7857,#7858,#7859,#7860));
#2048=EDGE_LOOP('',(#7861,#7862,#7863,#7864));
#2049=EDGE_LOOP('',(#7865,#7866,#7867,#7868));
#2050=EDGE_LOOP('',(#7869,#7870,#7871,#7872));
#2051=EDGE_LOOP('',(#7873,#7874,#7875,#7876));
#2052=EDGE_LOOP('',(#7877,#7878,#7879,#7880));
#2053=EDGE_LOOP('',(#7881));
#2054=EDGE_LOOP('',(#7882));
#2055=LINE('',#11729,#3119);
#2056=LINE('',#11736,#3120);
#2057=LINE('',#11742,#3121);
#2058=LINE('',#11748,#3122);
#2059=LINE('',#11750,#3123);
#2060=LINE('',#11752,#3124);
#2061=LINE('',#11753,#3125);
#2062=LINE('',#11756,#3126);
#2063=LINE('',#11758,#3127);
#2064=LINE('',#11759,#3128);
#2065=LINE('',#11762,#3129);
#2066=LINE('',#11764,#3130);
#2067=LINE('',#11765,#3131);
#2068=LINE('',#11767,#3132);
#2069=LINE('',#11770,#3133);
#2070=LINE('',#11772,#3134);
#2071=LINE('',#11774,#3135);
#2072=LINE('',#11776,#3136);
#2073=LINE('',#11777,#3137);
#2074=LINE('',#11781,#3138);
#2075=LINE('',#11783,#3139);
#2076=LINE('',#11785,#3140);
#2077=LINE('',#11787,#3141);
#2078=LINE('',#11789,#3142);
#2079=LINE('',#11791,#3143);
#2080=LINE('',#11792,#3144);
#2081=LINE('',#11794,#3145);
#2082=LINE('',#11795,#3146);
#2083=LINE('',#11798,#3147);
#2084=LINE('',#11800,#3148);
#2085=LINE('',#11801,#3149);
#2086=LINE('',#11804,#3150);
#2087=LINE('',#11805,#3151);
#2088=LINE('',#11807,#3152);
#2089=LINE('',#11810,#3153);
#2090=LINE('',#11811,#3154);
#2091=LINE('',#11814,#3155);
#2092=LINE('',#11816,#3156);
#2093=LINE('',#11818,#3157);
#2094=LINE('',#11820,#3158);
#2095=LINE('',#11821,#3159);
#2096=LINE('',#11824,#3160);
#2097=LINE('',#11826,#3161);
#2098=LINE('',#11828,#3162);
#2099=LINE('',#11829,#3163);
#2100=LINE('',#11832,#3164);
#2101=LINE('',#11833,#3165);
#2102=LINE('',#11835,#3166);
#2103=LINE('',#11838,#3167);
#2104=LINE('',#11839,#3168);
#2105=LINE('',#11841,#3169);
#2106=LINE('',#11845,#3170);
#2107=LINE('',#11847,#3171);
#2108=LINE('',#11848,#3172);
#2109=LINE('',#11851,#3173);
#2110=LINE('',#11852,#3174);
#2111=LINE('',#11856,#3175);
#2112=LINE('',#11858,#3176);
#2113=LINE('',#11859,#3177);
#2114=LINE('',#11862,#3178);
#2115=LINE('',#11863,#3179);
#2116=LINE('',#11867,#3180);
#2117=LINE('',#11869,#3181);
#2118=LINE('',#11870,#3182);
#2119=LINE('',#11873,#3183);
#2120=LINE('',#11874,#3184);
#2121=LINE('',#11877,#3185);
#2122=LINE('',#11878,#3186);
#2123=LINE('',#11881,#3187);
#2124=LINE('',#11882,#3188);
#2125=LINE('',#11884,#3189);
#2126=LINE('',#11885,#3190);
#2127=LINE('',#11887,#3191);
#2128=LINE('',#11890,#3192);
#2129=LINE('',#11892,#3193);
#2130=LINE('',#11893,#3194);
#2131=LINE('',#11895,#3195);
#2132=LINE('',#11899,#3196);
#2133=LINE('',#11901,#3197);
#2134=LINE('',#11902,#3198);
#2135=LINE('',#11905,#3199);
#2136=LINE('',#11906,#3200);
#2137=LINE('',#11909,#3201);
#2138=LINE('',#11910,#3202);
#2139=LINE('',#11913,#3203);
#2140=LINE('',#11914,#3204);
#2141=LINE('',#11916,#3205);
#2142=LINE('',#11917,#3206);
#2143=LINE('',#11919,#3207);
#2144=LINE('',#11921,#3208);
#2145=LINE('',#11922,#3209);
#2146=LINE('',#11924,#3210);
#2147=LINE('',#11927,#3211);
#2148=LINE('',#11929,#3212);
#2149=LINE('',#11930,#3213);
#2150=LINE('',#11932,#3214);
#2151=LINE('',#11935,#3215);
#2152=LINE('',#11937,#3216);
#2153=LINE('',#11938,#3217);
#2154=LINE('',#11940,#3218);
#2155=LINE('',#11943,#3219);
#2156=LINE('',#11944,#3220);
#2157=LINE('',#11947,#3221);
#2158=LINE('',#11948,#3222);
#2159=LINE('',#11951,#3223);
#2160=LINE('',#11952,#3224);
#2161=LINE('',#11955,#3225);
#2162=LINE('',#11956,#3226);
#2163=LINE('',#11960,#3227);
#2164=LINE('',#11962,#3228);
#2165=LINE('',#11963,#3229);
#2166=LINE('',#11966,#3230);
#2167=LINE('',#11967,#3231);
#2168=LINE('',#11971,#3232);
#2169=LINE('',#11973,#3233);
#2170=LINE('',#11974,#3234);
#2171=LINE('',#11977,#3235);
#2172=LINE('',#11978,#3236);
#2173=LINE('',#11980,#3237);
#2174=LINE('',#11981,#3238);
#2175=LINE('',#11983,#3239);
#2176=LINE('',#11985,#3240);
#2177=LINE('',#11986,#3241);
#2178=LINE('',#11988,#3242);
#2179=LINE('',#11992,#3243);
#2180=LINE('',#11994,#3244);
#2181=LINE('',#11995,#3245);
#2182=LINE('',#11998,#3246);
#2183=LINE('',#11999,#3247);
#2184=LINE('',#12001,#3248);
#2185=LINE('',#12002,#3249);
#2186=LINE('',#12004,#3250);
#2187=LINE('',#12008,#3251);
#2188=LINE('',#12010,#3252);
#2189=LINE('',#12011,#3253);
#2190=LINE('',#12014,#3254);
#2191=LINE('',#12015,#3255);
#2192=LINE('',#12019,#3256);
#2193=LINE('',#12021,#3257);
#2194=LINE('',#12022,#3258);
#2195=LINE('',#12025,#3259);
#2196=LINE('',#12026,#3260);
#2197=LINE('',#12029,#3261);
#2198=LINE('',#12031,#3262);
#2199=LINE('',#12032,#3263);
#2200=LINE('',#12034,#3264);
#2201=LINE('',#12038,#3265);
#2202=LINE('',#12040,#3266);
#2203=LINE('',#12041,#3267);
#2204=LINE('',#12044,#3268);
#2205=LINE('',#12045,#3269);
#2206=LINE('',#12048,#3270);
#2207=LINE('',#12050,#3271);
#2208=LINE('',#12051,#3272);
#2209=LINE('',#12053,#3273);
#2210=LINE('',#12056,#3274);
#2211=LINE('',#12057,#3275);
#2212=LINE('',#12059,#3276);
#2213=LINE('',#12062,#3277);
#2214=LINE('',#12063,#3278);
#2215=LINE('',#12066,#3279);
#2216=LINE('',#12067,#3280);
#2217=LINE('',#12069,#3281);
#2218=LINE('',#12072,#3282);
#2219=LINE('',#12073,#3283);
#2220=LINE('',#12076,#3284);
#2221=LINE('',#12077,#3285);
#2222=LINE('',#12080,#3286);
#2223=LINE('',#12081,#3287);
#2224=LINE('',#12084,#3288);
#2225=LINE('',#12085,#3289);
#2226=LINE('',#12088,#3290);
#2227=LINE('',#12089,#3291);
#2228=LINE('',#12092,#3292);
#2229=LINE('',#12093,#3293);
#2230=LINE('',#12095,#3294);
#2231=LINE('',#12097,#3295);
#2232=LINE('',#12100,#3296);
#2233=LINE('',#12101,#3297);
#2234=LINE('',#12104,#3298);
#2235=LINE('',#12105,#3299);
#2236=LINE('',#12107,#3300);
#2237=LINE('',#12109,#3301);
#2238=LINE('',#12112,#3302);
#2239=LINE('',#12113,#3303);
#2240=LINE('',#12115,#3304);
#2241=LINE('',#12117,#3305);
#2242=LINE('',#12119,#3306);
#2243=LINE('',#12122,#3307);
#2244=LINE('',#12123,#3308);
#2245=LINE('',#12125,#3309);
#2246=LINE('',#12127,#3310);
#2247=LINE('',#12129,#3311);
#2248=LINE('',#12130,#3312);
#2249=LINE('',#12132,#3313);
#2250=LINE('',#12134,#3314);
#2251=LINE('',#12136,#3315);
#2252=LINE('',#12138,#3316);
#2253=LINE('',#12140,#3317);
#2254=LINE('',#12142,#3318);
#2255=LINE('',#12144,#3319);
#2256=LINE('',#12145,#3320);
#2257=LINE('',#12148,#3321);
#2258=LINE('',#12150,#3322);
#2259=LINE('',#12151,#3323);
#2260=LINE('',#12153,#3324);
#2261=LINE('',#12154,#3325);
#2262=LINE('',#12156,#3326);
#2263=LINE('',#12158,#3327);
#2264=LINE('',#12161,#3328);
#2265=LINE('',#12162,#3329);
#2266=LINE('',#12164,#3330);
#2267=LINE('',#12166,#3331);
#2268=LINE('',#12167,#3332);
#2269=LINE('',#12169,#3333);
#2270=LINE('',#12172,#3334);
#2271=LINE('',#12174,#3335);
#2272=LINE('',#12176,#3336);
#2273=LINE('',#12178,#3337);
#2274=LINE('',#12179,#3338);
#2275=LINE('',#12181,#3339);
#2276=LINE('',#12184,#3340);
#2277=LINE('',#12186,#3341);
#2278=LINE('',#12188,#3342);
#2279=LINE('',#12191,#3343);
#2280=LINE('',#12192,#3344);
#2281=LINE('',#12194,#3345);
#2282=LINE('',#12196,#3346);
#2283=LINE('',#12197,#3347);
#2284=LINE('',#12200,#3348);
#2285=LINE('',#12201,#3349);
#2286=LINE('',#12204,#3350);
#2287=LINE('',#12205,#3351);
#2288=LINE('',#12210,#3352);
#2289=LINE('',#12212,#3353);
#2290=LINE('',#12213,#3354);
#2291=LINE('',#12216,#3355);
#2292=LINE('',#12217,#3356);
#2293=LINE('',#12220,#3357);
#2294=LINE('',#12222,#3358);
#2295=LINE('',#12223,#3359);
#2296=LINE('',#12226,#3360);
#2297=LINE('',#12227,#3361);
#2298=LINE('',#12230,#3362);
#2299=LINE('',#12231,#3363);
#2300=LINE('',#12235,#3364);
#2301=LINE('',#12237,#3365);
#2302=LINE('',#12238,#3366);
#2303=LINE('',#12240,#3367);
#2304=LINE('',#12241,#3368);
#2305=LINE('',#12244,#3369);
#2306=LINE('',#12246,#3370);
#2307=LINE('',#12247,#3371);
#2308=LINE('',#12249,#3372);
#2309=LINE('',#12250,#3373);
#2310=LINE('',#12252,#3374);
#2311=LINE('',#12253,#3375);
#2312=LINE('',#12256,#3376);
#2313=LINE('',#12257,#3377);
#2314=LINE('',#12259,#3378);
#2315=LINE('',#12260,#3379);
#2316=LINE('',#12262,#3380);
#2317=LINE('',#12266,#3381);
#2318=LINE('',#12267,#3382);
#2319=LINE('',#12270,#3383);
#2320=LINE('',#12271,#3384);
#2321=LINE('',#12274,#3385);
#2322=LINE('',#12275,#3386);
#2323=LINE('',#12278,#3387);
#2324=LINE('',#12279,#3388);
#2325=LINE('',#12282,#3389);
#2326=LINE('',#12283,#3390);
#2327=LINE('',#12286,#3391);
#2328=LINE('',#12287,#3392);
#2329=LINE('',#12289,#3393);
#2330=LINE('',#12292,#3394);
#2331=LINE('',#12293,#3395);
#2332=LINE('',#12296,#3396);
#2333=LINE('',#12297,#3397);
#2334=LINE('',#12301,#3398);
#2335=LINE('',#12303,#3399);
#2336=LINE('',#12304,#3400);
#2337=LINE('',#12307,#3401);
#2338=LINE('',#12308,#3402);
#2339=LINE('',#12311,#3403);
#2340=LINE('',#12312,#3404);
#2341=LINE('',#12315,#3405);
#2342=LINE('',#12316,#3406);
#2343=LINE('',#12319,#3407);
#2344=LINE('',#12320,#3408);
#2345=LINE('',#12324,#3409);
#2346=LINE('',#12326,#3410);
#2347=LINE('',#12327,#3411);
#2348=LINE('',#12330,#3412);
#2349=LINE('',#12331,#3413);
#2350=LINE('',#12333,#3414);
#2351=LINE('',#12334,#3415);
#2352=LINE('',#12336,#3416);
#2353=LINE('',#12340,#3417);
#2354=LINE('',#12342,#3418);
#2355=LINE('',#12343,#3419);
#2356=LINE('',#12346,#3420);
#2357=LINE('',#12347,#3421);
#2358=LINE('',#12350,#3422);
#2359=LINE('',#12351,#3423);
#2360=LINE('',#12355,#3424);
#2361=LINE('',#12357,#3425);
#2362=LINE('',#12358,#3426);
#2363=LINE('',#12361,#3427);
#2364=LINE('',#12362,#3428);
#2365=LINE('',#12365,#3429);
#2366=LINE('',#12366,#3430);
#2367=LINE('',#12369,#3431);
#2368=LINE('',#12370,#3432);
#2369=LINE('',#12373,#3433);
#2370=LINE('',#12374,#3434);
#2371=LINE('',#12377,#3435);
#2372=LINE('',#12378,#3436);
#2373=LINE('',#12380,#3437);
#2374=LINE('',#12383,#3438);
#2375=LINE('',#12384,#3439);
#2376=LINE('',#12388,#3440);
#2377=LINE('',#12390,#3441);
#2378=LINE('',#12391,#3442);
#2379=LINE('',#12394,#3443);
#2380=LINE('',#12395,#3444);
#2381=LINE('',#12399,#3445);
#2382=LINE('',#12401,#3446);
#2383=LINE('',#12402,#3447);
#2384=LINE('',#12405,#3448);
#2385=LINE('',#12406,#3449);
#2386=LINE('',#12409,#3450);
#2387=LINE('',#12411,#3451);
#2388=LINE('',#12412,#3452);
#2389=LINE('',#12414,#3453);
#2390=LINE('',#12417,#3454);
#2391=LINE('',#12419,#3455);
#2392=LINE('',#12420,#3456);
#2393=LINE('',#12422,#3457);
#2394=LINE('',#12425,#3458);
#2395=LINE('',#12426,#3459);
#2396=LINE('',#12429,#3460);
#2397=LINE('',#12430,#3461);
#2398=LINE('',#12433,#3462);
#2399=LINE('',#12434,#3463);
#2400=LINE('',#12437,#3464);
#2401=LINE('',#12438,#3465);
#2402=LINE('',#12441,#3466);
#2403=LINE('',#12442,#3467);
#2404=LINE('',#12445,#3468);
#2405=LINE('',#12446,#3469);
#2406=LINE('',#12448,#3470);
#2407=LINE('',#12451,#3471);
#2408=LINE('',#12452,#3472);
#2409=LINE('',#12455,#3473);
#2410=LINE('',#12456,#3474);
#2411=LINE('',#12459,#3475);
#2412=LINE('',#12460,#3476);
#2413=LINE('',#12463,#3477);
#2414=LINE('',#12464,#3478);
#2415=LINE('',#12467,#3479);
#2416=LINE('',#12468,#3480);
#2417=LINE('',#12471,#3481);
#2418=LINE('',#12472,#3482);
#2419=LINE('',#12474,#3483);
#2420=LINE('',#12475,#3484);
#2421=LINE('',#12477,#3485);
#2422=LINE('',#12479,#3486);
#2423=LINE('',#12480,#3487);
#2424=LINE('',#12482,#3488);
#2425=LINE('',#12483,#3489);
#2426=LINE('',#12485,#3490);
#2427=LINE('',#12490,#3491);
#2428=LINE('',#12492,#3492);
#2429=LINE('',#12493,#3493);
#2430=LINE('',#12496,#3494);
#2431=LINE('',#12498,#3495);
#2432=LINE('',#12499,#3496);
#2433=LINE('',#12501,#3497);
#2434=LINE('',#12503,#3498);
#2435=LINE('',#12505,#3499);
#2436=LINE('',#12507,#3500);
#2437=LINE('',#12508,#3501);
#2438=LINE('',#12510,#3502);
#2439=LINE('',#12514,#3503);
#2440=LINE('',#12516,#3504);
#2441=LINE('',#12517,#3505);
#2442=LINE('',#12520,#3506);
#2443=LINE('',#12521,#3507);
#2444=LINE('',#12524,#3508);
#2445=LINE('',#12525,#3509);
#2446=LINE('',#12527,#3510);
#2447=LINE('',#12528,#3511);
#2448=LINE('',#12530,#3512);
#2449=LINE('',#12532,#3513);
#2450=LINE('',#12535,#3514);
#2451=LINE('',#12536,#3515);
#2452=LINE('',#12538,#3516);
#2453=LINE('',#12541,#3517);
#2454=LINE('',#12542,#3518);
#2455=LINE('',#12544,#3519);
#2456=LINE('',#12546,#3520);
#2457=LINE('',#12548,#3521);
#2458=LINE('',#12549,#3522);
#2459=LINE('',#12551,#3523);
#2460=LINE('',#12555,#3524);
#2461=LINE('',#12557,#3525);
#2462=LINE('',#12558,#3526);
#2463=LINE('',#12561,#3527);
#2464=LINE('',#12562,#3528);
#2465=LINE('',#12564,#3529);
#2466=LINE('',#12565,#3530);
#2467=LINE('',#12567,#3531);
#2468=LINE('',#12569,#3532);
#2469=LINE('',#12570,#3533);
#2470=LINE('',#12572,#3534);
#2471=LINE('',#12576,#3535);
#2472=LINE('',#12578,#3536);
#2473=LINE('',#12579,#3537);
#2474=LINE('',#12582,#3538);
#2475=LINE('',#12583,#3539);
#2476=LINE('',#12585,#3540);
#2477=LINE('',#12586,#3541);
#2478=LINE('',#12588,#3542);
#2479=LINE('',#12591,#3543);
#2480=LINE('',#12592,#3544);
#2481=LINE('',#12595,#3545);
#2482=LINE('',#12596,#3546);
#2483=LINE('',#12598,#3547);
#2484=LINE('',#12600,#3548);
#2485=LINE('',#12601,#3549);
#2486=LINE('',#12603,#3550);
#2487=LINE('',#12605,#3551);
#2488=LINE('',#12607,#3552);
#2489=LINE('',#12609,#3553);
#2490=LINE('',#12611,#3554);
#2491=LINE('',#12615,#3555);
#2492=LINE('',#12617,#3556);
#2493=LINE('',#12618,#3557);
#2494=LINE('',#12621,#3558);
#2495=LINE('',#12622,#3559);
#2496=LINE('',#12626,#3560);
#2497=LINE('',#12628,#3561);
#2498=LINE('',#12629,#3562);
#2499=LINE('',#12632,#3563);
#2500=LINE('',#12633,#3564);
#2501=LINE('',#12636,#3565);
#2502=LINE('',#12637,#3566);
#2503=LINE('',#12640,#3567);
#2504=LINE('',#12641,#3568);
#2505=LINE('',#12645,#3569);
#2506=LINE('',#12647,#3570);
#2507=LINE('',#12648,#3571);
#2508=LINE('',#12651,#3572);
#2509=LINE('',#12652,#3573);
#2510=LINE('',#12655,#3574);
#2511=LINE('',#12656,#3575);
#2512=LINE('',#12659,#3576);
#2513=LINE('',#12660,#3577);
#2514=LINE('',#12663,#3578);
#2515=LINE('',#12664,#3579);
#2516=LINE('',#12667,#3580);
#2517=LINE('',#12668,#3581);
#2518=LINE('',#12671,#3582);
#2519=LINE('',#12672,#3583);
#2520=LINE('',#12675,#3584);
#2521=LINE('',#12676,#3585);
#2522=LINE('',#12679,#3586);
#2523=LINE('',#12681,#3587);
#2524=LINE('',#12682,#3588);
#2525=LINE('',#12684,#3589);
#2526=LINE('',#12688,#3590);
#2527=LINE('',#12690,#3591);
#2528=LINE('',#12691,#3592);
#2529=LINE('',#12694,#3593);
#2530=LINE('',#12695,#3594);
#2531=LINE('',#12698,#3595);
#2532=LINE('',#12699,#3596);
#2533=LINE('',#12702,#3597);
#2534=LINE('',#12703,#3598);
#2535=LINE('',#12705,#3599);
#2536=LINE('',#12706,#3600);
#2537=LINE('',#12708,#3601);
#2538=LINE('',#12710,#3602);
#2539=LINE('',#12711,#3603);
#2540=LINE('',#12714,#3604);
#2541=LINE('',#12715,#3605);
#2542=LINE('',#12719,#3606);
#2543=LINE('',#12720,#3607);
#2544=LINE('',#12721,#3608);
#2545=LINE('',#12724,#3609);
#2546=LINE('',#12725,#3610);
#2547=LINE('',#12728,#3611);
#2548=LINE('',#12729,#3612);
#2549=LINE('',#12732,#3613);
#2550=LINE('',#12733,#3614);
#2551=LINE('',#12736,#3615);
#2552=LINE('',#12738,#3616);
#2553=LINE('',#12739,#3617);
#2554=LINE('',#12741,#3618);
#2555=LINE('',#12745,#3619);
#2556=LINE('',#12747,#3620);
#2557=LINE('',#12748,#3621);
#2558=LINE('',#12751,#3622);
#2559=LINE('',#12752,#3623);
#2560=LINE('',#12755,#3624);
#2561=LINE('',#12757,#3625);
#2562=LINE('',#12758,#3626);
#2563=LINE('',#12760,#3627);
#2564=LINE('',#12763,#3628);
#2565=LINE('',#12765,#3629);
#2566=LINE('',#12766,#3630);
#2567=LINE('',#12768,#3631);
#2568=LINE('',#12771,#3632);
#2569=LINE('',#12773,#3633);
#2570=LINE('',#12774,#3634);
#2571=LINE('',#12776,#3635);
#2572=LINE('',#12778,#3636);
#2573=LINE('',#12779,#3637);
#2574=LINE('',#12781,#3638);
#2575=LINE('',#12783,#3639);
#2576=LINE('',#12784,#3640);
#2577=LINE('',#12786,#3641);
#2578=LINE('',#12788,#3642);
#2579=LINE('',#12789,#3643);
#2580=LINE('',#12791,#3644);
#2581=LINE('',#12793,#3645);
#2582=LINE('',#12795,#3646);
#2583=LINE('',#12797,#3647);
#2584=LINE('',#12798,#3648);
#2585=LINE('',#12800,#3649);
#2586=LINE('',#12802,#3650);
#2587=LINE('',#12804,#3651);
#2588=LINE('',#12806,#3652);
#2589=LINE('',#12808,#3653);
#2590=LINE('',#12810,#3654);
#2591=LINE('',#12811,#3655);
#2592=LINE('',#12813,#3656);
#2593=LINE('',#12815,#3657);
#2594=LINE('',#12817,#3658);
#2595=LINE('',#12819,#3659);
#2596=LINE('',#12821,#3660);
#2597=LINE('',#12824,#3661);
#2598=LINE('',#12826,#3662);
#2599=LINE('',#12828,#3663);
#2600=LINE('',#12830,#3664);
#2601=LINE('',#12831,#3665);
#2602=LINE('',#12833,#3666);
#2603=LINE('',#12835,#3667);
#2604=LINE('',#12837,#3668);
#2605=LINE('',#12839,#3669);
#2606=LINE('',#12841,#3670);
#2607=LINE('',#12843,#3671);
#2608=LINE('',#12845,#3672);
#2609=LINE('',#12849,#3673);
#2610=LINE('',#12851,#3674);
#2611=LINE('',#12853,#3675);
#2612=LINE('',#12854,#3676);
#2613=LINE('',#12856,#3677);
#2614=LINE('',#12858,#3678);
#2615=LINE('',#12860,#3679);
#2616=LINE('',#12862,#3680);
#2617=LINE('',#12864,#3681);
#2618=LINE('',#12867,#3682);
#2619=LINE('',#12869,#3683);
#2620=LINE('',#12871,#3684);
#2621=LINE('',#12873,#3685);
#2622=LINE('',#12874,#3686);
#2623=LINE('',#12876,#3687);
#2624=LINE('',#12878,#3688);
#2625=LINE('',#12880,#3689);
#2626=LINE('',#12882,#3690);
#2627=LINE('',#12884,#3691);
#2628=LINE('',#12886,#3692);
#2629=LINE('',#12888,#3693);
#2630=LINE('',#12890,#3694);
#2631=LINE('',#12893,#3695);
#2632=LINE('',#12898,#3696);
#2633=LINE('',#12900,#3697);
#2634=LINE('',#12901,#3698);
#2635=LINE('',#12904,#3699);
#2636=LINE('',#12905,#3700);
#2637=LINE('',#12909,#3701);
#2638=LINE('',#12911,#3702);
#2639=LINE('',#12912,#3703);
#2640=LINE('',#12916,#3704);
#2641=LINE('',#12918,#3705);
#2642=LINE('',#12919,#3706);
#2643=LINE('',#12922,#3707);
#2644=LINE('',#12923,#3708);
#2645=LINE('',#12926,#3709);
#2646=LINE('',#12927,#3710);
#2647=LINE('',#12931,#3711);
#2648=LINE('',#12932,#3712);
#2649=LINE('',#12933,#3713);
#2650=LINE('',#12935,#3714);
#2651=LINE('',#12936,#3715);
#2652=LINE('',#12938,#3716);
#2653=LINE('',#12941,#3717);
#2654=LINE('',#12942,#3718);
#2655=LINE('',#12945,#3719);
#2656=LINE('',#12946,#3720);
#2657=LINE('',#12947,#3721);
#2658=LINE('',#12950,#3722);
#2659=LINE('',#12951,#3723);
#2660=LINE('',#12954,#3724);
#2661=LINE('',#12955,#3725);
#2662=LINE('',#12957,#3726);
#2663=LINE('',#12958,#3727);
#2664=LINE('',#12960,#3728);
#2665=LINE('',#12962,#3729);
#2666=LINE('',#12963,#3730);
#2667=LINE('',#12966,#3731);
#2668=LINE('',#12968,#3732);
#2669=LINE('',#12970,#3733);
#2670=LINE('',#12972,#3734);
#2671=LINE('',#12975,#3735);
#2672=LINE('',#12976,#3736);
#2673=LINE('',#12978,#3737);
#2674=LINE('',#12980,#3738);
#2675=LINE('',#12982,#3739);
#2676=LINE('',#12984,#3740);
#2677=LINE('',#12987,#3741);
#2678=LINE('',#12988,#3742);
#2679=LINE('',#12990,#3743);
#2680=LINE('',#12991,#3744);
#2681=LINE('',#12993,#3745);
#2682=LINE('',#12995,#3746);
#2683=LINE('',#12996,#3747);
#2684=LINE('',#12999,#3748);
#2685=LINE('',#13001,#3749);
#2686=LINE('',#13004,#3750);
#2687=LINE('',#13007,#3751);
#2688=LINE('',#13008,#3752);
#2689=LINE('',#13010,#3753);
#2690=LINE('',#13012,#3754);
#2691=LINE('',#13014,#3755);
#2692=LINE('',#13016,#3756);
#2693=LINE('',#13020,#3757);
#2694=LINE('',#13022,#3758);
#2695=LINE('',#13023,#3759);
#2696=LINE('',#13026,#3760);
#2697=LINE('',#13027,#3761);
#2698=LINE('',#13029,#3762);
#2699=LINE('',#13030,#3763);
#2700=LINE('',#13034,#3764);
#2701=LINE('',#13036,#3765);
#2702=LINE('',#13037,#3766);
#2703=LINE('',#13040,#3767);
#2704=LINE('',#13041,#3768);
#2705=LINE('',#13044,#3769);
#2706=LINE('',#13046,#3770);
#2707=LINE('',#13047,#3771);
#2708=LINE('',#13049,#3772);
#2709=LINE('',#13053,#3773);
#2710=LINE('',#13055,#3774);
#2711=LINE('',#13056,#3775);
#2712=LINE('',#13059,#3776);
#2713=LINE('',#13060,#3777);
#2714=LINE('',#13064,#3778);
#2715=LINE('',#13066,#3779);
#2716=LINE('',#13067,#3780);
#2717=LINE('',#13070,#3781);
#2718=LINE('',#13071,#3782);
#2719=LINE('',#13073,#3783);
#2720=LINE('',#13074,#3784);
#2721=LINE('',#13078,#3785);
#2722=LINE('',#13080,#3786);
#2723=LINE('',#13081,#3787);
#2724=LINE('',#13084,#3788);
#2725=LINE('',#13085,#3789);
#2726=LINE('',#13087,#3790);
#2727=LINE('',#13089,#3791);
#2728=LINE('',#13090,#3792);
#2729=LINE('',#13093,#3793);
#2730=LINE('',#13094,#3794);
#2731=LINE('',#13096,#3795);
#2732=LINE('',#13099,#3796);
#2733=LINE('',#13100,#3797);
#2734=LINE('',#13103,#3798);
#2735=LINE('',#13104,#3799);
#2736=LINE('',#13106,#3800);
#2737=LINE('',#13109,#3801);
#2738=LINE('',#13110,#3802);
#2739=LINE('',#13111,#3803);
#2740=LINE('',#13113,#3804);
#2741=LINE('',#13115,#3805);
#2742=LINE('',#13116,#3806);
#2743=LINE('',#13119,#3807);
#2744=LINE('',#13121,#3808);
#2745=LINE('',#13122,#3809);
#2746=LINE('',#13125,#3810);
#2747=LINE('',#13126,#3811);
#2748=LINE('',#13128,#3812);
#2749=LINE('',#13131,#3813);
#2750=LINE('',#13132,#3814);
#2751=LINE('',#13135,#3815);
#2752=LINE('',#13136,#3816);
#2753=LINE('',#13138,#3817);
#2754=LINE('',#13141,#3818);
#2755=LINE('',#13142,#3819);
#2756=LINE('',#13144,#3820);
#2757=LINE('',#13147,#3821);
#2758=LINE('',#13148,#3822);
#2759=LINE('',#13150,#3823);
#2760=LINE('',#13152,#3824);
#2761=LINE('',#13155,#3825);
#2762=LINE('',#13156,#3826);
#2763=LINE('',#13159,#3827);
#2764=LINE('',#13160,#3828);
#2765=LINE('',#13162,#3829);
#2766=LINE('',#13163,#3830);
#2767=LINE('',#13164,#3831);
#2768=LINE('',#13167,#3832);
#2769=LINE('',#13168,#3833);
#2770=LINE('',#13171,#3834);
#2771=LINE('',#13172,#3835);
#2772=LINE('',#13175,#3836);
#2773=LINE('',#13176,#3837);
#2774=LINE('',#13177,#3838);
#2775=LINE('',#13180,#3839);
#2776=LINE('',#13182,#3840);
#2777=LINE('',#13183,#3841);
#2778=LINE('',#13185,#3842);
#2779=LINE('',#13187,#3843);
#2780=LINE('',#13188,#3844);
#2781=LINE('',#13190,#3845);
#2782=LINE('',#13191,#3846);
#2783=LINE('',#13193,#3847);
#2784=LINE('',#13196,#3848);
#2785=LINE('',#13198,#3849);
#2786=LINE('',#13199,#3850);
#2787=LINE('',#13201,#3851);
#2788=LINE('',#13202,#3852);
#2789=LINE('',#13204,#3853);
#2790=LINE('',#13206,#3854);
#2791=LINE('',#13208,#3855);
#2792=LINE('',#13211,#3856);
#2793=LINE('',#13213,#3857);
#2794=LINE('',#13214,#3858);
#2795=LINE('',#13216,#3859);
#2796=LINE('',#13218,#3860);
#2797=LINE('',#13219,#3861);
#2798=LINE('',#13221,#3862);
#2799=LINE('',#13224,#3863);
#2800=LINE('',#13226,#3864);
#2801=LINE('',#13227,#3865);
#2802=LINE('',#13229,#3866);
#2803=LINE('',#13231,#3867);
#2804=LINE('',#13232,#3868);
#2805=LINE('',#13235,#3869);
#2806=LINE('',#13236,#3870);
#2807=LINE('',#13238,#3871);
#2808=LINE('',#13240,#3872);
#2809=LINE('',#13241,#3873);
#2810=LINE('',#13244,#3874);
#2811=LINE('',#13245,#3875);
#2812=LINE('',#13250,#3876);
#2813=LINE('',#13251,#3877);
#2814=LINE('',#13253,#3878);
#2815=LINE('',#13256,#3879);
#2816=LINE('',#13257,#3880);
#2817=LINE('',#13259,#3881);
#2818=LINE('',#13262,#3882);
#2819=LINE('',#13263,#3883);
#2820=LINE('',#13265,#3884);
#2821=LINE('',#13267,#3885);
#2822=LINE('',#13270,#3886);
#2823=LINE('',#13272,#3887);
#2824=LINE('',#13273,#3888);
#2825=LINE('',#13275,#3889);
#2826=LINE('',#13276,#3890);
#2827=LINE('',#13278,#3891);
#2828=LINE('',#13280,#3892);
#2829=LINE('',#13282,#3893);
#2830=LINE('',#13285,#3894);
#2831=LINE('',#13286,#3895);
#2832=LINE('',#13288,#3896);
#2833=LINE('',#13290,#3897);
#2834=LINE('',#13291,#3898);
#2835=LINE('',#13295,#3899);
#2836=LINE('',#13296,#3900);
#2837=LINE('',#13298,#3901);
#2838=LINE('',#13301,#3902);
#2839=LINE('',#13303,#3903);
#2840=LINE('',#13304,#3904);
#2841=LINE('',#13307,#3905);
#2842=LINE('',#13308,#3906);
#2843=LINE('',#13310,#3907);
#2844=LINE('',#13312,#3908);
#2845=LINE('',#13313,#3909);
#2846=LINE('',#13316,#3910);
#2847=LINE('',#13317,#3911);
#2848=LINE('',#13319,#3912);
#2849=LINE('',#13321,#3913);
#2850=LINE('',#13324,#3914);
#2851=LINE('',#13327,#3915);
#2852=LINE('',#13328,#3916);
#2853=LINE('',#13330,#3917);
#2854=LINE('',#13332,#3918);
#2855=LINE('',#13333,#3919);
#2856=LINE('',#13335,#3920);
#2857=LINE('',#13336,#3921);
#2858=LINE('',#13337,#3922);
#2859=LINE('',#13339,#3923);
#2860=LINE('',#13340,#3924);
#2861=LINE('',#13343,#3925);
#2862=LINE('',#13344,#3926);
#2863=LINE('',#13346,#3927);
#2864=LINE('',#13348,#3928);
#2865=LINE('',#13350,#3929);
#2866=LINE('',#13354,#3930);
#2867=LINE('',#13356,#3931);
#2868=LINE('',#13360,#3932);
#2869=LINE('',#13361,#3933);
#2870=LINE('',#13362,#3934);
#2871=LINE('',#13364,#3935);
#2872=LINE('',#13366,#3936);
#2873=LINE('',#13367,#3937);
#2874=LINE('',#13370,#3938);
#2875=LINE('',#13371,#3939);
#2876=LINE('',#13373,#3940);
#2877=LINE('',#13375,#3941);
#2878=LINE('',#13377,#3942);
#2879=LINE('',#13381,#3943);
#2880=LINE('',#13384,#3944);
#2881=LINE('',#13387,#3945);
#2882=LINE('',#13389,#3946);
#2883=LINE('',#13391,#3947);
#2884=LINE('',#13392,#3948);
#2885=LINE('',#13393,#3949);
#2886=LINE('',#13396,#3950);
#2887=LINE('',#13398,#3951);
#2888=LINE('',#13400,#3952);
#2889=LINE('',#13403,#3953);
#2890=LINE('',#13405,#3954);
#2891=LINE('',#13407,#3955);
#2892=LINE('',#13408,#3956);
#2893=LINE('',#13411,#3957);
#2894=LINE('',#13412,#3958);
#2895=LINE('',#13414,#3959);
#2896=LINE('',#13416,#3960);
#2897=LINE('',#13420,#3961);
#2898=LINE('',#13423,#3962);
#2899=LINE('',#13424,#3963);
#2900=LINE('',#13426,#3964);
#2901=LINE('',#13429,#3965);
#2902=LINE('',#13430,#3966);
#2903=LINE('',#13432,#3967);
#2904=LINE('',#13433,#3968);
#2905=LINE('',#13434,#3969);
#2906=LINE('',#13437,#3970);
#2907=LINE('',#13439,#3971);
#2908=LINE('',#13441,#3972);
#2909=LINE('',#13443,#3973);
#2910=LINE('',#13445,#3974);
#2911=LINE('',#13447,#3975);
#2912=LINE('',#13449,#3976);
#2913=LINE('',#13451,#3977);
#2914=LINE('',#13453,#3978);
#2915=LINE('',#13456,#3979);
#2916=LINE('',#13458,#3980);
#2917=LINE('',#13460,#3981);
#2918=LINE('',#13462,#3982);
#2919=LINE('',#13464,#3983);
#2920=LINE('',#13466,#3984);
#2921=LINE('',#13468,#3985);
#2922=LINE('',#13470,#3986);
#2923=LINE('',#13472,#3987);
#2924=LINE('',#13474,#3988);
#2925=LINE('',#13476,#3989);
#2926=LINE('',#13478,#3990);
#2927=LINE('',#13480,#3991);
#2928=LINE('',#13482,#3992);
#2929=LINE('',#13484,#3993);
#2930=LINE('',#13486,#3994);
#2931=LINE('',#13487,#3995);
#2932=LINE('',#13489,#3996);
#2933=LINE('',#13491,#3997);
#2934=LINE('',#13493,#3998);
#2935=LINE('',#13495,#3999);
#2936=LINE('',#13498,#4000);
#2937=LINE('',#13500,#4001);
#2938=LINE('',#13502,#4002);
#2939=LINE('',#13504,#4003);
#2940=LINE('',#13506,#4004);
#2941=LINE('',#13508,#4005);
#2942=LINE('',#13510,#4006);
#2943=LINE('',#13512,#4007);
#2944=LINE('',#13516,#4008);
#2945=LINE('',#13520,#4009);
#2946=LINE('',#13523,#4010);
#2947=LINE('',#13524,#4011);
#2948=LINE('',#13526,#4012);
#2949=LINE('',#13528,#4013);
#2950=LINE('',#13530,#4014);
#2951=LINE('',#13532,#4015);
#2952=LINE('',#13533,#4016);
#2953=LINE('',#13535,#4017);
#2954=LINE('',#13537,#4018);
#2955=LINE('',#13539,#4019);
#2956=LINE('',#13540,#4020);
#2957=LINE('',#13543,#4021);
#2958=LINE('',#13544,#4022);
#2959=LINE('',#13546,#4023);
#2960=LINE('',#13549,#4024);
#2961=LINE('',#13550,#4025);
#2962=LINE('',#13552,#4026);
#2963=LINE('',#13553,#4027);
#2964=LINE('',#13555,#4028);
#2965=LINE('',#13558,#4029);
#2966=LINE('',#13560,#4030);
#2967=LINE('',#13562,#4031);
#2968=LINE('',#13564,#4032);
#2969=LINE('',#13566,#4033);
#2970=LINE('',#13568,#4034);
#2971=LINE('',#13570,#4035);
#2972=LINE('',#13573,#4036);
#2973=LINE('',#13574,#4037);
#2974=LINE('',#13575,#4038);
#2975=LINE('',#13577,#4039);
#2976=LINE('',#13580,#4040);
#2977=LINE('',#13582,#4041);
#2978=LINE('',#13584,#4042);
#2979=LINE('',#13586,#4043);
#2980=LINE('',#13589,#4044);
#2981=LINE('',#13590,#4045);
#2982=LINE('',#13592,#4046);
#2983=LINE('',#13595,#4047);
#2984=LINE('',#13598,#4048);
#2985=LINE('',#13601,#4049);
#2986=LINE('',#13603,#4050);
#2987=LINE('',#13605,#4051);
#2988=LINE('',#13611,#4052);
#2989=LINE('',#13617,#4053);
#2990=LINE('',#13623,#4054);
#2991=LINE('',#13629,#4055);
#2992=LINE('',#13637,#4056);
#2993=LINE('',#13643,#4057);
#2994=LINE('',#13650,#4058);
#2995=LINE('',#13652,#4059);
#2996=LINE('',#13654,#4060);
#2997=LINE('',#13655,#4061);
#2998=LINE('',#13658,#4062);
#2999=LINE('',#13660,#4063);
#3000=LINE('',#13661,#4064);
#3001=LINE('',#13664,#4065);
#3002=LINE('',#13665,#4066);
#3003=LINE('',#13668,#4067);
#3004=LINE('',#13669,#4068);
#3005=LINE('',#13671,#4069);
#3006=LINE('',#13675,#4070);
#3007=LINE('',#13677,#4071);
#3008=LINE('',#13679,#4072);
#3009=LINE('',#13680,#4073);
#3010=LINE('',#13684,#4074);
#3011=LINE('',#13686,#4075);
#3012=LINE('',#13687,#4076);
#3013=LINE('',#13689,#4077);
#3014=LINE('',#13690,#4078);
#3015=LINE('',#13694,#4079);
#3016=LINE('',#13695,#4080);
#3017=LINE('',#13696,#4081);
#3018=LINE('',#13700,#4082);
#3019=LINE('',#13702,#4083);
#3020=LINE('',#13704,#4084);
#3021=LINE('',#13706,#4085);
#3022=LINE('',#13708,#4086);
#3023=LINE('',#13710,#4087);
#3024=LINE('',#13712,#4088);
#3025=LINE('',#13714,#4089);
#3026=LINE('',#13716,#4090);
#3027=LINE('',#13718,#4091);
#3028=LINE('',#13720,#4092);
#3029=LINE('',#13721,#4093);
#3030=LINE('',#13723,#4094);
#3031=LINE('',#13725,#4095);
#3032=LINE('',#13727,#4096);
#3033=LINE('',#13728,#4097);
#3034=LINE('',#13730,#4098);
#3035=LINE('',#13731,#4099);
#3036=LINE('',#13734,#4100);
#3037=LINE('',#13736,#4101);
#3038=LINE('',#13738,#4102);
#3039=LINE('',#13740,#4103);
#3040=LINE('',#13741,#4104);
#3041=LINE('',#13744,#4105);
#3042=LINE('',#13746,#4106);
#3043=LINE('',#13747,#4107);
#3044=LINE('',#13751,#4108);
#3045=LINE('',#13753,#4109);
#3046=LINE('',#13754,#4110);
#3047=LINE('',#13755,#4111);
#3048=LINE('',#13757,#4112);
#3049=LINE('',#13758,#4113);
#3050=LINE('',#13760,#4114);
#3051=LINE('',#13764,#4115);
#3052=LINE('',#13766,#4116);
#3053=LINE('',#13767,#4117);
#3054=LINE('',#13770,#4118);
#3055=LINE('',#13771,#4119);
#3056=LINE('',#13773,#4120);
#3057=LINE('',#13776,#4121);
#3058=LINE('',#13778,#4122);
#3059=LINE('',#13780,#4123);
#3060=LINE('',#13782,#4124);
#3061=LINE('',#13783,#4125);
#3062=LINE('',#13786,#4126);
#3063=LINE('',#13788,#4127);
#3064=LINE('',#13789,#4128);
#3065=LINE('',#13792,#4129);
#3066=LINE('',#13794,#4130);
#3067=LINE('',#13795,#4131);
#3068=LINE('',#13796,#4132);
#3069=LINE('',#13798,#4133);
#3070=LINE('',#13803,#4134);
#3071=LINE('',#13804,#4135);
#3072=LINE('',#13806,#4136);
#3073=LINE('',#13808,#4137);
#3074=LINE('',#13809,#4138);
#3075=LINE('',#13812,#4139);
#3076=LINE('',#13814,#4140);
#3077=LINE('',#13815,#4141);
#3078=LINE('',#13817,#4142);
#3079=LINE('',#13820,#4143);
#3080=LINE('',#13822,#4144);
#3081=LINE('',#13823,#4145);
#3082=LINE('',#13826,#4146);
#3083=LINE('',#13827,#4147);
#3084=LINE('',#13830,#4148);
#3085=LINE('',#13831,#4149);
#3086=LINE('',#13833,#4150);
#3087=LINE('',#13837,#4151);
#3088=LINE('',#13839,#4152);
#3089=LINE('',#13840,#4153);
#3090=LINE('',#13843,#4154);
#3091=LINE('',#13844,#4155);
#3092=LINE('',#13847,#4156);
#3093=LINE('',#13848,#4157);
#3094=LINE('',#13850,#4158);
#3095=LINE('',#13855,#4159);
#3096=LINE('',#13857,#4160);
#3097=LINE('',#13858,#4161);
#3098=LINE('',#13859,#4162);
#3099=LINE('',#13861,#4163);
#3100=LINE('',#13863,#4164);
#3101=LINE('',#13866,#4165);
#3102=LINE('',#13868,#4166);
#3103=LINE('',#13869,#4167);
#3104=LINE('',#13871,#4168);
#3105=LINE('',#13873,#4169);
#3106=LINE('',#13878,#4170);
#3107=LINE('',#13880,#4171);
#3108=LINE('',#13882,#4172);
#3109=LINE('',#13883,#4173);
#3110=LINE('',#13887,#4174);
#3111=LINE('',#13889,#4175);
#3112=LINE('',#13891,#4176);
#3113=LINE('',#13892,#4177);
#3114=LINE('',#13894,#4178);
#3115=LINE('',#13895,#4179);
#3116=LINE('',#13897,#4180);
#3117=LINE('',#13899,#4181);
#3118=LINE('',#13905,#4182);
#3119=VECTOR('',#9280,0.15);
#3120=VECTOR('',#9289,0.21);
#3121=VECTOR('',#9296,0.3);
#3122=VECTOR('',#9303,1.);
#3123=VECTOR('',#9304,1.);
#3124=VECTOR('',#9305,1.);
#3125=VECTOR('',#9306,1.);
#3126=VECTOR('',#9309,1.);
#3127=VECTOR('',#9310,1.);
#3128=VECTOR('',#9311,1.);
#3129=VECTOR('',#9314,1.);
#3130=VECTOR('',#9315,1.);
#3131=VECTOR('',#9316,1.);
#3132=VECTOR('',#9319,1.);
#3133=VECTOR('',#9322,1.);
#3134=VECTOR('',#9323,1.);
#3135=VECTOR('',#9324,1.);
#3136=VECTOR('',#9325,1.);
#3137=VECTOR('',#9326,1.);
#3138=VECTOR('',#9329,1.);
#3139=VECTOR('',#9330,1.);
#3140=VECTOR('',#9331,1.);
#3141=VECTOR('',#9332,1.);
#3142=VECTOR('',#9333,1.);
#3143=VECTOR('',#9334,1.);
#3144=VECTOR('',#9335,1.);
#3145=VECTOR('',#9336,1.);
#3146=VECTOR('',#9337,1.);
#3147=VECTOR('',#9340,1.);
#3148=VECTOR('',#9341,1.);
#3149=VECTOR('',#9342,1.);
#3150=VECTOR('',#9345,1.);
#3151=VECTOR('',#9346,1.);
#3152=VECTOR('',#9349,1.);
#3153=VECTOR('',#9352,1.);
#3154=VECTOR('',#9353,1.);
#3155=VECTOR('',#9356,1.);
#3156=VECTOR('',#9357,1.);
#3157=VECTOR('',#9358,1.);
#3158=VECTOR('',#9359,1.);
#3159=VECTOR('',#9360,1.);
#3160=VECTOR('',#9363,1.);
#3161=VECTOR('',#9364,1.);
#3162=VECTOR('',#9365,1.);
#3163=VECTOR('',#9366,1.);
#3164=VECTOR('',#9369,1.);
#3165=VECTOR('',#9370,1.);
#3166=VECTOR('',#9373,1.);
#3167=VECTOR('',#9376,1.);
#3168=VECTOR('',#9377,1.);
#3169=VECTOR('',#9380,1.);
#3170=VECTOR('',#9383,1.);
#3171=VECTOR('',#9384,1.);
#3172=VECTOR('',#9385,1.);
#3173=VECTOR('',#9388,1.);
#3174=VECTOR('',#9389,1.);
#3175=VECTOR('',#9392,1.);
#3176=VECTOR('',#9393,1.);
#3177=VECTOR('',#9394,1.);
#3178=VECTOR('',#9397,1.);
#3179=VECTOR('',#9398,1.);
#3180=VECTOR('',#9401,1.);
#3181=VECTOR('',#9402,1.);
#3182=VECTOR('',#9403,1.);
#3183=VECTOR('',#9406,1.);
#3184=VECTOR('',#9407,1.);
#3185=VECTOR('',#9410,1.);
#3186=VECTOR('',#9411,1.);
#3187=VECTOR('',#9414,1.);
#3188=VECTOR('',#9415,1.);
#3189=VECTOR('',#9418,1.);
#3190=VECTOR('',#9419,1.);
#3191=VECTOR('',#9422,1.);
#3192=VECTOR('',#9425,1.);
#3193=VECTOR('',#9426,1.);
#3194=VECTOR('',#9427,1.);
#3195=VECTOR('',#9430,1.);
#3196=VECTOR('',#9433,1.);
#3197=VECTOR('',#9434,1.);
#3198=VECTOR('',#9435,1.);
#3199=VECTOR('',#9438,1.);
#3200=VECTOR('',#9439,1.);
#3201=VECTOR('',#9442,1.);
#3202=VECTOR('',#9443,1.);
#3203=VECTOR('',#9446,1.);
#3204=VECTOR('',#9447,1.);
#3205=VECTOR('',#9450,1.);
#3206=VECTOR('',#9451,1.);
#3207=VECTOR('',#9454,1.);
#3208=VECTOR('',#9457,1.);
#3209=VECTOR('',#9458,1.);
#3210=VECTOR('',#9461,1.);
#3211=VECTOR('',#9464,1.);
#3212=VECTOR('',#9465,1.);
#3213=VECTOR('',#9466,1.);
#3214=VECTOR('',#9469,1.);
#3215=VECTOR('',#9472,1.);
#3216=VECTOR('',#9473,1.);
#3217=VECTOR('',#9474,1.);
#3218=VECTOR('',#9477,1.);
#3219=VECTOR('',#9480,1.);
#3220=VECTOR('',#9481,1.);
#3221=VECTOR('',#9484,1.);
#3222=VECTOR('',#9485,1.);
#3223=VECTOR('',#9488,1.);
#3224=VECTOR('',#9489,1.);
#3225=VECTOR('',#9492,1.);
#3226=VECTOR('',#9493,1.);
#3227=VECTOR('',#9496,1.);
#3228=VECTOR('',#9497,1.);
#3229=VECTOR('',#9498,1.);
#3230=VECTOR('',#9501,1.);
#3231=VECTOR('',#9502,1.);
#3232=VECTOR('',#9505,1.);
#3233=VECTOR('',#9506,1.);
#3234=VECTOR('',#9507,1.);
#3235=VECTOR('',#9510,1.);
#3236=VECTOR('',#9511,1.);
#3237=VECTOR('',#9514,1.);
#3238=VECTOR('',#9515,1.);
#3239=VECTOR('',#9518,1.);
#3240=VECTOR('',#9521,1.);
#3241=VECTOR('',#9522,1.);
#3242=VECTOR('',#9525,1.);
#3243=VECTOR('',#9528,1.);
#3244=VECTOR('',#9529,1.);
#3245=VECTOR('',#9530,1.);
#3246=VECTOR('',#9533,1.);
#3247=VECTOR('',#9534,1.);
#3248=VECTOR('',#9537,1.);
#3249=VECTOR('',#9538,1.);
#3250=VECTOR('',#9541,1.);
#3251=VECTOR('',#9544,1.);
#3252=VECTOR('',#9545,1.);
#3253=VECTOR('',#9546,1.);
#3254=VECTOR('',#9549,1.);
#3255=VECTOR('',#9550,1.);
#3256=VECTOR('',#9553,1.);
#3257=VECTOR('',#9554,1.);
#3258=VECTOR('',#9555,1.);
#3259=VECTOR('',#9558,1.);
#3260=VECTOR('',#9559,1.);
#3261=VECTOR('',#9562,1.);
#3262=VECTOR('',#9563,1.);
#3263=VECTOR('',#9564,1.);
#3264=VECTOR('',#9567,1.);
#3265=VECTOR('',#9570,1.);
#3266=VECTOR('',#9571,1.);
#3267=VECTOR('',#9572,1.);
#3268=VECTOR('',#9575,1.);
#3269=VECTOR('',#9576,1.);
#3270=VECTOR('',#9579,1.);
#3271=VECTOR('',#9580,1.);
#3272=VECTOR('',#9581,1.);
#3273=VECTOR('',#9584,1.);
#3274=VECTOR('',#9587,1.);
#3275=VECTOR('',#9588,1.);
#3276=VECTOR('',#9591,1.);
#3277=VECTOR('',#9594,1.);
#3278=VECTOR('',#9595,1.);
#3279=VECTOR('',#9598,1.);
#3280=VECTOR('',#9599,1.);
#3281=VECTOR('',#9602,1.);
#3282=VECTOR('',#9605,1.);
#3283=VECTOR('',#9606,1.);
#3284=VECTOR('',#9609,1.);
#3285=VECTOR('',#9610,1.);
#3286=VECTOR('',#9613,1.);
#3287=VECTOR('',#9614,1.);
#3288=VECTOR('',#9617,1.);
#3289=VECTOR('',#9618,1.);
#3290=VECTOR('',#9621,1.);
#3291=VECTOR('',#9622,1.);
#3292=VECTOR('',#9625,1.);
#3293=VECTOR('',#9626,1.);
#3294=VECTOR('',#9629,1.);
#3295=VECTOR('',#9632,1.);
#3296=VECTOR('',#9635,1.);
#3297=VECTOR('',#9636,1.);
#3298=VECTOR('',#9639,1.);
#3299=VECTOR('',#9640,1.);
#3300=VECTOR('',#9643,1.);
#3301=VECTOR('',#9646,1.);
#3302=VECTOR('',#9649,1.);
#3303=VECTOR('',#9650,1.);
#3304=VECTOR('',#9653,1.);
#3305=VECTOR('',#9656,1.);
#3306=VECTOR('',#9659,1.);
#3307=VECTOR('',#9662,1.);
#3308=VECTOR('',#9663,1.);
#3309=VECTOR('',#9666,1.);
#3310=VECTOR('',#9669,1.);
#3311=VECTOR('',#9672,1.);
#3312=VECTOR('',#9673,1.);
#3313=VECTOR('',#9676,1.);
#3314=VECTOR('',#9679,1.);
#3315=VECTOR('',#9682,1.);
#3316=VECTOR('',#9685,1.);
#3317=VECTOR('',#9688,1.);
#3318=VECTOR('',#9691,1.);
#3319=VECTOR('',#9694,1.);
#3320=VECTOR('',#9695,1.);
#3321=VECTOR('',#9700,1.);
#3322=VECTOR('',#9703,1.);
#3323=VECTOR('',#9704,1.);
#3324=VECTOR('',#9707,1.);
#3325=VECTOR('',#9708,1.);
#3326=VECTOR('',#9711,1.);
#3327=VECTOR('',#9714,1.);
#3328=VECTOR('',#9717,1.);
#3329=VECTOR('',#9718,1.);
#3330=VECTOR('',#9721,1.);
#3331=VECTOR('',#9724,1.);
#3332=VECTOR('',#9725,1.);
#3333=VECTOR('',#9728,1.);
#3334=VECTOR('',#9733,1.);
#3335=VECTOR('',#9736,1.);
#3336=VECTOR('',#9739,1.);
#3337=VECTOR('',#9742,1.);
#3338=VECTOR('',#9743,1.);
#3339=VECTOR('',#9746,1.);
#3340=VECTOR('',#9751,1.);
#3341=VECTOR('',#9754,1.);
#3342=VECTOR('',#9757,1.);
#3343=VECTOR('',#9760,1.);
#3344=VECTOR('',#9761,1.);
#3345=VECTOR('',#9764,1.);
#3346=VECTOR('',#9767,1.);
#3347=VECTOR('',#9768,1.);
#3348=VECTOR('',#9773,1.);
#3349=VECTOR('',#9774,1.);
#3350=VECTOR('',#9779,1.);
#3351=VECTOR('',#9780,1.);
#3352=VECTOR('',#9785,1.);
#3353=VECTOR('',#9786,1.);
#3354=VECTOR('',#9787,1.);
#3355=VECTOR('',#9790,1.);
#3356=VECTOR('',#9791,1.);
#3357=VECTOR('',#9794,1.);
#3358=VECTOR('',#9795,1.);
#3359=VECTOR('',#9796,1.);
#3360=VECTOR('',#9799,1.);
#3361=VECTOR('',#9800,1.);
#3362=VECTOR('',#9803,1.);
#3363=VECTOR('',#9804,1.);
#3364=VECTOR('',#9807,1.);
#3365=VECTOR('',#9808,1.);
#3366=VECTOR('',#9809,1.);
#3367=VECTOR('',#9812,1.);
#3368=VECTOR('',#9813,1.);
#3369=VECTOR('',#9816,1.);
#3370=VECTOR('',#9817,1.);
#3371=VECTOR('',#9818,1.);
#3372=VECTOR('',#9821,1.);
#3373=VECTOR('',#9822,1.);
#3374=VECTOR('',#9825,1.);
#3375=VECTOR('',#9826,1.);
#3376=VECTOR('',#9829,1.);
#3377=VECTOR('',#9830,1.);
#3378=VECTOR('',#9833,1.);
#3379=VECTOR('',#9834,1.);
#3380=VECTOR('',#9837,1.);
#3381=VECTOR('',#9844,1.);
#3382=VECTOR('',#9845,1.);
#3383=VECTOR('',#9848,1.);
#3384=VECTOR('',#9849,1.);
#3385=VECTOR('',#9852,1.);
#3386=VECTOR('',#9853,1.);
#3387=VECTOR('',#9856,1.);
#3388=VECTOR('',#9857,1.);
#3389=VECTOR('',#9860,1.);
#3390=VECTOR('',#9861,1.);
#3391=VECTOR('',#9864,1.);
#3392=VECTOR('',#9865,1.);
#3393=VECTOR('',#9868,1.);
#3394=VECTOR('',#9871,1.);
#3395=VECTOR('',#9872,1.);
#3396=VECTOR('',#9875,1.);
#3397=VECTOR('',#9876,1.);
#3398=VECTOR('',#9879,1.);
#3399=VECTOR('',#9880,1.);
#3400=VECTOR('',#9881,1.);
#3401=VECTOR('',#9884,1.);
#3402=VECTOR('',#9885,1.);
#3403=VECTOR('',#9888,1.);
#3404=VECTOR('',#9889,1.);
#3405=VECTOR('',#9892,1.);
#3406=VECTOR('',#9893,1.);
#3407=VECTOR('',#9896,1.);
#3408=VECTOR('',#9897,1.);
#3409=VECTOR('',#9900,1.);
#3410=VECTOR('',#9901,1.);
#3411=VECTOR('',#9902,1.);
#3412=VECTOR('',#9905,1.);
#3413=VECTOR('',#9906,1.);
#3414=VECTOR('',#9909,1.);
#3415=VECTOR('',#9910,1.);
#3416=VECTOR('',#9913,1.);
#3417=VECTOR('',#9916,1.);
#3418=VECTOR('',#9917,1.);
#3419=VECTOR('',#9918,1.);
#3420=VECTOR('',#9921,1.);
#3421=VECTOR('',#9922,1.);
#3422=VECTOR('',#9925,1.);
#3423=VECTOR('',#9926,1.);
#3424=VECTOR('',#9929,1.);
#3425=VECTOR('',#9930,1.);
#3426=VECTOR('',#9931,1.);
#3427=VECTOR('',#9934,1.);
#3428=VECTOR('',#9935,1.);
#3429=VECTOR('',#9938,1.);
#3430=VECTOR('',#9939,1.);
#3431=VECTOR('',#9942,1.);
#3432=VECTOR('',#9943,1.);
#3433=VECTOR('',#9946,1.);
#3434=VECTOR('',#9947,1.);
#3435=VECTOR('',#9950,1.);
#3436=VECTOR('',#9951,1.);
#3437=VECTOR('',#9954,1.);
#3438=VECTOR('',#9957,1.);
#3439=VECTOR('',#9958,1.);
#3440=VECTOR('',#9961,1.);
#3441=VECTOR('',#9962,1.);
#3442=VECTOR('',#9963,1.);
#3443=VECTOR('',#9966,1.);
#3444=VECTOR('',#9967,1.);
#3445=VECTOR('',#9970,1.);
#3446=VECTOR('',#9971,1.);
#3447=VECTOR('',#9972,1.);
#3448=VECTOR('',#9975,1.);
#3449=VECTOR('',#9976,1.);
#3450=VECTOR('',#9979,1.);
#3451=VECTOR('',#9980,1.);
#3452=VECTOR('',#9981,1.);
#3453=VECTOR('',#9984,1.);
#3454=VECTOR('',#9987,1.);
#3455=VECTOR('',#9988,1.);
#3456=VECTOR('',#9989,1.);
#3457=VECTOR('',#9992,1.);
#3458=VECTOR('',#9995,1.);
#3459=VECTOR('',#9996,1.);
#3460=VECTOR('',#9999,1.);
#3461=VECTOR('',#10000,1.);
#3462=VECTOR('',#10003,1.);
#3463=VECTOR('',#10004,1.);
#3464=VECTOR('',#10007,1.);
#3465=VECTOR('',#10008,1.);
#3466=VECTOR('',#10011,1.);
#3467=VECTOR('',#10012,1.);
#3468=VECTOR('',#10015,1.);
#3469=VECTOR('',#10016,1.);
#3470=VECTOR('',#10019,1.);
#3471=VECTOR('',#10022,1.);
#3472=VECTOR('',#10023,1.);
#3473=VECTOR('',#10026,1.);
#3474=VECTOR('',#10027,1.);
#3475=VECTOR('',#10030,1.);
#3476=VECTOR('',#10031,1.);
#3477=VECTOR('',#10034,1.);
#3478=VECTOR('',#10035,1.);
#3479=VECTOR('',#10038,1.);
#3480=VECTOR('',#10039,1.);
#3481=VECTOR('',#10042,1.);
#3482=VECTOR('',#10043,1.);
#3483=VECTOR('',#10046,1.);
#3484=VECTOR('',#10047,1.);
#3485=VECTOR('',#10050,1.);
#3486=VECTOR('',#10053,1.);
#3487=VECTOR('',#10054,1.);
#3488=VECTOR('',#10057,1.);
#3489=VECTOR('',#10058,1.);
#3490=VECTOR('',#10061,1.);
#3491=VECTOR('',#10066,1.);
#3492=VECTOR('',#10067,1.);
#3493=VECTOR('',#10068,1.);
#3494=VECTOR('',#10071,1.);
#3495=VECTOR('',#10072,1.);
#3496=VECTOR('',#10073,1.);
#3497=VECTOR('',#10076,1.);
#3498=VECTOR('',#10079,1.);
#3499=VECTOR('',#10082,1.);
#3500=VECTOR('',#10085,1.);
#3501=VECTOR('',#10086,1.);
#3502=VECTOR('',#10089,1.);
#3503=VECTOR('',#10092,1.);
#3504=VECTOR('',#10093,1.);
#3505=VECTOR('',#10094,1.);
#3506=VECTOR('',#10097,1.);
#3507=VECTOR('',#10098,1.);
#3508=VECTOR('',#10101,1.);
#3509=VECTOR('',#10102,1.);
#3510=VECTOR('',#10105,1.);
#3511=VECTOR('',#10106,1.);
#3512=VECTOR('',#10109,1.);
#3513=VECTOR('',#10112,1.);
#3514=VECTOR('',#10115,1.);
#3515=VECTOR('',#10116,1.);
#3516=VECTOR('',#10119,1.);
#3517=VECTOR('',#10122,1.);
#3518=VECTOR('',#10123,1.);
#3519=VECTOR('',#10126,1.);
#3520=VECTOR('',#10129,1.);
#3521=VECTOR('',#10132,1.);
#3522=VECTOR('',#10133,1.);
#3523=VECTOR('',#10136,1.);
#3524=VECTOR('',#10139,1.);
#3525=VECTOR('',#10140,1.);
#3526=VECTOR('',#10141,1.);
#3527=VECTOR('',#10144,1.);
#3528=VECTOR('',#10145,1.);
#3529=VECTOR('',#10148,1.);
#3530=VECTOR('',#10149,1.);
#3531=VECTOR('',#10152,1.);
#3532=VECTOR('',#10155,1.);
#3533=VECTOR('',#10156,1.);
#3534=VECTOR('',#10159,1.);
#3535=VECTOR('',#10162,1.);
#3536=VECTOR('',#10163,1.);
#3537=VECTOR('',#10164,1.);
#3538=VECTOR('',#10167,1.);
#3539=VECTOR('',#10168,1.);
#3540=VECTOR('',#10171,1.);
#3541=VECTOR('',#10172,1.);
#3542=VECTOR('',#10175,1.);
#3543=VECTOR('',#10178,1.);
#3544=VECTOR('',#10179,1.);
#3545=VECTOR('',#10182,1.);
#3546=VECTOR('',#10183,1.);
#3547=VECTOR('',#10186,1.);
#3548=VECTOR('',#10189,1.);
#3549=VECTOR('',#10190,1.);
#3550=VECTOR('',#10193,1.);
#3551=VECTOR('',#10196,1.);
#3552=VECTOR('',#10199,1.);
#3553=VECTOR('',#10202,1.);
#3554=VECTOR('',#10205,1.);
#3555=VECTOR('',#10208,1.);
#3556=VECTOR('',#10209,1.);
#3557=VECTOR('',#10210,1.);
#3558=VECTOR('',#10213,1.);
#3559=VECTOR('',#10214,1.);
#3560=VECTOR('',#10217,1.);
#3561=VECTOR('',#10218,1.);
#3562=VECTOR('',#10219,1.);
#3563=VECTOR('',#10222,1.);
#3564=VECTOR('',#10223,1.);
#3565=VECTOR('',#10226,1.);
#3566=VECTOR('',#10227,1.);
#3567=VECTOR('',#10230,1.);
#3568=VECTOR('',#10231,1.);
#3569=VECTOR('',#10234,1.);
#3570=VECTOR('',#10235,1.);
#3571=VECTOR('',#10236,1.);
#3572=VECTOR('',#10239,1.);
#3573=VECTOR('',#10240,1.);
#3574=VECTOR('',#10243,1.);
#3575=VECTOR('',#10244,1.);
#3576=VECTOR('',#10247,1.);
#3577=VECTOR('',#10248,1.);
#3578=VECTOR('',#10251,1.);
#3579=VECTOR('',#10252,1.);
#3580=VECTOR('',#10255,1.);
#3581=VECTOR('',#10256,1.);
#3582=VECTOR('',#10259,1.);
#3583=VECTOR('',#10260,1.);
#3584=VECTOR('',#10263,1.);
#3585=VECTOR('',#10264,1.);
#3586=VECTOR('',#10267,1.);
#3587=VECTOR('',#10268,1.);
#3588=VECTOR('',#10269,1.);
#3589=VECTOR('',#10272,1.);
#3590=VECTOR('',#10275,1.);
#3591=VECTOR('',#10276,1.);
#3592=VECTOR('',#10277,1.);
#3593=VECTOR('',#10280,1.);
#3594=VECTOR('',#10281,1.);
#3595=VECTOR('',#10284,1.);
#3596=VECTOR('',#10285,1.);
#3597=VECTOR('',#10288,1.);
#3598=VECTOR('',#10289,1.);
#3599=VECTOR('',#10292,1.);
#3600=VECTOR('',#10293,1.);
#3601=VECTOR('',#10296,1.);
#3602=VECTOR('',#10299,1.);
#3603=VECTOR('',#10300,1.);
#3604=VECTOR('',#10303,1.);
#3605=VECTOR('',#10304,1.);
#3606=VECTOR('',#10307,1.);
#3607=VECTOR('',#10308,1.);
#3608=VECTOR('',#10309,1.);
#3609=VECTOR('',#10312,1.);
#3610=VECTOR('',#10313,1.);
#3611=VECTOR('',#10316,1.);
#3612=VECTOR('',#10317,1.);
#3613=VECTOR('',#10320,1.);
#3614=VECTOR('',#10321,1.);
#3615=VECTOR('',#10324,1.);
#3616=VECTOR('',#10325,1.);
#3617=VECTOR('',#10326,1.);
#3618=VECTOR('',#10329,1.);
#3619=VECTOR('',#10332,1.);
#3620=VECTOR('',#10333,1.);
#3621=VECTOR('',#10334,1.);
#3622=VECTOR('',#10337,1.);
#3623=VECTOR('',#10338,1.);
#3624=VECTOR('',#10341,1.);
#3625=VECTOR('',#10342,1.);
#3626=VECTOR('',#10343,1.);
#3627=VECTOR('',#10346,1.);
#3628=VECTOR('',#10349,1.);
#3629=VECTOR('',#10350,1.);
#3630=VECTOR('',#10351,1.);
#3631=VECTOR('',#10354,1.);
#3632=VECTOR('',#10357,1.);
#3633=VECTOR('',#10358,1.);
#3634=VECTOR('',#10359,1.);
#3635=VECTOR('',#10362,1.);
#3636=VECTOR('',#10365,1.);
#3637=VECTOR('',#10366,1.);
#3638=VECTOR('',#10369,1.);
#3639=VECTOR('',#10372,1.);
#3640=VECTOR('',#10373,1.);
#3641=VECTOR('',#10376,1.);
#3642=VECTOR('',#10379,1.);
#3643=VECTOR('',#10380,1.);
#3644=VECTOR('',#10383,1.);
#3645=VECTOR('',#10386,1.);
#3646=VECTOR('',#10389,1.);
#3647=VECTOR('',#10392,1.);
#3648=VECTOR('',#10393,1.);
#3649=VECTOR('',#10396,1.);
#3650=VECTOR('',#10399,1.);
#3651=VECTOR('',#10402,1.);
#3652=VECTOR('',#10405,1.);
#3653=VECTOR('',#10408,1.);
#3654=VECTOR('',#10411,1.);
#3655=VECTOR('',#10412,1.);
#3656=VECTOR('',#10415,1.);
#3657=VECTOR('',#10418,1.);
#3658=VECTOR('',#10421,1.);
#3659=VECTOR('',#10424,1.);
#3660=VECTOR('',#10427,1.);
#3661=VECTOR('',#10432,1.);
#3662=VECTOR('',#10435,1.);
#3663=VECTOR('',#10438,1.);
#3664=VECTOR('',#10441,1.);
#3665=VECTOR('',#10442,1.);
#3666=VECTOR('',#10445,1.);
#3667=VECTOR('',#10448,1.);
#3668=VECTOR('',#10451,1.);
#3669=VECTOR('',#10454,1.);
#3670=VECTOR('',#10457,1.);
#3671=VECTOR('',#10460,1.);
#3672=VECTOR('',#10463,1.);
#3673=VECTOR('',#10470,1.);
#3674=VECTOR('',#10473,1.);
#3675=VECTOR('',#10476,1.);
#3676=VECTOR('',#10477,1.);
#3677=VECTOR('',#10480,1.);
#3678=VECTOR('',#10483,1.);
#3679=VECTOR('',#10486,1.);
#3680=VECTOR('',#10489,1.);
#3681=VECTOR('',#10492,1.);
#3682=VECTOR('',#10497,1.);
#3683=VECTOR('',#10500,1.);
#3684=VECTOR('',#10503,1.);
#3685=VECTOR('',#10506,1.);
#3686=VECTOR('',#10507,1.);
#3687=VECTOR('',#10510,1.);
#3688=VECTOR('',#10513,1.);
#3689=VECTOR('',#10516,1.);
#3690=VECTOR('',#10519,1.);
#3691=VECTOR('',#10522,1.);
#3692=VECTOR('',#10525,1.);
#3693=VECTOR('',#10528,1.);
#3694=VECTOR('',#10531,1.);
#3695=VECTOR('',#10536,1.);
#3696=VECTOR('',#10541,1.);
#3697=VECTOR('',#10542,1.);
#3698=VECTOR('',#10543,1.);
#3699=VECTOR('',#10546,1.);
#3700=VECTOR('',#10547,1.);
#3701=VECTOR('',#10550,1.);
#3702=VECTOR('',#10551,1.);
#3703=VECTOR('',#10552,1.);
#3704=VECTOR('',#10555,1.);
#3705=VECTOR('',#10556,1.);
#3706=VECTOR('',#10557,1.);
#3707=VECTOR('',#10560,1.);
#3708=VECTOR('',#10561,1.);
#3709=VECTOR('',#10564,1.);
#3710=VECTOR('',#10565,1.);
#3711=VECTOR('',#10568,1.);
#3712=VECTOR('',#10569,1.);
#3713=VECTOR('',#10570,1.);
#3714=VECTOR('',#10573,1.);
#3715=VECTOR('',#10574,1.);
#3716=VECTOR('',#10577,1.);
#3717=VECTOR('',#10580,1.);
#3718=VECTOR('',#10581,1.);
#3719=VECTOR('',#10584,1.);
#3720=VECTOR('',#10585,1.);
#3721=VECTOR('',#10586,1.);
#3722=VECTOR('',#10589,1.);
#3723=VECTOR('',#10590,1.);
#3724=VECTOR('',#10593,1.);
#3725=VECTOR('',#10594,1.);
#3726=VECTOR('',#10597,1.);
#3727=VECTOR('',#10598,1.);
#3728=VECTOR('',#10601,1.);
#3729=VECTOR('',#10604,1.);
#3730=VECTOR('',#10605,1.);
#3731=VECTOR('',#10610,1.);
#3732=VECTOR('',#10613,1.);
#3733=VECTOR('',#10616,1.);
#3734=VECTOR('',#10619,1.);
#3735=VECTOR('',#10622,1.);
#3736=VECTOR('',#10623,1.);
#3737=VECTOR('',#10626,1.);
#3738=VECTOR('',#10629,1.);
#3739=VECTOR('',#10632,1.);
#3740=VECTOR('',#10635,1.);
#3741=VECTOR('',#10638,1.);
#3742=VECTOR('',#10639,1.);
#3743=VECTOR('',#10642,1.);
#3744=VECTOR('',#10643,1.);
#3745=VECTOR('',#10646,1.);
#3746=VECTOR('',#10647,1.);
#3747=VECTOR('',#10648,1.);
#3748=VECTOR('',#10653,1.);
#3749=VECTOR('',#10656,1.);
#3750=VECTOR('',#10661,1.);
#3751=VECTOR('',#10664,1.);
#3752=VECTOR('',#10665,1.);
#3753=VECTOR('',#10668,1.);
#3754=VECTOR('',#10671,1.);
#3755=VECTOR('',#10674,1.);
#3756=VECTOR('',#10677,1.);
#3757=VECTOR('',#10680,1.);
#3758=VECTOR('',#10681,1.);
#3759=VECTOR('',#10682,1.);
#3760=VECTOR('',#10685,1.);
#3761=VECTOR('',#10686,1.);
#3762=VECTOR('',#10689,1.);
#3763=VECTOR('',#10690,1.);
#3764=VECTOR('',#10693,1.);
#3765=VECTOR('',#10694,1.);
#3766=VECTOR('',#10695,1.);
#3767=VECTOR('',#10698,1.);
#3768=VECTOR('',#10699,1.);
#3769=VECTOR('',#10702,1.);
#3770=VECTOR('',#10703,1.);
#3771=VECTOR('',#10704,1.);
#3772=VECTOR('',#10707,1.);
#3773=VECTOR('',#10710,1.);
#3774=VECTOR('',#10711,1.);
#3775=VECTOR('',#10712,1.);
#3776=VECTOR('',#10715,1.);
#3777=VECTOR('',#10716,1.);
#3778=VECTOR('',#10719,1.);
#3779=VECTOR('',#10720,1.);
#3780=VECTOR('',#10721,1.);
#3781=VECTOR('',#10724,1.);
#3782=VECTOR('',#10725,1.);
#3783=VECTOR('',#10728,1.);
#3784=VECTOR('',#10729,1.);
#3785=VECTOR('',#10732,1.);
#3786=VECTOR('',#10733,1.);
#3787=VECTOR('',#10734,1.);
#3788=VECTOR('',#10737,1.);
#3789=VECTOR('',#10738,1.);
#3790=VECTOR('',#10741,1.);
#3791=VECTOR('',#10742,1.);
#3792=VECTOR('',#10743,1.);
#3793=VECTOR('',#10746,1.);
#3794=VECTOR('',#10747,1.);
#3795=VECTOR('',#10750,1.);
#3796=VECTOR('',#10753,1.);
#3797=VECTOR('',#10754,1.);
#3798=VECTOR('',#10757,1.);
#3799=VECTOR('',#10758,1.);
#3800=VECTOR('',#10761,1.);
#3801=VECTOR('',#10764,1.);
#3802=VECTOR('',#10765,1.);
#3803=VECTOR('',#10766,1.);
#3804=VECTOR('',#10769,1.);
#3805=VECTOR('',#10772,1.);
#3806=VECTOR('',#10773,1.);
#3807=VECTOR('',#10778,1.);
#3808=VECTOR('',#10779,1.);
#3809=VECTOR('',#10780,1.);
#3810=VECTOR('',#10783,1.);
#3811=VECTOR('',#10784,1.);
#3812=VECTOR('',#10787,1.);
#3813=VECTOR('',#10790,1.);
#3814=VECTOR('',#10791,1.);
#3815=VECTOR('',#10794,1.);
#3816=VECTOR('',#10795,1.);
#3817=VECTOR('',#10798,1.);
#3818=VECTOR('',#10801,1.);
#3819=VECTOR('',#10802,1.);
#3820=VECTOR('',#10805,1.);
#3821=VECTOR('',#10808,1.);
#3822=VECTOR('',#10809,1.);
#3823=VECTOR('',#10812,1.);
#3824=VECTOR('',#10815,1.);
#3825=VECTOR('',#10818,1.);
#3826=VECTOR('',#10819,1.);
#3827=VECTOR('',#10822,1.);
#3828=VECTOR('',#10823,1.);
#3829=VECTOR('',#10826,1.);
#3830=VECTOR('',#10827,1.);
#3831=VECTOR('',#10828,1.);
#3832=VECTOR('',#10831,1.);
#3833=VECTOR('',#10832,1.);
#3834=VECTOR('',#10835,1.);
#3835=VECTOR('',#10836,1.);
#3836=VECTOR('',#10839,1.);
#3837=VECTOR('',#10840,1.);
#3838=VECTOR('',#10841,1.);
#3839=VECTOR('',#10844,1.);
#3840=VECTOR('',#10845,1.);
#3841=VECTOR('',#10846,1.);
#3842=VECTOR('',#10849,1.);
#3843=VECTOR('',#10850,1.);
#3844=VECTOR('',#10851,1.);
#3845=VECTOR('',#10854,1.);
#3846=VECTOR('',#10855,1.);
#3847=VECTOR('',#10858,1.);
#3848=VECTOR('',#10861,1.);
#3849=VECTOR('',#10862,1.);
#3850=VECTOR('',#10863,1.);
#3851=VECTOR('',#10866,1.);
#3852=VECTOR('',#10867,1.);
#3853=VECTOR('',#10870,1.);
#3854=VECTOR('',#10873,1.);
#3855=VECTOR('',#10876,1.);
#3856=VECTOR('',#10879,1.);
#3857=VECTOR('',#10880,1.);
#3858=VECTOR('',#10881,1.);
#3859=VECTOR('',#10884,1.);
#3860=VECTOR('',#10887,1.);
#3861=VECTOR('',#10888,1.);
#3862=VECTOR('',#10891,1.);
#3863=VECTOR('',#10894,1.);
#3864=VECTOR('',#10895,1.);
#3865=VECTOR('',#10896,1.);
#3866=VECTOR('',#10899,1.);
#3867=VECTOR('',#10902,1.);
#3868=VECTOR('',#10903,1.);
#3869=VECTOR('',#10906,1.);
#3870=VECTOR('',#10907,1.);
#3871=VECTOR('',#10910,1.);
#3872=VECTOR('',#10913,1.);
#3873=VECTOR('',#10914,1.);
#3874=VECTOR('',#10919,1.);
#3875=VECTOR('',#10920,1.);
#3876=VECTOR('',#10929,1.);
#3877=VECTOR('',#10930,1.);
#3878=VECTOR('',#10933,1.);
#3879=VECTOR('',#10936,1.);
#3880=VECTOR('',#10937,1.);
#3881=VECTOR('',#10940,1.);
#3882=VECTOR('',#10945,1.);
#3883=VECTOR('',#10946,1.);
#3884=VECTOR('',#10949,1.);
#3885=VECTOR('',#10952,1.);
#3886=VECTOR('',#10955,1.);
#3887=VECTOR('',#10956,1.);
#3888=VECTOR('',#10957,1.);
#3889=VECTOR('',#10960,1.);
#3890=VECTOR('',#10961,1.);
#3891=VECTOR('',#10964,1.);
#3892=VECTOR('',#10967,1.);
#3893=VECTOR('',#10970,1.);
#3894=VECTOR('',#10973,1.);
#3895=VECTOR('',#10974,1.);
#3896=VECTOR('',#10977,1.);
#3897=VECTOR('',#10980,1.);
#3898=VECTOR('',#10981,1.);
#3899=VECTOR('',#10986,1.);
#3900=VECTOR('',#10987,1.);
#3901=VECTOR('',#10990,1.);
#3902=VECTOR('',#10993,1.);
#3903=VECTOR('',#10994,1.);
#3904=VECTOR('',#10995,1.);
#3905=VECTOR('',#10998,1.);
#3906=VECTOR('',#10999,1.);
#3907=VECTOR('',#11002,1.);
#3908=VECTOR('',#11005,1.);
#3909=VECTOR('',#11006,1.);
#3910=VECTOR('',#11011,1.);
#3911=VECTOR('',#11012,1.);
#3912=VECTOR('',#11015,1.);
#3913=VECTOR('',#11018,1.);
#3914=VECTOR('',#11023,1.);
#3915=VECTOR('',#11028,1.);
#3916=VECTOR('',#11029,1.);
#3917=VECTOR('',#11032,1.);
#3918=VECTOR('',#11035,1.);
#3919=VECTOR('',#11036,1.);
#3920=VECTOR('',#11039,1.);
#3921=VECTOR('',#11040,1.);
#3922=VECTOR('',#11041,1.);
#3923=VECTOR('',#11044,1.);
#3924=VECTOR('',#11045,1.);
#3925=VECTOR('',#11050,1.);
#3926=VECTOR('',#11051,1.);
#3927=VECTOR('',#11054,1.);
#3928=VECTOR('',#11057,1.);
#3929=VECTOR('',#11060,1.);
#3930=VECTOR('',#11067,1.);
#3931=VECTOR('',#11070,1.);
#3932=VECTOR('',#11075,1.);
#3933=VECTOR('',#11076,1.);
#3934=VECTOR('',#11077,1.);
#3935=VECTOR('',#11080,1.);
#3936=VECTOR('',#11083,1.);
#3937=VECTOR('',#11084,1.);
#3938=VECTOR('',#11087,1.);
#3939=VECTOR('',#11088,1.);
#3940=VECTOR('',#11091,1.);
#3941=VECTOR('',#11094,1.);
#3942=VECTOR('',#11097,1.);
#3943=VECTOR('',#11104,1.);
#3944=VECTOR('',#11109,1.);
#3945=VECTOR('',#11114,1.);
#3946=VECTOR('',#11117,1.);
#3947=VECTOR('',#11120,1.);
#3948=VECTOR('',#11121,1.);
#3949=VECTOR('',#11122,1.);
#3950=VECTOR('',#11127,1.);
#3951=VECTOR('',#11130,1.);
#3952=VECTOR('',#11133,1.);
#3953=VECTOR('',#11138,1.);
#3954=VECTOR('',#11141,1.);
#3955=VECTOR('',#11144,1.);
#3956=VECTOR('',#11145,1.);
#3957=VECTOR('',#11150,1.);
#3958=VECTOR('',#11151,1.);
#3959=VECTOR('',#11154,1.);
#3960=VECTOR('',#11157,1.);
#3961=VECTOR('',#11164,1.);
#3962=VECTOR('',#11169,1.);
#3963=VECTOR('',#11170,1.);
#3964=VECTOR('',#11173,1.);
#3965=VECTOR('',#11178,1.);
#3966=VECTOR('',#11179,1.);
#3967=VECTOR('',#11182,1.);
#3968=VECTOR('',#11183,1.);
#3969=VECTOR('',#11184,1.);
#3970=VECTOR('',#11189,1.);
#3971=VECTOR('',#11192,1.);
#3972=VECTOR('',#11195,1.);
#3973=VECTOR('',#11198,1.);
#3974=VECTOR('',#11201,1.);
#3975=VECTOR('',#11204,1.);
#3976=VECTOR('',#11207,1.);
#3977=VECTOR('',#11210,1.);
#3978=VECTOR('',#11213,1.);
#3979=VECTOR('',#11218,1.);
#3980=VECTOR('',#11221,1.);
#3981=VECTOR('',#11224,1.);
#3982=VECTOR('',#11227,1.);
#3983=VECTOR('',#11230,1.);
#3984=VECTOR('',#11233,1.);
#3985=VECTOR('',#11236,1.);
#3986=VECTOR('',#11239,1.);
#3987=VECTOR('',#11242,1.);
#3988=VECTOR('',#11245,1.);
#3989=VECTOR('',#11248,1.);
#3990=VECTOR('',#11251,1.);
#3991=VECTOR('',#11254,1.);
#3992=VECTOR('',#11257,1.);
#3993=VECTOR('',#11260,1.);
#3994=VECTOR('',#11263,1.);
#3995=VECTOR('',#11264,1.);
#3996=VECTOR('',#11267,1.);
#3997=VECTOR('',#11270,1.);
#3998=VECTOR('',#11273,1.);
#3999=VECTOR('',#11276,1.);
#4000=VECTOR('',#11281,1.);
#4001=VECTOR('',#11284,1.);
#4002=VECTOR('',#11287,1.);
#4003=VECTOR('',#11290,1.);
#4004=VECTOR('',#11293,1.);
#4005=VECTOR('',#11296,1.);
#4006=VECTOR('',#11299,1.);
#4007=VECTOR('',#11302,1.);
#4008=VECTOR('',#11309,1.);
#4009=VECTOR('',#11316,1.);
#4010=VECTOR('',#11321,1.);
#4011=VECTOR('',#11322,1.);
#4012=VECTOR('',#11325,1.);
#4013=VECTOR('',#11328,1.);
#4014=VECTOR('',#11331,1.);
#4015=VECTOR('',#11332,1.);
#4016=VECTOR('',#11333,1.);
#4017=VECTOR('',#11336,1.);
#4018=VECTOR('',#11339,1.);
#4019=VECTOR('',#11342,1.);
#4020=VECTOR('',#11343,1.);
#4021=VECTOR('',#11346,1.);
#4022=VECTOR('',#11347,1.);
#4023=VECTOR('',#11350,1.);
#4024=VECTOR('',#11355,1.);
#4025=VECTOR('',#11356,1.);
#4026=VECTOR('',#11359,1.);
#4027=VECTOR('',#11360,1.);
#4028=VECTOR('',#11363,1.);
#4029=VECTOR('',#11368,1.);
#4030=VECTOR('',#11371,1.);
#4031=VECTOR('',#11374,1.);
#4032=VECTOR('',#11377,1.);
#4033=VECTOR('',#11380,1.);
#4034=VECTOR('',#11383,1.);
#4035=VECTOR('',#11386,1.);
#4036=VECTOR('',#11391,1.);
#4037=VECTOR('',#11392,1.);
#4038=VECTOR('',#11393,1.);
#4039=VECTOR('',#11396,1.);
#4040=VECTOR('',#11401,1.);
#4041=VECTOR('',#11404,1.);
#4042=VECTOR('',#11407,1.);
#4043=VECTOR('',#11410,1.);
#4044=VECTOR('',#11415,1.);
#4045=VECTOR('',#11416,1.);
#4046=VECTOR('',#11419,1.);
#4047=VECTOR('',#11424,1.);
#4048=VECTOR('',#11429,1.);
#4049=VECTOR('',#11434,1.);
#4050=VECTOR('',#11437,1.);
#4051=VECTOR('',#11440,1.);
#4052=VECTOR('',#11447,0.225);
#4053=VECTOR('',#11454,0.225);
#4054=VECTOR('',#11461,0.09);
#4055=VECTOR('',#11468,0.09);
#4056=VECTOR('',#11479,0.09);
#4057=VECTOR('',#11486,0.09);
#4058=VECTOR('',#11495,1.);
#4059=VECTOR('',#11496,1.);
#4060=VECTOR('',#11497,1.);
#4061=VECTOR('',#11498,1.);
#4062=VECTOR('',#11501,1.);
#4063=VECTOR('',#11502,1.);
#4064=VECTOR('',#11503,1.);
#4065=VECTOR('',#11506,1.);
#4066=VECTOR('',#11507,1.);
#4067=VECTOR('',#11510,1.);
#4068=VECTOR('',#11511,1.);
#4069=VECTOR('',#11514,1.);
#4070=VECTOR('',#11517,1.);
#4071=VECTOR('',#11518,1.);
#4072=VECTOR('',#11519,1.);
#4073=VECTOR('',#11520,1.);
#4074=VECTOR('',#11523,1.);
#4075=VECTOR('',#11524,1.);
#4076=VECTOR('',#11525,1.);
#4077=VECTOR('',#11526,1.);
#4078=VECTOR('',#11527,1.);
#4079=VECTOR('',#11530,1.);
#4080=VECTOR('',#11531,1.);
#4081=VECTOR('',#11532,1.);
#4082=VECTOR('',#11535,1.);
#4083=VECTOR('',#11536,1.);
#4084=VECTOR('',#11537,1.);
#4085=VECTOR('',#11538,1.);
#4086=VECTOR('',#11539,1.);
#4087=VECTOR('',#11540,1.);
#4088=VECTOR('',#11541,1.);
#4089=VECTOR('',#11542,1.);
#4090=VECTOR('',#11543,1.);
#4091=VECTOR('',#11544,1.);
#4092=VECTOR('',#11545,1.);
#4093=VECTOR('',#11546,1.);
#4094=VECTOR('',#11547,1.);
#4095=VECTOR('',#11548,1.);
#4096=VECTOR('',#11549,1.);
#4097=VECTOR('',#11550,1.);
#4098=VECTOR('',#11551,1.);
#4099=VECTOR('',#11552,1.);
#4100=VECTOR('',#11555,1.);
#4101=VECTOR('',#11556,1.);
#4102=VECTOR('',#11557,1.);
#4103=VECTOR('',#11558,1.);
#4104=VECTOR('',#11559,1.);
#4105=VECTOR('',#11562,1.);
#4106=VECTOR('',#11563,1.);
#4107=VECTOR('',#11564,1.);
#4108=VECTOR('',#11567,1.);
#4109=VECTOR('',#11568,1.);
#4110=VECTOR('',#11569,1.);
#4111=VECTOR('',#11570,1.);
#4112=VECTOR('',#11571,1.);
#4113=VECTOR('',#11572,1.);
#4114=VECTOR('',#11575,1.);
#4115=VECTOR('',#11580,1.);
#4116=VECTOR('',#11581,1.);
#4117=VECTOR('',#11582,1.);
#4118=VECTOR('',#11585,1.);
#4119=VECTOR('',#11586,1.);
#4120=VECTOR('',#11589,1.);
#4121=VECTOR('',#11592,1.);
#4122=VECTOR('',#11593,1.);
#4123=VECTOR('',#11594,1.);
#4124=VECTOR('',#11595,1.);
#4125=VECTOR('',#11596,1.);
#4126=VECTOR('',#11599,1.);
#4127=VECTOR('',#11600,1.);
#4128=VECTOR('',#11601,1.);
#4129=VECTOR('',#11604,1.);
#4130=VECTOR('',#11605,1.);
#4131=VECTOR('',#11606,1.);
#4132=VECTOR('',#11607,1.);
#4133=VECTOR('',#11610,1.);
#4134=VECTOR('',#11615,1.);
#4135=VECTOR('',#11616,1.);
#4136=VECTOR('',#11617,1.);
#4137=VECTOR('',#11618,1.);
#4138=VECTOR('',#11619,1.);
#4139=VECTOR('',#11622,1.);
#4140=VECTOR('',#11623,1.);
#4141=VECTOR('',#11624,1.);
#4142=VECTOR('',#11627,1.);
#4143=VECTOR('',#11630,1.);
#4144=VECTOR('',#11631,1.);
#4145=VECTOR('',#11632,1.);
#4146=VECTOR('',#11635,1.);
#4147=VECTOR('',#11636,1.);
#4148=VECTOR('',#11639,1.);
#4149=VECTOR('',#11640,1.);
#4150=VECTOR('',#11643,1.);
#4151=VECTOR('',#11648,1.);
#4152=VECTOR('',#11649,1.);
#4153=VECTOR('',#11650,1.);
#4154=VECTOR('',#11653,1.);
#4155=VECTOR('',#11654,1.);
#4156=VECTOR('',#11657,1.);
#4157=VECTOR('',#11658,1.);
#4158=VECTOR('',#11661,1.);
#4159=VECTOR('',#11666,1.);
#4160=VECTOR('',#11667,1.);
#4161=VECTOR('',#11668,1.);
#4162=VECTOR('',#11669,1.);
#4163=VECTOR('',#11672,1.);
#4164=VECTOR('',#11675,1.);
#4165=VECTOR('',#11678,1.);
#4166=VECTOR('',#11679,1.);
#4167=VECTOR('',#11680,1.);
#4168=VECTOR('',#11683,1.);
#4169=VECTOR('',#11686,1.);
#4170=VECTOR('',#11691,1.);
#4171=VECTOR('',#11692,1.);
#4172=VECTOR('',#11693,1.);
#4173=VECTOR('',#11694,1.);
#4174=VECTOR('',#11697,1.);
#4175=VECTOR('',#11698,1.);
#4176=VECTOR('',#11699,1.);
#4177=VECTOR('',#11700,1.);
#4178=VECTOR('',#11703,1.);
#4179=VECTOR('',#11704,1.);
#4180=VECTOR('',#11707,1.);
#4181=VECTOR('',#11710,1.);
#4182=VECTOR('',#11717,0.2);
#4183=CIRCLE('',#8583,0.15);
#4184=CIRCLE('',#8584,0.15);
#4185=CIRCLE('',#8587,0.21);
#4186=CIRCLE('',#8588,0.21);
#4187=CIRCLE('',#8590,0.3);
#4188=CIRCLE('',#8591,0.3);
#4189=CIRCLE('',#9200,0.225);
#4190=CIRCLE('',#9201,0.225);
#4191=CIRCLE('',#9203,0.225);
#4192=CIRCLE('',#9204,0.225);
#4193=CIRCLE('',#9206,0.09);
#4194=CIRCLE('',#9207,0.09);
#4195=CIRCLE('',#9209,0.09);
#4196=CIRCLE('',#9210,0.09);
#4197=CIRCLE('',#9214,0.09);
#4198=CIRCLE('',#9215,0.09);
#4199=CIRCLE('',#9217,0.09);
#4200=CIRCLE('',#9218,0.09);
#4201=CIRCLE('',#9270,0.2);
#4202=CIRCLE('',#9271,0.2);
#4203=VERTEX_POINT('',#11726);
#4204=VERTEX_POINT('',#11728);
#4205=VERTEX_POINT('',#11733);
#4206=VERTEX_POINT('',#11735);
#4207=VERTEX_POINT('',#11739);
#4208=VERTEX_POINT('',#11741);
#4209=VERTEX_POINT('',#11746);
#4210=VERTEX_POINT('',#11747);
#4211=VERTEX_POINT('',#11749);
#4212=VERTEX_POINT('',#11751);
#4213=VERTEX_POINT('',#11755);
#4214=VERTEX_POINT('',#11757);
#4215=VERTEX_POINT('',#11761);
#4216=VERTEX_POINT('',#11763);
#4217=VERTEX_POINT('',#11769);
#4218=VERTEX_POINT('',#11771);
#4219=VERTEX_POINT('',#11773);
#4220=VERTEX_POINT('',#11775);
#4221=VERTEX_POINT('',#11779);
#4222=VERTEX_POINT('',#11780);
#4223=VERTEX_POINT('',#11782);
#4224=VERTEX_POINT('',#11784);
#4225=VERTEX_POINT('',#11786);
#4226=VERTEX_POINT('',#11788);
#4227=VERTEX_POINT('',#11790);
#4228=VERTEX_POINT('',#11793);
#4229=VERTEX_POINT('',#11797);
#4230=VERTEX_POINT('',#11799);
#4231=VERTEX_POINT('',#11803);
#4232=VERTEX_POINT('',#11809);
#4233=VERTEX_POINT('',#11813);
#4234=VERTEX_POINT('',#11815);
#4235=VERTEX_POINT('',#11817);
#4236=VERTEX_POINT('',#11819);
#4237=VERTEX_POINT('',#11823);
#4238=VERTEX_POINT('',#11825);
#4239=VERTEX_POINT('',#11827);
#4240=VERTEX_POINT('',#11831);
#4241=VERTEX_POINT('',#11837);
#4242=VERTEX_POINT('',#11843);
#4243=VERTEX_POINT('',#11844);
#4244=VERTEX_POINT('',#11846);
#4245=VERTEX_POINT('',#11850);
#4246=VERTEX_POINT('',#11854);
#4247=VERTEX_POINT('',#11855);
#4248=VERTEX_POINT('',#11857);
#4249=VERTEX_POINT('',#11861);
#4250=VERTEX_POINT('',#11865);
#4251=VERTEX_POINT('',#11866);
#4252=VERTEX_POINT('',#11868);
#4253=VERTEX_POINT('',#11872);
#4254=VERTEX_POINT('',#11876);
#4255=VERTEX_POINT('',#11880);
#4256=VERTEX_POINT('',#11889);
#4257=VERTEX_POINT('',#11891);
#4258=VERTEX_POINT('',#11897);
#4259=VERTEX_POINT('',#11898);
#4260=VERTEX_POINT('',#11900);
#4261=VERTEX_POINT('',#11904);
#4262=VERTEX_POINT('',#11908);
#4263=VERTEX_POINT('',#11912);
#4264=VERTEX_POINT('',#11926);
#4265=VERTEX_POINT('',#11928);
#4266=VERTEX_POINT('',#11934);
#4267=VERTEX_POINT('',#11936);
#4268=VERTEX_POINT('',#11942);
#4269=VERTEX_POINT('',#11946);
#4270=VERTEX_POINT('',#11950);
#4271=VERTEX_POINT('',#11954);
#4272=VERTEX_POINT('',#11958);
#4273=VERTEX_POINT('',#11959);
#4274=VERTEX_POINT('',#11961);
#4275=VERTEX_POINT('',#11965);
#4276=VERTEX_POINT('',#11969);
#4277=VERTEX_POINT('',#11970);
#4278=VERTEX_POINT('',#11972);
#4279=VERTEX_POINT('',#11976);
#4280=VERTEX_POINT('',#11990);
#4281=VERTEX_POINT('',#11991);
#4282=VERTEX_POINT('',#11993);
#4283=VERTEX_POINT('',#11997);
#4284=VERTEX_POINT('',#12006);
#4285=VERTEX_POINT('',#12007);
#4286=VERTEX_POINT('',#12009);
#4287=VERTEX_POINT('',#12013);
#4288=VERTEX_POINT('',#12017);
#4289=VERTEX_POINT('',#12018);
#4290=VERTEX_POINT('',#12020);
#4291=VERTEX_POINT('',#12024);
#4292=VERTEX_POINT('',#12028);
#4293=VERTEX_POINT('',#12030);
#4294=VERTEX_POINT('',#12036);
#4295=VERTEX_POINT('',#12037);
#4296=VERTEX_POINT('',#12039);
#4297=VERTEX_POINT('',#12043);
#4298=VERTEX_POINT('',#12047);
#4299=VERTEX_POINT('',#12049);
#4300=VERTEX_POINT('',#12055);
#4301=VERTEX_POINT('',#12061);
#4302=VERTEX_POINT('',#12065);
#4303=VERTEX_POINT('',#12071);
#4304=VERTEX_POINT('',#12075);
#4305=VERTEX_POINT('',#12079);
#4306=VERTEX_POINT('',#12083);
#4307=VERTEX_POINT('',#12087);
#4308=VERTEX_POINT('',#12091);
#4309=VERTEX_POINT('',#12099);
#4310=VERTEX_POINT('',#12103);
#4311=VERTEX_POINT('',#12111);
#4312=VERTEX_POINT('',#12121);
#4313=VERTEX_POINT('',#12160);
#4314=VERTEX_POINT('',#12190);
#4315=VERTEX_POINT('',#12208);
#4316=VERTEX_POINT('',#12209);
#4317=VERTEX_POINT('',#12211);
#4318=VERTEX_POINT('',#12215);
#4319=VERTEX_POINT('',#12219);
#4320=VERTEX_POINT('',#12221);
#4321=VERTEX_POINT('',#12225);
#4322=VERTEX_POINT('',#12229);
#4323=VERTEX_POINT('',#12233);
#4324=VERTEX_POINT('',#12234);
#4325=VERTEX_POINT('',#12236);
#4326=VERTEX_POINT('',#12243);
#4327=VERTEX_POINT('',#12245);
#4328=VERTEX_POINT('',#12255);
#4329=VERTEX_POINT('',#12269);
#4330=VERTEX_POINT('',#12273);
#4331=VERTEX_POINT('',#12277);
#4332=VERTEX_POINT('',#12281);
#4333=VERTEX_POINT('',#12285);
#4334=VERTEX_POINT('',#12291);
#4335=VERTEX_POINT('',#12295);
#4336=VERTEX_POINT('',#12299);
#4337=VERTEX_POINT('',#12300);
#4338=VERTEX_POINT('',#12302);
#4339=VERTEX_POINT('',#12306);
#4340=VERTEX_POINT('',#12310);
#4341=VERTEX_POINT('',#12314);
#4342=VERTEX_POINT('',#12318);
#4343=VERTEX_POINT('',#12322);
#4344=VERTEX_POINT('',#12323);
#4345=VERTEX_POINT('',#12325);
#4346=VERTEX_POINT('',#12329);
#4347=VERTEX_POINT('',#12338);
#4348=VERTEX_POINT('',#12339);
#4349=VERTEX_POINT('',#12341);
#4350=VERTEX_POINT('',#12345);
#4351=VERTEX_POINT('',#12349);
#4352=VERTEX_POINT('',#12353);
#4353=VERTEX_POINT('',#12354);
#4354=VERTEX_POINT('',#12356);
#4355=VERTEX_POINT('',#12360);
#4356=VERTEX_POINT('',#12364);
#4357=VERTEX_POINT('',#12368);
#4358=VERTEX_POINT('',#12372);
#4359=VERTEX_POINT('',#12376);
#4360=VERTEX_POINT('',#12382);
#4361=VERTEX_POINT('',#12386);
#4362=VERTEX_POINT('',#12387);
#4363=VERTEX_POINT('',#12389);
#4364=VERTEX_POINT('',#12393);
#4365=VERTEX_POINT('',#12397);
#4366=VERTEX_POINT('',#12398);
#4367=VERTEX_POINT('',#12400);
#4368=VERTEX_POINT('',#12404);
#4369=VERTEX_POINT('',#12408);
#4370=VERTEX_POINT('',#12410);
#4371=VERTEX_POINT('',#12416);
#4372=VERTEX_POINT('',#12418);
#4373=VERTEX_POINT('',#12424);
#4374=VERTEX_POINT('',#12428);
#4375=VERTEX_POINT('',#12432);
#4376=VERTEX_POINT('',#12436);
#4377=VERTEX_POINT('',#12440);
#4378=VERTEX_POINT('',#12444);
#4379=VERTEX_POINT('',#12450);
#4380=VERTEX_POINT('',#12454);
#4381=VERTEX_POINT('',#12458);
#4382=VERTEX_POINT('',#12462);
#4383=VERTEX_POINT('',#12466);
#4384=VERTEX_POINT('',#12470);
#4385=VERTEX_POINT('',#12488);
#4386=VERTEX_POINT('',#12489);
#4387=VERTEX_POINT('',#12491);
#4388=VERTEX_POINT('',#12495);
#4389=VERTEX_POINT('',#12497);
#4390=VERTEX_POINT('',#12512);
#4391=VERTEX_POINT('',#12513);
#4392=VERTEX_POINT('',#12515);
#4393=VERTEX_POINT('',#12519);
#4394=VERTEX_POINT('',#12523);
#4395=VERTEX_POINT('',#12534);
#4396=VERTEX_POINT('',#12540);
#4397=VERTEX_POINT('',#12553);
#4398=VERTEX_POINT('',#12554);
#4399=VERTEX_POINT('',#12556);
#4400=VERTEX_POINT('',#12560);
#4401=VERTEX_POINT('',#12574);
#4402=VERTEX_POINT('',#12575);
#4403=VERTEX_POINT('',#12577);
#4404=VERTEX_POINT('',#12581);
#4405=VERTEX_POINT('',#12590);
#4406=VERTEX_POINT('',#12594);
#4407=VERTEX_POINT('',#12613);
#4408=VERTEX_POINT('',#12614);
#4409=VERTEX_POINT('',#12616);
#4410=VERTEX_POINT('',#12620);
#4411=VERTEX_POINT('',#12624);
#4412=VERTEX_POINT('',#12625);
#4413=VERTEX_POINT('',#12627);
#4414=VERTEX_POINT('',#12631);
#4415=VERTEX_POINT('',#12635);
#4416=VERTEX_POINT('',#12639);
#4417=VERTEX_POINT('',#12643);
#4418=VERTEX_POINT('',#12644);
#4419=VERTEX_POINT('',#12646);
#4420=VERTEX_POINT('',#12650);
#4421=VERTEX_POINT('',#12654);
#4422=VERTEX_POINT('',#12658);
#4423=VERTEX_POINT('',#12662);
#4424=VERTEX_POINT('',#12666);
#4425=VERTEX_POINT('',#12670);
#4426=VERTEX_POINT('',#12674);
#4427=VERTEX_POINT('',#12678);
#4428=VERTEX_POINT('',#12680);
#4429=VERTEX_POINT('',#12686);
#4430=VERTEX_POINT('',#12687);
#4431=VERTEX_POINT('',#12689);
#4432=VERTEX_POINT('',#12693);
#4433=VERTEX_POINT('',#12697);
#4434=VERTEX_POINT('',#12701);
#4435=VERTEX_POINT('',#12713);
#4436=VERTEX_POINT('',#12717);
#4437=VERTEX_POINT('',#12718);
#4438=VERTEX_POINT('',#12723);
#4439=VERTEX_POINT('',#12727);
#4440=VERTEX_POINT('',#12731);
#4441=VERTEX_POINT('',#12735);
#4442=VERTEX_POINT('',#12737);
#4443=VERTEX_POINT('',#12743);
#4444=VERTEX_POINT('',#12744);
#4445=VERTEX_POINT('',#12746);
#4446=VERTEX_POINT('',#12750);
#4447=VERTEX_POINT('',#12754);
#4448=VERTEX_POINT('',#12756);
#4449=VERTEX_POINT('',#12762);
#4450=VERTEX_POINT('',#12764);
#4451=VERTEX_POINT('',#12770);
#4452=VERTEX_POINT('',#12772);
#4453=VERTEX_POINT('',#12896);
#4454=VERTEX_POINT('',#12897);
#4455=VERTEX_POINT('',#12899);
#4456=VERTEX_POINT('',#12903);
#4457=VERTEX_POINT('',#12907);
#4458=VERTEX_POINT('',#12908);
#4459=VERTEX_POINT('',#12910);
#4460=VERTEX_POINT('',#12914);
#4461=VERTEX_POINT('',#12915);
#4462=VERTEX_POINT('',#12917);
#4463=VERTEX_POINT('',#12921);
#4464=VERTEX_POINT('',#12925);
#4465=VERTEX_POINT('',#12929);
#4466=VERTEX_POINT('',#12930);
#4467=VERTEX_POINT('',#12940);
#4468=VERTEX_POINT('',#12944);
#4469=VERTEX_POINT('',#12949);
#4470=VERTEX_POINT('',#12953);
#4471=VERTEX_POINT('',#12974);
#4472=VERTEX_POINT('',#12986);
#4473=VERTEX_POINT('',#12994);
#4474=VERTEX_POINT('',#13006);
#4475=VERTEX_POINT('',#13018);
#4476=VERTEX_POINT('',#13019);
#4477=VERTEX_POINT('',#13021);
#4478=VERTEX_POINT('',#13025);
#4479=VERTEX_POINT('',#13032);
#4480=VERTEX_POINT('',#13033);
#4481=VERTEX_POINT('',#13035);
#4482=VERTEX_POINT('',#13039);
#4483=VERTEX_POINT('',#13043);
#4484=VERTEX_POINT('',#13045);
#4485=VERTEX_POINT('',#13051);
#4486=VERTEX_POINT('',#13052);
#4487=VERTEX_POINT('',#13054);
#4488=VERTEX_POINT('',#13058);
#4489=VERTEX_POINT('',#13062);
#4490=VERTEX_POINT('',#13063);
#4491=VERTEX_POINT('',#13065);
#4492=VERTEX_POINT('',#13069);
#4493=VERTEX_POINT('',#13076);
#4494=VERTEX_POINT('',#13077);
#4495=VERTEX_POINT('',#13079);
#4496=VERTEX_POINT('',#13083);
#4497=VERTEX_POINT('',#13088);
#4498=VERTEX_POINT('',#13092);
#4499=VERTEX_POINT('',#13098);
#4500=VERTEX_POINT('',#13102);
#4501=VERTEX_POINT('',#13108);
#4502=VERTEX_POINT('',#13120);
#4503=VERTEX_POINT('',#13124);
#4504=VERTEX_POINT('',#13130);
#4505=VERTEX_POINT('',#13134);
#4506=VERTEX_POINT('',#13140);
#4507=VERTEX_POINT('',#13146);
#4508=VERTEX_POINT('',#13154);
#4509=VERTEX_POINT('',#13158);
#4510=VERTEX_POINT('',#13166);
#4511=VERTEX_POINT('',#13170);
#4512=VERTEX_POINT('',#13174);
#4513=VERTEX_POINT('',#13179);
#4514=VERTEX_POINT('',#13181);
#4515=VERTEX_POINT('',#13186);
#4516=VERTEX_POINT('',#13195);
#4517=VERTEX_POINT('',#13197);
#4518=VERTEX_POINT('',#13210);
#4519=VERTEX_POINT('',#13212);
#4520=VERTEX_POINT('',#13223);
#4521=VERTEX_POINT('',#13225);
#4522=VERTEX_POINT('',#13234);
#4523=VERTEX_POINT('',#13255);
#4524=VERTEX_POINT('',#13269);
#4525=VERTEX_POINT('',#13271);
#4526=VERTEX_POINT('',#13284);
#4527=VERTEX_POINT('',#13294);
#4528=VERTEX_POINT('',#13300);
#4529=VERTEX_POINT('',#13302);
#4530=VERTEX_POINT('',#13306);
#4531=VERTEX_POINT('',#13359);
#4532=VERTEX_POINT('',#13369);
#4533=VERTEX_POINT('',#13531);
#4534=VERTEX_POINT('',#13542);
#4535=VERTEX_POINT('',#13608);
#4536=VERTEX_POINT('',#13610);
#4537=VERTEX_POINT('',#13614);
#4538=VERTEX_POINT('',#13616);
#4539=VERTEX_POINT('',#13620);
#4540=VERTEX_POINT('',#13622);
#4541=VERTEX_POINT('',#13626);
#4542=VERTEX_POINT('',#13628);
#4543=VERTEX_POINT('',#13634);
#4544=VERTEX_POINT('',#13636);
#4545=VERTEX_POINT('',#13640);
#4546=VERTEX_POINT('',#13642);
#4547=VERTEX_POINT('',#13648);
#4548=VERTEX_POINT('',#13649);
#4549=VERTEX_POINT('',#13651);
#4550=VERTEX_POINT('',#13653);
#4551=VERTEX_POINT('',#13657);
#4552=VERTEX_POINT('',#13659);
#4553=VERTEX_POINT('',#13663);
#4554=VERTEX_POINT('',#13667);
#4555=VERTEX_POINT('',#13673);
#4556=VERTEX_POINT('',#13674);
#4557=VERTEX_POINT('',#13676);
#4558=VERTEX_POINT('',#13678);
#4559=VERTEX_POINT('',#13682);
#4560=VERTEX_POINT('',#13683);
#4561=VERTEX_POINT('',#13685);
#4562=VERTEX_POINT('',#13688);
#4563=VERTEX_POINT('',#13692);
#4564=VERTEX_POINT('',#13693);
#4565=VERTEX_POINT('',#13698);
#4566=VERTEX_POINT('',#13699);
#4567=VERTEX_POINT('',#13701);
#4568=VERTEX_POINT('',#13703);
#4569=VERTEX_POINT('',#13705);
#4570=VERTEX_POINT('',#13707);
#4571=VERTEX_POINT('',#13709);
#4572=VERTEX_POINT('',#13711);
#4573=VERTEX_POINT('',#13713);
#4574=VERTEX_POINT('',#13715);
#4575=VERTEX_POINT('',#13717);
#4576=VERTEX_POINT('',#13719);
#4577=VERTEX_POINT('',#13722);
#4578=VERTEX_POINT('',#13724);
#4579=VERTEX_POINT('',#13726);
#4580=VERTEX_POINT('',#13729);
#4581=VERTEX_POINT('',#13733);
#4582=VERTEX_POINT('',#13735);
#4583=VERTEX_POINT('',#13737);
#4584=VERTEX_POINT('',#13739);
#4585=VERTEX_POINT('',#13743);
#4586=VERTEX_POINT('',#13745);
#4587=VERTEX_POINT('',#13749);
#4588=VERTEX_POINT('',#13750);
#4589=VERTEX_POINT('',#13752);
#4590=VERTEX_POINT('',#13756);
#4591=VERTEX_POINT('',#13763);
#4592=VERTEX_POINT('',#13765);
#4593=VERTEX_POINT('',#13769);
#4594=VERTEX_POINT('',#13775);
#4595=VERTEX_POINT('',#13777);
#4596=VERTEX_POINT('',#13779);
#4597=VERTEX_POINT('',#13781);
#4598=VERTEX_POINT('',#13785);
#4599=VERTEX_POINT('',#13787);
#4600=VERTEX_POINT('',#13791);
#4601=VERTEX_POINT('',#13793);
#4602=VERTEX_POINT('',#13801);
#4603=VERTEX_POINT('',#13802);
#4604=VERTEX_POINT('',#13805);
#4605=VERTEX_POINT('',#13807);
#4606=VERTEX_POINT('',#13811);
#4607=VERTEX_POINT('',#13813);
#4608=VERTEX_POINT('',#13819);
#4609=VERTEX_POINT('',#13821);
#4610=VERTEX_POINT('',#13825);
#4611=VERTEX_POINT('',#13829);
#4612=VERTEX_POINT('',#13836);
#4613=VERTEX_POINT('',#13838);
#4614=VERTEX_POINT('',#13842);
#4615=VERTEX_POINT('',#13846);
#4616=VERTEX_POINT('',#13853);
#4617=VERTEX_POINT('',#13854);
#4618=VERTEX_POINT('',#13856);
#4619=VERTEX_POINT('',#13865);
#4620=VERTEX_POINT('',#13867);
#4621=VERTEX_POINT('',#13876);
#4622=VERTEX_POINT('',#13877);
#4623=VERTEX_POINT('',#13879);
#4624=VERTEX_POINT('',#13881);
#4625=VERTEX_POINT('',#13885);
#4626=VERTEX_POINT('',#13886);
#4627=VERTEX_POINT('',#13888);
#4628=VERTEX_POINT('',#13890);
#4629=VERTEX_POINT('',#13902);
#4630=VERTEX_POINT('',#13904);
#4631=EDGE_CURVE('',#4203,#4203,#4183,.T.);
#4632=EDGE_CURVE('',#4203,#4204,#2055,.T.);
#4633=EDGE_CURVE('',#4204,#4204,#4184,.T.);
#4634=EDGE_CURVE('',#4205,#4205,#4185,.T.);
#4635=EDGE_CURVE('',#4205,#4206,#2056,.T.);
#4636=EDGE_CURVE('',#4206,#4206,#4186,.T.);
#4637=EDGE_CURVE('',#4207,#4207,#4187,.T.);
#4638=EDGE_CURVE('',#4207,#4208,#2057,.T.);
#4639=EDGE_CURVE('',#4208,#4208,#4188,.T.);
#4640=EDGE_CURVE('',#4209,#4210,#2058,.T.);
#4641=EDGE_CURVE('',#4211,#4209,#2059,.T.);
#4642=EDGE_CURVE('',#4212,#4211,#2060,.T.);
#4643=EDGE_CURVE('',#4210,#4212,#2061,.T.);
#4644=EDGE_CURVE('',#4210,#4213,#2062,.T.);
#4645=EDGE_CURVE('',#4212,#4214,#2063,.T.);
#4646=EDGE_CURVE('',#4214,#4213,#2064,.T.);
#4647=EDGE_CURVE('',#4213,#4215,#2065,.T.);
#4648=EDGE_CURVE('',#4214,#4216,#2066,.T.);
#4649=EDGE_CURVE('',#4215,#4216,#2067,.T.);
#4650=EDGE_CURVE('',#4216,#4211,#2068,.T.);
#4651=EDGE_CURVE('',#4217,#4215,#2069,.T.);
#4652=EDGE_CURVE('',#4218,#4217,#2070,.T.);
#4653=EDGE_CURVE('',#4219,#4218,#2071,.T.);
#4654=EDGE_CURVE('',#4219,#4220,#2072,.T.);
#4655=EDGE_CURVE('',#4209,#4220,#2073,.T.);
#4656=EDGE_CURVE('',#4221,#4222,#2074,.T.);
#4657=EDGE_CURVE('',#4223,#4221,#2075,.T.);
#4658=EDGE_CURVE('',#4224,#4223,#2076,.T.);
#4659=EDGE_CURVE('',#4225,#4224,#2077,.T.);
#4660=EDGE_CURVE('',#4226,#4225,#2078,.T.);
#4661=EDGE_CURVE('',#4226,#4227,#2079,.T.);
#4662=EDGE_CURVE('',#4220,#4227,#2080,.T.);
#4663=EDGE_CURVE('',#4228,#4219,#2081,.T.);
#4664=EDGE_CURVE('',#4228,#4222,#2082,.T.);
#4665=EDGE_CURVE('',#4229,#4226,#2083,.T.);
#4666=EDGE_CURVE('',#4229,#4230,#2084,.T.);
#4667=EDGE_CURVE('',#4227,#4230,#2085,.T.);
#4668=EDGE_CURVE('',#4218,#4231,#2086,.T.);
#4669=EDGE_CURVE('',#4231,#4228,#2087,.T.);
#4670=EDGE_CURVE('',#4230,#4217,#2088,.T.);
#4671=EDGE_CURVE('',#4222,#4232,#2089,.T.);
#4672=EDGE_CURVE('',#4231,#4232,#2090,.T.);
#4673=EDGE_CURVE('',#4232,#4233,#2091,.T.);
#4674=EDGE_CURVE('',#4234,#4229,#2092,.T.);
#4675=EDGE_CURVE('',#4235,#4234,#2093,.T.);
#4676=EDGE_CURVE('',#4236,#4235,#2094,.T.);
#4677=EDGE_CURVE('',#4233,#4236,#2095,.T.);
#4678=EDGE_CURVE('',#4237,#4233,#2096,.T.);
#4679=EDGE_CURVE('',#4238,#4237,#2097,.T.);
#4680=EDGE_CURVE('',#4238,#4239,#2098,.T.);
#4681=EDGE_CURVE('',#4221,#4239,#2099,.T.);
#4682=EDGE_CURVE('',#4236,#4240,#2100,.T.);
#4683=EDGE_CURVE('',#4237,#4240,#2101,.T.);
#4684=EDGE_CURVE('',#4239,#4223,#2102,.T.);
#4685=EDGE_CURVE('',#4235,#4241,#2103,.T.);
#4686=EDGE_CURVE('',#4240,#4241,#2104,.T.);
#4687=EDGE_CURVE('',#4234,#4241,#2105,.T.);
#4688=EDGE_CURVE('',#4242,#4243,#2106,.T.);
#4689=EDGE_CURVE('',#4244,#4243,#2107,.T.);
#4690=EDGE_CURVE('',#4244,#4242,#2108,.T.);
#4691=EDGE_CURVE('',#4242,#4245,#2109,.T.);
#4692=EDGE_CURVE('',#4243,#4245,#2110,.T.);
#4693=EDGE_CURVE('',#4246,#4247,#2111,.T.);
#4694=EDGE_CURVE('',#4248,#4247,#2112,.T.);
#4695=EDGE_CURVE('',#4248,#4246,#2113,.T.);
#4696=EDGE_CURVE('',#4246,#4249,#2114,.T.);
#4697=EDGE_CURVE('',#4247,#4249,#2115,.T.);
#4698=EDGE_CURVE('',#4250,#4251,#2116,.T.);
#4699=EDGE_CURVE('',#4250,#4252,#2117,.T.);
#4700=EDGE_CURVE('',#4252,#4251,#2118,.T.);
#4701=EDGE_CURVE('',#4253,#4251,#2119,.T.);
#4702=EDGE_CURVE('',#4250,#4253,#2120,.T.);
#4703=EDGE_CURVE('',#4254,#4253,#2121,.T.);
#4704=EDGE_CURVE('',#4254,#4250,#2122,.T.);
#4705=EDGE_CURVE('',#4255,#4253,#2123,.T.);
#4706=EDGE_CURVE('',#4254,#4255,#2124,.T.);
#4707=EDGE_CURVE('',#4242,#4255,#2125,.T.);
#4708=EDGE_CURVE('',#4242,#4254,#2126,.T.);
#4709=EDGE_CURVE('',#4245,#4255,#2127,.T.);
#4710=EDGE_CURVE('',#4252,#4256,#2128,.T.);
#4711=EDGE_CURVE('',#4252,#4257,#2129,.T.);
#4712=EDGE_CURVE('',#4257,#4256,#2130,.T.);
#4713=EDGE_CURVE('',#4251,#4256,#2131,.T.);
#4714=EDGE_CURVE('',#4258,#4259,#2132,.T.);
#4715=EDGE_CURVE('',#4260,#4259,#2133,.T.);
#4716=EDGE_CURVE('',#4258,#4260,#2134,.T.);
#4717=EDGE_CURVE('',#4258,#4261,#2135,.T.);
#4718=EDGE_CURVE('',#4261,#4259,#2136,.T.);
#4719=EDGE_CURVE('',#4262,#4261,#2137,.T.);
#4720=EDGE_CURVE('',#4262,#4258,#2138,.T.);
#4721=EDGE_CURVE('',#4262,#4263,#2139,.T.);
#4722=EDGE_CURVE('',#4263,#4261,#2140,.T.);
#4723=EDGE_CURVE('',#4248,#4263,#2141,.T.);
#4724=EDGE_CURVE('',#4248,#4262,#2142,.T.);
#4725=EDGE_CURVE('',#4247,#4263,#2143,.T.);
#4726=EDGE_CURVE('',#4260,#4256,#2144,.T.);
#4727=EDGE_CURVE('',#4260,#4257,#2145,.T.);
#4728=EDGE_CURVE('',#4259,#4256,#2146,.T.);
#4729=EDGE_CURVE('',#4243,#4264,#2147,.T.);
#4730=EDGE_CURVE('',#4243,#4265,#2148,.T.);
#4731=EDGE_CURVE('',#4264,#4265,#2149,.T.);
#4732=EDGE_CURVE('',#4244,#4264,#2150,.T.);
#4733=EDGE_CURVE('',#4264,#4266,#2151,.T.);
#4734=EDGE_CURVE('',#4264,#4267,#2152,.T.);
#4735=EDGE_CURVE('',#4266,#4267,#2153,.T.);
#4736=EDGE_CURVE('',#4244,#4266,#2154,.T.);
#4737=EDGE_CURVE('',#4249,#4268,#2155,.T.);
#4738=EDGE_CURVE('',#4246,#4268,#2156,.T.);
#4739=EDGE_CURVE('',#4268,#4269,#2157,.T.);
#4740=EDGE_CURVE('',#4249,#4269,#2158,.T.);
#4741=EDGE_CURVE('',#4268,#4270,#2159,.T.);
#4742=EDGE_CURVE('',#4246,#4270,#2160,.T.);
#4743=EDGE_CURVE('',#4270,#4271,#2161,.T.);
#4744=EDGE_CURVE('',#4268,#4271,#2162,.T.);
#4745=EDGE_CURVE('',#4272,#4273,#2163,.T.);
#4746=EDGE_CURVE('',#4272,#4274,#2164,.T.);
#4747=EDGE_CURVE('',#4274,#4273,#2165,.T.);
#4748=EDGE_CURVE('',#4275,#4273,#2166,.T.);
#4749=EDGE_CURVE('',#4272,#4275,#2167,.T.);
#4750=EDGE_CURVE('',#4276,#4277,#2168,.T.);
#4751=EDGE_CURVE('',#4276,#4278,#2169,.T.);
#4752=EDGE_CURVE('',#4278,#4277,#2170,.T.);
#4753=EDGE_CURVE('',#4279,#4277,#2171,.T.);
#4754=EDGE_CURVE('',#4276,#4279,#2172,.T.);
#4755=EDGE_CURVE('',#4266,#4274,#2173,.T.);
#4756=EDGE_CURVE('',#4267,#4274,#2174,.T.);
#4757=EDGE_CURVE('',#4266,#4272,#2175,.T.);
#4758=EDGE_CURVE('',#4275,#4278,#2176,.T.);
#4759=EDGE_CURVE('',#4273,#4278,#2177,.T.);
#4760=EDGE_CURVE('',#4275,#4276,#2178,.T.);
#4761=EDGE_CURVE('',#4280,#4281,#2179,.T.);
#4762=EDGE_CURVE('',#4280,#4282,#2180,.T.);
#4763=EDGE_CURVE('',#4282,#4281,#2181,.T.);
#4764=EDGE_CURVE('',#4283,#4281,#2182,.T.);
#4765=EDGE_CURVE('',#4280,#4283,#2183,.T.);
#4766=EDGE_CURVE('',#4279,#4282,#2184,.T.);
#4767=EDGE_CURVE('',#4277,#4282,#2185,.T.);
#4768=EDGE_CURVE('',#4279,#4280,#2186,.T.);
#4769=EDGE_CURVE('',#4284,#4285,#2187,.T.);
#4770=EDGE_CURVE('',#4284,#4286,#2188,.T.);
#4771=EDGE_CURVE('',#4286,#4285,#2189,.T.);
#4772=EDGE_CURVE('',#4287,#4285,#2190,.T.);
#4773=EDGE_CURVE('',#4284,#4287,#2191,.T.);
#4774=EDGE_CURVE('',#4288,#4289,#2192,.T.);
#4775=EDGE_CURVE('',#4290,#4289,#2193,.T.);
#4776=EDGE_CURVE('',#4288,#4290,#2194,.T.);
#4777=EDGE_CURVE('',#4288,#4291,#2195,.T.);
#4778=EDGE_CURVE('',#4291,#4289,#2196,.T.);
#4779=EDGE_CURVE('',#4292,#4290,#2197,.T.);
#4780=EDGE_CURVE('',#4293,#4290,#2198,.T.);
#4781=EDGE_CURVE('',#4292,#4293,#2199,.T.);
#4782=EDGE_CURVE('',#4292,#4288,#2200,.T.);
#4783=EDGE_CURVE('',#4294,#4295,#2201,.T.);
#4784=EDGE_CURVE('',#4296,#4295,#2202,.T.);
#4785=EDGE_CURVE('',#4294,#4296,#2203,.T.);
#4786=EDGE_CURVE('',#4294,#4297,#2204,.T.);
#4787=EDGE_CURVE('',#4297,#4295,#2205,.T.);
#4788=EDGE_CURVE('',#4298,#4296,#2206,.T.);
#4789=EDGE_CURVE('',#4299,#4296,#2207,.T.);
#4790=EDGE_CURVE('',#4298,#4299,#2208,.T.);
#4791=EDGE_CURVE('',#4298,#4294,#2209,.T.);
#4792=EDGE_CURVE('',#4249,#4300,#2210,.T.);
#4793=EDGE_CURVE('',#4269,#4300,#2211,.T.);
#4794=EDGE_CURVE('',#4247,#4300,#2212,.T.);
#4795=EDGE_CURVE('',#4247,#4301,#2213,.T.);
#4796=EDGE_CURVE('',#4300,#4301,#2214,.T.);
#4797=EDGE_CURVE('',#4247,#4302,#2215,.T.);
#4798=EDGE_CURVE('',#4301,#4302,#2216,.T.);
#4799=EDGE_CURVE('',#4263,#4302,#2217,.T.);
#4800=EDGE_CURVE('',#4245,#4303,#2218,.T.);
#4801=EDGE_CURVE('',#4255,#4303,#2219,.T.);
#4802=EDGE_CURVE('',#4243,#4304,#2220,.T.);
#4803=EDGE_CURVE('',#4245,#4304,#2221,.T.);
#4804=EDGE_CURVE('',#4255,#4305,#2222,.T.);
#4805=EDGE_CURVE('',#4253,#4305,#2223,.T.);
#4806=EDGE_CURVE('',#4253,#4306,#2224,.T.);
#4807=EDGE_CURVE('',#4251,#4306,#2225,.T.);
#4808=EDGE_CURVE('',#4251,#4307,#2226,.T.);
#4809=EDGE_CURVE('',#4256,#4307,#2227,.T.);
#4810=EDGE_CURVE('',#4263,#4308,#2228,.T.);
#4811=EDGE_CURVE('',#4302,#4308,#2229,.T.);
#4812=EDGE_CURVE('',#4261,#4308,#2230,.T.);
#4813=EDGE_CURVE('',#4265,#4304,#2231,.T.);
#4814=EDGE_CURVE('',#4261,#4309,#2232,.T.);
#4815=EDGE_CURVE('',#4308,#4309,#2233,.T.);
#4816=EDGE_CURVE('',#4245,#4310,#2234,.T.);
#4817=EDGE_CURVE('',#4304,#4310,#2235,.T.);
#4818=EDGE_CURVE('',#4259,#4309,#2236,.T.);
#4819=EDGE_CURVE('',#4310,#4303,#2237,.T.);
#4820=EDGE_CURVE('',#4259,#4311,#2238,.T.);
#4821=EDGE_CURVE('',#4309,#4311,#2239,.T.);
#4822=EDGE_CURVE('',#4303,#4305,#2240,.T.);
#4823=EDGE_CURVE('',#4256,#4311,#2241,.T.);
#4824=EDGE_CURVE('',#4305,#4306,#2242,.T.);
#4825=EDGE_CURVE('',#4256,#4312,#2243,.T.);
#4826=EDGE_CURVE('',#4311,#4312,#2244,.T.);
#4827=EDGE_CURVE('',#4306,#4307,#2245,.T.);
#4828=EDGE_CURVE('',#4307,#4312,#2246,.T.);
#4829=EDGE_CURVE('',#4283,#4286,#2247,.T.);
#4830=EDGE_CURVE('',#4281,#4286,#2248,.T.);
#4831=EDGE_CURVE('',#4283,#4284,#2249,.T.);
#4832=EDGE_CURVE('',#4242,#4266,#2250,.T.);
#4833=EDGE_CURVE('',#4254,#4266,#2251,.T.);
#4834=EDGE_CURVE('',#4250,#4266,#2252,.T.);
#4835=EDGE_CURVE('',#4250,#4272,#2253,.T.);
#4836=EDGE_CURVE('',#4250,#4275,#2254,.T.);
#4837=EDGE_CURVE('',#4248,#4270,#2255,.T.);
#4838=EDGE_CURVE('',#4262,#4270,#2256,.T.);
#4839=EDGE_CURVE('',#4258,#4270,#2257,.T.);
#4840=EDGE_CURVE('',#4258,#4288,#2258,.T.);
#4841=EDGE_CURVE('',#4260,#4288,#2259,.T.);
#4842=EDGE_CURVE('',#4260,#4294,#2260,.T.);
#4843=EDGE_CURVE('',#4257,#4294,#2261,.T.);
#4844=EDGE_CURVE('',#4250,#4276,#2262,.T.);
#4845=EDGE_CURVE('',#4252,#4276,#2263,.T.);
#4846=EDGE_CURVE('',#4258,#4313,#2264,.T.);
#4847=EDGE_CURVE('',#4270,#4313,#2265,.T.);
#4848=EDGE_CURVE('',#4252,#4279,#2266,.T.);
#4849=EDGE_CURVE('',#4258,#4292,#2267,.T.);
#4850=EDGE_CURVE('',#4313,#4292,#2268,.T.);
#4851=EDGE_CURVE('',#4252,#4280,#2269,.T.);
#4852=EDGE_CURVE('',#4252,#4283,#2270,.T.);
#4853=EDGE_CURVE('',#4260,#4291,#2271,.T.);
#4854=EDGE_CURVE('',#4257,#4283,#2272,.T.);
#4855=EDGE_CURVE('',#4260,#4298,#2273,.T.);
#4856=EDGE_CURVE('',#4291,#4298,#2274,.T.);
#4857=EDGE_CURVE('',#4257,#4284,#2275,.T.);
#4858=EDGE_CURVE('',#4257,#4287,#2276,.T.);
#4859=EDGE_CURVE('',#4257,#4297,#2277,.T.);
#4860=EDGE_CURVE('',#4297,#4287,#2278,.T.);
#4861=EDGE_CURVE('',#4270,#4314,#2279,.T.);
#4862=EDGE_CURVE('',#4271,#4314,#2280,.T.);
#4863=EDGE_CURVE('',#4313,#4314,#2281,.T.);
#4864=EDGE_CURVE('',#4291,#4299,#2282,.T.);
#4865=EDGE_CURVE('',#4289,#4299,#2283,.T.);
#4866=EDGE_CURVE('',#4313,#4293,#2284,.T.);
#4867=EDGE_CURVE('',#4314,#4293,#2285,.T.);
#4868=EDGE_CURVE('',#4297,#4285,#2286,.T.);
#4869=EDGE_CURVE('',#4295,#4285,#2287,.T.);
#4870=EDGE_CURVE('',#4315,#4316,#2288,.T.);
#4871=EDGE_CURVE('',#4317,#4316,#2289,.T.);
#4872=EDGE_CURVE('',#4315,#4317,#2290,.T.);
#4873=EDGE_CURVE('',#4318,#4317,#2291,.T.);
#4874=EDGE_CURVE('',#4315,#4318,#2292,.T.);
#4875=EDGE_CURVE('',#4319,#4316,#2293,.T.);
#4876=EDGE_CURVE('',#4319,#4320,#2294,.T.);
#4877=EDGE_CURVE('',#4316,#4320,#2295,.T.);
#4878=EDGE_CURVE('',#4321,#4320,#2296,.T.);
#4879=EDGE_CURVE('',#4316,#4321,#2297,.T.);
#4880=EDGE_CURVE('',#4321,#4322,#2298,.T.);
#4881=EDGE_CURVE('',#4320,#4322,#2299,.T.);
#4882=EDGE_CURVE('',#4323,#4324,#2300,.T.);
#4883=EDGE_CURVE('',#4325,#4324,#2301,.T.);
#4884=EDGE_CURVE('',#4325,#4323,#2302,.T.);
#4885=EDGE_CURVE('',#4323,#4315,#2303,.T.);
#4886=EDGE_CURVE('',#4315,#4324,#2304,.T.);
#4887=EDGE_CURVE('',#4326,#4239,#2305,.T.);
#4888=EDGE_CURVE('',#4327,#4239,#2306,.T.);
#4889=EDGE_CURVE('',#4326,#4327,#2307,.T.);
#4890=EDGE_CURVE('',#4239,#4224,#2308,.T.);
#4891=EDGE_CURVE('',#4326,#4225,#2309,.T.);
#4892=EDGE_CURVE('',#4327,#4319,#2310,.T.);
#4893=EDGE_CURVE('',#4239,#4319,#2311,.T.);
#4894=EDGE_CURVE('',#4328,#4319,#2312,.T.);
#4895=EDGE_CURVE('',#4327,#4328,#2313,.T.);
#4896=EDGE_CURVE('',#4315,#4319,#2314,.T.);
#4897=EDGE_CURVE('',#4328,#4315,#2315,.T.);
#4898=EDGE_CURVE('',#4324,#4318,#2316,.T.);
#4899=EDGE_CURVE('',#4320,#4241,#2317,.T.);
#4900=EDGE_CURVE('',#4240,#4320,#2318,.T.);
#4901=EDGE_CURVE('',#4320,#4329,#2319,.T.);
#4902=EDGE_CURVE('',#4241,#4329,#2320,.T.);
#4903=EDGE_CURVE('',#4330,#4322,#2321,.T.);
#4904=EDGE_CURVE('',#4321,#4330,#2322,.T.);
#4905=EDGE_CURVE('',#4331,#4322,#2323,.T.);
#4906=EDGE_CURVE('',#4330,#4331,#2324,.T.);
#4907=EDGE_CURVE('',#4332,#4322,#2325,.T.);
#4908=EDGE_CURVE('',#4331,#4332,#2326,.T.);
#4909=EDGE_CURVE('',#4320,#4333,#2327,.T.);
#4910=EDGE_CURVE('',#4322,#4333,#2328,.T.);
#4911=EDGE_CURVE('',#4333,#4329,#2329,.T.);
#4912=EDGE_CURVE('',#4332,#4334,#2330,.T.);
#4913=EDGE_CURVE('',#4322,#4334,#2331,.T.);
#4914=EDGE_CURVE('',#4334,#4335,#2332,.T.);
#4915=EDGE_CURVE('',#4332,#4335,#2333,.T.);
#4916=EDGE_CURVE('',#4336,#4337,#2334,.T.);
#4917=EDGE_CURVE('',#4338,#4337,#2335,.T.);
#4918=EDGE_CURVE('',#4338,#4336,#2336,.T.);
#4919=EDGE_CURVE('',#4336,#4339,#2337,.T.);
#4920=EDGE_CURVE('',#4337,#4339,#2338,.T.);
#4921=EDGE_CURVE('',#4336,#4340,#2339,.T.);
#4922=EDGE_CURVE('',#4340,#4339,#2340,.T.);
#4923=EDGE_CURVE('',#4341,#4339,#2341,.T.);
#4924=EDGE_CURVE('',#4340,#4341,#2342,.T.);
#4925=EDGE_CURVE('',#4341,#4342,#2343,.T.);
#4926=EDGE_CURVE('',#4339,#4342,#2344,.T.);
#4927=EDGE_CURVE('',#4343,#4344,#2345,.T.);
#4928=EDGE_CURVE('',#4345,#4344,#2346,.T.);
#4929=EDGE_CURVE('',#4343,#4345,#2347,.T.);
#4930=EDGE_CURVE('',#4343,#4346,#2348,.T.);
#4931=EDGE_CURVE('',#4346,#4344,#2349,.T.);
#4932=EDGE_CURVE('',#4341,#4345,#2350,.T.);
#4933=EDGE_CURVE('',#4342,#4345,#2351,.T.);
#4934=EDGE_CURVE('',#4341,#4343,#2352,.T.);
#4935=EDGE_CURVE('',#4347,#4348,#2353,.T.);
#4936=EDGE_CURVE('',#4348,#4349,#2354,.T.);
#4937=EDGE_CURVE('',#4347,#4349,#2355,.T.);
#4938=EDGE_CURVE('',#4350,#4347,#2356,.T.);
#4939=EDGE_CURVE('',#4350,#4348,#2357,.T.);
#4940=EDGE_CURVE('',#4350,#4351,#2358,.T.);
#4941=EDGE_CURVE('',#4351,#4348,#2359,.T.);
#4942=EDGE_CURVE('',#4352,#4353,#2360,.T.);
#4943=EDGE_CURVE('',#4352,#4354,#2361,.T.);
#4944=EDGE_CURVE('',#4354,#4353,#2362,.T.);
#4945=EDGE_CURVE('',#4355,#4353,#2363,.T.);
#4946=EDGE_CURVE('',#4352,#4355,#2364,.T.);
#4947=EDGE_CURVE('',#4355,#4356,#2365,.T.);
#4948=EDGE_CURVE('',#4353,#4356,#2366,.T.);
#4949=EDGE_CURVE('',#4357,#4356,#2367,.T.);
#4950=EDGE_CURVE('',#4355,#4357,#2368,.T.);
#4951=EDGE_CURVE('',#4301,#4358,#2369,.T.);
#4952=EDGE_CURVE('',#4300,#4358,#2370,.T.);
#4953=EDGE_CURVE('',#4358,#4359,#2371,.T.);
#4954=EDGE_CURVE('',#4301,#4359,#2372,.T.);
#4955=EDGE_CURVE('',#4302,#4359,#2373,.T.);
#4956=EDGE_CURVE('',#4359,#4360,#2374,.T.);
#4957=EDGE_CURVE('',#4302,#4360,#2375,.T.);
#4958=EDGE_CURVE('',#4361,#4362,#2376,.T.);
#4959=EDGE_CURVE('',#4363,#4362,#2377,.T.);
#4960=EDGE_CURVE('',#4361,#4363,#2378,.T.);
#4961=EDGE_CURVE('',#4361,#4364,#2379,.T.);
#4962=EDGE_CURVE('',#4364,#4362,#2380,.T.);
#4963=EDGE_CURVE('',#4365,#4366,#2381,.T.);
#4964=EDGE_CURVE('',#4366,#4367,#2382,.T.);
#4965=EDGE_CURVE('',#4365,#4367,#2383,.T.);
#4966=EDGE_CURVE('',#4368,#4365,#2384,.T.);
#4967=EDGE_CURVE('',#4368,#4366,#2385,.T.);
#4968=EDGE_CURVE('',#4369,#4351,#2386,.T.);
#4969=EDGE_CURVE('',#4369,#4370,#2387,.T.);
#4970=EDGE_CURVE('',#4370,#4351,#2388,.T.);
#4971=EDGE_CURVE('',#4369,#4350,#2389,.T.);
#4972=EDGE_CURVE('',#4361,#4371,#2390,.T.);
#4973=EDGE_CURVE('',#4372,#4371,#2391,.T.);
#4974=EDGE_CURVE('',#4372,#4361,#2392,.T.);
#4975=EDGE_CURVE('',#4371,#4363,#2393,.T.);
#4976=EDGE_CURVE('',#4346,#4373,#2394,.T.);
#4977=EDGE_CURVE('',#4344,#4373,#2395,.T.);
#4978=EDGE_CURVE('',#4346,#4374,#2396,.T.);
#4979=EDGE_CURVE('',#4374,#4373,#2397,.T.);
#4980=EDGE_CURVE('',#4307,#4375,#2398,.T.);
#4981=EDGE_CURVE('',#4312,#4375,#2399,.T.);
#4982=EDGE_CURVE('',#4376,#4375,#2400,.T.);
#4983=EDGE_CURVE('',#4307,#4376,#2401,.T.);
#4984=EDGE_CURVE('',#4306,#4377,#2402,.T.);
#4985=EDGE_CURVE('',#4307,#4377,#2403,.T.);
#4986=EDGE_CURVE('',#4378,#4377,#2404,.T.);
#4987=EDGE_CURVE('',#4306,#4378,#2405,.T.);
#4988=EDGE_CURVE('',#4377,#4376,#2406,.T.);
#4989=EDGE_CURVE('',#4310,#4379,#2407,.T.);
#4990=EDGE_CURVE('',#4304,#4379,#2408,.T.);
#4991=EDGE_CURVE('',#4310,#4380,#2409,.T.);
#4992=EDGE_CURVE('',#4379,#4380,#2410,.T.);
#4993=EDGE_CURVE('',#4305,#4381,#2411,.T.);
#4994=EDGE_CURVE('',#4303,#4381,#2412,.T.);
#4995=EDGE_CURVE('',#4305,#4382,#2413,.T.);
#4996=EDGE_CURVE('',#4381,#4382,#2414,.T.);
#4997=EDGE_CURVE('',#4368,#4383,#2415,.T.);
#4998=EDGE_CURVE('',#4383,#4366,#2416,.T.);
#4999=EDGE_CURVE('',#4384,#4368,#2417,.T.);
#5000=EDGE_CURVE('',#4384,#4383,#2418,.T.);
#5001=EDGE_CURVE('',#4365,#4370,#2419,.T.);
#5002=EDGE_CURVE('',#4367,#4370,#2420,.T.);
#5003=EDGE_CURVE('',#4365,#4369,#2421,.T.);
#5004=EDGE_CURVE('',#4347,#4269,#2422,.T.);
#5005=EDGE_CURVE('',#4347,#4268,#2423,.T.);
#5006=EDGE_CURVE('',#4300,#4349,#2424,.T.);
#5007=EDGE_CURVE('',#4349,#4358,#2425,.T.);
#5008=EDGE_CURVE('',#4269,#4349,#2426,.T.);
#5009=EDGE_CURVE('',#4385,#4386,#2427,.T.);
#5010=EDGE_CURVE('',#4387,#4386,#2428,.T.);
#5011=EDGE_CURVE('',#4385,#4387,#2429,.T.);
#5012=EDGE_CURVE('',#4388,#4386,#2430,.T.);
#5013=EDGE_CURVE('',#4388,#4389,#2431,.T.);
#5014=EDGE_CURVE('',#4386,#4389,#2432,.T.);
#5015=EDGE_CURVE('',#4385,#4388,#2433,.T.);
#5016=EDGE_CURVE('',#4303,#4380,#2434,.T.);
#5017=EDGE_CURVE('',#4380,#4381,#2435,.T.);
#5018=EDGE_CURVE('',#4364,#4387,#2436,.T.);
#5019=EDGE_CURVE('',#4362,#4387,#2437,.T.);
#5020=EDGE_CURVE('',#4364,#4385,#2438,.T.);
#5021=EDGE_CURVE('',#4390,#4391,#2439,.T.);
#5022=EDGE_CURVE('',#4392,#4391,#2440,.T.);
#5023=EDGE_CURVE('',#4390,#4392,#2441,.T.);
#5024=EDGE_CURVE('',#4390,#4393,#2442,.T.);
#5025=EDGE_CURVE('',#4393,#4391,#2443,.T.);
#5026=EDGE_CURVE('',#4394,#4390,#2444,.T.);
#5027=EDGE_CURVE('',#4394,#4393,#2445,.T.);
#5028=EDGE_CURVE('',#4352,#4391,#2446,.T.);
#5029=EDGE_CURVE('',#4391,#4354,#2447,.T.);
#5030=EDGE_CURVE('',#4392,#4352,#2448,.T.);
#5031=EDGE_CURVE('',#4308,#4360,#2449,.T.);
#5032=EDGE_CURVE('',#4360,#4395,#2450,.T.);
#5033=EDGE_CURVE('',#4308,#4395,#2451,.T.);
#5034=EDGE_CURVE('',#4309,#4395,#2452,.T.);
#5035=EDGE_CURVE('',#4395,#4396,#2453,.T.);
#5036=EDGE_CURVE('',#4309,#4396,#2454,.T.);
#5037=EDGE_CURVE('',#4306,#4382,#2455,.T.);
#5038=EDGE_CURVE('',#4382,#4378,#2456,.T.);
#5039=EDGE_CURVE('',#4357,#4383,#2457,.T.);
#5040=EDGE_CURVE('',#4356,#4383,#2458,.T.);
#5041=EDGE_CURVE('',#4357,#4384,#2459,.T.);
#5042=EDGE_CURVE('',#4397,#4398,#2460,.T.);
#5043=EDGE_CURVE('',#4399,#4398,#2461,.T.);
#5044=EDGE_CURVE('',#4397,#4399,#2462,.T.);
#5045=EDGE_CURVE('',#4397,#4400,#2463,.T.);
#5046=EDGE_CURVE('',#4398,#4400,#2464,.T.);
#5047=EDGE_CURVE('',#4338,#4400,#2465,.T.);
#5048=EDGE_CURVE('',#4397,#4338,#2466,.T.);
#5049=EDGE_CURVE('',#4400,#4337,#2467,.T.);
#5050=EDGE_CURVE('',#4372,#4373,#2468,.T.);
#5051=EDGE_CURVE('',#4374,#4372,#2469,.T.);
#5052=EDGE_CURVE('',#4373,#4371,#2470,.T.);
#5053=EDGE_CURVE('',#4401,#4402,#2471,.T.);
#5054=EDGE_CURVE('',#4401,#4403,#2472,.T.);
#5055=EDGE_CURVE('',#4403,#4402,#2473,.T.);
#5056=EDGE_CURVE('',#4402,#4404,#2474,.T.);
#5057=EDGE_CURVE('',#4401,#4404,#2475,.T.);
#5058=EDGE_CURVE('',#4394,#4404,#2476,.T.);
#5059=EDGE_CURVE('',#4404,#4393,#2477,.T.);
#5060=EDGE_CURVE('',#4401,#4394,#2478,.T.);
#5061=EDGE_CURVE('',#4311,#4405,#2479,.T.);
#5062=EDGE_CURVE('',#4309,#4405,#2480,.T.);
#5063=EDGE_CURVE('',#4405,#4406,#2481,.T.);
#5064=EDGE_CURVE('',#4311,#4406,#2482,.T.);
#5065=EDGE_CURVE('',#4396,#4405,#2483,.T.);
#5066=EDGE_CURVE('',#4388,#4265,#2484,.T.);
#5067=EDGE_CURVE('',#4388,#4264,#2485,.T.);
#5068=EDGE_CURVE('',#4265,#4389,#2486,.T.);
#5069=EDGE_CURVE('',#4304,#4389,#2487,.T.);
#5070=EDGE_CURVE('',#4389,#4379,#2488,.T.);
#5071=EDGE_CURVE('',#4311,#4375,#2489,.T.);
#5072=EDGE_CURVE('',#4406,#4375,#2490,.T.);
#5073=EDGE_CURVE('',#4407,#4408,#2491,.T.);
#5074=EDGE_CURVE('',#4409,#4407,#2492,.T.);
#5075=EDGE_CURVE('',#4409,#4408,#2493,.T.);
#5076=EDGE_CURVE('',#4408,#4410,#2494,.T.);
#5077=EDGE_CURVE('',#4407,#4410,#2495,.T.);
#5078=EDGE_CURVE('',#4411,#4412,#2496,.T.);
#5079=EDGE_CURVE('',#4413,#4412,#2497,.T.);
#5080=EDGE_CURVE('',#4413,#4411,#2498,.T.);
#5081=EDGE_CURVE('',#4411,#4414,#2499,.T.);
#5082=EDGE_CURVE('',#4412,#4414,#2500,.T.);
#5083=EDGE_CURVE('',#4414,#4415,#2501,.T.);
#5084=EDGE_CURVE('',#4412,#4415,#2502,.T.);
#5085=EDGE_CURVE('',#4414,#4416,#2503,.T.);
#5086=EDGE_CURVE('',#4415,#4416,#2504,.T.);
#5087=EDGE_CURVE('',#4417,#4418,#2505,.T.);
#5088=EDGE_CURVE('',#4419,#4418,#2506,.T.);
#5089=EDGE_CURVE('',#4419,#4417,#2507,.T.);
#5090=EDGE_CURVE('',#4417,#4420,#2508,.T.);
#5091=EDGE_CURVE('',#4418,#4420,#2509,.T.);
#5092=EDGE_CURVE('',#4420,#4421,#2510,.T.);
#5093=EDGE_CURVE('',#4418,#4421,#2511,.T.);
#5094=EDGE_CURVE('',#4420,#4422,#2512,.T.);
#5095=EDGE_CURVE('',#4421,#4422,#2513,.T.);
#5096=EDGE_CURVE('',#4422,#4423,#2514,.T.);
#5097=EDGE_CURVE('',#4421,#4423,#2515,.T.);
#5098=EDGE_CURVE('',#4422,#4424,#2516,.T.);
#5099=EDGE_CURVE('',#4423,#4424,#2517,.T.);
#5100=EDGE_CURVE('',#4424,#4425,#2518,.T.);
#5101=EDGE_CURVE('',#4423,#4425,#2519,.T.);
#5102=EDGE_CURVE('',#4424,#4426,#2520,.T.);
#5103=EDGE_CURVE('',#4425,#4426,#2521,.T.);
#5104=EDGE_CURVE('',#4427,#4419,#2522,.T.);
#5105=EDGE_CURVE('',#4428,#4419,#2523,.T.);
#5106=EDGE_CURVE('',#4428,#4427,#2524,.T.);
#5107=EDGE_CURVE('',#4427,#4417,#2525,.T.);
#5108=EDGE_CURVE('',#4429,#4430,#2526,.T.);
#5109=EDGE_CURVE('',#4429,#4431,#2527,.T.);
#5110=EDGE_CURVE('',#4431,#4430,#2528,.T.);
#5111=EDGE_CURVE('',#4432,#4430,#2529,.T.);
#5112=EDGE_CURVE('',#4429,#4432,#2530,.T.);
#5113=EDGE_CURVE('',#4433,#4432,#2531,.T.);
#5114=EDGE_CURVE('',#4433,#4429,#2532,.T.);
#5115=EDGE_CURVE('',#4434,#4432,#2533,.T.);
#5116=EDGE_CURVE('',#4433,#4434,#2534,.T.);
#5117=EDGE_CURVE('',#4416,#4428,#2535,.T.);
#5118=EDGE_CURVE('',#4415,#4428,#2536,.T.);
#5119=EDGE_CURVE('',#4416,#4427,#2537,.T.);
#5120=EDGE_CURVE('',#4426,#4238,#2538,.T.);
#5121=EDGE_CURVE('',#4425,#4238,#2539,.T.);
#5122=EDGE_CURVE('',#4426,#4435,#2540,.T.);
#5123=EDGE_CURVE('',#4238,#4435,#2541,.T.);
#5124=EDGE_CURVE('',#4436,#4437,#2542,.T.);
#5125=EDGE_CURVE('',#4436,#4237,#2543,.T.);
#5126=EDGE_CURVE('',#4237,#4437,#2544,.T.);
#5127=EDGE_CURVE('',#4438,#4437,#2545,.T.);
#5128=EDGE_CURVE('',#4436,#4438,#2546,.T.);
#5129=EDGE_CURVE('',#4439,#4438,#2547,.T.);
#5130=EDGE_CURVE('',#4439,#4436,#2548,.T.);
#5131=EDGE_CURVE('',#4440,#4438,#2549,.T.);
#5132=EDGE_CURVE('',#4439,#4440,#2550,.T.);
#5133=EDGE_CURVE('',#4431,#4441,#2551,.T.);
#5134=EDGE_CURVE('',#4431,#4442,#2552,.T.);
#5135=EDGE_CURVE('',#4442,#4441,#2553,.T.);
#5136=EDGE_CURVE('',#4430,#4441,#2554,.T.);
#5137=EDGE_CURVE('',#4443,#4444,#2555,.T.);
#5138=EDGE_CURVE('',#4443,#4445,#2556,.T.);
#5139=EDGE_CURVE('',#4445,#4444,#2557,.T.);
#5140=EDGE_CURVE('',#4446,#4444,#2558,.T.);
#5141=EDGE_CURVE('',#4443,#4446,#2559,.T.);
#5142=EDGE_CURVE('',#4442,#4447,#2560,.T.);
#5143=EDGE_CURVE('',#4442,#4448,#2561,.T.);
#5144=EDGE_CURVE('',#4448,#4447,#2562,.T.);
#5145=EDGE_CURVE('',#4441,#4447,#2563,.T.);
#5146=EDGE_CURVE('',#4445,#4449,#2564,.T.);
#5147=EDGE_CURVE('',#4445,#4450,#2565,.T.);
#5148=EDGE_CURVE('',#4450,#4449,#2566,.T.);
#5149=EDGE_CURVE('',#4444,#4449,#2567,.T.);
#5150=EDGE_CURVE('',#4451,#4413,#2568,.T.);
#5151=EDGE_CURVE('',#4452,#4413,#2569,.T.);
#5152=EDGE_CURVE('',#4452,#4451,#2570,.T.);
#5153=EDGE_CURVE('',#4451,#4411,#2571,.T.);
#5154=EDGE_CURVE('',#4448,#4446,#2572,.T.);
#5155=EDGE_CURVE('',#4448,#4443,#2573,.T.);
#5156=EDGE_CURVE('',#4447,#4446,#2574,.T.);
#5157=EDGE_CURVE('',#4450,#4440,#2575,.T.);
#5158=EDGE_CURVE('',#4450,#4439,#2576,.T.);
#5159=EDGE_CURVE('',#4449,#4440,#2577,.T.);
#5160=EDGE_CURVE('',#4408,#4434,#2578,.T.);
#5161=EDGE_CURVE('',#4408,#4433,#2579,.T.);
#5162=EDGE_CURVE('',#4410,#4434,#2580,.T.);
#5163=EDGE_CURVE('',#4237,#4320,#2581,.T.);
#5164=EDGE_CURVE('',#4437,#4320,#2582,.T.);
#5165=EDGE_CURVE('',#4407,#4452,#2583,.T.);
#5166=EDGE_CURVE('',#4409,#4452,#2584,.T.);
#5167=EDGE_CURVE('',#4407,#4451,#2585,.T.);
#5168=EDGE_CURVE('',#4435,#4239,#2586,.T.);
#5169=EDGE_CURVE('',#4435,#4319,#2587,.T.);
#5170=EDGE_CURVE('',#4408,#4452,#2588,.T.);
#5171=EDGE_CURVE('',#4452,#4433,#2589,.T.);
#5172=EDGE_CURVE('',#4413,#4421,#2590,.T.);
#5173=EDGE_CURVE('',#4413,#4418,#2591,.T.);
#5174=EDGE_CURVE('',#4413,#4423,#2592,.T.);
#5175=EDGE_CURVE('',#4413,#4415,#2593,.T.);
#5176=EDGE_CURVE('',#4413,#4428,#2594,.T.);
#5177=EDGE_CURVE('',#4413,#4419,#2595,.T.);
#5178=EDGE_CURVE('',#4429,#4442,#2596,.T.);
#5179=EDGE_CURVE('',#4429,#4448,#2597,.T.);
#5180=EDGE_CURVE('',#4413,#4425,#2598,.T.);
#5181=EDGE_CURVE('',#4429,#4443,#2599,.T.);
#5182=EDGE_CURVE('',#4429,#4237,#2600,.T.);
#5183=EDGE_CURVE('',#4433,#4237,#2601,.T.);
#5184=EDGE_CURVE('',#4429,#4445,#2602,.T.);
#5185=EDGE_CURVE('',#4413,#4238,#2603,.T.);
#5186=EDGE_CURVE('',#4429,#4450,#2604,.T.);
#5187=EDGE_CURVE('',#4452,#4238,#2605,.T.);
#5188=EDGE_CURVE('',#4429,#4439,#2606,.T.);
#5189=EDGE_CURVE('',#4433,#4238,#2607,.T.);
#5190=EDGE_CURVE('',#4429,#4436,#2608,.T.);
#5191=EDGE_CURVE('',#4407,#4434,#2609,.T.);
#5192=EDGE_CURVE('',#4451,#4434,#2610,.T.);
#5193=EDGE_CURVE('',#4432,#4449,#2611,.T.);
#5194=EDGE_CURVE('',#4432,#4444,#2612,.T.);
#5195=EDGE_CURVE('',#4432,#4440,#2613,.T.);
#5196=EDGE_CURVE('',#4432,#4441,#2614,.T.);
#5197=EDGE_CURVE('',#4432,#4447,#2615,.T.);
#5198=EDGE_CURVE('',#4432,#4446,#2616,.T.);
#5199=EDGE_CURVE('',#4411,#4416,#2617,.T.);
#5200=EDGE_CURVE('',#4411,#4427,#2618,.T.);
#5201=EDGE_CURVE('',#4432,#4438,#2619,.T.);
#5202=EDGE_CURVE('',#4411,#4417,#2620,.T.);
#5203=EDGE_CURVE('',#4411,#4435,#2621,.T.);
#5204=EDGE_CURVE('',#4451,#4435,#2622,.T.);
#5205=EDGE_CURVE('',#4411,#4420,#2623,.T.);
#5206=EDGE_CURVE('',#4432,#4437,#2624,.T.);
#5207=EDGE_CURVE('',#4411,#4422,#2625,.T.);
#5208=EDGE_CURVE('',#4434,#4437,#2626,.T.);
#5209=EDGE_CURVE('',#4411,#4424,#2627,.T.);
#5210=EDGE_CURVE('',#4451,#4437,#2628,.T.);
#5211=EDGE_CURVE('',#4411,#4426,#2629,.T.);
#5212=EDGE_CURVE('',#4435,#4437,#2630,.T.);
#5213=EDGE_CURVE('',#4435,#4320,#2631,.T.);
#5214=EDGE_CURVE('',#4453,#4454,#2632,.T.);
#5215=EDGE_CURVE('',#4453,#4455,#2633,.T.);
#5216=EDGE_CURVE('',#4455,#4454,#2634,.T.);
#5217=EDGE_CURVE('',#4455,#4456,#2635,.T.);
#5218=EDGE_CURVE('',#4456,#4454,#2636,.T.);
#5219=EDGE_CURVE('',#4457,#4458,#2637,.T.);
#5220=EDGE_CURVE('',#4457,#4459,#2638,.T.);
#5221=EDGE_CURVE('',#4458,#4459,#2639,.T.);
#5222=EDGE_CURVE('',#4460,#4461,#2640,.T.);
#5223=EDGE_CURVE('',#4460,#4462,#2641,.T.);
#5224=EDGE_CURVE('',#4462,#4461,#2642,.T.);
#5225=EDGE_CURVE('',#4463,#4461,#2643,.T.);
#5226=EDGE_CURVE('',#4460,#4463,#2644,.T.);
#5227=EDGE_CURVE('',#4460,#4464,#2645,.T.);
#5228=EDGE_CURVE('',#4463,#4464,#2646,.T.);
#5229=EDGE_CURVE('',#4465,#4466,#2647,.T.);
#5230=EDGE_CURVE('',#4465,#4461,#2648,.T.);
#5231=EDGE_CURVE('',#4466,#4461,#2649,.T.);
#5232=EDGE_CURVE('',#4455,#4459,#2650,.T.);
#5233=EDGE_CURVE('',#4455,#4458,#2651,.T.);
#5234=EDGE_CURVE('',#4456,#4459,#2652,.T.);
#5235=EDGE_CURVE('',#4456,#4467,#2653,.T.);
#5236=EDGE_CURVE('',#4467,#4454,#2654,.T.);
#5237=EDGE_CURVE('',#4461,#4468,#2655,.T.);
#5238=EDGE_CURVE('',#4457,#4461,#2656,.T.);
#5239=EDGE_CURVE('',#4457,#4468,#2657,.T.);
#5240=EDGE_CURVE('',#4468,#4469,#2658,.T.);
#5241=EDGE_CURVE('',#4461,#4469,#2659,.T.);
#5242=EDGE_CURVE('',#4469,#4470,#2660,.T.);
#5243=EDGE_CURVE('',#4461,#4470,#2661,.T.);
#5244=EDGE_CURVE('',#4457,#4337,#2662,.T.);
#5245=EDGE_CURVE('',#4457,#4400,#2663,.T.);
#5246=EDGE_CURVE('',#4457,#4339,#2664,.T.);
#5247=EDGE_CURVE('',#4457,#4345,#2665,.T.);
#5248=EDGE_CURVE('',#4457,#4342,#2666,.T.);
#5249=EDGE_CURVE('',#4457,#4344,#2667,.T.);
#5250=EDGE_CURVE('',#4457,#4373,#2668,.T.);
#5251=EDGE_CURVE('',#4373,#4468,#2669,.T.);
#5252=EDGE_CURVE('',#4371,#4468,#2670,.T.);
#5253=EDGE_CURVE('',#4371,#4471,#2671,.T.);
#5254=EDGE_CURVE('',#4363,#4471,#2672,.T.);
#5255=EDGE_CURVE('',#4362,#4471,#2673,.T.);
#5256=EDGE_CURVE('',#4471,#4468,#2674,.T.);
#5257=EDGE_CURVE('',#4387,#4471,#2675,.T.);
#5258=EDGE_CURVE('',#4471,#4386,#2676,.T.);
#5259=EDGE_CURVE('',#4472,#4393,#2677,.T.);
#5260=EDGE_CURVE('',#4404,#4472,#2678,.T.);
#5261=EDGE_CURVE('',#4472,#4391,#2679,.T.);
#5262=EDGE_CURVE('',#4472,#4354,#2680,.T.);
#5263=EDGE_CURVE('',#4472,#4383,#2681,.T.);
#5264=EDGE_CURVE('',#4472,#4473,#2682,.T.);
#5265=EDGE_CURVE('',#4383,#4473,#2683,.T.);
#5266=EDGE_CURVE('',#4472,#4353,#2684,.T.);
#5267=EDGE_CURVE('',#4472,#4356,#2685,.T.);
#5268=EDGE_CURVE('',#4366,#4473,#2686,.T.);
#5269=EDGE_CURVE('',#4366,#4474,#2687,.T.);
#5270=EDGE_CURVE('',#4474,#4473,#2688,.T.);
#5271=EDGE_CURVE('',#4367,#4474,#2689,.T.);
#5272=EDGE_CURVE('',#4370,#4474,#2690,.T.);
#5273=EDGE_CURVE('',#4351,#4474,#2691,.T.);
#5274=EDGE_CURVE('',#4348,#4474,#2692,.T.);
#5275=EDGE_CURVE('',#4475,#4476,#2693,.T.);
#5276=EDGE_CURVE('',#4475,#4477,#2694,.T.);
#5277=EDGE_CURVE('',#4477,#4476,#2695,.T.);
#5278=EDGE_CURVE('',#4477,#4478,#2696,.T.);
#5279=EDGE_CURVE('',#4476,#4478,#2697,.T.);
#5280=EDGE_CURVE('',#4477,#4457,#2698,.T.);
#5281=EDGE_CURVE('',#4457,#4478,#2699,.T.);
#5282=EDGE_CURVE('',#4479,#4480,#2700,.T.);
#5283=EDGE_CURVE('',#4479,#4481,#2701,.T.);
#5284=EDGE_CURVE('',#4480,#4481,#2702,.T.);
#5285=EDGE_CURVE('',#4480,#4482,#2703,.T.);
#5286=EDGE_CURVE('',#4482,#4481,#2704,.T.);
#5287=EDGE_CURVE('',#4480,#4483,#2705,.T.);
#5288=EDGE_CURVE('',#4484,#4483,#2706,.T.);
#5289=EDGE_CURVE('',#4480,#4484,#2707,.T.);
#5290=EDGE_CURVE('',#4482,#4483,#2708,.T.);
#5291=EDGE_CURVE('',#4485,#4486,#2709,.T.);
#5292=EDGE_CURVE('',#4487,#4486,#2710,.T.);
#5293=EDGE_CURVE('',#4485,#4487,#2711,.T.);
#5294=EDGE_CURVE('',#4485,#4488,#2712,.T.);
#5295=EDGE_CURVE('',#4488,#4486,#2713,.T.);
#5296=EDGE_CURVE('',#4489,#4490,#2714,.T.);
#5297=EDGE_CURVE('',#4491,#4490,#2715,.T.);
#5298=EDGE_CURVE('',#4489,#4491,#2716,.T.);
#5299=EDGE_CURVE('',#4489,#4492,#2717,.T.);
#5300=EDGE_CURVE('',#4492,#4490,#2718,.T.);
#5301=EDGE_CURVE('',#4488,#4489,#2719,.T.);
#5302=EDGE_CURVE('',#4488,#4492,#2720,.T.);
#5303=EDGE_CURVE('',#4493,#4494,#2721,.T.);
#5304=EDGE_CURVE('',#4493,#4495,#2722,.T.);
#5305=EDGE_CURVE('',#4494,#4495,#2723,.T.);
#5306=EDGE_CURVE('',#4493,#4496,#2724,.T.);
#5307=EDGE_CURVE('',#4496,#4494,#2725,.T.);
#5308=EDGE_CURVE('',#4472,#4484,#2726,.T.);
#5309=EDGE_CURVE('',#4472,#4497,#2727,.T.);
#5310=EDGE_CURVE('',#4497,#4484,#2728,.T.);
#5311=EDGE_CURVE('',#4463,#4498,#2729,.T.);
#5312=EDGE_CURVE('',#4461,#4498,#2730,.T.);
#5313=EDGE_CURVE('',#4464,#4498,#2731,.T.);
#5314=EDGE_CURVE('',#4499,#4464,#2732,.T.);
#5315=EDGE_CURVE('',#4499,#4460,#2733,.T.);
#5316=EDGE_CURVE('',#4461,#4500,#2734,.T.);
#5317=EDGE_CURVE('',#4498,#4500,#2735,.T.);
#5318=EDGE_CURVE('',#4466,#4462,#2736,.T.);
#5319=EDGE_CURVE('',#4453,#4501,#2737,.T.);
#5320=EDGE_CURVE('',#4453,#4499,#2738,.T.);
#5321=EDGE_CURVE('',#4499,#4501,#2739,.T.);
#5322=EDGE_CURVE('',#4464,#4501,#2740,.T.);
#5323=EDGE_CURVE('',#4499,#4462,#2741,.T.);
#5324=EDGE_CURVE('',#4499,#4466,#2742,.T.);
#5325=EDGE_CURVE('',#4454,#4465,#2743,.T.);
#5326=EDGE_CURVE('',#4454,#4502,#2744,.T.);
#5327=EDGE_CURVE('',#4502,#4465,#2745,.T.);
#5328=EDGE_CURVE('',#4503,#4465,#2746,.T.);
#5329=EDGE_CURVE('',#4454,#4503,#2747,.T.);
#5330=EDGE_CURVE('',#4453,#4458,#2748,.T.);
#5331=EDGE_CURVE('',#4453,#4504,#2749,.T.);
#5332=EDGE_CURVE('',#4504,#4458,#2750,.T.);
#5333=EDGE_CURVE('',#4505,#4400,#2751,.T.);
#5334=EDGE_CURVE('',#4505,#4398,#2752,.T.);
#5335=EDGE_CURVE('',#4505,#4457,#2753,.T.);
#5336=EDGE_CURVE('',#4506,#4404,#2754,.T.);
#5337=EDGE_CURVE('',#4506,#4472,#2755,.T.);
#5338=EDGE_CURVE('',#4402,#4506,#2756,.T.);
#5339=EDGE_CURVE('',#4507,#4457,#2757,.T.);
#5340=EDGE_CURVE('',#4507,#4477,#2758,.T.);
#5341=EDGE_CURVE('',#4507,#4505,#2759,.T.);
#5342=EDGE_CURVE('',#4475,#4507,#2760,.T.);
#5343=EDGE_CURVE('',#4508,#4504,#2761,.T.);
#5344=EDGE_CURVE('',#4508,#4453,#2762,.T.);
#5345=EDGE_CURVE('',#4508,#4509,#2763,.T.);
#5346=EDGE_CURVE('',#4509,#4504,#2764,.T.);
#5347=EDGE_CURVE('',#4478,#4509,#2765,.T.);
#5348=EDGE_CURVE('',#4478,#4458,#2766,.T.);
#5349=EDGE_CURVE('',#4509,#4458,#2767,.T.);
#5350=EDGE_CURVE('',#4482,#4510,#2768,.T.);
#5351=EDGE_CURVE('',#4483,#4510,#2769,.T.);
#5352=EDGE_CURVE('',#4482,#4511,#2770,.T.);
#5353=EDGE_CURVE('',#4511,#4510,#2771,.T.);
#5354=EDGE_CURVE('',#4481,#4512,#2772,.T.);
#5355=EDGE_CURVE('',#4481,#4485,#2773,.T.);
#5356=EDGE_CURVE('',#4512,#4485,#2774,.T.);
#5357=EDGE_CURVE('',#4510,#4513,#2775,.T.);
#5358=EDGE_CURVE('',#4510,#4514,#2776,.T.);
#5359=EDGE_CURVE('',#4514,#4513,#2777,.T.);
#5360=EDGE_CURVE('',#4479,#4485,#2778,.T.);
#5361=EDGE_CURVE('',#4479,#4515,#2779,.T.);
#5362=EDGE_CURVE('',#4485,#4515,#2780,.T.);
#5363=EDGE_CURVE('',#4487,#4491,#2781,.T.);
#5364=EDGE_CURVE('',#4486,#4491,#2782,.T.);
#5365=EDGE_CURVE('',#4485,#4492,#2783,.T.);
#5366=EDGE_CURVE('',#4516,#4484,#2784,.T.);
#5367=EDGE_CURVE('',#4516,#4517,#2785,.T.);
#5368=EDGE_CURVE('',#4517,#4484,#2786,.T.);
#5369=EDGE_CURVE('',#4472,#4510,#2787,.T.);
#5370=EDGE_CURVE('',#4472,#4483,#2788,.T.);
#5371=EDGE_CURVE('',#4497,#4516,#2789,.T.);
#5372=EDGE_CURVE('',#4464,#4500,#2790,.T.);
#5373=EDGE_CURVE('',#4501,#4500,#2791,.T.);
#5374=EDGE_CURVE('',#4518,#4325,#2792,.T.);
#5375=EDGE_CURVE('',#4518,#4519,#2793,.T.);
#5376=EDGE_CURVE('',#4519,#4325,#2794,.T.);
#5377=EDGE_CURVE('',#4518,#4324,#2795,.T.);
#5378=EDGE_CURVE('',#4501,#4519,#2796,.T.);
#5379=EDGE_CURVE('',#4500,#4519,#2797,.T.);
#5380=EDGE_CURVE('',#4501,#4518,#2798,.T.);
#5381=EDGE_CURVE('',#4461,#4520,#2799,.T.);
#5382=EDGE_CURVE('',#4520,#4521,#2800,.T.);
#5383=EDGE_CURVE('',#4461,#4521,#2801,.T.);
#5384=EDGE_CURVE('',#4470,#4520,#2802,.T.);
#5385=EDGE_CURVE('',#4454,#4499,#2803,.T.);
#5386=EDGE_CURVE('',#4503,#4499,#2804,.T.);
#5387=EDGE_CURVE('',#4522,#4465,#2805,.T.);
#5388=EDGE_CURVE('',#4522,#4461,#2806,.T.);
#5389=EDGE_CURVE('',#4522,#4502,#2807,.T.);
#5390=EDGE_CURVE('',#4467,#4502,#2808,.T.);
#5391=EDGE_CURVE('',#4467,#4522,#2809,.T.);
#5392=EDGE_CURVE('',#4456,#4522,#2810,.T.);
#5393=EDGE_CURVE('',#4459,#4522,#2811,.T.);
#5394=EDGE_CURVE('',#4475,#4508,#2812,.T.);
#5395=EDGE_CURVE('',#4476,#4508,#2813,.T.);
#5396=EDGE_CURVE('',#4475,#4505,#2814,.T.);
#5397=EDGE_CURVE('',#4475,#4523,#2815,.T.);
#5398=EDGE_CURVE('',#4523,#4505,#2816,.T.);
#5399=EDGE_CURVE('',#4511,#4481,#2817,.T.);
#5400=EDGE_CURVE('',#4510,#4491,#2818,.T.);
#5401=EDGE_CURVE('',#4513,#4491,#2819,.T.);
#5402=EDGE_CURVE('',#4513,#4487,#2820,.T.);
#5403=EDGE_CURVE('',#4492,#4515,#2821,.T.);
#5404=EDGE_CURVE('',#4491,#4524,#2822,.T.);
#5405=EDGE_CURVE('',#4491,#4525,#2823,.T.);
#5406=EDGE_CURVE('',#4525,#4524,#2824,.T.);
#5407=EDGE_CURVE('',#4481,#4513,#2825,.T.);
#5408=EDGE_CURVE('',#4481,#4514,#2826,.T.);
#5409=EDGE_CURVE('',#4512,#4513,#2827,.T.);
#5410=EDGE_CURVE('',#4479,#4484,#2828,.T.);
#5411=EDGE_CURVE('',#4479,#4517,#2829,.T.);
#5412=EDGE_CURVE('',#4526,#4517,#2830,.T.);
#5413=EDGE_CURVE('',#4526,#4479,#2831,.T.);
#5414=EDGE_CURVE('',#4526,#4516,#2832,.T.);
#5415=EDGE_CURVE('',#4523,#4398,#2833,.T.);
#5416=EDGE_CURVE('',#4523,#4399,#2834,.T.);
#5417=EDGE_CURVE('',#4527,#4402,#2835,.T.);
#5418=EDGE_CURVE('',#4527,#4506,#2836,.T.);
#5419=EDGE_CURVE('',#4403,#4527,#2837,.T.);
#5420=EDGE_CURVE('',#4491,#4528,#2838,.T.);
#5421=EDGE_CURVE('',#4529,#4528,#2839,.T.);
#5422=EDGE_CURVE('',#4491,#4529,#2840,.T.);
#5423=EDGE_CURVE('',#4491,#4530,#2841,.T.);
#5424=EDGE_CURVE('',#4528,#4530,#2842,.T.);
#5425=EDGE_CURVE('',#4461,#4519,#2843,.T.);
#5426=EDGE_CURVE('',#4518,#4318,#2844,.T.);
#5427=EDGE_CURVE('',#4501,#4318,#2845,.T.);
#5428=EDGE_CURVE('',#4521,#4323,#2846,.T.);
#5429=EDGE_CURVE('',#4461,#4323,#2847,.T.);
#5430=EDGE_CURVE('',#4521,#4315,#2848,.T.);
#5431=EDGE_CURVE('',#4503,#4466,#2849,.T.);
#5432=EDGE_CURVE('',#4476,#4509,#2850,.T.);
#5433=EDGE_CURVE('',#4494,#4497,#2851,.T.);
#5434=EDGE_CURVE('',#4495,#4497,#2852,.T.);
#5435=EDGE_CURVE('',#4494,#4472,#2853,.T.);
#5436=EDGE_CURVE('',#4493,#4526,#2854,.T.);
#5437=EDGE_CURVE('',#4493,#4479,#2855,.T.);
#5438=EDGE_CURVE('',#4475,#4336,#2856,.T.);
#5439=EDGE_CURVE('',#4475,#4453,#2857,.T.);
#5440=EDGE_CURVE('',#4453,#4336,#2858,.T.);
#5441=EDGE_CURVE('',#4475,#4338,#2859,.T.);
#5442=EDGE_CURVE('',#4475,#4397,#2860,.T.);
#5443=EDGE_CURVE('',#4493,#4394,#2861,.T.);
#5444=EDGE_CURVE('',#4401,#4493,#2862,.T.);
#5445=EDGE_CURVE('',#4493,#4390,#2863,.T.);
#5446=EDGE_CURVE('',#4390,#4479,#2864,.T.);
#5447=EDGE_CURVE('',#4512,#4487,#2865,.T.);
#5448=EDGE_CURVE('',#4490,#4525,#2866,.T.);
#5449=EDGE_CURVE('',#4488,#4491,#2867,.T.);
#5450=EDGE_CURVE('',#4531,#4335,#2868,.T.);
#5451=EDGE_CURVE('',#4524,#4335,#2869,.T.);
#5452=EDGE_CURVE('',#4531,#4524,#2870,.T.);
#5453=EDGE_CURVE('',#4531,#4332,#2871,.T.);
#5454=EDGE_CURVE('',#4491,#4473,#2872,.T.);
#5455=EDGE_CURVE('',#4472,#4491,#2873,.T.);
#5456=EDGE_CURVE('',#4491,#4532,#2874,.T.);
#5457=EDGE_CURVE('',#4473,#4532,#2875,.T.);
#5458=EDGE_CURVE('',#4532,#4529,#2876,.T.);
#5459=EDGE_CURVE('',#4495,#4526,#2877,.T.);
#5460=EDGE_CURVE('',#4519,#4323,#2878,.T.);
#5461=EDGE_CURVE('',#4457,#4522,#2879,.T.);
#5462=EDGE_CURVE('',#4511,#4514,#2880,.T.);
#5463=EDGE_CURVE('',#4492,#4525,#2881,.T.);
#5464=EDGE_CURVE('',#4515,#4525,#2882,.T.);
#5465=EDGE_CURVE('',#4531,#4331,#2883,.T.);
#5466=EDGE_CURVE('',#4515,#4531,#2884,.T.);
#5467=EDGE_CURVE('',#4515,#4331,#2885,.T.);
#5468=EDGE_CURVE('',#4496,#4472,#2886,.T.);
#5469=EDGE_CURVE('',#4496,#4506,#2887,.T.);
#5470=EDGE_CURVE('',#4397,#4523,#2888,.T.);
#5471=EDGE_CURVE('',#4493,#4403,#2889,.T.);
#5472=EDGE_CURVE('',#4493,#4527,#2890,.T.);
#5473=EDGE_CURVE('',#4501,#4317,#2891,.T.);
#5474=EDGE_CURVE('',#4453,#4317,#2892,.T.);
#5475=EDGE_CURVE('',#4530,#4334,#2893,.T.);
#5476=EDGE_CURVE('',#4491,#4334,#2894,.T.);
#5477=EDGE_CURVE('',#4530,#4322,#2895,.T.);
#5478=EDGE_CURVE('',#4493,#4506,#2896,.T.);
#5479=EDGE_CURVE('',#4495,#4516,#2897,.T.);
#5480=EDGE_CURVE('',#4479,#4330,#2898,.T.);
#5481=EDGE_CURVE('',#4479,#4321,#2899,.T.);
#5482=EDGE_CURVE('',#4515,#4330,#2900,.T.);
#5483=EDGE_CURVE('',#4453,#4340,#2901,.T.);
#5484=EDGE_CURVE('',#4453,#4341,#2902,.T.);
#5485=EDGE_CURVE('',#4453,#4267,#2903,.T.);
#5486=EDGE_CURVE('',#4453,#4316,#2904,.T.);
#5487=EDGE_CURVE('',#4267,#4316,#2905,.T.);
#5488=EDGE_CURVE('',#4453,#4343,#2906,.T.);
#5489=EDGE_CURVE('',#4453,#4346,#2907,.T.);
#5490=EDGE_CURVE('',#4453,#4374,#2908,.T.);
#5491=EDGE_CURVE('',#4453,#4372,#2909,.T.);
#5492=EDGE_CURVE('',#4453,#4361,#2910,.T.);
#5493=EDGE_CURVE('',#4361,#4267,#2911,.T.);
#5494=EDGE_CURVE('',#4364,#4267,#2912,.T.);
#5495=EDGE_CURVE('',#4385,#4267,#2913,.T.);
#5496=EDGE_CURVE('',#4388,#4267,#2914,.T.);
#5497=EDGE_CURVE('',#4274,#4316,#2915,.T.);
#5498=EDGE_CURVE('',#4273,#4316,#2916,.T.);
#5499=EDGE_CURVE('',#4278,#4316,#2917,.T.);
#5500=EDGE_CURVE('',#4277,#4316,#2918,.T.);
#5501=EDGE_CURVE('',#4282,#4316,#2919,.T.);
#5502=EDGE_CURVE('',#4281,#4316,#2920,.T.);
#5503=EDGE_CURVE('',#4286,#4316,#2921,.T.);
#5504=EDGE_CURVE('',#4285,#4316,#2922,.T.);
#5505=EDGE_CURVE('',#4479,#4392,#2923,.T.);
#5506=EDGE_CURVE('',#4479,#4352,#2924,.T.);
#5507=EDGE_CURVE('',#4479,#4355,#2925,.T.);
#5508=EDGE_CURVE('',#4479,#4357,#2926,.T.);
#5509=EDGE_CURVE('',#4479,#4384,#2927,.T.);
#5510=EDGE_CURVE('',#4479,#4368,#2928,.T.);
#5511=EDGE_CURVE('',#4479,#4365,#2929,.T.);
#5512=EDGE_CURVE('',#4365,#4271,#2930,.T.);
#5513=EDGE_CURVE('',#4369,#4271,#2931,.T.);
#5514=EDGE_CURVE('',#4350,#4271,#2932,.T.);
#5515=EDGE_CURVE('',#4479,#4271,#2933,.T.);
#5516=EDGE_CURVE('',#4271,#4321,#2934,.T.);
#5517=EDGE_CURVE('',#4347,#4271,#2935,.T.);
#5518=EDGE_CURVE('',#4314,#4321,#2936,.T.);
#5519=EDGE_CURVE('',#4293,#4321,#2937,.T.);
#5520=EDGE_CURVE('',#4290,#4321,#2938,.T.);
#5521=EDGE_CURVE('',#4289,#4321,#2939,.T.);
#5522=EDGE_CURVE('',#4299,#4321,#2940,.T.);
#5523=EDGE_CURVE('',#4296,#4321,#2941,.T.);
#5524=EDGE_CURVE('',#4295,#4321,#2942,.T.);
#5525=EDGE_CURVE('',#4285,#4321,#2943,.T.);
#5526=EDGE_CURVE('',#4524,#4334,#2944,.T.);
#5527=EDGE_CURVE('',#4515,#4524,#2945,.T.);
#5528=EDGE_CURVE('',#4529,#4329,#2946,.T.);
#5529=EDGE_CURVE('',#4532,#4329,#2947,.T.);
#5530=EDGE_CURVE('',#4528,#4329,#2948,.T.);
#5531=EDGE_CURVE('',#4528,#4333,#2949,.T.);
#5532=EDGE_CURVE('',#4405,#4241,#2950,.T.);
#5533=EDGE_CURVE('',#4405,#4533,#2951,.T.);
#5534=EDGE_CURVE('',#4533,#4241,#2952,.T.);
#5535=EDGE_CURVE('',#4406,#4241,#2953,.T.);
#5536=EDGE_CURVE('',#4375,#4241,#2954,.T.);
#5537=EDGE_CURVE('',#4377,#4326,#2955,.T.);
#5538=EDGE_CURVE('',#4376,#4326,#2956,.T.);
#5539=EDGE_CURVE('',#4534,#4326,#2957,.T.);
#5540=EDGE_CURVE('',#4534,#4377,#2958,.T.);
#5541=EDGE_CURVE('',#4375,#4326,#2959,.T.);
#5542=EDGE_CURVE('',#4469,#4326,#2960,.T.);
#5543=EDGE_CURVE('',#4469,#4327,#2961,.T.);
#5544=EDGE_CURVE('',#4468,#4326,#2962,.T.);
#5545=EDGE_CURVE('',#4534,#4468,#2963,.T.);
#5546=EDGE_CURVE('',#4471,#4534,#2964,.T.);
#5547=EDGE_CURVE('',#4471,#4389,#2965,.T.);
#5548=EDGE_CURVE('',#4471,#4379,#2966,.T.);
#5549=EDGE_CURVE('',#4379,#4534,#2967,.T.);
#5550=EDGE_CURVE('',#4380,#4534,#2968,.T.);
#5551=EDGE_CURVE('',#4381,#4534,#2969,.T.);
#5552=EDGE_CURVE('',#4382,#4534,#2970,.T.);
#5553=EDGE_CURVE('',#4378,#4534,#2971,.T.);
#5554=EDGE_CURVE('',#4474,#4358,#2972,.T.);
#5555=EDGE_CURVE('',#4474,#4533,#2973,.T.);
#5556=EDGE_CURVE('',#4358,#4533,#2974,.T.);
#5557=EDGE_CURVE('',#4474,#4349,#2975,.T.);
#5558=EDGE_CURVE('',#4359,#4533,#2976,.T.);
#5559=EDGE_CURVE('',#4360,#4533,#2977,.T.);
#5560=EDGE_CURVE('',#4395,#4533,#2978,.T.);
#5561=EDGE_CURVE('',#4396,#4533,#2979,.T.);
#5562=EDGE_CURVE('',#4520,#4327,#2980,.T.);
#5563=EDGE_CURVE('',#4520,#4328,#2981,.T.);
#5564=EDGE_CURVE('',#4470,#4327,#2982,.T.);
#5565=EDGE_CURVE('',#4521,#4328,#2983,.T.);
#5566=EDGE_CURVE('',#4530,#4333,#2984,.T.);
#5567=EDGE_CURVE('',#4533,#4473,#2985,.T.);
#5568=EDGE_CURVE('',#4473,#4241,#2986,.T.);
#5569=EDGE_CURVE('',#4532,#4241,#2987,.T.);
#5570=EDGE_CURVE('',#4535,#4535,#4189,.T.);
#5571=EDGE_CURVE('',#4535,#4536,#2988,.T.);
#5572=EDGE_CURVE('',#4536,#4536,#4190,.T.);
#5573=EDGE_CURVE('',#4537,#4537,#4191,.T.);
#5574=EDGE_CURVE('',#4537,#4538,#2989,.T.);
#5575=EDGE_CURVE('',#4538,#4538,#4192,.T.);
#5576=EDGE_CURVE('',#4539,#4539,#4193,.T.);
#5577=EDGE_CURVE('',#4539,#4540,#2990,.T.);
#5578=EDGE_CURVE('',#4540,#4540,#4194,.T.);
#5579=EDGE_CURVE('',#4541,#4541,#4195,.T.);
#5580=EDGE_CURVE('',#4541,#4542,#2991,.T.);
#5581=EDGE_CURVE('',#4542,#4542,#4196,.T.);
#5582=EDGE_CURVE('',#4543,#4543,#4197,.T.);
#5583=EDGE_CURVE('',#4543,#4544,#2992,.T.);
#5584=EDGE_CURVE('',#4544,#4544,#4198,.T.);
#5585=EDGE_CURVE('',#4545,#4545,#4199,.T.);
#5586=EDGE_CURVE('',#4545,#4546,#2993,.T.);
#5587=EDGE_CURVE('',#4546,#4546,#4200,.T.);
#5588=EDGE_CURVE('',#4547,#4548,#2994,.T.);
#5589=EDGE_CURVE('',#4549,#4547,#2995,.T.);
#5590=EDGE_CURVE('',#4549,#4550,#2996,.T.);
#5591=EDGE_CURVE('',#4550,#4548,#2997,.T.);
#5592=EDGE_CURVE('',#4548,#4551,#2998,.T.);
#5593=EDGE_CURVE('',#4550,#4552,#2999,.T.);
#5594=EDGE_CURVE('',#4552,#4551,#3000,.T.);
#5595=EDGE_CURVE('',#4553,#4549,#3001,.T.);
#5596=EDGE_CURVE('',#4552,#4553,#3002,.T.);
#5597=EDGE_CURVE('',#4551,#4554,#3003,.T.);
#5598=EDGE_CURVE('',#4553,#4554,#3004,.T.);
#5599=EDGE_CURVE('',#4554,#4547,#3005,.T.);
#5600=EDGE_CURVE('',#4555,#4556,#3006,.T.);
#5601=EDGE_CURVE('',#4557,#4555,#3007,.T.);
#5602=EDGE_CURVE('',#4557,#4558,#3008,.T.);
#5603=EDGE_CURVE('',#4556,#4558,#3009,.T.);
#5604=EDGE_CURVE('',#4559,#4560,#3010,.T.);
#5605=EDGE_CURVE('',#4560,#4561,#3011,.T.);
#5606=EDGE_CURVE('',#4556,#4561,#3012,.T.);
#5607=EDGE_CURVE('',#4562,#4558,#3013,.T.);
#5608=EDGE_CURVE('',#4562,#4559,#3014,.T.);
#5609=EDGE_CURVE('',#4563,#4564,#3015,.T.);
#5610=EDGE_CURVE('',#4563,#4560,#3016,.T.);
#5611=EDGE_CURVE('',#4564,#4559,#3017,.T.);
#5612=EDGE_CURVE('',#4565,#4566,#3018,.T.);
#5613=EDGE_CURVE('',#4566,#4567,#3019,.T.);
#5614=EDGE_CURVE('',#4567,#4568,#3020,.T.);
#5615=EDGE_CURVE('',#4568,#4569,#3021,.T.);
#5616=EDGE_CURVE('',#4569,#4570,#3022,.T.);
#5617=EDGE_CURVE('',#4570,#4571,#3023,.T.);
#5618=EDGE_CURVE('',#4571,#4572,#3024,.T.);
#5619=EDGE_CURVE('',#4572,#4573,#3025,.T.);
#5620=EDGE_CURVE('',#4573,#4574,#3026,.T.);
#5621=EDGE_CURVE('',#4574,#4575,#3027,.T.);
#5622=EDGE_CURVE('',#4575,#4576,#3028,.T.);
#5623=EDGE_CURVE('',#4576,#4565,#3029,.T.);
#5624=EDGE_CURVE('',#4577,#4563,#3030,.T.);
#5625=EDGE_CURVE('',#4564,#4578,#3031,.T.);
#5626=EDGE_CURVE('',#4578,#4579,#3032,.T.);
#5627=EDGE_CURVE('',#4579,#4557,#3033,.T.);
#5628=EDGE_CURVE('',#4555,#4580,#3034,.T.);
#5629=EDGE_CURVE('',#4580,#4577,#3035,.T.);
#5630=EDGE_CURVE('',#4568,#4581,#3036,.T.);
#5631=EDGE_CURVE('',#4567,#4582,#3037,.T.);
#5632=EDGE_CURVE('',#4583,#4582,#3038,.T.);
#5633=EDGE_CURVE('',#4584,#4583,#3039,.T.);
#5634=EDGE_CURVE('',#4581,#4584,#3040,.T.);
#5635=EDGE_CURVE('',#4582,#4585,#3041,.T.);
#5636=EDGE_CURVE('',#4585,#4586,#3042,.T.);
#5637=EDGE_CURVE('',#4586,#4583,#3043,.T.);
#5638=EDGE_CURVE('',#4587,#4588,#3044,.T.);
#5639=EDGE_CURVE('',#4589,#4587,#3045,.T.);
#5640=EDGE_CURVE('',#4589,#4586,#3046,.T.);
#5641=EDGE_CURVE('',#4566,#4585,#3047,.T.);
#5642=EDGE_CURVE('',#4590,#4565,#3048,.T.);
#5643=EDGE_CURVE('',#4588,#4590,#3049,.T.);
#5644=EDGE_CURVE('',#4584,#4589,#3050,.T.);
#5645=EDGE_CURVE('',#4590,#4591,#3051,.T.);
#5646=EDGE_CURVE('',#4591,#4592,#3052,.T.);
#5647=EDGE_CURVE('',#4592,#4588,#3053,.T.);
#5648=EDGE_CURVE('',#4593,#4581,#3054,.T.);
#5649=EDGE_CURVE('',#4593,#4569,#3055,.T.);
#5650=EDGE_CURVE('',#4576,#4591,#3056,.T.);
#5651=EDGE_CURVE('',#4592,#4594,#3057,.T.);
#5652=EDGE_CURVE('',#4575,#4595,#3058,.T.);
#5653=EDGE_CURVE('',#4596,#4595,#3059,.T.);
#5654=EDGE_CURVE('',#4597,#4596,#3060,.T.);
#5655=EDGE_CURVE('',#4594,#4597,#3061,.T.);
#5656=EDGE_CURVE('',#4595,#4598,#3062,.T.);
#5657=EDGE_CURVE('',#4598,#4599,#3063,.T.);
#5658=EDGE_CURVE('',#4599,#4596,#3064,.T.);
#5659=EDGE_CURVE('',#4600,#4573,#3065,.T.);
#5660=EDGE_CURVE('',#4601,#4600,#3066,.T.);
#5661=EDGE_CURVE('',#4601,#4599,#3067,.T.);
#5662=EDGE_CURVE('',#4574,#4598,#3068,.T.);
#5663=EDGE_CURVE('',#4597,#4601,#3069,.T.);
#5664=EDGE_CURVE('',#4602,#4603,#3070,.T.);
#5665=EDGE_CURVE('',#4594,#4602,#3071,.T.);
#5666=EDGE_CURVE('',#4600,#4604,#3072,.T.);
#5667=EDGE_CURVE('',#4604,#4605,#3073,.T.);
#5668=EDGE_CURVE('',#4605,#4603,#3074,.T.);
#5669=EDGE_CURVE('',#4606,#4603,#3075,.T.);
#5670=EDGE_CURVE('',#4607,#4606,#3076,.T.);
#5671=EDGE_CURVE('',#4607,#4602,#3077,.T.);
#5672=EDGE_CURVE('',#4604,#4572,#3078,.T.);
#5673=EDGE_CURVE('',#4558,#4608,#3079,.T.);
#5674=EDGE_CURVE('',#4609,#4608,#3080,.T.);
#5675=EDGE_CURVE('',#4562,#4609,#3081,.T.);
#5676=EDGE_CURVE('',#4579,#4610,#3082,.T.);
#5677=EDGE_CURVE('',#4608,#4610,#3083,.T.);
#5678=EDGE_CURVE('',#4610,#4611,#3084,.T.);
#5679=EDGE_CURVE('',#4611,#4609,#3085,.T.);
#5680=EDGE_CURVE('',#4578,#4611,#3086,.T.);
#5681=EDGE_CURVE('',#4561,#4612,#3087,.T.);
#5682=EDGE_CURVE('',#4613,#4612,#3088,.T.);
#5683=EDGE_CURVE('',#4556,#4613,#3089,.T.);
#5684=EDGE_CURVE('',#4577,#4614,#3090,.T.);
#5685=EDGE_CURVE('',#4612,#4614,#3091,.T.);
#5686=EDGE_CURVE('',#4614,#4615,#3092,.T.);
#5687=EDGE_CURVE('',#4615,#4613,#3093,.T.);
#5688=EDGE_CURVE('',#4580,#4615,#3094,.T.);
#5689=EDGE_CURVE('',#4616,#4617,#3095,.T.);
#5690=EDGE_CURVE('',#4616,#4618,#3096,.T.);
#5691=EDGE_CURVE('',#4618,#4593,#3097,.T.);
#5692=EDGE_CURVE('',#4617,#4587,#3098,.T.);
#5693=EDGE_CURVE('',#4605,#4571,#3099,.T.);
#5694=EDGE_CURVE('',#4618,#4570,#3100,.T.);
#5695=EDGE_CURVE('',#4606,#4619,#3101,.T.);
#5696=EDGE_CURVE('',#4619,#4620,#3102,.T.);
#5697=EDGE_CURVE('',#4620,#4607,#3103,.T.);
#5698=EDGE_CURVE('',#4620,#4617,#3104,.T.);
#5699=EDGE_CURVE('',#4619,#4616,#3105,.T.);
#5700=EDGE_CURVE('',#4621,#4622,#3106,.T.);
#5701=EDGE_CURVE('',#4622,#4623,#3107,.T.);
#5702=EDGE_CURVE('',#4623,#4624,#3108,.T.);
#5703=EDGE_CURVE('',#4624,#4621,#3109,.T.);
#5704=EDGE_CURVE('',#4625,#4626,#3110,.T.);
#5705=EDGE_CURVE('',#4626,#4627,#3111,.T.);
#5706=EDGE_CURVE('',#4627,#4628,#3112,.T.);
#5707=EDGE_CURVE('',#4628,#4625,#3113,.T.);
#5708=EDGE_CURVE('',#4624,#4627,#3114,.T.);
#5709=EDGE_CURVE('',#4621,#4626,#3115,.T.);
#5710=EDGE_CURVE('',#4623,#4628,#3116,.T.);
#5711=EDGE_CURVE('',#4622,#4625,#3117,.T.);
#5712=EDGE_CURVE('',#4629,#4629,#4201,.T.);
#5713=EDGE_CURVE('',#4629,#4630,#3118,.T.);
#5714=EDGE_CURVE('',#4630,#4630,#4202,.T.);
#5715=ORIENTED_EDGE('',*,*,#4631,.T.);
#5716=ORIENTED_EDGE('',*,*,#4632,.T.);
#5717=ORIENTED_EDGE('',*,*,#4633,.F.);
#5718=ORIENTED_EDGE('',*,*,#4632,.F.);
#5719=ORIENTED_EDGE('',*,*,#4631,.F.);
#5720=ORIENTED_EDGE('',*,*,#4634,.F.);
#5721=ORIENTED_EDGE('',*,*,#4635,.T.);
#5722=ORIENTED_EDGE('',*,*,#4636,.F.);
#5723=ORIENTED_EDGE('',*,*,#4635,.F.);
#5724=ORIENTED_EDGE('',*,*,#4637,.F.);
#5725=ORIENTED_EDGE('',*,*,#4638,.T.);
#5726=ORIENTED_EDGE('',*,*,#4639,.F.);
#5727=ORIENTED_EDGE('',*,*,#4638,.F.);
#5728=ORIENTED_EDGE('',*,*,#4637,.T.);
#5729=ORIENTED_EDGE('',*,*,#4640,.F.);
#5730=ORIENTED_EDGE('',*,*,#4641,.F.);
#5731=ORIENTED_EDGE('',*,*,#4642,.F.);
#5732=ORIENTED_EDGE('',*,*,#4643,.F.);
#5733=ORIENTED_EDGE('',*,*,#4634,.T.);
#5734=ORIENTED_EDGE('',*,*,#4644,.F.);
#5735=ORIENTED_EDGE('',*,*,#4643,.T.);
#5736=ORIENTED_EDGE('',*,*,#4645,.T.);
#5737=ORIENTED_EDGE('',*,*,#4646,.T.);
#5738=ORIENTED_EDGE('',*,*,#4639,.T.);
#5739=ORIENTED_EDGE('',*,*,#4647,.F.);
#5740=ORIENTED_EDGE('',*,*,#4646,.F.);
#5741=ORIENTED_EDGE('',*,*,#4648,.T.);
#5742=ORIENTED_EDGE('',*,*,#4649,.F.);
#5743=ORIENTED_EDGE('',*,*,#4636,.T.);
#5744=ORIENTED_EDGE('',*,*,#4642,.T.);
#5745=ORIENTED_EDGE('',*,*,#4650,.F.);
#5746=ORIENTED_EDGE('',*,*,#4648,.F.);
#5747=ORIENTED_EDGE('',*,*,#4645,.F.);
#5748=ORIENTED_EDGE('',*,*,#4633,.T.);
#5749=ORIENTED_EDGE('',*,*,#4640,.T.);
#5750=ORIENTED_EDGE('',*,*,#4644,.T.);
#5751=ORIENTED_EDGE('',*,*,#4647,.T.);
#5752=ORIENTED_EDGE('',*,*,#4651,.F.);
#5753=ORIENTED_EDGE('',*,*,#4652,.F.);
#5754=ORIENTED_EDGE('',*,*,#4653,.F.);
#5755=ORIENTED_EDGE('',*,*,#4654,.T.);
#5756=ORIENTED_EDGE('',*,*,#4655,.F.);
#5757=ORIENTED_EDGE('',*,*,#4656,.F.);
#5758=ORIENTED_EDGE('',*,*,#4657,.F.);
#5759=ORIENTED_EDGE('',*,*,#4658,.F.);
#5760=ORIENTED_EDGE('',*,*,#4659,.F.);
#5761=ORIENTED_EDGE('',*,*,#4660,.F.);
#5762=ORIENTED_EDGE('',*,*,#4661,.T.);
#5763=ORIENTED_EDGE('',*,*,#4662,.F.);
#5764=ORIENTED_EDGE('',*,*,#4654,.F.);
#5765=ORIENTED_EDGE('',*,*,#4663,.F.);
#5766=ORIENTED_EDGE('',*,*,#4664,.T.);
#5767=ORIENTED_EDGE('',*,*,#4665,.F.);
#5768=ORIENTED_EDGE('',*,*,#4666,.T.);
#5769=ORIENTED_EDGE('',*,*,#4667,.F.);
#5770=ORIENTED_EDGE('',*,*,#4661,.F.);
#5771=ORIENTED_EDGE('',*,*,#4653,.T.);
#5772=ORIENTED_EDGE('',*,*,#4668,.T.);
#5773=ORIENTED_EDGE('',*,*,#4669,.T.);
#5774=ORIENTED_EDGE('',*,*,#4663,.T.);
#5775=ORIENTED_EDGE('',*,*,#4655,.T.);
#5776=ORIENTED_EDGE('',*,*,#4662,.T.);
#5777=ORIENTED_EDGE('',*,*,#4667,.T.);
#5778=ORIENTED_EDGE('',*,*,#4670,.T.);
#5779=ORIENTED_EDGE('',*,*,#4651,.T.);
#5780=ORIENTED_EDGE('',*,*,#4649,.T.);
#5781=ORIENTED_EDGE('',*,*,#4650,.T.);
#5782=ORIENTED_EDGE('',*,*,#4641,.T.);
#5783=ORIENTED_EDGE('',*,*,#4671,.F.);
#5784=ORIENTED_EDGE('',*,*,#4664,.F.);
#5785=ORIENTED_EDGE('',*,*,#4669,.F.);
#5786=ORIENTED_EDGE('',*,*,#4672,.T.);
#5787=ORIENTED_EDGE('',*,*,#4673,.F.);
#5788=ORIENTED_EDGE('',*,*,#4672,.F.);
#5789=ORIENTED_EDGE('',*,*,#4668,.F.);
#5790=ORIENTED_EDGE('',*,*,#4652,.T.);
#5791=ORIENTED_EDGE('',*,*,#4670,.F.);
#5792=ORIENTED_EDGE('',*,*,#4666,.F.);
#5793=ORIENTED_EDGE('',*,*,#4674,.F.);
#5794=ORIENTED_EDGE('',*,*,#4675,.F.);
#5795=ORIENTED_EDGE('',*,*,#4676,.F.);
#5796=ORIENTED_EDGE('',*,*,#4677,.F.);
#5797=ORIENTED_EDGE('',*,*,#4656,.T.);
#5798=ORIENTED_EDGE('',*,*,#4671,.T.);
#5799=ORIENTED_EDGE('',*,*,#4673,.T.);
#5800=ORIENTED_EDGE('',*,*,#4678,.F.);
#5801=ORIENTED_EDGE('',*,*,#4679,.F.);
#5802=ORIENTED_EDGE('',*,*,#4680,.T.);
#5803=ORIENTED_EDGE('',*,*,#4681,.F.);
#5804=ORIENTED_EDGE('',*,*,#4677,.T.);
#5805=ORIENTED_EDGE('',*,*,#4682,.T.);
#5806=ORIENTED_EDGE('',*,*,#4683,.F.);
#5807=ORIENTED_EDGE('',*,*,#4678,.T.);
#5808=ORIENTED_EDGE('',*,*,#4657,.T.);
#5809=ORIENTED_EDGE('',*,*,#4681,.T.);
#5810=ORIENTED_EDGE('',*,*,#4684,.T.);
#5811=ORIENTED_EDGE('',*,*,#4676,.T.);
#5812=ORIENTED_EDGE('',*,*,#4685,.T.);
#5813=ORIENTED_EDGE('',*,*,#4686,.F.);
#5814=ORIENTED_EDGE('',*,*,#4682,.F.);
#5815=ORIENTED_EDGE('',*,*,#4675,.T.);
#5816=ORIENTED_EDGE('',*,*,#4687,.T.);
#5817=ORIENTED_EDGE('',*,*,#4685,.F.);
#5818=ORIENTED_EDGE('',*,*,#4688,.T.);
#5819=ORIENTED_EDGE('',*,*,#4689,.F.);
#5820=ORIENTED_EDGE('',*,*,#4690,.T.);
#5821=ORIENTED_EDGE('',*,*,#4688,.F.);
#5822=ORIENTED_EDGE('',*,*,#4691,.T.);
#5823=ORIENTED_EDGE('',*,*,#4692,.F.);
#5824=ORIENTED_EDGE('',*,*,#4693,.T.);
#5825=ORIENTED_EDGE('',*,*,#4694,.F.);
#5826=ORIENTED_EDGE('',*,*,#4695,.T.);
#5827=ORIENTED_EDGE('',*,*,#4693,.F.);
#5828=ORIENTED_EDGE('',*,*,#4696,.T.);
#5829=ORIENTED_EDGE('',*,*,#4697,.F.);
#5830=ORIENTED_EDGE('',*,*,#4698,.F.);
#5831=ORIENTED_EDGE('',*,*,#4699,.T.);
#5832=ORIENTED_EDGE('',*,*,#4700,.T.);
#5833=ORIENTED_EDGE('',*,*,#4698,.T.);
#5834=ORIENTED_EDGE('',*,*,#4701,.F.);
#5835=ORIENTED_EDGE('',*,*,#4702,.F.);
#5836=ORIENTED_EDGE('',*,*,#4703,.F.);
#5837=ORIENTED_EDGE('',*,*,#4704,.T.);
#5838=ORIENTED_EDGE('',*,*,#4702,.T.);
#5839=ORIENTED_EDGE('',*,*,#4703,.T.);
#5840=ORIENTED_EDGE('',*,*,#4705,.F.);
#5841=ORIENTED_EDGE('',*,*,#4706,.F.);
#5842=ORIENTED_EDGE('',*,*,#4707,.F.);
#5843=ORIENTED_EDGE('',*,*,#4708,.T.);
#5844=ORIENTED_EDGE('',*,*,#4706,.T.);
#5845=ORIENTED_EDGE('',*,*,#4707,.T.);
#5846=ORIENTED_EDGE('',*,*,#4709,.F.);
#5847=ORIENTED_EDGE('',*,*,#4691,.F.);
#5848=ORIENTED_EDGE('',*,*,#4710,.F.);
#5849=ORIENTED_EDGE('',*,*,#4711,.T.);
#5850=ORIENTED_EDGE('',*,*,#4712,.T.);
#5851=ORIENTED_EDGE('',*,*,#4710,.T.);
#5852=ORIENTED_EDGE('',*,*,#4713,.F.);
#5853=ORIENTED_EDGE('',*,*,#4700,.F.);
#5854=ORIENTED_EDGE('',*,*,#4714,.T.);
#5855=ORIENTED_EDGE('',*,*,#4715,.F.);
#5856=ORIENTED_EDGE('',*,*,#4716,.F.);
#5857=ORIENTED_EDGE('',*,*,#4714,.F.);
#5858=ORIENTED_EDGE('',*,*,#4717,.T.);
#5859=ORIENTED_EDGE('',*,*,#4718,.T.);
#5860=ORIENTED_EDGE('',*,*,#4719,.T.);
#5861=ORIENTED_EDGE('',*,*,#4717,.F.);
#5862=ORIENTED_EDGE('',*,*,#4720,.F.);
#5863=ORIENTED_EDGE('',*,*,#4719,.F.);
#5864=ORIENTED_EDGE('',*,*,#4721,.T.);
#5865=ORIENTED_EDGE('',*,*,#4722,.T.);
#5866=ORIENTED_EDGE('',*,*,#4723,.T.);
#5867=ORIENTED_EDGE('',*,*,#4721,.F.);
#5868=ORIENTED_EDGE('',*,*,#4724,.F.);
#5869=ORIENTED_EDGE('',*,*,#4723,.F.);
#5870=ORIENTED_EDGE('',*,*,#4694,.T.);
#5871=ORIENTED_EDGE('',*,*,#4725,.T.);
#5872=ORIENTED_EDGE('',*,*,#4726,.T.);
#5873=ORIENTED_EDGE('',*,*,#4712,.F.);
#5874=ORIENTED_EDGE('',*,*,#4727,.F.);
#5875=ORIENTED_EDGE('',*,*,#4726,.F.);
#5876=ORIENTED_EDGE('',*,*,#4715,.T.);
#5877=ORIENTED_EDGE('',*,*,#4728,.T.);
#5878=ORIENTED_EDGE('',*,*,#4729,.F.);
#5879=ORIENTED_EDGE('',*,*,#4730,.T.);
#5880=ORIENTED_EDGE('',*,*,#4731,.F.);
#5881=ORIENTED_EDGE('',*,*,#4729,.T.);
#5882=ORIENTED_EDGE('',*,*,#4732,.F.);
#5883=ORIENTED_EDGE('',*,*,#4689,.T.);
#5884=ORIENTED_EDGE('',*,*,#4733,.F.);
#5885=ORIENTED_EDGE('',*,*,#4734,.T.);
#5886=ORIENTED_EDGE('',*,*,#4735,.F.);
#5887=ORIENTED_EDGE('',*,*,#4733,.T.);
#5888=ORIENTED_EDGE('',*,*,#4736,.F.);
#5889=ORIENTED_EDGE('',*,*,#4732,.T.);
#5890=ORIENTED_EDGE('',*,*,#4737,.F.);
#5891=ORIENTED_EDGE('',*,*,#4696,.F.);
#5892=ORIENTED_EDGE('',*,*,#4738,.T.);
#5893=ORIENTED_EDGE('',*,*,#4737,.T.);
#5894=ORIENTED_EDGE('',*,*,#4739,.T.);
#5895=ORIENTED_EDGE('',*,*,#4740,.F.);
#5896=ORIENTED_EDGE('',*,*,#4741,.F.);
#5897=ORIENTED_EDGE('',*,*,#4738,.F.);
#5898=ORIENTED_EDGE('',*,*,#4742,.T.);
#5899=ORIENTED_EDGE('',*,*,#4741,.T.);
#5900=ORIENTED_EDGE('',*,*,#4743,.T.);
#5901=ORIENTED_EDGE('',*,*,#4744,.F.);
#5902=ORIENTED_EDGE('',*,*,#4745,.F.);
#5903=ORIENTED_EDGE('',*,*,#4746,.T.);
#5904=ORIENTED_EDGE('',*,*,#4747,.T.);
#5905=ORIENTED_EDGE('',*,*,#4745,.T.);
#5906=ORIENTED_EDGE('',*,*,#4748,.F.);
#5907=ORIENTED_EDGE('',*,*,#4749,.F.);
#5908=ORIENTED_EDGE('',*,*,#4750,.F.);
#5909=ORIENTED_EDGE('',*,*,#4751,.T.);
#5910=ORIENTED_EDGE('',*,*,#4752,.T.);
#5911=ORIENTED_EDGE('',*,*,#4750,.T.);
#5912=ORIENTED_EDGE('',*,*,#4753,.F.);
#5913=ORIENTED_EDGE('',*,*,#4754,.F.);
#5914=ORIENTED_EDGE('',*,*,#4755,.F.);
#5915=ORIENTED_EDGE('',*,*,#4735,.T.);
#5916=ORIENTED_EDGE('',*,*,#4756,.T.);
#5917=ORIENTED_EDGE('',*,*,#4755,.T.);
#5918=ORIENTED_EDGE('',*,*,#4746,.F.);
#5919=ORIENTED_EDGE('',*,*,#4757,.F.);
#5920=ORIENTED_EDGE('',*,*,#4758,.F.);
#5921=ORIENTED_EDGE('',*,*,#4748,.T.);
#5922=ORIENTED_EDGE('',*,*,#4759,.T.);
#5923=ORIENTED_EDGE('',*,*,#4758,.T.);
#5924=ORIENTED_EDGE('',*,*,#4751,.F.);
#5925=ORIENTED_EDGE('',*,*,#4760,.F.);
#5926=ORIENTED_EDGE('',*,*,#4761,.F.);
#5927=ORIENTED_EDGE('',*,*,#4762,.T.);
#5928=ORIENTED_EDGE('',*,*,#4763,.T.);
#5929=ORIENTED_EDGE('',*,*,#4761,.T.);
#5930=ORIENTED_EDGE('',*,*,#4764,.F.);
#5931=ORIENTED_EDGE('',*,*,#4765,.F.);
#5932=ORIENTED_EDGE('',*,*,#4766,.F.);
#5933=ORIENTED_EDGE('',*,*,#4753,.T.);
#5934=ORIENTED_EDGE('',*,*,#4767,.T.);
#5935=ORIENTED_EDGE('',*,*,#4766,.T.);
#5936=ORIENTED_EDGE('',*,*,#4762,.F.);
#5937=ORIENTED_EDGE('',*,*,#4768,.F.);
#5938=ORIENTED_EDGE('',*,*,#4769,.F.);
#5939=ORIENTED_EDGE('',*,*,#4770,.T.);
#5940=ORIENTED_EDGE('',*,*,#4771,.T.);
#5941=ORIENTED_EDGE('',*,*,#4769,.T.);
#5942=ORIENTED_EDGE('',*,*,#4772,.F.);
#5943=ORIENTED_EDGE('',*,*,#4773,.F.);
#5944=ORIENTED_EDGE('',*,*,#4774,.T.);
#5945=ORIENTED_EDGE('',*,*,#4775,.F.);
#5946=ORIENTED_EDGE('',*,*,#4776,.F.);
#5947=ORIENTED_EDGE('',*,*,#4774,.F.);
#5948=ORIENTED_EDGE('',*,*,#4777,.T.);
#5949=ORIENTED_EDGE('',*,*,#4778,.T.);
#5950=ORIENTED_EDGE('',*,*,#4779,.T.);
#5951=ORIENTED_EDGE('',*,*,#4780,.F.);
#5952=ORIENTED_EDGE('',*,*,#4781,.F.);
#5953=ORIENTED_EDGE('',*,*,#4779,.F.);
#5954=ORIENTED_EDGE('',*,*,#4782,.T.);
#5955=ORIENTED_EDGE('',*,*,#4776,.T.);
#5956=ORIENTED_EDGE('',*,*,#4783,.T.);
#5957=ORIENTED_EDGE('',*,*,#4784,.F.);
#5958=ORIENTED_EDGE('',*,*,#4785,.F.);
#5959=ORIENTED_EDGE('',*,*,#4783,.F.);
#5960=ORIENTED_EDGE('',*,*,#4786,.T.);
#5961=ORIENTED_EDGE('',*,*,#4787,.T.);
#5962=ORIENTED_EDGE('',*,*,#4788,.T.);
#5963=ORIENTED_EDGE('',*,*,#4789,.F.);
#5964=ORIENTED_EDGE('',*,*,#4790,.F.);
#5965=ORIENTED_EDGE('',*,*,#4788,.F.);
#5966=ORIENTED_EDGE('',*,*,#4791,.T.);
#5967=ORIENTED_EDGE('',*,*,#4785,.T.);
#5968=ORIENTED_EDGE('',*,*,#4792,.F.);
#5969=ORIENTED_EDGE('',*,*,#4740,.T.);
#5970=ORIENTED_EDGE('',*,*,#4793,.T.);
#5971=ORIENTED_EDGE('',*,*,#4792,.T.);
#5972=ORIENTED_EDGE('',*,*,#4794,.F.);
#5973=ORIENTED_EDGE('',*,*,#4697,.T.);
#5974=ORIENTED_EDGE('',*,*,#4795,.F.);
#5975=ORIENTED_EDGE('',*,*,#4794,.T.);
#5976=ORIENTED_EDGE('',*,*,#4796,.T.);
#5977=ORIENTED_EDGE('',*,*,#4797,.F.);
#5978=ORIENTED_EDGE('',*,*,#4795,.T.);
#5979=ORIENTED_EDGE('',*,*,#4798,.T.);
#5980=ORIENTED_EDGE('',*,*,#4797,.T.);
#5981=ORIENTED_EDGE('',*,*,#4799,.F.);
#5982=ORIENTED_EDGE('',*,*,#4725,.F.);
#5983=ORIENTED_EDGE('',*,*,#4800,.F.);
#5984=ORIENTED_EDGE('',*,*,#4709,.T.);
#5985=ORIENTED_EDGE('',*,*,#4801,.T.);
#5986=ORIENTED_EDGE('',*,*,#4802,.F.);
#5987=ORIENTED_EDGE('',*,*,#4692,.T.);
#5988=ORIENTED_EDGE('',*,*,#4803,.T.);
#5989=ORIENTED_EDGE('',*,*,#4804,.F.);
#5990=ORIENTED_EDGE('',*,*,#4705,.T.);
#5991=ORIENTED_EDGE('',*,*,#4805,.T.);
#5992=ORIENTED_EDGE('',*,*,#4806,.F.);
#5993=ORIENTED_EDGE('',*,*,#4701,.T.);
#5994=ORIENTED_EDGE('',*,*,#4807,.T.);
#5995=ORIENTED_EDGE('',*,*,#4808,.F.);
#5996=ORIENTED_EDGE('',*,*,#4713,.T.);
#5997=ORIENTED_EDGE('',*,*,#4809,.T.);
#5998=ORIENTED_EDGE('',*,*,#4810,.F.);
#5999=ORIENTED_EDGE('',*,*,#4799,.T.);
#6000=ORIENTED_EDGE('',*,*,#4811,.T.);
#6001=ORIENTED_EDGE('',*,*,#4810,.T.);
#6002=ORIENTED_EDGE('',*,*,#4812,.F.);
#6003=ORIENTED_EDGE('',*,*,#4722,.F.);
#6004=ORIENTED_EDGE('',*,*,#4802,.T.);
#6005=ORIENTED_EDGE('',*,*,#4813,.F.);
#6006=ORIENTED_EDGE('',*,*,#4730,.F.);
#6007=ORIENTED_EDGE('',*,*,#4814,.F.);
#6008=ORIENTED_EDGE('',*,*,#4812,.T.);
#6009=ORIENTED_EDGE('',*,*,#4815,.T.);
#6010=ORIENTED_EDGE('',*,*,#4816,.T.);
#6011=ORIENTED_EDGE('',*,*,#4817,.F.);
#6012=ORIENTED_EDGE('',*,*,#4803,.F.);
#6013=ORIENTED_EDGE('',*,*,#4814,.T.);
#6014=ORIENTED_EDGE('',*,*,#4818,.F.);
#6015=ORIENTED_EDGE('',*,*,#4718,.F.);
#6016=ORIENTED_EDGE('',*,*,#4800,.T.);
#6017=ORIENTED_EDGE('',*,*,#4819,.F.);
#6018=ORIENTED_EDGE('',*,*,#4816,.F.);
#6019=ORIENTED_EDGE('',*,*,#4820,.F.);
#6020=ORIENTED_EDGE('',*,*,#4818,.T.);
#6021=ORIENTED_EDGE('',*,*,#4821,.T.);
#6022=ORIENTED_EDGE('',*,*,#4804,.T.);
#6023=ORIENTED_EDGE('',*,*,#4822,.F.);
#6024=ORIENTED_EDGE('',*,*,#4801,.F.);
#6025=ORIENTED_EDGE('',*,*,#4820,.T.);
#6026=ORIENTED_EDGE('',*,*,#4823,.F.);
#6027=ORIENTED_EDGE('',*,*,#4728,.F.);
#6028=ORIENTED_EDGE('',*,*,#4806,.T.);
#6029=ORIENTED_EDGE('',*,*,#4824,.F.);
#6030=ORIENTED_EDGE('',*,*,#4805,.F.);
#6031=ORIENTED_EDGE('',*,*,#4825,.F.);
#6032=ORIENTED_EDGE('',*,*,#4823,.T.);
#6033=ORIENTED_EDGE('',*,*,#4826,.T.);
#6034=ORIENTED_EDGE('',*,*,#4808,.T.);
#6035=ORIENTED_EDGE('',*,*,#4827,.F.);
#6036=ORIENTED_EDGE('',*,*,#4807,.F.);
#6037=ORIENTED_EDGE('',*,*,#4825,.T.);
#6038=ORIENTED_EDGE('',*,*,#4828,.F.);
#6039=ORIENTED_EDGE('',*,*,#4809,.F.);
#6040=ORIENTED_EDGE('',*,*,#4829,.F.);
#6041=ORIENTED_EDGE('',*,*,#4764,.T.);
#6042=ORIENTED_EDGE('',*,*,#4830,.T.);
#6043=ORIENTED_EDGE('',*,*,#4829,.T.);
#6044=ORIENTED_EDGE('',*,*,#4770,.F.);
#6045=ORIENTED_EDGE('',*,*,#4831,.F.);
#6046=ORIENTED_EDGE('',*,*,#4832,.F.);
#6047=ORIENTED_EDGE('',*,*,#4690,.F.);
#6048=ORIENTED_EDGE('',*,*,#4736,.T.);
#6049=ORIENTED_EDGE('',*,*,#4832,.T.);
#6050=ORIENTED_EDGE('',*,*,#4833,.F.);
#6051=ORIENTED_EDGE('',*,*,#4708,.F.);
#6052=ORIENTED_EDGE('',*,*,#4833,.T.);
#6053=ORIENTED_EDGE('',*,*,#4834,.F.);
#6054=ORIENTED_EDGE('',*,*,#4704,.F.);
#6055=ORIENTED_EDGE('',*,*,#4835,.F.);
#6056=ORIENTED_EDGE('',*,*,#4834,.T.);
#6057=ORIENTED_EDGE('',*,*,#4757,.T.);
#6058=ORIENTED_EDGE('',*,*,#4836,.F.);
#6059=ORIENTED_EDGE('',*,*,#4835,.T.);
#6060=ORIENTED_EDGE('',*,*,#4749,.T.);
#6061=ORIENTED_EDGE('',*,*,#4837,.F.);
#6062=ORIENTED_EDGE('',*,*,#4724,.T.);
#6063=ORIENTED_EDGE('',*,*,#4838,.T.);
#6064=ORIENTED_EDGE('',*,*,#4837,.T.);
#6065=ORIENTED_EDGE('',*,*,#4742,.F.);
#6066=ORIENTED_EDGE('',*,*,#4695,.F.);
#6067=ORIENTED_EDGE('',*,*,#4838,.F.);
#6068=ORIENTED_EDGE('',*,*,#4720,.T.);
#6069=ORIENTED_EDGE('',*,*,#4839,.T.);
#6070=ORIENTED_EDGE('',*,*,#4840,.F.);
#6071=ORIENTED_EDGE('',*,*,#4716,.T.);
#6072=ORIENTED_EDGE('',*,*,#4841,.T.);
#6073=ORIENTED_EDGE('',*,*,#4842,.F.);
#6074=ORIENTED_EDGE('',*,*,#4727,.T.);
#6075=ORIENTED_EDGE('',*,*,#4843,.T.);
#6076=ORIENTED_EDGE('',*,*,#4844,.F.);
#6077=ORIENTED_EDGE('',*,*,#4836,.T.);
#6078=ORIENTED_EDGE('',*,*,#4760,.T.);
#6079=ORIENTED_EDGE('',*,*,#4844,.T.);
#6080=ORIENTED_EDGE('',*,*,#4845,.F.);
#6081=ORIENTED_EDGE('',*,*,#4699,.F.);
#6082=ORIENTED_EDGE('',*,*,#4846,.T.);
#6083=ORIENTED_EDGE('',*,*,#4847,.F.);
#6084=ORIENTED_EDGE('',*,*,#4839,.F.);
#6085=ORIENTED_EDGE('',*,*,#4848,.F.);
#6086=ORIENTED_EDGE('',*,*,#4845,.T.);
#6087=ORIENTED_EDGE('',*,*,#4754,.T.);
#6088=ORIENTED_EDGE('',*,*,#4849,.T.);
#6089=ORIENTED_EDGE('',*,*,#4850,.F.);
#6090=ORIENTED_EDGE('',*,*,#4846,.F.);
#6091=ORIENTED_EDGE('',*,*,#4851,.F.);
#6092=ORIENTED_EDGE('',*,*,#4848,.T.);
#6093=ORIENTED_EDGE('',*,*,#4768,.T.);
#6094=ORIENTED_EDGE('',*,*,#4840,.T.);
#6095=ORIENTED_EDGE('',*,*,#4782,.F.);
#6096=ORIENTED_EDGE('',*,*,#4849,.F.);
#6097=ORIENTED_EDGE('',*,*,#4852,.F.);
#6098=ORIENTED_EDGE('',*,*,#4851,.T.);
#6099=ORIENTED_EDGE('',*,*,#4765,.T.);
#6100=ORIENTED_EDGE('',*,*,#4853,.T.);
#6101=ORIENTED_EDGE('',*,*,#4777,.F.);
#6102=ORIENTED_EDGE('',*,*,#4841,.F.);
#6103=ORIENTED_EDGE('',*,*,#4852,.T.);
#6104=ORIENTED_EDGE('',*,*,#4854,.F.);
#6105=ORIENTED_EDGE('',*,*,#4711,.F.);
#6106=ORIENTED_EDGE('',*,*,#4855,.T.);
#6107=ORIENTED_EDGE('',*,*,#4856,.F.);
#6108=ORIENTED_EDGE('',*,*,#4853,.F.);
#6109=ORIENTED_EDGE('',*,*,#4857,.F.);
#6110=ORIENTED_EDGE('',*,*,#4854,.T.);
#6111=ORIENTED_EDGE('',*,*,#4831,.T.);
#6112=ORIENTED_EDGE('',*,*,#4842,.T.);
#6113=ORIENTED_EDGE('',*,*,#4791,.F.);
#6114=ORIENTED_EDGE('',*,*,#4855,.F.);
#6115=ORIENTED_EDGE('',*,*,#4858,.F.);
#6116=ORIENTED_EDGE('',*,*,#4857,.T.);
#6117=ORIENTED_EDGE('',*,*,#4773,.T.);
#6118=ORIENTED_EDGE('',*,*,#4859,.T.);
#6119=ORIENTED_EDGE('',*,*,#4786,.F.);
#6120=ORIENTED_EDGE('',*,*,#4843,.F.);
#6121=ORIENTED_EDGE('',*,*,#4858,.T.);
#6122=ORIENTED_EDGE('',*,*,#4860,.F.);
#6123=ORIENTED_EDGE('',*,*,#4859,.F.);
#6124=ORIENTED_EDGE('',*,*,#4861,.T.);
#6125=ORIENTED_EDGE('',*,*,#4862,.F.);
#6126=ORIENTED_EDGE('',*,*,#4743,.F.);
#6127=ORIENTED_EDGE('',*,*,#4861,.F.);
#6128=ORIENTED_EDGE('',*,*,#4847,.T.);
#6129=ORIENTED_EDGE('',*,*,#4863,.T.);
#6130=ORIENTED_EDGE('',*,*,#4864,.T.);
#6131=ORIENTED_EDGE('',*,*,#4865,.F.);
#6132=ORIENTED_EDGE('',*,*,#4778,.F.);
#6133=ORIENTED_EDGE('',*,*,#4864,.F.);
#6134=ORIENTED_EDGE('',*,*,#4856,.T.);
#6135=ORIENTED_EDGE('',*,*,#4790,.T.);
#6136=ORIENTED_EDGE('',*,*,#4866,.T.);
#6137=ORIENTED_EDGE('',*,*,#4867,.F.);
#6138=ORIENTED_EDGE('',*,*,#4863,.F.);
#6139=ORIENTED_EDGE('',*,*,#4866,.F.);
#6140=ORIENTED_EDGE('',*,*,#4850,.T.);
#6141=ORIENTED_EDGE('',*,*,#4781,.T.);
#6142=ORIENTED_EDGE('',*,*,#4868,.T.);
#6143=ORIENTED_EDGE('',*,*,#4869,.F.);
#6144=ORIENTED_EDGE('',*,*,#4787,.F.);
#6145=ORIENTED_EDGE('',*,*,#4868,.F.);
#6146=ORIENTED_EDGE('',*,*,#4860,.T.);
#6147=ORIENTED_EDGE('',*,*,#4772,.T.);
#6148=ORIENTED_EDGE('',*,*,#4870,.T.);
#6149=ORIENTED_EDGE('',*,*,#4871,.F.);
#6150=ORIENTED_EDGE('',*,*,#4872,.F.);
#6151=ORIENTED_EDGE('',*,*,#4872,.T.);
#6152=ORIENTED_EDGE('',*,*,#4873,.F.);
#6153=ORIENTED_EDGE('',*,*,#4874,.F.);
#6154=ORIENTED_EDGE('',*,*,#4875,.F.);
#6155=ORIENTED_EDGE('',*,*,#4876,.T.);
#6156=ORIENTED_EDGE('',*,*,#4877,.F.);
#6157=ORIENTED_EDGE('',*,*,#4877,.T.);
#6158=ORIENTED_EDGE('',*,*,#4878,.F.);
#6159=ORIENTED_EDGE('',*,*,#4879,.F.);
#6160=ORIENTED_EDGE('',*,*,#4880,.F.);
#6161=ORIENTED_EDGE('',*,*,#4878,.T.);
#6162=ORIENTED_EDGE('',*,*,#4881,.T.);
#6163=ORIENTED_EDGE('',*,*,#4882,.T.);
#6164=ORIENTED_EDGE('',*,*,#4883,.F.);
#6165=ORIENTED_EDGE('',*,*,#4884,.T.);
#6166=ORIENTED_EDGE('',*,*,#4882,.F.);
#6167=ORIENTED_EDGE('',*,*,#4885,.T.);
#6168=ORIENTED_EDGE('',*,*,#4886,.T.);
#6169=ORIENTED_EDGE('',*,*,#4887,.T.);
#6170=ORIENTED_EDGE('',*,*,#4888,.F.);
#6171=ORIENTED_EDGE('',*,*,#4889,.F.);
#6172=ORIENTED_EDGE('',*,*,#4659,.T.);
#6173=ORIENTED_EDGE('',*,*,#4890,.F.);
#6174=ORIENTED_EDGE('',*,*,#4887,.F.);
#6175=ORIENTED_EDGE('',*,*,#4891,.T.);
#6176=ORIENTED_EDGE('',*,*,#4892,.F.);
#6177=ORIENTED_EDGE('',*,*,#4888,.T.);
#6178=ORIENTED_EDGE('',*,*,#4893,.T.);
#6179=ORIENTED_EDGE('',*,*,#4892,.T.);
#6180=ORIENTED_EDGE('',*,*,#4894,.F.);
#6181=ORIENTED_EDGE('',*,*,#4895,.F.);
#6182=ORIENTED_EDGE('',*,*,#4894,.T.);
#6183=ORIENTED_EDGE('',*,*,#4896,.F.);
#6184=ORIENTED_EDGE('',*,*,#4897,.F.);
#6185=ORIENTED_EDGE('',*,*,#4874,.T.);
#6186=ORIENTED_EDGE('',*,*,#4898,.F.);
#6187=ORIENTED_EDGE('',*,*,#4886,.F.);
#6188=ORIENTED_EDGE('',*,*,#4870,.F.);
#6189=ORIENTED_EDGE('',*,*,#4896,.T.);
#6190=ORIENTED_EDGE('',*,*,#4875,.T.);
#6191=ORIENTED_EDGE('',*,*,#4658,.T.);
#6192=ORIENTED_EDGE('',*,*,#4684,.F.);
#6193=ORIENTED_EDGE('',*,*,#4890,.T.);
#6194=ORIENTED_EDGE('',*,*,#4686,.T.);
#6195=ORIENTED_EDGE('',*,*,#4899,.F.);
#6196=ORIENTED_EDGE('',*,*,#4900,.F.);
#6197=ORIENTED_EDGE('',*,*,#4901,.F.);
#6198=ORIENTED_EDGE('',*,*,#4899,.T.);
#6199=ORIENTED_EDGE('',*,*,#4902,.T.);
#6200=ORIENTED_EDGE('',*,*,#4880,.T.);
#6201=ORIENTED_EDGE('',*,*,#4903,.F.);
#6202=ORIENTED_EDGE('',*,*,#4904,.F.);
#6203=ORIENTED_EDGE('',*,*,#4903,.T.);
#6204=ORIENTED_EDGE('',*,*,#4905,.F.);
#6205=ORIENTED_EDGE('',*,*,#4906,.F.);
#6206=ORIENTED_EDGE('',*,*,#4905,.T.);
#6207=ORIENTED_EDGE('',*,*,#4907,.F.);
#6208=ORIENTED_EDGE('',*,*,#4908,.F.);
#6209=ORIENTED_EDGE('',*,*,#4909,.T.);
#6210=ORIENTED_EDGE('',*,*,#4910,.F.);
#6211=ORIENTED_EDGE('',*,*,#4881,.F.);
#6212=ORIENTED_EDGE('',*,*,#4901,.T.);
#6213=ORIENTED_EDGE('',*,*,#4911,.F.);
#6214=ORIENTED_EDGE('',*,*,#4909,.F.);
#6215=ORIENTED_EDGE('',*,*,#4912,.F.);
#6216=ORIENTED_EDGE('',*,*,#4907,.T.);
#6217=ORIENTED_EDGE('',*,*,#4913,.T.);
#6218=ORIENTED_EDGE('',*,*,#4912,.T.);
#6219=ORIENTED_EDGE('',*,*,#4914,.T.);
#6220=ORIENTED_EDGE('',*,*,#4915,.F.);
#6221=ORIENTED_EDGE('',*,*,#4916,.T.);
#6222=ORIENTED_EDGE('',*,*,#4917,.F.);
#6223=ORIENTED_EDGE('',*,*,#4918,.T.);
#6224=ORIENTED_EDGE('',*,*,#4919,.T.);
#6225=ORIENTED_EDGE('',*,*,#4920,.F.);
#6226=ORIENTED_EDGE('',*,*,#4916,.F.);
#6227=ORIENTED_EDGE('',*,*,#4919,.F.);
#6228=ORIENTED_EDGE('',*,*,#4921,.T.);
#6229=ORIENTED_EDGE('',*,*,#4922,.T.);
#6230=ORIENTED_EDGE('',*,*,#4923,.T.);
#6231=ORIENTED_EDGE('',*,*,#4922,.F.);
#6232=ORIENTED_EDGE('',*,*,#4924,.T.);
#6233=ORIENTED_EDGE('',*,*,#4923,.F.);
#6234=ORIENTED_EDGE('',*,*,#4925,.T.);
#6235=ORIENTED_EDGE('',*,*,#4926,.F.);
#6236=ORIENTED_EDGE('',*,*,#4927,.T.);
#6237=ORIENTED_EDGE('',*,*,#4928,.F.);
#6238=ORIENTED_EDGE('',*,*,#4929,.F.);
#6239=ORIENTED_EDGE('',*,*,#4927,.F.);
#6240=ORIENTED_EDGE('',*,*,#4930,.T.);
#6241=ORIENTED_EDGE('',*,*,#4931,.T.);
#6242=ORIENTED_EDGE('',*,*,#4932,.T.);
#6243=ORIENTED_EDGE('',*,*,#4933,.F.);
#6244=ORIENTED_EDGE('',*,*,#4925,.F.);
#6245=ORIENTED_EDGE('',*,*,#4932,.F.);
#6246=ORIENTED_EDGE('',*,*,#4934,.T.);
#6247=ORIENTED_EDGE('',*,*,#4929,.T.);
#6248=ORIENTED_EDGE('',*,*,#4935,.T.);
#6249=ORIENTED_EDGE('',*,*,#4936,.T.);
#6250=ORIENTED_EDGE('',*,*,#4937,.F.);
#6251=ORIENTED_EDGE('',*,*,#4935,.F.);
#6252=ORIENTED_EDGE('',*,*,#4938,.F.);
#6253=ORIENTED_EDGE('',*,*,#4939,.T.);
#6254=ORIENTED_EDGE('',*,*,#4940,.T.);
#6255=ORIENTED_EDGE('',*,*,#4941,.T.);
#6256=ORIENTED_EDGE('',*,*,#4939,.F.);
#6257=ORIENTED_EDGE('',*,*,#4942,.F.);
#6258=ORIENTED_EDGE('',*,*,#4943,.T.);
#6259=ORIENTED_EDGE('',*,*,#4944,.T.);
#6260=ORIENTED_EDGE('',*,*,#4942,.T.);
#6261=ORIENTED_EDGE('',*,*,#4945,.F.);
#6262=ORIENTED_EDGE('',*,*,#4946,.F.);
#6263=ORIENTED_EDGE('',*,*,#4947,.F.);
#6264=ORIENTED_EDGE('',*,*,#4945,.T.);
#6265=ORIENTED_EDGE('',*,*,#4948,.T.);
#6266=ORIENTED_EDGE('',*,*,#4947,.T.);
#6267=ORIENTED_EDGE('',*,*,#4949,.F.);
#6268=ORIENTED_EDGE('',*,*,#4950,.F.);
#6269=ORIENTED_EDGE('',*,*,#4951,.F.);
#6270=ORIENTED_EDGE('',*,*,#4796,.F.);
#6271=ORIENTED_EDGE('',*,*,#4952,.T.);
#6272=ORIENTED_EDGE('',*,*,#4951,.T.);
#6273=ORIENTED_EDGE('',*,*,#4953,.T.);
#6274=ORIENTED_EDGE('',*,*,#4954,.F.);
#6275=ORIENTED_EDGE('',*,*,#4955,.F.);
#6276=ORIENTED_EDGE('',*,*,#4798,.F.);
#6277=ORIENTED_EDGE('',*,*,#4954,.T.);
#6278=ORIENTED_EDGE('',*,*,#4955,.T.);
#6279=ORIENTED_EDGE('',*,*,#4956,.T.);
#6280=ORIENTED_EDGE('',*,*,#4957,.F.);
#6281=ORIENTED_EDGE('',*,*,#4958,.T.);
#6282=ORIENTED_EDGE('',*,*,#4959,.F.);
#6283=ORIENTED_EDGE('',*,*,#4960,.F.);
#6284=ORIENTED_EDGE('',*,*,#4958,.F.);
#6285=ORIENTED_EDGE('',*,*,#4961,.T.);
#6286=ORIENTED_EDGE('',*,*,#4962,.T.);
#6287=ORIENTED_EDGE('',*,*,#4963,.T.);
#6288=ORIENTED_EDGE('',*,*,#4964,.T.);
#6289=ORIENTED_EDGE('',*,*,#4965,.F.);
#6290=ORIENTED_EDGE('',*,*,#4963,.F.);
#6291=ORIENTED_EDGE('',*,*,#4966,.F.);
#6292=ORIENTED_EDGE('',*,*,#4967,.T.);
#6293=ORIENTED_EDGE('',*,*,#4968,.F.);
#6294=ORIENTED_EDGE('',*,*,#4969,.T.);
#6295=ORIENTED_EDGE('',*,*,#4970,.T.);
#6296=ORIENTED_EDGE('',*,*,#4968,.T.);
#6297=ORIENTED_EDGE('',*,*,#4940,.F.);
#6298=ORIENTED_EDGE('',*,*,#4971,.F.);
#6299=ORIENTED_EDGE('',*,*,#4972,.T.);
#6300=ORIENTED_EDGE('',*,*,#4973,.F.);
#6301=ORIENTED_EDGE('',*,*,#4974,.T.);
#6302=ORIENTED_EDGE('',*,*,#4972,.F.);
#6303=ORIENTED_EDGE('',*,*,#4960,.T.);
#6304=ORIENTED_EDGE('',*,*,#4975,.F.);
#6305=ORIENTED_EDGE('',*,*,#4976,.T.);
#6306=ORIENTED_EDGE('',*,*,#4977,.F.);
#6307=ORIENTED_EDGE('',*,*,#4931,.F.);
#6308=ORIENTED_EDGE('',*,*,#4976,.F.);
#6309=ORIENTED_EDGE('',*,*,#4978,.T.);
#6310=ORIENTED_EDGE('',*,*,#4979,.T.);
#6311=ORIENTED_EDGE('',*,*,#4980,.F.);
#6312=ORIENTED_EDGE('',*,*,#4828,.T.);
#6313=ORIENTED_EDGE('',*,*,#4981,.T.);
#6314=ORIENTED_EDGE('',*,*,#4980,.T.);
#6315=ORIENTED_EDGE('',*,*,#4982,.F.);
#6316=ORIENTED_EDGE('',*,*,#4983,.F.);
#6317=ORIENTED_EDGE('',*,*,#4984,.F.);
#6318=ORIENTED_EDGE('',*,*,#4827,.T.);
#6319=ORIENTED_EDGE('',*,*,#4985,.T.);
#6320=ORIENTED_EDGE('',*,*,#4984,.T.);
#6321=ORIENTED_EDGE('',*,*,#4986,.F.);
#6322=ORIENTED_EDGE('',*,*,#4987,.F.);
#6323=ORIENTED_EDGE('',*,*,#4985,.F.);
#6324=ORIENTED_EDGE('',*,*,#4983,.T.);
#6325=ORIENTED_EDGE('',*,*,#4988,.F.);
#6326=ORIENTED_EDGE('',*,*,#4989,.T.);
#6327=ORIENTED_EDGE('',*,*,#4990,.F.);
#6328=ORIENTED_EDGE('',*,*,#4817,.T.);
#6329=ORIENTED_EDGE('',*,*,#4989,.F.);
#6330=ORIENTED_EDGE('',*,*,#4991,.T.);
#6331=ORIENTED_EDGE('',*,*,#4992,.F.);
#6332=ORIENTED_EDGE('',*,*,#4993,.T.);
#6333=ORIENTED_EDGE('',*,*,#4994,.F.);
#6334=ORIENTED_EDGE('',*,*,#4822,.T.);
#6335=ORIENTED_EDGE('',*,*,#4993,.F.);
#6336=ORIENTED_EDGE('',*,*,#4995,.T.);
#6337=ORIENTED_EDGE('',*,*,#4996,.F.);
#6338=ORIENTED_EDGE('',*,*,#4997,.T.);
#6339=ORIENTED_EDGE('',*,*,#4998,.T.);
#6340=ORIENTED_EDGE('',*,*,#4967,.F.);
#6341=ORIENTED_EDGE('',*,*,#4997,.F.);
#6342=ORIENTED_EDGE('',*,*,#4999,.F.);
#6343=ORIENTED_EDGE('',*,*,#5000,.T.);
#6344=ORIENTED_EDGE('',*,*,#5001,.F.);
#6345=ORIENTED_EDGE('',*,*,#4965,.T.);
#6346=ORIENTED_EDGE('',*,*,#5002,.T.);
#6347=ORIENTED_EDGE('',*,*,#5001,.T.);
#6348=ORIENTED_EDGE('',*,*,#4969,.F.);
#6349=ORIENTED_EDGE('',*,*,#5003,.F.);
#6350=ORIENTED_EDGE('',*,*,#5004,.T.);
#6351=ORIENTED_EDGE('',*,*,#4739,.F.);
#6352=ORIENTED_EDGE('',*,*,#5005,.F.);
#6353=ORIENTED_EDGE('',*,*,#5006,.T.);
#6354=ORIENTED_EDGE('',*,*,#5007,.T.);
#6355=ORIENTED_EDGE('',*,*,#4952,.F.);
#6356=ORIENTED_EDGE('',*,*,#5006,.F.);
#6357=ORIENTED_EDGE('',*,*,#4793,.F.);
#6358=ORIENTED_EDGE('',*,*,#5008,.T.);
#6359=ORIENTED_EDGE('',*,*,#5008,.F.);
#6360=ORIENTED_EDGE('',*,*,#5004,.F.);
#6361=ORIENTED_EDGE('',*,*,#4937,.T.);
#6362=ORIENTED_EDGE('',*,*,#5009,.T.);
#6363=ORIENTED_EDGE('',*,*,#5010,.F.);
#6364=ORIENTED_EDGE('',*,*,#5011,.F.);
#6365=ORIENTED_EDGE('',*,*,#5012,.F.);
#6366=ORIENTED_EDGE('',*,*,#5013,.T.);
#6367=ORIENTED_EDGE('',*,*,#5014,.F.);
#6368=ORIENTED_EDGE('',*,*,#5012,.T.);
#6369=ORIENTED_EDGE('',*,*,#5009,.F.);
#6370=ORIENTED_EDGE('',*,*,#5015,.T.);
#6371=ORIENTED_EDGE('',*,*,#5016,.T.);
#6372=ORIENTED_EDGE('',*,*,#4991,.F.);
#6373=ORIENTED_EDGE('',*,*,#4819,.T.);
#6374=ORIENTED_EDGE('',*,*,#5016,.F.);
#6375=ORIENTED_EDGE('',*,*,#4994,.T.);
#6376=ORIENTED_EDGE('',*,*,#5017,.F.);
#6377=ORIENTED_EDGE('',*,*,#5018,.T.);
#6378=ORIENTED_EDGE('',*,*,#5019,.F.);
#6379=ORIENTED_EDGE('',*,*,#4962,.F.);
#6380=ORIENTED_EDGE('',*,*,#5018,.F.);
#6381=ORIENTED_EDGE('',*,*,#5020,.T.);
#6382=ORIENTED_EDGE('',*,*,#5011,.T.);
#6383=ORIENTED_EDGE('',*,*,#5021,.T.);
#6384=ORIENTED_EDGE('',*,*,#5022,.F.);
#6385=ORIENTED_EDGE('',*,*,#5023,.F.);
#6386=ORIENTED_EDGE('',*,*,#5021,.F.);
#6387=ORIENTED_EDGE('',*,*,#5024,.T.);
#6388=ORIENTED_EDGE('',*,*,#5025,.T.);
#6389=ORIENTED_EDGE('',*,*,#5024,.F.);
#6390=ORIENTED_EDGE('',*,*,#5026,.F.);
#6391=ORIENTED_EDGE('',*,*,#5027,.T.);
#6392=ORIENTED_EDGE('',*,*,#5028,.T.);
#6393=ORIENTED_EDGE('',*,*,#5029,.T.);
#6394=ORIENTED_EDGE('',*,*,#4943,.F.);
#6395=ORIENTED_EDGE('',*,*,#5028,.F.);
#6396=ORIENTED_EDGE('',*,*,#5030,.F.);
#6397=ORIENTED_EDGE('',*,*,#5022,.T.);
#6398=ORIENTED_EDGE('',*,*,#5031,.F.);
#6399=ORIENTED_EDGE('',*,*,#4811,.F.);
#6400=ORIENTED_EDGE('',*,*,#4957,.T.);
#6401=ORIENTED_EDGE('',*,*,#5031,.T.);
#6402=ORIENTED_EDGE('',*,*,#5032,.T.);
#6403=ORIENTED_EDGE('',*,*,#5033,.F.);
#6404=ORIENTED_EDGE('',*,*,#5034,.F.);
#6405=ORIENTED_EDGE('',*,*,#4815,.F.);
#6406=ORIENTED_EDGE('',*,*,#5033,.T.);
#6407=ORIENTED_EDGE('',*,*,#5034,.T.);
#6408=ORIENTED_EDGE('',*,*,#5035,.T.);
#6409=ORIENTED_EDGE('',*,*,#5036,.F.);
#6410=ORIENTED_EDGE('',*,*,#5037,.T.);
#6411=ORIENTED_EDGE('',*,*,#4995,.F.);
#6412=ORIENTED_EDGE('',*,*,#4824,.T.);
#6413=ORIENTED_EDGE('',*,*,#5037,.F.);
#6414=ORIENTED_EDGE('',*,*,#4987,.T.);
#6415=ORIENTED_EDGE('',*,*,#5038,.F.);
#6416=ORIENTED_EDGE('',*,*,#5039,.F.);
#6417=ORIENTED_EDGE('',*,*,#4949,.T.);
#6418=ORIENTED_EDGE('',*,*,#5040,.T.);
#6419=ORIENTED_EDGE('',*,*,#5039,.T.);
#6420=ORIENTED_EDGE('',*,*,#5000,.F.);
#6421=ORIENTED_EDGE('',*,*,#5041,.F.);
#6422=ORIENTED_EDGE('',*,*,#5042,.T.);
#6423=ORIENTED_EDGE('',*,*,#5043,.F.);
#6424=ORIENTED_EDGE('',*,*,#5044,.F.);
#6425=ORIENTED_EDGE('',*,*,#5042,.F.);
#6426=ORIENTED_EDGE('',*,*,#5045,.T.);
#6427=ORIENTED_EDGE('',*,*,#5046,.F.);
#6428=ORIENTED_EDGE('',*,*,#5047,.T.);
#6429=ORIENTED_EDGE('',*,*,#5045,.F.);
#6430=ORIENTED_EDGE('',*,*,#5048,.T.);
#6431=ORIENTED_EDGE('',*,*,#5047,.F.);
#6432=ORIENTED_EDGE('',*,*,#4917,.T.);
#6433=ORIENTED_EDGE('',*,*,#5049,.F.);
#6434=ORIENTED_EDGE('',*,*,#5050,.T.);
#6435=ORIENTED_EDGE('',*,*,#4979,.F.);
#6436=ORIENTED_EDGE('',*,*,#5051,.T.);
#6437=ORIENTED_EDGE('',*,*,#5050,.F.);
#6438=ORIENTED_EDGE('',*,*,#4973,.T.);
#6439=ORIENTED_EDGE('',*,*,#5052,.F.);
#6440=ORIENTED_EDGE('',*,*,#5053,.F.);
#6441=ORIENTED_EDGE('',*,*,#5054,.T.);
#6442=ORIENTED_EDGE('',*,*,#5055,.T.);
#6443=ORIENTED_EDGE('',*,*,#5053,.T.);
#6444=ORIENTED_EDGE('',*,*,#5056,.T.);
#6445=ORIENTED_EDGE('',*,*,#5057,.F.);
#6446=ORIENTED_EDGE('',*,*,#5058,.T.);
#6447=ORIENTED_EDGE('',*,*,#5059,.T.);
#6448=ORIENTED_EDGE('',*,*,#5027,.F.);
#6449=ORIENTED_EDGE('',*,*,#5058,.F.);
#6450=ORIENTED_EDGE('',*,*,#5060,.F.);
#6451=ORIENTED_EDGE('',*,*,#5057,.T.);
#6452=ORIENTED_EDGE('',*,*,#5061,.F.);
#6453=ORIENTED_EDGE('',*,*,#4821,.F.);
#6454=ORIENTED_EDGE('',*,*,#5062,.T.);
#6455=ORIENTED_EDGE('',*,*,#5061,.T.);
#6456=ORIENTED_EDGE('',*,*,#5063,.T.);
#6457=ORIENTED_EDGE('',*,*,#5064,.F.);
#6458=ORIENTED_EDGE('',*,*,#5062,.F.);
#6459=ORIENTED_EDGE('',*,*,#5036,.T.);
#6460=ORIENTED_EDGE('',*,*,#5065,.T.);
#6461=ORIENTED_EDGE('',*,*,#5066,.F.);
#6462=ORIENTED_EDGE('',*,*,#5067,.T.);
#6463=ORIENTED_EDGE('',*,*,#4731,.T.);
#6464=ORIENTED_EDGE('',*,*,#5066,.T.);
#6465=ORIENTED_EDGE('',*,*,#5068,.T.);
#6466=ORIENTED_EDGE('',*,*,#5013,.F.);
#6467=ORIENTED_EDGE('',*,*,#5069,.T.);
#6468=ORIENTED_EDGE('',*,*,#5068,.F.);
#6469=ORIENTED_EDGE('',*,*,#4813,.T.);
#6470=ORIENTED_EDGE('',*,*,#5069,.F.);
#6471=ORIENTED_EDGE('',*,*,#4990,.T.);
#6472=ORIENTED_EDGE('',*,*,#5070,.F.);
#6473=ORIENTED_EDGE('',*,*,#5071,.T.);
#6474=ORIENTED_EDGE('',*,*,#4981,.F.);
#6475=ORIENTED_EDGE('',*,*,#4826,.F.);
#6476=ORIENTED_EDGE('',*,*,#5071,.F.);
#6477=ORIENTED_EDGE('',*,*,#5064,.T.);
#6478=ORIENTED_EDGE('',*,*,#5072,.T.);
#6479=ORIENTED_EDGE('',*,*,#5073,.F.);
#6480=ORIENTED_EDGE('',*,*,#5074,.F.);
#6481=ORIENTED_EDGE('',*,*,#5075,.T.);
#6482=ORIENTED_EDGE('',*,*,#5073,.T.);
#6483=ORIENTED_EDGE('',*,*,#5076,.T.);
#6484=ORIENTED_EDGE('',*,*,#5077,.F.);
#6485=ORIENTED_EDGE('',*,*,#5078,.T.);
#6486=ORIENTED_EDGE('',*,*,#5079,.F.);
#6487=ORIENTED_EDGE('',*,*,#5080,.T.);
#6488=ORIENTED_EDGE('',*,*,#5078,.F.);
#6489=ORIENTED_EDGE('',*,*,#5081,.T.);
#6490=ORIENTED_EDGE('',*,*,#5082,.F.);
#6491=ORIENTED_EDGE('',*,*,#5083,.T.);
#6492=ORIENTED_EDGE('',*,*,#5084,.F.);
#6493=ORIENTED_EDGE('',*,*,#5082,.T.);
#6494=ORIENTED_EDGE('',*,*,#5083,.F.);
#6495=ORIENTED_EDGE('',*,*,#5085,.T.);
#6496=ORIENTED_EDGE('',*,*,#5086,.F.);
#6497=ORIENTED_EDGE('',*,*,#5087,.T.);
#6498=ORIENTED_EDGE('',*,*,#5088,.F.);
#6499=ORIENTED_EDGE('',*,*,#5089,.T.);
#6500=ORIENTED_EDGE('',*,*,#5087,.F.);
#6501=ORIENTED_EDGE('',*,*,#5090,.T.);
#6502=ORIENTED_EDGE('',*,*,#5091,.F.);
#6503=ORIENTED_EDGE('',*,*,#5092,.T.);
#6504=ORIENTED_EDGE('',*,*,#5093,.F.);
#6505=ORIENTED_EDGE('',*,*,#5091,.T.);
#6506=ORIENTED_EDGE('',*,*,#5092,.F.);
#6507=ORIENTED_EDGE('',*,*,#5094,.T.);
#6508=ORIENTED_EDGE('',*,*,#5095,.F.);
#6509=ORIENTED_EDGE('',*,*,#5096,.T.);
#6510=ORIENTED_EDGE('',*,*,#5097,.F.);
#6511=ORIENTED_EDGE('',*,*,#5095,.T.);
#6512=ORIENTED_EDGE('',*,*,#5096,.F.);
#6513=ORIENTED_EDGE('',*,*,#5098,.T.);
#6514=ORIENTED_EDGE('',*,*,#5099,.F.);
#6515=ORIENTED_EDGE('',*,*,#5100,.T.);
#6516=ORIENTED_EDGE('',*,*,#5101,.F.);
#6517=ORIENTED_EDGE('',*,*,#5099,.T.);
#6518=ORIENTED_EDGE('',*,*,#5100,.F.);
#6519=ORIENTED_EDGE('',*,*,#5102,.T.);
#6520=ORIENTED_EDGE('',*,*,#5103,.F.);
#6521=ORIENTED_EDGE('',*,*,#5104,.T.);
#6522=ORIENTED_EDGE('',*,*,#5105,.F.);
#6523=ORIENTED_EDGE('',*,*,#5106,.T.);
#6524=ORIENTED_EDGE('',*,*,#5104,.F.);
#6525=ORIENTED_EDGE('',*,*,#5107,.T.);
#6526=ORIENTED_EDGE('',*,*,#5089,.F.);
#6527=ORIENTED_EDGE('',*,*,#5108,.F.);
#6528=ORIENTED_EDGE('',*,*,#5109,.T.);
#6529=ORIENTED_EDGE('',*,*,#5110,.T.);
#6530=ORIENTED_EDGE('',*,*,#5108,.T.);
#6531=ORIENTED_EDGE('',*,*,#5111,.F.);
#6532=ORIENTED_EDGE('',*,*,#5112,.F.);
#6533=ORIENTED_EDGE('',*,*,#5113,.F.);
#6534=ORIENTED_EDGE('',*,*,#5114,.T.);
#6535=ORIENTED_EDGE('',*,*,#5112,.T.);
#6536=ORIENTED_EDGE('',*,*,#5113,.T.);
#6537=ORIENTED_EDGE('',*,*,#5115,.F.);
#6538=ORIENTED_EDGE('',*,*,#5116,.F.);
#6539=ORIENTED_EDGE('',*,*,#5117,.T.);
#6540=ORIENTED_EDGE('',*,*,#5118,.F.);
#6541=ORIENTED_EDGE('',*,*,#5086,.T.);
#6542=ORIENTED_EDGE('',*,*,#5117,.F.);
#6543=ORIENTED_EDGE('',*,*,#5119,.T.);
#6544=ORIENTED_EDGE('',*,*,#5106,.F.);
#6545=ORIENTED_EDGE('',*,*,#5120,.T.);
#6546=ORIENTED_EDGE('',*,*,#5121,.F.);
#6547=ORIENTED_EDGE('',*,*,#5103,.T.);
#6548=ORIENTED_EDGE('',*,*,#5120,.F.);
#6549=ORIENTED_EDGE('',*,*,#5122,.T.);
#6550=ORIENTED_EDGE('',*,*,#5123,.F.);
#6551=ORIENTED_EDGE('',*,*,#5124,.F.);
#6552=ORIENTED_EDGE('',*,*,#5125,.T.);
#6553=ORIENTED_EDGE('',*,*,#5126,.T.);
#6554=ORIENTED_EDGE('',*,*,#5124,.T.);
#6555=ORIENTED_EDGE('',*,*,#5127,.F.);
#6556=ORIENTED_EDGE('',*,*,#5128,.F.);
#6557=ORIENTED_EDGE('',*,*,#5129,.F.);
#6558=ORIENTED_EDGE('',*,*,#5130,.T.);
#6559=ORIENTED_EDGE('',*,*,#5128,.T.);
#6560=ORIENTED_EDGE('',*,*,#5129,.T.);
#6561=ORIENTED_EDGE('',*,*,#5131,.F.);
#6562=ORIENTED_EDGE('',*,*,#5132,.F.);
#6563=ORIENTED_EDGE('',*,*,#5133,.F.);
#6564=ORIENTED_EDGE('',*,*,#5134,.T.);
#6565=ORIENTED_EDGE('',*,*,#5135,.T.);
#6566=ORIENTED_EDGE('',*,*,#5133,.T.);
#6567=ORIENTED_EDGE('',*,*,#5136,.F.);
#6568=ORIENTED_EDGE('',*,*,#5110,.F.);
#6569=ORIENTED_EDGE('',*,*,#5137,.F.);
#6570=ORIENTED_EDGE('',*,*,#5138,.T.);
#6571=ORIENTED_EDGE('',*,*,#5139,.T.);
#6572=ORIENTED_EDGE('',*,*,#5137,.T.);
#6573=ORIENTED_EDGE('',*,*,#5140,.F.);
#6574=ORIENTED_EDGE('',*,*,#5141,.F.);
#6575=ORIENTED_EDGE('',*,*,#5142,.F.);
#6576=ORIENTED_EDGE('',*,*,#5143,.T.);
#6577=ORIENTED_EDGE('',*,*,#5144,.T.);
#6578=ORIENTED_EDGE('',*,*,#5142,.T.);
#6579=ORIENTED_EDGE('',*,*,#5145,.F.);
#6580=ORIENTED_EDGE('',*,*,#5135,.F.);
#6581=ORIENTED_EDGE('',*,*,#5146,.F.);
#6582=ORIENTED_EDGE('',*,*,#5147,.T.);
#6583=ORIENTED_EDGE('',*,*,#5148,.T.);
#6584=ORIENTED_EDGE('',*,*,#5146,.T.);
#6585=ORIENTED_EDGE('',*,*,#5149,.F.);
#6586=ORIENTED_EDGE('',*,*,#5139,.F.);
#6587=ORIENTED_EDGE('',*,*,#5150,.T.);
#6588=ORIENTED_EDGE('',*,*,#5151,.F.);
#6589=ORIENTED_EDGE('',*,*,#5152,.T.);
#6590=ORIENTED_EDGE('',*,*,#5150,.F.);
#6591=ORIENTED_EDGE('',*,*,#5153,.T.);
#6592=ORIENTED_EDGE('',*,*,#5080,.F.);
#6593=ORIENTED_EDGE('',*,*,#5154,.F.);
#6594=ORIENTED_EDGE('',*,*,#5155,.T.);
#6595=ORIENTED_EDGE('',*,*,#5141,.T.);
#6596=ORIENTED_EDGE('',*,*,#5154,.T.);
#6597=ORIENTED_EDGE('',*,*,#5156,.F.);
#6598=ORIENTED_EDGE('',*,*,#5144,.F.);
#6599=ORIENTED_EDGE('',*,*,#5157,.F.);
#6600=ORIENTED_EDGE('',*,*,#5158,.T.);
#6601=ORIENTED_EDGE('',*,*,#5132,.T.);
#6602=ORIENTED_EDGE('',*,*,#5157,.T.);
#6603=ORIENTED_EDGE('',*,*,#5159,.F.);
#6604=ORIENTED_EDGE('',*,*,#5148,.F.);
#6605=ORIENTED_EDGE('',*,*,#5160,.F.);
#6606=ORIENTED_EDGE('',*,*,#5161,.T.);
#6607=ORIENTED_EDGE('',*,*,#5116,.T.);
#6608=ORIENTED_EDGE('',*,*,#5160,.T.);
#6609=ORIENTED_EDGE('',*,*,#5162,.F.);
#6610=ORIENTED_EDGE('',*,*,#5076,.F.);
#6611=ORIENTED_EDGE('',*,*,#5163,.F.);
#6612=ORIENTED_EDGE('',*,*,#4683,.T.);
#6613=ORIENTED_EDGE('',*,*,#4900,.T.);
#6614=ORIENTED_EDGE('',*,*,#5163,.T.);
#6615=ORIENTED_EDGE('',*,*,#5164,.F.);
#6616=ORIENTED_EDGE('',*,*,#5126,.F.);
#6617=ORIENTED_EDGE('',*,*,#5165,.T.);
#6618=ORIENTED_EDGE('',*,*,#5166,.F.);
#6619=ORIENTED_EDGE('',*,*,#5074,.T.);
#6620=ORIENTED_EDGE('',*,*,#5165,.F.);
#6621=ORIENTED_EDGE('',*,*,#5167,.T.);
#6622=ORIENTED_EDGE('',*,*,#5152,.F.);
#6623=ORIENTED_EDGE('',*,*,#5168,.T.);
#6624=ORIENTED_EDGE('',*,*,#4680,.F.);
#6625=ORIENTED_EDGE('',*,*,#5123,.T.);
#6626=ORIENTED_EDGE('',*,*,#5168,.F.);
#6627=ORIENTED_EDGE('',*,*,#5169,.T.);
#6628=ORIENTED_EDGE('',*,*,#4893,.F.);
#6629=ORIENTED_EDGE('',*,*,#5170,.F.);
#6630=ORIENTED_EDGE('',*,*,#5075,.F.);
#6631=ORIENTED_EDGE('',*,*,#5166,.T.);
#6632=ORIENTED_EDGE('',*,*,#5170,.T.);
#6633=ORIENTED_EDGE('',*,*,#5171,.T.);
#6634=ORIENTED_EDGE('',*,*,#5161,.F.);
#6635=ORIENTED_EDGE('',*,*,#5172,.F.);
#6636=ORIENTED_EDGE('',*,*,#5173,.T.);
#6637=ORIENTED_EDGE('',*,*,#5093,.T.);
#6638=ORIENTED_EDGE('',*,*,#5174,.F.);
#6639=ORIENTED_EDGE('',*,*,#5172,.T.);
#6640=ORIENTED_EDGE('',*,*,#5097,.T.);
#6641=ORIENTED_EDGE('',*,*,#5175,.F.);
#6642=ORIENTED_EDGE('',*,*,#5079,.T.);
#6643=ORIENTED_EDGE('',*,*,#5084,.T.);
#6644=ORIENTED_EDGE('',*,*,#5176,.F.);
#6645=ORIENTED_EDGE('',*,*,#5175,.T.);
#6646=ORIENTED_EDGE('',*,*,#5118,.T.);
#6647=ORIENTED_EDGE('',*,*,#5177,.F.);
#6648=ORIENTED_EDGE('',*,*,#5176,.T.);
#6649=ORIENTED_EDGE('',*,*,#5105,.T.);
#6650=ORIENTED_EDGE('',*,*,#5178,.T.);
#6651=ORIENTED_EDGE('',*,*,#5134,.F.);
#6652=ORIENTED_EDGE('',*,*,#5109,.F.);
#6653=ORIENTED_EDGE('',*,*,#5173,.F.);
#6654=ORIENTED_EDGE('',*,*,#5177,.T.);
#6655=ORIENTED_EDGE('',*,*,#5088,.T.);
#6656=ORIENTED_EDGE('',*,*,#5179,.T.);
#6657=ORIENTED_EDGE('',*,*,#5143,.F.);
#6658=ORIENTED_EDGE('',*,*,#5178,.F.);
#6659=ORIENTED_EDGE('',*,*,#5180,.F.);
#6660=ORIENTED_EDGE('',*,*,#5174,.T.);
#6661=ORIENTED_EDGE('',*,*,#5101,.T.);
#6662=ORIENTED_EDGE('',*,*,#5181,.T.);
#6663=ORIENTED_EDGE('',*,*,#5155,.F.);
#6664=ORIENTED_EDGE('',*,*,#5179,.F.);
#6665=ORIENTED_EDGE('',*,*,#5182,.F.);
#6666=ORIENTED_EDGE('',*,*,#5114,.F.);
#6667=ORIENTED_EDGE('',*,*,#5183,.T.);
#6668=ORIENTED_EDGE('',*,*,#5184,.T.);
#6669=ORIENTED_EDGE('',*,*,#5138,.F.);
#6670=ORIENTED_EDGE('',*,*,#5181,.F.);
#6671=ORIENTED_EDGE('',*,*,#5185,.F.);
#6672=ORIENTED_EDGE('',*,*,#5180,.T.);
#6673=ORIENTED_EDGE('',*,*,#5121,.T.);
#6674=ORIENTED_EDGE('',*,*,#5186,.T.);
#6675=ORIENTED_EDGE('',*,*,#5147,.F.);
#6676=ORIENTED_EDGE('',*,*,#5184,.F.);
#6677=ORIENTED_EDGE('',*,*,#5185,.T.);
#6678=ORIENTED_EDGE('',*,*,#5187,.F.);
#6679=ORIENTED_EDGE('',*,*,#5151,.T.);
#6680=ORIENTED_EDGE('',*,*,#5188,.T.);
#6681=ORIENTED_EDGE('',*,*,#5158,.F.);
#6682=ORIENTED_EDGE('',*,*,#5186,.F.);
#6683=ORIENTED_EDGE('',*,*,#5187,.T.);
#6684=ORIENTED_EDGE('',*,*,#5189,.F.);
#6685=ORIENTED_EDGE('',*,*,#5171,.F.);
#6686=ORIENTED_EDGE('',*,*,#5190,.T.);
#6687=ORIENTED_EDGE('',*,*,#5130,.F.);
#6688=ORIENTED_EDGE('',*,*,#5188,.F.);
#6689=ORIENTED_EDGE('',*,*,#5183,.F.);
#6690=ORIENTED_EDGE('',*,*,#5189,.T.);
#6691=ORIENTED_EDGE('',*,*,#4679,.T.);
#6692=ORIENTED_EDGE('',*,*,#5182,.T.);
#6693=ORIENTED_EDGE('',*,*,#5125,.F.);
#6694=ORIENTED_EDGE('',*,*,#5190,.F.);
#6695=ORIENTED_EDGE('',*,*,#5191,.F.);
#6696=ORIENTED_EDGE('',*,*,#5077,.T.);
#6697=ORIENTED_EDGE('',*,*,#5162,.T.);
#6698=ORIENTED_EDGE('',*,*,#5191,.T.);
#6699=ORIENTED_EDGE('',*,*,#5192,.F.);
#6700=ORIENTED_EDGE('',*,*,#5167,.F.);
#6701=ORIENTED_EDGE('',*,*,#5193,.F.);
#6702=ORIENTED_EDGE('',*,*,#5194,.T.);
#6703=ORIENTED_EDGE('',*,*,#5149,.T.);
#6704=ORIENTED_EDGE('',*,*,#5195,.F.);
#6705=ORIENTED_EDGE('',*,*,#5193,.T.);
#6706=ORIENTED_EDGE('',*,*,#5159,.T.);
#6707=ORIENTED_EDGE('',*,*,#5196,.F.);
#6708=ORIENTED_EDGE('',*,*,#5111,.T.);
#6709=ORIENTED_EDGE('',*,*,#5136,.T.);
#6710=ORIENTED_EDGE('',*,*,#5197,.F.);
#6711=ORIENTED_EDGE('',*,*,#5196,.T.);
#6712=ORIENTED_EDGE('',*,*,#5145,.T.);
#6713=ORIENTED_EDGE('',*,*,#5198,.F.);
#6714=ORIENTED_EDGE('',*,*,#5197,.T.);
#6715=ORIENTED_EDGE('',*,*,#5156,.T.);
#6716=ORIENTED_EDGE('',*,*,#5199,.T.);
#6717=ORIENTED_EDGE('',*,*,#5085,.F.);
#6718=ORIENTED_EDGE('',*,*,#5081,.F.);
#6719=ORIENTED_EDGE('',*,*,#5194,.F.);
#6720=ORIENTED_EDGE('',*,*,#5198,.T.);
#6721=ORIENTED_EDGE('',*,*,#5140,.T.);
#6722=ORIENTED_EDGE('',*,*,#5200,.T.);
#6723=ORIENTED_EDGE('',*,*,#5119,.F.);
#6724=ORIENTED_EDGE('',*,*,#5199,.F.);
#6725=ORIENTED_EDGE('',*,*,#5201,.F.);
#6726=ORIENTED_EDGE('',*,*,#5195,.T.);
#6727=ORIENTED_EDGE('',*,*,#5131,.T.);
#6728=ORIENTED_EDGE('',*,*,#5202,.T.);
#6729=ORIENTED_EDGE('',*,*,#5107,.F.);
#6730=ORIENTED_EDGE('',*,*,#5200,.F.);
#6731=ORIENTED_EDGE('',*,*,#5203,.F.);
#6732=ORIENTED_EDGE('',*,*,#5153,.F.);
#6733=ORIENTED_EDGE('',*,*,#5204,.T.);
#6734=ORIENTED_EDGE('',*,*,#5205,.T.);
#6735=ORIENTED_EDGE('',*,*,#5090,.F.);
#6736=ORIENTED_EDGE('',*,*,#5202,.F.);
#6737=ORIENTED_EDGE('',*,*,#5206,.F.);
#6738=ORIENTED_EDGE('',*,*,#5201,.T.);
#6739=ORIENTED_EDGE('',*,*,#5127,.T.);
#6740=ORIENTED_EDGE('',*,*,#5207,.T.);
#6741=ORIENTED_EDGE('',*,*,#5094,.F.);
#6742=ORIENTED_EDGE('',*,*,#5205,.F.);
#6743=ORIENTED_EDGE('',*,*,#5206,.T.);
#6744=ORIENTED_EDGE('',*,*,#5208,.F.);
#6745=ORIENTED_EDGE('',*,*,#5115,.T.);
#6746=ORIENTED_EDGE('',*,*,#5209,.T.);
#6747=ORIENTED_EDGE('',*,*,#5098,.F.);
#6748=ORIENTED_EDGE('',*,*,#5207,.F.);
#6749=ORIENTED_EDGE('',*,*,#5208,.T.);
#6750=ORIENTED_EDGE('',*,*,#5210,.F.);
#6751=ORIENTED_EDGE('',*,*,#5192,.T.);
#6752=ORIENTED_EDGE('',*,*,#5211,.T.);
#6753=ORIENTED_EDGE('',*,*,#5102,.F.);
#6754=ORIENTED_EDGE('',*,*,#5209,.F.);
#6755=ORIENTED_EDGE('',*,*,#5204,.F.);
#6756=ORIENTED_EDGE('',*,*,#5210,.T.);
#6757=ORIENTED_EDGE('',*,*,#5212,.F.);
#6758=ORIENTED_EDGE('',*,*,#5203,.T.);
#6759=ORIENTED_EDGE('',*,*,#5122,.F.);
#6760=ORIENTED_EDGE('',*,*,#5211,.F.);
#6761=ORIENTED_EDGE('',*,*,#5212,.T.);
#6762=ORIENTED_EDGE('',*,*,#5164,.T.);
#6763=ORIENTED_EDGE('',*,*,#5213,.F.);
#6764=ORIENTED_EDGE('',*,*,#5213,.T.);
#6765=ORIENTED_EDGE('',*,*,#4876,.F.);
#6766=ORIENTED_EDGE('',*,*,#5169,.F.);
#6767=ORIENTED_EDGE('',*,*,#5214,.F.);
#6768=ORIENTED_EDGE('',*,*,#5215,.T.);
#6769=ORIENTED_EDGE('',*,*,#5216,.T.);
#6770=ORIENTED_EDGE('',*,*,#5216,.F.);
#6771=ORIENTED_EDGE('',*,*,#5217,.T.);
#6772=ORIENTED_EDGE('',*,*,#5218,.T.);
#6773=ORIENTED_EDGE('',*,*,#5219,.F.);
#6774=ORIENTED_EDGE('',*,*,#5220,.T.);
#6775=ORIENTED_EDGE('',*,*,#5221,.F.);
#6776=ORIENTED_EDGE('',*,*,#5222,.F.);
#6777=ORIENTED_EDGE('',*,*,#5223,.T.);
#6778=ORIENTED_EDGE('',*,*,#5224,.T.);
#6779=ORIENTED_EDGE('',*,*,#5222,.T.);
#6780=ORIENTED_EDGE('',*,*,#5225,.F.);
#6781=ORIENTED_EDGE('',*,*,#5226,.F.);
#6782=ORIENTED_EDGE('',*,*,#5227,.F.);
#6783=ORIENTED_EDGE('',*,*,#5226,.T.);
#6784=ORIENTED_EDGE('',*,*,#5228,.T.);
#6785=ORIENTED_EDGE('',*,*,#5229,.F.);
#6786=ORIENTED_EDGE('',*,*,#5230,.T.);
#6787=ORIENTED_EDGE('',*,*,#5231,.F.);
#6788=ORIENTED_EDGE('',*,*,#5232,.F.);
#6789=ORIENTED_EDGE('',*,*,#5233,.T.);
#6790=ORIENTED_EDGE('',*,*,#5221,.T.);
#6791=ORIENTED_EDGE('',*,*,#5232,.T.);
#6792=ORIENTED_EDGE('',*,*,#5234,.F.);
#6793=ORIENTED_EDGE('',*,*,#5217,.F.);
#6794=ORIENTED_EDGE('',*,*,#5218,.F.);
#6795=ORIENTED_EDGE('',*,*,#5235,.T.);
#6796=ORIENTED_EDGE('',*,*,#5236,.T.);
#6797=ORIENTED_EDGE('',*,*,#5237,.F.);
#6798=ORIENTED_EDGE('',*,*,#5238,.F.);
#6799=ORIENTED_EDGE('',*,*,#5239,.T.);
#6800=ORIENTED_EDGE('',*,*,#5237,.T.);
#6801=ORIENTED_EDGE('',*,*,#5240,.T.);
#6802=ORIENTED_EDGE('',*,*,#5241,.F.);
#6803=ORIENTED_EDGE('',*,*,#5241,.T.);
#6804=ORIENTED_EDGE('',*,*,#5242,.T.);
#6805=ORIENTED_EDGE('',*,*,#5243,.F.);
#6806=ORIENTED_EDGE('',*,*,#5244,.F.);
#6807=ORIENTED_EDGE('',*,*,#5245,.T.);
#6808=ORIENTED_EDGE('',*,*,#5049,.T.);
#6809=ORIENTED_EDGE('',*,*,#5246,.F.);
#6810=ORIENTED_EDGE('',*,*,#5244,.T.);
#6811=ORIENTED_EDGE('',*,*,#4920,.T.);
#6812=ORIENTED_EDGE('',*,*,#5247,.F.);
#6813=ORIENTED_EDGE('',*,*,#5248,.T.);
#6814=ORIENTED_EDGE('',*,*,#4933,.T.);
#6815=ORIENTED_EDGE('',*,*,#5246,.T.);
#6816=ORIENTED_EDGE('',*,*,#4926,.T.);
#6817=ORIENTED_EDGE('',*,*,#5248,.F.);
#6818=ORIENTED_EDGE('',*,*,#5249,.F.);
#6819=ORIENTED_EDGE('',*,*,#5247,.T.);
#6820=ORIENTED_EDGE('',*,*,#4928,.T.);
#6821=ORIENTED_EDGE('',*,*,#5250,.F.);
#6822=ORIENTED_EDGE('',*,*,#5249,.T.);
#6823=ORIENTED_EDGE('',*,*,#4977,.T.);
#6824=ORIENTED_EDGE('',*,*,#5250,.T.);
#6825=ORIENTED_EDGE('',*,*,#5251,.T.);
#6826=ORIENTED_EDGE('',*,*,#5239,.F.);
#6827=ORIENTED_EDGE('',*,*,#5251,.F.);
#6828=ORIENTED_EDGE('',*,*,#5052,.T.);
#6829=ORIENTED_EDGE('',*,*,#5252,.T.);
#6830=ORIENTED_EDGE('',*,*,#5253,.F.);
#6831=ORIENTED_EDGE('',*,*,#4975,.T.);
#6832=ORIENTED_EDGE('',*,*,#5254,.T.);
#6833=ORIENTED_EDGE('',*,*,#5254,.F.);
#6834=ORIENTED_EDGE('',*,*,#4959,.T.);
#6835=ORIENTED_EDGE('',*,*,#5255,.T.);
#6836=ORIENTED_EDGE('',*,*,#5253,.T.);
#6837=ORIENTED_EDGE('',*,*,#5256,.T.);
#6838=ORIENTED_EDGE('',*,*,#5252,.F.);
#6839=ORIENTED_EDGE('',*,*,#5255,.F.);
#6840=ORIENTED_EDGE('',*,*,#5019,.T.);
#6841=ORIENTED_EDGE('',*,*,#5257,.T.);
#6842=ORIENTED_EDGE('',*,*,#5257,.F.);
#6843=ORIENTED_EDGE('',*,*,#5010,.T.);
#6844=ORIENTED_EDGE('',*,*,#5258,.F.);
#6845=ORIENTED_EDGE('',*,*,#5259,.T.);
#6846=ORIENTED_EDGE('',*,*,#5059,.F.);
#6847=ORIENTED_EDGE('',*,*,#5260,.T.);
#6848=ORIENTED_EDGE('',*,*,#5261,.F.);
#6849=ORIENTED_EDGE('',*,*,#5262,.T.);
#6850=ORIENTED_EDGE('',*,*,#5029,.F.);
#6851=ORIENTED_EDGE('',*,*,#5263,.F.);
#6852=ORIENTED_EDGE('',*,*,#5264,.T.);
#6853=ORIENTED_EDGE('',*,*,#5265,.F.);
#6854=ORIENTED_EDGE('',*,*,#5261,.T.);
#6855=ORIENTED_EDGE('',*,*,#5025,.F.);
#6856=ORIENTED_EDGE('',*,*,#5259,.F.);
#6857=ORIENTED_EDGE('',*,*,#5266,.T.);
#6858=ORIENTED_EDGE('',*,*,#4944,.F.);
#6859=ORIENTED_EDGE('',*,*,#5262,.F.);
#6860=ORIENTED_EDGE('',*,*,#5267,.T.);
#6861=ORIENTED_EDGE('',*,*,#4948,.F.);
#6862=ORIENTED_EDGE('',*,*,#5266,.F.);
#6863=ORIENTED_EDGE('',*,*,#5263,.T.);
#6864=ORIENTED_EDGE('',*,*,#5040,.F.);
#6865=ORIENTED_EDGE('',*,*,#5267,.F.);
#6866=ORIENTED_EDGE('',*,*,#5265,.T.);
#6867=ORIENTED_EDGE('',*,*,#5268,.F.);
#6868=ORIENTED_EDGE('',*,*,#4998,.F.);
#6869=ORIENTED_EDGE('',*,*,#5269,.F.);
#6870=ORIENTED_EDGE('',*,*,#5268,.T.);
#6871=ORIENTED_EDGE('',*,*,#5270,.F.);
#6872=ORIENTED_EDGE('',*,*,#5269,.T.);
#6873=ORIENTED_EDGE('',*,*,#5271,.F.);
#6874=ORIENTED_EDGE('',*,*,#4964,.F.);
#6875=ORIENTED_EDGE('',*,*,#5271,.T.);
#6876=ORIENTED_EDGE('',*,*,#5272,.F.);
#6877=ORIENTED_EDGE('',*,*,#5002,.F.);
#6878=ORIENTED_EDGE('',*,*,#5272,.T.);
#6879=ORIENTED_EDGE('',*,*,#5273,.F.);
#6880=ORIENTED_EDGE('',*,*,#4970,.F.);
#6881=ORIENTED_EDGE('',*,*,#4941,.F.);
#6882=ORIENTED_EDGE('',*,*,#5273,.T.);
#6883=ORIENTED_EDGE('',*,*,#5274,.F.);
#6884=ORIENTED_EDGE('',*,*,#5275,.F.);
#6885=ORIENTED_EDGE('',*,*,#5276,.T.);
#6886=ORIENTED_EDGE('',*,*,#5277,.T.);
#6887=ORIENTED_EDGE('',*,*,#5278,.T.);
#6888=ORIENTED_EDGE('',*,*,#5279,.F.);
#6889=ORIENTED_EDGE('',*,*,#5277,.F.);
#6890=ORIENTED_EDGE('',*,*,#5278,.F.);
#6891=ORIENTED_EDGE('',*,*,#5280,.T.);
#6892=ORIENTED_EDGE('',*,*,#5281,.T.);
#6893=ORIENTED_EDGE('',*,*,#5282,.F.);
#6894=ORIENTED_EDGE('',*,*,#5283,.T.);
#6895=ORIENTED_EDGE('',*,*,#5284,.F.);
#6896=ORIENTED_EDGE('',*,*,#5285,.F.);
#6897=ORIENTED_EDGE('',*,*,#5284,.T.);
#6898=ORIENTED_EDGE('',*,*,#5286,.F.);
#6899=ORIENTED_EDGE('',*,*,#5287,.T.);
#6900=ORIENTED_EDGE('',*,*,#5288,.F.);
#6901=ORIENTED_EDGE('',*,*,#5289,.F.);
#6902=ORIENTED_EDGE('',*,*,#5287,.F.);
#6903=ORIENTED_EDGE('',*,*,#5285,.T.);
#6904=ORIENTED_EDGE('',*,*,#5290,.T.);
#6905=ORIENTED_EDGE('',*,*,#5291,.T.);
#6906=ORIENTED_EDGE('',*,*,#5292,.F.);
#6907=ORIENTED_EDGE('',*,*,#5293,.F.);
#6908=ORIENTED_EDGE('',*,*,#5291,.F.);
#6909=ORIENTED_EDGE('',*,*,#5294,.T.);
#6910=ORIENTED_EDGE('',*,*,#5295,.T.);
#6911=ORIENTED_EDGE('',*,*,#5296,.T.);
#6912=ORIENTED_EDGE('',*,*,#5297,.F.);
#6913=ORIENTED_EDGE('',*,*,#5298,.F.);
#6914=ORIENTED_EDGE('',*,*,#5296,.F.);
#6915=ORIENTED_EDGE('',*,*,#5299,.T.);
#6916=ORIENTED_EDGE('',*,*,#5300,.T.);
#6917=ORIENTED_EDGE('',*,*,#5301,.F.);
#6918=ORIENTED_EDGE('',*,*,#5302,.T.);
#6919=ORIENTED_EDGE('',*,*,#5299,.F.);
#6920=ORIENTED_EDGE('',*,*,#5303,.F.);
#6921=ORIENTED_EDGE('',*,*,#5304,.T.);
#6922=ORIENTED_EDGE('',*,*,#5305,.F.);
#6923=ORIENTED_EDGE('',*,*,#5306,.F.);
#6924=ORIENTED_EDGE('',*,*,#5303,.T.);
#6925=ORIENTED_EDGE('',*,*,#5307,.F.);
#6926=ORIENTED_EDGE('',*,*,#5308,.F.);
#6927=ORIENTED_EDGE('',*,*,#5309,.T.);
#6928=ORIENTED_EDGE('',*,*,#5310,.T.);
#6929=ORIENTED_EDGE('',*,*,#5311,.F.);
#6930=ORIENTED_EDGE('',*,*,#5225,.T.);
#6931=ORIENTED_EDGE('',*,*,#5312,.T.);
#6932=ORIENTED_EDGE('',*,*,#5311,.T.);
#6933=ORIENTED_EDGE('',*,*,#5313,.F.);
#6934=ORIENTED_EDGE('',*,*,#5228,.F.);
#6935=ORIENTED_EDGE('',*,*,#5314,.F.);
#6936=ORIENTED_EDGE('',*,*,#5315,.T.);
#6937=ORIENTED_EDGE('',*,*,#5227,.T.);
#6938=ORIENTED_EDGE('',*,*,#5312,.F.);
#6939=ORIENTED_EDGE('',*,*,#5316,.T.);
#6940=ORIENTED_EDGE('',*,*,#5317,.F.);
#6941=ORIENTED_EDGE('',*,*,#5318,.F.);
#6942=ORIENTED_EDGE('',*,*,#5231,.T.);
#6943=ORIENTED_EDGE('',*,*,#5224,.F.);
#6944=ORIENTED_EDGE('',*,*,#5319,.F.);
#6945=ORIENTED_EDGE('',*,*,#5320,.T.);
#6946=ORIENTED_EDGE('',*,*,#5321,.T.);
#6947=ORIENTED_EDGE('',*,*,#5321,.F.);
#6948=ORIENTED_EDGE('',*,*,#5314,.T.);
#6949=ORIENTED_EDGE('',*,*,#5322,.T.);
#6950=ORIENTED_EDGE('',*,*,#5323,.F.);
#6951=ORIENTED_EDGE('',*,*,#5324,.T.);
#6952=ORIENTED_EDGE('',*,*,#5318,.T.);
#6953=ORIENTED_EDGE('',*,*,#5323,.T.);
#6954=ORIENTED_EDGE('',*,*,#5223,.F.);
#6955=ORIENTED_EDGE('',*,*,#5315,.F.);
#6956=ORIENTED_EDGE('',*,*,#5325,.F.);
#6957=ORIENTED_EDGE('',*,*,#5326,.T.);
#6958=ORIENTED_EDGE('',*,*,#5327,.T.);
#6959=ORIENTED_EDGE('',*,*,#5325,.T.);
#6960=ORIENTED_EDGE('',*,*,#5328,.F.);
#6961=ORIENTED_EDGE('',*,*,#5329,.F.);
#6962=ORIENTED_EDGE('',*,*,#5330,.T.);
#6963=ORIENTED_EDGE('',*,*,#5233,.F.);
#6964=ORIENTED_EDGE('',*,*,#5215,.F.);
#6965=ORIENTED_EDGE('',*,*,#5330,.F.);
#6966=ORIENTED_EDGE('',*,*,#5331,.T.);
#6967=ORIENTED_EDGE('',*,*,#5332,.T.);
#6968=ORIENTED_EDGE('',*,*,#5333,.F.);
#6969=ORIENTED_EDGE('',*,*,#5334,.T.);
#6970=ORIENTED_EDGE('',*,*,#5046,.T.);
#6971=ORIENTED_EDGE('',*,*,#5333,.T.);
#6972=ORIENTED_EDGE('',*,*,#5245,.F.);
#6973=ORIENTED_EDGE('',*,*,#5335,.F.);
#6974=ORIENTED_EDGE('',*,*,#5336,.F.);
#6975=ORIENTED_EDGE('',*,*,#5337,.T.);
#6976=ORIENTED_EDGE('',*,*,#5260,.F.);
#6977=ORIENTED_EDGE('',*,*,#5336,.T.);
#6978=ORIENTED_EDGE('',*,*,#5056,.F.);
#6979=ORIENTED_EDGE('',*,*,#5338,.T.);
#6980=ORIENTED_EDGE('',*,*,#5339,.T.);
#6981=ORIENTED_EDGE('',*,*,#5280,.F.);
#6982=ORIENTED_EDGE('',*,*,#5340,.F.);
#6983=ORIENTED_EDGE('',*,*,#5339,.F.);
#6984=ORIENTED_EDGE('',*,*,#5341,.T.);
#6985=ORIENTED_EDGE('',*,*,#5335,.T.);
#6986=ORIENTED_EDGE('',*,*,#5276,.F.);
#6987=ORIENTED_EDGE('',*,*,#5342,.T.);
#6988=ORIENTED_EDGE('',*,*,#5340,.T.);
#6989=ORIENTED_EDGE('',*,*,#5343,.T.);
#6990=ORIENTED_EDGE('',*,*,#5331,.F.);
#6991=ORIENTED_EDGE('',*,*,#5344,.F.);
#6992=ORIENTED_EDGE('',*,*,#5343,.F.);
#6993=ORIENTED_EDGE('',*,*,#5345,.T.);
#6994=ORIENTED_EDGE('',*,*,#5346,.T.);
#6995=ORIENTED_EDGE('',*,*,#5347,.F.);
#6996=ORIENTED_EDGE('',*,*,#5348,.T.);
#6997=ORIENTED_EDGE('',*,*,#5349,.F.);
#6998=ORIENTED_EDGE('',*,*,#5350,.T.);
#6999=ORIENTED_EDGE('',*,*,#5351,.F.);
#7000=ORIENTED_EDGE('',*,*,#5290,.F.);
#7001=ORIENTED_EDGE('',*,*,#5350,.F.);
#7002=ORIENTED_EDGE('',*,*,#5352,.T.);
#7003=ORIENTED_EDGE('',*,*,#5353,.T.);
#7004=ORIENTED_EDGE('',*,*,#5354,.F.);
#7005=ORIENTED_EDGE('',*,*,#5355,.T.);
#7006=ORIENTED_EDGE('',*,*,#5356,.F.);
#7007=ORIENTED_EDGE('',*,*,#5357,.F.);
#7008=ORIENTED_EDGE('',*,*,#5358,.T.);
#7009=ORIENTED_EDGE('',*,*,#5359,.T.);
#7010=ORIENTED_EDGE('',*,*,#5360,.F.);
#7011=ORIENTED_EDGE('',*,*,#5361,.T.);
#7012=ORIENTED_EDGE('',*,*,#5362,.F.);
#7013=ORIENTED_EDGE('',*,*,#5363,.F.);
#7014=ORIENTED_EDGE('',*,*,#5292,.T.);
#7015=ORIENTED_EDGE('',*,*,#5364,.T.);
#7016=ORIENTED_EDGE('',*,*,#5294,.F.);
#7017=ORIENTED_EDGE('',*,*,#5365,.T.);
#7018=ORIENTED_EDGE('',*,*,#5302,.F.);
#7019=ORIENTED_EDGE('',*,*,#5366,.F.);
#7020=ORIENTED_EDGE('',*,*,#5367,.T.);
#7021=ORIENTED_EDGE('',*,*,#5368,.T.);
#7022=ORIENTED_EDGE('',*,*,#5369,.F.);
#7023=ORIENTED_EDGE('',*,*,#5370,.T.);
#7024=ORIENTED_EDGE('',*,*,#5351,.T.);
#7025=ORIENTED_EDGE('',*,*,#5310,.F.);
#7026=ORIENTED_EDGE('',*,*,#5371,.T.);
#7027=ORIENTED_EDGE('',*,*,#5366,.T.);
#7028=ORIENTED_EDGE('',*,*,#5372,.F.);
#7029=ORIENTED_EDGE('',*,*,#5313,.T.);
#7030=ORIENTED_EDGE('',*,*,#5317,.T.);
#7031=ORIENTED_EDGE('',*,*,#5372,.T.);
#7032=ORIENTED_EDGE('',*,*,#5373,.F.);
#7033=ORIENTED_EDGE('',*,*,#5322,.F.);
#7034=ORIENTED_EDGE('',*,*,#5374,.F.);
#7035=ORIENTED_EDGE('',*,*,#5375,.T.);
#7036=ORIENTED_EDGE('',*,*,#5376,.T.);
#7037=ORIENTED_EDGE('',*,*,#5374,.T.);
#7038=ORIENTED_EDGE('',*,*,#4883,.T.);
#7039=ORIENTED_EDGE('',*,*,#5377,.F.);
#7040=ORIENTED_EDGE('',*,*,#5378,.F.);
#7041=ORIENTED_EDGE('',*,*,#5373,.T.);
#7042=ORIENTED_EDGE('',*,*,#5379,.T.);
#7043=ORIENTED_EDGE('',*,*,#5378,.T.);
#7044=ORIENTED_EDGE('',*,*,#5375,.F.);
#7045=ORIENTED_EDGE('',*,*,#5380,.F.);
#7046=ORIENTED_EDGE('',*,*,#5381,.T.);
#7047=ORIENTED_EDGE('',*,*,#5382,.T.);
#7048=ORIENTED_EDGE('',*,*,#5383,.F.);
#7049=ORIENTED_EDGE('',*,*,#5381,.F.);
#7050=ORIENTED_EDGE('',*,*,#5243,.T.);
#7051=ORIENTED_EDGE('',*,*,#5384,.T.);
#7052=ORIENTED_EDGE('',*,*,#5385,.F.);
#7053=ORIENTED_EDGE('',*,*,#5329,.T.);
#7054=ORIENTED_EDGE('',*,*,#5386,.T.);
#7055=ORIENTED_EDGE('',*,*,#5387,.F.);
#7056=ORIENTED_EDGE('',*,*,#5388,.T.);
#7057=ORIENTED_EDGE('',*,*,#5230,.F.);
#7058=ORIENTED_EDGE('',*,*,#5389,.F.);
#7059=ORIENTED_EDGE('',*,*,#5387,.T.);
#7060=ORIENTED_EDGE('',*,*,#5327,.F.);
#7061=ORIENTED_EDGE('',*,*,#5390,.F.);
#7062=ORIENTED_EDGE('',*,*,#5391,.T.);
#7063=ORIENTED_EDGE('',*,*,#5389,.T.);
#7064=ORIENTED_EDGE('',*,*,#5390,.T.);
#7065=ORIENTED_EDGE('',*,*,#5326,.F.);
#7066=ORIENTED_EDGE('',*,*,#5236,.F.);
#7067=ORIENTED_EDGE('',*,*,#5392,.F.);
#7068=ORIENTED_EDGE('',*,*,#5234,.T.);
#7069=ORIENTED_EDGE('',*,*,#5393,.T.);
#7070=ORIENTED_EDGE('',*,*,#5392,.T.);
#7071=ORIENTED_EDGE('',*,*,#5391,.F.);
#7072=ORIENTED_EDGE('',*,*,#5235,.F.);
#7073=ORIENTED_EDGE('',*,*,#5346,.F.);
#7074=ORIENTED_EDGE('',*,*,#5349,.T.);
#7075=ORIENTED_EDGE('',*,*,#5332,.F.);
#7076=ORIENTED_EDGE('',*,*,#5281,.F.);
#7077=ORIENTED_EDGE('',*,*,#5219,.T.);
#7078=ORIENTED_EDGE('',*,*,#5348,.F.);
#7079=ORIENTED_EDGE('',*,*,#5394,.F.);
#7080=ORIENTED_EDGE('',*,*,#5275,.T.);
#7081=ORIENTED_EDGE('',*,*,#5395,.T.);
#7082=ORIENTED_EDGE('',*,*,#5396,.T.);
#7083=ORIENTED_EDGE('',*,*,#5341,.F.);
#7084=ORIENTED_EDGE('',*,*,#5342,.F.);
#7085=ORIENTED_EDGE('',*,*,#5396,.F.);
#7086=ORIENTED_EDGE('',*,*,#5397,.T.);
#7087=ORIENTED_EDGE('',*,*,#5398,.T.);
#7088=ORIENTED_EDGE('',*,*,#5352,.F.);
#7089=ORIENTED_EDGE('',*,*,#5286,.T.);
#7090=ORIENTED_EDGE('',*,*,#5399,.F.);
#7091=ORIENTED_EDGE('',*,*,#5283,.F.);
#7092=ORIENTED_EDGE('',*,*,#5360,.T.);
#7093=ORIENTED_EDGE('',*,*,#5355,.F.);
#7094=ORIENTED_EDGE('',*,*,#5400,.F.);
#7095=ORIENTED_EDGE('',*,*,#5357,.T.);
#7096=ORIENTED_EDGE('',*,*,#5401,.T.);
#7097=ORIENTED_EDGE('',*,*,#5401,.F.);
#7098=ORIENTED_EDGE('',*,*,#5402,.T.);
#7099=ORIENTED_EDGE('',*,*,#5363,.T.);
#7100=ORIENTED_EDGE('',*,*,#5365,.F.);
#7101=ORIENTED_EDGE('',*,*,#5362,.T.);
#7102=ORIENTED_EDGE('',*,*,#5403,.F.);
#7103=ORIENTED_EDGE('',*,*,#5404,.F.);
#7104=ORIENTED_EDGE('',*,*,#5405,.T.);
#7105=ORIENTED_EDGE('',*,*,#5406,.T.);
#7106=ORIENTED_EDGE('',*,*,#5407,.T.);
#7107=ORIENTED_EDGE('',*,*,#5359,.F.);
#7108=ORIENTED_EDGE('',*,*,#5408,.F.);
#7109=ORIENTED_EDGE('',*,*,#5407,.F.);
#7110=ORIENTED_EDGE('',*,*,#5354,.T.);
#7111=ORIENTED_EDGE('',*,*,#5409,.T.);
#7112=ORIENTED_EDGE('',*,*,#5410,.F.);
#7113=ORIENTED_EDGE('',*,*,#5282,.T.);
#7114=ORIENTED_EDGE('',*,*,#5289,.T.);
#7115=ORIENTED_EDGE('',*,*,#5410,.T.);
#7116=ORIENTED_EDGE('',*,*,#5368,.F.);
#7117=ORIENTED_EDGE('',*,*,#5411,.F.);
#7118=ORIENTED_EDGE('',*,*,#5412,.F.);
#7119=ORIENTED_EDGE('',*,*,#5413,.T.);
#7120=ORIENTED_EDGE('',*,*,#5411,.T.);
#7121=ORIENTED_EDGE('',*,*,#5412,.T.);
#7122=ORIENTED_EDGE('',*,*,#5367,.F.);
#7123=ORIENTED_EDGE('',*,*,#5414,.F.);
#7124=ORIENTED_EDGE('',*,*,#5415,.F.);
#7125=ORIENTED_EDGE('',*,*,#5416,.T.);
#7126=ORIENTED_EDGE('',*,*,#5043,.T.);
#7127=ORIENTED_EDGE('',*,*,#5415,.T.);
#7128=ORIENTED_EDGE('',*,*,#5334,.F.);
#7129=ORIENTED_EDGE('',*,*,#5398,.F.);
#7130=ORIENTED_EDGE('',*,*,#5417,.F.);
#7131=ORIENTED_EDGE('',*,*,#5418,.T.);
#7132=ORIENTED_EDGE('',*,*,#5338,.F.);
#7133=ORIENTED_EDGE('',*,*,#5417,.T.);
#7134=ORIENTED_EDGE('',*,*,#5055,.F.);
#7135=ORIENTED_EDGE('',*,*,#5419,.T.);
#7136=ORIENTED_EDGE('',*,*,#5420,.T.);
#7137=ORIENTED_EDGE('',*,*,#5421,.F.);
#7138=ORIENTED_EDGE('',*,*,#5422,.F.);
#7139=ORIENTED_EDGE('',*,*,#5420,.F.);
#7140=ORIENTED_EDGE('',*,*,#5423,.T.);
#7141=ORIENTED_EDGE('',*,*,#5424,.F.);
#7142=ORIENTED_EDGE('',*,*,#5316,.F.);
#7143=ORIENTED_EDGE('',*,*,#5425,.T.);
#7144=ORIENTED_EDGE('',*,*,#5379,.F.);
#7145=ORIENTED_EDGE('',*,*,#5426,.T.);
#7146=ORIENTED_EDGE('',*,*,#5427,.F.);
#7147=ORIENTED_EDGE('',*,*,#5380,.T.);
#7148=ORIENTED_EDGE('',*,*,#5426,.F.);
#7149=ORIENTED_EDGE('',*,*,#5377,.T.);
#7150=ORIENTED_EDGE('',*,*,#4898,.T.);
#7151=ORIENTED_EDGE('',*,*,#5428,.T.);
#7152=ORIENTED_EDGE('',*,*,#5429,.F.);
#7153=ORIENTED_EDGE('',*,*,#5383,.T.);
#7154=ORIENTED_EDGE('',*,*,#5428,.F.);
#7155=ORIENTED_EDGE('',*,*,#5430,.T.);
#7156=ORIENTED_EDGE('',*,*,#4885,.F.);
#7157=ORIENTED_EDGE('',*,*,#5431,.F.);
#7158=ORIENTED_EDGE('',*,*,#5328,.T.);
#7159=ORIENTED_EDGE('',*,*,#5229,.T.);
#7160=ORIENTED_EDGE('',*,*,#5431,.T.);
#7161=ORIENTED_EDGE('',*,*,#5324,.F.);
#7162=ORIENTED_EDGE('',*,*,#5386,.F.);
#7163=ORIENTED_EDGE('',*,*,#5432,.T.);
#7164=ORIENTED_EDGE('',*,*,#5345,.F.);
#7165=ORIENTED_EDGE('',*,*,#5395,.F.);
#7166=ORIENTED_EDGE('',*,*,#5432,.F.);
#7167=ORIENTED_EDGE('',*,*,#5279,.T.);
#7168=ORIENTED_EDGE('',*,*,#5347,.T.);
#7169=ORIENTED_EDGE('',*,*,#5433,.F.);
#7170=ORIENTED_EDGE('',*,*,#5305,.T.);
#7171=ORIENTED_EDGE('',*,*,#5434,.T.);
#7172=ORIENTED_EDGE('',*,*,#5433,.T.);
#7173=ORIENTED_EDGE('',*,*,#5309,.F.);
#7174=ORIENTED_EDGE('',*,*,#5435,.F.);
#7175=ORIENTED_EDGE('',*,*,#5436,.F.);
#7176=ORIENTED_EDGE('',*,*,#5437,.T.);
#7177=ORIENTED_EDGE('',*,*,#5413,.F.);
#7178=ORIENTED_EDGE('',*,*,#5438,.F.);
#7179=ORIENTED_EDGE('',*,*,#5439,.T.);
#7180=ORIENTED_EDGE('',*,*,#5440,.T.);
#7181=ORIENTED_EDGE('',*,*,#5441,.T.);
#7182=ORIENTED_EDGE('',*,*,#5048,.F.);
#7183=ORIENTED_EDGE('',*,*,#5442,.F.);
#7184=ORIENTED_EDGE('',*,*,#5438,.T.);
#7185=ORIENTED_EDGE('',*,*,#4918,.F.);
#7186=ORIENTED_EDGE('',*,*,#5441,.F.);
#7187=ORIENTED_EDGE('',*,*,#5443,.F.);
#7188=ORIENTED_EDGE('',*,*,#5444,.F.);
#7189=ORIENTED_EDGE('',*,*,#5060,.T.);
#7190=ORIENTED_EDGE('',*,*,#5445,.F.);
#7191=ORIENTED_EDGE('',*,*,#5443,.T.);
#7192=ORIENTED_EDGE('',*,*,#5026,.T.);
#7193=ORIENTED_EDGE('',*,*,#5445,.T.);
#7194=ORIENTED_EDGE('',*,*,#5446,.T.);
#7195=ORIENTED_EDGE('',*,*,#5437,.F.);
#7196=ORIENTED_EDGE('',*,*,#5447,.T.);
#7197=ORIENTED_EDGE('',*,*,#5402,.F.);
#7198=ORIENTED_EDGE('',*,*,#5409,.F.);
#7199=ORIENTED_EDGE('',*,*,#5447,.F.);
#7200=ORIENTED_EDGE('',*,*,#5356,.T.);
#7201=ORIENTED_EDGE('',*,*,#5293,.T.);
#7202=ORIENTED_EDGE('',*,*,#5370,.F.);
#7203=ORIENTED_EDGE('',*,*,#5308,.T.);
#7204=ORIENTED_EDGE('',*,*,#5288,.T.);
#7205=ORIENTED_EDGE('',*,*,#5405,.F.);
#7206=ORIENTED_EDGE('',*,*,#5297,.T.);
#7207=ORIENTED_EDGE('',*,*,#5448,.T.);
#7208=ORIENTED_EDGE('',*,*,#5449,.T.);
#7209=ORIENTED_EDGE('',*,*,#5364,.F.);
#7210=ORIENTED_EDGE('',*,*,#5295,.F.);
#7211=ORIENTED_EDGE('',*,*,#5449,.F.);
#7212=ORIENTED_EDGE('',*,*,#5301,.T.);
#7213=ORIENTED_EDGE('',*,*,#5298,.T.);
#7214=ORIENTED_EDGE('',*,*,#5450,.T.);
#7215=ORIENTED_EDGE('',*,*,#5451,.F.);
#7216=ORIENTED_EDGE('',*,*,#5452,.F.);
#7217=ORIENTED_EDGE('',*,*,#5450,.F.);
#7218=ORIENTED_EDGE('',*,*,#5453,.T.);
#7219=ORIENTED_EDGE('',*,*,#4915,.T.);
#7220=ORIENTED_EDGE('',*,*,#5454,.T.);
#7221=ORIENTED_EDGE('',*,*,#5264,.F.);
#7222=ORIENTED_EDGE('',*,*,#5455,.T.);
#7223=ORIENTED_EDGE('',*,*,#5454,.F.);
#7224=ORIENTED_EDGE('',*,*,#5456,.T.);
#7225=ORIENTED_EDGE('',*,*,#5457,.F.);
#7226=ORIENTED_EDGE('',*,*,#5456,.F.);
#7227=ORIENTED_EDGE('',*,*,#5422,.T.);
#7228=ORIENTED_EDGE('',*,*,#5458,.F.);
#7229=ORIENTED_EDGE('',*,*,#5304,.F.);
#7230=ORIENTED_EDGE('',*,*,#5436,.T.);
#7231=ORIENTED_EDGE('',*,*,#5459,.F.);
#7232=ORIENTED_EDGE('',*,*,#5460,.F.);
#7233=ORIENTED_EDGE('',*,*,#5425,.F.);
#7234=ORIENTED_EDGE('',*,*,#5429,.T.);
#7235=ORIENTED_EDGE('',*,*,#5460,.T.);
#7236=ORIENTED_EDGE('',*,*,#4884,.F.);
#7237=ORIENTED_EDGE('',*,*,#5376,.F.);
#7238=ORIENTED_EDGE('',*,*,#5320,.F.);
#7239=ORIENTED_EDGE('',*,*,#5214,.T.);
#7240=ORIENTED_EDGE('',*,*,#5385,.T.);
#7241=ORIENTED_EDGE('',*,*,#5220,.F.);
#7242=ORIENTED_EDGE('',*,*,#5461,.T.);
#7243=ORIENTED_EDGE('',*,*,#5393,.F.);
#7244=ORIENTED_EDGE('',*,*,#5461,.F.);
#7245=ORIENTED_EDGE('',*,*,#5238,.T.);
#7246=ORIENTED_EDGE('',*,*,#5388,.F.);
#7247=ORIENTED_EDGE('',*,*,#5462,.T.);
#7248=ORIENTED_EDGE('',*,*,#5358,.F.);
#7249=ORIENTED_EDGE('',*,*,#5353,.F.);
#7250=ORIENTED_EDGE('',*,*,#5462,.F.);
#7251=ORIENTED_EDGE('',*,*,#5399,.T.);
#7252=ORIENTED_EDGE('',*,*,#5408,.T.);
#7253=ORIENTED_EDGE('',*,*,#5463,.T.);
#7254=ORIENTED_EDGE('',*,*,#5448,.F.);
#7255=ORIENTED_EDGE('',*,*,#5300,.F.);
#7256=ORIENTED_EDGE('',*,*,#5463,.F.);
#7257=ORIENTED_EDGE('',*,*,#5403,.T.);
#7258=ORIENTED_EDGE('',*,*,#5464,.T.);
#7259=ORIENTED_EDGE('',*,*,#5465,.F.);
#7260=ORIENTED_EDGE('',*,*,#5466,.F.);
#7261=ORIENTED_EDGE('',*,*,#5467,.T.);
#7262=ORIENTED_EDGE('',*,*,#5465,.T.);
#7263=ORIENTED_EDGE('',*,*,#4908,.T.);
#7264=ORIENTED_EDGE('',*,*,#5453,.F.);
#7265=ORIENTED_EDGE('',*,*,#5468,.F.);
#7266=ORIENTED_EDGE('',*,*,#5307,.T.);
#7267=ORIENTED_EDGE('',*,*,#5435,.T.);
#7268=ORIENTED_EDGE('',*,*,#5468,.T.);
#7269=ORIENTED_EDGE('',*,*,#5337,.F.);
#7270=ORIENTED_EDGE('',*,*,#5469,.F.);
#7271=ORIENTED_EDGE('',*,*,#5470,.T.);
#7272=ORIENTED_EDGE('',*,*,#5397,.F.);
#7273=ORIENTED_EDGE('',*,*,#5442,.T.);
#7274=ORIENTED_EDGE('',*,*,#5470,.F.);
#7275=ORIENTED_EDGE('',*,*,#5044,.T.);
#7276=ORIENTED_EDGE('',*,*,#5416,.F.);
#7277=ORIENTED_EDGE('',*,*,#5471,.T.);
#7278=ORIENTED_EDGE('',*,*,#5054,.F.);
#7279=ORIENTED_EDGE('',*,*,#5444,.T.);
#7280=ORIENTED_EDGE('',*,*,#5471,.F.);
#7281=ORIENTED_EDGE('',*,*,#5472,.T.);
#7282=ORIENTED_EDGE('',*,*,#5419,.F.);
#7283=ORIENTED_EDGE('',*,*,#5473,.T.);
#7284=ORIENTED_EDGE('',*,*,#5474,.F.);
#7285=ORIENTED_EDGE('',*,*,#5319,.T.);
#7286=ORIENTED_EDGE('',*,*,#5473,.F.);
#7287=ORIENTED_EDGE('',*,*,#5427,.T.);
#7288=ORIENTED_EDGE('',*,*,#4873,.T.);
#7289=ORIENTED_EDGE('',*,*,#5475,.F.);
#7290=ORIENTED_EDGE('',*,*,#5423,.F.);
#7291=ORIENTED_EDGE('',*,*,#5476,.T.);
#7292=ORIENTED_EDGE('',*,*,#5475,.T.);
#7293=ORIENTED_EDGE('',*,*,#4913,.F.);
#7294=ORIENTED_EDGE('',*,*,#5477,.F.);
#7295=ORIENTED_EDGE('',*,*,#5478,.F.);
#7296=ORIENTED_EDGE('',*,*,#5306,.T.);
#7297=ORIENTED_EDGE('',*,*,#5469,.T.);
#7298=ORIENTED_EDGE('',*,*,#5478,.T.);
#7299=ORIENTED_EDGE('',*,*,#5418,.F.);
#7300=ORIENTED_EDGE('',*,*,#5472,.F.);
#7301=ORIENTED_EDGE('',*,*,#5439,.F.);
#7302=ORIENTED_EDGE('',*,*,#5394,.T.);
#7303=ORIENTED_EDGE('',*,*,#5344,.T.);
#7304=ORIENTED_EDGE('',*,*,#5479,.F.);
#7305=ORIENTED_EDGE('',*,*,#5459,.T.);
#7306=ORIENTED_EDGE('',*,*,#5414,.T.);
#7307=ORIENTED_EDGE('',*,*,#5479,.T.);
#7308=ORIENTED_EDGE('',*,*,#5371,.F.);
#7309=ORIENTED_EDGE('',*,*,#5434,.F.);
#7310=ORIENTED_EDGE('',*,*,#5480,.F.);
#7311=ORIENTED_EDGE('',*,*,#5481,.T.);
#7312=ORIENTED_EDGE('',*,*,#4904,.T.);
#7313=ORIENTED_EDGE('',*,*,#5482,.F.);
#7314=ORIENTED_EDGE('',*,*,#5361,.F.);
#7315=ORIENTED_EDGE('',*,*,#5480,.T.);
#7316=ORIENTED_EDGE('',*,*,#5482,.T.);
#7317=ORIENTED_EDGE('',*,*,#4906,.T.);
#7318=ORIENTED_EDGE('',*,*,#5467,.F.);
#7319=ORIENTED_EDGE('',*,*,#5483,.F.);
#7320=ORIENTED_EDGE('',*,*,#5484,.T.);
#7321=ORIENTED_EDGE('',*,*,#4924,.F.);
#7322=ORIENTED_EDGE('',*,*,#5485,.F.);
#7323=ORIENTED_EDGE('',*,*,#5486,.T.);
#7324=ORIENTED_EDGE('',*,*,#5487,.F.);
#7325=ORIENTED_EDGE('',*,*,#5483,.T.);
#7326=ORIENTED_EDGE('',*,*,#4921,.F.);
#7327=ORIENTED_EDGE('',*,*,#5440,.F.);
#7328=ORIENTED_EDGE('',*,*,#5488,.T.);
#7329=ORIENTED_EDGE('',*,*,#4934,.F.);
#7330=ORIENTED_EDGE('',*,*,#5484,.F.);
#7331=ORIENTED_EDGE('',*,*,#5489,.T.);
#7332=ORIENTED_EDGE('',*,*,#4930,.F.);
#7333=ORIENTED_EDGE('',*,*,#5488,.F.);
#7334=ORIENTED_EDGE('',*,*,#5490,.T.);
#7335=ORIENTED_EDGE('',*,*,#4978,.F.);
#7336=ORIENTED_EDGE('',*,*,#5489,.F.);
#7337=ORIENTED_EDGE('',*,*,#5491,.T.);
#7338=ORIENTED_EDGE('',*,*,#5051,.F.);
#7339=ORIENTED_EDGE('',*,*,#5490,.F.);
#7340=ORIENTED_EDGE('',*,*,#5492,.T.);
#7341=ORIENTED_EDGE('',*,*,#4974,.F.);
#7342=ORIENTED_EDGE('',*,*,#5491,.F.);
#7343=ORIENTED_EDGE('',*,*,#5493,.F.);
#7344=ORIENTED_EDGE('',*,*,#5492,.F.);
#7345=ORIENTED_EDGE('',*,*,#5485,.T.);
#7346=ORIENTED_EDGE('',*,*,#5493,.T.);
#7347=ORIENTED_EDGE('',*,*,#5494,.F.);
#7348=ORIENTED_EDGE('',*,*,#4961,.F.);
#7349=ORIENTED_EDGE('',*,*,#5494,.T.);
#7350=ORIENTED_EDGE('',*,*,#5495,.F.);
#7351=ORIENTED_EDGE('',*,*,#5020,.F.);
#7352=ORIENTED_EDGE('',*,*,#5495,.T.);
#7353=ORIENTED_EDGE('',*,*,#5496,.F.);
#7354=ORIENTED_EDGE('',*,*,#5015,.F.);
#7355=ORIENTED_EDGE('',*,*,#5496,.T.);
#7356=ORIENTED_EDGE('',*,*,#4734,.F.);
#7357=ORIENTED_EDGE('',*,*,#5067,.F.);
#7358=ORIENTED_EDGE('',*,*,#5487,.T.);
#7359=ORIENTED_EDGE('',*,*,#5497,.F.);
#7360=ORIENTED_EDGE('',*,*,#4756,.F.);
#7361=ORIENTED_EDGE('',*,*,#5497,.T.);
#7362=ORIENTED_EDGE('',*,*,#5498,.F.);
#7363=ORIENTED_EDGE('',*,*,#4747,.F.);
#7364=ORIENTED_EDGE('',*,*,#5498,.T.);
#7365=ORIENTED_EDGE('',*,*,#5499,.F.);
#7366=ORIENTED_EDGE('',*,*,#4759,.F.);
#7367=ORIENTED_EDGE('',*,*,#5499,.T.);
#7368=ORIENTED_EDGE('',*,*,#5500,.F.);
#7369=ORIENTED_EDGE('',*,*,#4752,.F.);
#7370=ORIENTED_EDGE('',*,*,#5500,.T.);
#7371=ORIENTED_EDGE('',*,*,#5501,.F.);
#7372=ORIENTED_EDGE('',*,*,#4767,.F.);
#7373=ORIENTED_EDGE('',*,*,#5501,.T.);
#7374=ORIENTED_EDGE('',*,*,#5502,.F.);
#7375=ORIENTED_EDGE('',*,*,#4763,.F.);
#7376=ORIENTED_EDGE('',*,*,#5502,.T.);
#7377=ORIENTED_EDGE('',*,*,#5503,.F.);
#7378=ORIENTED_EDGE('',*,*,#4830,.F.);
#7379=ORIENTED_EDGE('',*,*,#5503,.T.);
#7380=ORIENTED_EDGE('',*,*,#5504,.F.);
#7381=ORIENTED_EDGE('',*,*,#4771,.F.);
#7382=ORIENTED_EDGE('',*,*,#5505,.F.);
#7383=ORIENTED_EDGE('',*,*,#5446,.F.);
#7384=ORIENTED_EDGE('',*,*,#5023,.T.);
#7385=ORIENTED_EDGE('',*,*,#5505,.T.);
#7386=ORIENTED_EDGE('',*,*,#5030,.T.);
#7387=ORIENTED_EDGE('',*,*,#5506,.F.);
#7388=ORIENTED_EDGE('',*,*,#5507,.F.);
#7389=ORIENTED_EDGE('',*,*,#5506,.T.);
#7390=ORIENTED_EDGE('',*,*,#4946,.T.);
#7391=ORIENTED_EDGE('',*,*,#5508,.F.);
#7392=ORIENTED_EDGE('',*,*,#5507,.T.);
#7393=ORIENTED_EDGE('',*,*,#4950,.T.);
#7394=ORIENTED_EDGE('',*,*,#5509,.F.);
#7395=ORIENTED_EDGE('',*,*,#5508,.T.);
#7396=ORIENTED_EDGE('',*,*,#5041,.T.);
#7397=ORIENTED_EDGE('',*,*,#5510,.F.);
#7398=ORIENTED_EDGE('',*,*,#5509,.T.);
#7399=ORIENTED_EDGE('',*,*,#4999,.T.);
#7400=ORIENTED_EDGE('',*,*,#5511,.F.);
#7401=ORIENTED_EDGE('',*,*,#5510,.T.);
#7402=ORIENTED_EDGE('',*,*,#4966,.T.);
#7403=ORIENTED_EDGE('',*,*,#5512,.F.);
#7404=ORIENTED_EDGE('',*,*,#5003,.T.);
#7405=ORIENTED_EDGE('',*,*,#5513,.T.);
#7406=ORIENTED_EDGE('',*,*,#5513,.F.);
#7407=ORIENTED_EDGE('',*,*,#4971,.T.);
#7408=ORIENTED_EDGE('',*,*,#5514,.T.);
#7409=ORIENTED_EDGE('',*,*,#5512,.T.);
#7410=ORIENTED_EDGE('',*,*,#5515,.F.);
#7411=ORIENTED_EDGE('',*,*,#5511,.T.);
#7412=ORIENTED_EDGE('',*,*,#5515,.T.);
#7413=ORIENTED_EDGE('',*,*,#5516,.T.);
#7414=ORIENTED_EDGE('',*,*,#5481,.F.);
#7415=ORIENTED_EDGE('',*,*,#5514,.F.);
#7416=ORIENTED_EDGE('',*,*,#4938,.T.);
#7417=ORIENTED_EDGE('',*,*,#5517,.T.);
#7418=ORIENTED_EDGE('',*,*,#5517,.F.);
#7419=ORIENTED_EDGE('',*,*,#5005,.T.);
#7420=ORIENTED_EDGE('',*,*,#4744,.T.);
#7421=ORIENTED_EDGE('',*,*,#5516,.F.);
#7422=ORIENTED_EDGE('',*,*,#4862,.T.);
#7423=ORIENTED_EDGE('',*,*,#5518,.T.);
#7424=ORIENTED_EDGE('',*,*,#5518,.F.);
#7425=ORIENTED_EDGE('',*,*,#4867,.T.);
#7426=ORIENTED_EDGE('',*,*,#5519,.T.);
#7427=ORIENTED_EDGE('',*,*,#5519,.F.);
#7428=ORIENTED_EDGE('',*,*,#4780,.T.);
#7429=ORIENTED_EDGE('',*,*,#5520,.T.);
#7430=ORIENTED_EDGE('',*,*,#5520,.F.);
#7431=ORIENTED_EDGE('',*,*,#4775,.T.);
#7432=ORIENTED_EDGE('',*,*,#5521,.T.);
#7433=ORIENTED_EDGE('',*,*,#5521,.F.);
#7434=ORIENTED_EDGE('',*,*,#4865,.T.);
#7435=ORIENTED_EDGE('',*,*,#5522,.T.);
#7436=ORIENTED_EDGE('',*,*,#5522,.F.);
#7437=ORIENTED_EDGE('',*,*,#4789,.T.);
#7438=ORIENTED_EDGE('',*,*,#5523,.T.);
#7439=ORIENTED_EDGE('',*,*,#5523,.F.);
#7440=ORIENTED_EDGE('',*,*,#4784,.T.);
#7441=ORIENTED_EDGE('',*,*,#5524,.T.);
#7442=ORIENTED_EDGE('',*,*,#5524,.F.);
#7443=ORIENTED_EDGE('',*,*,#4869,.T.);
#7444=ORIENTED_EDGE('',*,*,#5525,.T.);
#7445=ORIENTED_EDGE('',*,*,#5525,.F.);
#7446=ORIENTED_EDGE('',*,*,#5504,.T.);
#7447=ORIENTED_EDGE('',*,*,#4879,.T.);
#7448=ORIENTED_EDGE('',*,*,#5486,.F.);
#7449=ORIENTED_EDGE('',*,*,#5474,.T.);
#7450=ORIENTED_EDGE('',*,*,#4871,.T.);
#7451=ORIENTED_EDGE('',*,*,#5526,.T.);
#7452=ORIENTED_EDGE('',*,*,#5476,.F.);
#7453=ORIENTED_EDGE('',*,*,#5404,.T.);
#7454=ORIENTED_EDGE('',*,*,#5526,.F.);
#7455=ORIENTED_EDGE('',*,*,#5451,.T.);
#7456=ORIENTED_EDGE('',*,*,#4914,.F.);
#7457=ORIENTED_EDGE('',*,*,#5455,.F.);
#7458=ORIENTED_EDGE('',*,*,#5369,.T.);
#7459=ORIENTED_EDGE('',*,*,#5400,.T.);
#7460=ORIENTED_EDGE('',*,*,#5527,.T.);
#7461=ORIENTED_EDGE('',*,*,#5406,.F.);
#7462=ORIENTED_EDGE('',*,*,#5464,.F.);
#7463=ORIENTED_EDGE('',*,*,#5527,.F.);
#7464=ORIENTED_EDGE('',*,*,#5466,.T.);
#7465=ORIENTED_EDGE('',*,*,#5452,.T.);
#7466=ORIENTED_EDGE('',*,*,#5528,.T.);
#7467=ORIENTED_EDGE('',*,*,#5529,.F.);
#7468=ORIENTED_EDGE('',*,*,#5458,.T.);
#7469=ORIENTED_EDGE('',*,*,#5530,.T.);
#7470=ORIENTED_EDGE('',*,*,#5528,.F.);
#7471=ORIENTED_EDGE('',*,*,#5421,.T.);
#7472=ORIENTED_EDGE('',*,*,#5530,.F.);
#7473=ORIENTED_EDGE('',*,*,#5531,.T.);
#7474=ORIENTED_EDGE('',*,*,#4911,.T.);
#7475=ORIENTED_EDGE('',*,*,#5532,.F.);
#7476=ORIENTED_EDGE('',*,*,#5533,.T.);
#7477=ORIENTED_EDGE('',*,*,#5534,.T.);
#7478=ORIENTED_EDGE('',*,*,#5532,.T.);
#7479=ORIENTED_EDGE('',*,*,#5535,.F.);
#7480=ORIENTED_EDGE('',*,*,#5063,.F.);
#7481=ORIENTED_EDGE('',*,*,#5535,.T.);
#7482=ORIENTED_EDGE('',*,*,#5536,.F.);
#7483=ORIENTED_EDGE('',*,*,#5072,.F.);
#7484=ORIENTED_EDGE('',*,*,#5537,.F.);
#7485=ORIENTED_EDGE('',*,*,#4988,.T.);
#7486=ORIENTED_EDGE('',*,*,#5538,.T.);
#7487=ORIENTED_EDGE('',*,*,#5537,.T.);
#7488=ORIENTED_EDGE('',*,*,#5539,.F.);
#7489=ORIENTED_EDGE('',*,*,#5540,.T.);
#7490=ORIENTED_EDGE('',*,*,#5538,.F.);
#7491=ORIENTED_EDGE('',*,*,#4982,.T.);
#7492=ORIENTED_EDGE('',*,*,#5541,.T.);
#7493=ORIENTED_EDGE('',*,*,#4660,.T.);
#7494=ORIENTED_EDGE('',*,*,#4891,.F.);
#7495=ORIENTED_EDGE('',*,*,#5541,.F.);
#7496=ORIENTED_EDGE('',*,*,#5536,.T.);
#7497=ORIENTED_EDGE('',*,*,#4687,.F.);
#7498=ORIENTED_EDGE('',*,*,#4674,.T.);
#7499=ORIENTED_EDGE('',*,*,#4665,.T.);
#7500=ORIENTED_EDGE('',*,*,#5542,.T.);
#7501=ORIENTED_EDGE('',*,*,#4889,.T.);
#7502=ORIENTED_EDGE('',*,*,#5543,.F.);
#7503=ORIENTED_EDGE('',*,*,#5544,.F.);
#7504=ORIENTED_EDGE('',*,*,#5545,.F.);
#7505=ORIENTED_EDGE('',*,*,#5539,.T.);
#7506=ORIENTED_EDGE('',*,*,#5545,.T.);
#7507=ORIENTED_EDGE('',*,*,#5256,.F.);
#7508=ORIENTED_EDGE('',*,*,#5546,.T.);
#7509=ORIENTED_EDGE('',*,*,#5542,.F.);
#7510=ORIENTED_EDGE('',*,*,#5240,.F.);
#7511=ORIENTED_EDGE('',*,*,#5544,.T.);
#7512=ORIENTED_EDGE('',*,*,#5547,.F.);
#7513=ORIENTED_EDGE('',*,*,#5258,.T.);
#7514=ORIENTED_EDGE('',*,*,#5014,.T.);
#7515=ORIENTED_EDGE('',*,*,#5548,.F.);
#7516=ORIENTED_EDGE('',*,*,#5547,.T.);
#7517=ORIENTED_EDGE('',*,*,#5070,.T.);
#7518=ORIENTED_EDGE('',*,*,#5548,.T.);
#7519=ORIENTED_EDGE('',*,*,#5549,.T.);
#7520=ORIENTED_EDGE('',*,*,#5546,.F.);
#7521=ORIENTED_EDGE('',*,*,#5549,.F.);
#7522=ORIENTED_EDGE('',*,*,#4992,.T.);
#7523=ORIENTED_EDGE('',*,*,#5550,.T.);
#7524=ORIENTED_EDGE('',*,*,#5550,.F.);
#7525=ORIENTED_EDGE('',*,*,#5017,.T.);
#7526=ORIENTED_EDGE('',*,*,#5551,.T.);
#7527=ORIENTED_EDGE('',*,*,#5551,.F.);
#7528=ORIENTED_EDGE('',*,*,#4996,.T.);
#7529=ORIENTED_EDGE('',*,*,#5552,.T.);
#7530=ORIENTED_EDGE('',*,*,#5552,.F.);
#7531=ORIENTED_EDGE('',*,*,#5038,.T.);
#7532=ORIENTED_EDGE('',*,*,#5553,.T.);
#7533=ORIENTED_EDGE('',*,*,#5553,.F.);
#7534=ORIENTED_EDGE('',*,*,#4986,.T.);
#7535=ORIENTED_EDGE('',*,*,#5540,.F.);
#7536=ORIENTED_EDGE('',*,*,#5554,.F.);
#7537=ORIENTED_EDGE('',*,*,#5555,.T.);
#7538=ORIENTED_EDGE('',*,*,#5556,.F.);
#7539=ORIENTED_EDGE('',*,*,#5557,.T.);
#7540=ORIENTED_EDGE('',*,*,#4936,.F.);
#7541=ORIENTED_EDGE('',*,*,#5274,.T.);
#7542=ORIENTED_EDGE('',*,*,#5554,.T.);
#7543=ORIENTED_EDGE('',*,*,#5007,.F.);
#7544=ORIENTED_EDGE('',*,*,#5557,.F.);
#7545=ORIENTED_EDGE('',*,*,#5556,.T.);
#7546=ORIENTED_EDGE('',*,*,#5558,.F.);
#7547=ORIENTED_EDGE('',*,*,#4953,.F.);
#7548=ORIENTED_EDGE('',*,*,#5558,.T.);
#7549=ORIENTED_EDGE('',*,*,#5559,.F.);
#7550=ORIENTED_EDGE('',*,*,#4956,.F.);
#7551=ORIENTED_EDGE('',*,*,#5559,.T.);
#7552=ORIENTED_EDGE('',*,*,#5560,.F.);
#7553=ORIENTED_EDGE('',*,*,#5032,.F.);
#7554=ORIENTED_EDGE('',*,*,#5560,.T.);
#7555=ORIENTED_EDGE('',*,*,#5561,.F.);
#7556=ORIENTED_EDGE('',*,*,#5035,.F.);
#7557=ORIENTED_EDGE('',*,*,#5561,.T.);
#7558=ORIENTED_EDGE('',*,*,#5533,.F.);
#7559=ORIENTED_EDGE('',*,*,#5065,.F.);
#7560=ORIENTED_EDGE('',*,*,#5562,.T.);
#7561=ORIENTED_EDGE('',*,*,#4895,.T.);
#7562=ORIENTED_EDGE('',*,*,#5563,.F.);
#7563=ORIENTED_EDGE('',*,*,#5564,.F.);
#7564=ORIENTED_EDGE('',*,*,#5242,.F.);
#7565=ORIENTED_EDGE('',*,*,#5543,.T.);
#7566=ORIENTED_EDGE('',*,*,#5562,.F.);
#7567=ORIENTED_EDGE('',*,*,#5384,.F.);
#7568=ORIENTED_EDGE('',*,*,#5564,.T.);
#7569=ORIENTED_EDGE('',*,*,#5565,.F.);
#7570=ORIENTED_EDGE('',*,*,#5382,.F.);
#7571=ORIENTED_EDGE('',*,*,#5563,.T.);
#7572=ORIENTED_EDGE('',*,*,#5565,.T.);
#7573=ORIENTED_EDGE('',*,*,#4897,.T.);
#7574=ORIENTED_EDGE('',*,*,#5430,.F.);
#7575=ORIENTED_EDGE('',*,*,#5566,.T.);
#7576=ORIENTED_EDGE('',*,*,#5531,.F.);
#7577=ORIENTED_EDGE('',*,*,#5424,.T.);
#7578=ORIENTED_EDGE('',*,*,#5566,.F.);
#7579=ORIENTED_EDGE('',*,*,#5477,.T.);
#7580=ORIENTED_EDGE('',*,*,#4910,.T.);
#7581=ORIENTED_EDGE('',*,*,#5567,.F.);
#7582=ORIENTED_EDGE('',*,*,#5555,.F.);
#7583=ORIENTED_EDGE('',*,*,#5270,.T.);
#7584=ORIENTED_EDGE('',*,*,#5568,.T.);
#7585=ORIENTED_EDGE('',*,*,#5534,.F.);
#7586=ORIENTED_EDGE('',*,*,#5567,.T.);
#7587=ORIENTED_EDGE('',*,*,#5569,.T.);
#7588=ORIENTED_EDGE('',*,*,#5568,.F.);
#7589=ORIENTED_EDGE('',*,*,#5457,.T.);
#7590=ORIENTED_EDGE('',*,*,#5569,.F.);
#7591=ORIENTED_EDGE('',*,*,#5529,.T.);
#7592=ORIENTED_EDGE('',*,*,#4902,.F.);
#7593=ORIENTED_EDGE('',*,*,#5570,.F.);
#7594=ORIENTED_EDGE('',*,*,#5571,.T.);
#7595=ORIENTED_EDGE('',*,*,#5572,.F.);
#7596=ORIENTED_EDGE('',*,*,#5571,.F.);
#7597=ORIENTED_EDGE('',*,*,#5573,.F.);
#7598=ORIENTED_EDGE('',*,*,#5574,.T.);
#7599=ORIENTED_EDGE('',*,*,#5575,.F.);
#7600=ORIENTED_EDGE('',*,*,#5574,.F.);
#7601=ORIENTED_EDGE('',*,*,#5576,.T.);
#7602=ORIENTED_EDGE('',*,*,#5577,.T.);
#7603=ORIENTED_EDGE('',*,*,#5578,.F.);
#7604=ORIENTED_EDGE('',*,*,#5577,.F.);
#7605=ORIENTED_EDGE('',*,*,#5579,.F.);
#7606=ORIENTED_EDGE('',*,*,#5580,.T.);
#7607=ORIENTED_EDGE('',*,*,#5581,.T.);
#7608=ORIENTED_EDGE('',*,*,#5580,.F.);
#7609=ORIENTED_EDGE('',*,*,#5576,.F.);
#7610=ORIENTED_EDGE('',*,*,#5581,.F.);
#7611=ORIENTED_EDGE('',*,*,#5582,.T.);
#7612=ORIENTED_EDGE('',*,*,#5583,.T.);
#7613=ORIENTED_EDGE('',*,*,#5584,.F.);
#7614=ORIENTED_EDGE('',*,*,#5583,.F.);
#7615=ORIENTED_EDGE('',*,*,#5585,.F.);
#7616=ORIENTED_EDGE('',*,*,#5586,.T.);
#7617=ORIENTED_EDGE('',*,*,#5587,.T.);
#7618=ORIENTED_EDGE('',*,*,#5586,.F.);
#7619=ORIENTED_EDGE('',*,*,#5582,.F.);
#7620=ORIENTED_EDGE('',*,*,#5587,.F.);
#7621=ORIENTED_EDGE('',*,*,#5588,.F.);
#7622=ORIENTED_EDGE('',*,*,#5589,.F.);
#7623=ORIENTED_EDGE('',*,*,#5590,.T.);
#7624=ORIENTED_EDGE('',*,*,#5591,.T.);
#7625=ORIENTED_EDGE('',*,*,#5579,.T.);
#7626=ORIENTED_EDGE('',*,*,#5585,.T.);
#7627=ORIENTED_EDGE('',*,*,#5592,.F.);
#7628=ORIENTED_EDGE('',*,*,#5591,.F.);
#7629=ORIENTED_EDGE('',*,*,#5593,.T.);
#7630=ORIENTED_EDGE('',*,*,#5594,.T.);
#7631=ORIENTED_EDGE('',*,*,#5595,.F.);
#7632=ORIENTED_EDGE('',*,*,#5596,.F.);
#7633=ORIENTED_EDGE('',*,*,#5593,.F.);
#7634=ORIENTED_EDGE('',*,*,#5590,.F.);
#7635=ORIENTED_EDGE('',*,*,#5597,.F.);
#7636=ORIENTED_EDGE('',*,*,#5594,.F.);
#7637=ORIENTED_EDGE('',*,*,#5596,.T.);
#7638=ORIENTED_EDGE('',*,*,#5598,.T.);
#7639=ORIENTED_EDGE('',*,*,#5578,.T.);
#7640=ORIENTED_EDGE('',*,*,#5584,.T.);
#7641=ORIENTED_EDGE('',*,*,#5599,.F.);
#7642=ORIENTED_EDGE('',*,*,#5598,.F.);
#7643=ORIENTED_EDGE('',*,*,#5595,.T.);
#7644=ORIENTED_EDGE('',*,*,#5589,.T.);
#7645=ORIENTED_EDGE('',*,*,#5600,.F.);
#7646=ORIENTED_EDGE('',*,*,#5601,.F.);
#7647=ORIENTED_EDGE('',*,*,#5602,.T.);
#7648=ORIENTED_EDGE('',*,*,#5603,.F.);
#7649=ORIENTED_EDGE('',*,*,#5604,.T.);
#7650=ORIENTED_EDGE('',*,*,#5605,.T.);
#7651=ORIENTED_EDGE('',*,*,#5606,.F.);
#7652=ORIENTED_EDGE('',*,*,#5603,.T.);
#7653=ORIENTED_EDGE('',*,*,#5607,.F.);
#7654=ORIENTED_EDGE('',*,*,#5608,.T.);
#7655=ORIENTED_EDGE('',*,*,#5609,.F.);
#7656=ORIENTED_EDGE('',*,*,#5610,.T.);
#7657=ORIENTED_EDGE('',*,*,#5604,.F.);
#7658=ORIENTED_EDGE('',*,*,#5611,.F.);
#7659=ORIENTED_EDGE('',*,*,#5612,.T.);
#7660=ORIENTED_EDGE('',*,*,#5613,.T.);
#7661=ORIENTED_EDGE('',*,*,#5614,.T.);
#7662=ORIENTED_EDGE('',*,*,#5615,.T.);
#7663=ORIENTED_EDGE('',*,*,#5616,.T.);
#7664=ORIENTED_EDGE('',*,*,#5617,.T.);
#7665=ORIENTED_EDGE('',*,*,#5618,.T.);
#7666=ORIENTED_EDGE('',*,*,#5619,.T.);
#7667=ORIENTED_EDGE('',*,*,#5620,.T.);
#7668=ORIENTED_EDGE('',*,*,#5621,.T.);
#7669=ORIENTED_EDGE('',*,*,#5622,.T.);
#7670=ORIENTED_EDGE('',*,*,#5623,.T.);
#7671=ORIENTED_EDGE('',*,*,#5597,.T.);
#7672=ORIENTED_EDGE('',*,*,#5599,.T.);
#7673=ORIENTED_EDGE('',*,*,#5588,.T.);
#7674=ORIENTED_EDGE('',*,*,#5592,.T.);
#7675=ORIENTED_EDGE('',*,*,#5624,.T.);
#7676=ORIENTED_EDGE('',*,*,#5609,.T.);
#7677=ORIENTED_EDGE('',*,*,#5625,.T.);
#7678=ORIENTED_EDGE('',*,*,#5626,.T.);
#7679=ORIENTED_EDGE('',*,*,#5627,.T.);
#7680=ORIENTED_EDGE('',*,*,#5601,.T.);
#7681=ORIENTED_EDGE('',*,*,#5628,.T.);
#7682=ORIENTED_EDGE('',*,*,#5629,.T.);
#7683=ORIENTED_EDGE('',*,*,#5630,.F.);
#7684=ORIENTED_EDGE('',*,*,#5614,.F.);
#7685=ORIENTED_EDGE('',*,*,#5631,.T.);
#7686=ORIENTED_EDGE('',*,*,#5632,.F.);
#7687=ORIENTED_EDGE('',*,*,#5633,.F.);
#7688=ORIENTED_EDGE('',*,*,#5634,.F.);
#7689=ORIENTED_EDGE('',*,*,#5635,.T.);
#7690=ORIENTED_EDGE('',*,*,#5636,.T.);
#7691=ORIENTED_EDGE('',*,*,#5637,.T.);
#7692=ORIENTED_EDGE('',*,*,#5632,.T.);
#7693=ORIENTED_EDGE('',*,*,#5638,.F.);
#7694=ORIENTED_EDGE('',*,*,#5639,.F.);
#7695=ORIENTED_EDGE('',*,*,#5640,.T.);
#7696=ORIENTED_EDGE('',*,*,#5636,.F.);
#7697=ORIENTED_EDGE('',*,*,#5641,.F.);
#7698=ORIENTED_EDGE('',*,*,#5612,.F.);
#7699=ORIENTED_EDGE('',*,*,#5642,.F.);
#7700=ORIENTED_EDGE('',*,*,#5643,.F.);
#7701=ORIENTED_EDGE('',*,*,#5633,.T.);
#7702=ORIENTED_EDGE('',*,*,#5637,.F.);
#7703=ORIENTED_EDGE('',*,*,#5640,.F.);
#7704=ORIENTED_EDGE('',*,*,#5644,.F.);
#7705=ORIENTED_EDGE('',*,*,#5570,.T.);
#7706=ORIENTED_EDGE('',*,*,#5613,.F.);
#7707=ORIENTED_EDGE('',*,*,#5641,.T.);
#7708=ORIENTED_EDGE('',*,*,#5635,.F.);
#7709=ORIENTED_EDGE('',*,*,#5631,.F.);
#7710=ORIENTED_EDGE('',*,*,#5572,.T.);
#7711=ORIENTED_EDGE('',*,*,#5643,.T.);
#7712=ORIENTED_EDGE('',*,*,#5645,.T.);
#7713=ORIENTED_EDGE('',*,*,#5646,.T.);
#7714=ORIENTED_EDGE('',*,*,#5647,.T.);
#7715=ORIENTED_EDGE('',*,*,#5630,.T.);
#7716=ORIENTED_EDGE('',*,*,#5648,.F.);
#7717=ORIENTED_EDGE('',*,*,#5649,.T.);
#7718=ORIENTED_EDGE('',*,*,#5615,.F.);
#7719=ORIENTED_EDGE('',*,*,#5642,.T.);
#7720=ORIENTED_EDGE('',*,*,#5623,.F.);
#7721=ORIENTED_EDGE('',*,*,#5650,.T.);
#7722=ORIENTED_EDGE('',*,*,#5645,.F.);
#7723=ORIENTED_EDGE('',*,*,#5651,.F.);
#7724=ORIENTED_EDGE('',*,*,#5646,.F.);
#7725=ORIENTED_EDGE('',*,*,#5650,.F.);
#7726=ORIENTED_EDGE('',*,*,#5622,.F.);
#7727=ORIENTED_EDGE('',*,*,#5652,.T.);
#7728=ORIENTED_EDGE('',*,*,#5653,.F.);
#7729=ORIENTED_EDGE('',*,*,#5654,.F.);
#7730=ORIENTED_EDGE('',*,*,#5655,.F.);
#7731=ORIENTED_EDGE('',*,*,#5656,.T.);
#7732=ORIENTED_EDGE('',*,*,#5657,.T.);
#7733=ORIENTED_EDGE('',*,*,#5658,.T.);
#7734=ORIENTED_EDGE('',*,*,#5653,.T.);
#7735=ORIENTED_EDGE('',*,*,#5659,.F.);
#7736=ORIENTED_EDGE('',*,*,#5660,.F.);
#7737=ORIENTED_EDGE('',*,*,#5661,.T.);
#7738=ORIENTED_EDGE('',*,*,#5657,.F.);
#7739=ORIENTED_EDGE('',*,*,#5662,.F.);
#7740=ORIENTED_EDGE('',*,*,#5620,.F.);
#7741=ORIENTED_EDGE('',*,*,#5654,.T.);
#7742=ORIENTED_EDGE('',*,*,#5658,.F.);
#7743=ORIENTED_EDGE('',*,*,#5661,.F.);
#7744=ORIENTED_EDGE('',*,*,#5663,.F.);
#7745=ORIENTED_EDGE('',*,*,#5573,.T.);
#7746=ORIENTED_EDGE('',*,*,#5621,.F.);
#7747=ORIENTED_EDGE('',*,*,#5662,.T.);
#7748=ORIENTED_EDGE('',*,*,#5656,.F.);
#7749=ORIENTED_EDGE('',*,*,#5652,.F.);
#7750=ORIENTED_EDGE('',*,*,#5575,.T.);
#7751=ORIENTED_EDGE('',*,*,#5664,.F.);
#7752=ORIENTED_EDGE('',*,*,#5665,.F.);
#7753=ORIENTED_EDGE('',*,*,#5655,.T.);
#7754=ORIENTED_EDGE('',*,*,#5663,.T.);
#7755=ORIENTED_EDGE('',*,*,#5660,.T.);
#7756=ORIENTED_EDGE('',*,*,#5666,.T.);
#7757=ORIENTED_EDGE('',*,*,#5667,.T.);
#7758=ORIENTED_EDGE('',*,*,#5668,.T.);
#7759=ORIENTED_EDGE('',*,*,#5664,.T.);
#7760=ORIENTED_EDGE('',*,*,#5669,.F.);
#7761=ORIENTED_EDGE('',*,*,#5670,.F.);
#7762=ORIENTED_EDGE('',*,*,#5671,.T.);
#7763=ORIENTED_EDGE('',*,*,#5659,.T.);
#7764=ORIENTED_EDGE('',*,*,#5619,.F.);
#7765=ORIENTED_EDGE('',*,*,#5672,.F.);
#7766=ORIENTED_EDGE('',*,*,#5666,.F.);
#7767=ORIENTED_EDGE('',*,*,#5607,.T.);
#7768=ORIENTED_EDGE('',*,*,#5673,.T.);
#7769=ORIENTED_EDGE('',*,*,#5674,.F.);
#7770=ORIENTED_EDGE('',*,*,#5675,.F.);
#7771=ORIENTED_EDGE('',*,*,#5627,.F.);
#7772=ORIENTED_EDGE('',*,*,#5676,.T.);
#7773=ORIENTED_EDGE('',*,*,#5677,.F.);
#7774=ORIENTED_EDGE('',*,*,#5673,.F.);
#7775=ORIENTED_EDGE('',*,*,#5602,.F.);
#7776=ORIENTED_EDGE('',*,*,#5674,.T.);
#7777=ORIENTED_EDGE('',*,*,#5677,.T.);
#7778=ORIENTED_EDGE('',*,*,#5678,.T.);
#7779=ORIENTED_EDGE('',*,*,#5679,.T.);
#7780=ORIENTED_EDGE('',*,*,#5626,.F.);
#7781=ORIENTED_EDGE('',*,*,#5680,.T.);
#7782=ORIENTED_EDGE('',*,*,#5678,.F.);
#7783=ORIENTED_EDGE('',*,*,#5676,.F.);
#7784=ORIENTED_EDGE('',*,*,#5625,.F.);
#7785=ORIENTED_EDGE('',*,*,#5611,.T.);
#7786=ORIENTED_EDGE('',*,*,#5608,.F.);
#7787=ORIENTED_EDGE('',*,*,#5675,.T.);
#7788=ORIENTED_EDGE('',*,*,#5679,.F.);
#7789=ORIENTED_EDGE('',*,*,#5680,.F.);
#7790=ORIENTED_EDGE('',*,*,#5606,.T.);
#7791=ORIENTED_EDGE('',*,*,#5681,.T.);
#7792=ORIENTED_EDGE('',*,*,#5682,.F.);
#7793=ORIENTED_EDGE('',*,*,#5683,.F.);
#7794=ORIENTED_EDGE('',*,*,#5624,.F.);
#7795=ORIENTED_EDGE('',*,*,#5684,.T.);
#7796=ORIENTED_EDGE('',*,*,#5685,.F.);
#7797=ORIENTED_EDGE('',*,*,#5681,.F.);
#7798=ORIENTED_EDGE('',*,*,#5605,.F.);
#7799=ORIENTED_EDGE('',*,*,#5610,.F.);
#7800=ORIENTED_EDGE('',*,*,#5682,.T.);
#7801=ORIENTED_EDGE('',*,*,#5685,.T.);
#7802=ORIENTED_EDGE('',*,*,#5686,.T.);
#7803=ORIENTED_EDGE('',*,*,#5687,.T.);
#7804=ORIENTED_EDGE('',*,*,#5629,.F.);
#7805=ORIENTED_EDGE('',*,*,#5688,.T.);
#7806=ORIENTED_EDGE('',*,*,#5686,.F.);
#7807=ORIENTED_EDGE('',*,*,#5684,.F.);
#7808=ORIENTED_EDGE('',*,*,#5628,.F.);
#7809=ORIENTED_EDGE('',*,*,#5600,.T.);
#7810=ORIENTED_EDGE('',*,*,#5683,.T.);
#7811=ORIENTED_EDGE('',*,*,#5687,.F.);
#7812=ORIENTED_EDGE('',*,*,#5688,.F.);
#7813=ORIENTED_EDGE('',*,*,#5689,.F.);
#7814=ORIENTED_EDGE('',*,*,#5690,.T.);
#7815=ORIENTED_EDGE('',*,*,#5691,.T.);
#7816=ORIENTED_EDGE('',*,*,#5648,.T.);
#7817=ORIENTED_EDGE('',*,*,#5634,.T.);
#7818=ORIENTED_EDGE('',*,*,#5644,.T.);
#7819=ORIENTED_EDGE('',*,*,#5639,.T.);
#7820=ORIENTED_EDGE('',*,*,#5692,.F.);
#7821=ORIENTED_EDGE('',*,*,#5672,.T.);
#7822=ORIENTED_EDGE('',*,*,#5618,.F.);
#7823=ORIENTED_EDGE('',*,*,#5693,.F.);
#7824=ORIENTED_EDGE('',*,*,#5667,.F.);
#7825=ORIENTED_EDGE('',*,*,#5694,.T.);
#7826=ORIENTED_EDGE('',*,*,#5616,.F.);
#7827=ORIENTED_EDGE('',*,*,#5649,.F.);
#7828=ORIENTED_EDGE('',*,*,#5691,.F.);
#7829=ORIENTED_EDGE('',*,*,#5695,.T.);
#7830=ORIENTED_EDGE('',*,*,#5696,.T.);
#7831=ORIENTED_EDGE('',*,*,#5697,.T.);
#7832=ORIENTED_EDGE('',*,*,#5670,.T.);
#7833=ORIENTED_EDGE('',*,*,#5638,.T.);
#7834=ORIENTED_EDGE('',*,*,#5647,.F.);
#7835=ORIENTED_EDGE('',*,*,#5651,.T.);
#7836=ORIENTED_EDGE('',*,*,#5665,.T.);
#7837=ORIENTED_EDGE('',*,*,#5671,.F.);
#7838=ORIENTED_EDGE('',*,*,#5697,.F.);
#7839=ORIENTED_EDGE('',*,*,#5698,.T.);
#7840=ORIENTED_EDGE('',*,*,#5692,.T.);
#7841=ORIENTED_EDGE('',*,*,#5689,.T.);
#7842=ORIENTED_EDGE('',*,*,#5698,.F.);
#7843=ORIENTED_EDGE('',*,*,#5696,.F.);
#7844=ORIENTED_EDGE('',*,*,#5699,.T.);
#7845=ORIENTED_EDGE('',*,*,#5699,.F.);
#7846=ORIENTED_EDGE('',*,*,#5695,.F.);
#7847=ORIENTED_EDGE('',*,*,#5669,.T.);
#7848=ORIENTED_EDGE('',*,*,#5668,.F.);
#7849=ORIENTED_EDGE('',*,*,#5693,.T.);
#7850=ORIENTED_EDGE('',*,*,#5617,.F.);
#7851=ORIENTED_EDGE('',*,*,#5694,.F.);
#7852=ORIENTED_EDGE('',*,*,#5690,.F.);
#7853=ORIENTED_EDGE('',*,*,#5700,.T.);
#7854=ORIENTED_EDGE('',*,*,#5701,.T.);
#7855=ORIENTED_EDGE('',*,*,#5702,.T.);
#7856=ORIENTED_EDGE('',*,*,#5703,.T.);
#7857=ORIENTED_EDGE('',*,*,#5704,.T.);
#7858=ORIENTED_EDGE('',*,*,#5705,.T.);
#7859=ORIENTED_EDGE('',*,*,#5706,.T.);
#7860=ORIENTED_EDGE('',*,*,#5707,.T.);
#7861=ORIENTED_EDGE('',*,*,#5708,.T.);
#7862=ORIENTED_EDGE('',*,*,#5705,.F.);
#7863=ORIENTED_EDGE('',*,*,#5709,.F.);
#7864=ORIENTED_EDGE('',*,*,#5703,.F.);
#7865=ORIENTED_EDGE('',*,*,#5710,.T.);
#7866=ORIENTED_EDGE('',*,*,#5706,.F.);
#7867=ORIENTED_EDGE('',*,*,#5708,.F.);
#7868=ORIENTED_EDGE('',*,*,#5702,.F.);
#7869=ORIENTED_EDGE('',*,*,#5711,.T.);
#7870=ORIENTED_EDGE('',*,*,#5707,.F.);
#7871=ORIENTED_EDGE('',*,*,#5710,.F.);
#7872=ORIENTED_EDGE('',*,*,#5701,.F.);
#7873=ORIENTED_EDGE('',*,*,#5709,.T.);
#7874=ORIENTED_EDGE('',*,*,#5704,.F.);
#7875=ORIENTED_EDGE('',*,*,#5711,.F.);
#7876=ORIENTED_EDGE('',*,*,#5700,.F.);
#7877=ORIENTED_EDGE('',*,*,#5712,.F.);
#7878=ORIENTED_EDGE('',*,*,#5713,.T.);
#7879=ORIENTED_EDGE('',*,*,#5714,.F.);
#7880=ORIENTED_EDGE('',*,*,#5713,.F.);
#7881=ORIENTED_EDGE('',*,*,#5714,.T.);
#7882=ORIENTED_EDGE('',*,*,#5712,.T.);
#7883=CYLINDRICAL_SURFACE('',#8582,0.15);
#7884=CYLINDRICAL_SURFACE('',#8586,0.21);
#7885=CYLINDRICAL_SURFACE('',#8589,0.3);
#7886=CYLINDRICAL_SURFACE('',#9199,0.225);
#7887=CYLINDRICAL_SURFACE('',#9202,0.225);
#7888=CYLINDRICAL_SURFACE('',#9205,0.09);
#7889=CYLINDRICAL_SURFACE('',#9208,0.09);
#7890=CYLINDRICAL_SURFACE('',#9213,0.09);
#7891=CYLINDRICAL_SURFACE('',#9216,0.09);
#7892=CYLINDRICAL_SURFACE('',#9269,0.2);
#7893=ADVANCED_FACE('',(#697),#7883,.F.);
#7894=ADVANCED_FACE('',(#698),#35,.F.);
#7895=ADVANCED_FACE('',(#699),#7884,.F.);
#7896=ADVANCED_FACE('',(#700),#7885,.T.);
#7897=ADVANCED_FACE('',(#701),#36,.T.);
#7898=ADVANCED_FACE('',(#702,#21),#37,.F.);
#7899=ADVANCED_FACE('',(#703,#22),#38,.T.);
#7900=ADVANCED_FACE('',(#704,#23),#39,.F.);
#7901=ADVANCED_FACE('',(#705,#24),#40,.F.);
#7902=ADVANCED_FACE('',(#706),#41,.F.);
#7903=ADVANCED_FACE('',(#707),#42,.F.);
#7904=ADVANCED_FACE('',(#708),#43,.F.);
#7905=ADVANCED_FACE('',(#709),#44,.T.);
#7906=ADVANCED_FACE('',(#710),#45,.F.);
#7907=ADVANCED_FACE('',(#711),#46,.F.);
#7908=ADVANCED_FACE('',(#712),#47,.F.);
#7909=ADVANCED_FACE('',(#713),#48,.T.);
#7910=ADVANCED_FACE('',(#714),#49,.T.);
#7911=ADVANCED_FACE('',(#715),#50,.T.);
#7912=ADVANCED_FACE('',(#716),#51,.T.);
#7913=ADVANCED_FACE('',(#717),#52,.T.);
#7914=ADVANCED_FACE('',(#718),#53,.T.);
#7915=ADVANCED_FACE('',(#719),#54,.T.);
#7916=ADVANCED_FACE('',(#720),#55,.T.);
#7917=ADVANCED_FACE('',(#721),#56,.T.);
#7918=ADVANCED_FACE('',(#722),#57,.T.);
#7919=ADVANCED_FACE('',(#723),#58,.T.);
#7920=ADVANCED_FACE('',(#724),#59,.T.);
#7921=ADVANCED_FACE('',(#725),#60,.T.);
#7922=ADVANCED_FACE('',(#726),#61,.T.);
#7923=ADVANCED_FACE('',(#727),#62,.T.);
#7924=ADVANCED_FACE('',(#728),#63,.T.);
#7925=ADVANCED_FACE('',(#729),#64,.T.);
#7926=ADVANCED_FACE('',(#730),#65,.T.);
#7927=ADVANCED_FACE('',(#731),#66,.T.);
#7928=ADVANCED_FACE('',(#732),#67,.T.);
#7929=ADVANCED_FACE('',(#733),#68,.T.);
#7930=ADVANCED_FACE('',(#734),#69,.T.);
#7931=ADVANCED_FACE('',(#735),#70,.T.);
#7932=ADVANCED_FACE('',(#736),#71,.T.);
#7933=ADVANCED_FACE('',(#737),#72,.T.);
#7934=ADVANCED_FACE('',(#738),#73,.T.);
#7935=ADVANCED_FACE('',(#739),#74,.T.);
#7936=ADVANCED_FACE('',(#740),#75,.T.);
#7937=ADVANCED_FACE('',(#741),#76,.T.);
#7938=ADVANCED_FACE('',(#742),#77,.T.);
#7939=ADVANCED_FACE('',(#743),#78,.T.);
#7940=ADVANCED_FACE('',(#744),#79,.T.);
#7941=ADVANCED_FACE('',(#745),#80,.T.);
#7942=ADVANCED_FACE('',(#746),#81,.T.);
#7943=ADVANCED_FACE('',(#747),#82,.T.);
#7944=ADVANCED_FACE('',(#748),#83,.T.);
#7945=ADVANCED_FACE('',(#749),#84,.T.);
#7946=ADVANCED_FACE('',(#750),#85,.T.);
#7947=ADVANCED_FACE('',(#751),#86,.T.);
#7948=ADVANCED_FACE('',(#752),#87,.T.);
#7949=ADVANCED_FACE('',(#753),#88,.T.);
#7950=ADVANCED_FACE('',(#754),#89,.T.);
#7951=ADVANCED_FACE('',(#755),#90,.T.);
#7952=ADVANCED_FACE('',(#756),#91,.T.);
#7953=ADVANCED_FACE('',(#757),#92,.T.);
#7954=ADVANCED_FACE('',(#758),#93,.T.);
#7955=ADVANCED_FACE('',(#759),#94,.T.);
#7956=ADVANCED_FACE('',(#760),#95,.T.);
#7957=ADVANCED_FACE('',(#761),#96,.T.);
#7958=ADVANCED_FACE('',(#762),#97,.T.);
#7959=ADVANCED_FACE('',(#763),#98,.T.);
#7960=ADVANCED_FACE('',(#764),#99,.T.);
#7961=ADVANCED_FACE('',(#765),#100,.T.);
#7962=ADVANCED_FACE('',(#766),#101,.T.);
#7963=ADVANCED_FACE('',(#767),#102,.T.);
#7964=ADVANCED_FACE('',(#768),#103,.T.);
#7965=ADVANCED_FACE('',(#769),#104,.T.);
#7966=ADVANCED_FACE('',(#770),#105,.T.);
#7967=ADVANCED_FACE('',(#771),#106,.T.);
#7968=ADVANCED_FACE('',(#772),#107,.T.);
#7969=ADVANCED_FACE('',(#773),#108,.T.);
#7970=ADVANCED_FACE('',(#774),#109,.T.);
#7971=ADVANCED_FACE('',(#775),#110,.T.);
#7972=ADVANCED_FACE('',(#776),#111,.T.);
#7973=ADVANCED_FACE('',(#777),#112,.T.);
#7974=ADVANCED_FACE('',(#778),#113,.T.);
#7975=ADVANCED_FACE('',(#779),#114,.T.);
#7976=ADVANCED_FACE('',(#780),#115,.T.);
#7977=ADVANCED_FACE('',(#781),#116,.T.);
#7978=ADVANCED_FACE('',(#782),#117,.T.);
#7979=ADVANCED_FACE('',(#783),#118,.T.);
#7980=ADVANCED_FACE('',(#784),#119,.T.);
#7981=ADVANCED_FACE('',(#785),#120,.T.);
#7982=ADVANCED_FACE('',(#786),#121,.T.);
#7983=ADVANCED_FACE('',(#787),#122,.T.);
#7984=ADVANCED_FACE('',(#788),#123,.T.);
#7985=ADVANCED_FACE('',(#789),#124,.T.);
#7986=ADVANCED_FACE('',(#790),#125,.T.);
#7987=ADVANCED_FACE('',(#791),#126,.T.);
#7988=ADVANCED_FACE('',(#792),#127,.T.);
#7989=ADVANCED_FACE('',(#793),#128,.T.);
#7990=ADVANCED_FACE('',(#794),#129,.T.);
#7991=ADVANCED_FACE('',(#795),#130,.T.);
#7992=ADVANCED_FACE('',(#796),#131,.T.);
#7993=ADVANCED_FACE('',(#797),#132,.T.);
#7994=ADVANCED_FACE('',(#798),#133,.T.);
#7995=ADVANCED_FACE('',(#799),#134,.T.);
#7996=ADVANCED_FACE('',(#800),#135,.T.);
#7997=ADVANCED_FACE('',(#801),#136,.T.);
#7998=ADVANCED_FACE('',(#802),#137,.T.);
#7999=ADVANCED_FACE('',(#803),#138,.T.);
#8000=ADVANCED_FACE('',(#804),#139,.T.);
#8001=ADVANCED_FACE('',(#805),#140,.T.);
#8002=ADVANCED_FACE('',(#806),#141,.T.);
#8003=ADVANCED_FACE('',(#807),#142,.T.);
#8004=ADVANCED_FACE('',(#808),#143,.T.);
#8005=ADVANCED_FACE('',(#809),#144,.T.);
#8006=ADVANCED_FACE('',(#810),#145,.T.);
#8007=ADVANCED_FACE('',(#811),#146,.T.);
#8008=ADVANCED_FACE('',(#812),#147,.T.);
#8009=ADVANCED_FACE('',(#813),#148,.T.);
#8010=ADVANCED_FACE('',(#814),#149,.T.);
#8011=ADVANCED_FACE('',(#815),#150,.T.);
#8012=ADVANCED_FACE('',(#816),#151,.T.);
#8013=ADVANCED_FACE('',(#817),#152,.T.);
#8014=ADVANCED_FACE('',(#818),#153,.T.);
#8015=ADVANCED_FACE('',(#819),#154,.T.);
#8016=ADVANCED_FACE('',(#820),#155,.T.);
#8017=ADVANCED_FACE('',(#821),#156,.T.);
#8018=ADVANCED_FACE('',(#822),#157,.T.);
#8019=ADVANCED_FACE('',(#823),#158,.T.);
#8020=ADVANCED_FACE('',(#824),#159,.T.);
#8021=ADVANCED_FACE('',(#825),#160,.T.);
#8022=ADVANCED_FACE('',(#826),#161,.T.);
#8023=ADVANCED_FACE('',(#827),#162,.T.);
#8024=ADVANCED_FACE('',(#828),#163,.T.);
#8025=ADVANCED_FACE('',(#829),#164,.T.);
#8026=ADVANCED_FACE('',(#830),#165,.T.);
#8027=ADVANCED_FACE('',(#831),#166,.T.);
#8028=ADVANCED_FACE('',(#832),#167,.T.);
#8029=ADVANCED_FACE('',(#833),#168,.T.);
#8030=ADVANCED_FACE('',(#834),#169,.T.);
#8031=ADVANCED_FACE('',(#835),#170,.T.);
#8032=ADVANCED_FACE('',(#836),#171,.T.);
#8033=ADVANCED_FACE('',(#837),#172,.T.);
#8034=ADVANCED_FACE('',(#838),#173,.T.);
#8035=ADVANCED_FACE('',(#839),#174,.T.);
#8036=ADVANCED_FACE('',(#840),#175,.T.);
#8037=ADVANCED_FACE('',(#841),#176,.T.);
#8038=ADVANCED_FACE('',(#842),#177,.T.);
#8039=ADVANCED_FACE('',(#843),#178,.T.);
#8040=ADVANCED_FACE('',(#844),#179,.T.);
#8041=ADVANCED_FACE('',(#845),#180,.T.);
#8042=ADVANCED_FACE('',(#846),#181,.T.);
#8043=ADVANCED_FACE('',(#847),#182,.T.);
#8044=ADVANCED_FACE('',(#848),#183,.T.);
#8045=ADVANCED_FACE('',(#849),#184,.T.);
#8046=ADVANCED_FACE('',(#850),#185,.T.);
#8047=ADVANCED_FACE('',(#851),#186,.T.);
#8048=ADVANCED_FACE('',(#852),#187,.T.);
#8049=ADVANCED_FACE('',(#853),#188,.T.);
#8050=ADVANCED_FACE('',(#854),#189,.T.);
#8051=ADVANCED_FACE('',(#855),#190,.T.);
#8052=ADVANCED_FACE('',(#856),#191,.T.);
#8053=ADVANCED_FACE('',(#857),#192,.T.);
#8054=ADVANCED_FACE('',(#858),#193,.T.);
#8055=ADVANCED_FACE('',(#859),#194,.T.);
#8056=ADVANCED_FACE('',(#860),#195,.T.);
#8057=ADVANCED_FACE('',(#861),#196,.T.);
#8058=ADVANCED_FACE('',(#862),#197,.T.);
#8059=ADVANCED_FACE('',(#863),#198,.T.);
#8060=ADVANCED_FACE('',(#864),#199,.T.);
#8061=ADVANCED_FACE('',(#865),#200,.T.);
#8062=ADVANCED_FACE('',(#866),#201,.T.);
#8063=ADVANCED_FACE('',(#867),#202,.T.);
#8064=ADVANCED_FACE('',(#868),#203,.T.);
#8065=ADVANCED_FACE('',(#869),#204,.T.);
#8066=ADVANCED_FACE('',(#870),#205,.T.);
#8067=ADVANCED_FACE('',(#871),#206,.T.);
#8068=ADVANCED_FACE('',(#872),#207,.T.);
#8069=ADVANCED_FACE('',(#873),#208,.T.);
#8070=ADVANCED_FACE('',(#874),#209,.T.);
#8071=ADVANCED_FACE('',(#875),#210,.T.);
#8072=ADVANCED_FACE('',(#876),#211,.T.);
#8073=ADVANCED_FACE('',(#877),#212,.T.);
#8074=ADVANCED_FACE('',(#878),#213,.T.);
#8075=ADVANCED_FACE('',(#879),#214,.T.);
#8076=ADVANCED_FACE('',(#880),#215,.T.);
#8077=ADVANCED_FACE('',(#881),#216,.T.);
#8078=ADVANCED_FACE('',(#882),#217,.T.);
#8079=ADVANCED_FACE('',(#883),#218,.T.);
#8080=ADVANCED_FACE('',(#884),#219,.T.);
#8081=ADVANCED_FACE('',(#885),#220,.T.);
#8082=ADVANCED_FACE('',(#886),#221,.T.);
#8083=ADVANCED_FACE('',(#887),#222,.T.);
#8084=ADVANCED_FACE('',(#888),#223,.T.);
#8085=ADVANCED_FACE('',(#889),#224,.T.);
#8086=ADVANCED_FACE('',(#890),#225,.T.);
#8087=ADVANCED_FACE('',(#891),#226,.T.);
#8088=ADVANCED_FACE('',(#892),#227,.T.);
#8089=ADVANCED_FACE('',(#893),#228,.T.);
#8090=ADVANCED_FACE('',(#894),#229,.T.);
#8091=ADVANCED_FACE('',(#895),#230,.T.);
#8092=ADVANCED_FACE('',(#896),#231,.T.);
#8093=ADVANCED_FACE('',(#897),#232,.T.);
#8094=ADVANCED_FACE('',(#898),#233,.T.);
#8095=ADVANCED_FACE('',(#899),#234,.T.);
#8096=ADVANCED_FACE('',(#900),#235,.T.);
#8097=ADVANCED_FACE('',(#901),#236,.T.);
#8098=ADVANCED_FACE('',(#902),#237,.T.);
#8099=ADVANCED_FACE('',(#903),#238,.T.);
#8100=ADVANCED_FACE('',(#904),#239,.T.);
#8101=ADVANCED_FACE('',(#905),#240,.T.);
#8102=ADVANCED_FACE('',(#906),#241,.T.);
#8103=ADVANCED_FACE('',(#907),#242,.T.);
#8104=ADVANCED_FACE('',(#908),#243,.T.);
#8105=ADVANCED_FACE('',(#909),#244,.T.);
#8106=ADVANCED_FACE('',(#910),#245,.T.);
#8107=ADVANCED_FACE('',(#911),#246,.T.);
#8108=ADVANCED_FACE('',(#912),#247,.T.);
#8109=ADVANCED_FACE('',(#913),#248,.T.);
#8110=ADVANCED_FACE('',(#914),#249,.T.);
#8111=ADVANCED_FACE('',(#915),#250,.T.);
#8112=ADVANCED_FACE('',(#916),#251,.T.);
#8113=ADVANCED_FACE('',(#917),#252,.T.);
#8114=ADVANCED_FACE('',(#918),#253,.T.);
#8115=ADVANCED_FACE('',(#919),#254,.T.);
#8116=ADVANCED_FACE('',(#920),#255,.T.);
#8117=ADVANCED_FACE('',(#921),#256,.T.);
#8118=ADVANCED_FACE('',(#922),#257,.T.);
#8119=ADVANCED_FACE('',(#923),#258,.T.);
#8120=ADVANCED_FACE('',(#924),#259,.T.);
#8121=ADVANCED_FACE('',(#925),#260,.T.);
#8122=ADVANCED_FACE('',(#926),#261,.T.);
#8123=ADVANCED_FACE('',(#927),#262,.T.);
#8124=ADVANCED_FACE('',(#928),#263,.T.);
#8125=ADVANCED_FACE('',(#929),#264,.T.);
#8126=ADVANCED_FACE('',(#930),#265,.T.);
#8127=ADVANCED_FACE('',(#931),#266,.T.);
#8128=ADVANCED_FACE('',(#932),#267,.T.);
#8129=ADVANCED_FACE('',(#933),#268,.T.);
#8130=ADVANCED_FACE('',(#934),#269,.T.);
#8131=ADVANCED_FACE('',(#935),#270,.T.);
#8132=ADVANCED_FACE('',(#936),#271,.T.);
#8133=ADVANCED_FACE('',(#937),#272,.T.);
#8134=ADVANCED_FACE('',(#938),#273,.T.);
#8135=ADVANCED_FACE('',(#939),#274,.T.);
#8136=ADVANCED_FACE('',(#940),#275,.T.);
#8137=ADVANCED_FACE('',(#941),#276,.T.);
#8138=ADVANCED_FACE('',(#942),#277,.T.);
#8139=ADVANCED_FACE('',(#943),#278,.T.);
#8140=ADVANCED_FACE('',(#944),#279,.T.);
#8141=ADVANCED_FACE('',(#945),#280,.T.);
#8142=ADVANCED_FACE('',(#946),#281,.T.);
#8143=ADVANCED_FACE('',(#947),#282,.T.);
#8144=ADVANCED_FACE('',(#948),#283,.T.);
#8145=ADVANCED_FACE('',(#949),#284,.T.);
#8146=ADVANCED_FACE('',(#950),#285,.T.);
#8147=ADVANCED_FACE('',(#951),#286,.T.);
#8148=ADVANCED_FACE('',(#952),#287,.T.);
#8149=ADVANCED_FACE('',(#953),#288,.T.);
#8150=ADVANCED_FACE('',(#954),#289,.T.);
#8151=ADVANCED_FACE('',(#955),#290,.T.);
#8152=ADVANCED_FACE('',(#956),#291,.T.);
#8153=ADVANCED_FACE('',(#957),#292,.T.);
#8154=ADVANCED_FACE('',(#958),#293,.T.);
#8155=ADVANCED_FACE('',(#959),#294,.T.);
#8156=ADVANCED_FACE('',(#960),#295,.T.);
#8157=ADVANCED_FACE('',(#961),#296,.T.);
#8158=ADVANCED_FACE('',(#962),#297,.T.);
#8159=ADVANCED_FACE('',(#963),#298,.T.);
#8160=ADVANCED_FACE('',(#964),#299,.T.);
#8161=ADVANCED_FACE('',(#965),#300,.T.);
#8162=ADVANCED_FACE('',(#966),#301,.T.);
#8163=ADVANCED_FACE('',(#967),#302,.T.);
#8164=ADVANCED_FACE('',(#968),#303,.T.);
#8165=ADVANCED_FACE('',(#969),#304,.T.);
#8166=ADVANCED_FACE('',(#970),#305,.T.);
#8167=ADVANCED_FACE('',(#971),#306,.T.);
#8168=ADVANCED_FACE('',(#972),#307,.T.);
#8169=ADVANCED_FACE('',(#973),#308,.T.);
#8170=ADVANCED_FACE('',(#974),#309,.T.);
#8171=ADVANCED_FACE('',(#975),#310,.T.);
#8172=ADVANCED_FACE('',(#976),#311,.T.);
#8173=ADVANCED_FACE('',(#977),#312,.T.);
#8174=ADVANCED_FACE('',(#978),#313,.T.);
#8175=ADVANCED_FACE('',(#979),#314,.T.);
#8176=ADVANCED_FACE('',(#980),#315,.T.);
#8177=ADVANCED_FACE('',(#981),#316,.T.);
#8178=ADVANCED_FACE('',(#982),#317,.T.);
#8179=ADVANCED_FACE('',(#983),#318,.T.);
#8180=ADVANCED_FACE('',(#984),#319,.T.);
#8181=ADVANCED_FACE('',(#985),#320,.T.);
#8182=ADVANCED_FACE('',(#986),#321,.T.);
#8183=ADVANCED_FACE('',(#987),#322,.T.);
#8184=ADVANCED_FACE('',(#988),#323,.T.);
#8185=ADVANCED_FACE('',(#989),#324,.T.);
#8186=ADVANCED_FACE('',(#990),#325,.T.);
#8187=ADVANCED_FACE('',(#991),#326,.T.);
#8188=ADVANCED_FACE('',(#992),#327,.T.);
#8189=ADVANCED_FACE('',(#993),#328,.T.);
#8190=ADVANCED_FACE('',(#994),#329,.T.);
#8191=ADVANCED_FACE('',(#995),#330,.T.);
#8192=ADVANCED_FACE('',(#996),#331,.T.);
#8193=ADVANCED_FACE('',(#997),#332,.T.);
#8194=ADVANCED_FACE('',(#998),#333,.T.);
#8195=ADVANCED_FACE('',(#999),#334,.T.);
#8196=ADVANCED_FACE('',(#1000),#335,.T.);
#8197=ADVANCED_FACE('',(#1001),#336,.T.);
#8198=ADVANCED_FACE('',(#1002),#337,.T.);
#8199=ADVANCED_FACE('',(#1003),#338,.T.);
#8200=ADVANCED_FACE('',(#1004),#339,.T.);
#8201=ADVANCED_FACE('',(#1005),#340,.T.);
#8202=ADVANCED_FACE('',(#1006),#341,.T.);
#8203=ADVANCED_FACE('',(#1007),#342,.T.);
#8204=ADVANCED_FACE('',(#1008),#343,.T.);
#8205=ADVANCED_FACE('',(#1009),#344,.T.);
#8206=ADVANCED_FACE('',(#1010),#345,.T.);
#8207=ADVANCED_FACE('',(#1011),#346,.T.);
#8208=ADVANCED_FACE('',(#1012),#347,.T.);
#8209=ADVANCED_FACE('',(#1013),#348,.T.);
#8210=ADVANCED_FACE('',(#1014),#349,.T.);
#8211=ADVANCED_FACE('',(#1015),#350,.T.);
#8212=ADVANCED_FACE('',(#1016),#351,.T.);
#8213=ADVANCED_FACE('',(#1017),#352,.T.);
#8214=ADVANCED_FACE('',(#1018),#353,.T.);
#8215=ADVANCED_FACE('',(#1019),#354,.T.);
#8216=ADVANCED_FACE('',(#1020),#355,.T.);
#8217=ADVANCED_FACE('',(#1021),#356,.T.);
#8218=ADVANCED_FACE('',(#1022),#357,.T.);
#8219=ADVANCED_FACE('',(#1023),#358,.T.);
#8220=ADVANCED_FACE('',(#1024),#359,.T.);
#8221=ADVANCED_FACE('',(#1025),#360,.T.);
#8222=ADVANCED_FACE('',(#1026),#361,.T.);
#8223=ADVANCED_FACE('',(#1027),#362,.T.);
#8224=ADVANCED_FACE('',(#1028),#363,.T.);
#8225=ADVANCED_FACE('',(#1029),#364,.T.);
#8226=ADVANCED_FACE('',(#1030),#365,.T.);
#8227=ADVANCED_FACE('',(#1031),#366,.T.);
#8228=ADVANCED_FACE('',(#1032),#367,.T.);
#8229=ADVANCED_FACE('',(#1033),#368,.T.);
#8230=ADVANCED_FACE('',(#1034),#369,.T.);
#8231=ADVANCED_FACE('',(#1035),#370,.T.);
#8232=ADVANCED_FACE('',(#1036),#371,.T.);
#8233=ADVANCED_FACE('',(#1037),#372,.T.);
#8234=ADVANCED_FACE('',(#1038),#373,.T.);
#8235=ADVANCED_FACE('',(#1039),#374,.T.);
#8236=ADVANCED_FACE('',(#1040),#375,.T.);
#8237=ADVANCED_FACE('',(#1041),#376,.T.);
#8238=ADVANCED_FACE('',(#1042),#377,.T.);
#8239=ADVANCED_FACE('',(#1043),#378,.T.);
#8240=ADVANCED_FACE('',(#1044),#379,.T.);
#8241=ADVANCED_FACE('',(#1045),#380,.T.);
#8242=ADVANCED_FACE('',(#1046),#381,.T.);
#8243=ADVANCED_FACE('',(#1047),#382,.T.);
#8244=ADVANCED_FACE('',(#1048),#383,.T.);
#8245=ADVANCED_FACE('',(#1049),#384,.T.);
#8246=ADVANCED_FACE('',(#1050),#385,.T.);
#8247=ADVANCED_FACE('',(#1051),#386,.T.);
#8248=ADVANCED_FACE('',(#1052),#387,.T.);
#8249=ADVANCED_FACE('',(#1053),#388,.T.);
#8250=ADVANCED_FACE('',(#1054),#389,.T.);
#8251=ADVANCED_FACE('',(#1055),#390,.T.);
#8252=ADVANCED_FACE('',(#1056),#391,.T.);
#8253=ADVANCED_FACE('',(#1057),#392,.T.);
#8254=ADVANCED_FACE('',(#1058),#393,.T.);
#8255=ADVANCED_FACE('',(#1059),#394,.T.);
#8256=ADVANCED_FACE('',(#1060),#395,.T.);
#8257=ADVANCED_FACE('',(#1061),#396,.T.);
#8258=ADVANCED_FACE('',(#1062),#397,.T.);
#8259=ADVANCED_FACE('',(#1063),#398,.T.);
#8260=ADVANCED_FACE('',(#1064),#399,.T.);
#8261=ADVANCED_FACE('',(#1065),#400,.T.);
#8262=ADVANCED_FACE('',(#1066),#401,.T.);
#8263=ADVANCED_FACE('',(#1067),#402,.T.);
#8264=ADVANCED_FACE('',(#1068),#403,.T.);
#8265=ADVANCED_FACE('',(#1069),#404,.T.);
#8266=ADVANCED_FACE('',(#1070),#405,.T.);
#8267=ADVANCED_FACE('',(#1071),#406,.T.);
#8268=ADVANCED_FACE('',(#1072),#407,.T.);
#8269=ADVANCED_FACE('',(#1073),#408,.T.);
#8270=ADVANCED_FACE('',(#1074),#409,.T.);
#8271=ADVANCED_FACE('',(#1075),#410,.T.);
#8272=ADVANCED_FACE('',(#1076),#411,.T.);
#8273=ADVANCED_FACE('',(#1077),#412,.T.);
#8274=ADVANCED_FACE('',(#1078),#413,.T.);
#8275=ADVANCED_FACE('',(#1079),#414,.T.);
#8276=ADVANCED_FACE('',(#1080),#415,.T.);
#8277=ADVANCED_FACE('',(#1081),#416,.T.);
#8278=ADVANCED_FACE('',(#1082),#417,.T.);
#8279=ADVANCED_FACE('',(#1083),#418,.T.);
#8280=ADVANCED_FACE('',(#1084),#419,.T.);
#8281=ADVANCED_FACE('',(#1085),#420,.T.);
#8282=ADVANCED_FACE('',(#1086),#421,.T.);
#8283=ADVANCED_FACE('',(#1087),#422,.T.);
#8284=ADVANCED_FACE('',(#1088),#423,.T.);
#8285=ADVANCED_FACE('',(#1089),#424,.T.);
#8286=ADVANCED_FACE('',(#1090),#425,.T.);
#8287=ADVANCED_FACE('',(#1091),#426,.T.);
#8288=ADVANCED_FACE('',(#1092),#427,.T.);
#8289=ADVANCED_FACE('',(#1093),#428,.T.);
#8290=ADVANCED_FACE('',(#1094),#429,.T.);
#8291=ADVANCED_FACE('',(#1095),#430,.T.);
#8292=ADVANCED_FACE('',(#1096),#431,.T.);
#8293=ADVANCED_FACE('',(#1097),#432,.T.);
#8294=ADVANCED_FACE('',(#1098),#433,.T.);
#8295=ADVANCED_FACE('',(#1099),#434,.T.);
#8296=ADVANCED_FACE('',(#1100),#435,.T.);
#8297=ADVANCED_FACE('',(#1101),#436,.T.);
#8298=ADVANCED_FACE('',(#1102),#437,.T.);
#8299=ADVANCED_FACE('',(#1103),#438,.T.);
#8300=ADVANCED_FACE('',(#1104),#439,.T.);
#8301=ADVANCED_FACE('',(#1105),#440,.T.);
#8302=ADVANCED_FACE('',(#1106),#441,.T.);
#8303=ADVANCED_FACE('',(#1107),#442,.T.);
#8304=ADVANCED_FACE('',(#1108),#443,.T.);
#8305=ADVANCED_FACE('',(#1109),#444,.T.);
#8306=ADVANCED_FACE('',(#1110),#445,.T.);
#8307=ADVANCED_FACE('',(#1111),#446,.T.);
#8308=ADVANCED_FACE('',(#1112),#447,.T.);
#8309=ADVANCED_FACE('',(#1113),#448,.T.);
#8310=ADVANCED_FACE('',(#1114),#449,.T.);
#8311=ADVANCED_FACE('',(#1115),#450,.T.);
#8312=ADVANCED_FACE('',(#1116),#451,.T.);
#8313=ADVANCED_FACE('',(#1117),#452,.T.);
#8314=ADVANCED_FACE('',(#1118),#453,.T.);
#8315=ADVANCED_FACE('',(#1119),#454,.T.);
#8316=ADVANCED_FACE('',(#1120),#455,.T.);
#8317=ADVANCED_FACE('',(#1121),#456,.T.);
#8318=ADVANCED_FACE('',(#1122),#457,.T.);
#8319=ADVANCED_FACE('',(#1123),#458,.T.);
#8320=ADVANCED_FACE('',(#1124),#459,.T.);
#8321=ADVANCED_FACE('',(#1125),#460,.T.);
#8322=ADVANCED_FACE('',(#1126),#461,.T.);
#8323=ADVANCED_FACE('',(#1127),#462,.T.);
#8324=ADVANCED_FACE('',(#1128),#463,.T.);
#8325=ADVANCED_FACE('',(#1129),#464,.T.);
#8326=ADVANCED_FACE('',(#1130),#465,.T.);
#8327=ADVANCED_FACE('',(#1131),#466,.T.);
#8328=ADVANCED_FACE('',(#1132),#467,.T.);
#8329=ADVANCED_FACE('',(#1133),#468,.T.);
#8330=ADVANCED_FACE('',(#1134),#469,.T.);
#8331=ADVANCED_FACE('',(#1135),#470,.T.);
#8332=ADVANCED_FACE('',(#1136),#471,.T.);
#8333=ADVANCED_FACE('',(#1137),#472,.T.);
#8334=ADVANCED_FACE('',(#1138),#473,.T.);
#8335=ADVANCED_FACE('',(#1139),#474,.T.);
#8336=ADVANCED_FACE('',(#1140),#475,.T.);
#8337=ADVANCED_FACE('',(#1141),#476,.T.);
#8338=ADVANCED_FACE('',(#1142),#477,.T.);
#8339=ADVANCED_FACE('',(#1143),#478,.T.);
#8340=ADVANCED_FACE('',(#1144),#479,.T.);
#8341=ADVANCED_FACE('',(#1145),#480,.T.);
#8342=ADVANCED_FACE('',(#1146),#481,.T.);
#8343=ADVANCED_FACE('',(#1147),#482,.T.);
#8344=ADVANCED_FACE('',(#1148),#483,.T.);
#8345=ADVANCED_FACE('',(#1149),#484,.T.);
#8346=ADVANCED_FACE('',(#1150),#485,.T.);
#8347=ADVANCED_FACE('',(#1151),#486,.T.);
#8348=ADVANCED_FACE('',(#1152),#487,.T.);
#8349=ADVANCED_FACE('',(#1153),#488,.T.);
#8350=ADVANCED_FACE('',(#1154),#489,.T.);
#8351=ADVANCED_FACE('',(#1155),#490,.T.);
#8352=ADVANCED_FACE('',(#1156),#491,.T.);
#8353=ADVANCED_FACE('',(#1157),#492,.T.);
#8354=ADVANCED_FACE('',(#1158),#493,.T.);
#8355=ADVANCED_FACE('',(#1159),#494,.T.);
#8356=ADVANCED_FACE('',(#1160),#495,.T.);
#8357=ADVANCED_FACE('',(#1161),#496,.T.);
#8358=ADVANCED_FACE('',(#1162),#497,.T.);
#8359=ADVANCED_FACE('',(#1163),#498,.T.);
#8360=ADVANCED_FACE('',(#1164),#499,.T.);
#8361=ADVANCED_FACE('',(#1165),#500,.T.);
#8362=ADVANCED_FACE('',(#1166),#501,.T.);
#8363=ADVANCED_FACE('',(#1167),#502,.T.);
#8364=ADVANCED_FACE('',(#1168),#503,.T.);
#8365=ADVANCED_FACE('',(#1169),#504,.T.);
#8366=ADVANCED_FACE('',(#1170),#505,.T.);
#8367=ADVANCED_FACE('',(#1171),#506,.T.);
#8368=ADVANCED_FACE('',(#1172),#507,.T.);
#8369=ADVANCED_FACE('',(#1173),#508,.T.);
#8370=ADVANCED_FACE('',(#1174),#509,.T.);
#8371=ADVANCED_FACE('',(#1175),#510,.T.);
#8372=ADVANCED_FACE('',(#1176),#511,.T.);
#8373=ADVANCED_FACE('',(#1177),#512,.T.);
#8374=ADVANCED_FACE('',(#1178),#513,.T.);
#8375=ADVANCED_FACE('',(#1179),#514,.T.);
#8376=ADVANCED_FACE('',(#1180),#515,.T.);
#8377=ADVANCED_FACE('',(#1181),#516,.T.);
#8378=ADVANCED_FACE('',(#1182),#517,.T.);
#8379=ADVANCED_FACE('',(#1183),#518,.T.);
#8380=ADVANCED_FACE('',(#1184),#519,.T.);
#8381=ADVANCED_FACE('',(#1185),#520,.T.);
#8382=ADVANCED_FACE('',(#1186),#521,.T.);
#8383=ADVANCED_FACE('',(#1187),#522,.T.);
#8384=ADVANCED_FACE('',(#1188),#523,.T.);
#8385=ADVANCED_FACE('',(#1189),#524,.T.);
#8386=ADVANCED_FACE('',(#1190),#525,.T.);
#8387=ADVANCED_FACE('',(#1191),#526,.T.);
#8388=ADVANCED_FACE('',(#1192),#527,.T.);
#8389=ADVANCED_FACE('',(#1193),#528,.T.);
#8390=ADVANCED_FACE('',(#1194),#529,.T.);
#8391=ADVANCED_FACE('',(#1195),#530,.T.);
#8392=ADVANCED_FACE('',(#1196),#531,.T.);
#8393=ADVANCED_FACE('',(#1197),#532,.T.);
#8394=ADVANCED_FACE('',(#1198),#533,.T.);
#8395=ADVANCED_FACE('',(#1199),#534,.T.);
#8396=ADVANCED_FACE('',(#1200),#535,.T.);
#8397=ADVANCED_FACE('',(#1201),#536,.T.);
#8398=ADVANCED_FACE('',(#1202),#537,.T.);
#8399=ADVANCED_FACE('',(#1203),#538,.T.);
#8400=ADVANCED_FACE('',(#1204),#539,.T.);
#8401=ADVANCED_FACE('',(#1205),#540,.T.);
#8402=ADVANCED_FACE('',(#1206),#541,.T.);
#8403=ADVANCED_FACE('',(#1207),#542,.T.);
#8404=ADVANCED_FACE('',(#1208),#543,.T.);
#8405=ADVANCED_FACE('',(#1209),#544,.T.);
#8406=ADVANCED_FACE('',(#1210),#545,.T.);
#8407=ADVANCED_FACE('',(#1211),#546,.T.);
#8408=ADVANCED_FACE('',(#1212),#547,.T.);
#8409=ADVANCED_FACE('',(#1213),#548,.T.);
#8410=ADVANCED_FACE('',(#1214),#549,.T.);
#8411=ADVANCED_FACE('',(#1215),#550,.T.);
#8412=ADVANCED_FACE('',(#1216),#551,.T.);
#8413=ADVANCED_FACE('',(#1217),#552,.T.);
#8414=ADVANCED_FACE('',(#1218),#553,.T.);
#8415=ADVANCED_FACE('',(#1219),#554,.T.);
#8416=ADVANCED_FACE('',(#1220),#555,.T.);
#8417=ADVANCED_FACE('',(#1221),#556,.T.);
#8418=ADVANCED_FACE('',(#1222),#557,.T.);
#8419=ADVANCED_FACE('',(#1223),#558,.T.);
#8420=ADVANCED_FACE('',(#1224),#559,.T.);
#8421=ADVANCED_FACE('',(#1225),#560,.T.);
#8422=ADVANCED_FACE('',(#1226),#561,.T.);
#8423=ADVANCED_FACE('',(#1227),#562,.T.);
#8424=ADVANCED_FACE('',(#1228),#563,.T.);
#8425=ADVANCED_FACE('',(#1229),#564,.T.);
#8426=ADVANCED_FACE('',(#1230),#565,.T.);
#8427=ADVANCED_FACE('',(#1231),#566,.T.);
#8428=ADVANCED_FACE('',(#1232),#567,.T.);
#8429=ADVANCED_FACE('',(#1233),#568,.T.);
#8430=ADVANCED_FACE('',(#1234),#569,.T.);
#8431=ADVANCED_FACE('',(#1235),#570,.T.);
#8432=ADVANCED_FACE('',(#1236),#571,.T.);
#8433=ADVANCED_FACE('',(#1237),#572,.T.);
#8434=ADVANCED_FACE('',(#1238),#573,.T.);
#8435=ADVANCED_FACE('',(#1239),#574,.T.);
#8436=ADVANCED_FACE('',(#1240),#575,.T.);
#8437=ADVANCED_FACE('',(#1241),#576,.T.);
#8438=ADVANCED_FACE('',(#1242),#577,.T.);
#8439=ADVANCED_FACE('',(#1243),#578,.T.);
#8440=ADVANCED_FACE('',(#1244),#579,.T.);
#8441=ADVANCED_FACE('',(#1245),#580,.T.);
#8442=ADVANCED_FACE('',(#1246),#581,.T.);
#8443=ADVANCED_FACE('',(#1247),#582,.T.);
#8444=ADVANCED_FACE('',(#1248),#583,.T.);
#8445=ADVANCED_FACE('',(#1249),#584,.T.);
#8446=ADVANCED_FACE('',(#1250),#585,.T.);
#8447=ADVANCED_FACE('',(#1251),#586,.T.);
#8448=ADVANCED_FACE('',(#1252),#587,.T.);
#8449=ADVANCED_FACE('',(#1253),#588,.T.);
#8450=ADVANCED_FACE('',(#1254),#589,.T.);
#8451=ADVANCED_FACE('',(#1255),#590,.T.);
#8452=ADVANCED_FACE('',(#1256),#591,.T.);
#8453=ADVANCED_FACE('',(#1257),#592,.T.);
#8454=ADVANCED_FACE('',(#1258),#593,.T.);
#8455=ADVANCED_FACE('',(#1259),#594,.T.);
#8456=ADVANCED_FACE('',(#1260),#595,.T.);
#8457=ADVANCED_FACE('',(#1261),#596,.T.);
#8458=ADVANCED_FACE('',(#1262),#597,.T.);
#8459=ADVANCED_FACE('',(#1263),#598,.T.);
#8460=ADVANCED_FACE('',(#1264),#599,.T.);
#8461=ADVANCED_FACE('',(#1265),#600,.T.);
#8462=ADVANCED_FACE('',(#1266),#601,.T.);
#8463=ADVANCED_FACE('',(#1267),#602,.T.);
#8464=ADVANCED_FACE('',(#1268),#603,.T.);
#8465=ADVANCED_FACE('',(#1269),#604,.T.);
#8466=ADVANCED_FACE('',(#1270),#605,.T.);
#8467=ADVANCED_FACE('',(#1271),#606,.T.);
#8468=ADVANCED_FACE('',(#1272),#607,.T.);
#8469=ADVANCED_FACE('',(#1273),#608,.T.);
#8470=ADVANCED_FACE('',(#1274),#609,.T.);
#8471=ADVANCED_FACE('',(#1275),#610,.T.);
#8472=ADVANCED_FACE('',(#1276),#611,.T.);
#8473=ADVANCED_FACE('',(#1277),#612,.T.);
#8474=ADVANCED_FACE('',(#1278),#613,.T.);
#8475=ADVANCED_FACE('',(#1279),#614,.T.);
#8476=ADVANCED_FACE('',(#1280),#615,.T.);
#8477=ADVANCED_FACE('',(#1281),#616,.T.);
#8478=ADVANCED_FACE('',(#1282),#617,.T.);
#8479=ADVANCED_FACE('',(#1283),#618,.T.);
#8480=ADVANCED_FACE('',(#1284),#619,.T.);
#8481=ADVANCED_FACE('',(#1285),#620,.T.);
#8482=ADVANCED_FACE('',(#1286),#621,.T.);
#8483=ADVANCED_FACE('',(#1287),#622,.T.);
#8484=ADVANCED_FACE('',(#1288),#623,.T.);
#8485=ADVANCED_FACE('',(#1289),#624,.T.);
#8486=ADVANCED_FACE('',(#1290),#625,.T.);
#8487=ADVANCED_FACE('',(#1291),#626,.T.);
#8488=ADVANCED_FACE('',(#1292),#627,.T.);
#8489=ADVANCED_FACE('',(#1293),#628,.T.);
#8490=ADVANCED_FACE('',(#1294),#629,.T.);
#8491=ADVANCED_FACE('',(#1295),#630,.T.);
#8492=ADVANCED_FACE('',(#1296),#631,.T.);
#8493=ADVANCED_FACE('',(#1297),#632,.T.);
#8494=ADVANCED_FACE('',(#1298),#633,.T.);
#8495=ADVANCED_FACE('',(#1299),#634,.T.);
#8496=ADVANCED_FACE('',(#1300),#635,.T.);
#8497=ADVANCED_FACE('',(#1301),#636,.T.);
#8498=ADVANCED_FACE('',(#1302),#637,.T.);
#8499=ADVANCED_FACE('',(#1303),#638,.T.);
#8500=ADVANCED_FACE('',(#1304),#639,.T.);
#8501=ADVANCED_FACE('',(#1305),#640,.T.);
#8502=ADVANCED_FACE('',(#1306),#641,.T.);
#8503=ADVANCED_FACE('',(#1307),#642,.T.);
#8504=ADVANCED_FACE('',(#1308),#7886,.F.);
#8505=ADVANCED_FACE('',(#1309),#7887,.F.);
#8506=ADVANCED_FACE('',(#1310),#7888,.F.);
#8507=ADVANCED_FACE('',(#1311),#7889,.F.);
#8508=ADVANCED_FACE('',(#1312),#643,.F.);
#8509=ADVANCED_FACE('',(#1313),#644,.F.);
#8510=ADVANCED_FACE('',(#1314),#7890,.F.);
#8511=ADVANCED_FACE('',(#1315),#7891,.F.);
#8512=ADVANCED_FACE('',(#1316),#645,.F.);
#8513=ADVANCED_FACE('',(#1317),#646,.F.);
#8514=ADVANCED_FACE('',(#1318,#25,#26),#647,.T.);
#8515=ADVANCED_FACE('',(#1319),#648,.T.);
#8516=ADVANCED_FACE('',(#1320),#649,.F.);
#8517=ADVANCED_FACE('',(#1321,#27,#28),#650,.T.);
#8518=ADVANCED_FACE('',(#1322),#651,.T.);
#8519=ADVANCED_FACE('',(#1323),#652,.F.);
#8520=ADVANCED_FACE('',(#1324),#653,.F.);
#8521=ADVANCED_FACE('',(#1325),#654,.F.);
#8522=ADVANCED_FACE('',(#1326,#29,#30),#655,.F.);
#8523=ADVANCED_FACE('',(#1327),#656,.F.);
#8524=ADVANCED_FACE('',(#1328),#657,.F.);
#8525=ADVANCED_FACE('',(#1329),#658,.F.);
#8526=ADVANCED_FACE('',(#1330,#31),#659,.F.);
#8527=ADVANCED_FACE('',(#1331,#32),#660,.F.);
#8528=ADVANCED_FACE('',(#1332),#661,.F.);
#8529=ADVANCED_FACE('',(#1333),#662,.F.);
#8530=ADVANCED_FACE('',(#1334),#663,.F.);
#8531=ADVANCED_FACE('',(#1335),#664,.F.);
#8532=ADVANCED_FACE('',(#1336),#665,.F.);
#8533=ADVANCED_FACE('',(#1337),#666,.F.);
#8534=ADVANCED_FACE('',(#1338,#33),#667,.F.);
#8535=ADVANCED_FACE('',(#1339,#34),#668,.F.);
#8536=ADVANCED_FACE('',(#1340),#669,.T.);
#8537=ADVANCED_FACE('',(#1341),#670,.F.);
#8538=ADVANCED_FACE('',(#1342),#671,.F.);
#8539=ADVANCED_FACE('',(#1343),#672,.F.);
#8540=ADVANCED_FACE('',(#1344),#673,.F.);
#8541=ADVANCED_FACE('',(#1345),#674,.F.);
#8542=ADVANCED_FACE('',(#1346),#675,.F.);
#8543=ADVANCED_FACE('',(#1347),#676,.F.);
#8544=ADVANCED_FACE('',(#1348),#677,.F.);
#8545=ADVANCED_FACE('',(#1349),#678,.F.);
#8546=ADVANCED_FACE('',(#1350),#679,.F.);
#8547=ADVANCED_FACE('',(#1351),#680,.F.);
#8548=ADVANCED_FACE('',(#1352),#681,.F.);
#8549=ADVANCED_FACE('',(#1353),#682,.T.);
#8550=ADVANCED_FACE('',(#1354),#683,.F.);
#8551=ADVANCED_FACE('',(#1355),#684,.F.);
#8552=ADVANCED_FACE('',(#1356),#685,.T.);
#8553=ADVANCED_FACE('',(#1357),#686,.F.);
#8554=ADVANCED_FACE('',(#1358),#687,.F.);
#8555=ADVANCED_FACE('',(#1359),#688,.F.);
#8556=ADVANCED_FACE('',(#1360),#689,.T.);
#8557=ADVANCED_FACE('',(#1361),#690,.F.);
#8558=ADVANCED_FACE('',(#1362),#691,.F.);
#8559=ADVANCED_FACE('',(#1363),#692,.F.);
#8560=ADVANCED_FACE('',(#1364),#693,.F.);
#8561=ADVANCED_FACE('',(#1365),#694,.F.);
#8562=ADVANCED_FACE('',(#1366),#7892,.T.);
#8563=ADVANCED_FACE('',(#1367),#695,.T.);
#8564=ADVANCED_FACE('',(#1368),#696,.T.);
#8565=CLOSED_SHELL('',(#7893,#7894,#7895,#7896,#7897,#7898,#7899,#7900,
#7901,#7902,#7903,#7904,#7905,#7906,#7907,#7908,#7909,#7910,#7911,#7912,
#7913,#7914,#7915,#7916,#7917,#7918,#7919,#7920,#7921,#7922,#7923,#7924,
#7925,#7926,#7927,#7928,#7929,#7930,#7931,#7932,#7933,#7934,#7935,#7936,
#7937,#7938,#7939,#7940,#7941,#7942,#7943,#7944,#7945,#7946,#7947,#7948,
#7949,#7950,#7951,#7952,#7953,#7954,#7955,#7956,#7957,#7958,#7959,#7960,
#7961,#7962,#7963,#7964,#7965,#7966,#7967,#7968,#7969,#7970,#7971,#7972,
#7973,#7974,#7975,#7976,#7977,#7978,#7979,#7980,#7981,#7982,#7983,#7984,
#7985,#7986,#7987,#7988,#7989,#7990,#7991,#7992,#7993,#7994,#7995,#7996,
#7997,#7998,#7999,#8000,#8001,#8002,#8003,#8004,#8005,#8006,#8007,#8008,
#8009,#8010,#8011,#8012,#8013,#8014,#8015,#8016,#8017,#8018,#8019,#8020,
#8021,#8022,#8023,#8024,#8025,#8026,#8027,#8028,#8029,#8030,#8031,#8032,
#8033,#8034,#8035,#8036,#8037,#8038,#8039,#8040,#8041,#8042,#8043,#8044,
#8045,#8046,#8047,#8048,#8049,#8050,#8051,#8052,#8053,#8054,#8055,#8056,
#8057,#8058,#8059,#8060,#8061,#8062,#8063,#8064,#8065,#8066,#8067,#8068,
#8069,#8070,#8071,#8072,#8073,#8074,#8075,#8076,#8077,#8078,#8079,#8080,
#8081,#8082,#8083,#8084,#8085,#8086,#8087,#8088,#8089,#8090,#8091,#8092,
#8093,#8094,#8095,#8096,#8097,#8098,#8099,#8100,#8101,#8102,#8103,#8104,
#8105,#8106,#8107,#8108,#8109,#8110,#8111,#8112,#8113,#8114,#8115,#8116,
#8117,#8118,#8119,#8120,#8121,#8122,#8123,#8124,#8125,#8126,#8127,#8128,
#8129,#8130,#8131,#8132,#8133,#8134,#8135,#8136,#8137,#8138,#8139,#8140,
#8141,#8142,#8143,#8144,#8145,#8146,#8147,#8148,#8149,#8150,#8151,#8152,
#8153,#8154,#8155,#8156,#8157,#8158,#8159,#8160,#8161,#8162,#8163,#8164,
#8165,#8166,#8167,#8168,#8169,#8170,#8171,#8172,#8173,#8174,#8175,#8176,
#8177,#8178,#8179,#8180,#8181,#8182,#8183,#8184,#8185,#8186,#8187,#8188,
#8189,#8190,#8191,#8192,#8193,#8194,#8195,#8196,#8197,#8198,#8199,#8200,
#8201,#8202,#8203,#8204,#8205,#8206,#8207,#8208,#8209,#8210,#8211,#8212,
#8213,#8214,#8215,#8216,#8217,#8218,#8219,#8220,#8221,#8222,#8223,#8224,
#8225,#8226,#8227,#8228,#8229,#8230,#8231,#8232,#8233,#8234,#8235,#8236,
#8237,#8238,#8239,#8240,#8241,#8242,#8243,#8244,#8245,#8246,#8247,#8248,
#8249,#8250,#8251,#8252,#8253,#8254,#8255,#8256,#8257,#8258,#8259,#8260,
#8261,#8262,#8263,#8264,#8265,#8266,#8267,#8268,#8269,#8270,#8271,#8272,
#8273,#8274,#8275,#8276,#8277,#8278,#8279,#8280,#8281,#8282,#8283,#8284,
#8285,#8286,#8287,#8288,#8289,#8290,#8291,#8292,#8293,#8294,#8295,#8296,
#8297,#8298,#8299,#8300,#8301,#8302,#8303,#8304,#8305,#8306,#8307,#8308,
#8309,#8310,#8311,#8312,#8313,#8314,#8315,#8316,#8317,#8318,#8319,#8320,
#8321,#8322,#8323,#8324,#8325,#8326,#8327,#8328,#8329,#8330,#8331,#8332,
#8333,#8334,#8335,#8336,#8337,#8338,#8339,#8340,#8341,#8342,#8343,#8344,
#8345,#8346,#8347,#8348,#8349,#8350,#8351,#8352,#8353,#8354,#8355,#8356,
#8357,#8358,#8359,#8360,#8361,#8362,#8363,#8364,#8365,#8366,#8367,#8368,
#8369,#8370,#8371,#8372,#8373,#8374,#8375,#8376,#8377,#8378,#8379,#8380,
#8381,#8382,#8383,#8384,#8385,#8386,#8387,#8388,#8389,#8390,#8391,#8392,
#8393,#8394,#8395,#8396,#8397,#8398,#8399,#8400,#8401,#8402,#8403,#8404,
#8405,#8406,#8407,#8408,#8409,#8410,#8411,#8412,#8413,#8414,#8415,#8416,
#8417,#8418,#8419,#8420,#8421,#8422,#8423,#8424,#8425,#8426,#8427,#8428,
#8429,#8430,#8431,#8432,#8433,#8434,#8435,#8436,#8437,#8438,#8439,#8440,
#8441,#8442,#8443,#8444,#8445,#8446,#8447,#8448,#8449,#8450,#8451,#8452,
#8453,#8454,#8455,#8456,#8457,#8458,#8459,#8460,#8461,#8462,#8463,#8464,
#8465,#8466,#8467,#8468,#8469,#8470,#8471,#8472,#8473,#8474,#8475,#8476,
#8477,#8478,#8479,#8480,#8481,#8482,#8483,#8484,#8485,#8486,#8487,#8488,
#8489,#8490,#8491,#8492,#8493,#8494,#8495,#8496,#8497,#8498,#8499,#8500,
#8501,#8502,#8503));
#8566=CLOSED_SHELL('',(#8504,#8505,#8506,#8507,#8508,#8509,#8510,#8511,
#8512,#8513,#8514,#8515,#8516,#8517,#8518,#8519,#8520,#8521,#8522,#8523,
#8524,#8525,#8526,#8527,#8528,#8529,#8530,#8531,#8532,#8533,#8534,#8535,
#8536,#8537,#8538,#8539,#8540,#8541,#8542,#8543,#8544,#8545,#8546,#8547,
#8548,#8549,#8550,#8551,#8552,#8553,#8554,#8555));
#8567=CLOSED_SHELL('',(#8556,#8557,#8558,#8559,#8560,#8561));
#8568=CLOSED_SHELL('',(#8562,#8563,#8564));
#8569=DERIVED_UNIT_ELEMENT(#8571,1.);
#8570=DERIVED_UNIT_ELEMENT(#13914,-3.);
#8571=(
MASS_UNIT()
NAMED_UNIT(*)
SI_UNIT(.KILO.,.GRAM.)
);
#8572=DERIVED_UNIT((#8569,#8570));
#8573=MEASURE_REPRESENTATION_ITEM('density measure',
POSITIVE_RATIO_MEASURE(7850.),#8572);
#8574=PROPERTY_DEFINITION_REPRESENTATION(#8579,#8576);
#8575=PROPERTY_DEFINITION_REPRESENTATION(#8580,#8577);
#8576=REPRESENTATION('material name',(#8578),#13911);
#8577=REPRESENTATION('density',(#8573),#13911);
#8578=DESCRIPTIVE_REPRESENTATION_ITEM('Steel','Steel');
#8579=PROPERTY_DEFINITION('material property','material name',#13921);
#8580=PROPERTY_DEFINITION('material property','density of part',#13921);
#8581=AXIS2_PLACEMENT_3D('',#11724,#9274,#9275);
#8582=AXIS2_PLACEMENT_3D('',#11725,#9276,#9277);
#8583=AXIS2_PLACEMENT_3D('',#11727,#9278,#9279);
#8584=AXIS2_PLACEMENT_3D('',#11730,#9281,#9282);
#8585=AXIS2_PLACEMENT_3D('',#11731,#9283,#9284);
#8586=AXIS2_PLACEMENT_3D('',#11732,#9285,#9286);
#8587=AXIS2_PLACEMENT_3D('',#11734,#9287,#9288);
#8588=AXIS2_PLACEMENT_3D('',#11737,#9290,#9291);
#8589=AXIS2_PLACEMENT_3D('',#11738,#9292,#9293);
#8590=AXIS2_PLACEMENT_3D('',#11740,#9294,#9295);
#8591=AXIS2_PLACEMENT_3D('',#11743,#9297,#9298);
#8592=AXIS2_PLACEMENT_3D('',#11744,#9299,#9300);
#8593=AXIS2_PLACEMENT_3D('',#11745,#9301,#9302);
#8594=AXIS2_PLACEMENT_3D('',#11754,#9307,#9308);
#8595=AXIS2_PLACEMENT_3D('',#11760,#9312,#9313);
#8596=AXIS2_PLACEMENT_3D('',#11766,#9317,#9318);
#8597=AXIS2_PLACEMENT_3D('',#11768,#9320,#9321);
#8598=AXIS2_PLACEMENT_3D('',#11778,#9327,#9328);
#8599=AXIS2_PLACEMENT_3D('',#11796,#9338,#9339);
#8600=AXIS2_PLACEMENT_3D('',#11802,#9343,#9344);
#8601=AXIS2_PLACEMENT_3D('',#11806,#9347,#9348);
#8602=AXIS2_PLACEMENT_3D('',#11808,#9350,#9351);
#8603=AXIS2_PLACEMENT_3D('',#11812,#9354,#9355);
#8604=AXIS2_PLACEMENT_3D('',#11822,#9361,#9362);
#8605=AXIS2_PLACEMENT_3D('',#11830,#9367,#9368);
#8606=AXIS2_PLACEMENT_3D('',#11834,#9371,#9372);
#8607=AXIS2_PLACEMENT_3D('',#11836,#9374,#9375);
#8608=AXIS2_PLACEMENT_3D('',#11840,#9378,#9379);
#8609=AXIS2_PLACEMENT_3D('',#11842,#9381,#9382);
#8610=AXIS2_PLACEMENT_3D('',#11849,#9386,#9387);
#8611=AXIS2_PLACEMENT_3D('',#11853,#9390,#9391);
#8612=AXIS2_PLACEMENT_3D('',#11860,#9395,#9396);
#8613=AXIS2_PLACEMENT_3D('',#11864,#9399,#9400);
#8614=AXIS2_PLACEMENT_3D('',#11871,#9404,#9405);
#8615=AXIS2_PLACEMENT_3D('',#11875,#9408,#9409);
#8616=AXIS2_PLACEMENT_3D('',#11879,#9412,#9413);
#8617=AXIS2_PLACEMENT_3D('',#11883,#9416,#9417);
#8618=AXIS2_PLACEMENT_3D('',#11886,#9420,#9421);
#8619=AXIS2_PLACEMENT_3D('',#11888,#9423,#9424);
#8620=AXIS2_PLACEMENT_3D('',#11894,#9428,#9429);
#8621=AXIS2_PLACEMENT_3D('',#11896,#9431,#9432);
#8622=AXIS2_PLACEMENT_3D('',#11903,#9436,#9437);
#8623=AXIS2_PLACEMENT_3D('',#11907,#9440,#9441);
#8624=AXIS2_PLACEMENT_3D('',#11911,#9444,#9445);
#8625=AXIS2_PLACEMENT_3D('',#11915,#9448,#9449);
#8626=AXIS2_PLACEMENT_3D('',#11918,#9452,#9453);
#8627=AXIS2_PLACEMENT_3D('',#11920,#9455,#9456);
#8628=AXIS2_PLACEMENT_3D('',#11923,#9459,#9460);
#8629=AXIS2_PLACEMENT_3D('',#11925,#9462,#9463);
#8630=AXIS2_PLACEMENT_3D('',#11931,#9467,#9468);
#8631=AXIS2_PLACEMENT_3D('',#11933,#9470,#9471);
#8632=AXIS2_PLACEMENT_3D('',#11939,#9475,#9476);
#8633=AXIS2_PLACEMENT_3D('',#11941,#9478,#9479);
#8634=AXIS2_PLACEMENT_3D('',#11945,#9482,#9483);
#8635=AXIS2_PLACEMENT_3D('',#11949,#9486,#9487);
#8636=AXIS2_PLACEMENT_3D('',#11953,#9490,#9491);
#8637=AXIS2_PLACEMENT_3D('',#11957,#9494,#9495);
#8638=AXIS2_PLACEMENT_3D('',#11964,#9499,#9500);
#8639=AXIS2_PLACEMENT_3D('',#11968,#9503,#9504);
#8640=AXIS2_PLACEMENT_3D('',#11975,#9508,#9509);
#8641=AXIS2_PLACEMENT_3D('',#11979,#9512,#9513);
#8642=AXIS2_PLACEMENT_3D('',#11982,#9516,#9517);
#8643=AXIS2_PLACEMENT_3D('',#11984,#9519,#9520);
#8644=AXIS2_PLACEMENT_3D('',#11987,#9523,#9524);
#8645=AXIS2_PLACEMENT_3D('',#11989,#9526,#9527);
#8646=AXIS2_PLACEMENT_3D('',#11996,#9531,#9532);
#8647=AXIS2_PLACEMENT_3D('',#12000,#9535,#9536);
#8648=AXIS2_PLACEMENT_3D('',#12003,#9539,#9540);
#8649=AXIS2_PLACEMENT_3D('',#12005,#9542,#9543);
#8650=AXIS2_PLACEMENT_3D('',#12012,#9547,#9548);
#8651=AXIS2_PLACEMENT_3D('',#12016,#9551,#9552);
#8652=AXIS2_PLACEMENT_3D('',#12023,#9556,#9557);
#8653=AXIS2_PLACEMENT_3D('',#12027,#9560,#9561);
#8654=AXIS2_PLACEMENT_3D('',#12033,#9565,#9566);
#8655=AXIS2_PLACEMENT_3D('',#12035,#9568,#9569);
#8656=AXIS2_PLACEMENT_3D('',#12042,#9573,#9574);
#8657=AXIS2_PLACEMENT_3D('',#12046,#9577,#9578);
#8658=AXIS2_PLACEMENT_3D('',#12052,#9582,#9583);
#8659=AXIS2_PLACEMENT_3D('',#12054,#9585,#9586);
#8660=AXIS2_PLACEMENT_3D('',#12058,#9589,#9590);
#8661=AXIS2_PLACEMENT_3D('',#12060,#9592,#9593);
#8662=AXIS2_PLACEMENT_3D('',#12064,#9596,#9597);
#8663=AXIS2_PLACEMENT_3D('',#12068,#9600,#9601);
#8664=AXIS2_PLACEMENT_3D('',#12070,#9603,#9604);
#8665=AXIS2_PLACEMENT_3D('',#12074,#9607,#9608);
#8666=AXIS2_PLACEMENT_3D('',#12078,#9611,#9612);
#8667=AXIS2_PLACEMENT_3D('',#12082,#9615,#9616);
#8668=AXIS2_PLACEMENT_3D('',#12086,#9619,#9620);
#8669=AXIS2_PLACEMENT_3D('',#12090,#9623,#9624);
#8670=AXIS2_PLACEMENT_3D('',#12094,#9627,#9628);
#8671=AXIS2_PLACEMENT_3D('',#12096,#9630,#9631);
#8672=AXIS2_PLACEMENT_3D('',#12098,#9633,#9634);
#8673=AXIS2_PLACEMENT_3D('',#12102,#9637,#9638);
#8674=AXIS2_PLACEMENT_3D('',#12106,#9641,#9642);
#8675=AXIS2_PLACEMENT_3D('',#12108,#9644,#9645);
#8676=AXIS2_PLACEMENT_3D('',#12110,#9647,#9648);
#8677=AXIS2_PLACEMENT_3D('',#12114,#9651,#9652);
#8678=AXIS2_PLACEMENT_3D('',#12116,#9654,#9655);
#8679=AXIS2_PLACEMENT_3D('',#12118,#9657,#9658);
#8680=AXIS2_PLACEMENT_3D('',#12120,#9660,#9661);
#8681=AXIS2_PLACEMENT_3D('',#12124,#9664,#9665);
#8682=AXIS2_PLACEMENT_3D('',#12126,#9667,#9668);
#8683=AXIS2_PLACEMENT_3D('',#12128,#9670,#9671);
#8684=AXIS2_PLACEMENT_3D('',#12131,#9674,#9675);
#8685=AXIS2_PLACEMENT_3D('',#12133,#9677,#9678);
#8686=AXIS2_PLACEMENT_3D('',#12135,#9680,#9681);
#8687=AXIS2_PLACEMENT_3D('',#12137,#9683,#9684);
#8688=AXIS2_PLACEMENT_3D('',#12139,#9686,#9687);
#8689=AXIS2_PLACEMENT_3D('',#12141,#9689,#9690);
#8690=AXIS2_PLACEMENT_3D('',#12143,#9692,#9693);
#8691=AXIS2_PLACEMENT_3D('',#12146,#9696,#9697);
#8692=AXIS2_PLACEMENT_3D('',#12147,#9698,#9699);
#8693=AXIS2_PLACEMENT_3D('',#12149,#9701,#9702);
#8694=AXIS2_PLACEMENT_3D('',#12152,#9705,#9706);
#8695=AXIS2_PLACEMENT_3D('',#12155,#9709,#9710);
#8696=AXIS2_PLACEMENT_3D('',#12157,#9712,#9713);
#8697=AXIS2_PLACEMENT_3D('',#12159,#9715,#9716);
#8698=AXIS2_PLACEMENT_3D('',#12163,#9719,#9720);
#8699=AXIS2_PLACEMENT_3D('',#12165,#9722,#9723);
#8700=AXIS2_PLACEMENT_3D('',#12168,#9726,#9727);
#8701=AXIS2_PLACEMENT_3D('',#12170,#9729,#9730);
#8702=AXIS2_PLACEMENT_3D('',#12171,#9731,#9732);
#8703=AXIS2_PLACEMENT_3D('',#12173,#9734,#9735);
#8704=AXIS2_PLACEMENT_3D('',#12175,#9737,#9738);
#8705=AXIS2_PLACEMENT_3D('',#12177,#9740,#9741);
#8706=AXIS2_PLACEMENT_3D('',#12180,#9744,#9745);
#8707=AXIS2_PLACEMENT_3D('',#12182,#9747,#9748);
#8708=AXIS2_PLACEMENT_3D('',#12183,#9749,#9750);
#8709=AXIS2_PLACEMENT_3D('',#12185,#9752,#9753);
#8710=AXIS2_PLACEMENT_3D('',#12187,#9755,#9756);
#8711=AXIS2_PLACEMENT_3D('',#12189,#9758,#9759);
#8712=AXIS2_PLACEMENT_3D('',#12193,#9762,#9763);
#8713=AXIS2_PLACEMENT_3D('',#12195,#9765,#9766);
#8714=AXIS2_PLACEMENT_3D('',#12198,#9769,#9770);
#8715=AXIS2_PLACEMENT_3D('',#12199,#9771,#9772);
#8716=AXIS2_PLACEMENT_3D('',#12202,#9775,#9776);
#8717=AXIS2_PLACEMENT_3D('',#12203,#9777,#9778);
#8718=AXIS2_PLACEMENT_3D('',#12206,#9781,#9782);
#8719=AXIS2_PLACEMENT_3D('',#12207,#9783,#9784);
#8720=AXIS2_PLACEMENT_3D('',#12214,#9788,#9789);
#8721=AXIS2_PLACEMENT_3D('',#12218,#9792,#9793);
#8722=AXIS2_PLACEMENT_3D('',#12224,#9797,#9798);
#8723=AXIS2_PLACEMENT_3D('',#12228,#9801,#9802);
#8724=AXIS2_PLACEMENT_3D('',#12232,#9805,#9806);
#8725=AXIS2_PLACEMENT_3D('',#12239,#9810,#9811);
#8726=AXIS2_PLACEMENT_3D('',#12242,#9814,#9815);
#8727=AXIS2_PLACEMENT_3D('',#12248,#9819,#9820);
#8728=AXIS2_PLACEMENT_3D('',#12251,#9823,#9824);
#8729=AXIS2_PLACEMENT_3D('',#12254,#9827,#9828);
#8730=AXIS2_PLACEMENT_3D('',#12258,#9831,#9832);
#8731=AXIS2_PLACEMENT_3D('',#12261,#9835,#9836);
#8732=AXIS2_PLACEMENT_3D('',#12263,#9838,#9839);
#8733=AXIS2_PLACEMENT_3D('',#12264,#9840,#9841);
#8734=AXIS2_PLACEMENT_3D('',#12265,#9842,#9843);
#8735=AXIS2_PLACEMENT_3D('',#12268,#9846,#9847);
#8736=AXIS2_PLACEMENT_3D('',#12272,#9850,#9851);
#8737=AXIS2_PLACEMENT_3D('',#12276,#9854,#9855);
#8738=AXIS2_PLACEMENT_3D('',#12280,#9858,#9859);
#8739=AXIS2_PLACEMENT_3D('',#12284,#9862,#9863);
#8740=AXIS2_PLACEMENT_3D('',#12288,#9866,#9867);
#8741=AXIS2_PLACEMENT_3D('',#12290,#9869,#9870);
#8742=AXIS2_PLACEMENT_3D('',#12294,#9873,#9874);
#8743=AXIS2_PLACEMENT_3D('',#12298,#9877,#9878);
#8744=AXIS2_PLACEMENT_3D('',#12305,#9882,#9883);
#8745=AXIS2_PLACEMENT_3D('',#12309,#9886,#9887);
#8746=AXIS2_PLACEMENT_3D('',#12313,#9890,#9891);
#8747=AXIS2_PLACEMENT_3D('',#12317,#9894,#9895);
#8748=AXIS2_PLACEMENT_3D('',#12321,#9898,#9899);
#8749=AXIS2_PLACEMENT_3D('',#12328,#9903,#9904);
#8750=AXIS2_PLACEMENT_3D('',#12332,#9907,#9908);
#8751=AXIS2_PLACEMENT_3D('',#12335,#9911,#9912);
#8752=AXIS2_PLACEMENT_3D('',#12337,#9914,#9915);
#8753=AXIS2_PLACEMENT_3D('',#12344,#9919,#9920);
#8754=AXIS2_PLACEMENT_3D('',#12348,#9923,#9924);
#8755=AXIS2_PLACEMENT_3D('',#12352,#9927,#9928);
#8756=AXIS2_PLACEMENT_3D('',#12359,#9932,#9933);
#8757=AXIS2_PLACEMENT_3D('',#12363,#9936,#9937);
#8758=AXIS2_PLACEMENT_3D('',#12367,#9940,#9941);
#8759=AXIS2_PLACEMENT_3D('',#12371,#9944,#9945);
#8760=AXIS2_PLACEMENT_3D('',#12375,#9948,#9949);
#8761=AXIS2_PLACEMENT_3D('',#12379,#9952,#9953);
#8762=AXIS2_PLACEMENT_3D('',#12381,#9955,#9956);
#8763=AXIS2_PLACEMENT_3D('',#12385,#9959,#9960);
#8764=AXIS2_PLACEMENT_3D('',#12392,#9964,#9965);
#8765=AXIS2_PLACEMENT_3D('',#12396,#9968,#9969);
#8766=AXIS2_PLACEMENT_3D('',#12403,#9973,#9974);
#8767=AXIS2_PLACEMENT_3D('',#12407,#9977,#9978);
#8768=AXIS2_PLACEMENT_3D('',#12413,#9982,#9983);
#8769=AXIS2_PLACEMENT_3D('',#12415,#9985,#9986);
#8770=AXIS2_PLACEMENT_3D('',#12421,#9990,#9991);
#8771=AXIS2_PLACEMENT_3D('',#12423,#9993,#9994);
#8772=AXIS2_PLACEMENT_3D('',#12427,#9997,#9998);
#8773=AXIS2_PLACEMENT_3D('',#12431,#10001,#10002);
#8774=AXIS2_PLACEMENT_3D('',#12435,#10005,#10006);
#8775=AXIS2_PLACEMENT_3D('',#12439,#10009,#10010);
#8776=AXIS2_PLACEMENT_3D('',#12443,#10013,#10014);
#8777=AXIS2_PLACEMENT_3D('',#12447,#10017,#10018);
#8778=AXIS2_PLACEMENT_3D('',#12449,#10020,#10021);
#8779=AXIS2_PLACEMENT_3D('',#12453,#10024,#10025);
#8780=AXIS2_PLACEMENT_3D('',#12457,#10028,#10029);
#8781=AXIS2_PLACEMENT_3D('',#12461,#10032,#10033);
#8782=AXIS2_PLACEMENT_3D('',#12465,#10036,#10037);
#8783=AXIS2_PLACEMENT_3D('',#12469,#10040,#10041);
#8784=AXIS2_PLACEMENT_3D('',#12473,#10044,#10045);
#8785=AXIS2_PLACEMENT_3D('',#12476,#10048,#10049);
#8786=AXIS2_PLACEMENT_3D('',#12478,#10051,#10052);
#8787=AXIS2_PLACEMENT_3D('',#12481,#10055,#10056);
#8788=AXIS2_PLACEMENT_3D('',#12484,#10059,#10060);
#8789=AXIS2_PLACEMENT_3D('',#12486,#10062,#10063);
#8790=AXIS2_PLACEMENT_3D('',#12487,#10064,#10065);
#8791=AXIS2_PLACEMENT_3D('',#12494,#10069,#10070);
#8792=AXIS2_PLACEMENT_3D('',#12500,#10074,#10075);
#8793=AXIS2_PLACEMENT_3D('',#12502,#10077,#10078);
#8794=AXIS2_PLACEMENT_3D('',#12504,#10080,#10081);
#8795=AXIS2_PLACEMENT_3D('',#12506,#10083,#10084);
#8796=AXIS2_PLACEMENT_3D('',#12509,#10087,#10088);
#8797=AXIS2_PLACEMENT_3D('',#12511,#10090,#10091);
#8798=AXIS2_PLACEMENT_3D('',#12518,#10095,#10096);
#8799=AXIS2_PLACEMENT_3D('',#12522,#10099,#10100);
#8800=AXIS2_PLACEMENT_3D('',#12526,#10103,#10104);
#8801=AXIS2_PLACEMENT_3D('',#12529,#10107,#10108);
#8802=AXIS2_PLACEMENT_3D('',#12531,#10110,#10111);
#8803=AXIS2_PLACEMENT_3D('',#12533,#10113,#10114);
#8804=AXIS2_PLACEMENT_3D('',#12537,#10117,#10118);
#8805=AXIS2_PLACEMENT_3D('',#12539,#10120,#10121);
#8806=AXIS2_PLACEMENT_3D('',#12543,#10124,#10125);
#8807=AXIS2_PLACEMENT_3D('',#12545,#10127,#10128);
#8808=AXIS2_PLACEMENT_3D('',#12547,#10130,#10131);
#8809=AXIS2_PLACEMENT_3D('',#12550,#10134,#10135);
#8810=AXIS2_PLACEMENT_3D('',#12552,#10137,#10138);
#8811=AXIS2_PLACEMENT_3D('',#12559,#10142,#10143);
#8812=AXIS2_PLACEMENT_3D('',#12563,#10146,#10147);
#8813=AXIS2_PLACEMENT_3D('',#12566,#10150,#10151);
#8814=AXIS2_PLACEMENT_3D('',#12568,#10153,#10154);
#8815=AXIS2_PLACEMENT_3D('',#12571,#10157,#10158);
#8816=AXIS2_PLACEMENT_3D('',#12573,#10160,#10161);
#8817=AXIS2_PLACEMENT_3D('',#12580,#10165,#10166);
#8818=AXIS2_PLACEMENT_3D('',#12584,#10169,#10170);
#8819=AXIS2_PLACEMENT_3D('',#12587,#10173,#10174);
#8820=AXIS2_PLACEMENT_3D('',#12589,#10176,#10177);
#8821=AXIS2_PLACEMENT_3D('',#12593,#10180,#10181);
#8822=AXIS2_PLACEMENT_3D('',#12597,#10184,#10185);
#8823=AXIS2_PLACEMENT_3D('',#12599,#10187,#10188);
#8824=AXIS2_PLACEMENT_3D('',#12602,#10191,#10192);
#8825=AXIS2_PLACEMENT_3D('',#12604,#10194,#10195);
#8826=AXIS2_PLACEMENT_3D('',#12606,#10197,#10198);
#8827=AXIS2_PLACEMENT_3D('',#12608,#10200,#10201);
#8828=AXIS2_PLACEMENT_3D('',#12610,#10203,#10204);
#8829=AXIS2_PLACEMENT_3D('',#12612,#10206,#10207);
#8830=AXIS2_PLACEMENT_3D('',#12619,#10211,#10212);
#8831=AXIS2_PLACEMENT_3D('',#12623,#10215,#10216);
#8832=AXIS2_PLACEMENT_3D('',#12630,#10220,#10221);
#8833=AXIS2_PLACEMENT_3D('',#12634,#10224,#10225);
#8834=AXIS2_PLACEMENT_3D('',#12638,#10228,#10229);
#8835=AXIS2_PLACEMENT_3D('',#12642,#10232,#10233);
#8836=AXIS2_PLACEMENT_3D('',#12649,#10237,#10238);
#8837=AXIS2_PLACEMENT_3D('',#12653,#10241,#10242);
#8838=AXIS2_PLACEMENT_3D('',#12657,#10245,#10246);
#8839=AXIS2_PLACEMENT_3D('',#12661,#10249,#10250);
#8840=AXIS2_PLACEMENT_3D('',#12665,#10253,#10254);
#8841=AXIS2_PLACEMENT_3D('',#12669,#10257,#10258);
#8842=AXIS2_PLACEMENT_3D('',#12673,#10261,#10262);
#8843=AXIS2_PLACEMENT_3D('',#12677,#10265,#10266);
#8844=AXIS2_PLACEMENT_3D('',#12683,#10270,#10271);
#8845=AXIS2_PLACEMENT_3D('',#12685,#10273,#10274);
#8846=AXIS2_PLACEMENT_3D('',#12692,#10278,#10279);
#8847=AXIS2_PLACEMENT_3D('',#12696,#10282,#10283);
#8848=AXIS2_PLACEMENT_3D('',#12700,#10286,#10287);
#8849=AXIS2_PLACEMENT_3D('',#12704,#10290,#10291);
#8850=AXIS2_PLACEMENT_3D('',#12707,#10294,#10295);
#8851=AXIS2_PLACEMENT_3D('',#12709,#10297,#10298);
#8852=AXIS2_PLACEMENT_3D('',#12712,#10301,#10302);
#8853=AXIS2_PLACEMENT_3D('',#12716,#10305,#10306);
#8854=AXIS2_PLACEMENT_3D('',#12722,#10310,#10311);
#8855=AXIS2_PLACEMENT_3D('',#12726,#10314,#10315);
#8856=AXIS2_PLACEMENT_3D('',#12730,#10318,#10319);
#8857=AXIS2_PLACEMENT_3D('',#12734,#10322,#10323);
#8858=AXIS2_PLACEMENT_3D('',#12740,#10327,#10328);
#8859=AXIS2_PLACEMENT_3D('',#12742,#10330,#10331);
#8860=AXIS2_PLACEMENT_3D('',#12749,#10335,#10336);
#8861=AXIS2_PLACEMENT_3D('',#12753,#10339,#10340);
#8862=AXIS2_PLACEMENT_3D('',#12759,#10344,#10345);
#8863=AXIS2_PLACEMENT_3D('',#12761,#10347,#10348);
#8864=AXIS2_PLACEMENT_3D('',#12767,#10352,#10353);
#8865=AXIS2_PLACEMENT_3D('',#12769,#10355,#10356);
#8866=AXIS2_PLACEMENT_3D('',#12775,#10360,#10361);
#8867=AXIS2_PLACEMENT_3D('',#12777,#10363,#10364);
#8868=AXIS2_PLACEMENT_3D('',#12780,#10367,#10368);
#8869=AXIS2_PLACEMENT_3D('',#12782,#10370,#10371);
#8870=AXIS2_PLACEMENT_3D('',#12785,#10374,#10375);
#8871=AXIS2_PLACEMENT_3D('',#12787,#10377,#10378);
#8872=AXIS2_PLACEMENT_3D('',#12790,#10381,#10382);
#8873=AXIS2_PLACEMENT_3D('',#12792,#10384,#10385);
#8874=AXIS2_PLACEMENT_3D('',#12794,#10387,#10388);
#8875=AXIS2_PLACEMENT_3D('',#12796,#10390,#10391);
#8876=AXIS2_PLACEMENT_3D('',#12799,#10394,#10395);
#8877=AXIS2_PLACEMENT_3D('',#12801,#10397,#10398);
#8878=AXIS2_PLACEMENT_3D('',#12803,#10400,#10401);
#8879=AXIS2_PLACEMENT_3D('',#12805,#10403,#10404);
#8880=AXIS2_PLACEMENT_3D('',#12807,#10406,#10407);
#8881=AXIS2_PLACEMENT_3D('',#12809,#10409,#10410);
#8882=AXIS2_PLACEMENT_3D('',#12812,#10413,#10414);
#8883=AXIS2_PLACEMENT_3D('',#12814,#10416,#10417);
#8884=AXIS2_PLACEMENT_3D('',#12816,#10419,#10420);
#8885=AXIS2_PLACEMENT_3D('',#12818,#10422,#10423);
#8886=AXIS2_PLACEMENT_3D('',#12820,#10425,#10426);
#8887=AXIS2_PLACEMENT_3D('',#12822,#10428,#10429);
#8888=AXIS2_PLACEMENT_3D('',#12823,#10430,#10431);
#8889=AXIS2_PLACEMENT_3D('',#12825,#10433,#10434);
#8890=AXIS2_PLACEMENT_3D('',#12827,#10436,#10437);
#8891=AXIS2_PLACEMENT_3D('',#12829,#10439,#10440);
#8892=AXIS2_PLACEMENT_3D('',#12832,#10443,#10444);
#8893=AXIS2_PLACEMENT_3D('',#12834,#10446,#10447);
#8894=AXIS2_PLACEMENT_3D('',#12836,#10449,#10450);
#8895=AXIS2_PLACEMENT_3D('',#12838,#10452,#10453);
#8896=AXIS2_PLACEMENT_3D('',#12840,#10455,#10456);
#8897=AXIS2_PLACEMENT_3D('',#12842,#10458,#10459);
#8898=AXIS2_PLACEMENT_3D('',#12844,#10461,#10462);
#8899=AXIS2_PLACEMENT_3D('',#12846,#10464,#10465);
#8900=AXIS2_PLACEMENT_3D('',#12847,#10466,#10467);
#8901=AXIS2_PLACEMENT_3D('',#12848,#10468,#10469);
#8902=AXIS2_PLACEMENT_3D('',#12850,#10471,#10472);
#8903=AXIS2_PLACEMENT_3D('',#12852,#10474,#10475);
#8904=AXIS2_PLACEMENT_3D('',#12855,#10478,#10479);
#8905=AXIS2_PLACEMENT_3D('',#12857,#10481,#10482);
#8906=AXIS2_PLACEMENT_3D('',#12859,#10484,#10485);
#8907=AXIS2_PLACEMENT_3D('',#12861,#10487,#10488);
#8908=AXIS2_PLACEMENT_3D('',#12863,#10490,#10491);
#8909=AXIS2_PLACEMENT_3D('',#12865,#10493,#10494);
#8910=AXIS2_PLACEMENT_3D('',#12866,#10495,#10496);
#8911=AXIS2_PLACEMENT_3D('',#12868,#10498,#10499);
#8912=AXIS2_PLACEMENT_3D('',#12870,#10501,#10502);
#8913=AXIS2_PLACEMENT_3D('',#12872,#10504,#10505);
#8914=AXIS2_PLACEMENT_3D('',#12875,#10508,#10509);
#8915=AXIS2_PLACEMENT_3D('',#12877,#10511,#10512);
#8916=AXIS2_PLACEMENT_3D('',#12879,#10514,#10515);
#8917=AXIS2_PLACEMENT_3D('',#12881,#10517,#10518);
#8918=AXIS2_PLACEMENT_3D('',#12883,#10520,#10521);
#8919=AXIS2_PLACEMENT_3D('',#12885,#10523,#10524);
#8920=AXIS2_PLACEMENT_3D('',#12887,#10526,#10527);
#8921=AXIS2_PLACEMENT_3D('',#12889,#10529,#10530);
#8922=AXIS2_PLACEMENT_3D('',#12891,#10532,#10533);
#8923=AXIS2_PLACEMENT_3D('',#12892,#10534,#10535);
#8924=AXIS2_PLACEMENT_3D('',#12894,#10537,#10538);
#8925=AXIS2_PLACEMENT_3D('',#12895,#10539,#10540);
#8926=AXIS2_PLACEMENT_3D('',#12902,#10544,#10545);
#8927=AXIS2_PLACEMENT_3D('',#12906,#10548,#10549);
#8928=AXIS2_PLACEMENT_3D('',#12913,#10553,#10554);
#8929=AXIS2_PLACEMENT_3D('',#12920,#10558,#10559);
#8930=AXIS2_PLACEMENT_3D('',#12924,#10562,#10563);
#8931=AXIS2_PLACEMENT_3D('',#12928,#10566,#10567);
#8932=AXIS2_PLACEMENT_3D('',#12934,#10571,#10572);
#8933=AXIS2_PLACEMENT_3D('',#12937,#10575,#10576);
#8934=AXIS2_PLACEMENT_3D('',#12939,#10578,#10579);
#8935=AXIS2_PLACEMENT_3D('',#12943,#10582,#10583);
#8936=AXIS2_PLACEMENT_3D('',#12948,#10587,#10588);
#8937=AXIS2_PLACEMENT_3D('',#12952,#10591,#10592);
#8938=AXIS2_PLACEMENT_3D('',#12956,#10595,#10596);
#8939=AXIS2_PLACEMENT_3D('',#12959,#10599,#10600);
#8940=AXIS2_PLACEMENT_3D('',#12961,#10602,#10603);
#8941=AXIS2_PLACEMENT_3D('',#12964,#10606,#10607);
#8942=AXIS2_PLACEMENT_3D('',#12965,#10608,#10609);
#8943=AXIS2_PLACEMENT_3D('',#12967,#10611,#10612);
#8944=AXIS2_PLACEMENT_3D('',#12969,#10614,#10615);
#8945=AXIS2_PLACEMENT_3D('',#12971,#10617,#10618);
#8946=AXIS2_PLACEMENT_3D('',#12973,#10620,#10621);
#8947=AXIS2_PLACEMENT_3D('',#12977,#10624,#10625);
#8948=AXIS2_PLACEMENT_3D('',#12979,#10627,#10628);
#8949=AXIS2_PLACEMENT_3D('',#12981,#10630,#10631);
#8950=AXIS2_PLACEMENT_3D('',#12983,#10633,#10634);
#8951=AXIS2_PLACEMENT_3D('',#12985,#10636,#10637);
#8952=AXIS2_PLACEMENT_3D('',#12989,#10640,#10641);
#8953=AXIS2_PLACEMENT_3D('',#12992,#10644,#10645);
#8954=AXIS2_PLACEMENT_3D('',#12997,#10649,#10650);
#8955=AXIS2_PLACEMENT_3D('',#12998,#10651,#10652);
#8956=AXIS2_PLACEMENT_3D('',#13000,#10654,#10655);
#8957=AXIS2_PLACEMENT_3D('',#13002,#10657,#10658);
#8958=AXIS2_PLACEMENT_3D('',#13003,#10659,#10660);
#8959=AXIS2_PLACEMENT_3D('',#13005,#10662,#10663);
#8960=AXIS2_PLACEMENT_3D('',#13009,#10666,#10667);
#8961=AXIS2_PLACEMENT_3D('',#13011,#10669,#10670);
#8962=AXIS2_PLACEMENT_3D('',#13013,#10672,#10673);
#8963=AXIS2_PLACEMENT_3D('',#13015,#10675,#10676);
#8964=AXIS2_PLACEMENT_3D('',#13017,#10678,#10679);
#8965=AXIS2_PLACEMENT_3D('',#13024,#10683,#10684);
#8966=AXIS2_PLACEMENT_3D('',#13028,#10687,#10688);
#8967=AXIS2_PLACEMENT_3D('',#13031,#10691,#10692);
#8968=AXIS2_PLACEMENT_3D('',#13038,#10696,#10697);
#8969=AXIS2_PLACEMENT_3D('',#13042,#10700,#10701);
#8970=AXIS2_PLACEMENT_3D('',#13048,#10705,#10706);
#8971=AXIS2_PLACEMENT_3D('',#13050,#10708,#10709);
#8972=AXIS2_PLACEMENT_3D('',#13057,#10713,#10714);
#8973=AXIS2_PLACEMENT_3D('',#13061,#10717,#10718);
#8974=AXIS2_PLACEMENT_3D('',#13068,#10722,#10723);
#8975=AXIS2_PLACEMENT_3D('',#13072,#10726,#10727);
#8976=AXIS2_PLACEMENT_3D('',#13075,#10730,#10731);
#8977=AXIS2_PLACEMENT_3D('',#13082,#10735,#10736);
#8978=AXIS2_PLACEMENT_3D('',#13086,#10739,#10740);
#8979=AXIS2_PLACEMENT_3D('',#13091,#10744,#10745);
#8980=AXIS2_PLACEMENT_3D('',#13095,#10748,#10749);
#8981=AXIS2_PLACEMENT_3D('',#13097,#10751,#10752);
#8982=AXIS2_PLACEMENT_3D('',#13101,#10755,#10756);
#8983=AXIS2_PLACEMENT_3D('',#13105,#10759,#10760);
#8984=AXIS2_PLACEMENT_3D('',#13107,#10762,#10763);
#8985=AXIS2_PLACEMENT_3D('',#13112,#10767,#10768);
#8986=AXIS2_PLACEMENT_3D('',#13114,#10770,#10771);
#8987=AXIS2_PLACEMENT_3D('',#13117,#10774,#10775);
#8988=AXIS2_PLACEMENT_3D('',#13118,#10776,#10777);
#8989=AXIS2_PLACEMENT_3D('',#13123,#10781,#10782);
#8990=AXIS2_PLACEMENT_3D('',#13127,#10785,#10786);
#8991=AXIS2_PLACEMENT_3D('',#13129,#10788,#10789);
#8992=AXIS2_PLACEMENT_3D('',#13133,#10792,#10793);
#8993=AXIS2_PLACEMENT_3D('',#13137,#10796,#10797);
#8994=AXIS2_PLACEMENT_3D('',#13139,#10799,#10800);
#8995=AXIS2_PLACEMENT_3D('',#13143,#10803,#10804);
#8996=AXIS2_PLACEMENT_3D('',#13145,#10806,#10807);
#8997=AXIS2_PLACEMENT_3D('',#13149,#10810,#10811);
#8998=AXIS2_PLACEMENT_3D('',#13151,#10813,#10814);
#8999=AXIS2_PLACEMENT_3D('',#13153,#10816,#10817);
#9000=AXIS2_PLACEMENT_3D('',#13157,#10820,#10821);
#9001=AXIS2_PLACEMENT_3D('',#13161,#10824,#10825);
#9002=AXIS2_PLACEMENT_3D('',#13165,#10829,#10830);
#9003=AXIS2_PLACEMENT_3D('',#13169,#10833,#10834);
#9004=AXIS2_PLACEMENT_3D('',#13173,#10837,#10838);
#9005=AXIS2_PLACEMENT_3D('',#13178,#10842,#10843);
#9006=AXIS2_PLACEMENT_3D('',#13184,#10847,#10848);
#9007=AXIS2_PLACEMENT_3D('',#13189,#10852,#10853);
#9008=AXIS2_PLACEMENT_3D('',#13192,#10856,#10857);
#9009=AXIS2_PLACEMENT_3D('',#13194,#10859,#10860);
#9010=AXIS2_PLACEMENT_3D('',#13200,#10864,#10865);
#9011=AXIS2_PLACEMENT_3D('',#13203,#10868,#10869);
#9012=AXIS2_PLACEMENT_3D('',#13205,#10871,#10872);
#9013=AXIS2_PLACEMENT_3D('',#13207,#10874,#10875);
#9014=AXIS2_PLACEMENT_3D('',#13209,#10877,#10878);
#9015=AXIS2_PLACEMENT_3D('',#13215,#10882,#10883);
#9016=AXIS2_PLACEMENT_3D('',#13217,#10885,#10886);
#9017=AXIS2_PLACEMENT_3D('',#13220,#10889,#10890);
#9018=AXIS2_PLACEMENT_3D('',#13222,#10892,#10893);
#9019=AXIS2_PLACEMENT_3D('',#13228,#10897,#10898);
#9020=AXIS2_PLACEMENT_3D('',#13230,#10900,#10901);
#9021=AXIS2_PLACEMENT_3D('',#13233,#10904,#10905);
#9022=AXIS2_PLACEMENT_3D('',#13237,#10908,#10909);
#9023=AXIS2_PLACEMENT_3D('',#13239,#10911,#10912);
#9024=AXIS2_PLACEMENT_3D('',#13242,#10915,#10916);
#9025=AXIS2_PLACEMENT_3D('',#13243,#10917,#10918);
#9026=AXIS2_PLACEMENT_3D('',#13246,#10921,#10922);
#9027=AXIS2_PLACEMENT_3D('',#13247,#10923,#10924);
#9028=AXIS2_PLACEMENT_3D('',#13248,#10925,#10926);
#9029=AXIS2_PLACEMENT_3D('',#13249,#10927,#10928);
#9030=AXIS2_PLACEMENT_3D('',#13252,#10931,#10932);
#9031=AXIS2_PLACEMENT_3D('',#13254,#10934,#10935);
#9032=AXIS2_PLACEMENT_3D('',#13258,#10938,#10939);
#9033=AXIS2_PLACEMENT_3D('',#13260,#10941,#10942);
#9034=AXIS2_PLACEMENT_3D('',#13261,#10943,#10944);
#9035=AXIS2_PLACEMENT_3D('',#13264,#10947,#10948);
#9036=AXIS2_PLACEMENT_3D('',#13266,#10950,#10951);
#9037=AXIS2_PLACEMENT_3D('',#13268,#10953,#10954);
#9038=AXIS2_PLACEMENT_3D('',#13274,#10958,#10959);
#9039=AXIS2_PLACEMENT_3D('',#13277,#10962,#10963);
#9040=AXIS2_PLACEMENT_3D('',#13279,#10965,#10966);
#9041=AXIS2_PLACEMENT_3D('',#13281,#10968,#10969);
#9042=AXIS2_PLACEMENT_3D('',#13283,#10971,#10972);
#9043=AXIS2_PLACEMENT_3D('',#13287,#10975,#10976);
#9044=AXIS2_PLACEMENT_3D('',#13289,#10978,#10979);
#9045=AXIS2_PLACEMENT_3D('',#13292,#10982,#10983);
#9046=AXIS2_PLACEMENT_3D('',#13293,#10984,#10985);
#9047=AXIS2_PLACEMENT_3D('',#13297,#10988,#10989);
#9048=AXIS2_PLACEMENT_3D('',#13299,#10991,#10992);
#9049=AXIS2_PLACEMENT_3D('',#13305,#10996,#10997);
#9050=AXIS2_PLACEMENT_3D('',#13309,#11000,#11001);
#9051=AXIS2_PLACEMENT_3D('',#13311,#11003,#11004);
#9052=AXIS2_PLACEMENT_3D('',#13314,#11007,#11008);
#9053=AXIS2_PLACEMENT_3D('',#13315,#11009,#11010);
#9054=AXIS2_PLACEMENT_3D('',#13318,#11013,#11014);
#9055=AXIS2_PLACEMENT_3D('',#13320,#11016,#11017);
#9056=AXIS2_PLACEMENT_3D('',#13322,#11019,#11020);
#9057=AXIS2_PLACEMENT_3D('',#13323,#11021,#11022);
#9058=AXIS2_PLACEMENT_3D('',#13325,#11024,#11025);
#9059=AXIS2_PLACEMENT_3D('',#13326,#11026,#11027);
#9060=AXIS2_PLACEMENT_3D('',#13329,#11030,#11031);
#9061=AXIS2_PLACEMENT_3D('',#13331,#11033,#11034);
#9062=AXIS2_PLACEMENT_3D('',#13334,#11037,#11038);
#9063=AXIS2_PLACEMENT_3D('',#13338,#11042,#11043);
#9064=AXIS2_PLACEMENT_3D('',#13341,#11046,#11047);
#9065=AXIS2_PLACEMENT_3D('',#13342,#11048,#11049);
#9066=AXIS2_PLACEMENT_3D('',#13345,#11052,#11053);
#9067=AXIS2_PLACEMENT_3D('',#13347,#11055,#11056);
#9068=AXIS2_PLACEMENT_3D('',#13349,#11058,#11059);
#9069=AXIS2_PLACEMENT_3D('',#13351,#11061,#11062);
#9070=AXIS2_PLACEMENT_3D('',#13352,#11063,#11064);
#9071=AXIS2_PLACEMENT_3D('',#13353,#11065,#11066);
#9072=AXIS2_PLACEMENT_3D('',#13355,#11068,#11069);
#9073=AXIS2_PLACEMENT_3D('',#13357,#11071,#11072);
#9074=AXIS2_PLACEMENT_3D('',#13358,#11073,#11074);
#9075=AXIS2_PLACEMENT_3D('',#13363,#11078,#11079);
#9076=AXIS2_PLACEMENT_3D('',#13365,#11081,#11082);
#9077=AXIS2_PLACEMENT_3D('',#13368,#11085,#11086);
#9078=AXIS2_PLACEMENT_3D('',#13372,#11089,#11090);
#9079=AXIS2_PLACEMENT_3D('',#13374,#11092,#11093);
#9080=AXIS2_PLACEMENT_3D('',#13376,#11095,#11096);
#9081=AXIS2_PLACEMENT_3D('',#13378,#11098,#11099);
#9082=AXIS2_PLACEMENT_3D('',#13379,#11100,#11101);
#9083=AXIS2_PLACEMENT_3D('',#13380,#11102,#11103);
#9084=AXIS2_PLACEMENT_3D('',#13382,#11105,#11106);
#9085=AXIS2_PLACEMENT_3D('',#13383,#11107,#11108);
#9086=AXIS2_PLACEMENT_3D('',#13385,#11110,#11111);
#9087=AXIS2_PLACEMENT_3D('',#13386,#11112,#11113);
#9088=AXIS2_PLACEMENT_3D('',#13388,#11115,#11116);
#9089=AXIS2_PLACEMENT_3D('',#13390,#11118,#11119);
#9090=AXIS2_PLACEMENT_3D('',#13394,#11123,#11124);
#9091=AXIS2_PLACEMENT_3D('',#13395,#11125,#11126);
#9092=AXIS2_PLACEMENT_3D('',#13397,#11128,#11129);
#9093=AXIS2_PLACEMENT_3D('',#13399,#11131,#11132);
#9094=AXIS2_PLACEMENT_3D('',#13401,#11134,#11135);
#9095=AXIS2_PLACEMENT_3D('',#13402,#11136,#11137);
#9096=AXIS2_PLACEMENT_3D('',#13404,#11139,#11140);
#9097=AXIS2_PLACEMENT_3D('',#13406,#11142,#11143);
#9098=AXIS2_PLACEMENT_3D('',#13409,#11146,#11147);
#9099=AXIS2_PLACEMENT_3D('',#13410,#11148,#11149);
#9100=AXIS2_PLACEMENT_3D('',#13413,#11152,#11153);
#9101=AXIS2_PLACEMENT_3D('',#13415,#11155,#11156);
#9102=AXIS2_PLACEMENT_3D('',#13417,#11158,#11159);
#9103=AXIS2_PLACEMENT_3D('',#13418,#11160,#11161);
#9104=AXIS2_PLACEMENT_3D('',#13419,#11162,#11163);
#9105=AXIS2_PLACEMENT_3D('',#13421,#11165,#11166);
#9106=AXIS2_PLACEMENT_3D('',#13422,#11167,#11168);
#9107=AXIS2_PLACEMENT_3D('',#13425,#11171,#11172);
#9108=AXIS2_PLACEMENT_3D('',#13427,#11174,#11175);
#9109=AXIS2_PLACEMENT_3D('',#13428,#11176,#11177);
#9110=AXIS2_PLACEMENT_3D('',#13431,#11180,#11181);
#9111=AXIS2_PLACEMENT_3D('',#13435,#11185,#11186);
#9112=AXIS2_PLACEMENT_3D('',#13436,#11187,#11188);
#9113=AXIS2_PLACEMENT_3D('',#13438,#11190,#11191);
#9114=AXIS2_PLACEMENT_3D('',#13440,#11193,#11194);
#9115=AXIS2_PLACEMENT_3D('',#13442,#11196,#11197);
#9116=AXIS2_PLACEMENT_3D('',#13444,#11199,#11200);
#9117=AXIS2_PLACEMENT_3D('',#13446,#11202,#11203);
#9118=AXIS2_PLACEMENT_3D('',#13448,#11205,#11206);
#9119=AXIS2_PLACEMENT_3D('',#13450,#11208,#11209);
#9120=AXIS2_PLACEMENT_3D('',#13452,#11211,#11212);
#9121=AXIS2_PLACEMENT_3D('',#13454,#11214,#11215);
#9122=AXIS2_PLACEMENT_3D('',#13455,#11216,#11217);
#9123=AXIS2_PLACEMENT_3D('',#13457,#11219,#11220);
#9124=AXIS2_PLACEMENT_3D('',#13459,#11222,#11223);
#9125=AXIS2_PLACEMENT_3D('',#13461,#11225,#11226);
#9126=AXIS2_PLACEMENT_3D('',#13463,#11228,#11229);
#9127=AXIS2_PLACEMENT_3D('',#13465,#11231,#11232);
#9128=AXIS2_PLACEMENT_3D('',#13467,#11234,#11235);
#9129=AXIS2_PLACEMENT_3D('',#13469,#11237,#11238);
#9130=AXIS2_PLACEMENT_3D('',#13471,#11240,#11241);
#9131=AXIS2_PLACEMENT_3D('',#13473,#11243,#11244);
#9132=AXIS2_PLACEMENT_3D('',#13475,#11246,#11247);
#9133=AXIS2_PLACEMENT_3D('',#13477,#11249,#11250);
#9134=AXIS2_PLACEMENT_3D('',#13479,#11252,#11253);
#9135=AXIS2_PLACEMENT_3D('',#13481,#11255,#11256);
#9136=AXIS2_PLACEMENT_3D('',#13483,#11258,#11259);
#9137=AXIS2_PLACEMENT_3D('',#13485,#11261,#11262);
#9138=AXIS2_PLACEMENT_3D('',#13488,#11265,#11266);
#9139=AXIS2_PLACEMENT_3D('',#13490,#11268,#11269);
#9140=AXIS2_PLACEMENT_3D('',#13492,#11271,#11272);
#9141=AXIS2_PLACEMENT_3D('',#13494,#11274,#11275);
#9142=AXIS2_PLACEMENT_3D('',#13496,#11277,#11278);
#9143=AXIS2_PLACEMENT_3D('',#13497,#11279,#11280);
#9144=AXIS2_PLACEMENT_3D('',#13499,#11282,#11283);
#9145=AXIS2_PLACEMENT_3D('',#13501,#11285,#11286);
#9146=AXIS2_PLACEMENT_3D('',#13503,#11288,#11289);
#9147=AXIS2_PLACEMENT_3D('',#13505,#11291,#11292);
#9148=AXIS2_PLACEMENT_3D('',#13507,#11294,#11295);
#9149=AXIS2_PLACEMENT_3D('',#13509,#11297,#11298);
#9150=AXIS2_PLACEMENT_3D('',#13511,#11300,#11301);
#9151=AXIS2_PLACEMENT_3D('',#13513,#11303,#11304);
#9152=AXIS2_PLACEMENT_3D('',#13514,#11305,#11306);
#9153=AXIS2_PLACEMENT_3D('',#13515,#11307,#11308);
#9154=AXIS2_PLACEMENT_3D('',#13517,#11310,#11311);
#9155=AXIS2_PLACEMENT_3D('',#13518,#11312,#11313);
#9156=AXIS2_PLACEMENT_3D('',#13519,#11314,#11315);
#9157=AXIS2_PLACEMENT_3D('',#13521,#11317,#11318);
#9158=AXIS2_PLACEMENT_3D('',#13522,#11319,#11320);
#9159=AXIS2_PLACEMENT_3D('',#13525,#11323,#11324);
#9160=AXIS2_PLACEMENT_3D('',#13527,#11326,#11327);
#9161=AXIS2_PLACEMENT_3D('',#13529,#11329,#11330);
#9162=AXIS2_PLACEMENT_3D('',#13534,#11334,#11335);
#9163=AXIS2_PLACEMENT_3D('',#13536,#11337,#11338);
#9164=AXIS2_PLACEMENT_3D('',#13538,#11340,#11341);
#9165=AXIS2_PLACEMENT_3D('',#13541,#11344,#11345);
#9166=AXIS2_PLACEMENT_3D('',#13545,#11348,#11349);
#9167=AXIS2_PLACEMENT_3D('',#13547,#11351,#11352);
#9168=AXIS2_PLACEMENT_3D('',#13548,#11353,#11354);
#9169=AXIS2_PLACEMENT_3D('',#13551,#11357,#11358);
#9170=AXIS2_PLACEMENT_3D('',#13554,#11361,#11362);
#9171=AXIS2_PLACEMENT_3D('',#13556,#11364,#11365);
#9172=AXIS2_PLACEMENT_3D('',#13557,#11366,#11367);
#9173=AXIS2_PLACEMENT_3D('',#13559,#11369,#11370);
#9174=AXIS2_PLACEMENT_3D('',#13561,#11372,#11373);
#9175=AXIS2_PLACEMENT_3D('',#13563,#11375,#11376);
#9176=AXIS2_PLACEMENT_3D('',#13565,#11378,#11379);
#9177=AXIS2_PLACEMENT_3D('',#13567,#11381,#11382);
#9178=AXIS2_PLACEMENT_3D('',#13569,#11384,#11385);
#9179=AXIS2_PLACEMENT_3D('',#13571,#11387,#11388);
#9180=AXIS2_PLACEMENT_3D('',#13572,#11389,#11390);
#9181=AXIS2_PLACEMENT_3D('',#13576,#11394,#11395);
#9182=AXIS2_PLACEMENT_3D('',#13578,#11397,#11398);
#9183=AXIS2_PLACEMENT_3D('',#13579,#11399,#11400);
#9184=AXIS2_PLACEMENT_3D('',#13581,#11402,#11403);
#9185=AXIS2_PLACEMENT_3D('',#13583,#11405,#11406);
#9186=AXIS2_PLACEMENT_3D('',#13585,#11408,#11409);
#9187=AXIS2_PLACEMENT_3D('',#13587,#11411,#11412);
#9188=AXIS2_PLACEMENT_3D('',#13588,#11413,#11414);
#9189=AXIS2_PLACEMENT_3D('',#13591,#11417,#11418);
#9190=AXIS2_PLACEMENT_3D('',#13593,#11420,#11421);
#9191=AXIS2_PLACEMENT_3D('',#13594,#11422,#11423);
#9192=AXIS2_PLACEMENT_3D('',#13596,#11425,#11426);
#9193=AXIS2_PLACEMENT_3D('',#13597,#11427,#11428);
#9194=AXIS2_PLACEMENT_3D('',#13599,#11430,#11431);
#9195=AXIS2_PLACEMENT_3D('',#13600,#11432,#11433);
#9196=AXIS2_PLACEMENT_3D('',#13602,#11435,#11436);
#9197=AXIS2_PLACEMENT_3D('',#13604,#11438,#11439);
#9198=AXIS2_PLACEMENT_3D('',#13606,#11441,#11442);
#9199=AXIS2_PLACEMENT_3D('',#13607,#11443,#11444);
#9200=AXIS2_PLACEMENT_3D('',#13609,#11445,#11446);
#9201=AXIS2_PLACEMENT_3D('',#13612,#11448,#11449);
#9202=AXIS2_PLACEMENT_3D('',#13613,#11450,#11451);
#9203=AXIS2_PLACEMENT_3D('',#13615,#11452,#11453);
#9204=AXIS2_PLACEMENT_3D('',#13618,#11455,#11456);
#9205=AXIS2_PLACEMENT_3D('',#13619,#11457,#11458);
#9206=AXIS2_PLACEMENT_3D('',#13621,#11459,#11460);
#9207=AXIS2_PLACEMENT_3D('',#13624,#11462,#11463);
#9208=AXIS2_PLACEMENT_3D('',#13625,#11464,#11465);
#9209=AXIS2_PLACEMENT_3D('',#13627,#11466,#11467);
#9210=AXIS2_PLACEMENT_3D('',#13630,#11469,#11470);
#9211=AXIS2_PLACEMENT_3D('',#13631,#11471,#11472);
#9212=AXIS2_PLACEMENT_3D('',#13632,#11473,#11474);
#9213=AXIS2_PLACEMENT_3D('',#13633,#11475,#11476);
#9214=AXIS2_PLACEMENT_3D('',#13635,#11477,#11478);
#9215=AXIS2_PLACEMENT_3D('',#13638,#11480,#11481);
#9216=AXIS2_PLACEMENT_3D('',#13639,#11482,#11483);
#9217=AXIS2_PLACEMENT_3D('',#13641,#11484,#11485);
#9218=AXIS2_PLACEMENT_3D('',#13644,#11487,#11488);
#9219=AXIS2_PLACEMENT_3D('',#13645,#11489,#11490);
#9220=AXIS2_PLACEMENT_3D('',#13646,#11491,#11492);
#9221=AXIS2_PLACEMENT_3D('',#13647,#11493,#11494);
#9222=AXIS2_PLACEMENT_3D('',#13656,#11499,#11500);
#9223=AXIS2_PLACEMENT_3D('',#13662,#11504,#11505);
#9224=AXIS2_PLACEMENT_3D('',#13666,#11508,#11509);
#9225=AXIS2_PLACEMENT_3D('',#13670,#11512,#11513);
#9226=AXIS2_PLACEMENT_3D('',#13672,#11515,#11516);
#9227=AXIS2_PLACEMENT_3D('',#13681,#11521,#11522);
#9228=AXIS2_PLACEMENT_3D('',#13691,#11528,#11529);
#9229=AXIS2_PLACEMENT_3D('',#13697,#11533,#11534);
#9230=AXIS2_PLACEMENT_3D('',#13732,#11553,#11554);
#9231=AXIS2_PLACEMENT_3D('',#13742,#11560,#11561);
#9232=AXIS2_PLACEMENT_3D('',#13748,#11565,#11566);
#9233=AXIS2_PLACEMENT_3D('',#13759,#11573,#11574);
#9234=AXIS2_PLACEMENT_3D('',#13761,#11576,#11577);
#9235=AXIS2_PLACEMENT_3D('',#13762,#11578,#11579);
#9236=AXIS2_PLACEMENT_3D('',#13768,#11583,#11584);
#9237=AXIS2_PLACEMENT_3D('',#13772,#11587,#11588);
#9238=AXIS2_PLACEMENT_3D('',#13774,#11590,#11591);
#9239=AXIS2_PLACEMENT_3D('',#13784,#11597,#11598);
#9240=AXIS2_PLACEMENT_3D('',#13790,#11602,#11603);
#9241=AXIS2_PLACEMENT_3D('',#13797,#11608,#11609);
#9242=AXIS2_PLACEMENT_3D('',#13799,#11611,#11612);
#9243=AXIS2_PLACEMENT_3D('',#13800,#11613,#11614);
#9244=AXIS2_PLACEMENT_3D('',#13810,#11620,#11621);
#9245=AXIS2_PLACEMENT_3D('',#13816,#11625,#11626);
#9246=AXIS2_PLACEMENT_3D('',#13818,#11628,#11629);
#9247=AXIS2_PLACEMENT_3D('',#13824,#11633,#11634);
#9248=AXIS2_PLACEMENT_3D('',#13828,#11637,#11638);
#9249=AXIS2_PLACEMENT_3D('',#13832,#11641,#11642);
#9250=AXIS2_PLACEMENT_3D('',#13834,#11644,#11645);
#9251=AXIS2_PLACEMENT_3D('',#13835,#11646,#11647);
#9252=AXIS2_PLACEMENT_3D('',#13841,#11651,#11652);
#9253=AXIS2_PLACEMENT_3D('',#13845,#11655,#11656);
#9254=AXIS2_PLACEMENT_3D('',#13849,#11659,#11660);
#9255=AXIS2_PLACEMENT_3D('',#13851,#11662,#11663);
#9256=AXIS2_PLACEMENT_3D('',#13852,#11664,#11665);
#9257=AXIS2_PLACEMENT_3D('',#13860,#11670,#11671);
#9258=AXIS2_PLACEMENT_3D('',#13862,#11673,#11674);
#9259=AXIS2_PLACEMENT_3D('',#13864,#11676,#11677);
#9260=AXIS2_PLACEMENT_3D('',#13870,#11681,#11682);
#9261=AXIS2_PLACEMENT_3D('',#13872,#11684,#11685);
#9262=AXIS2_PLACEMENT_3D('',#13874,#11687,#11688);
#9263=AXIS2_PLACEMENT_3D('',#13875,#11689,#11690);
#9264=AXIS2_PLACEMENT_3D('',#13884,#11695,#11696);
#9265=AXIS2_PLACEMENT_3D('',#13893,#11701,#11702);
#9266=AXIS2_PLACEMENT_3D('',#13896,#11705,#11706);
#9267=AXIS2_PLACEMENT_3D('',#13898,#11708,#11709);
#9268=AXIS2_PLACEMENT_3D('',#13900,#11711,#11712);
#9269=AXIS2_PLACEMENT_3D('',#13901,#11713,#11714);
#9270=AXIS2_PLACEMENT_3D('',#13903,#11715,#11716);
#9271=AXIS2_PLACEMENT_3D('',#13906,#11718,#11719);
#9272=AXIS2_PLACEMENT_3D('',#13907,#11720,#11721);
#9273=AXIS2_PLACEMENT_3D('',#13908,#11722,#11723);
#9274=DIRECTION('axis',(0.,0.,1.));
#9275=DIRECTION('refdir',(1.,0.,0.));
#9276=DIRECTION('center_axis',(1.,0.,0.));
#9277=DIRECTION('ref_axis',(0.,0.,-1.));
#9278=DIRECTION('center_axis',(-1.,0.,0.));
#9279=DIRECTION('ref_axis',(0.,0.,-1.));
#9280=DIRECTION('',(1.,0.,0.));
#9281=DIRECTION('center_axis',(-1.,0.,0.));
#9282=DIRECTION('ref_axis',(0.,0.,-1.));
#9283=DIRECTION('center_axis',(-1.,0.,0.));
#9284=DIRECTION('ref_axis',(0.,0.,1.));
#9285=DIRECTION('center_axis',(0.,1.,0.));
#9286=DIRECTION('ref_axis',(1.,0.,0.));
#9287=DIRECTION('center_axis',(0.,1.,0.));
#9288=DIRECTION('ref_axis',(1.,0.,0.));
#9289=DIRECTION('',(0.,1.,0.));
#9290=DIRECTION('center_axis',(0.,-1.,0.));
#9291=DIRECTION('ref_axis',(1.,0.,0.));
#9292=DIRECTION('center_axis',(0.,0.,1.));
#9293=DIRECTION('ref_axis',(1.,0.,0.));
#9294=DIRECTION('center_axis',(0.,0.,1.));
#9295=DIRECTION('ref_axis',(1.,0.,0.));
#9296=DIRECTION('',(0.,0.,-1.));
#9297=DIRECTION('center_axis',(0.,0.,-1.));
#9298=DIRECTION('ref_axis',(1.,0.,0.));
#9299=DIRECTION('center_axis',(0.,0.,1.));
#9300=DIRECTION('ref_axis',(1.,0.,0.));
#9301=DIRECTION('center_axis',(0.,1.,0.));
#9302=DIRECTION('ref_axis',(0.,0.,1.));
#9303=DIRECTION('',(0.,0.,1.));
#9304=DIRECTION('',(-1.,0.,0.));
#9305=DIRECTION('',(0.,0.,-1.));
#9306=DIRECTION('',(1.,0.,0.));
#9307=DIRECTION('center_axis',(0.,0.,1.));
#9308=DIRECTION('ref_axis',(1.,0.,0.));
#9309=DIRECTION('',(0.,1.,0.));
#9310=DIRECTION('',(0.,1.,0.));
#9311=DIRECTION('',(-1.,0.,0.));
#9312=DIRECTION('center_axis',(0.,-1.,0.));
#9313=DIRECTION('ref_axis',(0.,0.,-1.));
#9314=DIRECTION('',(0.,0.,-1.));
#9315=DIRECTION('',(0.,0.,-1.));
#9316=DIRECTION('',(1.,0.,0.));
#9317=DIRECTION('center_axis',(-1.,0.,0.));
#9318=DIRECTION('ref_axis',(0.,0.,1.));
#9319=DIRECTION('',(0.,-1.,0.));
#9320=DIRECTION('center_axis',(-1.,0.,0.));
#9321=DIRECTION('ref_axis',(0.,0.,1.));
#9322=DIRECTION('',(0.,-1.,0.));
#9323=DIRECTION('',(0.,0.,-1.));
#9324=DIRECTION('',(0.,1.,0.));
#9325=DIRECTION('',(0.,0.,-1.));
#9326=DIRECTION('',(0.,-1.,0.));
#9327=DIRECTION('center_axis',(0.,1.,0.));
#9328=DIRECTION('ref_axis',(0.,0.,1.));
#9329=DIRECTION('',(-1.,0.,0.));
#9330=DIRECTION('',(-1.,0.,0.));
#9331=DIRECTION('',(0.,0.,1.));
#9332=DIRECTION('',(0.,0.,1.));
#9333=DIRECTION('',(1.,0.,0.));
#9334=DIRECTION('',(0.,0.,-1.));
#9335=DIRECTION('',(-1.,0.,0.));
#9336=DIRECTION('',(1.,0.,0.));
#9337=DIRECTION('',(0.,0.,-1.));
#9338=DIRECTION('center_axis',(1.,0.,0.));
#9339=DIRECTION('ref_axis',(0.,0.,-1.));
#9340=DIRECTION('',(0.,-1.,0.));
#9341=DIRECTION('',(0.,0.,-1.));
#9342=DIRECTION('',(0.,1.,0.));
#9343=DIRECTION('center_axis',(0.,0.,1.));
#9344=DIRECTION('ref_axis',(1.,0.,0.));
#9345=DIRECTION('',(-1.,0.,0.));
#9346=DIRECTION('',(0.,-1.,0.));
#9347=DIRECTION('center_axis',(0.,0.,1.));
#9348=DIRECTION('ref_axis',(1.,0.,0.));
#9349=DIRECTION('',(1.,0.,0.));
#9350=DIRECTION('center_axis',(1.,0.,0.));
#9351=DIRECTION('ref_axis',(0.,0.,-1.));
#9352=DIRECTION('',(0.,1.,0.));
#9353=DIRECTION('',(0.,0.,-1.));
#9354=DIRECTION('center_axis',(0.,-1.,0.));
#9355=DIRECTION('ref_axis',(0.,0.,-1.));
#9356=DIRECTION('',(1.,0.,0.));
#9357=DIRECTION('',(-1.,0.,0.));
#9358=DIRECTION('',(0.,0.,-1.));
#9359=DIRECTION('',(0.,0.,-1.));
#9360=DIRECTION('',(1.,0.,0.));
#9361=DIRECTION('center_axis',(0.,0.,1.));
#9362=DIRECTION('ref_axis',(1.,0.,0.));
#9363=DIRECTION('',(0.362331604193558,-0.93204925224074,0.));
#9364=DIRECTION('',(0.,1.,0.));
#9365=DIRECTION('',(1.,0.,0.));
#9366=DIRECTION('',(0.362331604193558,-0.93204925224074,0.));
#9367=DIRECTION('center_axis',(0.,0.,1.));
#9368=DIRECTION('ref_axis',(1.,0.,0.));
#9369=DIRECTION('',(0.,1.,0.));
#9370=DIRECTION('',(1.,0.,0.));
#9371=DIRECTION('center_axis',(0.,0.,1.));
#9372=DIRECTION('ref_axis',(1.,0.,0.));
#9373=DIRECTION('',(0.,1.,0.));
#9374=DIRECTION('center_axis',(1.,0.,0.));
#9375=DIRECTION('ref_axis',(0.,0.,-1.));
#9376=DIRECTION('',(0.,0.991079459258487,-0.133272298081428));
#9377=DIRECTION('',(0.,0.860685001164892,-0.509137828853632));
#9378=DIRECTION('center_axis',(1.,0.,0.));
#9379=DIRECTION('ref_axis',(0.,0.,-1.));
#9380=DIRECTION('',(0.,1.,0.));
#9381=DIRECTION('center_axis',(-0.866025826326459,0.,-0.499999268135038));
#9382=DIRECTION('ref_axis',(-0.499999268135038,0.,0.866025826326459));
#9383=DIRECTION('',(0.407593916014763,-0.579195004396894,-0.705974749201013));
#9384=DIRECTION('',(0.499999268135038,0.,-0.866025826326459));
#9385=DIRECTION('',(0.,1.,0.));
#9386=DIRECTION('center_axis',(-0.866025826326459,0.,-0.499999268135038));
#9387=DIRECTION('ref_axis',(-0.499999268135038,0.,0.866025826326459));
#9388=DIRECTION('',(0.499999268135038,0.,-0.866025826326459));
#9389=DIRECTION('',(0.,1.,0.));
#9390=DIRECTION('center_axis',(-0.866025826326459,0.,-0.499999268135038));
#9391=DIRECTION('ref_axis',(-0.499999268135038,0.,0.866025826326459));
#9392=DIRECTION('',(0.407593916014763,-0.579195004396894,-0.705974749201013));
#9393=DIRECTION('',(0.499999268135038,0.,-0.866025826326459));
#9394=DIRECTION('',(0.,1.,0.));
#9395=DIRECTION('center_axis',(-0.866025826326459,0.,-0.499999268135038));
#9396=DIRECTION('ref_axis',(-0.499999268135038,0.,0.866025826326459));
#9397=DIRECTION('',(0.499999268135038,0.,-0.866025826326459));
#9398=DIRECTION('',(0.,1.,0.));
#9399=DIRECTION('center_axis',(-0.850684490768176,0.187391224736388,-0.491141961207029));
#9400=DIRECTION('ref_axis',(-0.499999268135038,0.,0.866025826326459));
#9401=DIRECTION('',(0.525497012334955,0.32756579169748,-0.785209234622619));
#9402=DIRECTION('',(0.162288639878452,0.982285360196857,0.0936902796950306));
#9403=DIRECTION('',(0.499999268135038,0.,-0.866025826326459));
#9404=DIRECTION('center_axis',(-0.850684490768176,0.187391224736388,-0.491141961207029));
#9405=DIRECTION('ref_axis',(-0.499999268135038,0.,0.866025826326459));
#9406=DIRECTION('',(0.162288639878452,0.982285360196857,0.0936902796950306));
#9407=DIRECTION('',(0.499999268135038,0.,-0.866025826326459));
#9408=DIRECTION('center_axis',(-0.823643526486111,0.309002703896646,-0.475529883668823));
#9409=DIRECTION('ref_axis',(-0.499999268135038,0.,0.866025826326459));
#9410=DIRECTION('',(0.560617904336402,0.317152726331159,-0.764932489516672));
#9411=DIRECTION('',(0.267601006631162,0.951061159413417,0.154506868148944));
#9412=DIRECTION('center_axis',(-0.823643429532912,0.309003720019227,-0.475529391311979));
#9413=DIRECTION('ref_axis',(-0.499998924007622,0.,0.866026025008036));
#9414=DIRECTION('',(0.267600913734554,0.951060829256377,0.154509061296107));
#9415=DIRECTION('',(0.499998924007622,0.,-0.866026025008036));
#9416=DIRECTION('center_axis',(-0.7836021345654,0.425783318332658,-0.452411605216068));
#9417=DIRECTION('ref_axis',(-0.499998924007622,0.,0.866026025008036));
#9418=DIRECTION('',(0.580737336657182,0.243308624988603,-0.776881624714138));
#9419=DIRECTION('',(0.368738731951183,0.904825157601187,0.21289241820934));
#9420=DIRECTION('center_axis',(-0.783602429670498,0.42578215306092,-0.452412190761147));
#9421=DIRECTION('ref_axis',(-0.499999268135038,0.,0.866025826326459));
#9422=DIRECTION('',(0.368738955413717,0.904825705942073,0.212889700612383));
#9423=DIRECTION('center_axis',(-0.864317284408694,0.0627856909065667,-0.499012613958572));
#9424=DIRECTION('ref_axis',(-0.499999096071281,0.,0.866025925667299));
#9425=DIRECTION('',(0.489511189695235,0.332815526539316,-0.805985496431241));
#9426=DIRECTION('',(0.0543719374220289,0.998027032198947,0.0313964236998112));
#9427=DIRECTION('',(0.499999096071281,0.,-0.866025925667299));
#9428=DIRECTION('center_axis',(-0.864317215744911,0.0627851314288372,-0.499012803281067));
#9429=DIRECTION('ref_axis',(-0.499999268135038,0.,0.866025826326459));
#9430=DIRECTION('',(0.0543719393397113,0.99802706739907,0.0313953014199775));
#9431=DIRECTION('center_axis',(-0.850684490768176,-0.187391224736388,-0.491141961207029));
#9432=DIRECTION('ref_axis',(-0.499999268135038,0.,0.866025826326459));
#9433=DIRECTION('',(0.525497012334955,-0.32756579169748,-0.785209234622619));
#9434=DIRECTION('',(0.499999268135038,0.,-0.866025826326459));
#9435=DIRECTION('',(0.162288639878452,-0.982285360196857,0.0936902796950306));
#9436=DIRECTION('center_axis',(-0.850684490768176,-0.187391224736388,-0.491141961207029));
#9437=DIRECTION('ref_axis',(-0.499999268135038,0.,0.866025826326459));
#9438=DIRECTION('',(0.499999268135038,0.,-0.866025826326459));
#9439=DIRECTION('',(0.162288639878452,-0.982285360196857,0.0936902796950306));
#9440=DIRECTION('center_axis',(-0.823643526486111,-0.309002703896646,-0.475529883668823));
#9441=DIRECTION('ref_axis',(-0.499999268135038,0.,0.866025826326459));
#9442=DIRECTION('',(0.560617904336402,-0.317152726331159,-0.764932489516672));
#9443=DIRECTION('',(0.267601006631162,-0.951061159413417,0.154506868148944));
#9444=DIRECTION('center_axis',(-0.823643429532912,-0.309003720019227,-0.475529391311979));
#9445=DIRECTION('ref_axis',(-0.499998924007622,0.,0.866026025008036));
#9446=DIRECTION('',(0.499998924007622,0.,-0.866026025008036));
#9447=DIRECTION('',(0.267600913734554,-0.951060829256377,0.154509061296107));
#9448=DIRECTION('center_axis',(-0.7836021345654,-0.425783318332658,-0.452411605216068));
#9449=DIRECTION('ref_axis',(-0.499998924007622,0.,0.866026025008036));
#9450=DIRECTION('',(0.580737336657182,-0.243308624988603,-0.776881624714138));
#9451=DIRECTION('',(0.368738731951183,-0.904825157601187,0.21289241820934));
#9452=DIRECTION('center_axis',(-0.783602429670498,-0.42578215306092,-0.452412190761147));
#9453=DIRECTION('ref_axis',(-0.499999268135038,0.,0.866025826326459));
#9454=DIRECTION('',(0.368738955413717,-0.904825705942073,0.212889700612383));
#9455=DIRECTION('center_axis',(-0.864317284408694,-0.0627856909065667,-0.499012613958572));
#9456=DIRECTION('ref_axis',(-0.499999096071281,0.,0.866025925667299));
#9457=DIRECTION('',(0.489511189695235,-0.332815526539316,-0.805985496431241));
#9458=DIRECTION('',(0.0543719374220289,-0.998027032198947,0.0313964236998112));
#9459=DIRECTION('center_axis',(-0.864317215744911,-0.0627851314288372,-0.499012803281067));
#9460=DIRECTION('ref_axis',(-0.499999268135038,0.,0.866025826326459));
#9461=DIRECTION('',(0.0543719393397113,-0.99802706739907,0.0313953014199775));
#9462=DIRECTION('center_axis',(0.,-1.,0.));
#9463=DIRECTION('ref_axis',(0.,0.,-1.));
#9464=DIRECTION('',(0.863452029191992,0.,0.504430959878784));
#9465=DIRECTION('',(0.866023652354806,0.,0.500003033552839));
#9466=DIRECTION('',(0.499729333532162,0.,-0.866181616756844));
#9467=DIRECTION('center_axis',(0.,-1.,0.));
#9468=DIRECTION('ref_axis',(0.,0.,-1.));
#9469=DIRECTION('',(0.892193821176048,0.,-0.451652726611145));
#9470=DIRECTION('center_axis',(0.,-1.,0.));
#9471=DIRECTION('ref_axis',(0.,0.,-1.));
#9472=DIRECTION('',(0.51800751122114,0.,0.855376068357352));
#9473=DIRECTION('',(0.866025531382505,0.,0.499999778993601));
#9474=DIRECTION('',(0.49999965292063,0.,-0.866025604170714));
#9475=DIRECTION('center_axis',(0.,-1.,0.));
#9476=DIRECTION('ref_axis',(0.,0.,-1.));
#9477=DIRECTION('',(0.866024825412083,0.,0.500001001768967));
#9478=DIRECTION('center_axis',(0.,1.,0.));
#9479=DIRECTION('ref_axis',(0.,0.,1.));
#9480=DIRECTION('',(0.863452029191992,0.,0.504430959878784));
#9481=DIRECTION('',(0.892193821176048,0.,-0.451652726611145));
#9482=DIRECTION('center_axis',(0.,1.,0.));
#9483=DIRECTION('ref_axis',(0.,0.,1.));
#9484=DIRECTION('',(0.499729333532162,0.,-0.866181616756844));
#9485=DIRECTION('',(0.866023652354806,0.,0.500003033552839));
#9486=DIRECTION('center_axis',(0.,1.,0.));
#9487=DIRECTION('ref_axis',(0.,0.,1.));
#9488=DIRECTION('',(0.51800751122114,0.,0.855376068357352));
#9489=DIRECTION('',(0.866024825412083,0.,0.500001001768967));
#9490=DIRECTION('center_axis',(0.,1.,0.));
#9491=DIRECTION('ref_axis',(0.,0.,1.));
#9492=DIRECTION('',(0.49999965292063,0.,-0.866025604170714));
#9493=DIRECTION('',(0.866025531382505,0.,0.499999778993601));
#9494=DIRECTION('center_axis',(0.592838036589093,-0.72896568279324,0.342274883219576));
#9495=DIRECTION('ref_axis',(0.49999965292063,0.,-0.866025604170714));
#9496=DIRECTION('',(0.665707311086185,0.204423145414063,-0.717666324683987));
#9497=DIRECTION('',(0.49999965292063,0.,-0.866025604170714));
#9498=DIRECTION('',(0.631301505944645,0.684550241622848,0.364485082391755));
#9499=DIRECTION('center_axis',(0.592838036589093,-0.72896568279324,0.342274883219576));
#9500=DIRECTION('ref_axis',(0.49999965292063,0.,-0.866025604170714));
#9501=DIRECTION('',(0.49999965292063,0.,-0.866025604170714));
#9502=DIRECTION('',(0.631301505944645,0.684550241622848,0.364485082391755));
#9503=DIRECTION('center_axis',(0.731201067190665,-0.53584201729364,0.422159130946986));
#9504=DIRECTION('ref_axis',(0.499999998199181,0.,-0.866025404824142));
#9505=DIRECTION('',(0.61576362988918,0.252136186037809,-0.746500164632271));
#9506=DIRECTION('',(0.499999998199181,0.,-0.866025404824142));
#9507=DIRECTION('',(0.464060295589204,0.844318264840024,0.26790802473086));
#9508=DIRECTION('center_axis',(0.73120532154756,-0.535830339436663,0.422166584513412));
#9509=DIRECTION('ref_axis',(0.500004437219364,0.,-0.866022841939488));
#9510=DIRECTION('',(0.500004437219364,0.,-0.866022841939488));
#9511=DIRECTION('',(0.464043982234239,0.844325676098317,0.267912924722399));
#9512=DIRECTION('center_axis',(0.509024959669757,-0.809027160928832,0.293885425485233));
#9513=DIRECTION('ref_axis',(0.49999965292063,0.,-0.866025604170714));
#9514=DIRECTION('',(0.597042616701622,0.0859153933269845,-0.797595548527918));
#9515=DIRECTION('',(0.70064400941473,0.587771258937836,0.404503299415325));
#9516=DIRECTION('center_axis',(0.509024959669757,-0.809027160928832,0.293885425485233));
#9517=DIRECTION('ref_axis',(0.49999965292063,0.,-0.866025604170714));
#9518=DIRECTION('',(0.70064400941473,0.587771258937836,0.404503299415325));
#9519=DIRECTION('center_axis',(0.667288331914039,-0.637418217657912,0.385258741483164));
#9520=DIRECTION('ref_axis',(0.49999965292063,0.,-0.866025604170714));
#9521=DIRECTION('',(0.642031654514839,0.230095163152646,-0.731335470556909));
#9522=DIRECTION('',(0.552017396455608,0.770518017813329,0.318714257973174));
#9523=DIRECTION('center_axis',(0.667288720276626,-0.637417461177762,0.385259320428825));
#9524=DIRECTION('ref_axis',(0.499999998199181,0.,-0.866025404824142));
#9525=DIRECTION('',(0.552017844803655,0.770518643627389,0.318711968462021));
#9526=DIRECTION('center_axis',(0.823641321280891,-0.309018452445273,0.475523469375589));
#9527=DIRECTION('ref_axis',(0.499995213853566,0.,-0.866028167049737));
#9528=DIRECTION('',(0.557098472118518,0.284010352547459,-0.780371329566304));
#9529=DIRECTION('',(0.499995213853566,0.,-0.866028167049737));
#9530=DIRECTION('',(0.267617847570498,0.95105604253682,0.154509195894406));
#9531=DIRECTION('center_axis',(0.823643053130739,-0.309003635293549,0.475530098316444));
#9532=DIRECTION('ref_axis',(0.49999965292063,0.,-0.866025604170714));
#9533=DIRECTION('',(0.49999965292063,0.,-0.866025604170714));
#9534=DIRECTION('',(0.267598815313871,0.95106085674592,0.154512526379996));
#9535=DIRECTION('center_axis',(0.783606181322051,-0.425766320452936,0.452420592990461));
#9536=DIRECTION('ref_axis',(0.500004437219364,0.,-0.866022841939488));
#9537=DIRECTION('',(0.587299143198423,0.270204224886793,-0.762934724109295));
#9538=DIRECTION('',(0.368718552267284,0.904833156052711,0.212893374536666));
#9539=DIRECTION('center_axis',(0.783599643489851,-0.425794186775113,0.452405690980008));
#9540=DIRECTION('ref_axis',(0.499995213853566,0.,-0.866028167049737));
#9541=DIRECTION('',(0.368753982093656,0.904820043130189,0.212887740933934));
#9542=DIRECTION('center_axis',(0.864316993488156,-0.0627851413278393,0.499013186996134));
#9543=DIRECTION('ref_axis',(0.49999965292063,0.,-0.866025604170714));
#9544=DIRECTION('',(0.493422209846648,0.29803605280025,-0.817134648672602));
#9545=DIRECTION('',(0.49999965292063,0.,-0.866025604170714));
#9546=DIRECTION('',(0.0543717015070109,0.998027066774733,0.0313957331536546));
#9547=DIRECTION('center_axis',(0.864316993488156,-0.0627851413278393,0.499013186996134));
#9548=DIRECTION('ref_axis',(0.49999965292063,0.,-0.866025604170714));
#9549=DIRECTION('',(0.49999965292063,0.,-0.866025604170714));
#9550=DIRECTION('',(0.0543717015070109,0.998027066774733,0.0313957331536546));
#9551=DIRECTION('center_axis',(0.731201067190665,0.53584201729364,0.422159130946986));
#9552=DIRECTION('ref_axis',(0.499999998199181,0.,-0.866025404824142));
#9553=DIRECTION('',(0.61576362988918,-0.252136186037809,-0.746500164632271));
#9554=DIRECTION('',(0.464060295589204,-0.844318264840024,0.26790802473086));
#9555=DIRECTION('',(0.499999998199181,0.,-0.866025404824142));
#9556=DIRECTION('center_axis',(0.73120532154756,0.535830339436663,0.422166584513412));
#9557=DIRECTION('ref_axis',(0.500004437219364,0.,-0.866022841939488));
#9558=DIRECTION('',(0.464043982234239,-0.844325676098317,0.267912924722399));
#9559=DIRECTION('',(0.500004437219364,0.,-0.866022841939488));
#9560=DIRECTION('center_axis',(0.667288331914039,0.637418217657912,0.385258741483164));
#9561=DIRECTION('ref_axis',(0.49999965292063,0.,-0.866025604170714));
#9562=DIRECTION('',(0.642031654514839,-0.230095163152646,-0.731335470556909));
#9563=DIRECTION('',(0.552017396455608,-0.770518017813329,0.318714257973174));
#9564=DIRECTION('',(0.49999965292063,0.,-0.866025604170714));
#9565=DIRECTION('center_axis',(0.667288720276626,0.637417461177762,0.385259320428825));
#9566=DIRECTION('ref_axis',(0.499999998199181,0.,-0.866025404824142));
#9567=DIRECTION('',(0.552017844803655,-0.770518643627389,0.318711968462021));
#9568=DIRECTION('center_axis',(0.850685832847832,0.187381780276233,0.49114324001507));
#9569=DIRECTION('ref_axis',(0.49999965292063,0.,-0.866025604170714));
#9570=DIRECTION('',(0.52564502628642,-0.293335152627695,-0.798531022924743));
#9571=DIRECTION('',(0.162279219357329,-0.982287161886994,0.0936877076076136));
#9572=DIRECTION('',(0.49999965292063,0.,-0.866025604170714));
#9573=DIRECTION('center_axis',(0.850685832847832,0.187381780276233,0.49114324001507));
#9574=DIRECTION('ref_axis',(0.49999965292063,0.,-0.866025604170714));
#9575=DIRECTION('',(0.162279219357329,-0.982287161886994,0.0936877076076136));
#9576=DIRECTION('',(0.49999965292063,0.,-0.866025604170714));
#9577=DIRECTION('center_axis',(0.823641321280891,0.309018452445273,0.475523469375589));
#9578=DIRECTION('ref_axis',(0.499995213853566,0.,-0.866028167049737));
#9579=DIRECTION('',(0.557098472118518,-0.284010352547459,-0.780371329566304));
#9580=DIRECTION('',(0.267617847570498,-0.95105604253682,0.154509195894406));
#9581=DIRECTION('',(0.499995213853566,0.,-0.866028167049737));
#9582=DIRECTION('center_axis',(0.823643053130739,0.309003635293549,0.475530098316444));
#9583=DIRECTION('ref_axis',(0.49999965292063,0.,-0.866025604170714));
#9584=DIRECTION('',(0.267598815313871,-0.95106085674592,0.154512526379996));
#9585=DIRECTION('center_axis',(0.500003033541141,6.84043394241812E-6,-0.866023652334545));
#9586=DIRECTION('ref_axis',(-0.866023652354806,0.,-0.500003033552839));
#9587=DIRECTION('',(0.864398615283321,-0.0612358695627273,0.499064326690632));
#9588=DIRECTION('',(0.552026874533987,-0.770513254703439,0.318709356810483));
#9589=DIRECTION('center_axis',(0.500002670110813,0.,-0.866023862189754));
#9590=DIRECTION('ref_axis',(-0.866023862189754,0.,-0.500002670110813));
#9591=DIRECTION('',(0.620160361364728,0.697996902528585,0.358052301001504));
#9592=DIRECTION('center_axis',(0.499990415851013,1.45169116521668E-5,-0.866030937003055));
#9593=DIRECTION('ref_axis',(-0.866030937094309,0.,-0.499990415903697));
#9594=DIRECTION('',(0.732728415384217,0.533054418735886,0.42303907142802));
#9595=DIRECTION('',(0.552050653448016,-0.770497800045754,0.318705532039015));
#9596=DIRECTION('center_axis',(0.500001046774447,-4.96706476439782E-6,-0.866024799413842));
#9597=DIRECTION('ref_axis',(-0.866024799424525,0.,-0.500001046780615));
#9598=DIRECTION('',(0.8517157781964,0.181034017305287,0.491738668145601));
#9599=DIRECTION('',(0.464033644748958,-0.84433052761515,0.267915540195264));
#9600=DIRECTION('center_axis',(0.499999977035972,1.74341041575441E-6,-0.866025417040971));
#9601=DIRECTION('ref_axis',(-0.866025417042287,0.,-0.499999977036732));
#9602=DIRECTION('',(0.778155094710395,0.438898730439885,0.449268909445683));
#9603=DIRECTION('center_axis',(0.499999977035972,-1.74341041575441E-6,-0.866025417040971));
#9604=DIRECTION('ref_axis',(-0.866025417042287,0.,-0.499999977036732));
#9605=DIRECTION('',(0.8517157781964,-0.181034017305287,0.491738668145601));
#9606=DIRECTION('',(0.778155094710395,-0.438898730439885,0.449268909445683));
#9607=DIRECTION('center_axis',(0.500002670110813,0.,-0.866023862189754));
#9608=DIRECTION('ref_axis',(-0.866023862189754,0.,-0.500002670110813));
#9609=DIRECTION('',(0.864398615283321,0.0612358695627273,0.499064326690632));
#9610=DIRECTION('',(0.620160361364728,-0.697996902528585,0.358052301001504));
#9611=DIRECTION('center_axis',(0.500002613400201,7.76274740853817E-6,-0.86602389489708));
#9612=DIRECTION('ref_axis',(-0.866023894923174,0.,-0.500002613415266));
#9613=DIRECTION('',(0.862813393486167,-0.0860312359126152,0.498148245473406));
#9614=DIRECTION('',(0.790356649711226,-0.408797745744845,0.456312140240844));
#9615=DIRECTION('center_axis',(0.499997748910375,-5.77280859611005E-6,-0.866026703428499));
#9616=DIRECTION('ref_axis',(-0.866026703442929,0.,-0.499997748918706));
#9617=DIRECTION('',(0.864583082382348,-0.0577124965168447,0.499164663617159));
#9618=DIRECTION('',(0.802443458177642,-0.37609340489432,0.463290672497196));
#9619=DIRECTION('center_axis',(0.500001959854359,3.02279726088413E-6,-0.866024272253765));
#9620=DIRECTION('ref_axis',(-0.866024272257721,0.,-0.500001959856644));
#9621=DIRECTION('',(0.865660987609151,-0.0289637038448554,0.499792115175037));
#9622=DIRECTION('',(0.814079336252996,-0.341123520000119,0.470010189664661));
#9623=DIRECTION('center_axis',(0.500002316009819,-3.78584950747515E-6,-0.866024066623142));
#9624=DIRECTION('ref_axis',(-0.866024066629348,0.,-0.500002316013402));
#9625=DIRECTION('',(0.862813393486167,0.0860312359126152,0.498148245473406));
#9626=DIRECTION('',(0.36872749892674,-0.904830259271311,0.212890191042807));
#9627=DIRECTION('center_axis',(0.500002613400201,-7.76274740853817E-6,-0.86602389489708));
#9628=DIRECTION('ref_axis',(-0.866023894923174,0.,-0.500002613415266));
#9629=DIRECTION('',(0.790356649711226,0.408797745744845,0.456312140240844));
#9630=DIRECTION('center_axis',(0.500003033541141,-6.84043394241812E-6,-0.866023652334545));
#9631=DIRECTION('ref_axis',(-0.866023652354806,0.,-0.500003033552839));
#9632=DIRECTION('',(0.552026874533987,0.770513254703439,0.318709356810483));
#9633=DIRECTION('center_axis',(0.499997806150887,4.62952137463435E-6,-0.866026670387736));
#9634=DIRECTION('ref_axis',(-0.866026670397016,0.,-0.499997806156245));
#9635=DIRECTION('',(0.864583082382348,0.0577124965168447,0.499164663617159));
#9636=DIRECTION('',(0.267625228975273,-0.951054239342086,0.154507509996693));
#9637=DIRECTION('center_axis',(0.499990415851013,-1.45169116521668E-5,-0.866030937003055));
#9638=DIRECTION('ref_axis',(-0.866030937094309,0.,-0.499990415903697));
#9639=DIRECTION('',(0.732728415384217,-0.533054418735886,0.42303907142802));
#9640=DIRECTION('',(0.552050653448016,0.770497800045754,0.318705532039015));
#9641=DIRECTION('center_axis',(0.499997748910375,5.77280859611005E-6,-0.866026703428499));
#9642=DIRECTION('ref_axis',(-0.866026703442929,0.,-0.499997748918706));
#9643=DIRECTION('',(0.802443458177642,0.37609340489432,0.463290672497196));
#9644=DIRECTION('center_axis',(0.500001046774447,4.96706476439782E-6,-0.866024799413842));
#9645=DIRECTION('ref_axis',(-0.866024799424525,0.,-0.500001046780615));
#9646=DIRECTION('',(0.464033644748958,0.84433052761515,0.267915540195264));
#9647=DIRECTION('center_axis',(0.500002045882445,-6.45138181783562E-6,-0.866024222566407));
#9648=DIRECTION('ref_axis',(-0.866024222584429,0.,-0.50000204589285));
#9649=DIRECTION('',(0.865660987609151,0.0289637038448554,0.499792115175037));
#9650=DIRECTION('',(0.16226628038339,-0.982288860486318,0.0936923092629805));
#9651=DIRECTION('center_axis',(0.500002316009819,3.78584950747515E-6,-0.866024066623142));
#9652=DIRECTION('ref_axis',(-0.866024066629348,0.,-0.500002316013402));
#9653=DIRECTION('',(0.36872749892674,0.904830259271311,0.212890191042807));
#9654=DIRECTION('center_axis',(0.500001959854359,-3.02279726088413E-6,-0.866024272253765));
#9655=DIRECTION('ref_axis',(-0.866024272257721,0.,-0.500001959856644));
#9656=DIRECTION('',(0.814079336252996,0.341123520000119,0.470010189664661));
#9657=DIRECTION('center_axis',(0.499997806150887,-4.62952137463435E-6,-0.866026670387736));
#9658=DIRECTION('ref_axis',(-0.866026670397016,0.,-0.499997806156245));
#9659=DIRECTION('',(0.267625228975273,0.951054239342086,0.154507509996693));
#9660=DIRECTION('center_axis',(0.500000253208285,2.40768119017603E-6,-0.866025257591171));
#9661=DIRECTION('ref_axis',(-0.866025257593681,0.,-0.500000253209734));
#9662=DIRECTION('',(0.866025257593681,0.,0.500000253209734));
#9663=DIRECTION('',(0.0543803204060491,-0.998026659911501,0.0313937391597308));
#9664=DIRECTION('center_axis',(0.500002045882445,6.45138181783562E-6,-0.866024222566407));
#9665=DIRECTION('ref_axis',(-0.866024222584429,0.,-0.50000204589285));
#9666=DIRECTION('',(0.16226628038339,0.982288860486318,0.0936923092629805));
#9667=DIRECTION('center_axis',(0.500000253208285,-2.40768119017603E-6,-0.866025257591171));
#9668=DIRECTION('ref_axis',(-0.866025257593681,0.,-0.500000253209734));
#9669=DIRECTION('',(0.0543803204060491,0.998026659911501,0.0313937391597308));
#9670=DIRECTION('center_axis',(0.850685832847832,-0.187381780276233,0.49114324001507));
#9671=DIRECTION('ref_axis',(0.49999965292063,0.,-0.866025604170714));
#9672=DIRECTION('',(0.52564502628642,0.293335152627695,-0.798531022924743));
#9673=DIRECTION('',(0.162279219357329,0.982287161886994,0.0936877076076136));
#9674=DIRECTION('center_axis',(0.850685832847832,-0.187381780276233,0.49114324001507));
#9675=DIRECTION('ref_axis',(0.49999965292063,0.,-0.866025604170714));
#9676=DIRECTION('',(0.162279219357329,0.982287161886994,0.0936877076076136));
#9677=DIRECTION('center_axis',(-0.500001001768967,0.,0.866024825412083));
#9678=DIRECTION('ref_axis',(0.866024825412083,0.,0.500001001768967));
#9679=DIRECTION('',(0.832115655469701,-0.277086294777075,0.48042348107575));
#9680=DIRECTION('center_axis',(-0.500001095079686,-3.7362822515928E-7,0.866024771538883));
#9681=DIRECTION('ref_axis',(0.866024771538944,0.,0.500001095079721));
#9682=DIRECTION('',(0.801087379808253,-0.379926636102807,0.462509201088533));
#9683=DIRECTION('center_axis',(-0.500002950639648,-5.59033663030367E-6,
0.866023700207098));
#9684=DIRECTION('ref_axis',(0.866023700220631,0.,0.500002950647461));
#9685=DIRECTION('',(0.748722448703706,-0.502546306742032,0.432275264602395));
#9686=DIRECTION('center_axis',(-0.499994427449255,1.1340722061728E-5,0.866028620999953));
#9687=DIRECTION('ref_axis',(0.866028621055643,0.,0.499994427481408));
#9688=DIRECTION('',(0.769887541130681,-0.457928058061533,0.444494170548668));
#9689=DIRECTION('center_axis',(-0.500000757414472,-2.84878096411835E-6,
0.866024966485862));
#9690=DIRECTION('ref_axis',(0.866024966489376,0.,0.500000757416501));
#9691=DIRECTION('',(0.807631951552832,-0.360981629534146,0.46628627898517));
#9692=DIRECTION('center_axis',(-0.500001095079686,3.7362822515928E-7,0.866024771538883));
#9693=DIRECTION('ref_axis',(0.866024771538944,0.,0.500001095079721));
#9694=DIRECTION('',(0.832115655469701,0.277086294777075,0.48042348107575));
#9695=DIRECTION('',(0.801087379808253,0.379926636102807,0.462509201088533));
#9696=DIRECTION('center_axis',(-0.500001001768967,0.,0.866024825412083));
#9697=DIRECTION('ref_axis',(0.866024825412083,0.,0.500001001768967));
#9698=DIRECTION('center_axis',(-0.500002950639648,5.59033663030367E-6,0.866023700207098));
#9699=DIRECTION('ref_axis',(0.866023700220631,0.,0.500002950647461));
#9700=DIRECTION('',(0.748722448703706,0.502546306742032,0.432275264602395));
#9701=DIRECTION('center_axis',(-0.499998762042728,-5.99598429690309E-6,
0.866026118497466));
#9702=DIRECTION('ref_axis',(0.866026118513034,0.,0.499998762051716));
#9703=DIRECTION('',(0.835451292994679,0.263365322510085,0.48234826000793));
#9704=DIRECTION('',(0.801947015499363,0.37750095922674,0.463005410459268));
#9705=DIRECTION('center_axis',(-0.500000977535512,4.06895857737473E-6,0.866024839393753));
#9706=DIRECTION('ref_axis',(0.866024839400922,0.,0.500000977539651));
#9707=DIRECTION('',(0.86291018575098,0.0847375425032291,0.498202328595244));
#9708=DIRECTION('',(0.8492155363969,0.196070430504431,0.490295175403484));
#9709=DIRECTION('center_axis',(-0.500001082421922,-3.81831444909088E-6,
0.866024778838531));
#9710=DIRECTION('ref_axis',(0.866024778844844,0.,0.500001082425567));
#9711=DIRECTION('',(0.835451292994679,-0.263365322510085,0.48234826000793));
#9712=DIRECTION('center_axis',(-0.499998762042728,5.99598429690309E-6,0.866026118497466));
#9713=DIRECTION('ref_axis',(0.866026118513034,0.,0.499998762051716));
#9714=DIRECTION('',(0.801947015499363,-0.37750095922674,0.463005410459268));
#9715=DIRECTION('center_axis',(-0.499994427449255,-1.1340722061728E-5,0.866028620999953));
#9716=DIRECTION('ref_axis',(0.866028621055643,0.,0.499994427481408));
#9717=DIRECTION('',(0.769887541130681,0.457928058061533,0.444494170548668));
#9718=DIRECTION('',(0.70064400941473,-0.587771258937836,0.404503299415325));
#9719=DIRECTION('center_axis',(-0.499999837109332,2.95090207402761E-6,0.866025497824362));
#9720=DIRECTION('ref_axis',(0.866025497828132,0.,0.499999837111509));
#9721=DIRECTION('',(0.831163794922982,-0.280870568437446,0.479873389338119));
#9722=DIRECTION('center_axis',(-0.500000757414472,2.84878096411835E-6,0.866024966485862));
#9723=DIRECTION('ref_axis',(0.866024966489376,0.,0.500000757416501));
#9724=DIRECTION('',(0.807631951552832,0.360981629534146,0.46628627898517));
#9725=DIRECTION('',(0.631301505944645,-0.684550241622848,0.364485082391755));
#9726=DIRECTION('center_axis',(-0.499997855404533,1.07699169502053E-5,0.866026641896701));
#9727=DIRECTION('ref_axis',(0.866026641946927,0.,0.49999785543353));
#9728=DIRECTION('',(0.851399655039188,-0.183008276838535,0.491555284792812));
#9729=DIRECTION('center_axis',(-0.500001082421922,3.81831444909088E-6,0.866024778838531));
#9730=DIRECTION('ref_axis',(0.866024778844844,0.,0.500001082425567));
#9731=DIRECTION('center_axis',(-0.50000159142006,-1.24046191785563E-5,0.866024484886849));
#9732=DIRECTION('ref_axis',(0.866024484953479,0.,0.500001591458529));
#9733=DIRECTION('',(0.86291018575098,-0.0847375425032291,0.498202328595244));
#9734=DIRECTION('center_axis',(-0.499999837109332,-2.95090207402761E-6,
0.866025497824362));
#9735=DIRECTION('ref_axis',(0.866025497828132,0.,0.499999837111509));
#9736=DIRECTION('',(0.831163794922982,0.280870568437446,0.479873389338119));
#9737=DIRECTION('center_axis',(-0.500000977535512,-4.06895857737473E-6,
0.866024839393753));
#9738=DIRECTION('ref_axis',(0.866024839400922,0.,0.500000977539651));
#9739=DIRECTION('',(0.8492155363969,-0.196070430504431,0.490295175403484));
#9740=DIRECTION('center_axis',(-0.499997855404533,-1.07699169502053E-5,
0.866026641896701));
#9741=DIRECTION('ref_axis',(0.866026641946927,0.,0.49999785543353));
#9742=DIRECTION('',(0.851399655039188,0.183008276838535,0.491555284792812));
#9743=DIRECTION('',(0.368753982093656,-0.904820043130189,0.212887740933934));
#9744=DIRECTION('center_axis',(-0.499999638890316,3.66159283257061E-6,0.866025612263371));
#9745=DIRECTION('ref_axis',(0.866025612269176,0.,0.499999638893668));
#9746=DIRECTION('',(0.861820927903268,-0.0984190717395907,0.497572481700775));
#9747=DIRECTION('center_axis',(-0.50000159142006,1.24046191785563E-5,0.866024484886849));
#9748=DIRECTION('ref_axis',(0.866024484953479,0.,0.500001591458529));
#9749=DIRECTION('center_axis',(-0.500000264244958,-3.63975150101447E-6,
0.866025251214839));
#9750=DIRECTION('ref_axis',(0.866025251220575,0.,0.50000026424827));
#9751=DIRECTION('',(0.866025251220575,0.,0.50000026424827));
#9752=DIRECTION('center_axis',(-0.499999638890316,-3.66159283257061E-6,
0.866025612263371));
#9753=DIRECTION('ref_axis',(0.866025612269176,0.,0.499999638893668));
#9754=DIRECTION('',(0.861820927903268,0.0984190717395907,0.497572481700775));
#9755=DIRECTION('center_axis',(-0.500000264244958,3.63975150101447E-6,0.866025251214839));
#9756=DIRECTION('ref_axis',(0.866025251220575,0.,0.50000026424827));
#9757=DIRECTION('',(0.0543717015070109,-0.998027066774733,0.0313957331536546));
#9758=DIRECTION('center_axis',(0.509024959669757,0.809027160928832,0.293885425485233));
#9759=DIRECTION('ref_axis',(0.49999965292063,0.,-0.866025604170714));
#9760=DIRECTION('',(0.597042616701622,-0.0859153933269845,-0.797595548527918));
#9761=DIRECTION('',(0.70064400941473,-0.587771258937836,0.404503299415325));
#9762=DIRECTION('center_axis',(0.509024959669757,0.809027160928832,0.293885425485233));
#9763=DIRECTION('ref_axis',(0.49999965292063,0.,-0.866025604170714));
#9764=DIRECTION('',(0.49999965292063,0.,-0.866025604170714));
#9765=DIRECTION('center_axis',(0.783606181322051,0.425766320452936,0.452420592990461));
#9766=DIRECTION('ref_axis',(0.500004437219364,0.,-0.866022841939488));
#9767=DIRECTION('',(0.587299143198423,-0.270204224886793,-0.762934724109295));
#9768=DIRECTION('',(0.368718552267284,-0.904833156052711,0.212893374536666));
#9769=DIRECTION('center_axis',(0.783599643489851,0.425794186775113,0.452405690980008));
#9770=DIRECTION('ref_axis',(0.499995213853566,0.,-0.866028167049737));
#9771=DIRECTION('center_axis',(0.592838036589093,0.72896568279324,0.342274883219576));
#9772=DIRECTION('ref_axis',(0.49999965292063,0.,-0.866025604170714));
#9773=DIRECTION('',(0.665707311086185,-0.204423145414063,-0.717666324683987));
#9774=DIRECTION('',(0.631301505944645,-0.684550241622848,0.364485082391755));
#9775=DIRECTION('center_axis',(0.592838036589093,0.72896568279324,0.342274883219576));
#9776=DIRECTION('ref_axis',(0.49999965292063,0.,-0.866025604170714));
#9777=DIRECTION('center_axis',(0.864316993488156,0.0627851413278393,0.499013186996134));
#9778=DIRECTION('ref_axis',(0.49999965292063,0.,-0.866025604170714));
#9779=DIRECTION('',(0.493422209846648,-0.29803605280025,-0.817134648672602));
#9780=DIRECTION('',(0.0543717015070109,-0.998027066774733,0.0313957331536546));
#9781=DIRECTION('center_axis',(0.864316993488156,0.0627851413278393,0.499013186996134));
#9782=DIRECTION('ref_axis',(0.49999965292063,0.,-0.866025604170714));
#9783=DIRECTION('center_axis',(1.,0.,0.));
#9784=DIRECTION('ref_axis',(0.,0.,-1.));
#9785=DIRECTION('',(0.,0.541820960204876,0.840493930425834));
#9786=DIRECTION('',(0.,1.,0.));
#9787=DIRECTION('',(0.,0.250479043340163,0.968122021672577));
#9788=DIRECTION('center_axis',(1.,0.,0.));
#9789=DIRECTION('ref_axis',(0.,0.,-1.));
#9790=DIRECTION('',(0.,1.,0.));
#9791=DIRECTION('',(0.,0.0647813924639258,0.997899479502036));
#9792=DIRECTION('center_axis',(1.,0.,0.));
#9793=DIRECTION('ref_axis',(0.,0.,-1.));
#9794=DIRECTION('',(0.,0.0762707659391045,0.997087142762889));
#9795=DIRECTION('',(0.,1.,0.));
#9796=DIRECTION('',(0.,0.773707192942252,-0.633543352572988));
#9797=DIRECTION('center_axis',(1.,0.,0.));
#9798=DIRECTION('ref_axis',(0.,0.,-1.));
#9799=DIRECTION('',(0.,0.0762707659391045,-0.997087142762889));
#9800=DIRECTION('',(0.,1.,0.));
#9801=DIRECTION('center_axis',(1.,0.,0.));
#9802=DIRECTION('ref_axis',(0.,0.,-1.));
#9803=DIRECTION('',(0.,0.541820960204876,-0.840493930425834));
#9804=DIRECTION('',(0.,0.435868670639705,0.900010278805068));
#9805=DIRECTION('center_axis',(1.,0.,0.));
#9806=DIRECTION('ref_axis',(0.,0.,-1.));
#9807=DIRECTION('',(0.,0.205347076262309,0.978689214342593));
#9808=DIRECTION('',(0.,0.2325470532011,0.97258514693958));
#9809=DIRECTION('',(0.,1.,0.));
#9810=DIRECTION('center_axis',(1.,0.,0.));
#9811=DIRECTION('ref_axis',(0.,0.,-1.));
#9812=DIRECTION('',(0.,1.,0.));
#9813=DIRECTION('',(0.,0.0621910572065956,0.998064262662243));
#9814=DIRECTION('center_axis',(1.,0.,0.));
#9815=DIRECTION('ref_axis',(0.,0.,-1.));
#9816=DIRECTION('',(0.,0.860685001164892,0.509137828853632));
#9817=DIRECTION('',(0.,0.347227901482285,-0.93778077631833));
#9818=DIRECTION('',(0.,0.,1.));
#9819=DIRECTION('center_axis',(1.,0.,0.));
#9820=DIRECTION('ref_axis',(0.,0.,-1.));
#9821=DIRECTION('',(0.,0.991079459258487,-0.133272298081428));
#9822=DIRECTION('',(0.,1.,0.));
#9823=DIRECTION('center_axis',(1.,0.,0.));
#9824=DIRECTION('ref_axis',(0.,0.,-1.));
#9825=DIRECTION('',(0.,0.858445918125493,-0.512904090112059));
#9826=DIRECTION('',(0.,0.,1.));
#9827=DIRECTION('center_axis',(1.,0.,0.));
#9828=DIRECTION('ref_axis',(0.,0.,-1.));
#9829=DIRECTION('',(0.,0.616287666688463,-0.787521118375685));
#9830=DIRECTION('',(0.,0.447213981369757,0.894426998064912));
#9831=DIRECTION('center_axis',(1.,0.,0.));
#9832=DIRECTION('ref_axis',(0.,0.,-1.));
#9833=DIRECTION('',(0.,0.435868670639705,-0.900010278805068));
#9834=DIRECTION('',(0.,0.45021314289543,0.892921119676435));
#9835=DIRECTION('center_axis',(1.,0.,0.));
#9836=DIRECTION('ref_axis',(0.,0.,-1.));
#9837=DIRECTION('',(0.,1.,0.));
#9838=DIRECTION('center_axis',(1.,0.,0.));
#9839=DIRECTION('ref_axis',(0.,0.,-1.));
#9840=DIRECTION('center_axis',(1.,0.,0.));
#9841=DIRECTION('ref_axis',(0.,0.,-1.));
#9842=DIRECTION('center_axis',(1.,0.,0.));
#9843=DIRECTION('ref_axis',(0.,0.,-1.));
#9844=DIRECTION('',(0.,0.347899615662553,-0.937531790085994));
#9845=DIRECTION('',(0.,0.,1.));
#9846=DIRECTION('center_axis',(1.,0.,0.));
#9847=DIRECTION('ref_axis',(0.,0.,-1.));
#9848=DIRECTION('',(0.,0.858445918125493,0.512904090112059));
#9849=DIRECTION('',(0.,0.,1.));
#9850=DIRECTION('center_axis',(1.,0.,0.));
#9851=DIRECTION('ref_axis',(0.,0.,-1.));
#9852=DIRECTION('',(0.,0.250479043340163,-0.968122021672577));
#9853=DIRECTION('',(0.,1.,0.));
#9854=DIRECTION('center_axis',(1.,0.,0.));
#9855=DIRECTION('ref_axis',(0.,0.,-1.));
#9856=DIRECTION('',(0.,0.0647813924639258,-0.997899479502036));
#9857=DIRECTION('',(0.,1.,0.));
#9858=DIRECTION('center_axis',(1.,0.,0.));
#9859=DIRECTION('ref_axis',(0.,0.,-1.));
#9860=DIRECTION('',(0.,0.0621910572065956,-0.998064262662243));
#9861=DIRECTION('',(0.,1.,0.));
#9862=DIRECTION('center_axis',(1.,0.,0.));
#9863=DIRECTION('ref_axis',(0.,0.,-1.));
#9864=DIRECTION('',(0.,0.616287666688463,0.787521118375685));
#9865=DIRECTION('',(0.,0.45021314289543,-0.892921119676435));
#9866=DIRECTION('center_axis',(1.,0.,0.));
#9867=DIRECTION('ref_axis',(0.,0.,-1.));
#9868=DIRECTION('',(0.,0.447213981369757,-0.894426998064912));
#9869=DIRECTION('center_axis',(1.,0.,0.));
#9870=DIRECTION('ref_axis',(0.,0.,-1.));
#9871=DIRECTION('',(0.,0.205347076262309,-0.978689214342593));
#9872=DIRECTION('',(0.,1.,0.));
#9873=DIRECTION('center_axis',(1.,0.,0.));
#9874=DIRECTION('ref_axis',(0.,0.,-1.));
#9875=DIRECTION('',(0.,1.,0.));
#9876=DIRECTION('',(0.,0.2325470532011,-0.97258514693958));
#9877=DIRECTION('center_axis',(-0.108544975461441,0.992114244231428,-0.0626682909865792));
#9878=DIRECTION('ref_axis',(0.,0.0630407648748647,0.998010952827669));
#9879=DIRECTION('',(0.376427408485857,-0.01732596545996,-0.926284090903812));
#9880=DIRECTION('',(0.499998924007622,0.,-0.866026025008036));
#9881=DIRECTION('',(0.859185897516569,0.125336851666601,0.496074860402089));
#9882=DIRECTION('center_axis',(-0.108542750398268,0.992114544429941,-0.0626673923707624));
#9883=DIRECTION('ref_axis',(0.,0.063039845511343,0.998011010900133));
#9884=DIRECTION('',(0.552331833044619,0.00777412670847164,-0.833588093220802));
#9885=DIRECTION('',(0.859193269417441,0.12533447542557,0.496062692668543));
#9886=DIRECTION('center_axis',(-0.108544395820305,0.992114295396951,-0.0626684849427311));
#9887=DIRECTION('ref_axis',(0.,0.063040955970176,0.998010940756847));
#9888=DIRECTION('',(0.85919075303802,0.125336446686052,0.496066553020938));
#9889=DIRECTION('',(0.515672188205341,0.00229816339331023,-0.856782885424617));
#9890=DIRECTION('center_axis',(-0.108542706877352,0.99211454442999,-0.0626674677501126));
#9891=DIRECTION('ref_axis',(0.,0.0630399210373545,0.998011006129494));
#9892=DIRECTION('',(0.3368213017697,-0.0226074828582066,-0.94129714351685));
#9893=DIRECTION('',(0.859193269417441,0.12533447542557,0.496062692668543));
#9894=DIRECTION('center_axis',(-0.108544891675636,0.992114256453826,-0.0626682426129608));
#9895=DIRECTION('ref_axis',(0.,0.0630407156335732,0.998010955938063));
#9896=DIRECTION('',(0.499998924007622,0.,-0.866026025008036));
#9897=DIRECTION('',(0.859187057420648,0.125336754925081,0.496072875922175));
#9898=DIRECTION('center_axis',(-0.318811752924374,0.929773121057164,-0.184067948206384));
#9899=DIRECTION('ref_axis',(0.,0.194201774435563,0.980961605164075));
#9900=DIRECTION('',(0.637042140096545,0.066402265917804,-0.767963573890191));
#9901=DIRECTION('',(0.805199974134364,0.368133051145308,0.464898976454526));
#9902=DIRECTION('',(0.500003864429378,0.,-0.866023172643601));
#9903=DIRECTION('center_axis',(-0.318809043489124,0.929774518967894,-0.184065579801252));
#9904=DIRECTION('ref_axis',(0.,0.194199088910833,0.980962136815791));
#9905=DIRECTION('',(0.805205209890817,0.368129520516847,0.464892703845438));
#9906=DIRECTION('',(0.485153767533961,-0.00675007739547602,-0.874402800946313));
#9907=DIRECTION('center_axis',(-0.215366162671461,0.968584866368855,-0.124341355217797));
#9908=DIRECTION('ref_axis',(0.,0.127329346315825,0.99186049299626));
#9909=DIRECTION('',(0.768057612823739,0.0893748397479959,-0.634113271745292));
#9910=DIRECTION('',(0.838827208836215,0.248683245570116,0.484278388005039));
#9911=DIRECTION('center_axis',(-0.215368543302476,0.968583950282544,-0.124344367829151));
#9912=DIRECTION('ref_axis',(0.,0.127332499781928,0.991860088167321));
#9913=DIRECTION('',(0.838822735288023,0.248686813571447,0.484284304432427));
#9914=DIRECTION('center_axis',(-0.592798605137381,-0.72900603846745,-0.342257227279674));
#9915=DIRECTION('ref_axis',(-0.500005251609691,0.,0.866022371744939));
#9916=DIRECTION('',(0.451417526096443,0.0511633686100973,-0.890844838816185));
#9917=DIRECTION('',(0.794577856194925,-0.460146679387228,-0.396120011983218));
#9918=DIRECTION('',(0.500005251609691,0.,-0.866022371744939));
#9919=DIRECTION('center_axis',(-0.592837384382521,-0.728966346986734,-0.342274598296906));
#9920=DIRECTION('ref_axis',(-0.499999753309999,0.,0.866025546210931));
#9921=DIRECTION('',(0.631302476371948,-0.684549534335488,0.364484729951356));
#9922=DIRECTION('',(0.664574771447261,-0.202792244331698,-0.719177084447728));
#9923=DIRECTION('center_axis',(-0.592836169082151,-0.728968093927454,-0.342272982667015));
#9924=DIRECTION('ref_axis',(-0.499998751944063,0.,0.866026124348671));
#9925=DIRECTION('',(0.499998751944063,0.,-0.866026124348671));
#9926=DIRECTION('',(0.631304187490109,-0.684547674039551,0.364485260092221));
#9927=DIRECTION('center_axis',(-0.215366162671461,-0.968584866368855,-0.124341355217797));
#9928=DIRECTION('ref_axis',(0.,0.127329346315825,-0.99186049299626));
#9929=DIRECTION('',(0.768057612823739,-0.0893748397479959,-0.634113271745292));
#9930=DIRECTION('',(0.499998924007622,0.,-0.866026025008036));
#9931=DIRECTION('',(0.838827208836215,-0.248683245570116,0.484278388005039));
#9932=DIRECTION('center_axis',(-0.215368543302476,-0.968583950282544,-0.124344367829151));
#9933=DIRECTION('ref_axis',(0.,0.127332499781928,-0.991860088167321));
#9934=DIRECTION('',(0.500003864429378,0.,-0.866023172643601));
#9935=DIRECTION('',(0.838822735288023,-0.248686813571447,0.484284304432427));
#9936=DIRECTION('center_axis',(-0.318811752924374,-0.929773121057164,-0.184067948206384));
#9937=DIRECTION('ref_axis',(0.,0.194201774435563,-0.980961605164075));
#9938=DIRECTION('',(0.637042140096545,-0.066402265917804,-0.767963573890191));
#9939=DIRECTION('',(0.805199974134364,-0.368133051145308,0.464898976454526));
#9940=DIRECTION('center_axis',(-0.318809043489124,-0.929774518967894,-0.184065579801252));
#9941=DIRECTION('ref_axis',(0.,0.194199088910833,-0.980962136815791));
#9942=DIRECTION('',(0.485153767533961,0.00675007739547602,-0.874402800946313));
#9943=DIRECTION('',(0.805205209890817,-0.368129520516847,0.464892703845438));
#9944=DIRECTION('center_axis',(-0.667270229124176,-0.637442656174727,-0.385249661146481));
#9945=DIRECTION('ref_axis',(-0.500000987743651,0.,0.866024833509625));
#9946=DIRECTION('',(0.418991498372136,0.106383117136671,-0.901736522871375));
#9947=DIRECTION('',(0.510039198245225,-0.014127908780772,-0.860035126286624));
#9948=DIRECTION('center_axis',(-0.667267940321591,-0.637445492567954,-0.385248932281169));
#9949=DIRECTION('ref_axis',(-0.500001564558927,0.,0.866024500484037));
#9950=DIRECTION('',(0.744469207881597,-0.554985824862205,-0.371155402383106));
#9951=DIRECTION('',(0.500001564558927,0.,-0.866024500484037));
#9952=DIRECTION('center_axis',(-0.731210923426819,-0.535822694672805,-0.422166584815606));
#9953=DIRECTION('ref_axis',(-0.500001564558927,0.,0.866024500484037));
#9954=DIRECTION('',(0.364140286434734,0.216723884506614,-0.90577735105245));
#9955=DIRECTION('center_axis',(-0.731217941779422,-0.535812765677837,-0.422167030636611));
#9956=DIRECTION('ref_axis',(-0.499998361240176,0.,0.866026349920797));
#9957=DIRECTION('',(0.675261629196004,-0.656255460353102,-0.336675664241265));
#9958=DIRECTION('',(0.499998361240176,0.,-0.866026349920797));
#9959=DIRECTION('center_axis',(-0.509028309059536,0.809024509611757,-0.29388692285205));
#9960=DIRECTION('ref_axis',(-0.499999096071281,0.,0.866025925667299));
#9961=DIRECTION('',(0.618180062312682,0.106024473469147,-0.778853145069517));
#9962=DIRECTION('',(0.700642329267438,0.587774908273173,0.404500906850852));
#9963=DIRECTION('',(0.499999096071281,0.,-0.866025925667299));
#9964=DIRECTION('center_axis',(-0.509038303080668,0.809014862787885,-0.29389616837423));
#9965=DIRECTION('ref_axis',(-0.500003530684502,0.,0.866023365333195));
#9966=DIRECTION('',(0.700626522271083,0.587788186158523,0.40450899186891));
#9967=DIRECTION('',(0.48707305771331,-0.0107774679572297,-0.873294728390271));
#9968=DIRECTION('center_axis',(-0.41721325202686,-0.876305359354314,-0.240877602736491));
#9969=DIRECTION('ref_axis',(0.,0.265047665955979,-0.964235310892153));
#9970=DIRECTION('',(0.354907252184595,0.0868988246375322,-0.930854143581794));
#9971=DIRECTION('',(0.758900974671014,-0.481756076414686,0.43815567265632));
#9972=DIRECTION('',(0.499999096071281,0.,-0.866025925667299));
#9973=DIRECTION('center_axis',(-0.417212638969799,-0.876305706573761,-0.240877401410175));
#9974=DIRECTION('ref_axis',(0.,0.265047362348267,-0.964235394347369));
#9975=DIRECTION('',(0.75890153125893,-0.481755444829868,0.438155403058809));
#9976=DIRECTION('',(0.513829987247297,-0.00883312155649152,-0.857846559804847));
#9977=DIRECTION('center_axis',(-0.509038303080668,-0.809014862787885,-0.29389616837423));
#9978=DIRECTION('ref_axis',(-0.500003530684502,0.,0.866023365333195));
#9979=DIRECTION('',(0.618180062312682,-0.106024473469147,-0.778853145069517));
#9980=DIRECTION('',(0.48707305771331,0.0107774679572297,-0.873294728390271));
#9981=DIRECTION('',(0.700626522271083,-0.587788186158523,0.40450899186891));
#9982=DIRECTION('center_axis',(-0.509027533534908,-0.809025258179136,-0.293886205412146));
#9983=DIRECTION('ref_axis',(-0.499998751944063,0.,0.866026124348671));
#9984=DIRECTION('',(0.700641101101278,-0.587773877953962,0.404504531300391));
#9985=DIRECTION('center_axis',(-0.417212638969799,0.876305706573761,-0.240877401410175));
#9986=DIRECTION('ref_axis',(0.,0.265047362348267,0.964235394347369));
#9987=DIRECTION('',(0.354907252184595,-0.0868988246375322,-0.930854143581794));
#9988=DIRECTION('',(0.513829987247297,0.00883312155649152,-0.857846559804847));
#9989=DIRECTION('',(0.75890153125893,0.481755444829868,0.438155403058809));
#9990=DIRECTION('center_axis',(-0.41721325202686,0.876305359354314,-0.240877602736491));
#9991=DIRECTION('ref_axis',(0.,0.265047665955979,0.964235310892153));
#9992=DIRECTION('',(0.758900974671014,0.481756076414686,0.43815567265632));
#9993=DIRECTION('center_axis',(-0.318800565549719,0.9297783512631,-0.184060905484164));
#9994=DIRECTION('ref_axis',(0.,0.194193573005037,0.980963228772382));
#9995=DIRECTION('',(0.637046046999054,0.0664020213175087,-0.767960354164085));
#9996=DIRECTION('',(0.805215555024002,0.368119841229911,0.464882450131486));
#9997=DIRECTION('center_axis',(-0.318794646156044,0.929781405184669,-0.184055731111705));
#9998=DIRECTION('ref_axis',(0.,0.1941877058741,0.980964390223903));
#9999=DIRECTION('',(0.805223544320751,0.36811212766139,0.464874719833346));
#10000=DIRECTION('',(0.499999096071281,0.,-0.866025925667299));
#10001=DIRECTION('center_axis',(-0.864315163895367,0.0627916085113356,-0.499015542203932));
#10002=DIRECTION('ref_axis',(-0.500002216620712,0.,0.866024124014091));
#10003=DIRECTION('',(0.502089192236126,0.165765885339215,-0.848780368704049));
#10004=DIRECTION('',(0.500002216620712,0.,-0.866024124014092));
#10005=DIRECTION('center_axis',(-0.864315202364225,0.062792895252656,-0.499015313660691));
#10006=DIRECTION('ref_axis',(-0.500002028184359,0.,0.866024232808487));
#10007=DIRECTION('',(0.0724594857873642,0.997371356576592,0.));
#10008=DIRECTION('',(0.500002028184359,0.,-0.866024232808487));
#10009=DIRECTION('center_axis',(-0.85068606233455,0.187372875638927,-0.491146239754045));
#10010=DIRECTION('ref_axis',(-0.500001842127056,0.,0.866024340229275));
#10011=DIRECTION('',(0.514214596303226,0.102587976135266,-0.85150399652684));
#10012=DIRECTION('',(0.488295852552138,-0.0643581463344617,-0.870301780637482));
#10013=DIRECTION('center_axis',(-0.850681493880577,0.187413752615601,-0.491138556111866));
#10014=DIRECTION('ref_axis',(-0.499997989340895,0.,0.866026564635902));
#10015=DIRECTION('',(0.292370517061539,0.945133076758998,-0.145749607098062));
#10016=DIRECTION('',(0.499997989340895,0.,-0.866026564635902));
#10017=DIRECTION('center_axis',(-0.850685435264361,0.187376032796293,-0.491146121396277));
#10018=DIRECTION('ref_axis',(-0.500002028184359,0.,0.866024232808487));
#10019=DIRECTION('',(0.215108411642723,0.976590175682996,0.));
#10020=DIRECTION('center_axis',(-0.667270229124176,0.637442656174727,-0.385249661146481));
#10021=DIRECTION('ref_axis',(-0.500000987743651,0.,0.866024833509625));
#10022=DIRECTION('',(0.418991498372136,-0.106383117136671,-0.901736522871375));
#10023=DIRECTION('',(0.510039198245225,0.014127908780772,-0.860035126286624));
#10024=DIRECTION('center_axis',(-0.667267940321591,0.637445492567954,-0.385248932281169));
#10025=DIRECTION('ref_axis',(-0.500001564558927,0.,0.866024500484037));
#10026=DIRECTION('',(0.500001564558927,0.,-0.866024500484037));
#10027=DIRECTION('',(0.744469207881597,0.554985824862205,-0.371155402383106));
#10028=DIRECTION('center_axis',(-0.78360684674592,0.4257724766626,-0.452413646842702));
#10029=DIRECTION('ref_axis',(-0.499998361240176,0.,0.866026349920797));
#10030=DIRECTION('',(0.4097255349425,-0.193220068283213,-0.891510511002934));
#10031=DIRECTION('',(0.499998361240176,0.,-0.866026349920797));
#10032=DIRECTION('center_axis',(-0.783603698256508,0.425778436275966,-0.452413491488833));
#10033=DIRECTION('ref_axis',(-0.499999739200905,0.,0.866025554356814));
#10034=DIRECTION('',(0.499999739200905,0.,-0.866025554356814));
#10035=DIRECTION('',(0.580615023035756,0.760978795583864,-0.289477922641643));
#10036=DIRECTION('center_axis',(-0.417222497686521,-0.876299371575505,-0.240883371781028));
#10037=DIRECTION('ref_axis',(0.,0.265055251798374,-0.964233225674215));
#10038=DIRECTION('',(0.354912718017254,0.0868986317708512,-0.930852077607371));
#10039=DIRECTION('',(0.758888165348604,-0.481766967831053,0.438165883200306));
#10040=DIRECTION('center_axis',(-0.417224229275582,-0.876298390814518,-0.240883940438718));
#10041=DIRECTION('ref_axis',(0.,0.265056109370947,-0.964232989938188));
#10042=DIRECTION('',(0.758886272098399,-0.481768751733169,0.438167200819571));
#10043=DIRECTION('',(0.499999096071281,0.,-0.866025925667299));
#10044=DIRECTION('center_axis',(-0.509028309059536,-0.809024509611757,-0.29388692285205));
#10045=DIRECTION('ref_axis',(-0.499999096071281,0.,0.866025925667299));
#10046=DIRECTION('',(0.618180062312682,-0.106024473469147,-0.778853145069517));
#10047=DIRECTION('',(0.700642329267438,-0.587774908273173,0.404500906850852));
#10048=DIRECTION('center_axis',(-0.509038303080668,-0.809014862787885,-0.29389616837423));
#10049=DIRECTION('ref_axis',(-0.500003530684502,0.,0.866023365333195));
#10050=DIRECTION('',(0.700626522271083,-0.587788186158523,0.40450899186891));
#10051=DIRECTION('center_axis',(-0.667407592466597,-0.637419543378874,-0.385049907462149));
#10052=DIRECTION('ref_axis',(-0.499729333532162,0.,0.866181616756844));
#10053=DIRECTION('',(0.564759972251195,-0.770263308188623,0.296210414741191));
#10054=DIRECTION('',(0.552017634405633,-0.770516904603113,0.318716537107891));
#10055=DIRECTION('center_axis',(-0.667297200647644,-0.637404373526167,-0.385266285337209));
#10056=DIRECTION('ref_axis',(-0.500002011842993,0.,0.866024242243229));
#10057=DIRECTION('',(0.40042787740657,0.129122795681699,-0.907185107147936));
#10058=DIRECTION('',(0.74444369603855,-0.555009066220953,-0.371171819836864));
#10059=DIRECTION('center_axis',(-0.667280995426173,-0.637423975300115,-0.385261922405594));
#10060=DIRECTION('ref_axis',(-0.500006872096251,0.,0.866021436141464));
#10061=DIRECTION('',(0.431040498784332,0.0913419037080209,-0.897697468546475));
#10062=DIRECTION('center_axis',(-0.66728838273288,-0.637414670220634,-0.385264522707784));
#10063=DIRECTION('ref_axis',(-0.500005251609691,0.,0.866022371744939));
#10064=DIRECTION('center_axis',(-0.592836169082151,0.728968093927454,-0.342272982667015));
#10065=DIRECTION('ref_axis',(-0.499998751944063,0.,0.866026124348671));
#10066=DIRECTION('',(0.664574771447261,0.202792244331698,-0.719177084447728));
#10067=DIRECTION('',(0.631304187490109,0.684547674039551,0.364485260092221));
#10068=DIRECTION('',(0.499998751944063,0.,-0.866026124348671));
#10069=DIRECTION('center_axis',(-0.592798605137381,0.72900603846745,-0.342257227279674));
#10070=DIRECTION('ref_axis',(-0.500005251609691,0.,0.866022371744939));
#10071=DIRECTION('',(0.451417526096443,-0.0511633686100973,-0.890844838816185));
#10072=DIRECTION('',(0.500005251609691,0.,-0.866022371744939));
#10073=DIRECTION('',(0.794577856194925,0.460146679387228,-0.396120011983218));
#10074=DIRECTION('center_axis',(-0.592837384382521,0.728966346986734,-0.342274598296906));
#10075=DIRECTION('ref_axis',(-0.499999753309999,0.,0.866025546210931));
#10076=DIRECTION('',(0.631302476371948,0.684549534335488,0.364484729951356));
#10077=DIRECTION('center_axis',(-0.731210923426819,0.535822694672805,-0.422166584815606));
#10078=DIRECTION('ref_axis',(-0.500001564558927,0.,0.866024500484037));
#10079=DIRECTION('',(0.364140286434734,-0.216723884506614,-0.90577735105245));
#10080=DIRECTION('center_axis',(-0.731217941779422,0.535812765677837,-0.422167030636611));
#10081=DIRECTION('ref_axis',(-0.499998361240176,0.,0.866026349920797));
#10082=DIRECTION('',(0.675261629196004,0.656255460353102,-0.336675664241265));
#10083=DIRECTION('center_axis',(-0.509038303080668,0.809014862787885,-0.29389616837423));
#10084=DIRECTION('ref_axis',(-0.500003530684502,0.,0.866023365333195));
#10085=DIRECTION('',(0.618180062312682,0.106024473469147,-0.778853145069517));
#10086=DIRECTION('',(0.700626522271083,0.587788186158523,0.40450899186891));
#10087=DIRECTION('center_axis',(-0.509027533534908,0.809025258179136,-0.293886205412146));
#10088=DIRECTION('ref_axis',(-0.499998751944063,0.,0.866026124348671));
#10089=DIRECTION('',(0.700641101101278,0.587773877953962,0.404504531300391));
#10090=DIRECTION('center_axis',(-0.108544395820305,-0.992114295396951,-0.0626684849427311));
#10091=DIRECTION('ref_axis',(0.,0.063040955970176,-0.998010940756847));
#10092=DIRECTION('',(0.552331833044619,-0.00777412670847164,-0.833588093220802));
#10093=DIRECTION('',(0.515672188205341,-0.00229816339331023,-0.856782885424617));
#10094=DIRECTION('',(0.85919075303802,-0.125336446686052,0.496066553020938));
#10095=DIRECTION('center_axis',(-0.108542750398268,-0.992114544429941,-0.0626673923707624));
#10096=DIRECTION('ref_axis',(0.,0.063039845511343,-0.998011010900133));
#10097=DIRECTION('',(0.376427408485857,0.01732596545996,-0.926284090903812));
#10098=DIRECTION('',(0.859193269417441,-0.12533447542557,0.496062692668543));
#10099=DIRECTION('center_axis',(-0.108544975461441,-0.992114244231428,-0.0626682909865792));
#10100=DIRECTION('ref_axis',(0.,0.0630407648748647,-0.998010952827669));
#10101=DIRECTION('',(0.859185897516569,-0.125336851666601,0.496074860402089));
#10102=DIRECTION('',(0.499998924007622,0.,-0.866026025008036));
#10103=DIRECTION('center_axis',(-0.108544891675636,-0.992114256453826,-0.0626682426129608));
#10104=DIRECTION('ref_axis',(0.,0.0630407156335732,-0.998010955938063));
#10105=DIRECTION('',(0.3368213017697,0.0226074828582066,-0.94129714351685));
#10106=DIRECTION('',(0.859187057420648,-0.125336754925081,0.496072875922175));
#10107=DIRECTION('center_axis',(-0.108542706877352,-0.99211454442999,-0.0626674677501126));
#10108=DIRECTION('ref_axis',(0.,0.0630399210373545,-0.998011006129494));
#10109=DIRECTION('',(0.859193269417441,-0.12533447542557,0.496062692668543));
#10110=DIRECTION('center_axis',(-0.78360684674592,-0.4257724766626,-0.452413646842702));
#10111=DIRECTION('ref_axis',(-0.499998361240176,0.,0.866026349920797));
#10112=DIRECTION('',(0.4097255349425,0.193220068283213,-0.891510511002934));
#10113=DIRECTION('center_axis',(-0.783603698256508,-0.425778436275966,-0.452413491488833));
#10114=DIRECTION('ref_axis',(-0.499999739200905,0.,0.866025554356814));
#10115=DIRECTION('',(0.580615023035756,-0.760978795583864,-0.289477922641643));
#10116=DIRECTION('',(0.499999739200905,0.,-0.866025554356814));
#10117=DIRECTION('center_axis',(-0.823637274860309,-0.309024001990115,-0.475526871643125));
#10118=DIRECTION('ref_axis',(-0.499999739200905,0.,0.866025554356814));
#10119=DIRECTION('',(0.440693106839926,0.179002565894566,-0.879629278154687));
#10120=DIRECTION('center_axis',(-0.823640919241578,-0.309014465267933,-0.475526756771963));
#10121=DIRECTION('ref_axis',(-0.499997989340895,0.,0.866026564635902));
#10122=DIRECTION('',(0.454004872541528,-0.861766997450915,-0.226356395564573));
#10123=DIRECTION('',(0.499997989340895,0.,-0.866026564635902));
#10124=DIRECTION('center_axis',(-0.823637274860309,0.309024001990115,-0.475526871643125));
#10125=DIRECTION('ref_axis',(-0.499999739200905,0.,0.866025554356814));
#10126=DIRECTION('',(0.440693106839926,-0.179002565894566,-0.879629278154687));
#10127=DIRECTION('center_axis',(-0.823640919241578,0.309014465267933,-0.475526756771963));
#10128=DIRECTION('ref_axis',(-0.499997989340895,0.,0.866026564635902));
#10129=DIRECTION('',(0.454004872541528,0.861766997450915,-0.226356395564573));
#10130=DIRECTION('center_axis',(-0.318800565549719,-0.9297783512631,-0.184060905484164));
#10131=DIRECTION('ref_axis',(0.,0.194193573005037,-0.980963228772382));
#10132=DIRECTION('',(0.637046046999054,-0.0664020213175087,-0.767960354164085));
#10133=DIRECTION('',(0.805215555024002,-0.368119841229911,0.464882450131486));
#10134=DIRECTION('center_axis',(-0.318794646156044,-0.929781405184669,-0.184055731111705));
#10135=DIRECTION('ref_axis',(0.,0.1941877058741,-0.980964390223903));
#10136=DIRECTION('',(0.805223544320751,-0.36811212766139,0.464874719833346));
#10137=DIRECTION('center_axis',(0.,1.,0.));
#10138=DIRECTION('ref_axis',(0.,0.,1.));
#10139=DIRECTION('',(0.511789152353572,0.,-0.859111089169039));
#10140=DIRECTION('',(0.866055854624693,0.,0.49994725388814));
#10141=DIRECTION('',(0.499999096071281,0.,-0.866025925667299));
#10142=DIRECTION('center_axis',(0.,1.,0.));
#10143=DIRECTION('ref_axis',(0.,0.,1.));
#10144=DIRECTION('',(0.54634687314586,0.,-0.83755900938605));
#10145=DIRECTION('',(0.865991193749043,0.,0.500059248838683));
#10146=DIRECTION('center_axis',(0.,1.,0.));
#10147=DIRECTION('ref_axis',(0.,0.,1.));
#10148=DIRECTION('',(0.37681411186217,0.,-0.926288899372935));
#10149=DIRECTION('',(0.866032874599199,0.,0.499987059946003));
#10150=DIRECTION('center_axis',(0.,1.,0.));
#10151=DIRECTION('ref_axis',(0.,0.,1.));
#10152=DIRECTION('',(0.866044152869131,0.,0.499967524226514));
#10153=DIRECTION('center_axis',(-0.417224229275582,0.876298390814518,-0.240883940438718));
#10154=DIRECTION('ref_axis',(0.,0.265056109370947,0.964232989938188));
#10155=DIRECTION('',(0.354912718017254,-0.0868986317708512,-0.930852077607371));
#10156=DIRECTION('',(0.758886272098399,0.481768751733169,0.438167200819571));
#10157=DIRECTION('center_axis',(-0.417222497686521,0.876299371575505,-0.240883371781028));
#10158=DIRECTION('ref_axis',(0.,0.265055251798374,0.964233225674215));
#10159=DIRECTION('',(0.758888165348604,0.481766967831053,0.438165883200306));
#10160=DIRECTION('center_axis',(0.,-1.,0.));
#10161=DIRECTION('ref_axis',(0.,0.,-1.));
#10162=DIRECTION('',(0.511789152353572,0.,-0.859111089169039));
#10163=DIRECTION('',(0.499999096071281,0.,-0.866025925667299));
#10164=DIRECTION('',(0.866055854624693,0.,0.49994725388814));
#10165=DIRECTION('center_axis',(0.,-1.,0.));
#10166=DIRECTION('ref_axis',(0.,0.,-1.));
#10167=DIRECTION('',(0.865991193749043,0.,0.500059248838683));
#10168=DIRECTION('',(0.54634687314586,0.,-0.83755900938605));
#10169=DIRECTION('center_axis',(0.,-1.,0.));
#10170=DIRECTION('ref_axis',(0.,0.,-1.));
#10171=DIRECTION('',(0.37681411186217,0.,-0.926288899372935));
#10172=DIRECTION('',(0.866044152869131,0.,0.499967524226514));
#10173=DIRECTION('center_axis',(0.,-1.,0.));
#10174=DIRECTION('ref_axis',(0.,0.,-1.));
#10175=DIRECTION('',(0.866032874599199,0.,0.499987059946003));
#10176=DIRECTION('center_axis',(-0.85068606233455,-0.187372875638927,-0.491146239754045));
#10177=DIRECTION('ref_axis',(-0.500001842127056,0.,0.866024340229275));
#10178=DIRECTION('',(0.488295852552138,0.0643581463344617,-0.870301780637482));
#10179=DIRECTION('',(0.514214596303226,-0.102587976135266,-0.85150399652684));
#10180=DIRECTION('center_axis',(-0.850685435264361,-0.187376032796293,-0.491146121396277));
#10181=DIRECTION('ref_axis',(-0.500002028184359,0.,0.866024232808487));
#10182=DIRECTION('',(0.215108411642723,-0.976590175682996,0.));
#10183=DIRECTION('',(0.500002028184359,0.,-0.866024232808487));
#10184=DIRECTION('center_axis',(-0.850681493880577,-0.187413752615601,-0.491138556111866));
#10185=DIRECTION('ref_axis',(-0.499997989340895,0.,0.866026564635902));
#10186=DIRECTION('',(0.292370517061539,-0.945133076758998,-0.145749607098062));
#10187=DIRECTION('center_axis',(-0.667407592466597,0.637419543378874,-0.385049907462149));
#10188=DIRECTION('ref_axis',(-0.499729333532162,0.,0.866181616756844));
#10189=DIRECTION('',(0.564759972251195,0.770263308188623,0.296210414741191));
#10190=DIRECTION('',(0.552017634405633,0.770516904603113,0.318716537107891));
#10191=DIRECTION('center_axis',(-0.66728838273288,0.637414670220634,-0.385264522707784));
#10192=DIRECTION('ref_axis',(-0.500005251609691,0.,0.866022371744939));
#10193=DIRECTION('',(0.431040498784332,-0.0913419037080209,-0.897697468546475));
#10194=DIRECTION('center_axis',(-0.667280995426173,0.637423975300115,-0.385261922405594));
#10195=DIRECTION('ref_axis',(-0.500006872096251,0.,0.866021436141464));
#10196=DIRECTION('',(0.40042787740657,-0.129122795681699,-0.907185107147936));
#10197=DIRECTION('center_axis',(-0.667297200647644,0.637404373526167,-0.385266285337209));
#10198=DIRECTION('ref_axis',(-0.500002011842993,0.,0.866024242243229));
#10199=DIRECTION('',(0.74444369603855,0.555009066220953,-0.371171819836864));
#10200=DIRECTION('center_axis',(-0.864315163895367,-0.0627916085113356,
-0.499015542203932));
#10201=DIRECTION('ref_axis',(-0.500002216620712,0.,0.866024124014091));
#10202=DIRECTION('',(0.502089192236126,-0.165765885339215,-0.848780368704049));
#10203=DIRECTION('center_axis',(-0.864315202364225,-0.062792895252656,-0.499015313660691));
#10204=DIRECTION('ref_axis',(-0.500002028184359,0.,0.866024232808487));
#10205=DIRECTION('',(0.0724594857873642,-0.997371356576592,0.));
#10206=DIRECTION('center_axis',(1.,0.,0.));
#10207=DIRECTION('ref_axis',(0.,0.,-1.));
#10208=DIRECTION('',(0.,0.850365260532732,-0.526192857875417));
#10209=DIRECTION('',(0.,0.,1.));
#10210=DIRECTION('',(0.,1.,0.));
#10211=DIRECTION('center_axis',(1.,0.,0.));
#10212=DIRECTION('ref_axis',(0.,0.,-1.));
#10213=DIRECTION('',(0.,0.,1.));
#10214=DIRECTION('',(0.,1.,0.));
#10215=DIRECTION('center_axis',(0.24869222447176,0.968582561007211,0.));
#10216=DIRECTION('ref_axis',(0.,0.,1.));
#10217=DIRECTION('',(0.0303936214202413,-0.00780383379284905,-0.999507542720462));
#10218=DIRECTION('',(0.968582561007211,-0.24869222447176,0.));
#10219=DIRECTION('',(0.,0.,1.));
#10220=DIRECTION('center_axis',(0.24869222447176,0.968582561007211,0.));
#10221=DIRECTION('ref_axis',(0.,0.,1.));
#10222=DIRECTION('',(0.968582561007211,-0.24869222447176,0.));
#10223=DIRECTION('',(0.,0.,1.));
#10224=DIRECTION('center_axis',(0.125343289700456,0.99211343087727,0.));
#10225=DIRECTION('ref_axis',(0.,0.,1.));
#10226=DIRECTION('',(0.0311289539804452,-0.00393282196915019,-0.99950763935822));
#10227=DIRECTION('',(0.99211343087727,-0.125343289700456,0.));
#10228=DIRECTION('center_axis',(0.125343289700456,0.99211343087727,0.));
#10229=DIRECTION('ref_axis',(0.,0.,1.));
#10230=DIRECTION('',(0.99211343087727,-0.125343289700456,0.));
#10231=DIRECTION('',(0.,0.,1.));
#10232=DIRECTION('center_axis',(-0.24869222447176,0.968582561007211,0.));
#10233=DIRECTION('ref_axis',(0.,0.,1.));
#10234=DIRECTION('',(0.0303936214202413,0.00780383379284905,-0.999507542720462));
#10235=DIRECTION('',(0.968582561007211,0.24869222447176,0.));
#10236=DIRECTION('',(0.,0.,1.));
#10237=DIRECTION('center_axis',(-0.24869222447176,0.968582561007211,0.));
#10238=DIRECTION('ref_axis',(0.,0.,1.));
#10239=DIRECTION('',(0.968582561007211,0.24869222447176,0.));
#10240=DIRECTION('',(0.,0.,1.));
#10241=DIRECTION('center_axis',(-0.368138336320107,0.929771028442737,0.));
#10242=DIRECTION('ref_axis',(0.,0.,1.));
#10243=DIRECTION('',(0.0291748816179964,0.0115516530980474,-0.999507571553752));
#10244=DIRECTION('',(0.929771028442737,0.368138336320107,0.));
#10245=DIRECTION('center_axis',(-0.368138336320107,0.929771028442737,0.));
#10246=DIRECTION('ref_axis',(0.,0.,1.));
#10247=DIRECTION('',(0.929771028442737,0.368138336320107,0.));
#10248=DIRECTION('',(0.,0.,1.));
#10249=DIRECTION('center_axis',(-0.481734465542921,0.876317239764274,0.));
#10250=DIRECTION('ref_axis',(0.,0.,1.));
#10251=DIRECTION('',(0.0274999619107528,0.0151174470299029,-0.999507486160161));
#10252=DIRECTION('',(0.876317239764274,0.481734465542921,0.));
#10253=DIRECTION('center_axis',(-0.481734465542921,0.876317239764274,0.));
#10254=DIRECTION('ref_axis',(0.,0.,1.));
#10255=DIRECTION('',(0.876317239764274,0.481734465542921,0.));
#10256=DIRECTION('',(0.,0.,1.));
#10257=DIRECTION('center_axis',(-0.587747014039835,0.809044774711053,0.));
#10258=DIRECTION('ref_axis',(0.,0.,1.));
#10259=DIRECTION('',(0.0253892934540863,0.0184445680667672,-0.999507469550244));
#10260=DIRECTION('',(0.809044774711053,0.587747014039835,0.));
#10261=DIRECTION('center_axis',(-0.587747014039835,0.809044774711053,0.));
#10262=DIRECTION('ref_axis',(0.,0.,1.));
#10263=DIRECTION('',(0.809044774711053,0.587747014039835,0.));
#10264=DIRECTION('',(0.,0.,1.));
#10265=DIRECTION('center_axis',(-0.125329798793219,0.992115135220934,0.));
#10266=DIRECTION('ref_axis',(0.,0.,1.));
#10267=DIRECTION('',(0.0311323549848977,0.00393282155235682,-0.999507533432206));
#10268=DIRECTION('',(0.992115135220934,0.125329798793219,0.));
#10269=DIRECTION('',(0.,0.,1.));
#10270=DIRECTION('center_axis',(-0.125329798793219,0.992115135220934,0.));
#10271=DIRECTION('ref_axis',(0.,0.,1.));
#10272=DIRECTION('',(0.992115135220934,0.125329798793219,0.));
#10273=DIRECTION('center_axis',(0.24869222447176,-0.968582561007211,0.));
#10274=DIRECTION('ref_axis',(0.,0.,-1.));
#10275=DIRECTION('',(0.0303936214202413,0.00780383379284905,0.999507542720462));
#10276=DIRECTION('',(0.968582561007211,0.24869222447176,0.));
#10277=DIRECTION('',(0.,0.,1.));
#10278=DIRECTION('center_axis',(0.24869222447176,-0.968582561007211,0.));
#10279=DIRECTION('ref_axis',(0.,0.,-1.));
#10280=DIRECTION('',(0.968582561007211,0.24869222447176,0.));
#10281=DIRECTION('',(0.,0.,1.));
#10282=DIRECTION('center_axis',(0.316226429012194,-0.948683743717682,0.));
#10283=DIRECTION('ref_axis',(0.,0.,-1.));
#10284=DIRECTION('',(0.356876656541222,0.11895832667438,0.926546258171059));
#10285=DIRECTION('',(0.948683743717682,0.316226429012194,0.));
#10286=DIRECTION('center_axis',(0.316226429012194,-0.948683743717682,0.));
#10287=DIRECTION('ref_axis',(0.,0.,-1.));
#10288=DIRECTION('',(0.948683743717682,0.316226429012194,0.));
#10289=DIRECTION('',(0.,0.,1.));
#10290=DIRECTION('center_axis',(0.,1.,0.));
#10291=DIRECTION('ref_axis',(0.,0.,1.));
#10292=DIRECTION('',(0.0313808680640128,0.,-0.999507499281296));
#10293=DIRECTION('',(1.,0.,0.));
#10294=DIRECTION('center_axis',(0.,1.,0.));
#10295=DIRECTION('ref_axis',(0.,0.,1.));
#10296=DIRECTION('',(1.,0.,0.));
#10297=DIRECTION('center_axis',(-0.62470756325486,0.780858796718187,0.));
#10298=DIRECTION('ref_axis',(0.,0.,1.));
#10299=DIRECTION('',(0.103150972571055,0.0825234895131607,-0.991236475588049));
#10300=DIRECTION('',(0.780858796718187,0.62470756325486,0.));
#10301=DIRECTION('center_axis',(-0.62470756325486,0.780858796718187,0.));
#10302=DIRECTION('ref_axis',(0.,0.,1.));
#10303=DIRECTION('',(0.780858796718187,0.62470756325486,0.));
#10304=DIRECTION('',(0.,0.,1.));
#10305=DIRECTION('center_axis',(-0.62470756325486,-0.780858796718187,0.));
#10306=DIRECTION('ref_axis',(0.,0.,1.));
#10307=DIRECTION('',(0.103150972571055,-0.0825234895131607,0.991236475588049));
#10308=DIRECTION('',(0.780858796718187,-0.62470756325486,0.));
#10309=DIRECTION('',(0.,0.,1.));
#10310=DIRECTION('center_axis',(-0.62470756325486,-0.780858796718187,0.));
#10311=DIRECTION('ref_axis',(0.,0.,1.));
#10312=DIRECTION('',(0.780858796718187,-0.62470756325486,0.));
#10313=DIRECTION('',(0.,0.,1.));
#10314=DIRECTION('center_axis',(-0.587747014039835,-0.809044774711053,0.));
#10315=DIRECTION('ref_axis',(0.,0.,1.));
#10316=DIRECTION('',(0.0253892934540863,-0.0184445680667672,0.999507469550244));
#10317=DIRECTION('',(0.809044774711053,-0.587747014039835,0.));
#10318=DIRECTION('center_axis',(-0.587747014039835,-0.809044774711053,0.));
#10319=DIRECTION('ref_axis',(0.,0.,1.));
#10320=DIRECTION('',(0.809044774711053,-0.587747014039835,0.));
#10321=DIRECTION('',(0.,0.,1.));
#10322=DIRECTION('center_axis',(0.125343289700456,-0.99211343087727,0.));
#10323=DIRECTION('ref_axis',(0.,0.,-1.));
#10324=DIRECTION('',(0.0311289539804452,0.00393282196915019,0.99950763935822));
#10325=DIRECTION('',(0.99211343087727,0.125343289700456,0.));
#10326=DIRECTION('',(0.,0.,1.));
#10327=DIRECTION('center_axis',(0.125343289700456,-0.99211343087727,0.));
#10328=DIRECTION('ref_axis',(0.,0.,-1.));
#10329=DIRECTION('',(0.99211343087727,0.125343289700456,0.));
#10330=DIRECTION('center_axis',(-0.24869222447176,-0.968582561007211,0.));
#10331=DIRECTION('ref_axis',(0.,0.,-1.));
#10332=DIRECTION('',(0.0303936214202413,-0.00780383379284905,0.999507542720462));
#10333=DIRECTION('',(0.968582561007211,-0.24869222447176,0.));
#10334=DIRECTION('',(0.,0.,1.));
#10335=DIRECTION('center_axis',(-0.24869222447176,-0.968582561007211,0.));
#10336=DIRECTION('ref_axis',(0.,0.,-1.));
#10337=DIRECTION('',(0.968582561007211,-0.24869222447176,0.));
#10338=DIRECTION('',(0.,0.,1.));
#10339=DIRECTION('center_axis',(0.,-1.,0.));
#10340=DIRECTION('ref_axis',(0.,0.,-1.));
#10341=DIRECTION('',(0.0313808680640128,0.,0.999507499281296));
#10342=DIRECTION('',(1.,0.,0.));
#10343=DIRECTION('',(0.,0.,1.));
#10344=DIRECTION('center_axis',(0.,-1.,0.));
#10345=DIRECTION('ref_axis',(0.,0.,-1.));
#10346=DIRECTION('',(1.,0.,0.));
#10347=DIRECTION('center_axis',(-0.368138336320107,-0.929771028442737,0.));
#10348=DIRECTION('ref_axis',(0.,0.,-1.));
#10349=DIRECTION('',(0.0291748816179964,-0.0115516530980474,0.999507571553752));
#10350=DIRECTION('',(0.929771028442737,-0.368138336320107,0.));
#10351=DIRECTION('',(0.,0.,1.));
#10352=DIRECTION('center_axis',(-0.368138336320107,-0.929771028442737,0.));
#10353=DIRECTION('ref_axis',(0.,0.,-1.));
#10354=DIRECTION('',(0.929771028442737,-0.368138336320107,0.));
#10355=DIRECTION('center_axis',(0.316226429012194,0.948683743717682,0.));
#10356=DIRECTION('ref_axis',(0.,0.,1.));
#10357=DIRECTION('',(0.356876656541222,-0.11895832667438,-0.926546258171059));
#10358=DIRECTION('',(0.948683743717682,-0.316226429012194,0.));
#10359=DIRECTION('',(0.,0.,1.));
#10360=DIRECTION('center_axis',(0.316226429012194,0.948683743717682,0.));
#10361=DIRECTION('ref_axis',(0.,0.,1.));
#10362=DIRECTION('',(0.948683743717682,-0.316226429012194,0.));
#10363=DIRECTION('center_axis',(-0.125329798793219,-0.992115135220934,0.));
#10364=DIRECTION('ref_axis',(0.,0.,-1.));
#10365=DIRECTION('',(0.0311323549848977,-0.00393282155235682,0.999507533432206));
#10366=DIRECTION('',(0.992115135220934,-0.125329798793219,0.));
#10367=DIRECTION('center_axis',(-0.125329798793219,-0.992115135220934,0.));
#10368=DIRECTION('ref_axis',(0.,0.,-1.));
#10369=DIRECTION('',(0.992115135220934,-0.125329798793219,0.));
#10370=DIRECTION('center_axis',(-0.481734465542921,-0.876317239764274,0.));
#10371=DIRECTION('ref_axis',(0.,0.,-1.));
#10372=DIRECTION('',(0.0274999619107528,-0.0151174470299029,0.999507486160161));
#10373=DIRECTION('',(0.876317239764274,-0.481734465542921,0.));
#10374=DIRECTION('center_axis',(-0.481734465542921,-0.876317239764274,0.));
#10375=DIRECTION('ref_axis',(0.,0.,-1.));
#10376=DIRECTION('',(0.876317239764274,-0.481734465542921,0.));
#10377=DIRECTION('center_axis',(0.,-1.,0.));
#10378=DIRECTION('ref_axis',(0.,0.,-1.));
#10379=DIRECTION('',(0.209883953721997,0.,0.977726304223233));
#10380=DIRECTION('',(1.,0.,0.));
#10381=DIRECTION('center_axis',(0.,-1.,0.));
#10382=DIRECTION('ref_axis',(0.,0.,-1.));
#10383=DIRECTION('',(1.,0.,0.));
#10384=DIRECTION('center_axis',(0.,-1.,0.));
#10385=DIRECTION('ref_axis',(0.,0.,-1.));
#10386=DIRECTION('',(0.531972415386209,0.,0.846761683868704));
#10387=DIRECTION('center_axis',(0.,-1.,0.));
#10388=DIRECTION('ref_axis',(0.,0.,-1.));
#10389=DIRECTION('',(1.,0.,0.));
#10390=DIRECTION('center_axis',(0.,1.,0.));
#10391=DIRECTION('ref_axis',(0.,0.,1.));
#10392=DIRECTION('',(0.209883953721997,0.,-0.977726304223233));
#10393=DIRECTION('',(1.,0.,0.));
#10394=DIRECTION('center_axis',(0.,1.,0.));
#10395=DIRECTION('ref_axis',(0.,0.,1.));
#10396=DIRECTION('',(1.,0.,0.));
#10397=DIRECTION('center_axis',(0.,1.,0.));
#10398=DIRECTION('ref_axis',(0.,0.,1.));
#10399=DIRECTION('',(0.531972415386209,0.,-0.846761683868704));
#10400=DIRECTION('center_axis',(0.,1.,0.));
#10401=DIRECTION('ref_axis',(0.,0.,1.));
#10402=DIRECTION('',(1.,0.,0.));
#10403=DIRECTION('center_axis',(0.,0.,1.));
#10404=DIRECTION('ref_axis',(1.,0.,0.));
#10405=DIRECTION('',(0.131675018734559,-0.991292938258542,0.));
#10406=DIRECTION('center_axis',(0.,0.,1.));
#10407=DIRECTION('ref_axis',(1.,0.,0.));
#10408=DIRECTION('',(0.,1.,0.));
#10409=DIRECTION('center_axis',(0.,0.,1.));
#10410=DIRECTION('ref_axis',(1.,0.,0.));
#10411=DIRECTION('',(0.998026643482437,0.0627918696901115,0.));
#10412=DIRECTION('',(1.,0.,0.));
#10413=DIRECTION('center_axis',(0.,0.,1.));
#10414=DIRECTION('ref_axis',(1.,0.,0.));
#10415=DIRECTION('',(0.99211444982665,0.125335224279384,0.));
#10416=DIRECTION('center_axis',(0.,0.,1.));
#10417=DIRECTION('ref_axis',(1.,0.,0.));
#10418=DIRECTION('',(0.982285496137685,-0.187390512239925,0.));
#10419=DIRECTION('center_axis',(0.,0.,1.));
#10420=DIRECTION('ref_axis',(1.,0.,0.));
#10421=DIRECTION('',(0.992114407424158,-0.125335559923799,0.));
#10422=DIRECTION('center_axis',(0.,0.,1.));
#10423=DIRECTION('ref_axis',(1.,0.,0.));
#10424=DIRECTION('',(0.998026646292284,-0.0627918250298224,0.));
#10425=DIRECTION('center_axis',(0.,0.,1.));
#10426=DIRECTION('ref_axis',(1.,0.,0.));
#10427=DIRECTION('',(0.982285496137685,0.187390512239925,0.));
#10428=DIRECTION('center_axis',(0.,0.,1.));
#10429=DIRECTION('ref_axis',(1.,0.,0.));
#10430=DIRECTION('center_axis',(0.,0.,1.));
#10431=DIRECTION('ref_axis',(1.,0.,0.));
#10432=DIRECTION('',(0.992114407424158,0.125335559923799,0.));
#10433=DIRECTION('center_axis',(0.,0.,1.));
#10434=DIRECTION('ref_axis',(1.,0.,0.));
#10435=DIRECTION('',(0.982287165786392,0.187381759868292,0.));
#10436=DIRECTION('center_axis',(0.,0.,1.));
#10437=DIRECTION('ref_axis',(1.,0.,0.));
#10438=DIRECTION('',(0.998026646292284,0.0627918250298224,0.));
#10439=DIRECTION('center_axis',(0.,0.,1.));
#10440=DIRECTION('ref_axis',(1.,0.,0.));
#10441=DIRECTION('',(0.935753041642397,-0.352655986844123,0.));
#10442=DIRECTION('',(1.,0.,0.));
#10443=DIRECTION('center_axis',(0.,0.,1.));
#10444=DIRECTION('ref_axis',(1.,0.,0.));
#10445=DIRECTION('',(1.,0.,0.));
#10446=DIRECTION('center_axis',(0.,0.,1.));
#10447=DIRECTION('ref_axis',(1.,0.,0.));
#10448=DIRECTION('',(0.935753041642397,0.352655986844123,0.));
#10449=DIRECTION('center_axis',(0.,0.,1.));
#10450=DIRECTION('ref_axis',(1.,0.,0.));
#10451=DIRECTION('',(0.998026643482437,-0.0627918696901115,0.));
#10452=DIRECTION('center_axis',(0.,0.,1.));
#10453=DIRECTION('ref_axis',(1.,0.,0.));
#10454=DIRECTION('',(1.,0.,0.));
#10455=DIRECTION('center_axis',(0.,0.,1.));
#10456=DIRECTION('ref_axis',(1.,0.,0.));
#10457=DIRECTION('',(0.99211444982665,-0.125335224279384,0.));
#10458=DIRECTION('center_axis',(0.,0.,1.));
#10459=DIRECTION('ref_axis',(1.,0.,0.));
#10460=DIRECTION('',(0.409711902693118,-0.912214972904734,0.));
#10461=DIRECTION('center_axis',(0.,0.,1.));
#10462=DIRECTION('ref_axis',(1.,0.,0.));
#10463=DIRECTION('',(0.982287165786392,-0.187381759868292,0.));
#10464=DIRECTION('center_axis',(0.,0.,1.));
#10465=DIRECTION('ref_axis',(1.,0.,0.));
#10466=DIRECTION('center_axis',(0.,0.,1.));
#10467=DIRECTION('ref_axis',(1.,0.,0.));
#10468=DIRECTION('center_axis',(0.,0.,-1.));
#10469=DIRECTION('ref_axis',(-1.,0.,0.));
#10470=DIRECTION('',(0.131675018734559,0.991292938258542,0.));
#10471=DIRECTION('center_axis',(0.,0.,-1.));
#10472=DIRECTION('ref_axis',(-1.,0.,0.));
#10473=DIRECTION('',(0.,1.,0.));
#10474=DIRECTION('center_axis',(0.,0.,-1.));
#10475=DIRECTION('ref_axis',(-1.,0.,0.));
#10476=DIRECTION('',(0.998026643482437,-0.0627918696901115,0.));
#10477=DIRECTION('',(1.,0.,0.));
#10478=DIRECTION('center_axis',(0.,0.,-1.));
#10479=DIRECTION('ref_axis',(-1.,0.,0.));
#10480=DIRECTION('',(0.99211444982665,-0.125335224279384,0.));
#10481=DIRECTION('center_axis',(0.,0.,-1.));
#10482=DIRECTION('ref_axis',(-1.,0.,0.));
#10483=DIRECTION('',(0.982285496137685,0.187390512239925,0.));
#10484=DIRECTION('center_axis',(0.,0.,-1.));
#10485=DIRECTION('ref_axis',(-1.,0.,0.));
#10486=DIRECTION('',(0.992114407424158,0.125335559923799,0.));
#10487=DIRECTION('center_axis',(0.,0.,-1.));
#10488=DIRECTION('ref_axis',(-1.,0.,0.));
#10489=DIRECTION('',(0.998026646292284,0.0627918250298224,0.));
#10490=DIRECTION('center_axis',(0.,0.,-1.));
#10491=DIRECTION('ref_axis',(-1.,0.,0.));
#10492=DIRECTION('',(0.982285496137685,-0.187390512239925,0.));
#10493=DIRECTION('center_axis',(0.,0.,-1.));
#10494=DIRECTION('ref_axis',(-1.,0.,0.));
#10495=DIRECTION('center_axis',(0.,0.,-1.));
#10496=DIRECTION('ref_axis',(-1.,0.,0.));
#10497=DIRECTION('',(0.992114407424158,-0.125335559923799,0.));
#10498=DIRECTION('center_axis',(0.,0.,-1.));
#10499=DIRECTION('ref_axis',(-1.,0.,0.));
#10500=DIRECTION('',(0.982287165786392,-0.187381759868292,0.));
#10501=DIRECTION('center_axis',(0.,0.,-1.));
#10502=DIRECTION('ref_axis',(-1.,0.,0.));
#10503=DIRECTION('',(0.998026646292284,-0.0627918250298224,0.));
#10504=DIRECTION('center_axis',(0.,0.,-1.));
#10505=DIRECTION('ref_axis',(-1.,0.,0.));
#10506=DIRECTION('',(0.935753041642397,0.352655986844123,0.));
#10507=DIRECTION('',(1.,0.,0.));
#10508=DIRECTION('center_axis',(0.,0.,-1.));
#10509=DIRECTION('ref_axis',(-1.,0.,0.));
#10510=DIRECTION('',(1.,0.,0.));
#10511=DIRECTION('center_axis',(0.,0.,-1.));
#10512=DIRECTION('ref_axis',(-1.,0.,0.));
#10513=DIRECTION('',(0.935753041642397,-0.352655986844123,0.));
#10514=DIRECTION('center_axis',(0.,0.,-1.));
#10515=DIRECTION('ref_axis',(-1.,0.,0.));
#10516=DIRECTION('',(0.998026643482437,0.0627918696901115,0.));
#10517=DIRECTION('center_axis',(0.,0.,-1.));
#10518=DIRECTION('ref_axis',(-1.,0.,0.));
#10519=DIRECTION('',(1.,0.,0.));
#10520=DIRECTION('center_axis',(0.,0.,-1.));
#10521=DIRECTION('ref_axis',(-1.,0.,0.));
#10522=DIRECTION('',(0.99211444982665,0.125335224279384,0.));
#10523=DIRECTION('center_axis',(0.,0.,-1.));
#10524=DIRECTION('ref_axis',(-1.,0.,0.));
#10525=DIRECTION('',(0.409711902693118,0.912214972904734,0.));
#10526=DIRECTION('center_axis',(0.,0.,-1.));
#10527=DIRECTION('ref_axis',(-1.,0.,0.));
#10528=DIRECTION('',(0.982287165786392,0.187381759868292,0.));
#10529=DIRECTION('center_axis',(0.,0.,-1.));
#10530=DIRECTION('ref_axis',(-1.,0.,0.));
#10531=DIRECTION('',(0.,1.,0.));
#10532=DIRECTION('center_axis',(0.,0.,-1.));
#10533=DIRECTION('ref_axis',(-1.,0.,0.));
#10534=DIRECTION('center_axis',(0.,0.,-1.));
#10535=DIRECTION('ref_axis',(-1.,0.,0.));
#10536=DIRECTION('',(0.362331604193558,0.93204925224074,0.));
#10537=DIRECTION('center_axis',(0.,0.,-1.));
#10538=DIRECTION('ref_axis',(-1.,0.,0.));
#10539=DIRECTION('center_axis',(-0.500018201941636,-2.50233269065408E-5,
0.866014894271967));
#10540=DIRECTION('ref_axis',(0.866014894543102,0.,0.500018202098183));
#10541=DIRECTION('',(0.667283661306248,-0.637424350937563,0.385256683505368));
#10542=DIRECTION('',(0.552030334557351,-0.770511308534955,0.318708068847104));
#10543=DIRECTION('',(0.700627461244498,-0.587786301500415,0.404510104099457));
#10544=DIRECTION('center_axis',(-0.4999953163966,1.13491368433345E-5,0.866028107772872));
#10545=DIRECTION('ref_axis',(0.866028107828645,0.,0.4999953164288));
#10546=DIRECTION('',(0.631303864799264,-0.684546579361397,0.364487874934302));
#10547=DIRECTION('',(0.731207621947975,-0.535828711236561,0.422164666711645));
#10548=DIRECTION('center_axis',(0.500012762319241,1.24124532247782E-5,-0.866018035241654));
#10549=DIRECTION('ref_axis',(-0.866018035308367,0.,-0.500012762357759));
#10550=DIRECTION('',(0.417216797130582,-0.87630414828429,0.240875868222293));
#10551=DIRECTION('',(0.464043811510527,-0.844325798071053,0.267912836031539));
#10552=DIRECTION('',(0.631304284852367,-0.684547034840812,0.364486291947575));
#10553=DIRECTION('center_axis',(0.,-1.,0.));
#10554=DIRECTION('ref_axis',(0.,0.,-1.));
#10555=DIRECTION('',(0.67275264465005,0.,-0.739867474022452));
#10556=DIRECTION('',(0.499999096071281,0.,-0.866025925667299));
#10557=DIRECTION('',(0.866015704387863,0.,0.500016799471371));
#10558=DIRECTION('center_axis',(0.,-1.,0.));
#10559=DIRECTION('ref_axis',(0.,0.,-1.));
#10560=DIRECTION('',(0.499999096071281,0.,-0.866025925667299));
#10561=DIRECTION('',(0.866015704387863,0.,0.500016799471371));
#10562=DIRECTION('center_axis',(-0.500016770436224,0.00034078832732253,
0.866015654099766));
#10563=DIRECTION('ref_axis',(0.866015704387863,0.,0.500016799471371));
#10564=DIRECTION('',(0.864317476560859,0.0627913104035623,0.499011574063441));
#10565=DIRECTION('',(0.85920857117015,0.125330456861871,0.496037204058873));
#10566=DIRECTION('center_axis',(0.500019973359912,0.000166118281950455,
-0.866013855920256));
#10567=DIRECTION('ref_axis',(-0.866013867869205,0.,-0.500019980259008));
#10568=DIRECTION('',(0.838829175195927,-0.248680576551491,0.484276352598533));
#10569=DIRECTION('',(0.859195438780116,-0.125333794968375,0.496059107182067));
#10570=DIRECTION('',(0.864310073375255,-0.0627928987321153,0.499024196738876));
#10571=DIRECTION('center_axis',(-0.592835479513499,-0.728968694174459,-0.342272898640229));
#10572=DIRECTION('ref_axis',(-0.499999096071281,0.,0.866025925667299));
#10573=DIRECTION('',(0.622833009772271,-0.145598406055502,-0.768687287583261));
#10574=DIRECTION('',(0.499999096071281,0.,-0.866025925667299));
#10575=DIRECTION('center_axis',(-0.592835153063837,-0.728969121893456,-0.34227255311763));
#10576=DIRECTION('ref_axis',(-0.499998924007622,0.,0.866026025008036));
#10577=DIRECTION('',(0.499998924007622,0.,-0.866026025008036));
#10578=DIRECTION('center_axis',(-0.499958708963842,7.79529191510448E-5,
0.866049238354581));
#10579=DIRECTION('ref_axis',(0.866049240985924,0.,0.499958710482881));
#10580=DIRECTION('',(0.70062095405556,-0.587792706759217,0.404512067334153));
#10581=DIRECTION('',(0.758907446216641,-0.481750550531751,0.438150539357526));
#10582=DIRECTION('center_axis',(0.499999909006929,2.52809278909833E-7,-0.86602545631927));
#10583=DIRECTION('ref_axis',(-0.866025456319297,0.,-0.499999909006945));
#10584=DIRECTION('',(0.566182751348758,0.756691943181712,0.326885905476261));
#10585=DIRECTION('',(0.700629538823273,-0.587785009444548,0.404508383102946));
#10586=DIRECTION('',(0.82131527294747,0.317156614120465,0.474186571449324));
#10587=DIRECTION('center_axis',(0.499999355741956,8.04771384577021E-7,-0.8660257757463));
#10588=DIRECTION('ref_axis',(-0.86602577574658,0.,-0.499999355742118));
#10589=DIRECTION('',(0.86602577574658,0.,0.499999355742118));
#10590=DIRECTION('',(0.75837705746962,0.482858762031147,0.437848894749626));
#10591=DIRECTION('center_axis',(0.499938840457578,0.000127520547496254,
-0.866060701995213));
#10592=DIRECTION('ref_axis',(-0.866060709036932,0.,-0.499938844522454));
#10593=DIRECTION('',(0.840067581621098,0.243085603628488,0.484969945066551));
#10594=DIRECTION('',(0.759713284747092,0.480050385565491,0.438619826612075));
#10595=DIRECTION('center_axis',(0.499967524226514,0.,-0.866044152869131));
#10596=DIRECTION('ref_axis',(-0.866044152869131,0.,-0.499967524226514));
#10597=DIRECTION('',(0.166772421442539,0.98128362443504,0.0962777641089704));
#10598=DIRECTION('',(0.,1.,0.));
#10599=DIRECTION('center_axis',(0.500006427977319,-8.81549976711986E-6,
-0.866021692513328));
#10600=DIRECTION('ref_axis',(-0.866021692546979,0.,-0.500006427996748));
#10601=DIRECTION('',(0.364474848322129,0.907127231799326,0.210424024932167));
#10602=DIRECTION('center_axis',(0.499982577132796,1.31416772996966E-5,-0.866035462548125));
#10603=DIRECTION('ref_axis',(-0.866035462622908,0.,-0.49998257717597));
#10604=DIRECTION('',(0.628125315497542,0.688439850158469,0.362641918074701));
#10605=DIRECTION('',(0.492651203483242,0.822431440043497,0.284431570214162));
#10606=DIRECTION('center_axis',(0.500017485370526,-1.47391959769822E-5,
-0.866015308240271));
#10607=DIRECTION('ref_axis',(-0.866015308334339,0.,-0.500017485424839));
#10608=DIRECTION('center_axis',(0.500027647505795,-4.16877258924287E-5,
-0.866009439897715));
#10609=DIRECTION('ref_axis',(-0.866009440650219,0.,-0.500027647940286));
#10610=DIRECTION('',(0.656444803242052,0.652259850393435,0.378995129073235));
#10611=DIRECTION('center_axis',(0.499989515263842,9.48220515808228E-6,-0.866031457013148));
#10612=DIRECTION('ref_axis',(-0.866031457052082,0.,-0.49998951528632));
#10613=DIRECTION('',(0.679270010646298,0.62031680878006,0.392172550520177));
#10614=DIRECTION('center_axis',(0.500002892677058,-1.00493851565246E-5,
-0.866023733631813));
#10615=DIRECTION('ref_axis',(-0.866023733675543,0.,-0.500002892702305));
#10616=DIRECTION('',(0.858421089566083,0.132219673067762,0.495611935935801));
#10617=DIRECTION('center_axis',(0.49999636460984,4.64565193565154E-5,-0.866027501421714));
#10618=DIRECTION('ref_axis',(-0.866027502356247,0.,-0.499996365149388));
#10619=DIRECTION('',(0.861221546941017,0.105178157479939,0.497227314488702));
#10620=DIRECTION('center_axis',(0.499986050528917,3.64720881108426E-5,-0.866033456597539));
#10621=DIRECTION('ref_axis',(-0.866033457173544,0.,-0.499986050861461));
#10622=DIRECTION('',(0.803114432974905,0.374180425978566,0.463676844754938));
#10623=DIRECTION('',(0.81489244382623,0.338531326050708,0.470475128223867));
#10624=DIRECTION('center_axis',(0.500008638059915,-3.60227780938574E-5,
-0.866020415791584));
#10625=DIRECTION('ref_axis',(-0.866020416353476,0.,-0.500008638384331));
#10626=DIRECTION('',(0.845797826169608,0.214862263052514,0.488323914182705));
#10627=DIRECTION('center_axis',(0.500001268577041,-7.07736824308992E-6,
-0.866024671340984));
#10628=DIRECTION('ref_axis',(-0.866024671362674,0.,-0.500001268589564));
#10629=DIRECTION('',(0.866024671362674,0.,0.500001268589564));
#10630=DIRECTION('center_axis',(0.500001708365342,3.50428534260556E-7,-0.866024417456931));
#10631=DIRECTION('ref_axis',(-0.866024417456984,0.,-0.500001708365373));
#10632=DIRECTION('',(0.856985148349837,-0.144105636683827,0.49478280182698));
#10633=DIRECTION('center_axis',(0.500001664170954,0.,-0.866024442972758));
#10634=DIRECTION('ref_axis',(-0.866024442972758,0.,-0.500001664170954));
#10635=DIRECTION('',(0.,1.,0.));
#10636=DIRECTION('center_axis',(0.499967524226514,0.,-0.866044152869131));
#10637=DIRECTION('ref_axis',(-0.866044152869131,0.,-0.499967524226514));
#10638=DIRECTION('',(0.166772421442539,-0.98128362443504,0.0962777641089704));
#10639=DIRECTION('',(0.,1.,0.));
#10640=DIRECTION('center_axis',(0.500017485370526,1.47391959769822E-5,-0.866015308240271));
#10641=DIRECTION('ref_axis',(-0.866015308334339,0.,-0.500017485424839));
#10642=DIRECTION('',(0.364474848322129,-0.907127231799326,0.210424024932167));
#10643=DIRECTION('',(0.492651203483242,-0.822431440043497,0.284431570214162));
#10644=DIRECTION('center_axis',(0.500002892677058,1.00493851565246E-5,-0.866023733631813));
#10645=DIRECTION('ref_axis',(-0.866023733675543,0.,-0.500002892702305));
#10646=DIRECTION('',(0.679270010646298,-0.62031680878006,0.392172550520177));
#10647=DIRECTION('',(0.82131527294747,-0.317156614120465,0.474186571449324));
#10648=DIRECTION('',(0.858421089566083,-0.132219673067762,0.495611935935801));
#10649=DIRECTION('center_axis',(0.500006427977319,8.81549976711986E-6,-0.866021692513328));
#10650=DIRECTION('ref_axis',(-0.866021692546979,0.,-0.500006427996748));
#10651=DIRECTION('center_axis',(0.499982577132796,-1.31416772996966E-5,
-0.866035462548125));
#10652=DIRECTION('ref_axis',(-0.866035462622908,0.,-0.49998257717597));
#10653=DIRECTION('',(0.628125315497542,-0.688439850158469,0.362641918074701));
#10654=DIRECTION('center_axis',(0.500027647505795,4.16877258924287E-5,-0.866009439897715));
#10655=DIRECTION('ref_axis',(-0.866009440650219,0.,-0.500027647940286));
#10656=DIRECTION('',(0.656444803242052,-0.652259850393435,0.378995129073235));
#10657=DIRECTION('center_axis',(0.499989515263842,-9.48220515808228E-6,
-0.866031457013148));
#10658=DIRECTION('ref_axis',(-0.866031457052082,0.,-0.49998951528632));
#10659=DIRECTION('center_axis',(0.49999636460984,-4.64565193565154E-5,-0.866027501421714));
#10660=DIRECTION('ref_axis',(-0.866027502356247,0.,-0.499996365149388));
#10661=DIRECTION('',(0.861221546941017,-0.105178157479939,0.497227314488702));
#10662=DIRECTION('center_axis',(0.500001268577041,7.07736824308992E-6,-0.866024671340984));
#10663=DIRECTION('ref_axis',(-0.866024671362674,0.,-0.500001268589564));
#10664=DIRECTION('',(0.803114432974905,-0.374180425978566,0.463676844754938));
#10665=DIRECTION('',(0.866024671362674,0.,0.500001268589564));
#10666=DIRECTION('center_axis',(0.499986050528917,-3.64720881108426E-5,
-0.866033456597539));
#10667=DIRECTION('ref_axis',(-0.866033457173544,0.,-0.499986050861461));
#10668=DIRECTION('',(0.81489244382623,-0.338531326050708,0.470475128223867));
#10669=DIRECTION('center_axis',(0.500008638059915,3.60227780938574E-5,-0.866020415791584));
#10670=DIRECTION('ref_axis',(-0.866020416353476,0.,-0.500008638384331));
#10671=DIRECTION('',(0.845797826169608,-0.214862263052514,0.488323914182705));
#10672=DIRECTION('center_axis',(0.500001708365342,-3.50428534260556E-7,
-0.866024417456931));
#10673=DIRECTION('ref_axis',(-0.866024417456984,0.,-0.500001708365373));
#10674=DIRECTION('',(0.856985148349837,0.144105636683827,0.49478280182698));
#10675=DIRECTION('center_axis',(0.500001664170954,0.,-0.866024442972758));
#10676=DIRECTION('ref_axis',(-0.866024442972758,0.,-0.500001664170954));
#10677=DIRECTION('',(0.,1.,0.));
#10678=DIRECTION('center_axis',(-0.499942735812614,1.28941038659436E-5,
0.866058462658232));
#10679=DIRECTION('ref_axis',(0.866058462730227,0.,0.499942735854174));
#10680=DIRECTION('',(0.162276312331271,-0.982287367119626,0.0936905910609825));
#10681=DIRECTION('',(0.108532379388444,-0.992115741624827,0.0626664012410305));
#10682=DIRECTION('',(0.267632255738492,-0.951052162852006,0.154508120248897));
#10683=DIRECTION('center_axis',(-0.823633211460209,-0.309030392440671,-0.475529756721605));
#10684=DIRECTION('ref_axis',(-0.500003864429378,0.,0.866023172643601));
#10685=DIRECTION('',(0.545485834554023,-0.202282311307369,-0.813343144578627));
#10686=DIRECTION('',(0.500003864429378,0.,-0.866023172643601));
#10687=DIRECTION('center_axis',(-0.823629391275467,-0.30905327138948,-0.475521504530199));
#10688=DIRECTION('ref_axis',(-0.499999096071281,0.,0.866025925667299));
#10689=DIRECTION('',(0.499999096071281,0.,-0.866025925667299));
#10690=DIRECTION('',(0.267659371272732,-0.951044728173981,0.154506912409652));
#10691=DIRECTION('center_axis',(-0.500018201941636,2.50233269065408E-5,
0.866014894271967));
#10692=DIRECTION('ref_axis',(0.866014894543102,0.,0.500018202098183));
#10693=DIRECTION('',(0.552030334557351,0.770511308534955,0.318708068847104));
#10694=DIRECTION('',(0.667283661306248,0.637424350937563,0.385256683505368));
#10695=DIRECTION('',(0.700627461244498,0.587786301500415,0.404510104099457));
#10696=DIRECTION('center_axis',(-0.4999953163966,-1.13491368433345E-5,0.866028107772872));
#10697=DIRECTION('ref_axis',(0.866028107828645,0.,0.4999953164288));
#10698=DIRECTION('',(0.631303864799264,0.684546579361397,0.364487874934302));
#10699=DIRECTION('',(0.731207621947975,0.535828711236561,0.422164666711645));
#10700=DIRECTION('center_axis',(-0.592835479513499,0.728968694174459,-0.342272898640229));
#10701=DIRECTION('ref_axis',(-0.499999096071281,0.,0.866025925667299));
#10702=DIRECTION('',(0.622833009772271,0.145598406055502,-0.768687287583261));
#10703=DIRECTION('',(0.631304284852367,0.684547034840812,0.364486291947575));
#10704=DIRECTION('',(0.499999096071281,0.,-0.866025925667299));
#10705=DIRECTION('center_axis',(-0.592835153063837,0.728969121893456,-0.34227255311763));
#10706=DIRECTION('ref_axis',(-0.499998924007622,0.,0.866026025008036));
#10707=DIRECTION('',(0.499998924007622,0.,-0.866026025008036));
#10708=DIRECTION('center_axis',(-0.10854488515106,0.992114257405609,-0.062668238846006));
#10709=DIRECTION('ref_axis',(0.,0.0630407117990509,0.998010956180276));
#10710=DIRECTION('',(0.6713024654266,0.0266580552471679,-0.740703954358695));
#10711=DIRECTION('',(0.859193279586019,0.125336747411734,0.496062101014044));
#10712=DIRECTION('',(0.499998924007622,0.,-0.866026025008036));
#10713=DIRECTION('center_axis',(-0.108544970994066,0.992114243066794,-0.0626683171618655));
#10714=DIRECTION('ref_axis',(0.,0.0630407911747923,0.998010951166397));
#10715=DIRECTION('',(0.85919405764762,0.125336860913215,0.496060724709626));
#10716=DIRECTION('',(0.499999096071281,0.,-0.866025925667299));
#10717=DIRECTION('center_axis',(0.108539424945411,0.99211505208564,0.0626651151568996));
#10718=DIRECTION('ref_axis',(0.,-0.0630375317386932,0.998011157048003));
#10719=DIRECTION('',(0.671309483971444,-0.0266578405660411,-0.740697601093961));
#10720=DIRECTION('',(0.85920857117015,-0.125330456861871,0.496037204058873));
#10721=DIRECTION('',(0.499999096071281,0.,-0.866025925667299));
#10722=DIRECTION('center_axis',(0.108539424945411,0.99211505208564,0.0626651151568996));
#10723=DIRECTION('ref_axis',(0.,-0.0630375317386932,0.998011157048003));
#10724=DIRECTION('',(0.85920857117015,-0.125330456861871,0.496037204058873));
#10725=DIRECTION('',(0.499999096071281,0.,-0.866025925667299));
#10726=DIRECTION('center_axis',(-0.500016770436224,-0.00034078832732253,
0.866015654099766));
#10727=DIRECTION('ref_axis',(0.866015704387863,0.,0.500016799471371));
#10728=DIRECTION('',(0.866015704387863,0.,0.500016799471371));
#10729=DIRECTION('',(0.864317476560859,-0.0627913104035623,0.499011574063441));
#10730=DIRECTION('center_axis',(-0.499942735812614,-1.28941038659436E-5,
0.866058462658232));
#10731=DIRECTION('ref_axis',(0.866058462730227,0.,0.499942735854174));
#10732=DIRECTION('',(0.108532379388444,0.992115741624827,0.0626664012410305));
#10733=DIRECTION('',(0.162276312331271,0.982287367119626,0.0936905910609825));
#10734=DIRECTION('',(0.267632255738492,0.951052162852006,0.154508120248897));
#10735=DIRECTION('center_axis',(-0.500114378157084,1.21426160377765E-5,
0.865959357367948));
#10736=DIRECTION('ref_axis',(0.865959357431788,0.,0.500114378193953));
#10737=DIRECTION('',(0.0543853920304933,0.998026343755609,0.0313950044354331));
#10738=DIRECTION('',(0.162251486126864,0.982291453887158,0.0936907405770596));
#10739=DIRECTION('center_axis',(0.500075643777451,-5.23318116782059E-5,
-0.865981724842938));
#10740=DIRECTION('ref_axis',(-0.865981726028735,0.,-0.500075644462209));
#10741=DIRECTION('',(0.417216797130582,0.87630414828429,0.240875868222293));
#10742=DIRECTION('',(0.267659371272732,0.951044728173981,0.154506912409652));
#10743=DIRECTION('',(0.464034891440154,0.844330428670544,0.267913692720509));
#10744=DIRECTION('center_axis',(0.108539424945411,-0.99211505208564,0.0626651151568996));
#10745=DIRECTION('ref_axis',(0.,-0.0630375317386932,-0.998011157048003));
#10746=DIRECTION('',(0.671309483971444,0.0266578405660411,-0.740697601093961));
#10747=DIRECTION('',(0.85920857117015,0.125330456861871,0.496037204058873));
#10748=DIRECTION('center_axis',(0.108539424945411,-0.99211505208564,0.0626651151568996));
#10749=DIRECTION('ref_axis',(0.,-0.0630375317386932,-0.998011157048003));
#10750=DIRECTION('',(0.499999096071281,0.,-0.866025925667299));
#10751=DIRECTION('center_axis',(-0.500000026384456,3.29516595537441E-5,
0.866025387924472));
#10752=DIRECTION('ref_axis',(0.866025388394642,0.,0.500000026655909));
#10753=DIRECTION('',(0.866025388394642,0.,0.500000026655909));
#10754=DIRECTION('',(0.85919405764762,-0.125336860913215,0.496060724709626));
#10755=DIRECTION('center_axis',(0.499950789313746,0.000262420338385715,
-0.86605377396564));
#10756=DIRECTION('ref_axis',(-0.866053803785793,0.,-0.499950806528161));
#10757=DIRECTION('',(0.850689304257593,0.187379625114741,0.491138049547775));
#10758=DIRECTION('',(0.838811861937063,0.248692762273849,0.484300082868339));
#10759=DIRECTION('center_axis',(0.500016796569222,0.000107741395175592,
-0.866015699361418));
#10760=DIRECTION('ref_axis',(-0.866015704387863,0.,-0.500016799471371));
#10761=DIRECTION('',(0.859193279586019,-0.125336747411734,0.496062101014044));
#10762=DIRECTION('center_axis',(-0.500002109374131,-9.20248275812346E-6,
0.866024185884398));
#10763=DIRECTION('ref_axis',(0.866024185921068,0.,0.500002109395302));
#10764=DIRECTION('',(0.82363944825437,-0.309016706153303,0.47552784839313));
#10765=DIRECTION('',(0.731212186830938,-0.535824398587375,0.422162233872708));
#10766=DIRECTION('',(0.86431500058369,0.0627904372240404,0.499015972449009));
#10767=DIRECTION('center_axis',(-0.500000026093555,-4.74279916473403E-5,
0.866025387420617));
#10768=DIRECTION('ref_axis',(0.866025388394642,0.,0.500000026655909));
#10769=DIRECTION('',(0.838811120337033,0.248692542402661,0.484301480229239));
#10770=DIRECTION('center_axis',(-0.10854488515106,-0.992114257405609,-0.062668238846006));
#10771=DIRECTION('ref_axis',(0.,0.0630407117990509,-0.998010956180276));
#10772=DIRECTION('',(0.6713024654266,-0.0266580552471679,-0.740703954358695));
#10773=DIRECTION('',(0.499998924007622,0.,-0.866026025008036));
#10774=DIRECTION('center_axis',(-0.108544970994066,-0.992114243066794,-0.0626683171618655));
#10775=DIRECTION('ref_axis',(0.,0.0630407911747923,-0.998010951166397));
#10776=DIRECTION('center_axis',(-0.318805444770572,-0.929776485110501,-0.184061881225311));
#10777=DIRECTION('ref_axis',(0.,0.194194938707834,-0.980962958413956));
#10778=DIRECTION('',(0.659821115466387,-0.0782974967638061,-0.747332320714965));
#10779=DIRECTION('',(0.499998924007622,0.,-0.866026025008036));
#10780=DIRECTION('',(0.805209483281485,-0.368124554648077,0.464889234440549));
#10781=DIRECTION('center_axis',(-0.318805678756843,-0.92977636141817,-0.184062100771392));
#10782=DIRECTION('ref_axis',(0.,0.194195186465581,-0.980962909366913));
#10783=DIRECTION('',(0.499999096071281,0.,-0.866025925667299));
#10784=DIRECTION('',(0.80521016662914,-0.368124867060011,0.464887803463504));
#10785=DIRECTION('center_axis',(-0.66728276922019,-0.637426327824312,-0.385254957785422));
#10786=DIRECTION('ref_axis',(-0.499999096071281,0.,0.866025925667299));
#10787=DIRECTION('',(0.605971462527962,-0.163883013656919,-0.778422086297948));
#10788=DIRECTION('center_axis',(-0.667291095289129,-0.63741185216457,-0.385264486902138));
#10789=DIRECTION('ref_axis',(-0.500003692365173,0.,0.866023271985917));
#10790=DIRECTION('',(0.500003692365173,0.,-0.866023271985917));
#10791=DIRECTION('',(0.552009705699861,-0.77052328367544,0.318714847672917));
#10792=DIRECTION('center_axis',(0.500059248838683,0.,-0.865991193749043));
#10793=DIRECTION('ref_axis',(-0.865991193749043,0.,-0.500059248838683));
#10794=DIRECTION('',(0.0718341454392611,0.996553693384842,0.0414800162733933));
#10795=DIRECTION('',(0.,1.,0.));
#10796=DIRECTION('center_axis',(0.500059248838683,0.,-0.865991193749043));
#10797=DIRECTION('ref_axis',(-0.865991193749043,0.,-0.500059248838683));
#10798=DIRECTION('',(0.162251486126864,-0.982291453887158,0.0936907405770596));
#10799=DIRECTION('center_axis',(0.500059248838683,0.,-0.865991193749043));
#10800=DIRECTION('ref_axis',(-0.865991193749043,0.,-0.500059248838683));
#10801=DIRECTION('',(0.0718341454392611,-0.996553693384842,0.0414800162733933));
#10802=DIRECTION('',(0.162251486126864,0.982291453887158,0.0936907405770596));
#10803=DIRECTION('center_axis',(0.500059248838683,0.,-0.865991193749043));
#10804=DIRECTION('ref_axis',(-0.865991193749043,0.,-0.500059248838683));
#10805=DIRECTION('',(0.,1.,0.));
#10806=DIRECTION('center_axis',(-0.85068986569974,-0.187359279078557,-0.491144839063714));
#10807=DIRECTION('ref_axis',(-0.499999096071281,0.,0.866025925667299));
#10808=DIRECTION('',(0.52306979513839,-0.208926540072071,-0.826285477463689));
#10809=DIRECTION('',(0.162251486126864,-0.982291453887158,0.0936907405770596));
#10810=DIRECTION('center_axis',(-0.85068986569974,-0.187359279078557,-0.491144839063714));
#10811=DIRECTION('ref_axis',(-0.499999096071281,0.,0.866025925667299));
#10812=DIRECTION('',(0.499999096071281,0.,-0.866025925667299));
#10813=DIRECTION('center_axis',(-0.500114378157084,-1.21426160377765E-5,
0.865959357367948));
#10814=DIRECTION('ref_axis',(0.865959357431788,0.,0.500114378193953));
#10815=DIRECTION('',(0.0543853920304933,-0.998026343755609,0.0313950044354331));
#10816=DIRECTION('center_axis',(-0.731200929347636,-0.535838991626896,-0.422163210113607));
#10817=DIRECTION('ref_axis',(-0.500003692365173,0.,0.866023271985917));
#10818=DIRECTION('',(0.587263374118302,-0.179581579522724,-0.789222519772029));
#10819=DIRECTION('',(0.464054176636431,-0.84432018510571,0.267912571876243));
#10820=DIRECTION('center_axis',(-0.731201203093348,-0.535838340945376,-0.422163561866426));
#10821=DIRECTION('ref_axis',(-0.500003864429378,0.,0.866023172643601));
#10822=DIRECTION('',(0.500003864429378,0.,-0.866023172643601));
#10823=DIRECTION('',(0.464054403591607,-0.844320598037745,0.267910877413409));
#10824=DIRECTION('center_axis',(0.499975019745757,-2.14059019492022E-5,
-0.866039825396048));
#10825=DIRECTION('ref_axis',(-0.866039825594463,0.,-0.499975019860304));
#10826=DIRECTION('',(0.368723575112352,-0.90483170568059,0.212890839519974));
#10827=DIRECTION('',(0.464034891440154,-0.844330428670544,0.267913692720509));
#10828=DIRECTION('',(0.509035633709709,-0.809017954946547,0.293892279905175));
#10829=DIRECTION('center_axis',(-0.509043781380742,0.809011578320812,-0.293895720929149));
#10830=DIRECTION('ref_axis',(-0.499998924007622,0.,0.866026025008036));
#10831=DIRECTION('',(0.637575675083051,0.125018538266888,-0.760176047788933));
#10832=DIRECTION('',(0.70062095405556,0.587792706759217,0.404512067334153));
#10833=DIRECTION('center_axis',(-0.509043781380742,0.809011578320812,-0.293895720929149));
#10834=DIRECTION('ref_axis',(-0.499998924007622,0.,0.866026025008036));
#10835=DIRECTION('',(0.70062095405556,0.587792706759217,0.404512067334153));
#10836=DIRECTION('',(0.499998924007622,0.,-0.866026025008036));
#10837=DIRECTION('center_axis',(-0.49995653121369,-0.000125577366301299,
0.866050489941031));
#10838=DIRECTION('ref_axis',(0.866050496769698,0.,0.499956535155766));
#10839=DIRECTION('',(0.80521016662914,0.368124867060011,0.464887803463504));
#10840=DIRECTION('',(0.823645134627818,0.309011423348288,0.475521432160726));
#10841=DIRECTION('',(0.838828433653265,0.248680356712623,0.484277749932921));
#10842=DIRECTION('center_axis',(0.500014560358724,-3.93544985452787E-5,
-0.866016996300012));
#10843=DIRECTION('ref_axis',(-0.866016996970646,0.,-0.500014560745929));
#10844=DIRECTION('',(0.783604532269738,0.425777948631252,0.452412505867918));
#10845=DIRECTION('',(0.758907446216641,0.481750550531751,0.438150539357526));
#10846=DIRECTION('',(0.805209483281485,0.368124554648077,0.464889234440549));
#10847=DIRECTION('center_axis',(-0.500002109374131,9.20248275812346E-6,
0.866024185884398));
#10848=DIRECTION('ref_axis',(0.866024185921068,0.,0.500002109395302));
#10849=DIRECTION('',(0.731212186830938,0.535824398587375,0.422162233872708));
#10850=DIRECTION('',(0.82363944825437,0.309016706153303,0.47552784839313));
#10851=DIRECTION('',(0.86431500058369,-0.0627904372240404,0.499015972449009));
#10852=DIRECTION('center_axis',(0.500016796569222,-0.000107741395175592,
-0.866015699361418));
#10853=DIRECTION('ref_axis',(-0.866015704387863,0.,-0.500016799471371));
#10854=DIRECTION('',(0.864310073375255,0.0627928987321153,0.499024196738876));
#10855=DIRECTION('',(0.866015704387863,0.,0.500016799471371));
#10856=DIRECTION('center_axis',(-0.500000026384456,-3.29516595537441E-5,
0.866025387924472));
#10857=DIRECTION('ref_axis',(0.866025388394642,0.,0.500000026655909));
#10858=DIRECTION('',(0.866025388394642,0.,0.500000026655909));
#10859=DIRECTION('center_axis',(0.500111105119758,-9.2766026550322E-5,-0.865961242741474));
#10860=DIRECTION('ref_axis',(-0.865961246467504,0.,-0.50011110727162));
#10861=DIRECTION('',(0.509035633709709,0.809017954946547,0.293892279905175));
#10862=DIRECTION('',(0.464054403591607,0.844320598037745,0.267910877413409));
#10863=DIRECTION('',(0.552009705699861,0.77052328367544,0.318714847672917));
#10864=DIRECTION('center_axis',(0.50001797280289,-1.62307635281921E-5,-0.866015026781089));
#10865=DIRECTION('ref_axis',(-0.86601502689516,0.,-0.500017972868751));
#10866=DIRECTION('',(0.509038236034798,0.809016315348085,0.293892285974282));
#10867=DIRECTION('',(0.464043811510527,0.844325798071053,0.267912836031539));
#10868=DIRECTION('center_axis',(0.499975019745757,2.14059019492022E-5,-0.866039825396048));
#10869=DIRECTION('ref_axis',(-0.866039825594463,0.,-0.499975019860304));
#10870=DIRECTION('',(0.368723575112352,0.90483170568059,0.212890839519974));
#10871=DIRECTION('center_axis',(0.215374379668608,-0.968582422917518,0.12434615634427));
#10872=DIRECTION('ref_axis',(0.,-0.127334499120077,-0.991859831495277));
#10873=DIRECTION('',(0.666967260394247,0.0528945275073748,-0.743207132986467));
#10874=DIRECTION('center_axis',(0.215374213964397,-0.968582479370138,0.124346003620604));
#10875=DIRECTION('ref_axis',(0.,-0.127334337960676,-0.991859852184832));
#10876=DIRECTION('',(0.499998924007622,0.,-0.866026025008036));
#10877=DIRECTION('center_axis',(0.373615913835064,-0.902153953725315,0.2157067284694));
#10878=DIRECTION('ref_axis',(0.,-0.232546965893069,-0.972585167815101));
#10879=DIRECTION('',(0.852084226263184,0.425693472311827,0.304528387813961));
#10880=DIRECTION('',(0.499999096071281,0.,-0.866025925667299));
#10881=DIRECTION('',(0.781288157434091,0.431414236873972,0.451077123423136));
#10882=DIRECTION('center_axis',(0.373615880608079,-0.902153947377927,0.215706812567136));
#10883=DIRECTION('ref_axis',(0.,-0.2325470532011,-0.97258514693958));
#10884=DIRECTION('',(0.781288081009645,0.431414250147364,0.451077243099287));
#10885=DIRECTION('center_axis',(0.318805174214891,-0.929776608802534,0.184061725020364));
#10886=DIRECTION('ref_axis',(0.,-0.194194755258191,-0.980962994730286));
#10887=DIRECTION('',(0.659821306925825,0.0782975194832893,-0.747332149294716));
#10888=DIRECTION('',(0.805208799932885,0.368124242235712,0.46489066541395));
#10889=DIRECTION('center_axis',(0.318805408200677,-0.92977648511056,0.184061944566093));
#10890=DIRECTION('ref_axis',(0.,-0.194195003015479,-0.980962945683382));
#10891=DIRECTION('',(0.805209483281485,0.368124554648077,0.464889234440549));
#10892=DIRECTION('center_axis',(0.5000126305317,-3.01473829513533E-5,-0.866018110896017));
#10893=DIRECTION('ref_axis',(-0.866018111289563,0.,-0.500012630758922));
#10894=DIRECTION('',(0.767456707221975,0.463337175232731,0.443090131448848));
#10895=DIRECTION('',(0.839747310703136,0.244455222420984,0.484836156240393));
#10896=DIRECTION('',(0.775371172958742,0.445420896347168,0.447660327974091));
#10897=DIRECTION('center_axis',(0.499992562047754,1.41741045845047E-5,-0.86602969792959));
#10898=DIRECTION('ref_axis',(-0.866029698016585,0.,-0.49999256209798));
#10899=DIRECTION('',(0.840048592571044,0.243097966242994,0.484996640120247));
#10900=DIRECTION('center_axis',(-0.49995653121369,0.000125577366301299,
0.866050489941031));
#10901=DIRECTION('ref_axis',(0.866050496769698,0.,0.499956535155766));
#10902=DIRECTION('',(0.823645134627818,-0.309011423348288,0.475521432160726));
#10903=DIRECTION('',(0.838828433653265,-0.248680356712623,0.484277749932921));
#10904=DIRECTION('center_axis',(0.500003011069529,1.10129678399735E-5,-0.866023665265632));
#10905=DIRECTION('ref_axis',(-0.86602366531815,0.,-0.500003011099851));
#10906=DIRECTION('',(0.783604532269738,-0.425777948631252,0.452412505867918));
#10907=DIRECTION('',(0.838817274912563,-0.248690039469786,0.48429210563128));
#10908=DIRECTION('center_axis',(0.500014560358724,3.93544985452787E-5,-0.866016996300012));
#10909=DIRECTION('ref_axis',(-0.866016996970646,0.,-0.500014560745929));
#10910=DIRECTION('',(0.758907446216641,-0.481750550531751,0.438150539357526));
#10911=DIRECTION('center_axis',(-0.417208514324498,-0.876308397232431,-0.24087475690714));
#10912=DIRECTION('ref_axis',(0.,0.265043900269707,-0.964236345990868));
#10913=DIRECTION('',(0.649973510598168,-0.102465752653426,-0.753017400233129));
#10914=DIRECTION('',(0.499998924007622,0.,-0.866026025008036));
#10915=DIRECTION('center_axis',(-0.417208514324498,-0.876308397232431,-0.24087475690714));
#10916=DIRECTION('ref_axis',(0.,0.265043900269707,-0.964236345990868));
#10917=DIRECTION('center_axis',(-0.509043781380742,-0.809011578320812,-0.293895720929149));
#10918=DIRECTION('ref_axis',(-0.499998924007622,0.,0.866026025008036));
#10919=DIRECTION('',(0.637575675083051,-0.125018538266888,-0.760176047788933));
#10920=DIRECTION('',(0.70062095405556,-0.587792706759217,0.404512067334153));
#10921=DIRECTION('center_axis',(-0.509043781380742,-0.809011578320812,-0.293895720929149));
#10922=DIRECTION('ref_axis',(-0.499998924007622,0.,0.866026025008036));
#10923=DIRECTION('center_axis',(0.500111105119758,9.2766026550322E-5,-0.865961242741474));
#10924=DIRECTION('ref_axis',(-0.865961246467504,0.,-0.50011110727162));
#10925=DIRECTION('center_axis',(0.500075643777451,5.23318116782059E-5,-0.865981724842938));
#10926=DIRECTION('ref_axis',(-0.865981726028735,0.,-0.500075644462209));
#10927=DIRECTION('center_axis',(-0.500023376436444,-4.86841115307317E-6,
0.866011906958211));
#10928=DIRECTION('ref_axis',(0.866011906968474,0.,0.500023376442369));
#10929=DIRECTION('',(0.215367994299207,-0.968583981466762,0.124345075807338));
#10930=DIRECTION('',(0.368723575112352,-0.90483170568059,0.212890839519974));
#10931=DIRECTION('center_axis',(-0.864316688197408,-0.062796633315301,-0.499012269736655));
#10932=DIRECTION('ref_axis',(-0.499999096071281,0.,0.866025925667299));
#10933=DIRECTION('',(0.500125634217147,-0.212273450297931,-0.839532210399046));
#10934=DIRECTION('center_axis',(-0.864316688197408,-0.062796633315301,-0.499012269736655));
#10935=DIRECTION('ref_axis',(-0.499999096071281,0.,0.866025925667299));
#10936=DIRECTION('',(0.499999096071281,0.,-0.866025925667299));
#10937=DIRECTION('',(0.0543853920304933,-0.998026343755609,0.0313950044354331));
#10938=DIRECTION('center_axis',(-0.499958708963842,-7.79529191510448E-5,
0.866049238354581));
#10939=DIRECTION('ref_axis',(0.866049240985924,0.,0.499958710482881));
#10940=DIRECTION('',(0.758907446216641,0.481750550531751,0.438150539357526));
#10941=DIRECTION('center_axis',(-0.499986435888989,-1.93156272066612E-5,
0.866033234670548));
#10942=DIRECTION('ref_axis',(0.866033234832104,0.,0.49998643598226));
#10943=DIRECTION('center_axis',(0.500003011069529,-1.10129678399735E-5,
-0.866023665265632));
#10944=DIRECTION('ref_axis',(-0.86602366531815,0.,-0.500003011099851));
#10945=DIRECTION('',(0.838817274912563,0.248690039469786,0.48429210563128));
#10946=DIRECTION('',(0.859195438780116,0.125333794968375,0.496059107182067));
#10947=DIRECTION('center_axis',(0.500019973359912,-0.000166118281950455,
-0.866013855920256));
#10948=DIRECTION('ref_axis',(-0.866013867869205,0.,-0.500019980259008));
#10949=DIRECTION('',(0.838829175195927,0.248680576551491,0.484276352598533));
#10950=DIRECTION('center_axis',(-0.500000026093555,4.74279916473403E-5,
0.866025387420617));
#10951=DIRECTION('ref_axis',(0.866025388394642,0.,0.500000026655909));
#10952=DIRECTION('',(0.838811120337033,-0.248692542402661,0.484301480229239));
#10953=DIRECTION('center_axis',(0.4999863678388,-4.71614520368566E-5,-0.86603327288919));
#10954=DIRECTION('ref_axis',(-0.866033273852306,0.,-0.499986368394836));
#10955=DIRECTION('',(0.838819762601756,-0.248688174973724,0.484288754254084));
#10956=DIRECTION('',(0.850689304257593,-0.187379625114741,0.491138049547775));
#10957=DIRECTION('',(0.805208799932885,-0.368124242235712,0.46489066541395));
#10958=DIRECTION('center_axis',(-0.318805444770572,0.929776485110501,-0.184061881225311));
#10959=DIRECTION('ref_axis',(0.,0.194194938707834,0.980962958413956));
#10960=DIRECTION('',(0.659821115466387,0.0782974967638061,-0.747332320714965));
#10961=DIRECTION('',(0.499998924007622,0.,-0.866026025008036));
#10962=DIRECTION('center_axis',(-0.318805678756843,0.92977636141817,-0.184062100771392));
#10963=DIRECTION('ref_axis',(0.,0.194195186465581,0.980962909366913));
#10964=DIRECTION('',(0.499999096071281,0.,-0.866025925667299));
#10965=DIRECTION('center_axis',(-0.66728276922019,0.637426327824312,-0.385254957785422));
#10966=DIRECTION('ref_axis',(-0.499999096071281,0.,0.866025925667299));
#10967=DIRECTION('',(0.605971462527962,0.163883013656919,-0.778422086297948));
#10968=DIRECTION('center_axis',(-0.667291095289129,0.63741185216457,-0.385264486902138));
#10969=DIRECTION('ref_axis',(-0.500003692365173,0.,0.866023271985917));
#10970=DIRECTION('',(0.500003692365173,0.,-0.866023271985917));
#10971=DIRECTION('center_axis',(-0.731200929347636,0.535838991626896,-0.422163210113607));
#10972=DIRECTION('ref_axis',(-0.500003692365173,0.,0.866023271985917));
#10973=DIRECTION('',(0.587263374118302,0.179581579522724,-0.789222519772029));
#10974=DIRECTION('',(0.464054176636431,0.84432018510571,0.267912571876243));
#10975=DIRECTION('center_axis',(-0.731201203093348,0.535838340945376,-0.422163561866426));
#10976=DIRECTION('ref_axis',(-0.500003864429378,0.,0.866023172643601));
#10977=DIRECTION('',(0.500003864429378,0.,-0.866023172643601));
#10978=DIRECTION('center_axis',(0.49994725388814,0.,-0.866055854624693));
#10979=DIRECTION('ref_axis',(-0.866055854624693,0.,-0.49994725388814));
#10980=DIRECTION('',(0.0433540575004917,0.998746252638082,0.0250269562598502));
#10981=DIRECTION('',(0.,1.,0.));
#10982=DIRECTION('center_axis',(0.49994725388814,0.,-0.866055854624693));
#10983=DIRECTION('ref_axis',(-0.866055854624693,0.,-0.49994725388814));
#10984=DIRECTION('center_axis',(0.49994725388814,0.,-0.866055854624693));
#10985=DIRECTION('ref_axis',(-0.866055854624693,0.,-0.49994725388814));
#10986=DIRECTION('',(0.0433540575004917,-0.998746252638082,0.0250269562598502));
#10987=DIRECTION('',(0.0543853920304933,0.998026343755609,0.0313950044354331));
#10988=DIRECTION('center_axis',(0.49994725388814,0.,-0.866055854624693));
#10989=DIRECTION('ref_axis',(-0.866055854624693,0.,-0.49994725388814));
#10990=DIRECTION('',(0.,1.,0.));
#10991=DIRECTION('center_axis',(0.499992562047754,-1.41741045845047E-5,
-0.86602969792959));
#10992=DIRECTION('ref_axis',(-0.866029698016585,0.,-0.49999256209798));
#10993=DIRECTION('',(0.767456707221975,-0.463337175232731,0.443090131448848));
#10994=DIRECTION('',(0.840048592571044,-0.243097966242994,0.484996640120247));
#10995=DIRECTION('',(0.759713284747092,-0.480050385565491,0.438619826612075));
#10996=DIRECTION('center_axis',(0.5000126305317,3.01473829513533E-5,-0.866018110896017));
#10997=DIRECTION('ref_axis',(-0.866018111289563,0.,-0.500012630758922));
#10998=DIRECTION('',(0.775371172958742,-0.445420896347168,0.447660327974091));
#10999=DIRECTION('',(0.839747310703136,-0.244455222420984,0.484836156240393));
#11000=DIRECTION('center_axis',(0.4999863678388,4.71614520368566E-5,-0.86603327288919));
#11001=DIRECTION('ref_axis',(-0.866033273852306,0.,-0.499986368394836));
#11002=DIRECTION('',(0.838819762601756,0.248688174973724,0.484288754254084));
#11003=DIRECTION('center_axis',(-0.500004741144796,1.07161143333055E-5,
0.86602266639961));
#11004=DIRECTION('ref_axis',(0.866022666449335,0.,0.500004741173505));
#11005=DIRECTION('',(0.781137092418329,0.431778646828155,0.450990069726026));
#11006=DIRECTION('',(0.78194964595168,0.429813118305948,0.451459227979847));
#11007=DIRECTION('center_axis',(-0.500000298630035,0.,0.866025231370239));
#11008=DIRECTION('ref_axis',(0.866025231370239,0.,0.500000298630035));
#11009=DIRECTION('center_axis',(0.500002093778598,-5.6908064781038E-6,-0.866024194918729));
#11010=DIRECTION('ref_axis',(-0.866024194932752,0.,-0.500002093786694));
#11011=DIRECTION('',(0.763819929823412,-0.471275485623923,0.440997201186689));
#11012=DIRECTION('',(0.786493526604931,0.418613711121397,0.454082033854798));
#11013=DIRECTION('center_axis',(0.500004727185221,0.,-0.866022674525577));
#11014=DIRECTION('ref_axis',(-0.866022674525577,0.,-0.500004727185221));
#11015=DIRECTION('',(0.839747840036561,0.244456186773126,0.48483475319151));
#11016=DIRECTION('center_axis',(-0.215363826538189,-0.968585551629842,-0.124340063506268));
#11017=DIRECTION('ref_axis',(0.,0.12732795638651,-0.991860671426403));
#11018=DIRECTION('',(0.666974157971378,-0.0528940891766954,-0.743200974117055));
#11019=DIRECTION('center_axis',(-0.215363660849602,-0.968585608074523,-0.124339910794418));
#11020=DIRECTION('ref_axis',(0.,0.127327795240532,-0.991860692113154));
#11021=DIRECTION('center_axis',(-0.78360522447257,-0.425769402814621,-0.452419349504609));
#11022=DIRECTION('ref_axis',(-0.500003864429378,0.,0.866023172643601));
#11023=DIRECTION('',(0.566988622536476,-0.192450790971664,-0.800928582938935));
#11024=DIRECTION('center_axis',(-0.78360522447257,-0.425769402814621,-0.452419349504609));
#11025=DIRECTION('ref_axis',(-0.500003864429378,0.,0.866023172643601));
#11026=DIRECTION('center_axis',(-0.823633211460209,0.309030392440671,-0.475529756721605));
#11027=DIRECTION('ref_axis',(-0.500003864429378,0.,0.866023172643601));
#11028=DIRECTION('',(0.545485834554023,0.202282311307369,-0.813343144578627));
#11029=DIRECTION('',(0.500003864429378,0.,-0.866023172643601));
#11030=DIRECTION('center_axis',(-0.823629391275467,0.30905327138948,-0.475521504530199));
#11031=DIRECTION('ref_axis',(-0.499999096071281,0.,0.866025925667299));
#11032=DIRECTION('',(0.499999096071281,0.,-0.866025925667299));
#11033=DIRECTION('center_axis',(-0.499973572617885,-9.89703827186593E-6,
0.866040661046441));
#11034=DIRECTION('ref_axis',(0.866040661088856,0.,0.499973572642372));
#11035=DIRECTION('',(0.215367994299207,0.968583981466762,0.124345075807338));
#11036=DIRECTION('',(0.267617062914685,0.951056333577724,0.154508763501021));
#11037=DIRECTION('center_axis',(-0.499999951914117,0.,0.866025431546835));
#11038=DIRECTION('ref_axis',(0.866025431546835,0.,0.499999951914117));
#11039=DIRECTION('',(0.651210278102871,0.659216910060746,0.375976381150656));
#11040=DIRECTION('',(0.267617062914685,-0.951056333577724,0.154508763501021));
#11041=DIRECTION('',(0.,1.,0.));
#11042=DIRECTION('center_axis',(-0.499987059946003,0.,0.866032874599199));
#11043=DIRECTION('ref_axis',(0.866032874599199,0.,0.499987059946003));
#11044=DIRECTION('',(0.499523698508017,0.8168887150943,0.288390190159887));
#11045=DIRECTION('',(0.,1.,0.));
#11046=DIRECTION('center_axis',(-0.500020897454436,2.7588631708944E-5,0.866013337857869));
#11047=DIRECTION('ref_axis',(0.866013338187445,0.,0.500020897644727));
#11048=DIRECTION('center_axis',(-0.499987059946003,0.,0.866032874599199));
#11049=DIRECTION('ref_axis',(0.866032874599199,0.,0.499987059946003));
#11050=DIRECTION('',(0.499523698508017,-0.8168887150943,0.288390190159887));
#11051=DIRECTION('',(0.,1.,0.));
#11052=DIRECTION('center_axis',(-0.500020897454436,-2.7588631708944E-5,
0.866013337857869));
#11053=DIRECTION('ref_axis',(0.866013338187445,0.,0.500020897644727));
#11054=DIRECTION('',(0.651210278102871,-0.659216910060746,0.375976381150656));
#11055=DIRECTION('center_axis',(-0.499999951914117,0.,0.866025431546835));
#11056=DIRECTION('ref_axis',(0.866025431546835,0.,0.499999951914117));
#11057=DIRECTION('',(0.,1.,0.));
#11058=DIRECTION('center_axis',(-0.215363826538189,0.968585551629842,-0.124340063506268));
#11059=DIRECTION('ref_axis',(0.,0.12732795638651,0.991860671426403));
#11060=DIRECTION('',(0.666974157971378,0.0528940891766954,-0.743200974117055));
#11061=DIRECTION('center_axis',(-0.215363660849602,0.968585608074523,-0.124339910794418));
#11062=DIRECTION('ref_axis',(0.,0.127327795240532,0.991860692113154));
#11063=DIRECTION('center_axis',(0.500012762319241,-1.24124532247782E-5,
-0.866018035241654));
#11064=DIRECTION('ref_axis',(-0.866018035308367,0.,-0.500012762357759));
#11065=DIRECTION('center_axis',(0.499950789313746,-0.000262420338385715,
-0.86605377396564));
#11066=DIRECTION('ref_axis',(-0.866053803785793,0.,-0.499950806528161));
#11067=DIRECTION('',(0.838811861937063,-0.248692762273849,0.484300082868339));
#11068=DIRECTION('center_axis',(0.,1.,0.));
#11069=DIRECTION('ref_axis',(0.,0.,1.));
#11070=DIRECTION('',(0.67275264465005,0.,-0.739867474022452));
#11071=DIRECTION('center_axis',(0.,1.,0.));
#11072=DIRECTION('ref_axis',(0.,0.,1.));
#11073=DIRECTION('center_axis',(0.373615913835064,0.902153953725315,0.2157067284694));
#11074=DIRECTION('ref_axis',(0.,-0.232546965893069,0.972585167815101));
#11075=DIRECTION('',(0.852084226263184,-0.425693472311827,0.304528387813961));
#11076=DIRECTION('',(0.781288157434091,-0.431414236873972,0.451077123423136));
#11077=DIRECTION('',(0.499999096071281,0.,-0.866025925667299));
#11078=DIRECTION('center_axis',(0.373615880608079,0.902153947377927,0.215706812567136));
#11079=DIRECTION('ref_axis',(0.,-0.2325470532011,0.97258514693958));
#11080=DIRECTION('',(0.781288081009645,-0.431414250147364,0.451077243099287));
#11081=DIRECTION('center_axis',(0.499999909006929,-2.52809278909833E-7,
-0.86602545631927));
#11082=DIRECTION('ref_axis',(-0.866025456319297,0.,-0.499999909006945));
#11083=DIRECTION('',(0.566182751348758,-0.756691943181712,0.326885905476261));
#11084=DIRECTION('',(0.700629538823273,0.587785009444548,0.404508383102946));
#11085=DIRECTION('center_axis',(0.499999355741956,-8.04771384577021E-7,
-0.8660257757463));
#11086=DIRECTION('ref_axis',(-0.86602577574658,0.,-0.499999355742118));
#11087=DIRECTION('',(0.75837705746962,-0.482858762031147,0.437848894749626));
#11088=DIRECTION('',(0.86602577574658,0.,0.499999355742118));
#11089=DIRECTION('center_axis',(0.499938840457578,-0.000127520547496254,
-0.866060701995213));
#11090=DIRECTION('ref_axis',(-0.866060709036932,0.,-0.499938844522454));
#11091=DIRECTION('',(0.840067581621098,-0.243085603628488,0.484969945066551));
#11092=DIRECTION('center_axis',(-0.500023376436444,4.86841115307317E-6,
0.866011906958211));
#11093=DIRECTION('ref_axis',(0.866011906968474,0.,0.500023376442369));
#11094=DIRECTION('',(0.368723575112352,0.90483170568059,0.212890839519974));
#11095=DIRECTION('center_axis',(0.499993124222935,1.67783935266965E-5,-0.866029373317253));
#11096=DIRECTION('ref_axis',(-0.866029373439153,0.,-0.499993124293312));
#11097=DIRECTION('',(0.779408102827083,0.435924882922089,0.449991672919454));
#11098=DIRECTION('center_axis',(0.500000162456102,0.,-0.866025309990344));
#11099=DIRECTION('ref_axis',(-0.866025309990344,0.,-0.500000162456102));
#11100=DIRECTION('center_axis',(-0.499986435888989,1.93156272066612E-5,
0.866033234670548));
#11101=DIRECTION('ref_axis',(0.866033234832104,0.,0.49998643598226));
#11102=DIRECTION('center_axis',(0.50001797280289,1.62307635281921E-5,-0.866015026781089));
#11103=DIRECTION('ref_axis',(-0.86601502689516,0.,-0.500017972868751));
#11104=DIRECTION('',(0.509038236034798,-0.809016315348085,0.293892285974282));
#11105=DIRECTION('center_axis',(0.500001006263395,1.99669198737105E-6,-0.866024822814915));
#11106=DIRECTION('ref_axis',(-0.866024822816642,0.,-0.500001006264392));
#11107=DIRECTION('center_axis',(-0.417208514324498,0.876308397232431,-0.24087475690714));
#11108=DIRECTION('ref_axis',(0.,0.265043900269707,0.964236345990868));
#11109=DIRECTION('',(0.649973510598168,0.102465752653426,-0.753017400233129));
#11110=DIRECTION('center_axis',(-0.417208514324498,0.876308397232431,-0.24087475690714));
#11111=DIRECTION('ref_axis',(0.,0.265043900269707,0.964236345990868));
#11112=DIRECTION('center_axis',(0.215374379668608,0.968582422917518,0.12434615634427));
#11113=DIRECTION('ref_axis',(0.,-0.127334499120077,0.991859831495277));
#11114=DIRECTION('',(0.666967260394247,-0.0528945275073748,-0.743207132986467));
#11115=DIRECTION('center_axis',(0.215374213964397,0.968582479370138,0.124346003620604));
#11116=DIRECTION('ref_axis',(0.,-0.127334337960676,0.991859852184832));
#11117=DIRECTION('',(0.499998924007622,0.,-0.866026025008036));
#11118=DIRECTION('center_axis',(-0.500004741144796,-1.07161143333055E-5,
0.86602266639961));
#11119=DIRECTION('ref_axis',(0.866022666449335,0.,0.500004741173505));
#11120=DIRECTION('',(0.781137092418329,-0.431778646828155,0.450990069726026));
#11121=DIRECTION('',(0.805209483281485,-0.368124554648077,0.464889234440549));
#11122=DIRECTION('',(0.78194964595168,-0.429813118305948,0.451459227979847));
#11123=DIRECTION('center_axis',(-0.500000298630035,0.,0.866025231370239));
#11124=DIRECTION('ref_axis',(0.866025231370239,0.,0.500000298630035));
#11125=DIRECTION('center_axis',(-0.85068986569974,0.187359279078557,-0.491144839063714));
#11126=DIRECTION('ref_axis',(-0.499999096071281,0.,0.866025925667299));
#11127=DIRECTION('',(0.52306979513839,0.208926540072071,-0.826285477463689));
#11128=DIRECTION('center_axis',(-0.85068986569974,0.187359279078557,-0.491144839063714));
#11129=DIRECTION('ref_axis',(-0.499999096071281,0.,0.866025925667299));
#11130=DIRECTION('',(0.499999096071281,0.,-0.866025925667299));
#11131=DIRECTION('center_axis',(-0.866025925667299,0.,-0.499999096071281));
#11132=DIRECTION('ref_axis',(-0.499999096071281,0.,0.866025925667299));
#11133=DIRECTION('',(0.482382140614529,-0.263109323772627,-0.835512390189431));
#11134=DIRECTION('center_axis',(-0.866025925667299,0.,-0.499999096071281));
#11135=DIRECTION('ref_axis',(-0.499999096071281,0.,0.866025925667299));
#11136=DIRECTION('center_axis',(-0.866025925667299,0.,-0.499999096071281));
#11137=DIRECTION('ref_axis',(-0.499999096071281,0.,0.866025925667299));
#11138=DIRECTION('',(0.482382140614529,-0.263109323772627,-0.835512390189431));
#11139=DIRECTION('center_axis',(-0.866025925667299,0.,-0.499999096071281));
#11140=DIRECTION('ref_axis',(-0.499999096071281,0.,0.866025925667299));
#11141=DIRECTION('',(0.499999096071281,0.,-0.866025925667299));
#11142=DIRECTION('center_axis',(-0.499999831970851,-1.10895279040106E-6,
0.866025500795382));
#11143=DIRECTION('ref_axis',(0.866025500795914,0.,0.499999831971158));
#11144=DIRECTION('',(0.770938377805893,0.455563769857683,0.445101863868344));
#11145=DIRECTION('',(0.826233770696507,0.299638970669108,0.477026459870928));
#11146=DIRECTION('center_axis',(-0.500000323448746,0.,0.866025217041138));
#11147=DIRECTION('ref_axis',(0.866025217041138,0.,0.500000323448746));
#11148=DIRECTION('center_axis',(0.500002093778598,5.6908064781038E-6,-0.866024194918729));
#11149=DIRECTION('ref_axis',(-0.866024194932752,0.,-0.500002093786694));
#11150=DIRECTION('',(0.763819929823412,0.471275485623923,0.440997201186689));
#11151=DIRECTION('',(0.786493526604931,-0.418613711121397,0.454082033854798));
#11152=DIRECTION('center_axis',(0.500004727185221,0.,-0.866022674525577));
#11153=DIRECTION('ref_axis',(-0.866022674525577,0.,-0.500004727185221));
#11154=DIRECTION('',(0.839747840036561,-0.244456186773126,0.48483475319151));
#11155=DIRECTION('center_axis',(-0.864316688197408,0.062796633315301,-0.499012269736655));
#11156=DIRECTION('ref_axis',(-0.499999096071281,0.,0.866025925667299));
#11157=DIRECTION('',(0.500125634217147,0.212273450297931,-0.839532210399046));
#11158=DIRECTION('center_axis',(-0.864316688197408,0.062796633315301,-0.499012269736655));
#11159=DIRECTION('ref_axis',(-0.499999096071281,0.,0.866025925667299));
#11160=DIRECTION('center_axis',(-0.499973572617885,9.89703827186593E-6,
0.866040661046441));
#11161=DIRECTION('ref_axis',(0.866040661088856,0.,0.499973572642372));
#11162=DIRECTION('center_axis',(-0.78360522447257,0.425769402814621,-0.452419349504609));
#11163=DIRECTION('ref_axis',(-0.500003864429378,0.,0.866023172643601));
#11164=DIRECTION('',(0.566988622536476,0.192450790971664,-0.800928582938935));
#11165=DIRECTION('center_axis',(-0.78360522447257,0.425769402814621,-0.452419349504609));
#11166=DIRECTION('ref_axis',(-0.500003864429378,0.,0.866023172643601));
#11167=DIRECTION('center_axis',(-0.500000133597761,0.,0.866025326651722));
#11168=DIRECTION('ref_axis',(0.866025326651722,0.,0.500000133597761));
#11169=DIRECTION('',(0.826233770696507,-0.299638970669108,0.477026459870928));
#11170=DIRECTION('',(0.812634464511038,-0.345687931437269,0.469174893986752));
#11171=DIRECTION('center_axis',(-0.499999831970851,1.10895279040106E-6,
0.866025500795382));
#11172=DIRECTION('ref_axis',(0.866025500795914,0.,0.499999831971158));
#11173=DIRECTION('',(0.770938377805893,-0.455563769857683,0.445101863868344));
#11174=DIRECTION('center_axis',(-0.500000323448746,0.,0.866025217041138));
#11175=DIRECTION('ref_axis',(0.866025217041138,0.,0.500000323448746));
#11176=DIRECTION('center_axis',(-0.500005446689372,-1.53983348222211E-7,
0.866022259114013));
#11177=DIRECTION('ref_axis',(0.866022259114023,0.,0.500005446689378));
#11178=DIRECTION('',(0.0286169057426871,0.999453892452712,0.0165223959169771));
#11179=DIRECTION('',(0.154914484822106,0.98387079411678,0.0894413935284922));
#11180=DIRECTION('center_axis',(-0.500000162213765,8.9693064464364E-8,0.866025310130253));
#11181=DIRECTION('ref_axis',(0.866025310130256,0.,0.500000162213767));
#11182=DIRECTION('',(0.736339400881342,0.526376549889478,0.425125880694362));
#11183=DIRECTION('',(0.812634464511038,0.345687931437269,0.469174893986752));
#11184=DIRECTION('',(0.856182995772979,0.150335317413512,0.494317681342056));
#11185=DIRECTION('center_axis',(-0.500009480079283,0.,0.866019930388929));
#11186=DIRECTION('ref_axis',(0.866019930388929,0.,0.500009480079283));
#11187=DIRECTION('center_axis',(-0.4999913900664,-3.1050223428715E-6,0.866030374669288));
#11188=DIRECTION('ref_axis',(0.866030374673463,0.,0.49999139006881));
#11189=DIRECTION('',(0.341783746382955,0.918828410993516,0.197327701703441));
#11190=DIRECTION('center_axis',(-0.500007536840748,4.90328559285797E-6,
0.866021052329795));
#11191=DIRECTION('ref_axis',(0.866021052340206,0.,0.500007536846758));
#11192=DIRECTION('',(0.407116866520943,0.882614263265511,0.235048759355264));
#11193=DIRECTION('center_axis',(-0.499978333091379,-1.30573948859446E-5,
0.866037912720148));
#11194=DIRECTION('ref_axis',(0.866037912793976,0.,0.499978333134001));
#11195=DIRECTION('',(0.455240370697548,0.850691589393068,0.262830790858025));
#11196=DIRECTION('center_axis',(-0.500032850768636,2.58423134416642E-5,
0.86600643616798));
#11197=DIRECTION('ref_axis',(0.866006436457151,0.,0.500032850935603));
#11198=DIRECTION('',(0.487770427519877,0.826300997902206,0.281614401092869));
#11199=DIRECTION('center_axis',(-0.500004642726431,3.64007190180962E-6,
0.866022723280841));
#11200=DIRECTION('ref_axis',(0.866022723286579,0.,0.500004642729743));
#11201=DIRECTION('',(0.517088772315294,0.802179577790461,0.298541666307032));
#11202=DIRECTION('center_axis',(-0.499999863407392,-4.67633904360822E-7,
0.866025482646077));
#11203=DIRECTION('ref_axis',(0.866025482646172,0.,0.499999863407447));
#11204=DIRECTION('',(0.842698308584751,0.230534449179526,0.486532042572627));
#11205=DIRECTION('center_axis',(-0.4999990063736,-4.64468792997727E-6,0.866025977441693));
#11206=DIRECTION('ref_axis',(0.866025977451034,0.,0.499999006378993));
#11207=DIRECTION('',(0.848791857705957,0.198502910770289,0.490049973684107));
#11208=DIRECTION('center_axis',(-0.500003620583714,2.16629158191162E-5,
0.866023313158425));
#11209=DIRECTION('ref_axis',(0.86602331336163,0.,0.500003620701035));
#11210=DIRECTION('',(0.854223350269783,0.164527565012672,0.493186727523024));
#11211=DIRECTION('center_axis',(-0.500000136389986,-2.45772941081313E-6,
0.866025325036142));
#11212=DIRECTION('ref_axis',(0.866025325038757,0.,0.500000136391496));
#11213=DIRECTION('',(0.864839188297363,0.0523186539264216,0.499315468252773));
#11214=DIRECTION('center_axis',(-0.499999778966898,-1.03348879422016E-5,
0.866025531336255));
#11215=DIRECTION('ref_axis',(0.866025531382505,0.,0.499999778993601));
#11216=DIRECTION('center_axis',(-0.500003553950195,2.58462838102185E-5,
0.866023351514925));
#11217=DIRECTION('ref_axis',(0.86602335180419,0.,0.500003554117204));
#11218=DIRECTION('',(0.85811572042501,0.134842681430514,0.495434013390376));
#11219=DIRECTION('center_axis',(-0.500000073141679,-3.69017541500272E-6,
0.866025361548204));
#11220=DIRECTION('ref_axis',(0.866025361554101,0.,0.500000073145084));
#11221=DIRECTION('',(0.862455219513137,0.0907056272445746,0.497939236775648));
#11222=DIRECTION('center_axis',(-0.499999735616786,-7.96906321848179E-6,
0.866025556389439));
#11223=DIRECTION('ref_axis',(0.866025556416938,0.,0.499999735632662));
#11224=DIRECTION('',(0.865540439740266,0.0334620270285734,0.499719961499805));
#11225=DIRECTION('center_axis',(-0.500000491935515,1.81174921384408E-5,
0.866025119575639));
#11226=DIRECTION('ref_axis',(0.866025119717773,0.,0.500000492017575));
#11227=DIRECTION('',(0.865453021624489,-0.036331920089915,0.49967095067016));
#11228=DIRECTION('center_axis',(-0.500001448048212,-1.22482094544451E-5,
0.866024567665186));
#11229=DIRECTION('ref_axis',(0.866024567730146,0.,0.500001448085717));
#11230=DIRECTION('',(0.860154727188407,-0.116239072002102,0.496610837009753));
#11231=DIRECTION('center_axis',(-0.500000195525774,1.10183451905415E-7,
0.866025290897544));
#11232=DIRECTION('ref_axis',(0.866025290897549,0.,0.500000195525777));
#11233=DIRECTION('',(0.848217444487315,-0.201748888289846,0.489718850914705));
#11234=DIRECTION('center_axis',(-0.49999956490159,3.64529522443315E-6,0.866025654980805));
#11235=DIRECTION('ref_axis',(0.866025654986559,0.,0.499999564904912));
#11236=DIRECTION('',(0.829604413591857,-0.286951908701724,0.478972983623658));
#11237=DIRECTION('center_axis',(-0.500001432749531,-3.55486971088985E-6,
0.866024576577235));
#11238=DIRECTION('ref_axis',(0.866024576582707,0.,0.50000143275269));
#11239=DIRECTION('',(0.805937579113844,-0.365995312023825,0.465308553702486));
#11240=DIRECTION('center_axis',(-0.500009480079283,0.,0.866019930388929));
#11241=DIRECTION('ref_axis',(0.866019930388929,0.,0.500009480079283));
#11242=DIRECTION('',(0.0286169057426871,-0.999453892452712,0.0165223959169771));
#11243=DIRECTION('center_axis',(-0.500005446689372,1.53983348222211E-7,
0.866022259114013));
#11244=DIRECTION('ref_axis',(0.866022259114023,0.,0.500005446689378));
#11245=DIRECTION('',(0.154914484822106,-0.98387079411678,0.0894413935284922));
#11246=DIRECTION('center_axis',(-0.4999913900664,3.1050223428715E-6,0.866030374669288));
#11247=DIRECTION('ref_axis',(0.866030374673463,0.,0.49999139006881));
#11248=DIRECTION('',(0.341783746382955,-0.918828410993516,0.197327701703441));
#11249=DIRECTION('center_axis',(-0.500007536840748,-4.90328559285797E-6,
0.866021052329795));
#11250=DIRECTION('ref_axis',(0.866021052340206,0.,0.500007536846758));
#11251=DIRECTION('',(0.407116866520943,-0.882614263265511,0.235048759355264));
#11252=DIRECTION('center_axis',(-0.499978333091379,1.30573948859446E-5,
0.866037912720148));
#11253=DIRECTION('ref_axis',(0.866037912793976,0.,0.499978333134001));
#11254=DIRECTION('',(0.455240370697548,-0.850691589393068,0.262830790858025));
#11255=DIRECTION('center_axis',(-0.500032850768636,-2.58423134416642E-5,
0.86600643616798));
#11256=DIRECTION('ref_axis',(0.866006436457151,0.,0.500032850935603));
#11257=DIRECTION('',(0.487770427519877,-0.826300997902206,0.281614401092869));
#11258=DIRECTION('center_axis',(-0.500004642726431,-3.64007190180962E-6,
0.866022723280841));
#11259=DIRECTION('ref_axis',(0.866022723286579,0.,0.500004642729743));
#11260=DIRECTION('',(0.517088772315294,-0.802179577790461,0.298541666307032));
#11261=DIRECTION('center_axis',(-0.4999990063736,4.64468792997727E-6,0.866025977441693));
#11262=DIRECTION('ref_axis',(0.866025977451034,0.,0.499999006378993));
#11263=DIRECTION('',(0.842698308584751,-0.230534449179526,0.486532042572627));
#11264=DIRECTION('',(0.848791857705957,-0.198502910770289,0.490049973684107));
#11265=DIRECTION('center_axis',(-0.500003620583714,-2.16629158191162E-5,
0.866023313158425));
#11266=DIRECTION('ref_axis',(0.86602331336163,0.,0.500003620701035));
#11267=DIRECTION('',(0.854223350269783,-0.164527565012672,0.493186727523024));
#11268=DIRECTION('center_axis',(-0.499999863407392,4.67633904360822E-7,
0.866025482646077));
#11269=DIRECTION('ref_axis',(0.866025482646172,0.,0.499999863407447));
#11270=DIRECTION('',(0.736339400881342,-0.526376549889478,0.425125880694362));
#11271=DIRECTION('center_axis',(-0.500000162213765,-8.9693064464364E-8,
0.866025310130253));
#11272=DIRECTION('ref_axis',(0.866025310130256,0.,0.500000162213767));
#11273=DIRECTION('',(0.856182995772979,-0.150335317413512,0.494317681342056));
#11274=DIRECTION('center_axis',(-0.500000136389986,2.45772941081313E-6,
0.866025325036142));
#11275=DIRECTION('ref_axis',(0.866025325038757,0.,0.500000136391496));
#11276=DIRECTION('',(0.864839188297363,-0.0523186539264216,0.499315468252773));
#11277=DIRECTION('center_axis',(-0.499999778966898,1.03348879422016E-5,
0.866025531336255));
#11278=DIRECTION('ref_axis',(0.866025531382505,0.,0.499999778993601));
#11279=DIRECTION('center_axis',(-0.500003553950195,-2.58462838102185E-5,
0.866023351514925));
#11280=DIRECTION('ref_axis',(0.86602335180419,0.,0.500003554117204));
#11281=DIRECTION('',(0.85811572042501,-0.134842681430514,0.495434013390376));
#11282=DIRECTION('center_axis',(-0.500000073141679,3.69017541500272E-6,
0.866025361548204));
#11283=DIRECTION('ref_axis',(0.866025361554101,0.,0.500000073145084));
#11284=DIRECTION('',(0.862455219513137,-0.0907056272445746,0.497939236775648));
#11285=DIRECTION('center_axis',(-0.499999735616786,7.96906321848179E-6,
0.866025556389439));
#11286=DIRECTION('ref_axis',(0.866025556416938,0.,0.499999735632662));
#11287=DIRECTION('',(0.865540439740266,-0.0334620270285734,0.499719961499805));
#11288=DIRECTION('center_axis',(-0.500000491935515,-1.81174921384408E-5,
0.866025119575639));
#11289=DIRECTION('ref_axis',(0.866025119717773,0.,0.500000492017575));
#11290=DIRECTION('',(0.865453021624489,0.036331920089915,0.49967095067016));
#11291=DIRECTION('center_axis',(-0.500001448048212,1.22482094544451E-5,
0.866024567665186));
#11292=DIRECTION('ref_axis',(0.866024567730146,0.,0.500001448085717));
#11293=DIRECTION('',(0.860154727188407,0.116239072002102,0.496610837009753));
#11294=DIRECTION('center_axis',(-0.500000195525774,-1.10183451905415E-7,
0.866025290897544));
#11295=DIRECTION('ref_axis',(0.866025290897549,0.,0.500000195525777));
#11296=DIRECTION('',(0.848217444487315,0.201748888289846,0.489718850914705));
#11297=DIRECTION('center_axis',(-0.49999956490159,-3.64529522443315E-6,
0.866025654980805));
#11298=DIRECTION('ref_axis',(0.866025654986559,0.,0.499999564904912));
#11299=DIRECTION('',(0.829604413591857,0.286951908701724,0.478972983623658));
#11300=DIRECTION('center_axis',(-0.500001432749531,3.55486971088985E-6,
0.866024576577235));
#11301=DIRECTION('ref_axis',(0.866024576582707,0.,0.50000143275269));
#11302=DIRECTION('',(0.805937579113844,0.365995312023825,0.465308553702486));
#11303=DIRECTION('center_axis',(-0.500000221990741,0.,0.866025275617987));
#11304=DIRECTION('ref_axis',(0.866025275617987,0.,0.500000221990741));
#11305=DIRECTION('center_axis',(-0.500000133597761,0.,0.866025326651722));
#11306=DIRECTION('ref_axis',(0.866025326651722,0.,0.500000133597761));
#11307=DIRECTION('center_axis',(0.499993124222935,-1.67783935266965E-5,
-0.866029373317253));
#11308=DIRECTION('ref_axis',(-0.866029373439153,0.,-0.499993124293312));
#11309=DIRECTION('',(0.779408102827083,-0.435924882922089,0.449991672919454));
#11310=DIRECTION('center_axis',(0.500000162456102,0.,-0.866025309990344));
#11311=DIRECTION('ref_axis',(-0.866025309990344,0.,-0.500000162456102));
#11312=DIRECTION('center_axis',(0.500001006263395,-1.99669198737105E-6,
-0.866024822814915));
#11313=DIRECTION('ref_axis',(-0.866024822816642,0.,-0.500001006264392));
#11314=DIRECTION('center_axis',(0.318805174214891,0.929776608802534,0.184061725020364));
#11315=DIRECTION('ref_axis',(0.,-0.194194755258191,0.980962994730286));
#11316=DIRECTION('',(0.659821306925825,-0.0782975194832893,-0.747332149294716));
#11317=DIRECTION('center_axis',(0.318805408200677,0.92977648511056,0.184061944566093));
#11318=DIRECTION('ref_axis',(0.,-0.194195003015479,0.980962945683382));
#11319=DIRECTION('center_axis',(0.000638727258126081,0.894426475492273,
0.447214570386477));
#11320=DIRECTION('ref_axis',(0.,-0.44721466161213,0.894426657943036));
#11321=DIRECTION('',(0.999289425023712,0.0162828609592515,-0.0339928444641156));
#11322=DIRECTION('',(0.999998980074731,0.,-0.00142823299813338));
#11323=DIRECTION('center_axis',(0.000638670192932381,0.89442715222713,0.447213216999735));
#11324=DIRECTION('ref_axis',(0.,-0.447213308208812,0.894427334645431));
#11325=DIRECTION('',(0.919206802601697,0.175576191909128,-0.352465395302083));
#11326=DIRECTION('center_axis',(0.000638992602734181,0.894426815462458,
0.447213890068432));
#11327=DIRECTION('ref_axis',(0.,-0.447213981369757,0.894426998064912));
#11328=DIRECTION('',(0.982354247833249,-0.0842033005111736,0.167002802213006));
#11329=DIRECTION('center_axis',(0.,0.,-1.));
#11330=DIRECTION('ref_axis',(-1.,0.,0.));
#11331=DIRECTION('',(0.890353794970768,0.455269282712058,0.));
#11332=DIRECTION('',(0.,1.,0.));
#11333=DIRECTION('',(1.,0.,0.));
#11334=DIRECTION('center_axis',(0.,0.,-1.));
#11335=DIRECTION('ref_axis',(-1.,0.,0.));
#11336=DIRECTION('',(0.873954431274898,0.486007872420776,0.));
#11337=DIRECTION('center_axis',(0.,0.,-1.));
#11338=DIRECTION('ref_axis',(-1.,0.,0.));
#11339=DIRECTION('',(0.831724209979721,0.555189011538961,0.));
#11340=DIRECTION('center_axis',(0.,0.,-1.));
#11341=DIRECTION('ref_axis',(-1.,0.,0.));
#11342=DIRECTION('',(0.890353794970768,-0.455269282712058,0.));
#11343=DIRECTION('',(0.873954431274898,-0.486007872420776,0.));
#11344=DIRECTION('center_axis',(0.,0.,-1.));
#11345=DIRECTION('ref_axis',(-1.,0.,0.));
#11346=DIRECTION('',(1.,0.,0.));
#11347=DIRECTION('',(0.,1.,0.));
#11348=DIRECTION('center_axis',(0.,0.,-1.));
#11349=DIRECTION('ref_axis',(-1.,0.,0.));
#11350=DIRECTION('',(0.831724209979721,-0.555189011538961,0.));
#11351=DIRECTION('center_axis',(0.,0.,-1.));
#11352=DIRECTION('ref_axis',(-1.,0.,0.));
#11353=DIRECTION('center_axis',(0.,-1.,0.));
#11354=DIRECTION('ref_axis',(0.,0.,-1.));
#11355=DIRECTION('',(0.353584192779243,0.,-0.9354027039819));
#11356=DIRECTION('',(0.999998980074731,0.,-0.00142823299813338));
#11357=DIRECTION('center_axis',(0.,-1.,0.));
#11358=DIRECTION('ref_axis',(0.,0.,-1.));
#11359=DIRECTION('',(0.89359066318314,0.,-0.448882753814307));
#11360=DIRECTION('',(0.206932092447874,0.,0.978355308216368));
#11361=DIRECTION('center_axis',(0.,-1.,0.));
#11362=DIRECTION('ref_axis',(0.,0.,-1.));
#11363=DIRECTION('',(0.894938655332663,0.,-0.44618920111469));
#11364=DIRECTION('center_axis',(0.,-1.,0.));
#11365=DIRECTION('ref_axis',(0.,0.,-1.));
#11366=DIRECTION('center_axis',(-0.446160021517249,0.,-0.894953202798743));
#11367=DIRECTION('ref_axis',(-0.894953202798743,0.,0.446160021517249));
#11368=DIRECTION('',(0.283379113806504,0.948545365079088,-0.141272673384556));
#11369=DIRECTION('center_axis',(-0.446215931223024,2.08546930387318E-5,
-0.894925327772016));
#11370=DIRECTION('ref_axis',(-0.894925327966626,0.,0.446215931320058));
#11371=DIRECTION('',(0.532864708267426,0.803413945540464,-0.265671290873093));
#11372=DIRECTION('center_axis',(-0.446189201114324,-1.2811955893116E-6,
-0.894938655331928));
#11373=DIRECTION('ref_axis',(-0.894938655332663,0.,0.44618920111469));
#11374=DIRECTION('',(0.834119346924692,-0.362353921914248,-0.415866024531084));
#11375=DIRECTION('center_axis',(-0.446183847620066,1.41053705741538E-5,
-0.894941324291147));
#11376=DIRECTION('ref_axis',(-0.894941324380177,0.,0.446183847664453));
#11377=DIRECTION('',(0.762811259577771,-0.522951171830353,-0.380317044244189));
#11378=DIRECTION('center_axis',(-0.446195322603913,-6.79340702450335E-6,
-0.894935603292349));
#11379=DIRECTION('ref_axis',(-0.894935603312999,0.,0.446195322614209));
#11380=DIRECTION('',(0.485517055734483,-0.840047182261307,-0.242061810630585));
#11381=DIRECTION('center_axis',(-0.446188433114026,-1.82174270896344E-6,
-0.894939038232176));
#11382=DIRECTION('ref_axis',(-0.894939038233661,0.,0.446188433114766));
#11383=DIRECTION('',(0.203652471231989,-0.973764230112229,-0.101532729279981));
#11384=DIRECTION('center_axis',(-0.446190810118008,-2.44243675314006E-6,
-0.894937853127395));
#11385=DIRECTION('ref_axis',(-0.894937853130064,0.,0.446190810119339));
#11386=DIRECTION('',(0.0440337326541549,-0.99878885299833,-0.0219512531492815));
#11387=DIRECTION('center_axis',(-0.446146437673268,0.,-0.894959974608615));
#11388=DIRECTION('ref_axis',(-0.894959974608615,0.,0.446146437673268));
#11389=DIRECTION('center_axis',(-0.446189201114324,1.2811955893116E-6,-0.894938655331928));
#11390=DIRECTION('ref_axis',(-0.894938655332663,0.,0.44618920111469));
#11391=DIRECTION('',(0.532864708267426,-0.803413945540464,-0.265671290873093));
#11392=DIRECTION('',(0.894938655332663,0.,-0.44618920111469));
#11393=DIRECTION('',(0.834119346924692,0.362353921914248,-0.415866024531084));
#11394=DIRECTION('center_axis',(-0.446160021517249,0.,-0.894953202798743));
#11395=DIRECTION('ref_axis',(-0.894953202798743,0.,0.446160021517249));
#11396=DIRECTION('',(0.283379113806504,-0.948545365079088,-0.141272673384556));
#11397=DIRECTION('center_axis',(-0.446215931223024,-2.08546930387318E-5,
-0.894925327772016));
#11398=DIRECTION('ref_axis',(-0.894925327966626,0.,0.446215931320058));
#11399=DIRECTION('center_axis',(-0.446183847620066,-1.41053705741538E-5,
-0.894941324291147));
#11400=DIRECTION('ref_axis',(-0.894941324380177,0.,0.446183847664453));
#11401=DIRECTION('',(0.762811259577771,0.522951171830353,-0.380317044244189));
#11402=DIRECTION('center_axis',(-0.446195322603913,6.79340702450335E-6,
-0.894935603292349));
#11403=DIRECTION('ref_axis',(-0.894935603312999,0.,0.446195322614209));
#11404=DIRECTION('',(0.485517055734483,0.840047182261307,-0.242061810630585));
#11405=DIRECTION('center_axis',(-0.446188433114026,1.82174270896344E-6,
-0.894939038232176));
#11406=DIRECTION('ref_axis',(-0.894939038233661,0.,0.446188433114766));
#11407=DIRECTION('',(0.203652471231989,0.973764230112229,-0.101532729279981));
#11408=DIRECTION('center_axis',(-0.446190810118008,2.44243675314006E-6,
-0.894937853127395));
#11409=DIRECTION('ref_axis',(-0.894937853130064,0.,0.446190810119339));
#11410=DIRECTION('',(0.0440337326541549,0.99878885299833,-0.0219512531492815));
#11411=DIRECTION('center_axis',(-0.446146437673268,0.,-0.894959974608615));
#11412=DIRECTION('ref_axis',(-0.894959974608615,0.,0.446146437673268));
#11413=DIRECTION('center_axis',(0.000638992602734181,-0.894426815462458,
0.447213890068432));
#11414=DIRECTION('ref_axis',(0.,-0.447213981369757,-0.894426998064912));
#11415=DIRECTION('',(0.919206802601697,-0.175576191909128,-0.352465395302083));
#11416=DIRECTION('',(0.982354247833249,0.0842033005111736,0.167002802213006));
#11417=DIRECTION('center_axis',(0.000638727258126081,-0.894426475492273,
0.447214570386477));
#11418=DIRECTION('ref_axis',(0.,-0.44721466161213,-0.894426657943036));
#11419=DIRECTION('',(0.999289425023712,-0.0162828609592515,-0.0339928444641156));
#11420=DIRECTION('center_axis',(0.000638670192932381,-0.89442715222713,
0.447213216999735));
#11421=DIRECTION('ref_axis',(0.,-0.447213308208812,-0.894427334645431));
#11422=DIRECTION('center_axis',(2.58816747523007E-7,-0.8929216139493,0.450212162587941));
#11423=DIRECTION('ref_axis',(0.,-0.450212162587956,-0.89292161394933));
#11424=DIRECTION('',(0.71686888239421,-0.313891359073321,-0.62255218267546));
#11425=DIRECTION('center_axis',(1.3265720472839E-6,-0.89292111967565,0.450213142895034));
#11426=DIRECTION('ref_axis',(0.,-0.45021314289543,-0.892921119676435));
#11427=DIRECTION('center_axis',(2.58816747523007E-7,0.8929216139493,0.450212162587941));
#11428=DIRECTION('ref_axis',(0.,-0.450212162587956,0.89292161394933));
#11429=DIRECTION('',(0.71686888239421,0.313891359073321,-0.62255218267546));
#11430=DIRECTION('center_axis',(1.3265720472839E-6,0.89292111967565,0.450213142895034));
#11431=DIRECTION('ref_axis',(0.,-0.45021314289543,0.892921119676435));
#11432=DIRECTION('center_axis',(0.,1.,0.));
#11433=DIRECTION('ref_axis',(0.,0.,1.));
#11434=DIRECTION('',(0.206932092447874,0.,0.978355308216368));
#11435=DIRECTION('center_axis',(0.,1.,0.));
#11436=DIRECTION('ref_axis',(0.,0.,1.));
#11437=DIRECTION('',(0.89359066318314,0.,-0.448882753814307));
#11438=DIRECTION('center_axis',(0.,1.,0.));
#11439=DIRECTION('ref_axis',(0.,0.,1.));
#11440=DIRECTION('',(0.353584192779243,0.,-0.9354027039819));
#11441=DIRECTION('center_axis',(0.,1.,0.));
#11442=DIRECTION('ref_axis',(0.,0.,1.));
#11443=DIRECTION('center_axis',(1.,0.,0.));
#11444=DIRECTION('ref_axis',(0.,0.,-1.));
#11445=DIRECTION('center_axis',(1.,0.,0.));
#11446=DIRECTION('ref_axis',(0.,0.,-1.));
#11447=DIRECTION('',(1.,0.,0.));
#11448=DIRECTION('center_axis',(-1.,0.,0.));
#11449=DIRECTION('ref_axis',(0.,0.,-1.));
#11450=DIRECTION('center_axis',(1.,0.,0.));
#11451=DIRECTION('ref_axis',(0.,0.,-1.));
#11452=DIRECTION('center_axis',(1.,0.,0.));
#11453=DIRECTION('ref_axis',(0.,0.,-1.));
#11454=DIRECTION('',(1.,0.,0.));
#11455=DIRECTION('center_axis',(-1.,0.,0.));
#11456=DIRECTION('ref_axis',(0.,0.,-1.));
#11457=DIRECTION('center_axis',(0.,1.,0.));
#11458=DIRECTION('ref_axis',(1.,0.,0.));
#11459=DIRECTION('center_axis',(0.,-1.,0.));
#11460=DIRECTION('ref_axis',(1.,0.,0.));
#11461=DIRECTION('',(0.,1.,0.));
#11462=DIRECTION('center_axis',(0.,-1.,0.));
#11463=DIRECTION('ref_axis',(1.,0.,0.));
#11464=DIRECTION('center_axis',(0.,1.,0.));
#11465=DIRECTION('ref_axis',(1.,0.,0.));
#11466=DIRECTION('center_axis',(0.,1.,0.));
#11467=DIRECTION('ref_axis',(1.,0.,0.));
#11468=DIRECTION('',(0.,1.,0.));
#11469=DIRECTION('center_axis',(0.,1.,0.));
#11470=DIRECTION('ref_axis',(1.,0.,0.));
#11471=DIRECTION('center_axis',(0.,-1.,0.));
#11472=DIRECTION('ref_axis',(-1.,0.,0.));
#11473=DIRECTION('center_axis',(0.,1.,0.));
#11474=DIRECTION('ref_axis',(1.,0.,0.));
#11475=DIRECTION('center_axis',(0.,1.,0.));
#11476=DIRECTION('ref_axis',(1.,0.,0.));
#11477=DIRECTION('center_axis',(0.,-1.,0.));
#11478=DIRECTION('ref_axis',(1.,0.,0.));
#11479=DIRECTION('',(0.,1.,0.));
#11480=DIRECTION('center_axis',(0.,-1.,0.));
#11481=DIRECTION('ref_axis',(1.,0.,0.));
#11482=DIRECTION('center_axis',(0.,1.,0.));
#11483=DIRECTION('ref_axis',(1.,0.,0.));
#11484=DIRECTION('center_axis',(0.,1.,0.));
#11485=DIRECTION('ref_axis',(1.,0.,0.));
#11486=DIRECTION('',(0.,1.,0.));
#11487=DIRECTION('center_axis',(0.,1.,0.));
#11488=DIRECTION('ref_axis',(1.,0.,0.));
#11489=DIRECTION('center_axis',(0.,-1.,0.));
#11490=DIRECTION('ref_axis',(-1.,0.,0.));
#11491=DIRECTION('center_axis',(0.,1.,0.));
#11492=DIRECTION('ref_axis',(1.,0.,0.));
#11493=DIRECTION('center_axis',(0.,-1.,0.));
#11494=DIRECTION('ref_axis',(0.,0.,-1.));
#11495=DIRECTION('',(-1.,0.,0.));
#11496=DIRECTION('',(0.,0.,-1.));
#11497=DIRECTION('',(-1.,0.,0.));
#11498=DIRECTION('',(0.,0.,-1.));
#11499=DIRECTION('center_axis',(1.,0.,0.));
#11500=DIRECTION('ref_axis',(0.,0.,-1.));
#11501=DIRECTION('',(0.,-1.,0.));
#11502=DIRECTION('',(0.,-1.,0.));
#11503=DIRECTION('',(0.,0.,-1.));
#11504=DIRECTION('center_axis',(0.,0.,1.));
#11505=DIRECTION('ref_axis',(1.,0.,0.));
#11506=DIRECTION('',(0.,1.,0.));
#11507=DIRECTION('',(1.,0.,0.));
#11508=DIRECTION('center_axis',(0.,1.,0.));
#11509=DIRECTION('ref_axis',(0.,0.,1.));
#11510=DIRECTION('',(1.,0.,0.));
#11511=DIRECTION('',(0.,0.,-1.));
#11512=DIRECTION('center_axis',(-1.,0.,0.));
#11513=DIRECTION('ref_axis',(0.,0.,1.));
#11514=DIRECTION('',(0.,1.,0.));
#11515=DIRECTION('center_axis',(1.,0.,0.));
#11516=DIRECTION('ref_axis',(0.,0.,-1.));
#11517=DIRECTION('',(0.,0.,-1.));
#11518=DIRECTION('',(0.,-1.,0.));
#11519=DIRECTION('',(0.,0.,-1.));
#11520=DIRECTION('',(0.,1.,0.));
#11521=DIRECTION('center_axis',(0.,0.,1.));
#11522=DIRECTION('ref_axis',(1.,0.,0.));
#11523=DIRECTION('',(0.,-1.,0.));
#11524=DIRECTION('',(-1.,0.,0.));
#11525=DIRECTION('',(0.,-1.,0.));
#11526=DIRECTION('',(0.,-1.,0.));
#11527=DIRECTION('',(1.,0.,0.));
#11528=DIRECTION('center_axis',(-1.,0.,0.));
#11529=DIRECTION('ref_axis',(0.,0.,1.));
#11530=DIRECTION('',(0.,1.,0.));
#11531=DIRECTION('',(0.,0.,-1.));
#11532=DIRECTION('',(0.,0.,-1.));
#11533=DIRECTION('center_axis',(0.,0.,1.));
#11534=DIRECTION('ref_axis',(1.,0.,0.));
#11535=DIRECTION('',(1.,0.,0.));
#11536=DIRECTION('',(0.,1.,0.));
#11537=DIRECTION('',(-1.,0.,0.));
#11538=DIRECTION('',(0.,1.,0.));
#11539=DIRECTION('',(1.,0.,0.));
#11540=DIRECTION('',(0.,-1.,0.));
#11541=DIRECTION('',(-1.,0.,0.));
#11542=DIRECTION('',(0.,1.,0.));
#11543=DIRECTION('',(1.,0.,0.));
#11544=DIRECTION('',(0.,1.,0.));
#11545=DIRECTION('',(-1.,0.,0.));
#11546=DIRECTION('',(0.,1.,0.));
#11547=DIRECTION('',(1.,0.,0.));
#11548=DIRECTION('',(-1.,0.,0.));
#11549=DIRECTION('',(0.,-1.,0.));
#11550=DIRECTION('',(1.,0.,0.));
#11551=DIRECTION('',(-1.,0.,0.));
#11552=DIRECTION('',(0.,-1.,0.));
#11553=DIRECTION('center_axis',(0.,-1.,0.));
#11554=DIRECTION('ref_axis',(0.,0.,-1.));
#11555=DIRECTION('',(0.,0.,1.));
#11556=DIRECTION('',(0.,0.,-1.));
#11557=DIRECTION('',(1.,0.,0.));
#11558=DIRECTION('',(0.,0.,-1.));
#11559=DIRECTION('',(-1.,0.,0.));
#11560=DIRECTION('center_axis',(0.,0.,1.));
#11561=DIRECTION('ref_axis',(1.,0.,0.));
#11562=DIRECTION('',(0.,-1.,0.));
#11563=DIRECTION('',(-1.,0.,0.));
#11564=DIRECTION('',(0.,1.,0.));
#11565=DIRECTION('center_axis',(0.,1.,0.));
#11566=DIRECTION('ref_axis',(0.,0.,1.));
#11567=DIRECTION('',(0.,0.,-1.));
#11568=DIRECTION('',(1.,0.,0.));
#11569=DIRECTION('',(0.,0.,-1.));
#11570=DIRECTION('',(0.,0.,-1.));
#11571=DIRECTION('',(0.,0.,-1.));
#11572=DIRECTION('',(1.,0.,0.));
#11573=DIRECTION('center_axis',(1.,0.,0.));
#11574=DIRECTION('ref_axis',(0.,0.,-1.));
#11575=DIRECTION('',(0.,-1.,0.));
#11576=DIRECTION('center_axis',(-1.,0.,0.));
#11577=DIRECTION('ref_axis',(0.,0.,1.));
#11578=DIRECTION('center_axis',(0.,0.,1.));
#11579=DIRECTION('ref_axis',(1.,0.,0.));
#11580=DIRECTION('',(0.,-1.,0.));
#11581=DIRECTION('',(-1.,0.,0.));
#11582=DIRECTION('',(0.,1.,0.));
#11583=DIRECTION('center_axis',(1.,0.,0.));
#11584=DIRECTION('ref_axis',(0.,0.,-1.));
#11585=DIRECTION('',(0.,-1.,0.));
#11586=DIRECTION('',(0.,0.,-1.));
#11587=DIRECTION('center_axis',(1.,0.,0.));
#11588=DIRECTION('ref_axis',(0.,0.,-1.));
#11589=DIRECTION('',(0.,0.,1.));
#11590=DIRECTION('center_axis',(0.,-1.,0.));
#11591=DIRECTION('ref_axis',(0.,0.,-1.));
#11592=DIRECTION('',(0.,0.,1.));
#11593=DIRECTION('',(0.,0.,-1.));
#11594=DIRECTION('',(1.,0.,0.));
#11595=DIRECTION('',(0.,0.,-1.));
#11596=DIRECTION('',(-1.,0.,0.));
#11597=DIRECTION('center_axis',(0.,0.,1.));
#11598=DIRECTION('ref_axis',(1.,0.,0.));
#11599=DIRECTION('',(0.,-1.,0.));
#11600=DIRECTION('',(-1.,0.,0.));
#11601=DIRECTION('',(0.,1.,0.));
#11602=DIRECTION('center_axis',(0.,1.,0.));
#11603=DIRECTION('ref_axis',(0.,0.,1.));
#11604=DIRECTION('',(0.,0.,-1.));
#11605=DIRECTION('',(1.,0.,0.));
#11606=DIRECTION('',(0.,0.,-1.));
#11607=DIRECTION('',(0.,0.,-1.));
#11608=DIRECTION('center_axis',(1.,0.,0.));
#11609=DIRECTION('ref_axis',(0.,0.,-1.));
#11610=DIRECTION('',(0.,-1.,0.));
#11611=DIRECTION('center_axis',(-1.,0.,0.));
#11612=DIRECTION('ref_axis',(0.,0.,1.));
#11613=DIRECTION('center_axis',(0.,0.,1.));
#11614=DIRECTION('ref_axis',(1.,0.,0.));
#11615=DIRECTION('',(1.,0.,0.));
#11616=DIRECTION('',(0.,-1.,0.));
#11617=DIRECTION('',(0.,-1.,0.));
#11618=DIRECTION('',(1.,0.,0.));
#11619=DIRECTION('',(0.,1.,0.));
#11620=DIRECTION('center_axis',(0.,1.,0.));
#11621=DIRECTION('ref_axis',(0.,0.,1.));
#11622=DIRECTION('',(0.,0.,-1.));
#11623=DIRECTION('',(1.,0.,0.));
#11624=DIRECTION('',(0.,0.,-1.));
#11625=DIRECTION('center_axis',(1.,0.,0.));
#11626=DIRECTION('ref_axis',(0.,0.,-1.));
#11627=DIRECTION('',(0.,0.,-1.));
#11628=DIRECTION('center_axis',(-1.,0.,0.));
#11629=DIRECTION('ref_axis',(0.,0.,1.));
#11630=DIRECTION('',(0.,0.,-1.));
#11631=DIRECTION('',(0.,-1.,0.));
#11632=DIRECTION('',(0.,0.,-1.));
#11633=DIRECTION('center_axis',(0.,1.,0.));
#11634=DIRECTION('ref_axis',(0.,0.,1.));
#11635=DIRECTION('',(0.,0.,-1.));
#11636=DIRECTION('',(-1.,0.,0.));
#11637=DIRECTION('center_axis',(0.,0.,1.));
#11638=DIRECTION('ref_axis',(1.,0.,0.));
#11639=DIRECTION('',(0.,1.,0.));
#11640=DIRECTION('',(1.,0.,0.));
#11641=DIRECTION('center_axis',(1.,0.,0.));
#11642=DIRECTION('ref_axis',(0.,0.,-1.));
#11643=DIRECTION('',(0.,0.,-1.));
#11644=DIRECTION('center_axis',(0.,-1.,0.));
#11645=DIRECTION('ref_axis',(0.,0.,-1.));
#11646=DIRECTION('center_axis',(-1.,0.,0.));
#11647=DIRECTION('ref_axis',(0.,0.,1.));
#11648=DIRECTION('',(0.,0.,-1.));
#11649=DIRECTION('',(0.,-1.,0.));
#11650=DIRECTION('',(0.,0.,-1.));
#11651=DIRECTION('center_axis',(0.,1.,0.));
#11652=DIRECTION('ref_axis',(0.,0.,1.));
#11653=DIRECTION('',(0.,0.,-1.));
#11654=DIRECTION('',(-1.,0.,0.));
#11655=DIRECTION('center_axis',(0.,0.,1.));
#11656=DIRECTION('ref_axis',(1.,0.,0.));
#11657=DIRECTION('',(0.,1.,0.));
#11658=DIRECTION('',(1.,0.,0.));
#11659=DIRECTION('center_axis',(1.,0.,0.));
#11660=DIRECTION('ref_axis',(0.,0.,-1.));
#11661=DIRECTION('',(0.,0.,-1.));
#11662=DIRECTION('center_axis',(0.,-1.,0.));
#11663=DIRECTION('ref_axis',(0.,0.,-1.));
#11664=DIRECTION('center_axis',(0.,0.,1.));
#11665=DIRECTION('ref_axis',(1.,0.,0.));
#11666=DIRECTION('',(-1.,0.,0.));
#11667=DIRECTION('',(0.,1.,0.));
#11668=DIRECTION('',(-1.,0.,0.));
#11669=DIRECTION('',(0.,-1.,0.));
#11670=DIRECTION('center_axis',(0.,1.,0.));
#11671=DIRECTION('ref_axis',(0.,0.,1.));
#11672=DIRECTION('',(0.,0.,-1.));
#11673=DIRECTION('center_axis',(0.,-1.,0.));
#11674=DIRECTION('ref_axis',(0.,0.,-1.));
#11675=DIRECTION('',(0.,0.,-1.));
#11676=DIRECTION('center_axis',(0.,0.,1.));
#11677=DIRECTION('ref_axis',(1.,0.,0.));
#11678=DIRECTION('',(0.,1.,0.));
#11679=DIRECTION('',(-1.,0.,0.));
#11680=DIRECTION('',(0.,-1.,0.));
#11681=DIRECTION('center_axis',(1.,0.,0.));
#11682=DIRECTION('ref_axis',(0.,0.,-1.));
#11683=DIRECTION('',(0.,0.,-1.));
#11684=DIRECTION('center_axis',(0.,-1.,0.));
#11685=DIRECTION('ref_axis',(0.,0.,-1.));
#11686=DIRECTION('',(0.,0.,-1.));
#11687=DIRECTION('center_axis',(-1.,0.,0.));
#11688=DIRECTION('ref_axis',(0.,0.,1.));
#11689=DIRECTION('center_axis',(0.,0.,1.));
#11690=DIRECTION('ref_axis',(1.,0.,0.));
#11691=DIRECTION('',(0.,1.,0.));
#11692=DIRECTION('',(-1.,0.,0.));
#11693=DIRECTION('',(0.,-1.,0.));
#11694=DIRECTION('',(1.,0.,0.));
#11695=DIRECTION('center_axis',(0.,0.,1.));
#11696=DIRECTION('ref_axis',(1.,0.,0.));
#11697=DIRECTION('',(0.,-1.,0.));
#11698=DIRECTION('',(-1.,0.,0.));
#11699=DIRECTION('',(0.,1.,0.));
#11700=DIRECTION('',(1.,0.,0.));
#11701=DIRECTION('center_axis',(0.,1.,0.));
#11702=DIRECTION('ref_axis',(0.,0.,1.));
#11703=DIRECTION('',(0.,0.,-1.));
#11704=DIRECTION('',(0.,0.,-1.));
#11705=DIRECTION('center_axis',(1.,0.,0.));
#11706=DIRECTION('ref_axis',(0.,0.,-1.));
#11707=DIRECTION('',(0.,0.,-1.));
#11708=DIRECTION('center_axis',(0.,-1.,0.));
#11709=DIRECTION('ref_axis',(0.,0.,-1.));
#11710=DIRECTION('',(0.,0.,-1.));
#11711=DIRECTION('center_axis',(-1.,0.,0.));
#11712=DIRECTION('ref_axis',(0.,0.,1.));
#11713=DIRECTION('center_axis',(0.,1.,0.));
#11714=DIRECTION('ref_axis',(1.,0.,0.));
#11715=DIRECTION('center_axis',(0.,1.,0.));
#11716=DIRECTION('ref_axis',(1.,0.,0.));
#11717=DIRECTION('',(0.,-1.,0.));
#11718=DIRECTION('center_axis',(0.,-1.,0.));
#11719=DIRECTION('ref_axis',(1.,0.,0.));
#11720=DIRECTION('center_axis',(0.,-1.,0.));
#11721=DIRECTION('ref_axis',(-1.,0.,0.));
#11722=DIRECTION('center_axis',(0.,1.,0.));
#11723=DIRECTION('ref_axis',(1.,0.,0.));
#11724=CARTESIAN_POINT('',(0.,0.,0.));
#11725=CARTESIAN_POINT('Origin',(-52.6,0.,0.1));
#11726=CARTESIAN_POINT('',(-52.9,-1.83697019872103E-17,0.25));
#11727=CARTESIAN_POINT('Origin',(-52.9,0.,0.1));
#11728=CARTESIAN_POINT('',(-52.6,1.83697019872103E-17,0.25));
#11729=CARTESIAN_POINT('',(-52.6,-1.83697019872103E-17,0.25));
#11730=CARTESIAN_POINT('Origin',(-52.6,0.,0.1));
#11731=CARTESIAN_POINT('Origin',(-52.9,0.,0.1));
#11732=CARTESIAN_POINT('Origin',(-55.2,0.,0.1));
#11733=CARTESIAN_POINT('',(-55.41,-0.6,0.1));
#11734=CARTESIAN_POINT('Origin',(-55.2,-0.6,0.1));
#11735=CARTESIAN_POINT('',(-55.41,0.6,0.1));
#11736=CARTESIAN_POINT('',(-55.41,0.,0.1));
#11737=CARTESIAN_POINT('Origin',(-55.2,0.6,0.1));
#11738=CARTESIAN_POINT('Origin',(-54.,0.,0.85));
#11739=CARTESIAN_POINT('',(-54.3,-3.67394039744206E-17,1.));
#11740=CARTESIAN_POINT('Origin',(-54.,0.,1.));
#11741=CARTESIAN_POINT('',(-54.3,3.67394039744206E-17,0.8));
#11742=CARTESIAN_POINT('',(-54.3,-3.67394039744206E-17,0.85));
#11743=CARTESIAN_POINT('Origin',(-54.,0.,0.8));
#11744=CARTESIAN_POINT('Origin',(-54.,0.,1.));
#11745=CARTESIAN_POINT('Origin',(-54.9,-0.6,0.1));
#11746=CARTESIAN_POINT('',(-56.8,-0.6,-0.6));
#11747=CARTESIAN_POINT('',(-56.8,-0.6,0.8));
#11748=CARTESIAN_POINT('',(-56.8,-0.6,0.7));
#11749=CARTESIAN_POINT('',(-52.6,-0.6,-0.6));
#11750=CARTESIAN_POINT('',(-54.9,-0.6,-0.6));
#11751=CARTESIAN_POINT('',(-52.6,-0.6,0.8));
#11752=CARTESIAN_POINT('',(-52.6,-0.6,0.1));
#11753=CARTESIAN_POINT('',(-54.9,-0.6,0.8));
#11754=CARTESIAN_POINT('Origin',(-54.9,0.,0.8));
#11755=CARTESIAN_POINT('',(-56.8,0.6,0.8));
#11756=CARTESIAN_POINT('',(-56.8,0.,0.8));
#11757=CARTESIAN_POINT('',(-52.6,0.6,0.8));
#11758=CARTESIAN_POINT('',(-52.6,0.,0.8));
#11759=CARTESIAN_POINT('',(-54.9,0.6,0.8));
#11760=CARTESIAN_POINT('Origin',(-54.9,0.6,0.1));
#11761=CARTESIAN_POINT('',(-56.8,0.6,-0.6));
#11762=CARTESIAN_POINT('',(-56.8,0.6,0.7));
#11763=CARTESIAN_POINT('',(-52.6,0.6,-0.6));
#11764=CARTESIAN_POINT('',(-52.6,0.6,0.1));
#11765=CARTESIAN_POINT('',(-54.9,0.6,-0.6));
#11766=CARTESIAN_POINT('Origin',(-52.6,0.,0.1));
#11767=CARTESIAN_POINT('',(-52.6,0.,-0.6));
#11768=CARTESIAN_POINT('Origin',(-56.8,0.,1.3));
#11769=CARTESIAN_POINT('',(-56.8,0.7,-0.6));
#11770=CARTESIAN_POINT('',(-56.8,0.,-0.6));
#11771=CARTESIAN_POINT('',(-56.8,0.7,3.2));
#11772=CARTESIAN_POINT('',(-56.8,0.7,1.3));
#11773=CARTESIAN_POINT('',(-56.8,-0.7,3.2));
#11774=CARTESIAN_POINT('',(-56.8,0.,3.2));
#11775=CARTESIAN_POINT('',(-56.8,-0.7,-0.6));
#11776=CARTESIAN_POINT('',(-56.8,-0.7,1.3));
#11777=CARTESIAN_POINT('',(-56.8,0.,-0.6));
#11778=CARTESIAN_POINT('Origin',(-57.4,-0.7,1.3));
#11779=CARTESIAN_POINT('',(-57.4001963218199,-0.7,3.19000029563904));
#11780=CARTESIAN_POINT('',(-58.,-0.7,3.19000029563904));
#11781=CARTESIAN_POINT('',(-57.3602516174316,-0.7,3.19000029563904));
#11782=CARTESIAN_POINT('',(-57.3205032348633,-0.7,3.19000029563904));
#11783=CARTESIAN_POINT('',(-57.3602516174316,-0.7,3.19000029563904));
#11784=CARTESIAN_POINT('',(-57.3205032348633,-0.7,3.16243360029093));
#11785=CARTESIAN_POINT('',(-57.3205032348633,-0.7,2.24500014781952));
#11786=CARTESIAN_POINT('',(-57.3205032348633,-0.7,2.875));
#11787=CARTESIAN_POINT('',(-57.3205032348633,-0.7,2.0875));
#11788=CARTESIAN_POINT('',(-58.,-0.7,2.875));
#11789=CARTESIAN_POINT('',(-57.3602516174316,-0.7,2.875));
#11790=CARTESIAN_POINT('',(-58.,-0.7,-0.6));
#11791=CARTESIAN_POINT('',(-58.,-0.7,1.3));
#11792=CARTESIAN_POINT('',(-57.4,-0.7,-0.6));
#11793=CARTESIAN_POINT('',(-58.,-0.7,3.2));
#11794=CARTESIAN_POINT('',(-57.4,-0.7,3.2));
#11795=CARTESIAN_POINT('',(-58.,-0.7,1.3));
#11796=CARTESIAN_POINT('Origin',(-58.,0.,1.3));
#11797=CARTESIAN_POINT('',(-58.,0.7,2.875));
#11798=CARTESIAN_POINT('',(-58.,0.71875,2.875));
#11799=CARTESIAN_POINT('',(-58.,0.7,-0.6));
#11800=CARTESIAN_POINT('',(-58.,0.7,1.3));
#11801=CARTESIAN_POINT('',(-58.,0.,-0.6));
#11802=CARTESIAN_POINT('Origin',(-57.4,0.,3.2));
#11803=CARTESIAN_POINT('',(-58.,0.7,3.2));
#11804=CARTESIAN_POINT('',(-57.4,0.7,3.2));
#11805=CARTESIAN_POINT('',(-58.,0.,3.2));
#11806=CARTESIAN_POINT('Origin',(-57.4,0.,-0.6));
#11807=CARTESIAN_POINT('',(-57.4,0.7,-0.6));
#11808=CARTESIAN_POINT('Origin',(-58.,0.,1.3));
#11809=CARTESIAN_POINT('',(-58.,0.7,3.19000029563904));
#11810=CARTESIAN_POINT('',(-58.,-0.452499866485596,3.19000029563904));
#11811=CARTESIAN_POINT('',(-58.,0.7,1.3));
#11812=CARTESIAN_POINT('Origin',(-57.4,0.7,1.3));
#11813=CARTESIAN_POINT('',(-57.944442502643,0.7,3.19000029563904));
#11814=CARTESIAN_POINT('',(-57.3602516174316,0.7,3.19000029563904));
#11815=CARTESIAN_POINT('',(-57.3205032348633,0.7,2.875));
#11816=CARTESIAN_POINT('',(-57.3602516174316,0.7,2.875));
#11817=CARTESIAN_POINT('',(-57.3205032348633,0.7,2.97417299659161));
#11818=CARTESIAN_POINT('',(-57.3205032348633,0.7,2.0875));
#11819=CARTESIAN_POINT('',(-57.3205032348633,0.7,3.19000029563904));
#11820=CARTESIAN_POINT('',(-57.3205032348633,0.7,2.24500014781952));
#11821=CARTESIAN_POINT('',(-57.3602516174316,0.7,3.19000029563904));
#11822=CARTESIAN_POINT('Origin',(-57.3205032348633,-0.904999732971191,3.19000029563904));
#11823=CARTESIAN_POINT('',(-58.0241355895996,0.904999732971191,3.19000029563904));
#11824=CARTESIAN_POINT('',(-58.0241355895996,0.904999732971191,3.19000029563904));
#11825=CARTESIAN_POINT('',(-58.0241355895996,-0.904999732971191,3.19000029563904));
#11826=CARTESIAN_POINT('',(-58.0241355895996,-0.904999732971191,3.19000029563904));
#11827=CARTESIAN_POINT('',(-57.3205032348633,-0.904999732971191,3.19000029563904));
#11828=CARTESIAN_POINT('',(-58.0241355895996,-0.904999732971191,3.19000029563904));
#11829=CARTESIAN_POINT('',(-58.0241355895996,0.904999732971191,3.19000029563904));
#11830=CARTESIAN_POINT('Origin',(-57.3205032348633,0.904999732971191,3.19000029563904));
#11831=CARTESIAN_POINT('',(-57.3205032348633,0.904999732971191,3.19000029563904));
#11832=CARTESIAN_POINT('',(-57.3205032348633,-0.904999732971191,3.19000029563904));
#11833=CARTESIAN_POINT('',(-58.0241355895996,0.904999732971191,3.19000029563904));
#11834=CARTESIAN_POINT('Origin',(-57.3205032348633,0.904999732971191,3.19000029563904));
#11835=CARTESIAN_POINT('',(-57.3205032348633,-0.904999732971191,3.19000029563904));
#11836=CARTESIAN_POINT('Origin',(-57.3205032348633,0.904999732971191,3.19000029563904));
#11837=CARTESIAN_POINT('',(-57.3205032348633,1.4375,2.875));
#11838=CARTESIAN_POINT('',(-57.3205032348633,-0.904999732971191,3.19000029563904));
#11839=CARTESIAN_POINT('',(-57.3205032348633,0.904999732971191,3.19000029563904));
#11840=CARTESIAN_POINT('Origin',(-57.3205032348633,1.4375,2.875));
#11841=CARTESIAN_POINT('',(-57.3205032348633,-1.4375,2.875));
#11842=CARTESIAN_POINT('Origin',(-61.1874084472656,-1.20000004768372,4.16269063949585));
#11843=CARTESIAN_POINT('',(-61.1874084472656,-0.773698151111603,4.16269063949585));
#11844=CARTESIAN_POINT('',(-60.8874092102051,-1.20000004768372,3.64307570457458));
#11845=CARTESIAN_POINT('',(-61.1874084472656,-0.773698151111603,4.16269063949585));
#11846=CARTESIAN_POINT('',(-61.1874084472656,-1.20000004768372,4.16269063949585));
#11847=CARTESIAN_POINT('',(-61.1874084472656,-1.20000004768372,4.16269063949585));
#11848=CARTESIAN_POINT('',(-61.1874084472656,-1.20000004768372,4.16269063949585));
#11849=CARTESIAN_POINT('Origin',(-60.8874092102051,-0.773698151111603,3.64307570457458));
#11850=CARTESIAN_POINT('',(-60.8874092102051,-0.773698151111603,3.64307570457458));
#11851=CARTESIAN_POINT('',(-61.1874084472656,-0.773698151111603,4.16269063949585));
#11852=CARTESIAN_POINT('',(-60.8874092102051,-1.20000004768372,3.64307570457458));
#11853=CARTESIAN_POINT('Origin',(-61.1874084472656,0.773698151111603,4.16269063949585));
#11854=CARTESIAN_POINT('',(-61.1874084472656,1.20000004768372,4.16269063949585));
#11855=CARTESIAN_POINT('',(-60.8874092102051,0.773698151111603,3.64307570457458));
#11856=CARTESIAN_POINT('',(-61.1874084472656,1.20000004768372,4.16269063949585));
#11857=CARTESIAN_POINT('',(-61.1874084472656,0.773698151111603,4.16269063949585));
#11858=CARTESIAN_POINT('',(-61.1874084472656,0.773698151111603,4.16269063949585));
#11859=CARTESIAN_POINT('',(-61.1874084472656,0.773698151111603,4.16269063949585));
#11860=CARTESIAN_POINT('Origin',(-60.8874092102051,1.20000004768372,3.64307570457458));
#11861=CARTESIAN_POINT('',(-60.8874092102051,1.20000004768372,3.64307570457458));
#11862=CARTESIAN_POINT('',(-61.1874084472656,1.20000004768372,4.16269063949585));
#11863=CARTESIAN_POINT('',(-60.8874092102051,0.773698151111603,3.64307570457458));
#11864=CARTESIAN_POINT('Origin',(-61.0344047546387,-0.211813166737556,4.25102758407593));
#11865=CARTESIAN_POINT('',(-61.06884765625,-0.420285910367966,4.23114347457886));
#11866=CARTESIAN_POINT('',(-60.7344055175781,-0.211813166737556,3.73141264915466));
#11867=CARTESIAN_POINT('',(-61.06884765625,-0.420285910367966,4.23114347457886));
#11868=CARTESIAN_POINT('',(-61.0344047546387,-0.211813166737556,4.25102758407593));
#11869=CARTESIAN_POINT('',(-61.06884765625,-0.420285910367966,4.23114347457886));
#11870=CARTESIAN_POINT('',(-61.0344047546387,-0.211813166737556,4.25102758407593));
#11871=CARTESIAN_POINT('Origin',(-60.7688484191895,-0.420285910367966,3.71152853965759));
#11872=CARTESIAN_POINT('',(-60.7688484191895,-0.420285910367966,3.71152853965759));
#11873=CARTESIAN_POINT('',(-60.7688484191895,-0.420285910367966,3.71152853965759));
#11874=CARTESIAN_POINT('',(-61.06884765625,-0.420285910367966,4.23114347457886));
#11875=CARTESIAN_POINT('Origin',(-61.06884765625,-0.420285910367966,4.23114347457886));
#11876=CARTESIAN_POINT('',(-61.1256408691406,-0.622130513191223,4.19835233688354));
#11877=CARTESIAN_POINT('',(-61.1256408691406,-0.622130513191223,4.19835233688354));
#11878=CARTESIAN_POINT('',(-61.1256408691406,-0.622130513191223,4.19835233688354));
#11879=CARTESIAN_POINT('Origin',(-60.8256416320801,-0.622130513191223,3.67873692512512));
#11880=CARTESIAN_POINT('',(-60.8256416320801,-0.622130513191223,3.67873692512512));
#11881=CARTESIAN_POINT('',(-60.8256416320801,-0.622130513191223,3.67873692512512));
#11882=CARTESIAN_POINT('',(-61.1256408691406,-0.622130513191223,4.19835233688354));
#11883=CARTESIAN_POINT('Origin',(-61.1256408691406,-0.622130513191223,4.19835233688354));
#11884=CARTESIAN_POINT('',(-61.1874084472656,-0.773698151111603,4.16269063949585));
#11885=CARTESIAN_POINT('',(-61.1874084472656,-0.773698151111603,4.16269063949585));
#11886=CARTESIAN_POINT('Origin',(-60.8874092102051,-0.773698151111603,3.64307570457458));
#11887=CARTESIAN_POINT('',(-60.8874092102051,-0.773698151111603,3.64307570457458));
#11888=CARTESIAN_POINT('Origin',(-61.0228652954102,0.,4.25769090652466));
#11889=CARTESIAN_POINT('',(-60.7228660583496,0.,3.73807573318481));
#11890=CARTESIAN_POINT('',(-61.0344047546387,-0.211813166737556,4.25102758407593));
#11891=CARTESIAN_POINT('',(-61.0228652954102,0.,4.25769090652466));
#11892=CARTESIAN_POINT('',(-61.0344047546387,-0.211813166737556,4.25102758407593));
#11893=CARTESIAN_POINT('',(-61.0228652954102,0.,4.25769090652466));
#11894=CARTESIAN_POINT('Origin',(-60.7344055175781,-0.211813166737556,3.73141264915466));
#11895=CARTESIAN_POINT('',(-60.7344055175781,-0.211813166737556,3.73141264915466));
#11896=CARTESIAN_POINT('Origin',(-61.0344047546387,0.211813166737556,4.25102758407593));
#11897=CARTESIAN_POINT('',(-61.06884765625,0.420285910367966,4.23114347457886));
#11898=CARTESIAN_POINT('',(-60.7344055175781,0.211813166737556,3.73141264915466));
#11899=CARTESIAN_POINT('',(-61.06884765625,0.420285910367966,4.23114347457886));
#11900=CARTESIAN_POINT('',(-61.0344047546387,0.211813166737556,4.25102758407593));
#11901=CARTESIAN_POINT('',(-61.0344047546387,0.211813166737556,4.25102758407593));
#11902=CARTESIAN_POINT('',(-61.06884765625,0.420285910367966,4.23114347457886));
#11903=CARTESIAN_POINT('Origin',(-60.7688484191895,0.420285910367966,3.71152853965759));
#11904=CARTESIAN_POINT('',(-60.7688484191895,0.420285910367966,3.71152853965759));
#11905=CARTESIAN_POINT('',(-61.06884765625,0.420285910367966,4.23114347457886));
#11906=CARTESIAN_POINT('',(-60.7688484191895,0.420285910367966,3.71152853965759));
#11907=CARTESIAN_POINT('Origin',(-61.06884765625,0.420285910367966,4.23114347457886));
#11908=CARTESIAN_POINT('',(-61.1256408691406,0.622130513191223,4.19835233688354));
#11909=CARTESIAN_POINT('',(-61.1256408691406,0.622130513191223,4.19835233688354));
#11910=CARTESIAN_POINT('',(-61.1256408691406,0.622130513191223,4.19835233688354));
#11911=CARTESIAN_POINT('Origin',(-60.8256416320801,0.622130513191223,3.67873692512512));
#11912=CARTESIAN_POINT('',(-60.8256416320801,0.622130513191223,3.67873692512512));
#11913=CARTESIAN_POINT('',(-61.1256408691406,0.622130513191223,4.19835233688354));
#11914=CARTESIAN_POINT('',(-60.8256416320801,0.622130513191223,3.67873692512512));
#11915=CARTESIAN_POINT('Origin',(-61.1256408691406,0.622130513191223,4.19835233688354));
#11916=CARTESIAN_POINT('',(-61.1874084472656,0.773698151111603,4.16269063949585));
#11917=CARTESIAN_POINT('',(-61.1874084472656,0.773698151111603,4.16269063949585));
#11918=CARTESIAN_POINT('Origin',(-60.8874092102051,0.773698151111603,3.64307570457458));
#11919=CARTESIAN_POINT('',(-60.8874092102051,0.773698151111603,3.64307570457458));
#11920=CARTESIAN_POINT('Origin',(-61.0228652954102,0.,4.25769090652466));
#11921=CARTESIAN_POINT('',(-61.0344047546387,0.211813166737556,4.25102758407593));
#11922=CARTESIAN_POINT('',(-61.0344047546387,0.211813166737556,4.25102758407593));
#11923=CARTESIAN_POINT('Origin',(-60.7344055175781,0.211813166737556,3.73141264915466));
#11924=CARTESIAN_POINT('',(-60.7344055175781,0.211813166737556,3.73141264915466));
#11925=CARTESIAN_POINT('Origin',(-60.5491600036621,-1.20000004768372,3.83836555480957));
#11926=CARTESIAN_POINT('',(-60.5501594543457,-1.20000004768372,3.84009790420532));
#11927=CARTESIAN_POINT('',(-60.8874092102051,-1.20000004768372,3.64307570457458));
#11928=CARTESIAN_POINT('',(-60.5491600036621,-1.20000004768372,3.83836555480957));
#11929=CARTESIAN_POINT('',(-60.8874092102051,-1.20000004768372,3.64307570457458));
#11930=CARTESIAN_POINT('',(-60.5501594543457,-1.20000004768372,3.84009790420532));
#11931=CARTESIAN_POINT('Origin',(-61.1874084472656,-1.20000004768372,4.16269063949585));
#11932=CARTESIAN_POINT('',(-61.1874084472656,-1.20000004768372,4.16269063949585));
#11933=CARTESIAN_POINT('Origin',(-59.6081848144531,-1.20000004768372,4.38394689559937));
#11934=CARTESIAN_POINT('',(-59.9071846008301,-1.20000004768372,4.90183019638062));
#11935=CARTESIAN_POINT('',(-60.5501594543457,-1.20000004768372,3.84009790420532));
#11936=CARTESIAN_POINT('',(-59.6081848144531,-1.20000004768372,4.38394689559937));
#11937=CARTESIAN_POINT('',(-60.5501594543457,-1.20000004768372,3.84009790420532));
#11938=CARTESIAN_POINT('',(-59.9071846008301,-1.20000004768372,4.90183019638062));
#11939=CARTESIAN_POINT('Origin',(-61.1874084472656,-1.20000004768372,4.16269063949585));
#11940=CARTESIAN_POINT('',(-61.1874084472656,-1.20000004768372,4.16269063949585));
#11941=CARTESIAN_POINT('Origin',(-61.1874084472656,1.20000004768372,4.16269063949585));
#11942=CARTESIAN_POINT('',(-60.5501594543457,1.20000004768372,3.84009790420532));
#11943=CARTESIAN_POINT('',(-60.8874092102051,1.20000004768372,3.64307570457458));
#11944=CARTESIAN_POINT('',(-61.1874084472656,1.20000004768372,4.16269063949585));
#11945=CARTESIAN_POINT('Origin',(-60.5491600036621,1.20000004768372,3.83836555480957));
#11946=CARTESIAN_POINT('',(-60.5491600036621,1.20000004768372,3.83836555480957));
#11947=CARTESIAN_POINT('',(-60.5501594543457,1.20000004768372,3.84009790420532));
#11948=CARTESIAN_POINT('',(-60.8874092102051,1.20000004768372,3.64307570457458));
#11949=CARTESIAN_POINT('Origin',(-61.1874084472656,1.20000004768372,4.16269063949585));
#11950=CARTESIAN_POINT('',(-59.9071846008301,1.20000004768372,4.90183019638062));
#11951=CARTESIAN_POINT('',(-60.5501594543457,1.20000004768372,3.84009790420532));
#11952=CARTESIAN_POINT('',(-61.1874084472656,1.20000004768372,4.16269063949585));
#11953=CARTESIAN_POINT('Origin',(-59.6081848144531,1.20000004768372,4.38394689559937));
#11954=CARTESIAN_POINT('',(-59.6081848144531,1.20000004768372,4.38394689559937));
#11955=CARTESIAN_POINT('',(-59.9071846008301,1.20000004768372,4.90183019638062));
#11956=CARTESIAN_POINT('',(-60.5501594543457,1.20000004768372,3.84009790420532));
#11957=CARTESIAN_POINT('Origin',(-59.5462760925293,-1.14806473255157,4.41968870162964));
#11958=CARTESIAN_POINT('',(-59.8452758789063,-1.14806473255157,4.93757200241089));
#11959=CARTESIAN_POINT('',(-59.428150177002,-1.01997518539429,4.48788928985596));
#11960=CARTESIAN_POINT('',(-59.8452758789063,-1.14806473255157,4.93757200241089));
#11961=CARTESIAN_POINT('',(-59.5462760925293,-1.14806473255157,4.41968870162964));
#11962=CARTESIAN_POINT('',(-59.8452758789063,-1.14806473255157,4.93757200241089));
#11963=CARTESIAN_POINT('',(-59.5462760925293,-1.14806473255157,4.41968870162964));
#11964=CARTESIAN_POINT('Origin',(-59.7271499633789,-1.01997518539429,5.00577259063721));
#11965=CARTESIAN_POINT('',(-59.7271499633789,-1.01997518539429,5.00577259063721));
#11966=CARTESIAN_POINT('',(-59.7271499633789,-1.01997518539429,5.00577259063721));
#11967=CARTESIAN_POINT('',(-59.8452758789063,-1.14806473255157,4.93757200241089));
#11968=CARTESIAN_POINT('Origin',(-59.3248596191406,-0.875799953937531,4.54752540588379));
#11969=CARTESIAN_POINT('',(-59.6238594055176,-0.875799953937531,5.06540822982788));
#11970=CARTESIAN_POINT('',(-59.2380256652832,-0.717812955379486,4.59765577316284));
#11971=CARTESIAN_POINT('',(-59.6238594055176,-0.875799953937531,5.06540822982788));
#11972=CARTESIAN_POINT('',(-59.3248596191406,-0.875799953937531,4.54752540588379));
#11973=CARTESIAN_POINT('',(-59.6238594055176,-0.875799953937531,5.06540822982788));
#11974=CARTESIAN_POINT('',(-59.3248596191406,-0.875799953937531,4.54752540588379));
#11975=CARTESIAN_POINT('Origin',(-59.5370292663574,-0.717812955379486,5.11553907394409));
#11976=CARTESIAN_POINT('',(-59.5370292663574,-0.717812955379486,5.11553907394409));
#11977=CARTESIAN_POINT('',(-59.5370292663574,-0.717812955379486,5.11553907394409));
#11978=CARTESIAN_POINT('',(-59.6238594055176,-0.875799953937531,5.06540822982788));
#11979=CARTESIAN_POINT('Origin',(-59.6081848144531,-1.20000004768372,4.38394689559937));
#11980=CARTESIAN_POINT('',(-59.9071846008301,-1.20000004768372,4.90183019638062));
#11981=CARTESIAN_POINT('',(-59.6081848144531,-1.20000004768372,4.38394689559937));
#11982=CARTESIAN_POINT('Origin',(-59.8452758789063,-1.14806473255157,4.93757200241089));
#11983=CARTESIAN_POINT('',(-59.9071846008301,-1.20000004768372,4.90183019638062));
#11984=CARTESIAN_POINT('Origin',(-59.428150177002,-1.01997518539429,4.48788928985596));
#11985=CARTESIAN_POINT('',(-59.7271499633789,-1.01997518539429,5.00577259063721));
#11986=CARTESIAN_POINT('',(-59.428150177002,-1.01997518539429,4.48788928985596));
#11987=CARTESIAN_POINT('Origin',(-59.6238594055176,-0.875799953937531,5.06540822982788));
#11988=CARTESIAN_POINT('',(-59.7271499633789,-1.01997518539429,5.00577259063721));
#11989=CARTESIAN_POINT('Origin',(-59.1690330505371,-0.548505485057831,4.63749122619629));
#11990=CARTESIAN_POINT('',(-59.4680290222168,-0.548505485057831,5.15537405014038));
#11991=CARTESIAN_POINT('',(-59.1189575195313,-0.370547860860825,4.6664023399353));
#11992=CARTESIAN_POINT('',(-59.4680290222168,-0.548505485057831,5.15537405014038));
#11993=CARTESIAN_POINT('',(-59.1690330505371,-0.548505485057831,4.63749122619629));
#11994=CARTESIAN_POINT('',(-59.4680290222168,-0.548505485057831,5.15537405014038));
#11995=CARTESIAN_POINT('',(-59.1690330505371,-0.548505485057831,4.63749122619629));
#11996=CARTESIAN_POINT('Origin',(-59.4179573059082,-0.370547860860825,5.18428564071655));
#11997=CARTESIAN_POINT('',(-59.4179573059082,-0.370547860860825,5.18428564071655));
#11998=CARTESIAN_POINT('',(-59.4179573059082,-0.370547860860825,5.18428564071655));
#11999=CARTESIAN_POINT('',(-59.4680290222168,-0.548505485057831,5.15537405014038));
#12000=CARTESIAN_POINT('Origin',(-59.2380256652832,-0.717812955379486,4.59765577316284));
#12001=CARTESIAN_POINT('',(-59.5370292663574,-0.717812955379486,5.11553907394409));
#12002=CARTESIAN_POINT('',(-59.2380256652832,-0.717812955379486,4.59765577316284));
#12003=CARTESIAN_POINT('Origin',(-59.4680290222168,-0.548505485057831,5.15537405014038));
#12004=CARTESIAN_POINT('',(-59.5370292663574,-0.717812955379486,5.11553907394409));
#12005=CARTESIAN_POINT('Origin',(-59.0885925292969,-0.186746507883072,4.68393278121948));
#12006=CARTESIAN_POINT('',(-59.3875923156738,-0.186746507883072,5.20181608200073));
#12007=CARTESIAN_POINT('',(-59.0784187316895,0.,4.68980741500854));
#12008=CARTESIAN_POINT('',(-59.3875923156738,-0.186746507883072,5.20181608200073));
#12009=CARTESIAN_POINT('',(-59.0885925292969,-0.186746507883072,4.68393278121948));
#12010=CARTESIAN_POINT('',(-59.3875923156738,-0.186746507883072,5.20181608200073));
#12011=CARTESIAN_POINT('',(-59.0885925292969,-0.186746507883072,4.68393278121948));
#12012=CARTESIAN_POINT('Origin',(-59.3774185180664,0.,5.20769071578979));
#12013=CARTESIAN_POINT('',(-59.3774185180664,0.,5.20769071578979));
#12014=CARTESIAN_POINT('',(-59.3774185180664,0.,5.20769071578979));
#12015=CARTESIAN_POINT('',(-59.3875923156738,-0.186746507883072,5.20181608200073));
#12016=CARTESIAN_POINT('Origin',(-59.3248596191406,0.875799953937531,4.54752540588379));
#12017=CARTESIAN_POINT('',(-59.6238594055176,0.875799953937531,5.06540822982788));
#12018=CARTESIAN_POINT('',(-59.2380256652832,0.717812955379486,4.59765577316284));
#12019=CARTESIAN_POINT('',(-59.6238594055176,0.875799953937531,5.06540822982788));
#12020=CARTESIAN_POINT('',(-59.3248596191406,0.875799953937531,4.54752540588379));
#12021=CARTESIAN_POINT('',(-59.3248596191406,0.875799953937531,4.54752540588379));
#12022=CARTESIAN_POINT('',(-59.6238594055176,0.875799953937531,5.06540822982788));
#12023=CARTESIAN_POINT('Origin',(-59.5370292663574,0.717812955379486,5.11553907394409));
#12024=CARTESIAN_POINT('',(-59.5370292663574,0.717812955379486,5.11553907394409));
#12025=CARTESIAN_POINT('',(-59.6238594055176,0.875799953937531,5.06540822982788));
#12026=CARTESIAN_POINT('',(-59.5370292663574,0.717812955379486,5.11553907394409));
#12027=CARTESIAN_POINT('Origin',(-59.428150177002,1.01997518539429,4.48788928985596));
#12028=CARTESIAN_POINT('',(-59.7271499633789,1.01997518539429,5.00577259063721));
#12029=CARTESIAN_POINT('',(-59.7271499633789,1.01997518539429,5.00577259063721));
#12030=CARTESIAN_POINT('',(-59.428150177002,1.01997518539429,4.48788928985596));
#12031=CARTESIAN_POINT('',(-59.428150177002,1.01997518539429,4.48788928985596));
#12032=CARTESIAN_POINT('',(-59.7271499633789,1.01997518539429,5.00577259063721));
#12033=CARTESIAN_POINT('Origin',(-59.6238594055176,0.875799953937531,5.06540822982788));
#12034=CARTESIAN_POINT('',(-59.7271499633789,1.01997518539429,5.00577259063721));
#12035=CARTESIAN_POINT('Origin',(-59.1189575195313,0.370547860860825,4.6664023399353));
#12036=CARTESIAN_POINT('',(-59.4179573059082,0.370547860860825,5.18428564071655));
#12037=CARTESIAN_POINT('',(-59.0885925292969,0.186746507883072,4.68393278121948));
#12038=CARTESIAN_POINT('',(-59.4179573059082,0.370547860860825,5.18428564071655));
#12039=CARTESIAN_POINT('',(-59.1189575195313,0.370547860860825,4.6664023399353));
#12040=CARTESIAN_POINT('',(-59.1189575195313,0.370547860860825,4.6664023399353));
#12041=CARTESIAN_POINT('',(-59.4179573059082,0.370547860860825,5.18428564071655));
#12042=CARTESIAN_POINT('Origin',(-59.3875923156738,0.186746507883072,5.20181608200073));
#12043=CARTESIAN_POINT('',(-59.3875923156738,0.186746507883072,5.20181608200073));
#12044=CARTESIAN_POINT('',(-59.4179573059082,0.370547860860825,5.18428564071655));
#12045=CARTESIAN_POINT('',(-59.3875923156738,0.186746507883072,5.20181608200073));
#12046=CARTESIAN_POINT('Origin',(-59.1690330505371,0.548505485057831,4.63749122619629));
#12047=CARTESIAN_POINT('',(-59.4680290222168,0.548505485057831,5.15537405014038));
#12048=CARTESIAN_POINT('',(-59.4680290222168,0.548505485057831,5.15537405014038));
#12049=CARTESIAN_POINT('',(-59.1690330505371,0.548505485057831,4.63749122619629));
#12050=CARTESIAN_POINT('',(-59.1690330505371,0.548505485057831,4.63749122619629));
#12051=CARTESIAN_POINT('',(-59.4680290222168,0.548505485057831,5.15537405014038));
#12052=CARTESIAN_POINT('Origin',(-59.4179573059082,0.370547860860825,5.18428564071655));
#12053=CARTESIAN_POINT('',(-59.4680290222168,0.548505485057831,5.15537405014038));
#12054=CARTESIAN_POINT('Origin',(-60.5491600036621,1.20000004768372,3.83836555480957));
#12055=CARTESIAN_POINT('',(-60.5310745239258,1.17475652694702,3.84880709648132));
#12056=CARTESIAN_POINT('',(-60.8874092102051,1.20000004768372,3.64307570457458));
#12057=CARTESIAN_POINT('',(-60.5491600036621,1.20000004768372,3.83836555480957));
#12058=CARTESIAN_POINT('Origin',(-60.8874092102051,0.773698151111603,3.64307570457458));
#12059=CARTESIAN_POINT('',(-60.8874092102051,0.773698151111603,3.64307570457458));
#12060=CARTESIAN_POINT('Origin',(-60.5310745239258,1.17475652694702,3.84880709648132));
#12061=CARTESIAN_POINT('',(-60.4642753601074,1.08152484893799,3.88737106323242));
#12062=CARTESIAN_POINT('',(-60.8874092102051,0.773698151111603,3.64307570457458));
#12063=CARTESIAN_POINT('',(-60.5310745239258,1.17475652694702,3.84880709648132));
#12064=CARTESIAN_POINT('Origin',(-60.4642753601074,1.08152484893799,3.88737106323242));
#12065=CARTESIAN_POINT('',(-60.3570518493652,0.886426746845245,3.94927787780762));
#12066=CARTESIAN_POINT('',(-60.8874092102051,0.773698151111603,3.64307570457458));
#12067=CARTESIAN_POINT('',(-60.4642753601074,1.08152484893799,3.88737106323242));
#12068=CARTESIAN_POINT('Origin',(-60.8256416320801,0.622130513191223,3.67873692512512));
#12069=CARTESIAN_POINT('',(-60.8256416320801,0.622130513191223,3.67873692512512));
#12070=CARTESIAN_POINT('Origin',(-60.8256416320801,-0.622130513191223,3.67873692512512));
#12071=CARTESIAN_POINT('',(-60.3570518493652,-0.886426746845245,3.94927787780762));
#12072=CARTESIAN_POINT('',(-60.8874092102051,-0.773698151111603,3.64307570457458));
#12073=CARTESIAN_POINT('',(-60.8256416320801,-0.622130513191223,3.67873692512512));
#12074=CARTESIAN_POINT('Origin',(-60.8874092102051,-0.773698151111603,3.64307570457458));
#12075=CARTESIAN_POINT('',(-60.5310745239258,-1.17475652694702,3.84880709648132));
#12076=CARTESIAN_POINT('',(-60.8874092102051,-1.20000004768372,3.64307570457458));
#12077=CARTESIAN_POINT('',(-60.8874092102051,-0.773698151111603,3.64307570457458));
#12078=CARTESIAN_POINT('Origin',(-60.7688484191895,-0.420285910367966,3.71152853965759));
#12079=CARTESIAN_POINT('',(-60.2718505859375,-0.677349090576172,3.99847006797791));
#12080=CARTESIAN_POINT('',(-60.8256416320801,-0.622130513191223,3.67873692512512));
#12081=CARTESIAN_POINT('',(-60.7688484191895,-0.420285910367966,3.71152853965759));
#12082=CARTESIAN_POINT('Origin',(-60.7344055175781,-0.211813166737556,3.73141264915466));
#12083=CARTESIAN_POINT('',(-60.2100105285645,-0.457589358091354,4.03417205810547));
#12084=CARTESIAN_POINT('',(-60.7688484191895,-0.420285910367966,3.71152853965759));
#12085=CARTESIAN_POINT('',(-60.7344055175781,-0.211813166737556,3.73141264915466));
#12086=CARTESIAN_POINT('Origin',(-60.7228660583496,0.,3.73807573318481));
#12087=CARTESIAN_POINT('',(-60.1725158691406,-0.230613142251968,4.05582141876221));
#12088=CARTESIAN_POINT('',(-60.7344055175781,-0.211813166737556,3.73141264915466));
#12089=CARTESIAN_POINT('',(-60.7228660583496,0.,3.73807573318481));
#12090=CARTESIAN_POINT('Origin',(-60.3570518493652,0.886426746845245,3.94927787780762));
#12091=CARTESIAN_POINT('',(-60.2718505859375,0.677349090576172,3.99847006797791));
#12092=CARTESIAN_POINT('',(-60.8256416320801,0.622130513191223,3.67873692512512));
#12093=CARTESIAN_POINT('',(-60.3570518493652,0.886426746845245,3.94927787780762));
#12094=CARTESIAN_POINT('Origin',(-60.7688484191895,0.420285910367966,3.71152853965759));
#12095=CARTESIAN_POINT('',(-60.7688484191895,0.420285910367966,3.71152853965759));
#12096=CARTESIAN_POINT('Origin',(-60.5491600036621,-1.20000004768372,3.83836555480957));
#12097=CARTESIAN_POINT('',(-60.5491600036621,-1.20000004768372,3.83836555480957));
#12098=CARTESIAN_POINT('Origin',(-60.2718505859375,0.677349090576172,3.99847006797791));
#12099=CARTESIAN_POINT('',(-60.2100105285645,0.457589358091354,4.03417205810547));
#12100=CARTESIAN_POINT('',(-60.7688484191895,0.420285910367966,3.71152853965759));
#12101=CARTESIAN_POINT('',(-60.2718505859375,0.677349090576172,3.99847006797791));
#12102=CARTESIAN_POINT('Origin',(-60.5310745239258,-1.17475652694702,3.84880709648132));
#12103=CARTESIAN_POINT('',(-60.4642753601074,-1.08152484893799,3.88737106323242));
#12104=CARTESIAN_POINT('',(-60.8874092102051,-0.773698151111603,3.64307570457458));
#12105=CARTESIAN_POINT('',(-60.5310745239258,-1.17475652694702,3.84880709648132));
#12106=CARTESIAN_POINT('Origin',(-60.7344055175781,0.211813166737556,3.73141264915466));
#12107=CARTESIAN_POINT('',(-60.7344055175781,0.211813166737556,3.73141264915466));
#12108=CARTESIAN_POINT('Origin',(-60.4642753601074,-1.08152484893799,3.88737106323242));
#12109=CARTESIAN_POINT('',(-60.4642753601074,-1.08152484893799,3.88737106323242));
#12110=CARTESIAN_POINT('Origin',(-60.2100105285645,0.457589358091354,4.03417205810547));
#12111=CARTESIAN_POINT('',(-60.1725158691406,0.230613142251968,4.05582141876221));
#12112=CARTESIAN_POINT('',(-60.7344055175781,0.211813166737556,3.73141264915466));
#12113=CARTESIAN_POINT('',(-60.2100105285645,0.457589358091354,4.03417205810547));
#12114=CARTESIAN_POINT('Origin',(-60.3570518493652,-0.886426746845245,3.94927787780762));
#12115=CARTESIAN_POINT('',(-60.3570518493652,-0.886426746845245,3.94927787780762));
#12116=CARTESIAN_POINT('Origin',(-60.7228660583496,0.,3.73807573318481));
#12117=CARTESIAN_POINT('',(-60.7228660583496,0.,3.73807573318481));
#12118=CARTESIAN_POINT('Origin',(-60.2718505859375,-0.677349090576172,3.99847006797791));
#12119=CARTESIAN_POINT('',(-60.2718505859375,-0.677349090576172,3.99847006797791));
#12120=CARTESIAN_POINT('Origin',(-60.1725158691406,0.230613142251968,4.05582141876221));
#12121=CARTESIAN_POINT('',(-60.1599502563477,0.,4.06307554244995));
#12122=CARTESIAN_POINT('',(-60.7228660583496,0.,3.73807573318481));
#12123=CARTESIAN_POINT('',(-60.1725158691406,0.230613142251968,4.05582141876221));
#12124=CARTESIAN_POINT('Origin',(-60.2100105285645,-0.457589358091354,4.03417205810547));
#12125=CARTESIAN_POINT('',(-60.2100105285645,-0.457589358091354,4.03417205810547));
#12126=CARTESIAN_POINT('Origin',(-60.1725158691406,-0.230613142251968,4.05582141876221));
#12127=CARTESIAN_POINT('',(-60.1725158691406,-0.230613142251968,4.05582141876221));
#12128=CARTESIAN_POINT('Origin',(-59.1189575195313,-0.370547860860825,4.6664023399353));
#12129=CARTESIAN_POINT('',(-59.4179573059082,-0.370547860860825,5.18428564071655));
#12130=CARTESIAN_POINT('',(-59.1189575195313,-0.370547860860825,4.6664023399353));
#12131=CARTESIAN_POINT('Origin',(-59.3875923156738,-0.186746507883072,5.20181608200073));
#12132=CARTESIAN_POINT('',(-59.4179573059082,-0.370547860860825,5.18428564071655));
#12133=CARTESIAN_POINT('Origin',(-61.1874084472656,-1.20000004768372,4.16269063949585));
#12134=CARTESIAN_POINT('',(-61.1874084472656,-0.773698151111603,4.16269063949585));
#12135=CARTESIAN_POINT('Origin',(-61.1256408691406,-0.622130513191223,4.19835233688354));
#12136=CARTESIAN_POINT('',(-61.1256408691406,-0.622130513191223,4.19835233688354));
#12137=CARTESIAN_POINT('Origin',(-61.06884765625,-0.420285910367966,4.23114347457886));
#12138=CARTESIAN_POINT('',(-61.06884765625,-0.420285910367966,4.23114347457886));
#12139=CARTESIAN_POINT('Origin',(-59.9071846008301,-1.20000004768372,4.90183019638062));
#12140=CARTESIAN_POINT('',(-61.06884765625,-0.420285910367966,4.23114347457886));
#12141=CARTESIAN_POINT('Origin',(-59.8452758789063,-1.14806473255157,4.93757200241089));
#12142=CARTESIAN_POINT('',(-61.06884765625,-0.420285910367966,4.23114347457886));
#12143=CARTESIAN_POINT('Origin',(-61.1256408691406,0.622130513191223,4.19835233688354));
#12144=CARTESIAN_POINT('',(-61.1874084472656,0.773698151111603,4.16269063949585));
#12145=CARTESIAN_POINT('',(-61.1256408691406,0.622130513191223,4.19835233688354));
#12146=CARTESIAN_POINT('Origin',(-61.1874084472656,1.20000004768372,4.16269063949585));
#12147=CARTESIAN_POINT('Origin',(-61.06884765625,0.420285910367966,4.23114347457886));
#12148=CARTESIAN_POINT('',(-61.06884765625,0.420285910367966,4.23114347457886));
#12149=CARTESIAN_POINT('Origin',(-61.0344047546387,0.211813166737556,4.25102758407593));
#12150=CARTESIAN_POINT('',(-61.06884765625,0.420285910367966,4.23114347457886));
#12151=CARTESIAN_POINT('',(-61.0344047546387,0.211813166737556,4.25102758407593));
#12152=CARTESIAN_POINT('Origin',(-61.0228652954102,0.,4.25769090652466));
#12153=CARTESIAN_POINT('',(-61.0344047546387,0.211813166737556,4.25102758407593));
#12154=CARTESIAN_POINT('',(-61.0228652954102,0.,4.25769090652466));
#12155=CARTESIAN_POINT('Origin',(-59.7271499633789,-1.01997518539429,5.00577259063721));
#12156=CARTESIAN_POINT('',(-61.06884765625,-0.420285910367966,4.23114347457886));
#12157=CARTESIAN_POINT('Origin',(-61.0344047546387,-0.211813166737556,4.25102758407593));
#12158=CARTESIAN_POINT('',(-61.0344047546387,-0.211813166737556,4.25102758407593));
#12159=CARTESIAN_POINT('Origin',(-59.9071846008301,1.20000004768372,4.90183019638062));
#12160=CARTESIAN_POINT('',(-59.8452758789063,1.14806473255157,4.93757200241089));
#12161=CARTESIAN_POINT('',(-61.06884765625,0.420285910367966,4.23114347457886));
#12162=CARTESIAN_POINT('',(-59.9071846008301,1.20000004768372,4.90183019638062));
#12163=CARTESIAN_POINT('Origin',(-59.6238594055176,-0.875799953937531,5.06540822982788));
#12164=CARTESIAN_POINT('',(-61.0344047546387,-0.211813166737556,4.25102758407593));
#12165=CARTESIAN_POINT('Origin',(-59.8452758789063,1.14806473255157,4.93757200241089));
#12166=CARTESIAN_POINT('',(-61.06884765625,0.420285910367966,4.23114347457886));
#12167=CARTESIAN_POINT('',(-59.8452758789063,1.14806473255157,4.93757200241089));
#12168=CARTESIAN_POINT('Origin',(-59.5370292663574,-0.717812955379486,5.11553907394409));
#12169=CARTESIAN_POINT('',(-61.0344047546387,-0.211813166737556,4.25102758407593));
#12170=CARTESIAN_POINT('Origin',(-59.7271499633789,1.01997518539429,5.00577259063721));
#12171=CARTESIAN_POINT('Origin',(-59.4680290222168,-0.548505485057831,5.15537405014038));
#12172=CARTESIAN_POINT('',(-61.0344047546387,-0.211813166737556,4.25102758407593));
#12173=CARTESIAN_POINT('Origin',(-59.6238594055176,0.875799953937531,5.06540822982788));
#12174=CARTESIAN_POINT('',(-61.0344047546387,0.211813166737556,4.25102758407593));
#12175=CARTESIAN_POINT('Origin',(-61.0228652954102,0.,4.25769090652466));
#12176=CARTESIAN_POINT('',(-61.0228652954102,0.,4.25769090652466));
#12177=CARTESIAN_POINT('Origin',(-59.5370292663574,0.717812955379486,5.11553907394409));
#12178=CARTESIAN_POINT('',(-61.0344047546387,0.211813166737556,4.25102758407593));
#12179=CARTESIAN_POINT('',(-59.5370292663574,0.717812955379486,5.11553907394409));
#12180=CARTESIAN_POINT('Origin',(-59.4179573059082,-0.370547860860825,5.18428564071655));
#12181=CARTESIAN_POINT('',(-61.0228652954102,0.,4.25769090652466));
#12182=CARTESIAN_POINT('Origin',(-59.4680290222168,0.548505485057831,5.15537405014038));
#12183=CARTESIAN_POINT('Origin',(-59.3875923156738,-0.186746507883072,5.20181608200073));
#12184=CARTESIAN_POINT('',(-61.0228652954102,0.,4.25769090652466));
#12185=CARTESIAN_POINT('Origin',(-59.4179573059082,0.370547860860825,5.18428564071655));
#12186=CARTESIAN_POINT('',(-61.0228652954102,0.,4.25769090652466));
#12187=CARTESIAN_POINT('Origin',(-59.3875923156738,0.186746507883072,5.20181608200073));
#12188=CARTESIAN_POINT('',(-59.3875923156738,0.186746507883072,5.20181608200073));
#12189=CARTESIAN_POINT('Origin',(-59.6081848144531,1.20000004768372,4.38394689559937));
#12190=CARTESIAN_POINT('',(-59.5462760925293,1.14806473255157,4.41968870162964));
#12191=CARTESIAN_POINT('',(-59.9071846008301,1.20000004768372,4.90183019638062));
#12192=CARTESIAN_POINT('',(-59.6081848144531,1.20000004768372,4.38394689559937));
#12193=CARTESIAN_POINT('Origin',(-59.8452758789063,1.14806473255157,4.93757200241089));
#12194=CARTESIAN_POINT('',(-59.8452758789063,1.14806473255157,4.93757200241089));
#12195=CARTESIAN_POINT('Origin',(-59.2380256652832,0.717812955379486,4.59765577316284));
#12196=CARTESIAN_POINT('',(-59.5370292663574,0.717812955379486,5.11553907394409));
#12197=CARTESIAN_POINT('',(-59.2380256652832,0.717812955379486,4.59765577316284));
#12198=CARTESIAN_POINT('Origin',(-59.4680290222168,0.548505485057831,5.15537405014038));
#12199=CARTESIAN_POINT('Origin',(-59.5462760925293,1.14806473255157,4.41968870162964));
#12200=CARTESIAN_POINT('',(-59.8452758789063,1.14806473255157,4.93757200241089));
#12201=CARTESIAN_POINT('',(-59.5462760925293,1.14806473255157,4.41968870162964));
#12202=CARTESIAN_POINT('Origin',(-59.7271499633789,1.01997518539429,5.00577259063721));
#12203=CARTESIAN_POINT('Origin',(-59.0885925292969,0.186746507883072,4.68393278121948));
#12204=CARTESIAN_POINT('',(-59.3875923156738,0.186746507883072,5.20181608200073));
#12205=CARTESIAN_POINT('',(-59.0885925292969,0.186746507883072,4.68393278121948));
#12206=CARTESIAN_POINT('Origin',(-59.3774185180664,0.,5.20769071578979));
#12207=CARTESIAN_POINT('Origin',(-57.3205032348633,-1.06568372249603,5.70474100112915));
#12208=CARTESIAN_POINT('',(-57.3205032348633,-1.24493491649628,5.01192045211792));
#12209=CARTESIAN_POINT('',(-57.3205032348633,-0.798310995101929,5.70474100112915));
#12210=CARTESIAN_POINT('',(-57.3205032348633,-1.24493491649628,5.01192045211792));
#12211=CARTESIAN_POINT('',(-57.3205032348633,-1.06568372249603,5.70474100112915));
#12212=CARTESIAN_POINT('',(-57.3205032348633,-1.06568372249603,5.70474100112915));
#12213=CARTESIAN_POINT('',(-57.3205032348633,-1.24493491649628,5.01192045211792));
#12214=CARTESIAN_POINT('Origin',(-57.3205032348633,-1.19995856285095,5.70474100112915));
#12215=CARTESIAN_POINT('',(-57.3205032348633,-1.19995856285095,5.70474100112915));
#12216=CARTESIAN_POINT('',(-57.3205032348633,-1.19995856285095,5.70474100112915));
#12217=CARTESIAN_POINT('',(-57.3205032348633,-1.24493491649628,5.01192045211792));
#12218=CARTESIAN_POINT('Origin',(-57.3205032348633,0.904999732971191,4.30999994277954));
#12219=CARTESIAN_POINT('',(-57.3205032348633,-0.904999732971191,4.30999994277954));
#12220=CARTESIAN_POINT('',(-57.3205032348633,-0.904999732971191,4.30999994277954));
#12221=CARTESIAN_POINT('',(-57.3205032348633,0.904999732971191,4.30999994277954));
#12222=CARTESIAN_POINT('',(-57.3205032348633,-0.904999732971191,4.30999994277954));
#12223=CARTESIAN_POINT('',(-57.3205032348633,-0.798310995101929,5.70474100112915));
#12224=CARTESIAN_POINT('Origin',(-57.3205032348633,0.798310995101929,5.70474100112915));
#12225=CARTESIAN_POINT('',(-57.3205032348633,0.798310995101929,5.70474100112915));
#12226=CARTESIAN_POINT('',(-57.3205032348633,0.798310995101929,5.70474100112915));
#12227=CARTESIAN_POINT('',(-57.3205032348633,-0.798310995101929,5.70474100112915));
#12228=CARTESIAN_POINT('Origin',(-57.3205032348633,0.904999732971191,4.30999994277954));
#12229=CARTESIAN_POINT('',(-57.3205032348633,1.24493491649628,5.01192045211792));
#12230=CARTESIAN_POINT('',(-57.3205032348633,0.798310995101929,5.70474100112915));
#12231=CARTESIAN_POINT('',(-57.3205032348633,0.904999732971191,4.30999994277954));
#12232=CARTESIAN_POINT('Origin',(-57.3205032348633,-1.36741888523102,5.01192045211792));
#12233=CARTESIAN_POINT('',(-57.3205032348633,-1.34713065624237,5.01192045211792));
#12234=CARTESIAN_POINT('',(-57.3205032348633,-1.20176410675049,5.70474100112915));
#12235=CARTESIAN_POINT('',(-57.3205032348633,-1.34713065624237,5.01192045211792));
#12236=CARTESIAN_POINT('',(-57.3205032348633,-1.36741888523102,5.01192045211792));
#12237=CARTESIAN_POINT('',(-57.3205032348633,-1.36741888523102,5.01192045211792));
#12238=CARTESIAN_POINT('',(-57.3205032348633,-1.36741888523102,5.01192045211792));
#12239=CARTESIAN_POINT('Origin',(-57.3205032348633,-1.24493491649628,5.01192045211792));
#12240=CARTESIAN_POINT('',(-57.3205032348633,-1.34713065624237,5.01192045211792));
#12241=CARTESIAN_POINT('',(-57.3205032348633,-1.24493491649628,5.01192045211792));
#12242=CARTESIAN_POINT('Origin',(-57.3205032348633,-1.4375,4.62815809249878));
#12243=CARTESIAN_POINT('',(-57.3205032348633,-1.4375,2.875));
#12244=CARTESIAN_POINT('',(-57.3205032348633,-1.4375,2.875));
#12245=CARTESIAN_POINT('',(-57.3205032348633,-1.4375,4.62815809249878));
#12246=CARTESIAN_POINT('',(-57.3205032348633,-1.4375,4.62815809249878));
#12247=CARTESIAN_POINT('',(-57.3205032348633,-1.4375,2.875));
#12248=CARTESIAN_POINT('Origin',(-57.3205032348633,1.4375,2.875));
#12249=CARTESIAN_POINT('',(-57.3205032348633,-0.904999732971191,3.19000029563904));
#12250=CARTESIAN_POINT('',(-57.3205032348633,-1.4375,2.875));
#12251=CARTESIAN_POINT('Origin',(-57.3205032348633,-0.904999732971191,3.19000029563904));
#12252=CARTESIAN_POINT('',(-57.3205032348633,-1.4375,4.62815809249878));
#12253=CARTESIAN_POINT('',(-57.3205032348633,-0.904999732971191,3.19000029563904));
#12254=CARTESIAN_POINT('Origin',(-57.3205032348633,-1.32697141170502,4.84921503067017));
#12255=CARTESIAN_POINT('',(-57.3205032348633,-1.32697141170502,4.84921503067017));
#12256=CARTESIAN_POINT('',(-57.3205032348633,-1.32697141170502,4.84921503067017));
#12257=CARTESIAN_POINT('',(-57.3205032348633,-1.4375,4.62815809249878));
#12258=CARTESIAN_POINT('Origin',(-57.3205032348633,-1.24493491649628,5.01192045211792));
#12259=CARTESIAN_POINT('',(-57.3205032348633,-1.24493491649628,5.01192045211792));
#12260=CARTESIAN_POINT('',(-57.3205032348633,-1.32697141170502,4.84921503067017));
#12261=CARTESIAN_POINT('Origin',(-57.3205032348633,-1.20176410675049,5.70474100112915));
#12262=CARTESIAN_POINT('',(-57.3205032348633,-1.20176410675049,5.70474100112915));
#12263=CARTESIAN_POINT('Origin',(-57.3205032348633,-0.904999732971191,4.30999994277954));
#12264=CARTESIAN_POINT('Origin',(-57.3205032348633,0.904999732971191,3.19000029563904));
#12265=CARTESIAN_POINT('Origin',(-57.3205032348633,0.904999732971191,4.30999994277954));
#12266=CARTESIAN_POINT('',(-57.3205032348633,0.904999732971191,4.30999994277954));
#12267=CARTESIAN_POINT('',(-57.3205032348633,0.904999732971191,3.19000029563904));
#12268=CARTESIAN_POINT('Origin',(-57.3205032348633,1.4375,2.875));
#12269=CARTESIAN_POINT('',(-57.3205032348633,1.4375,4.62815809249878));
#12270=CARTESIAN_POINT('',(-57.3205032348633,0.904999732971191,4.30999994277954));
#12271=CARTESIAN_POINT('',(-57.3205032348633,1.4375,2.875));
#12272=CARTESIAN_POINT('Origin',(-57.3205032348633,1.06568372249603,5.70474100112915));
#12273=CARTESIAN_POINT('',(-57.3205032348633,1.06568372249603,5.70474100112915));
#12274=CARTESIAN_POINT('',(-57.3205032348633,1.06568372249603,5.70474100112915));
#12275=CARTESIAN_POINT('',(-57.3205032348633,0.798310995101929,5.70474100112915));
#12276=CARTESIAN_POINT('Origin',(-57.3205032348633,1.19995856285095,5.70474100112915));
#12277=CARTESIAN_POINT('',(-57.3205032348633,1.19995856285095,5.70474100112915));
#12278=CARTESIAN_POINT('',(-57.3205032348633,1.19995856285095,5.70474100112915));
#12279=CARTESIAN_POINT('',(-57.3205032348633,1.06568372249603,5.70474100112915));
#12280=CARTESIAN_POINT('Origin',(-57.3205032348633,1.20176410675049,5.70474100112915));
#12281=CARTESIAN_POINT('',(-57.3205032348633,1.20176410675049,5.70474100112915));
#12282=CARTESIAN_POINT('',(-57.3205032348633,1.20176410675049,5.70474100112915));
#12283=CARTESIAN_POINT('',(-57.3205032348633,1.19995856285095,5.70474100112915));
#12284=CARTESIAN_POINT('Origin',(-57.3205032348633,1.24493491649628,5.01192045211792));
#12285=CARTESIAN_POINT('',(-57.3205032348633,1.32697141170502,4.84921503067017));
#12286=CARTESIAN_POINT('',(-57.3205032348633,0.904999732971191,4.30999994277954));
#12287=CARTESIAN_POINT('',(-57.3205032348633,1.24493491649628,5.01192045211792));
#12288=CARTESIAN_POINT('Origin',(-57.3205032348633,1.32697141170502,4.84921503067017));
#12289=CARTESIAN_POINT('',(-57.3205032348633,1.32697141170502,4.84921503067017));
#12290=CARTESIAN_POINT('Origin',(-57.3205032348633,1.24493491649628,5.01192045211792));
#12291=CARTESIAN_POINT('',(-57.3205032348633,1.34713065624237,5.01192045211792));
#12292=CARTESIAN_POINT('',(-57.3205032348633,1.20176410675049,5.70474100112915));
#12293=CARTESIAN_POINT('',(-57.3205032348633,1.24493491649628,5.01192045211792));
#12294=CARTESIAN_POINT('Origin',(-57.3205032348633,1.36741888523102,5.01192045211792));
#12295=CARTESIAN_POINT('',(-57.3205032348633,1.36741888523102,5.01192045211792));
#12296=CARTESIAN_POINT('',(-57.3205032348633,1.34713065624237,5.01192045211792));
#12297=CARTESIAN_POINT('',(-57.3205032348633,1.20176410675049,5.70474100112915));
#12298=CARTESIAN_POINT('Origin',(-61.6543769836426,-1.83636915683746,3.20257496833801));
#12299=CARTESIAN_POINT('',(-61.5824241638184,-1.82587277889252,3.2441189289093));
#12300=CARTESIAN_POINT('',(-61.354377746582,-1.83636915683746,2.68295955657959));
#12301=CARTESIAN_POINT('',(-61.5824241638184,-1.82587277889252,3.2441189289093));
#12302=CARTESIAN_POINT('',(-61.6543769836426,-1.83636915683746,3.20257496833801));
#12303=CARTESIAN_POINT('',(-61.6543769836426,-1.83636915683746,3.20257496833801));
#12304=CARTESIAN_POINT('',(-61.6543769836426,-1.83636915683746,3.20257496833801));
#12305=CARTESIAN_POINT('Origin',(-61.354377746582,-1.83636915683746,2.68295955657959));
#12306=CARTESIAN_POINT('',(-61.2503852844238,-1.82119929790497,2.74300050735474));
#12307=CARTESIAN_POINT('',(-61.5824241638184,-1.82587277889252,3.2441189289093));
#12308=CARTESIAN_POINT('',(-61.354377746582,-1.83636915683746,2.68295955657959));
#12309=CARTESIAN_POINT('Origin',(-61.5598411560059,-1.82257843017578,3.25715756416321));
#12310=CARTESIAN_POINT('',(-61.5598411560059,-1.82257843017578,3.25715756416321));
#12311=CARTESIAN_POINT('',(-61.5824241638184,-1.82587277889252,3.2441189289093));
#12312=CARTESIAN_POINT('',(-61.5598411560059,-1.82257843017578,3.25715756416321));
#12313=CARTESIAN_POINT('Origin',(-61.5598411560059,-1.82257843017578,3.25715756416321));
#12314=CARTESIAN_POINT('',(-61.4558486938477,-1.80740857124329,3.31719851493835));
#12315=CARTESIAN_POINT('',(-61.4558486938477,-1.80740857124329,3.31719851493835));
#12316=CARTESIAN_POINT('',(-61.5598411560059,-1.82257843017578,3.25715756416321));
#12317=CARTESIAN_POINT('Origin',(-61.1558494567871,-1.80740857124329,2.79758310317993));
#12318=CARTESIAN_POINT('',(-61.1558494567871,-1.80740857124329,2.79758310317993));
#12319=CARTESIAN_POINT('',(-61.4558486938477,-1.80740857124329,3.31719851493835));
#12320=CARTESIAN_POINT('',(-61.2503852844238,-1.82119929790497,2.74300050735474));
#12321=CARTESIAN_POINT('Origin',(-60.9620170593262,-1.74994397163391,2.90948796272278));
#12322=CARTESIAN_POINT('',(-61.262020111084,-1.74994397163391,3.42910313606262));
#12323=CARTESIAN_POINT('',(-60.873420715332,-1.70943820476532,2.9606409072876));
#12324=CARTESIAN_POINT('',(-61.262020111084,-1.74994397163391,3.42910313606262));
#12325=CARTESIAN_POINT('',(-60.9620170593262,-1.74994397163391,2.90948796272278));
#12326=CARTESIAN_POINT('',(-60.9620170593262,-1.74994397163391,2.90948796272278));
#12327=CARTESIAN_POINT('',(-61.262020111084,-1.74994397163391,3.42910313606262));
#12328=CARTESIAN_POINT('Origin',(-61.1645622253418,-1.70538747310638,3.48537135124207));
#12329=CARTESIAN_POINT('',(-61.1645622253418,-1.70538747310638,3.48537135124207));
#12330=CARTESIAN_POINT('',(-61.262020111084,-1.74994397163391,3.42910313606262));
#12331=CARTESIAN_POINT('',(-61.1645622253418,-1.70538747310638,3.48537135124207));
#12332=CARTESIAN_POINT('Origin',(-61.1558494567871,-1.80740857124329,2.79758310317993));
#12333=CARTESIAN_POINT('',(-61.4558486938477,-1.80740857124329,3.31719851493835));
#12334=CARTESIAN_POINT('',(-61.1558494567871,-1.80740857124329,2.79758310317993));
#12335=CARTESIAN_POINT('Origin',(-61.262020111084,-1.74994397163391,3.42910313606262));
#12336=CARTESIAN_POINT('',(-61.4558486938477,-1.80740857124329,3.31719851493835));
#12337=CARTESIAN_POINT('Origin',(-60.26806640625,1.25956666469574,3.25295186042786));
#12338=CARTESIAN_POINT('',(-60.5928344726563,1.25956666469574,3.81545877456665));
#12339=CARTESIAN_POINT('',(-60.3212242126465,1.29035079479218,3.27945256233215));
#12340=CARTESIAN_POINT('',(-60.5928344726563,1.25956666469574,3.81545877456665));
#12341=CARTESIAN_POINT('',(-60.26806640625,1.25956666469574,3.25295186042786));
#12342=CARTESIAN_POINT('',(-60.3212242126465,1.29035079479218,3.27945256233215));
#12343=CARTESIAN_POINT('',(-60.5928344726563,1.25956666469574,3.81545877456665));
#12344=CARTESIAN_POINT('Origin',(-60.7387084960938,1.41774439811707,3.73123788833618));
#12345=CARTESIAN_POINT('',(-60.7387084960938,1.41774439811707,3.73123788833618));
#12346=CARTESIAN_POINT('',(-60.7387084960938,1.41774439811707,3.73123788833618));
#12347=CARTESIAN_POINT('',(-60.7387084960938,1.41774439811707,3.73123788833618));
#12348=CARTESIAN_POINT('Origin',(-60.3212242126465,1.29035079479218,3.27945256233215));
#12349=CARTESIAN_POINT('',(-60.4387092590332,1.41774439811707,3.21162223815918));
#12350=CARTESIAN_POINT('',(-60.7387084960938,1.41774439811707,3.73123788833618));
#12351=CARTESIAN_POINT('',(-60.4387092590332,1.41774439811707,3.21162223815918));
#12352=CARTESIAN_POINT('Origin',(-61.1558494567871,1.80740857124329,2.79758310317993));
#12353=CARTESIAN_POINT('',(-61.4558486938477,1.80740857124329,3.31719851493835));
#12354=CARTESIAN_POINT('',(-60.9620170593262,1.74994397163391,2.90948796272278));
#12355=CARTESIAN_POINT('',(-61.4558486938477,1.80740857124329,3.31719851493835));
#12356=CARTESIAN_POINT('',(-61.1558494567871,1.80740857124329,2.79758310317993));
#12357=CARTESIAN_POINT('',(-61.4558486938477,1.80740857124329,3.31719851493835));
#12358=CARTESIAN_POINT('',(-61.1558494567871,1.80740857124329,2.79758310317993));
#12359=CARTESIAN_POINT('Origin',(-61.262020111084,1.74994397163391,3.42910313606262));
#12360=CARTESIAN_POINT('',(-61.262020111084,1.74994397163391,3.42910313606262));
#12361=CARTESIAN_POINT('',(-61.262020111084,1.74994397163391,3.42910313606262));
#12362=CARTESIAN_POINT('',(-61.4558486938477,1.80740857124329,3.31719851493835));
#12363=CARTESIAN_POINT('Origin',(-60.9620170593262,1.74994397163391,2.90948796272278));
#12364=CARTESIAN_POINT('',(-60.873420715332,1.70943820476532,2.9606409072876));
#12365=CARTESIAN_POINT('',(-61.262020111084,1.74994397163391,3.42910313606262));
#12366=CARTESIAN_POINT('',(-60.9620170593262,1.74994397163391,2.90948796272278));
#12367=CARTESIAN_POINT('Origin',(-61.1645622253418,1.70538747310638,3.48537135124207));
#12368=CARTESIAN_POINT('',(-61.1645622253418,1.70538747310638,3.48537135124207));
#12369=CARTESIAN_POINT('',(-61.1645622253418,1.70538747310638,3.48537135124207));
#12370=CARTESIAN_POINT('',(-61.262020111084,1.74994397163391,3.42910313606262));
#12371=CARTESIAN_POINT('Origin',(-60.5310745239258,1.17475652694702,3.84880709648132));
#12372=CARTESIAN_POINT('',(-60.1397705078125,1.16391754150391,3.18898487091064));
#12373=CARTESIAN_POINT('',(-60.4642753601074,1.08152484893799,3.88737106323242));
#12374=CARTESIAN_POINT('',(-60.5310745239258,1.17475652694702,3.84880709648132));
#12375=CARTESIAN_POINT('Origin',(-60.0292472839355,1.08152484893799,3.13388347625732));
#12376=CARTESIAN_POINT('',(-60.0292472839355,1.08152484893799,3.13388347625732));
#12377=CARTESIAN_POINT('',(-60.1397705078125,1.16391754150391,3.18898487091064));
#12378=CARTESIAN_POINT('',(-60.4642753601074,1.08152484893799,3.88737106323242));
#12379=CARTESIAN_POINT('Origin',(-60.4642753601074,1.08152484893799,3.88737106323242));
#12380=CARTESIAN_POINT('',(-60.3570518493652,0.886426746845245,3.94927787780762));
#12381=CARTESIAN_POINT('Origin',(-59.828498840332,0.886426746845245,3.03379321098328));
#12382=CARTESIAN_POINT('',(-59.828498840332,0.886426746845245,3.03379321098328));
#12383=CARTESIAN_POINT('',(-60.0292472839355,1.08152484893799,3.13388347625732));
#12384=CARTESIAN_POINT('',(-60.3570518493652,0.886426746845245,3.94927787780762));
#12385=CARTESIAN_POINT('Origin',(-60.6006050109863,-1.55356335639954,3.11815309524536));
#12386=CARTESIAN_POINT('',(-60.9006042480469,-1.55356335639954,3.63776826858521));
#12387=CARTESIAN_POINT('',(-60.523509979248,-1.48888766765594,3.16266226768494));
#12388=CARTESIAN_POINT('',(-60.9006042480469,-1.55356335639954,3.63776826858521));
#12389=CARTESIAN_POINT('',(-60.6006050109863,-1.55356335639954,3.11815309524536));
#12390=CARTESIAN_POINT('',(-60.6006050109863,-1.55356335639954,3.11815309524536));
#12391=CARTESIAN_POINT('',(-60.9006042480469,-1.55356335639954,3.63776826858521));
#12392=CARTESIAN_POINT('Origin',(-60.815803527832,-1.48242008686066,3.68672823905945));
#12393=CARTESIAN_POINT('',(-60.815803527832,-1.48242008686066,3.68672823905945));
#12394=CARTESIAN_POINT('',(-60.9006042480469,-1.55356335639954,3.63776826858521));
#12395=CARTESIAN_POINT('',(-60.815803527832,-1.48242008686066,3.68672823905945));
#12396=CARTESIAN_POINT('Origin',(-60.6006050109863,1.55356335639954,3.11815309524536));
#12397=CARTESIAN_POINT('',(-60.9006042480469,1.55356335639954,3.63776826858521));
#12398=CARTESIAN_POINT('',(-60.6841087341309,1.60657215118408,3.0699417591095));
#12399=CARTESIAN_POINT('',(-60.9006042480469,1.55356335639954,3.63776826858521));
#12400=CARTESIAN_POINT('',(-60.6006050109863,1.55356335639954,3.11815309524536));
#12401=CARTESIAN_POINT('',(-60.6841087341309,1.60657215118408,3.0699417591095));
#12402=CARTESIAN_POINT('',(-60.9006042480469,1.55356335639954,3.63776826858521));
#12403=CARTESIAN_POINT('Origin',(-60.9924583435059,1.61187291145325,3.58473587036133));
#12404=CARTESIAN_POINT('',(-60.9924583435059,1.61187291145325,3.58473587036133));
#12405=CARTESIAN_POINT('',(-60.9924583435059,1.61187291145325,3.58473587036133));
#12406=CARTESIAN_POINT('',(-60.9924583435059,1.61187291145325,3.58473587036133));
#12407=CARTESIAN_POINT('Origin',(-60.523509979248,1.48888766765594,3.16266226768494));
#12408=CARTESIAN_POINT('',(-60.815803527832,1.48242008686066,3.68672823905945));
#12409=CARTESIAN_POINT('',(-60.815803527832,1.48242008686066,3.68672823905945));
#12410=CARTESIAN_POINT('',(-60.523509979248,1.48888766765594,3.16266226768494));
#12411=CARTESIAN_POINT('',(-60.815803527832,1.48242008686066,3.68672823905945));
#12412=CARTESIAN_POINT('',(-60.523509979248,1.48888766765594,3.16266226768494));
#12413=CARTESIAN_POINT('Origin',(-60.7387084960938,1.41774439811707,3.73123788833618));
#12414=CARTESIAN_POINT('',(-60.815803527832,1.48242008686066,3.68672823905945));
#12415=CARTESIAN_POINT('Origin',(-60.9924583435059,-1.61187291145325,3.58473587036133));
#12416=CARTESIAN_POINT('',(-60.6841087341309,-1.60657215118408,3.0699417591095));
#12417=CARTESIAN_POINT('',(-60.9006042480469,-1.55356335639954,3.63776826858521));
#12418=CARTESIAN_POINT('',(-60.9924583435059,-1.61187291145325,3.58473587036133));
#12419=CARTESIAN_POINT('',(-60.9924583435059,-1.61187291145325,3.58473587036133));
#12420=CARTESIAN_POINT('',(-60.9924583435059,-1.61187291145325,3.58473587036133));
#12421=CARTESIAN_POINT('Origin',(-60.6006050109863,-1.55356335639954,3.11815309524536));
#12422=CARTESIAN_POINT('',(-60.6841087341309,-1.60657215118408,3.0699417591095));
#12423=CARTESIAN_POINT('Origin',(-60.873420715332,-1.70943820476532,2.9606409072876));
#12424=CARTESIAN_POINT('',(-60.7759590148926,-1.66488170623779,3.01690936088562));
#12425=CARTESIAN_POINT('',(-61.1645622253418,-1.70538747310638,3.48537135124207));
#12426=CARTESIAN_POINT('',(-60.873420715332,-1.70943820476532,2.9606409072876));
#12427=CARTESIAN_POINT('Origin',(-61.0759582519531,-1.66488170623779,3.53652453422546));
#12428=CARTESIAN_POINT('',(-61.0759582519531,-1.66488170623779,3.53652453422546));
#12429=CARTESIAN_POINT('',(-61.1645622253418,-1.70538747310638,3.48537135124207));
#12430=CARTESIAN_POINT('',(-61.0759582519531,-1.66488170623779,3.53652453422546));
#12431=CARTESIAN_POINT('Origin',(-60.1599502563477,0.,4.06307554244995));
#12432=CARTESIAN_POINT('',(-59.4740104675293,0.,2.875));
#12433=CARTESIAN_POINT('',(-60.1725158691406,-0.230613142251968,4.05582141876221));
#12434=CARTESIAN_POINT('',(-60.1599502563477,0.,4.06307554244995));
#12435=CARTESIAN_POINT('Origin',(-59.4907646179199,-0.230613142251968,2.875));
#12436=CARTESIAN_POINT('',(-59.4907646179199,-0.230613142251968,2.875));
#12437=CARTESIAN_POINT('',(-59.4907646179199,-0.230613142251968,2.875));
#12438=CARTESIAN_POINT('',(-60.1725158691406,-0.230613142251968,4.05582141876221));
#12439=CARTESIAN_POINT('Origin',(-60.1725158691406,-0.230613142251968,4.05582141876221));
#12440=CARTESIAN_POINT('',(-59.5099983215332,-0.317933976650238,2.875));
#12441=CARTESIAN_POINT('',(-60.2100105285645,-0.457589358091354,4.03417205810547));
#12442=CARTESIAN_POINT('',(-60.1725158691406,-0.230613142251968,4.05582141876221));
#12443=CARTESIAN_POINT('Origin',(-59.5531997680664,-0.457589358091354,2.89653635025024));
#12444=CARTESIAN_POINT('',(-59.5531997680664,-0.457589358091354,2.89653635025024));
#12445=CARTESIAN_POINT('',(-59.5531997680664,-0.457589358091354,2.89653635025024));
#12446=CARTESIAN_POINT('',(-60.2100105285645,-0.457589358091354,4.03417205810547));
#12447=CARTESIAN_POINT('Origin',(-59.4907646179199,-0.230613142251968,2.875));
#12448=CARTESIAN_POINT('',(-59.5099983215332,-0.317933976650238,2.875));
#12449=CARTESIAN_POINT('Origin',(-60.5310745239258,-1.17475652694702,3.84880709648132));
#12450=CARTESIAN_POINT('',(-60.1397705078125,-1.16391754150391,3.18898487091064));
#12451=CARTESIAN_POINT('',(-60.4642753601074,-1.08152484893799,3.88737106323242));
#12452=CARTESIAN_POINT('',(-60.5310745239258,-1.17475652694702,3.84880709648132));
#12453=CARTESIAN_POINT('Origin',(-60.0292472839355,-1.08152484893799,3.13388347625732));
#12454=CARTESIAN_POINT('',(-60.0292472839355,-1.08152484893799,3.13388347625732));
#12455=CARTESIAN_POINT('',(-60.4642753601074,-1.08152484893799,3.88737106323242));
#12456=CARTESIAN_POINT('',(-60.1397705078125,-1.16391754150391,3.18898487091064));
#12457=CARTESIAN_POINT('Origin',(-60.3570518493652,-0.886426746845245,3.94927787780762));
#12458=CARTESIAN_POINT('',(-59.828498840332,-0.886426746845245,3.03379321098328));
#12459=CARTESIAN_POINT('',(-60.2718505859375,-0.677349090576172,3.99847006797791));
#12460=CARTESIAN_POINT('',(-60.3570518493652,-0.886426746845245,3.94927787780762));
#12461=CARTESIAN_POINT('Origin',(-59.6689758300781,-0.677349090576172,2.95425963401794));
#12462=CARTESIAN_POINT('',(-59.6689758300781,-0.677349090576172,2.95425963401794));
#12463=CARTESIAN_POINT('',(-60.2718505859375,-0.677349090576172,3.99847006797791));
#12464=CARTESIAN_POINT('',(-59.828498840332,-0.886426746845245,3.03379321098328));
#12465=CARTESIAN_POINT('Origin',(-60.6841087341309,1.60657215118408,3.0699417591095));
#12466=CARTESIAN_POINT('',(-60.7759590148926,1.66488170623779,3.01690936088562));
#12467=CARTESIAN_POINT('',(-60.9924583435059,1.61187291145325,3.58473587036133));
#12468=CARTESIAN_POINT('',(-60.7759590148926,1.66488170623779,3.01690936088562));
#12469=CARTESIAN_POINT('Origin',(-61.0759582519531,1.66488170623779,3.53652453422546));
#12470=CARTESIAN_POINT('',(-61.0759582519531,1.66488170623779,3.53652453422546));
#12471=CARTESIAN_POINT('',(-61.0759582519531,1.66488170623779,3.53652453422546));
#12472=CARTESIAN_POINT('',(-61.0759582519531,1.66488170623779,3.53652453422546));
#12473=CARTESIAN_POINT('Origin',(-60.6006050109863,1.55356335639954,3.11815309524536));
#12474=CARTESIAN_POINT('',(-60.9006042480469,1.55356335639954,3.63776826858521));
#12475=CARTESIAN_POINT('',(-60.6006050109863,1.55356335639954,3.11815309524536));
#12476=CARTESIAN_POINT('Origin',(-60.815803527832,1.48242008686066,3.68672823905945));
#12477=CARTESIAN_POINT('',(-60.9006042480469,1.55356335639954,3.63776826858521));
#12478=CARTESIAN_POINT('Origin',(-60.5501594543457,1.20000004768372,3.84009790420532));
#12479=CARTESIAN_POINT('',(-60.5928344726563,1.25956666469574,3.81545877456665));
#12480=CARTESIAN_POINT('',(-60.5928344726563,1.25956666469574,3.81545877456665));
#12481=CARTESIAN_POINT('Origin',(-60.1397705078125,1.16391754150391,3.18898487091064));
#12482=CARTESIAN_POINT('',(-60.5310745239258,1.17475652694702,3.84880709648132));
#12483=CARTESIAN_POINT('',(-60.26806640625,1.25956666469574,3.25295186042786));
#12484=CARTESIAN_POINT('Origin',(-60.5491600036621,1.20000004768372,3.83836555480957));
#12485=CARTESIAN_POINT('',(-60.5491600036621,1.20000004768372,3.83836555480957));
#12486=CARTESIAN_POINT('Origin',(-60.5928344726563,1.25956666469574,3.81545877456665));
#12487=CARTESIAN_POINT('Origin',(-60.4387092590332,-1.41774439811707,3.21162223815918));
#12488=CARTESIAN_POINT('',(-60.7387084960938,-1.41774439811707,3.73123788833618));
#12489=CARTESIAN_POINT('',(-60.3212242126465,-1.29035079479218,3.27945256233215));
#12490=CARTESIAN_POINT('',(-60.7387084960938,-1.41774439811707,3.73123788833618));
#12491=CARTESIAN_POINT('',(-60.4387092590332,-1.41774439811707,3.21162223815918));
#12492=CARTESIAN_POINT('',(-60.4387092590332,-1.41774439811707,3.21162223815918));
#12493=CARTESIAN_POINT('',(-60.7387084960938,-1.41774439811707,3.73123788833618));
#12494=CARTESIAN_POINT('Origin',(-60.26806640625,-1.25956666469574,3.25295186042786));
#12495=CARTESIAN_POINT('',(-60.5928344726563,-1.25956666469574,3.81545877456665));
#12496=CARTESIAN_POINT('',(-60.5928344726563,-1.25956666469574,3.81545877456665));
#12497=CARTESIAN_POINT('',(-60.26806640625,-1.25956666469574,3.25295186042786));
#12498=CARTESIAN_POINT('',(-60.5928344726563,-1.25956666469574,3.81545877456665));
#12499=CARTESIAN_POINT('',(-60.3212242126465,-1.29035079479218,3.27945256233215));
#12500=CARTESIAN_POINT('Origin',(-60.7387084960938,-1.41774439811707,3.73123788833618));
#12501=CARTESIAN_POINT('',(-60.7387084960938,-1.41774439811707,3.73123788833618));
#12502=CARTESIAN_POINT('Origin',(-60.4642753601074,-1.08152484893799,3.88737106323242));
#12503=CARTESIAN_POINT('',(-60.3570518493652,-0.886426746845245,3.94927787780762));
#12504=CARTESIAN_POINT('Origin',(-59.828498840332,-0.886426746845245,3.03379321098328));
#12505=CARTESIAN_POINT('',(-60.0292472839355,-1.08152484893799,3.13388347625732));
#12506=CARTESIAN_POINT('Origin',(-60.523509979248,-1.48888766765594,3.16266226768494));
#12507=CARTESIAN_POINT('',(-60.815803527832,-1.48242008686066,3.68672823905945));
#12508=CARTESIAN_POINT('',(-60.523509979248,-1.48888766765594,3.16266226768494));
#12509=CARTESIAN_POINT('Origin',(-60.7387084960938,-1.41774439811707,3.73123788833618));
#12510=CARTESIAN_POINT('',(-60.815803527832,-1.48242008686066,3.68672823905945));
#12511=CARTESIAN_POINT('Origin',(-61.5598411560059,1.82257843017578,3.25715756416321));
#12512=CARTESIAN_POINT('',(-61.5824241638184,1.82587277889252,3.2441189289093));
#12513=CARTESIAN_POINT('',(-61.2503852844238,1.82119929790497,2.74300050735474));
#12514=CARTESIAN_POINT('',(-61.5824241638184,1.82587277889252,3.2441189289093));
#12515=CARTESIAN_POINT('',(-61.5598411560059,1.82257843017578,3.25715756416321));
#12516=CARTESIAN_POINT('',(-61.5598411560059,1.82257843017578,3.25715756416321));
#12517=CARTESIAN_POINT('',(-61.5824241638184,1.82587277889252,3.2441189289093));
#12518=CARTESIAN_POINT('Origin',(-61.354377746582,1.83636915683746,2.68295955657959));
#12519=CARTESIAN_POINT('',(-61.354377746582,1.83636915683746,2.68295955657959));
#12520=CARTESIAN_POINT('',(-61.5824241638184,1.82587277889252,3.2441189289093));
#12521=CARTESIAN_POINT('',(-61.354377746582,1.83636915683746,2.68295955657959));
#12522=CARTESIAN_POINT('Origin',(-61.6543769836426,1.83636915683746,3.20257496833801));
#12523=CARTESIAN_POINT('',(-61.6543769836426,1.83636915683746,3.20257496833801));
#12524=CARTESIAN_POINT('',(-61.6543769836426,1.83636915683746,3.20257496833801));
#12525=CARTESIAN_POINT('',(-61.6543769836426,1.83636915683746,3.20257496833801));
#12526=CARTESIAN_POINT('Origin',(-61.1558494567871,1.80740857124329,2.79758310317993));
#12527=CARTESIAN_POINT('',(-61.4558486938477,1.80740857124329,3.31719851493835));
#12528=CARTESIAN_POINT('',(-61.2503852844238,1.82119929790497,2.74300050735474));
#12529=CARTESIAN_POINT('Origin',(-61.5598411560059,1.82257843017578,3.25715756416321));
#12530=CARTESIAN_POINT('',(-61.5598411560059,1.82257843017578,3.25715756416321));
#12531=CARTESIAN_POINT('Origin',(-60.3570518493652,0.886426746845245,3.94927787780762));
#12532=CARTESIAN_POINT('',(-60.2718505859375,0.677349090576172,3.99847006797791));
#12533=CARTESIAN_POINT('Origin',(-59.6689758300781,0.677349090576172,2.95425963401794));
#12534=CARTESIAN_POINT('',(-59.6689758300781,0.677349090576172,2.95425963401794));
#12535=CARTESIAN_POINT('',(-59.828498840332,0.886426746845245,3.03379321098328));
#12536=CARTESIAN_POINT('',(-60.2718505859375,0.677349090576172,3.99847006797791));
#12537=CARTESIAN_POINT('Origin',(-60.2718505859375,0.677349090576172,3.99847006797791));
#12538=CARTESIAN_POINT('',(-60.2100105285645,0.457589358091354,4.03417205810547));
#12539=CARTESIAN_POINT('Origin',(-59.5531997680664,0.457589358091354,2.89653635025024));
#12540=CARTESIAN_POINT('',(-59.5531997680664,0.457589358091354,2.89653635025024));
#12541=CARTESIAN_POINT('',(-59.6689758300781,0.677349090576172,2.95425963401794));
#12542=CARTESIAN_POINT('',(-60.2100105285645,0.457589358091354,4.03417205810547));
#12543=CARTESIAN_POINT('Origin',(-60.2718505859375,-0.677349090576172,3.99847006797791));
#12544=CARTESIAN_POINT('',(-60.2100105285645,-0.457589358091354,4.03417205810547));
#12545=CARTESIAN_POINT('Origin',(-59.5531997680664,-0.457589358091354,2.89653635025024));
#12546=CARTESIAN_POINT('',(-59.6689758300781,-0.677349090576172,2.95425963401794));
#12547=CARTESIAN_POINT('Origin',(-60.873420715332,1.70943820476532,2.9606409072876));
#12548=CARTESIAN_POINT('',(-61.1645622253418,1.70538747310638,3.48537135124207));
#12549=CARTESIAN_POINT('',(-60.873420715332,1.70943820476532,2.9606409072876));
#12550=CARTESIAN_POINT('Origin',(-61.0759582519531,1.66488170623779,3.53652453422546));
#12551=CARTESIAN_POINT('',(-61.1645622253418,1.70538747310638,3.48537135124207));
#12552=CARTESIAN_POINT('Origin',(-61.4544372558594,-1.83636915683746,2.62519240379333));
#12553=CARTESIAN_POINT('',(-61.7544364929199,-1.83636915683746,3.14480757713318));
#12554=CARTESIAN_POINT('',(-61.4473342895508,-1.83636915683746,2.62929272651672));
#12555=CARTESIAN_POINT('',(-61.7544364929199,-1.83636915683746,3.14480757713318));
#12556=CARTESIAN_POINT('',(-61.4544372558594,-1.83636915683746,2.62519240379333));
#12557=CARTESIAN_POINT('',(-61.4544372558594,-1.83636915683746,2.62519240379333));
#12558=CARTESIAN_POINT('',(-61.7544364929199,-1.83636915683746,3.14480757713318));
#12559=CARTESIAN_POINT('Origin',(-61.4261436462402,-1.83636915683746,2.64152908325195));
#12560=CARTESIAN_POINT('',(-61.4261436462402,-1.83636915683746,2.64152908325195));
#12561=CARTESIAN_POINT('',(-61.7544364929199,-1.83636915683746,3.14480757713318));
#12562=CARTESIAN_POINT('',(-61.4473342895508,-1.83636915683746,2.62929272651672));
#12563=CARTESIAN_POINT('Origin',(-61.7544364929199,-1.83636915683746,3.14480757713318));
#12564=CARTESIAN_POINT('',(-61.6543769836426,-1.83636915683746,3.20257496833801));
#12565=CARTESIAN_POINT('',(-61.7544364929199,-1.83636915683746,3.14480757713318));
#12566=CARTESIAN_POINT('Origin',(-61.354377746582,-1.83636915683746,2.68295955657959));
#12567=CARTESIAN_POINT('',(-61.4261436462402,-1.83636915683746,2.64152908325195));
#12568=CARTESIAN_POINT('Origin',(-61.0759582519531,-1.66488170623779,3.53652453422546));
#12569=CARTESIAN_POINT('',(-60.9924583435059,-1.61187291145325,3.58473587036133));
#12570=CARTESIAN_POINT('',(-61.0759582519531,-1.66488170623779,3.53652453422546));
#12571=CARTESIAN_POINT('Origin',(-60.6841087341309,-1.60657215118408,3.0699417591095));
#12572=CARTESIAN_POINT('',(-60.7759590148926,-1.66488170623779,3.01690936088562));
#12573=CARTESIAN_POINT('Origin',(-61.4544372558594,1.83636915683746,2.62519240379333));
#12574=CARTESIAN_POINT('',(-61.7544364929199,1.83636915683746,3.14480757713318));
#12575=CARTESIAN_POINT('',(-61.4473342895508,1.83636915683746,2.62929272651672));
#12576=CARTESIAN_POINT('',(-61.7544364929199,1.83636915683746,3.14480757713318));
#12577=CARTESIAN_POINT('',(-61.4544372558594,1.83636915683746,2.62519240379333));
#12578=CARTESIAN_POINT('',(-61.7544364929199,1.83636915683746,3.14480757713318));
#12579=CARTESIAN_POINT('',(-61.4544372558594,1.83636915683746,2.62519240379333));
#12580=CARTESIAN_POINT('Origin',(-61.4261436462402,1.83636915683746,2.64152908325195));
#12581=CARTESIAN_POINT('',(-61.4261436462402,1.83636915683746,2.64152908325195));
#12582=CARTESIAN_POINT('',(-61.4473342895508,1.83636915683746,2.62929272651672));
#12583=CARTESIAN_POINT('',(-61.7544364929199,1.83636915683746,3.14480757713318));
#12584=CARTESIAN_POINT('Origin',(-61.354377746582,1.83636915683746,2.68295955657959));
#12585=CARTESIAN_POINT('',(-61.6543769836426,1.83636915683746,3.20257496833801));
#12586=CARTESIAN_POINT('',(-61.4261436462402,1.83636915683746,2.64152908325195));
#12587=CARTESIAN_POINT('Origin',(-61.7544364929199,1.83636915683746,3.14480757713318));
#12588=CARTESIAN_POINT('',(-61.7544364929199,1.83636915683746,3.14480757713318));
#12589=CARTESIAN_POINT('Origin',(-60.2100105285645,0.457589358091354,4.03417205810547));
#12590=CARTESIAN_POINT('',(-59.5099983215332,0.317933976650238,2.875));
#12591=CARTESIAN_POINT('',(-60.1725158691406,0.230613142251968,4.05582141876221));
#12592=CARTESIAN_POINT('',(-60.2100105285645,0.457589358091354,4.03417205810547));
#12593=CARTESIAN_POINT('Origin',(-59.4907646179199,0.230613142251968,2.875));
#12594=CARTESIAN_POINT('',(-59.4907646179199,0.230613142251968,2.875));
#12595=CARTESIAN_POINT('',(-59.5099983215332,0.317933976650238,2.875));
#12596=CARTESIAN_POINT('',(-60.1725158691406,0.230613142251968,4.05582141876221));
#12597=CARTESIAN_POINT('Origin',(-59.5531997680664,0.457589358091354,2.89653635025024));
#12598=CARTESIAN_POINT('',(-59.5531997680664,0.457589358091354,2.89653635025024));
#12599=CARTESIAN_POINT('Origin',(-60.5501594543457,-1.20000004768372,3.84009790420532));
#12600=CARTESIAN_POINT('',(-60.5928344726563,-1.25956666469574,3.81545877456665));
#12601=CARTESIAN_POINT('',(-60.5928344726563,-1.25956666469574,3.81545877456665));
#12602=CARTESIAN_POINT('Origin',(-60.26806640625,-1.25956666469574,3.25295186042786));
#12603=CARTESIAN_POINT('',(-60.5491600036621,-1.20000004768372,3.83836555480957));
#12604=CARTESIAN_POINT('Origin',(-60.5491600036621,-1.20000004768372,3.83836555480957));
#12605=CARTESIAN_POINT('',(-60.5310745239258,-1.17475652694702,3.84880709648132));
#12606=CARTESIAN_POINT('Origin',(-60.1397705078125,-1.16391754150391,3.18898487091064));
#12607=CARTESIAN_POINT('',(-60.26806640625,-1.25956666469574,3.25295186042786));
#12608=CARTESIAN_POINT('Origin',(-60.1599502563477,0.,4.06307554244995));
#12609=CARTESIAN_POINT('',(-60.1725158691406,0.230613142251968,4.05582141876221));
#12610=CARTESIAN_POINT('Origin',(-59.4907646179199,0.230613142251968,2.875));
#12611=CARTESIAN_POINT('',(-59.4907646179199,0.230613142251968,2.875));
#12612=CARTESIAN_POINT('Origin',(-59.0775032043457,-0.904999732971191,3.19000029563904));
#12613=CARTESIAN_POINT('',(-59.0775032043457,-0.904999732971191,4.30999994277954));
#12614=CARTESIAN_POINT('',(-59.0775032043457,0.904999732971191,3.19000029563904));
#12615=CARTESIAN_POINT('',(-59.0775032043457,-0.904999732971191,4.30999994277954));
#12616=CARTESIAN_POINT('',(-59.0775032043457,-0.904999732971191,3.19000029563904));
#12617=CARTESIAN_POINT('',(-59.0775032043457,-0.904999732971191,3.19000029563904));
#12618=CARTESIAN_POINT('',(-59.0775032043457,-0.904999732971191,3.19000029563904));
#12619=CARTESIAN_POINT('Origin',(-59.0775032043457,0.904999732971191,4.30999994277954));
#12620=CARTESIAN_POINT('',(-59.0775032043457,0.904999732971191,4.30999994277954));
#12621=CARTESIAN_POINT('',(-59.0775032043457,0.904999732971191,3.19000029563904));
#12622=CARTESIAN_POINT('',(-59.0775032043457,-0.904999732971191,4.30999994277954));
#12623=CARTESIAN_POINT('Origin',(-58.405689239502,-1.04879534244537,3.19000029563904));
#12624=CARTESIAN_POINT('',(-58.405689239502,-1.04879534244537,4.30999994277954));
#12625=CARTESIAN_POINT('',(-58.3716316223145,-1.05753993988037,3.19000029563904));
#12626=CARTESIAN_POINT('',(-58.405689239502,-1.04879534244537,4.30999994277954));
#12627=CARTESIAN_POINT('',(-58.405689239502,-1.04879534244537,3.19000029563904));
#12628=CARTESIAN_POINT('',(-58.405689239502,-1.04879534244537,3.19000029563904));
#12629=CARTESIAN_POINT('',(-58.405689239502,-1.04879534244537,3.19000029563904));
#12630=CARTESIAN_POINT('Origin',(-58.3716316223145,-1.05753993988037,4.30999994277954));
#12631=CARTESIAN_POINT('',(-58.3716316223145,-1.05753993988037,4.30999994277954));
#12632=CARTESIAN_POINT('',(-58.405689239502,-1.04879534244537,4.30999994277954));
#12633=CARTESIAN_POINT('',(-58.3716316223145,-1.05753993988037,3.19000029563904));
#12634=CARTESIAN_POINT('Origin',(-58.3716316223145,-1.05753993988037,3.19000029563904));
#12635=CARTESIAN_POINT('',(-58.3367500305176,-1.06194686889648,3.19000029563904));
#12636=CARTESIAN_POINT('',(-58.3716316223145,-1.05753993988037,4.30999994277954));
#12637=CARTESIAN_POINT('',(-58.3716316223145,-1.05753993988037,3.19000029563904));
#12638=CARTESIAN_POINT('Origin',(-58.3367500305176,-1.06194686889648,4.30999994277954));
#12639=CARTESIAN_POINT('',(-58.3367500305176,-1.06194686889648,4.30999994277954));
#12640=CARTESIAN_POINT('',(-58.3716316223145,-1.05753993988037,4.30999994277954));
#12641=CARTESIAN_POINT('',(-58.3367500305176,-1.06194686889648,3.19000029563904));
#12642=CARTESIAN_POINT('Origin',(-58.2667007446289,-1.05753993988037,3.19000029563904));
#12643=CARTESIAN_POINT('',(-58.2667007446289,-1.05753993988037,4.30999994277954));
#12644=CARTESIAN_POINT('',(-58.2326431274414,-1.04879534244537,3.19000029563904));
#12645=CARTESIAN_POINT('',(-58.2667007446289,-1.05753993988037,4.30999994277954));
#12646=CARTESIAN_POINT('',(-58.2667007446289,-1.05753993988037,3.19000029563904));
#12647=CARTESIAN_POINT('',(-58.2667007446289,-1.05753993988037,3.19000029563904));
#12648=CARTESIAN_POINT('',(-58.2667007446289,-1.05753993988037,3.19000029563904));
#12649=CARTESIAN_POINT('Origin',(-58.2326431274414,-1.04879534244537,4.30999994277954));
#12650=CARTESIAN_POINT('',(-58.2326431274414,-1.04879534244537,4.30999994277954));
#12651=CARTESIAN_POINT('',(-58.2667007446289,-1.05753993988037,4.30999994277954));
#12652=CARTESIAN_POINT('',(-58.2326431274414,-1.04879534244537,3.19000029563904));
#12653=CARTESIAN_POINT('Origin',(-58.2326431274414,-1.04879534244537,3.19000029563904));
#12654=CARTESIAN_POINT('',(-58.199951171875,-1.03585112094879,3.19000029563904));
#12655=CARTESIAN_POINT('',(-58.2326431274414,-1.04879534244537,4.30999994277954));
#12656=CARTESIAN_POINT('',(-58.2326431274414,-1.04879534244537,3.19000029563904));
#12657=CARTESIAN_POINT('Origin',(-58.199951171875,-1.03585112094879,4.30999994277954));
#12658=CARTESIAN_POINT('',(-58.199951171875,-1.03585112094879,4.30999994277954));
#12659=CARTESIAN_POINT('',(-58.2326431274414,-1.04879534244537,4.30999994277954));
#12660=CARTESIAN_POINT('',(-58.199951171875,-1.03585112094879,3.19000029563904));
#12661=CARTESIAN_POINT('Origin',(-58.199951171875,-1.03585112094879,3.19000029563904));
#12662=CARTESIAN_POINT('',(-58.1691360473633,-1.01891124248505,3.19000029563904));
#12663=CARTESIAN_POINT('',(-58.199951171875,-1.03585112094879,4.30999994277954));
#12664=CARTESIAN_POINT('',(-58.199951171875,-1.03585112094879,3.19000029563904));
#12665=CARTESIAN_POINT('Origin',(-58.1691360473633,-1.01891124248505,4.30999994277954));
#12666=CARTESIAN_POINT('',(-58.1691360473633,-1.01891124248505,4.30999994277954));
#12667=CARTESIAN_POINT('',(-58.199951171875,-1.03585112094879,4.30999994277954));
#12668=CARTESIAN_POINT('',(-58.1691360473633,-1.01891124248505,3.19000029563904));
#12669=CARTESIAN_POINT('Origin',(-58.1691360473633,-1.01891124248505,3.19000029563904));
#12670=CARTESIAN_POINT('',(-58.1406860351563,-0.998243153095245,3.19000029563904));
#12671=CARTESIAN_POINT('',(-58.1691360473633,-1.01891124248505,4.30999994277954));
#12672=CARTESIAN_POINT('',(-58.1691360473633,-1.01891124248505,3.19000029563904));
#12673=CARTESIAN_POINT('Origin',(-58.1406860351563,-0.998243153095245,4.30999994277954));
#12674=CARTESIAN_POINT('',(-58.1406860351563,-0.998243153095245,4.30999994277954));
#12675=CARTESIAN_POINT('',(-58.1691360473633,-1.01891124248505,4.30999994277954));
#12676=CARTESIAN_POINT('',(-58.1406860351563,-0.998243153095245,3.19000029563904));
#12677=CARTESIAN_POINT('Origin',(-58.301586151123,-1.06194686889648,3.19000029563904));
#12678=CARTESIAN_POINT('',(-58.301586151123,-1.06194686889648,4.30999994277954));
#12679=CARTESIAN_POINT('',(-58.301586151123,-1.06194686889648,4.30999994277954));
#12680=CARTESIAN_POINT('',(-58.301586151123,-1.06194686889648,3.19000029563904));
#12681=CARTESIAN_POINT('',(-58.301586151123,-1.06194686889648,3.19000029563904));
#12682=CARTESIAN_POINT('',(-58.301586151123,-1.06194686889648,3.19000029563904));
#12683=CARTESIAN_POINT('Origin',(-58.2667007446289,-1.05753993988037,4.30999994277954));
#12684=CARTESIAN_POINT('',(-58.301586151123,-1.06194686889648,4.30999994277954));
#12685=CARTESIAN_POINT('Origin',(-58.3716316223145,1.05753993988037,3.19000029563904));
#12686=CARTESIAN_POINT('',(-58.405689239502,1.04879534244537,3.19000029563904));
#12687=CARTESIAN_POINT('',(-58.3716316223145,1.05753993988037,4.30999994277954));
#12688=CARTESIAN_POINT('',(-58.405689239502,1.04879534244537,3.19000029563904));
#12689=CARTESIAN_POINT('',(-58.3716316223145,1.05753993988037,3.19000029563904));
#12690=CARTESIAN_POINT('',(-58.405689239502,1.04879534244537,3.19000029563904));
#12691=CARTESIAN_POINT('',(-58.3716316223145,1.05753993988037,3.19000029563904));
#12692=CARTESIAN_POINT('Origin',(-58.405689239502,1.04879534244537,4.30999994277954));
#12693=CARTESIAN_POINT('',(-58.405689239502,1.04879534244537,4.30999994277954));
#12694=CARTESIAN_POINT('',(-58.405689239502,1.04879534244537,4.30999994277954));
#12695=CARTESIAN_POINT('',(-58.405689239502,1.04879534244537,3.19000029563904));
#12696=CARTESIAN_POINT('Origin',(-58.405689239502,1.04879534244537,3.19000029563904));
#12697=CARTESIAN_POINT('',(-58.8370780944824,0.904999732971191,3.19000029563904));
#12698=CARTESIAN_POINT('',(-58.8370780944824,0.904999732971191,3.19000029563904));
#12699=CARTESIAN_POINT('',(-58.8370780944824,0.904999732971191,3.19000029563904));
#12700=CARTESIAN_POINT('Origin',(-58.8370780944824,0.904999732971191,4.30999994277954));
#12701=CARTESIAN_POINT('',(-58.8370780944824,0.904999732971191,4.30999994277954));
#12702=CARTESIAN_POINT('',(-58.8370780944824,0.904999732971191,4.30999994277954));
#12703=CARTESIAN_POINT('',(-58.8370780944824,0.904999732971191,3.19000029563904));
#12704=CARTESIAN_POINT('Origin',(-58.3367500305176,-1.06194686889648,3.19000029563904));
#12705=CARTESIAN_POINT('',(-58.3367500305176,-1.06194686889648,4.30999994277954));
#12706=CARTESIAN_POINT('',(-58.3367500305176,-1.06194686889648,3.19000029563904));
#12707=CARTESIAN_POINT('Origin',(-58.301586151123,-1.06194686889648,4.30999994277954));
#12708=CARTESIAN_POINT('',(-58.3367500305176,-1.06194686889648,4.30999994277954));
#12709=CARTESIAN_POINT('Origin',(-58.1406860351563,-0.998243153095245,3.19000029563904));
#12710=CARTESIAN_POINT('',(-58.1406860351563,-0.998243153095245,4.30999994277954));
#12711=CARTESIAN_POINT('',(-58.1406860351563,-0.998243153095245,3.19000029563904));
#12712=CARTESIAN_POINT('Origin',(-58.0241355895996,-0.904999732971191,4.30999994277954));
#12713=CARTESIAN_POINT('',(-58.0241355895996,-0.904999732971191,4.30999994277954));
#12714=CARTESIAN_POINT('',(-58.1406860351563,-0.998243153095245,4.30999994277954));
#12715=CARTESIAN_POINT('',(-58.0241355895996,-0.904999732971191,3.19000029563904));
#12716=CARTESIAN_POINT('Origin',(-58.0241355895996,0.904999732971191,3.19000029563904));
#12717=CARTESIAN_POINT('',(-58.1406860351563,0.998243153095245,3.19000029563904));
#12718=CARTESIAN_POINT('',(-58.0241355895996,0.904999732971191,4.30999994277954));
#12719=CARTESIAN_POINT('',(-58.1406860351563,0.998243153095245,3.19000029563904));
#12720=CARTESIAN_POINT('',(-58.1406860351563,0.998243153095245,3.19000029563904));
#12721=CARTESIAN_POINT('',(-58.0241355895996,0.904999732971191,3.19000029563904));
#12722=CARTESIAN_POINT('Origin',(-58.1406860351563,0.998243153095245,4.30999994277954));
#12723=CARTESIAN_POINT('',(-58.1406860351563,0.998243153095245,4.30999994277954));
#12724=CARTESIAN_POINT('',(-58.1406860351563,0.998243153095245,4.30999994277954));
#12725=CARTESIAN_POINT('',(-58.1406860351563,0.998243153095245,3.19000029563904));
#12726=CARTESIAN_POINT('Origin',(-58.1406860351563,0.998243153095245,3.19000029563904));
#12727=CARTESIAN_POINT('',(-58.1691360473633,1.01891124248505,3.19000029563904));
#12728=CARTESIAN_POINT('',(-58.1691360473633,1.01891124248505,3.19000029563904));
#12729=CARTESIAN_POINT('',(-58.1691360473633,1.01891124248505,3.19000029563904));
#12730=CARTESIAN_POINT('Origin',(-58.1691360473633,1.01891124248505,4.30999994277954));
#12731=CARTESIAN_POINT('',(-58.1691360473633,1.01891124248505,4.30999994277954));
#12732=CARTESIAN_POINT('',(-58.1691360473633,1.01891124248505,4.30999994277954));
#12733=CARTESIAN_POINT('',(-58.1691360473633,1.01891124248505,3.19000029563904));
#12734=CARTESIAN_POINT('Origin',(-58.3367500305176,1.06194686889648,3.19000029563904));
#12735=CARTESIAN_POINT('',(-58.3367500305176,1.06194686889648,4.30999994277954));
#12736=CARTESIAN_POINT('',(-58.3716316223145,1.05753993988037,3.19000029563904));
#12737=CARTESIAN_POINT('',(-58.3367500305176,1.06194686889648,3.19000029563904));
#12738=CARTESIAN_POINT('',(-58.3716316223145,1.05753993988037,3.19000029563904));
#12739=CARTESIAN_POINT('',(-58.3367500305176,1.06194686889648,3.19000029563904));
#12740=CARTESIAN_POINT('Origin',(-58.3716316223145,1.05753993988037,4.30999994277954));
#12741=CARTESIAN_POINT('',(-58.3716316223145,1.05753993988037,4.30999994277954));
#12742=CARTESIAN_POINT('Origin',(-58.2326431274414,1.04879534244537,3.19000029563904));
#12743=CARTESIAN_POINT('',(-58.2667007446289,1.05753993988037,3.19000029563904));
#12744=CARTESIAN_POINT('',(-58.2326431274414,1.04879534244537,4.30999994277954));
#12745=CARTESIAN_POINT('',(-58.2667007446289,1.05753993988037,3.19000029563904));
#12746=CARTESIAN_POINT('',(-58.2326431274414,1.04879534244537,3.19000029563904));
#12747=CARTESIAN_POINT('',(-58.2667007446289,1.05753993988037,3.19000029563904));
#12748=CARTESIAN_POINT('',(-58.2326431274414,1.04879534244537,3.19000029563904));
#12749=CARTESIAN_POINT('Origin',(-58.2667007446289,1.05753993988037,4.30999994277954));
#12750=CARTESIAN_POINT('',(-58.2667007446289,1.05753993988037,4.30999994277954));
#12751=CARTESIAN_POINT('',(-58.2667007446289,1.05753993988037,4.30999994277954));
#12752=CARTESIAN_POINT('',(-58.2667007446289,1.05753993988037,3.19000029563904));
#12753=CARTESIAN_POINT('Origin',(-58.301586151123,1.06194686889648,3.19000029563904));
#12754=CARTESIAN_POINT('',(-58.301586151123,1.06194686889648,4.30999994277954));
#12755=CARTESIAN_POINT('',(-58.3367500305176,1.06194686889648,3.19000029563904));
#12756=CARTESIAN_POINT('',(-58.301586151123,1.06194686889648,3.19000029563904));
#12757=CARTESIAN_POINT('',(-58.3367500305176,1.06194686889648,3.19000029563904));
#12758=CARTESIAN_POINT('',(-58.301586151123,1.06194686889648,3.19000029563904));
#12759=CARTESIAN_POINT('Origin',(-58.3367500305176,1.06194686889648,4.30999994277954));
#12760=CARTESIAN_POINT('',(-58.3367500305176,1.06194686889648,4.30999994277954));
#12761=CARTESIAN_POINT('Origin',(-58.199951171875,1.03585112094879,3.19000029563904));
#12762=CARTESIAN_POINT('',(-58.199951171875,1.03585112094879,4.30999994277954));
#12763=CARTESIAN_POINT('',(-58.2326431274414,1.04879534244537,3.19000029563904));
#12764=CARTESIAN_POINT('',(-58.199951171875,1.03585112094879,3.19000029563904));
#12765=CARTESIAN_POINT('',(-58.2326431274414,1.04879534244537,3.19000029563904));
#12766=CARTESIAN_POINT('',(-58.199951171875,1.03585112094879,3.19000029563904));
#12767=CARTESIAN_POINT('Origin',(-58.2326431274414,1.04879534244537,4.30999994277954));
#12768=CARTESIAN_POINT('',(-58.2326431274414,1.04879534244537,4.30999994277954));
#12769=CARTESIAN_POINT('Origin',(-58.8370780944824,-0.904999732971191,3.19000029563904));
#12770=CARTESIAN_POINT('',(-58.8370780944824,-0.904999732971191,4.30999994277954));
#12771=CARTESIAN_POINT('',(-58.8370780944824,-0.904999732971191,4.30999994277954));
#12772=CARTESIAN_POINT('',(-58.8370780944824,-0.904999732971191,3.19000029563904));
#12773=CARTESIAN_POINT('',(-58.8370780944824,-0.904999732971191,3.19000029563904));
#12774=CARTESIAN_POINT('',(-58.8370780944824,-0.904999732971191,3.19000029563904));
#12775=CARTESIAN_POINT('Origin',(-58.405689239502,-1.04879534244537,4.30999994277954));
#12776=CARTESIAN_POINT('',(-58.8370780944824,-0.904999732971191,4.30999994277954));
#12777=CARTESIAN_POINT('Origin',(-58.2667007446289,1.05753993988037,3.19000029563904));
#12778=CARTESIAN_POINT('',(-58.301586151123,1.06194686889648,3.19000029563904));
#12779=CARTESIAN_POINT('',(-58.301586151123,1.06194686889648,3.19000029563904));
#12780=CARTESIAN_POINT('Origin',(-58.301586151123,1.06194686889648,4.30999994277954));
#12781=CARTESIAN_POINT('',(-58.301586151123,1.06194686889648,4.30999994277954));
#12782=CARTESIAN_POINT('Origin',(-58.1691360473633,1.01891124248505,3.19000029563904));
#12783=CARTESIAN_POINT('',(-58.199951171875,1.03585112094879,3.19000029563904));
#12784=CARTESIAN_POINT('',(-58.199951171875,1.03585112094879,3.19000029563904));
#12785=CARTESIAN_POINT('Origin',(-58.199951171875,1.03585112094879,4.30999994277954));
#12786=CARTESIAN_POINT('',(-58.199951171875,1.03585112094879,4.30999994277954));
#12787=CARTESIAN_POINT('Origin',(-58.8370780944824,0.904999732971191,3.19000029563904));
#12788=CARTESIAN_POINT('',(-59.0775032043457,0.904999732971191,3.19000029563904));
#12789=CARTESIAN_POINT('',(-59.0775032043457,0.904999732971191,3.19000029563904));
#12790=CARTESIAN_POINT('Origin',(-59.0775032043457,0.904999732971191,4.30999994277954));
#12791=CARTESIAN_POINT('',(-59.0775032043457,0.904999732971191,4.30999994277954));
#12792=CARTESIAN_POINT('Origin',(-57.3205032348633,0.904999732971191,3.19000029563904));
#12793=CARTESIAN_POINT('',(-58.0241355895996,0.904999732971191,3.19000029563904));
#12794=CARTESIAN_POINT('Origin',(-58.0241355895996,0.904999732971191,4.30999994277954));
#12795=CARTESIAN_POINT('',(-58.0241355895996,0.904999732971191,4.30999994277954));
#12796=CARTESIAN_POINT('Origin',(-59.0775032043457,-0.904999732971191,3.19000029563904));
#12797=CARTESIAN_POINT('',(-59.0775032043457,-0.904999732971191,4.30999994277954));
#12798=CARTESIAN_POINT('',(-59.0775032043457,-0.904999732971191,3.19000029563904));
#12799=CARTESIAN_POINT('Origin',(-58.8370780944824,-0.904999732971191,4.30999994277954));
#12800=CARTESIAN_POINT('',(-59.0775032043457,-0.904999732971191,4.30999994277954));
#12801=CARTESIAN_POINT('Origin',(-58.0241355895996,-0.904999732971191,3.19000029563904));
#12802=CARTESIAN_POINT('',(-58.0241355895996,-0.904999732971191,4.30999994277954));
#12803=CARTESIAN_POINT('Origin',(-57.3205032348633,-0.904999732971191,4.30999994277954));
#12804=CARTESIAN_POINT('',(-58.0241355895996,-0.904999732971191,4.30999994277954));
#12805=CARTESIAN_POINT('Origin',(-59.0775032043457,-0.904999732971191,3.19000029563904));
#12806=CARTESIAN_POINT('',(-59.0775032043457,0.904999732971191,3.19000029563904));
#12807=CARTESIAN_POINT('Origin',(-58.8370780944824,0.904999732971191,3.19000029563904));
#12808=CARTESIAN_POINT('',(-58.8370780944824,-0.904999732971191,3.19000029563904));
#12809=CARTESIAN_POINT('Origin',(-58.2326431274414,-1.04879534244537,3.19000029563904));
#12810=CARTESIAN_POINT('',(-58.405689239502,-1.04879534244537,3.19000029563904));
#12811=CARTESIAN_POINT('',(-58.405689239502,-1.04879534244537,3.19000029563904));
#12812=CARTESIAN_POINT('Origin',(-58.199951171875,-1.03585112094879,3.19000029563904));
#12813=CARTESIAN_POINT('',(-58.405689239502,-1.04879534244537,3.19000029563904));
#12814=CARTESIAN_POINT('Origin',(-58.3716316223145,-1.05753993988037,3.19000029563904));
#12815=CARTESIAN_POINT('',(-58.405689239502,-1.04879534244537,3.19000029563904));
#12816=CARTESIAN_POINT('Origin',(-58.3367500305176,-1.06194686889648,3.19000029563904));
#12817=CARTESIAN_POINT('',(-58.405689239502,-1.04879534244537,3.19000029563904));
#12818=CARTESIAN_POINT('Origin',(-58.301586151123,-1.06194686889648,3.19000029563904));
#12819=CARTESIAN_POINT('',(-58.405689239502,-1.04879534244537,3.19000029563904));
#12820=CARTESIAN_POINT('Origin',(-58.3716316223145,1.05753993988037,3.19000029563904));
#12821=CARTESIAN_POINT('',(-58.405689239502,1.04879534244537,3.19000029563904));
#12822=CARTESIAN_POINT('Origin',(-58.2667007446289,-1.05753993988037,3.19000029563904));
#12823=CARTESIAN_POINT('Origin',(-58.3367500305176,1.06194686889648,3.19000029563904));
#12824=CARTESIAN_POINT('',(-58.405689239502,1.04879534244537,3.19000029563904));
#12825=CARTESIAN_POINT('Origin',(-58.1691360473633,-1.01891124248505,3.19000029563904));
#12826=CARTESIAN_POINT('',(-58.405689239502,-1.04879534244537,3.19000029563904));
#12827=CARTESIAN_POINT('Origin',(-58.301586151123,1.06194686889648,3.19000029563904));
#12828=CARTESIAN_POINT('',(-58.405689239502,1.04879534244537,3.19000029563904));
#12829=CARTESIAN_POINT('Origin',(-58.8370780944824,0.904999732971191,3.19000029563904));
#12830=CARTESIAN_POINT('',(-58.405689239502,1.04879534244537,3.19000029563904));
#12831=CARTESIAN_POINT('',(-58.8370780944824,0.904999732971191,3.19000029563904));
#12832=CARTESIAN_POINT('Origin',(-58.2667007446289,1.05753993988037,3.19000029563904));
#12833=CARTESIAN_POINT('',(-58.405689239502,1.04879534244537,3.19000029563904));
#12834=CARTESIAN_POINT('Origin',(-58.1406860351563,-0.998243153095245,3.19000029563904));
#12835=CARTESIAN_POINT('',(-58.405689239502,-1.04879534244537,3.19000029563904));
#12836=CARTESIAN_POINT('Origin',(-58.2326431274414,1.04879534244537,3.19000029563904));
#12837=CARTESIAN_POINT('',(-58.405689239502,1.04879534244537,3.19000029563904));
#12838=CARTESIAN_POINT('Origin',(-58.8370780944824,-0.904999732971191,3.19000029563904));
#12839=CARTESIAN_POINT('',(-58.8370780944824,-0.904999732971191,3.19000029563904));
#12840=CARTESIAN_POINT('Origin',(-58.199951171875,1.03585112094879,3.19000029563904));
#12841=CARTESIAN_POINT('',(-58.405689239502,1.04879534244537,3.19000029563904));
#12842=CARTESIAN_POINT('Origin',(-58.8370780944824,0.904999732971191,3.19000029563904));
#12843=CARTESIAN_POINT('',(-58.8370780944824,0.904999732971191,3.19000029563904));
#12844=CARTESIAN_POINT('Origin',(-58.1691360473633,1.01891124248505,3.19000029563904));
#12845=CARTESIAN_POINT('',(-58.405689239502,1.04879534244537,3.19000029563904));
#12846=CARTESIAN_POINT('Origin',(-58.0241355895996,-0.904999732971191,3.19000029563904));
#12847=CARTESIAN_POINT('Origin',(-58.1406860351563,0.998243153095245,3.19000029563904));
#12848=CARTESIAN_POINT('Origin',(-59.0775032043457,0.904999732971191,4.30999994277954));
#12849=CARTESIAN_POINT('',(-59.0775032043457,-0.904999732971191,4.30999994277954));
#12850=CARTESIAN_POINT('Origin',(-58.8370780944824,-0.904999732971191,4.30999994277954));
#12851=CARTESIAN_POINT('',(-58.8370780944824,-0.904999732971191,4.30999994277954));
#12852=CARTESIAN_POINT('Origin',(-58.2326431274414,1.04879534244537,4.30999994277954));
#12853=CARTESIAN_POINT('',(-58.405689239502,1.04879534244537,4.30999994277954));
#12854=CARTESIAN_POINT('',(-58.405689239502,1.04879534244537,4.30999994277954));
#12855=CARTESIAN_POINT('Origin',(-58.199951171875,1.03585112094879,4.30999994277954));
#12856=CARTESIAN_POINT('',(-58.405689239502,1.04879534244537,4.30999994277954));
#12857=CARTESIAN_POINT('Origin',(-58.3716316223145,1.05753993988037,4.30999994277954));
#12858=CARTESIAN_POINT('',(-58.405689239502,1.04879534244537,4.30999994277954));
#12859=CARTESIAN_POINT('Origin',(-58.3367500305176,1.06194686889648,4.30999994277954));
#12860=CARTESIAN_POINT('',(-58.405689239502,1.04879534244537,4.30999994277954));
#12861=CARTESIAN_POINT('Origin',(-58.301586151123,1.06194686889648,4.30999994277954));
#12862=CARTESIAN_POINT('',(-58.405689239502,1.04879534244537,4.30999994277954));
#12863=CARTESIAN_POINT('Origin',(-58.3716316223145,-1.05753993988037,4.30999994277954));
#12864=CARTESIAN_POINT('',(-58.405689239502,-1.04879534244537,4.30999994277954));
#12865=CARTESIAN_POINT('Origin',(-58.2667007446289,1.05753993988037,4.30999994277954));
#12866=CARTESIAN_POINT('Origin',(-58.3367500305176,-1.06194686889648,4.30999994277954));
#12867=CARTESIAN_POINT('',(-58.405689239502,-1.04879534244537,4.30999994277954));
#12868=CARTESIAN_POINT('Origin',(-58.1691360473633,1.01891124248505,4.30999994277954));
#12869=CARTESIAN_POINT('',(-58.405689239502,1.04879534244537,4.30999994277954));
#12870=CARTESIAN_POINT('Origin',(-58.301586151123,-1.06194686889648,4.30999994277954));
#12871=CARTESIAN_POINT('',(-58.405689239502,-1.04879534244537,4.30999994277954));
#12872=CARTESIAN_POINT('Origin',(-58.8370780944824,-0.904999732971191,4.30999994277954));
#12873=CARTESIAN_POINT('',(-58.405689239502,-1.04879534244537,4.30999994277954));
#12874=CARTESIAN_POINT('',(-58.8370780944824,-0.904999732971191,4.30999994277954));
#12875=CARTESIAN_POINT('Origin',(-58.2667007446289,-1.05753993988037,4.30999994277954));
#12876=CARTESIAN_POINT('',(-58.405689239502,-1.04879534244537,4.30999994277954));
#12877=CARTESIAN_POINT('Origin',(-58.1406860351563,0.998243153095245,4.30999994277954));
#12878=CARTESIAN_POINT('',(-58.405689239502,1.04879534244537,4.30999994277954));
#12879=CARTESIAN_POINT('Origin',(-58.2326431274414,-1.04879534244537,4.30999994277954));
#12880=CARTESIAN_POINT('',(-58.405689239502,-1.04879534244537,4.30999994277954));
#12881=CARTESIAN_POINT('Origin',(-58.8370780944824,0.904999732971191,4.30999994277954));
#12882=CARTESIAN_POINT('',(-58.8370780944824,0.904999732971191,4.30999994277954));
#12883=CARTESIAN_POINT('Origin',(-58.199951171875,-1.03585112094879,4.30999994277954));
#12884=CARTESIAN_POINT('',(-58.405689239502,-1.04879534244537,4.30999994277954));
#12885=CARTESIAN_POINT('Origin',(-58.8370780944824,-0.904999732971191,4.30999994277954));
#12886=CARTESIAN_POINT('',(-58.8370780944824,-0.904999732971191,4.30999994277954));
#12887=CARTESIAN_POINT('Origin',(-58.1691360473633,-1.01891124248505,4.30999994277954));
#12888=CARTESIAN_POINT('',(-58.405689239502,-1.04879534244537,4.30999994277954));
#12889=CARTESIAN_POINT('Origin',(-58.0241355895996,0.904999732971191,4.30999994277954));
#12890=CARTESIAN_POINT('',(-58.0241355895996,-0.904999732971191,4.30999994277954));
#12891=CARTESIAN_POINT('Origin',(-58.1406860351563,-0.998243153095245,4.30999994277954));
#12892=CARTESIAN_POINT('Origin',(-57.3205032348633,0.904999732971191,4.30999994277954));
#12893=CARTESIAN_POINT('',(-58.0241355895996,-0.904999732971191,4.30999994277954));
#12894=CARTESIAN_POINT('Origin',(-57.3205032348633,-0.904999732971191,4.30999994277954));
#12895=CARTESIAN_POINT('Origin',(-61.510326385498,-2.71192908287048,3.28574371337891));
#12896=CARTESIAN_POINT('',(-61.5824241638184,-2.61129665374756,3.2441189289093));
#12897=CARTESIAN_POINT('',(-61.2372550964355,-2.94102025032043,3.44340252876282));
#12898=CARTESIAN_POINT('',(-61.5824241638184,-2.61129665374756,3.2441189289093));
#12899=CARTESIAN_POINT('',(-61.510326385498,-2.71192908287048,3.28574371337891));
#12900=CARTESIAN_POINT('',(-61.5824241638184,-2.61129665374756,3.2441189289093));
#12901=CARTESIAN_POINT('',(-61.510326385498,-2.71192908287048,3.28574371337891));
#12902=CARTESIAN_POINT('Origin',(-61.4278755187988,-2.80133366584778,3.33334732055664));
#12903=CARTESIAN_POINT('',(-61.4278755187988,-2.80133366584778,3.33334732055664));
#12904=CARTESIAN_POINT('',(-61.510326385498,-2.71192908287048,3.28574371337891));
#12905=CARTESIAN_POINT('',(-61.4278755187988,-2.80133366584778,3.33334732055664));
#12906=CARTESIAN_POINT('Origin',(-61.1278762817383,-2.80133366584778,2.81373190879822));
#12907=CARTESIAN_POINT('',(-61.4261436462402,-2.25863742828369,2.64152908325195));
#12908=CARTESIAN_POINT('',(-61.2103271484375,-2.71192908287048,2.76612854003906));
#12909=CARTESIAN_POINT('',(-61.4261436462402,-2.25863742828369,2.64152908325195));
#12910=CARTESIAN_POINT('',(-61.1278762817383,-2.80133366584778,2.81373190879822));
#12911=CARTESIAN_POINT('',(-61.4261436462402,-2.25863742828369,2.64152908325195));
#12912=CARTESIAN_POINT('',(-61.2103271484375,-2.71192908287048,2.76612854003906));
#12913=CARTESIAN_POINT('Origin',(-60.6103210449219,-3.0379478931427,3.11254119873047));
#12914=CARTESIAN_POINT('',(-60.9103202819824,-3.0379478931427,3.63215637207031));
#12915=CARTESIAN_POINT('',(-60.4972190856934,-3.0379478931427,3.17784357070923));
#12916=CARTESIAN_POINT('',(-60.9103202819824,-3.0379478931427,3.63215637207031));
#12917=CARTESIAN_POINT('',(-60.6103210449219,-3.0379478931427,3.11254119873047));
#12918=CARTESIAN_POINT('',(-60.9103202819824,-3.0379478931427,3.63215637207031));
#12919=CARTESIAN_POINT('',(-60.6103210449219,-3.0379478931427,3.11254119873047));
#12920=CARTESIAN_POINT('Origin',(-60.7972183227539,-3.0379478931427,3.69745874404907));
#12921=CARTESIAN_POINT('',(-60.7972183227539,-3.0379478931427,3.69745874404907));
#12922=CARTESIAN_POINT('',(-60.7972183227539,-3.0379478931427,3.69745874404907));
#12923=CARTESIAN_POINT('',(-60.9103202819824,-3.0379478931427,3.63215637207031));
#12924=CARTESIAN_POINT('Origin',(-60.7972183227539,-3.0379478931427,3.69745874404907));
#12925=CARTESIAN_POINT('',(-60.6849975585938,-3.02157855033875,3.76224589347839));
#12926=CARTESIAN_POINT('',(-60.9103202819824,-3.0379478931427,3.63215637207031));
#12927=CARTESIAN_POINT('',(-60.7972183227539,-3.0379478931427,3.69745874404907));
#12928=CARTESIAN_POINT('Origin',(-60.4972190856934,-3.0379478931427,3.17784357070923));
#12929=CARTESIAN_POINT('',(-60.8320922851563,-2.98909878730774,2.98450350761414));
#12930=CARTESIAN_POINT('',(-60.7225341796875,-3.02157855033875,3.04775404930115));
#12931=CARTESIAN_POINT('',(-60.8320922851563,-2.98909878730774,2.98450350761414));
#12932=CARTESIAN_POINT('',(-60.8320922851563,-2.98909878730774,2.98450350761414));
#12933=CARTESIAN_POINT('',(-60.7225341796875,-3.02157855033875,3.04775404930115));
#12934=CARTESIAN_POINT('Origin',(-61.2103271484375,-2.71192908287048,2.76612854003906));
#12935=CARTESIAN_POINT('',(-61.510326385498,-2.71192908287048,3.28574371337891));
#12936=CARTESIAN_POINT('',(-61.510326385498,-2.71192908287048,3.28574371337891));
#12937=CARTESIAN_POINT('Origin',(-61.4278755187988,-2.80133366584778,3.33334732055664));
#12938=CARTESIAN_POINT('',(-61.4278755187988,-2.80133366584778,3.33334732055664));
#12939=CARTESIAN_POINT('Origin',(-61.3363723754883,-2.87810111045837,3.38617777824402));
#12940=CARTESIAN_POINT('',(-61.3363723754883,-2.87810111045837,3.38617777824402));
#12941=CARTESIAN_POINT('',(-61.4278755187988,-2.80133366584778,3.33334732055664));
#12942=CARTESIAN_POINT('',(-61.3363723754883,-2.87810111045837,3.38617777824402));
#12943=CARTESIAN_POINT('Origin',(-61.4261436462402,-2.25863742828369,2.64152908325195));
#12944=CARTESIAN_POINT('',(-59.2997093200684,-1.4375,3.86922645568848));
#12945=CARTESIAN_POINT('',(-60.4972190856934,-3.0379478931427,3.17784357070923));
#12946=CARTESIAN_POINT('',(-61.4261436462402,-2.25863742828369,2.64152908325195));
#12947=CARTESIAN_POINT('',(-61.4261436462402,-2.25863742828369,2.64152908325195));
#12948=CARTESIAN_POINT('Origin',(-57.9835586547852,-1.4375,4.62910509109497));
#12949=CARTESIAN_POINT('',(-57.9835586547852,-1.4375,4.62910509109497));
#12950=CARTESIAN_POINT('',(-59.2997093200684,-1.4375,3.86922645568848));
#12951=CARTESIAN_POINT('',(-60.4972190856934,-3.0379478931427,3.17784357070923));
#12952=CARTESIAN_POINT('Origin',(-57.9482116699219,-1.42727184295654,4.64951086044312));
#12953=CARTESIAN_POINT('',(-57.9482116699219,-1.42727184295654,4.64951086044312));
#12954=CARTESIAN_POINT('',(-57.9835586547852,-1.4375,4.62910509109497));
#12955=CARTESIAN_POINT('',(-60.4972190856934,-3.0379478931427,3.17784357070923));
#12956=CARTESIAN_POINT('Origin',(-61.4261436462402,-1.83636915683746,2.64152908325195));
#12957=CARTESIAN_POINT('',(-61.4261436462402,-2.25863742828369,2.64152908325195));
#12958=CARTESIAN_POINT('',(-61.4261436462402,-2.25863742828369,2.64152908325195));
#12959=CARTESIAN_POINT('Origin',(-61.354377746582,-1.83636915683746,2.68295955657959));
#12960=CARTESIAN_POINT('',(-61.4261436462402,-2.25863742828369,2.64152908325195));
#12961=CARTESIAN_POINT('Origin',(-61.1558494567871,-1.80740857124329,2.79758310317993));
#12962=CARTESIAN_POINT('',(-61.4261436462402,-2.25863742828369,2.64152908325195));
#12963=CARTESIAN_POINT('',(-61.4261436462402,-2.25863742828369,2.64152908325195));
#12964=CARTESIAN_POINT('Origin',(-61.1558494567871,-1.80740857124329,2.79758310317993));
#12965=CARTESIAN_POINT('Origin',(-60.9620170593262,-1.74994397163391,2.90948796272278));
#12966=CARTESIAN_POINT('',(-61.4261436462402,-2.25863742828369,2.64152908325195));
#12967=CARTESIAN_POINT('Origin',(-60.873420715332,-1.70943820476532,2.9606409072876));
#12968=CARTESIAN_POINT('',(-61.4261436462402,-2.25863742828369,2.64152908325195));
#12969=CARTESIAN_POINT('Origin',(-59.2997093200684,-1.4375,3.86922645568848));
#12970=CARTESIAN_POINT('',(-60.7759590148926,-1.66488170623779,3.01690936088562));
#12971=CARTESIAN_POINT('Origin',(-60.6841087341309,-1.60657215118408,3.0699417591095));
#12972=CARTESIAN_POINT('',(-60.6841087341309,-1.60657215118408,3.0699417591095));
#12973=CARTESIAN_POINT('Origin',(-60.6006050109863,-1.55356335639954,3.11815309524536));
#12974=CARTESIAN_POINT('',(-60.3212242126465,-1.4375,3.27945256233215));
#12975=CARTESIAN_POINT('',(-60.6841087341309,-1.60657215118408,3.0699417591095));
#12976=CARTESIAN_POINT('',(-60.6006050109863,-1.55356335639954,3.11815309524536));
#12977=CARTESIAN_POINT('Origin',(-60.523509979248,-1.48888766765594,3.16266226768494));
#12978=CARTESIAN_POINT('',(-60.523509979248,-1.48888766765594,3.16266226768494));
#12979=CARTESIAN_POINT('Origin',(-59.2997093200684,-1.4375,3.86922645568848));
#12980=CARTESIAN_POINT('',(-60.3212242126465,-1.4375,3.27945256233215));
#12981=CARTESIAN_POINT('Origin',(-60.4387092590332,-1.41774439811707,3.21162223815918));
#12982=CARTESIAN_POINT('',(-60.4387092590332,-1.41774439811707,3.21162223815918));
#12983=CARTESIAN_POINT('Origin',(-60.3212242126465,-1.29035079479218,3.27945256233215));
#12984=CARTESIAN_POINT('',(-60.3212242126465,-1.4375,3.27945256233215));
#12985=CARTESIAN_POINT('Origin',(-61.4261436462402,1.83636915683746,2.64152908325195));
#12986=CARTESIAN_POINT('',(-61.4261436462402,2.25863742828369,2.64152908325195));
#12987=CARTESIAN_POINT('',(-61.4261436462402,2.25863742828369,2.64152908325195));
#12988=CARTESIAN_POINT('',(-61.4261436462402,1.83636915683746,2.64152908325195));
#12989=CARTESIAN_POINT('Origin',(-61.1558494567871,1.80740857124329,2.79758310317993));
#12990=CARTESIAN_POINT('',(-61.4261436462402,2.25863742828369,2.64152908325195));
#12991=CARTESIAN_POINT('',(-61.4261436462402,2.25863742828369,2.64152908325195));
#12992=CARTESIAN_POINT('Origin',(-59.2997093200684,1.4375,3.86922645568848));
#12993=CARTESIAN_POINT('',(-61.4261436462402,2.25863742828369,2.64152908325195));
#12994=CARTESIAN_POINT('',(-59.2997093200684,1.4375,3.86922645568848));
#12995=CARTESIAN_POINT('',(-61.4261436462402,2.25863742828369,2.64152908325195));
#12996=CARTESIAN_POINT('',(-60.7759590148926,1.66488170623779,3.01690936088562));
#12997=CARTESIAN_POINT('Origin',(-61.354377746582,1.83636915683746,2.68295955657959));
#12998=CARTESIAN_POINT('Origin',(-61.1558494567871,1.80740857124329,2.79758310317993));
#12999=CARTESIAN_POINT('',(-61.4261436462402,2.25863742828369,2.64152908325195));
#13000=CARTESIAN_POINT('Origin',(-60.9620170593262,1.74994397163391,2.90948796272278));
#13001=CARTESIAN_POINT('',(-61.4261436462402,2.25863742828369,2.64152908325195));
#13002=CARTESIAN_POINT('Origin',(-60.873420715332,1.70943820476532,2.9606409072876));
#13003=CARTESIAN_POINT('Origin',(-60.6841087341309,1.60657215118408,3.0699417591095));
#13004=CARTESIAN_POINT('',(-60.6841087341309,1.60657215118408,3.0699417591095));
#13005=CARTESIAN_POINT('Origin',(-59.2997093200684,1.4375,3.86922645568848));
#13006=CARTESIAN_POINT('',(-60.3212242126465,1.4375,3.27945256233215));
#13007=CARTESIAN_POINT('',(-60.6841087341309,1.60657215118408,3.0699417591095));
#13008=CARTESIAN_POINT('',(-60.3212242126465,1.4375,3.27945256233215));
#13009=CARTESIAN_POINT('Origin',(-60.6006050109863,1.55356335639954,3.11815309524536));
#13010=CARTESIAN_POINT('',(-60.6006050109863,1.55356335639954,3.11815309524536));
#13011=CARTESIAN_POINT('Origin',(-60.523509979248,1.48888766765594,3.16266226768494));
#13012=CARTESIAN_POINT('',(-60.523509979248,1.48888766765594,3.16266226768494));
#13013=CARTESIAN_POINT('Origin',(-60.4387092590332,1.41774439811707,3.21162223815918));
#13014=CARTESIAN_POINT('',(-60.4387092590332,1.41774439811707,3.21162223815918));
#13015=CARTESIAN_POINT('Origin',(-60.3212242126465,1.4375,3.27945256233215));
#13016=CARTESIAN_POINT('',(-60.3212242126465,1.29035079479218,3.27945256233215));
#13017=CARTESIAN_POINT('Origin',(-61.7261428833008,-2.25863742828369,3.1611442565918));
#13018=CARTESIAN_POINT('',(-61.7544364929199,-2.,3.14480757713318));
#13019=CARTESIAN_POINT('',(-61.6911888122559,-2.38284945487976,3.18132376670837));
#13020=CARTESIAN_POINT('',(-61.7544364929199,-2.,3.14480757713318));
#13021=CARTESIAN_POINT('',(-61.7261428833008,-2.25863742828369,3.1611442565918));
#13022=CARTESIAN_POINT('',(-61.7544364929199,-2.,3.14480757713318));
#13023=CARTESIAN_POINT('',(-61.7261428833008,-2.25863742828369,3.1611442565918));
#13024=CARTESIAN_POINT('Origin',(-61.6911888122559,-2.38284945487976,3.18132376670837));
#13025=CARTESIAN_POINT('',(-61.391185760498,-2.38284945487976,2.66170859336853));
#13026=CARTESIAN_POINT('',(-61.7261428833008,-2.25863742828369,3.1611442565918));
#13027=CARTESIAN_POINT('',(-61.6911888122559,-2.38284945487976,3.18132376670837));
#13028=CARTESIAN_POINT('Origin',(-61.4261436462402,-2.25863742828369,2.64152908325195));
#13029=CARTESIAN_POINT('',(-61.7261428833008,-2.25863742828369,3.1611442565918));
#13030=CARTESIAN_POINT('',(-61.4261436462402,-2.25863742828369,2.64152908325195));
#13031=CARTESIAN_POINT('Origin',(-61.2372550964355,2.94102025032043,3.44340252876282));
#13032=CARTESIAN_POINT('',(-61.5824241638184,2.61129665374756,3.2441189289093));
#13033=CARTESIAN_POINT('',(-61.510326385498,2.71192908287048,3.28574371337891));
#13034=CARTESIAN_POINT('',(-61.5824241638184,2.61129665374756,3.2441189289093));
#13035=CARTESIAN_POINT('',(-61.2372550964355,2.94102025032043,3.44340252876282));
#13036=CARTESIAN_POINT('',(-61.5824241638184,2.61129665374756,3.2441189289093));
#13037=CARTESIAN_POINT('',(-61.510326385498,2.71192908287048,3.28574371337891));
#13038=CARTESIAN_POINT('Origin',(-61.2372550964355,2.94102025032043,3.44340252876282));
#13039=CARTESIAN_POINT('',(-61.4278755187988,2.80133366584778,3.33334732055664));
#13040=CARTESIAN_POINT('',(-61.510326385498,2.71192908287048,3.28574371337891));
#13041=CARTESIAN_POINT('',(-61.4278755187988,2.80133366584778,3.33334732055664));
#13042=CARTESIAN_POINT('Origin',(-61.2103271484375,2.71192908287048,2.76612854003906));
#13043=CARTESIAN_POINT('',(-61.1278762817383,2.80133366584778,2.81373190879822));
#13044=CARTESIAN_POINT('',(-61.510326385498,2.71192908287048,3.28574371337891));
#13045=CARTESIAN_POINT('',(-61.2103271484375,2.71192908287048,2.76612854003906));
#13046=CARTESIAN_POINT('',(-61.2103271484375,2.71192908287048,2.76612854003906));
#13047=CARTESIAN_POINT('',(-61.510326385498,2.71192908287048,3.28574371337891));
#13048=CARTESIAN_POINT('Origin',(-61.4278755187988,2.80133366584778,3.33334732055664));
#13049=CARTESIAN_POINT('',(-61.4278755187988,2.80133366584778,3.33334732055664));
#13050=CARTESIAN_POINT('Origin',(-60.7225341796875,3.02157855033875,3.04775404930115));
#13051=CARTESIAN_POINT('',(-61.022533416748,3.02157855033875,3.56736946105957));
#13052=CARTESIAN_POINT('',(-60.6103210449219,3.0379478931427,3.11254119873047));
#13053=CARTESIAN_POINT('',(-61.022533416748,3.02157855033875,3.56736946105957));
#13054=CARTESIAN_POINT('',(-60.7225341796875,3.02157855033875,3.04775404930115));
#13055=CARTESIAN_POINT('',(-60.7225341796875,3.02157855033875,3.04775404930115));
#13056=CARTESIAN_POINT('',(-61.022533416748,3.02157855033875,3.56736946105957));
#13057=CARTESIAN_POINT('Origin',(-60.9103202819824,3.0379478931427,3.63215637207031));
#13058=CARTESIAN_POINT('',(-60.9103202819824,3.0379478931427,3.63215637207031));
#13059=CARTESIAN_POINT('',(-61.022533416748,3.02157855033875,3.56736946105957));
#13060=CARTESIAN_POINT('',(-60.9103202819824,3.0379478931427,3.63215637207031));
#13061=CARTESIAN_POINT('Origin',(-60.4972190856934,3.0379478931427,3.17784357070923));
#13062=CARTESIAN_POINT('',(-60.7972183227539,3.0379478931427,3.69745874404907));
#13063=CARTESIAN_POINT('',(-60.3849983215332,3.02157855033875,3.24263072013855));
#13064=CARTESIAN_POINT('',(-60.7972183227539,3.0379478931427,3.69745874404907));
#13065=CARTESIAN_POINT('',(-60.4972190856934,3.0379478931427,3.17784357070923));
#13066=CARTESIAN_POINT('',(-60.4972190856934,3.0379478931427,3.17784357070923));
#13067=CARTESIAN_POINT('',(-60.7972183227539,3.0379478931427,3.69745874404907));
#13068=CARTESIAN_POINT('Origin',(-60.6849975585938,3.02157855033875,3.76224589347839));
#13069=CARTESIAN_POINT('',(-60.6849975585938,3.02157855033875,3.76224589347839));
#13070=CARTESIAN_POINT('',(-60.7972183227539,3.0379478931427,3.69745874404907));
#13071=CARTESIAN_POINT('',(-60.6849975585938,3.02157855033875,3.76224589347839));
#13072=CARTESIAN_POINT('Origin',(-60.6849975585938,3.02157855033875,3.76224589347839));
#13073=CARTESIAN_POINT('',(-60.9103202819824,3.0379478931427,3.63215637207031));
#13074=CARTESIAN_POINT('',(-60.9103202819824,3.0379478931427,3.63215637207031));
#13075=CARTESIAN_POINT('Origin',(-61.6911888122559,2.38284945487976,3.18132376670837));
#13076=CARTESIAN_POINT('',(-61.7544364929199,2.,3.14480757713318));
#13077=CARTESIAN_POINT('',(-61.7261428833008,2.25863742828369,3.1611442565918));
#13078=CARTESIAN_POINT('',(-61.7544364929199,2.,3.14480757713318));
#13079=CARTESIAN_POINT('',(-61.6911888122559,2.38284945487976,3.18132376670837));
#13080=CARTESIAN_POINT('',(-61.7544364929199,2.,3.14480757713318));
#13081=CARTESIAN_POINT('',(-61.7261428833008,2.25863742828369,3.1611442565918));
#13082=CARTESIAN_POINT('Origin',(-61.7261428833008,2.25863742828369,3.1611442565918));
#13083=CARTESIAN_POINT('',(-61.7473335266113,2.13034653663635,3.14890789985657));
#13084=CARTESIAN_POINT('',(-61.7544364929199,2.,3.14480757713318));
#13085=CARTESIAN_POINT('',(-61.7473335266113,2.13034653663635,3.14890789985657));
#13086=CARTESIAN_POINT('Origin',(-61.391185760498,2.38284945487976,2.66170859336853));
#13087=CARTESIAN_POINT('',(-61.4261436462402,2.25863742828369,2.64152908325195));
#13088=CARTESIAN_POINT('',(-61.391185760498,2.38284945487976,2.66170859336853));
#13089=CARTESIAN_POINT('',(-61.4261436462402,2.25863742828369,2.64152908325195));
#13090=CARTESIAN_POINT('',(-61.391185760498,2.38284945487976,2.66170859336853));
#13091=CARTESIAN_POINT('Origin',(-60.4972190856934,-3.0379478931427,3.17784357070923));
#13092=CARTESIAN_POINT('',(-60.3849983215332,-3.02157855033875,3.24263072013855));
#13093=CARTESIAN_POINT('',(-60.7972183227539,-3.0379478931427,3.69745874404907));
#13094=CARTESIAN_POINT('',(-60.4972190856934,-3.0379478931427,3.17784357070923));
#13095=CARTESIAN_POINT('Origin',(-60.6849975585938,-3.02157855033875,3.76224589347839));
#13096=CARTESIAN_POINT('',(-60.6849975585938,-3.02157855033875,3.76224589347839));
#13097=CARTESIAN_POINT('Origin',(-60.9103202819824,-3.0379478931427,3.63215637207031));
#13098=CARTESIAN_POINT('',(-61.022533416748,-3.02157855033875,3.56736946105957));
#13099=CARTESIAN_POINT('',(-61.022533416748,-3.02157855033875,3.56736946105957));
#13100=CARTESIAN_POINT('',(-61.022533416748,-3.02157855033875,3.56736946105957));
#13101=CARTESIAN_POINT('Origin',(-60.275447845459,-2.98909878730774,3.30588126182556));
#13102=CARTESIAN_POINT('',(-60.275447845459,-2.98909878730774,3.30588126182556));
#13103=CARTESIAN_POINT('',(-60.4972190856934,-3.0379478931427,3.17784357070923));
#13104=CARTESIAN_POINT('',(-60.3849983215332,-3.02157855033875,3.24263072013855));
#13105=CARTESIAN_POINT('Origin',(-60.4972190856934,-3.0379478931427,3.17784357070923));
#13106=CARTESIAN_POINT('',(-60.7225341796875,-3.02157855033875,3.04775404930115));
#13107=CARTESIAN_POINT('Origin',(-61.022533416748,-3.02157855033875,3.56736946105957));
#13108=CARTESIAN_POINT('',(-60.5754470825195,-2.98909878730774,3.82549667358398));
#13109=CARTESIAN_POINT('',(-61.5824241638184,-2.61129665374756,3.2441189289093));
#13110=CARTESIAN_POINT('',(-61.5824241638184,-2.61129665374756,3.2441189289093));
#13111=CARTESIAN_POINT('',(-61.022533416748,-3.02157855033875,3.56736946105957));
#13112=CARTESIAN_POINT('Origin',(-60.6849975585938,-3.02157855033875,3.76224589347839));
#13113=CARTESIAN_POINT('',(-60.6849975585938,-3.02157855033875,3.76224589347839));
#13114=CARTESIAN_POINT('Origin',(-60.7225341796875,-3.02157855033875,3.04775404930115));
#13115=CARTESIAN_POINT('',(-61.022533416748,-3.02157855033875,3.56736946105957));
#13116=CARTESIAN_POINT('',(-61.022533416748,-3.02157855033875,3.56736946105957));
#13117=CARTESIAN_POINT('Origin',(-60.9103202819824,-3.0379478931427,3.63215637207031));
#13118=CARTESIAN_POINT('Origin',(-60.937255859375,-2.94102025032043,2.92378711700439));
#13119=CARTESIAN_POINT('',(-61.2372550964355,-2.94102025032043,3.44340252876282));
#13120=CARTESIAN_POINT('',(-60.937255859375,-2.94102025032043,2.92378711700439));
#13121=CARTESIAN_POINT('',(-61.2372550964355,-2.94102025032043,3.44340252876282));
#13122=CARTESIAN_POINT('',(-60.937255859375,-2.94102025032043,2.92378711700439));
#13123=CARTESIAN_POINT('Origin',(-61.1320915222168,-2.98909878730774,3.50411868095398));
#13124=CARTESIAN_POINT('',(-61.1320915222168,-2.98909878730774,3.50411868095398));
#13125=CARTESIAN_POINT('',(-61.1320915222168,-2.98909878730774,3.50411868095398));
#13126=CARTESIAN_POINT('',(-61.2372550964355,-2.94102025032043,3.44340252876282));
#13127=CARTESIAN_POINT('Origin',(-61.510326385498,-2.71192908287048,3.28574371337891));
#13128=CARTESIAN_POINT('',(-61.5824241638184,-2.61129665374756,3.2441189289093));
#13129=CARTESIAN_POINT('Origin',(-61.2824211120605,-2.61129665374756,2.72450351715088));
#13130=CARTESIAN_POINT('',(-61.2824211120605,-2.61129665374756,2.72450351715088));
#13131=CARTESIAN_POINT('',(-61.5824241638184,-2.61129665374756,3.2441189289093));
#13132=CARTESIAN_POINT('',(-61.2824211120605,-2.61129665374756,2.72450351715088));
#13133=CARTESIAN_POINT('Origin',(-61.4473342895508,-1.83636915683746,2.62929272651672));
#13134=CARTESIAN_POINT('',(-61.4473342895508,-2.13034653663635,2.62929272651672));
#13135=CARTESIAN_POINT('',(-61.4473342895508,-2.13034653663635,2.62929272651672));
#13136=CARTESIAN_POINT('',(-61.4473342895508,-2.13034653663635,2.62929272651672));
#13137=CARTESIAN_POINT('Origin',(-61.4261436462402,-2.25863742828369,2.64152908325195));
#13138=CARTESIAN_POINT('',(-61.4473342895508,-2.13034653663635,2.62929272651672));
#13139=CARTESIAN_POINT('Origin',(-61.4261436462402,2.25863742828369,2.64152908325195));
#13140=CARTESIAN_POINT('',(-61.4473342895508,2.13034653663635,2.62929272651672));
#13141=CARTESIAN_POINT('',(-61.4473342895508,2.13034653663635,2.62929272651672));
#13142=CARTESIAN_POINT('',(-61.4473342895508,2.13034653663635,2.62929272651672));
#13143=CARTESIAN_POINT('Origin',(-61.4473342895508,1.83636915683746,2.62929272651672));
#13144=CARTESIAN_POINT('',(-61.4473342895508,1.83636915683746,2.62929272651672));
#13145=CARTESIAN_POINT('Origin',(-61.7261428833008,-2.25863742828369,3.1611442565918));
#13146=CARTESIAN_POINT('',(-61.7473335266113,-2.13034653663635,3.14890789985657));
#13147=CARTESIAN_POINT('',(-61.7473335266113,-2.13034653663635,3.14890789985657));
#13148=CARTESIAN_POINT('',(-61.7473335266113,-2.13034653663635,3.14890789985657));
#13149=CARTESIAN_POINT('Origin',(-61.4473342895508,-2.13034653663635,2.62929272651672));
#13150=CARTESIAN_POINT('',(-61.7473335266113,-2.13034653663635,3.14890789985657));
#13151=CARTESIAN_POINT('Origin',(-61.7473335266113,-2.13034653663635,3.14890789985657));
#13152=CARTESIAN_POINT('',(-61.7544364929199,-2.,3.14480757713318));
#13153=CARTESIAN_POINT('Origin',(-61.5824241638184,-2.61129665374756,3.2441189289093));
#13154=CARTESIAN_POINT('',(-61.6430320739746,-2.50102400779724,3.2091281414032));
#13155=CARTESIAN_POINT('',(-61.6430320739746,-2.50102400779724,3.2091281414032));
#13156=CARTESIAN_POINT('',(-61.6430320739746,-2.50102400779724,3.2091281414032));
#13157=CARTESIAN_POINT('Origin',(-61.3430290222168,-2.50102400779724,2.68951296806335));
#13158=CARTESIAN_POINT('',(-61.3430290222168,-2.50102400779724,2.68951296806335));
#13159=CARTESIAN_POINT('',(-61.6430320739746,-2.50102400779724,3.2091281414032));
#13160=CARTESIAN_POINT('',(-61.3430290222168,-2.50102400779724,2.68951296806335));
#13161=CARTESIAN_POINT('Origin',(-61.2103271484375,-2.71192908287048,2.76612854003906));
#13162=CARTESIAN_POINT('',(-61.391185760498,-2.38284945487976,2.66170859336853));
#13163=CARTESIAN_POINT('',(-61.391185760498,-2.38284945487976,2.66170859336853));
#13164=CARTESIAN_POINT('',(-61.3430290222168,-2.50102400779724,2.68951296806335));
#13165=CARTESIAN_POINT('Origin',(-61.1278762817383,2.80133366584778,2.81373190879822));
#13166=CARTESIAN_POINT('',(-61.0363731384277,2.87810111045837,2.8665623664856));
#13167=CARTESIAN_POINT('',(-61.4278755187988,2.80133366584778,3.33334732055664));
#13168=CARTESIAN_POINT('',(-61.1278762817383,2.80133366584778,2.81373190879822));
#13169=CARTESIAN_POINT('Origin',(-61.3363723754883,2.87810111045837,3.38617777824402));
#13170=CARTESIAN_POINT('',(-61.3363723754883,2.87810111045837,3.38617777824402));
#13171=CARTESIAN_POINT('',(-61.4278755187988,2.80133366584778,3.33334732055664));
#13172=CARTESIAN_POINT('',(-61.3363723754883,2.87810111045837,3.38617777824402));
#13173=CARTESIAN_POINT('Origin',(-61.022533416748,3.02157855033875,3.56736946105957));
#13174=CARTESIAN_POINT('',(-61.1320915222168,2.98909878730774,3.50411868095398));
#13175=CARTESIAN_POINT('',(-61.2372550964355,2.94102025032043,3.44340252876282));
#13176=CARTESIAN_POINT('',(-61.2372550964355,2.94102025032043,3.44340252876282));
#13177=CARTESIAN_POINT('',(-61.1320915222168,2.98909878730774,3.50411868095398));
#13178=CARTESIAN_POINT('Origin',(-60.937255859375,2.94102025032043,2.92378711700439));
#13179=CARTESIAN_POINT('',(-60.8320922851563,2.98909878730774,2.98450350761414));
#13180=CARTESIAN_POINT('',(-61.0363731384277,2.87810111045837,2.8665623664856));
#13181=CARTESIAN_POINT('',(-60.937255859375,2.94102025032043,2.92378711700439));
#13182=CARTESIAN_POINT('',(-61.0363731384277,2.87810111045837,2.8665623664856));
#13183=CARTESIAN_POINT('',(-60.937255859375,2.94102025032043,2.92378711700439));
#13184=CARTESIAN_POINT('Origin',(-60.5754470825195,2.98909878730774,3.82549667358398));
#13185=CARTESIAN_POINT('',(-61.5824241638184,2.61129665374756,3.2441189289093));
#13186=CARTESIAN_POINT('',(-60.5754470825195,2.98909878730774,3.82549667358398));
#13187=CARTESIAN_POINT('',(-61.5824241638184,2.61129665374756,3.2441189289093));
#13188=CARTESIAN_POINT('',(-61.022533416748,3.02157855033875,3.56736946105957));
#13189=CARTESIAN_POINT('Origin',(-60.6103210449219,3.0379478931427,3.11254119873047));
#13190=CARTESIAN_POINT('',(-60.7225341796875,3.02157855033875,3.04775404930115));
#13191=CARTESIAN_POINT('',(-60.6103210449219,3.0379478931427,3.11254119873047));
#13192=CARTESIAN_POINT('Origin',(-60.6849975585938,3.02157855033875,3.76224589347839));
#13193=CARTESIAN_POINT('',(-61.022533416748,3.02157855033875,3.56736946105957));
#13194=CARTESIAN_POINT('Origin',(-61.2824211120605,2.61129665374756,2.72450351715088));
#13195=CARTESIAN_POINT('',(-61.3430290222168,2.50102400779724,2.68951296806335));
#13196=CARTESIAN_POINT('',(-61.3430290222168,2.50102400779724,2.68951296806335));
#13197=CARTESIAN_POINT('',(-61.2824211120605,2.61129665374756,2.72450351715088));
#13198=CARTESIAN_POINT('',(-61.3430290222168,2.50102400779724,2.68951296806335));
#13199=CARTESIAN_POINT('',(-61.2824211120605,2.61129665374756,2.72450351715088));
#13200=CARTESIAN_POINT('Origin',(-61.1278762817383,2.80133366584778,2.81373190879822));
#13201=CARTESIAN_POINT('',(-61.4261436462402,2.25863742828369,2.64152908325195));
#13202=CARTESIAN_POINT('',(-61.4261436462402,2.25863742828369,2.64152908325195));
#13203=CARTESIAN_POINT('Origin',(-61.3430290222168,2.50102400779724,2.68951296806335));
#13204=CARTESIAN_POINT('',(-61.391185760498,2.38284945487976,2.66170859336853));
#13205=CARTESIAN_POINT('Origin',(-60.3849983215332,-3.02157855033875,3.24263072013855));
#13206=CARTESIAN_POINT('',(-60.6849975585938,-3.02157855033875,3.76224589347839));
#13207=CARTESIAN_POINT('Origin',(-60.5754470825195,-2.98909878730774,3.82549667358398));
#13208=CARTESIAN_POINT('',(-60.5754470825195,-2.98909878730774,3.82549667358398));
#13209=CARTESIAN_POINT('Origin',(-60.1702842712402,-2.94102025032043,3.36659789085388));
#13210=CARTESIAN_POINT('',(-60.4702835083008,-2.94102025032043,3.88621306419373));
#13211=CARTESIAN_POINT('',(-60.4702835083008,-2.94102025032043,3.88621306419373));
#13212=CARTESIAN_POINT('',(-60.1702842712402,-2.94102025032043,3.36659789085388));
#13213=CARTESIAN_POINT('',(-60.4702835083008,-2.94102025032043,3.88621306419373));
#13214=CARTESIAN_POINT('',(-60.1702842712402,-2.94102025032043,3.36659789085388));
#13215=CARTESIAN_POINT('Origin',(-57.3205032348633,-1.20176410675049,5.70474100112915));
#13216=CARTESIAN_POINT('',(-60.4702835083008,-2.94102025032043,3.88621306419373));
#13217=CARTESIAN_POINT('Origin',(-60.275447845459,-2.98909878730774,3.30588126182556));
#13218=CARTESIAN_POINT('',(-60.5754470825195,-2.98909878730774,3.82549667358398));
#13219=CARTESIAN_POINT('',(-60.275447845459,-2.98909878730774,3.30588126182556));
#13220=CARTESIAN_POINT('Origin',(-60.4702835083008,-2.94102025032043,3.88621306419373));
#13221=CARTESIAN_POINT('',(-60.5754470825195,-2.98909878730774,3.82549667358398));
#13222=CARTESIAN_POINT('Origin',(-57.4330406188965,-1.27769529819489,4.946946144104));
#13223=CARTESIAN_POINT('',(-57.7199211120605,-1.36120784282684,4.78131294250488));
#13224=CARTESIAN_POINT('',(-60.4972190856934,-3.0379478931427,3.17784357070923));
#13225=CARTESIAN_POINT('',(-57.4330406188965,-1.27769529819489,4.946946144104));
#13226=CARTESIAN_POINT('',(-57.7199211120605,-1.36120784282684,4.78131294250488));
#13227=CARTESIAN_POINT('',(-60.4972190856934,-3.0379478931427,3.17784357070923));
#13228=CARTESIAN_POINT('Origin',(-57.9482116699219,-1.42727184295654,4.64951086044312));
#13229=CARTESIAN_POINT('',(-57.9482116699219,-1.42727184295654,4.64951086044312));
#13230=CARTESIAN_POINT('Origin',(-61.1320915222168,-2.98909878730774,3.50411868095398));
#13231=CARTESIAN_POINT('',(-61.2372550964355,-2.94102025032043,3.44340252876282));
#13232=CARTESIAN_POINT('',(-61.1320915222168,-2.98909878730774,3.50411868095398));
#13233=CARTESIAN_POINT('Origin',(-60.4972190856934,-3.0379478931427,3.17784357070923));
#13234=CARTESIAN_POINT('',(-61.0363731384277,-2.87810111045837,2.8665623664856));
#13235=CARTESIAN_POINT('',(-61.0363731384277,-2.87810111045837,2.8665623664856));
#13236=CARTESIAN_POINT('',(-61.0363731384277,-2.87810111045837,2.8665623664856));
#13237=CARTESIAN_POINT('Origin',(-60.8320922851563,-2.98909878730774,2.98450350761414));
#13238=CARTESIAN_POINT('',(-61.0363731384277,-2.87810111045837,2.8665623664856));
#13239=CARTESIAN_POINT('Origin',(-61.0363731384277,-2.87810111045837,2.8665623664856));
#13240=CARTESIAN_POINT('',(-61.3363723754883,-2.87810111045837,3.38617777824402));
#13241=CARTESIAN_POINT('',(-61.3363723754883,-2.87810111045837,3.38617777824402));
#13242=CARTESIAN_POINT('Origin',(-61.2372550964355,-2.94102025032043,3.44340252876282));
#13243=CARTESIAN_POINT('Origin',(-61.1278762817383,-2.80133366584778,2.81373190879822));
#13244=CARTESIAN_POINT('',(-61.4278755187988,-2.80133366584778,3.33334732055664));
#13245=CARTESIAN_POINT('',(-61.1278762817383,-2.80133366584778,2.81373190879822));
#13246=CARTESIAN_POINT('Origin',(-61.3363723754883,-2.87810111045837,3.38617777824402));
#13247=CARTESIAN_POINT('Origin',(-61.2103271484375,-2.71192908287048,2.76612854003906));
#13248=CARTESIAN_POINT('Origin',(-61.2103271484375,-2.71192908287048,2.76612854003906));
#13249=CARTESIAN_POINT('Origin',(-61.6911888122559,-2.38284945487976,3.18132376670837));
#13250=CARTESIAN_POINT('',(-61.7544364929199,-2.,3.14480757713318));
#13251=CARTESIAN_POINT('',(-61.6911888122559,-2.38284945487976,3.18132376670837));
#13252=CARTESIAN_POINT('Origin',(-61.7473335266113,-2.13034653663635,3.14890789985657));
#13253=CARTESIAN_POINT('',(-61.7544364929199,-2.,3.14480757713318));
#13254=CARTESIAN_POINT('Origin',(-61.4544372558594,-2.,2.62519240379333));
#13255=CARTESIAN_POINT('',(-61.4544372558594,-2.,2.62519240379333));
#13256=CARTESIAN_POINT('',(-61.7544364929199,-2.,3.14480757713318));
#13257=CARTESIAN_POINT('',(-61.4544372558594,-2.,2.62519240379333));
#13258=CARTESIAN_POINT('Origin',(-61.2372550964355,2.94102025032043,3.44340252876282));
#13259=CARTESIAN_POINT('',(-61.3363723754883,2.87810111045837,3.38617777824402));
#13260=CARTESIAN_POINT('Origin',(-61.022533416748,3.02157855033875,3.56736946105957));
#13261=CARTESIAN_POINT('Origin',(-60.8320922851563,2.98909878730774,2.98450350761414));
#13262=CARTESIAN_POINT('',(-61.0363731384277,2.87810111045837,2.8665623664856));
#13263=CARTESIAN_POINT('',(-60.8320922851563,2.98909878730774,2.98450350761414));
#13264=CARTESIAN_POINT('Origin',(-60.7225341796875,3.02157855033875,3.04775404930115));
#13265=CARTESIAN_POINT('',(-60.8320922851563,2.98909878730774,2.98450350761414));
#13266=CARTESIAN_POINT('Origin',(-60.5754470825195,2.98909878730774,3.82549667358398));
#13267=CARTESIAN_POINT('',(-60.6849975585938,3.02157855033875,3.76224589347839));
#13268=CARTESIAN_POINT('Origin',(-60.275447845459,2.98909878730774,3.30588126182556));
#13269=CARTESIAN_POINT('',(-60.1702842712402,2.94102025032043,3.36659789085388));
#13270=CARTESIAN_POINT('',(-60.4972190856934,3.0379478931427,3.17784357070923));
#13271=CARTESIAN_POINT('',(-60.275447845459,2.98909878730774,3.30588126182556));
#13272=CARTESIAN_POINT('',(-60.4972190856934,3.0379478931427,3.17784357070923));
#13273=CARTESIAN_POINT('',(-60.275447845459,2.98909878730774,3.30588126182556));
#13274=CARTESIAN_POINT('Origin',(-60.937255859375,2.94102025032043,2.92378711700439));
#13275=CARTESIAN_POINT('',(-61.2372550964355,2.94102025032043,3.44340252876282));
#13276=CARTESIAN_POINT('',(-61.2372550964355,2.94102025032043,3.44340252876282));
#13277=CARTESIAN_POINT('Origin',(-61.1320915222168,2.98909878730774,3.50411868095398));
#13278=CARTESIAN_POINT('',(-61.1320915222168,2.98909878730774,3.50411868095398));
#13279=CARTESIAN_POINT('Origin',(-61.510326385498,2.71192908287048,3.28574371337891));
#13280=CARTESIAN_POINT('',(-61.5824241638184,2.61129665374756,3.2441189289093));
#13281=CARTESIAN_POINT('Origin',(-61.2824211120605,2.61129665374756,2.72450351715088));
#13282=CARTESIAN_POINT('',(-61.5824241638184,2.61129665374756,3.2441189289093));
#13283=CARTESIAN_POINT('Origin',(-61.5824241638184,2.61129665374756,3.2441189289093));
#13284=CARTESIAN_POINT('',(-61.6430320739746,2.50102400779724,3.2091281414032));
#13285=CARTESIAN_POINT('',(-61.6430320739746,2.50102400779724,3.2091281414032));
#13286=CARTESIAN_POINT('',(-61.6430320739746,2.50102400779724,3.2091281414032));
#13287=CARTESIAN_POINT('Origin',(-61.3430290222168,2.50102400779724,2.68951296806335));
#13288=CARTESIAN_POINT('',(-61.6430320739746,2.50102400779724,3.2091281414032));
#13289=CARTESIAN_POINT('Origin',(-61.4544372558594,-1.83636915683746,2.62519240379333));
#13290=CARTESIAN_POINT('',(-61.4544372558594,-2.,2.62519240379333));
#13291=CARTESIAN_POINT('',(-61.4544372558594,-2.,2.62519240379333));
#13292=CARTESIAN_POINT('Origin',(-61.4473342895508,-2.13034653663635,2.62929272651672));
#13293=CARTESIAN_POINT('Origin',(-61.4473342895508,2.13034653663635,2.62929272651672));
#13294=CARTESIAN_POINT('',(-61.4544372558594,2.,2.62519240379333));
#13295=CARTESIAN_POINT('',(-61.4544372558594,2.,2.62519240379333));
#13296=CARTESIAN_POINT('',(-61.4544372558594,2.,2.62519240379333));
#13297=CARTESIAN_POINT('Origin',(-61.4544372558594,1.83636915683746,2.62519240379333));
#13298=CARTESIAN_POINT('',(-61.4544372558594,1.83636915683746,2.62519240379333));
#13299=CARTESIAN_POINT('Origin',(-57.9482116699219,1.42727184295654,4.64951086044312));
#13300=CARTESIAN_POINT('',(-57.7199211120605,1.36120784282684,4.78131294250488));
#13301=CARTESIAN_POINT('',(-60.4972190856934,3.0379478931427,3.17784357070923));
#13302=CARTESIAN_POINT('',(-57.9482116699219,1.42727184295654,4.64951086044312));
#13303=CARTESIAN_POINT('',(-57.9482116699219,1.42727184295654,4.64951086044312));
#13304=CARTESIAN_POINT('',(-60.4972190856934,3.0379478931427,3.17784357070923));
#13305=CARTESIAN_POINT('Origin',(-57.4330406188965,1.27769529819489,4.946946144104));
#13306=CARTESIAN_POINT('',(-57.4330406188965,1.27769529819489,4.946946144104));
#13307=CARTESIAN_POINT('',(-60.4972190856934,3.0379478931427,3.17784357070923));
#13308=CARTESIAN_POINT('',(-57.7199211120605,1.36120784282684,4.78131294250488));
#13309=CARTESIAN_POINT('Origin',(-60.1702842712402,-2.94102025032043,3.36659789085388));
#13310=CARTESIAN_POINT('',(-60.4972190856934,-3.0379478931427,3.17784357070923));
#13311=CARTESIAN_POINT('Origin',(-60.5754470825195,-2.98909878730774,3.82549667358398));
#13312=CARTESIAN_POINT('',(-60.4702835083008,-2.94102025032043,3.88621306419373));
#13313=CARTESIAN_POINT('',(-60.5754470825195,-2.98909878730774,3.82549667358398));
#13314=CARTESIAN_POINT('Origin',(-57.3205032348633,-1.20176410675049,5.70474100112915));
#13315=CARTESIAN_POINT('Origin',(-60.4972190856934,-3.0379478931427,3.17784357070923));
#13316=CARTESIAN_POINT('',(-57.4330406188965,-1.27769529819489,4.946946144104));
#13317=CARTESIAN_POINT('',(-60.4972190856934,-3.0379478931427,3.17784357070923));
#13318=CARTESIAN_POINT('Origin',(-57.3205032348633,-1.24493491649628,5.01192045211792));
#13319=CARTESIAN_POINT('',(-57.4330406188965,-1.27769529819489,4.946946144104));
#13320=CARTESIAN_POINT('Origin',(-60.8320922851563,-2.98909878730774,2.98450350761414));
#13321=CARTESIAN_POINT('',(-61.1320915222168,-2.98909878730774,3.50411868095398));
#13322=CARTESIAN_POINT('Origin',(-61.022533416748,-3.02157855033875,3.56736946105957));
#13323=CARTESIAN_POINT('Origin',(-61.6430320739746,-2.50102400779724,3.2091281414032));
#13324=CARTESIAN_POINT('',(-61.6911888122559,-2.38284945487976,3.18132376670837));
#13325=CARTESIAN_POINT('Origin',(-61.391185760498,-2.38284945487976,2.66170859336853));
#13326=CARTESIAN_POINT('Origin',(-61.6911888122559,2.38284945487976,3.18132376670837));
#13327=CARTESIAN_POINT('',(-61.7261428833008,2.25863742828369,3.1611442565918));
#13328=CARTESIAN_POINT('',(-61.6911888122559,2.38284945487976,3.18132376670837));
#13329=CARTESIAN_POINT('Origin',(-61.4261436462402,2.25863742828369,2.64152908325195));
#13330=CARTESIAN_POINT('',(-61.7261428833008,2.25863742828369,3.1611442565918));
#13331=CARTESIAN_POINT('Origin',(-61.5824241638184,2.61129665374756,3.2441189289093));
#13332=CARTESIAN_POINT('',(-61.7544364929199,2.,3.14480757713318));
#13333=CARTESIAN_POINT('',(-61.7544364929199,2.,3.14480757713318));
#13334=CARTESIAN_POINT('Origin',(-61.5824241638184,-2.61129665374756,3.2441189289093));
#13335=CARTESIAN_POINT('',(-61.7544364929199,-2.,3.14480757713318));
#13336=CARTESIAN_POINT('',(-61.7544364929199,-2.,3.14480757713318));
#13337=CARTESIAN_POINT('',(-61.5824241638184,-2.61129665374756,3.2441189289093));
#13338=CARTESIAN_POINT('Origin',(-61.7544364929199,-1.83636915683746,3.14480757713318));
#13339=CARTESIAN_POINT('',(-61.7544364929199,-2.,3.14480757713318));
#13340=CARTESIAN_POINT('',(-61.7544364929199,-2.,3.14480757713318));
#13341=CARTESIAN_POINT('Origin',(-61.6543769836426,-1.83636915683746,3.20257496833801));
#13342=CARTESIAN_POINT('Origin',(-61.7544364929199,1.83636915683746,3.14480757713318));
#13343=CARTESIAN_POINT('',(-61.7544364929199,2.,3.14480757713318));
#13344=CARTESIAN_POINT('',(-61.7544364929199,1.83636915683746,3.14480757713318));
#13345=CARTESIAN_POINT('Origin',(-61.6543769836426,1.83636915683746,3.20257496833801));
#13346=CARTESIAN_POINT('',(-61.7544364929199,2.,3.14480757713318));
#13347=CARTESIAN_POINT('Origin',(-61.5824241638184,2.61129665374756,3.2441189289093));
#13348=CARTESIAN_POINT('',(-61.5824241638184,1.82587277889252,3.2441189289093));
#13349=CARTESIAN_POINT('Origin',(-60.8320922851563,2.98909878730774,2.98450350761414));
#13350=CARTESIAN_POINT('',(-61.1320915222168,2.98909878730774,3.50411868095398));
#13351=CARTESIAN_POINT('Origin',(-61.022533416748,3.02157855033875,3.56736946105957));
#13352=CARTESIAN_POINT('Origin',(-61.2103271484375,2.71192908287048,2.76612854003906));
#13353=CARTESIAN_POINT('Origin',(-60.3849983215332,3.02157855033875,3.24263072013855));
#13354=CARTESIAN_POINT('',(-60.3849983215332,3.02157855033875,3.24263072013855));
#13355=CARTESIAN_POINT('Origin',(-60.6103210449219,3.0379478931427,3.11254119873047));
#13356=CARTESIAN_POINT('',(-60.9103202819824,3.0379478931427,3.63215637207031));
#13357=CARTESIAN_POINT('Origin',(-60.7972183227539,3.0379478931427,3.69745874404907));
#13358=CARTESIAN_POINT('Origin',(-60.1702842712402,2.94102025032043,3.36659789085388));
#13359=CARTESIAN_POINT('',(-60.4702835083008,2.94102025032043,3.88621306419373));
#13360=CARTESIAN_POINT('',(-60.4702835083008,2.94102025032043,3.88621306419373));
#13361=CARTESIAN_POINT('',(-60.1702842712402,2.94102025032043,3.36659789085388));
#13362=CARTESIAN_POINT('',(-60.4702835083008,2.94102025032043,3.88621306419373));
#13363=CARTESIAN_POINT('Origin',(-57.3205032348633,1.20176410675049,5.70474100112915));
#13364=CARTESIAN_POINT('',(-60.4702835083008,2.94102025032043,3.88621306419373));
#13365=CARTESIAN_POINT('Origin',(-61.4261436462402,2.25863742828369,2.64152908325195));
#13366=CARTESIAN_POINT('',(-60.4972190856934,3.0379478931427,3.17784357070923));
#13367=CARTESIAN_POINT('',(-61.4261436462402,2.25863742828369,2.64152908325195));
#13368=CARTESIAN_POINT('Origin',(-57.9835586547852,1.4375,4.62910509109497));
#13369=CARTESIAN_POINT('',(-57.9835586547852,1.4375,4.62910509109497));
#13370=CARTESIAN_POINT('',(-60.4972190856934,3.0379478931427,3.17784357070923));
#13371=CARTESIAN_POINT('',(-59.2997093200684,1.4375,3.86922645568848));
#13372=CARTESIAN_POINT('Origin',(-57.9482116699219,1.42727184295654,4.64951086044312));
#13373=CARTESIAN_POINT('',(-57.9835586547852,1.4375,4.62910509109497));
#13374=CARTESIAN_POINT('Origin',(-61.6430320739746,2.50102400779724,3.2091281414032));
#13375=CARTESIAN_POINT('',(-61.6911888122559,2.38284945487976,3.18132376670837));
#13376=CARTESIAN_POINT('Origin',(-60.4972190856934,-3.0379478931427,3.17784357070923));
#13377=CARTESIAN_POINT('',(-60.1702842712402,-2.94102025032043,3.36659789085388));
#13378=CARTESIAN_POINT('Origin',(-57.3205032348633,-1.36741888523102,5.01192045211792));
#13379=CARTESIAN_POINT('Origin',(-61.2372550964355,-2.94102025032043,3.44340252876282));
#13380=CARTESIAN_POINT('Origin',(-61.0363731384277,-2.87810111045837,2.8665623664856));
#13381=CARTESIAN_POINT('',(-61.4261436462402,-2.25863742828369,2.64152908325195));
#13382=CARTESIAN_POINT('Origin',(-60.4972190856934,-3.0379478931427,3.17784357070923));
#13383=CARTESIAN_POINT('Origin',(-61.0363731384277,2.87810111045837,2.8665623664856));
#13384=CARTESIAN_POINT('',(-61.3363723754883,2.87810111045837,3.38617777824402));
#13385=CARTESIAN_POINT('Origin',(-61.2372550964355,2.94102025032043,3.44340252876282));
#13386=CARTESIAN_POINT('Origin',(-60.3849983215332,3.02157855033875,3.24263072013855));
#13387=CARTESIAN_POINT('',(-60.6849975585938,3.02157855033875,3.76224589347839));
#13388=CARTESIAN_POINT('Origin',(-60.5754470825195,2.98909878730774,3.82549667358398));
#13389=CARTESIAN_POINT('',(-60.5754470825195,2.98909878730774,3.82549667358398));
#13390=CARTESIAN_POINT('Origin',(-60.5754470825195,2.98909878730774,3.82549667358398));
#13391=CARTESIAN_POINT('',(-60.4702835083008,2.94102025032043,3.88621306419373));
#13392=CARTESIAN_POINT('',(-60.5754470825195,2.98909878730774,3.82549667358398));
#13393=CARTESIAN_POINT('',(-60.5754470825195,2.98909878730774,3.82549667358398));
#13394=CARTESIAN_POINT('Origin',(-57.3205032348633,1.20176410675049,5.70474100112915));
#13395=CARTESIAN_POINT('Origin',(-61.7261428833008,2.25863742828369,3.1611442565918));
#13396=CARTESIAN_POINT('',(-61.7473335266113,2.13034653663635,3.14890789985657));
#13397=CARTESIAN_POINT('Origin',(-61.4473342895508,2.13034653663635,2.62929272651672));
#13398=CARTESIAN_POINT('',(-61.7473335266113,2.13034653663635,3.14890789985657));
#13399=CARTESIAN_POINT('Origin',(-61.7544364929199,-2.,3.14480757713318));
#13400=CARTESIAN_POINT('',(-61.7544364929199,-1.83636915683746,3.14480757713318));
#13401=CARTESIAN_POINT('Origin',(-61.4544372558594,-1.83636915683746,2.62519240379333));
#13402=CARTESIAN_POINT('Origin',(-61.7544364929199,1.83636915683746,3.14480757713318));
#13403=CARTESIAN_POINT('',(-61.7544364929199,2.,3.14480757713318));
#13404=CARTESIAN_POINT('Origin',(-61.4544372558594,2.,2.62519240379333));
#13405=CARTESIAN_POINT('',(-61.7544364929199,2.,3.14480757713318));
#13406=CARTESIAN_POINT('Origin',(-61.5824241638184,-2.61129665374756,3.2441189289093));
#13407=CARTESIAN_POINT('',(-60.5754470825195,-2.98909878730774,3.82549667358398));
#13408=CARTESIAN_POINT('',(-61.5824241638184,-2.61129665374756,3.2441189289093));
#13409=CARTESIAN_POINT('Origin',(-57.3205032348633,-1.19995856285095,5.70474100112915));
#13410=CARTESIAN_POINT('Origin',(-60.4972190856934,3.0379478931427,3.17784357070923));
#13411=CARTESIAN_POINT('',(-57.4330406188965,1.27769529819489,4.946946144104));
#13412=CARTESIAN_POINT('',(-60.4972190856934,3.0379478931427,3.17784357070923));
#13413=CARTESIAN_POINT('Origin',(-57.3205032348633,1.24493491649628,5.01192045211792));
#13414=CARTESIAN_POINT('',(-57.4330406188965,1.27769529819489,4.946946144104));
#13415=CARTESIAN_POINT('Origin',(-61.7473335266113,2.13034653663635,3.14890789985657));
#13416=CARTESIAN_POINT('',(-61.7544364929199,2.,3.14480757713318));
#13417=CARTESIAN_POINT('Origin',(-61.4544372558594,2.,2.62519240379333));
#13418=CARTESIAN_POINT('Origin',(-61.6430320739746,-2.50102400779724,3.2091281414032));
#13419=CARTESIAN_POINT('Origin',(-61.6430320739746,2.50102400779724,3.2091281414032));
#13420=CARTESIAN_POINT('',(-61.6911888122559,2.38284945487976,3.18132376670837));
#13421=CARTESIAN_POINT('Origin',(-61.391185760498,2.38284945487976,2.66170859336853));
#13422=CARTESIAN_POINT('Origin',(-57.3205032348633,0.798310995101929,5.70474100112915));
#13423=CARTESIAN_POINT('',(-61.5824241638184,2.61129665374756,3.2441189289093));
#13424=CARTESIAN_POINT('',(-61.5824241638184,2.61129665374756,3.2441189289093));
#13425=CARTESIAN_POINT('Origin',(-61.5824241638184,2.61129665374756,3.2441189289093));
#13426=CARTESIAN_POINT('',(-60.5754470825195,2.98909878730774,3.82549667358398));
#13427=CARTESIAN_POINT('Origin',(-57.3205032348633,1.19995856285095,5.70474100112915));
#13428=CARTESIAN_POINT('Origin',(-61.4558486938477,-1.80740857124329,3.31719851493835));
#13429=CARTESIAN_POINT('',(-61.5824241638184,-2.61129665374756,3.2441189289093));
#13430=CARTESIAN_POINT('',(-61.5824241638184,-2.61129665374756,3.2441189289093));
#13431=CARTESIAN_POINT('Origin',(-57.3205032348633,-0.798310995101929,5.70474100112915));
#13432=CARTESIAN_POINT('',(-61.5824241638184,-2.61129665374756,3.2441189289093));
#13433=CARTESIAN_POINT('',(-61.5824241638184,-2.61129665374756,3.2441189289093));
#13434=CARTESIAN_POINT('',(-59.6081848144531,-1.20000004768372,4.38394689559937));
#13435=CARTESIAN_POINT('Origin',(-61.5824241638184,-1.82587277889252,3.2441189289093));
#13436=CARTESIAN_POINT('Origin',(-61.4558486938477,-1.80740857124329,3.31719851493835));
#13437=CARTESIAN_POINT('',(-61.5824241638184,-2.61129665374756,3.2441189289093));
#13438=CARTESIAN_POINT('Origin',(-61.262020111084,-1.74994397163391,3.42910313606262));
#13439=CARTESIAN_POINT('',(-61.5824241638184,-2.61129665374756,3.2441189289093));
#13440=CARTESIAN_POINT('Origin',(-61.1645622253418,-1.70538747310638,3.48537135124207));
#13441=CARTESIAN_POINT('',(-61.5824241638184,-2.61129665374756,3.2441189289093));
#13442=CARTESIAN_POINT('Origin',(-61.0759582519531,-1.66488170623779,3.53652453422546));
#13443=CARTESIAN_POINT('',(-61.5824241638184,-2.61129665374756,3.2441189289093));
#13444=CARTESIAN_POINT('Origin',(-60.9924583435059,-1.61187291145325,3.58473587036133));
#13445=CARTESIAN_POINT('',(-61.5824241638184,-2.61129665374756,3.2441189289093));
#13446=CARTESIAN_POINT('Origin',(-61.5824241638184,-2.61129665374756,3.2441189289093));
#13447=CARTESIAN_POINT('',(-60.9006042480469,-1.55356335639954,3.63776826858521));
#13448=CARTESIAN_POINT('Origin',(-60.815803527832,-1.48242008686066,3.68672823905945));
#13449=CARTESIAN_POINT('',(-60.815803527832,-1.48242008686066,3.68672823905945));
#13450=CARTESIAN_POINT('Origin',(-60.7387084960938,-1.41774439811707,3.73123788833618));
#13451=CARTESIAN_POINT('',(-60.7387084960938,-1.41774439811707,3.73123788833618));
#13452=CARTESIAN_POINT('Origin',(-60.5928344726563,-1.25956666469574,3.81545877456665));
#13453=CARTESIAN_POINT('',(-60.5928344726563,-1.25956666469574,3.81545877456665));
#13454=CARTESIAN_POINT('Origin',(-60.5501594543457,-1.20000004768372,3.84009790420532));
#13455=CARTESIAN_POINT('Origin',(-59.5462760925293,-1.14806473255157,4.41968870162964));
#13456=CARTESIAN_POINT('',(-59.5462760925293,-1.14806473255157,4.41968870162964));
#13457=CARTESIAN_POINT('Origin',(-59.428150177002,-1.01997518539429,4.48788928985596));
#13458=CARTESIAN_POINT('',(-59.428150177002,-1.01997518539429,4.48788928985596));
#13459=CARTESIAN_POINT('Origin',(-59.3248596191406,-0.875799953937531,4.54752540588379));
#13460=CARTESIAN_POINT('',(-59.3248596191406,-0.875799953937531,4.54752540588379));
#13461=CARTESIAN_POINT('Origin',(-59.2380256652832,-0.717812955379486,4.59765577316284));
#13462=CARTESIAN_POINT('',(-59.2380256652832,-0.717812955379486,4.59765577316284));
#13463=CARTESIAN_POINT('Origin',(-59.1690330505371,-0.548505485057831,4.63749122619629));
#13464=CARTESIAN_POINT('',(-59.1690330505371,-0.548505485057831,4.63749122619629));
#13465=CARTESIAN_POINT('Origin',(-59.1189575195313,-0.370547860860825,4.6664023399353));
#13466=CARTESIAN_POINT('',(-59.1189575195313,-0.370547860860825,4.6664023399353));
#13467=CARTESIAN_POINT('Origin',(-59.0885925292969,-0.186746507883072,4.68393278121948));
#13468=CARTESIAN_POINT('',(-59.0885925292969,-0.186746507883072,4.68393278121948));
#13469=CARTESIAN_POINT('Origin',(-59.0784187316895,0.,4.68980741500854));
#13470=CARTESIAN_POINT('',(-59.0784187316895,0.,4.68980741500854));
#13471=CARTESIAN_POINT('Origin',(-61.5824241638184,1.82587277889252,3.2441189289093));
#13472=CARTESIAN_POINT('',(-61.5824241638184,2.61129665374756,3.2441189289093));
#13473=CARTESIAN_POINT('Origin',(-61.4558486938477,1.80740857124329,3.31719851493835));
#13474=CARTESIAN_POINT('',(-61.5824241638184,2.61129665374756,3.2441189289093));
#13475=CARTESIAN_POINT('Origin',(-61.4558486938477,1.80740857124329,3.31719851493835));
#13476=CARTESIAN_POINT('',(-61.5824241638184,2.61129665374756,3.2441189289093));
#13477=CARTESIAN_POINT('Origin',(-61.262020111084,1.74994397163391,3.42910313606262));
#13478=CARTESIAN_POINT('',(-61.5824241638184,2.61129665374756,3.2441189289093));
#13479=CARTESIAN_POINT('Origin',(-61.1645622253418,1.70538747310638,3.48537135124207));
#13480=CARTESIAN_POINT('',(-61.5824241638184,2.61129665374756,3.2441189289093));
#13481=CARTESIAN_POINT('Origin',(-61.0759582519531,1.66488170623779,3.53652453422546));
#13482=CARTESIAN_POINT('',(-61.5824241638184,2.61129665374756,3.2441189289093));
#13483=CARTESIAN_POINT('Origin',(-60.9924583435059,1.61187291145325,3.58473587036133));
#13484=CARTESIAN_POINT('',(-61.5824241638184,2.61129665374756,3.2441189289093));
#13485=CARTESIAN_POINT('Origin',(-60.815803527832,1.48242008686066,3.68672823905945));
#13486=CARTESIAN_POINT('',(-60.9006042480469,1.55356335639954,3.63776826858521));
#13487=CARTESIAN_POINT('',(-60.815803527832,1.48242008686066,3.68672823905945));
#13488=CARTESIAN_POINT('Origin',(-60.7387084960938,1.41774439811707,3.73123788833618));
#13489=CARTESIAN_POINT('',(-60.7387084960938,1.41774439811707,3.73123788833618));
#13490=CARTESIAN_POINT('Origin',(-61.5824241638184,2.61129665374756,3.2441189289093));
#13491=CARTESIAN_POINT('',(-61.5824241638184,2.61129665374756,3.2441189289093));
#13492=CARTESIAN_POINT('Origin',(-57.3205032348633,0.798310995101929,5.70474100112915));
#13493=CARTESIAN_POINT('',(-59.6081848144531,1.20000004768372,4.38394689559937));
#13494=CARTESIAN_POINT('Origin',(-60.5928344726563,1.25956666469574,3.81545877456665));
#13495=CARTESIAN_POINT('',(-60.5928344726563,1.25956666469574,3.81545877456665));
#13496=CARTESIAN_POINT('Origin',(-60.5501594543457,1.20000004768372,3.84009790420532));
#13497=CARTESIAN_POINT('Origin',(-59.5462760925293,1.14806473255157,4.41968870162964));
#13498=CARTESIAN_POINT('',(-59.5462760925293,1.14806473255157,4.41968870162964));
#13499=CARTESIAN_POINT('Origin',(-59.428150177002,1.01997518539429,4.48788928985596));
#13500=CARTESIAN_POINT('',(-59.428150177002,1.01997518539429,4.48788928985596));
#13501=CARTESIAN_POINT('Origin',(-59.3248596191406,0.875799953937531,4.54752540588379));
#13502=CARTESIAN_POINT('',(-59.3248596191406,0.875799953937531,4.54752540588379));
#13503=CARTESIAN_POINT('Origin',(-59.2380256652832,0.717812955379486,4.59765577316284));
#13504=CARTESIAN_POINT('',(-59.2380256652832,0.717812955379486,4.59765577316284));
#13505=CARTESIAN_POINT('Origin',(-59.1690330505371,0.548505485057831,4.63749122619629));
#13506=CARTESIAN_POINT('',(-59.1690330505371,0.548505485057831,4.63749122619629));
#13507=CARTESIAN_POINT('Origin',(-59.1189575195313,0.370547860860825,4.6664023399353));
#13508=CARTESIAN_POINT('',(-59.1189575195313,0.370547860860825,4.6664023399353));
#13509=CARTESIAN_POINT('Origin',(-59.0885925292969,0.186746507883072,4.68393278121948));
#13510=CARTESIAN_POINT('',(-59.0885925292969,0.186746507883072,4.68393278121948));
#13511=CARTESIAN_POINT('Origin',(-59.0784187316895,0.,4.68980741500854));
#13512=CARTESIAN_POINT('',(-59.0784187316895,0.,4.68980741500854));
#13513=CARTESIAN_POINT('Origin',(-57.3205032348633,-0.798310995101929,5.70474100112915));
#13514=CARTESIAN_POINT('Origin',(-57.3205032348633,-1.06568372249603,5.70474100112915));
#13515=CARTESIAN_POINT('Origin',(-60.4972190856934,3.0379478931427,3.17784357070923));
#13516=CARTESIAN_POINT('',(-60.1702842712402,2.94102025032043,3.36659789085388));
#13517=CARTESIAN_POINT('Origin',(-57.3205032348633,1.36741888523102,5.01192045211792));
#13518=CARTESIAN_POINT('Origin',(-61.0363731384277,2.87810111045837,2.8665623664856));
#13519=CARTESIAN_POINT('Origin',(-60.275447845459,2.98909878730774,3.30588126182556));
#13520=CARTESIAN_POINT('',(-60.5754470825195,2.98909878730774,3.82549667358398));
#13521=CARTESIAN_POINT('Origin',(-60.4702835083008,2.94102025032043,3.88621306419373));
#13522=CARTESIAN_POINT('Origin',(-57.9835586547852,1.4375,4.62910509109497));
#13523=CARTESIAN_POINT('',(-57.9482116699219,1.42727184295654,4.64951086044312));
#13524=CARTESIAN_POINT('',(-57.9835586547852,1.4375,4.62910509109497));
#13525=CARTESIAN_POINT('Origin',(-57.9482116699219,1.42727184295654,4.64951086044312));
#13526=CARTESIAN_POINT('',(-57.7199211120605,1.36120784282684,4.78131294250488));
#13527=CARTESIAN_POINT('Origin',(-57.3205032348633,1.32697141170502,4.84921503067017));
#13528=CARTESIAN_POINT('',(-57.7199211120605,1.36120784282684,4.78131294250488));
#13529=CARTESIAN_POINT('Origin',(-59.5099983215332,1.4375,2.875));
#13530=CARTESIAN_POINT('',(-59.5099983215332,0.317933976650238,2.875));
#13531=CARTESIAN_POINT('',(-59.5099983215332,1.4375,2.875));
#13532=CARTESIAN_POINT('',(-59.5099983215332,0.317933976650238,2.875));
#13533=CARTESIAN_POINT('',(-59.5099983215332,1.4375,2.875));
#13534=CARTESIAN_POINT('Origin',(-59.4907646179199,0.230613142251968,2.875));
#13535=CARTESIAN_POINT('',(-59.4907646179199,0.230613142251968,2.875));
#13536=CARTESIAN_POINT('Origin',(-59.4740104675293,0.,2.875));
#13537=CARTESIAN_POINT('',(-59.4740104675293,0.,2.875));
#13538=CARTESIAN_POINT('Origin',(-59.4907646179199,-0.230613142251968,2.875));
#13539=CARTESIAN_POINT('',(-59.5099983215332,-0.317933976650238,2.875));
#13540=CARTESIAN_POINT('',(-59.4907646179199,-0.230613142251968,2.875));
#13541=CARTESIAN_POINT('Origin',(-59.5099983215332,-1.4375,2.875));
#13542=CARTESIAN_POINT('',(-59.5099983215332,-1.4375,2.875));
#13543=CARTESIAN_POINT('',(-59.5099983215332,-1.4375,2.875));
#13544=CARTESIAN_POINT('',(-59.5099983215332,-1.4375,2.875));
#13545=CARTESIAN_POINT('Origin',(-59.4740104675293,0.,2.875));
#13546=CARTESIAN_POINT('',(-59.4740104675293,0.,2.875));
#13547=CARTESIAN_POINT('Origin',(-57.3205032348633,1.4375,2.875));
#13548=CARTESIAN_POINT('Origin',(-57.3205032348633,-1.4375,4.62815809249878));
#13549=CARTESIAN_POINT('',(-57.9835586547852,-1.4375,4.62910509109497));
#13550=CARTESIAN_POINT('',(-57.9835586547852,-1.4375,4.62910509109497));
#13551=CARTESIAN_POINT('Origin',(-59.5099983215332,-1.4375,2.875));
#13552=CARTESIAN_POINT('',(-59.2997093200684,-1.4375,3.86922645568848));
#13553=CARTESIAN_POINT('',(-59.5099983215332,-1.4375,2.875));
#13554=CARTESIAN_POINT('Origin',(-60.3212242126465,-1.4375,3.27945256233215));
#13555=CARTESIAN_POINT('',(-60.3212242126465,-1.4375,3.27945256233215));
#13556=CARTESIAN_POINT('Origin',(-59.2997093200684,-1.4375,3.86922645568848));
#13557=CARTESIAN_POINT('Origin',(-60.3212242126465,-1.29035079479218,3.27945256233215));
#13558=CARTESIAN_POINT('',(-60.3212242126465,-1.4375,3.27945256233215));
#13559=CARTESIAN_POINT('Origin',(-60.26806640625,-1.25956666469574,3.25295186042786));
#13560=CARTESIAN_POINT('',(-60.3212242126465,-1.4375,3.27945256233215));
#13561=CARTESIAN_POINT('Origin',(-59.5099983215332,-1.4375,2.875));
#13562=CARTESIAN_POINT('',(-60.1397705078125,-1.16391754150391,3.18898487091064));
#13563=CARTESIAN_POINT('Origin',(-60.0292472839355,-1.08152484893799,3.13388347625732));
#13564=CARTESIAN_POINT('',(-60.0292472839355,-1.08152484893799,3.13388347625732));
#13565=CARTESIAN_POINT('Origin',(-59.828498840332,-0.886426746845245,3.03379321098328));
#13566=CARTESIAN_POINT('',(-59.828498840332,-0.886426746845245,3.03379321098328));
#13567=CARTESIAN_POINT('Origin',(-59.6689758300781,-0.677349090576172,2.95425963401794));
#13568=CARTESIAN_POINT('',(-59.6689758300781,-0.677349090576172,2.95425963401794));
#13569=CARTESIAN_POINT('Origin',(-59.5531997680664,-0.457589358091354,2.89653635025024));
#13570=CARTESIAN_POINT('',(-59.5531997680664,-0.457589358091354,2.89653635025024));
#13571=CARTESIAN_POINT('Origin',(-59.5099983215332,-0.317933976650238,2.875));
#13572=CARTESIAN_POINT('Origin',(-59.5099983215332,1.4375,2.875));
#13573=CARTESIAN_POINT('',(-60.3212242126465,1.4375,3.27945256233215));
#13574=CARTESIAN_POINT('',(-60.3212242126465,1.4375,3.27945256233215));
#13575=CARTESIAN_POINT('',(-60.1397705078125,1.16391754150391,3.18898487091064));
#13576=CARTESIAN_POINT('Origin',(-60.3212242126465,1.29035079479218,3.27945256233215));
#13577=CARTESIAN_POINT('',(-60.3212242126465,1.4375,3.27945256233215));
#13578=CARTESIAN_POINT('Origin',(-60.26806640625,1.25956666469574,3.25295186042786));
#13579=CARTESIAN_POINT('Origin',(-60.0292472839355,1.08152484893799,3.13388347625732));
#13580=CARTESIAN_POINT('',(-60.0292472839355,1.08152484893799,3.13388347625732));
#13581=CARTESIAN_POINT('Origin',(-59.828498840332,0.886426746845245,3.03379321098328));
#13582=CARTESIAN_POINT('',(-59.828498840332,0.886426746845245,3.03379321098328));
#13583=CARTESIAN_POINT('Origin',(-59.6689758300781,0.677349090576172,2.95425963401794));
#13584=CARTESIAN_POINT('',(-59.6689758300781,0.677349090576172,2.95425963401794));
#13585=CARTESIAN_POINT('Origin',(-59.5531997680664,0.457589358091354,2.89653635025024));
#13586=CARTESIAN_POINT('',(-59.5531997680664,0.457589358091354,2.89653635025024));
#13587=CARTESIAN_POINT('Origin',(-59.5099983215332,0.317933976650238,2.875));
#13588=CARTESIAN_POINT('Origin',(-57.3205032348633,-1.32697141170502,4.84921503067017));
#13589=CARTESIAN_POINT('',(-57.7199211120605,-1.36120784282684,4.78131294250488));
#13590=CARTESIAN_POINT('',(-57.7199211120605,-1.36120784282684,4.78131294250488));
#13591=CARTESIAN_POINT('Origin',(-57.9835586547852,-1.4375,4.62910509109497));
#13592=CARTESIAN_POINT('',(-57.9482116699219,-1.42727184295654,4.64951086044312));
#13593=CARTESIAN_POINT('Origin',(-57.9482116699219,-1.42727184295654,4.64951086044312));
#13594=CARTESIAN_POINT('Origin',(-57.7199211120605,-1.36120784282684,4.78131294250488));
#13595=CARTESIAN_POINT('',(-57.4330406188965,-1.27769529819489,4.946946144104));
#13596=CARTESIAN_POINT('Origin',(-57.3205032348633,-1.24493491649628,5.01192045211792));
#13597=CARTESIAN_POINT('Origin',(-57.7199211120605,1.36120784282684,4.78131294250488));
#13598=CARTESIAN_POINT('',(-57.4330406188965,1.27769529819489,4.946946144104));
#13599=CARTESIAN_POINT('Origin',(-57.3205032348633,1.24493491649628,5.01192045211792));
#13600=CARTESIAN_POINT('Origin',(-60.3212242126465,1.4375,3.27945256233215));
#13601=CARTESIAN_POINT('',(-59.5099983215332,1.4375,2.875));
#13602=CARTESIAN_POINT('Origin',(-59.5099983215332,1.4375,2.875));
#13603=CARTESIAN_POINT('',(-59.2997093200684,1.4375,3.86922645568848));
#13604=CARTESIAN_POINT('Origin',(-59.2997093200684,1.4375,3.86922645568848));
#13605=CARTESIAN_POINT('',(-57.9835586547852,1.4375,4.62910509109497));
#13606=CARTESIAN_POINT('Origin',(-57.3205032348633,1.4375,4.62815809249878));
#13607=CARTESIAN_POINT('Origin',(-55.8,1.6,-0.8));
#13608=CARTESIAN_POINT('',(-56.,1.6,-0.575));
#13609=CARTESIAN_POINT('Origin',(-56.,1.6,-0.8));
#13610=CARTESIAN_POINT('',(-55.5,1.6,-0.575));
#13611=CARTESIAN_POINT('',(-55.8,1.6,-0.575));
#13612=CARTESIAN_POINT('Origin',(-55.5,1.6,-0.8));
#13613=CARTESIAN_POINT('Origin',(-55.8,-1.6,-0.8));
#13614=CARTESIAN_POINT('',(-56.,-1.6,-0.575));
#13615=CARTESIAN_POINT('Origin',(-56.,-1.6,-0.8));
#13616=CARTESIAN_POINT('',(-55.5,-1.6,-0.575));
#13617=CARTESIAN_POINT('',(-55.8,-1.6,-0.575));
#13618=CARTESIAN_POINT('Origin',(-55.5,-1.6,-0.8));
#13619=CARTESIAN_POINT('Origin',(-53.525,0.,1.55));
#13620=CARTESIAN_POINT('',(-53.615,-0.8,1.55));
#13621=CARTESIAN_POINT('Origin',(-53.525,-0.8,1.55));
#13622=CARTESIAN_POINT('',(-53.615,-0.34,1.55));
#13623=CARTESIAN_POINT('',(-53.615,0.,1.55));
#13624=CARTESIAN_POINT('Origin',(-53.525,-0.34,1.55));
#13625=CARTESIAN_POINT('Origin',(-53.525,0.,1.55));
#13626=CARTESIAN_POINT('',(-53.615,0.34,1.55));
#13627=CARTESIAN_POINT('Origin',(-53.525,0.34,1.55));
#13628=CARTESIAN_POINT('',(-53.615,0.8,1.55));
#13629=CARTESIAN_POINT('',(-53.615,0.,1.55));
#13630=CARTESIAN_POINT('Origin',(-53.525,0.8,1.55));
#13631=CARTESIAN_POINT('Origin',(-53.525,-0.8,1.55));
#13632=CARTESIAN_POINT('Origin',(-53.525,0.8,1.55));
#13633=CARTESIAN_POINT('Origin',(-54.475,0.,1.55));
#13634=CARTESIAN_POINT('',(-54.565,-0.8,1.55));
#13635=CARTESIAN_POINT('Origin',(-54.475,-0.8,1.55));
#13636=CARTESIAN_POINT('',(-54.565,-0.34,1.55));
#13637=CARTESIAN_POINT('',(-54.565,0.,1.55));
#13638=CARTESIAN_POINT('Origin',(-54.475,-0.34,1.55));
#13639=CARTESIAN_POINT('Origin',(-54.475,0.,1.55));
#13640=CARTESIAN_POINT('',(-54.565,0.34,1.55));
#13641=CARTESIAN_POINT('Origin',(-54.475,0.34,1.55));
#13642=CARTESIAN_POINT('',(-54.565,0.8,1.55));
#13643=CARTESIAN_POINT('',(-54.565,0.,1.55));
#13644=CARTESIAN_POINT('Origin',(-54.475,0.8,1.55));
#13645=CARTESIAN_POINT('Origin',(-54.475,-0.8,1.55));
#13646=CARTESIAN_POINT('Origin',(-54.475,0.8,1.55));
#13647=CARTESIAN_POINT('Origin',(-54.,0.34,1.55));
#13648=CARTESIAN_POINT('',(-52.98,0.34,1.3));
#13649=CARTESIAN_POINT('',(-55.02,0.34,1.3));
#13650=CARTESIAN_POINT('',(-54.,0.34,1.3));
#13651=CARTESIAN_POINT('',(-52.98,0.34,2.08));
#13652=CARTESIAN_POINT('',(-52.98,0.34,1.55));
#13653=CARTESIAN_POINT('',(-55.02,0.34,2.08));
#13654=CARTESIAN_POINT('',(-54.,0.34,2.08));
#13655=CARTESIAN_POINT('',(-55.02,0.34,1.55));
#13656=CARTESIAN_POINT('Origin',(-55.02,0.,1.55));
#13657=CARTESIAN_POINT('',(-55.02,-0.34,1.3));
#13658=CARTESIAN_POINT('',(-55.02,0.,1.3));
#13659=CARTESIAN_POINT('',(-55.02,-0.34,2.08));
#13660=CARTESIAN_POINT('',(-55.02,0.,2.08));
#13661=CARTESIAN_POINT('',(-55.02,-0.34,1.55));
#13662=CARTESIAN_POINT('Origin',(-54.,0.,2.08));
#13663=CARTESIAN_POINT('',(-52.98,-0.34,2.08));
#13664=CARTESIAN_POINT('',(-52.98,0.,2.08));
#13665=CARTESIAN_POINT('',(-54.,-0.34,2.08));
#13666=CARTESIAN_POINT('Origin',(-54.,-0.34,1.55));
#13667=CARTESIAN_POINT('',(-52.98,-0.34,1.3));
#13668=CARTESIAN_POINT('',(-54.,-0.34,1.3));
#13669=CARTESIAN_POINT('',(-52.98,-0.34,1.55));
#13670=CARTESIAN_POINT('Origin',(-52.98,0.,1.55));
#13671=CARTESIAN_POINT('',(-52.98,0.,1.3));
#13672=CARTESIAN_POINT('Origin',(-52.9,0.,1.21741104683727));
#13673=CARTESIAN_POINT('',(-52.9,-0.35,1.3));
#13674=CARTESIAN_POINT('',(-52.9,-0.35,1.03482209367455));
#13675=CARTESIAN_POINT('',(-52.9,-0.35,1.675));
#13676=CARTESIAN_POINT('',(-52.9,0.35,1.3));
#13677=CARTESIAN_POINT('',(-52.9,0.,1.3));
#13678=CARTESIAN_POINT('',(-52.9,0.35,1.03482209367455));
#13679=CARTESIAN_POINT('',(-52.9,0.35,1.675));
#13680=CARTESIAN_POINT('',(-52.9,0.,1.03482209367455));
#13681=CARTESIAN_POINT('Origin',(-52.75,0.,1.03482209367455));
#13682=CARTESIAN_POINT('',(-52.6,0.65,1.03482209367455));
#13683=CARTESIAN_POINT('',(-52.6,-0.65,1.03482209367455));
#13684=CARTESIAN_POINT('',(-52.6,0.,1.03482209367455));
#13685=CARTESIAN_POINT('',(-52.9,-0.65,1.03482209367455));
#13686=CARTESIAN_POINT('',(-52.75,-0.65,1.03482209367455));
#13687=CARTESIAN_POINT('',(-52.9,-0.25,1.03482209367455));
#13688=CARTESIAN_POINT('',(-52.9,0.65,1.03482209367455));
#13689=CARTESIAN_POINT('',(-52.9,0.25,1.03482209367455));
#13690=CARTESIAN_POINT('',(-52.75,0.65,1.03482209367455));
#13691=CARTESIAN_POINT('Origin',(-52.6,0.,1.21741104683727));
#13692=CARTESIAN_POINT('',(-52.6,-0.65,1.3));
#13693=CARTESIAN_POINT('',(-52.6,0.65,1.3));
#13694=CARTESIAN_POINT('',(-52.6,0.,1.3));
#13695=CARTESIAN_POINT('',(-52.6,-0.65,1.21741104683727));
#13696=CARTESIAN_POINT('',(-52.6,0.65,1.21741104683727));
#13697=CARTESIAN_POINT('Origin',(-54.,0.,1.3));
#13698=CARTESIAN_POINT('',(-55.6,0.65,1.3));
#13699=CARTESIAN_POINT('',(-55.5,0.65,1.3));
#13700=CARTESIAN_POINT('',(-54.875,0.65,1.3));
#13701=CARTESIAN_POINT('',(-55.5,2.,1.3));
#13702=CARTESIAN_POINT('',(-55.5,0.6625,1.3));
#13703=CARTESIAN_POINT('',(-55.6,2.,1.3));
#13704=CARTESIAN_POINT('',(-54.875,2.,1.3));
#13705=CARTESIAN_POINT('',(-55.6,2.2,1.3));
#13706=CARTESIAN_POINT('',(-55.6,0.,1.3));
#13707=CARTESIAN_POINT('',(-52.4,2.2,1.3));
#13708=CARTESIAN_POINT('',(-54.,2.2,1.3));
#13709=CARTESIAN_POINT('',(-52.4,-2.2,1.3));
#13710=CARTESIAN_POINT('',(-52.4,0.,1.3));
#13711=CARTESIAN_POINT('',(-55.6,-2.2,1.3));
#13712=CARTESIAN_POINT('',(-54.,-2.2,1.3));
#13713=CARTESIAN_POINT('',(-55.6,-2.,1.3));
#13714=CARTESIAN_POINT('',(-55.6,0.,1.3));
#13715=CARTESIAN_POINT('',(-55.5,-2.,1.3));
#13716=CARTESIAN_POINT('',(-54.875,-2.,1.3));
#13717=CARTESIAN_POINT('',(-55.5,-0.65,1.3));
#13718=CARTESIAN_POINT('',(-55.5,-0.6625,1.3));
#13719=CARTESIAN_POINT('',(-55.6,-0.65,1.3));
#13720=CARTESIAN_POINT('',(-54.875,-0.65,1.3));
#13721=CARTESIAN_POINT('',(-55.6,0.,1.3));
#13722=CARTESIAN_POINT('',(-55.1,-0.65,1.3));
#13723=CARTESIAN_POINT('',(-54.,-0.65,1.3));
#13724=CARTESIAN_POINT('',(-55.1,0.65,1.3));
#13725=CARTESIAN_POINT('',(-54.,0.65,1.3));
#13726=CARTESIAN_POINT('',(-55.1,0.35,1.3));
#13727=CARTESIAN_POINT('',(-55.1,0.25,1.3));
#13728=CARTESIAN_POINT('',(-54.,0.35,1.3));
#13729=CARTESIAN_POINT('',(-55.1,-0.35,1.3));
#13730=CARTESIAN_POINT('',(-54.,-0.35,1.3));
#13731=CARTESIAN_POINT('',(-55.1,-0.25,1.3));
#13732=CARTESIAN_POINT('Origin',(-55.75,2.,0.375));
#13733=CARTESIAN_POINT('',(-55.6,2.,2.35));
#13734=CARTESIAN_POINT('',(-55.6,2.,1.1));
#13735=CARTESIAN_POINT('',(-55.5,2.,-1.6));
#13736=CARTESIAN_POINT('',(-55.5,2.,0.375));
#13737=CARTESIAN_POINT('',(-56.,2.,-1.6));
#13738=CARTESIAN_POINT('',(-55.75,2.,-1.6));
#13739=CARTESIAN_POINT('',(-56.,2.,2.35));
#13740=CARTESIAN_POINT('',(-56.,2.,0.375));
#13741=CARTESIAN_POINT('',(-55.75,2.,2.35));
#13742=CARTESIAN_POINT('Origin',(-55.75,1.325,-1.6));
#13743=CARTESIAN_POINT('',(-55.5,0.65,-1.6));
#13744=CARTESIAN_POINT('',(-55.5,1.325,-1.6));
#13745=CARTESIAN_POINT('',(-56.,0.65,-1.6));
#13746=CARTESIAN_POINT('',(-55.75,0.65,-1.6));
#13747=CARTESIAN_POINT('',(-56.,1.325,-1.6));
#13748=CARTESIAN_POINT('Origin',(-55.75,0.65,0.375));
#13749=CARTESIAN_POINT('',(-55.8,0.65,2.35));
#13750=CARTESIAN_POINT('',(-55.8,0.65,2.3));
#13751=CARTESIAN_POINT('',(-55.8,0.65,1.4325));
#13752=CARTESIAN_POINT('',(-56.,0.65,2.35));
#13753=CARTESIAN_POINT('',(-55.75,0.65,2.35));
#13754=CARTESIAN_POINT('',(-56.,0.65,0.375));
#13755=CARTESIAN_POINT('',(-55.5,0.65,0.375));
#13756=CARTESIAN_POINT('',(-55.6,0.65,2.3));
#13757=CARTESIAN_POINT('',(-55.6,0.65,1.1));
#13758=CARTESIAN_POINT('',(-54.925,0.65,2.3));
#13759=CARTESIAN_POINT('Origin',(-56.,1.325,0.375));
#13760=CARTESIAN_POINT('',(-56.,1.325,2.35));
#13761=CARTESIAN_POINT('Origin',(-55.5,1.325,0.375));
#13762=CARTESIAN_POINT('Origin',(-54.1,0.,2.3));
#13763=CARTESIAN_POINT('',(-55.6,-0.65,2.3));
#13764=CARTESIAN_POINT('',(-55.6,0.,2.3));
#13765=CARTESIAN_POINT('',(-55.8,-0.65,2.3));
#13766=CARTESIAN_POINT('',(-54.925,-0.65,2.3));
#13767=CARTESIAN_POINT('',(-55.8,0.,2.3));
#13768=CARTESIAN_POINT('Origin',(-55.6,0.,1.825));
#13769=CARTESIAN_POINT('',(-55.6,2.2,2.35));
#13770=CARTESIAN_POINT('',(-55.6,0.,2.35));
#13771=CARTESIAN_POINT('',(-55.6,2.2,1.825));
#13772=CARTESIAN_POINT('Origin',(-55.6,0.,1.825));
#13773=CARTESIAN_POINT('',(-55.6,-0.65,1.1));
#13774=CARTESIAN_POINT('Origin',(-55.75,-0.65,0.375));
#13775=CARTESIAN_POINT('',(-55.8,-0.65,2.35));
#13776=CARTESIAN_POINT('',(-55.8,-0.65,1.4325));
#13777=CARTESIAN_POINT('',(-55.5,-0.65,-1.6));
#13778=CARTESIAN_POINT('',(-55.5,-0.65,0.375));
#13779=CARTESIAN_POINT('',(-56.,-0.65,-1.6));
#13780=CARTESIAN_POINT('',(-55.75,-0.65,-1.6));
#13781=CARTESIAN_POINT('',(-56.,-0.65,2.35));
#13782=CARTESIAN_POINT('',(-56.,-0.65,0.375));
#13783=CARTESIAN_POINT('',(-55.75,-0.65,2.35));
#13784=CARTESIAN_POINT('Origin',(-55.75,-1.325,-1.6));
#13785=CARTESIAN_POINT('',(-55.5,-2.,-1.6));
#13786=CARTESIAN_POINT('',(-55.5,-1.325,-1.6));
#13787=CARTESIAN_POINT('',(-56.,-2.,-1.6));
#13788=CARTESIAN_POINT('',(-55.75,-2.,-1.6));
#13789=CARTESIAN_POINT('',(-56.,-1.325,-1.6));
#13790=CARTESIAN_POINT('Origin',(-55.75,-2.,0.375));
#13791=CARTESIAN_POINT('',(-55.6,-2.,2.35));
#13792=CARTESIAN_POINT('',(-55.6,-2.,1.1));
#13793=CARTESIAN_POINT('',(-56.,-2.,2.35));
#13794=CARTESIAN_POINT('',(-55.75,-2.,2.35));
#13795=CARTESIAN_POINT('',(-56.,-2.,0.375));
#13796=CARTESIAN_POINT('',(-55.5,-2.,0.375));
#13797=CARTESIAN_POINT('Origin',(-56.,-1.325,0.375));
#13798=CARTESIAN_POINT('',(-56.,-1.325,2.35));
#13799=CARTESIAN_POINT('Origin',(-55.5,-1.325,0.375));
#13800=CARTESIAN_POINT('Origin',(-54.,0.,2.35));
#13801=CARTESIAN_POINT('',(-55.8,-1.8,2.35));
#13802=CARTESIAN_POINT('',(-52.4,-1.8,2.35));
#13803=CARTESIAN_POINT('',(-54.05,-1.8,2.35));
#13804=CARTESIAN_POINT('',(-55.8,-0.6625,2.35));
#13805=CARTESIAN_POINT('',(-55.6,-2.2,2.35));
#13806=CARTESIAN_POINT('',(-55.6,0.,2.35));
#13807=CARTESIAN_POINT('',(-52.4,-2.2,2.35));
#13808=CARTESIAN_POINT('',(-54.,-2.2,2.35));
#13809=CARTESIAN_POINT('',(-52.4,0.,2.35));
#13810=CARTESIAN_POINT('Origin',(-54.1,-1.8,2.49));
#13811=CARTESIAN_POINT('',(-52.4,-1.8,2.68));
#13812=CARTESIAN_POINT('',(-52.4,-1.8,2.49));
#13813=CARTESIAN_POINT('',(-55.8,-1.8,2.68));
#13814=CARTESIAN_POINT('',(-54.1,-1.8,2.68));
#13815=CARTESIAN_POINT('',(-55.8,-1.8,2.49));
#13816=CARTESIAN_POINT('Origin',(-55.6,0.,1.825));
#13817=CARTESIAN_POINT('',(-55.6,-2.2,1.825));
#13818=CARTESIAN_POINT('Origin',(-52.9,0.5,1.675));
#13819=CARTESIAN_POINT('',(-52.9,0.35,1.));
#13820=CARTESIAN_POINT('',(-52.9,0.35,1.675));
#13821=CARTESIAN_POINT('',(-52.9,0.65,1.));
#13822=CARTESIAN_POINT('',(-52.9,0.5,1.));
#13823=CARTESIAN_POINT('',(-52.9,0.65,1.675));
#13824=CARTESIAN_POINT('Origin',(-54.,0.35,1.675));
#13825=CARTESIAN_POINT('',(-55.1,0.35,1.));
#13826=CARTESIAN_POINT('',(-55.1,0.35,1.675));
#13827=CARTESIAN_POINT('',(-54.,0.35,1.));
#13828=CARTESIAN_POINT('Origin',(-54.,0.5,1.));
#13829=CARTESIAN_POINT('',(-55.1,0.65,1.));
#13830=CARTESIAN_POINT('',(-55.1,0.5,1.));
#13831=CARTESIAN_POINT('',(-54.,0.65,1.));
#13832=CARTESIAN_POINT('Origin',(-55.1,0.5,1.675));
#13833=CARTESIAN_POINT('',(-55.1,0.65,1.675));
#13834=CARTESIAN_POINT('Origin',(-54.,0.65,1.675));
#13835=CARTESIAN_POINT('Origin',(-52.9,-0.5,1.675));
#13836=CARTESIAN_POINT('',(-52.9,-0.65,1.));
#13837=CARTESIAN_POINT('',(-52.9,-0.65,1.675));
#13838=CARTESIAN_POINT('',(-52.9,-0.35,1.));
#13839=CARTESIAN_POINT('',(-52.9,-0.5,1.));
#13840=CARTESIAN_POINT('',(-52.9,-0.35,1.675));
#13841=CARTESIAN_POINT('Origin',(-54.,-0.65,1.675));
#13842=CARTESIAN_POINT('',(-55.1,-0.65,1.));
#13843=CARTESIAN_POINT('',(-55.1,-0.65,1.675));
#13844=CARTESIAN_POINT('',(-54.,-0.65,1.));
#13845=CARTESIAN_POINT('Origin',(-54.,-0.5,1.));
#13846=CARTESIAN_POINT('',(-55.1,-0.35,1.));
#13847=CARTESIAN_POINT('',(-55.1,-0.5,1.));
#13848=CARTESIAN_POINT('',(-54.,-0.35,1.));
#13849=CARTESIAN_POINT('Origin',(-55.1,-0.5,1.675));
#13850=CARTESIAN_POINT('',(-55.1,-0.35,1.675));
#13851=CARTESIAN_POINT('Origin',(-54.,-0.35,1.675));
#13852=CARTESIAN_POINT('Origin',(-54.,0.,2.35));
#13853=CARTESIAN_POINT('',(-52.4,1.8,2.35));
#13854=CARTESIAN_POINT('',(-55.8,1.8,2.35));
#13855=CARTESIAN_POINT('',(-54.05,1.8,2.35));
#13856=CARTESIAN_POINT('',(-52.4,2.2,2.35));
#13857=CARTESIAN_POINT('',(-52.4,0.,2.35));
#13858=CARTESIAN_POINT('',(-54.,2.2,2.35));
#13859=CARTESIAN_POINT('',(-55.8,0.6625,2.35));
#13860=CARTESIAN_POINT('Origin',(-54.,-2.2,1.825));
#13861=CARTESIAN_POINT('',(-52.4,-2.2,1.825));
#13862=CARTESIAN_POINT('Origin',(-54.,2.2,1.825));
#13863=CARTESIAN_POINT('',(-52.4,2.2,1.825));
#13864=CARTESIAN_POINT('Origin',(-54.1,0.,2.68));
#13865=CARTESIAN_POINT('',(-52.4,1.8,2.68));
#13866=CARTESIAN_POINT('',(-52.4,0.,2.68));
#13867=CARTESIAN_POINT('',(-55.8,1.8,2.68));
#13868=CARTESIAN_POINT('',(-54.1,1.8,2.68));
#13869=CARTESIAN_POINT('',(-55.8,0.,2.68));
#13870=CARTESIAN_POINT('Origin',(-55.8,0.,2.49));
#13871=CARTESIAN_POINT('',(-55.8,1.8,2.49));
#13872=CARTESIAN_POINT('Origin',(-54.1,1.8,2.49));
#13873=CARTESIAN_POINT('',(-52.4,1.8,2.49));
#13874=CARTESIAN_POINT('Origin',(-52.4,0.,2.49));
#13875=CARTESIAN_POINT('Origin',(-54.,0.,2.06));
#13876=CARTESIAN_POINT('',(-53.01,-0.32,2.06));
#13877=CARTESIAN_POINT('',(-53.01,0.32,2.06));
#13878=CARTESIAN_POINT('',(-53.01,0.,2.06));
#13879=CARTESIAN_POINT('',(-54.99,0.32,2.06));
#13880=CARTESIAN_POINT('',(-54.,0.32,2.06));
#13881=CARTESIAN_POINT('',(-54.99,-0.32,2.06));
#13882=CARTESIAN_POINT('',(-54.99,0.,2.06));
#13883=CARTESIAN_POINT('',(-54.,-0.32,2.06));
#13884=CARTESIAN_POINT('Origin',(-54.,0.,1.04));
#13885=CARTESIAN_POINT('',(-53.01,0.32,1.04));
#13886=CARTESIAN_POINT('',(-53.01,-0.32,1.04));
#13887=CARTESIAN_POINT('',(-53.01,0.,1.04));
#13888=CARTESIAN_POINT('',(-54.99,-0.32,1.04));
#13889=CARTESIAN_POINT('',(-54.,-0.32,1.04));
#13890=CARTESIAN_POINT('',(-54.99,0.32,1.04));
#13891=CARTESIAN_POINT('',(-54.99,0.,1.04));
#13892=CARTESIAN_POINT('',(-54.,0.32,1.04));
#13893=CARTESIAN_POINT('Origin',(-54.,-0.32,1.55));
#13894=CARTESIAN_POINT('',(-54.99,-0.32,1.55));
#13895=CARTESIAN_POINT('',(-53.01,-0.32,1.55));
#13896=CARTESIAN_POINT('Origin',(-54.99,0.,1.55));
#13897=CARTESIAN_POINT('',(-54.99,0.32,1.55));
#13898=CARTESIAN_POINT('Origin',(-54.,0.32,1.55));
#13899=CARTESIAN_POINT('',(-53.01,0.32,1.55));
#13900=CARTESIAN_POINT('Origin',(-53.01,0.,1.55));
#13901=CARTESIAN_POINT('Origin',(-55.2,0.,0.1));
#13902=CARTESIAN_POINT('',(-55.4,2.7,0.1));
#13903=CARTESIAN_POINT('Origin',(-55.2,2.7,0.1));
#13904=CARTESIAN_POINT('',(-55.4,-2.7,0.1));
#13905=CARTESIAN_POINT('',(-55.4,0.,0.1));
#13906=CARTESIAN_POINT('Origin',(-55.2,-2.7,0.1));
#13907=CARTESIAN_POINT('Origin',(-55.2,-2.7,0.1));
#13908=CARTESIAN_POINT('Origin',(-55.2,2.7,0.1));
#13909=UNCERTAINTY_MEASURE_WITH_UNIT(LENGTH_MEASURE(0.001),#13913,
'DISTANCE_ACCURACY_VALUE',
'Maximum model space distance between geometric entities at asserted c
onnectivities');
#13910=UNCERTAINTY_MEASURE_WITH_UNIT(LENGTH_MEASURE(0.001),#13913,
'DISTANCE_ACCURACY_VALUE',
'Maximum model space distance between geometric entities at asserted c
onnectivities');
#13911=(
GEOMETRIC_REPRESENTATION_CONTEXT(3)
GLOBAL_UNCERTAINTY_ASSIGNED_CONTEXT((#13909))
GLOBAL_UNIT_ASSIGNED_CONTEXT((#13913,#13915,#13916))
REPRESENTATION_CONTEXT('','3D')
);
#13912=(
GEOMETRIC_REPRESENTATION_CONTEXT(3)
GLOBAL_UNCERTAINTY_ASSIGNED_CONTEXT((#13910))
GLOBAL_UNIT_ASSIGNED_CONTEXT((#13913,#13915,#13916))
REPRESENTATION_CONTEXT('','3D')
);
#13913=(
LENGTH_UNIT()
NAMED_UNIT(*)
SI_UNIT(.CENTI.,.METRE.)
);
#13914=(
LENGTH_UNIT()
NAMED_UNIT(*)
SI_UNIT($,.METRE.)
);
#13915=(
NAMED_UNIT(*)
PLANE_ANGLE_UNIT()
SI_UNIT($,.RADIAN.)
);
#13916=(
NAMED_UNIT(*)
SI_UNIT($,.STERADIAN.)
SOLID_ANGLE_UNIT()
);
#13917=SHAPE_DEFINITION_REPRESENTATION(#13918,#13919);
#13918=PRODUCT_DEFINITION_SHAPE('',$,#13921);
#13919=SHAPE_REPRESENTATION('',(#8581),#13911);
#13920=PRODUCT_DEFINITION_CONTEXT('part definition',#13925,'design');
#13921=PRODUCT_DEFINITION('60_Print_Trigger','60_Print_Trigger',#13922,
#13920);
#13922=PRODUCT_DEFINITION_FORMATION('',$,#13927);
#13923=PRODUCT_RELATED_PRODUCT_CATEGORY('60_Print_Trigger',
'60_Print_Trigger',(#13927));
#13924=APPLICATION_PROTOCOL_DEFINITION('international standard',
'automotive_design',2009,#13925);
#13925=APPLICATION_CONTEXT(
'Core Data for Automotive Mechanical Design Process');
#13926=PRODUCT_CONTEXT('part definition',#13925,'mechanical');
#13927=PRODUCT('60_Print_Trigger','60_Print_Trigger',$,(#13926));
#13928=PRESENTATION_STYLE_ASSIGNMENT((#13929));
#13929=SURFACE_STYLE_USAGE(.BOTH.,#13930);
#13930=SURFACE_SIDE_STYLE('',(#13931));
#13931=SURFACE_STYLE_FILL_AREA(#13932);
#13932=FILL_AREA_STYLE('Steel - Satin',(#13933));
#13933=FILL_AREA_STYLE_COLOUR('Steel - Satin',#13934);
#13934=COLOUR_RGB('Steel - Satin',0.627450980392157,0.627450980392157,0.627450980392157);
ENDSEC;
END-ISO-10303-21;
