ISO-10303-21;
HEADER;
/* Generated by software containing ST-Developer
 * from STEP Tools, Inc. (www.steptools.com) 
 */

FILE_DESCRIPTION(
/* description */ (''),
/* implementation_level */ '2;1');

FILE_NAME(
/* name */ 'Barrel_Jacket_native.stp',
/* time_stamp */ '2026-09-13T12:27:25-05:00',
/* author */ (''),
/* organization */ (''),
/* preprocessor_version */ 'ST-DEVELOPER v20.1',
/* originating_system */ 'Autodesk Translation Framework v15.8.0.0',
/* authorisation */ '');

FILE_SCHEMA (('AUTOMOTIVE_DESIGN { 1 0 10303 214 3 1 1 }'));
ENDSEC;

DATA;
#10=MECHANICAL_DESIGN_GEOMETRIC_PRESENTATION_REPRESENTATION('',(#13),#4996);
#11=SHAPE_REPRESENTATION_RELATIONSHIP('SRR','None',#5003,#12);
#12=ADVANCED_BREP_SHAPE_REPRESENTATION('',(#14),#4995);
#13=STYLED_ITEM('',(#5012),#14);
#14=MANIFOLD_SOLID_BREP('Barrel_Jacket_Native',#1486);
#15=CONICAL_SURFACE('',#1547,4.0475,0.215357699697738);
#16=CONICAL_SURFACE('',#1550,4.0475,0.215357699697738);
#17=CONICAL_SURFACE('',#1553,4.0475,0.215357699697738);
#18=CONICAL_SURFACE('',#1582,4.0475,0.215357699697738);
#19=CONICAL_SURFACE('',#1583,4.6075,1.26339885367208);
#20=B_SPLINE_CURVE_WITH_KNOTS('',3,(#1868,#1869,#1870,#1871,#1872,#1873,
#1874,#1875,#1876,#1877,#1878,#1879,#1880,#1881,#1882,#1883,#1884,#1885,
#1886,#1887,#1888,#1889,#1890),.UNSPECIFIED.,.F.,.F.,(4,2,2,2,2,2,2,2,2,
3,4),(1.00894915013456,1.05526461355216,1.18717280517118,1.31908099679021,
1.45098895855922,1.58289692032824,1.71480488209726,1.84671284386627,1.9786210354853,
2.11052922710432,2.15684469052192),.UNSPECIFIED.);
#21=B_SPLINE_CURVE_WITH_KNOTS('',3,(#1893,#1894,#1895,#1896,#1897,#1898,
#1899,#1900,#1901,#1902,#1903,#1904,#1905,#1906,#1907,#1908,#1909,#1910,
#1911,#1912,#1913,#1914,#1915),.UNSPECIFIED.,.F.,.F.,(4,3,2,2,2,2,2,2,2,
2,4),(2.06531610510675,2.11163688644877,2.24361466191153,2.3755924373743,
2.50756927271763,2.63954610806096,2.77152294340429,2.90349977874762,3.03547755421039,
3.16745532967315,3.21377611101517),.UNSPECIFIED.);
#22=B_SPLINE_CURVE_WITH_KNOTS('',3,(#1918,#1919,#1920,#1921,#1922,#1923,
#1924,#1925),.UNSPECIFIED.,.F.,.F.,(4,2,2,4),(2.31362087331194,2.46654724019292,
2.95978514273127,3.34723272552156),.UNSPECIFIED.);
#23=B_SPLINE_CURVE_WITH_KNOTS('',3,(#1929,#1930,#1931,#1932,#1933,#1934,
#1935,#1936),.UNSPECIFIED.,.F.,.F.,(4,2,2,4),(0.599385949787569,0.986833532577857,
1.48007143511621,1.97330933765456),.UNSPECIFIED.);
#24=B_SPLINE_CURVE_WITH_KNOTS('',3,(#1938,#1939,#1940,#1941,#1942,#1943,
#1944,#1945),.UNSPECIFIED.,.F.,.F.,(4,2,2,4),(1.97330933765456,2.46654724019292,
2.95978514273127,3.34723272552156),.UNSPECIFIED.);
#25=B_SPLINE_CURVE_WITH_KNOTS('',3,(#1949,#1950,#1951,#1952,#1953,#1954,
#1955,#1956),.UNSPECIFIED.,.F.,.F.,(4,2,2,4),(0.599385949787569,0.986833532577857,
1.48007143511621,1.97330933765456),.UNSPECIFIED.);
#26=B_SPLINE_CURVE_WITH_KNOTS('',3,(#1961,#1962,#1963,#1964,#1965,#1966,
#1967,#1968),.UNSPECIFIED.,.F.,.F.,(4,2,2,4),(1.97330933765456,2.46654724019292,
2.95978514273127,3.34723272552156),.UNSPECIFIED.);
#27=B_SPLINE_CURVE_WITH_KNOTS('',3,(#1972,#1973,#1974,#1975,#1976,#1977,
#1978,#1979),.UNSPECIFIED.,.F.,.F.,(4,2,2,4),(0.599385949787569,0.986833532577857,
1.48007143511621,1.97330933765456),.UNSPECIFIED.);
#28=B_SPLINE_CURVE_WITH_KNOTS('',3,(#1981,#1982,#1983,#1984,#1985,#1986,
#1987,#1988),.UNSPECIFIED.,.F.,.F.,(4,2,2,4),(1.97330933765456,2.46654724019292,
2.95978514273127,3.34723272552156),.UNSPECIFIED.);
#29=B_SPLINE_CURVE_WITH_KNOTS('',3,(#1991,#1992,#1993,#1994,#1995,#1996,
#1997,#1998),.UNSPECIFIED.,.F.,.F.,(4,2,2,4),(0.59938594978757,0.986833532577857,
1.48007143511621,1.63299780199718),.UNSPECIFIED.);
#30=B_SPLINE_CURVE_WITH_KNOTS('',3,(#2001,#2002,#2003,#2004,#2005,#2006,
#2007,#2008,#2009,#2010,#2011,#2012,#2013,#2014,#2015,#2016,#2017,#2018,
#2019,#2020,#2021,#2022,#2023,#2024,#2025,#2026),.UNSPECIFIED.,.F.,.F.,
(4,2,2,2,2,2,2,2,2,2,2,2,4),(0.,0.131908191619023,0.263816383238046,0.395724345007063,
0.52763230677608,0.659540268545097,0.791448230314114,0.923356421933137,
1.05526461355216,1.18717280517118,1.31908099679021,1.45098895855922,1.58289692032824),
 .UNSPECIFIED.);
#31=B_SPLINE_CURVE_WITH_KNOTS('',3,(#2027,#2028,#2029,#2030,#2031,#2032,
#2033,#2034,#2035,#2036),.UNSPECIFIED.,.F.,.F.,(4,2,2,2,4),(1.58289692032824,
1.71480488209726,1.84671284386627,1.9786210354853,2.11052922710432),
 .UNSPECIFIED.);
#32=B_SPLINE_CURVE_WITH_KNOTS('',3,(#2039,#2040,#2041,#2042,#2043,#2044,
#2045,#2046,#2047),.UNSPECIFIED.,.F.,.F.,(4,3,2,4),(-0.108773435372867,
0.,0.535740530426007,0.713290282253674),.UNSPECIFIED.);
#33=B_SPLINE_CURVE_WITH_KNOTS('',3,(#2049,#2050,#2051,#2052,#2053,#2054,
#2055,#2056,#2057,#2058,#2059,#2060,#2061,#2062,#2063,#2064,#2065,#2066,
#2067,#2068,#2069,#2070),.UNSPECIFIED.,.F.,.F.,(4,2,2,2,2,2,2,2,2,2,4),
(4.14609934837388,4.19628577314558,4.44317663528036,4.93695835954992,5.43052536303306,
5.9240923665162,6.41765936999935,6.91122637348249,7.40500809775205,7.65189895988682,
7.70208538465853),.UNSPECIFIED.);
#34=B_SPLINE_CURVE_WITH_KNOTS('',3,(#2071,#2072,#2073,#2074,#2075,#2076,
#2077,#2078),.UNSPECIFIED.,.F.,.F.,(4,2,2,4),(3.53256865331259,3.71011840514026,
4.24585893556627,4.35463236991273),.UNSPECIFIED.);
#35=B_SPLINE_CURVE_WITH_KNOTS('',3,(#2080,#2081,#2082,#2083,#2084,#2085,
#2086,#2087,#2088,#2089,#2090,#2091,#2092,#2093,#2094,#2095,#2096,#2097,
#2098,#2099,#2100,#2101,#2102,#2103,#2104,#2105,#2106,#2107,#2108,#2109,
#2110,#2111,#2112,#2113,#2114,#2115),.UNSPECIFIED.,.F.,.F.,(4,2,2,2,2,2,
2,2,2,2,2,2,2,2,2,2,2,4),(0.,0.24891991542108,0.49783983084216,0.99567966168432,
1.49270567279764,1.74121867835429,1.98973168391095,2.23824468946761,2.48675769502427,
2.98378370613758,3.48162353697974,3.73054345240082,3.9794633678219,4.22838328324298,
4.47730319866406,4.97514302950622,5.47216904061954,5.6278549710848),
 .UNSPECIFIED.);
#36=B_SPLINE_CURVE_WITH_KNOTS('',3,(#2116,#2117,#2118,#2119,#2120,#2121,
#2122,#2123,#2124,#2125,#2126,#2127),.UNSPECIFIED.,.F.,.F.,(4,2,2,2,2,4),
(6.31053513238091,6.46622106284617,6.96324707395948,7.46108690480165,7.71000682022273,
7.9589267356438),.UNSPECIFIED.);
#37=B_SPLINE_CURVE_WITH_KNOTS('',3,(#2132,#2133,#2134,#2135,#2136,#2137,
#2138,#2139,#2140,#2141),.UNSPECIFIED.,.F.,.F.,(4,2,2,2,4),(0.,0.131977775462764,
0.263955550925529,0.39593238626886,0.527909221612192),.UNSPECIFIED.);
#38=B_SPLINE_CURVE_WITH_KNOTS('',3,(#2142,#2143,#2144,#2145,#2146,#2147,
#2148,#2149,#2150,#2151,#2152,#2153,#2154,#2155,#2156,#2157,#2158,#2159,
#2160,#2161,#2162,#2163,#2164,#2165,#2166,#2167),.UNSPECIFIED.,.F.,.F.,
(4,2,2,2,2,2,2,2,2,2,2,2,4),(0.527909221612192,0.659886056955523,0.791862892298854,
0.92384066776162,1.05581844322438,1.18779621868715,1.31977399414991,1.45175082949325,
1.58372766483658,1.71570450017991,1.84768133552324,1.979659110986,2.11163688644877),
 .UNSPECIFIED.);
#39=B_SPLINE_CURVE_WITH_KNOTS('',3,(#2171,#2172,#2173,#2174,#2175,#2176,
#2177,#2178,#2179,#2180,#2181,#2182,#2183,#2184,#2185,#2186,#2187,#2188,
#2189,#2190,#2191,#2192,#2193,#2194,#2195,#2196,#2197,#2198,#2199,#2200,
#2201,#2202,#2203,#2204,#2205,#2206,#2207,#2208),.UNSPECIFIED.,.F.,.F.,
(4,2,2,2,2,2,2,2,2,2,2,2,2,2,2,2,2,2,4),(0.,0.24891991542108,0.497839830842161,
0.995679661684321,1.49270567279764,1.74121867835429,1.98973168391095,2.23824468946761,
2.48675769502427,2.98378370613758,3.48162353697974,3.73054345240082,3.9794633678219,
4.22838328324298,4.47730319866406,4.97514302950623,5.47216904061954,5.7206820461762,
5.96919505173286),.UNSPECIFIED.);
#40=B_SPLINE_CURVE_WITH_KNOTS('',3,(#2209,#2210,#2211,#2212,#2213,#2214,
#2215,#2216,#2217,#2218,#2219,#2220,#2221,#2222),.UNSPECIFIED.,.F.,.F.,
(4,2,2,2,2,2,4),(5.96919505173286,6.21770805728951,6.46622106284617,6.96324707395949,
7.46108690480165,7.71000682022273,7.95892673564381),.UNSPECIFIED.);
#41=B_SPLINE_CURVE_WITH_KNOTS('',3,(#2226,#2227,#2228,#2229,#2230,#2231,
#2232,#2233,#2234,#2235,#2236,#2237),.UNSPECIFIED.,.F.,.F.,(4,2,2,2,2,4),
(0.,0.246890862134779,0.493781724269559,0.987563448539118,1.48113045202226,
1.9746974555054),.UNSPECIFIED.);
#42=B_SPLINE_CURVE_WITH_KNOTS('',3,(#2238,#2239,#2240,#2241,#2242,#2243,
#2244,#2245,#2246,#2247,#2248,#2249,#2250,#2251,#2252,#2253,#2254,#2255,
#2256,#2257,#2258,#2259,#2260,#2261,#2262,#2263,#2264,#2265,#2266,#2267,
#2268,#2269),.UNSPECIFIED.,.F.,.F.,(4,2,2,2,2,2,2,2,2,2,2,2,2,2,2,4),(1.9746974555054,
2.46826445898854,2.96183146247169,3.45561318674125,3.70250404887603,3.9493949110108,
4.19628577314558,4.44317663528036,4.93695835954992,5.43052536303306,5.92409236651621,
6.41765936999935,6.91122637348249,7.40500809775205,7.65189895988683,7.89878982202161),
 .UNSPECIFIED.);
#43=B_SPLINE_CURVE_WITH_KNOTS('',3,(#2273,#2274,#2275,#2276,#2277,#2278,
#2279,#2280,#2281,#2282,#2283,#2284,#2285,#2286,#2287,#2288,#2289,#2290,
#2291,#2292,#2293,#2294,#2295,#2296,#2297,#2298,#2299,#2300,#2301,#2302,
#2303,#2304,#2305,#2306,#2307,#2308,#2309,#2310),.UNSPECIFIED.,.F.,.F.,
(4,2,2,2,2,2,2,2,2,2,2,2,2,2,2,2,2,2,4),(0.,0.24891991542108,0.497839830842161,
0.995679661684321,1.49270567279764,1.74121867835429,1.98973168391095,2.23824468946761,
2.48675769502427,2.98378370613758,3.48162353697974,3.73054345240082,3.9794633678219,
4.22838328324299,4.47730319866407,4.97514302950623,5.47216904061954,5.7206820461762,
5.96919505173286),.UNSPECIFIED.);
#44=B_SPLINE_CURVE_WITH_KNOTS('',3,(#2311,#2312,#2313,#2314,#2315,#2316,
#2317,#2318,#2319,#2320,#2321,#2322,#2323,#2324),.UNSPECIFIED.,.F.,.F.,
(4,2,2,2,2,2,4),(5.96919505173286,6.21770805728951,6.46622106284617,6.96324707395949,
7.46108690480165,7.71000682022273,7.95892673564381),.UNSPECIFIED.);
#45=B_SPLINE_CURVE_WITH_KNOTS('',3,(#2328,#2329,#2330,#2331,#2332,#2333,
#2334,#2335,#2336,#2337,#2338,#2339),.UNSPECIFIED.,.F.,.F.,(4,2,2,2,2,4),
(0.,0.246890862134779,0.493781724269559,0.987563448539118,1.48113045202226,
1.9746974555054),.UNSPECIFIED.);
#46=B_SPLINE_CURVE_WITH_KNOTS('',3,(#2340,#2341,#2342,#2343,#2344,#2345,
#2346,#2347,#2348,#2349,#2350,#2351,#2352,#2353,#2354,#2355,#2356,#2357,
#2358,#2359,#2360,#2361,#2362,#2363,#2364,#2365,#2366,#2367,#2368,#2369,
#2370,#2371),.UNSPECIFIED.,.F.,.F.,(4,2,2,2,2,2,2,2,2,2,2,2,2,2,2,4),(1.9746974555054,
2.46826445898854,2.96183146247169,3.45561318674125,3.70250404887603,3.9493949110108,
4.19628577314558,4.44317663528036,4.93695835954992,5.43052536303306,5.92409236651621,
6.41765936999935,6.91122637348249,7.40500809775205,7.65189895988683,7.89878982202161),
 .UNSPECIFIED.);
#47=B_SPLINE_CURVE_WITH_KNOTS('',3,(#2375,#2376,#2377,#2378,#2379,#2380,
#2381,#2382,#2383,#2384,#2385,#2386,#2387,#2388),.UNSPECIFIED.,.F.,.F.,
(4,2,2,2,2,2,4),(0.,0.24891991542108,0.497839830842161,0.995679661684322,
1.49270567279764,1.74121867835429,1.98973168391095),.UNSPECIFIED.);
#48=B_SPLINE_CURVE_WITH_KNOTS('',3,(#2390,#2391,#2392,#2393,#2394,#2395,
#2396,#2397,#2398,#2399,#2400,#2401,#2402,#2403),.UNSPECIFIED.,.F.,.F.,
(4,2,2,2,2,2,4),(5.96919505173286,6.21770805728951,6.46622106284617,6.96324707395949,
7.46108690480165,7.71000682022273,7.95892673564381),.UNSPECIFIED.);
#49=B_SPLINE_CURVE_WITH_KNOTS('',3,(#2407,#2408,#2409,#2410,#2411,#2412,
#2413,#2414,#2415,#2416,#2417,#2418),.UNSPECIFIED.,.F.,.F.,(4,2,2,2,2,4),
(0.,0.246890862134779,0.493781724269559,0.987563448539117,1.48113045202226,
1.9746974555054),.UNSPECIFIED.);
#50=B_SPLINE_CURVE_WITH_KNOTS('',3,(#2420,#2421,#2422,#2423,#2424,#2425,
#2426,#2427,#2428,#2429,#2430,#2431),.UNSPECIFIED.,.F.,.F.,(4,2,2,2,2,4),
(5.9240923665162,6.41765936999935,6.91122637348249,7.40500809775205,7.65189895988683,
7.89878982202161),.UNSPECIFIED.);
#51=B_SPLINE_CURVE_WITH_KNOTS('',3,(#2432,#2433,#2434,#2435,#2436,#2437,
#2438,#2439,#2440,#2441,#2442,#2443,#2444,#2445,#2446,#2447,#2448,#2449,
#2450,#2451,#2452,#2453),.UNSPECIFIED.,.F.,.F.,(4,2,2,2,2,2,2,2,2,2,4),
(1.9746974555054,2.46826445898854,2.96183146247169,3.45561318674125,3.70250404887602,
3.9493949110108,4.19628577314558,4.44317663528036,4.93695835954992,5.43052536303306,
5.9240923665162),.UNSPECIFIED.);
#52=B_SPLINE_CURVE_WITH_KNOTS('',3,(#2454,#2455,#2456,#2457,#2458,#2459,
#2460,#2461,#2462,#2463,#2464,#2465,#2466,#2467,#2468,#2469,#2470,#2471,
#2472,#2473,#2474,#2475,#2476,#2477,#2478,#2479),.UNSPECIFIED.,.F.,.F.,
(4,2,2,2,2,2,2,2,2,2,2,2,4),(1.98973168391095,2.23824468946761,2.48675769502427,
2.98378370613758,3.48162353697974,3.73054345240082,3.9794633678219,4.22838328324299,
4.47730319866407,4.97514302950623,5.47216904061954,5.7206820461762,5.96919505173286),
 .UNSPECIFIED.);
#53=B_SPLINE_CURVE_WITH_KNOTS('',3,(#2483,#2484,#2485,#2486,#2487,#2488,
#2489,#2490,#2491,#2492,#2493,#2494,#2495,#2496,#2497,#2498,#2499,#2500,
#2501,#2502,#2503,#2504,#2505,#2506,#2507,#2508,#2509,#2510,#2511,#2512,
#2513,#2514,#2515,#2516,#2517,#2518,#2519,#2520),.UNSPECIFIED.,.F.,.F.,
(4,2,2,2,2,2,2,2,2,2,2,2,2,2,2,2,2,2,4),(0.,0.24891991542108,0.497839830842161,
0.995679661684322,1.49270567279764,1.74121867835429,1.98973168391095,2.23824468946761,
2.48675769502427,2.98378370613758,3.48162353697974,3.73054345240083,3.97946336782191,
4.22838328324299,4.47730319866407,4.97514302950623,5.47216904061954,5.7206820461762,
5.96919505173286),.UNSPECIFIED.);
#54=B_SPLINE_CURVE_WITH_KNOTS('',3,(#2521,#2522,#2523,#2524,#2525,#2526,
#2527,#2528,#2529,#2530,#2531,#2532,#2533,#2534),.UNSPECIFIED.,.F.,.F.,
(4,2,2,2,2,2,4),(5.96919505173286,6.21770805728951,6.46622106284617,6.96324707395949,
7.46108690480165,7.71000682022273,7.95892673564381),.UNSPECIFIED.);
#55=B_SPLINE_CURVE_WITH_KNOTS('',3,(#2538,#2539,#2540,#2541,#2542,#2543,
#2544,#2545,#2546,#2547,#2548,#2549),.UNSPECIFIED.,.F.,.F.,(4,2,2,2,2,4),
(0.,0.246890862134779,0.493781724269559,0.987563448539117,1.48113045202226,
1.9746974555054),.UNSPECIFIED.);
#56=B_SPLINE_CURVE_WITH_KNOTS('',3,(#2550,#2551,#2552,#2553,#2554,#2555,
#2556,#2557,#2558,#2559,#2560,#2561,#2562,#2563,#2564,#2565,#2566,#2567,
#2568,#2569,#2570,#2571,#2572,#2573,#2574,#2575,#2576,#2577,#2578,#2579,
#2580,#2581),.UNSPECIFIED.,.F.,.F.,(4,2,2,2,2,2,2,2,2,2,2,2,2,2,2,4),(1.9746974555054,
2.46826445898854,2.96183146247169,3.45561318674125,3.70250404887603,3.9493949110108,
4.19628577314558,4.44317663528036,4.93695835954992,5.43052536303306,5.92409236651621,
6.41765936999935,6.91122637348249,7.40500809775205,7.65189895988683,7.89878982202161),
 .UNSPECIFIED.);
#57=B_SPLINE_CURVE_WITH_KNOTS('',3,(#2585,#2586,#2587,#2588,#2589,#2590,
#2591,#2592,#2593,#2594,#2595,#2596,#2597,#2598,#2599,#2600,#2601,#2602,
#2603,#2604,#2605,#2606,#2607,#2608,#2609,#2610,#2611,#2612,#2613,#2614,
#2615,#2616,#2617,#2618,#2619,#2620,#2621,#2622),.UNSPECIFIED.,.F.,.F.,
(4,2,2,2,2,2,2,2,2,2,2,2,2,2,2,2,2,2,4),(0.,0.24891991542108,0.497839830842161,
0.995679661684322,1.49270567279764,1.74121867835429,1.98973168391095,2.23824468946761,
2.48675769502427,2.98378370613758,3.48162353697974,3.73054345240082,3.9794633678219,
4.22838328324298,4.47730319866406,4.97514302950622,5.47216904061954,5.7206820461762,
5.96919505173286),.UNSPECIFIED.);
#58=B_SPLINE_CURVE_WITH_KNOTS('',3,(#2623,#2624,#2625,#2626,#2627,#2628,
#2629,#2630,#2631,#2632,#2633,#2634,#2635,#2636),.UNSPECIFIED.,.F.,.F.,
(4,2,2,2,2,2,4),(5.96919505173286,6.21770805728951,6.46622106284617,6.96324707395949,
7.46108690480165,7.71000682022273,7.95892673564381),.UNSPECIFIED.);
#59=B_SPLINE_CURVE_WITH_KNOTS('',3,(#2640,#2641,#2642,#2643,#2644,#2645,
#2646,#2647,#2648,#2649,#2650,#2651),.UNSPECIFIED.,.F.,.F.,(4,2,2,2,2,4),
(0.,0.246890862134778,0.493781724269557,0.987563448539114,1.48113045202226,
1.9746974555054),.UNSPECIFIED.);
#60=B_SPLINE_CURVE_WITH_KNOTS('',3,(#2652,#2653,#2654,#2655,#2656,#2657,
#2658,#2659,#2660,#2661,#2662,#2663,#2664,#2665,#2666,#2667,#2668,#2669,
#2670,#2671,#2672,#2673,#2674,#2675,#2676,#2677,#2678,#2679,#2680,#2681,
#2682,#2683),.UNSPECIFIED.,.F.,.F.,(4,2,2,2,2,2,2,2,2,2,2,2,2,2,2,4),(1.9746974555054,
2.46826445898854,2.96183146247169,3.45561318674124,3.70250404887602,3.9493949110108,
4.19628577314558,4.44317663528036,4.93695835954992,5.43052536303306,5.9240923665162,
6.41765936999935,6.91122637348249,7.40500809775205,7.65189895988683,7.89878982202161),
 .UNSPECIFIED.);
#61=B_SPLINE_CURVE_WITH_KNOTS('',3,(#2687,#2688,#2689,#2690,#2691,#2692,
#2693,#2694,#2695,#2696,#2697,#2698,#2699,#2700,#2701,#2702,#2703,#2704,
#2705,#2706,#2707,#2708,#2709,#2710,#2711,#2712,#2713,#2714,#2715,#2716,
#2717,#2718,#2719,#2720,#2721,#2722,#2723,#2724),.UNSPECIFIED.,.F.,.F.,
(4,2,2,2,2,2,2,2,2,2,2,2,2,2,2,2,2,2,4),(0.,0.24891991542108,0.497839830842161,
0.995679661684321,1.49270567279764,1.74121867835429,1.98973168391095,2.23824468946761,
2.48675769502427,2.98378370613758,3.48162353697974,3.73054345240082,3.9794633678219,
4.22838328324298,4.47730319866406,4.97514302950622,5.47216904061954,5.7206820461762,
5.96919505173286),.UNSPECIFIED.);
#62=B_SPLINE_CURVE_WITH_KNOTS('',3,(#2725,#2726,#2727,#2728,#2729,#2730,
#2731,#2732,#2733,#2734,#2735,#2736,#2737,#2738),.UNSPECIFIED.,.F.,.F.,
(4,2,2,2,2,2,4),(5.96919505173286,6.21770805728951,6.46622106284617,6.96324707395949,
7.46108690480165,7.71000682022273,7.95892673564381),.UNSPECIFIED.);
#63=B_SPLINE_CURVE_WITH_KNOTS('',3,(#2742,#2743,#2744,#2745,#2746,#2747,
#2748,#2749,#2750,#2751,#2752,#2753),.UNSPECIFIED.,.F.,.F.,(4,2,2,2,2,4),
(0.,0.246890862134778,0.493781724269557,0.987563448539114,1.48113045202226,
1.9746974555054),.UNSPECIFIED.);
#64=B_SPLINE_CURVE_WITH_KNOTS('',3,(#2754,#2755,#2756,#2757,#2758,#2759,
#2760,#2761,#2762,#2763,#2764,#2765,#2766,#2767,#2768,#2769,#2770,#2771,
#2772,#2773,#2774,#2775,#2776,#2777,#2778,#2779,#2780,#2781,#2782,#2783,
#2784,#2785),.UNSPECIFIED.,.F.,.F.,(4,2,2,2,2,2,2,2,2,2,2,2,2,2,2,4),(1.9746974555054,
2.46826445898854,2.96183146247169,3.45561318674124,3.70250404887602,3.9493949110108,
4.19628577314558,4.44317663528036,4.93695835954992,5.43052536303306,5.9240923665162,
6.41765936999935,6.91122637348249,7.40500809775205,7.65189895988683,7.89878982202161),
 .UNSPECIFIED.);
#65=B_SPLINE_CURVE_WITH_KNOTS('',3,(#2789,#2790,#2791,#2792,#2793,#2794,
#2795,#2796,#2797,#2798,#2799,#2800,#2801,#2802,#2803,#2804,#2805,#2806,
#2807,#2808,#2809,#2810,#2811,#2812,#2813,#2814,#2815,#2816,#2817,#2818,
#2819,#2820,#2821,#2822,#2823,#2824,#2825,#2826),.UNSPECIFIED.,.F.,.F.,
(4,2,2,2,2,2,2,2,2,2,2,2,2,2,2,2,2,2,4),(0.,0.24891991542108,0.497839830842161,
0.995679661684322,1.49270567279764,1.74121867835429,1.98973168391095,2.23824468946761,
2.48675769502427,2.98378370613758,3.48162353697974,3.73054345240082,3.9794633678219,
4.22838328324298,4.47730319866406,4.97514302950622,5.47216904061954,5.7206820461762,
5.96919505173285),.UNSPECIFIED.);
#66=B_SPLINE_CURVE_WITH_KNOTS('',3,(#2827,#2828,#2829,#2830,#2831,#2832,
#2833,#2834,#2835,#2836,#2837,#2838,#2839,#2840),.UNSPECIFIED.,.F.,.F.,
(4,2,2,2,2,2,4),(5.96919505173285,6.21770805728951,6.46622106284617,6.96324707395949,
7.46108690480165,7.71000682022273,7.95892673564381),.UNSPECIFIED.);
#67=B_SPLINE_CURVE_WITH_KNOTS('',3,(#2844,#2845,#2846,#2847,#2848,#2849,
#2850,#2851,#2852,#2853,#2854,#2855),.UNSPECIFIED.,.F.,.F.,(4,2,2,2,2,4),
(0.,0.246890862134778,0.493781724269557,0.987563448539114,1.48113045202226,
1.9746974555054),.UNSPECIFIED.);
#68=B_SPLINE_CURVE_WITH_KNOTS('',3,(#2856,#2857,#2858,#2859,#2860,#2861,
#2862,#2863,#2864,#2865,#2866,#2867,#2868,#2869,#2870,#2871,#2872,#2873,
#2874,#2875,#2876,#2877,#2878,#2879,#2880,#2881,#2882,#2883,#2884,#2885,
#2886,#2887),.UNSPECIFIED.,.F.,.F.,(4,2,2,2,2,2,2,2,2,2,2,2,2,2,2,4),(1.9746974555054,
2.46826445898854,2.96183146247168,3.45561318674124,3.70250404887602,3.9493949110108,
4.19628577314558,4.44317663528036,4.93695835954992,5.43052536303306,5.9240923665162,
6.41765936999934,6.91122637348249,7.40500809775205,7.65189895988682,7.8987898220216),
 .UNSPECIFIED.);
#69=B_SPLINE_CURVE_WITH_KNOTS('',3,(#2891,#2892,#2893,#2894,#2895,#2896,
#2897,#2898,#2899,#2900,#2901,#2902,#2903,#2904,#2905,#2906,#2907,#2908,
#2909,#2910,#2911,#2912,#2913,#2914,#2915,#2916,#2917,#2918,#2919,#2920,
#2921,#2922,#2923,#2924,#2925,#2926,#2927,#2928),.UNSPECIFIED.,.F.,.F.,
(4,2,2,2,2,2,2,2,2,2,2,2,2,2,2,2,2,2,4),(0.,0.24891991542108,0.497839830842161,
0.995679661684322,1.49270567279764,1.74121867835429,1.98973168391095,2.23824468946761,
2.48675769502427,2.98378370613758,3.48162353697974,3.73054345240082,3.9794633678219,
4.22838328324298,4.47730319866406,4.97514302950622,5.47216904061954,5.7206820461762,
5.96919505173285),.UNSPECIFIED.);
#70=B_SPLINE_CURVE_WITH_KNOTS('',3,(#2929,#2930,#2931,#2932,#2933,#2934,
#2935,#2936,#2937,#2938,#2939,#2940,#2941,#2942),.UNSPECIFIED.,.F.,.F.,
(4,2,2,2,2,2,4),(5.96919505173285,6.21770805728951,6.46622106284617,6.96324707395948,
7.46108690480165,7.71000682022273,7.95892673564381),.UNSPECIFIED.);
#71=B_SPLINE_CURVE_WITH_KNOTS('',3,(#2946,#2947,#2948,#2949,#2950,#2951,
#2952,#2953,#2954,#2955,#2956,#2957),.UNSPECIFIED.,.F.,.F.,(4,2,2,2,2,4),
(0.,0.246890862134779,0.493781724269557,0.987563448539114,1.48113045202226,
1.9746974555054),.UNSPECIFIED.);
#72=B_SPLINE_CURVE_WITH_KNOTS('',3,(#2958,#2959,#2960,#2961,#2962,#2963,
#2964,#2965,#2966,#2967,#2968,#2969,#2970,#2971,#2972,#2973,#2974,#2975,
#2976,#2977,#2978,#2979,#2980,#2981,#2982,#2983,#2984,#2985,#2986,#2987,
#2988,#2989),.UNSPECIFIED.,.F.,.F.,(4,2,2,2,2,2,2,2,2,2,2,2,2,2,2,4),(1.9746974555054,
2.46826445898854,2.96183146247168,3.45561318674124,3.70250404887602,3.9493949110108,
4.19628577314558,4.44317663528036,4.93695835954992,5.43052536303306,5.9240923665162,
6.41765936999935,6.91122637348249,7.40500809775205,7.65189895988683,7.89878982202161),
 .UNSPECIFIED.);
#73=B_SPLINE_CURVE_WITH_KNOTS('',3,(#2993,#2994,#2995,#2996,#2997,#2998,
#2999,#3000,#3001,#3002,#3003,#3004,#3005,#3006,#3007,#3008,#3009,#3010,
#3011,#3012,#3013,#3014,#3015,#3016,#3017,#3018,#3019,#3020,#3021,#3022,
#3023,#3024,#3025,#3026,#3027,#3028,#3029,#3030),.UNSPECIFIED.,.F.,.F.,
(4,2,2,2,2,2,2,2,2,2,2,2,2,2,2,2,2,2,4),(0.,0.24891991542108,0.497839830842161,
0.995679661684321,1.49270567279764,1.74121867835429,1.98973168391095,2.23824468946761,
2.48675769502427,2.98378370613758,3.48162353697974,3.73054345240082,3.9794633678219,
4.22838328324298,4.47730319866406,4.97514302950623,5.47216904061954,5.7206820461762,
5.96919505173286),.UNSPECIFIED.);
#74=B_SPLINE_CURVE_WITH_KNOTS('',3,(#3031,#3032,#3033,#3034,#3035,#3036,
#3037,#3038,#3039,#3040,#3041,#3042,#3043,#3044),.UNSPECIFIED.,.F.,.F.,
(4,2,2,2,2,2,4),(5.96919505173286,6.21770805728951,6.46622106284617,6.96324707395949,
7.46108690480165,7.71000682022273,7.95892673564381),.UNSPECIFIED.);
#75=B_SPLINE_CURVE_WITH_KNOTS('',3,(#3048,#3049,#3050,#3051,#3052,#3053,
#3054,#3055,#3056,#3057,#3058,#3059),.UNSPECIFIED.,.F.,.F.,(4,2,2,2,2,4),
(0.,0.246890862134779,0.493781724269559,0.987563448539118,1.48113045202226,
1.9746974555054),.UNSPECIFIED.);
#76=B_SPLINE_CURVE_WITH_KNOTS('',3,(#3060,#3061,#3062,#3063,#3064,#3065,
#3066,#3067,#3068,#3069,#3070,#3071,#3072,#3073,#3074,#3075,#3076,#3077,
#3078,#3079,#3080,#3081,#3082,#3083,#3084,#3085,#3086,#3087,#3088,#3089,
#3090,#3091),.UNSPECIFIED.,.F.,.F.,(4,2,2,2,2,2,2,2,2,2,2,2,2,2,2,4),(1.9746974555054,
2.46826445898854,2.96183146247169,3.45561318674125,3.70250404887603,3.9493949110108,
4.19628577314558,4.44317663528036,4.93695835954992,5.43052536303306,5.92409236651621,
6.41765936999935,6.91122637348249,7.40500809775205,7.65189895988683,7.89878982202161),
 .UNSPECIFIED.);
#77=B_SPLINE_CURVE_WITH_KNOTS('',3,(#3095,#3096,#3097,#3098,#3099,#3100,
#3101,#3102,#3103,#3104,#3105,#3106,#3107,#3108,#3109,#3110,#3111,#3112,
#3113,#3114,#3115,#3116,#3117,#3118,#3119,#3120,#3121,#3122,#3123,#3124,
#3125,#3126,#3127,#3128,#3129,#3130,#3131,#3132),.UNSPECIFIED.,.F.,.F.,
(4,2,2,2,2,2,2,2,2,2,2,2,2,2,2,2,2,2,4),(0.,0.24891991542108,0.497839830842161,
0.995679661684321,1.49270567279764,1.74121867835429,1.98973168391095,2.23824468946761,
2.48675769502427,2.98378370613758,3.48162353697974,3.73054345240082,3.9794633678219,
4.22838328324299,4.47730319866407,4.97514302950623,5.47216904061954,5.7206820461762,
5.96919505173286),.UNSPECIFIED.);
#78=B_SPLINE_CURVE_WITH_KNOTS('',3,(#3133,#3134,#3135,#3136,#3137,#3138,
#3139,#3140,#3141,#3142,#3143,#3144,#3145,#3146),.UNSPECIFIED.,.F.,.F.,
(4,2,2,2,2,2,4),(5.96919505173286,6.21770805728951,6.46622106284617,6.96324707395949,
7.46108690480165,7.71000682022273,7.95892673564381),.UNSPECIFIED.);
#79=B_SPLINE_CURVE_WITH_KNOTS('',3,(#3150,#3151,#3152,#3153,#3154,#3155,
#3156,#3157,#3158,#3159,#3160,#3161),.UNSPECIFIED.,.F.,.F.,(4,2,2,2,2,4),
(0.,0.246890862134779,0.493781724269559,0.987563448539118,1.48113045202226,
1.9746974555054),.UNSPECIFIED.);
#80=B_SPLINE_CURVE_WITH_KNOTS('',3,(#3162,#3163,#3164,#3165,#3166,#3167,
#3168,#3169,#3170,#3171,#3172,#3173,#3174,#3175,#3176,#3177,#3178,#3179,
#3180,#3181,#3182,#3183,#3184,#3185,#3186,#3187,#3188,#3189,#3190,#3191,
#3192,#3193),.UNSPECIFIED.,.F.,.F.,(4,2,2,2,2,2,2,2,2,2,2,2,2,2,2,4),(1.9746974555054,
2.46826445898854,2.96183146247169,3.45561318674125,3.70250404887603,3.9493949110108,
4.19628577314558,4.44317663528036,4.93695835954992,5.43052536303306,5.92409236651621,
6.41765936999935,6.91122637348249,7.40500809775205,7.65189895988683,7.89878982202161),
 .UNSPECIFIED.);
#81=B_SPLINE_CURVE_WITH_KNOTS('',3,(#3197,#3198,#3199,#3200,#3201,#3202,
#3203,#3204,#3205,#3206,#3207,#3208,#3209,#3210),.UNSPECIFIED.,.F.,.F.,
(4,2,2,2,2,2,4),(0.,0.24891991542108,0.497839830842161,0.995679661684322,
1.49270567279764,1.74121867835429,1.98973168391095),.UNSPECIFIED.);
#82=B_SPLINE_CURVE_WITH_KNOTS('',3,(#3212,#3213,#3214,#3215,#3216,#3217,
#3218,#3219,#3220,#3221,#3222,#3223,#3224,#3225),.UNSPECIFIED.,.F.,.F.,
(4,2,2,2,2,2,4),(5.96919505173286,6.21770805728951,6.46622106284617,6.96324707395949,
7.46108690480165,7.71000682022273,7.95892673564381),.UNSPECIFIED.);
#83=B_SPLINE_CURVE_WITH_KNOTS('',3,(#3229,#3230,#3231,#3232,#3233,#3234,
#3235,#3236,#3237,#3238,#3239,#3240),.UNSPECIFIED.,.F.,.F.,(4,2,2,2,2,4),
(0.,0.246890862134779,0.493781724269559,0.987563448539117,1.48113045202226,
1.9746974555054),.UNSPECIFIED.);
#84=B_SPLINE_CURVE_WITH_KNOTS('',3,(#3242,#3243,#3244,#3245,#3246,#3247,
#3248,#3249,#3250,#3251,#3252,#3253),.UNSPECIFIED.,.F.,.F.,(4,2,2,2,2,4),
(5.9240923665162,6.41765936999935,6.91122637348249,7.40500809775205,7.65189895988683,
7.89878982202161),.UNSPECIFIED.);
#85=B_SPLINE_CURVE_WITH_KNOTS('',3,(#3254,#3255,#3256,#3257,#3258,#3259,
#3260,#3261,#3262,#3263,#3264,#3265,#3266,#3267,#3268,#3269,#3270,#3271,
#3272,#3273,#3274,#3275),.UNSPECIFIED.,.F.,.F.,(4,2,2,2,2,2,2,2,2,2,4),
(1.9746974555054,2.46826445898854,2.96183146247169,3.45561318674125,3.70250404887602,
3.9493949110108,4.19628577314558,4.44317663528036,4.93695835954992,5.43052536303306,
5.9240923665162),.UNSPECIFIED.);
#86=B_SPLINE_CURVE_WITH_KNOTS('',3,(#3276,#3277,#3278,#3279,#3280,#3281,
#3282,#3283,#3284,#3285,#3286,#3287,#3288,#3289,#3290,#3291,#3292,#3293,
#3294,#3295,#3296,#3297,#3298,#3299,#3300,#3301),.UNSPECIFIED.,.F.,.F.,
(4,2,2,2,2,2,2,2,2,2,2,2,4),(1.98973168391095,2.23824468946761,2.48675769502427,
2.98378370613758,3.48162353697974,3.73054345240082,3.9794633678219,4.22838328324299,
4.47730319866407,4.97514302950623,5.47216904061954,5.7206820461762,5.96919505173286),
 .UNSPECIFIED.);
#87=B_SPLINE_CURVE_WITH_KNOTS('',3,(#3305,#3306,#3307,#3308,#3309,#3310,
#3311,#3312,#3313,#3314,#3315,#3316,#3317,#3318,#3319,#3320,#3321,#3322,
#3323,#3324,#3325,#3326,#3327,#3328,#3329,#3330,#3331,#3332,#3333,#3334,
#3335,#3336,#3337,#3338,#3339,#3340,#3341,#3342),.UNSPECIFIED.,.F.,.F.,
(4,2,2,2,2,2,2,2,2,2,2,2,2,2,2,2,2,2,4),(0.,0.24891991542108,0.497839830842161,
0.995679661684322,1.49270567279764,1.74121867835429,1.98973168391095,2.23824468946761,
2.48675769502427,2.98378370613758,3.48162353697974,3.73054345240083,3.97946336782191,
4.22838328324299,4.47730319866407,4.97514302950623,5.47216904061954,5.7206820461762,
5.96919505173286),.UNSPECIFIED.);
#88=B_SPLINE_CURVE_WITH_KNOTS('',3,(#3343,#3344,#3345,#3346,#3347,#3348,
#3349,#3350,#3351,#3352,#3353,#3354,#3355,#3356),.UNSPECIFIED.,.F.,.F.,
(4,2,2,2,2,2,4),(5.96919505173286,6.21770805728951,6.46622106284617,6.96324707395949,
7.46108690480165,7.71000682022273,7.95892673564381),.UNSPECIFIED.);
#89=B_SPLINE_CURVE_WITH_KNOTS('',3,(#3360,#3361,#3362,#3363,#3364,#3365,
#3366,#3367,#3368,#3369,#3370,#3371),.UNSPECIFIED.,.F.,.F.,(4,2,2,2,2,4),
(0.,0.246890862134779,0.493781724269559,0.987563448539117,1.48113045202226,
1.9746974555054),.UNSPECIFIED.);
#90=B_SPLINE_CURVE_WITH_KNOTS('',3,(#3372,#3373,#3374,#3375,#3376,#3377,
#3378,#3379,#3380,#3381,#3382,#3383,#3384,#3385,#3386,#3387,#3388,#3389,
#3390,#3391,#3392,#3393,#3394,#3395,#3396,#3397,#3398,#3399,#3400,#3401,
#3402,#3403),.UNSPECIFIED.,.F.,.F.,(4,2,2,2,2,2,2,2,2,2,2,2,2,2,2,4),(1.9746974555054,
2.46826445898854,2.96183146247169,3.45561318674125,3.70250404887603,3.9493949110108,
4.19628577314558,4.44317663528036,4.93695835954992,5.43052536303306,5.92409236651621,
6.41765936999935,6.91122637348249,7.40500809775205,7.65189895988683,7.89878982202161),
 .UNSPECIFIED.);
#91=B_SPLINE_CURVE_WITH_KNOTS('',3,(#3407,#3408,#3409,#3410,#3411,#3412,
#3413,#3414,#3415,#3416,#3417,#3418,#3419,#3420,#3421,#3422,#3423,#3424,
#3425,#3426,#3427,#3428,#3429,#3430,#3431,#3432,#3433,#3434,#3435,#3436,
#3437,#3438,#3439,#3440,#3441,#3442,#3443,#3444),.UNSPECIFIED.,.F.,.F.,
(4,2,2,2,2,2,2,2,2,2,2,2,2,2,2,2,2,2,4),(0.,0.24891991542108,0.497839830842161,
0.995679661684322,1.49270567279764,1.74121867835429,1.98973168391095,2.23824468946761,
2.48675769502427,2.98378370613758,3.48162353697974,3.73054345240082,3.9794633678219,
4.22838328324298,4.47730319866406,4.97514302950622,5.47216904061954,5.7206820461762,
5.96919505173286),.UNSPECIFIED.);
#92=B_SPLINE_CURVE_WITH_KNOTS('',3,(#3445,#3446,#3447,#3448,#3449,#3450,
#3451,#3452,#3453,#3454,#3455,#3456,#3457,#3458),.UNSPECIFIED.,.F.,.F.,
(4,2,2,2,2,2,4),(5.96919505173286,6.21770805728951,6.46622106284617,6.96324707395949,
7.46108690480165,7.71000682022273,7.95892673564381),.UNSPECIFIED.);
#93=B_SPLINE_CURVE_WITH_KNOTS('',3,(#3462,#3463,#3464,#3465,#3466,#3467,
#3468,#3469,#3470,#3471,#3472,#3473),.UNSPECIFIED.,.F.,.F.,(4,2,2,2,2,4),
(0.,0.246890862134779,0.493781724269558,0.987563448539116,1.48113045202226,
1.9746974555054),.UNSPECIFIED.);
#94=B_SPLINE_CURVE_WITH_KNOTS('',3,(#3474,#3475,#3476,#3477,#3478,#3479,
#3480,#3481,#3482,#3483,#3484,#3485,#3486,#3487,#3488,#3489,#3490,#3491,
#3492,#3493,#3494,#3495,#3496,#3497,#3498,#3499,#3500,#3501,#3502,#3503,
#3504,#3505),.UNSPECIFIED.,.F.,.F.,(4,2,2,2,2,2,2,2,2,2,2,2,2,2,2,4),(1.9746974555054,
2.46826445898854,2.96183146247169,3.45561318674125,3.70250404887602,3.9493949110108,
4.19628577314558,4.44317663528036,4.93695835954992,5.43052536303306,5.9240923665162,
6.41765936999935,6.91122637348249,7.40500809775205,7.65189895988683,7.89878982202161),
 .UNSPECIFIED.);
#95=B_SPLINE_CURVE_WITH_KNOTS('',3,(#3509,#3510,#3511,#3512,#3513,#3514,
#3515,#3516,#3517,#3518,#3519,#3520,#3521,#3522,#3523,#3524,#3525,#3526,
#3527,#3528,#3529,#3530,#3531,#3532,#3533,#3534,#3535,#3536,#3537,#3538,
#3539,#3540,#3541,#3542,#3543,#3544,#3545,#3546),.UNSPECIFIED.,.F.,.F.,
(4,2,2,2,2,2,2,2,2,2,2,2,2,2,2,2,2,2,4),(0.,0.24891991542108,0.497839830842161,
0.995679661684321,1.49270567279764,1.74121867835429,1.98973168391095,2.23824468946761,
2.48675769502427,2.98378370613758,3.48162353697974,3.73054345240082,3.9794633678219,
4.22838328324298,4.47730319866406,4.97514302950623,5.47216904061954,5.7206820461762,
5.96919505173286),.UNSPECIFIED.);
#96=B_SPLINE_CURVE_WITH_KNOTS('',3,(#3547,#3548,#3549,#3550,#3551,#3552,
#3553,#3554,#3555,#3556,#3557,#3558,#3559,#3560),.UNSPECIFIED.,.F.,.F.,
(4,2,2,2,2,2,4),(5.96919505173286,6.21770805728952,6.46622106284617,6.96324707395949,
7.46108690480165,7.71000682022273,7.95892673564381),.UNSPECIFIED.);
#97=B_SPLINE_CURVE_WITH_KNOTS('',3,(#3564,#3565,#3566,#3567,#3568,#3569,
#3570,#3571,#3572,#3573,#3574,#3575),.UNSPECIFIED.,.F.,.F.,(4,2,2,2,2,4),
(0.,0.246890862134779,0.493781724269558,0.987563448539116,1.48113045202226,
1.9746974555054),.UNSPECIFIED.);
#98=B_SPLINE_CURVE_WITH_KNOTS('',3,(#3576,#3577,#3578,#3579,#3580,#3581,
#3582,#3583,#3584,#3585,#3586,#3587,#3588,#3589,#3590,#3591,#3592,#3593,
#3594,#3595,#3596,#3597,#3598,#3599,#3600,#3601,#3602,#3603,#3604,#3605,
#3606,#3607),.UNSPECIFIED.,.F.,.F.,(4,2,2,2,2,2,2,2,2,2,2,2,2,2,2,4),(1.9746974555054,
2.46826445898854,2.96183146247169,3.45561318674125,3.70250404887602,3.9493949110108,
4.19628577314558,4.44317663528036,4.93695835954992,5.43052536303306,5.9240923665162,
6.41765936999935,6.91122637348249,7.40500809775205,7.65189895988683,7.89878982202161),
 .UNSPECIFIED.);
#99=B_SPLINE_CURVE_WITH_KNOTS('',3,(#3611,#3612,#3613,#3614,#3615,#3616,
#3617,#3618,#3619,#3620,#3621,#3622,#3623,#3624,#3625,#3626,#3627,#3628,
#3629,#3630,#3631,#3632,#3633,#3634,#3635,#3636,#3637,#3638,#3639,#3640,
#3641,#3642,#3643,#3644,#3645,#3646,#3647,#3648),.UNSPECIFIED.,.F.,.F.,
(4,2,2,2,2,2,2,2,2,2,2,2,2,2,2,2,2,2,4),(0.,0.24891991542108,0.497839830842161,
0.995679661684322,1.49270567279764,1.74121867835429,1.98973168391095,2.23824468946761,
2.48675769502427,2.98378370613758,3.48162353697974,3.73054345240082,3.9794633678219,
4.22838328324298,4.47730319866406,4.97514302950622,5.47216904061954,5.7206820461762,
5.96919505173286),.UNSPECIFIED.);
#100=B_SPLINE_CURVE_WITH_KNOTS('',3,(#3649,#3650,#3651,#3652,#3653,#3654,
#3655,#3656,#3657,#3658,#3659,#3660,#3661,#3662),.UNSPECIFIED.,.F.,.F.,
(4,2,2,2,2,2,4),(5.96919505173286,6.21770805728951,6.46622106284617,6.96324707395949,
7.46108690480165,7.71000682022273,7.95892673564381),.UNSPECIFIED.);
#101=B_SPLINE_CURVE_WITH_KNOTS('',3,(#3666,#3667,#3668,#3669,#3670,#3671,
#3672,#3673,#3674,#3675,#3676,#3677),.UNSPECIFIED.,.F.,.F.,(4,2,2,2,2,4),
(0.,0.246890862134779,0.493781724269558,0.987563448539116,1.48113045202226,
1.9746974555054),.UNSPECIFIED.);
#102=B_SPLINE_CURVE_WITH_KNOTS('',3,(#3678,#3679,#3680,#3681,#3682,#3683,
#3684,#3685,#3686,#3687,#3688,#3689,#3690,#3691,#3692,#3693,#3694,#3695,
#3696,#3697,#3698,#3699,#3700,#3701,#3702,#3703,#3704,#3705,#3706,#3707,
#3708,#3709),.UNSPECIFIED.,.F.,.F.,(4,2,2,2,2,2,2,2,2,2,2,2,2,2,2,4),(1.9746974555054,
2.46826445898854,2.96183146247169,3.45561318674124,3.70250404887602,3.9493949110108,
4.19628577314558,4.44317663528036,4.93695835954992,5.43052536303306,5.9240923665162,
6.41765936999934,6.91122637348249,7.40500809775205,7.65189895988682,7.8987898220216),
 .UNSPECIFIED.);
#103=B_SPLINE_CURVE_WITH_KNOTS('',3,(#3713,#3714,#3715,#3716,#3717,#3718,
#3719,#3720,#3721,#3722,#3723,#3724,#3725,#3726,#3727,#3728,#3729,#3730,
#3731,#3732,#3733,#3734,#3735,#3736,#3737,#3738,#3739,#3740,#3741,#3742,
#3743,#3744,#3745,#3746,#3747,#3748,#3749,#3750),.UNSPECIFIED.,.F.,.F.,
(4,2,2,2,2,2,2,2,2,2,2,2,2,2,2,2,2,2,4),(0.,0.24891991542108,0.497839830842161,
0.995679661684322,1.49270567279764,1.74121867835429,1.98973168391095,2.23824468946761,
2.48675769502427,2.98378370613758,3.48162353697974,3.73054345240082,3.9794633678219,
4.22838328324298,4.47730319866406,4.97514302950622,5.47216904061954,5.7206820461762,
5.96919505173286),.UNSPECIFIED.);
#104=B_SPLINE_CURVE_WITH_KNOTS('',3,(#3751,#3752,#3753,#3754,#3755,#3756,
#3757,#3758,#3759,#3760,#3761,#3762,#3763,#3764),.UNSPECIFIED.,.F.,.F.,
(4,2,2,2,2,2,4),(5.96919505173286,6.21770805728951,6.46622106284617,6.96324707395949,
7.46108690480165,7.71000682022273,7.95892673564381),.UNSPECIFIED.);
#105=B_SPLINE_CURVE_WITH_KNOTS('',3,(#3768,#3769,#3770,#3771,#3772,#3773,
#3774,#3775,#3776,#3777,#3778,#3779),.UNSPECIFIED.,.F.,.F.,(4,2,2,2,2,4),
(0.,0.246890862134779,0.493781724269558,0.987563448539116,1.48113045202226,
1.9746974555054),.UNSPECIFIED.);
#106=B_SPLINE_CURVE_WITH_KNOTS('',3,(#3780,#3781,#3782,#3783,#3784,#3785,
#3786,#3787,#3788,#3789,#3790,#3791,#3792,#3793,#3794,#3795,#3796,#3797,
#3798,#3799,#3800,#3801,#3802,#3803,#3804,#3805,#3806,#3807,#3808,#3809,
#3810,#3811),.UNSPECIFIED.,.F.,.F.,(4,2,2,2,2,2,2,2,2,2,2,2,2,2,2,4),(1.9746974555054,
2.46826445898854,2.96183146247169,3.45561318674124,3.70250404887602,3.9493949110108,
4.19628577314558,4.44317663528036,4.93695835954992,5.43052536303306,5.9240923665162,
6.41765936999935,6.91122637348249,7.40500809775205,7.65189895988683,7.89878982202161),
 .UNSPECIFIED.);
#107=B_SPLINE_CURVE_WITH_KNOTS('',3,(#3815,#3816,#3817,#3818,#3819,#3820,
#3821,#3822,#3823,#3824,#3825,#3826,#3827,#3828,#3829,#3830,#3831,#3832,
#3833,#3834,#3835,#3836,#3837,#3838,#3839,#3840,#3841,#3842,#3843,#3844,
#3845,#3846,#3847,#3848,#3849,#3850,#3851,#3852),.UNSPECIFIED.,.F.,.F.,
(4,2,2,2,2,2,2,2,2,2,2,2,2,2,2,2,2,2,4),(0.,0.24891991542108,0.49783983084216,
0.99567966168432,1.49270567279764,1.74121867835429,1.98973168391095,2.23824468946761,
2.48675769502427,2.98378370613758,3.48162353697974,3.73054345240082,3.9794633678219,
4.22838328324298,4.47730319866406,4.97514302950622,5.47216904061954,5.7206820461762,
5.96919505173285),.UNSPECIFIED.);
#108=B_SPLINE_CURVE_WITH_KNOTS('',3,(#3853,#3854,#3855,#3856,#3857,#3858,
#3859,#3860,#3861,#3862,#3863,#3864,#3865,#3866),.UNSPECIFIED.,.F.,.F.,
(4,2,2,2,2,2,4),(5.96919505173285,6.21770805728951,6.46622106284617,6.96324707395948,
7.46108690480165,7.71000682022273,7.9589267356438),.UNSPECIFIED.);
#109=B_SPLINE_CURVE_WITH_KNOTS('',3,(#3870,#3871,#3872,#3873,#3874,#3875,
#3876,#3877,#3878,#3879,#3880,#3881),.UNSPECIFIED.,.F.,.F.,(4,2,2,2,2,4),
(0.,0.246890862134779,0.493781724269558,0.987563448539116,1.48113045202226,
1.9746974555054),.UNSPECIFIED.);
#110=B_SPLINE_CURVE_WITH_KNOTS('',3,(#3882,#3883,#3884,#3885,#3886,#3887,
#3888,#3889,#3890,#3891,#3892,#3893,#3894,#3895,#3896,#3897,#3898,#3899,
#3900,#3901,#3902,#3903,#3904,#3905,#3906,#3907,#3908,#3909,#3910,#3911,
#3912,#3913),.UNSPECIFIED.,.F.,.F.,(4,2,2,2,2,2,2,2,2,2,2,2,2,2,2,4),(1.9746974555054,
2.46826445898854,2.96183146247169,3.45561318674124,3.70250404887602,3.9493949110108,
4.19628577314558,4.44317663528036,4.93695835954992,5.43052536303306,5.9240923665162,
6.41765936999935,6.91122637348249,7.40500809775205,7.65189895988682,7.8987898220216),
 .UNSPECIFIED.);
#111=B_SPLINE_CURVE_WITH_KNOTS('',3,(#3917,#3918,#3919,#3920,#3921,#3922,
#3923,#3924,#3925,#3926,#3927,#3928,#3929,#3930,#3931,#3932,#3933,#3934,
#3935,#3936,#3937,#3938,#3939,#3940,#3941,#3942,#3943,#3944,#3945,#3946,
#3947,#3948,#3949,#3950,#3951,#3952,#3953,#3954),.UNSPECIFIED.,.F.,.F.,
(4,2,2,2,2,2,2,2,2,2,2,2,2,2,2,2,2,2,4),(0.,0.24891991542108,0.49783983084216,
0.99567966168432,1.49270567279764,1.74121867835429,1.98973168391095,2.23824468946761,
2.48675769502427,2.98378370613758,3.48162353697974,3.73054345240082,3.9794633678219,
4.22838328324298,4.47730319866406,4.97514302950622,5.47216904061954,5.7206820461762,
5.96919505173285),.UNSPECIFIED.);
#112=B_SPLINE_CURVE_WITH_KNOTS('',3,(#3955,#3956,#3957,#3958,#3959,#3960,
#3961,#3962,#3963,#3964,#3965,#3966,#3967,#3968),.UNSPECIFIED.,.F.,.F.,
(4,2,2,2,2,2,4),(5.96919505173285,6.21770805728951,6.46622106284617,6.96324707395948,
7.46108690480165,7.71000682022273,7.9589267356438),.UNSPECIFIED.);
#113=B_SPLINE_CURVE_WITH_KNOTS('',3,(#3972,#3973,#3974,#3975,#3976,#3977,
#3978,#3979,#3980,#3981,#3982,#3983),.UNSPECIFIED.,.F.,.F.,(4,2,2,2,2,4),
(0.,0.246890862134779,0.493781724269558,0.987563448539115,1.48113045202226,
1.9746974555054),.UNSPECIFIED.);
#114=B_SPLINE_CURVE_WITH_KNOTS('',3,(#3984,#3985,#3986,#3987,#3988,#3989,
#3990,#3991,#3992,#3993,#3994,#3995,#3996,#3997,#3998,#3999,#4000,#4001,
#4002,#4003,#4004,#4005,#4006,#4007,#4008,#4009,#4010,#4011,#4012,#4013,
#4014,#4015),.UNSPECIFIED.,.F.,.F.,(4,2,2,2,2,2,2,2,2,2,2,2,2,2,2,4),(1.9746974555054,
2.46826445898854,2.96183146247169,3.45561318674124,3.70250404887602,3.9493949110108,
4.19628577314558,4.44317663528036,4.93695835954992,5.43052536303306,5.9240923665162,
6.41765936999935,6.91122637348249,7.40500809775205,7.65189895988682,7.8987898220216),
 .UNSPECIFIED.);
#115=B_SPLINE_CURVE_WITH_KNOTS('',3,(#4019,#4020,#4021,#4022,#4023,#4024,
#4025,#4026,#4027,#4028,#4029,#4030,#4031,#4032),.UNSPECIFIED.,.F.,.F.,
(4,2,2,2,2,2,4),(0.,0.24891991542108,0.49783983084216,0.99567966168432,
1.49270567279764,1.74121867835429,1.98973168391095),.UNSPECIFIED.);
#116=B_SPLINE_CURVE_WITH_KNOTS('',3,(#4034,#4035,#4036,#4037,#4038,#4039,
#4040,#4041,#4042,#4043,#4044,#4045,#4046,#4047),.UNSPECIFIED.,.F.,.F.,
(4,2,2,2,2,2,4),(5.96919505173286,6.21770805728951,6.46622106284617,6.96324707395949,
7.46108690480165,7.71000682022273,7.95892673564381),.UNSPECIFIED.);
#117=B_SPLINE_CURVE_WITH_KNOTS('',3,(#4051,#4052,#4053,#4054,#4055,#4056,
#4057,#4058,#4059,#4060,#4061,#4062),.UNSPECIFIED.,.F.,.F.,(4,2,2,2,2,4),
(0.,0.246890862134779,0.493781724269558,0.987563448539115,1.48113045202226,
1.9746974555054),.UNSPECIFIED.);
#118=B_SPLINE_CURVE_WITH_KNOTS('',3,(#4064,#4065,#4066,#4067,#4068,#4069,
#4070,#4071,#4072,#4073,#4074,#4075),.UNSPECIFIED.,.F.,.F.,(4,2,2,2,2,4),
(5.9240923665162,6.41765936999935,6.91122637348249,7.40500809775205,7.65189895988682,
7.8987898220216),.UNSPECIFIED.);
#119=B_SPLINE_CURVE_WITH_KNOTS('',3,(#4076,#4077,#4078,#4079,#4080,#4081,
#4082,#4083,#4084,#4085,#4086,#4087,#4088,#4089,#4090,#4091,#4092,#4093,
#4094,#4095,#4096,#4097),.UNSPECIFIED.,.F.,.F.,(4,2,2,2,2,2,2,2,2,2,4),
(1.9746974555054,2.46826445898854,2.96183146247169,3.45561318674124,3.70250404887602,
3.9493949110108,4.19628577314558,4.44317663528036,4.93695835954992,5.43052536303306,
5.9240923665162),.UNSPECIFIED.);
#120=B_SPLINE_CURVE_WITH_KNOTS('',3,(#4098,#4099,#4100,#4101,#4102,#4103,
#4104,#4105,#4106,#4107,#4108,#4109,#4110,#4111,#4112,#4113,#4114,#4115,
#4116,#4117,#4118,#4119,#4120,#4121,#4122,#4123),.UNSPECIFIED.,.F.,.F.,
(4,2,2,2,2,2,2,2,2,2,2,2,4),(1.98973168391095,2.23824468946761,2.48675769502427,
2.98378370613758,3.48162353697974,3.73054345240082,3.9794633678219,4.22838328324298,
4.47730319866406,4.97514302950622,5.47216904061954,5.7206820461762,5.96919505173286),
 .UNSPECIFIED.);
#121=B_SPLINE_CURVE_WITH_KNOTS('',3,(#4127,#4128,#4129,#4130,#4131,#4132,
#4133,#4134,#4135,#4136,#4137,#4138,#4139,#4140,#4141,#4142,#4143,#4144,
#4145,#4146,#4147,#4148,#4149,#4150,#4151,#4152,#4153,#4154,#4155,#4156,
#4157,#4158,#4159,#4160,#4161,#4162,#4163,#4164),.UNSPECIFIED.,.F.,.F.,
(4,2,2,2,2,2,2,2,2,2,2,2,2,2,2,2,2,2,4),(0.,0.24891991542108,0.49783983084216,
0.99567966168432,1.49270567279764,1.74121867835429,1.98973168391095,2.23824468946761,
2.48675769502427,2.98378370613758,3.48162353697974,3.73054345240082,3.9794633678219,
4.22838328324298,4.47730319866406,4.97514302950622,5.47216904061954,5.7206820461762,
5.96919505173285),.UNSPECIFIED.);
#122=B_SPLINE_CURVE_WITH_KNOTS('',3,(#4165,#4166,#4167,#4168,#4169,#4170,
#4171,#4172,#4173,#4174,#4175,#4176,#4177,#4178),.UNSPECIFIED.,.F.,.F.,
(4,2,2,2,2,2,4),(5.96919505173285,6.21770805728951,6.46622106284617,6.96324707395949,
7.46108690480165,7.71000682022273,7.95892673564381),.UNSPECIFIED.);
#123=B_SPLINE_CURVE_WITH_KNOTS('',3,(#4182,#4183,#4184,#4185,#4186,#4187,
#4188,#4189,#4190,#4191,#4192,#4193),.UNSPECIFIED.,.F.,.F.,(4,2,2,2,2,4),
(0.,0.246890862134779,0.493781724269558,0.987563448539115,1.48113045202226,
1.9746974555054),.UNSPECIFIED.);
#124=B_SPLINE_CURVE_WITH_KNOTS('',3,(#4194,#4195,#4196,#4197,#4198,#4199,
#4200,#4201,#4202,#4203,#4204,#4205,#4206,#4207,#4208,#4209,#4210,#4211,
#4212,#4213,#4214,#4215,#4216,#4217,#4218,#4219,#4220,#4221,#4222,#4223,
#4224,#4225),.UNSPECIFIED.,.F.,.F.,(4,2,2,2,2,2,2,2,2,2,2,2,2,2,2,4),(1.9746974555054,
2.46826445898854,2.96183146247169,3.45561318674124,3.70250404887602,3.9493949110108,
4.19628577314558,4.44317663528036,4.93695835954992,5.43052536303306,5.9240923665162,
6.41765936999934,6.91122637348249,7.40500809775205,7.65189895988683,7.8987898220216),
 .UNSPECIFIED.);
#125=B_SPLINE_CURVE_WITH_KNOTS('',3,(#4229,#4230,#4231,#4232,#4233,#4234,
#4235,#4236,#4237,#4238,#4239,#4240,#4241,#4242,#4243,#4244,#4245,#4246,
#4247,#4248,#4249,#4250,#4251,#4252,#4253,#4254,#4255,#4256,#4257,#4258,
#4259,#4260,#4261,#4262,#4263,#4264,#4265,#4266),.UNSPECIFIED.,.F.,.F.,
(4,2,2,2,2,2,2,2,2,2,2,2,2,2,2,2,2,2,4),(0.,0.24891991542108,0.49783983084216,
0.99567966168432,1.49270567279764,1.74121867835429,1.98973168391095,2.23824468946761,
2.48675769502427,2.98378370613758,3.48162353697974,3.73054345240082,3.9794633678219,
4.22838328324298,4.47730319866406,4.97514302950622,5.47216904061954,5.7206820461762,
5.96919505173286),.UNSPECIFIED.);
#126=B_SPLINE_CURVE_WITH_KNOTS('',3,(#4267,#4268,#4269,#4270,#4271,#4272,
#4273,#4274,#4275,#4276,#4277,#4278,#4279,#4280),.UNSPECIFIED.,.F.,.F.,
(4,2,2,2,2,2,4),(5.96919505173286,6.21770805728951,6.46622106284617,6.96324707395949,
7.46108690480165,7.71000682022273,7.95892673564381),.UNSPECIFIED.);
#127=B_SPLINE_CURVE_WITH_KNOTS('',3,(#4284,#4285,#4286,#4287,#4288,#4289,
#4290,#4291,#4292,#4293,#4294,#4295),.UNSPECIFIED.,.F.,.F.,(4,2,2,2,2,4),
(0.,0.246890862134779,0.493781724269558,0.987563448539116,1.48113045202226,
1.9746974555054),.UNSPECIFIED.);
#128=B_SPLINE_CURVE_WITH_KNOTS('',3,(#4296,#4297,#4298,#4299,#4300,#4301,
#4302,#4303,#4304,#4305,#4306,#4307,#4308,#4309,#4310,#4311,#4312,#4313,
#4314,#4315,#4316,#4317,#4318,#4319,#4320,#4321,#4322,#4323,#4324,#4325,
#4326,#4327),.UNSPECIFIED.,.F.,.F.,(4,2,2,2,2,2,2,2,2,2,2,2,2,2,2,4),(1.9746974555054,
2.46826445898854,2.96183146247169,3.45561318674125,3.70250404887602,3.9493949110108,
4.19628577314558,4.44317663528036,4.93695835954992,5.43052536303306,5.9240923665162,
6.41765936999935,6.91122637348249,7.40500809775205,7.65189895988683,7.89878982202161),
 .UNSPECIFIED.);
#129=B_SPLINE_CURVE_WITH_KNOTS('',3,(#4331,#4332,#4333,#4334,#4335,#4336,
#4337,#4338,#4339,#4340,#4341,#4342,#4343,#4344,#4345,#4346,#4347,#4348,
#4349,#4350,#4351,#4352,#4353,#4354,#4355,#4356,#4357,#4358,#4359,#4360,
#4361,#4362,#4363,#4364,#4365,#4366,#4367,#4368),.UNSPECIFIED.,.F.,.F.,
(4,2,2,2,2,2,2,2,2,2,2,2,2,2,2,2,2,2,4),(0.,0.24891991542108,0.49783983084216,
0.99567966168432,1.49270567279764,1.74121867835429,1.98973168391095,2.23824468946761,
2.48675769502427,2.98378370613758,3.48162353697974,3.73054345240082,3.9794633678219,
4.22838328324298,4.47730319866406,4.97514302950622,5.47216904061954,5.7206820461762,
5.96919505173286),.UNSPECIFIED.);
#130=B_SPLINE_CURVE_WITH_KNOTS('',3,(#4369,#4370,#4371,#4372,#4373,#4374,
#4375,#4376,#4377,#4378,#4379,#4380,#4381,#4382),.UNSPECIFIED.,.F.,.F.,
(4,2,2,2,2,2,4),(5.96919505173286,6.21770805728951,6.46622106284617,6.96324707395949,
7.46108690480165,7.71000682022273,7.95892673564381),.UNSPECIFIED.);
#131=B_SPLINE_CURVE_WITH_KNOTS('',3,(#4386,#4387,#4388,#4389,#4390,#4391,
#4392,#4393,#4394,#4395,#4396,#4397),.UNSPECIFIED.,.F.,.F.,(4,2,2,2,2,4),
(0.,0.246890862134779,0.493781724269558,0.987563448539116,1.48113045202226,
1.9746974555054),.UNSPECIFIED.);
#132=B_SPLINE_CURVE_WITH_KNOTS('',3,(#4398,#4399,#4400,#4401,#4402,#4403,
#4404,#4405,#4406,#4407,#4408,#4409,#4410,#4411,#4412,#4413,#4414,#4415,
#4416,#4417,#4418,#4419,#4420,#4421,#4422,#4423,#4424,#4425,#4426,#4427,
#4428,#4429),.UNSPECIFIED.,.F.,.F.,(4,2,2,2,2,2,2,2,2,2,2,2,2,2,2,4),(1.9746974555054,
2.46826445898854,2.96183146247169,3.45561318674125,3.70250404887602,3.9493949110108,
4.19628577314558,4.44317663528036,4.93695835954992,5.43052536303306,5.9240923665162,
6.41765936999935,6.91122637348249,7.40500809775205,7.65189895988683,7.89878982202161),
 .UNSPECIFIED.);
#133=B_SPLINE_CURVE_WITH_KNOTS('',3,(#4433,#4434,#4435,#4436,#4437,#4438,
#4439,#4440,#4441,#4442,#4443,#4444,#4445,#4446,#4447,#4448,#4449,#4450,
#4451,#4452,#4453,#4454,#4455,#4456,#4457,#4458,#4459,#4460,#4461,#4462,
#4463,#4464,#4465,#4466,#4467,#4468,#4469,#4470),.UNSPECIFIED.,.F.,.F.,
(4,2,2,2,2,2,2,2,2,2,2,2,2,2,2,2,2,2,4),(0.,0.24891991542108,0.49783983084216,
0.99567966168432,1.49270567279764,1.74121867835429,1.98973168391095,2.23824468946761,
2.48675769502427,2.98378370613758,3.48162353697974,3.73054345240082,3.9794633678219,
4.22838328324298,4.47730319866406,4.97514302950622,5.47216904061954,5.7206820461762,
5.96919505173285),.UNSPECIFIED.);
#134=B_SPLINE_CURVE_WITH_KNOTS('',3,(#4471,#4472,#4473,#4474,#4475,#4476,
#4477,#4478,#4479,#4480,#4481,#4482,#4483,#4484),.UNSPECIFIED.,.F.,.F.,
(4,2,2,2,2,2,4),(5.96919505173285,6.21770805728951,6.46622106284617,6.96324707395948,
7.46108690480165,7.71000682022273,7.9589267356438),.UNSPECIFIED.);
#135=B_SPLINE_CURVE_WITH_KNOTS('',3,(#4488,#4489,#4490,#4491,#4492,#4493,
#4494,#4495,#4496,#4497,#4498,#4499),.UNSPECIFIED.,.F.,.F.,(4,2,2,2,2,4),
(0.,0.246890862134779,0.493781724269558,0.987563448539116,1.48113045202226,
1.9746974555054),.UNSPECIFIED.);
#136=B_SPLINE_CURVE_WITH_KNOTS('',3,(#4500,#4501,#4502,#4503,#4504,#4505,
#4506,#4507,#4508,#4509,#4510,#4511,#4512,#4513,#4514,#4515,#4516,#4517,
#4518,#4519,#4520,#4521,#4522,#4523,#4524,#4525,#4526,#4527,#4528,#4529,
#4530,#4531),.UNSPECIFIED.,.F.,.F.,(4,2,2,2,2,2,2,2,2,2,2,2,2,2,2,4),(1.9746974555054,
2.46826445898854,2.96183146247169,3.45561318674124,3.70250404887602,3.9493949110108,
4.19628577314558,4.44317663528036,4.93695835954992,5.43052536303306,5.9240923665162,
6.41765936999934,6.91122637348249,7.40500809775204,7.65189895988682,7.8987898220216),
 .UNSPECIFIED.);
#137=B_SPLINE_CURVE_WITH_KNOTS('',3,(#4535,#4536,#4537,#4538,#4539,#4540,
#4541,#4542,#4543,#4544,#4545,#4546,#4547,#4548,#4549,#4550,#4551,#4552,
#4553,#4554,#4555,#4556,#4557,#4558,#4559,#4560,#4561,#4562,#4563,#4564,
#4565,#4566,#4567,#4568,#4569,#4570,#4571,#4572),.UNSPECIFIED.,.F.,.F.,
(4,2,2,2,2,2,2,2,2,2,2,2,2,2,2,2,2,2,4),(0.,0.24891991542108,0.49783983084216,
0.99567966168432,1.49270567279764,1.74121867835429,1.98973168391095,2.23824468946761,
2.48675769502427,2.98378370613758,3.48162353697974,3.73054345240082,3.9794633678219,
4.22838328324298,4.47730319866406,4.97514302950622,5.47216904061954,5.7206820461762,
5.96919505173285),.UNSPECIFIED.);
#138=B_SPLINE_CURVE_WITH_KNOTS('',3,(#4573,#4574,#4575,#4576,#4577,#4578,
#4579,#4580,#4581,#4582,#4583,#4584,#4585,#4586),.UNSPECIFIED.,.F.,.F.,
(4,2,2,2,2,2,4),(5.96919505173285,6.21770805728951,6.46622106284617,6.96324707395949,
7.46108690480165,7.71000682022273,7.95892673564381),.UNSPECIFIED.);
#139=B_SPLINE_CURVE_WITH_KNOTS('',3,(#4590,#4591,#4592,#4593,#4594,#4595,
#4596,#4597,#4598,#4599,#4600,#4601),.UNSPECIFIED.,.F.,.F.,(4,2,2,2,2,4),
(0.,0.246890862134779,0.493781724269558,0.987563448539116,1.48113045202226,
1.9746974555054),.UNSPECIFIED.);
#140=B_SPLINE_CURVE_WITH_KNOTS('',3,(#4602,#4603,#4604,#4605,#4606,#4607,
#4608,#4609,#4610,#4611,#4612,#4613,#4614,#4615,#4616,#4617,#4618,#4619,
#4620,#4621,#4622,#4623,#4624,#4625,#4626,#4627,#4628,#4629,#4630,#4631,
#4632,#4633),.UNSPECIFIED.,.F.,.F.,(4,2,2,2,2,2,2,2,2,2,2,2,2,2,2,4),(1.9746974555054,
2.46826445898854,2.96183146247169,3.45561318674124,3.70250404887602,3.9493949110108,
4.19628577314558,4.44317663528036,4.93695835954992,5.43052536303306,5.9240923665162,
6.41765936999934,6.91122637348249,7.40500809775205,7.65189895988682,7.8987898220216),
 .UNSPECIFIED.);
#141=B_SPLINE_CURVE_WITH_KNOTS('',3,(#4637,#4638,#4639,#4640,#4641,#4642,
#4643,#4644,#4645),.UNSPECIFIED.,.F.,.F.,(4,3,2,4),(-0.108773435372869,
0.,0.535740530426007,0.713290282253674),.UNSPECIFIED.);
#142=B_SPLINE_CURVE_WITH_KNOTS('',3,(#4649,#4650,#4651,#4652,#4653,#4654,
#4655,#4656,#4657,#4658,#4659,#4660,#4661,#4662,#4663,#4664,#4665,#4666,
#4667,#4668,#4669,#4670,#4671,#4672,#4673,#4674,#4675,#4676,#4677,#4678,
#4679,#4680,#4681,#4682,#4683,#4684,#4685,#4686),.UNSPECIFIED.,.F.,.F.,
(4,2,2,2,2,2,2,2,2,2,2,2,2,2,2,2,2,2,4),(0.,0.24891991542108,0.49783983084216,
0.99567966168432,1.49270567279764,1.74121867835429,1.98973168391095,2.23824468946761,
2.48675769502427,2.98378370613758,3.48162353697974,3.73054345240082,3.9794633678219,
4.22838328324298,4.47730319866406,4.97514302950622,5.47216904061954,5.7206820461762,
5.96919505173285),.UNSPECIFIED.);
#143=B_SPLINE_CURVE_WITH_KNOTS('',3,(#4687,#4688,#4689,#4690,#4691,#4692,
#4693,#4694,#4695,#4696,#4697,#4698,#4699,#4700),.UNSPECIFIED.,.F.,.F.,
(4,2,2,2,2,2,4),(5.96919505173285,6.21770805728951,6.46622106284617,6.96324707395948,
7.46108690480165,7.71000682022273,7.95892673564381),.UNSPECIFIED.);
#144=B_SPLINE_CURVE_WITH_KNOTS('',3,(#4703,#4704,#4705,#4706,#4707,#4708,
#4709,#4710,#4711,#4712,#4713,#4714,#4715,#4716,#4717,#4718,#4719,#4720,
#4721,#4722,#4723,#4724),.UNSPECIFIED.,.F.,.F.,(4,2,2,2,2,2,2,2,2,2,4),
(4.14609934837388,4.19628577314558,4.44317663528036,4.93695835954992,5.43052536303306,
5.9240923665162,6.41765936999935,6.91122637348249,7.40500809775205,7.65189895988683,
7.70208538465853),.UNSPECIFIED.);
#145=B_SPLINE_CURVE_WITH_KNOTS('',3,(#4725,#4726,#4727,#4728,#4729,#4730,
#4731,#4732),.UNSPECIFIED.,.F.,.F.,(4,2,2,4),(3.53256865331259,3.71011840514026,
4.24585893556627,4.35463236991273),.UNSPECIFIED.);
#146=B_SPLINE_CURVE_WITH_KNOTS('',3,(#4736,#4737,#4738,#4739,#4740,#4741,
#4742,#4743,#4744),.UNSPECIFIED.,.F.,.F.,(4,3,2,4),(-0.108773435372869,
0.,0.535740530426007,0.713290282253673),.UNSPECIFIED.);
#147=B_SPLINE_CURVE_WITH_KNOTS('',3,(#4748,#4749,#4750,#4751,#4752,#4753,
#4754,#4755,#4756,#4757,#4758,#4759,#4760,#4761),.UNSPECIFIED.,.F.,.F.,
(4,2,2,2,2,2,4),(0.,0.24891991542108,0.49783983084216,0.99567966168432,
1.49270567279764,1.74121867835429,1.98973168391095),.UNSPECIFIED.);
#148=B_SPLINE_CURVE_WITH_KNOTS('',3,(#4763,#4764,#4765,#4766,#4767,#4768,
#4769,#4770,#4771,#4772,#4773,#4774,#4775,#4776),.UNSPECIFIED.,.F.,.F.,
(4,2,2,2,2,2,4),(5.96919505173286,6.21770805728951,6.46622106284617,6.96324707395949,
7.46108690480165,7.71000682022273,7.95892673564381),.UNSPECIFIED.);
#149=B_SPLINE_CURVE_WITH_KNOTS('',3,(#4779,#4780,#4781,#4782,#4783,#4784,
#4785,#4786,#4787,#4788,#4789,#4790),.UNSPECIFIED.,.F.,.F.,(4,2,2,2,2,4),
(5.9240923665162,6.41765936999935,6.91122637348249,7.40500809775205,7.65189895988683,
7.70208538465853),.UNSPECIFIED.);
#150=B_SPLINE_CURVE_WITH_KNOTS('',3,(#4792,#4793,#4794,#4795,#4796,#4797,
#4798,#4799,#4800,#4801,#4802,#4803),.UNSPECIFIED.,.F.,.F.,(4,2,2,2,2,4),
(4.14609934837388,4.19628577314558,4.44317663528036,4.93695835954992,5.43052536303306,
5.9240923665162),.UNSPECIFIED.);
#151=B_SPLINE_CURVE_WITH_KNOTS('',3,(#4804,#4805,#4806,#4807,#4808,#4809,
#4810,#4811),.UNSPECIFIED.,.F.,.F.,(4,2,2,4),(3.5325686533126,3.71011840514026,
4.24585893556627,4.35463236991273),.UNSPECIFIED.);
#152=B_SPLINE_CURVE_WITH_KNOTS('',3,(#4812,#4813,#4814,#4815,#4816,#4817,
#4818,#4819,#4820,#4821,#4822,#4823,#4824,#4825,#4826,#4827,#4828,#4829,
#4830,#4831,#4832,#4833,#4834,#4835,#4836,#4837),.UNSPECIFIED.,.F.,.F.,
(4,2,2,2,2,2,2,2,2,2,2,2,4),(1.98973168391095,2.23824468946761,2.48675769502427,
2.98378370613758,3.48162353697974,3.73054345240082,3.9794633678219,4.22838328324298,
4.47730319866406,4.97514302950622,5.47216904061954,5.7206820461762,5.96919505173286),
 .UNSPECIFIED.);
#153=B_SPLINE_CURVE_WITH_KNOTS('',3,(#4841,#4842,#4843,#4844,#4845,#4846,
#4847,#4848,#4849),.UNSPECIFIED.,.F.,.F.,(4,3,2,4),(-0.108773435372872,
0.,0.535740530426007,0.713290282253674),.UNSPECIFIED.);
#154=B_SPLINE_CURVE_WITH_KNOTS('',3,(#4853,#4854,#4855,#4856,#4857,#4858,
#4859,#4860,#4861,#4862,#4863,#4864,#4865,#4866,#4867,#4868,#4869,#4870,
#4871,#4872,#4873,#4874,#4875,#4876,#4877,#4878,#4879,#4880,#4881,#4882,
#4883,#4884,#4885,#4886,#4887,#4888,#4889,#4890),.UNSPECIFIED.,.F.,.F.,
(4,2,2,2,2,2,2,2,2,2,2,2,2,2,2,2,2,2,4),(0.,0.24891991542108,0.49783983084216,
0.99567966168432,1.49270567279764,1.74121867835429,1.98973168391095,2.23824468946761,
2.48675769502427,2.98378370613758,3.48162353697974,3.73054345240082,3.9794633678219,
4.22838328324298,4.47730319866406,4.97514302950622,5.47216904061954,5.7206820461762,
5.96919505173285),.UNSPECIFIED.);
#155=B_SPLINE_CURVE_WITH_KNOTS('',3,(#4891,#4892,#4893,#4894,#4895,#4896,
#4897,#4898,#4899,#4900,#4901,#4902,#4903,#4904),.UNSPECIFIED.,.F.,.F.,
(4,2,2,2,2,2,4),(5.96919505173285,6.21770805728951,6.46622106284617,6.96324707395948,
7.46108690480165,7.71000682022273,7.95892673564381),.UNSPECIFIED.);
#156=B_SPLINE_CURVE_WITH_KNOTS('',3,(#4907,#4908,#4909,#4910,#4911,#4912,
#4913,#4914,#4915,#4916,#4917,#4918,#4919,#4920,#4921,#4922,#4923,#4924,
#4925,#4926,#4927,#4928),.UNSPECIFIED.,.F.,.F.,(4,2,2,2,2,2,2,2,2,2,4),
(4.14609934837388,4.19628577314558,4.44317663528036,4.93695835954992,5.43052536303306,
5.9240923665162,6.41765936999935,6.91122637348249,7.40500809775205,7.65189895988683,
7.70208538465853),.UNSPECIFIED.);
#157=B_SPLINE_CURVE_WITH_KNOTS('',3,(#4929,#4930,#4931,#4932,#4933,#4934,
#4935,#4936),.UNSPECIFIED.,.F.,.F.,(4,2,2,4),(3.53256865331259,3.71011840514026,
4.24585893556627,4.35463236991273),.UNSPECIFIED.);
#158=CYLINDRICAL_SURFACE('',#1510,5.08);
#159=CYLINDRICAL_SURFACE('',#1514,0.35);
#160=CYLINDRICAL_SURFACE('',#1515,4.135);
#161=CYLINDRICAL_SURFACE('',#1521,1.3);
#162=CYLINDRICAL_SURFACE('',#1522,0.35);
#163=CYLINDRICAL_SURFACE('',#1523,1.3);
#164=CYLINDRICAL_SURFACE('',#1524,1.3);
#165=CYLINDRICAL_SURFACE('',#1525,1.3);
#166=CYLINDRICAL_SURFACE('',#1526,1.3);
#167=CYLINDRICAL_SURFACE('',#1527,1.3);
#168=CYLINDRICAL_SURFACE('',#1528,1.3);
#169=CYLINDRICAL_SURFACE('',#1529,1.3);
#170=CYLINDRICAL_SURFACE('',#1530,1.3);
#171=CYLINDRICAL_SURFACE('',#1531,1.3);
#172=CYLINDRICAL_SURFACE('',#1532,1.3);
#173=CYLINDRICAL_SURFACE('',#1533,1.3);
#174=CYLINDRICAL_SURFACE('',#1534,1.3);
#175=CYLINDRICAL_SURFACE('',#1535,1.3);
#176=CYLINDRICAL_SURFACE('',#1536,1.3);
#177=CYLINDRICAL_SURFACE('',#1537,1.3);
#178=CYLINDRICAL_SURFACE('',#1538,1.3);
#179=CYLINDRICAL_SURFACE('',#1539,1.3);
#180=CYLINDRICAL_SURFACE('',#1540,1.3);
#181=CYLINDRICAL_SURFACE('',#1541,1.3);
#182=CYLINDRICAL_SURFACE('',#1542,1.3);
#183=CYLINDRICAL_SURFACE('',#1543,1.3);
#184=CYLINDRICAL_SURFACE('',#1544,1.3);
#185=CYLINDRICAL_SURFACE('',#1545,1.3);
#186=CYLINDRICAL_SURFACE('',#1546,1.3);
#187=CYLINDRICAL_SURFACE('',#1549,1.3);
#188=CYLINDRICAL_SURFACE('',#1552,1.3);
#189=CYLINDRICAL_SURFACE('',#1555,1.3);
#190=CYLINDRICAL_SURFACE('',#1556,1.51);
#191=CYLINDRICAL_SURFACE('',#1559,2.913);
#192=CYLINDRICAL_SURFACE('',#1563,2.913);
#193=CYLINDRICAL_SURFACE('',#1569,1.945);
#194=CYLINDRICAL_SURFACE('',#1570,3.96);
#195=CYLINDRICAL_SURFACE('',#1577,4.14);
#196=CYLINDRICAL_SURFACE('',#1580,3.96);
#197=FACE_BOUND('',#338,.T.);
#198=FACE_BOUND('',#346,.T.);
#199=FACE_BOUND('',#382,.T.);
#200=FACE_BOUND('',#384,.T.);
#201=FACE_BOUND('',#385,.T.);
#202=FACE_BOUND('',#386,.T.);
#203=FACE_BOUND('',#387,.T.);
#204=FACE_BOUND('',#388,.T.);
#205=FACE_BOUND('',#389,.T.);
#206=FACE_BOUND('',#390,.T.);
#207=FACE_BOUND('',#391,.T.);
#208=FACE_BOUND('',#392,.T.);
#209=FACE_BOUND('',#393,.T.);
#210=FACE_BOUND('',#394,.T.);
#211=FACE_BOUND('',#395,.T.);
#212=FACE_BOUND('',#396,.T.);
#213=FACE_BOUND('',#397,.T.);
#214=FACE_BOUND('',#398,.T.);
#215=FACE_BOUND('',#399,.T.);
#216=FACE_BOUND('',#400,.T.);
#217=FACE_BOUND('',#401,.T.);
#218=FACE_BOUND('',#402,.T.);
#219=FACE_BOUND('',#403,.T.);
#220=FACE_BOUND('',#404,.T.);
#221=FACE_BOUND('',#405,.T.);
#222=FACE_BOUND('',#406,.T.);
#223=FACE_BOUND('',#407,.T.);
#224=FACE_BOUND('',#408,.T.);
#225=FACE_BOUND('',#410,.T.);
#226=FACE_BOUND('',#412,.T.);
#227=FACE_BOUND('',#416,.T.);
#228=FACE_BOUND('',#418,.T.);
#229=FACE_BOUND('',#421,.T.);
#230=FACE_BOUND('',#423,.T.);
#231=FACE_BOUND('',#424,.T.);
#232=FACE_BOUND('',#425,.T.);
#233=FACE_BOUND('',#426,.T.);
#234=FACE_BOUND('',#427,.T.);
#235=FACE_BOUND('',#428,.T.);
#236=FACE_BOUND('',#429,.T.);
#237=FACE_BOUND('',#430,.T.);
#238=FACE_BOUND('',#431,.T.);
#239=FACE_BOUND('',#432,.T.);
#240=FACE_BOUND('',#433,.T.);
#241=FACE_BOUND('',#434,.T.);
#242=FACE_BOUND('',#435,.T.);
#243=FACE_BOUND('',#436,.T.);
#244=FACE_BOUND('',#437,.T.);
#245=FACE_BOUND('',#438,.T.);
#246=FACE_BOUND('',#439,.T.);
#247=FACE_BOUND('',#440,.T.);
#248=FACE_BOUND('',#441,.T.);
#249=FACE_BOUND('',#442,.T.);
#250=FACE_BOUND('',#443,.T.);
#251=CIRCLE('',#1502,5.08);
#252=CIRCLE('',#1503,5.08);
#253=CIRCLE('',#1504,1.945);
#254=CIRCLE('',#1509,5.08);
#255=CIRCLE('',#1511,5.08);
#256=CIRCLE('',#1512,5.08);
#257=CIRCLE('',#1513,5.08);
#258=CIRCLE('',#1516,4.135);
#259=CIRCLE('',#1517,4.135);
#260=CIRCLE('',#1518,4.135);
#261=CIRCLE('',#1519,4.135);
#262=CIRCLE('',#1520,4.135);
#263=CIRCLE('',#1548,3.96);
#264=CIRCLE('',#1551,3.96);
#265=CIRCLE('',#1554,3.96);
#266=CIRCLE('',#1557,1.51);
#267=CIRCLE('',#1558,1.51);
#268=CIRCLE('',#1560,2.913);
#269=CIRCLE('',#1561,2.913);
#270=CIRCLE('',#1564,2.913);
#271=CIRCLE('',#1565,2.913);
#272=CIRCLE('',#1567,1.945);
#273=CIRCLE('',#1571,3.96);
#274=CIRCLE('',#1572,3.96);
#275=CIRCLE('',#1575,4.14);
#276=CIRCLE('',#1576,3.96);
#277=CIRCLE('',#1578,4.14);
#278=CIRCLE('',#1581,3.96);
#279=FACE_OUTER_BOUND('',#336,.T.);
#280=FACE_OUTER_BOUND('',#337,.T.);
#281=FACE_OUTER_BOUND('',#339,.T.);
#282=FACE_OUTER_BOUND('',#340,.T.);
#283=FACE_OUTER_BOUND('',#341,.T.);
#284=FACE_OUTER_BOUND('',#342,.T.);
#285=FACE_OUTER_BOUND('',#343,.T.);
#286=FACE_OUTER_BOUND('',#344,.T.);
#287=FACE_OUTER_BOUND('',#345,.T.);
#288=FACE_OUTER_BOUND('',#347,.T.);
#289=FACE_OUTER_BOUND('',#348,.T.);
#290=FACE_OUTER_BOUND('',#349,.T.);
#291=FACE_OUTER_BOUND('',#350,.T.);
#292=FACE_OUTER_BOUND('',#351,.T.);
#293=FACE_OUTER_BOUND('',#352,.T.);
#294=FACE_OUTER_BOUND('',#353,.T.);
#295=FACE_OUTER_BOUND('',#354,.T.);
#296=FACE_OUTER_BOUND('',#355,.T.);
#297=FACE_OUTER_BOUND('',#356,.T.);
#298=FACE_OUTER_BOUND('',#357,.T.);
#299=FACE_OUTER_BOUND('',#358,.T.);
#300=FACE_OUTER_BOUND('',#359,.T.);
#301=FACE_OUTER_BOUND('',#360,.T.);
#302=FACE_OUTER_BOUND('',#361,.T.);
#303=FACE_OUTER_BOUND('',#362,.T.);
#304=FACE_OUTER_BOUND('',#363,.T.);
#305=FACE_OUTER_BOUND('',#364,.T.);
#306=FACE_OUTER_BOUND('',#365,.T.);
#307=FACE_OUTER_BOUND('',#366,.T.);
#308=FACE_OUTER_BOUND('',#367,.T.);
#309=FACE_OUTER_BOUND('',#368,.T.);
#310=FACE_OUTER_BOUND('',#369,.T.);
#311=FACE_OUTER_BOUND('',#370,.T.);
#312=FACE_OUTER_BOUND('',#371,.T.);
#313=FACE_OUTER_BOUND('',#372,.T.);
#314=FACE_OUTER_BOUND('',#373,.T.);
#315=FACE_OUTER_BOUND('',#374,.T.);
#316=FACE_OUTER_BOUND('',#375,.T.);
#317=FACE_OUTER_BOUND('',#376,.T.);
#318=FACE_OUTER_BOUND('',#377,.T.);
#319=FACE_OUTER_BOUND('',#378,.T.);
#320=FACE_OUTER_BOUND('',#379,.T.);
#321=FACE_OUTER_BOUND('',#380,.T.);
#322=FACE_OUTER_BOUND('',#381,.T.);
#323=FACE_OUTER_BOUND('',#383,.T.);
#324=FACE_OUTER_BOUND('',#409,.T.);
#325=FACE_OUTER_BOUND('',#411,.T.);
#326=FACE_OUTER_BOUND('',#413,.T.);
#327=FACE_OUTER_BOUND('',#414,.T.);
#328=FACE_OUTER_BOUND('',#415,.T.);
#329=FACE_OUTER_BOUND('',#417,.T.);
#330=FACE_OUTER_BOUND('',#419,.T.);
#331=FACE_OUTER_BOUND('',#420,.T.);
#332=FACE_OUTER_BOUND('',#422,.T.);
#333=FACE_OUTER_BOUND('',#444,.T.);
#334=FACE_OUTER_BOUND('',#445,.T.);
#335=FACE_OUTER_BOUND('',#446,.T.);
#336=EDGE_LOOP('',(#962,#963,#964,#965));
#337=EDGE_LOOP('',(#966,#967,#968,#969,#970,#971));
#338=EDGE_LOOP('',(#972));
#339=EDGE_LOOP('',(#973,#974,#975,#976));
#340=EDGE_LOOP('',(#977,#978,#979,#980));
#341=EDGE_LOOP('',(#981,#982,#983,#984));
#342=EDGE_LOOP('',(#985,#986));
#343=EDGE_LOOP('',(#987,#988,#989,#990,#991,#992,#993,#994,#995,#996,#997,
#998));
#344=EDGE_LOOP('',(#999,#1000,#1001,#1002));
#345=EDGE_LOOP('',(#1003,#1004,#1005,#1006,#1007,#1008,#1009,#1010,#1011,
#1012,#1013,#1014,#1015,#1016,#1017,#1018));
#346=EDGE_LOOP('',(#1019,#1020));
#347=EDGE_LOOP('',(#1021,#1022,#1023,#1024,#1025,#1026,#1027,#1028,#1029));
#348=EDGE_LOOP('',(#1030,#1031,#1032,#1033,#1034,#1035));
#349=EDGE_LOOP('',(#1036,#1037,#1038,#1039,#1040,#1041));
#350=EDGE_LOOP('',(#1042,#1043,#1044,#1045,#1046,#1047));
#351=EDGE_LOOP('',(#1048,#1049,#1050,#1051,#1052,#1053,#1054,#1055));
#352=EDGE_LOOP('',(#1056,#1057,#1058,#1059,#1060,#1061));
#353=EDGE_LOOP('',(#1062,#1063,#1064,#1065,#1066,#1067));
#354=EDGE_LOOP('',(#1068,#1069,#1070,#1071,#1072,#1073));
#355=EDGE_LOOP('',(#1074,#1075,#1076,#1077,#1078,#1079));
#356=EDGE_LOOP('',(#1080,#1081,#1082,#1083,#1084,#1085));
#357=EDGE_LOOP('',(#1086,#1087,#1088,#1089,#1090,#1091));
#358=EDGE_LOOP('',(#1092,#1093,#1094,#1095,#1096,#1097));
#359=EDGE_LOOP('',(#1098,#1099,#1100,#1101,#1102,#1103,#1104,#1105));
#360=EDGE_LOOP('',(#1106,#1107,#1108,#1109,#1110,#1111));
#361=EDGE_LOOP('',(#1112,#1113,#1114,#1115,#1116,#1117));
#362=EDGE_LOOP('',(#1118,#1119,#1120,#1121,#1122,#1123));
#363=EDGE_LOOP('',(#1124,#1125,#1126,#1127,#1128,#1129));
#364=EDGE_LOOP('',(#1130,#1131,#1132,#1133,#1134,#1135));
#365=EDGE_LOOP('',(#1136,#1137,#1138,#1139,#1140,#1141));
#366=EDGE_LOOP('',(#1142,#1143,#1144,#1145,#1146,#1147));
#367=EDGE_LOOP('',(#1148,#1149,#1150,#1151,#1152,#1153,#1154,#1155));
#368=EDGE_LOOP('',(#1156,#1157,#1158,#1159,#1160,#1161));
#369=EDGE_LOOP('',(#1162,#1163,#1164,#1165,#1166,#1167));
#370=EDGE_LOOP('',(#1168,#1169,#1170,#1171,#1172,#1173));
#371=EDGE_LOOP('',(#1174,#1175,#1176,#1177,#1178,#1179));
#372=EDGE_LOOP('',(#1180,#1181,#1182,#1183,#1184,#1185));
#373=EDGE_LOOP('',(#1186,#1187,#1188,#1189));
#374=EDGE_LOOP('',(#1190,#1191,#1192,#1193,#1194,#1195,#1196,#1197,#1198));
#375=EDGE_LOOP('',(#1199,#1200,#1201,#1202));
#376=EDGE_LOOP('',(#1203,#1204,#1205,#1206,#1207,#1208,#1209,#1210,#1211,
#1212,#1213));
#377=EDGE_LOOP('',(#1214,#1215,#1216,#1217));
#378=EDGE_LOOP('',(#1218,#1219,#1220,#1221,#1222,#1223,#1224,#1225,#1226));
#379=EDGE_LOOP('',(#1227,#1228,#1229,#1230));
#380=EDGE_LOOP('',(#1231,#1232,#1233,#1234));
#381=EDGE_LOOP('',(#1235));
#382=EDGE_LOOP('',(#1236));
#383=EDGE_LOOP('',(#1237,#1238,#1239,#1240,#1241,#1242,#1243,#1244,#1245,
#1246,#1247,#1248,#1249,#1250,#1251,#1252,#1253,#1254,#1255,#1256,#1257,
#1258,#1259,#1260));
#384=EDGE_LOOP('',(#1261,#1262,#1263));
#385=EDGE_LOOP('',(#1264,#1265));
#386=EDGE_LOOP('',(#1266,#1267));
#387=EDGE_LOOP('',(#1268,#1269));
#388=EDGE_LOOP('',(#1270,#1271));
#389=EDGE_LOOP('',(#1272,#1273));
#390=EDGE_LOOP('',(#1274,#1275));
#391=EDGE_LOOP('',(#1276,#1277));
#392=EDGE_LOOP('',(#1278,#1279));
#393=EDGE_LOOP('',(#1280,#1281));
#394=EDGE_LOOP('',(#1282,#1283));
#395=EDGE_LOOP('',(#1284,#1285));
#396=EDGE_LOOP('',(#1286,#1287));
#397=EDGE_LOOP('',(#1288,#1289));
#398=EDGE_LOOP('',(#1290,#1291));
#399=EDGE_LOOP('',(#1292,#1293));
#400=EDGE_LOOP('',(#1294,#1295));
#401=EDGE_LOOP('',(#1296,#1297));
#402=EDGE_LOOP('',(#1298,#1299));
#403=EDGE_LOOP('',(#1300,#1301));
#404=EDGE_LOOP('',(#1302,#1303));
#405=EDGE_LOOP('',(#1304,#1305));
#406=EDGE_LOOP('',(#1306,#1307));
#407=EDGE_LOOP('',(#1308,#1309));
#408=EDGE_LOOP('',(#1310,#1311));
#409=EDGE_LOOP('',(#1312));
#410=EDGE_LOOP('',(#1313));
#411=EDGE_LOOP('',(#1314));
#412=EDGE_LOOP('',(#1315));
#413=EDGE_LOOP('',(#1316,#1317,#1318,#1319));
#414=EDGE_LOOP('',(#1320,#1321,#1322,#1323));
#415=EDGE_LOOP('',(#1324));
#416=EDGE_LOOP('',(#1325));
#417=EDGE_LOOP('',(#1326));
#418=EDGE_LOOP('',(#1327));
#419=EDGE_LOOP('',(#1328,#1329,#1330,#1331));
#420=EDGE_LOOP('',(#1332));
#421=EDGE_LOOP('',(#1333));
#422=EDGE_LOOP('',(#1334,#1335,#1336,#1337,#1338,#1339,#1340,#1341,#1342,
#1343,#1344,#1345,#1346,#1347,#1348,#1349,#1350,#1351,#1352,#1353,#1354,
#1355,#1356,#1357,#1358,#1359,#1360));
#423=EDGE_LOOP('',(#1361,#1362));
#424=EDGE_LOOP('',(#1363,#1364));
#425=EDGE_LOOP('',(#1365,#1366));
#426=EDGE_LOOP('',(#1367,#1368));
#427=EDGE_LOOP('',(#1369,#1370));
#428=EDGE_LOOP('',(#1371,#1372));
#429=EDGE_LOOP('',(#1373,#1374));
#430=EDGE_LOOP('',(#1375,#1376));
#431=EDGE_LOOP('',(#1377,#1378));
#432=EDGE_LOOP('',(#1379,#1380));
#433=EDGE_LOOP('',(#1381,#1382));
#434=EDGE_LOOP('',(#1383,#1384));
#435=EDGE_LOOP('',(#1385,#1386));
#436=EDGE_LOOP('',(#1387,#1388));
#437=EDGE_LOOP('',(#1389,#1390));
#438=EDGE_LOOP('',(#1391,#1392));
#439=EDGE_LOOP('',(#1393,#1394));
#440=EDGE_LOOP('',(#1395,#1396));
#441=EDGE_LOOP('',(#1397,#1398));
#442=EDGE_LOOP('',(#1399,#1400));
#443=EDGE_LOOP('',(#1401,#1402));
#444=EDGE_LOOP('',(#1403,#1404,#1405,#1406));
#445=EDGE_LOOP('',(#1407,#1408,#1409,#1410));
#446=EDGE_LOOP('',(#1411,#1412,#1413,#1414,#1415));
#447=LINE('',#1822,#508);
#448=LINE('',#1824,#509);
#449=LINE('',#1826,#510);
#450=LINE('',#1827,#511);
#451=LINE('',#1832,#512);
#452=LINE('',#1834,#513);
#453=LINE('',#1836,#514);
#454=LINE('',#1843,#515);
#455=LINE('',#1844,#516);
#456=LINE('',#1845,#517);
#457=LINE('',#1848,#518);
#458=LINE('',#1849,#519);
#459=LINE('',#1852,#520);
#460=LINE('',#1853,#521);
#461=LINE('',#1860,#522);
#462=LINE('',#1866,#523);
#463=LINE('',#1892,#524);
#464=LINE('',#1958,#525);
#465=LINE('',#2130,#526);
#466=LINE('',#2224,#527);
#467=LINE('',#2326,#528);
#468=LINE('',#2405,#529);
#469=LINE('',#2536,#530);
#470=LINE('',#2638,#531);
#471=LINE('',#2740,#532);
#472=LINE('',#2842,#533);
#473=LINE('',#2944,#534);
#474=LINE('',#3046,#535);
#475=LINE('',#3148,#536);
#476=LINE('',#3227,#537);
#477=LINE('',#3358,#538);
#478=LINE('',#3460,#539);
#479=LINE('',#3562,#540);
#480=LINE('',#3664,#541);
#481=LINE('',#3766,#542);
#482=LINE('',#3868,#543);
#483=LINE('',#3970,#544);
#484=LINE('',#4049,#545);
#485=LINE('',#4180,#546);
#486=LINE('',#4282,#547);
#487=LINE('',#4384,#548);
#488=LINE('',#4486,#549);
#489=LINE('',#4588,#550);
#490=LINE('',#4701,#551);
#491=LINE('',#4777,#552);
#492=LINE('',#4905,#553);
#493=LINE('',#4941,#554);
#494=LINE('',#4947,#555);
#495=LINE('',#4953,#556);
#496=LINE('',#4954,#557);
#497=LINE('',#4955,#558);
#498=LINE('',#4956,#559);
#499=LINE('',#4958,#560);
#500=LINE('',#4965,#561);
#501=LINE('',#4970,#562);
#502=LINE('',#4981,#563);
#503=LINE('',#4984,#564);
#504=LINE('',#4985,#565);
#505=LINE('',#4986,#566);
#506=LINE('',#4987,#567);
#507=LINE('',#4991,#568);
#508=VECTOR('',#1589,1.);
#509=VECTOR('',#1590,1.);
#510=VECTOR('',#1591,1.);
#511=VECTOR('',#1592,1.);
#512=VECTOR('',#1597,1.);
#513=VECTOR('',#1598,1.);
#514=VECTOR('',#1599,1.);
#515=VECTOR('',#1606,1.);
#516=VECTOR('',#1607,1.);
#517=VECTOR('',#1608,1.);
#518=VECTOR('',#1611,1.);
#519=VECTOR('',#1612,1.);
#520=VECTOR('',#1615,1.);
#521=VECTOR('',#1616,1.);
#522=VECTOR('',#1625,5.08);
#523=VECTOR('',#1632,1.);
#524=VECTOR('',#1633,1.);
#525=VECTOR('',#1640,4.135);
#526=VECTOR('',#1651,0.35);
#527=VECTOR('',#1654,1.3);
#528=VECTOR('',#1657,1.3);
#529=VECTOR('',#1660,1.3);
#530=VECTOR('',#1663,1.3);
#531=VECTOR('',#1666,1.3);
#532=VECTOR('',#1669,1.3);
#533=VECTOR('',#1672,1.3);
#534=VECTOR('',#1675,1.3);
#535=VECTOR('',#1678,1.3);
#536=VECTOR('',#1681,1.3);
#537=VECTOR('',#1684,1.3);
#538=VECTOR('',#1687,1.3);
#539=VECTOR('',#1690,1.3);
#540=VECTOR('',#1693,1.3);
#541=VECTOR('',#1696,1.3);
#542=VECTOR('',#1699,1.3);
#543=VECTOR('',#1702,1.3);
#544=VECTOR('',#1705,1.3);
#545=VECTOR('',#1708,1.3);
#546=VECTOR('',#1711,1.3);
#547=VECTOR('',#1714,1.3);
#548=VECTOR('',#1717,1.3);
#549=VECTOR('',#1720,1.3);
#550=VECTOR('',#1723,1.3);
#551=VECTOR('',#1730,1.3);
#552=VECTOR('',#1737,1.3);
#553=VECTOR('',#1744,1.3);
#554=VECTOR('',#1749,1.51);
#555=VECTOR('',#1756,2.913);
#556=VECTOR('',#1765,2.913);
#557=VECTOR('',#1766,2.913);
#558=VECTOR('',#1767,2.913);
#559=VECTOR('',#1768,2.913);
#560=VECTOR('',#1769,2.913);
#561=VECTOR('',#1780,1.945);
#562=VECTOR('',#1785,3.96);
#563=VECTOR('',#1800,4.14);
#564=VECTOR('',#1805,3.96);
#565=VECTOR('',#1806,3.96);
#566=VECTOR('',#1807,3.96);
#567=VECTOR('',#1808,3.96);
#568=VECTOR('',#1815,4.6075);
#569=VERTEX_POINT('',#1820);
#570=VERTEX_POINT('',#1821);
#571=VERTEX_POINT('',#1823);
#572=VERTEX_POINT('',#1825);
#573=VERTEX_POINT('',#1829);
#574=VERTEX_POINT('',#1831);
#575=VERTEX_POINT('',#1833);
#576=VERTEX_POINT('',#1835);
#577=VERTEX_POINT('',#1838);
#578=VERTEX_POINT('',#1841);
#579=VERTEX_POINT('',#1842);
#580=VERTEX_POINT('',#1847);
#581=VERTEX_POINT('',#1851);
#582=VERTEX_POINT('',#1857);
#583=VERTEX_POINT('',#1859);
#584=VERTEX_POINT('',#1864);
#585=VERTEX_POINT('',#1865);
#586=VERTEX_POINT('',#1867);
#587=VERTEX_POINT('',#1891);
#588=VERTEX_POINT('',#1917);
#589=VERTEX_POINT('',#1926);
#590=VERTEX_POINT('',#1928);
#591=VERTEX_POINT('',#1937);
#592=VERTEX_POINT('',#1946);
#593=VERTEX_POINT('',#1948);
#594=VERTEX_POINT('',#1957);
#595=VERTEX_POINT('',#1960);
#596=VERTEX_POINT('',#1969);
#597=VERTEX_POINT('',#1971);
#598=VERTEX_POINT('',#1980);
#599=VERTEX_POINT('',#1989);
#600=VERTEX_POINT('',#1999);
#601=VERTEX_POINT('',#2000);
#602=VERTEX_POINT('',#2038);
#603=VERTEX_POINT('',#2048);
#604=VERTEX_POINT('',#2079);
#605=VERTEX_POINT('',#2129);
#606=VERTEX_POINT('',#2131);
#607=VERTEX_POINT('',#2169);
#608=VERTEX_POINT('',#2170);
#609=VERTEX_POINT('',#2223);
#610=VERTEX_POINT('',#2225);
#611=VERTEX_POINT('',#2271);
#612=VERTEX_POINT('',#2272);
#613=VERTEX_POINT('',#2325);
#614=VERTEX_POINT('',#2327);
#615=VERTEX_POINT('',#2373);
#616=VERTEX_POINT('',#2374);
#617=VERTEX_POINT('',#2389);
#618=VERTEX_POINT('',#2404);
#619=VERTEX_POINT('',#2406);
#620=VERTEX_POINT('',#2419);
#621=VERTEX_POINT('',#2481);
#622=VERTEX_POINT('',#2482);
#623=VERTEX_POINT('',#2535);
#624=VERTEX_POINT('',#2537);
#625=VERTEX_POINT('',#2583);
#626=VERTEX_POINT('',#2584);
#627=VERTEX_POINT('',#2637);
#628=VERTEX_POINT('',#2639);
#629=VERTEX_POINT('',#2685);
#630=VERTEX_POINT('',#2686);
#631=VERTEX_POINT('',#2739);
#632=VERTEX_POINT('',#2741);
#633=VERTEX_POINT('',#2787);
#634=VERTEX_POINT('',#2788);
#635=VERTEX_POINT('',#2841);
#636=VERTEX_POINT('',#2843);
#637=VERTEX_POINT('',#2889);
#638=VERTEX_POINT('',#2890);
#639=VERTEX_POINT('',#2943);
#640=VERTEX_POINT('',#2945);
#641=VERTEX_POINT('',#2991);
#642=VERTEX_POINT('',#2992);
#643=VERTEX_POINT('',#3045);
#644=VERTEX_POINT('',#3047);
#645=VERTEX_POINT('',#3093);
#646=VERTEX_POINT('',#3094);
#647=VERTEX_POINT('',#3147);
#648=VERTEX_POINT('',#3149);
#649=VERTEX_POINT('',#3195);
#650=VERTEX_POINT('',#3196);
#651=VERTEX_POINT('',#3211);
#652=VERTEX_POINT('',#3226);
#653=VERTEX_POINT('',#3228);
#654=VERTEX_POINT('',#3241);
#655=VERTEX_POINT('',#3303);
#656=VERTEX_POINT('',#3304);
#657=VERTEX_POINT('',#3357);
#658=VERTEX_POINT('',#3359);
#659=VERTEX_POINT('',#3405);
#660=VERTEX_POINT('',#3406);
#661=VERTEX_POINT('',#3459);
#662=VERTEX_POINT('',#3461);
#663=VERTEX_POINT('',#3507);
#664=VERTEX_POINT('',#3508);
#665=VERTEX_POINT('',#3561);
#666=VERTEX_POINT('',#3563);
#667=VERTEX_POINT('',#3609);
#668=VERTEX_POINT('',#3610);
#669=VERTEX_POINT('',#3663);
#670=VERTEX_POINT('',#3665);
#671=VERTEX_POINT('',#3711);
#672=VERTEX_POINT('',#3712);
#673=VERTEX_POINT('',#3765);
#674=VERTEX_POINT('',#3767);
#675=VERTEX_POINT('',#3813);
#676=VERTEX_POINT('',#3814);
#677=VERTEX_POINT('',#3867);
#678=VERTEX_POINT('',#3869);
#679=VERTEX_POINT('',#3915);
#680=VERTEX_POINT('',#3916);
#681=VERTEX_POINT('',#3969);
#682=VERTEX_POINT('',#3971);
#683=VERTEX_POINT('',#4017);
#684=VERTEX_POINT('',#4018);
#685=VERTEX_POINT('',#4033);
#686=VERTEX_POINT('',#4048);
#687=VERTEX_POINT('',#4050);
#688=VERTEX_POINT('',#4063);
#689=VERTEX_POINT('',#4125);
#690=VERTEX_POINT('',#4126);
#691=VERTEX_POINT('',#4179);
#692=VERTEX_POINT('',#4181);
#693=VERTEX_POINT('',#4227);
#694=VERTEX_POINT('',#4228);
#695=VERTEX_POINT('',#4281);
#696=VERTEX_POINT('',#4283);
#697=VERTEX_POINT('',#4329);
#698=VERTEX_POINT('',#4330);
#699=VERTEX_POINT('',#4383);
#700=VERTEX_POINT('',#4385);
#701=VERTEX_POINT('',#4431);
#702=VERTEX_POINT('',#4432);
#703=VERTEX_POINT('',#4485);
#704=VERTEX_POINT('',#4487);
#705=VERTEX_POINT('',#4533);
#706=VERTEX_POINT('',#4534);
#707=VERTEX_POINT('',#4587);
#708=VERTEX_POINT('',#4589);
#709=VERTEX_POINT('',#4635);
#710=VERTEX_POINT('',#4647);
#711=VERTEX_POINT('',#4648);
#712=VERTEX_POINT('',#4702);
#713=VERTEX_POINT('',#4734);
#714=VERTEX_POINT('',#4746);
#715=VERTEX_POINT('',#4747);
#716=VERTEX_POINT('',#4762);
#717=VERTEX_POINT('',#4778);
#718=VERTEX_POINT('',#4791);
#719=VERTEX_POINT('',#4839);
#720=VERTEX_POINT('',#4851);
#721=VERTEX_POINT('',#4852);
#722=VERTEX_POINT('',#4906);
#723=VERTEX_POINT('',#4938);
#724=VERTEX_POINT('',#4940);
#725=VERTEX_POINT('',#4944);
#726=VERTEX_POINT('',#4946);
#727=VERTEX_POINT('',#4951);
#728=VERTEX_POINT('',#4957);
#729=VERTEX_POINT('',#4961);
#730=VERTEX_POINT('',#4967);
#731=VERTEX_POINT('',#4969);
#732=VERTEX_POINT('',#4974);
#733=VERTEX_POINT('',#4976);
#734=VERTEX_POINT('',#4979);
#735=EDGE_CURVE('',#569,#570,#447,.T.);
#736=EDGE_CURVE('',#571,#569,#448,.T.);
#737=EDGE_CURVE('',#572,#571,#449,.T.);
#738=EDGE_CURVE('',#570,#572,#450,.T.);
#739=EDGE_CURVE('',#573,#569,#251,.T.);
#740=EDGE_CURVE('',#574,#573,#451,.T.);
#741=EDGE_CURVE('',#574,#575,#452,.T.);
#742=EDGE_CURVE('',#575,#576,#453,.T.);
#743=EDGE_CURVE('',#571,#576,#252,.T.);
#744=EDGE_CURVE('',#577,#577,#253,.T.);
#745=EDGE_CURVE('',#578,#579,#454,.T.);
#746=EDGE_CURVE('',#575,#578,#455,.T.);
#747=EDGE_CURVE('',#579,#574,#456,.T.);
#748=EDGE_CURVE('',#580,#573,#457,.T.);
#749=EDGE_CURVE('',#579,#580,#458,.T.);
#750=EDGE_CURVE('',#581,#578,#459,.T.);
#751=EDGE_CURVE('',#576,#581,#460,.T.);
#752=EDGE_CURVE('',#572,#570,#254,.T.);
#753=EDGE_CURVE('',#582,#582,#255,.T.);
#754=EDGE_CURVE('',#582,#583,#461,.T.);
#755=EDGE_CURVE('',#580,#583,#256,.T.);
#756=EDGE_CURVE('',#583,#581,#257,.T.);
#757=EDGE_CURVE('',#584,#585,#462,.T.);
#758=EDGE_CURVE('',#586,#584,#20,.T.);
#759=EDGE_CURVE('',#587,#586,#463,.T.);
#760=EDGE_CURVE('',#585,#587,#21,.T.);
#761=EDGE_CURVE('',#584,#588,#22,.T.);
#762=EDGE_CURVE('',#589,#588,#258,.T.);
#763=EDGE_CURVE('',#589,#590,#23,.T.);
#764=EDGE_CURVE('',#590,#591,#24,.T.);
#765=EDGE_CURVE('',#592,#591,#259,.T.);
#766=EDGE_CURVE('',#592,#593,#25,.T.);
#767=EDGE_CURVE('',#593,#594,#464,.T.);
#768=EDGE_CURVE('',#594,#594,#260,.T.);
#769=EDGE_CURVE('',#593,#595,#26,.T.);
#770=EDGE_CURVE('',#596,#595,#261,.T.);
#771=EDGE_CURVE('',#596,#597,#27,.T.);
#772=EDGE_CURVE('',#597,#598,#28,.T.);
#773=EDGE_CURVE('',#599,#598,#262,.T.);
#774=EDGE_CURVE('',#599,#586,#29,.T.);
#775=EDGE_CURVE('',#600,#601,#30,.T.);
#776=EDGE_CURVE('',#601,#600,#31,.T.);
#777=EDGE_CURVE('',#602,#599,#32,.T.);
#778=EDGE_CURVE('',#603,#602,#33,.T.);
#779=EDGE_CURVE('',#588,#603,#34,.T.);
#780=EDGE_CURVE('',#604,#585,#35,.T.);
#781=EDGE_CURVE('',#587,#604,#36,.T.);
#782=EDGE_CURVE('',#601,#605,#465,.T.);
#783=EDGE_CURVE('',#606,#605,#37,.T.);
#784=EDGE_CURVE('',#605,#606,#38,.T.);
#785=EDGE_CURVE('',#607,#608,#39,.T.);
#786=EDGE_CURVE('',#608,#607,#40,.T.);
#787=EDGE_CURVE('',#608,#609,#466,.T.);
#788=EDGE_CURVE('',#610,#609,#41,.T.);
#789=EDGE_CURVE('',#609,#610,#42,.T.);
#790=EDGE_CURVE('',#611,#612,#43,.T.);
#791=EDGE_CURVE('',#612,#611,#44,.T.);
#792=EDGE_CURVE('',#612,#613,#467,.T.);
#793=EDGE_CURVE('',#614,#613,#45,.T.);
#794=EDGE_CURVE('',#613,#614,#46,.T.);
#795=EDGE_CURVE('',#615,#616,#47,.T.);
#796=EDGE_CURVE('',#617,#615,#48,.T.);
#797=EDGE_CURVE('',#617,#618,#468,.T.);
#798=EDGE_CURVE('',#619,#618,#49,.T.);
#799=EDGE_CURVE('',#620,#619,#50,.T.);
#800=EDGE_CURVE('',#618,#620,#51,.T.);
#801=EDGE_CURVE('',#616,#617,#52,.T.);
#802=EDGE_CURVE('',#621,#622,#53,.T.);
#803=EDGE_CURVE('',#622,#621,#54,.T.);
#804=EDGE_CURVE('',#622,#623,#469,.T.);
#805=EDGE_CURVE('',#624,#623,#55,.T.);
#806=EDGE_CURVE('',#623,#624,#56,.T.);
#807=EDGE_CURVE('',#625,#626,#57,.T.);
#808=EDGE_CURVE('',#626,#625,#58,.T.);
#809=EDGE_CURVE('',#626,#627,#470,.T.);
#810=EDGE_CURVE('',#628,#627,#59,.T.);
#811=EDGE_CURVE('',#627,#628,#60,.T.);
#812=EDGE_CURVE('',#629,#630,#61,.T.);
#813=EDGE_CURVE('',#630,#629,#62,.T.);
#814=EDGE_CURVE('',#630,#631,#471,.T.);
#815=EDGE_CURVE('',#632,#631,#63,.T.);
#816=EDGE_CURVE('',#631,#632,#64,.T.);
#817=EDGE_CURVE('',#633,#634,#65,.T.);
#818=EDGE_CURVE('',#634,#633,#66,.T.);
#819=EDGE_CURVE('',#634,#635,#472,.T.);
#820=EDGE_CURVE('',#636,#635,#67,.T.);
#821=EDGE_CURVE('',#635,#636,#68,.T.);
#822=EDGE_CURVE('',#637,#638,#69,.T.);
#823=EDGE_CURVE('',#638,#637,#70,.T.);
#824=EDGE_CURVE('',#638,#639,#473,.T.);
#825=EDGE_CURVE('',#640,#639,#71,.T.);
#826=EDGE_CURVE('',#639,#640,#72,.T.);
#827=EDGE_CURVE('',#641,#642,#73,.T.);
#828=EDGE_CURVE('',#642,#641,#74,.T.);
#829=EDGE_CURVE('',#642,#643,#474,.T.);
#830=EDGE_CURVE('',#644,#643,#75,.T.);
#831=EDGE_CURVE('',#643,#644,#76,.T.);
#832=EDGE_CURVE('',#645,#646,#77,.T.);
#833=EDGE_CURVE('',#646,#645,#78,.T.);
#834=EDGE_CURVE('',#646,#647,#475,.T.);
#835=EDGE_CURVE('',#648,#647,#79,.T.);
#836=EDGE_CURVE('',#647,#648,#80,.T.);
#837=EDGE_CURVE('',#649,#650,#81,.T.);
#838=EDGE_CURVE('',#651,#649,#82,.T.);
#839=EDGE_CURVE('',#651,#652,#476,.T.);
#840=EDGE_CURVE('',#653,#652,#83,.T.);
#841=EDGE_CURVE('',#654,#653,#84,.T.);
#842=EDGE_CURVE('',#652,#654,#85,.T.);
#843=EDGE_CURVE('',#650,#651,#86,.T.);
#844=EDGE_CURVE('',#655,#656,#87,.T.);
#845=EDGE_CURVE('',#656,#655,#88,.T.);
#846=EDGE_CURVE('',#656,#657,#477,.T.);
#847=EDGE_CURVE('',#658,#657,#89,.T.);
#848=EDGE_CURVE('',#657,#658,#90,.T.);
#849=EDGE_CURVE('',#659,#660,#91,.T.);
#850=EDGE_CURVE('',#660,#659,#92,.T.);
#851=EDGE_CURVE('',#660,#661,#478,.T.);
#852=EDGE_CURVE('',#662,#661,#93,.T.);
#853=EDGE_CURVE('',#661,#662,#94,.T.);
#854=EDGE_CURVE('',#663,#664,#95,.T.);
#855=EDGE_CURVE('',#664,#663,#96,.T.);
#856=EDGE_CURVE('',#664,#665,#479,.T.);
#857=EDGE_CURVE('',#666,#665,#97,.T.);
#858=EDGE_CURVE('',#665,#666,#98,.T.);
#859=EDGE_CURVE('',#667,#668,#99,.T.);
#860=EDGE_CURVE('',#668,#667,#100,.T.);
#861=EDGE_CURVE('',#668,#669,#480,.T.);
#862=EDGE_CURVE('',#670,#669,#101,.T.);
#863=EDGE_CURVE('',#669,#670,#102,.T.);
#864=EDGE_CURVE('',#671,#672,#103,.T.);
#865=EDGE_CURVE('',#672,#671,#104,.T.);
#866=EDGE_CURVE('',#672,#673,#481,.T.);
#867=EDGE_CURVE('',#674,#673,#105,.T.);
#868=EDGE_CURVE('',#673,#674,#106,.T.);
#869=EDGE_CURVE('',#675,#676,#107,.T.);
#870=EDGE_CURVE('',#676,#675,#108,.T.);
#871=EDGE_CURVE('',#676,#677,#482,.T.);
#872=EDGE_CURVE('',#678,#677,#109,.T.);
#873=EDGE_CURVE('',#677,#678,#110,.T.);
#874=EDGE_CURVE('',#679,#680,#111,.T.);
#875=EDGE_CURVE('',#680,#679,#112,.T.);
#876=EDGE_CURVE('',#680,#681,#483,.T.);
#877=EDGE_CURVE('',#682,#681,#113,.T.);
#878=EDGE_CURVE('',#681,#682,#114,.T.);
#879=EDGE_CURVE('',#683,#684,#115,.T.);
#880=EDGE_CURVE('',#685,#683,#116,.T.);
#881=EDGE_CURVE('',#685,#686,#484,.T.);
#882=EDGE_CURVE('',#687,#686,#117,.T.);
#883=EDGE_CURVE('',#688,#687,#118,.T.);
#884=EDGE_CURVE('',#686,#688,#119,.T.);
#885=EDGE_CURVE('',#684,#685,#120,.T.);
#886=EDGE_CURVE('',#689,#690,#121,.T.);
#887=EDGE_CURVE('',#690,#689,#122,.T.);
#888=EDGE_CURVE('',#690,#691,#485,.T.);
#889=EDGE_CURVE('',#692,#691,#123,.T.);
#890=EDGE_CURVE('',#691,#692,#124,.T.);
#891=EDGE_CURVE('',#693,#694,#125,.T.);
#892=EDGE_CURVE('',#694,#693,#126,.T.);
#893=EDGE_CURVE('',#694,#695,#486,.T.);
#894=EDGE_CURVE('',#696,#695,#127,.T.);
#895=EDGE_CURVE('',#695,#696,#128,.T.);
#896=EDGE_CURVE('',#697,#698,#129,.T.);
#897=EDGE_CURVE('',#698,#697,#130,.T.);
#898=EDGE_CURVE('',#698,#699,#487,.T.);
#899=EDGE_CURVE('',#700,#699,#131,.T.);
#900=EDGE_CURVE('',#699,#700,#132,.T.);
#901=EDGE_CURVE('',#701,#702,#133,.T.);
#902=EDGE_CURVE('',#702,#701,#134,.T.);
#903=EDGE_CURVE('',#702,#703,#488,.T.);
#904=EDGE_CURVE('',#704,#703,#135,.T.);
#905=EDGE_CURVE('',#703,#704,#136,.T.);
#906=EDGE_CURVE('',#705,#706,#137,.T.);
#907=EDGE_CURVE('',#706,#705,#138,.T.);
#908=EDGE_CURVE('',#706,#707,#489,.T.);
#909=EDGE_CURVE('',#708,#707,#139,.T.);
#910=EDGE_CURVE('',#707,#708,#140,.T.);
#911=EDGE_CURVE('',#709,#603,#263,.T.);
#912=EDGE_CURVE('',#709,#589,#141,.T.);
#913=EDGE_CURVE('',#710,#711,#142,.T.);
#914=EDGE_CURVE('',#711,#710,#143,.T.);
#915=EDGE_CURVE('',#711,#590,#490,.T.);
#916=EDGE_CURVE('',#712,#709,#144,.T.);
#917=EDGE_CURVE('',#591,#712,#145,.T.);
#918=EDGE_CURVE('',#713,#712,#264,.T.);
#919=EDGE_CURVE('',#713,#592,#146,.T.);
#920=EDGE_CURVE('',#714,#715,#147,.T.);
#921=EDGE_CURVE('',#716,#714,#148,.T.);
#922=EDGE_CURVE('',#716,#593,#491,.T.);
#923=EDGE_CURVE('',#717,#713,#149,.T.);
#924=EDGE_CURVE('',#718,#717,#150,.T.);
#925=EDGE_CURVE('',#595,#718,#151,.T.);
#926=EDGE_CURVE('',#715,#716,#152,.T.);
#927=EDGE_CURVE('',#719,#718,#265,.T.);
#928=EDGE_CURVE('',#719,#596,#153,.T.);
#929=EDGE_CURVE('',#720,#721,#154,.T.);
#930=EDGE_CURVE('',#721,#720,#155,.T.);
#931=EDGE_CURVE('',#721,#597,#492,.T.);
#932=EDGE_CURVE('',#722,#719,#156,.T.);
#933=EDGE_CURVE('',#598,#722,#157,.T.);
#934=EDGE_CURVE('',#723,#723,#266,.T.);
#935=EDGE_CURVE('',#723,#724,#493,.T.);
#936=EDGE_CURVE('',#724,#724,#267,.T.);
#937=EDGE_CURVE('',#725,#725,#268,.T.);
#938=EDGE_CURVE('',#725,#726,#494,.T.);
#939=EDGE_CURVE('',#726,#726,#269,.T.);
#940=EDGE_CURVE('',#727,#727,#270,.T.);
#941=EDGE_CURVE('',#727,#716,#495,.T.);
#942=EDGE_CURVE('',#715,#685,#496,.T.);
#943=EDGE_CURVE('',#684,#651,#497,.T.);
#944=EDGE_CURVE('',#650,#617,#498,.T.);
#945=EDGE_CURVE('',#616,#728,#499,.T.);
#946=EDGE_CURVE('',#728,#728,#271,.T.);
#947=EDGE_CURVE('',#729,#729,#272,.T.);
#948=EDGE_CURVE('',#577,#729,#500,.T.);
#949=EDGE_CURVE('',#730,#730,#273,.T.);
#950=EDGE_CURVE('',#730,#731,#501,.T.);
#951=EDGE_CURVE('',#731,#731,#274,.T.);
#952=EDGE_CURVE('',#732,#732,#275,.T.);
#953=EDGE_CURVE('',#733,#733,#276,.T.);
#954=EDGE_CURVE('',#734,#734,#277,.T.);
#955=EDGE_CURVE('',#734,#732,#502,.T.);
#956=EDGE_CURVE('',#733,#620,#503,.T.);
#957=EDGE_CURVE('',#618,#654,#504,.T.);
#958=EDGE_CURVE('',#652,#688,#505,.T.);
#959=EDGE_CURVE('',#686,#717,#506,.T.);
#960=EDGE_CURVE('',#602,#722,#278,.T.);
#961=EDGE_CURVE('',#594,#582,#507,.T.);
#962=ORIENTED_EDGE('',*,*,#735,.F.);
#963=ORIENTED_EDGE('',*,*,#736,.F.);
#964=ORIENTED_EDGE('',*,*,#737,.F.);
#965=ORIENTED_EDGE('',*,*,#738,.F.);
#966=ORIENTED_EDGE('',*,*,#739,.F.);
#967=ORIENTED_EDGE('',*,*,#740,.F.);
#968=ORIENTED_EDGE('',*,*,#741,.T.);
#969=ORIENTED_EDGE('',*,*,#742,.T.);
#970=ORIENTED_EDGE('',*,*,#743,.F.);
#971=ORIENTED_EDGE('',*,*,#736,.T.);
#972=ORIENTED_EDGE('',*,*,#744,.F.);
#973=ORIENTED_EDGE('',*,*,#745,.F.);
#974=ORIENTED_EDGE('',*,*,#746,.F.);
#975=ORIENTED_EDGE('',*,*,#741,.F.);
#976=ORIENTED_EDGE('',*,*,#747,.F.);
#977=ORIENTED_EDGE('',*,*,#748,.F.);
#978=ORIENTED_EDGE('',*,*,#749,.F.);
#979=ORIENTED_EDGE('',*,*,#747,.T.);
#980=ORIENTED_EDGE('',*,*,#740,.T.);
#981=ORIENTED_EDGE('',*,*,#750,.F.);
#982=ORIENTED_EDGE('',*,*,#751,.F.);
#983=ORIENTED_EDGE('',*,*,#742,.F.);
#984=ORIENTED_EDGE('',*,*,#746,.T.);
#985=ORIENTED_EDGE('',*,*,#738,.T.);
#986=ORIENTED_EDGE('',*,*,#752,.T.);
#987=ORIENTED_EDGE('',*,*,#753,.F.);
#988=ORIENTED_EDGE('',*,*,#754,.T.);
#989=ORIENTED_EDGE('',*,*,#755,.F.);
#990=ORIENTED_EDGE('',*,*,#748,.T.);
#991=ORIENTED_EDGE('',*,*,#739,.T.);
#992=ORIENTED_EDGE('',*,*,#735,.T.);
#993=ORIENTED_EDGE('',*,*,#752,.F.);
#994=ORIENTED_EDGE('',*,*,#737,.T.);
#995=ORIENTED_EDGE('',*,*,#743,.T.);
#996=ORIENTED_EDGE('',*,*,#751,.T.);
#997=ORIENTED_EDGE('',*,*,#756,.F.);
#998=ORIENTED_EDGE('',*,*,#754,.F.);
#999=ORIENTED_EDGE('',*,*,#757,.F.);
#1000=ORIENTED_EDGE('',*,*,#758,.F.);
#1001=ORIENTED_EDGE('',*,*,#759,.F.);
#1002=ORIENTED_EDGE('',*,*,#760,.F.);
#1003=ORIENTED_EDGE('',*,*,#758,.T.);
#1004=ORIENTED_EDGE('',*,*,#761,.T.);
#1005=ORIENTED_EDGE('',*,*,#762,.F.);
#1006=ORIENTED_EDGE('',*,*,#763,.T.);
#1007=ORIENTED_EDGE('',*,*,#764,.T.);
#1008=ORIENTED_EDGE('',*,*,#765,.F.);
#1009=ORIENTED_EDGE('',*,*,#766,.T.);
#1010=ORIENTED_EDGE('',*,*,#767,.T.);
#1011=ORIENTED_EDGE('',*,*,#768,.T.);
#1012=ORIENTED_EDGE('',*,*,#767,.F.);
#1013=ORIENTED_EDGE('',*,*,#769,.T.);
#1014=ORIENTED_EDGE('',*,*,#770,.F.);
#1015=ORIENTED_EDGE('',*,*,#771,.T.);
#1016=ORIENTED_EDGE('',*,*,#772,.T.);
#1017=ORIENTED_EDGE('',*,*,#773,.F.);
#1018=ORIENTED_EDGE('',*,*,#774,.T.);
#1019=ORIENTED_EDGE('',*,*,#775,.T.);
#1020=ORIENTED_EDGE('',*,*,#776,.T.);
#1021=ORIENTED_EDGE('',*,*,#759,.T.);
#1022=ORIENTED_EDGE('',*,*,#774,.F.);
#1023=ORIENTED_EDGE('',*,*,#777,.F.);
#1024=ORIENTED_EDGE('',*,*,#778,.F.);
#1025=ORIENTED_EDGE('',*,*,#779,.F.);
#1026=ORIENTED_EDGE('',*,*,#761,.F.);
#1027=ORIENTED_EDGE('',*,*,#757,.T.);
#1028=ORIENTED_EDGE('',*,*,#780,.F.);
#1029=ORIENTED_EDGE('',*,*,#781,.F.);
#1030=ORIENTED_EDGE('',*,*,#775,.F.);
#1031=ORIENTED_EDGE('',*,*,#776,.F.);
#1032=ORIENTED_EDGE('',*,*,#782,.T.);
#1033=ORIENTED_EDGE('',*,*,#783,.F.);
#1034=ORIENTED_EDGE('',*,*,#784,.F.);
#1035=ORIENTED_EDGE('',*,*,#782,.F.);
#1036=ORIENTED_EDGE('',*,*,#785,.F.);
#1037=ORIENTED_EDGE('',*,*,#786,.F.);
#1038=ORIENTED_EDGE('',*,*,#787,.T.);
#1039=ORIENTED_EDGE('',*,*,#788,.F.);
#1040=ORIENTED_EDGE('',*,*,#789,.F.);
#1041=ORIENTED_EDGE('',*,*,#787,.F.);
#1042=ORIENTED_EDGE('',*,*,#790,.F.);
#1043=ORIENTED_EDGE('',*,*,#791,.F.);
#1044=ORIENTED_EDGE('',*,*,#792,.T.);
#1045=ORIENTED_EDGE('',*,*,#793,.F.);
#1046=ORIENTED_EDGE('',*,*,#794,.F.);
#1047=ORIENTED_EDGE('',*,*,#792,.F.);
#1048=ORIENTED_EDGE('',*,*,#795,.F.);
#1049=ORIENTED_EDGE('',*,*,#796,.F.);
#1050=ORIENTED_EDGE('',*,*,#797,.T.);
#1051=ORIENTED_EDGE('',*,*,#798,.F.);
#1052=ORIENTED_EDGE('',*,*,#799,.F.);
#1053=ORIENTED_EDGE('',*,*,#800,.F.);
#1054=ORIENTED_EDGE('',*,*,#797,.F.);
#1055=ORIENTED_EDGE('',*,*,#801,.F.);
#1056=ORIENTED_EDGE('',*,*,#802,.F.);
#1057=ORIENTED_EDGE('',*,*,#803,.F.);
#1058=ORIENTED_EDGE('',*,*,#804,.T.);
#1059=ORIENTED_EDGE('',*,*,#805,.F.);
#1060=ORIENTED_EDGE('',*,*,#806,.F.);
#1061=ORIENTED_EDGE('',*,*,#804,.F.);
#1062=ORIENTED_EDGE('',*,*,#807,.F.);
#1063=ORIENTED_EDGE('',*,*,#808,.F.);
#1064=ORIENTED_EDGE('',*,*,#809,.T.);
#1065=ORIENTED_EDGE('',*,*,#810,.F.);
#1066=ORIENTED_EDGE('',*,*,#811,.F.);
#1067=ORIENTED_EDGE('',*,*,#809,.F.);
#1068=ORIENTED_EDGE('',*,*,#812,.F.);
#1069=ORIENTED_EDGE('',*,*,#813,.F.);
#1070=ORIENTED_EDGE('',*,*,#814,.T.);
#1071=ORIENTED_EDGE('',*,*,#815,.F.);
#1072=ORIENTED_EDGE('',*,*,#816,.F.);
#1073=ORIENTED_EDGE('',*,*,#814,.F.);
#1074=ORIENTED_EDGE('',*,*,#817,.F.);
#1075=ORIENTED_EDGE('',*,*,#818,.F.);
#1076=ORIENTED_EDGE('',*,*,#819,.T.);
#1077=ORIENTED_EDGE('',*,*,#820,.F.);
#1078=ORIENTED_EDGE('',*,*,#821,.F.);
#1079=ORIENTED_EDGE('',*,*,#819,.F.);
#1080=ORIENTED_EDGE('',*,*,#822,.F.);
#1081=ORIENTED_EDGE('',*,*,#823,.F.);
#1082=ORIENTED_EDGE('',*,*,#824,.T.);
#1083=ORIENTED_EDGE('',*,*,#825,.F.);
#1084=ORIENTED_EDGE('',*,*,#826,.F.);
#1085=ORIENTED_EDGE('',*,*,#824,.F.);
#1086=ORIENTED_EDGE('',*,*,#827,.F.);
#1087=ORIENTED_EDGE('',*,*,#828,.F.);
#1088=ORIENTED_EDGE('',*,*,#829,.T.);
#1089=ORIENTED_EDGE('',*,*,#830,.F.);
#1090=ORIENTED_EDGE('',*,*,#831,.F.);
#1091=ORIENTED_EDGE('',*,*,#829,.F.);
#1092=ORIENTED_EDGE('',*,*,#832,.F.);
#1093=ORIENTED_EDGE('',*,*,#833,.F.);
#1094=ORIENTED_EDGE('',*,*,#834,.T.);
#1095=ORIENTED_EDGE('',*,*,#835,.F.);
#1096=ORIENTED_EDGE('',*,*,#836,.F.);
#1097=ORIENTED_EDGE('',*,*,#834,.F.);
#1098=ORIENTED_EDGE('',*,*,#837,.F.);
#1099=ORIENTED_EDGE('',*,*,#838,.F.);
#1100=ORIENTED_EDGE('',*,*,#839,.T.);
#1101=ORIENTED_EDGE('',*,*,#840,.F.);
#1102=ORIENTED_EDGE('',*,*,#841,.F.);
#1103=ORIENTED_EDGE('',*,*,#842,.F.);
#1104=ORIENTED_EDGE('',*,*,#839,.F.);
#1105=ORIENTED_EDGE('',*,*,#843,.F.);
#1106=ORIENTED_EDGE('',*,*,#844,.F.);
#1107=ORIENTED_EDGE('',*,*,#845,.F.);
#1108=ORIENTED_EDGE('',*,*,#846,.T.);
#1109=ORIENTED_EDGE('',*,*,#847,.F.);
#1110=ORIENTED_EDGE('',*,*,#848,.F.);
#1111=ORIENTED_EDGE('',*,*,#846,.F.);
#1112=ORIENTED_EDGE('',*,*,#849,.F.);
#1113=ORIENTED_EDGE('',*,*,#850,.F.);
#1114=ORIENTED_EDGE('',*,*,#851,.T.);
#1115=ORIENTED_EDGE('',*,*,#852,.F.);
#1116=ORIENTED_EDGE('',*,*,#853,.F.);
#1117=ORIENTED_EDGE('',*,*,#851,.F.);
#1118=ORIENTED_EDGE('',*,*,#854,.F.);
#1119=ORIENTED_EDGE('',*,*,#855,.F.);
#1120=ORIENTED_EDGE('',*,*,#856,.T.);
#1121=ORIENTED_EDGE('',*,*,#857,.F.);
#1122=ORIENTED_EDGE('',*,*,#858,.F.);
#1123=ORIENTED_EDGE('',*,*,#856,.F.);
#1124=ORIENTED_EDGE('',*,*,#859,.F.);
#1125=ORIENTED_EDGE('',*,*,#860,.F.);
#1126=ORIENTED_EDGE('',*,*,#861,.T.);
#1127=ORIENTED_EDGE('',*,*,#862,.F.);
#1128=ORIENTED_EDGE('',*,*,#863,.F.);
#1129=ORIENTED_EDGE('',*,*,#861,.F.);
#1130=ORIENTED_EDGE('',*,*,#864,.F.);
#1131=ORIENTED_EDGE('',*,*,#865,.F.);
#1132=ORIENTED_EDGE('',*,*,#866,.T.);
#1133=ORIENTED_EDGE('',*,*,#867,.F.);
#1134=ORIENTED_EDGE('',*,*,#868,.F.);
#1135=ORIENTED_EDGE('',*,*,#866,.F.);
#1136=ORIENTED_EDGE('',*,*,#869,.F.);
#1137=ORIENTED_EDGE('',*,*,#870,.F.);
#1138=ORIENTED_EDGE('',*,*,#871,.T.);
#1139=ORIENTED_EDGE('',*,*,#872,.F.);
#1140=ORIENTED_EDGE('',*,*,#873,.F.);
#1141=ORIENTED_EDGE('',*,*,#871,.F.);
#1142=ORIENTED_EDGE('',*,*,#874,.F.);
#1143=ORIENTED_EDGE('',*,*,#875,.F.);
#1144=ORIENTED_EDGE('',*,*,#876,.T.);
#1145=ORIENTED_EDGE('',*,*,#877,.F.);
#1146=ORIENTED_EDGE('',*,*,#878,.F.);
#1147=ORIENTED_EDGE('',*,*,#876,.F.);
#1148=ORIENTED_EDGE('',*,*,#879,.F.);
#1149=ORIENTED_EDGE('',*,*,#880,.F.);
#1150=ORIENTED_EDGE('',*,*,#881,.T.);
#1151=ORIENTED_EDGE('',*,*,#882,.F.);
#1152=ORIENTED_EDGE('',*,*,#883,.F.);
#1153=ORIENTED_EDGE('',*,*,#884,.F.);
#1154=ORIENTED_EDGE('',*,*,#881,.F.);
#1155=ORIENTED_EDGE('',*,*,#885,.F.);
#1156=ORIENTED_EDGE('',*,*,#886,.F.);
#1157=ORIENTED_EDGE('',*,*,#887,.F.);
#1158=ORIENTED_EDGE('',*,*,#888,.T.);
#1159=ORIENTED_EDGE('',*,*,#889,.F.);
#1160=ORIENTED_EDGE('',*,*,#890,.F.);
#1161=ORIENTED_EDGE('',*,*,#888,.F.);
#1162=ORIENTED_EDGE('',*,*,#891,.F.);
#1163=ORIENTED_EDGE('',*,*,#892,.F.);
#1164=ORIENTED_EDGE('',*,*,#893,.T.);
#1165=ORIENTED_EDGE('',*,*,#894,.F.);
#1166=ORIENTED_EDGE('',*,*,#895,.F.);
#1167=ORIENTED_EDGE('',*,*,#893,.F.);
#1168=ORIENTED_EDGE('',*,*,#896,.F.);
#1169=ORIENTED_EDGE('',*,*,#897,.F.);
#1170=ORIENTED_EDGE('',*,*,#898,.T.);
#1171=ORIENTED_EDGE('',*,*,#899,.F.);
#1172=ORIENTED_EDGE('',*,*,#900,.F.);
#1173=ORIENTED_EDGE('',*,*,#898,.F.);
#1174=ORIENTED_EDGE('',*,*,#901,.F.);
#1175=ORIENTED_EDGE('',*,*,#902,.F.);
#1176=ORIENTED_EDGE('',*,*,#903,.T.);
#1177=ORIENTED_EDGE('',*,*,#904,.F.);
#1178=ORIENTED_EDGE('',*,*,#905,.F.);
#1179=ORIENTED_EDGE('',*,*,#903,.F.);
#1180=ORIENTED_EDGE('',*,*,#906,.F.);
#1181=ORIENTED_EDGE('',*,*,#907,.F.);
#1182=ORIENTED_EDGE('',*,*,#908,.T.);
#1183=ORIENTED_EDGE('',*,*,#909,.F.);
#1184=ORIENTED_EDGE('',*,*,#910,.F.);
#1185=ORIENTED_EDGE('',*,*,#908,.F.);
#1186=ORIENTED_EDGE('',*,*,#779,.T.);
#1187=ORIENTED_EDGE('',*,*,#911,.F.);
#1188=ORIENTED_EDGE('',*,*,#912,.T.);
#1189=ORIENTED_EDGE('',*,*,#762,.T.);
#1190=ORIENTED_EDGE('',*,*,#913,.F.);
#1191=ORIENTED_EDGE('',*,*,#914,.F.);
#1192=ORIENTED_EDGE('',*,*,#915,.T.);
#1193=ORIENTED_EDGE('',*,*,#763,.F.);
#1194=ORIENTED_EDGE('',*,*,#912,.F.);
#1195=ORIENTED_EDGE('',*,*,#916,.F.);
#1196=ORIENTED_EDGE('',*,*,#917,.F.);
#1197=ORIENTED_EDGE('',*,*,#764,.F.);
#1198=ORIENTED_EDGE('',*,*,#915,.F.);
#1199=ORIENTED_EDGE('',*,*,#917,.T.);
#1200=ORIENTED_EDGE('',*,*,#918,.F.);
#1201=ORIENTED_EDGE('',*,*,#919,.T.);
#1202=ORIENTED_EDGE('',*,*,#765,.T.);
#1203=ORIENTED_EDGE('',*,*,#920,.F.);
#1204=ORIENTED_EDGE('',*,*,#921,.F.);
#1205=ORIENTED_EDGE('',*,*,#922,.T.);
#1206=ORIENTED_EDGE('',*,*,#766,.F.);
#1207=ORIENTED_EDGE('',*,*,#919,.F.);
#1208=ORIENTED_EDGE('',*,*,#923,.F.);
#1209=ORIENTED_EDGE('',*,*,#924,.F.);
#1210=ORIENTED_EDGE('',*,*,#925,.F.);
#1211=ORIENTED_EDGE('',*,*,#769,.F.);
#1212=ORIENTED_EDGE('',*,*,#922,.F.);
#1213=ORIENTED_EDGE('',*,*,#926,.F.);
#1214=ORIENTED_EDGE('',*,*,#925,.T.);
#1215=ORIENTED_EDGE('',*,*,#927,.F.);
#1216=ORIENTED_EDGE('',*,*,#928,.T.);
#1217=ORIENTED_EDGE('',*,*,#770,.T.);
#1218=ORIENTED_EDGE('',*,*,#929,.F.);
#1219=ORIENTED_EDGE('',*,*,#930,.F.);
#1220=ORIENTED_EDGE('',*,*,#931,.T.);
#1221=ORIENTED_EDGE('',*,*,#771,.F.);
#1222=ORIENTED_EDGE('',*,*,#928,.F.);
#1223=ORIENTED_EDGE('',*,*,#932,.F.);
#1224=ORIENTED_EDGE('',*,*,#933,.F.);
#1225=ORIENTED_EDGE('',*,*,#772,.F.);
#1226=ORIENTED_EDGE('',*,*,#931,.F.);
#1227=ORIENTED_EDGE('',*,*,#934,.F.);
#1228=ORIENTED_EDGE('',*,*,#935,.T.);
#1229=ORIENTED_EDGE('',*,*,#936,.F.);
#1230=ORIENTED_EDGE('',*,*,#935,.F.);
#1231=ORIENTED_EDGE('',*,*,#937,.T.);
#1232=ORIENTED_EDGE('',*,*,#938,.T.);
#1233=ORIENTED_EDGE('',*,*,#939,.F.);
#1234=ORIENTED_EDGE('',*,*,#938,.F.);
#1235=ORIENTED_EDGE('',*,*,#937,.F.);
#1236=ORIENTED_EDGE('',*,*,#936,.T.);
#1237=ORIENTED_EDGE('',*,*,#940,.T.);
#1238=ORIENTED_EDGE('',*,*,#941,.T.);
#1239=ORIENTED_EDGE('',*,*,#921,.T.);
#1240=ORIENTED_EDGE('',*,*,#920,.T.);
#1241=ORIENTED_EDGE('',*,*,#942,.T.);
#1242=ORIENTED_EDGE('',*,*,#880,.T.);
#1243=ORIENTED_EDGE('',*,*,#879,.T.);
#1244=ORIENTED_EDGE('',*,*,#943,.T.);
#1245=ORIENTED_EDGE('',*,*,#838,.T.);
#1246=ORIENTED_EDGE('',*,*,#837,.T.);
#1247=ORIENTED_EDGE('',*,*,#944,.T.);
#1248=ORIENTED_EDGE('',*,*,#796,.T.);
#1249=ORIENTED_EDGE('',*,*,#795,.T.);
#1250=ORIENTED_EDGE('',*,*,#945,.T.);
#1251=ORIENTED_EDGE('',*,*,#946,.T.);
#1252=ORIENTED_EDGE('',*,*,#945,.F.);
#1253=ORIENTED_EDGE('',*,*,#801,.T.);
#1254=ORIENTED_EDGE('',*,*,#944,.F.);
#1255=ORIENTED_EDGE('',*,*,#843,.T.);
#1256=ORIENTED_EDGE('',*,*,#943,.F.);
#1257=ORIENTED_EDGE('',*,*,#885,.T.);
#1258=ORIENTED_EDGE('',*,*,#942,.F.);
#1259=ORIENTED_EDGE('',*,*,#926,.T.);
#1260=ORIENTED_EDGE('',*,*,#941,.F.);
#1261=ORIENTED_EDGE('',*,*,#760,.T.);
#1262=ORIENTED_EDGE('',*,*,#781,.T.);
#1263=ORIENTED_EDGE('',*,*,#780,.T.);
#1264=ORIENTED_EDGE('',*,*,#783,.T.);
#1265=ORIENTED_EDGE('',*,*,#784,.T.);
#1266=ORIENTED_EDGE('',*,*,#785,.T.);
#1267=ORIENTED_EDGE('',*,*,#786,.T.);
#1268=ORIENTED_EDGE('',*,*,#790,.T.);
#1269=ORIENTED_EDGE('',*,*,#791,.T.);
#1270=ORIENTED_EDGE('',*,*,#802,.T.);
#1271=ORIENTED_EDGE('',*,*,#803,.T.);
#1272=ORIENTED_EDGE('',*,*,#807,.T.);
#1273=ORIENTED_EDGE('',*,*,#808,.T.);
#1274=ORIENTED_EDGE('',*,*,#812,.T.);
#1275=ORIENTED_EDGE('',*,*,#813,.T.);
#1276=ORIENTED_EDGE('',*,*,#817,.T.);
#1277=ORIENTED_EDGE('',*,*,#818,.T.);
#1278=ORIENTED_EDGE('',*,*,#822,.T.);
#1279=ORIENTED_EDGE('',*,*,#823,.T.);
#1280=ORIENTED_EDGE('',*,*,#827,.T.);
#1281=ORIENTED_EDGE('',*,*,#828,.T.);
#1282=ORIENTED_EDGE('',*,*,#832,.T.);
#1283=ORIENTED_EDGE('',*,*,#833,.T.);
#1284=ORIENTED_EDGE('',*,*,#844,.T.);
#1285=ORIENTED_EDGE('',*,*,#845,.T.);
#1286=ORIENTED_EDGE('',*,*,#849,.T.);
#1287=ORIENTED_EDGE('',*,*,#850,.T.);
#1288=ORIENTED_EDGE('',*,*,#854,.T.);
#1289=ORIENTED_EDGE('',*,*,#855,.T.);
#1290=ORIENTED_EDGE('',*,*,#859,.T.);
#1291=ORIENTED_EDGE('',*,*,#860,.T.);
#1292=ORIENTED_EDGE('',*,*,#864,.T.);
#1293=ORIENTED_EDGE('',*,*,#865,.T.);
#1294=ORIENTED_EDGE('',*,*,#869,.T.);
#1295=ORIENTED_EDGE('',*,*,#870,.T.);
#1296=ORIENTED_EDGE('',*,*,#874,.T.);
#1297=ORIENTED_EDGE('',*,*,#875,.T.);
#1298=ORIENTED_EDGE('',*,*,#886,.T.);
#1299=ORIENTED_EDGE('',*,*,#887,.T.);
#1300=ORIENTED_EDGE('',*,*,#891,.T.);
#1301=ORIENTED_EDGE('',*,*,#892,.T.);
#1302=ORIENTED_EDGE('',*,*,#896,.T.);
#1303=ORIENTED_EDGE('',*,*,#897,.T.);
#1304=ORIENTED_EDGE('',*,*,#901,.T.);
#1305=ORIENTED_EDGE('',*,*,#902,.T.);
#1306=ORIENTED_EDGE('',*,*,#906,.T.);
#1307=ORIENTED_EDGE('',*,*,#907,.T.);
#1308=ORIENTED_EDGE('',*,*,#913,.T.);
#1309=ORIENTED_EDGE('',*,*,#914,.T.);
#1310=ORIENTED_EDGE('',*,*,#929,.T.);
#1311=ORIENTED_EDGE('',*,*,#930,.T.);
#1312=ORIENTED_EDGE('',*,*,#940,.F.);
#1313=ORIENTED_EDGE('',*,*,#947,.F.);
#1314=ORIENTED_EDGE('',*,*,#946,.F.);
#1315=ORIENTED_EDGE('',*,*,#934,.T.);
#1316=ORIENTED_EDGE('',*,*,#744,.T.);
#1317=ORIENTED_EDGE('',*,*,#948,.T.);
#1318=ORIENTED_EDGE('',*,*,#947,.T.);
#1319=ORIENTED_EDGE('',*,*,#948,.F.);
#1320=ORIENTED_EDGE('',*,*,#949,.F.);
#1321=ORIENTED_EDGE('',*,*,#950,.T.);
#1322=ORIENTED_EDGE('',*,*,#951,.F.);
#1323=ORIENTED_EDGE('',*,*,#950,.F.);
#1324=ORIENTED_EDGE('',*,*,#949,.T.);
#1325=ORIENTED_EDGE('',*,*,#939,.T.);
#1326=ORIENTED_EDGE('',*,*,#952,.T.);
#1327=ORIENTED_EDGE('',*,*,#953,.T.);
#1328=ORIENTED_EDGE('',*,*,#954,.F.);
#1329=ORIENTED_EDGE('',*,*,#955,.T.);
#1330=ORIENTED_EDGE('',*,*,#952,.F.);
#1331=ORIENTED_EDGE('',*,*,#955,.F.);
#1332=ORIENTED_EDGE('',*,*,#954,.T.);
#1333=ORIENTED_EDGE('',*,*,#951,.T.);
#1334=ORIENTED_EDGE('',*,*,#953,.F.);
#1335=ORIENTED_EDGE('',*,*,#956,.T.);
#1336=ORIENTED_EDGE('',*,*,#799,.T.);
#1337=ORIENTED_EDGE('',*,*,#798,.T.);
#1338=ORIENTED_EDGE('',*,*,#957,.T.);
#1339=ORIENTED_EDGE('',*,*,#841,.T.);
#1340=ORIENTED_EDGE('',*,*,#840,.T.);
#1341=ORIENTED_EDGE('',*,*,#958,.T.);
#1342=ORIENTED_EDGE('',*,*,#883,.T.);
#1343=ORIENTED_EDGE('',*,*,#882,.T.);
#1344=ORIENTED_EDGE('',*,*,#959,.T.);
#1345=ORIENTED_EDGE('',*,*,#923,.T.);
#1346=ORIENTED_EDGE('',*,*,#918,.T.);
#1347=ORIENTED_EDGE('',*,*,#916,.T.);
#1348=ORIENTED_EDGE('',*,*,#911,.T.);
#1349=ORIENTED_EDGE('',*,*,#778,.T.);
#1350=ORIENTED_EDGE('',*,*,#960,.T.);
#1351=ORIENTED_EDGE('',*,*,#932,.T.);
#1352=ORIENTED_EDGE('',*,*,#927,.T.);
#1353=ORIENTED_EDGE('',*,*,#924,.T.);
#1354=ORIENTED_EDGE('',*,*,#959,.F.);
#1355=ORIENTED_EDGE('',*,*,#884,.T.);
#1356=ORIENTED_EDGE('',*,*,#958,.F.);
#1357=ORIENTED_EDGE('',*,*,#842,.T.);
#1358=ORIENTED_EDGE('',*,*,#957,.F.);
#1359=ORIENTED_EDGE('',*,*,#800,.T.);
#1360=ORIENTED_EDGE('',*,*,#956,.F.);
#1361=ORIENTED_EDGE('',*,*,#788,.T.);
#1362=ORIENTED_EDGE('',*,*,#789,.T.);
#1363=ORIENTED_EDGE('',*,*,#793,.T.);
#1364=ORIENTED_EDGE('',*,*,#794,.T.);
#1365=ORIENTED_EDGE('',*,*,#805,.T.);
#1366=ORIENTED_EDGE('',*,*,#806,.T.);
#1367=ORIENTED_EDGE('',*,*,#810,.T.);
#1368=ORIENTED_EDGE('',*,*,#811,.T.);
#1369=ORIENTED_EDGE('',*,*,#815,.T.);
#1370=ORIENTED_EDGE('',*,*,#816,.T.);
#1371=ORIENTED_EDGE('',*,*,#820,.T.);
#1372=ORIENTED_EDGE('',*,*,#821,.T.);
#1373=ORIENTED_EDGE('',*,*,#825,.T.);
#1374=ORIENTED_EDGE('',*,*,#826,.T.);
#1375=ORIENTED_EDGE('',*,*,#830,.T.);
#1376=ORIENTED_EDGE('',*,*,#831,.T.);
#1377=ORIENTED_EDGE('',*,*,#835,.T.);
#1378=ORIENTED_EDGE('',*,*,#836,.T.);
#1379=ORIENTED_EDGE('',*,*,#847,.T.);
#1380=ORIENTED_EDGE('',*,*,#848,.T.);
#1381=ORIENTED_EDGE('',*,*,#852,.T.);
#1382=ORIENTED_EDGE('',*,*,#853,.T.);
#1383=ORIENTED_EDGE('',*,*,#857,.T.);
#1384=ORIENTED_EDGE('',*,*,#858,.T.);
#1385=ORIENTED_EDGE('',*,*,#862,.T.);
#1386=ORIENTED_EDGE('',*,*,#863,.T.);
#1387=ORIENTED_EDGE('',*,*,#867,.T.);
#1388=ORIENTED_EDGE('',*,*,#868,.T.);
#1389=ORIENTED_EDGE('',*,*,#872,.T.);
#1390=ORIENTED_EDGE('',*,*,#873,.T.);
#1391=ORIENTED_EDGE('',*,*,#877,.T.);
#1392=ORIENTED_EDGE('',*,*,#878,.T.);
#1393=ORIENTED_EDGE('',*,*,#889,.T.);
#1394=ORIENTED_EDGE('',*,*,#890,.T.);
#1395=ORIENTED_EDGE('',*,*,#894,.T.);
#1396=ORIENTED_EDGE('',*,*,#895,.T.);
#1397=ORIENTED_EDGE('',*,*,#899,.T.);
#1398=ORIENTED_EDGE('',*,*,#900,.T.);
#1399=ORIENTED_EDGE('',*,*,#904,.T.);
#1400=ORIENTED_EDGE('',*,*,#905,.T.);
#1401=ORIENTED_EDGE('',*,*,#909,.T.);
#1402=ORIENTED_EDGE('',*,*,#910,.T.);
#1403=ORIENTED_EDGE('',*,*,#777,.T.);
#1404=ORIENTED_EDGE('',*,*,#773,.T.);
#1405=ORIENTED_EDGE('',*,*,#933,.T.);
#1406=ORIENTED_EDGE('',*,*,#960,.F.);
#1407=ORIENTED_EDGE('',*,*,#768,.F.);
#1408=ORIENTED_EDGE('',*,*,#961,.T.);
#1409=ORIENTED_EDGE('',*,*,#753,.T.);
#1410=ORIENTED_EDGE('',*,*,#961,.F.);
#1411=ORIENTED_EDGE('',*,*,#749,.T.);
#1412=ORIENTED_EDGE('',*,*,#755,.T.);
#1413=ORIENTED_EDGE('',*,*,#756,.T.);
#1414=ORIENTED_EDGE('',*,*,#750,.T.);
#1415=ORIENTED_EDGE('',*,*,#745,.T.);
#1416=PLANE('',#1500);
#1417=PLANE('',#1501);
#1418=PLANE('',#1505);
#1419=PLANE('',#1506);
#1420=PLANE('',#1507);
#1421=PLANE('',#1508);
#1422=PLANE('',#1562);
#1423=PLANE('',#1566);
#1424=PLANE('',#1568);
#1425=PLANE('',#1573);
#1426=PLANE('',#1574);
#1427=PLANE('',#1579);
#1428=PLANE('',#1584);
#1429=ADVANCED_FACE('',(#279),#1416,.T.);
#1430=ADVANCED_FACE('',(#280,#197),#1417,.T.);
#1431=ADVANCED_FACE('',(#281),#1418,.F.);
#1432=ADVANCED_FACE('',(#282),#1419,.T.);
#1433=ADVANCED_FACE('',(#283),#1420,.T.);
#1434=ADVANCED_FACE('',(#284),#1421,.T.);
#1435=ADVANCED_FACE('',(#285),#158,.T.);
#1436=ADVANCED_FACE('',(#286),#159,.F.);
#1437=ADVANCED_FACE('',(#287,#198),#160,.T.);
#1438=ADVANCED_FACE('',(#288),#161,.F.);
#1439=ADVANCED_FACE('',(#289),#162,.F.);
#1440=ADVANCED_FACE('',(#290),#163,.F.);
#1441=ADVANCED_FACE('',(#291),#164,.F.);
#1442=ADVANCED_FACE('',(#292),#165,.F.);
#1443=ADVANCED_FACE('',(#293),#166,.F.);
#1444=ADVANCED_FACE('',(#294),#167,.F.);
#1445=ADVANCED_FACE('',(#295),#168,.F.);
#1446=ADVANCED_FACE('',(#296),#169,.F.);
#1447=ADVANCED_FACE('',(#297),#170,.F.);
#1448=ADVANCED_FACE('',(#298),#171,.F.);
#1449=ADVANCED_FACE('',(#299),#172,.F.);
#1450=ADVANCED_FACE('',(#300),#173,.F.);
#1451=ADVANCED_FACE('',(#301),#174,.F.);
#1452=ADVANCED_FACE('',(#302),#175,.F.);
#1453=ADVANCED_FACE('',(#303),#176,.F.);
#1454=ADVANCED_FACE('',(#304),#177,.F.);
#1455=ADVANCED_FACE('',(#305),#178,.F.);
#1456=ADVANCED_FACE('',(#306),#179,.F.);
#1457=ADVANCED_FACE('',(#307),#180,.F.);
#1458=ADVANCED_FACE('',(#308),#181,.F.);
#1459=ADVANCED_FACE('',(#309),#182,.F.);
#1460=ADVANCED_FACE('',(#310),#183,.F.);
#1461=ADVANCED_FACE('',(#311),#184,.F.);
#1462=ADVANCED_FACE('',(#312),#185,.F.);
#1463=ADVANCED_FACE('',(#313),#186,.F.);
#1464=ADVANCED_FACE('',(#314),#15,.T.);
#1465=ADVANCED_FACE('',(#315),#187,.F.);
#1466=ADVANCED_FACE('',(#316),#16,.T.);
#1467=ADVANCED_FACE('',(#317),#188,.F.);
#1468=ADVANCED_FACE('',(#318),#17,.T.);
#1469=ADVANCED_FACE('',(#319),#189,.F.);
#1470=ADVANCED_FACE('',(#320),#190,.F.);
#1471=ADVANCED_FACE('',(#321),#191,.F.);
#1472=ADVANCED_FACE('',(#322,#199),#1422,.F.);
#1473=ADVANCED_FACE('',(#323,#200,#201,#202,#203,#204,#205,#206,#207,#208,
#209,#210,#211,#212,#213,#214,#215,#216,#217,#218,#219,#220,#221,#222,#223,
#224),#192,.F.);
#1474=ADVANCED_FACE('',(#324,#225),#1423,.F.);
#1475=ADVANCED_FACE('',(#325,#226),#1424,.F.);
#1476=ADVANCED_FACE('',(#326),#193,.F.);
#1477=ADVANCED_FACE('',(#327),#194,.T.);
#1478=ADVANCED_FACE('',(#328,#227),#1425,.T.);
#1479=ADVANCED_FACE('',(#329,#228),#1426,.T.);
#1480=ADVANCED_FACE('',(#330),#195,.T.);
#1481=ADVANCED_FACE('',(#331,#229),#1427,.T.);
#1482=ADVANCED_FACE('',(#332,#230,#231,#232,#233,#234,#235,#236,#237,#238,
#239,#240,#241,#242,#243,#244,#245,#246,#247,#248,#249,#250),#196,.T.);
#1483=ADVANCED_FACE('',(#333),#18,.T.);
#1484=ADVANCED_FACE('',(#334),#19,.T.);
#1485=ADVANCED_FACE('',(#335),#1428,.T.);
#1486=CLOSED_SHELL('',(#1429,#1430,#1431,#1432,#1433,#1434,#1435,#1436,
#1437,#1438,#1439,#1440,#1441,#1442,#1443,#1444,#1445,#1446,#1447,#1448,
#1449,#1450,#1451,#1452,#1453,#1454,#1455,#1456,#1457,#1458,#1459,#1460,
#1461,#1462,#1463,#1464,#1465,#1466,#1467,#1468,#1469,#1470,#1471,#1472,
#1473,#1474,#1475,#1476,#1477,#1478,#1479,#1480,#1481,#1482,#1483,#1484,
#1485));
#1487=DERIVED_UNIT_ELEMENT(#1489,1.);
#1488=DERIVED_UNIT_ELEMENT(#4998,-3.);
#1489=(
MASS_UNIT()
NAMED_UNIT(*)
SI_UNIT(.KILO.,.GRAM.)
);
#1490=DERIVED_UNIT((#1487,#1488));
#1491=MEASURE_REPRESENTATION_ITEM('density measure',
POSITIVE_RATIO_MEASURE(7850.),#1490);
#1492=PROPERTY_DEFINITION_REPRESENTATION(#1497,#1494);
#1493=PROPERTY_DEFINITION_REPRESENTATION(#1498,#1495);
#1494=REPRESENTATION('material name',(#1496),#4995);
#1495=REPRESENTATION('density',(#1491),#4995);
#1496=DESCRIPTIVE_REPRESENTATION_ITEM('Steel','Steel');
#1497=PROPERTY_DEFINITION('material property','material name',#5005);
#1498=PROPERTY_DEFINITION('material property','density of part',#5005);
#1499=AXIS2_PLACEMENT_3D('',#1818,#1585,#1586);
#1500=AXIS2_PLACEMENT_3D('',#1819,#1587,#1588);
#1501=AXIS2_PLACEMENT_3D('',#1828,#1593,#1594);
#1502=AXIS2_PLACEMENT_3D('',#1830,#1595,#1596);
#1503=AXIS2_PLACEMENT_3D('',#1837,#1600,#1601);
#1504=AXIS2_PLACEMENT_3D('',#1839,#1602,#1603);
#1505=AXIS2_PLACEMENT_3D('',#1840,#1604,#1605);
#1506=AXIS2_PLACEMENT_3D('',#1846,#1609,#1610);
#1507=AXIS2_PLACEMENT_3D('',#1850,#1613,#1614);
#1508=AXIS2_PLACEMENT_3D('',#1854,#1617,#1618);
#1509=AXIS2_PLACEMENT_3D('',#1855,#1619,#1620);
#1510=AXIS2_PLACEMENT_3D('',#1856,#1621,#1622);
#1511=AXIS2_PLACEMENT_3D('',#1858,#1623,#1624);
#1512=AXIS2_PLACEMENT_3D('',#1861,#1626,#1627);
#1513=AXIS2_PLACEMENT_3D('',#1862,#1628,#1629);
#1514=AXIS2_PLACEMENT_3D('',#1863,#1630,#1631);
#1515=AXIS2_PLACEMENT_3D('',#1916,#1634,#1635);
#1516=AXIS2_PLACEMENT_3D('',#1927,#1636,#1637);
#1517=AXIS2_PLACEMENT_3D('',#1947,#1638,#1639);
#1518=AXIS2_PLACEMENT_3D('',#1959,#1641,#1642);
#1519=AXIS2_PLACEMENT_3D('',#1970,#1643,#1644);
#1520=AXIS2_PLACEMENT_3D('',#1990,#1645,#1646);
#1521=AXIS2_PLACEMENT_3D('',#2037,#1647,#1648);
#1522=AXIS2_PLACEMENT_3D('',#2128,#1649,#1650);
#1523=AXIS2_PLACEMENT_3D('',#2168,#1652,#1653);
#1524=AXIS2_PLACEMENT_3D('',#2270,#1655,#1656);
#1525=AXIS2_PLACEMENT_3D('',#2372,#1658,#1659);
#1526=AXIS2_PLACEMENT_3D('',#2480,#1661,#1662);
#1527=AXIS2_PLACEMENT_3D('',#2582,#1664,#1665);
#1528=AXIS2_PLACEMENT_3D('',#2684,#1667,#1668);
#1529=AXIS2_PLACEMENT_3D('',#2786,#1670,#1671);
#1530=AXIS2_PLACEMENT_3D('',#2888,#1673,#1674);
#1531=AXIS2_PLACEMENT_3D('',#2990,#1676,#1677);
#1532=AXIS2_PLACEMENT_3D('',#3092,#1679,#1680);
#1533=AXIS2_PLACEMENT_3D('',#3194,#1682,#1683);
#1534=AXIS2_PLACEMENT_3D('',#3302,#1685,#1686);
#1535=AXIS2_PLACEMENT_3D('',#3404,#1688,#1689);
#1536=AXIS2_PLACEMENT_3D('',#3506,#1691,#1692);
#1537=AXIS2_PLACEMENT_3D('',#3608,#1694,#1695);
#1538=AXIS2_PLACEMENT_3D('',#3710,#1697,#1698);
#1539=AXIS2_PLACEMENT_3D('',#3812,#1700,#1701);
#1540=AXIS2_PLACEMENT_3D('',#3914,#1703,#1704);
#1541=AXIS2_PLACEMENT_3D('',#4016,#1706,#1707);
#1542=AXIS2_PLACEMENT_3D('',#4124,#1709,#1710);
#1543=AXIS2_PLACEMENT_3D('',#4226,#1712,#1713);
#1544=AXIS2_PLACEMENT_3D('',#4328,#1715,#1716);
#1545=AXIS2_PLACEMENT_3D('',#4430,#1718,#1719);
#1546=AXIS2_PLACEMENT_3D('',#4532,#1721,#1722);
#1547=AXIS2_PLACEMENT_3D('',#4634,#1724,#1725);
#1548=AXIS2_PLACEMENT_3D('',#4636,#1726,#1727);
#1549=AXIS2_PLACEMENT_3D('',#4646,#1728,#1729);
#1550=AXIS2_PLACEMENT_3D('',#4733,#1731,#1732);
#1551=AXIS2_PLACEMENT_3D('',#4735,#1733,#1734);
#1552=AXIS2_PLACEMENT_3D('',#4745,#1735,#1736);
#1553=AXIS2_PLACEMENT_3D('',#4838,#1738,#1739);
#1554=AXIS2_PLACEMENT_3D('',#4840,#1740,#1741);
#1555=AXIS2_PLACEMENT_3D('',#4850,#1742,#1743);
#1556=AXIS2_PLACEMENT_3D('',#4937,#1745,#1746);
#1557=AXIS2_PLACEMENT_3D('',#4939,#1747,#1748);
#1558=AXIS2_PLACEMENT_3D('',#4942,#1750,#1751);
#1559=AXIS2_PLACEMENT_3D('',#4943,#1752,#1753);
#1560=AXIS2_PLACEMENT_3D('',#4945,#1754,#1755);
#1561=AXIS2_PLACEMENT_3D('',#4948,#1757,#1758);
#1562=AXIS2_PLACEMENT_3D('',#4949,#1759,#1760);
#1563=AXIS2_PLACEMENT_3D('',#4950,#1761,#1762);
#1564=AXIS2_PLACEMENT_3D('',#4952,#1763,#1764);
#1565=AXIS2_PLACEMENT_3D('',#4959,#1770,#1771);
#1566=AXIS2_PLACEMENT_3D('',#4960,#1772,#1773);
#1567=AXIS2_PLACEMENT_3D('',#4962,#1774,#1775);
#1568=AXIS2_PLACEMENT_3D('',#4963,#1776,#1777);
#1569=AXIS2_PLACEMENT_3D('',#4964,#1778,#1779);
#1570=AXIS2_PLACEMENT_3D('',#4966,#1781,#1782);
#1571=AXIS2_PLACEMENT_3D('',#4968,#1783,#1784);
#1572=AXIS2_PLACEMENT_3D('',#4971,#1786,#1787);
#1573=AXIS2_PLACEMENT_3D('',#4972,#1788,#1789);
#1574=AXIS2_PLACEMENT_3D('',#4973,#1790,#1791);
#1575=AXIS2_PLACEMENT_3D('',#4975,#1792,#1793);
#1576=AXIS2_PLACEMENT_3D('',#4977,#1794,#1795);
#1577=AXIS2_PLACEMENT_3D('',#4978,#1796,#1797);
#1578=AXIS2_PLACEMENT_3D('',#4980,#1798,#1799);
#1579=AXIS2_PLACEMENT_3D('',#4982,#1801,#1802);
#1580=AXIS2_PLACEMENT_3D('',#4983,#1803,#1804);
#1581=AXIS2_PLACEMENT_3D('',#4988,#1809,#1810);
#1582=AXIS2_PLACEMENT_3D('',#4989,#1811,#1812);
#1583=AXIS2_PLACEMENT_3D('',#4990,#1813,#1814);
#1584=AXIS2_PLACEMENT_3D('',#4992,#1816,#1817);
#1585=DIRECTION('axis',(0.,0.,1.));
#1586=DIRECTION('refdir',(1.,0.,0.));
#1587=DIRECTION('center_axis',(0.,0.,1.));
#1588=DIRECTION('ref_axis',(1.,0.,0.));
#1589=DIRECTION('',(-1.,0.,0.));
#1590=DIRECTION('',(0.,-1.,0.));
#1591=DIRECTION('',(1.,0.,0.));
#1592=DIRECTION('',(0.,1.,0.));
#1593=DIRECTION('center_axis',(-1.,0.,0.));
#1594=DIRECTION('ref_axis',(0.,0.,1.));
#1595=DIRECTION('center_axis',(1.,0.,0.));
#1596=DIRECTION('ref_axis',(0.,0.,-1.));
#1597=DIRECTION('',(0.,0.,-1.));
#1598=DIRECTION('',(0.,1.,0.));
#1599=DIRECTION('',(0.,0.,-1.));
#1600=DIRECTION('center_axis',(1.,0.,0.));
#1601=DIRECTION('ref_axis',(0.,0.,-1.));
#1602=DIRECTION('center_axis',(-1.,0.,0.));
#1603=DIRECTION('ref_axis',(0.,0.,-1.));
#1604=DIRECTION('center_axis',(0.,0.,1.));
#1605=DIRECTION('ref_axis',(1.,0.,0.));
#1606=DIRECTION('',(0.,-1.,0.));
#1607=DIRECTION('',(-1.,0.,0.));
#1608=DIRECTION('',(1.,0.,0.));
#1609=DIRECTION('center_axis',(0.,1.,0.));
#1610=DIRECTION('ref_axis',(0.,0.,1.));
#1611=DIRECTION('',(1.,0.,0.));
#1612=DIRECTION('',(0.,0.,-1.));
#1613=DIRECTION('center_axis',(0.,-1.,0.));
#1614=DIRECTION('ref_axis',(0.,0.,-1.));
#1615=DIRECTION('',(0.,0.,1.));
#1616=DIRECTION('',(-1.,0.,0.));
#1617=DIRECTION('center_axis',(-1.,0.,0.));
#1618=DIRECTION('ref_axis',(0.,0.,1.));
#1619=DIRECTION('center_axis',(-1.,0.,0.));
#1620=DIRECTION('ref_axis',(0.,0.,-1.));
#1621=DIRECTION('center_axis',(1.,0.,0.));
#1622=DIRECTION('ref_axis',(0.,0.,-1.));
#1623=DIRECTION('center_axis',(1.,0.,0.));
#1624=DIRECTION('ref_axis',(0.,0.,-1.));
#1625=DIRECTION('',(-1.,0.,0.));
#1626=DIRECTION('center_axis',(-1.,0.,0.));
#1627=DIRECTION('ref_axis',(0.,0.,-1.));
#1628=DIRECTION('center_axis',(-1.,0.,0.));
#1629=DIRECTION('ref_axis',(0.,0.,-1.));
#1630=DIRECTION('center_axis',(0.,0.,1.));
#1631=DIRECTION('ref_axis',(-1.,-1.22464679914735E-16,0.));
#1632=DIRECTION('',(0.,0.,1.));
#1633=DIRECTION('',(0.,0.,-1.));
#1634=DIRECTION('center_axis',(1.,0.,0.));
#1635=DIRECTION('ref_axis',(0.,0.,-1.));
#1636=DIRECTION('center_axis',(1.,0.,0.));
#1637=DIRECTION('ref_axis',(0.,0.,-1.));
#1638=DIRECTION('center_axis',(1.,0.,0.));
#1639=DIRECTION('ref_axis',(0.,0.,-1.));
#1640=DIRECTION('',(-1.,0.,0.));
#1641=DIRECTION('center_axis',(1.,0.,0.));
#1642=DIRECTION('ref_axis',(0.,0.,-1.));
#1643=DIRECTION('center_axis',(1.,0.,0.));
#1644=DIRECTION('ref_axis',(0.,0.,-1.));
#1645=DIRECTION('center_axis',(1.,0.,0.));
#1646=DIRECTION('ref_axis',(0.,0.,-1.));
#1647=DIRECTION('center_axis',(0.,-1.83697019872103E-16,-1.));
#1648=DIRECTION('ref_axis',(1.,0.,0.));
#1649=DIRECTION('center_axis',(0.,0.,1.));
#1650=DIRECTION('ref_axis',(1.,0.,0.));
#1651=DIRECTION('',(0.,0.,1.));
#1652=DIRECTION('center_axis',(0.,-1.83697019872103E-16,-1.));
#1653=DIRECTION('ref_axis',(1.,0.,0.));
#1654=DIRECTION('',(0.,-1.83697019872103E-16,-1.));
#1655=DIRECTION('center_axis',(0.,-1.,1.22464679914735E-16));
#1656=DIRECTION('ref_axis',(1.,0.,0.));
#1657=DIRECTION('',(0.,-1.,1.22464679914735E-16));
#1658=DIRECTION('center_axis',(0.,6.12323399573677E-17,1.));
#1659=DIRECTION('ref_axis',(1.,0.,0.));
#1660=DIRECTION('',(0.,6.12323399573677E-17,1.));
#1661=DIRECTION('center_axis',(0.,1.,0.));
#1662=DIRECTION('ref_axis',(1.,0.,0.));
#1663=DIRECTION('',(0.,1.,0.));
#1664=DIRECTION('center_axis',(0.,0.707106781186547,-0.707106781186548));
#1665=DIRECTION('ref_axis',(1.,0.,0.));
#1666=DIRECTION('',(0.,0.707106781186547,-0.707106781186548));
#1667=DIRECTION('center_axis',(0.,-0.707106781186548,-0.707106781186547));
#1668=DIRECTION('ref_axis',(1.,0.,0.));
#1669=DIRECTION('',(0.,-0.707106781186548,-0.707106781186547));
#1670=DIRECTION('center_axis',(0.,-0.707106781186547,0.707106781186548));
#1671=DIRECTION('ref_axis',(1.,0.,0.));
#1672=DIRECTION('',(0.,-0.707106781186547,0.707106781186548));
#1673=DIRECTION('center_axis',(0.,0.707106781186548,0.707106781186548));
#1674=DIRECTION('ref_axis',(1.,0.,0.));
#1675=DIRECTION('',(0.,0.707106781186548,0.707106781186548));
#1676=DIRECTION('center_axis',(0.,-1.83697019872103E-16,-1.));
#1677=DIRECTION('ref_axis',(1.,0.,0.));
#1678=DIRECTION('',(0.,-1.83697019872103E-16,-1.));
#1679=DIRECTION('center_axis',(0.,-1.,1.22464679914735E-16));
#1680=DIRECTION('ref_axis',(1.,0.,0.));
#1681=DIRECTION('',(0.,-1.,1.22464679914735E-16));
#1682=DIRECTION('center_axis',(0.,6.12323399573677E-17,1.));
#1683=DIRECTION('ref_axis',(1.,0.,0.));
#1684=DIRECTION('',(0.,6.12323399573677E-17,1.));
#1685=DIRECTION('center_axis',(0.,1.,0.));
#1686=DIRECTION('ref_axis',(1.,0.,0.));
#1687=DIRECTION('',(0.,1.,0.));
#1688=DIRECTION('center_axis',(0.,0.707106781186547,-0.707106781186548));
#1689=DIRECTION('ref_axis',(1.,0.,0.));
#1690=DIRECTION('',(0.,0.707106781186547,-0.707106781186548));
#1691=DIRECTION('center_axis',(0.,-0.707106781186548,-0.707106781186547));
#1692=DIRECTION('ref_axis',(1.,0.,0.));
#1693=DIRECTION('',(0.,-0.707106781186548,-0.707106781186547));
#1694=DIRECTION('center_axis',(0.,-0.707106781186547,0.707106781186548));
#1695=DIRECTION('ref_axis',(1.,0.,0.));
#1696=DIRECTION('',(0.,-0.707106781186547,0.707106781186548));
#1697=DIRECTION('center_axis',(0.,0.707106781186548,0.707106781186548));
#1698=DIRECTION('ref_axis',(1.,0.,0.));
#1699=DIRECTION('',(0.,0.707106781186548,0.707106781186548));
#1700=DIRECTION('center_axis',(0.,-1.83697019872103E-16,-1.));
#1701=DIRECTION('ref_axis',(1.,0.,0.));
#1702=DIRECTION('',(0.,-1.83697019872103E-16,-1.));
#1703=DIRECTION('center_axis',(0.,-1.,1.22464679914735E-16));
#1704=DIRECTION('ref_axis',(1.,0.,0.));
#1705=DIRECTION('',(0.,-1.,1.22464679914735E-16));
#1706=DIRECTION('center_axis',(0.,6.12323399573677E-17,1.));
#1707=DIRECTION('ref_axis',(1.,0.,0.));
#1708=DIRECTION('',(0.,6.12323399573677E-17,1.));
#1709=DIRECTION('center_axis',(0.,1.,0.));
#1710=DIRECTION('ref_axis',(1.,0.,0.));
#1711=DIRECTION('',(0.,1.,0.));
#1712=DIRECTION('center_axis',(0.,0.707106781186547,-0.707106781186548));
#1713=DIRECTION('ref_axis',(1.,0.,0.));
#1714=DIRECTION('',(0.,0.707106781186547,-0.707106781186548));
#1715=DIRECTION('center_axis',(0.,-0.707106781186548,-0.707106781186547));
#1716=DIRECTION('ref_axis',(1.,0.,0.));
#1717=DIRECTION('',(0.,-0.707106781186548,-0.707106781186547));
#1718=DIRECTION('center_axis',(0.,-0.707106781186547,0.707106781186548));
#1719=DIRECTION('ref_axis',(1.,0.,0.));
#1720=DIRECTION('',(0.,-0.707106781186547,0.707106781186548));
#1721=DIRECTION('center_axis',(0.,0.707106781186548,0.707106781186548));
#1722=DIRECTION('ref_axis',(1.,0.,0.));
#1723=DIRECTION('',(0.,0.707106781186548,0.707106781186548));
#1724=DIRECTION('center_axis',(-1.,0.,0.));
#1725=DIRECTION('ref_axis',(0.,0.,-1.));
#1726=DIRECTION('center_axis',(1.,0.,0.));
#1727=DIRECTION('ref_axis',(0.,0.,-1.));
#1728=DIRECTION('center_axis',(0.,-1.,1.22464679914735E-16));
#1729=DIRECTION('ref_axis',(1.,0.,0.));
#1730=DIRECTION('',(0.,-1.,1.22464679914735E-16));
#1731=DIRECTION('center_axis',(-1.,0.,0.));
#1732=DIRECTION('ref_axis',(0.,0.,-1.));
#1733=DIRECTION('center_axis',(1.,0.,0.));
#1734=DIRECTION('ref_axis',(0.,0.,-1.));
#1735=DIRECTION('center_axis',(0.,6.12323399573677E-17,1.));
#1736=DIRECTION('ref_axis',(1.,0.,0.));
#1737=DIRECTION('',(0.,6.12323399573677E-17,1.));
#1738=DIRECTION('center_axis',(-1.,0.,0.));
#1739=DIRECTION('ref_axis',(0.,0.,-1.));
#1740=DIRECTION('center_axis',(1.,0.,0.));
#1741=DIRECTION('ref_axis',(0.,0.,-1.));
#1742=DIRECTION('center_axis',(0.,1.,0.));
#1743=DIRECTION('ref_axis',(1.,0.,0.));
#1744=DIRECTION('',(0.,1.,0.));
#1745=DIRECTION('center_axis',(1.,0.,0.));
#1746=DIRECTION('ref_axis',(0.,0.,-1.));
#1747=DIRECTION('center_axis',(1.,0.,0.));
#1748=DIRECTION('ref_axis',(0.,0.,-1.));
#1749=DIRECTION('',(1.,0.,0.));
#1750=DIRECTION('center_axis',(-1.,0.,0.));
#1751=DIRECTION('ref_axis',(0.,0.,-1.));
#1752=DIRECTION('center_axis',(1.,0.,0.));
#1753=DIRECTION('ref_axis',(0.,0.,-1.));
#1754=DIRECTION('center_axis',(-1.,0.,0.));
#1755=DIRECTION('ref_axis',(0.,0.,-1.));
#1756=DIRECTION('',(1.,0.,0.));
#1757=DIRECTION('center_axis',(-1.,0.,0.));
#1758=DIRECTION('ref_axis',(0.,0.,-1.));
#1759=DIRECTION('center_axis',(-1.,0.,0.));
#1760=DIRECTION('ref_axis',(0.,0.,1.));
#1761=DIRECTION('center_axis',(1.,0.,0.));
#1762=DIRECTION('ref_axis',(0.,0.,-1.));
#1763=DIRECTION('center_axis',(-1.,0.,0.));
#1764=DIRECTION('ref_axis',(0.,0.,-1.));
#1765=DIRECTION('',(1.,0.,0.));
#1766=DIRECTION('',(1.,0.,0.));
#1767=DIRECTION('',(1.,0.,0.));
#1768=DIRECTION('',(1.,0.,0.));
#1769=DIRECTION('',(1.,0.,0.));
#1770=DIRECTION('center_axis',(1.,0.,0.));
#1771=DIRECTION('ref_axis',(0.,0.,-1.));
#1772=DIRECTION('center_axis',(-1.,0.,0.));
#1773=DIRECTION('ref_axis',(0.,0.,1.));
#1774=DIRECTION('center_axis',(1.,0.,0.));
#1775=DIRECTION('ref_axis',(0.,0.,-1.));
#1776=DIRECTION('center_axis',(1.,0.,0.));
#1777=DIRECTION('ref_axis',(0.,0.,-1.));
#1778=DIRECTION('center_axis',(1.,0.,0.));
#1779=DIRECTION('ref_axis',(0.,0.,-1.));
#1780=DIRECTION('',(1.,0.,0.));
#1781=DIRECTION('center_axis',(1.,0.,0.));
#1782=DIRECTION('ref_axis',(0.,0.,-1.));
#1783=DIRECTION('center_axis',(1.,0.,0.));
#1784=DIRECTION('ref_axis',(0.,0.,-1.));
#1785=DIRECTION('',(-1.,0.,0.));
#1786=DIRECTION('center_axis',(-1.,0.,0.));
#1787=DIRECTION('ref_axis',(0.,0.,-1.));
#1788=DIRECTION('center_axis',(1.,0.,0.));
#1789=DIRECTION('ref_axis',(0.,0.,-1.));
#1790=DIRECTION('center_axis',(-1.,0.,0.));
#1791=DIRECTION('ref_axis',(0.,0.,1.));
#1792=DIRECTION('center_axis',(-1.,0.,0.));
#1793=DIRECTION('ref_axis',(0.,0.,-1.));
#1794=DIRECTION('center_axis',(1.,0.,0.));
#1795=DIRECTION('ref_axis',(0.,0.,-1.));
#1796=DIRECTION('center_axis',(1.,0.,0.));
#1797=DIRECTION('ref_axis',(0.,0.,-1.));
#1798=DIRECTION('center_axis',(1.,0.,0.));
#1799=DIRECTION('ref_axis',(0.,0.,-1.));
#1800=DIRECTION('',(-1.,0.,0.));
#1801=DIRECTION('center_axis',(1.,0.,0.));
#1802=DIRECTION('ref_axis',(0.,0.,-1.));
#1803=DIRECTION('center_axis',(1.,0.,0.));
#1804=DIRECTION('ref_axis',(0.,0.,-1.));
#1805=DIRECTION('',(-1.,0.,0.));
#1806=DIRECTION('',(-1.,0.,0.));
#1807=DIRECTION('',(-1.,0.,0.));
#1808=DIRECTION('',(-1.,0.,0.));
#1809=DIRECTION('center_axis',(1.,0.,0.));
#1810=DIRECTION('ref_axis',(0.,0.,-1.));
#1811=DIRECTION('center_axis',(-1.,0.,0.));
#1812=DIRECTION('ref_axis',(0.,0.,-1.));
#1813=DIRECTION('center_axis',(-1.,0.,0.));
#1814=DIRECTION('ref_axis',(0.,0.,-1.));
#1815=DIRECTION('',(-0.302579132426839,-1.16724058294823E-16,0.953124267144543));
#1816=DIRECTION('center_axis',(-1.,0.,0.));
#1817=DIRECTION('ref_axis',(0.,0.,1.));
#1818=CARTESIAN_POINT('',(0.,0.,0.));
#1819=CARTESIAN_POINT('Origin',(2.5525,0.,-4.65));
#1820=CARTESIAN_POINT('',(2.675,-2.04545838383478,-4.65));
#1821=CARTESIAN_POINT('',(2.48,-2.04545838383478,-4.65));
#1822=CARTESIAN_POINT('',(3.14,-2.04545838383478,-4.65));
#1823=CARTESIAN_POINT('',(2.675,2.04545838383478,-4.65));
#1824=CARTESIAN_POINT('',(2.675,0.,-4.65));
#1825=CARTESIAN_POINT('',(2.48,2.04545838383478,-4.65));
#1826=CARTESIAN_POINT('',(3.14,2.04545838383478,-4.65));
#1827=CARTESIAN_POINT('',(2.48,0.,-4.65));
#1828=CARTESIAN_POINT('Origin',(2.675,0.,-0.8));
#1829=CARTESIAN_POINT('',(2.675,-2.58,-4.37607129740821));
#1830=CARTESIAN_POINT('Origin',(2.675,0.,0.));
#1831=CARTESIAN_POINT('',(2.675,-2.58,3.05));
#1832=CARTESIAN_POINT('',(2.675,-2.58,-0.8));
#1833=CARTESIAN_POINT('',(2.675,2.58,3.05));
#1834=CARTESIAN_POINT('',(2.675,0.,3.05));
#1835=CARTESIAN_POINT('',(2.675,2.58,-4.37607129740821));
#1836=CARTESIAN_POINT('',(2.675,2.58,-0.8));
#1837=CARTESIAN_POINT('Origin',(2.675,0.,0.));
#1838=CARTESIAN_POINT('',(2.675,2.3819380243416E-16,1.945));
#1839=CARTESIAN_POINT('Origin',(2.675,0.,0.));
#1840=CARTESIAN_POINT('Origin',(2.5525,0.,3.05));
#1841=CARTESIAN_POINT('',(2.48,2.58,3.05));
#1842=CARTESIAN_POINT('',(2.48,-2.58,3.05));
#1843=CARTESIAN_POINT('',(2.48,0.,3.05));
#1844=CARTESIAN_POINT('',(2.5525,2.58,3.05));
#1845=CARTESIAN_POINT('',(2.5525,-2.58,3.05));
#1846=CARTESIAN_POINT('Origin',(2.5525,-2.58,-0.8));
#1847=CARTESIAN_POINT('',(2.48,-2.58,-4.37607129740821));
#1848=CARTESIAN_POINT('',(3.14,-2.58,-4.37607129740821));
#1849=CARTESIAN_POINT('',(2.48,-2.58,-0.4));
#1850=CARTESIAN_POINT('Origin',(2.5525,2.58,-0.8));
#1851=CARTESIAN_POINT('',(2.48,2.58,-4.37607129740821));
#1852=CARTESIAN_POINT('',(2.48,2.58,-0.4));
#1853=CARTESIAN_POINT('',(3.14,2.58,-4.37607129740821));
#1854=CARTESIAN_POINT('Origin',(2.48,0.,0.));
#1855=CARTESIAN_POINT('Origin',(2.48,0.,0.));
#1856=CARTESIAN_POINT('Origin',(3.14,0.,0.));
#1857=CARTESIAN_POINT('',(3.8,-6.22120573966855E-16,5.08));
#1858=CARTESIAN_POINT('Origin',(3.8,0.,0.));
#1859=CARTESIAN_POINT('',(2.48,-6.22120573966855E-16,5.08));
#1860=CARTESIAN_POINT('',(3.14,-6.22120573966855E-16,5.08));
#1861=CARTESIAN_POINT('Origin',(2.48,0.,0.));
#1862=CARTESIAN_POINT('Origin',(2.48,0.,0.));
#1863=CARTESIAN_POINT('Origin',(7.5,0.,-4.47));
#1864=CARTESIAN_POINT('',(7.54711538461407,-0.346814273827355,-4.12043017893421));
#1865=CARTESIAN_POINT('',(7.54711538461536,-0.34681427383039,-2.89228090950162));
#1866=CARTESIAN_POINT('',(7.54711538461538,-0.346814273830453,-4.47));
#1867=CARTESIAN_POINT('',(7.54711538461407,0.346814273827355,-4.12043017893421));
#1868=CARTESIAN_POINT('Ctrl Pts',(7.54711538461452,0.346814273830571,-4.12043017893367));
#1869=CARTESIAN_POINT('Ctrl Pts',(7.53124408361973,0.348970420526734,-4.12024869728777));
#1870=CARTESIAN_POINT('Ctrl Pts',(7.51543848780587,0.35,-4.12016079783302));
#1871=CARTESIAN_POINT('Ctrl Pts',(7.45603060279366,0.35,-4.12016079783302));
#1872=CARTESIAN_POINT('Ctrl Pts',(7.40914485529805,0.341208396090321,-4.12093713474514));
#1873=CARTESIAN_POINT('Ctrl Pts',(7.32291834048758,0.305483082860339,-4.12373933744299));
#1874=CARTESIAN_POINT('Ctrl Pts',(7.28357577909515,0.278550525925734,-4.12572454157488));
#1875=CARTESIAN_POINT('Ctrl Pts',(7.22144952820181,0.216424275032389,-4.12944959022975));
#1876=CARTESIAN_POINT('Ctrl Pts',(7.19451692925321,0.177081689746908,-4.13143168704104));
#1877=CARTESIAN_POINT('Ctrl Pts',(7.15879158400486,0.0908550956624709,-4.13422677910819));
#1878=CARTESIAN_POINT('Ctrl Pts',(7.15,0.0439693205896724,-4.135));
#1879=CARTESIAN_POINT('Ctrl Pts',(7.15,-0.0439693205896723,-4.135));
#1880=CARTESIAN_POINT('Ctrl Pts',(7.15879158400486,-0.0908550956624706,
-4.13422677910819));
#1881=CARTESIAN_POINT('Ctrl Pts',(7.19451692925321,-0.177081689746907,-4.13143168704104));
#1882=CARTESIAN_POINT('Ctrl Pts',(7.2214495282018,-0.216424275032389,-4.12944959022975));
#1883=CARTESIAN_POINT('Ctrl Pts',(7.28357577909515,-0.278550525925734,-4.12572454157488));
#1884=CARTESIAN_POINT('Ctrl Pts',(7.32291834048758,-0.305483082860338,-4.12373933744299));
#1885=CARTESIAN_POINT('Ctrl Pts',(7.40914485529805,-0.341208396090321,-4.12093713474514));
#1886=CARTESIAN_POINT('Ctrl Pts',(7.45603060279366,-0.35,-4.12016079783302));
#1887=CARTESIAN_POINT('Ctrl Pts',(7.5,-0.35,-4.12016079783302));
#1888=CARTESIAN_POINT('Ctrl Pts',(7.51543848780587,-0.35,-4.12016079783302));
#1889=CARTESIAN_POINT('Ctrl Pts',(7.53124408361973,-0.348970420526734,-4.12024869728777));
#1890=CARTESIAN_POINT('Ctrl Pts',(7.54711538461452,-0.346814273830571,-4.12043017893367));
#1891=CARTESIAN_POINT('',(7.54711538461536,0.34681427383039,-2.89228090950162));
#1892=CARTESIAN_POINT('',(7.54711538461538,0.346814273830453,-4.47));
#1893=CARTESIAN_POINT('Ctrl Pts',(7.54711538461537,-0.346814273830455,-2.89228090950161));
#1894=CARTESIAN_POINT('Ctrl Pts',(7.53124578096674,-0.348970189938925,-2.89202239295256));
#1895=CARTESIAN_POINT('Ctrl Pts',(7.51544026044734,-0.35,-2.8918971281842));
#1896=CARTESIAN_POINT('Ctrl Pts',(7.5,-0.35,-2.8918971281842));
#1897=CARTESIAN_POINT('Ctrl Pts',(7.45600740817908,-0.35,-2.8918971281842));
#1898=CARTESIAN_POINT('Ctrl Pts',(7.40911181488838,-0.341199358952919,-2.89300452346645));
#1899=CARTESIAN_POINT('Ctrl Pts',(7.32289178957245,-0.305467426940725,-2.89699530969607));
#1900=CARTESIAN_POINT('Ctrl Pts',(7.28356369767039,-0.278538444500972,-2.89982008304904));
#1901=CARTESIAN_POINT('Ctrl Pts',(7.22146177668563,-0.216436523516211,-2.9051153843818));
#1902=CARTESIAN_POINT('Ctrl Pts',(7.19453262104491,-0.177108335309322,-2.90793123469587));
#1903=CARTESIAN_POINT('Ctrl Pts',(7.15880056168242,-0.0908879845132309,
-2.91190157841497));
#1904=CARTESIAN_POINT('Ctrl Pts',(7.15,-0.0439922784477772,-2.913));
#1905=CARTESIAN_POINT('Ctrl Pts',(7.15,0.043992278447777,-2.913));
#1906=CARTESIAN_POINT('Ctrl Pts',(7.15880056168242,0.0908879845132306,-2.91190157841497));
#1907=CARTESIAN_POINT('Ctrl Pts',(7.19453262104491,0.177108335309321,-2.90793123469587));
#1908=CARTESIAN_POINT('Ctrl Pts',(7.22146177668563,0.216436523516211,-2.9051153843818));
#1909=CARTESIAN_POINT('Ctrl Pts',(7.28356369767039,0.278538444500972,-2.89982008304904));
#1910=CARTESIAN_POINT('Ctrl Pts',(7.32289178957245,0.305467426940725,-2.89699530969607));
#1911=CARTESIAN_POINT('Ctrl Pts',(7.40911181488838,0.341199358952919,-2.89300452346645));
#1912=CARTESIAN_POINT('Ctrl Pts',(7.45600740817908,0.35,-2.8918971281842));
#1913=CARTESIAN_POINT('Ctrl Pts',(7.51544026044734,0.35,-2.8918971281842));
#1914=CARTESIAN_POINT('Ctrl Pts',(7.53124578096675,0.348970189938925,-2.89202239295256));
#1915=CARTESIAN_POINT('Ctrl Pts',(7.54711538461537,0.346814273830455,-2.89228090950161));
#1916=CARTESIAN_POINT('Origin',(6.15,0.,0.));
#1917=CARTESIAN_POINT('',(8.2,-1.15325625946708,-3.97092243691563));
#1918=CARTESIAN_POINT('Ctrl Pts',(7.54711538461364,-0.346814273824138,-4.12043017893421));
#1919=CARTESIAN_POINT('Ctrl Pts',(7.56141232589125,-0.398462718325256,-4.11608295862082));
#1920=CARTESIAN_POINT('Ctrl Pts',(7.5789747312563,-0.449425379308915,-4.1108075629527));
#1921=CARTESIAN_POINT('Ctrl Pts',(7.66610771068221,-0.659021451057407,-4.08532633985923));
#1922=CARTESIAN_POINT('Ctrl Pts',(7.76598610523437,-0.804463736319395,-4.05769901451724));
#1923=CARTESIAN_POINT('Ctrl Pts',(7.97091915240908,-1.0093967834941,-4.01097172623611));
#1924=CARTESIAN_POINT('Ctrl Pts',(8.07975003832691,-1.0906942951061,-3.98909201291468));
#1925=CARTESIAN_POINT('Ctrl Pts',(8.2,-1.15325625946708,-3.97092243691563));
#1926=CARTESIAN_POINT('',(8.2,-3.97092243691563,-1.15325625946708));
#1927=CARTESIAN_POINT('Origin',(8.2,0.,0.));
#1928=CARTESIAN_POINT('',(7.5,-4.135,3.47187367558275E-16));
#1929=CARTESIAN_POINT('Ctrl Pts',(8.2,-3.97092243691564,-1.15325625946708));
#1930=CARTESIAN_POINT('Ctrl Pts',(8.07975003832691,-3.98909201291468,-1.0906942951061));
#1931=CARTESIAN_POINT('Ctrl Pts',(7.97091915240908,-4.01097172623611,-1.0093967834941));
#1932=CARTESIAN_POINT('Ctrl Pts',(7.76598610523437,-4.05769901451724,-0.804463736319394));
#1933=CARTESIAN_POINT('Ctrl Pts',(7.66610771068221,-4.08532633985923,-0.659021451057406));
#1934=CARTESIAN_POINT('Ctrl Pts',(7.53308491741456,-4.12422760886325,-0.339038648843947));
#1935=CARTESIAN_POINT('Ctrl Pts',(7.5,-4.135,-0.164412634179451));
#1936=CARTESIAN_POINT('Ctrl Pts',(7.5,-4.135,2.77555756156289E-16));
#1937=CARTESIAN_POINT('',(8.2,-3.97092243691563,1.15325625946708));
#1938=CARTESIAN_POINT('Ctrl Pts',(7.5,-4.135,2.22044604925031E-16));
#1939=CARTESIAN_POINT('Ctrl Pts',(7.5,-4.135,0.164412634179451));
#1940=CARTESIAN_POINT('Ctrl Pts',(7.53308491741456,-4.12422760886325,0.339038648843948));
#1941=CARTESIAN_POINT('Ctrl Pts',(7.66610771068221,-4.08532633985923,0.659021451057407));
#1942=CARTESIAN_POINT('Ctrl Pts',(7.76598610523437,-4.05769901451724,0.804463736319394));
#1943=CARTESIAN_POINT('Ctrl Pts',(7.97091915240908,-4.01097172623611,1.0093967834941));
#1944=CARTESIAN_POINT('Ctrl Pts',(8.07975003832691,-3.98909201291468,1.0906942951061));
#1945=CARTESIAN_POINT('Ctrl Pts',(8.2,-3.97092243691563,1.15325625946708));
#1946=CARTESIAN_POINT('',(8.2,-1.15325625946708,3.97092243691563));
#1947=CARTESIAN_POINT('Origin',(8.2,0.,0.));
#1948=CARTESIAN_POINT('',(7.5,-1.421734232612E-16,4.135));
#1949=CARTESIAN_POINT('Ctrl Pts',(8.2,-1.15325625946708,3.97092243691563));
#1950=CARTESIAN_POINT('Ctrl Pts',(8.07975003832691,-1.0906942951061,3.98909201291468));
#1951=CARTESIAN_POINT('Ctrl Pts',(7.97091915240908,-1.0093967834941,4.01097172623611));
#1952=CARTESIAN_POINT('Ctrl Pts',(7.76598610523437,-0.804463736319394,4.05769901451724));
#1953=CARTESIAN_POINT('Ctrl Pts',(7.66610771068221,-0.659021451057406,4.08532633985923));
#1954=CARTESIAN_POINT('Ctrl Pts',(7.53308491741456,-0.339038648843947,4.12422760886325));
#1955=CARTESIAN_POINT('Ctrl Pts',(7.5,-0.164412634179451,4.135));
#1956=CARTESIAN_POINT('Ctrl Pts',(7.5,1.66533453693773E-16,4.135));
#1957=CARTESIAN_POINT('',(4.1,-5.06391451447431E-16,4.135));
#1958=CARTESIAN_POINT('',(6.15,-5.06391451447431E-16,4.135));
#1959=CARTESIAN_POINT('Origin',(4.1,0.,0.));
#1960=CARTESIAN_POINT('',(8.2,1.15325625946708,3.97092243691563));
#1961=CARTESIAN_POINT('Ctrl Pts',(7.5,1.66533453693773E-16,4.135));
#1962=CARTESIAN_POINT('Ctrl Pts',(7.5,0.164412634179451,4.135));
#1963=CARTESIAN_POINT('Ctrl Pts',(7.53308491741456,0.339038648843948,4.12422760886325));
#1964=CARTESIAN_POINT('Ctrl Pts',(7.66610771068221,0.659021451057406,4.08532633985923));
#1965=CARTESIAN_POINT('Ctrl Pts',(7.76598610523437,0.804463736319394,4.05769901451724));
#1966=CARTESIAN_POINT('Ctrl Pts',(7.97091915240908,1.0093967834941,4.01097172623611));
#1967=CARTESIAN_POINT('Ctrl Pts',(8.07975003832691,1.0906942951061,3.98909201291468));
#1968=CARTESIAN_POINT('Ctrl Pts',(8.2,1.15325625946708,3.97092243691563));
#1969=CARTESIAN_POINT('',(8.2,3.97092243691563,1.15325625946708));
#1970=CARTESIAN_POINT('Origin',(8.2,0.,0.));
#1971=CARTESIAN_POINT('',(7.5,4.135,1.59204083889156E-16));
#1972=CARTESIAN_POINT('Ctrl Pts',(8.2,3.97092243691563,1.15325625946708));
#1973=CARTESIAN_POINT('Ctrl Pts',(8.07975003832691,3.98909201291468,1.0906942951061));
#1974=CARTESIAN_POINT('Ctrl Pts',(7.97091915240908,4.01097172623611,1.0093967834941));
#1975=CARTESIAN_POINT('Ctrl Pts',(7.76598610523437,4.05769901451724,0.804463736319394));
#1976=CARTESIAN_POINT('Ctrl Pts',(7.66610771068221,4.08532633985923,0.659021451057406));
#1977=CARTESIAN_POINT('Ctrl Pts',(7.53308491741456,4.12422760886325,0.339038648843948));
#1978=CARTESIAN_POINT('Ctrl Pts',(7.5,4.135,0.164412634179451));
#1979=CARTESIAN_POINT('Ctrl Pts',(7.5,4.135,2.22044604925031E-16));
#1980=CARTESIAN_POINT('',(8.2,3.97092243691563,-1.15325625946708));
#1981=CARTESIAN_POINT('Ctrl Pts',(7.5,4.135,5.55111512312578E-17));
#1982=CARTESIAN_POINT('Ctrl Pts',(7.5,4.135,-0.164412634179451));
#1983=CARTESIAN_POINT('Ctrl Pts',(7.53308491741456,4.12422760886325,-0.339038648843947));
#1984=CARTESIAN_POINT('Ctrl Pts',(7.66610771068221,4.08532633985923,-0.659021451057406));
#1985=CARTESIAN_POINT('Ctrl Pts',(7.76598610523437,4.05769901451724,-0.804463736319394));
#1986=CARTESIAN_POINT('Ctrl Pts',(7.97091915240908,4.01097172623611,-1.0093967834941));
#1987=CARTESIAN_POINT('Ctrl Pts',(8.07975003832691,3.98909201291468,-1.0906942951061));
#1988=CARTESIAN_POINT('Ctrl Pts',(8.2,3.97092243691563,-1.15325625946708));
#1989=CARTESIAN_POINT('',(8.2,1.15325625946708,-3.97092243691563));
#1990=CARTESIAN_POINT('Origin',(8.2,0.,0.));
#1991=CARTESIAN_POINT('Ctrl Pts',(8.2,1.15325625946708,-3.97092243691564));
#1992=CARTESIAN_POINT('Ctrl Pts',(8.07975003832691,1.0906942951061,-3.98909201291468));
#1993=CARTESIAN_POINT('Ctrl Pts',(7.97091915240908,1.0093967834941,-4.01097172623611));
#1994=CARTESIAN_POINT('Ctrl Pts',(7.76598610523437,0.804463736319393,-4.05769901451724));
#1995=CARTESIAN_POINT('Ctrl Pts',(7.66610771068221,0.659021451057405,-4.08532633985923));
#1996=CARTESIAN_POINT('Ctrl Pts',(7.5789747312563,0.449425379308914,-4.1108075629527));
#1997=CARTESIAN_POINT('Ctrl Pts',(7.56141232589125,0.398462718325255,-4.11608295862082));
#1998=CARTESIAN_POINT('Ctrl Pts',(7.54711538461364,0.346814273824138,-4.12043017893421));
#1999=CARTESIAN_POINT('',(5.5,-0.35,-4.12016079783302));
#2000=CARTESIAN_POINT('',(5.15,-4.28626379701574E-17,-4.135));
#2001=CARTESIAN_POINT('Ctrl Pts',(5.5,-0.35,-4.12016079783302));
#2002=CARTESIAN_POINT('Ctrl Pts',(5.54396939720634,-0.35,-4.12016079783302));
#2003=CARTESIAN_POINT('Ctrl Pts',(5.59085514470195,-0.341208396090321,-4.12093713474514));
#2004=CARTESIAN_POINT('Ctrl Pts',(5.67708165951242,-0.305483082860338,-4.12373933744299));
#2005=CARTESIAN_POINT('Ctrl Pts',(5.71642422090485,-0.278550525925734,-4.12572454157488));
#2006=CARTESIAN_POINT('Ctrl Pts',(5.77855047179819,-0.216424275032389,-4.12944959022975));
#2007=CARTESIAN_POINT('Ctrl Pts',(5.80548307074679,-0.177081689746907,-4.13143168704104));
#2008=CARTESIAN_POINT('Ctrl Pts',(5.84120841599514,-0.0908550956624706,
-4.13422677910819));
#2009=CARTESIAN_POINT('Ctrl Pts',(5.85,-0.0439693205896724,-4.135));
#2010=CARTESIAN_POINT('Ctrl Pts',(5.85,0.0439693205896724,-4.135));
#2011=CARTESIAN_POINT('Ctrl Pts',(5.84120841599514,0.0908550956624706,-4.13422677910819));
#2012=CARTESIAN_POINT('Ctrl Pts',(5.80548307074679,0.177081689746907,-4.13143168704104));
#2013=CARTESIAN_POINT('Ctrl Pts',(5.77855047179819,0.216424275032389,-4.12944959022975));
#2014=CARTESIAN_POINT('Ctrl Pts',(5.71642422090485,0.278550525925734,-4.12572454157488));
#2015=CARTESIAN_POINT('Ctrl Pts',(5.67708165951242,0.305483082860338,-4.12373933744299));
#2016=CARTESIAN_POINT('Ctrl Pts',(5.59085514470195,0.341208396090321,-4.12093713474514));
#2017=CARTESIAN_POINT('Ctrl Pts',(5.54396939720634,0.35,-4.12016079783302));
#2018=CARTESIAN_POINT('Ctrl Pts',(5.45603060279366,0.35,-4.12016079783302));
#2019=CARTESIAN_POINT('Ctrl Pts',(5.40914485529805,0.341208396090321,-4.12093713474514));
#2020=CARTESIAN_POINT('Ctrl Pts',(5.32291834048758,0.305483082860339,-4.12373933744299));
#2021=CARTESIAN_POINT('Ctrl Pts',(5.28357577909515,0.278550525925734,-4.12572454157488));
#2022=CARTESIAN_POINT('Ctrl Pts',(5.22144952820181,0.216424275032389,-4.12944959022975));
#2023=CARTESIAN_POINT('Ctrl Pts',(5.19451692925321,0.177081689746908,-4.13143168704104));
#2024=CARTESIAN_POINT('Ctrl Pts',(5.15879158400486,0.0908550956624709,-4.13422677910819));
#2025=CARTESIAN_POINT('Ctrl Pts',(5.15,0.0439693205896724,-4.135));
#2026=CARTESIAN_POINT('Ctrl Pts',(5.15,6.93889390390723E-17,-4.135));
#2027=CARTESIAN_POINT('Ctrl Pts',(5.15,1.38777878078145E-17,-4.135));
#2028=CARTESIAN_POINT('Ctrl Pts',(5.15,-0.0439693205896723,-4.135));
#2029=CARTESIAN_POINT('Ctrl Pts',(5.15879158400486,-0.0908550956624706,
-4.13422677910819));
#2030=CARTESIAN_POINT('Ctrl Pts',(5.19451692925321,-0.177081689746907,-4.13143168704104));
#2031=CARTESIAN_POINT('Ctrl Pts',(5.2214495282018,-0.216424275032389,-4.12944959022975));
#2032=CARTESIAN_POINT('Ctrl Pts',(5.28357577909515,-0.278550525925734,-4.12572454157488));
#2033=CARTESIAN_POINT('Ctrl Pts',(5.32291834048758,-0.305483082860338,-4.12373933744299));
#2034=CARTESIAN_POINT('Ctrl Pts',(5.40914485529805,-0.341208396090321,-4.12093713474514));
#2035=CARTESIAN_POINT('Ctrl Pts',(5.45603060279366,-0.35,-4.12016079783302));
#2036=CARTESIAN_POINT('Ctrl Pts',(5.5,-0.35,-4.12016079783302));
#2037=CARTESIAN_POINT('Origin',(8.8,-7.07233526507596E-16,-3.85));
#2038=CARTESIAN_POINT('',(9.,1.28452325786651,-3.74587773425669));
#2039=CARTESIAN_POINT('Ctrl Pts',(9.,1.28452325786651,-3.74587773425668));
#2040=CARTESIAN_POINT('Ctrl Pts',(8.96374579827863,1.29016802941881,-3.75232598580424));
#2041=CARTESIAN_POINT('Ctrl Pts',(8.92775556761561,1.29419452590805,-3.75926505554829));
#2042=CARTESIAN_POINT('Ctrl Pts',(8.89233531064627,1.29671669627867,-3.76659123932405));
#2043=CARTESIAN_POINT('Ctrl Pts',(8.71788033281526,1.30913911253816,-3.80267480668193));
#2044=CARTESIAN_POINT('Ctrl Pts',(8.5334071535029,1.2850785618165,-3.85416581279949));
#2045=CARTESIAN_POINT('Ctrl Pts',(8.30731602492162,1.20450489154137,-3.93121115259556));
#2046=CARTESIAN_POINT('Ctrl Pts',(8.25254578642887,1.18059404462846,-3.95101351676068));
#2047=CARTESIAN_POINT('Ctrl Pts',(8.2,1.15325625946708,-3.97092243691563));
#2048=CARTESIAN_POINT('',(9.,-1.28452325786651,-3.74587773425669));
#2049=CARTESIAN_POINT('Ctrl Pts',(9.,-1.28452325786651,-3.74587773425668));
#2050=CARTESIAN_POINT('Ctrl Pts',(9.01714793349903,-1.2818533282418,-3.74679329716159));
#2051=CARTESIAN_POINT('Ctrl Pts',(9.03429578621343,-1.27883150322681,-3.7478263960569));
#2052=CARTESIAN_POINT('Ctrl Pts',(9.13564489467057,-1.25885363951714,-3.75462316050745));
#2053=CARTESIAN_POINT('Ctrl Pts',(9.2192108168561,-1.23359779347131,-3.7631176530233));
#2054=CARTESIAN_POINT('Ctrl Pts',(9.45912208238355,-1.13382688152151,-3.79485285638826));
#2055=CARTESIAN_POINT('Ctrl Pts',(9.60447592090706,-1.03400171017797,-3.82444258630512));
#2056=CARTESIAN_POINT('Ctrl Pts',(9.83395180557888,-0.804525825506146,-3.87920697109062));
#2057=CARTESIAN_POINT('Ctrl Pts',(9.93381543263922,-0.659152045906567,-3.90808452738277));
#2058=CARTESIAN_POINT('Ctrl Pts',(10.0668719470979,-0.339196643064947,-3.94874052445776));
#2059=CARTESIAN_POINT('Ctrl Pts',(10.1,-0.164522334494382,-3.96));
#2060=CARTESIAN_POINT('Ctrl Pts',(10.1,0.16452233449438,-3.96));
#2061=CARTESIAN_POINT('Ctrl Pts',(10.0668719470979,0.339196643064946,-3.94874052445776));
#2062=CARTESIAN_POINT('Ctrl Pts',(9.93381543263922,0.659152045906566,-3.90808452738277));
#2063=CARTESIAN_POINT('Ctrl Pts',(9.83395180557888,0.804525825506145,-3.87920697109062));
#2064=CARTESIAN_POINT('Ctrl Pts',(9.60447592090706,1.03400171017797,-3.82444258630512));
#2065=CARTESIAN_POINT('Ctrl Pts',(9.45912208238355,1.13382688152151,-3.79485285638826));
#2066=CARTESIAN_POINT('Ctrl Pts',(9.2192108168561,1.23359779347131,-3.7631176530233));
#2067=CARTESIAN_POINT('Ctrl Pts',(9.13564489467057,1.25885363951714,-3.75462316050745));
#2068=CARTESIAN_POINT('Ctrl Pts',(9.03429578621343,1.27883150322681,-3.7478263960569));
#2069=CARTESIAN_POINT('Ctrl Pts',(9.01714793349903,1.2818533282418,-3.74679329716159));
#2070=CARTESIAN_POINT('Ctrl Pts',(9.,1.28452325786651,-3.74587773425669));
#2071=CARTESIAN_POINT('Ctrl Pts',(8.2,-1.15325625946708,-3.97092243691563));
#2072=CARTESIAN_POINT('Ctrl Pts',(8.25254578642888,-1.18059404462846,-3.95101351676068));
#2073=CARTESIAN_POINT('Ctrl Pts',(8.30731602492162,-1.20450489154137,-3.93121115259556));
#2074=CARTESIAN_POINT('Ctrl Pts',(8.5334071535029,-1.2850785618165,-3.85416581279949));
#2075=CARTESIAN_POINT('Ctrl Pts',(8.71788033281526,-1.30913911253816,-3.80267480668193));
#2076=CARTESIAN_POINT('Ctrl Pts',(8.92775556728137,-1.29419452593185,-3.75926505561742));
#2077=CARTESIAN_POINT('Ctrl Pts',(8.96374579804311,-1.29016802945549,-3.75232598584613));
#2078=CARTESIAN_POINT('Ctrl Pts',(9.,-1.28452325786651,-3.74587773425668));
#2079=CARTESIAN_POINT('',(8.8,1.3,-2.60683121816507));
#2080=CARTESIAN_POINT('Ctrl Pts',(8.8,1.3,-2.60683121816507));
#2081=CARTESIAN_POINT('Ctrl Pts',(8.88297330514036,1.3,-2.60683121816507));
#2082=CARTESIAN_POINT('Ctrl Pts',(8.96832509556461,1.29192986619005,-2.61090657431612));
#2083=CARTESIAN_POINT('Ctrl Pts',(9.13727099511423,1.25843728249468,-2.62721364260423));
#2084=CARTESIAN_POINT('Ctrl Pts',(9.22086971679773,1.23302698255038,-2.63942251111679));
#2085=CARTESIAN_POINT('Ctrl Pts',(9.46042417569599,1.13304376779376,-2.68461003879965));
#2086=CARTESIAN_POINT('Ctrl Pts',(9.60501253097637,1.03346510010865,-2.72617121990445));
#2087=CARTESIAN_POINT('Ctrl Pts',(9.83327837418161,0.805199256903414,-2.80208252074242));
#2088=CARTESIAN_POINT('Ctrl Pts',(9.93299675503439,0.660543430860577,-2.84175619002365));
#2089=CARTESIAN_POINT('Ctrl Pts',(10.0330620599209,0.420782365184252,-2.88359028307998));
#2090=CARTESIAN_POINT('Ctrl Pts',(10.0584798627642,0.337114755429211,-2.89467001992556));
#2091=CARTESIAN_POINT('Ctrl Pts',(10.0919541657898,0.168143857553942,-2.9093794056054));
#2092=CARTESIAN_POINT('Ctrl Pts',(10.1,0.0828376685188854,-2.913));
#2093=CARTESIAN_POINT('Ctrl Pts',(10.1,-0.0828376685188865,-2.913));
#2094=CARTESIAN_POINT('Ctrl Pts',(10.0919541657898,-0.168143857553943,-2.9093794056054));
#2095=CARTESIAN_POINT('Ctrl Pts',(10.0584798627642,-0.337114755429213,-2.89467001992556));
#2096=CARTESIAN_POINT('Ctrl Pts',(10.0330620599209,-0.420782365184254,-2.88359028307998));
#2097=CARTESIAN_POINT('Ctrl Pts',(9.93299675503439,-0.660543430860579,-2.84175619002365));
#2098=CARTESIAN_POINT('Ctrl Pts',(9.83327837418161,-0.805199256903415,-2.80208252074241));
#2099=CARTESIAN_POINT('Ctrl Pts',(9.60501253097637,-1.03346510010865,-2.72617121990444));
#2100=CARTESIAN_POINT('Ctrl Pts',(9.46042417569599,-1.13304376779376,-2.68461003879965));
#2101=CARTESIAN_POINT('Ctrl Pts',(9.22086971679773,-1.23302698255038,-2.63942251111679));
#2102=CARTESIAN_POINT('Ctrl Pts',(9.13727099511423,-1.25843728249468,-2.62721364260423));
#2103=CARTESIAN_POINT('Ctrl Pts',(8.96832509556461,-1.29192986619005,-2.61090657431612));
#2104=CARTESIAN_POINT('Ctrl Pts',(8.88297330514036,-1.3,-2.60683121816507));
#2105=CARTESIAN_POINT('Ctrl Pts',(8.71702669485964,-1.3,-2.60683121816507));
#2106=CARTESIAN_POINT('Ctrl Pts',(8.63167490443539,-1.29192986619005,-2.61090657431612));
#2107=CARTESIAN_POINT('Ctrl Pts',(8.46272900488577,-1.25843728249468,-2.62721364260423));
#2108=CARTESIAN_POINT('Ctrl Pts',(8.37913028320228,-1.23302698255038,-2.63942251111679));
#2109=CARTESIAN_POINT('Ctrl Pts',(8.13957582430402,-1.13304376779376,-2.68461003879965));
#2110=CARTESIAN_POINT('Ctrl Pts',(7.99498746902363,-1.03346510010865,-2.72617121990444));
#2111=CARTESIAN_POINT('Ctrl Pts',(7.76672162581839,-0.805199256903415,-2.80208252074241));
#2112=CARTESIAN_POINT('Ctrl Pts',(7.66700324496561,-0.660543430860578,-2.84175619002365));
#2113=CARTESIAN_POINT('Ctrl Pts',(7.57939707281806,-0.450635019371206,-2.87838151947312));
#2114=CARTESIAN_POINT('Ctrl Pts',(7.56159037112512,-0.399105915998624,-2.88601060296037));
#2115=CARTESIAN_POINT('Ctrl Pts',(7.54711538461535,-0.346814273830325,-2.89228090950162));
#2116=CARTESIAN_POINT('Ctrl Pts',(7.54711538461535,0.346814273830325,-2.89228090950162));
#2117=CARTESIAN_POINT('Ctrl Pts',(7.56159037112512,0.399105915998623,-2.88601060296037));
#2118=CARTESIAN_POINT('Ctrl Pts',(7.57939707281806,0.450635019371205,-2.87838151947312));
#2119=CARTESIAN_POINT('Ctrl Pts',(7.66700324496561,0.660543430860576,-2.84175619002365));
#2120=CARTESIAN_POINT('Ctrl Pts',(7.76672162581839,0.805199256903414,-2.80208252074242));
#2121=CARTESIAN_POINT('Ctrl Pts',(7.99498746902363,1.03346510010865,-2.72617121990445));
#2122=CARTESIAN_POINT('Ctrl Pts',(8.13957582430402,1.13304376779376,-2.68461003879965));
#2123=CARTESIAN_POINT('Ctrl Pts',(8.37913028320228,1.23302698255038,-2.63942251111679));
#2124=CARTESIAN_POINT('Ctrl Pts',(8.46272900488577,1.25843728249468,-2.62721364260423));
#2125=CARTESIAN_POINT('Ctrl Pts',(8.63167490443539,1.29192986619005,-2.61090657431612));
#2126=CARTESIAN_POINT('Ctrl Pts',(8.71702669485964,1.3,-2.60683121816507));
#2127=CARTESIAN_POINT('Ctrl Pts',(8.8,1.3,-2.60683121816507));
#2128=CARTESIAN_POINT('Origin',(5.5,0.,-4.47));
#2129=CARTESIAN_POINT('',(5.15,-1.44924250811715E-17,-2.913));
#2130=CARTESIAN_POINT('',(5.15,-4.28626379701574E-17,-4.47));
#2131=CARTESIAN_POINT('',(5.5,-0.35,-2.8918971281842));
#2132=CARTESIAN_POINT('Ctrl Pts',(5.5,-0.35,-2.8918971281842));
#2133=CARTESIAN_POINT('Ctrl Pts',(5.45600740817908,-0.35,-2.8918971281842));
#2134=CARTESIAN_POINT('Ctrl Pts',(5.40911181488838,-0.341199358952919,-2.89300452346645));
#2135=CARTESIAN_POINT('Ctrl Pts',(5.32289178957245,-0.305467426940725,-2.89699530969607));
#2136=CARTESIAN_POINT('Ctrl Pts',(5.28356369767039,-0.278538444500972,-2.89982008304904));
#2137=CARTESIAN_POINT('Ctrl Pts',(5.22146177668563,-0.216436523516211,-2.9051153843818));
#2138=CARTESIAN_POINT('Ctrl Pts',(5.19453262104491,-0.177108335309322,-2.90793123469587));
#2139=CARTESIAN_POINT('Ctrl Pts',(5.15880056168242,-0.0908879845132309,
-2.91190157841497));
#2140=CARTESIAN_POINT('Ctrl Pts',(5.15,-0.0439922784477772,-2.913));
#2141=CARTESIAN_POINT('Ctrl Pts',(5.15,-4.16333634234434E-17,-2.913));
#2142=CARTESIAN_POINT('Ctrl Pts',(5.15,-1.38777878078145E-17,-2.913));
#2143=CARTESIAN_POINT('Ctrl Pts',(5.15,0.043992278447777,-2.913));
#2144=CARTESIAN_POINT('Ctrl Pts',(5.15880056168242,0.0908879845132306,-2.91190157841497));
#2145=CARTESIAN_POINT('Ctrl Pts',(5.19453262104491,0.177108335309321,-2.90793123469587));
#2146=CARTESIAN_POINT('Ctrl Pts',(5.22146177668563,0.216436523516211,-2.9051153843818));
#2147=CARTESIAN_POINT('Ctrl Pts',(5.28356369767039,0.278538444500972,-2.89982008304904));
#2148=CARTESIAN_POINT('Ctrl Pts',(5.32289178957245,0.305467426940725,-2.89699530969607));
#2149=CARTESIAN_POINT('Ctrl Pts',(5.40911181488838,0.341199358952919,-2.89300452346645));
#2150=CARTESIAN_POINT('Ctrl Pts',(5.45600740817908,0.35,-2.8918971281842));
#2151=CARTESIAN_POINT('Ctrl Pts',(5.54399259182092,0.35,-2.8918971281842));
#2152=CARTESIAN_POINT('Ctrl Pts',(5.59088818511162,0.341199358952919,-2.89300452346645));
#2153=CARTESIAN_POINT('Ctrl Pts',(5.67710821042755,0.305467426940725,-2.89699530969607));
#2154=CARTESIAN_POINT('Ctrl Pts',(5.71643630232961,0.278538444500972,-2.89982008304904));
#2155=CARTESIAN_POINT('Ctrl Pts',(5.77853822331437,0.216436523516211,-2.9051153843818));
#2156=CARTESIAN_POINT('Ctrl Pts',(5.80546737895509,0.177108335309322,-2.90793123469587));
#2157=CARTESIAN_POINT('Ctrl Pts',(5.84119943831758,0.090887984513231,-2.91190157841497));
#2158=CARTESIAN_POINT('Ctrl Pts',(5.85,0.0439922784477773,-2.913));
#2159=CARTESIAN_POINT('Ctrl Pts',(5.85,-0.0439922784477771,-2.913));
#2160=CARTESIAN_POINT('Ctrl Pts',(5.84119943831758,-0.0908879845132308,
-2.91190157841497));
#2161=CARTESIAN_POINT('Ctrl Pts',(5.80546737895509,-0.177108335309322,-2.90793123469587));
#2162=CARTESIAN_POINT('Ctrl Pts',(5.77853822331437,-0.216436523516211,-2.9051153843818));
#2163=CARTESIAN_POINT('Ctrl Pts',(5.71643630232961,-0.278538444500972,-2.89982008304904));
#2164=CARTESIAN_POINT('Ctrl Pts',(5.67710821042755,-0.305467426940725,-2.89699530969607));
#2165=CARTESIAN_POINT('Ctrl Pts',(5.59088818511162,-0.341199358952919,-2.89300452346645));
#2166=CARTESIAN_POINT('Ctrl Pts',(5.54399259182092,-0.35,-2.8918971281842));
#2167=CARTESIAN_POINT('Ctrl Pts',(5.5,-0.35,-2.8918971281842));
#2168=CARTESIAN_POINT('Origin',(24.1,-7.07233526507596E-16,-3.85));
#2169=CARTESIAN_POINT('',(24.1,1.3,-2.60683121816507));
#2170=CARTESIAN_POINT('',(22.8,-4.79386211463244E-16,-2.913));
#2171=CARTESIAN_POINT('Ctrl Pts',(24.1,1.3,-2.60683121816507));
#2172=CARTESIAN_POINT('Ctrl Pts',(24.1829733051404,1.3,-2.60683121816507));
#2173=CARTESIAN_POINT('Ctrl Pts',(24.2683250955646,1.29192986619005,-2.61090657431612));
#2174=CARTESIAN_POINT('Ctrl Pts',(24.4372709951142,1.25843728249468,-2.62721364260423));
#2175=CARTESIAN_POINT('Ctrl Pts',(24.5208697167977,1.23302698255038,-2.63942251111679));
#2176=CARTESIAN_POINT('Ctrl Pts',(24.760424175696,1.13304376779376,-2.68461003879965));
#2177=CARTESIAN_POINT('Ctrl Pts',(24.9050125309764,1.03346510010865,-2.72617121990445));
#2178=CARTESIAN_POINT('Ctrl Pts',(25.1332783741816,0.805199256903414,-2.80208252074242));
#2179=CARTESIAN_POINT('Ctrl Pts',(25.2329967550344,0.660543430860577,-2.84175619002365));
#2180=CARTESIAN_POINT('Ctrl Pts',(25.3330620599209,0.420782365184252,-2.88359028307998));
#2181=CARTESIAN_POINT('Ctrl Pts',(25.3584798627642,0.337114755429211,-2.89467001992556));
#2182=CARTESIAN_POINT('Ctrl Pts',(25.3919541657898,0.168143857553942,-2.9093794056054));
#2183=CARTESIAN_POINT('Ctrl Pts',(25.4,0.0828376685188854,-2.913));
#2184=CARTESIAN_POINT('Ctrl Pts',(25.4,-0.0828376685188865,-2.913));
#2185=CARTESIAN_POINT('Ctrl Pts',(25.3919541657898,-0.168143857553943,-2.9093794056054));
#2186=CARTESIAN_POINT('Ctrl Pts',(25.3584798627642,-0.337114755429212,-2.89467001992556));
#2187=CARTESIAN_POINT('Ctrl Pts',(25.3330620599209,-0.420782365184253,-2.88359028307998));
#2188=CARTESIAN_POINT('Ctrl Pts',(25.2329967550344,-0.660543430860578,-2.84175619002365));
#2189=CARTESIAN_POINT('Ctrl Pts',(25.1332783741816,-0.805199256903415,-2.80208252074241));
#2190=CARTESIAN_POINT('Ctrl Pts',(24.9050125309764,-1.03346510010865,-2.72617121990444));
#2191=CARTESIAN_POINT('Ctrl Pts',(24.760424175696,-1.13304376779376,-2.68461003879965));
#2192=CARTESIAN_POINT('Ctrl Pts',(24.5208697167977,-1.23302698255038,-2.63942251111679));
#2193=CARTESIAN_POINT('Ctrl Pts',(24.4372709951142,-1.25843728249468,-2.62721364260423));
#2194=CARTESIAN_POINT('Ctrl Pts',(24.2683250955646,-1.29192986619005,-2.61090657431612));
#2195=CARTESIAN_POINT('Ctrl Pts',(24.1829733051404,-1.3,-2.60683121816507));
#2196=CARTESIAN_POINT('Ctrl Pts',(24.0170266948596,-1.3,-2.60683121816507));
#2197=CARTESIAN_POINT('Ctrl Pts',(23.9316749044354,-1.29192986619005,-2.61090657431612));
#2198=CARTESIAN_POINT('Ctrl Pts',(23.7627290048858,-1.25843728249468,-2.62721364260423));
#2199=CARTESIAN_POINT('Ctrl Pts',(23.6791302832023,-1.23302698255038,-2.63942251111679));
#2200=CARTESIAN_POINT('Ctrl Pts',(23.439575824304,-1.13304376779376,-2.68461003879964));
#2201=CARTESIAN_POINT('Ctrl Pts',(23.2949874690236,-1.03346510010865,-2.72617121990444));
#2202=CARTESIAN_POINT('Ctrl Pts',(23.0667216258184,-0.805199256903415,-2.80208252074241));
#2203=CARTESIAN_POINT('Ctrl Pts',(22.9670032449656,-0.660543430860578,-2.84175619002365));
#2204=CARTESIAN_POINT('Ctrl Pts',(22.8669379400791,-0.420782365184253,-2.88359028307998));
#2205=CARTESIAN_POINT('Ctrl Pts',(22.8415201372358,-0.337114755429212,-2.89467001992556));
#2206=CARTESIAN_POINT('Ctrl Pts',(22.8080458342102,-0.168143857553943,-2.9093794056054));
#2207=CARTESIAN_POINT('Ctrl Pts',(22.8,-0.0828376685188866,-2.913));
#2208=CARTESIAN_POINT('Ctrl Pts',(22.8,-8.32667268468867E-16,-2.913));
#2209=CARTESIAN_POINT('Ctrl Pts',(22.8,-6.10622663543836E-16,-2.913));
#2210=CARTESIAN_POINT('Ctrl Pts',(22.8,0.0828376685188852,-2.913));
#2211=CARTESIAN_POINT('Ctrl Pts',(22.8080458342102,0.168143857553941,-2.9093794056054));
#2212=CARTESIAN_POINT('Ctrl Pts',(22.8415201372358,0.337114755429211,-2.89467001992556));
#2213=CARTESIAN_POINT('Ctrl Pts',(22.8669379400791,0.420782365184252,-2.88359028307998));
#2214=CARTESIAN_POINT('Ctrl Pts',(22.9670032449656,0.660543430860577,-2.84175619002365));
#2215=CARTESIAN_POINT('Ctrl Pts',(23.0667216258184,0.805199256903414,-2.80208252074242));
#2216=CARTESIAN_POINT('Ctrl Pts',(23.2949874690236,1.03346510010865,-2.72617121990444));
#2217=CARTESIAN_POINT('Ctrl Pts',(23.439575824304,1.13304376779376,-2.68461003879965));
#2218=CARTESIAN_POINT('Ctrl Pts',(23.6791302832023,1.23302698255038,-2.63942251111679));
#2219=CARTESIAN_POINT('Ctrl Pts',(23.7627290048858,1.25843728249468,-2.62721364260423));
#2220=CARTESIAN_POINT('Ctrl Pts',(23.9316749044354,1.29192986619005,-2.61090657431612));
#2221=CARTESIAN_POINT('Ctrl Pts',(24.0170266948596,1.3,-2.60683121816507));
#2222=CARTESIAN_POINT('Ctrl Pts',(24.1,1.3,-2.60683121816507));
#2223=CARTESIAN_POINT('',(22.8,-5.68236114804372E-16,-3.96));
#2224=CARTESIAN_POINT('',(22.8,-5.48029442618441E-16,-3.85));
#2225=CARTESIAN_POINT('',(24.1,1.3,-3.7405347211328));
#2226=CARTESIAN_POINT('Ctrl Pts',(24.1,1.3,-3.7405347211328));
#2227=CARTESIAN_POINT('Ctrl Pts',(24.0177030459551,1.3,-3.7405347211328));
#2228=CARTESIAN_POINT('Ctrl Pts',(23.9328107218738,1.29205949006367,-3.74332603946264));
#2229=CARTESIAN_POINT('Ctrl Pts',(23.7643551053294,1.25885363951714,-3.75462316050745));
#2230=CARTESIAN_POINT('Ctrl Pts',(23.6807891831439,1.23359779347131,-3.7631176530233));
#2231=CARTESIAN_POINT('Ctrl Pts',(23.4408779176165,1.13382688152151,-3.79485285638826));
#2232=CARTESIAN_POINT('Ctrl Pts',(23.2955240790929,1.03400171017797,-3.82444258630512));
#2233=CARTESIAN_POINT('Ctrl Pts',(23.0660481944211,0.804525825506145,-3.87920697109062));
#2234=CARTESIAN_POINT('Ctrl Pts',(22.9661845673608,0.659152045906567,-3.90808452738277));
#2235=CARTESIAN_POINT('Ctrl Pts',(22.8331280529021,0.339196643064947,-3.94874052445776));
#2236=CARTESIAN_POINT('Ctrl Pts',(22.8,0.16452233449438,-3.96));
#2237=CARTESIAN_POINT('Ctrl Pts',(22.8,-6.10622663543836E-16,-3.96));
#2238=CARTESIAN_POINT('Ctrl Pts',(22.8,-6.10622663543836E-16,-3.96));
#2239=CARTESIAN_POINT('Ctrl Pts',(22.8,-0.164522334494381,-3.96));
#2240=CARTESIAN_POINT('Ctrl Pts',(22.8331280529021,-0.339196643064948,-3.94874052445776));
#2241=CARTESIAN_POINT('Ctrl Pts',(22.9661845673608,-0.659152045906569,-3.90808452738277));
#2242=CARTESIAN_POINT('Ctrl Pts',(23.0660481944211,-0.804525825506146,-3.87920697109062));
#2243=CARTESIAN_POINT('Ctrl Pts',(23.2955240790929,-1.03400171017797,-3.82444258630512));
#2244=CARTESIAN_POINT('Ctrl Pts',(23.4408779176165,-1.13382688152151,-3.79485285638826));
#2245=CARTESIAN_POINT('Ctrl Pts',(23.6807891831439,-1.23359779347131,-3.7631176530233));
#2246=CARTESIAN_POINT('Ctrl Pts',(23.7643551053294,-1.25885363951714,-3.75462316050745));
#2247=CARTESIAN_POINT('Ctrl Pts',(23.9328107218738,-1.29205949006367,-3.74332603946264));
#2248=CARTESIAN_POINT('Ctrl Pts',(24.0177030459551,-1.3,-3.7405347211328));
#2249=CARTESIAN_POINT('Ctrl Pts',(24.1822969540449,-1.3,-3.7405347211328));
#2250=CARTESIAN_POINT('Ctrl Pts',(24.2671892781262,-1.29205949006367,-3.74332603946264));
#2251=CARTESIAN_POINT('Ctrl Pts',(24.4356448946706,-1.25885363951714,-3.75462316050745));
#2252=CARTESIAN_POINT('Ctrl Pts',(24.5192108168561,-1.23359779347131,-3.7631176530233));
#2253=CARTESIAN_POINT('Ctrl Pts',(24.7591220823836,-1.13382688152151,-3.79485285638826));
#2254=CARTESIAN_POINT('Ctrl Pts',(24.9044759209071,-1.03400171017797,-3.82444258630512));
#2255=CARTESIAN_POINT('Ctrl Pts',(25.1339518055789,-0.804525825506146,-3.87920697109062));
#2256=CARTESIAN_POINT('Ctrl Pts',(25.2338154326392,-0.659152045906568,-3.90808452738277));
#2257=CARTESIAN_POINT('Ctrl Pts',(25.3668719470979,-0.339196643064948,-3.94874052445776));
#2258=CARTESIAN_POINT('Ctrl Pts',(25.4,-0.164522334494382,-3.96));
#2259=CARTESIAN_POINT('Ctrl Pts',(25.4,0.16452233449438,-3.96));
#2260=CARTESIAN_POINT('Ctrl Pts',(25.3668719470979,0.339196643064946,-3.94874052445776));
#2261=CARTESIAN_POINT('Ctrl Pts',(25.2338154326392,0.659152045906567,-3.90808452738277));
#2262=CARTESIAN_POINT('Ctrl Pts',(25.1339518055789,0.804525825506145,-3.87920697109062));
#2263=CARTESIAN_POINT('Ctrl Pts',(24.9044759209071,1.03400171017797,-3.82444258630512));
#2264=CARTESIAN_POINT('Ctrl Pts',(24.7591220823836,1.13382688152151,-3.79485285638826));
#2265=CARTESIAN_POINT('Ctrl Pts',(24.5192108168561,1.23359779347131,-3.7631176530233));
#2266=CARTESIAN_POINT('Ctrl Pts',(24.4356448946706,1.25885363951714,-3.75462316050745));
#2267=CARTESIAN_POINT('Ctrl Pts',(24.2671892781262,1.29205949006367,-3.74332603946264));
#2268=CARTESIAN_POINT('Ctrl Pts',(24.1822969540449,1.3,-3.7405347211328));
#2269=CARTESIAN_POINT('Ctrl Pts',(24.1,1.3,-3.7405347211328));
#2270=CARTESIAN_POINT('Origin',(24.1,-3.85,4.71489017671731E-16));
#2271=CARTESIAN_POINT('',(24.1,-2.60683121816507,-1.3));
#2272=CARTESIAN_POINT('',(22.8,-2.913,2.65301218045008E-16));
#2273=CARTESIAN_POINT('Ctrl Pts',(24.1,-2.60683121816507,-1.3));
#2274=CARTESIAN_POINT('Ctrl Pts',(24.1829733051404,-2.60683121816507,-1.3));
#2275=CARTESIAN_POINT('Ctrl Pts',(24.2683250955646,-2.61090657431612,-1.29192986619005));
#2276=CARTESIAN_POINT('Ctrl Pts',(24.4372709951142,-2.62721364260423,-1.25843728249468));
#2277=CARTESIAN_POINT('Ctrl Pts',(24.5208697167977,-2.63942251111679,-1.23302698255038));
#2278=CARTESIAN_POINT('Ctrl Pts',(24.760424175696,-2.68461003879965,-1.13304376779376));
#2279=CARTESIAN_POINT('Ctrl Pts',(24.9050125309764,-2.72617121990445,-1.03346510010865));
#2280=CARTESIAN_POINT('Ctrl Pts',(25.1332783741816,-2.80208252074242,-0.805199256903414));
#2281=CARTESIAN_POINT('Ctrl Pts',(25.2329967550344,-2.84175619002365,-0.660543430860577));
#2282=CARTESIAN_POINT('Ctrl Pts',(25.3330620599209,-2.88359028307998,-0.420782365184252));
#2283=CARTESIAN_POINT('Ctrl Pts',(25.3584798627642,-2.89467001992556,-0.337114755429212));
#2284=CARTESIAN_POINT('Ctrl Pts',(25.3919541657898,-2.9093794056054,-0.168143857553942));
#2285=CARTESIAN_POINT('Ctrl Pts',(25.4,-2.913,-0.0828376685188855));
#2286=CARTESIAN_POINT('Ctrl Pts',(25.4,-2.913,0.0828376685188862));
#2287=CARTESIAN_POINT('Ctrl Pts',(25.3919541657898,-2.9093794056054,0.168143857553943));
#2288=CARTESIAN_POINT('Ctrl Pts',(25.3584798627642,-2.89467001992556,0.337114755429212));
#2289=CARTESIAN_POINT('Ctrl Pts',(25.3330620599209,-2.88359028307998,0.420782365184253));
#2290=CARTESIAN_POINT('Ctrl Pts',(25.2329967550344,-2.84175619002365,0.660543430860578));
#2291=CARTESIAN_POINT('Ctrl Pts',(25.1332783741816,-2.80208252074241,0.805199256903414));
#2292=CARTESIAN_POINT('Ctrl Pts',(24.9050125309764,-2.72617121990444,1.03346510010865));
#2293=CARTESIAN_POINT('Ctrl Pts',(24.760424175696,-2.68461003879965,1.13304376779376));
#2294=CARTESIAN_POINT('Ctrl Pts',(24.5208697167977,-2.63942251111679,1.23302698255038));
#2295=CARTESIAN_POINT('Ctrl Pts',(24.4372709951142,-2.62721364260423,1.25843728249468));
#2296=CARTESIAN_POINT('Ctrl Pts',(24.2683250955646,-2.61090657431612,1.29192986619005));
#2297=CARTESIAN_POINT('Ctrl Pts',(24.1829733051404,-2.60683121816507,1.3));
#2298=CARTESIAN_POINT('Ctrl Pts',(24.0170266948596,-2.60683121816507,1.3));
#2299=CARTESIAN_POINT('Ctrl Pts',(23.9316749044354,-2.61090657431612,1.29192986619005));
#2300=CARTESIAN_POINT('Ctrl Pts',(23.7627290048858,-2.62721364260423,1.25843728249468));
#2301=CARTESIAN_POINT('Ctrl Pts',(23.6791302832023,-2.63942251111679,1.23302698255038));
#2302=CARTESIAN_POINT('Ctrl Pts',(23.439575824304,-2.68461003879965,1.13304376779376));
#2303=CARTESIAN_POINT('Ctrl Pts',(23.2949874690236,-2.72617121990444,1.03346510010865));
#2304=CARTESIAN_POINT('Ctrl Pts',(23.0667216258184,-2.80208252074241,0.805199256903415));
#2305=CARTESIAN_POINT('Ctrl Pts',(22.9670032449656,-2.84175619002365,0.660543430860578));
#2306=CARTESIAN_POINT('Ctrl Pts',(22.8669379400791,-2.88359028307998,0.420782365184254));
#2307=CARTESIAN_POINT('Ctrl Pts',(22.8415201372358,-2.89467001992556,0.337114755429213));
#2308=CARTESIAN_POINT('Ctrl Pts',(22.8080458342102,-2.9093794056054,0.168143857553943));
#2309=CARTESIAN_POINT('Ctrl Pts',(22.8,-2.913,0.0828376685188866));
#2310=CARTESIAN_POINT('Ctrl Pts',(22.8,-2.913,4.9960036108132E-16));
#2311=CARTESIAN_POINT('Ctrl Pts',(22.8,-2.913,3.33066907387547E-16));
#2312=CARTESIAN_POINT('Ctrl Pts',(22.8,-2.913,-0.0828376685188855));
#2313=CARTESIAN_POINT('Ctrl Pts',(22.8080458342102,-2.9093794056054,-0.168143857553942));
#2314=CARTESIAN_POINT('Ctrl Pts',(22.8415201372358,-2.89467001992556,-0.337114755429211));
#2315=CARTESIAN_POINT('Ctrl Pts',(22.8669379400791,-2.88359028307998,-0.420782365184252));
#2316=CARTESIAN_POINT('Ctrl Pts',(22.9670032449656,-2.84175619002365,-0.660543430860577));
#2317=CARTESIAN_POINT('Ctrl Pts',(23.0667216258184,-2.80208252074242,-0.805199256903413));
#2318=CARTESIAN_POINT('Ctrl Pts',(23.2949874690236,-2.72617121990444,-1.03346510010865));
#2319=CARTESIAN_POINT('Ctrl Pts',(23.439575824304,-2.68461003879965,-1.13304376779376));
#2320=CARTESIAN_POINT('Ctrl Pts',(23.6791302832023,-2.63942251111679,-1.23302698255038));
#2321=CARTESIAN_POINT('Ctrl Pts',(23.7627290048858,-2.62721364260423,-1.25843728249468));
#2322=CARTESIAN_POINT('Ctrl Pts',(23.9316749044354,-2.61090657431612,-1.29192986619005));
#2323=CARTESIAN_POINT('Ctrl Pts',(24.0170266948596,-2.60683121816507,-1.3));
#2324=CARTESIAN_POINT('Ctrl Pts',(24.1,-2.60683121816507,-1.3));
#2325=CARTESIAN_POINT('',(22.8,-3.96,3.25756048573196E-16));
#2326=CARTESIAN_POINT('',(22.8,-3.85,3.12284933782575E-16));
#2327=CARTESIAN_POINT('',(24.1,-3.7405347211328,-1.3));
#2328=CARTESIAN_POINT('Ctrl Pts',(24.1,-3.7405347211328,-1.3));
#2329=CARTESIAN_POINT('Ctrl Pts',(24.0177030459551,-3.7405347211328,-1.3));
#2330=CARTESIAN_POINT('Ctrl Pts',(23.9328107218738,-3.74332603946264,-1.29205949006367));
#2331=CARTESIAN_POINT('Ctrl Pts',(23.7643551053294,-3.75462316050745,-1.25885363951714));
#2332=CARTESIAN_POINT('Ctrl Pts',(23.6807891831439,-3.7631176530233,-1.23359779347131));
#2333=CARTESIAN_POINT('Ctrl Pts',(23.4408779176165,-3.79485285638826,-1.13382688152151));
#2334=CARTESIAN_POINT('Ctrl Pts',(23.2955240790929,-3.82444258630512,-1.03400171017797));
#2335=CARTESIAN_POINT('Ctrl Pts',(23.0660481944211,-3.87920697109062,-0.804525825506145));
#2336=CARTESIAN_POINT('Ctrl Pts',(22.9661845673608,-3.90808452738277,-0.659152045906567));
#2337=CARTESIAN_POINT('Ctrl Pts',(22.8331280529021,-3.94874052445776,-0.339196643064947));
#2338=CARTESIAN_POINT('Ctrl Pts',(22.8,-3.96,-0.164522334494381));
#2339=CARTESIAN_POINT('Ctrl Pts',(22.8,-3.96,3.33066907387547E-16));
#2340=CARTESIAN_POINT('Ctrl Pts',(22.8,-3.96,6.10622663543836E-16));
#2341=CARTESIAN_POINT('Ctrl Pts',(22.8,-3.96,0.164522334494381));
#2342=CARTESIAN_POINT('Ctrl Pts',(22.8331280529021,-3.94874052445776,0.339196643064947));
#2343=CARTESIAN_POINT('Ctrl Pts',(22.9661845673608,-3.90808452738277,0.659152045906568));
#2344=CARTESIAN_POINT('Ctrl Pts',(23.0660481944211,-3.87920697109062,0.804525825506146));
#2345=CARTESIAN_POINT('Ctrl Pts',(23.2955240790929,-3.82444258630512,1.03400171017797));
#2346=CARTESIAN_POINT('Ctrl Pts',(23.4408779176165,-3.79485285638826,1.13382688152151));
#2347=CARTESIAN_POINT('Ctrl Pts',(23.6807891831439,-3.7631176530233,1.23359779347131));
#2348=CARTESIAN_POINT('Ctrl Pts',(23.7643551053294,-3.75462316050745,1.25885363951714));
#2349=CARTESIAN_POINT('Ctrl Pts',(23.9328107218738,-3.74332603946264,1.29205949006367));
#2350=CARTESIAN_POINT('Ctrl Pts',(24.0177030459551,-3.7405347211328,1.3));
#2351=CARTESIAN_POINT('Ctrl Pts',(24.1822969540449,-3.7405347211328,1.3));
#2352=CARTESIAN_POINT('Ctrl Pts',(24.2671892781262,-3.74332603946264,1.29205949006367));
#2353=CARTESIAN_POINT('Ctrl Pts',(24.4356448946706,-3.75462316050745,1.25885363951714));
#2354=CARTESIAN_POINT('Ctrl Pts',(24.5192108168561,-3.7631176530233,1.23359779347131));
#2355=CARTESIAN_POINT('Ctrl Pts',(24.7591220823836,-3.79485285638826,1.13382688152151));
#2356=CARTESIAN_POINT('Ctrl Pts',(24.9044759209071,-3.82444258630512,1.03400171017797));
#2357=CARTESIAN_POINT('Ctrl Pts',(25.1339518055789,-3.87920697109062,0.804525825506146));
#2358=CARTESIAN_POINT('Ctrl Pts',(25.2338154326392,-3.90808452738277,0.659152045906568));
#2359=CARTESIAN_POINT('Ctrl Pts',(25.3668719470979,-3.94874052445776,0.339196643064947));
#2360=CARTESIAN_POINT('Ctrl Pts',(25.4,-3.96,0.164522334494381));
#2361=CARTESIAN_POINT('Ctrl Pts',(25.4,-3.96,-0.16452233449438));
#2362=CARTESIAN_POINT('Ctrl Pts',(25.3668719470979,-3.94874052445776,-0.339196643064947));
#2363=CARTESIAN_POINT('Ctrl Pts',(25.2338154326392,-3.90808452738277,-0.659152045906567));
#2364=CARTESIAN_POINT('Ctrl Pts',(25.1339518055789,-3.87920697109062,-0.804525825506145));
#2365=CARTESIAN_POINT('Ctrl Pts',(24.9044759209071,-3.82444258630512,-1.03400171017797));
#2366=CARTESIAN_POINT('Ctrl Pts',(24.7591220823836,-3.79485285638826,-1.13382688152151));
#2367=CARTESIAN_POINT('Ctrl Pts',(24.5192108168561,-3.7631176530233,-1.23359779347131));
#2368=CARTESIAN_POINT('Ctrl Pts',(24.4356448946706,-3.75462316050745,-1.25885363951714));
#2369=CARTESIAN_POINT('Ctrl Pts',(24.2671892781262,-3.74332603946264,-1.29205949006367));
#2370=CARTESIAN_POINT('Ctrl Pts',(24.1822969540449,-3.7405347211328,-1.3));
#2371=CARTESIAN_POINT('Ctrl Pts',(24.1,-3.7405347211328,-1.3));
#2372=CARTESIAN_POINT('Origin',(24.1,2.35744508835866E-16,3.85));
#2373=CARTESIAN_POINT('',(24.1,-1.3,2.60683121816507));
#2374=CARTESIAN_POINT('',(25.4,-1.36736442872369E-16,2.913));
#2375=CARTESIAN_POINT('Ctrl Pts',(24.1,-1.3,2.60683121816507));
#2376=CARTESIAN_POINT('Ctrl Pts',(24.1829733051404,-1.3,2.60683121816507));
#2377=CARTESIAN_POINT('Ctrl Pts',(24.2683250955646,-1.29192986619005,2.61090657431612));
#2378=CARTESIAN_POINT('Ctrl Pts',(24.4372709951142,-1.25843728249468,2.62721364260423));
#2379=CARTESIAN_POINT('Ctrl Pts',(24.5208697167977,-1.23302698255038,2.63942251111679));
#2380=CARTESIAN_POINT('Ctrl Pts',(24.760424175696,-1.13304376779376,2.68461003879965));
#2381=CARTESIAN_POINT('Ctrl Pts',(24.9050125309764,-1.03346510010865,2.72617121990444));
#2382=CARTESIAN_POINT('Ctrl Pts',(25.1332783741816,-0.805199256903414,2.80208252074241));
#2383=CARTESIAN_POINT('Ctrl Pts',(25.2329967550344,-0.660543430860578,2.84175619002365));
#2384=CARTESIAN_POINT('Ctrl Pts',(25.3330620599209,-0.420782365184254,2.88359028307998));
#2385=CARTESIAN_POINT('Ctrl Pts',(25.3584798627642,-0.337114755429213,2.89467001992556));
#2386=CARTESIAN_POINT('Ctrl Pts',(25.3919541657898,-0.168143857553943,2.9093794056054));
#2387=CARTESIAN_POINT('Ctrl Pts',(25.4,-0.0828376685188856,2.913));
#2388=CARTESIAN_POINT('Ctrl Pts',(25.4,2.77555756156289E-16,2.913));
#2389=CARTESIAN_POINT('',(22.8,9.28495880502148E-17,2.913));
#2390=CARTESIAN_POINT('Ctrl Pts',(22.8,1.66533453693773E-16,2.913));
#2391=CARTESIAN_POINT('Ctrl Pts',(22.8,-0.0828376685188856,2.913));
#2392=CARTESIAN_POINT('Ctrl Pts',(22.8080458342102,-0.168143857553942,2.9093794056054));
#2393=CARTESIAN_POINT('Ctrl Pts',(22.8415201372358,-0.337114755429211,2.89467001992556));
#2394=CARTESIAN_POINT('Ctrl Pts',(22.8669379400791,-0.420782365184252,2.88359028307998));
#2395=CARTESIAN_POINT('Ctrl Pts',(22.9670032449656,-0.660543430860577,2.84175619002365));
#2396=CARTESIAN_POINT('Ctrl Pts',(23.0667216258184,-0.805199256903413,2.80208252074242));
#2397=CARTESIAN_POINT('Ctrl Pts',(23.2949874690236,-1.03346510010865,2.72617121990444));
#2398=CARTESIAN_POINT('Ctrl Pts',(23.439575824304,-1.13304376779376,2.68461003879965));
#2399=CARTESIAN_POINT('Ctrl Pts',(23.6791302832023,-1.23302698255038,2.63942251111679));
#2400=CARTESIAN_POINT('Ctrl Pts',(23.7627290048858,-1.25843728249468,2.62721364260423));
#2401=CARTESIAN_POINT('Ctrl Pts',(23.9316749044354,-1.29192986619005,2.61090657431612));
#2402=CARTESIAN_POINT('Ctrl Pts',(24.0170266948596,-1.3,2.60683121816507));
#2403=CARTESIAN_POINT('Ctrl Pts',(24.1,-1.3,2.60683121816507));
#2404=CARTESIAN_POINT('',(22.8,8.327598234202E-17,3.96));
#2405=CARTESIAN_POINT('',(22.8,7.65404249467096E-17,3.85));
#2406=CARTESIAN_POINT('',(24.1,-1.3,3.7405347211328));
#2407=CARTESIAN_POINT('Ctrl Pts',(24.1,-1.3,3.7405347211328));
#2408=CARTESIAN_POINT('Ctrl Pts',(24.0177030459551,-1.3,3.7405347211328));
#2409=CARTESIAN_POINT('Ctrl Pts',(23.9328107218738,-1.29205949006367,3.74332603946264));
#2410=CARTESIAN_POINT('Ctrl Pts',(23.7643551053294,-1.25885363951714,3.75462316050745));
#2411=CARTESIAN_POINT('Ctrl Pts',(23.6807891831439,-1.23359779347131,3.7631176530233));
#2412=CARTESIAN_POINT('Ctrl Pts',(23.4408779176165,-1.13382688152151,3.79485285638826));
#2413=CARTESIAN_POINT('Ctrl Pts',(23.2955240790929,-1.03400171017797,3.82444258630512));
#2414=CARTESIAN_POINT('Ctrl Pts',(23.0660481944211,-0.804525825506146,3.87920697109062));
#2415=CARTESIAN_POINT('Ctrl Pts',(22.9661845673608,-0.659152045906568,3.90808452738277));
#2416=CARTESIAN_POINT('Ctrl Pts',(22.8331280529021,-0.339196643064947,3.94874052445776));
#2417=CARTESIAN_POINT('Ctrl Pts',(22.8,-0.16452233449438,3.96));
#2418=CARTESIAN_POINT('Ctrl Pts',(22.8,3.33066907387547E-16,3.96));
#2419=CARTESIAN_POINT('',(25.4,-1.45335551576475E-16,3.96));
#2420=CARTESIAN_POINT('Ctrl Pts',(25.4,2.22044604925031E-16,3.96));
#2421=CARTESIAN_POINT('Ctrl Pts',(25.4,-0.164522334494381,3.96));
#2422=CARTESIAN_POINT('Ctrl Pts',(25.3668719470979,-0.339196643064947,3.94874052445776));
#2423=CARTESIAN_POINT('Ctrl Pts',(25.2338154326392,-0.659152045906567,3.90808452738277));
#2424=CARTESIAN_POINT('Ctrl Pts',(25.1339518055789,-0.804525825506145,3.87920697109062));
#2425=CARTESIAN_POINT('Ctrl Pts',(24.9044759209071,-1.03400171017797,3.82444258630512));
#2426=CARTESIAN_POINT('Ctrl Pts',(24.7591220823836,-1.13382688152151,3.79485285638826));
#2427=CARTESIAN_POINT('Ctrl Pts',(24.5192108168561,-1.23359779347131,3.7631176530233));
#2428=CARTESIAN_POINT('Ctrl Pts',(24.4356448946706,-1.25885363951714,3.75462316050745));
#2429=CARTESIAN_POINT('Ctrl Pts',(24.2671892781262,-1.29205949006367,3.74332603946264));
#2430=CARTESIAN_POINT('Ctrl Pts',(24.1822969540449,-1.3,3.7405347211328));
#2431=CARTESIAN_POINT('Ctrl Pts',(24.1,-1.3,3.7405347211328));
#2432=CARTESIAN_POINT('Ctrl Pts',(22.8,3.33066907387547E-16,3.96));
#2433=CARTESIAN_POINT('Ctrl Pts',(22.8,0.164522334494381,3.96));
#2434=CARTESIAN_POINT('Ctrl Pts',(22.8331280529021,0.339196643064947,3.94874052445776));
#2435=CARTESIAN_POINT('Ctrl Pts',(22.9661845673608,0.659152045906567,3.90808452738277));
#2436=CARTESIAN_POINT('Ctrl Pts',(23.0660481944211,0.804525825506145,3.87920697109062));
#2437=CARTESIAN_POINT('Ctrl Pts',(23.2955240790929,1.03400171017797,3.82444258630512));
#2438=CARTESIAN_POINT('Ctrl Pts',(23.4408779176165,1.13382688152151,3.79485285638826));
#2439=CARTESIAN_POINT('Ctrl Pts',(23.6807891831439,1.23359779347131,3.7631176530233));
#2440=CARTESIAN_POINT('Ctrl Pts',(23.7643551053294,1.25885363951714,3.75462316050745));
#2441=CARTESIAN_POINT('Ctrl Pts',(23.9328107218738,1.29205949006367,3.74332603946264));
#2442=CARTESIAN_POINT('Ctrl Pts',(24.0177030459551,1.3,3.7405347211328));
#2443=CARTESIAN_POINT('Ctrl Pts',(24.1822969540449,1.3,3.7405347211328));
#2444=CARTESIAN_POINT('Ctrl Pts',(24.2671892781262,1.29205949006367,3.74332603946264));
#2445=CARTESIAN_POINT('Ctrl Pts',(24.4356448946706,1.25885363951714,3.75462316050745));
#2446=CARTESIAN_POINT('Ctrl Pts',(24.5192108168561,1.23359779347131,3.7631176530233));
#2447=CARTESIAN_POINT('Ctrl Pts',(24.7591220823836,1.13382688152151,3.79485285638826));
#2448=CARTESIAN_POINT('Ctrl Pts',(24.9044759209071,1.03400171017797,3.82444258630512));
#2449=CARTESIAN_POINT('Ctrl Pts',(25.1339518055789,0.804525825506145,3.87920697109062));
#2450=CARTESIAN_POINT('Ctrl Pts',(25.2338154326392,0.659152045906568,3.90808452738277));
#2451=CARTESIAN_POINT('Ctrl Pts',(25.3668719470979,0.339196643064948,3.94874052445776));
#2452=CARTESIAN_POINT('Ctrl Pts',(25.4,0.164522334494382,3.96));
#2453=CARTESIAN_POINT('Ctrl Pts',(25.4,9.43689570931383E-16,3.96));
#2454=CARTESIAN_POINT('Ctrl Pts',(25.4,2.77555756156289E-16,2.913));
#2455=CARTESIAN_POINT('Ctrl Pts',(25.4,0.0828376685188862,2.913));
#2456=CARTESIAN_POINT('Ctrl Pts',(25.3919541657898,0.168143857553943,2.9093794056054));
#2457=CARTESIAN_POINT('Ctrl Pts',(25.3584798627642,0.337114755429212,2.89467001992556));
#2458=CARTESIAN_POINT('Ctrl Pts',(25.3330620599209,0.420782365184253,2.88359028307998));
#2459=CARTESIAN_POINT('Ctrl Pts',(25.2329967550344,0.660543430860578,2.84175619002365));
#2460=CARTESIAN_POINT('Ctrl Pts',(25.1332783741816,0.805199256903414,2.80208252074241));
#2461=CARTESIAN_POINT('Ctrl Pts',(24.9050125309764,1.03346510010865,2.72617121990444));
#2462=CARTESIAN_POINT('Ctrl Pts',(24.760424175696,1.13304376779376,2.68461003879965));
#2463=CARTESIAN_POINT('Ctrl Pts',(24.5208697167977,1.23302698255038,2.63942251111679));
#2464=CARTESIAN_POINT('Ctrl Pts',(24.4372709951142,1.25843728249468,2.62721364260423));
#2465=CARTESIAN_POINT('Ctrl Pts',(24.2683250955646,1.29192986619005,2.61090657431612));
#2466=CARTESIAN_POINT('Ctrl Pts',(24.1829733051404,1.3,2.60683121816507));
#2467=CARTESIAN_POINT('Ctrl Pts',(24.0170266948596,1.3,2.60683121816507));
#2468=CARTESIAN_POINT('Ctrl Pts',(23.9316749044354,1.29192986619005,2.61090657431612));
#2469=CARTESIAN_POINT('Ctrl Pts',(23.7627290048858,1.25843728249468,2.62721364260423));
#2470=CARTESIAN_POINT('Ctrl Pts',(23.6791302832023,1.23302698255038,2.63942251111679));
#2471=CARTESIAN_POINT('Ctrl Pts',(23.439575824304,1.13304376779376,2.68461003879965));
#2472=CARTESIAN_POINT('Ctrl Pts',(23.2949874690236,1.03346510010865,2.72617121990444));
#2473=CARTESIAN_POINT('Ctrl Pts',(23.0667216258184,0.805199256903415,2.80208252074241));
#2474=CARTESIAN_POINT('Ctrl Pts',(22.9670032449656,0.660543430860578,2.84175619002365));
#2475=CARTESIAN_POINT('Ctrl Pts',(22.8669379400791,0.420782365184253,2.88359028307998));
#2476=CARTESIAN_POINT('Ctrl Pts',(22.8415201372358,0.337114755429213,2.89467001992556));
#2477=CARTESIAN_POINT('Ctrl Pts',(22.8080458342102,0.168143857553943,2.9093794056054));
#2478=CARTESIAN_POINT('Ctrl Pts',(22.8,0.0828376685188864,2.913));
#2479=CARTESIAN_POINT('Ctrl Pts',(22.8,3.33066907387547E-16,2.913));
#2480=CARTESIAN_POINT('Origin',(24.1,3.85,0.));
#2481=CARTESIAN_POINT('',(24.1,2.60683121816507,1.3));
#2482=CARTESIAN_POINT('',(22.8,2.913,6.57242541367635E-17));
#2483=CARTESIAN_POINT('Ctrl Pts',(24.1,2.60683121816507,1.3));
#2484=CARTESIAN_POINT('Ctrl Pts',(24.1829733051404,2.60683121816507,1.3));
#2485=CARTESIAN_POINT('Ctrl Pts',(24.2683250955646,2.61090657431612,1.29192986619005));
#2486=CARTESIAN_POINT('Ctrl Pts',(24.4372709951142,2.62721364260423,1.25843728249468));
#2487=CARTESIAN_POINT('Ctrl Pts',(24.5208697167977,2.63942251111679,1.23302698255038));
#2488=CARTESIAN_POINT('Ctrl Pts',(24.760424175696,2.68461003879965,1.13304376779376));
#2489=CARTESIAN_POINT('Ctrl Pts',(24.9050125309764,2.72617121990444,1.03346510010865));
#2490=CARTESIAN_POINT('Ctrl Pts',(25.1332783741816,2.80208252074241,0.805199256903414));
#2491=CARTESIAN_POINT('Ctrl Pts',(25.2329967550344,2.84175619002365,0.660543430860578));
#2492=CARTESIAN_POINT('Ctrl Pts',(25.3330620599209,2.88359028307998,0.420782365184254));
#2493=CARTESIAN_POINT('Ctrl Pts',(25.3584798627642,2.89467001992556,0.337114755429213));
#2494=CARTESIAN_POINT('Ctrl Pts',(25.3919541657898,2.9093794056054,0.168143857553943));
#2495=CARTESIAN_POINT('Ctrl Pts',(25.4,2.913,0.0828376685188859));
#2496=CARTESIAN_POINT('Ctrl Pts',(25.4,2.913,-0.0828376685188859));
#2497=CARTESIAN_POINT('Ctrl Pts',(25.3919541657898,2.9093794056054,-0.168143857553942));
#2498=CARTESIAN_POINT('Ctrl Pts',(25.3584798627642,2.89467001992556,-0.337114755429212));
#2499=CARTESIAN_POINT('Ctrl Pts',(25.3330620599209,2.88359028307998,-0.420782365184253));
#2500=CARTESIAN_POINT('Ctrl Pts',(25.2329967550344,2.84175619002365,-0.660543430860577));
#2501=CARTESIAN_POINT('Ctrl Pts',(25.1332783741816,2.80208252074241,-0.805199256903414));
#2502=CARTESIAN_POINT('Ctrl Pts',(24.9050125309764,2.72617121990444,-1.03346510010865));
#2503=CARTESIAN_POINT('Ctrl Pts',(24.760424175696,2.68461003879965,-1.13304376779376));
#2504=CARTESIAN_POINT('Ctrl Pts',(24.5208697167977,2.63942251111679,-1.23302698255038));
#2505=CARTESIAN_POINT('Ctrl Pts',(24.4372709951142,2.62721364260423,-1.25843728249468));
#2506=CARTESIAN_POINT('Ctrl Pts',(24.2683250955646,2.61090657431612,-1.29192986619005));
#2507=CARTESIAN_POINT('Ctrl Pts',(24.1829733051404,2.60683121816507,-1.3));
#2508=CARTESIAN_POINT('Ctrl Pts',(24.0170266948596,2.60683121816507,-1.3));
#2509=CARTESIAN_POINT('Ctrl Pts',(23.9316749044354,2.61090657431612,-1.29192986619005));
#2510=CARTESIAN_POINT('Ctrl Pts',(23.7627290048858,2.62721364260423,-1.25843728249468));
#2511=CARTESIAN_POINT('Ctrl Pts',(23.6791302832023,2.63942251111679,-1.23302698255038));
#2512=CARTESIAN_POINT('Ctrl Pts',(23.439575824304,2.68461003879965,-1.13304376779376));
#2513=CARTESIAN_POINT('Ctrl Pts',(23.2949874690236,2.72617121990444,-1.03346510010865));
#2514=CARTESIAN_POINT('Ctrl Pts',(23.0667216258184,2.80208252074241,-0.805199256903414));
#2515=CARTESIAN_POINT('Ctrl Pts',(22.9670032449656,2.84175619002365,-0.660543430860577));
#2516=CARTESIAN_POINT('Ctrl Pts',(22.8669379400791,2.88359028307998,-0.420782365184253));
#2517=CARTESIAN_POINT('Ctrl Pts',(22.8415201372358,2.89467001992556,-0.337114755429212));
#2518=CARTESIAN_POINT('Ctrl Pts',(22.8080458342102,2.9093794056054,-0.168143857553943));
#2519=CARTESIAN_POINT('Ctrl Pts',(22.8,2.913,-0.0828376685188863));
#2520=CARTESIAN_POINT('Ctrl Pts',(22.8,2.913,-1.94289029309402E-16));
#2521=CARTESIAN_POINT('Ctrl Pts',(22.8,2.913,-2.77555756156289E-17));
#2522=CARTESIAN_POINT('Ctrl Pts',(22.8,2.913,0.0828376685188858));
#2523=CARTESIAN_POINT('Ctrl Pts',(22.8080458342102,2.9093794056054,0.168143857553942));
#2524=CARTESIAN_POINT('Ctrl Pts',(22.8415201372358,2.89467001992556,0.337114755429212));
#2525=CARTESIAN_POINT('Ctrl Pts',(22.8669379400791,2.88359028307998,0.420782365184252));
#2526=CARTESIAN_POINT('Ctrl Pts',(22.9670032449656,2.84175619002365,0.660543430860577));
#2527=CARTESIAN_POINT('Ctrl Pts',(23.0667216258184,2.80208252074242,0.805199256903414));
#2528=CARTESIAN_POINT('Ctrl Pts',(23.2949874690236,2.72617121990444,1.03346510010865));
#2529=CARTESIAN_POINT('Ctrl Pts',(23.439575824304,2.68461003879965,1.13304376779376));
#2530=CARTESIAN_POINT('Ctrl Pts',(23.6791302832023,2.63942251111679,1.23302698255038));
#2531=CARTESIAN_POINT('Ctrl Pts',(23.7627290048858,2.62721364260423,1.25843728249468));
#2532=CARTESIAN_POINT('Ctrl Pts',(23.9316749044354,2.61090657431612,1.29192986619005));
#2533=CARTESIAN_POINT('Ctrl Pts',(24.0170266948596,2.60683121816507,1.3));
#2534=CARTESIAN_POINT('Ctrl Pts',(24.1,2.60683121816507,1.3));
#2535=CARTESIAN_POINT('',(22.8,3.96,1.59204083889156E-16));
#2536=CARTESIAN_POINT('',(22.8,3.85,1.59204083889156E-16));
#2537=CARTESIAN_POINT('',(24.1,3.7405347211328,1.3));
#2538=CARTESIAN_POINT('Ctrl Pts',(24.1,3.7405347211328,1.3));
#2539=CARTESIAN_POINT('Ctrl Pts',(24.0177030459551,3.7405347211328,1.3));
#2540=CARTESIAN_POINT('Ctrl Pts',(23.9328107218738,3.74332603946264,1.29205949006367));
#2541=CARTESIAN_POINT('Ctrl Pts',(23.7643551053294,3.75462316050745,1.25885363951714));
#2542=CARTESIAN_POINT('Ctrl Pts',(23.6807891831439,3.7631176530233,1.23359779347131));
#2543=CARTESIAN_POINT('Ctrl Pts',(23.4408779176165,3.79485285638826,1.13382688152151));
#2544=CARTESIAN_POINT('Ctrl Pts',(23.2955240790929,3.82444258630512,1.03400171017797));
#2545=CARTESIAN_POINT('Ctrl Pts',(23.0660481944211,3.87920697109062,0.804525825506146));
#2546=CARTESIAN_POINT('Ctrl Pts',(22.9661845673608,3.90808452738277,0.659152045906568));
#2547=CARTESIAN_POINT('Ctrl Pts',(22.8331280529021,3.94874052445776,0.339196643064948));
#2548=CARTESIAN_POINT('Ctrl Pts',(22.8,3.96,0.164522334494381));
#2549=CARTESIAN_POINT('Ctrl Pts',(22.8,3.96,4.44089209850063E-16));
#2550=CARTESIAN_POINT('Ctrl Pts',(22.8,3.96,-1.11022302462516E-16));
#2551=CARTESIAN_POINT('Ctrl Pts',(22.8,3.96,-0.164522334494381));
#2552=CARTESIAN_POINT('Ctrl Pts',(22.8331280529021,3.94874052445776,-0.339196643064947));
#2553=CARTESIAN_POINT('Ctrl Pts',(22.9661845673608,3.90808452738277,-0.659152045906567));
#2554=CARTESIAN_POINT('Ctrl Pts',(23.0660481944211,3.87920697109062,-0.804525825506145));
#2555=CARTESIAN_POINT('Ctrl Pts',(23.2955240790929,3.82444258630512,-1.03400171017797));
#2556=CARTESIAN_POINT('Ctrl Pts',(23.4408779176165,3.79485285638826,-1.13382688152151));
#2557=CARTESIAN_POINT('Ctrl Pts',(23.6807891831439,3.7631176530233,-1.23359779347131));
#2558=CARTESIAN_POINT('Ctrl Pts',(23.7643551053294,3.75462316050745,-1.25885363951714));
#2559=CARTESIAN_POINT('Ctrl Pts',(23.9328107218738,3.74332603946264,-1.29205949006367));
#2560=CARTESIAN_POINT('Ctrl Pts',(24.0177030459551,3.7405347211328,-1.3));
#2561=CARTESIAN_POINT('Ctrl Pts',(24.1822969540449,3.7405347211328,-1.3));
#2562=CARTESIAN_POINT('Ctrl Pts',(24.2671892781262,3.74332603946264,-1.29205949006367));
#2563=CARTESIAN_POINT('Ctrl Pts',(24.4356448946706,3.75462316050745,-1.25885363951714));
#2564=CARTESIAN_POINT('Ctrl Pts',(24.5192108168561,3.7631176530233,-1.23359779347131));
#2565=CARTESIAN_POINT('Ctrl Pts',(24.7591220823836,3.79485285638826,-1.13382688152151));
#2566=CARTESIAN_POINT('Ctrl Pts',(24.9044759209071,3.82444258630512,-1.03400171017797));
#2567=CARTESIAN_POINT('Ctrl Pts',(25.1339518055789,3.87920697109062,-0.804525825506145));
#2568=CARTESIAN_POINT('Ctrl Pts',(25.2338154326392,3.90808452738277,-0.659152045906567));
#2569=CARTESIAN_POINT('Ctrl Pts',(25.3668719470979,3.94874052445776,-0.339196643064947));
#2570=CARTESIAN_POINT('Ctrl Pts',(25.4,3.96,-0.164522334494381));
#2571=CARTESIAN_POINT('Ctrl Pts',(25.4,3.96,0.16452233449438));
#2572=CARTESIAN_POINT('Ctrl Pts',(25.3668719470979,3.94874052445776,0.339196643064947));
#2573=CARTESIAN_POINT('Ctrl Pts',(25.2338154326392,3.90808452738277,0.659152045906567));
#2574=CARTESIAN_POINT('Ctrl Pts',(25.1339518055789,3.87920697109062,0.804525825506145));
#2575=CARTESIAN_POINT('Ctrl Pts',(24.9044759209071,3.82444258630512,1.03400171017797));
#2576=CARTESIAN_POINT('Ctrl Pts',(24.7591220823836,3.79485285638826,1.13382688152151));
#2577=CARTESIAN_POINT('Ctrl Pts',(24.5192108168561,3.7631176530233,1.23359779347131));
#2578=CARTESIAN_POINT('Ctrl Pts',(24.4356448946706,3.75462316050745,1.25885363951714));
#2579=CARTESIAN_POINT('Ctrl Pts',(24.2671892781262,3.74332603946264,1.29205949006367));
#2580=CARTESIAN_POINT('Ctrl Pts',(24.1822969540449,3.7405347211328,1.3));
#2581=CARTESIAN_POINT('Ctrl Pts',(24.1,3.7405347211328,1.3));
#2582=CARTESIAN_POINT('Origin',(21.55,2.72236110756821,-2.72236110756821));
#2583=CARTESIAN_POINT('',(21.55,2.76254684731582,-0.9240692162308));
#2584=CARTESIAN_POINT('',(20.25,2.05980205359641,-2.05980205359641));
#2585=CARTESIAN_POINT('Ctrl Pts',(21.55,2.76254684731582,-0.9240692162308));
#2586=CARTESIAN_POINT('Ctrl Pts',(21.6329733051404,2.76254684731582,-0.9240692162308));
#2587=CARTESIAN_POINT('Ctrl Pts',(21.7183250955646,2.75972211294388,-0.932657374543057));
#2588=CARTESIAN_POINT('Ctrl Pts',(21.8872709951142,2.74757011846122,-0.967871046161302));
#2589=CARTESIAN_POINT('Ctrl Pts',(21.9708697167977,2.73823529677446,-0.99447181527975));
#2590=CARTESIAN_POINT('Ctrl Pts',(22.210424175696,2.69948889486483,-1.09712303168859));
#2591=CARTESIAN_POINT('Ctrl Pts',(22.3550125309764,2.6584643366765,-1.19692397586357));
#2592=CARTESIAN_POINT('Ctrl Pts',(22.5832783741816,2.55073340662403,-1.41200969709848));
#2593=CARTESIAN_POINT('Ctrl Pts',(22.6829967550344,2.47649981167431,-1.54235033321483));
#2594=CARTESIAN_POINT('Ctrl Pts',(22.7830620599209,2.33654430715499,-1.74146817950399));
#2595=CARTESIAN_POINT('Ctrl Pts',(22.8084798627642,2.2852169299888,-1.80846467078472));
#2596=CARTESIAN_POINT('Ctrl Pts',(22.8419541657898,2.17613756863932,-1.93834624485681));
#2597=CARTESIAN_POINT('Ctrl Pts',(22.85,2.1183771307438,-2.00122697644903));
#2598=CARTESIAN_POINT('Ctrl Pts',(22.85,2.00122697644902,-2.1183771307438));
#2599=CARTESIAN_POINT('Ctrl Pts',(22.8419541657898,1.93834624485681,-2.17613756863933));
#2600=CARTESIAN_POINT('Ctrl Pts',(22.8084798627642,1.80846467078472,-2.2852169299888));
#2601=CARTESIAN_POINT('Ctrl Pts',(22.7830620599209,1.74146817950399,-2.33654430715499));
#2602=CARTESIAN_POINT('Ctrl Pts',(22.6829967550344,1.54235033321482,-2.47649981167431));
#2603=CARTESIAN_POINT('Ctrl Pts',(22.5832783741816,1.41200969709848,-2.55073340662403));
#2604=CARTESIAN_POINT('Ctrl Pts',(22.3550125309764,1.19692397586357,-2.6584643366765));
#2605=CARTESIAN_POINT('Ctrl Pts',(22.210424175696,1.09712303168859,-2.69948889486483));
#2606=CARTESIAN_POINT('Ctrl Pts',(21.9708697167977,0.994471815279748,-2.73823529677446));
#2607=CARTESIAN_POINT('Ctrl Pts',(21.8872709951142,0.9678710461613,-2.74757011846122));
#2608=CARTESIAN_POINT('Ctrl Pts',(21.7183250955646,0.932657374543056,-2.75972211294388));
#2609=CARTESIAN_POINT('Ctrl Pts',(21.6329733051404,0.924069216230799,-2.76254684731582));
#2610=CARTESIAN_POINT('Ctrl Pts',(21.4670266948596,0.924069216230799,-2.76254684731582));
#2611=CARTESIAN_POINT('Ctrl Pts',(21.3816749044354,0.932657374543056,-2.75972211294388));
#2612=CARTESIAN_POINT('Ctrl Pts',(21.2127290048858,0.967871046161302,-2.74757011846122));
#2613=CARTESIAN_POINT('Ctrl Pts',(21.1291302832023,0.99447181527975,-2.73823529677446));
#2614=CARTESIAN_POINT('Ctrl Pts',(20.889575824304,1.09712303168859,-2.69948889486483));
#2615=CARTESIAN_POINT('Ctrl Pts',(20.7449874690236,1.19692397586357,-2.6584643366765));
#2616=CARTESIAN_POINT('Ctrl Pts',(20.5167216258184,1.41200969709848,-2.55073340662403));
#2617=CARTESIAN_POINT('Ctrl Pts',(20.4170032449656,1.54235033321482,-2.47649981167431));
#2618=CARTESIAN_POINT('Ctrl Pts',(20.3169379400791,1.74146817950399,-2.33654430715499));
#2619=CARTESIAN_POINT('Ctrl Pts',(20.2915201372358,1.80846467078472,-2.28521692998881));
#2620=CARTESIAN_POINT('Ctrl Pts',(20.2580458342102,1.93834624485681,-2.17613756863933));
#2621=CARTESIAN_POINT('Ctrl Pts',(20.25,2.00122697644902,-2.1183771307438));
#2622=CARTESIAN_POINT('Ctrl Pts',(20.25,2.05980205359641,-2.05980205359641));
#2623=CARTESIAN_POINT('Ctrl Pts',(20.25,2.05980205359641,-2.05980205359641));
#2624=CARTESIAN_POINT('Ctrl Pts',(20.25,2.1183771307438,-2.00122697644903));
#2625=CARTESIAN_POINT('Ctrl Pts',(20.2580458342102,2.17613756863932,-1.93834624485681));
#2626=CARTESIAN_POINT('Ctrl Pts',(20.2915201372358,2.2852169299888,-1.80846467078472));
#2627=CARTESIAN_POINT('Ctrl Pts',(20.3169379400791,2.33654430715499,-1.74146817950399));
#2628=CARTESIAN_POINT('Ctrl Pts',(20.4170032449656,2.47649981167431,-1.54235033321483));
#2629=CARTESIAN_POINT('Ctrl Pts',(20.5167216258184,2.55073340662403,-1.41200969709848));
#2630=CARTESIAN_POINT('Ctrl Pts',(20.7449874690236,2.6584643366765,-1.19692397586357));
#2631=CARTESIAN_POINT('Ctrl Pts',(20.889575824304,2.69948889486483,-1.09712303168859));
#2632=CARTESIAN_POINT('Ctrl Pts',(21.1291302832023,2.73823529677446,-0.99447181527975));
#2633=CARTESIAN_POINT('Ctrl Pts',(21.2127290048858,2.74757011846122,-0.967871046161302));
#2634=CARTESIAN_POINT('Ctrl Pts',(21.3816749044354,2.75972211294388,-0.932657374543057));
#2635=CARTESIAN_POINT('Ctrl Pts',(21.4670266948596,2.76254684731582,-0.9240692162308));
#2636=CARTESIAN_POINT('Ctrl Pts',(21.55,2.76254684731582,-0.9240692162308));
#2637=CARTESIAN_POINT('',(20.25,2.80014285349873,-2.80014285349873));
#2638=CARTESIAN_POINT('',(20.25,2.72236110756821,-2.72236110756821));
#2639=CARTESIAN_POINT('',(21.55,3.56419628211924,-1.72571865103422));
#2640=CARTESIAN_POINT('Ctrl Pts',(21.55,3.56419628211924,-1.72571865103422));
#2641=CARTESIAN_POINT('Ctrl Pts',(21.4677030459551,3.56419628211924,-1.72571865103422));
#2642=CARTESIAN_POINT('Ctrl Pts',(21.3828107218738,3.56055525381667,-1.73330719957576));
#2643=CARTESIAN_POINT('Ctrl Pts',(21.2143551053294,3.54506344261882,-1.76477555257096));
#2644=CARTESIAN_POINT('Ctrl Pts',(21.1307891831439,3.53321137587591,-1.78864064583525));
#2645=CARTESIAN_POINT('Ctrl Pts',(20.8908779176164,3.48510286497274,-1.88162951174182));
#2646=CARTESIAN_POINT('Ctrl Pts',(20.7455240790929,3.4354389080603,-1.97313966600964));
#2647=CARTESIAN_POINT('Ctrl Pts',(20.5160481944211,3.3118992217394,-2.1741278880292));
#2648=CARTESIAN_POINT('Ctrl Pts',(20.4161845673608,3.2295239522561,-2.29734218926906));
#2649=CARTESIAN_POINT('Ctrl Pts',(20.2831280529021,3.03202944845714,-2.55233295552327));
#2650=CARTESIAN_POINT('Ctrl Pts',(20.25,2.91647771187635,-2.68380799512111));
#2651=CARTESIAN_POINT('Ctrl Pts',(20.25,2.80014285349873,-2.80014285349873));
#2652=CARTESIAN_POINT('Ctrl Pts',(20.25,2.80014285349873,-2.80014285349873));
#2653=CARTESIAN_POINT('Ctrl Pts',(20.25,2.68380799512111,-2.91647771187635));
#2654=CARTESIAN_POINT('Ctrl Pts',(20.2831280529021,2.55233295552327,-3.03202944845714));
#2655=CARTESIAN_POINT('Ctrl Pts',(20.4161845673608,2.29734218926906,-3.2295239522561));
#2656=CARTESIAN_POINT('Ctrl Pts',(20.5160481944211,2.1741278880292,-3.31189922173941));
#2657=CARTESIAN_POINT('Ctrl Pts',(20.7455240790929,1.97313966600964,-3.4354389080603));
#2658=CARTESIAN_POINT('Ctrl Pts',(20.8908779176165,1.88162951174182,-3.48510286497274));
#2659=CARTESIAN_POINT('Ctrl Pts',(21.1307891831439,1.78864064583525,-3.53321137587591));
#2660=CARTESIAN_POINT('Ctrl Pts',(21.2143551053294,1.76477555257095,-3.54506344261882));
#2661=CARTESIAN_POINT('Ctrl Pts',(21.3828107218738,1.73330719957576,-3.56055525381667));
#2662=CARTESIAN_POINT('Ctrl Pts',(21.4677030459551,1.72571865103422,-3.56419628211924));
#2663=CARTESIAN_POINT('Ctrl Pts',(21.6322969540449,1.72571865103422,-3.56419628211924));
#2664=CARTESIAN_POINT('Ctrl Pts',(21.7171892781262,1.73330719957576,-3.56055525381667));
#2665=CARTESIAN_POINT('Ctrl Pts',(21.8856448946706,1.76477555257095,-3.54506344261882));
#2666=CARTESIAN_POINT('Ctrl Pts',(21.9692108168561,1.78864064583525,-3.53321137587591));
#2667=CARTESIAN_POINT('Ctrl Pts',(22.2091220823836,1.88162951174182,-3.48510286497274));
#2668=CARTESIAN_POINT('Ctrl Pts',(22.3544759209071,1.97313966600964,-3.4354389080603));
#2669=CARTESIAN_POINT('Ctrl Pts',(22.5839518055789,2.1741278880292,-3.31189922173941));
#2670=CARTESIAN_POINT('Ctrl Pts',(22.6838154326392,2.29734218926906,-3.2295239522561));
#2671=CARTESIAN_POINT('Ctrl Pts',(22.8168719470979,2.55233295552327,-3.03202944845714));
#2672=CARTESIAN_POINT('Ctrl Pts',(22.85,2.68380799512111,-2.91647771187635));
#2673=CARTESIAN_POINT('Ctrl Pts',(22.85,2.91647771187634,-2.68380799512111));
#2674=CARTESIAN_POINT('Ctrl Pts',(22.8168719470979,3.03202944845714,-2.55233295552327));
#2675=CARTESIAN_POINT('Ctrl Pts',(22.6838154326392,3.2295239522561,-2.29734218926906));
#2676=CARTESIAN_POINT('Ctrl Pts',(22.5839518055789,3.3118992217394,-2.1741278880292));
#2677=CARTESIAN_POINT('Ctrl Pts',(22.3544759209071,3.4354389080603,-1.97313966600964));
#2678=CARTESIAN_POINT('Ctrl Pts',(22.2091220823836,3.48510286497274,-1.88162951174182));
#2679=CARTESIAN_POINT('Ctrl Pts',(21.9692108168561,3.53321137587591,-1.78864064583525));
#2680=CARTESIAN_POINT('Ctrl Pts',(21.8856448946706,3.54506344261882,-1.76477555257096));
#2681=CARTESIAN_POINT('Ctrl Pts',(21.7171892781262,3.56055525381667,-1.73330719957576));
#2682=CARTESIAN_POINT('Ctrl Pts',(21.6322969540449,3.56419628211924,-1.72571865103422));
#2683=CARTESIAN_POINT('Ctrl Pts',(21.55,3.56419628211924,-1.72571865103422));
#2684=CARTESIAN_POINT('Origin',(21.55,-2.72236110756821,-2.72236110756821));
#2685=CARTESIAN_POINT('',(21.55,-0.9240692162308,-2.76254684731582));
#2686=CARTESIAN_POINT('',(20.25,-2.05980205359641,-2.05980205359641));
#2687=CARTESIAN_POINT('Ctrl Pts',(21.55,-0.9240692162308,-2.76254684731582));
#2688=CARTESIAN_POINT('Ctrl Pts',(21.6329733051404,-0.9240692162308,-2.76254684731582));
#2689=CARTESIAN_POINT('Ctrl Pts',(21.7183250955646,-0.932657374543057,-2.75972211294388));
#2690=CARTESIAN_POINT('Ctrl Pts',(21.8872709951142,-0.967871046161302,-2.74757011846122));
#2691=CARTESIAN_POINT('Ctrl Pts',(21.9708697167977,-0.994471815279749,-2.73823529677446));
#2692=CARTESIAN_POINT('Ctrl Pts',(22.210424175696,-1.09712303168859,-2.69948889486483));
#2693=CARTESIAN_POINT('Ctrl Pts',(22.3550125309764,-1.19692397586357,-2.6584643366765));
#2694=CARTESIAN_POINT('Ctrl Pts',(22.5832783741816,-1.41200969709848,-2.55073340662403));
#2695=CARTESIAN_POINT('Ctrl Pts',(22.6829967550344,-1.54235033321483,-2.47649981167431));
#2696=CARTESIAN_POINT('Ctrl Pts',(22.7830620599209,-1.74146817950399,-2.33654430715499));
#2697=CARTESIAN_POINT('Ctrl Pts',(22.8084798627642,-1.80846467078472,-2.2852169299888));
#2698=CARTESIAN_POINT('Ctrl Pts',(22.8419541657898,-1.93834624485681,-2.17613756863932));
#2699=CARTESIAN_POINT('Ctrl Pts',(22.85,-2.00122697644903,-2.1183771307438));
#2700=CARTESIAN_POINT('Ctrl Pts',(22.85,-2.1183771307438,-2.00122697644903));
#2701=CARTESIAN_POINT('Ctrl Pts',(22.8419541657898,-2.17613756863932,-1.93834624485681));
#2702=CARTESIAN_POINT('Ctrl Pts',(22.8084798627642,-2.2852169299888,-1.80846467078472));
#2703=CARTESIAN_POINT('Ctrl Pts',(22.7830620599209,-2.33654430715499,-1.74146817950399));
#2704=CARTESIAN_POINT('Ctrl Pts',(22.6829967550344,-2.47649981167431,-1.54235033321482));
#2705=CARTESIAN_POINT('Ctrl Pts',(22.5832783741816,-2.55073340662403,-1.41200969709848));
#2706=CARTESIAN_POINT('Ctrl Pts',(22.3550125309764,-2.6584643366765,-1.19692397586357));
#2707=CARTESIAN_POINT('Ctrl Pts',(22.210424175696,-2.69948889486483,-1.09712303168859));
#2708=CARTESIAN_POINT('Ctrl Pts',(21.9708697167977,-2.73823529677446,-0.994471815279749));
#2709=CARTESIAN_POINT('Ctrl Pts',(21.8872709951142,-2.74757011846122,-0.9678710461613));
#2710=CARTESIAN_POINT('Ctrl Pts',(21.7183250955646,-2.75972211294388,-0.932657374543056));
#2711=CARTESIAN_POINT('Ctrl Pts',(21.6329733051404,-2.76254684731582,-0.924069216230799));
#2712=CARTESIAN_POINT('Ctrl Pts',(21.4670266948596,-2.76254684731582,-0.924069216230799));
#2713=CARTESIAN_POINT('Ctrl Pts',(21.3816749044354,-2.75972211294388,-0.932657374543056));
#2714=CARTESIAN_POINT('Ctrl Pts',(21.2127290048858,-2.74757011846122,-0.967871046161302));
#2715=CARTESIAN_POINT('Ctrl Pts',(21.1291302832023,-2.73823529677446,-0.99447181527975));
#2716=CARTESIAN_POINT('Ctrl Pts',(20.889575824304,-2.69948889486483,-1.09712303168859));
#2717=CARTESIAN_POINT('Ctrl Pts',(20.7449874690236,-2.6584643366765,-1.19692397586357));
#2718=CARTESIAN_POINT('Ctrl Pts',(20.5167216258184,-2.55073340662403,-1.41200969709848));
#2719=CARTESIAN_POINT('Ctrl Pts',(20.4170032449656,-2.47649981167431,-1.54235033321482));
#2720=CARTESIAN_POINT('Ctrl Pts',(20.3169379400791,-2.33654430715499,-1.74146817950399));
#2721=CARTESIAN_POINT('Ctrl Pts',(20.2915201372358,-2.2852169299888,-1.80846467078472));
#2722=CARTESIAN_POINT('Ctrl Pts',(20.2580458342102,-2.17613756863933,-1.93834624485681));
#2723=CARTESIAN_POINT('Ctrl Pts',(20.25,-2.1183771307438,-2.00122697644902));
#2724=CARTESIAN_POINT('Ctrl Pts',(20.25,-2.05980205359641,-2.05980205359641));
#2725=CARTESIAN_POINT('Ctrl Pts',(20.25,-2.05980205359641,-2.05980205359641));
#2726=CARTESIAN_POINT('Ctrl Pts',(20.25,-2.00122697644903,-2.1183771307438));
#2727=CARTESIAN_POINT('Ctrl Pts',(20.2580458342102,-1.93834624485681,-2.17613756863933));
#2728=CARTESIAN_POINT('Ctrl Pts',(20.2915201372358,-1.80846467078472,-2.2852169299888));
#2729=CARTESIAN_POINT('Ctrl Pts',(20.3169379400791,-1.74146817950399,-2.33654430715499));
#2730=CARTESIAN_POINT('Ctrl Pts',(20.4170032449656,-1.54235033321483,-2.47649981167431));
#2731=CARTESIAN_POINT('Ctrl Pts',(20.5167216258184,-1.41200969709848,-2.55073340662403));
#2732=CARTESIAN_POINT('Ctrl Pts',(20.7449874690236,-1.19692397586357,-2.6584643366765));
#2733=CARTESIAN_POINT('Ctrl Pts',(20.889575824304,-1.09712303168859,-2.69948889486483));
#2734=CARTESIAN_POINT('Ctrl Pts',(21.1291302832023,-0.994471815279749,-2.73823529677446));
#2735=CARTESIAN_POINT('Ctrl Pts',(21.2127290048858,-0.967871046161302,-2.74757011846122));
#2736=CARTESIAN_POINT('Ctrl Pts',(21.3816749044354,-0.932657374543057,-2.75972211294388));
#2737=CARTESIAN_POINT('Ctrl Pts',(21.4670266948596,-0.9240692162308,-2.76254684731582));
#2738=CARTESIAN_POINT('Ctrl Pts',(21.55,-0.9240692162308,-2.76254684731582));
#2739=CARTESIAN_POINT('',(20.25,-2.80014285349873,-2.80014285349873));
#2740=CARTESIAN_POINT('',(20.25,-2.72236110756821,-2.72236110756821));
#2741=CARTESIAN_POINT('',(21.55,-1.72571865103422,-3.56419628211924));
#2742=CARTESIAN_POINT('Ctrl Pts',(21.55,-1.72571865103422,-3.56419628211924));
#2743=CARTESIAN_POINT('Ctrl Pts',(21.4677030459551,-1.72571865103422,-3.56419628211924));
#2744=CARTESIAN_POINT('Ctrl Pts',(21.3828107218738,-1.73330719957576,-3.56055525381667));
#2745=CARTESIAN_POINT('Ctrl Pts',(21.2143551053294,-1.76477555257095,-3.54506344261882));
#2746=CARTESIAN_POINT('Ctrl Pts',(21.1307891831439,-1.78864064583525,-3.53321137587591));
#2747=CARTESIAN_POINT('Ctrl Pts',(20.8908779176164,-1.88162951174182,-3.48510286497274));
#2748=CARTESIAN_POINT('Ctrl Pts',(20.7455240790929,-1.97313966600964,-3.4354389080603));
#2749=CARTESIAN_POINT('Ctrl Pts',(20.5160481944211,-2.1741278880292,-3.3118992217394));
#2750=CARTESIAN_POINT('Ctrl Pts',(20.4161845673608,-2.29734218926906,-3.2295239522561));
#2751=CARTESIAN_POINT('Ctrl Pts',(20.2831280529021,-2.55233295552327,-3.03202944845714));
#2752=CARTESIAN_POINT('Ctrl Pts',(20.25,-2.68380799512111,-2.91647771187635));
#2753=CARTESIAN_POINT('Ctrl Pts',(20.25,-2.80014285349873,-2.80014285349873));
#2754=CARTESIAN_POINT('Ctrl Pts',(20.25,-2.80014285349873,-2.80014285349873));
#2755=CARTESIAN_POINT('Ctrl Pts',(20.25,-2.91647771187635,-2.68380799512111));
#2756=CARTESIAN_POINT('Ctrl Pts',(20.2831280529021,-3.03202944845714,-2.55233295552327));
#2757=CARTESIAN_POINT('Ctrl Pts',(20.4161845673608,-3.2295239522561,-2.29734218926906));
#2758=CARTESIAN_POINT('Ctrl Pts',(20.5160481944211,-3.31189922173941,-2.1741278880292));
#2759=CARTESIAN_POINT('Ctrl Pts',(20.7455240790929,-3.4354389080603,-1.97313966600964));
#2760=CARTESIAN_POINT('Ctrl Pts',(20.8908779176165,-3.48510286497274,-1.88162951174182));
#2761=CARTESIAN_POINT('Ctrl Pts',(21.1307891831439,-3.53321137587591,-1.78864064583525));
#2762=CARTESIAN_POINT('Ctrl Pts',(21.2143551053294,-3.54506344261882,-1.76477555257095));
#2763=CARTESIAN_POINT('Ctrl Pts',(21.3828107218738,-3.56055525381667,-1.73330719957576));
#2764=CARTESIAN_POINT('Ctrl Pts',(21.4677030459551,-3.56419628211924,-1.72571865103422));
#2765=CARTESIAN_POINT('Ctrl Pts',(21.6322969540449,-3.56419628211924,-1.72571865103422));
#2766=CARTESIAN_POINT('Ctrl Pts',(21.7171892781262,-3.56055525381667,-1.73330719957576));
#2767=CARTESIAN_POINT('Ctrl Pts',(21.8856448946706,-3.54506344261882,-1.76477555257095));
#2768=CARTESIAN_POINT('Ctrl Pts',(21.9692108168561,-3.53321137587591,-1.78864064583525));
#2769=CARTESIAN_POINT('Ctrl Pts',(22.2091220823836,-3.48510286497274,-1.88162951174182));
#2770=CARTESIAN_POINT('Ctrl Pts',(22.3544759209071,-3.4354389080603,-1.97313966600964));
#2771=CARTESIAN_POINT('Ctrl Pts',(22.5839518055789,-3.3118992217394,-2.1741278880292));
#2772=CARTESIAN_POINT('Ctrl Pts',(22.6838154326392,-3.2295239522561,-2.29734218926906));
#2773=CARTESIAN_POINT('Ctrl Pts',(22.8168719470979,-3.03202944845714,-2.55233295552327));
#2774=CARTESIAN_POINT('Ctrl Pts',(22.85,-2.91647771187635,-2.68380799512111));
#2775=CARTESIAN_POINT('Ctrl Pts',(22.85,-2.68380799512111,-2.91647771187634));
#2776=CARTESIAN_POINT('Ctrl Pts',(22.8168719470979,-2.55233295552327,-3.03202944845714));
#2777=CARTESIAN_POINT('Ctrl Pts',(22.6838154326392,-2.29734218926906,-3.2295239522561));
#2778=CARTESIAN_POINT('Ctrl Pts',(22.5839518055789,-2.1741278880292,-3.3118992217394));
#2779=CARTESIAN_POINT('Ctrl Pts',(22.3544759209071,-1.97313966600964,-3.4354389080603));
#2780=CARTESIAN_POINT('Ctrl Pts',(22.2091220823836,-1.88162951174182,-3.48510286497274));
#2781=CARTESIAN_POINT('Ctrl Pts',(21.9692108168561,-1.78864064583525,-3.53321137587591));
#2782=CARTESIAN_POINT('Ctrl Pts',(21.8856448946706,-1.76477555257095,-3.54506344261882));
#2783=CARTESIAN_POINT('Ctrl Pts',(21.7171892781262,-1.73330719957576,-3.56055525381667));
#2784=CARTESIAN_POINT('Ctrl Pts',(21.6322969540449,-1.72571865103422,-3.56419628211924));
#2785=CARTESIAN_POINT('Ctrl Pts',(21.55,-1.72571865103422,-3.56419628211924));
#2786=CARTESIAN_POINT('Origin',(21.55,-2.72236110756821,2.72236110756821));
#2787=CARTESIAN_POINT('',(21.55,-2.76254684731582,0.9240692162308));
#2788=CARTESIAN_POINT('',(20.25,-2.05980205359641,2.05980205359641));
#2789=CARTESIAN_POINT('Ctrl Pts',(21.55,-2.76254684731582,0.9240692162308));
#2790=CARTESIAN_POINT('Ctrl Pts',(21.6329733051404,-2.76254684731582,0.9240692162308));
#2791=CARTESIAN_POINT('Ctrl Pts',(21.7183250955646,-2.75972211294388,0.932657374543056));
#2792=CARTESIAN_POINT('Ctrl Pts',(21.8872709951142,-2.74757011846122,0.967871046161301));
#2793=CARTESIAN_POINT('Ctrl Pts',(21.9708697167977,-2.73823529677446,0.994471815279749));
#2794=CARTESIAN_POINT('Ctrl Pts',(22.210424175696,-2.69948889486483,1.09712303168859));
#2795=CARTESIAN_POINT('Ctrl Pts',(22.3550125309764,-2.6584643366765,1.19692397586357));
#2796=CARTESIAN_POINT('Ctrl Pts',(22.5832783741816,-2.55073340662403,1.41200969709848));
#2797=CARTESIAN_POINT('Ctrl Pts',(22.6829967550344,-2.47649981167431,1.54235033321483));
#2798=CARTESIAN_POINT('Ctrl Pts',(22.7830620599209,-2.33654430715499,1.74146817950399));
#2799=CARTESIAN_POINT('Ctrl Pts',(22.8084798627642,-2.2852169299888,1.80846467078472));
#2800=CARTESIAN_POINT('Ctrl Pts',(22.8419541657898,-2.17613756863932,1.93834624485681));
#2801=CARTESIAN_POINT('Ctrl Pts',(22.85,-2.1183771307438,2.00122697644903));
#2802=CARTESIAN_POINT('Ctrl Pts',(22.85,-2.00122697644902,2.1183771307438));
#2803=CARTESIAN_POINT('Ctrl Pts',(22.8419541657898,-1.93834624485681,2.17613756863933));
#2804=CARTESIAN_POINT('Ctrl Pts',(22.8084798627642,-1.80846467078472,2.2852169299888));
#2805=CARTESIAN_POINT('Ctrl Pts',(22.7830620599209,-1.74146817950399,2.33654430715499));
#2806=CARTESIAN_POINT('Ctrl Pts',(22.6829967550344,-1.54235033321483,2.47649981167431));
#2807=CARTESIAN_POINT('Ctrl Pts',(22.5832783741816,-1.41200969709848,2.55073340662403));
#2808=CARTESIAN_POINT('Ctrl Pts',(22.3550125309764,-1.19692397586357,2.6584643366765));
#2809=CARTESIAN_POINT('Ctrl Pts',(22.210424175696,-1.09712303168859,2.69948889486483));
#2810=CARTESIAN_POINT('Ctrl Pts',(21.9708697167977,-0.994471815279749,2.73823529677446));
#2811=CARTESIAN_POINT('Ctrl Pts',(21.8872709951142,-0.9678710461613,2.74757011846122));
#2812=CARTESIAN_POINT('Ctrl Pts',(21.7183250955646,-0.932657374543056,2.75972211294388));
#2813=CARTESIAN_POINT('Ctrl Pts',(21.6329733051404,-0.9240692162308,2.76254684731582));
#2814=CARTESIAN_POINT('Ctrl Pts',(21.4670266948596,-0.9240692162308,2.76254684731582));
#2815=CARTESIAN_POINT('Ctrl Pts',(21.3816749044354,-0.932657374543056,2.75972211294388));
#2816=CARTESIAN_POINT('Ctrl Pts',(21.2127290048858,-0.967871046161303,2.74757011846122));
#2817=CARTESIAN_POINT('Ctrl Pts',(21.1291302832023,-0.99447181527975,2.73823529677446));
#2818=CARTESIAN_POINT('Ctrl Pts',(20.889575824304,-1.09712303168859,2.69948889486483));
#2819=CARTESIAN_POINT('Ctrl Pts',(20.7449874690236,-1.19692397586357,2.6584643366765));
#2820=CARTESIAN_POINT('Ctrl Pts',(20.5167216258184,-1.41200969709848,2.55073340662403));
#2821=CARTESIAN_POINT('Ctrl Pts',(20.4170032449656,-1.54235033321482,2.47649981167431));
#2822=CARTESIAN_POINT('Ctrl Pts',(20.3169379400791,-1.74146817950399,2.33654430715499));
#2823=CARTESIAN_POINT('Ctrl Pts',(20.2915201372358,-1.80846467078472,2.28521692998881));
#2824=CARTESIAN_POINT('Ctrl Pts',(20.2580458342102,-1.93834624485681,2.17613756863933));
#2825=CARTESIAN_POINT('Ctrl Pts',(20.25,-2.00122697644902,2.1183771307438));
#2826=CARTESIAN_POINT('Ctrl Pts',(20.25,-2.05980205359641,2.05980205359641));
#2827=CARTESIAN_POINT('Ctrl Pts',(20.25,-2.05980205359641,2.05980205359641));
#2828=CARTESIAN_POINT('Ctrl Pts',(20.25,-2.1183771307438,2.00122697644903));
#2829=CARTESIAN_POINT('Ctrl Pts',(20.2580458342102,-2.17613756863932,1.93834624485681));
#2830=CARTESIAN_POINT('Ctrl Pts',(20.2915201372358,-2.2852169299888,1.80846467078472));
#2831=CARTESIAN_POINT('Ctrl Pts',(20.3169379400791,-2.33654430715499,1.74146817950399));
#2832=CARTESIAN_POINT('Ctrl Pts',(20.4170032449656,-2.47649981167431,1.54235033321483));
#2833=CARTESIAN_POINT('Ctrl Pts',(20.5167216258184,-2.55073340662403,1.41200969709848));
#2834=CARTESIAN_POINT('Ctrl Pts',(20.7449874690236,-2.6584643366765,1.19692397586357));
#2835=CARTESIAN_POINT('Ctrl Pts',(20.889575824304,-2.69948889486483,1.09712303168859));
#2836=CARTESIAN_POINT('Ctrl Pts',(21.1291302832023,-2.73823529677446,0.994471815279749));
#2837=CARTESIAN_POINT('Ctrl Pts',(21.2127290048858,-2.74757011846122,0.967871046161301));
#2838=CARTESIAN_POINT('Ctrl Pts',(21.3816749044354,-2.75972211294388,0.932657374543057));
#2839=CARTESIAN_POINT('Ctrl Pts',(21.4670266948596,-2.76254684731582,0.9240692162308));
#2840=CARTESIAN_POINT('Ctrl Pts',(21.55,-2.76254684731582,0.9240692162308));
#2841=CARTESIAN_POINT('',(20.25,-2.80014285349873,2.80014285349873));
#2842=CARTESIAN_POINT('',(20.25,-2.72236110756821,2.72236110756821));
#2843=CARTESIAN_POINT('',(21.55,-3.56419628211924,1.72571865103422));
#2844=CARTESIAN_POINT('Ctrl Pts',(21.55,-3.56419628211924,1.72571865103422));
#2845=CARTESIAN_POINT('Ctrl Pts',(21.4677030459551,-3.56419628211924,1.72571865103422));
#2846=CARTESIAN_POINT('Ctrl Pts',(21.3828107218738,-3.56055525381667,1.73330719957576));
#2847=CARTESIAN_POINT('Ctrl Pts',(21.2143551053294,-3.54506344261882,1.76477555257095));
#2848=CARTESIAN_POINT('Ctrl Pts',(21.1307891831439,-3.53321137587591,1.78864064583525));
#2849=CARTESIAN_POINT('Ctrl Pts',(20.8908779176164,-3.48510286497274,1.88162951174182));
#2850=CARTESIAN_POINT('Ctrl Pts',(20.7455240790929,-3.4354389080603,1.97313966600964));
#2851=CARTESIAN_POINT('Ctrl Pts',(20.5160481944211,-3.3118992217394,2.1741278880292));
#2852=CARTESIAN_POINT('Ctrl Pts',(20.4161845673608,-3.2295239522561,2.29734218926906));
#2853=CARTESIAN_POINT('Ctrl Pts',(20.2831280529021,-3.03202944845714,2.55233295552327));
#2854=CARTESIAN_POINT('Ctrl Pts',(20.25,-2.91647771187635,2.68380799512111));
#2855=CARTESIAN_POINT('Ctrl Pts',(20.25,-2.80014285349873,2.80014285349873));
#2856=CARTESIAN_POINT('Ctrl Pts',(20.25,-2.80014285349873,2.80014285349873));
#2857=CARTESIAN_POINT('Ctrl Pts',(20.25,-2.68380799512111,2.91647771187635));
#2858=CARTESIAN_POINT('Ctrl Pts',(20.2831280529021,-2.55233295552327,3.03202944845714));
#2859=CARTESIAN_POINT('Ctrl Pts',(20.4161845673608,-2.29734218926906,3.2295239522561));
#2860=CARTESIAN_POINT('Ctrl Pts',(20.5160481944211,-2.1741278880292,3.3118992217394));
#2861=CARTESIAN_POINT('Ctrl Pts',(20.7455240790929,-1.97313966600964,3.4354389080603));
#2862=CARTESIAN_POINT('Ctrl Pts',(20.8908779176165,-1.88162951174182,3.48510286497274));
#2863=CARTESIAN_POINT('Ctrl Pts',(21.1307891831439,-1.78864064583525,3.53321137587591));
#2864=CARTESIAN_POINT('Ctrl Pts',(21.2143551053294,-1.76477555257095,3.54506344261882));
#2865=CARTESIAN_POINT('Ctrl Pts',(21.3828107218738,-1.73330719957576,3.56055525381667));
#2866=CARTESIAN_POINT('Ctrl Pts',(21.4677030459551,-1.72571865103422,3.56419628211924));
#2867=CARTESIAN_POINT('Ctrl Pts',(21.6322969540449,-1.72571865103422,3.56419628211924));
#2868=CARTESIAN_POINT('Ctrl Pts',(21.7171892781262,-1.73330719957576,3.56055525381667));
#2869=CARTESIAN_POINT('Ctrl Pts',(21.8856448946706,-1.76477555257095,3.54506344261882));
#2870=CARTESIAN_POINT('Ctrl Pts',(21.9692108168561,-1.78864064583525,3.53321137587591));
#2871=CARTESIAN_POINT('Ctrl Pts',(22.2091220823836,-1.88162951174182,3.48510286497274));
#2872=CARTESIAN_POINT('Ctrl Pts',(22.3544759209071,-1.97313966600964,3.4354389080603));
#2873=CARTESIAN_POINT('Ctrl Pts',(22.5839518055789,-2.1741278880292,3.3118992217394));
#2874=CARTESIAN_POINT('Ctrl Pts',(22.6838154326392,-2.29734218926906,3.2295239522561));
#2875=CARTESIAN_POINT('Ctrl Pts',(22.8168719470979,-2.55233295552327,3.03202944845714));
#2876=CARTESIAN_POINT('Ctrl Pts',(22.85,-2.68380799512111,2.91647771187635));
#2877=CARTESIAN_POINT('Ctrl Pts',(22.85,-2.91647771187635,2.68380799512111));
#2878=CARTESIAN_POINT('Ctrl Pts',(22.8168719470979,-3.03202944845714,2.55233295552327));
#2879=CARTESIAN_POINT('Ctrl Pts',(22.6838154326392,-3.2295239522561,2.29734218926906));
#2880=CARTESIAN_POINT('Ctrl Pts',(22.5839518055789,-3.3118992217394,2.1741278880292));
#2881=CARTESIAN_POINT('Ctrl Pts',(22.3544759209071,-3.4354389080603,1.97313966600964));
#2882=CARTESIAN_POINT('Ctrl Pts',(22.2091220823836,-3.48510286497274,1.88162951174182));
#2883=CARTESIAN_POINT('Ctrl Pts',(21.9692108168561,-3.53321137587591,1.78864064583525));
#2884=CARTESIAN_POINT('Ctrl Pts',(21.8856448946706,-3.54506344261882,1.76477555257095));
#2885=CARTESIAN_POINT('Ctrl Pts',(21.7171892781262,-3.56055525381667,1.73330719957576));
#2886=CARTESIAN_POINT('Ctrl Pts',(21.6322969540449,-3.56419628211924,1.72571865103422));
#2887=CARTESIAN_POINT('Ctrl Pts',(21.55,-3.56419628211924,1.72571865103422));
#2888=CARTESIAN_POINT('Origin',(21.55,2.72236110756821,2.72236110756821));
#2889=CARTESIAN_POINT('',(21.55,0.924069216230799,2.76254684731582));
#2890=CARTESIAN_POINT('',(20.25,2.05980205359641,2.05980205359641));
#2891=CARTESIAN_POINT('Ctrl Pts',(21.55,0.9240692162308,2.76254684731582));
#2892=CARTESIAN_POINT('Ctrl Pts',(21.6329733051404,0.9240692162308,2.76254684731582));
#2893=CARTESIAN_POINT('Ctrl Pts',(21.7183250955646,0.932657374543056,2.75972211294388));
#2894=CARTESIAN_POINT('Ctrl Pts',(21.8872709951142,0.967871046161301,2.74757011846122));
#2895=CARTESIAN_POINT('Ctrl Pts',(21.9708697167977,0.994471815279749,2.73823529677446));
#2896=CARTESIAN_POINT('Ctrl Pts',(22.210424175696,1.09712303168859,2.69948889486483));
#2897=CARTESIAN_POINT('Ctrl Pts',(22.3550125309764,1.19692397586357,2.6584643366765));
#2898=CARTESIAN_POINT('Ctrl Pts',(22.5832783741816,1.41200969709848,2.55073340662403));
#2899=CARTESIAN_POINT('Ctrl Pts',(22.6829967550344,1.54235033321483,2.47649981167431));
#2900=CARTESIAN_POINT('Ctrl Pts',(22.7830620599209,1.74146817950399,2.33654430715499));
#2901=CARTESIAN_POINT('Ctrl Pts',(22.8084798627642,1.80846467078472,2.2852169299888));
#2902=CARTESIAN_POINT('Ctrl Pts',(22.8419541657898,1.93834624485681,2.17613756863932));
#2903=CARTESIAN_POINT('Ctrl Pts',(22.85,2.00122697644903,2.1183771307438));
#2904=CARTESIAN_POINT('Ctrl Pts',(22.85,2.1183771307438,2.00122697644903));
#2905=CARTESIAN_POINT('Ctrl Pts',(22.8419541657898,2.17613756863932,1.93834624485681));
#2906=CARTESIAN_POINT('Ctrl Pts',(22.8084798627642,2.2852169299888,1.80846467078472));
#2907=CARTESIAN_POINT('Ctrl Pts',(22.7830620599209,2.33654430715499,1.74146817950399));
#2908=CARTESIAN_POINT('Ctrl Pts',(22.6829967550344,2.47649981167431,1.54235033321483));
#2909=CARTESIAN_POINT('Ctrl Pts',(22.5832783741816,2.55073340662403,1.41200969709848));
#2910=CARTESIAN_POINT('Ctrl Pts',(22.3550125309764,2.6584643366765,1.19692397586357));
#2911=CARTESIAN_POINT('Ctrl Pts',(22.210424175696,2.69948889486483,1.09712303168859));
#2912=CARTESIAN_POINT('Ctrl Pts',(21.9708697167977,2.73823529677446,0.994471815279749));
#2913=CARTESIAN_POINT('Ctrl Pts',(21.8872709951142,2.74757011846122,0.967871046161301));
#2914=CARTESIAN_POINT('Ctrl Pts',(21.7183250955646,2.75972211294388,0.932657374543056));
#2915=CARTESIAN_POINT('Ctrl Pts',(21.6329733051404,2.76254684731582,0.924069216230799));
#2916=CARTESIAN_POINT('Ctrl Pts',(21.4670266948596,2.76254684731582,0.924069216230799));
#2917=CARTESIAN_POINT('Ctrl Pts',(21.3816749044354,2.75972211294388,0.932657374543056));
#2918=CARTESIAN_POINT('Ctrl Pts',(21.2127290048858,2.74757011846122,0.967871046161303));
#2919=CARTESIAN_POINT('Ctrl Pts',(21.1291302832023,2.73823529677446,0.994471815279751));
#2920=CARTESIAN_POINT('Ctrl Pts',(20.889575824304,2.69948889486483,1.09712303168859));
#2921=CARTESIAN_POINT('Ctrl Pts',(20.7449874690236,2.6584643366765,1.19692397586357));
#2922=CARTESIAN_POINT('Ctrl Pts',(20.5167216258184,2.55073340662403,1.41200969709848));
#2923=CARTESIAN_POINT('Ctrl Pts',(20.4170032449656,2.47649981167431,1.54235033321482));
#2924=CARTESIAN_POINT('Ctrl Pts',(20.3169379400791,2.33654430715499,1.74146817950399));
#2925=CARTESIAN_POINT('Ctrl Pts',(20.2915201372358,2.28521692998881,1.80846467078472));
#2926=CARTESIAN_POINT('Ctrl Pts',(20.2580458342102,2.17613756863933,1.93834624485681));
#2927=CARTESIAN_POINT('Ctrl Pts',(20.25,2.1183771307438,2.00122697644903));
#2928=CARTESIAN_POINT('Ctrl Pts',(20.25,2.05980205359641,2.05980205359641));
#2929=CARTESIAN_POINT('Ctrl Pts',(20.25,2.05980205359641,2.05980205359641));
#2930=CARTESIAN_POINT('Ctrl Pts',(20.25,2.00122697644903,2.1183771307438));
#2931=CARTESIAN_POINT('Ctrl Pts',(20.2580458342102,1.93834624485681,2.17613756863932));
#2932=CARTESIAN_POINT('Ctrl Pts',(20.2915201372358,1.80846467078472,2.2852169299888));
#2933=CARTESIAN_POINT('Ctrl Pts',(20.3169379400791,1.74146817950399,2.33654430715499));
#2934=CARTESIAN_POINT('Ctrl Pts',(20.4170032449656,1.54235033321483,2.47649981167431));
#2935=CARTESIAN_POINT('Ctrl Pts',(20.5167216258184,1.41200969709848,2.55073340662403));
#2936=CARTESIAN_POINT('Ctrl Pts',(20.7449874690236,1.19692397586357,2.6584643366765));
#2937=CARTESIAN_POINT('Ctrl Pts',(20.889575824304,1.09712303168859,2.69948889486483));
#2938=CARTESIAN_POINT('Ctrl Pts',(21.1291302832023,0.994471815279749,2.73823529677446));
#2939=CARTESIAN_POINT('Ctrl Pts',(21.2127290048858,0.967871046161301,2.74757011846122));
#2940=CARTESIAN_POINT('Ctrl Pts',(21.3816749044354,0.932657374543056,2.75972211294388));
#2941=CARTESIAN_POINT('Ctrl Pts',(21.4670266948596,0.9240692162308,2.76254684731582));
#2942=CARTESIAN_POINT('Ctrl Pts',(21.55,0.9240692162308,2.76254684731582));
#2943=CARTESIAN_POINT('',(20.25,2.80014285349873,2.80014285349873));
#2944=CARTESIAN_POINT('',(20.25,2.72236110756821,2.72236110756821));
#2945=CARTESIAN_POINT('',(21.55,1.72571865103422,3.56419628211924));
#2946=CARTESIAN_POINT('Ctrl Pts',(21.55,1.72571865103422,3.56419628211924));
#2947=CARTESIAN_POINT('Ctrl Pts',(21.4677030459551,1.72571865103422,3.56419628211924));
#2948=CARTESIAN_POINT('Ctrl Pts',(21.3828107218738,1.73330719957576,3.56055525381667));
#2949=CARTESIAN_POINT('Ctrl Pts',(21.2143551053294,1.76477555257095,3.54506344261882));
#2950=CARTESIAN_POINT('Ctrl Pts',(21.1307891831439,1.78864064583525,3.53321137587591));
#2951=CARTESIAN_POINT('Ctrl Pts',(20.8908779176164,1.88162951174182,3.48510286497274));
#2952=CARTESIAN_POINT('Ctrl Pts',(20.7455240790929,1.97313966600964,3.4354389080603));
#2953=CARTESIAN_POINT('Ctrl Pts',(20.5160481944211,2.1741278880292,3.3118992217394));
#2954=CARTESIAN_POINT('Ctrl Pts',(20.4161845673608,2.29734218926906,3.2295239522561));
#2955=CARTESIAN_POINT('Ctrl Pts',(20.2831280529021,2.55233295552327,3.03202944845714));
#2956=CARTESIAN_POINT('Ctrl Pts',(20.25,2.68380799512111,2.91647771187635));
#2957=CARTESIAN_POINT('Ctrl Pts',(20.25,2.80014285349873,2.80014285349873));
#2958=CARTESIAN_POINT('Ctrl Pts',(20.25,2.80014285349873,2.80014285349873));
#2959=CARTESIAN_POINT('Ctrl Pts',(20.25,2.91647771187635,2.68380799512111));
#2960=CARTESIAN_POINT('Ctrl Pts',(20.2831280529021,3.03202944845714,2.55233295552327));
#2961=CARTESIAN_POINT('Ctrl Pts',(20.4161845673608,3.2295239522561,2.29734218926906));
#2962=CARTESIAN_POINT('Ctrl Pts',(20.5160481944211,3.3118992217394,2.1741278880292));
#2963=CARTESIAN_POINT('Ctrl Pts',(20.7455240790929,3.4354389080603,1.97313966600964));
#2964=CARTESIAN_POINT('Ctrl Pts',(20.8908779176165,3.48510286497274,1.88162951174182));
#2965=CARTESIAN_POINT('Ctrl Pts',(21.1307891831439,3.53321137587591,1.78864064583525));
#2966=CARTESIAN_POINT('Ctrl Pts',(21.2143551053294,3.54506344261882,1.76477555257095));
#2967=CARTESIAN_POINT('Ctrl Pts',(21.3828107218738,3.56055525381667,1.73330719957576));
#2968=CARTESIAN_POINT('Ctrl Pts',(21.4677030459551,3.56419628211924,1.72571865103422));
#2969=CARTESIAN_POINT('Ctrl Pts',(21.6322969540449,3.56419628211924,1.72571865103422));
#2970=CARTESIAN_POINT('Ctrl Pts',(21.7171892781262,3.56055525381667,1.73330719957576));
#2971=CARTESIAN_POINT('Ctrl Pts',(21.8856448946706,3.54506344261882,1.76477555257095));
#2972=CARTESIAN_POINT('Ctrl Pts',(21.9692108168561,3.53321137587591,1.78864064583525));
#2973=CARTESIAN_POINT('Ctrl Pts',(22.2091220823836,3.48510286497274,1.88162951174182));
#2974=CARTESIAN_POINT('Ctrl Pts',(22.3544759209071,3.4354389080603,1.97313966600964));
#2975=CARTESIAN_POINT('Ctrl Pts',(22.5839518055789,3.3118992217394,2.1741278880292));
#2976=CARTESIAN_POINT('Ctrl Pts',(22.6838154326392,3.2295239522561,2.29734218926906));
#2977=CARTESIAN_POINT('Ctrl Pts',(22.8168719470979,3.03202944845714,2.55233295552327));
#2978=CARTESIAN_POINT('Ctrl Pts',(22.85,2.91647771187635,2.68380799512111));
#2979=CARTESIAN_POINT('Ctrl Pts',(22.85,2.68380799512111,2.91647771187635));
#2980=CARTESIAN_POINT('Ctrl Pts',(22.8168719470979,2.55233295552327,3.03202944845714));
#2981=CARTESIAN_POINT('Ctrl Pts',(22.6838154326392,2.29734218926906,3.2295239522561));
#2982=CARTESIAN_POINT('Ctrl Pts',(22.5839518055789,2.1741278880292,3.3118992217394));
#2983=CARTESIAN_POINT('Ctrl Pts',(22.3544759209071,1.97313966600964,3.4354389080603));
#2984=CARTESIAN_POINT('Ctrl Pts',(22.2091220823836,1.88162951174182,3.48510286497274));
#2985=CARTESIAN_POINT('Ctrl Pts',(21.9692108168561,1.78864064583525,3.53321137587591));
#2986=CARTESIAN_POINT('Ctrl Pts',(21.8856448946706,1.76477555257095,3.54506344261882));
#2987=CARTESIAN_POINT('Ctrl Pts',(21.7171892781262,1.73330719957576,3.56055525381667));
#2988=CARTESIAN_POINT('Ctrl Pts',(21.6322969540449,1.72571865103422,3.56419628211924));
#2989=CARTESIAN_POINT('Ctrl Pts',(21.55,1.72571865103422,3.56419628211924));
#2990=CARTESIAN_POINT('Origin',(19.,-7.07233526507596E-16,-3.85));
#2991=CARTESIAN_POINT('',(19.,1.3,-2.60683121816507));
#2992=CARTESIAN_POINT('',(17.7,-5.76530726117945E-16,-2.913));
#2993=CARTESIAN_POINT('Ctrl Pts',(19.,1.3,-2.60683121816507));
#2994=CARTESIAN_POINT('Ctrl Pts',(19.0829733051404,1.3,-2.60683121816507));
#2995=CARTESIAN_POINT('Ctrl Pts',(19.1683250955646,1.29192986619005,-2.61090657431612));
#2996=CARTESIAN_POINT('Ctrl Pts',(19.3372709951142,1.25843728249468,-2.62721364260423));
#2997=CARTESIAN_POINT('Ctrl Pts',(19.4208697167977,1.23302698255038,-2.63942251111679));
#2998=CARTESIAN_POINT('Ctrl Pts',(19.660424175696,1.13304376779376,-2.68461003879965));
#2999=CARTESIAN_POINT('Ctrl Pts',(19.8050125309764,1.03346510010865,-2.72617121990445));
#3000=CARTESIAN_POINT('Ctrl Pts',(20.0332783741816,0.805199256903414,-2.80208252074242));
#3001=CARTESIAN_POINT('Ctrl Pts',(20.1329967550344,0.660543430860577,-2.84175619002365));
#3002=CARTESIAN_POINT('Ctrl Pts',(20.2330620599209,0.420782365184252,-2.88359028307998));
#3003=CARTESIAN_POINT('Ctrl Pts',(20.2584798627642,0.337114755429211,-2.89467001992556));
#3004=CARTESIAN_POINT('Ctrl Pts',(20.2919541657898,0.168143857553942,-2.9093794056054));
#3005=CARTESIAN_POINT('Ctrl Pts',(20.3,0.0828376685188854,-2.913));
#3006=CARTESIAN_POINT('Ctrl Pts',(20.3,-0.0828376685188865,-2.913));
#3007=CARTESIAN_POINT('Ctrl Pts',(20.2919541657898,-0.168143857553943,-2.9093794056054));
#3008=CARTESIAN_POINT('Ctrl Pts',(20.2584798627642,-0.337114755429212,-2.89467001992556));
#3009=CARTESIAN_POINT('Ctrl Pts',(20.2330620599209,-0.420782365184253,-2.88359028307998));
#3010=CARTESIAN_POINT('Ctrl Pts',(20.1329967550344,-0.660543430860578,-2.84175619002365));
#3011=CARTESIAN_POINT('Ctrl Pts',(20.0332783741816,-0.805199256903415,-2.80208252074241));
#3012=CARTESIAN_POINT('Ctrl Pts',(19.8050125309764,-1.03346510010865,-2.72617121990444));
#3013=CARTESIAN_POINT('Ctrl Pts',(19.660424175696,-1.13304376779376,-2.68461003879965));
#3014=CARTESIAN_POINT('Ctrl Pts',(19.4208697167977,-1.23302698255038,-2.63942251111679));
#3015=CARTESIAN_POINT('Ctrl Pts',(19.3372709951142,-1.25843728249468,-2.62721364260423));
#3016=CARTESIAN_POINT('Ctrl Pts',(19.1683250955646,-1.29192986619005,-2.61090657431612));
#3017=CARTESIAN_POINT('Ctrl Pts',(19.0829733051404,-1.3,-2.60683121816507));
#3018=CARTESIAN_POINT('Ctrl Pts',(18.9170266948596,-1.3,-2.60683121816507));
#3019=CARTESIAN_POINT('Ctrl Pts',(18.8316749044354,-1.29192986619005,-2.61090657431612));
#3020=CARTESIAN_POINT('Ctrl Pts',(18.6627290048858,-1.25843728249468,-2.62721364260423));
#3021=CARTESIAN_POINT('Ctrl Pts',(18.5791302832023,-1.23302698255038,-2.63942251111679));
#3022=CARTESIAN_POINT('Ctrl Pts',(18.339575824304,-1.13304376779376,-2.68461003879964));
#3023=CARTESIAN_POINT('Ctrl Pts',(18.1949874690236,-1.03346510010865,-2.72617121990444));
#3024=CARTESIAN_POINT('Ctrl Pts',(17.9667216258184,-0.805199256903415,-2.80208252074241));
#3025=CARTESIAN_POINT('Ctrl Pts',(17.8670032449656,-0.660543430860578,-2.84175619002365));
#3026=CARTESIAN_POINT('Ctrl Pts',(17.7669379400791,-0.420782365184253,-2.88359028307998));
#3027=CARTESIAN_POINT('Ctrl Pts',(17.7415201372358,-0.337114755429212,-2.89467001992556));
#3028=CARTESIAN_POINT('Ctrl Pts',(17.7080458342102,-0.168143857553943,-2.9093794056054));
#3029=CARTESIAN_POINT('Ctrl Pts',(17.7,-0.0828376685188864,-2.913));
#3030=CARTESIAN_POINT('Ctrl Pts',(17.7,-6.66133814775094E-16,-2.913));
#3031=CARTESIAN_POINT('Ctrl Pts',(17.7,-7.49400541621981E-16,-2.913));
#3032=CARTESIAN_POINT('Ctrl Pts',(17.7,0.082837668518885,-2.913));
#3033=CARTESIAN_POINT('Ctrl Pts',(17.7080458342102,0.168143857553941,-2.9093794056054));
#3034=CARTESIAN_POINT('Ctrl Pts',(17.7415201372358,0.337114755429211,-2.89467001992556));
#3035=CARTESIAN_POINT('Ctrl Pts',(17.7669379400791,0.420782365184252,-2.88359028307998));
#3036=CARTESIAN_POINT('Ctrl Pts',(17.8670032449656,0.660543430860577,-2.84175619002365));
#3037=CARTESIAN_POINT('Ctrl Pts',(17.9667216258184,0.805199256903414,-2.80208252074242));
#3038=CARTESIAN_POINT('Ctrl Pts',(18.1949874690236,1.03346510010865,-2.72617121990444));
#3039=CARTESIAN_POINT('Ctrl Pts',(18.339575824304,1.13304376779376,-2.68461003879965));
#3040=CARTESIAN_POINT('Ctrl Pts',(18.5791302832023,1.23302698255038,-2.63942251111679));
#3041=CARTESIAN_POINT('Ctrl Pts',(18.6627290048858,1.25843728249468,-2.62721364260423));
#3042=CARTESIAN_POINT('Ctrl Pts',(18.8316749044354,1.29192986619005,-2.61090657431612));
#3043=CARTESIAN_POINT('Ctrl Pts',(18.9170266948596,1.3,-2.60683121816507));
#3044=CARTESIAN_POINT('Ctrl Pts',(19.,1.3,-2.60683121816507));
#3045=CARTESIAN_POINT('',(17.7,-5.68236114804372E-16,-3.96));
#3046=CARTESIAN_POINT('',(17.7,-5.48029442618441E-16,-3.85));
#3047=CARTESIAN_POINT('',(19.,1.3,-3.7405347211328));
#3048=CARTESIAN_POINT('Ctrl Pts',(19.,1.3,-3.7405347211328));
#3049=CARTESIAN_POINT('Ctrl Pts',(18.9177030459551,1.3,-3.7405347211328));
#3050=CARTESIAN_POINT('Ctrl Pts',(18.8328107218738,1.29205949006367,-3.74332603946264));
#3051=CARTESIAN_POINT('Ctrl Pts',(18.6643551053294,1.25885363951714,-3.75462316050745));
#3052=CARTESIAN_POINT('Ctrl Pts',(18.5807891831439,1.23359779347131,-3.7631176530233));
#3053=CARTESIAN_POINT('Ctrl Pts',(18.3408779176164,1.13382688152151,-3.79485285638826));
#3054=CARTESIAN_POINT('Ctrl Pts',(18.1955240790929,1.03400171017797,-3.82444258630512));
#3055=CARTESIAN_POINT('Ctrl Pts',(17.9660481944211,0.804525825506145,-3.87920697109062));
#3056=CARTESIAN_POINT('Ctrl Pts',(17.8661845673608,0.659152045906567,-3.90808452738277));
#3057=CARTESIAN_POINT('Ctrl Pts',(17.7331280529021,0.339196643064947,-3.94874052445776));
#3058=CARTESIAN_POINT('Ctrl Pts',(17.7,0.16452233449438,-3.96));
#3059=CARTESIAN_POINT('Ctrl Pts',(17.7,-4.9960036108132E-16,-3.96));
#3060=CARTESIAN_POINT('Ctrl Pts',(17.7,-4.9960036108132E-16,-3.96));
#3061=CARTESIAN_POINT('Ctrl Pts',(17.7,-0.164522334494381,-3.96));
#3062=CARTESIAN_POINT('Ctrl Pts',(17.7331280529021,-0.339196643064948,-3.94874052445776));
#3063=CARTESIAN_POINT('Ctrl Pts',(17.8661845673608,-0.659152045906569,-3.90808452738277));
#3064=CARTESIAN_POINT('Ctrl Pts',(17.9660481944211,-0.804525825506146,-3.87920697109062));
#3065=CARTESIAN_POINT('Ctrl Pts',(18.1955240790929,-1.03400171017797,-3.82444258630512));
#3066=CARTESIAN_POINT('Ctrl Pts',(18.3408779176164,-1.13382688152151,-3.79485285638826));
#3067=CARTESIAN_POINT('Ctrl Pts',(18.5807891831439,-1.23359779347131,-3.7631176530233));
#3068=CARTESIAN_POINT('Ctrl Pts',(18.6643551053294,-1.25885363951714,-3.75462316050745));
#3069=CARTESIAN_POINT('Ctrl Pts',(18.8328107218738,-1.29205949006367,-3.74332603946264));
#3070=CARTESIAN_POINT('Ctrl Pts',(18.9177030459551,-1.3,-3.7405347211328));
#3071=CARTESIAN_POINT('Ctrl Pts',(19.0822969540449,-1.3,-3.7405347211328));
#3072=CARTESIAN_POINT('Ctrl Pts',(19.1671892781262,-1.29205949006367,-3.74332603946264));
#3073=CARTESIAN_POINT('Ctrl Pts',(19.3356448946706,-1.25885363951714,-3.75462316050745));
#3074=CARTESIAN_POINT('Ctrl Pts',(19.4192108168561,-1.23359779347131,-3.7631176530233));
#3075=CARTESIAN_POINT('Ctrl Pts',(19.6591220823836,-1.13382688152151,-3.79485285638826));
#3076=CARTESIAN_POINT('Ctrl Pts',(19.8044759209071,-1.03400171017797,-3.82444258630512));
#3077=CARTESIAN_POINT('Ctrl Pts',(20.0339518055789,-0.804525825506146,-3.87920697109062));
#3078=CARTESIAN_POINT('Ctrl Pts',(20.1338154326392,-0.659152045906568,-3.90808452738277));
#3079=CARTESIAN_POINT('Ctrl Pts',(20.2668719470979,-0.339196643064948,-3.94874052445776));
#3080=CARTESIAN_POINT('Ctrl Pts',(20.3,-0.164522334494382,-3.96));
#3081=CARTESIAN_POINT('Ctrl Pts',(20.3,0.16452233449438,-3.96));
#3082=CARTESIAN_POINT('Ctrl Pts',(20.2668719470979,0.339196643064946,-3.94874052445776));
#3083=CARTESIAN_POINT('Ctrl Pts',(20.1338154326392,0.659152045906567,-3.90808452738277));
#3084=CARTESIAN_POINT('Ctrl Pts',(20.0339518055789,0.804525825506145,-3.87920697109062));
#3085=CARTESIAN_POINT('Ctrl Pts',(19.8044759209071,1.03400171017797,-3.82444258630512));
#3086=CARTESIAN_POINT('Ctrl Pts',(19.6591220823836,1.13382688152151,-3.79485285638826));
#3087=CARTESIAN_POINT('Ctrl Pts',(19.4192108168561,1.23359779347131,-3.7631176530233));
#3088=CARTESIAN_POINT('Ctrl Pts',(19.3356448946706,1.25885363951714,-3.75462316050745));
#3089=CARTESIAN_POINT('Ctrl Pts',(19.1671892781262,1.29205949006367,-3.74332603946264));
#3090=CARTESIAN_POINT('Ctrl Pts',(19.0822969540449,1.3,-3.7405347211328));
#3091=CARTESIAN_POINT('Ctrl Pts',(19.,1.3,-3.7405347211328));
#3092=CARTESIAN_POINT('Origin',(19.,-3.85,4.71489017671731E-16));
#3093=CARTESIAN_POINT('',(19.,-2.60683121816507,-1.3));
#3094=CARTESIAN_POINT('',(17.7,-2.913,3.20812369276265E-16));
#3095=CARTESIAN_POINT('Ctrl Pts',(19.,-2.60683121816507,-1.3));
#3096=CARTESIAN_POINT('Ctrl Pts',(19.0829733051404,-2.60683121816507,-1.3));
#3097=CARTESIAN_POINT('Ctrl Pts',(19.1683250955646,-2.61090657431612,-1.29192986619005));
#3098=CARTESIAN_POINT('Ctrl Pts',(19.3372709951142,-2.62721364260423,-1.25843728249468));
#3099=CARTESIAN_POINT('Ctrl Pts',(19.4208697167977,-2.63942251111679,-1.23302698255038));
#3100=CARTESIAN_POINT('Ctrl Pts',(19.660424175696,-2.68461003879965,-1.13304376779376));
#3101=CARTESIAN_POINT('Ctrl Pts',(19.8050125309764,-2.72617121990445,-1.03346510010865));
#3102=CARTESIAN_POINT('Ctrl Pts',(20.0332783741816,-2.80208252074242,-0.805199256903414));
#3103=CARTESIAN_POINT('Ctrl Pts',(20.1329967550344,-2.84175619002365,-0.660543430860577));
#3104=CARTESIAN_POINT('Ctrl Pts',(20.2330620599209,-2.88359028307998,-0.420782365184252));
#3105=CARTESIAN_POINT('Ctrl Pts',(20.2584798627642,-2.89467001992556,-0.337114755429212));
#3106=CARTESIAN_POINT('Ctrl Pts',(20.2919541657898,-2.9093794056054,-0.168143857553942));
#3107=CARTESIAN_POINT('Ctrl Pts',(20.3,-2.913,-0.0828376685188855));
#3108=CARTESIAN_POINT('Ctrl Pts',(20.3,-2.913,0.0828376685188862));
#3109=CARTESIAN_POINT('Ctrl Pts',(20.2919541657898,-2.9093794056054,0.168143857553943));
#3110=CARTESIAN_POINT('Ctrl Pts',(20.2584798627642,-2.89467001992556,0.337114755429212));
#3111=CARTESIAN_POINT('Ctrl Pts',(20.2330620599209,-2.88359028307998,0.420782365184253));
#3112=CARTESIAN_POINT('Ctrl Pts',(20.1329967550344,-2.84175619002365,0.660543430860578));
#3113=CARTESIAN_POINT('Ctrl Pts',(20.0332783741816,-2.80208252074241,0.805199256903414));
#3114=CARTESIAN_POINT('Ctrl Pts',(19.8050125309764,-2.72617121990444,1.03346510010865));
#3115=CARTESIAN_POINT('Ctrl Pts',(19.660424175696,-2.68461003879965,1.13304376779376));
#3116=CARTESIAN_POINT('Ctrl Pts',(19.4208697167977,-2.63942251111679,1.23302698255038));
#3117=CARTESIAN_POINT('Ctrl Pts',(19.3372709951142,-2.62721364260423,1.25843728249468));
#3118=CARTESIAN_POINT('Ctrl Pts',(19.1683250955646,-2.61090657431612,1.29192986619005));
#3119=CARTESIAN_POINT('Ctrl Pts',(19.0829733051404,-2.60683121816507,1.3));
#3120=CARTESIAN_POINT('Ctrl Pts',(18.9170266948596,-2.60683121816507,1.3));
#3121=CARTESIAN_POINT('Ctrl Pts',(18.8316749044354,-2.61090657431612,1.29192986619005));
#3122=CARTESIAN_POINT('Ctrl Pts',(18.6627290048858,-2.62721364260423,1.25843728249468));
#3123=CARTESIAN_POINT('Ctrl Pts',(18.5791302832023,-2.63942251111679,1.23302698255038));
#3124=CARTESIAN_POINT('Ctrl Pts',(18.339575824304,-2.68461003879965,1.13304376779376));
#3125=CARTESIAN_POINT('Ctrl Pts',(18.1949874690236,-2.72617121990444,1.03346510010865));
#3126=CARTESIAN_POINT('Ctrl Pts',(17.9667216258184,-2.80208252074241,0.805199256903415));
#3127=CARTESIAN_POINT('Ctrl Pts',(17.8670032449656,-2.84175619002365,0.660543430860578));
#3128=CARTESIAN_POINT('Ctrl Pts',(17.7669379400791,-2.88359028307998,0.420782365184254));
#3129=CARTESIAN_POINT('Ctrl Pts',(17.7415201372358,-2.89467001992556,0.337114755429213));
#3130=CARTESIAN_POINT('Ctrl Pts',(17.7080458342102,-2.9093794056054,0.168143857553943));
#3131=CARTESIAN_POINT('Ctrl Pts',(17.7,-2.913,0.0828376685188868));
#3132=CARTESIAN_POINT('Ctrl Pts',(17.7,-2.913,6.93889390390723E-16));
#3133=CARTESIAN_POINT('Ctrl Pts',(17.7,-2.913,4.16333634234434E-16));
#3134=CARTESIAN_POINT('Ctrl Pts',(17.7,-2.913,-0.0828376685188854));
#3135=CARTESIAN_POINT('Ctrl Pts',(17.7080458342102,-2.9093794056054,-0.168143857553942));
#3136=CARTESIAN_POINT('Ctrl Pts',(17.7415201372358,-2.89467001992556,-0.337114755429211));
#3137=CARTESIAN_POINT('Ctrl Pts',(17.7669379400791,-2.88359028307998,-0.420782365184252));
#3138=CARTESIAN_POINT('Ctrl Pts',(17.8670032449656,-2.84175619002365,-0.660543430860577));
#3139=CARTESIAN_POINT('Ctrl Pts',(17.9667216258184,-2.80208252074242,-0.805199256903413));
#3140=CARTESIAN_POINT('Ctrl Pts',(18.1949874690236,-2.72617121990444,-1.03346510010865));
#3141=CARTESIAN_POINT('Ctrl Pts',(18.339575824304,-2.68461003879965,-1.13304376779376));
#3142=CARTESIAN_POINT('Ctrl Pts',(18.5791302832023,-2.63942251111679,-1.23302698255038));
#3143=CARTESIAN_POINT('Ctrl Pts',(18.6627290048858,-2.62721364260423,-1.25843728249468));
#3144=CARTESIAN_POINT('Ctrl Pts',(18.8316749044354,-2.61090657431612,-1.29192986619005));
#3145=CARTESIAN_POINT('Ctrl Pts',(18.9170266948596,-2.60683121816507,-1.3));
#3146=CARTESIAN_POINT('Ctrl Pts',(19.,-2.60683121816507,-1.3));
#3147=CARTESIAN_POINT('',(17.7,-3.96,3.25756048573196E-16));
#3148=CARTESIAN_POINT('',(17.7,-3.85,3.12284933782575E-16));
#3149=CARTESIAN_POINT('',(19.,-3.7405347211328,-1.3));
#3150=CARTESIAN_POINT('Ctrl Pts',(19.,-3.7405347211328,-1.3));
#3151=CARTESIAN_POINT('Ctrl Pts',(18.9177030459551,-3.7405347211328,-1.3));
#3152=CARTESIAN_POINT('Ctrl Pts',(18.8328107218738,-3.74332603946264,-1.29205949006367));
#3153=CARTESIAN_POINT('Ctrl Pts',(18.6643551053294,-3.75462316050745,-1.25885363951714));
#3154=CARTESIAN_POINT('Ctrl Pts',(18.5807891831439,-3.7631176530233,-1.23359779347131));
#3155=CARTESIAN_POINT('Ctrl Pts',(18.3408779176164,-3.79485285638826,-1.13382688152151));
#3156=CARTESIAN_POINT('Ctrl Pts',(18.1955240790929,-3.82444258630512,-1.03400171017797));
#3157=CARTESIAN_POINT('Ctrl Pts',(17.9660481944211,-3.87920697109062,-0.804525825506145));
#3158=CARTESIAN_POINT('Ctrl Pts',(17.8661845673608,-3.90808452738277,-0.659152045906567));
#3159=CARTESIAN_POINT('Ctrl Pts',(17.7331280529021,-3.94874052445776,-0.339196643064947));
#3160=CARTESIAN_POINT('Ctrl Pts',(17.7,-3.96,-0.16452233449438));
#3161=CARTESIAN_POINT('Ctrl Pts',(17.7,-3.96,6.10622663543836E-16));
#3162=CARTESIAN_POINT('Ctrl Pts',(17.7,-3.96,6.10622663543836E-16));
#3163=CARTESIAN_POINT('Ctrl Pts',(17.7,-3.96,0.164522334494381));
#3164=CARTESIAN_POINT('Ctrl Pts',(17.7331280529021,-3.94874052445776,0.339196643064947));
#3165=CARTESIAN_POINT('Ctrl Pts',(17.8661845673608,-3.90808452738277,0.659152045906568));
#3166=CARTESIAN_POINT('Ctrl Pts',(17.9660481944211,-3.87920697109062,0.804525825506146));
#3167=CARTESIAN_POINT('Ctrl Pts',(18.1955240790929,-3.82444258630512,1.03400171017797));
#3168=CARTESIAN_POINT('Ctrl Pts',(18.3408779176164,-3.79485285638826,1.13382688152151));
#3169=CARTESIAN_POINT('Ctrl Pts',(18.5807891831439,-3.7631176530233,1.23359779347131));
#3170=CARTESIAN_POINT('Ctrl Pts',(18.6643551053294,-3.75462316050745,1.25885363951714));
#3171=CARTESIAN_POINT('Ctrl Pts',(18.8328107218738,-3.74332603946264,1.29205949006367));
#3172=CARTESIAN_POINT('Ctrl Pts',(18.9177030459551,-3.7405347211328,1.3));
#3173=CARTESIAN_POINT('Ctrl Pts',(19.0822969540449,-3.7405347211328,1.3));
#3174=CARTESIAN_POINT('Ctrl Pts',(19.1671892781262,-3.74332603946264,1.29205949006367));
#3175=CARTESIAN_POINT('Ctrl Pts',(19.3356448946706,-3.75462316050745,1.25885363951714));
#3176=CARTESIAN_POINT('Ctrl Pts',(19.4192108168561,-3.7631176530233,1.23359779347131));
#3177=CARTESIAN_POINT('Ctrl Pts',(19.6591220823836,-3.79485285638826,1.13382688152151));
#3178=CARTESIAN_POINT('Ctrl Pts',(19.8044759209071,-3.82444258630512,1.03400171017797));
#3179=CARTESIAN_POINT('Ctrl Pts',(20.0339518055789,-3.87920697109062,0.804525825506146));
#3180=CARTESIAN_POINT('Ctrl Pts',(20.1338154326392,-3.90808452738277,0.659152045906568));
#3181=CARTESIAN_POINT('Ctrl Pts',(20.2668719470979,-3.94874052445776,0.339196643064947));
#3182=CARTESIAN_POINT('Ctrl Pts',(20.3,-3.96,0.164522334494381));
#3183=CARTESIAN_POINT('Ctrl Pts',(20.3,-3.96,-0.16452233449438));
#3184=CARTESIAN_POINT('Ctrl Pts',(20.2668719470979,-3.94874052445776,-0.339196643064947));
#3185=CARTESIAN_POINT('Ctrl Pts',(20.1338154326392,-3.90808452738277,-0.659152045906567));
#3186=CARTESIAN_POINT('Ctrl Pts',(20.0339518055789,-3.87920697109062,-0.804525825506145));
#3187=CARTESIAN_POINT('Ctrl Pts',(19.8044759209071,-3.82444258630512,-1.03400171017797));
#3188=CARTESIAN_POINT('Ctrl Pts',(19.6591220823836,-3.79485285638826,-1.13382688152151));
#3189=CARTESIAN_POINT('Ctrl Pts',(19.4192108168561,-3.7631176530233,-1.23359779347131));
#3190=CARTESIAN_POINT('Ctrl Pts',(19.3356448946706,-3.75462316050745,-1.25885363951714));
#3191=CARTESIAN_POINT('Ctrl Pts',(19.1671892781262,-3.74332603946264,-1.29205949006367));
#3192=CARTESIAN_POINT('Ctrl Pts',(19.0822969540449,-3.7405347211328,-1.3));
#3193=CARTESIAN_POINT('Ctrl Pts',(19.,-3.7405347211328,-1.3));
#3194=CARTESIAN_POINT('Origin',(19.,2.35744508835866E-16,3.85));
#3195=CARTESIAN_POINT('',(19.,-1.3,2.60683121816507));
#3196=CARTESIAN_POINT('',(20.3,-8.12252916411107E-17,2.913));
#3197=CARTESIAN_POINT('Ctrl Pts',(19.,-1.3,2.60683121816507));
#3198=CARTESIAN_POINT('Ctrl Pts',(19.0829733051404,-1.3,2.60683121816507));
#3199=CARTESIAN_POINT('Ctrl Pts',(19.1683250955646,-1.29192986619005,2.61090657431612));
#3200=CARTESIAN_POINT('Ctrl Pts',(19.3372709951142,-1.25843728249468,2.62721364260423));
#3201=CARTESIAN_POINT('Ctrl Pts',(19.4208697167977,-1.23302698255038,2.63942251111679));
#3202=CARTESIAN_POINT('Ctrl Pts',(19.660424175696,-1.13304376779376,2.68461003879965));
#3203=CARTESIAN_POINT('Ctrl Pts',(19.8050125309764,-1.03346510010865,2.72617121990444));
#3204=CARTESIAN_POINT('Ctrl Pts',(20.0332783741816,-0.805199256903414,2.80208252074241));
#3205=CARTESIAN_POINT('Ctrl Pts',(20.1329967550344,-0.660543430860578,2.84175619002365));
#3206=CARTESIAN_POINT('Ctrl Pts',(20.2330620599209,-0.420782365184254,2.88359028307998));
#3207=CARTESIAN_POINT('Ctrl Pts',(20.2584798627642,-0.337114755429213,2.89467001992556));
#3208=CARTESIAN_POINT('Ctrl Pts',(20.2919541657898,-0.168143857553943,2.9093794056054));
#3209=CARTESIAN_POINT('Ctrl Pts',(20.3,-0.0828376685188858,2.913));
#3210=CARTESIAN_POINT('Ctrl Pts',(20.3,1.38777878078145E-16,2.913));
#3211=CARTESIAN_POINT('',(17.7,1.34482951473658E-16,2.913));
#3212=CARTESIAN_POINT('Ctrl Pts',(17.7,2.4980018054066E-16,2.913));
#3213=CARTESIAN_POINT('Ctrl Pts',(17.7,-0.0828376685188855,2.913));
#3214=CARTESIAN_POINT('Ctrl Pts',(17.7080458342102,-0.168143857553942,2.9093794056054));
#3215=CARTESIAN_POINT('Ctrl Pts',(17.7415201372358,-0.337114755429211,2.89467001992556));
#3216=CARTESIAN_POINT('Ctrl Pts',(17.7669379400791,-0.420782365184252,2.88359028307998));
#3217=CARTESIAN_POINT('Ctrl Pts',(17.8670032449656,-0.660543430860577,2.84175619002365));
#3218=CARTESIAN_POINT('Ctrl Pts',(17.9667216258184,-0.805199256903413,2.80208252074242));
#3219=CARTESIAN_POINT('Ctrl Pts',(18.1949874690236,-1.03346510010865,2.72617121990444));
#3220=CARTESIAN_POINT('Ctrl Pts',(18.339575824304,-1.13304376779376,2.68461003879965));
#3221=CARTESIAN_POINT('Ctrl Pts',(18.5791302832023,-1.23302698255038,2.63942251111679));
#3222=CARTESIAN_POINT('Ctrl Pts',(18.6627290048858,-1.25843728249468,2.62721364260423));
#3223=CARTESIAN_POINT('Ctrl Pts',(18.8316749044354,-1.29192986619005,2.61090657431612));
#3224=CARTESIAN_POINT('Ctrl Pts',(18.9170266948596,-1.3,2.60683121816507));
#3225=CARTESIAN_POINT('Ctrl Pts',(19.,-1.3,2.60683121816507));
#3226=CARTESIAN_POINT('',(17.7,8.327598234202E-17,3.96));
#3227=CARTESIAN_POINT('',(17.7,7.65404249467096E-17,3.85));
#3228=CARTESIAN_POINT('',(19.,-1.3,3.7405347211328));
#3229=CARTESIAN_POINT('Ctrl Pts',(19.,-1.3,3.7405347211328));
#3230=CARTESIAN_POINT('Ctrl Pts',(18.9177030459551,-1.3,3.7405347211328));
#3231=CARTESIAN_POINT('Ctrl Pts',(18.8328107218738,-1.29205949006367,3.74332603946264));
#3232=CARTESIAN_POINT('Ctrl Pts',(18.6643551053294,-1.25885363951714,3.75462316050745));
#3233=CARTESIAN_POINT('Ctrl Pts',(18.5807891831439,-1.23359779347131,3.7631176530233));
#3234=CARTESIAN_POINT('Ctrl Pts',(18.3408779176164,-1.13382688152151,3.79485285638826));
#3235=CARTESIAN_POINT('Ctrl Pts',(18.1955240790929,-1.03400171017797,3.82444258630512));
#3236=CARTESIAN_POINT('Ctrl Pts',(17.9660481944211,-0.804525825506146,3.87920697109062));
#3237=CARTESIAN_POINT('Ctrl Pts',(17.8661845673608,-0.659152045906568,3.90808452738277));
#3238=CARTESIAN_POINT('Ctrl Pts',(17.7331280529021,-0.339196643064947,3.94874052445776));
#3239=CARTESIAN_POINT('Ctrl Pts',(17.7,-0.164522334494381,3.96));
#3240=CARTESIAN_POINT('Ctrl Pts',(17.7,5.55111512312578E-17,3.96));
#3241=CARTESIAN_POINT('',(20.3,9.0586841156371E-17,3.96));
#3242=CARTESIAN_POINT('Ctrl Pts',(20.3,6.66133814775094E-16,3.96));
#3243=CARTESIAN_POINT('Ctrl Pts',(20.3,-0.16452233449438,3.96));
#3244=CARTESIAN_POINT('Ctrl Pts',(20.2668719470979,-0.339196643064947,3.94874052445776));
#3245=CARTESIAN_POINT('Ctrl Pts',(20.1338154326392,-0.659152045906567,3.90808452738277));
#3246=CARTESIAN_POINT('Ctrl Pts',(20.0339518055789,-0.804525825506145,3.87920697109062));
#3247=CARTESIAN_POINT('Ctrl Pts',(19.8044759209071,-1.03400171017797,3.82444258630512));
#3248=CARTESIAN_POINT('Ctrl Pts',(19.6591220823836,-1.13382688152151,3.79485285638826));
#3249=CARTESIAN_POINT('Ctrl Pts',(19.4192108168561,-1.23359779347131,3.7631176530233));
#3250=CARTESIAN_POINT('Ctrl Pts',(19.3356448946706,-1.25885363951714,3.75462316050745));
#3251=CARTESIAN_POINT('Ctrl Pts',(19.1671892781262,-1.29205949006367,3.74332603946264));
#3252=CARTESIAN_POINT('Ctrl Pts',(19.0822969540449,-1.3,3.7405347211328));
#3253=CARTESIAN_POINT('Ctrl Pts',(19.,-1.3,3.7405347211328));
#3254=CARTESIAN_POINT('Ctrl Pts',(17.7,1.66533453693773E-16,3.96));
#3255=CARTESIAN_POINT('Ctrl Pts',(17.7,0.164522334494381,3.96));
#3256=CARTESIAN_POINT('Ctrl Pts',(17.7331280529021,0.339196643064947,3.94874052445776));
#3257=CARTESIAN_POINT('Ctrl Pts',(17.8661845673608,0.659152045906567,3.90808452738277));
#3258=CARTESIAN_POINT('Ctrl Pts',(17.9660481944211,0.804525825506145,3.87920697109062));
#3259=CARTESIAN_POINT('Ctrl Pts',(18.1955240790929,1.03400171017797,3.82444258630512));
#3260=CARTESIAN_POINT('Ctrl Pts',(18.3408779176164,1.13382688152151,3.79485285638826));
#3261=CARTESIAN_POINT('Ctrl Pts',(18.5807891831439,1.23359779347131,3.7631176530233));
#3262=CARTESIAN_POINT('Ctrl Pts',(18.6643551053294,1.25885363951714,3.75462316050745));
#3263=CARTESIAN_POINT('Ctrl Pts',(18.8328107218738,1.29205949006367,3.74332603946264));
#3264=CARTESIAN_POINT('Ctrl Pts',(18.9177030459551,1.3,3.7405347211328));
#3265=CARTESIAN_POINT('Ctrl Pts',(19.0822969540449,1.3,3.7405347211328));
#3266=CARTESIAN_POINT('Ctrl Pts',(19.1671892781262,1.29205949006367,3.74332603946264));
#3267=CARTESIAN_POINT('Ctrl Pts',(19.3356448946706,1.25885363951714,3.75462316050745));
#3268=CARTESIAN_POINT('Ctrl Pts',(19.4192108168561,1.23359779347131,3.7631176530233));
#3269=CARTESIAN_POINT('Ctrl Pts',(19.6591220823836,1.13382688152151,3.79485285638826));
#3270=CARTESIAN_POINT('Ctrl Pts',(19.8044759209071,1.03400171017797,3.82444258630512));
#3271=CARTESIAN_POINT('Ctrl Pts',(20.0339518055789,0.804525825506145,3.87920697109062));
#3272=CARTESIAN_POINT('Ctrl Pts',(20.1338154326392,0.659152045906568,3.90808452738277));
#3273=CARTESIAN_POINT('Ctrl Pts',(20.2668719470979,0.339196643064948,3.94874052445776));
#3274=CARTESIAN_POINT('Ctrl Pts',(20.3,0.164522334494381,3.96));
#3275=CARTESIAN_POINT('Ctrl Pts',(20.3,5.55111512312578E-16,3.96));
#3276=CARTESIAN_POINT('Ctrl Pts',(20.3,1.94289029309402E-16,2.913));
#3277=CARTESIAN_POINT('Ctrl Pts',(20.3,0.0828376685188861,2.913));
#3278=CARTESIAN_POINT('Ctrl Pts',(20.2919541657898,0.168143857553943,2.9093794056054));
#3279=CARTESIAN_POINT('Ctrl Pts',(20.2584798627642,0.337114755429212,2.89467001992556));
#3280=CARTESIAN_POINT('Ctrl Pts',(20.2330620599209,0.420782365184253,2.88359028307998));
#3281=CARTESIAN_POINT('Ctrl Pts',(20.1329967550344,0.660543430860578,2.84175619002365));
#3282=CARTESIAN_POINT('Ctrl Pts',(20.0332783741816,0.805199256903414,2.80208252074241));
#3283=CARTESIAN_POINT('Ctrl Pts',(19.8050125309764,1.03346510010865,2.72617121990444));
#3284=CARTESIAN_POINT('Ctrl Pts',(19.660424175696,1.13304376779376,2.68461003879965));
#3285=CARTESIAN_POINT('Ctrl Pts',(19.4208697167977,1.23302698255038,2.63942251111679));
#3286=CARTESIAN_POINT('Ctrl Pts',(19.3372709951142,1.25843728249468,2.62721364260423));
#3287=CARTESIAN_POINT('Ctrl Pts',(19.1683250955646,1.29192986619005,2.61090657431612));
#3288=CARTESIAN_POINT('Ctrl Pts',(19.0829733051404,1.3,2.60683121816507));
#3289=CARTESIAN_POINT('Ctrl Pts',(18.9170266948596,1.3,2.60683121816507));
#3290=CARTESIAN_POINT('Ctrl Pts',(18.8316749044354,1.29192986619005,2.61090657431612));
#3291=CARTESIAN_POINT('Ctrl Pts',(18.6627290048858,1.25843728249468,2.62721364260423));
#3292=CARTESIAN_POINT('Ctrl Pts',(18.5791302832023,1.23302698255038,2.63942251111679));
#3293=CARTESIAN_POINT('Ctrl Pts',(18.339575824304,1.13304376779376,2.68461003879965));
#3294=CARTESIAN_POINT('Ctrl Pts',(18.1949874690236,1.03346510010865,2.72617121990444));
#3295=CARTESIAN_POINT('Ctrl Pts',(17.9667216258184,0.805199256903415,2.80208252074241));
#3296=CARTESIAN_POINT('Ctrl Pts',(17.8670032449656,0.660543430860578,2.84175619002365));
#3297=CARTESIAN_POINT('Ctrl Pts',(17.7669379400791,0.420782365184253,2.88359028307998));
#3298=CARTESIAN_POINT('Ctrl Pts',(17.7415201372358,0.337114755429213,2.89467001992556));
#3299=CARTESIAN_POINT('Ctrl Pts',(17.7080458342102,0.168143857553943,2.9093794056054));
#3300=CARTESIAN_POINT('Ctrl Pts',(17.7,0.0828376685188866,2.913));
#3301=CARTESIAN_POINT('Ctrl Pts',(17.7,4.9960036108132E-16,2.913));
#3302=CARTESIAN_POINT('Origin',(19.,3.85,0.));
#3303=CARTESIAN_POINT('',(19.,2.60683121816507,1.3));
#3304=CARTESIAN_POINT('',(17.7,2.913,5.18464663289491E-17));
#3305=CARTESIAN_POINT('Ctrl Pts',(19.,2.60683121816507,1.3));
#3306=CARTESIAN_POINT('Ctrl Pts',(19.0829733051404,2.60683121816507,1.3));
#3307=CARTESIAN_POINT('Ctrl Pts',(19.1683250955646,2.61090657431612,1.29192986619005));
#3308=CARTESIAN_POINT('Ctrl Pts',(19.3372709951142,2.62721364260423,1.25843728249468));
#3309=CARTESIAN_POINT('Ctrl Pts',(19.4208697167977,2.63942251111679,1.23302698255038));
#3310=CARTESIAN_POINT('Ctrl Pts',(19.660424175696,2.68461003879965,1.13304376779376));
#3311=CARTESIAN_POINT('Ctrl Pts',(19.8050125309764,2.72617121990444,1.03346510010865));
#3312=CARTESIAN_POINT('Ctrl Pts',(20.0332783741816,2.80208252074241,0.805199256903414));
#3313=CARTESIAN_POINT('Ctrl Pts',(20.1329967550344,2.84175619002365,0.660543430860578));
#3314=CARTESIAN_POINT('Ctrl Pts',(20.2330620599209,2.88359028307998,0.420782365184254));
#3315=CARTESIAN_POINT('Ctrl Pts',(20.2584798627642,2.89467001992556,0.337114755429213));
#3316=CARTESIAN_POINT('Ctrl Pts',(20.2919541657898,2.9093794056054,0.168143857553943));
#3317=CARTESIAN_POINT('Ctrl Pts',(20.3,2.913,0.0828376685188859));
#3318=CARTESIAN_POINT('Ctrl Pts',(20.3,2.913,-0.0828376685188859));
#3319=CARTESIAN_POINT('Ctrl Pts',(20.2919541657898,2.9093794056054,-0.168143857553942));
#3320=CARTESIAN_POINT('Ctrl Pts',(20.2584798627642,2.89467001992556,-0.337114755429212));
#3321=CARTESIAN_POINT('Ctrl Pts',(20.2330620599209,2.88359028307998,-0.420782365184253));
#3322=CARTESIAN_POINT('Ctrl Pts',(20.1329967550344,2.84175619002365,-0.660543430860577));
#3323=CARTESIAN_POINT('Ctrl Pts',(20.0332783741816,2.80208252074241,-0.805199256903414));
#3324=CARTESIAN_POINT('Ctrl Pts',(19.8050125309764,2.72617121990444,-1.03346510010865));
#3325=CARTESIAN_POINT('Ctrl Pts',(19.660424175696,2.68461003879965,-1.13304376779376));
#3326=CARTESIAN_POINT('Ctrl Pts',(19.4208697167977,2.63942251111679,-1.23302698255038));
#3327=CARTESIAN_POINT('Ctrl Pts',(19.3372709951142,2.62721364260423,-1.25843728249468));
#3328=CARTESIAN_POINT('Ctrl Pts',(19.1683250955646,2.61090657431612,-1.29192986619005));
#3329=CARTESIAN_POINT('Ctrl Pts',(19.0829733051404,2.60683121816507,-1.3));
#3330=CARTESIAN_POINT('Ctrl Pts',(18.9170266948596,2.60683121816507,-1.3));
#3331=CARTESIAN_POINT('Ctrl Pts',(18.8316749044354,2.61090657431612,-1.29192986619005));
#3332=CARTESIAN_POINT('Ctrl Pts',(18.6627290048858,2.62721364260423,-1.25843728249468));
#3333=CARTESIAN_POINT('Ctrl Pts',(18.5791302832023,2.63942251111679,-1.23302698255038));
#3334=CARTESIAN_POINT('Ctrl Pts',(18.339575824304,2.68461003879965,-1.13304376779376));
#3335=CARTESIAN_POINT('Ctrl Pts',(18.1949874690236,2.72617121990444,-1.03346510010865));
#3336=CARTESIAN_POINT('Ctrl Pts',(17.9667216258184,2.80208252074241,-0.805199256903414));
#3337=CARTESIAN_POINT('Ctrl Pts',(17.8670032449656,2.84175619002365,-0.660543430860577));
#3338=CARTESIAN_POINT('Ctrl Pts',(17.7669379400791,2.88359028307998,-0.420782365184253));
#3339=CARTESIAN_POINT('Ctrl Pts',(17.7415201372358,2.89467001992556,-0.337114755429212));
#3340=CARTESIAN_POINT('Ctrl Pts',(17.7080458342102,2.9093794056054,-0.168143857553943));
#3341=CARTESIAN_POINT('Ctrl Pts',(17.7,2.913,-0.0828376685188864));
#3342=CARTESIAN_POINT('Ctrl Pts',(17.7,2.913,-3.33066907387547E-16));
#3343=CARTESIAN_POINT('Ctrl Pts',(17.7,2.913,-5.55111512312578E-17));
#3344=CARTESIAN_POINT('Ctrl Pts',(17.7,2.913,0.0828376685188857));
#3345=CARTESIAN_POINT('Ctrl Pts',(17.7080458342102,2.9093794056054,0.168143857553942));
#3346=CARTESIAN_POINT('Ctrl Pts',(17.7415201372358,2.89467001992556,0.337114755429212));
#3347=CARTESIAN_POINT('Ctrl Pts',(17.7669379400791,2.88359028307998,0.420782365184252));
#3348=CARTESIAN_POINT('Ctrl Pts',(17.8670032449656,2.84175619002365,0.660543430860577));
#3349=CARTESIAN_POINT('Ctrl Pts',(17.9667216258184,2.80208252074242,0.805199256903414));
#3350=CARTESIAN_POINT('Ctrl Pts',(18.1949874690236,2.72617121990444,1.03346510010865));
#3351=CARTESIAN_POINT('Ctrl Pts',(18.339575824304,2.68461003879965,1.13304376779376));
#3352=CARTESIAN_POINT('Ctrl Pts',(18.5791302832023,2.63942251111679,1.23302698255038));
#3353=CARTESIAN_POINT('Ctrl Pts',(18.6627290048858,2.62721364260423,1.25843728249468));
#3354=CARTESIAN_POINT('Ctrl Pts',(18.8316749044354,2.61090657431612,1.29192986619005));
#3355=CARTESIAN_POINT('Ctrl Pts',(18.9170266948596,2.60683121816507,1.3));
#3356=CARTESIAN_POINT('Ctrl Pts',(19.,2.60683121816507,1.3));
#3357=CARTESIAN_POINT('',(17.7,3.96,1.59204083889156E-16));
#3358=CARTESIAN_POINT('',(17.7,3.85,1.59204083889156E-16));
#3359=CARTESIAN_POINT('',(19.,3.7405347211328,1.3));
#3360=CARTESIAN_POINT('Ctrl Pts',(19.,3.7405347211328,1.3));
#3361=CARTESIAN_POINT('Ctrl Pts',(18.9177030459551,3.7405347211328,1.3));
#3362=CARTESIAN_POINT('Ctrl Pts',(18.8328107218738,3.74332603946264,1.29205949006367));
#3363=CARTESIAN_POINT('Ctrl Pts',(18.6643551053294,3.75462316050745,1.25885363951714));
#3364=CARTESIAN_POINT('Ctrl Pts',(18.5807891831439,3.7631176530233,1.23359779347131));
#3365=CARTESIAN_POINT('Ctrl Pts',(18.3408779176164,3.79485285638826,1.13382688152151));
#3366=CARTESIAN_POINT('Ctrl Pts',(18.1955240790929,3.82444258630512,1.03400171017797));
#3367=CARTESIAN_POINT('Ctrl Pts',(17.9660481944211,3.87920697109062,0.804525825506146));
#3368=CARTESIAN_POINT('Ctrl Pts',(17.8661845673608,3.90808452738277,0.659152045906568));
#3369=CARTESIAN_POINT('Ctrl Pts',(17.7331280529021,3.94874052445776,0.339196643064948));
#3370=CARTESIAN_POINT('Ctrl Pts',(17.7,3.96,0.164522334494381));
#3371=CARTESIAN_POINT('Ctrl Pts',(17.7,3.96,1.11022302462516E-16));
#3372=CARTESIAN_POINT('Ctrl Pts',(17.7,3.96,5.55111512312578E-17));
#3373=CARTESIAN_POINT('Ctrl Pts',(17.7,3.96,-0.164522334494381));
#3374=CARTESIAN_POINT('Ctrl Pts',(17.7331280529021,3.94874052445776,-0.339196643064947));
#3375=CARTESIAN_POINT('Ctrl Pts',(17.8661845673608,3.90808452738277,-0.659152045906567));
#3376=CARTESIAN_POINT('Ctrl Pts',(17.9660481944211,3.87920697109062,-0.804525825506145));
#3377=CARTESIAN_POINT('Ctrl Pts',(18.1955240790929,3.82444258630512,-1.03400171017797));
#3378=CARTESIAN_POINT('Ctrl Pts',(18.3408779176164,3.79485285638826,-1.13382688152151));
#3379=CARTESIAN_POINT('Ctrl Pts',(18.5807891831439,3.7631176530233,-1.23359779347131));
#3380=CARTESIAN_POINT('Ctrl Pts',(18.6643551053294,3.75462316050745,-1.25885363951714));
#3381=CARTESIAN_POINT('Ctrl Pts',(18.8328107218738,3.74332603946264,-1.29205949006367));
#3382=CARTESIAN_POINT('Ctrl Pts',(18.9177030459551,3.7405347211328,-1.3));
#3383=CARTESIAN_POINT('Ctrl Pts',(19.0822969540449,3.7405347211328,-1.3));
#3384=CARTESIAN_POINT('Ctrl Pts',(19.1671892781262,3.74332603946264,-1.29205949006367));
#3385=CARTESIAN_POINT('Ctrl Pts',(19.3356448946706,3.75462316050745,-1.25885363951714));
#3386=CARTESIAN_POINT('Ctrl Pts',(19.4192108168561,3.7631176530233,-1.23359779347131));
#3387=CARTESIAN_POINT('Ctrl Pts',(19.6591220823836,3.79485285638826,-1.13382688152151));
#3388=CARTESIAN_POINT('Ctrl Pts',(19.8044759209071,3.82444258630512,-1.03400171017797));
#3389=CARTESIAN_POINT('Ctrl Pts',(20.0339518055789,3.87920697109062,-0.804525825506145));
#3390=CARTESIAN_POINT('Ctrl Pts',(20.1338154326392,3.90808452738277,-0.659152045906567));
#3391=CARTESIAN_POINT('Ctrl Pts',(20.2668719470979,3.94874052445776,-0.339196643064947));
#3392=CARTESIAN_POINT('Ctrl Pts',(20.3,3.96,-0.164522334494381));
#3393=CARTESIAN_POINT('Ctrl Pts',(20.3,3.96,0.16452233449438));
#3394=CARTESIAN_POINT('Ctrl Pts',(20.2668719470979,3.94874052445776,0.339196643064947));
#3395=CARTESIAN_POINT('Ctrl Pts',(20.1338154326392,3.90808452738277,0.659152045906567));
#3396=CARTESIAN_POINT('Ctrl Pts',(20.0339518055789,3.87920697109062,0.804525825506145));
#3397=CARTESIAN_POINT('Ctrl Pts',(19.8044759209071,3.82444258630512,1.03400171017797));
#3398=CARTESIAN_POINT('Ctrl Pts',(19.6591220823836,3.79485285638826,1.13382688152151));
#3399=CARTESIAN_POINT('Ctrl Pts',(19.4192108168561,3.7631176530233,1.23359779347131));
#3400=CARTESIAN_POINT('Ctrl Pts',(19.3356448946706,3.75462316050745,1.25885363951714));
#3401=CARTESIAN_POINT('Ctrl Pts',(19.1671892781262,3.74332603946264,1.29205949006367));
#3402=CARTESIAN_POINT('Ctrl Pts',(19.0822969540449,3.7405347211328,1.3));
#3403=CARTESIAN_POINT('Ctrl Pts',(19.,3.7405347211328,1.3));
#3404=CARTESIAN_POINT('Origin',(16.45,2.72236110756821,-2.72236110756821));
#3405=CARTESIAN_POINT('',(16.45,2.76254684731582,-0.9240692162308));
#3406=CARTESIAN_POINT('',(15.15,2.05980205359641,-2.05980205359641));
#3407=CARTESIAN_POINT('Ctrl Pts',(16.45,2.76254684731582,-0.9240692162308));
#3408=CARTESIAN_POINT('Ctrl Pts',(16.5329733051404,2.76254684731582,-0.9240692162308));
#3409=CARTESIAN_POINT('Ctrl Pts',(16.6183250955646,2.75972211294388,-0.932657374543057));
#3410=CARTESIAN_POINT('Ctrl Pts',(16.7872709951142,2.74757011846122,-0.967871046161302));
#3411=CARTESIAN_POINT('Ctrl Pts',(16.8708697167977,2.73823529677446,-0.99447181527975));
#3412=CARTESIAN_POINT('Ctrl Pts',(17.110424175696,2.69948889486483,-1.09712303168859));
#3413=CARTESIAN_POINT('Ctrl Pts',(17.2550125309764,2.6584643366765,-1.19692397586357));
#3414=CARTESIAN_POINT('Ctrl Pts',(17.4832783741816,2.55073340662403,-1.41200969709848));
#3415=CARTESIAN_POINT('Ctrl Pts',(17.5829967550344,2.47649981167431,-1.54235033321483));
#3416=CARTESIAN_POINT('Ctrl Pts',(17.6830620599209,2.33654430715499,-1.74146817950399));
#3417=CARTESIAN_POINT('Ctrl Pts',(17.7084798627642,2.2852169299888,-1.80846467078472));
#3418=CARTESIAN_POINT('Ctrl Pts',(17.7419541657898,2.17613756863932,-1.93834624485681));
#3419=CARTESIAN_POINT('Ctrl Pts',(17.75,2.1183771307438,-2.00122697644903));
#3420=CARTESIAN_POINT('Ctrl Pts',(17.75,2.00122697644902,-2.1183771307438));
#3421=CARTESIAN_POINT('Ctrl Pts',(17.7419541657898,1.93834624485681,-2.17613756863933));
#3422=CARTESIAN_POINT('Ctrl Pts',(17.7084798627642,1.80846467078472,-2.2852169299888));
#3423=CARTESIAN_POINT('Ctrl Pts',(17.6830620599209,1.74146817950399,-2.33654430715499));
#3424=CARTESIAN_POINT('Ctrl Pts',(17.5829967550344,1.54235033321482,-2.47649981167431));
#3425=CARTESIAN_POINT('Ctrl Pts',(17.4832783741816,1.41200969709848,-2.55073340662403));
#3426=CARTESIAN_POINT('Ctrl Pts',(17.2550125309764,1.19692397586357,-2.6584643366765));
#3427=CARTESIAN_POINT('Ctrl Pts',(17.110424175696,1.09712303168859,-2.69948889486483));
#3428=CARTESIAN_POINT('Ctrl Pts',(16.8708697167977,0.994471815279748,-2.73823529677446));
#3429=CARTESIAN_POINT('Ctrl Pts',(16.7872709951142,0.9678710461613,-2.74757011846122));
#3430=CARTESIAN_POINT('Ctrl Pts',(16.6183250955646,0.932657374543056,-2.75972211294388));
#3431=CARTESIAN_POINT('Ctrl Pts',(16.5329733051404,0.924069216230799,-2.76254684731582));
#3432=CARTESIAN_POINT('Ctrl Pts',(16.3670266948596,0.924069216230799,-2.76254684731582));
#3433=CARTESIAN_POINT('Ctrl Pts',(16.2816749044354,0.932657374543055,-2.75972211294388));
#3434=CARTESIAN_POINT('Ctrl Pts',(16.1127290048858,0.9678710461613,-2.74757011846122));
#3435=CARTESIAN_POINT('Ctrl Pts',(16.0291302832023,0.994471815279749,-2.73823529677446));
#3436=CARTESIAN_POINT('Ctrl Pts',(15.789575824304,1.09712303168859,-2.69948889486483));
#3437=CARTESIAN_POINT('Ctrl Pts',(15.6449874690236,1.19692397586357,-2.6584643366765));
#3438=CARTESIAN_POINT('Ctrl Pts',(15.4167216258184,1.41200969709848,-2.55073340662403));
#3439=CARTESIAN_POINT('Ctrl Pts',(15.3170032449656,1.54235033321483,-2.47649981167431));
#3440=CARTESIAN_POINT('Ctrl Pts',(15.2169379400791,1.74146817950399,-2.33654430715499));
#3441=CARTESIAN_POINT('Ctrl Pts',(15.1915201372358,1.80846467078472,-2.2852169299888));
#3442=CARTESIAN_POINT('Ctrl Pts',(15.1580458342102,1.93834624485681,-2.17613756863932));
#3443=CARTESIAN_POINT('Ctrl Pts',(15.15,2.00122697644902,-2.1183771307438));
#3444=CARTESIAN_POINT('Ctrl Pts',(15.15,2.05980205359641,-2.05980205359641));
#3445=CARTESIAN_POINT('Ctrl Pts',(15.15,2.05980205359641,-2.05980205359641));
#3446=CARTESIAN_POINT('Ctrl Pts',(15.15,2.1183771307438,-2.00122697644903));
#3447=CARTESIAN_POINT('Ctrl Pts',(15.1580458342102,2.17613756863932,-1.93834624485681));
#3448=CARTESIAN_POINT('Ctrl Pts',(15.1915201372358,2.2852169299888,-1.80846467078472));
#3449=CARTESIAN_POINT('Ctrl Pts',(15.2169379400791,2.33654430715499,-1.74146817950399));
#3450=CARTESIAN_POINT('Ctrl Pts',(15.3170032449656,2.47649981167431,-1.54235033321483));
#3451=CARTESIAN_POINT('Ctrl Pts',(15.4167216258184,2.55073340662403,-1.41200969709848));
#3452=CARTESIAN_POINT('Ctrl Pts',(15.6449874690236,2.6584643366765,-1.19692397586357));
#3453=CARTESIAN_POINT('Ctrl Pts',(15.789575824304,2.69948889486483,-1.09712303168859));
#3454=CARTESIAN_POINT('Ctrl Pts',(16.0291302832023,2.73823529677446,-0.99447181527975));
#3455=CARTESIAN_POINT('Ctrl Pts',(16.1127290048858,2.74757011846122,-0.967871046161304));
#3456=CARTESIAN_POINT('Ctrl Pts',(16.2816749044354,2.75972211294388,-0.932657374543057));
#3457=CARTESIAN_POINT('Ctrl Pts',(16.3670266948596,2.76254684731582,-0.9240692162308));
#3458=CARTESIAN_POINT('Ctrl Pts',(16.45,2.76254684731582,-0.9240692162308));
#3459=CARTESIAN_POINT('',(15.15,2.80014285349873,-2.80014285349873));
#3460=CARTESIAN_POINT('',(15.15,2.72236110756821,-2.72236110756821));
#3461=CARTESIAN_POINT('',(16.45,3.56419628211924,-1.72571865103422));
#3462=CARTESIAN_POINT('Ctrl Pts',(16.45,3.56419628211924,-1.72571865103422));
#3463=CARTESIAN_POINT('Ctrl Pts',(16.3677030459551,3.56419628211924,-1.72571865103422));
#3464=CARTESIAN_POINT('Ctrl Pts',(16.2828107218738,3.56055525381667,-1.73330719957576));
#3465=CARTESIAN_POINT('Ctrl Pts',(16.1143551053294,3.54506344261882,-1.76477555257096));
#3466=CARTESIAN_POINT('Ctrl Pts',(16.0307891831439,3.53321137587591,-1.78864064583525));
#3467=CARTESIAN_POINT('Ctrl Pts',(15.7908779176164,3.48510286497274,-1.88162951174182));
#3468=CARTESIAN_POINT('Ctrl Pts',(15.6455240790929,3.4354389080603,-1.97313966600964));
#3469=CARTESIAN_POINT('Ctrl Pts',(15.4160481944211,3.3118992217394,-2.1741278880292));
#3470=CARTESIAN_POINT('Ctrl Pts',(15.3161845673608,3.2295239522561,-2.29734218926906));
#3471=CARTESIAN_POINT('Ctrl Pts',(15.1831280529021,3.03202944845714,-2.55233295552327));
#3472=CARTESIAN_POINT('Ctrl Pts',(15.15,2.91647771187635,-2.68380799512111));
#3473=CARTESIAN_POINT('Ctrl Pts',(15.15,2.80014285349873,-2.80014285349873));
#3474=CARTESIAN_POINT('Ctrl Pts',(15.15,2.80014285349873,-2.80014285349873));
#3475=CARTESIAN_POINT('Ctrl Pts',(15.15,2.68380799512111,-2.91647771187635));
#3476=CARTESIAN_POINT('Ctrl Pts',(15.1831280529021,2.55233295552327,-3.03202944845714));
#3477=CARTESIAN_POINT('Ctrl Pts',(15.3161845673608,2.29734218926906,-3.2295239522561));
#3478=CARTESIAN_POINT('Ctrl Pts',(15.4160481944211,2.1741278880292,-3.31189922173941));
#3479=CARTESIAN_POINT('Ctrl Pts',(15.6455240790929,1.97313966600964,-3.4354389080603));
#3480=CARTESIAN_POINT('Ctrl Pts',(15.7908779176164,1.88162951174182,-3.48510286497274));
#3481=CARTESIAN_POINT('Ctrl Pts',(16.0307891831439,1.78864064583525,-3.53321137587591));
#3482=CARTESIAN_POINT('Ctrl Pts',(16.1143551053294,1.76477555257095,-3.54506344261882));
#3483=CARTESIAN_POINT('Ctrl Pts',(16.2828107218738,1.73330719957576,-3.56055525381667));
#3484=CARTESIAN_POINT('Ctrl Pts',(16.3677030459551,1.72571865103422,-3.56419628211924));
#3485=CARTESIAN_POINT('Ctrl Pts',(16.5322969540449,1.72571865103422,-3.56419628211924));
#3486=CARTESIAN_POINT('Ctrl Pts',(16.6171892781262,1.73330719957576,-3.56055525381667));
#3487=CARTESIAN_POINT('Ctrl Pts',(16.7856448946706,1.76477555257095,-3.54506344261882));
#3488=CARTESIAN_POINT('Ctrl Pts',(16.8692108168561,1.78864064583525,-3.53321137587591));
#3489=CARTESIAN_POINT('Ctrl Pts',(17.1091220823835,1.88162951174182,-3.48510286497274));
#3490=CARTESIAN_POINT('Ctrl Pts',(17.2544759209071,1.97313966600964,-3.4354389080603));
#3491=CARTESIAN_POINT('Ctrl Pts',(17.4839518055789,2.1741278880292,-3.31189922173941));
#3492=CARTESIAN_POINT('Ctrl Pts',(17.5838154326392,2.29734218926906,-3.2295239522561));
#3493=CARTESIAN_POINT('Ctrl Pts',(17.7168719470979,2.55233295552327,-3.03202944845714));
#3494=CARTESIAN_POINT('Ctrl Pts',(17.75,2.68380799512111,-2.91647771187635));
#3495=CARTESIAN_POINT('Ctrl Pts',(17.75,2.91647771187634,-2.68380799512111));
#3496=CARTESIAN_POINT('Ctrl Pts',(17.7168719470979,3.03202944845714,-2.55233295552327));
#3497=CARTESIAN_POINT('Ctrl Pts',(17.5838154326392,3.2295239522561,-2.29734218926906));
#3498=CARTESIAN_POINT('Ctrl Pts',(17.4839518055789,3.3118992217394,-2.1741278880292));
#3499=CARTESIAN_POINT('Ctrl Pts',(17.2544759209071,3.4354389080603,-1.97313966600964));
#3500=CARTESIAN_POINT('Ctrl Pts',(17.1091220823835,3.48510286497274,-1.88162951174182));
#3501=CARTESIAN_POINT('Ctrl Pts',(16.8692108168561,3.53321137587591,-1.78864064583525));
#3502=CARTESIAN_POINT('Ctrl Pts',(16.7856448946706,3.54506344261882,-1.76477555257096));
#3503=CARTESIAN_POINT('Ctrl Pts',(16.6171892781262,3.56055525381667,-1.73330719957576));
#3504=CARTESIAN_POINT('Ctrl Pts',(16.5322969540449,3.56419628211924,-1.72571865103422));
#3505=CARTESIAN_POINT('Ctrl Pts',(16.45,3.56419628211924,-1.72571865103422));
#3506=CARTESIAN_POINT('Origin',(16.45,-2.72236110756821,-2.72236110756821));
#3507=CARTESIAN_POINT('',(16.45,-0.9240692162308,-2.76254684731582));
#3508=CARTESIAN_POINT('',(15.15,-2.05980205359641,-2.05980205359641));
#3509=CARTESIAN_POINT('Ctrl Pts',(16.45,-0.9240692162308,-2.76254684731582));
#3510=CARTESIAN_POINT('Ctrl Pts',(16.5329733051404,-0.9240692162308,-2.76254684731582));
#3511=CARTESIAN_POINT('Ctrl Pts',(16.6183250955646,-0.932657374543057,-2.75972211294388));
#3512=CARTESIAN_POINT('Ctrl Pts',(16.7872709951142,-0.967871046161302,-2.74757011846122));
#3513=CARTESIAN_POINT('Ctrl Pts',(16.8708697167977,-0.994471815279749,-2.73823529677446));
#3514=CARTESIAN_POINT('Ctrl Pts',(17.110424175696,-1.09712303168859,-2.69948889486483));
#3515=CARTESIAN_POINT('Ctrl Pts',(17.2550125309764,-1.19692397586357,-2.6584643366765));
#3516=CARTESIAN_POINT('Ctrl Pts',(17.4832783741816,-1.41200969709848,-2.55073340662403));
#3517=CARTESIAN_POINT('Ctrl Pts',(17.5829967550344,-1.54235033321483,-2.47649981167431));
#3518=CARTESIAN_POINT('Ctrl Pts',(17.6830620599209,-1.74146817950399,-2.33654430715499));
#3519=CARTESIAN_POINT('Ctrl Pts',(17.7084798627642,-1.80846467078472,-2.2852169299888));
#3520=CARTESIAN_POINT('Ctrl Pts',(17.7419541657898,-1.93834624485681,-2.17613756863932));
#3521=CARTESIAN_POINT('Ctrl Pts',(17.75,-2.00122697644903,-2.1183771307438));
#3522=CARTESIAN_POINT('Ctrl Pts',(17.75,-2.1183771307438,-2.00122697644903));
#3523=CARTESIAN_POINT('Ctrl Pts',(17.7419541657898,-2.17613756863932,-1.93834624485681));
#3524=CARTESIAN_POINT('Ctrl Pts',(17.7084798627642,-2.2852169299888,-1.80846467078472));
#3525=CARTESIAN_POINT('Ctrl Pts',(17.6830620599209,-2.33654430715499,-1.74146817950399));
#3526=CARTESIAN_POINT('Ctrl Pts',(17.5829967550344,-2.47649981167431,-1.54235033321482));
#3527=CARTESIAN_POINT('Ctrl Pts',(17.4832783741816,-2.55073340662403,-1.41200969709848));
#3528=CARTESIAN_POINT('Ctrl Pts',(17.2550125309764,-2.6584643366765,-1.19692397586357));
#3529=CARTESIAN_POINT('Ctrl Pts',(17.110424175696,-2.69948889486483,-1.09712303168859));
#3530=CARTESIAN_POINT('Ctrl Pts',(16.8708697167977,-2.73823529677446,-0.994471815279749));
#3531=CARTESIAN_POINT('Ctrl Pts',(16.7872709951142,-2.74757011846122,-0.9678710461613));
#3532=CARTESIAN_POINT('Ctrl Pts',(16.6183250955646,-2.75972211294388,-0.932657374543056));
#3533=CARTESIAN_POINT('Ctrl Pts',(16.5329733051404,-2.76254684731582,-0.924069216230799));
#3534=CARTESIAN_POINT('Ctrl Pts',(16.3670266948596,-2.76254684731582,-0.924069216230799));
#3535=CARTESIAN_POINT('Ctrl Pts',(16.2816749044354,-2.75972211294388,-0.932657374543056));
#3536=CARTESIAN_POINT('Ctrl Pts',(16.1127290048858,-2.74757011846122,-0.967871046161301));
#3537=CARTESIAN_POINT('Ctrl Pts',(16.0291302832023,-2.73823529677446,-0.994471815279749));
#3538=CARTESIAN_POINT('Ctrl Pts',(15.789575824304,-2.69948889486483,-1.09712303168859));
#3539=CARTESIAN_POINT('Ctrl Pts',(15.6449874690236,-2.6584643366765,-1.19692397586357));
#3540=CARTESIAN_POINT('Ctrl Pts',(15.4167216258184,-2.55073340662403,-1.41200969709848));
#3541=CARTESIAN_POINT('Ctrl Pts',(15.3170032449656,-2.47649981167431,-1.54235033321483));
#3542=CARTESIAN_POINT('Ctrl Pts',(15.2169379400791,-2.33654430715499,-1.74146817950399));
#3543=CARTESIAN_POINT('Ctrl Pts',(15.1915201372358,-2.2852169299888,-1.80846467078472));
#3544=CARTESIAN_POINT('Ctrl Pts',(15.1580458342102,-2.17613756863933,-1.93834624485681));
#3545=CARTESIAN_POINT('Ctrl Pts',(15.15,-2.1183771307438,-2.00122697644902));
#3546=CARTESIAN_POINT('Ctrl Pts',(15.15,-2.05980205359641,-2.05980205359641));
#3547=CARTESIAN_POINT('Ctrl Pts',(15.15,-2.05980205359641,-2.05980205359641));
#3548=CARTESIAN_POINT('Ctrl Pts',(15.15,-2.00122697644903,-2.1183771307438));
#3549=CARTESIAN_POINT('Ctrl Pts',(15.1580458342102,-1.93834624485681,-2.17613756863933));
#3550=CARTESIAN_POINT('Ctrl Pts',(15.1915201372358,-1.80846467078472,-2.2852169299888));
#3551=CARTESIAN_POINT('Ctrl Pts',(15.2169379400791,-1.74146817950399,-2.33654430715499));
#3552=CARTESIAN_POINT('Ctrl Pts',(15.3170032449656,-1.54235033321483,-2.47649981167431));
#3553=CARTESIAN_POINT('Ctrl Pts',(15.4167216258184,-1.41200969709848,-2.55073340662403));
#3554=CARTESIAN_POINT('Ctrl Pts',(15.6449874690236,-1.19692397586357,-2.6584643366765));
#3555=CARTESIAN_POINT('Ctrl Pts',(15.789575824304,-1.09712303168859,-2.69948889486483));
#3556=CARTESIAN_POINT('Ctrl Pts',(16.0291302832023,-0.99447181527975,-2.73823529677446));
#3557=CARTESIAN_POINT('Ctrl Pts',(16.1127290048858,-0.967871046161301,-2.74757011846122));
#3558=CARTESIAN_POINT('Ctrl Pts',(16.2816749044354,-0.932657374543057,-2.75972211294388));
#3559=CARTESIAN_POINT('Ctrl Pts',(16.3670266948596,-0.9240692162308,-2.76254684731582));
#3560=CARTESIAN_POINT('Ctrl Pts',(16.45,-0.9240692162308,-2.76254684731582));
#3561=CARTESIAN_POINT('',(15.15,-2.80014285349873,-2.80014285349873));
#3562=CARTESIAN_POINT('',(15.15,-2.72236110756821,-2.72236110756821));
#3563=CARTESIAN_POINT('',(16.45,-1.72571865103422,-3.56419628211924));
#3564=CARTESIAN_POINT('Ctrl Pts',(16.45,-1.72571865103422,-3.56419628211924));
#3565=CARTESIAN_POINT('Ctrl Pts',(16.3677030459551,-1.72571865103422,-3.56419628211924));
#3566=CARTESIAN_POINT('Ctrl Pts',(16.2828107218738,-1.73330719957576,-3.56055525381667));
#3567=CARTESIAN_POINT('Ctrl Pts',(16.1143551053294,-1.76477555257096,-3.54506344261882));
#3568=CARTESIAN_POINT('Ctrl Pts',(16.0307891831439,-1.78864064583525,-3.53321137587591));
#3569=CARTESIAN_POINT('Ctrl Pts',(15.7908779176164,-1.88162951174182,-3.48510286497274));
#3570=CARTESIAN_POINT('Ctrl Pts',(15.6455240790929,-1.97313966600964,-3.4354389080603));
#3571=CARTESIAN_POINT('Ctrl Pts',(15.4160481944211,-2.1741278880292,-3.3118992217394));
#3572=CARTESIAN_POINT('Ctrl Pts',(15.3161845673608,-2.29734218926906,-3.2295239522561));
#3573=CARTESIAN_POINT('Ctrl Pts',(15.1831280529021,-2.55233295552327,-3.03202944845714));
#3574=CARTESIAN_POINT('Ctrl Pts',(15.15,-2.68380799512111,-2.91647771187635));
#3575=CARTESIAN_POINT('Ctrl Pts',(15.15,-2.80014285349873,-2.80014285349873));
#3576=CARTESIAN_POINT('Ctrl Pts',(15.15,-2.80014285349873,-2.80014285349873));
#3577=CARTESIAN_POINT('Ctrl Pts',(15.15,-2.91647771187635,-2.68380799512111));
#3578=CARTESIAN_POINT('Ctrl Pts',(15.1831280529021,-3.03202944845714,-2.55233295552327));
#3579=CARTESIAN_POINT('Ctrl Pts',(15.3161845673608,-3.2295239522561,-2.29734218926906));
#3580=CARTESIAN_POINT('Ctrl Pts',(15.4160481944211,-3.31189922173941,-2.1741278880292));
#3581=CARTESIAN_POINT('Ctrl Pts',(15.6455240790929,-3.4354389080603,-1.97313966600964));
#3582=CARTESIAN_POINT('Ctrl Pts',(15.7908779176164,-3.48510286497274,-1.88162951174182));
#3583=CARTESIAN_POINT('Ctrl Pts',(16.0307891831439,-3.53321137587591,-1.78864064583525));
#3584=CARTESIAN_POINT('Ctrl Pts',(16.1143551053294,-3.54506344261882,-1.76477555257095));
#3585=CARTESIAN_POINT('Ctrl Pts',(16.2828107218738,-3.56055525381667,-1.73330719957576));
#3586=CARTESIAN_POINT('Ctrl Pts',(16.3677030459551,-3.56419628211924,-1.72571865103422));
#3587=CARTESIAN_POINT('Ctrl Pts',(16.5322969540449,-3.56419628211924,-1.72571865103422));
#3588=CARTESIAN_POINT('Ctrl Pts',(16.6171892781262,-3.56055525381667,-1.73330719957576));
#3589=CARTESIAN_POINT('Ctrl Pts',(16.7856448946706,-3.54506344261882,-1.76477555257095));
#3590=CARTESIAN_POINT('Ctrl Pts',(16.8692108168561,-3.53321137587591,-1.78864064583525));
#3591=CARTESIAN_POINT('Ctrl Pts',(17.1091220823835,-3.48510286497274,-1.88162951174182));
#3592=CARTESIAN_POINT('Ctrl Pts',(17.2544759209071,-3.4354389080603,-1.97313966600964));
#3593=CARTESIAN_POINT('Ctrl Pts',(17.4839518055789,-3.3118992217394,-2.1741278880292));
#3594=CARTESIAN_POINT('Ctrl Pts',(17.5838154326392,-3.2295239522561,-2.29734218926906));
#3595=CARTESIAN_POINT('Ctrl Pts',(17.7168719470979,-3.03202944845714,-2.55233295552327));
#3596=CARTESIAN_POINT('Ctrl Pts',(17.75,-2.91647771187635,-2.68380799512111));
#3597=CARTESIAN_POINT('Ctrl Pts',(17.75,-2.68380799512111,-2.91647771187634));
#3598=CARTESIAN_POINT('Ctrl Pts',(17.7168719470979,-2.55233295552327,-3.03202944845714));
#3599=CARTESIAN_POINT('Ctrl Pts',(17.5838154326392,-2.29734218926906,-3.2295239522561));
#3600=CARTESIAN_POINT('Ctrl Pts',(17.4839518055789,-2.1741278880292,-3.3118992217394));
#3601=CARTESIAN_POINT('Ctrl Pts',(17.2544759209071,-1.97313966600964,-3.4354389080603));
#3602=CARTESIAN_POINT('Ctrl Pts',(17.1091220823835,-1.88162951174182,-3.48510286497274));
#3603=CARTESIAN_POINT('Ctrl Pts',(16.8692108168561,-1.78864064583525,-3.53321137587591));
#3604=CARTESIAN_POINT('Ctrl Pts',(16.7856448946706,-1.76477555257095,-3.54506344261882));
#3605=CARTESIAN_POINT('Ctrl Pts',(16.6171892781262,-1.73330719957576,-3.56055525381667));
#3606=CARTESIAN_POINT('Ctrl Pts',(16.5322969540449,-1.72571865103422,-3.56419628211924));
#3607=CARTESIAN_POINT('Ctrl Pts',(16.45,-1.72571865103422,-3.56419628211924));
#3608=CARTESIAN_POINT('Origin',(16.45,-2.72236110756821,2.72236110756821));
#3609=CARTESIAN_POINT('',(16.45,-2.76254684731582,0.9240692162308));
#3610=CARTESIAN_POINT('',(15.15,-2.05980205359641,2.05980205359641));
#3611=CARTESIAN_POINT('Ctrl Pts',(16.45,-2.76254684731582,0.9240692162308));
#3612=CARTESIAN_POINT('Ctrl Pts',(16.5329733051404,-2.76254684731582,0.9240692162308));
#3613=CARTESIAN_POINT('Ctrl Pts',(16.6183250955646,-2.75972211294388,0.932657374543056));
#3614=CARTESIAN_POINT('Ctrl Pts',(16.7872709951142,-2.74757011846122,0.967871046161301));
#3615=CARTESIAN_POINT('Ctrl Pts',(16.8708697167977,-2.73823529677446,0.994471815279749));
#3616=CARTESIAN_POINT('Ctrl Pts',(17.110424175696,-2.69948889486483,1.09712303168859));
#3617=CARTESIAN_POINT('Ctrl Pts',(17.2550125309764,-2.6584643366765,1.19692397586357));
#3618=CARTESIAN_POINT('Ctrl Pts',(17.4832783741816,-2.55073340662403,1.41200969709848));
#3619=CARTESIAN_POINT('Ctrl Pts',(17.5829967550344,-2.47649981167431,1.54235033321483));
#3620=CARTESIAN_POINT('Ctrl Pts',(17.6830620599209,-2.33654430715499,1.74146817950399));
#3621=CARTESIAN_POINT('Ctrl Pts',(17.7084798627642,-2.2852169299888,1.80846467078472));
#3622=CARTESIAN_POINT('Ctrl Pts',(17.7419541657898,-2.17613756863932,1.93834624485681));
#3623=CARTESIAN_POINT('Ctrl Pts',(17.75,-2.1183771307438,2.00122697644903));
#3624=CARTESIAN_POINT('Ctrl Pts',(17.75,-2.00122697644902,2.1183771307438));
#3625=CARTESIAN_POINT('Ctrl Pts',(17.7419541657898,-1.93834624485681,2.17613756863933));
#3626=CARTESIAN_POINT('Ctrl Pts',(17.7084798627642,-1.80846467078472,2.2852169299888));
#3627=CARTESIAN_POINT('Ctrl Pts',(17.6830620599209,-1.74146817950399,2.33654430715499));
#3628=CARTESIAN_POINT('Ctrl Pts',(17.5829967550344,-1.54235033321483,2.47649981167431));
#3629=CARTESIAN_POINT('Ctrl Pts',(17.4832783741816,-1.41200969709848,2.55073340662403));
#3630=CARTESIAN_POINT('Ctrl Pts',(17.2550125309764,-1.19692397586357,2.6584643366765));
#3631=CARTESIAN_POINT('Ctrl Pts',(17.110424175696,-1.09712303168859,2.69948889486483));
#3632=CARTESIAN_POINT('Ctrl Pts',(16.8708697167977,-0.994471815279749,2.73823529677446));
#3633=CARTESIAN_POINT('Ctrl Pts',(16.7872709951142,-0.9678710461613,2.74757011846122));
#3634=CARTESIAN_POINT('Ctrl Pts',(16.6183250955646,-0.932657374543056,2.75972211294388));
#3635=CARTESIAN_POINT('Ctrl Pts',(16.5329733051404,-0.9240692162308,2.76254684731582));
#3636=CARTESIAN_POINT('Ctrl Pts',(16.3670266948596,-0.9240692162308,2.76254684731582));
#3637=CARTESIAN_POINT('Ctrl Pts',(16.2816749044354,-0.932657374543056,2.75972211294388));
#3638=CARTESIAN_POINT('Ctrl Pts',(16.1127290048858,-0.9678710461613,2.74757011846122));
#3639=CARTESIAN_POINT('Ctrl Pts',(16.0291302832023,-0.99447181527975,2.73823529677446));
#3640=CARTESIAN_POINT('Ctrl Pts',(15.789575824304,-1.09712303168859,2.69948889486483));
#3641=CARTESIAN_POINT('Ctrl Pts',(15.6449874690236,-1.19692397586357,2.6584643366765));
#3642=CARTESIAN_POINT('Ctrl Pts',(15.4167216258184,-1.41200969709848,2.55073340662403));
#3643=CARTESIAN_POINT('Ctrl Pts',(15.3170032449656,-1.54235033321482,2.47649981167431));
#3644=CARTESIAN_POINT('Ctrl Pts',(15.2169379400791,-1.74146817950399,2.33654430715499));
#3645=CARTESIAN_POINT('Ctrl Pts',(15.1915201372358,-1.80846467078472,2.2852169299888));
#3646=CARTESIAN_POINT('Ctrl Pts',(15.1580458342102,-1.93834624485681,2.17613756863933));
#3647=CARTESIAN_POINT('Ctrl Pts',(15.15,-2.00122697644902,2.1183771307438));
#3648=CARTESIAN_POINT('Ctrl Pts',(15.15,-2.05980205359641,2.05980205359641));
#3649=CARTESIAN_POINT('Ctrl Pts',(15.15,-2.05980205359641,2.05980205359641));
#3650=CARTESIAN_POINT('Ctrl Pts',(15.15,-2.1183771307438,2.00122697644903));
#3651=CARTESIAN_POINT('Ctrl Pts',(15.1580458342102,-2.17613756863932,1.93834624485681));
#3652=CARTESIAN_POINT('Ctrl Pts',(15.1915201372358,-2.2852169299888,1.80846467078472));
#3653=CARTESIAN_POINT('Ctrl Pts',(15.2169379400791,-2.33654430715499,1.74146817950399));
#3654=CARTESIAN_POINT('Ctrl Pts',(15.3170032449656,-2.47649981167431,1.54235033321483));
#3655=CARTESIAN_POINT('Ctrl Pts',(15.4167216258184,-2.55073340662403,1.41200969709848));
#3656=CARTESIAN_POINT('Ctrl Pts',(15.6449874690236,-2.6584643366765,1.19692397586357));
#3657=CARTESIAN_POINT('Ctrl Pts',(15.789575824304,-2.69948889486483,1.09712303168859));
#3658=CARTESIAN_POINT('Ctrl Pts',(16.0291302832023,-2.73823529677446,0.99447181527975));
#3659=CARTESIAN_POINT('Ctrl Pts',(16.1127290048858,-2.74757011846122,0.967871046161303));
#3660=CARTESIAN_POINT('Ctrl Pts',(16.2816749044354,-2.75972211294388,0.932657374543057));
#3661=CARTESIAN_POINT('Ctrl Pts',(16.3670266948596,-2.76254684731582,0.9240692162308));
#3662=CARTESIAN_POINT('Ctrl Pts',(16.45,-2.76254684731582,0.9240692162308));
#3663=CARTESIAN_POINT('',(15.15,-2.80014285349873,2.80014285349873));
#3664=CARTESIAN_POINT('',(15.15,-2.72236110756821,2.72236110756821));
#3665=CARTESIAN_POINT('',(16.45,-3.56419628211924,1.72571865103422));
#3666=CARTESIAN_POINT('Ctrl Pts',(16.45,-3.56419628211924,1.72571865103422));
#3667=CARTESIAN_POINT('Ctrl Pts',(16.3677030459551,-3.56419628211924,1.72571865103422));
#3668=CARTESIAN_POINT('Ctrl Pts',(16.2828107218738,-3.56055525381667,1.73330719957576));
#3669=CARTESIAN_POINT('Ctrl Pts',(16.1143551053294,-3.54506344261882,1.76477555257095));
#3670=CARTESIAN_POINT('Ctrl Pts',(16.0307891831439,-3.53321137587591,1.78864064583525));
#3671=CARTESIAN_POINT('Ctrl Pts',(15.7908779176164,-3.48510286497274,1.88162951174182));
#3672=CARTESIAN_POINT('Ctrl Pts',(15.6455240790929,-3.4354389080603,1.97313966600964));
#3673=CARTESIAN_POINT('Ctrl Pts',(15.4160481944211,-3.3118992217394,2.1741278880292));
#3674=CARTESIAN_POINT('Ctrl Pts',(15.3161845673608,-3.2295239522561,2.29734218926906));
#3675=CARTESIAN_POINT('Ctrl Pts',(15.1831280529021,-3.03202944845714,2.55233295552327));
#3676=CARTESIAN_POINT('Ctrl Pts',(15.15,-2.91647771187635,2.68380799512111));
#3677=CARTESIAN_POINT('Ctrl Pts',(15.15,-2.80014285349873,2.80014285349873));
#3678=CARTESIAN_POINT('Ctrl Pts',(15.15,-2.80014285349873,2.80014285349873));
#3679=CARTESIAN_POINT('Ctrl Pts',(15.15,-2.68380799512111,2.91647771187635));
#3680=CARTESIAN_POINT('Ctrl Pts',(15.1831280529021,-2.55233295552327,3.03202944845714));
#3681=CARTESIAN_POINT('Ctrl Pts',(15.3161845673608,-2.29734218926906,3.2295239522561));
#3682=CARTESIAN_POINT('Ctrl Pts',(15.4160481944211,-2.1741278880292,3.3118992217394));
#3683=CARTESIAN_POINT('Ctrl Pts',(15.6455240790929,-1.97313966600964,3.4354389080603));
#3684=CARTESIAN_POINT('Ctrl Pts',(15.7908779176164,-1.88162951174182,3.48510286497274));
#3685=CARTESIAN_POINT('Ctrl Pts',(16.0307891831439,-1.78864064583525,3.53321137587591));
#3686=CARTESIAN_POINT('Ctrl Pts',(16.1143551053294,-1.76477555257095,3.54506344261882));
#3687=CARTESIAN_POINT('Ctrl Pts',(16.2828107218738,-1.73330719957576,3.56055525381667));
#3688=CARTESIAN_POINT('Ctrl Pts',(16.3677030459551,-1.72571865103422,3.56419628211924));
#3689=CARTESIAN_POINT('Ctrl Pts',(16.5322969540449,-1.72571865103422,3.56419628211924));
#3690=CARTESIAN_POINT('Ctrl Pts',(16.6171892781262,-1.73330719957576,3.56055525381667));
#3691=CARTESIAN_POINT('Ctrl Pts',(16.7856448946706,-1.76477555257095,3.54506344261882));
#3692=CARTESIAN_POINT('Ctrl Pts',(16.8692108168561,-1.78864064583525,3.53321137587591));
#3693=CARTESIAN_POINT('Ctrl Pts',(17.1091220823835,-1.88162951174182,3.48510286497274));
#3694=CARTESIAN_POINT('Ctrl Pts',(17.2544759209071,-1.97313966600964,3.4354389080603));
#3695=CARTESIAN_POINT('Ctrl Pts',(17.4839518055789,-2.1741278880292,3.3118992217394));
#3696=CARTESIAN_POINT('Ctrl Pts',(17.5838154326392,-2.29734218926906,3.2295239522561));
#3697=CARTESIAN_POINT('Ctrl Pts',(17.7168719470979,-2.55233295552327,3.03202944845714));
#3698=CARTESIAN_POINT('Ctrl Pts',(17.75,-2.68380799512111,2.91647771187635));
#3699=CARTESIAN_POINT('Ctrl Pts',(17.75,-2.91647771187635,2.68380799512111));
#3700=CARTESIAN_POINT('Ctrl Pts',(17.7168719470979,-3.03202944845714,2.55233295552327));
#3701=CARTESIAN_POINT('Ctrl Pts',(17.5838154326392,-3.2295239522561,2.29734218926906));
#3702=CARTESIAN_POINT('Ctrl Pts',(17.4839518055789,-3.3118992217394,2.1741278880292));
#3703=CARTESIAN_POINT('Ctrl Pts',(17.2544759209071,-3.4354389080603,1.97313966600964));
#3704=CARTESIAN_POINT('Ctrl Pts',(17.1091220823835,-3.48510286497274,1.88162951174182));
#3705=CARTESIAN_POINT('Ctrl Pts',(16.8692108168561,-3.53321137587591,1.78864064583525));
#3706=CARTESIAN_POINT('Ctrl Pts',(16.7856448946706,-3.54506344261882,1.76477555257095));
#3707=CARTESIAN_POINT('Ctrl Pts',(16.6171892781262,-3.56055525381667,1.73330719957576));
#3708=CARTESIAN_POINT('Ctrl Pts',(16.5322969540449,-3.56419628211924,1.72571865103422));
#3709=CARTESIAN_POINT('Ctrl Pts',(16.45,-3.56419628211924,1.72571865103422));
#3710=CARTESIAN_POINT('Origin',(16.45,2.72236110756821,2.72236110756821));
#3711=CARTESIAN_POINT('',(16.45,0.924069216230799,2.76254684731582));
#3712=CARTESIAN_POINT('',(15.15,2.05980205359641,2.05980205359641));
#3713=CARTESIAN_POINT('Ctrl Pts',(16.45,0.924069216230799,2.76254684731582));
#3714=CARTESIAN_POINT('Ctrl Pts',(16.5329733051404,0.924069216230799,2.76254684731582));
#3715=CARTESIAN_POINT('Ctrl Pts',(16.6183250955646,0.932657374543056,2.75972211294388));
#3716=CARTESIAN_POINT('Ctrl Pts',(16.7872709951142,0.967871046161301,2.74757011846122));
#3717=CARTESIAN_POINT('Ctrl Pts',(16.8708697167977,0.994471815279749,2.73823529677446));
#3718=CARTESIAN_POINT('Ctrl Pts',(17.110424175696,1.09712303168859,2.69948889486483));
#3719=CARTESIAN_POINT('Ctrl Pts',(17.2550125309764,1.19692397586357,2.6584643366765));
#3720=CARTESIAN_POINT('Ctrl Pts',(17.4832783741816,1.41200969709848,2.55073340662403));
#3721=CARTESIAN_POINT('Ctrl Pts',(17.5829967550344,1.54235033321483,2.47649981167431));
#3722=CARTESIAN_POINT('Ctrl Pts',(17.6830620599209,1.74146817950399,2.33654430715499));
#3723=CARTESIAN_POINT('Ctrl Pts',(17.7084798627642,1.80846467078472,2.2852169299888));
#3724=CARTESIAN_POINT('Ctrl Pts',(17.7419541657898,1.93834624485681,2.17613756863932));
#3725=CARTESIAN_POINT('Ctrl Pts',(17.75,2.00122697644903,2.1183771307438));
#3726=CARTESIAN_POINT('Ctrl Pts',(17.75,2.1183771307438,2.00122697644903));
#3727=CARTESIAN_POINT('Ctrl Pts',(17.7419541657898,2.17613756863932,1.93834624485681));
#3728=CARTESIAN_POINT('Ctrl Pts',(17.7084798627642,2.2852169299888,1.80846467078472));
#3729=CARTESIAN_POINT('Ctrl Pts',(17.6830620599209,2.33654430715499,1.74146817950399));
#3730=CARTESIAN_POINT('Ctrl Pts',(17.5829967550344,2.47649981167431,1.54235033321483));
#3731=CARTESIAN_POINT('Ctrl Pts',(17.4832783741816,2.55073340662403,1.41200969709848));
#3732=CARTESIAN_POINT('Ctrl Pts',(17.2550125309764,2.6584643366765,1.19692397586357));
#3733=CARTESIAN_POINT('Ctrl Pts',(17.110424175696,2.69948889486483,1.09712303168859));
#3734=CARTESIAN_POINT('Ctrl Pts',(16.8708697167977,2.73823529677446,0.994471815279749));
#3735=CARTESIAN_POINT('Ctrl Pts',(16.7872709951142,2.74757011846122,0.967871046161301));
#3736=CARTESIAN_POINT('Ctrl Pts',(16.6183250955646,2.75972211294388,0.932657374543056));
#3737=CARTESIAN_POINT('Ctrl Pts',(16.5329733051404,2.76254684731582,0.924069216230799));
#3738=CARTESIAN_POINT('Ctrl Pts',(16.3670266948596,2.76254684731582,0.924069216230799));
#3739=CARTESIAN_POINT('Ctrl Pts',(16.2816749044354,2.75972211294388,0.932657374543056));
#3740=CARTESIAN_POINT('Ctrl Pts',(16.1127290048858,2.74757011846122,0.967871046161303));
#3741=CARTESIAN_POINT('Ctrl Pts',(16.0291302832023,2.73823529677446,0.99447181527975));
#3742=CARTESIAN_POINT('Ctrl Pts',(15.789575824304,2.69948889486483,1.09712303168859));
#3743=CARTESIAN_POINT('Ctrl Pts',(15.6449874690236,2.6584643366765,1.19692397586357));
#3744=CARTESIAN_POINT('Ctrl Pts',(15.4167216258184,2.55073340662403,1.41200969709848));
#3745=CARTESIAN_POINT('Ctrl Pts',(15.3170032449656,2.47649981167431,1.54235033321483));
#3746=CARTESIAN_POINT('Ctrl Pts',(15.2169379400791,2.33654430715499,1.74146817950399));
#3747=CARTESIAN_POINT('Ctrl Pts',(15.1915201372358,2.2852169299888,1.80846467078472));
#3748=CARTESIAN_POINT('Ctrl Pts',(15.1580458342102,2.17613756863932,1.93834624485681));
#3749=CARTESIAN_POINT('Ctrl Pts',(15.15,2.1183771307438,2.00122697644903));
#3750=CARTESIAN_POINT('Ctrl Pts',(15.15,2.05980205359641,2.05980205359641));
#3751=CARTESIAN_POINT('Ctrl Pts',(15.15,2.05980205359641,2.05980205359641));
#3752=CARTESIAN_POINT('Ctrl Pts',(15.15,2.00122697644903,2.1183771307438));
#3753=CARTESIAN_POINT('Ctrl Pts',(15.1580458342102,1.93834624485681,2.17613756863932));
#3754=CARTESIAN_POINT('Ctrl Pts',(15.1915201372358,1.80846467078472,2.2852169299888));
#3755=CARTESIAN_POINT('Ctrl Pts',(15.2169379400791,1.74146817950399,2.33654430715499));
#3756=CARTESIAN_POINT('Ctrl Pts',(15.3170032449656,1.54235033321483,2.47649981167431));
#3757=CARTESIAN_POINT('Ctrl Pts',(15.4167216258184,1.41200969709848,2.55073340662403));
#3758=CARTESIAN_POINT('Ctrl Pts',(15.6449874690236,1.19692397586357,2.6584643366765));
#3759=CARTESIAN_POINT('Ctrl Pts',(15.789575824304,1.09712303168859,2.69948889486483));
#3760=CARTESIAN_POINT('Ctrl Pts',(16.0291302832023,0.99447181527975,2.73823529677446));
#3761=CARTESIAN_POINT('Ctrl Pts',(16.1127290048858,0.967871046161303,2.74757011846122));
#3762=CARTESIAN_POINT('Ctrl Pts',(16.2816749044354,0.932657374543056,2.75972211294388));
#3763=CARTESIAN_POINT('Ctrl Pts',(16.3670266948596,0.9240692162308,2.76254684731582));
#3764=CARTESIAN_POINT('Ctrl Pts',(16.45,0.924069216230799,2.76254684731582));
#3765=CARTESIAN_POINT('',(15.15,2.80014285349873,2.80014285349873));
#3766=CARTESIAN_POINT('',(15.15,2.72236110756821,2.72236110756821));
#3767=CARTESIAN_POINT('',(16.45,1.72571865103422,3.56419628211924));
#3768=CARTESIAN_POINT('Ctrl Pts',(16.45,1.72571865103422,3.56419628211924));
#3769=CARTESIAN_POINT('Ctrl Pts',(16.3677030459551,1.72571865103422,3.56419628211924));
#3770=CARTESIAN_POINT('Ctrl Pts',(16.2828107218738,1.73330719957576,3.56055525381667));
#3771=CARTESIAN_POINT('Ctrl Pts',(16.1143551053294,1.76477555257095,3.54506344261882));
#3772=CARTESIAN_POINT('Ctrl Pts',(16.0307891831439,1.78864064583525,3.53321137587591));
#3773=CARTESIAN_POINT('Ctrl Pts',(15.7908779176164,1.88162951174182,3.48510286497274));
#3774=CARTESIAN_POINT('Ctrl Pts',(15.6455240790929,1.97313966600964,3.4354389080603));
#3775=CARTESIAN_POINT('Ctrl Pts',(15.4160481944211,2.1741278880292,3.3118992217394));
#3776=CARTESIAN_POINT('Ctrl Pts',(15.3161845673608,2.29734218926906,3.2295239522561));
#3777=CARTESIAN_POINT('Ctrl Pts',(15.1831280529021,2.55233295552327,3.03202944845714));
#3778=CARTESIAN_POINT('Ctrl Pts',(15.15,2.68380799512111,2.91647771187635));
#3779=CARTESIAN_POINT('Ctrl Pts',(15.15,2.80014285349873,2.80014285349873));
#3780=CARTESIAN_POINT('Ctrl Pts',(15.15,2.80014285349873,2.80014285349873));
#3781=CARTESIAN_POINT('Ctrl Pts',(15.15,2.91647771187635,2.68380799512111));
#3782=CARTESIAN_POINT('Ctrl Pts',(15.1831280529021,3.03202944845714,2.55233295552327));
#3783=CARTESIAN_POINT('Ctrl Pts',(15.3161845673608,3.2295239522561,2.29734218926906));
#3784=CARTESIAN_POINT('Ctrl Pts',(15.4160481944211,3.3118992217394,2.1741278880292));
#3785=CARTESIAN_POINT('Ctrl Pts',(15.6455240790929,3.4354389080603,1.97313966600964));
#3786=CARTESIAN_POINT('Ctrl Pts',(15.7908779176164,3.48510286497274,1.88162951174182));
#3787=CARTESIAN_POINT('Ctrl Pts',(16.0307891831439,3.53321137587591,1.78864064583525));
#3788=CARTESIAN_POINT('Ctrl Pts',(16.1143551053294,3.54506344261882,1.76477555257095));
#3789=CARTESIAN_POINT('Ctrl Pts',(16.2828107218738,3.56055525381667,1.73330719957576));
#3790=CARTESIAN_POINT('Ctrl Pts',(16.3677030459551,3.56419628211924,1.72571865103422));
#3791=CARTESIAN_POINT('Ctrl Pts',(16.5322969540449,3.56419628211924,1.72571865103422));
#3792=CARTESIAN_POINT('Ctrl Pts',(16.6171892781262,3.56055525381667,1.73330719957576));
#3793=CARTESIAN_POINT('Ctrl Pts',(16.7856448946706,3.54506344261882,1.76477555257095));
#3794=CARTESIAN_POINT('Ctrl Pts',(16.8692108168561,3.53321137587591,1.78864064583525));
#3795=CARTESIAN_POINT('Ctrl Pts',(17.1091220823835,3.48510286497274,1.88162951174182));
#3796=CARTESIAN_POINT('Ctrl Pts',(17.2544759209071,3.4354389080603,1.97313966600964));
#3797=CARTESIAN_POINT('Ctrl Pts',(17.4839518055789,3.3118992217394,2.1741278880292));
#3798=CARTESIAN_POINT('Ctrl Pts',(17.5838154326392,3.2295239522561,2.29734218926906));
#3799=CARTESIAN_POINT('Ctrl Pts',(17.7168719470979,3.03202944845714,2.55233295552327));
#3800=CARTESIAN_POINT('Ctrl Pts',(17.75,2.91647771187635,2.68380799512111));
#3801=CARTESIAN_POINT('Ctrl Pts',(17.75,2.68380799512111,2.91647771187635));
#3802=CARTESIAN_POINT('Ctrl Pts',(17.7168719470979,2.55233295552327,3.03202944845714));
#3803=CARTESIAN_POINT('Ctrl Pts',(17.5838154326392,2.29734218926906,3.2295239522561));
#3804=CARTESIAN_POINT('Ctrl Pts',(17.4839518055789,2.1741278880292,3.3118992217394));
#3805=CARTESIAN_POINT('Ctrl Pts',(17.2544759209071,1.97313966600964,3.4354389080603));
#3806=CARTESIAN_POINT('Ctrl Pts',(17.1091220823835,1.88162951174182,3.48510286497274));
#3807=CARTESIAN_POINT('Ctrl Pts',(16.8692108168561,1.78864064583525,3.53321137587591));
#3808=CARTESIAN_POINT('Ctrl Pts',(16.7856448946706,1.76477555257095,3.54506344261882));
#3809=CARTESIAN_POINT('Ctrl Pts',(16.6171892781262,1.73330719957576,3.56055525381667));
#3810=CARTESIAN_POINT('Ctrl Pts',(16.5322969540449,1.72571865103422,3.56419628211924));
#3811=CARTESIAN_POINT('Ctrl Pts',(16.45,1.72571865103422,3.56419628211924));
#3812=CARTESIAN_POINT('Origin',(13.9,-7.07233526507596E-16,-3.85));
#3813=CARTESIAN_POINT('',(13.9,1.3,-2.60683121816507));
#3814=CARTESIAN_POINT('',(12.6,-5.6265293831013E-16,-2.913));
#3815=CARTESIAN_POINT('Ctrl Pts',(13.9,1.3,-2.60683121816507));
#3816=CARTESIAN_POINT('Ctrl Pts',(13.9829733051404,1.3,-2.60683121816507));
#3817=CARTESIAN_POINT('Ctrl Pts',(14.0683250955646,1.29192986619005,-2.61090657431612));
#3818=CARTESIAN_POINT('Ctrl Pts',(14.2372709951142,1.25843728249468,-2.62721364260423));
#3819=CARTESIAN_POINT('Ctrl Pts',(14.3208697167977,1.23302698255038,-2.63942251111679));
#3820=CARTESIAN_POINT('Ctrl Pts',(14.560424175696,1.13304376779376,-2.68461003879965));
#3821=CARTESIAN_POINT('Ctrl Pts',(14.7050125309764,1.03346510010865,-2.72617121990445));
#3822=CARTESIAN_POINT('Ctrl Pts',(14.9332783741816,0.805199256903414,-2.80208252074242));
#3823=CARTESIAN_POINT('Ctrl Pts',(15.0329967550344,0.660543430860577,-2.84175619002365));
#3824=CARTESIAN_POINT('Ctrl Pts',(15.1330620599209,0.420782365184252,-2.88359028307998));
#3825=CARTESIAN_POINT('Ctrl Pts',(15.1584798627642,0.337114755429211,-2.89467001992556));
#3826=CARTESIAN_POINT('Ctrl Pts',(15.1919541657898,0.168143857553941,-2.9093794056054));
#3827=CARTESIAN_POINT('Ctrl Pts',(15.2,0.0828376685188854,-2.913));
#3828=CARTESIAN_POINT('Ctrl Pts',(15.2,-0.0828376685188865,-2.913));
#3829=CARTESIAN_POINT('Ctrl Pts',(15.1919541657898,-0.168143857553943,-2.9093794056054));
#3830=CARTESIAN_POINT('Ctrl Pts',(15.1584798627642,-0.337114755429212,-2.89467001992556));
#3831=CARTESIAN_POINT('Ctrl Pts',(15.1330620599209,-0.420782365184253,-2.88359028307998));
#3832=CARTESIAN_POINT('Ctrl Pts',(15.0329967550344,-0.660543430860578,-2.84175619002365));
#3833=CARTESIAN_POINT('Ctrl Pts',(14.9332783741816,-0.805199256903415,-2.80208252074241));
#3834=CARTESIAN_POINT('Ctrl Pts',(14.7050125309764,-1.03346510010865,-2.72617121990444));
#3835=CARTESIAN_POINT('Ctrl Pts',(14.560424175696,-1.13304376779376,-2.68461003879965));
#3836=CARTESIAN_POINT('Ctrl Pts',(14.3208697167977,-1.23302698255038,-2.63942251111679));
#3837=CARTESIAN_POINT('Ctrl Pts',(14.2372709951142,-1.25843728249468,-2.62721364260423));
#3838=CARTESIAN_POINT('Ctrl Pts',(14.0683250955646,-1.29192986619005,-2.61090657431612));
#3839=CARTESIAN_POINT('Ctrl Pts',(13.9829733051404,-1.3,-2.60683121816507));
#3840=CARTESIAN_POINT('Ctrl Pts',(13.8170266948596,-1.3,-2.60683121816507));
#3841=CARTESIAN_POINT('Ctrl Pts',(13.7316749044354,-1.29192986619005,-2.61090657431612));
#3842=CARTESIAN_POINT('Ctrl Pts',(13.5627290048858,-1.25843728249468,-2.62721364260423));
#3843=CARTESIAN_POINT('Ctrl Pts',(13.4791302832023,-1.23302698255038,-2.63942251111679));
#3844=CARTESIAN_POINT('Ctrl Pts',(13.239575824304,-1.13304376779376,-2.68461003879965));
#3845=CARTESIAN_POINT('Ctrl Pts',(13.0949874690236,-1.03346510010865,-2.72617121990444));
#3846=CARTESIAN_POINT('Ctrl Pts',(12.8667216258184,-0.805199256903415,-2.80208252074241));
#3847=CARTESIAN_POINT('Ctrl Pts',(12.7670032449656,-0.660543430860578,-2.84175619002365));
#3848=CARTESIAN_POINT('Ctrl Pts',(12.6669379400791,-0.420782365184253,-2.88359028307998));
#3849=CARTESIAN_POINT('Ctrl Pts',(12.6415201372358,-0.337114755429212,-2.89467001992556));
#3850=CARTESIAN_POINT('Ctrl Pts',(12.6080458342102,-0.168143857553943,-2.9093794056054));
#3851=CARTESIAN_POINT('Ctrl Pts',(12.6,-0.0828376685188865,-2.913));
#3852=CARTESIAN_POINT('Ctrl Pts',(12.6,-7.49400541621981E-16,-2.913));
#3853=CARTESIAN_POINT('Ctrl Pts',(12.6,-6.93889390390723E-16,-2.913));
#3854=CARTESIAN_POINT('Ctrl Pts',(12.6,0.0828376685188851,-2.913));
#3855=CARTESIAN_POINT('Ctrl Pts',(12.6080458342102,0.168143857553941,-2.9093794056054));
#3856=CARTESIAN_POINT('Ctrl Pts',(12.6415201372358,0.33711475542921,-2.89467001992556));
#3857=CARTESIAN_POINT('Ctrl Pts',(12.6669379400791,0.420782365184251,-2.88359028307998));
#3858=CARTESIAN_POINT('Ctrl Pts',(12.7670032449656,0.660543430860577,-2.84175619002365));
#3859=CARTESIAN_POINT('Ctrl Pts',(12.8667216258184,0.805199256903414,-2.80208252074242));
#3860=CARTESIAN_POINT('Ctrl Pts',(13.0949874690236,1.03346510010865,-2.72617121990445));
#3861=CARTESIAN_POINT('Ctrl Pts',(13.239575824304,1.13304376779376,-2.68461003879965));
#3862=CARTESIAN_POINT('Ctrl Pts',(13.4791302832023,1.23302698255038,-2.63942251111679));
#3863=CARTESIAN_POINT('Ctrl Pts',(13.5627290048858,1.25843728249468,-2.62721364260423));
#3864=CARTESIAN_POINT('Ctrl Pts',(13.7316749044354,1.29192986619005,-2.61090657431612));
#3865=CARTESIAN_POINT('Ctrl Pts',(13.8170266948596,1.3,-2.60683121816507));
#3866=CARTESIAN_POINT('Ctrl Pts',(13.9,1.3,-2.60683121816507));
#3867=CARTESIAN_POINT('',(12.6,-5.68236114804372E-16,-3.96));
#3868=CARTESIAN_POINT('',(12.6,-5.48029442618441E-16,-3.85));
#3869=CARTESIAN_POINT('',(13.9,1.3,-3.7405347211328));
#3870=CARTESIAN_POINT('Ctrl Pts',(13.9,1.3,-3.7405347211328));
#3871=CARTESIAN_POINT('Ctrl Pts',(13.8177030459551,1.3,-3.7405347211328));
#3872=CARTESIAN_POINT('Ctrl Pts',(13.7328107218738,1.29205949006367,-3.74332603946264));
#3873=CARTESIAN_POINT('Ctrl Pts',(13.5643551053294,1.25885363951714,-3.75462316050745));
#3874=CARTESIAN_POINT('Ctrl Pts',(13.4807891831439,1.23359779347131,-3.7631176530233));
#3875=CARTESIAN_POINT('Ctrl Pts',(13.2408779176164,1.13382688152151,-3.79485285638826));
#3876=CARTESIAN_POINT('Ctrl Pts',(13.0955240790929,1.03400171017797,-3.82444258630512));
#3877=CARTESIAN_POINT('Ctrl Pts',(12.8660481944211,0.804525825506145,-3.87920697109062));
#3878=CARTESIAN_POINT('Ctrl Pts',(12.7661845673608,0.659152045906567,-3.90808452738277));
#3879=CARTESIAN_POINT('Ctrl Pts',(12.6331280529021,0.339196643064946,-3.94874052445776));
#3880=CARTESIAN_POINT('Ctrl Pts',(12.6,0.16452233449438,-3.96));
#3881=CARTESIAN_POINT('Ctrl Pts',(12.6,-4.9960036108132E-16,-3.96));
#3882=CARTESIAN_POINT('Ctrl Pts',(12.6,-4.44089209850063E-16,-3.96));
#3883=CARTESIAN_POINT('Ctrl Pts',(12.6,-0.164522334494381,-3.96));
#3884=CARTESIAN_POINT('Ctrl Pts',(12.6331280529021,-0.339196643064948,-3.94874052445776));
#3885=CARTESIAN_POINT('Ctrl Pts',(12.7661845673608,-0.659152045906568,-3.90808452738277));
#3886=CARTESIAN_POINT('Ctrl Pts',(12.8660481944211,-0.804525825506146,-3.87920697109062));
#3887=CARTESIAN_POINT('Ctrl Pts',(13.0955240790929,-1.03400171017797,-3.82444258630512));
#3888=CARTESIAN_POINT('Ctrl Pts',(13.2408779176164,-1.13382688152151,-3.79485285638826));
#3889=CARTESIAN_POINT('Ctrl Pts',(13.4807891831439,-1.23359779347131,-3.7631176530233));
#3890=CARTESIAN_POINT('Ctrl Pts',(13.5643551053294,-1.25885363951714,-3.75462316050745));
#3891=CARTESIAN_POINT('Ctrl Pts',(13.7328107218738,-1.29205949006367,-3.74332603946264));
#3892=CARTESIAN_POINT('Ctrl Pts',(13.8177030459551,-1.3,-3.7405347211328));
#3893=CARTESIAN_POINT('Ctrl Pts',(13.9822969540449,-1.3,-3.7405347211328));
#3894=CARTESIAN_POINT('Ctrl Pts',(14.0671892781262,-1.29205949006367,-3.74332603946264));
#3895=CARTESIAN_POINT('Ctrl Pts',(14.2356448946706,-1.25885363951714,-3.75462316050745));
#3896=CARTESIAN_POINT('Ctrl Pts',(14.3192108168561,-1.23359779347131,-3.7631176530233));
#3897=CARTESIAN_POINT('Ctrl Pts',(14.5591220823836,-1.13382688152151,-3.79485285638826));
#3898=CARTESIAN_POINT('Ctrl Pts',(14.7044759209071,-1.03400171017797,-3.82444258630512));
#3899=CARTESIAN_POINT('Ctrl Pts',(14.9339518055789,-0.804525825506146,-3.87920697109062));
#3900=CARTESIAN_POINT('Ctrl Pts',(15.0338154326392,-0.659152045906568,-3.90808452738277));
#3901=CARTESIAN_POINT('Ctrl Pts',(15.1668719470979,-0.339196643064948,-3.94874052445776));
#3902=CARTESIAN_POINT('Ctrl Pts',(15.2,-0.164522334494382,-3.96));
#3903=CARTESIAN_POINT('Ctrl Pts',(15.2,0.16452233449438,-3.96));
#3904=CARTESIAN_POINT('Ctrl Pts',(15.1668719470979,0.339196643064946,-3.94874052445776));
#3905=CARTESIAN_POINT('Ctrl Pts',(15.0338154326392,0.659152045906567,-3.90808452738277));
#3906=CARTESIAN_POINT('Ctrl Pts',(14.9339518055789,0.804525825506145,-3.87920697109062));
#3907=CARTESIAN_POINT('Ctrl Pts',(14.7044759209071,1.03400171017797,-3.82444258630512));
#3908=CARTESIAN_POINT('Ctrl Pts',(14.5591220823836,1.13382688152151,-3.79485285638826));
#3909=CARTESIAN_POINT('Ctrl Pts',(14.3192108168561,1.23359779347131,-3.7631176530233));
#3910=CARTESIAN_POINT('Ctrl Pts',(14.2356448946706,1.25885363951714,-3.75462316050745));
#3911=CARTESIAN_POINT('Ctrl Pts',(14.0671892781262,1.29205949006367,-3.74332603946264));
#3912=CARTESIAN_POINT('Ctrl Pts',(13.9822969540449,1.3,-3.7405347211328));
#3913=CARTESIAN_POINT('Ctrl Pts',(13.9,1.3,-3.7405347211328));
#3914=CARTESIAN_POINT('Origin',(13.9,-3.85,4.71489017671731E-16));
#3915=CARTESIAN_POINT('',(13.9,-2.60683121816507,-1.3));
#3916=CARTESIAN_POINT('',(12.6,-2.913,3.48567944891894E-16));
#3917=CARTESIAN_POINT('Ctrl Pts',(13.9,-2.60683121816507,-1.3));
#3918=CARTESIAN_POINT('Ctrl Pts',(13.9829733051404,-2.60683121816507,-1.3));
#3919=CARTESIAN_POINT('Ctrl Pts',(14.0683250955646,-2.61090657431612,-1.29192986619005));
#3920=CARTESIAN_POINT('Ctrl Pts',(14.2372709951142,-2.62721364260423,-1.25843728249468));
#3921=CARTESIAN_POINT('Ctrl Pts',(14.3208697167977,-2.63942251111679,-1.23302698255038));
#3922=CARTESIAN_POINT('Ctrl Pts',(14.560424175696,-2.68461003879965,-1.13304376779376));
#3923=CARTESIAN_POINT('Ctrl Pts',(14.7050125309764,-2.72617121990445,-1.03346510010865));
#3924=CARTESIAN_POINT('Ctrl Pts',(14.9332783741816,-2.80208252074242,-0.805199256903414));
#3925=CARTESIAN_POINT('Ctrl Pts',(15.0329967550344,-2.84175619002365,-0.660543430860577));
#3926=CARTESIAN_POINT('Ctrl Pts',(15.1330620599209,-2.88359028307998,-0.420782365184252));
#3927=CARTESIAN_POINT('Ctrl Pts',(15.1584798627642,-2.89467001992556,-0.337114755429211));
#3928=CARTESIAN_POINT('Ctrl Pts',(15.1919541657898,-2.9093794056054,-0.168143857553942));
#3929=CARTESIAN_POINT('Ctrl Pts',(15.2,-2.913,-0.0828376685188856));
#3930=CARTESIAN_POINT('Ctrl Pts',(15.2,-2.913,0.0828376685188863));
#3931=CARTESIAN_POINT('Ctrl Pts',(15.1919541657898,-2.9093794056054,0.168143857553943));
#3932=CARTESIAN_POINT('Ctrl Pts',(15.1584798627642,-2.89467001992556,0.337114755429212));
#3933=CARTESIAN_POINT('Ctrl Pts',(15.1330620599209,-2.88359028307998,0.420782365184253));
#3934=CARTESIAN_POINT('Ctrl Pts',(15.0329967550344,-2.84175619002365,0.660543430860578));
#3935=CARTESIAN_POINT('Ctrl Pts',(14.9332783741816,-2.80208252074241,0.805199256903414));
#3936=CARTESIAN_POINT('Ctrl Pts',(14.7050125309764,-2.72617121990444,1.03346510010865));
#3937=CARTESIAN_POINT('Ctrl Pts',(14.560424175696,-2.68461003879965,1.13304376779376));
#3938=CARTESIAN_POINT('Ctrl Pts',(14.3208697167977,-2.63942251111679,1.23302698255038));
#3939=CARTESIAN_POINT('Ctrl Pts',(14.2372709951142,-2.62721364260423,1.25843728249468));
#3940=CARTESIAN_POINT('Ctrl Pts',(14.0683250955646,-2.61090657431612,1.29192986619005));
#3941=CARTESIAN_POINT('Ctrl Pts',(13.9829733051404,-2.60683121816507,1.3));
#3942=CARTESIAN_POINT('Ctrl Pts',(13.8170266948596,-2.60683121816507,1.3));
#3943=CARTESIAN_POINT('Ctrl Pts',(13.7316749044354,-2.61090657431612,1.29192986619005));
#3944=CARTESIAN_POINT('Ctrl Pts',(13.5627290048858,-2.62721364260423,1.25843728249468));
#3945=CARTESIAN_POINT('Ctrl Pts',(13.4791302832023,-2.63942251111679,1.23302698255038));
#3946=CARTESIAN_POINT('Ctrl Pts',(13.239575824304,-2.68461003879965,1.13304376779376));
#3947=CARTESIAN_POINT('Ctrl Pts',(13.0949874690236,-2.72617121990444,1.03346510010865));
#3948=CARTESIAN_POINT('Ctrl Pts',(12.8667216258184,-2.80208252074241,0.805199256903415));
#3949=CARTESIAN_POINT('Ctrl Pts',(12.7670032449656,-2.84175619002365,0.660543430860578));
#3950=CARTESIAN_POINT('Ctrl Pts',(12.6669379400791,-2.88359028307998,0.420782365184253));
#3951=CARTESIAN_POINT('Ctrl Pts',(12.6415201372358,-2.89467001992556,0.337114755429212));
#3952=CARTESIAN_POINT('Ctrl Pts',(12.6080458342102,-2.9093794056054,0.168143857553943));
#3953=CARTESIAN_POINT('Ctrl Pts',(12.6,-2.913,0.0828376685188866));
#3954=CARTESIAN_POINT('Ctrl Pts',(12.6,-2.913,5.27355936696949E-16));
#3955=CARTESIAN_POINT('Ctrl Pts',(12.6,-2.913,4.9960036108132E-16));
#3956=CARTESIAN_POINT('Ctrl Pts',(12.6,-2.913,-0.0828376685188856));
#3957=CARTESIAN_POINT('Ctrl Pts',(12.6080458342102,-2.9093794056054,-0.168143857553942));
#3958=CARTESIAN_POINT('Ctrl Pts',(12.6415201372358,-2.89467001992556,-0.337114755429211));
#3959=CARTESIAN_POINT('Ctrl Pts',(12.6669379400791,-2.88359028307998,-0.420782365184252));
#3960=CARTESIAN_POINT('Ctrl Pts',(12.7670032449656,-2.84175619002365,-0.660543430860577));
#3961=CARTESIAN_POINT('Ctrl Pts',(12.8667216258184,-2.80208252074242,-0.805199256903413));
#3962=CARTESIAN_POINT('Ctrl Pts',(13.0949874690236,-2.72617121990445,-1.03346510010865));
#3963=CARTESIAN_POINT('Ctrl Pts',(13.239575824304,-2.68461003879965,-1.13304376779376));
#3964=CARTESIAN_POINT('Ctrl Pts',(13.4791302832023,-2.63942251111679,-1.23302698255038));
#3965=CARTESIAN_POINT('Ctrl Pts',(13.5627290048858,-2.62721364260423,-1.25843728249468));
#3966=CARTESIAN_POINT('Ctrl Pts',(13.7316749044354,-2.61090657431612,-1.29192986619005));
#3967=CARTESIAN_POINT('Ctrl Pts',(13.8170266948596,-2.60683121816507,-1.3));
#3968=CARTESIAN_POINT('Ctrl Pts',(13.9,-2.60683121816507,-1.3));
#3969=CARTESIAN_POINT('',(12.6,-3.96,3.25756048573196E-16));
#3970=CARTESIAN_POINT('',(12.6,-3.85,3.12284933782575E-16));
#3971=CARTESIAN_POINT('',(13.9,-3.7405347211328,-1.3));
#3972=CARTESIAN_POINT('Ctrl Pts',(13.9,-3.7405347211328,-1.3));
#3973=CARTESIAN_POINT('Ctrl Pts',(13.8177030459551,-3.7405347211328,-1.3));
#3974=CARTESIAN_POINT('Ctrl Pts',(13.7328107218738,-3.74332603946264,-1.29205949006367));
#3975=CARTESIAN_POINT('Ctrl Pts',(13.5643551053294,-3.75462316050745,-1.25885363951714));
#3976=CARTESIAN_POINT('Ctrl Pts',(13.4807891831439,-3.7631176530233,-1.23359779347131));
#3977=CARTESIAN_POINT('Ctrl Pts',(13.2408779176164,-3.79485285638826,-1.13382688152151));
#3978=CARTESIAN_POINT('Ctrl Pts',(13.0955240790929,-3.82444258630512,-1.03400171017797));
#3979=CARTESIAN_POINT('Ctrl Pts',(12.8660481944211,-3.87920697109062,-0.804525825506145));
#3980=CARTESIAN_POINT('Ctrl Pts',(12.7661845673608,-3.90808452738277,-0.659152045906567));
#3981=CARTESIAN_POINT('Ctrl Pts',(12.6331280529021,-3.94874052445776,-0.339196643064947));
#3982=CARTESIAN_POINT('Ctrl Pts',(12.6,-3.96,-0.164522334494381));
#3983=CARTESIAN_POINT('Ctrl Pts',(12.6,-3.96,3.33066907387547E-16));
#3984=CARTESIAN_POINT('Ctrl Pts',(12.6,-3.96,1.11022302462516E-16));
#3985=CARTESIAN_POINT('Ctrl Pts',(12.6,-3.96,0.164522334494381));
#3986=CARTESIAN_POINT('Ctrl Pts',(12.6331280529021,-3.94874052445776,0.339196643064947));
#3987=CARTESIAN_POINT('Ctrl Pts',(12.7661845673608,-3.90808452738277,0.659152045906567));
#3988=CARTESIAN_POINT('Ctrl Pts',(12.8660481944211,-3.87920697109062,0.804525825506146));
#3989=CARTESIAN_POINT('Ctrl Pts',(13.0955240790929,-3.82444258630512,1.03400171017797));
#3990=CARTESIAN_POINT('Ctrl Pts',(13.2408779176164,-3.79485285638826,1.13382688152151));
#3991=CARTESIAN_POINT('Ctrl Pts',(13.4807891831439,-3.7631176530233,1.23359779347131));
#3992=CARTESIAN_POINT('Ctrl Pts',(13.5643551053294,-3.75462316050745,1.25885363951714));
#3993=CARTESIAN_POINT('Ctrl Pts',(13.7328107218738,-3.74332603946264,1.29205949006367));
#3994=CARTESIAN_POINT('Ctrl Pts',(13.8177030459551,-3.7405347211328,1.3));
#3995=CARTESIAN_POINT('Ctrl Pts',(13.9822969540449,-3.7405347211328,1.3));
#3996=CARTESIAN_POINT('Ctrl Pts',(14.0671892781262,-3.74332603946264,1.29205949006367));
#3997=CARTESIAN_POINT('Ctrl Pts',(14.2356448946706,-3.75462316050745,1.25885363951714));
#3998=CARTESIAN_POINT('Ctrl Pts',(14.3192108168561,-3.7631176530233,1.23359779347131));
#3999=CARTESIAN_POINT('Ctrl Pts',(14.5591220823836,-3.79485285638826,1.13382688152151));
#4000=CARTESIAN_POINT('Ctrl Pts',(14.7044759209071,-3.82444258630512,1.03400171017797));
#4001=CARTESIAN_POINT('Ctrl Pts',(14.9339518055789,-3.87920697109062,0.804525825506146));
#4002=CARTESIAN_POINT('Ctrl Pts',(15.0338154326392,-3.90808452738277,0.659152045906567));
#4003=CARTESIAN_POINT('Ctrl Pts',(15.1668719470979,-3.94874052445776,0.339196643064947));
#4004=CARTESIAN_POINT('Ctrl Pts',(15.2,-3.96,0.164522334494382));
#4005=CARTESIAN_POINT('Ctrl Pts',(15.2,-3.96,-0.16452233449438));
#4006=CARTESIAN_POINT('Ctrl Pts',(15.1668719470979,-3.94874052445776,-0.339196643064947));
#4007=CARTESIAN_POINT('Ctrl Pts',(15.0338154326392,-3.90808452738277,-0.659152045906567));
#4008=CARTESIAN_POINT('Ctrl Pts',(14.9339518055789,-3.87920697109062,-0.804525825506145));
#4009=CARTESIAN_POINT('Ctrl Pts',(14.7044759209071,-3.82444258630512,-1.03400171017797));
#4010=CARTESIAN_POINT('Ctrl Pts',(14.5591220823836,-3.79485285638826,-1.13382688152151));
#4011=CARTESIAN_POINT('Ctrl Pts',(14.3192108168561,-3.7631176530233,-1.23359779347131));
#4012=CARTESIAN_POINT('Ctrl Pts',(14.2356448946706,-3.75462316050745,-1.25885363951714));
#4013=CARTESIAN_POINT('Ctrl Pts',(14.0671892781262,-3.74332603946264,-1.29205949006367));
#4014=CARTESIAN_POINT('Ctrl Pts',(13.9822969540449,-3.7405347211328,-1.3));
#4015=CARTESIAN_POINT('Ctrl Pts',(13.9,-3.7405347211328,-1.3));
#4016=CARTESIAN_POINT('Origin',(13.9,2.35744508835866E-16,3.85));
#4017=CARTESIAN_POINT('',(13.9,-1.3,2.60683121816507));
#4018=CARTESIAN_POINT('',(15.2,2.04143520577601E-18,2.913));
#4019=CARTESIAN_POINT('Ctrl Pts',(13.9,-1.3,2.60683121816507));
#4020=CARTESIAN_POINT('Ctrl Pts',(13.9829733051404,-1.3,2.60683121816507));
#4021=CARTESIAN_POINT('Ctrl Pts',(14.0683250955646,-1.29192986619005,2.61090657431612));
#4022=CARTESIAN_POINT('Ctrl Pts',(14.2372709951142,-1.25843728249468,2.62721364260423));
#4023=CARTESIAN_POINT('Ctrl Pts',(14.3208697167977,-1.23302698255038,2.63942251111679));
#4024=CARTESIAN_POINT('Ctrl Pts',(14.560424175696,-1.13304376779376,2.68461003879965));
#4025=CARTESIAN_POINT('Ctrl Pts',(14.7050125309764,-1.03346510010865,2.72617121990444));
#4026=CARTESIAN_POINT('Ctrl Pts',(14.9332783741816,-0.805199256903414,2.80208252074241));
#4027=CARTESIAN_POINT('Ctrl Pts',(15.0329967550344,-0.660543430860577,2.84175619002365));
#4028=CARTESIAN_POINT('Ctrl Pts',(15.1330620599209,-0.420782365184252,2.88359028307998));
#4029=CARTESIAN_POINT('Ctrl Pts',(15.1584798627642,-0.337114755429211,2.89467001992556));
#4030=CARTESIAN_POINT('Ctrl Pts',(15.1919541657898,-0.168143857553942,2.9093794056054));
#4031=CARTESIAN_POINT('Ctrl Pts',(15.2,-0.0828376685188857,2.913));
#4032=CARTESIAN_POINT('Ctrl Pts',(15.2,3.05311331771918E-16,2.913));
#4033=CARTESIAN_POINT('',(12.6,1.62238527089287E-16,2.913));
#4034=CARTESIAN_POINT('Ctrl Pts',(12.6,3.05311331771918E-16,2.913));
#4035=CARTESIAN_POINT('Ctrl Pts',(12.6,-0.0828376685188858,2.913));
#4036=CARTESIAN_POINT('Ctrl Pts',(12.6080458342102,-0.168143857553942,2.9093794056054));
#4037=CARTESIAN_POINT('Ctrl Pts',(12.6415201372358,-0.337114755429211,2.89467001992556));
#4038=CARTESIAN_POINT('Ctrl Pts',(12.6669379400791,-0.420782365184252,2.88359028307998));
#4039=CARTESIAN_POINT('Ctrl Pts',(12.7670032449656,-0.660543430860577,2.84175619002365));
#4040=CARTESIAN_POINT('Ctrl Pts',(12.8667216258184,-0.805199256903414,2.80208252074242));
#4041=CARTESIAN_POINT('Ctrl Pts',(13.0949874690236,-1.03346510010865,2.72617121990445));
#4042=CARTESIAN_POINT('Ctrl Pts',(13.239575824304,-1.13304376779376,2.68461003879965));
#4043=CARTESIAN_POINT('Ctrl Pts',(13.4791302832023,-1.23302698255038,2.63942251111679));
#4044=CARTESIAN_POINT('Ctrl Pts',(13.5627290048858,-1.25843728249468,2.62721364260423));
#4045=CARTESIAN_POINT('Ctrl Pts',(13.7316749044354,-1.29192986619005,2.61090657431612));
#4046=CARTESIAN_POINT('Ctrl Pts',(13.8170266948596,-1.3,2.60683121816507));
#4047=CARTESIAN_POINT('Ctrl Pts',(13.9,-1.3,2.60683121816507));
#4048=CARTESIAN_POINT('',(12.6,8.327598234202E-17,3.96));
#4049=CARTESIAN_POINT('',(12.6,7.65404249467096E-17,3.85));
#4050=CARTESIAN_POINT('',(13.9,-1.3,3.7405347211328));
#4051=CARTESIAN_POINT('Ctrl Pts',(13.9,-1.3,3.7405347211328));
#4052=CARTESIAN_POINT('Ctrl Pts',(13.8177030459551,-1.3,3.7405347211328));
#4053=CARTESIAN_POINT('Ctrl Pts',(13.7328107218738,-1.29205949006367,3.74332603946264));
#4054=CARTESIAN_POINT('Ctrl Pts',(13.5643551053294,-1.25885363951714,3.75462316050745));
#4055=CARTESIAN_POINT('Ctrl Pts',(13.4807891831439,-1.23359779347131,3.7631176530233));
#4056=CARTESIAN_POINT('Ctrl Pts',(13.2408779176164,-1.13382688152151,3.79485285638826));
#4057=CARTESIAN_POINT('Ctrl Pts',(13.0955240790929,-1.03400171017797,3.82444258630512));
#4058=CARTESIAN_POINT('Ctrl Pts',(12.8660481944211,-0.804525825506146,3.87920697109062));
#4059=CARTESIAN_POINT('Ctrl Pts',(12.7661845673608,-0.659152045906566,3.90808452738277));
#4060=CARTESIAN_POINT('Ctrl Pts',(12.6331280529021,-0.339196643064945,3.94874052445776));
#4061=CARTESIAN_POINT('Ctrl Pts',(12.6,-0.164522334494381,3.96));
#4062=CARTESIAN_POINT('Ctrl Pts',(12.6,3.33066907387547E-16,3.96));
#4063=CARTESIAN_POINT('',(15.2,3.50756899251132E-17,3.96));
#4064=CARTESIAN_POINT('Ctrl Pts',(15.2,5.55111512312578E-16,3.96));
#4065=CARTESIAN_POINT('Ctrl Pts',(15.2,-0.164522334494381,3.96));
#4066=CARTESIAN_POINT('Ctrl Pts',(15.1668719470979,-0.339196643064947,3.94874052445776));
#4067=CARTESIAN_POINT('Ctrl Pts',(15.0338154326392,-0.659152045906567,3.90808452738277));
#4068=CARTESIAN_POINT('Ctrl Pts',(14.9339518055789,-0.804525825506145,3.87920697109062));
#4069=CARTESIAN_POINT('Ctrl Pts',(14.7044759209071,-1.03400171017797,3.82444258630512));
#4070=CARTESIAN_POINT('Ctrl Pts',(14.5591220823836,-1.13382688152151,3.79485285638826));
#4071=CARTESIAN_POINT('Ctrl Pts',(14.3192108168561,-1.23359779347131,3.7631176530233));
#4072=CARTESIAN_POINT('Ctrl Pts',(14.2356448946706,-1.25885363951714,3.75462316050745));
#4073=CARTESIAN_POINT('Ctrl Pts',(14.0671892781262,-1.29205949006367,3.74332603946264));
#4074=CARTESIAN_POINT('Ctrl Pts',(13.9822969540449,-1.3,3.7405347211328));
#4075=CARTESIAN_POINT('Ctrl Pts',(13.9,-1.3,3.7405347211328));
#4076=CARTESIAN_POINT('Ctrl Pts',(12.6,5.55111512312578E-17,3.96));
#4077=CARTESIAN_POINT('Ctrl Pts',(12.6,0.164522334494381,3.96));
#4078=CARTESIAN_POINT('Ctrl Pts',(12.6331280529021,0.339196643064947,3.94874052445776));
#4079=CARTESIAN_POINT('Ctrl Pts',(12.7661845673608,0.659152045906567,3.90808452738277));
#4080=CARTESIAN_POINT('Ctrl Pts',(12.8660481944211,0.804525825506145,3.87920697109062));
#4081=CARTESIAN_POINT('Ctrl Pts',(13.0955240790929,1.03400171017797,3.82444258630512));
#4082=CARTESIAN_POINT('Ctrl Pts',(13.2408779176164,1.13382688152151,3.79485285638826));
#4083=CARTESIAN_POINT('Ctrl Pts',(13.4807891831439,1.23359779347131,3.7631176530233));
#4084=CARTESIAN_POINT('Ctrl Pts',(13.5643551053294,1.25885363951714,3.75462316050745));
#4085=CARTESIAN_POINT('Ctrl Pts',(13.7328107218738,1.29205949006367,3.74332603946264));
#4086=CARTESIAN_POINT('Ctrl Pts',(13.8177030459551,1.3,3.7405347211328));
#4087=CARTESIAN_POINT('Ctrl Pts',(13.9822969540449,1.3,3.7405347211328));
#4088=CARTESIAN_POINT('Ctrl Pts',(14.0671892781262,1.29205949006367,3.74332603946264));
#4089=CARTESIAN_POINT('Ctrl Pts',(14.2356448946706,1.25885363951714,3.75462316050745));
#4090=CARTESIAN_POINT('Ctrl Pts',(14.3192108168561,1.23359779347131,3.7631176530233));
#4091=CARTESIAN_POINT('Ctrl Pts',(14.5591220823836,1.13382688152151,3.79485285638826));
#4092=CARTESIAN_POINT('Ctrl Pts',(14.7044759209071,1.03400171017797,3.82444258630512));
#4093=CARTESIAN_POINT('Ctrl Pts',(14.9339518055789,0.804525825506145,3.87920697109062));
#4094=CARTESIAN_POINT('Ctrl Pts',(15.0338154326392,0.659152045906567,3.90808452738277));
#4095=CARTESIAN_POINT('Ctrl Pts',(15.1668719470979,0.339196643064947,3.94874052445776));
#4096=CARTESIAN_POINT('Ctrl Pts',(15.2,0.164522334494381,3.96));
#4097=CARTESIAN_POINT('Ctrl Pts',(15.2,4.44089209850063E-16,3.96));
#4098=CARTESIAN_POINT('Ctrl Pts',(15.2,3.05311331771918E-16,2.913));
#4099=CARTESIAN_POINT('Ctrl Pts',(15.2,0.0828376685188864,2.913));
#4100=CARTESIAN_POINT('Ctrl Pts',(15.1919541657898,0.168143857553943,2.9093794056054));
#4101=CARTESIAN_POINT('Ctrl Pts',(15.1584798627642,0.337114755429212,2.89467001992556));
#4102=CARTESIAN_POINT('Ctrl Pts',(15.1330620599209,0.420782365184253,2.88359028307998));
#4103=CARTESIAN_POINT('Ctrl Pts',(15.0329967550344,0.660543430860578,2.84175619002365));
#4104=CARTESIAN_POINT('Ctrl Pts',(14.9332783741816,0.805199256903414,2.80208252074241));
#4105=CARTESIAN_POINT('Ctrl Pts',(14.7050125309764,1.03346510010865,2.72617121990444));
#4106=CARTESIAN_POINT('Ctrl Pts',(14.560424175696,1.13304376779376,2.68461003879965));
#4107=CARTESIAN_POINT('Ctrl Pts',(14.3208697167977,1.23302698255038,2.63942251111679));
#4108=CARTESIAN_POINT('Ctrl Pts',(14.2372709951142,1.25843728249468,2.62721364260423));
#4109=CARTESIAN_POINT('Ctrl Pts',(14.0683250955646,1.29192986619005,2.61090657431612));
#4110=CARTESIAN_POINT('Ctrl Pts',(13.9829733051404,1.3,2.60683121816507));
#4111=CARTESIAN_POINT('Ctrl Pts',(13.8170266948596,1.3,2.60683121816507));
#4112=CARTESIAN_POINT('Ctrl Pts',(13.7316749044354,1.29192986619005,2.61090657431612));
#4113=CARTESIAN_POINT('Ctrl Pts',(13.5627290048858,1.25843728249468,2.62721364260423));
#4114=CARTESIAN_POINT('Ctrl Pts',(13.4791302832023,1.23302698255038,2.63942251111679));
#4115=CARTESIAN_POINT('Ctrl Pts',(13.239575824304,1.13304376779376,2.68461003879965));
#4116=CARTESIAN_POINT('Ctrl Pts',(13.0949874690236,1.03346510010865,2.72617121990445));
#4117=CARTESIAN_POINT('Ctrl Pts',(12.8667216258184,0.805199256903415,2.80208252074241));
#4118=CARTESIAN_POINT('Ctrl Pts',(12.7670032449656,0.660543430860579,2.84175619002365));
#4119=CARTESIAN_POINT('Ctrl Pts',(12.6669379400791,0.420782365184254,2.88359028307998));
#4120=CARTESIAN_POINT('Ctrl Pts',(12.6415201372358,0.337114755429212,2.89467001992556));
#4121=CARTESIAN_POINT('Ctrl Pts',(12.6080458342102,0.168143857553943,2.9093794056054));
#4122=CARTESIAN_POINT('Ctrl Pts',(12.6,0.0828376685188864,2.913));
#4123=CARTESIAN_POINT('Ctrl Pts',(12.6,3.05311331771918E-16,2.913));
#4124=CARTESIAN_POINT('Origin',(13.9,3.85,0.));
#4125=CARTESIAN_POINT('',(13.9,2.60683121816507,1.3));
#4126=CARTESIAN_POINT('',(12.6,2.913,-3.66468490230879E-18));
#4127=CARTESIAN_POINT('Ctrl Pts',(13.9,2.60683121816507,1.3));
#4128=CARTESIAN_POINT('Ctrl Pts',(13.9829733051404,2.60683121816507,1.3));
#4129=CARTESIAN_POINT('Ctrl Pts',(14.0683250955646,2.61090657431612,1.29192986619005));
#4130=CARTESIAN_POINT('Ctrl Pts',(14.2372709951142,2.62721364260423,1.25843728249468));
#4131=CARTESIAN_POINT('Ctrl Pts',(14.3208697167977,2.63942251111679,1.23302698255038));
#4132=CARTESIAN_POINT('Ctrl Pts',(14.560424175696,2.68461003879965,1.13304376779376));
#4133=CARTESIAN_POINT('Ctrl Pts',(14.7050125309764,2.72617121990444,1.03346510010865));
#4134=CARTESIAN_POINT('Ctrl Pts',(14.9332783741816,2.80208252074241,0.805199256903414));
#4135=CARTESIAN_POINT('Ctrl Pts',(15.0329967550344,2.84175619002365,0.660543430860578));
#4136=CARTESIAN_POINT('Ctrl Pts',(15.1330620599209,2.88359028307998,0.420782365184253));
#4137=CARTESIAN_POINT('Ctrl Pts',(15.1584798627642,2.89467001992556,0.337114755429212));
#4138=CARTESIAN_POINT('Ctrl Pts',(15.1919541657898,2.9093794056054,0.168143857553942));
#4139=CARTESIAN_POINT('Ctrl Pts',(15.2,2.913,0.0828376685188859));
#4140=CARTESIAN_POINT('Ctrl Pts',(15.2,2.913,-0.082837668518886));
#4141=CARTESIAN_POINT('Ctrl Pts',(15.1919541657898,2.9093794056054,-0.168143857553942));
#4142=CARTESIAN_POINT('Ctrl Pts',(15.1584798627642,2.89467001992556,-0.337114755429212));
#4143=CARTESIAN_POINT('Ctrl Pts',(15.1330620599209,2.88359028307998,-0.420782365184253));
#4144=CARTESIAN_POINT('Ctrl Pts',(15.0329967550344,2.84175619002365,-0.660543430860578));
#4145=CARTESIAN_POINT('Ctrl Pts',(14.9332783741816,2.80208252074241,-0.805199256903414));
#4146=CARTESIAN_POINT('Ctrl Pts',(14.7050125309764,2.72617121990444,-1.03346510010865));
#4147=CARTESIAN_POINT('Ctrl Pts',(14.560424175696,2.68461003879965,-1.13304376779376));
#4148=CARTESIAN_POINT('Ctrl Pts',(14.3208697167977,2.63942251111679,-1.23302698255038));
#4149=CARTESIAN_POINT('Ctrl Pts',(14.2372709951142,2.62721364260423,-1.25843728249468));
#4150=CARTESIAN_POINT('Ctrl Pts',(14.0683250955646,2.61090657431612,-1.29192986619005));
#4151=CARTESIAN_POINT('Ctrl Pts',(13.9829733051404,2.60683121816507,-1.3));
#4152=CARTESIAN_POINT('Ctrl Pts',(13.8170266948596,2.60683121816507,-1.3));
#4153=CARTESIAN_POINT('Ctrl Pts',(13.7316749044354,2.61090657431612,-1.29192986619005));
#4154=CARTESIAN_POINT('Ctrl Pts',(13.5627290048858,2.62721364260423,-1.25843728249468));
#4155=CARTESIAN_POINT('Ctrl Pts',(13.4791302832023,2.63942251111679,-1.23302698255038));
#4156=CARTESIAN_POINT('Ctrl Pts',(13.239575824304,2.68461003879965,-1.13304376779376));
#4157=CARTESIAN_POINT('Ctrl Pts',(13.0949874690236,2.72617121990444,-1.03346510010865));
#4158=CARTESIAN_POINT('Ctrl Pts',(12.8667216258184,2.80208252074241,-0.805199256903414));
#4159=CARTESIAN_POINT('Ctrl Pts',(12.7670032449656,2.84175619002365,-0.660543430860577));
#4160=CARTESIAN_POINT('Ctrl Pts',(12.6669379400791,2.88359028307998,-0.420782365184252));
#4161=CARTESIAN_POINT('Ctrl Pts',(12.6415201372358,2.89467001992556,-0.337114755429211));
#4162=CARTESIAN_POINT('Ctrl Pts',(12.6080458342102,2.9093794056054,-0.168143857553942));
#4163=CARTESIAN_POINT('Ctrl Pts',(12.6,2.913,-0.0828376685188859));
#4164=CARTESIAN_POINT('Ctrl Pts',(12.6,2.913,-1.94289029309402E-16));
#4165=CARTESIAN_POINT('Ctrl Pts',(12.6,2.913,-1.38777878078145E-16));
#4166=CARTESIAN_POINT('Ctrl Pts',(12.6,2.913,0.0828376685188856));
#4167=CARTESIAN_POINT('Ctrl Pts',(12.6080458342102,2.9093794056054,0.168143857553942));
#4168=CARTESIAN_POINT('Ctrl Pts',(12.6415201372358,2.89467001992556,0.337114755429211));
#4169=CARTESIAN_POINT('Ctrl Pts',(12.6669379400791,2.88359028307998,0.420782365184251));
#4170=CARTESIAN_POINT('Ctrl Pts',(12.7670032449656,2.84175619002365,0.660543430860577));
#4171=CARTESIAN_POINT('Ctrl Pts',(12.8667216258184,2.80208252074242,0.805199256903414));
#4172=CARTESIAN_POINT('Ctrl Pts',(13.0949874690236,2.72617121990445,1.03346510010865));
#4173=CARTESIAN_POINT('Ctrl Pts',(13.239575824304,2.68461003879965,1.13304376779376));
#4174=CARTESIAN_POINT('Ctrl Pts',(13.4791302832023,2.63942251111679,1.23302698255038));
#4175=CARTESIAN_POINT('Ctrl Pts',(13.5627290048858,2.62721364260423,1.25843728249468));
#4176=CARTESIAN_POINT('Ctrl Pts',(13.7316749044354,2.61090657431612,1.29192986619005));
#4177=CARTESIAN_POINT('Ctrl Pts',(13.8170266948596,2.60683121816507,1.3));
#4178=CARTESIAN_POINT('Ctrl Pts',(13.9,2.60683121816507,1.3));
#4179=CARTESIAN_POINT('',(12.6,3.96,1.59204083889156E-16));
#4180=CARTESIAN_POINT('',(12.6,3.85,1.59204083889156E-16));
#4181=CARTESIAN_POINT('',(13.9,3.7405347211328,1.3));
#4182=CARTESIAN_POINT('Ctrl Pts',(13.9,3.7405347211328,1.3));
#4183=CARTESIAN_POINT('Ctrl Pts',(13.8177030459551,3.7405347211328,1.3));
#4184=CARTESIAN_POINT('Ctrl Pts',(13.7328107218738,3.74332603946264,1.29205949006367));
#4185=CARTESIAN_POINT('Ctrl Pts',(13.5643551053294,3.75462316050745,1.25885363951714));
#4186=CARTESIAN_POINT('Ctrl Pts',(13.4807891831439,3.7631176530233,1.23359779347131));
#4187=CARTESIAN_POINT('Ctrl Pts',(13.2408779176164,3.79485285638826,1.13382688152151));
#4188=CARTESIAN_POINT('Ctrl Pts',(13.0955240790929,3.82444258630512,1.03400171017797));
#4189=CARTESIAN_POINT('Ctrl Pts',(12.8660481944211,3.87920697109062,0.804525825506146));
#4190=CARTESIAN_POINT('Ctrl Pts',(12.7661845673608,3.90808452738277,0.659152045906567));
#4191=CARTESIAN_POINT('Ctrl Pts',(12.6331280529021,3.94874052445776,0.339196643064947));
#4192=CARTESIAN_POINT('Ctrl Pts',(12.6,3.96,0.164522334494381));
#4193=CARTESIAN_POINT('Ctrl Pts',(12.6,3.96,2.22044604925031E-16));
#4194=CARTESIAN_POINT('Ctrl Pts',(12.6,3.96,4.44089209850063E-16));
#4195=CARTESIAN_POINT('Ctrl Pts',(12.6,3.96,-0.16452233449438));
#4196=CARTESIAN_POINT('Ctrl Pts',(12.6331280529021,3.94874052445776,-0.339196643064947));
#4197=CARTESIAN_POINT('Ctrl Pts',(12.7661845673608,3.90808452738277,-0.659152045906567));
#4198=CARTESIAN_POINT('Ctrl Pts',(12.8660481944211,3.87920697109062,-0.804525825506145));
#4199=CARTESIAN_POINT('Ctrl Pts',(13.0955240790929,3.82444258630512,-1.03400171017797));
#4200=CARTESIAN_POINT('Ctrl Pts',(13.2408779176164,3.79485285638826,-1.13382688152151));
#4201=CARTESIAN_POINT('Ctrl Pts',(13.4807891831439,3.7631176530233,-1.23359779347131));
#4202=CARTESIAN_POINT('Ctrl Pts',(13.5643551053294,3.75462316050745,-1.25885363951714));
#4203=CARTESIAN_POINT('Ctrl Pts',(13.7328107218738,3.74332603946264,-1.29205949006367));
#4204=CARTESIAN_POINT('Ctrl Pts',(13.8177030459551,3.7405347211328,-1.3));
#4205=CARTESIAN_POINT('Ctrl Pts',(13.9822969540449,3.7405347211328,-1.3));
#4206=CARTESIAN_POINT('Ctrl Pts',(14.0671892781262,3.74332603946264,-1.29205949006367));
#4207=CARTESIAN_POINT('Ctrl Pts',(14.2356448946706,3.75462316050745,-1.25885363951714));
#4208=CARTESIAN_POINT('Ctrl Pts',(14.3192108168561,3.7631176530233,-1.23359779347131));
#4209=CARTESIAN_POINT('Ctrl Pts',(14.5591220823836,3.79485285638826,-1.13382688152151));
#4210=CARTESIAN_POINT('Ctrl Pts',(14.7044759209071,3.82444258630512,-1.03400171017797));
#4211=CARTESIAN_POINT('Ctrl Pts',(14.9339518055789,3.87920697109062,-0.804525825506145));
#4212=CARTESIAN_POINT('Ctrl Pts',(15.0338154326392,3.90808452738277,-0.659152045906567));
#4213=CARTESIAN_POINT('Ctrl Pts',(15.1668719470979,3.94874052445776,-0.339196643064947));
#4214=CARTESIAN_POINT('Ctrl Pts',(15.2,3.96,-0.164522334494381));
#4215=CARTESIAN_POINT('Ctrl Pts',(15.2,3.96,0.16452233449438));
#4216=CARTESIAN_POINT('Ctrl Pts',(15.1668719470979,3.94874052445776,0.339196643064946));
#4217=CARTESIAN_POINT('Ctrl Pts',(15.0338154326392,3.90808452738277,0.659152045906566));
#4218=CARTESIAN_POINT('Ctrl Pts',(14.9339518055789,3.87920697109062,0.804525825506145));
#4219=CARTESIAN_POINT('Ctrl Pts',(14.7044759209071,3.82444258630512,1.03400171017797));
#4220=CARTESIAN_POINT('Ctrl Pts',(14.5591220823836,3.79485285638826,1.13382688152151));
#4221=CARTESIAN_POINT('Ctrl Pts',(14.3192108168561,3.7631176530233,1.23359779347131));
#4222=CARTESIAN_POINT('Ctrl Pts',(14.2356448946706,3.75462316050745,1.25885363951714));
#4223=CARTESIAN_POINT('Ctrl Pts',(14.0671892781262,3.74332603946264,1.29205949006367));
#4224=CARTESIAN_POINT('Ctrl Pts',(13.9822969540449,3.7405347211328,1.3));
#4225=CARTESIAN_POINT('Ctrl Pts',(13.9,3.7405347211328,1.3));
#4226=CARTESIAN_POINT('Origin',(11.35,2.72236110756821,-2.72236110756821));
#4227=CARTESIAN_POINT('',(11.35,2.76254684731582,-0.9240692162308));
#4228=CARTESIAN_POINT('',(10.05,2.05980205359641,-2.05980205359641));
#4229=CARTESIAN_POINT('Ctrl Pts',(11.35,2.76254684731582,-0.9240692162308));
#4230=CARTESIAN_POINT('Ctrl Pts',(11.4329733051404,2.76254684731582,-0.9240692162308));
#4231=CARTESIAN_POINT('Ctrl Pts',(11.5183250955646,2.75972211294388,-0.932657374543057));
#4232=CARTESIAN_POINT('Ctrl Pts',(11.6872709951142,2.74757011846122,-0.967871046161303));
#4233=CARTESIAN_POINT('Ctrl Pts',(11.7708697167977,2.73823529677446,-0.99447181527975));
#4234=CARTESIAN_POINT('Ctrl Pts',(12.010424175696,2.69948889486483,-1.09712303168859));
#4235=CARTESIAN_POINT('Ctrl Pts',(12.1550125309764,2.6584643366765,-1.19692397586357));
#4236=CARTESIAN_POINT('Ctrl Pts',(12.3832783741816,2.55073340662403,-1.41200969709848));
#4237=CARTESIAN_POINT('Ctrl Pts',(12.4829967550344,2.47649981167431,-1.54235033321483));
#4238=CARTESIAN_POINT('Ctrl Pts',(12.5830620599209,2.33654430715499,-1.74146817950399));
#4239=CARTESIAN_POINT('Ctrl Pts',(12.6084798627642,2.2852169299888,-1.80846467078472));
#4240=CARTESIAN_POINT('Ctrl Pts',(12.6419541657898,2.17613756863932,-1.93834624485681));
#4241=CARTESIAN_POINT('Ctrl Pts',(12.65,2.1183771307438,-2.00122697644903));
#4242=CARTESIAN_POINT('Ctrl Pts',(12.65,2.00122697644902,-2.1183771307438));
#4243=CARTESIAN_POINT('Ctrl Pts',(12.6419541657898,1.93834624485681,-2.17613756863932));
#4244=CARTESIAN_POINT('Ctrl Pts',(12.6084798627642,1.80846467078472,-2.2852169299888));
#4245=CARTESIAN_POINT('Ctrl Pts',(12.5830620599209,1.74146817950399,-2.33654430715499));
#4246=CARTESIAN_POINT('Ctrl Pts',(12.4829967550344,1.54235033321483,-2.47649981167431));
#4247=CARTESIAN_POINT('Ctrl Pts',(12.3832783741816,1.41200969709848,-2.55073340662403));
#4248=CARTESIAN_POINT('Ctrl Pts',(12.1550125309764,1.19692397586357,-2.6584643366765));
#4249=CARTESIAN_POINT('Ctrl Pts',(12.010424175696,1.09712303168859,-2.69948889486483));
#4250=CARTESIAN_POINT('Ctrl Pts',(11.7708697167977,0.994471815279748,-2.73823529677446));
#4251=CARTESIAN_POINT('Ctrl Pts',(11.6872709951142,0.967871046161302,-2.74757011846122));
#4252=CARTESIAN_POINT('Ctrl Pts',(11.5183250955646,0.932657374543056,-2.75972211294388));
#4253=CARTESIAN_POINT('Ctrl Pts',(11.4329733051404,0.924069216230799,-2.76254684731582));
#4254=CARTESIAN_POINT('Ctrl Pts',(11.2670266948596,0.924069216230799,-2.76254684731582));
#4255=CARTESIAN_POINT('Ctrl Pts',(11.1816749044354,0.932657374543056,-2.75972211294388));
#4256=CARTESIAN_POINT('Ctrl Pts',(11.0127290048858,0.967871046161302,-2.74757011846122));
#4257=CARTESIAN_POINT('Ctrl Pts',(10.9291302832023,0.994471815279748,-2.73823529677446));
#4258=CARTESIAN_POINT('Ctrl Pts',(10.689575824304,1.09712303168859,-2.69948889486483));
#4259=CARTESIAN_POINT('Ctrl Pts',(10.5449874690236,1.19692397586357,-2.6584643366765));
#4260=CARTESIAN_POINT('Ctrl Pts',(10.3167216258184,1.41200969709848,-2.55073340662403));
#4261=CARTESIAN_POINT('Ctrl Pts',(10.2170032449656,1.54235033321482,-2.47649981167431));
#4262=CARTESIAN_POINT('Ctrl Pts',(10.1169379400791,1.74146817950399,-2.33654430715499));
#4263=CARTESIAN_POINT('Ctrl Pts',(10.0915201372358,1.80846467078472,-2.2852169299888));
#4264=CARTESIAN_POINT('Ctrl Pts',(10.0580458342102,1.93834624485681,-2.17613756863933));
#4265=CARTESIAN_POINT('Ctrl Pts',(10.05,2.00122697644902,-2.1183771307438));
#4266=CARTESIAN_POINT('Ctrl Pts',(10.05,2.05980205359641,-2.05980205359641));
#4267=CARTESIAN_POINT('Ctrl Pts',(10.05,2.05980205359641,-2.05980205359641));
#4268=CARTESIAN_POINT('Ctrl Pts',(10.05,2.1183771307438,-2.00122697644903));
#4269=CARTESIAN_POINT('Ctrl Pts',(10.0580458342102,2.17613756863932,-1.93834624485681));
#4270=CARTESIAN_POINT('Ctrl Pts',(10.0915201372358,2.2852169299888,-1.80846467078472));
#4271=CARTESIAN_POINT('Ctrl Pts',(10.1169379400791,2.33654430715499,-1.74146817950399));
#4272=CARTESIAN_POINT('Ctrl Pts',(10.2170032449656,2.47649981167431,-1.54235033321482));
#4273=CARTESIAN_POINT('Ctrl Pts',(10.3167216258184,2.55073340662403,-1.41200969709848));
#4274=CARTESIAN_POINT('Ctrl Pts',(10.5449874690236,2.6584643366765,-1.19692397586357));
#4275=CARTESIAN_POINT('Ctrl Pts',(10.689575824304,2.69948889486483,-1.09712303168859));
#4276=CARTESIAN_POINT('Ctrl Pts',(10.9291302832023,2.73823529677446,-0.994471815279749));
#4277=CARTESIAN_POINT('Ctrl Pts',(11.0127290048858,2.74757011846122,-0.967871046161303));
#4278=CARTESIAN_POINT('Ctrl Pts',(11.1816749044354,2.75972211294388,-0.932657374543057));
#4279=CARTESIAN_POINT('Ctrl Pts',(11.2670266948596,2.76254684731582,-0.9240692162308));
#4280=CARTESIAN_POINT('Ctrl Pts',(11.35,2.76254684731582,-0.9240692162308));
#4281=CARTESIAN_POINT('',(10.05,2.80014285349873,-2.80014285349873));
#4282=CARTESIAN_POINT('',(10.05,2.72236110756821,-2.72236110756821));
#4283=CARTESIAN_POINT('',(11.35,3.56419628211924,-1.72571865103422));
#4284=CARTESIAN_POINT('Ctrl Pts',(11.35,3.56419628211924,-1.72571865103422));
#4285=CARTESIAN_POINT('Ctrl Pts',(11.2677030459551,3.56419628211924,-1.72571865103422));
#4286=CARTESIAN_POINT('Ctrl Pts',(11.1828107218738,3.56055525381667,-1.73330719957576));
#4287=CARTESIAN_POINT('Ctrl Pts',(11.0143551053294,3.54506344261882,-1.76477555257096));
#4288=CARTESIAN_POINT('Ctrl Pts',(10.9307891831439,3.53321137587591,-1.78864064583525));
#4289=CARTESIAN_POINT('Ctrl Pts',(10.6908779176164,3.48510286497274,-1.88162951174182));
#4290=CARTESIAN_POINT('Ctrl Pts',(10.5455240790929,3.4354389080603,-1.97313966600964));
#4291=CARTESIAN_POINT('Ctrl Pts',(10.3160481944211,3.3118992217394,-2.1741278880292));
#4292=CARTESIAN_POINT('Ctrl Pts',(10.2161845673608,3.2295239522561,-2.29734218926906));
#4293=CARTESIAN_POINT('Ctrl Pts',(10.0831280529021,3.03202944845714,-2.55233295552327));
#4294=CARTESIAN_POINT('Ctrl Pts',(10.05,2.91647771187635,-2.68380799512111));
#4295=CARTESIAN_POINT('Ctrl Pts',(10.05,2.80014285349873,-2.80014285349873));
#4296=CARTESIAN_POINT('Ctrl Pts',(10.05,2.80014285349873,-2.80014285349873));
#4297=CARTESIAN_POINT('Ctrl Pts',(10.05,2.68380799512111,-2.91647771187635));
#4298=CARTESIAN_POINT('Ctrl Pts',(10.0831280529021,2.55233295552327,-3.03202944845714));
#4299=CARTESIAN_POINT('Ctrl Pts',(10.2161845673608,2.29734218926906,-3.2295239522561));
#4300=CARTESIAN_POINT('Ctrl Pts',(10.3160481944211,2.1741278880292,-3.31189922173941));
#4301=CARTESIAN_POINT('Ctrl Pts',(10.5455240790929,1.97313966600964,-3.4354389080603));
#4302=CARTESIAN_POINT('Ctrl Pts',(10.6908779176164,1.88162951174182,-3.48510286497274));
#4303=CARTESIAN_POINT('Ctrl Pts',(10.9307891831439,1.78864064583525,-3.53321137587591));
#4304=CARTESIAN_POINT('Ctrl Pts',(11.0143551053294,1.76477555257095,-3.54506344261882));
#4305=CARTESIAN_POINT('Ctrl Pts',(11.1828107218738,1.73330719957576,-3.56055525381667));
#4306=CARTESIAN_POINT('Ctrl Pts',(11.2677030459551,1.72571865103422,-3.56419628211924));
#4307=CARTESIAN_POINT('Ctrl Pts',(11.4322969540449,1.72571865103422,-3.56419628211924));
#4308=CARTESIAN_POINT('Ctrl Pts',(11.5171892781262,1.73330719957576,-3.56055525381667));
#4309=CARTESIAN_POINT('Ctrl Pts',(11.6856448946706,1.76477555257095,-3.54506344261882));
#4310=CARTESIAN_POINT('Ctrl Pts',(11.7692108168561,1.78864064583525,-3.53321137587591));
#4311=CARTESIAN_POINT('Ctrl Pts',(12.0091220823836,1.88162951174182,-3.48510286497274));
#4312=CARTESIAN_POINT('Ctrl Pts',(12.1544759209071,1.97313966600964,-3.4354389080603));
#4313=CARTESIAN_POINT('Ctrl Pts',(12.3839518055789,2.1741278880292,-3.31189922173941));
#4314=CARTESIAN_POINT('Ctrl Pts',(12.4838154326392,2.29734218926906,-3.2295239522561));
#4315=CARTESIAN_POINT('Ctrl Pts',(12.6168719470979,2.55233295552327,-3.03202944845714));
#4316=CARTESIAN_POINT('Ctrl Pts',(12.65,2.68380799512111,-2.91647771187635));
#4317=CARTESIAN_POINT('Ctrl Pts',(12.65,2.91647771187634,-2.68380799512111));
#4318=CARTESIAN_POINT('Ctrl Pts',(12.6168719470979,3.03202944845714,-2.55233295552327));
#4319=CARTESIAN_POINT('Ctrl Pts',(12.4838154326392,3.2295239522561,-2.29734218926906));
#4320=CARTESIAN_POINT('Ctrl Pts',(12.3839518055789,3.3118992217394,-2.1741278880292));
#4321=CARTESIAN_POINT('Ctrl Pts',(12.1544759209071,3.4354389080603,-1.97313966600964));
#4322=CARTESIAN_POINT('Ctrl Pts',(12.0091220823836,3.48510286497274,-1.88162951174182));
#4323=CARTESIAN_POINT('Ctrl Pts',(11.7692108168561,3.53321137587591,-1.78864064583525));
#4324=CARTESIAN_POINT('Ctrl Pts',(11.6856448946706,3.54506344261882,-1.76477555257096));
#4325=CARTESIAN_POINT('Ctrl Pts',(11.5171892781262,3.56055525381667,-1.73330719957576));
#4326=CARTESIAN_POINT('Ctrl Pts',(11.4322969540449,3.56419628211924,-1.72571865103422));
#4327=CARTESIAN_POINT('Ctrl Pts',(11.35,3.56419628211924,-1.72571865103422));
#4328=CARTESIAN_POINT('Origin',(11.35,-2.72236110756821,-2.72236110756821));
#4329=CARTESIAN_POINT('',(11.35,-0.9240692162308,-2.76254684731582));
#4330=CARTESIAN_POINT('',(10.05,-2.05980205359641,-2.05980205359641));
#4331=CARTESIAN_POINT('Ctrl Pts',(11.35,-0.9240692162308,-2.76254684731582));
#4332=CARTESIAN_POINT('Ctrl Pts',(11.4329733051404,-0.9240692162308,-2.76254684731582));
#4333=CARTESIAN_POINT('Ctrl Pts',(11.5183250955646,-0.932657374543057,-2.75972211294388));
#4334=CARTESIAN_POINT('Ctrl Pts',(11.6872709951142,-0.967871046161303,-2.74757011846122));
#4335=CARTESIAN_POINT('Ctrl Pts',(11.7708697167977,-0.994471815279749,-2.73823529677446));
#4336=CARTESIAN_POINT('Ctrl Pts',(12.010424175696,-1.09712303168859,-2.69948889486483));
#4337=CARTESIAN_POINT('Ctrl Pts',(12.1550125309764,-1.19692397586357,-2.6584643366765));
#4338=CARTESIAN_POINT('Ctrl Pts',(12.3832783741816,-1.41200969709848,-2.55073340662403));
#4339=CARTESIAN_POINT('Ctrl Pts',(12.4829967550344,-1.54235033321482,-2.47649981167431));
#4340=CARTESIAN_POINT('Ctrl Pts',(12.5830620599209,-1.74146817950399,-2.33654430715499));
#4341=CARTESIAN_POINT('Ctrl Pts',(12.6084798627642,-1.80846467078472,-2.2852169299888));
#4342=CARTESIAN_POINT('Ctrl Pts',(12.6419541657898,-1.93834624485681,-2.17613756863932));
#4343=CARTESIAN_POINT('Ctrl Pts',(12.65,-2.00122697644903,-2.1183771307438));
#4344=CARTESIAN_POINT('Ctrl Pts',(12.65,-2.1183771307438,-2.00122697644903));
#4345=CARTESIAN_POINT('Ctrl Pts',(12.6419541657898,-2.17613756863932,-1.93834624485681));
#4346=CARTESIAN_POINT('Ctrl Pts',(12.6084798627642,-2.2852169299888,-1.80846467078472));
#4347=CARTESIAN_POINT('Ctrl Pts',(12.5830620599209,-2.33654430715499,-1.74146817950399));
#4348=CARTESIAN_POINT('Ctrl Pts',(12.4829967550344,-2.47649981167431,-1.54235033321482));
#4349=CARTESIAN_POINT('Ctrl Pts',(12.3832783741816,-2.55073340662403,-1.41200969709848));
#4350=CARTESIAN_POINT('Ctrl Pts',(12.1550125309764,-2.6584643366765,-1.19692397586357));
#4351=CARTESIAN_POINT('Ctrl Pts',(12.010424175696,-2.69948889486483,-1.09712303168859));
#4352=CARTESIAN_POINT('Ctrl Pts',(11.7708697167977,-2.73823529677446,-0.994471815279748));
#4353=CARTESIAN_POINT('Ctrl Pts',(11.6872709951142,-2.74757011846122,-0.967871046161303));
#4354=CARTESIAN_POINT('Ctrl Pts',(11.5183250955646,-2.75972211294388,-0.932657374543056));
#4355=CARTESIAN_POINT('Ctrl Pts',(11.4329733051404,-2.76254684731582,-0.924069216230799));
#4356=CARTESIAN_POINT('Ctrl Pts',(11.2670266948596,-2.76254684731582,-0.924069216230799));
#4357=CARTESIAN_POINT('Ctrl Pts',(11.1816749044354,-2.75972211294388,-0.932657374543056));
#4358=CARTESIAN_POINT('Ctrl Pts',(11.0127290048858,-2.74757011846122,-0.967871046161301));
#4359=CARTESIAN_POINT('Ctrl Pts',(10.9291302832023,-2.73823529677446,-0.994471815279749));
#4360=CARTESIAN_POINT('Ctrl Pts',(10.689575824304,-2.69948889486483,-1.09712303168859));
#4361=CARTESIAN_POINT('Ctrl Pts',(10.5449874690236,-2.6584643366765,-1.19692397586357));
#4362=CARTESIAN_POINT('Ctrl Pts',(10.3167216258184,-2.55073340662403,-1.41200969709848));
#4363=CARTESIAN_POINT('Ctrl Pts',(10.2170032449656,-2.47649981167431,-1.54235033321483));
#4364=CARTESIAN_POINT('Ctrl Pts',(10.1169379400791,-2.33654430715499,-1.74146817950399));
#4365=CARTESIAN_POINT('Ctrl Pts',(10.0915201372358,-2.2852169299888,-1.80846467078472));
#4366=CARTESIAN_POINT('Ctrl Pts',(10.0580458342102,-2.17613756863933,-1.93834624485681));
#4367=CARTESIAN_POINT('Ctrl Pts',(10.05,-2.1183771307438,-2.00122697644902));
#4368=CARTESIAN_POINT('Ctrl Pts',(10.05,-2.05980205359641,-2.05980205359641));
#4369=CARTESIAN_POINT('Ctrl Pts',(10.05,-2.05980205359641,-2.05980205359641));
#4370=CARTESIAN_POINT('Ctrl Pts',(10.05,-2.00122697644902,-2.1183771307438));
#4371=CARTESIAN_POINT('Ctrl Pts',(10.0580458342102,-1.93834624485681,-2.17613756863933));
#4372=CARTESIAN_POINT('Ctrl Pts',(10.0915201372358,-1.80846467078472,-2.2852169299888));
#4373=CARTESIAN_POINT('Ctrl Pts',(10.1169379400791,-1.74146817950399,-2.33654430715499));
#4374=CARTESIAN_POINT('Ctrl Pts',(10.2170032449656,-1.54235033321482,-2.47649981167431));
#4375=CARTESIAN_POINT('Ctrl Pts',(10.3167216258184,-1.41200969709848,-2.55073340662403));
#4376=CARTESIAN_POINT('Ctrl Pts',(10.5449874690236,-1.19692397586357,-2.6584643366765));
#4377=CARTESIAN_POINT('Ctrl Pts',(10.689575824304,-1.09712303168859,-2.69948889486483));
#4378=CARTESIAN_POINT('Ctrl Pts',(10.9291302832023,-0.994471815279748,-2.73823529677446));
#4379=CARTESIAN_POINT('Ctrl Pts',(11.0127290048858,-0.967871046161302,-2.74757011846122));
#4380=CARTESIAN_POINT('Ctrl Pts',(11.1816749044354,-0.932657374543057,-2.75972211294388));
#4381=CARTESIAN_POINT('Ctrl Pts',(11.2670266948596,-0.9240692162308,-2.76254684731582));
#4382=CARTESIAN_POINT('Ctrl Pts',(11.35,-0.9240692162308,-2.76254684731582));
#4383=CARTESIAN_POINT('',(10.05,-2.80014285349873,-2.80014285349873));
#4384=CARTESIAN_POINT('',(10.05,-2.72236110756821,-2.72236110756821));
#4385=CARTESIAN_POINT('',(11.35,-1.72571865103422,-3.56419628211924));
#4386=CARTESIAN_POINT('Ctrl Pts',(11.35,-1.72571865103422,-3.56419628211924));
#4387=CARTESIAN_POINT('Ctrl Pts',(11.2677030459551,-1.72571865103422,-3.56419628211924));
#4388=CARTESIAN_POINT('Ctrl Pts',(11.1828107218738,-1.73330719957576,-3.56055525381667));
#4389=CARTESIAN_POINT('Ctrl Pts',(11.0143551053294,-1.76477555257095,-3.54506344261882));
#4390=CARTESIAN_POINT('Ctrl Pts',(10.9307891831439,-1.78864064583525,-3.53321137587591));
#4391=CARTESIAN_POINT('Ctrl Pts',(10.6908779176164,-1.88162951174182,-3.48510286497274));
#4392=CARTESIAN_POINT('Ctrl Pts',(10.5455240790929,-1.97313966600964,-3.4354389080603));
#4393=CARTESIAN_POINT('Ctrl Pts',(10.3160481944211,-2.1741278880292,-3.3118992217394));
#4394=CARTESIAN_POINT('Ctrl Pts',(10.2161845673608,-2.29734218926906,-3.2295239522561));
#4395=CARTESIAN_POINT('Ctrl Pts',(10.0831280529021,-2.55233295552327,-3.03202944845714));
#4396=CARTESIAN_POINT('Ctrl Pts',(10.05,-2.68380799512111,-2.91647771187635));
#4397=CARTESIAN_POINT('Ctrl Pts',(10.05,-2.80014285349873,-2.80014285349873));
#4398=CARTESIAN_POINT('Ctrl Pts',(10.05,-2.80014285349873,-2.80014285349873));
#4399=CARTESIAN_POINT('Ctrl Pts',(10.05,-2.91647771187635,-2.68380799512111));
#4400=CARTESIAN_POINT('Ctrl Pts',(10.0831280529021,-3.03202944845714,-2.55233295552327));
#4401=CARTESIAN_POINT('Ctrl Pts',(10.2161845673608,-3.2295239522561,-2.29734218926906));
#4402=CARTESIAN_POINT('Ctrl Pts',(10.3160481944211,-3.31189922173941,-2.1741278880292));
#4403=CARTESIAN_POINT('Ctrl Pts',(10.5455240790929,-3.4354389080603,-1.97313966600964));
#4404=CARTESIAN_POINT('Ctrl Pts',(10.6908779176164,-3.48510286497274,-1.88162951174182));
#4405=CARTESIAN_POINT('Ctrl Pts',(10.9307891831439,-3.53321137587591,-1.78864064583525));
#4406=CARTESIAN_POINT('Ctrl Pts',(11.0143551053294,-3.54506344261882,-1.76477555257095));
#4407=CARTESIAN_POINT('Ctrl Pts',(11.1828107218738,-3.56055525381667,-1.73330719957576));
#4408=CARTESIAN_POINT('Ctrl Pts',(11.2677030459551,-3.56419628211924,-1.72571865103422));
#4409=CARTESIAN_POINT('Ctrl Pts',(11.4322969540449,-3.56419628211924,-1.72571865103422));
#4410=CARTESIAN_POINT('Ctrl Pts',(11.5171892781262,-3.56055525381667,-1.73330719957576));
#4411=CARTESIAN_POINT('Ctrl Pts',(11.6856448946706,-3.54506344261882,-1.76477555257095));
#4412=CARTESIAN_POINT('Ctrl Pts',(11.7692108168561,-3.53321137587591,-1.78864064583525));
#4413=CARTESIAN_POINT('Ctrl Pts',(12.0091220823836,-3.48510286497274,-1.88162951174182));
#4414=CARTESIAN_POINT('Ctrl Pts',(12.1544759209071,-3.4354389080603,-1.97313966600964));
#4415=CARTESIAN_POINT('Ctrl Pts',(12.3839518055789,-3.31189922173941,-2.1741278880292));
#4416=CARTESIAN_POINT('Ctrl Pts',(12.4838154326392,-3.2295239522561,-2.29734218926906));
#4417=CARTESIAN_POINT('Ctrl Pts',(12.6168719470979,-3.03202944845714,-2.55233295552327));
#4418=CARTESIAN_POINT('Ctrl Pts',(12.65,-2.91647771187635,-2.68380799512111));
#4419=CARTESIAN_POINT('Ctrl Pts',(12.65,-2.68380799512111,-2.91647771187635));
#4420=CARTESIAN_POINT('Ctrl Pts',(12.6168719470979,-2.55233295552327,-3.03202944845714));
#4421=CARTESIAN_POINT('Ctrl Pts',(12.4838154326392,-2.29734218926906,-3.2295239522561));
#4422=CARTESIAN_POINT('Ctrl Pts',(12.3839518055789,-2.1741278880292,-3.3118992217394));
#4423=CARTESIAN_POINT('Ctrl Pts',(12.1544759209071,-1.97313966600964,-3.4354389080603));
#4424=CARTESIAN_POINT('Ctrl Pts',(12.0091220823836,-1.88162951174182,-3.48510286497274));
#4425=CARTESIAN_POINT('Ctrl Pts',(11.7692108168561,-1.78864064583525,-3.53321137587591));
#4426=CARTESIAN_POINT('Ctrl Pts',(11.6856448946706,-1.76477555257096,-3.54506344261882));
#4427=CARTESIAN_POINT('Ctrl Pts',(11.5171892781262,-1.73330719957576,-3.56055525381667));
#4428=CARTESIAN_POINT('Ctrl Pts',(11.4322969540449,-1.72571865103422,-3.56419628211924));
#4429=CARTESIAN_POINT('Ctrl Pts',(11.35,-1.72571865103422,-3.56419628211924));
#4430=CARTESIAN_POINT('Origin',(11.35,-2.72236110756821,2.72236110756821));
#4431=CARTESIAN_POINT('',(11.35,-2.76254684731582,0.9240692162308));
#4432=CARTESIAN_POINT('',(10.05,-2.05980205359641,2.05980205359641));
#4433=CARTESIAN_POINT('Ctrl Pts',(11.35,-2.76254684731582,0.9240692162308));
#4434=CARTESIAN_POINT('Ctrl Pts',(11.4329733051404,-2.76254684731582,0.9240692162308));
#4435=CARTESIAN_POINT('Ctrl Pts',(11.5183250955646,-2.75972211294388,0.932657374543056));
#4436=CARTESIAN_POINT('Ctrl Pts',(11.6872709951142,-2.74757011846122,0.967871046161302));
#4437=CARTESIAN_POINT('Ctrl Pts',(11.7708697167977,-2.73823529677446,0.994471815279749));
#4438=CARTESIAN_POINT('Ctrl Pts',(12.010424175696,-2.69948889486483,1.09712303168859));
#4439=CARTESIAN_POINT('Ctrl Pts',(12.1550125309764,-2.6584643366765,1.19692397586357));
#4440=CARTESIAN_POINT('Ctrl Pts',(12.3832783741816,-2.55073340662403,1.41200969709848));
#4441=CARTESIAN_POINT('Ctrl Pts',(12.4829967550344,-2.47649981167431,1.54235033321482));
#4442=CARTESIAN_POINT('Ctrl Pts',(12.5830620599209,-2.33654430715499,1.74146817950399));
#4443=CARTESIAN_POINT('Ctrl Pts',(12.6084798627642,-2.2852169299888,1.80846467078472));
#4444=CARTESIAN_POINT('Ctrl Pts',(12.6419541657898,-2.17613756863933,1.93834624485681));
#4445=CARTESIAN_POINT('Ctrl Pts',(12.65,-2.1183771307438,2.00122697644903));
#4446=CARTESIAN_POINT('Ctrl Pts',(12.65,-2.00122697644902,2.1183771307438));
#4447=CARTESIAN_POINT('Ctrl Pts',(12.6419541657898,-1.93834624485681,2.17613756863933));
#4448=CARTESIAN_POINT('Ctrl Pts',(12.6084798627642,-1.80846467078472,2.2852169299888));
#4449=CARTESIAN_POINT('Ctrl Pts',(12.5830620599209,-1.74146817950399,2.33654430715499));
#4450=CARTESIAN_POINT('Ctrl Pts',(12.4829967550344,-1.54235033321483,2.47649981167431));
#4451=CARTESIAN_POINT('Ctrl Pts',(12.3832783741816,-1.41200969709848,2.55073340662403));
#4452=CARTESIAN_POINT('Ctrl Pts',(12.1550125309764,-1.19692397586357,2.6584643366765));
#4453=CARTESIAN_POINT('Ctrl Pts',(12.010424175696,-1.09712303168859,2.69948889486483));
#4454=CARTESIAN_POINT('Ctrl Pts',(11.7708697167977,-0.994471815279749,2.73823529677446));
#4455=CARTESIAN_POINT('Ctrl Pts',(11.6872709951142,-0.967871046161302,2.74757011846122));
#4456=CARTESIAN_POINT('Ctrl Pts',(11.5183250955646,-0.932657374543056,2.75972211294388));
#4457=CARTESIAN_POINT('Ctrl Pts',(11.4329733051404,-0.9240692162308,2.76254684731582));
#4458=CARTESIAN_POINT('Ctrl Pts',(11.2670266948596,-0.9240692162308,2.76254684731582));
#4459=CARTESIAN_POINT('Ctrl Pts',(11.1816749044354,-0.932657374543056,2.75972211294388));
#4460=CARTESIAN_POINT('Ctrl Pts',(11.0127290048858,-0.967871046161302,2.74757011846122));
#4461=CARTESIAN_POINT('Ctrl Pts',(10.9291302832023,-0.994471815279749,2.73823529677446));
#4462=CARTESIAN_POINT('Ctrl Pts',(10.689575824304,-1.09712303168859,2.69948889486483));
#4463=CARTESIAN_POINT('Ctrl Pts',(10.5449874690236,-1.19692397586357,2.6584643366765));
#4464=CARTESIAN_POINT('Ctrl Pts',(10.3167216258184,-1.41200969709848,2.55073340662403));
#4465=CARTESIAN_POINT('Ctrl Pts',(10.2170032449656,-1.54235033321483,2.47649981167431));
#4466=CARTESIAN_POINT('Ctrl Pts',(10.1169379400791,-1.74146817950399,2.33654430715499));
#4467=CARTESIAN_POINT('Ctrl Pts',(10.0915201372358,-1.80846467078472,2.2852169299888));
#4468=CARTESIAN_POINT('Ctrl Pts',(10.0580458342102,-1.93834624485681,2.17613756863932));
#4469=CARTESIAN_POINT('Ctrl Pts',(10.05,-2.00122697644903,2.1183771307438));
#4470=CARTESIAN_POINT('Ctrl Pts',(10.05,-2.05980205359641,2.05980205359641));
#4471=CARTESIAN_POINT('Ctrl Pts',(10.05,-2.05980205359641,2.05980205359641));
#4472=CARTESIAN_POINT('Ctrl Pts',(10.05,-2.1183771307438,2.00122697644903));
#4473=CARTESIAN_POINT('Ctrl Pts',(10.0580458342102,-2.17613756863932,1.93834624485681));
#4474=CARTESIAN_POINT('Ctrl Pts',(10.0915201372358,-2.2852169299888,1.80846467078472));
#4475=CARTESIAN_POINT('Ctrl Pts',(10.1169379400791,-2.33654430715499,1.74146817950399));
#4476=CARTESIAN_POINT('Ctrl Pts',(10.2170032449656,-2.47649981167431,1.54235033321483));
#4477=CARTESIAN_POINT('Ctrl Pts',(10.3167216258184,-2.55073340662403,1.41200969709848));
#4478=CARTESIAN_POINT('Ctrl Pts',(10.5449874690236,-2.6584643366765,1.19692397586357));
#4479=CARTESIAN_POINT('Ctrl Pts',(10.689575824304,-2.69948889486483,1.09712303168859));
#4480=CARTESIAN_POINT('Ctrl Pts',(10.9291302832023,-2.73823529677447,0.994471815279748));
#4481=CARTESIAN_POINT('Ctrl Pts',(11.0127290048858,-2.74757011846122,0.967871046161302));
#4482=CARTESIAN_POINT('Ctrl Pts',(11.1816749044354,-2.75972211294388,0.932657374543056));
#4483=CARTESIAN_POINT('Ctrl Pts',(11.2670266948596,-2.76254684731582,0.9240692162308));
#4484=CARTESIAN_POINT('Ctrl Pts',(11.35,-2.76254684731582,0.9240692162308));
#4485=CARTESIAN_POINT('',(10.05,-2.80014285349873,2.80014285349873));
#4486=CARTESIAN_POINT('',(10.05,-2.72236110756821,2.72236110756821));
#4487=CARTESIAN_POINT('',(11.35,-3.56419628211924,1.72571865103422));
#4488=CARTESIAN_POINT('Ctrl Pts',(11.35,-3.56419628211924,1.72571865103422));
#4489=CARTESIAN_POINT('Ctrl Pts',(11.2677030459551,-3.56419628211924,1.72571865103422));
#4490=CARTESIAN_POINT('Ctrl Pts',(11.1828107218738,-3.56055525381667,1.73330719957576));
#4491=CARTESIAN_POINT('Ctrl Pts',(11.0143551053294,-3.54506344261882,1.76477555257095));
#4492=CARTESIAN_POINT('Ctrl Pts',(10.9307891831439,-3.53321137587591,1.78864064583525));
#4493=CARTESIAN_POINT('Ctrl Pts',(10.6908779176164,-3.48510286497274,1.88162951174182));
#4494=CARTESIAN_POINT('Ctrl Pts',(10.5455240790929,-3.4354389080603,1.97313966600964));
#4495=CARTESIAN_POINT('Ctrl Pts',(10.3160481944211,-3.3118992217394,2.1741278880292));
#4496=CARTESIAN_POINT('Ctrl Pts',(10.2161845673608,-3.2295239522561,2.29734218926906));
#4497=CARTESIAN_POINT('Ctrl Pts',(10.0831280529021,-3.03202944845714,2.55233295552327));
#4498=CARTESIAN_POINT('Ctrl Pts',(10.05,-2.91647771187635,2.68380799512111));
#4499=CARTESIAN_POINT('Ctrl Pts',(10.05,-2.80014285349873,2.80014285349873));
#4500=CARTESIAN_POINT('Ctrl Pts',(10.05,-2.80014285349873,2.80014285349873));
#4501=CARTESIAN_POINT('Ctrl Pts',(10.05,-2.68380799512111,2.91647771187635));
#4502=CARTESIAN_POINT('Ctrl Pts',(10.0831280529021,-2.55233295552327,3.03202944845714));
#4503=CARTESIAN_POINT('Ctrl Pts',(10.2161845673608,-2.29734218926906,3.2295239522561));
#4504=CARTESIAN_POINT('Ctrl Pts',(10.3160481944211,-2.1741278880292,3.3118992217394));
#4505=CARTESIAN_POINT('Ctrl Pts',(10.5455240790929,-1.97313966600964,3.4354389080603));
#4506=CARTESIAN_POINT('Ctrl Pts',(10.6908779176164,-1.88162951174182,3.48510286497274));
#4507=CARTESIAN_POINT('Ctrl Pts',(10.9307891831439,-1.78864064583525,3.53321137587591));
#4508=CARTESIAN_POINT('Ctrl Pts',(11.0143551053294,-1.76477555257096,3.54506344261882));
#4509=CARTESIAN_POINT('Ctrl Pts',(11.1828107218738,-1.73330719957576,3.56055525381667));
#4510=CARTESIAN_POINT('Ctrl Pts',(11.2677030459551,-1.72571865103422,3.56419628211924));
#4511=CARTESIAN_POINT('Ctrl Pts',(11.4322969540449,-1.72571865103422,3.56419628211924));
#4512=CARTESIAN_POINT('Ctrl Pts',(11.5171892781262,-1.73330719957576,3.56055525381667));
#4513=CARTESIAN_POINT('Ctrl Pts',(11.6856448946706,-1.76477555257095,3.54506344261882));
#4514=CARTESIAN_POINT('Ctrl Pts',(11.7692108168561,-1.78864064583525,3.53321137587591));
#4515=CARTESIAN_POINT('Ctrl Pts',(12.0091220823836,-1.88162951174182,3.48510286497274));
#4516=CARTESIAN_POINT('Ctrl Pts',(12.1544759209071,-1.97313966600964,3.4354389080603));
#4517=CARTESIAN_POINT('Ctrl Pts',(12.3839518055789,-2.1741278880292,3.3118992217394));
#4518=CARTESIAN_POINT('Ctrl Pts',(12.4838154326392,-2.29734218926906,3.2295239522561));
#4519=CARTESIAN_POINT('Ctrl Pts',(12.6168719470979,-2.55233295552327,3.03202944845714));
#4520=CARTESIAN_POINT('Ctrl Pts',(12.65,-2.68380799512111,2.91647771187635));
#4521=CARTESIAN_POINT('Ctrl Pts',(12.65,-2.91647771187635,2.68380799512111));
#4522=CARTESIAN_POINT('Ctrl Pts',(12.6168719470979,-3.03202944845714,2.55233295552327));
#4523=CARTESIAN_POINT('Ctrl Pts',(12.4838154326392,-3.2295239522561,2.29734218926906));
#4524=CARTESIAN_POINT('Ctrl Pts',(12.3839518055789,-3.3118992217394,2.1741278880292));
#4525=CARTESIAN_POINT('Ctrl Pts',(12.1544759209071,-3.4354389080603,1.97313966600964));
#4526=CARTESIAN_POINT('Ctrl Pts',(12.0091220823836,-3.48510286497274,1.88162951174182));
#4527=CARTESIAN_POINT('Ctrl Pts',(11.7692108168561,-3.53321137587591,1.78864064583525));
#4528=CARTESIAN_POINT('Ctrl Pts',(11.6856448946706,-3.54506344261882,1.76477555257096));
#4529=CARTESIAN_POINT('Ctrl Pts',(11.5171892781262,-3.56055525381667,1.73330719957576));
#4530=CARTESIAN_POINT('Ctrl Pts',(11.4322969540449,-3.56419628211924,1.72571865103422));
#4531=CARTESIAN_POINT('Ctrl Pts',(11.35,-3.56419628211924,1.72571865103422));
#4532=CARTESIAN_POINT('Origin',(11.35,2.72236110756821,2.72236110756821));
#4533=CARTESIAN_POINT('',(11.35,0.9240692162308,2.76254684731582));
#4534=CARTESIAN_POINT('',(10.05,2.05980205359641,2.05980205359641));
#4535=CARTESIAN_POINT('Ctrl Pts',(11.35,0.9240692162308,2.76254684731582));
#4536=CARTESIAN_POINT('Ctrl Pts',(11.4329733051404,0.9240692162308,2.76254684731582));
#4537=CARTESIAN_POINT('Ctrl Pts',(11.5183250955646,0.932657374543056,2.75972211294388));
#4538=CARTESIAN_POINT('Ctrl Pts',(11.6872709951142,0.967871046161302,2.74757011846122));
#4539=CARTESIAN_POINT('Ctrl Pts',(11.7708697167977,0.994471815279749,2.73823529677446));
#4540=CARTESIAN_POINT('Ctrl Pts',(12.010424175696,1.09712303168859,2.69948889486483));
#4541=CARTESIAN_POINT('Ctrl Pts',(12.1550125309764,1.19692397586357,2.6584643366765));
#4542=CARTESIAN_POINT('Ctrl Pts',(12.3832783741816,1.41200969709848,2.55073340662403));
#4543=CARTESIAN_POINT('Ctrl Pts',(12.4829967550344,1.54235033321483,2.47649981167431));
#4544=CARTESIAN_POINT('Ctrl Pts',(12.5830620599209,1.74146817950399,2.33654430715499));
#4545=CARTESIAN_POINT('Ctrl Pts',(12.6084798627642,1.80846467078472,2.2852169299888));
#4546=CARTESIAN_POINT('Ctrl Pts',(12.6419541657898,1.93834624485681,2.17613756863932));
#4547=CARTESIAN_POINT('Ctrl Pts',(12.65,2.00122697644903,2.1183771307438));
#4548=CARTESIAN_POINT('Ctrl Pts',(12.65,2.1183771307438,2.00122697644903));
#4549=CARTESIAN_POINT('Ctrl Pts',(12.6419541657898,2.17613756863932,1.93834624485681));
#4550=CARTESIAN_POINT('Ctrl Pts',(12.6084798627642,2.2852169299888,1.80846467078472));
#4551=CARTESIAN_POINT('Ctrl Pts',(12.5830620599209,2.33654430715499,1.74146817950399));
#4552=CARTESIAN_POINT('Ctrl Pts',(12.4829967550344,2.47649981167431,1.54235033321483));
#4553=CARTESIAN_POINT('Ctrl Pts',(12.3832783741816,2.55073340662403,1.41200969709848));
#4554=CARTESIAN_POINT('Ctrl Pts',(12.1550125309764,2.6584643366765,1.19692397586357));
#4555=CARTESIAN_POINT('Ctrl Pts',(12.010424175696,2.69948889486483,1.09712303168859));
#4556=CARTESIAN_POINT('Ctrl Pts',(11.7708697167977,2.73823529677446,0.994471815279749));
#4557=CARTESIAN_POINT('Ctrl Pts',(11.6872709951142,2.74757011846122,0.967871046161302));
#4558=CARTESIAN_POINT('Ctrl Pts',(11.5183250955646,2.75972211294388,0.932657374543056));
#4559=CARTESIAN_POINT('Ctrl Pts',(11.4329733051404,2.76254684731582,0.924069216230799));
#4560=CARTESIAN_POINT('Ctrl Pts',(11.2670266948596,2.76254684731582,0.924069216230799));
#4561=CARTESIAN_POINT('Ctrl Pts',(11.1816749044354,2.75972211294388,0.932657374543056));
#4562=CARTESIAN_POINT('Ctrl Pts',(11.0127290048858,2.74757011846122,0.967871046161302));
#4563=CARTESIAN_POINT('Ctrl Pts',(10.9291302832023,2.73823529677446,0.994471815279747));
#4564=CARTESIAN_POINT('Ctrl Pts',(10.689575824304,2.69948889486483,1.09712303168859));
#4565=CARTESIAN_POINT('Ctrl Pts',(10.5449874690236,2.6584643366765,1.19692397586357));
#4566=CARTESIAN_POINT('Ctrl Pts',(10.3167216258184,2.55073340662403,1.41200969709848));
#4567=CARTESIAN_POINT('Ctrl Pts',(10.2170032449656,2.47649981167431,1.54235033321483));
#4568=CARTESIAN_POINT('Ctrl Pts',(10.1169379400791,2.33654430715499,1.74146817950399));
#4569=CARTESIAN_POINT('Ctrl Pts',(10.0915201372358,2.2852169299888,1.80846467078472));
#4570=CARTESIAN_POINT('Ctrl Pts',(10.0580458342102,2.17613756863932,1.93834624485681));
#4571=CARTESIAN_POINT('Ctrl Pts',(10.05,2.1183771307438,2.00122697644903));
#4572=CARTESIAN_POINT('Ctrl Pts',(10.05,2.05980205359641,2.05980205359641));
#4573=CARTESIAN_POINT('Ctrl Pts',(10.05,2.05980205359641,2.05980205359641));
#4574=CARTESIAN_POINT('Ctrl Pts',(10.05,2.00122697644903,2.1183771307438));
#4575=CARTESIAN_POINT('Ctrl Pts',(10.0580458342102,1.93834624485681,2.17613756863932));
#4576=CARTESIAN_POINT('Ctrl Pts',(10.0915201372358,1.80846467078472,2.2852169299888));
#4577=CARTESIAN_POINT('Ctrl Pts',(10.1169379400791,1.74146817950399,2.33654430715499));
#4578=CARTESIAN_POINT('Ctrl Pts',(10.2170032449656,1.54235033321483,2.47649981167431));
#4579=CARTESIAN_POINT('Ctrl Pts',(10.3167216258184,1.41200969709848,2.55073340662403));
#4580=CARTESIAN_POINT('Ctrl Pts',(10.5449874690236,1.19692397586357,2.6584643366765));
#4581=CARTESIAN_POINT('Ctrl Pts',(10.689575824304,1.09712303168859,2.69948889486483));
#4582=CARTESIAN_POINT('Ctrl Pts',(10.9291302832023,0.994471815279749,2.73823529677446));
#4583=CARTESIAN_POINT('Ctrl Pts',(11.0127290048858,0.967871046161302,2.74757011846122));
#4584=CARTESIAN_POINT('Ctrl Pts',(11.1816749044354,0.932657374543056,2.75972211294388));
#4585=CARTESIAN_POINT('Ctrl Pts',(11.2670266948596,0.924069216230799,2.76254684731582));
#4586=CARTESIAN_POINT('Ctrl Pts',(11.35,0.924069216230799,2.76254684731582));
#4587=CARTESIAN_POINT('',(10.05,2.80014285349873,2.80014285349873));
#4588=CARTESIAN_POINT('',(10.05,2.72236110756821,2.72236110756821));
#4589=CARTESIAN_POINT('',(11.35,1.72571865103422,3.56419628211924));
#4590=CARTESIAN_POINT('Ctrl Pts',(11.35,1.72571865103422,3.56419628211924));
#4591=CARTESIAN_POINT('Ctrl Pts',(11.2677030459551,1.72571865103422,3.56419628211924));
#4592=CARTESIAN_POINT('Ctrl Pts',(11.1828107218738,1.73330719957576,3.56055525381667));
#4593=CARTESIAN_POINT('Ctrl Pts',(11.0143551053294,1.76477555257095,3.54506344261882));
#4594=CARTESIAN_POINT('Ctrl Pts',(10.9307891831439,1.78864064583525,3.53321137587591));
#4595=CARTESIAN_POINT('Ctrl Pts',(10.6908779176164,1.88162951174182,3.48510286497274));
#4596=CARTESIAN_POINT('Ctrl Pts',(10.5455240790929,1.97313966600964,3.4354389080603));
#4597=CARTESIAN_POINT('Ctrl Pts',(10.3160481944211,2.1741278880292,3.3118992217394));
#4598=CARTESIAN_POINT('Ctrl Pts',(10.2161845673608,2.29734218926906,3.2295239522561));
#4599=CARTESIAN_POINT('Ctrl Pts',(10.0831280529021,2.55233295552327,3.03202944845714));
#4600=CARTESIAN_POINT('Ctrl Pts',(10.05,2.68380799512111,2.91647771187635));
#4601=CARTESIAN_POINT('Ctrl Pts',(10.05,2.80014285349873,2.80014285349873));
#4602=CARTESIAN_POINT('Ctrl Pts',(10.05,2.80014285349873,2.80014285349873));
#4603=CARTESIAN_POINT('Ctrl Pts',(10.05,2.91647771187635,2.68380799512111));
#4604=CARTESIAN_POINT('Ctrl Pts',(10.0831280529021,3.03202944845714,2.55233295552327));
#4605=CARTESIAN_POINT('Ctrl Pts',(10.2161845673608,3.2295239522561,2.29734218926906));
#4606=CARTESIAN_POINT('Ctrl Pts',(10.3160481944211,3.3118992217394,2.1741278880292));
#4607=CARTESIAN_POINT('Ctrl Pts',(10.5455240790929,3.4354389080603,1.97313966600964));
#4608=CARTESIAN_POINT('Ctrl Pts',(10.6908779176164,3.48510286497274,1.88162951174182));
#4609=CARTESIAN_POINT('Ctrl Pts',(10.9307891831439,3.53321137587591,1.78864064583525));
#4610=CARTESIAN_POINT('Ctrl Pts',(11.0143551053294,3.54506344261882,1.76477555257095));
#4611=CARTESIAN_POINT('Ctrl Pts',(11.1828107218738,3.56055525381667,1.73330719957576));
#4612=CARTESIAN_POINT('Ctrl Pts',(11.2677030459551,3.56419628211924,1.72571865103422));
#4613=CARTESIAN_POINT('Ctrl Pts',(11.4322969540449,3.56419628211924,1.72571865103422));
#4614=CARTESIAN_POINT('Ctrl Pts',(11.5171892781262,3.56055525381667,1.73330719957576));
#4615=CARTESIAN_POINT('Ctrl Pts',(11.6856448946706,3.54506344261882,1.76477555257095));
#4616=CARTESIAN_POINT('Ctrl Pts',(11.7692108168561,3.53321137587591,1.78864064583525));
#4617=CARTESIAN_POINT('Ctrl Pts',(12.0091220823836,3.48510286497274,1.88162951174182));
#4618=CARTESIAN_POINT('Ctrl Pts',(12.1544759209071,3.4354389080603,1.97313966600964));
#4619=CARTESIAN_POINT('Ctrl Pts',(12.3839518055789,3.3118992217394,2.1741278880292));
#4620=CARTESIAN_POINT('Ctrl Pts',(12.4838154326392,3.2295239522561,2.29734218926906));
#4621=CARTESIAN_POINT('Ctrl Pts',(12.6168719470979,3.03202944845714,2.55233295552327));
#4622=CARTESIAN_POINT('Ctrl Pts',(12.65,2.91647771187635,2.68380799512111));
#4623=CARTESIAN_POINT('Ctrl Pts',(12.65,2.68380799512111,2.91647771187635));
#4624=CARTESIAN_POINT('Ctrl Pts',(12.6168719470979,2.55233295552327,3.03202944845714));
#4625=CARTESIAN_POINT('Ctrl Pts',(12.4838154326392,2.29734218926906,3.2295239522561));
#4626=CARTESIAN_POINT('Ctrl Pts',(12.3839518055789,2.1741278880292,3.3118992217394));
#4627=CARTESIAN_POINT('Ctrl Pts',(12.1544759209071,1.97313966600964,3.4354389080603));
#4628=CARTESIAN_POINT('Ctrl Pts',(12.0091220823836,1.88162951174182,3.48510286497274));
#4629=CARTESIAN_POINT('Ctrl Pts',(11.7692108168561,1.78864064583525,3.53321137587591));
#4630=CARTESIAN_POINT('Ctrl Pts',(11.6856448946706,1.76477555257095,3.54506344261882));
#4631=CARTESIAN_POINT('Ctrl Pts',(11.5171892781262,1.73330719957576,3.56055525381667));
#4632=CARTESIAN_POINT('Ctrl Pts',(11.4322969540449,1.72571865103422,3.56419628211924));
#4633=CARTESIAN_POINT('Ctrl Pts',(11.35,1.72571865103422,3.56419628211924));
#4634=CARTESIAN_POINT('Origin',(8.6,0.,0.));
#4635=CARTESIAN_POINT('',(9.,-3.74587773425669,-1.28452325786651));
#4636=CARTESIAN_POINT('Origin',(9.,0.,0.));
#4637=CARTESIAN_POINT('Ctrl Pts',(9.,-3.74587773425668,-1.28452325786651));
#4638=CARTESIAN_POINT('Ctrl Pts',(8.96374579827863,-3.75232598580424,-1.29016802941881));
#4639=CARTESIAN_POINT('Ctrl Pts',(8.92775556761561,-3.75926505554829,-1.29419452590805));
#4640=CARTESIAN_POINT('Ctrl Pts',(8.89233531064627,-3.76659123932405,-1.29671669627867));
#4641=CARTESIAN_POINT('Ctrl Pts',(8.71788033281526,-3.80267480668193,-1.30913911253816));
#4642=CARTESIAN_POINT('Ctrl Pts',(8.5334071535029,-3.85416581279949,-1.2850785618165));
#4643=CARTESIAN_POINT('Ctrl Pts',(8.30731602492162,-3.93121115259556,-1.20450489154137));
#4644=CARTESIAN_POINT('Ctrl Pts',(8.25254578642887,-3.95101351676068,-1.18059404462846));
#4645=CARTESIAN_POINT('Ctrl Pts',(8.2,-3.97092243691563,-1.15325625946708));
#4646=CARTESIAN_POINT('Origin',(8.8,-3.85,4.71489017671731E-16));
#4647=CARTESIAN_POINT('',(8.8,-2.60683121816507,-1.3));
#4648=CARTESIAN_POINT('',(7.5,-2.913,3.90201308315338E-16));
#4649=CARTESIAN_POINT('Ctrl Pts',(8.8,-2.60683121816507,-1.3));
#4650=CARTESIAN_POINT('Ctrl Pts',(8.88297330514036,-2.60683121816507,-1.3));
#4651=CARTESIAN_POINT('Ctrl Pts',(8.96832509556461,-2.61090657431612,-1.29192986619005));
#4652=CARTESIAN_POINT('Ctrl Pts',(9.13727099511423,-2.62721364260423,-1.25843728249468));
#4653=CARTESIAN_POINT('Ctrl Pts',(9.22086971679773,-2.63942251111679,-1.23302698255038));
#4654=CARTESIAN_POINT('Ctrl Pts',(9.46042417569599,-2.68461003879965,-1.13304376779376));
#4655=CARTESIAN_POINT('Ctrl Pts',(9.60501253097637,-2.72617121990445,-1.03346510010865));
#4656=CARTESIAN_POINT('Ctrl Pts',(9.83327837418161,-2.80208252074242,-0.805199256903414));
#4657=CARTESIAN_POINT('Ctrl Pts',(9.93299675503439,-2.84175619002365,-0.660543430860577));
#4658=CARTESIAN_POINT('Ctrl Pts',(10.0330620599209,-2.88359028307998,-0.420782365184252));
#4659=CARTESIAN_POINT('Ctrl Pts',(10.0584798627642,-2.89467001992556,-0.337114755429212));
#4660=CARTESIAN_POINT('Ctrl Pts',(10.0919541657898,-2.9093794056054,-0.168143857553942));
#4661=CARTESIAN_POINT('Ctrl Pts',(10.1,-2.913,-0.0828376685188856));
#4662=CARTESIAN_POINT('Ctrl Pts',(10.1,-2.913,0.0828376685188863));
#4663=CARTESIAN_POINT('Ctrl Pts',(10.0919541657898,-2.9093794056054,0.168143857553943));
#4664=CARTESIAN_POINT('Ctrl Pts',(10.0584798627642,-2.89467001992556,0.337114755429212));
#4665=CARTESIAN_POINT('Ctrl Pts',(10.0330620599209,-2.88359028307998,0.420782365184253));
#4666=CARTESIAN_POINT('Ctrl Pts',(9.93299675503439,-2.84175619002365,0.660543430860578));
#4667=CARTESIAN_POINT('Ctrl Pts',(9.83327837418161,-2.80208252074241,0.805199256903414));
#4668=CARTESIAN_POINT('Ctrl Pts',(9.60501253097637,-2.72617121990444,1.03346510010865));
#4669=CARTESIAN_POINT('Ctrl Pts',(9.46042417569599,-2.68461003879965,1.13304376779376));
#4670=CARTESIAN_POINT('Ctrl Pts',(9.22086971679773,-2.63942251111679,1.23302698255038));
#4671=CARTESIAN_POINT('Ctrl Pts',(9.13727099511423,-2.62721364260423,1.25843728249468));
#4672=CARTESIAN_POINT('Ctrl Pts',(8.96832509556461,-2.61090657431612,1.29192986619005));
#4673=CARTESIAN_POINT('Ctrl Pts',(8.88297330514036,-2.60683121816507,1.3));
#4674=CARTESIAN_POINT('Ctrl Pts',(8.71702669485964,-2.60683121816507,1.3));
#4675=CARTESIAN_POINT('Ctrl Pts',(8.63167490443539,-2.61090657431612,1.29192986619005));
#4676=CARTESIAN_POINT('Ctrl Pts',(8.46272900488577,-2.62721364260423,1.25843728249468));
#4677=CARTESIAN_POINT('Ctrl Pts',(8.37913028320228,-2.63942251111679,1.23302698255038));
#4678=CARTESIAN_POINT('Ctrl Pts',(8.13957582430402,-2.68461003879965,1.13304376779376));
#4679=CARTESIAN_POINT('Ctrl Pts',(7.99498746902363,-2.72617121990444,1.03346510010865));
#4680=CARTESIAN_POINT('Ctrl Pts',(7.76672162581839,-2.80208252074241,0.805199256903415));
#4681=CARTESIAN_POINT('Ctrl Pts',(7.66700324496561,-2.84175619002365,0.660543430860578));
#4682=CARTESIAN_POINT('Ctrl Pts',(7.56693794007914,-2.88359028307998,0.420782365184253));
#4683=CARTESIAN_POINT('Ctrl Pts',(7.54152013723577,-2.89467001992556,0.337114755429212));
#4684=CARTESIAN_POINT('Ctrl Pts',(7.50804583421021,-2.9093794056054,0.168143857553943));
#4685=CARTESIAN_POINT('Ctrl Pts',(7.5,-2.913,0.0828376685188866));
#4686=CARTESIAN_POINT('Ctrl Pts',(7.5,-2.913,4.9960036108132E-16));
#4687=CARTESIAN_POINT('Ctrl Pts',(7.5,-2.913,6.10622663543836E-16));
#4688=CARTESIAN_POINT('Ctrl Pts',(7.5,-2.913,-0.0828376685188852));
#4689=CARTESIAN_POINT('Ctrl Pts',(7.50804583421021,-2.9093794056054,-0.168143857553941));
#4690=CARTESIAN_POINT('Ctrl Pts',(7.54152013723577,-2.89467001992556,-0.337114755429211));
#4691=CARTESIAN_POINT('Ctrl Pts',(7.56693794007914,-2.88359028307998,-0.420782365184251));
#4692=CARTESIAN_POINT('Ctrl Pts',(7.66700324496561,-2.84175619002365,-0.660543430860576));
#4693=CARTESIAN_POINT('Ctrl Pts',(7.76672162581839,-2.80208252074242,-0.805199256903413));
#4694=CARTESIAN_POINT('Ctrl Pts',(7.99498746902363,-2.72617121990444,-1.03346510010865));
#4695=CARTESIAN_POINT('Ctrl Pts',(8.13957582430402,-2.68461003879965,-1.13304376779376));
#4696=CARTESIAN_POINT('Ctrl Pts',(8.37913028320228,-2.63942251111679,-1.23302698255038));
#4697=CARTESIAN_POINT('Ctrl Pts',(8.46272900488577,-2.62721364260423,-1.25843728249468));
#4698=CARTESIAN_POINT('Ctrl Pts',(8.63167490443539,-2.61090657431612,-1.29192986619005));
#4699=CARTESIAN_POINT('Ctrl Pts',(8.71702669485964,-2.60683121816507,-1.3));
#4700=CARTESIAN_POINT('Ctrl Pts',(8.8,-2.60683121816507,-1.3));
#4701=CARTESIAN_POINT('',(7.5,-3.85,3.12284933782575E-16));
#4702=CARTESIAN_POINT('',(9.,-3.74587773425669,1.28452325786651));
#4703=CARTESIAN_POINT('Ctrl Pts',(9.,-3.74587773425668,1.28452325786651));
#4704=CARTESIAN_POINT('Ctrl Pts',(9.01714793349903,-3.74679329716159,1.2818533282418));
#4705=CARTESIAN_POINT('Ctrl Pts',(9.03429578621343,-3.7478263960569,1.27883150322681));
#4706=CARTESIAN_POINT('Ctrl Pts',(9.13564489467057,-3.75462316050745,1.25885363951714));
#4707=CARTESIAN_POINT('Ctrl Pts',(9.2192108168561,-3.7631176530233,1.23359779347131));
#4708=CARTESIAN_POINT('Ctrl Pts',(9.45912208238356,-3.79485285638826,1.13382688152151));
#4709=CARTESIAN_POINT('Ctrl Pts',(9.60447592090706,-3.82444258630512,1.03400171017797));
#4710=CARTESIAN_POINT('Ctrl Pts',(9.83395180557888,-3.87920697109062,0.804525825506146));
#4711=CARTESIAN_POINT('Ctrl Pts',(9.93381543263922,-3.90808452738277,0.659152045906567));
#4712=CARTESIAN_POINT('Ctrl Pts',(10.0668719470979,-3.94874052445776,0.339196643064947));
#4713=CARTESIAN_POINT('Ctrl Pts',(10.1,-3.96,0.164522334494382));
#4714=CARTESIAN_POINT('Ctrl Pts',(10.1,-3.96,-0.16452233449438));
#4715=CARTESIAN_POINT('Ctrl Pts',(10.0668719470979,-3.94874052445776,-0.339196643064946));
#4716=CARTESIAN_POINT('Ctrl Pts',(9.93381543263922,-3.90808452738277,-0.659152045906566));
#4717=CARTESIAN_POINT('Ctrl Pts',(9.83395180557888,-3.87920697109062,-0.804525825506145));
#4718=CARTESIAN_POINT('Ctrl Pts',(9.60447592090706,-3.82444258630512,-1.03400171017797));
#4719=CARTESIAN_POINT('Ctrl Pts',(9.45912208238355,-3.79485285638826,-1.13382688152151));
#4720=CARTESIAN_POINT('Ctrl Pts',(9.2192108168561,-3.7631176530233,-1.23359779347131));
#4721=CARTESIAN_POINT('Ctrl Pts',(9.13564489467057,-3.75462316050745,-1.25885363951714));
#4722=CARTESIAN_POINT('Ctrl Pts',(9.03429578621343,-3.7478263960569,-1.27883150322681));
#4723=CARTESIAN_POINT('Ctrl Pts',(9.01714793349904,-3.74679329716159,-1.2818533282418));
#4724=CARTESIAN_POINT('Ctrl Pts',(9.,-3.74587773425669,-1.28452325786651));
#4725=CARTESIAN_POINT('Ctrl Pts',(8.2,-3.97092243691563,1.15325625946708));
#4726=CARTESIAN_POINT('Ctrl Pts',(8.25254578642888,-3.95101351676068,1.18059404462846));
#4727=CARTESIAN_POINT('Ctrl Pts',(8.30731602492162,-3.93121115259556,1.20450489154137));
#4728=CARTESIAN_POINT('Ctrl Pts',(8.5334071535029,-3.85416581279949,1.2850785618165));
#4729=CARTESIAN_POINT('Ctrl Pts',(8.71788033281526,-3.80267480668193,1.30913911253816));
#4730=CARTESIAN_POINT('Ctrl Pts',(8.92775556728137,-3.75926505561742,1.29419452593185));
#4731=CARTESIAN_POINT('Ctrl Pts',(8.96374579804311,-3.75232598584613,1.29016802945549));
#4732=CARTESIAN_POINT('Ctrl Pts',(9.,-3.74587773425668,1.28452325786651));
#4733=CARTESIAN_POINT('Origin',(8.6,0.,0.));
#4734=CARTESIAN_POINT('',(9.,-1.28452325786651,3.74587773425669));
#4735=CARTESIAN_POINT('Origin',(9.,0.,0.));
#4736=CARTESIAN_POINT('Ctrl Pts',(9.,-1.28452325786651,3.74587773425668));
#4737=CARTESIAN_POINT('Ctrl Pts',(8.96374579827863,-1.29016802941881,3.75232598580424));
#4738=CARTESIAN_POINT('Ctrl Pts',(8.92775556761561,-1.29419452590805,3.75926505554829));
#4739=CARTESIAN_POINT('Ctrl Pts',(8.89233531064627,-1.29671669627867,3.76659123932405));
#4740=CARTESIAN_POINT('Ctrl Pts',(8.71788033281526,-1.30913911253816,3.80267480668193));
#4741=CARTESIAN_POINT('Ctrl Pts',(8.5334071535029,-1.2850785618165,3.85416581279949));
#4742=CARTESIAN_POINT('Ctrl Pts',(8.30731602492162,-1.20450489154137,3.93121115259556));
#4743=CARTESIAN_POINT('Ctrl Pts',(8.25254578642888,-1.18059404462846,3.95101351676068));
#4744=CARTESIAN_POINT('Ctrl Pts',(8.2,-1.15325625946708,3.97092243691563));
#4745=CARTESIAN_POINT('Origin',(8.8,2.35744508835866E-16,3.85));
#4746=CARTESIAN_POINT('',(8.8,-1.3,2.60683121816507));
#4747=CARTESIAN_POINT('',(10.1,-9.51030794489252E-17,2.913));
#4748=CARTESIAN_POINT('Ctrl Pts',(8.8,-1.3,2.60683121816507));
#4749=CARTESIAN_POINT('Ctrl Pts',(8.88297330514036,-1.3,2.60683121816507));
#4750=CARTESIAN_POINT('Ctrl Pts',(8.96832509556461,-1.29192986619005,2.61090657431612));
#4751=CARTESIAN_POINT('Ctrl Pts',(9.13727099511423,-1.25843728249468,2.62721364260423));
#4752=CARTESIAN_POINT('Ctrl Pts',(9.22086971679773,-1.23302698255038,2.63942251111679));
#4753=CARTESIAN_POINT('Ctrl Pts',(9.46042417569599,-1.13304376779376,2.68461003879965));
#4754=CARTESIAN_POINT('Ctrl Pts',(9.60501253097637,-1.03346510010865,2.72617121990444));
#4755=CARTESIAN_POINT('Ctrl Pts',(9.83327837418161,-0.805199256903414,2.80208252074241));
#4756=CARTESIAN_POINT('Ctrl Pts',(9.93299675503439,-0.660543430860577,2.84175619002365));
#4757=CARTESIAN_POINT('Ctrl Pts',(10.0330620599209,-0.420782365184252,2.88359028307998));
#4758=CARTESIAN_POINT('Ctrl Pts',(10.0584798627642,-0.337114755429212,2.89467001992556));
#4759=CARTESIAN_POINT('Ctrl Pts',(10.0919541657898,-0.168143857553942,2.9093794056054));
#4760=CARTESIAN_POINT('Ctrl Pts',(10.1,-0.0828376685188857,2.913));
#4761=CARTESIAN_POINT('Ctrl Pts',(10.1,3.05311331771918E-16,2.913));
#4762=CARTESIAN_POINT('',(7.5,1.76116314897101E-16,2.913));
#4763=CARTESIAN_POINT('Ctrl Pts',(7.5,3.33066907387547E-16,2.913));
#4764=CARTESIAN_POINT('Ctrl Pts',(7.5,-0.0828376685188854,2.913));
#4765=CARTESIAN_POINT('Ctrl Pts',(7.50804583421021,-0.168143857553941,2.9093794056054));
#4766=CARTESIAN_POINT('Ctrl Pts',(7.54152013723577,-0.337114755429211,2.89467001992556));
#4767=CARTESIAN_POINT('Ctrl Pts',(7.56693794007914,-0.420782365184251,2.88359028307998));
#4768=CARTESIAN_POINT('Ctrl Pts',(7.66700324496561,-0.660543430860576,2.84175619002365));
#4769=CARTESIAN_POINT('Ctrl Pts',(7.76672162581839,-0.805199256903413,2.80208252074242));
#4770=CARTESIAN_POINT('Ctrl Pts',(7.99498746902363,-1.03346510010865,2.72617121990444));
#4771=CARTESIAN_POINT('Ctrl Pts',(8.13957582430402,-1.13304376779376,2.68461003879965));
#4772=CARTESIAN_POINT('Ctrl Pts',(8.37913028320228,-1.23302698255038,2.63942251111679));
#4773=CARTESIAN_POINT('Ctrl Pts',(8.46272900488577,-1.25843728249468,2.62721364260423));
#4774=CARTESIAN_POINT('Ctrl Pts',(8.63167490443539,-1.29192986619005,2.61090657431612));
#4775=CARTESIAN_POINT('Ctrl Pts',(8.71702669485964,-1.3,2.60683121816507));
#4776=CARTESIAN_POINT('Ctrl Pts',(8.8,-1.3,2.60683121816507));
#4777=CARTESIAN_POINT('',(7.5,7.65404249467096E-17,3.85));
#4778=CARTESIAN_POINT('',(10.1,1.46097992387629E-16,3.96));
#4779=CARTESIAN_POINT('Ctrl Pts',(10.1,6.66133814775094E-16,3.96));
#4780=CARTESIAN_POINT('Ctrl Pts',(10.1,-0.16452233449438,3.96));
#4781=CARTESIAN_POINT('Ctrl Pts',(10.0668719470979,-0.339196643064946,3.94874052445776));
#4782=CARTESIAN_POINT('Ctrl Pts',(9.93381543263922,-0.659152045906567,3.90808452738277));
#4783=CARTESIAN_POINT('Ctrl Pts',(9.83395180557888,-0.804525825506145,3.87920697109062));
#4784=CARTESIAN_POINT('Ctrl Pts',(9.60447592090706,-1.03400171017797,3.82444258630512));
#4785=CARTESIAN_POINT('Ctrl Pts',(9.45912208238355,-1.13382688152151,3.79485285638826));
#4786=CARTESIAN_POINT('Ctrl Pts',(9.2192108168561,-1.23359779347131,3.7631176530233));
#4787=CARTESIAN_POINT('Ctrl Pts',(9.13564489467057,-1.25885363951714,3.75462316050745));
#4788=CARTESIAN_POINT('Ctrl Pts',(9.03429578621343,-1.27883150322681,3.7478263960569));
#4789=CARTESIAN_POINT('Ctrl Pts',(9.01714793349903,-1.2818533282418,3.74679329716159));
#4790=CARTESIAN_POINT('Ctrl Pts',(9.,-1.28452325786651,3.74587773425669));
#4791=CARTESIAN_POINT('',(9.,1.28452325786651,3.74587773425669));
#4792=CARTESIAN_POINT('Ctrl Pts',(9.,1.28452325786651,3.74587773425669));
#4793=CARTESIAN_POINT('Ctrl Pts',(9.01714793349903,1.2818533282418,3.74679329716159));
#4794=CARTESIAN_POINT('Ctrl Pts',(9.03429578621343,1.27883150322681,3.7478263960569));
#4795=CARTESIAN_POINT('Ctrl Pts',(9.13564489467056,1.25885363951714,3.75462316050745));
#4796=CARTESIAN_POINT('Ctrl Pts',(9.2192108168561,1.23359779347131,3.7631176530233));
#4797=CARTESIAN_POINT('Ctrl Pts',(9.45912208238355,1.13382688152151,3.79485285638826));
#4798=CARTESIAN_POINT('Ctrl Pts',(9.60447592090706,1.03400171017797,3.82444258630512));
#4799=CARTESIAN_POINT('Ctrl Pts',(9.83395180557888,0.804525825506145,3.87920697109062));
#4800=CARTESIAN_POINT('Ctrl Pts',(9.93381543263922,0.659152045906567,3.90808452738277));
#4801=CARTESIAN_POINT('Ctrl Pts',(10.0668719470979,0.339196643064947,3.94874052445776));
#4802=CARTESIAN_POINT('Ctrl Pts',(10.1,0.164522334494381,3.96));
#4803=CARTESIAN_POINT('Ctrl Pts',(10.1,5.55111512312578E-16,3.96));
#4804=CARTESIAN_POINT('Ctrl Pts',(8.2,1.15325625946708,3.97092243691563));
#4805=CARTESIAN_POINT('Ctrl Pts',(8.25254578642888,1.18059404462846,3.95101351676068));
#4806=CARTESIAN_POINT('Ctrl Pts',(8.30731602492162,1.20450489154137,3.93121115259556));
#4807=CARTESIAN_POINT('Ctrl Pts',(8.5334071535029,1.2850785618165,3.85416581279949));
#4808=CARTESIAN_POINT('Ctrl Pts',(8.71788033281526,1.30913911253816,3.80267480668193));
#4809=CARTESIAN_POINT('Ctrl Pts',(8.92775556728137,1.29419452593185,3.75926505561742));
#4810=CARTESIAN_POINT('Ctrl Pts',(8.96374579804311,1.29016802945549,3.75232598584613));
#4811=CARTESIAN_POINT('Ctrl Pts',(9.,1.28452325786651,3.74587773425668));
#4812=CARTESIAN_POINT('Ctrl Pts',(10.1,1.66533453693773E-16,2.913));
#4813=CARTESIAN_POINT('Ctrl Pts',(10.1,0.0828376685188862,2.913));
#4814=CARTESIAN_POINT('Ctrl Pts',(10.0919541657898,0.168143857553943,2.9093794056054));
#4815=CARTESIAN_POINT('Ctrl Pts',(10.0584798627642,0.337114755429212,2.89467001992556));
#4816=CARTESIAN_POINT('Ctrl Pts',(10.0330620599209,0.420782365184253,2.88359028307998));
#4817=CARTESIAN_POINT('Ctrl Pts',(9.93299675503439,0.660543430860578,2.84175619002365));
#4818=CARTESIAN_POINT('Ctrl Pts',(9.83327837418161,0.805199256903414,2.80208252074241));
#4819=CARTESIAN_POINT('Ctrl Pts',(9.60501253097637,1.03346510010865,2.72617121990444));
#4820=CARTESIAN_POINT('Ctrl Pts',(9.46042417569599,1.13304376779376,2.68461003879965));
#4821=CARTESIAN_POINT('Ctrl Pts',(9.22086971679773,1.23302698255038,2.63942251111679));
#4822=CARTESIAN_POINT('Ctrl Pts',(9.13727099511423,1.25843728249468,2.62721364260423));
#4823=CARTESIAN_POINT('Ctrl Pts',(8.96832509556461,1.29192986619005,2.61090657431612));
#4824=CARTESIAN_POINT('Ctrl Pts',(8.88297330514036,1.3,2.60683121816507));
#4825=CARTESIAN_POINT('Ctrl Pts',(8.71702669485964,1.3,2.60683121816507));
#4826=CARTESIAN_POINT('Ctrl Pts',(8.63167490443539,1.29192986619005,2.61090657431612));
#4827=CARTESIAN_POINT('Ctrl Pts',(8.46272900488577,1.25843728249468,2.62721364260423));
#4828=CARTESIAN_POINT('Ctrl Pts',(8.37913028320228,1.23302698255038,2.63942251111679));
#4829=CARTESIAN_POINT('Ctrl Pts',(8.13957582430402,1.13304376779376,2.68461003879965));
#4830=CARTESIAN_POINT('Ctrl Pts',(7.99498746902363,1.03346510010865,2.72617121990445));
#4831=CARTESIAN_POINT('Ctrl Pts',(7.76672162581839,0.805199256903415,2.80208252074241));
#4832=CARTESIAN_POINT('Ctrl Pts',(7.66700324496561,0.660543430860578,2.84175619002365));
#4833=CARTESIAN_POINT('Ctrl Pts',(7.56693794007914,0.420782365184253,2.88359028307998));
#4834=CARTESIAN_POINT('Ctrl Pts',(7.54152013723577,0.337114755429212,2.89467001992556));
#4835=CARTESIAN_POINT('Ctrl Pts',(7.50804583421021,0.168143857553943,2.9093794056054));
#4836=CARTESIAN_POINT('Ctrl Pts',(7.5,0.0828376685188864,2.913));
#4837=CARTESIAN_POINT('Ctrl Pts',(7.5,3.33066907387547E-16,2.913));
#4838=CARTESIAN_POINT('Origin',(8.6,0.,0.));
#4839=CARTESIAN_POINT('',(9.,3.74587773425669,1.28452325786651));
#4840=CARTESIAN_POINT('Origin',(9.,0.,0.));
#4841=CARTESIAN_POINT('Ctrl Pts',(9.,3.74587773425668,1.28452325786651));
#4842=CARTESIAN_POINT('Ctrl Pts',(8.96374579827863,3.75232598580424,1.29016802941881));
#4843=CARTESIAN_POINT('Ctrl Pts',(8.92775556761561,3.75926505554829,1.29419452590805));
#4844=CARTESIAN_POINT('Ctrl Pts',(8.89233531064627,3.76659123932405,1.29671669627867));
#4845=CARTESIAN_POINT('Ctrl Pts',(8.71788033281526,3.80267480668193,1.30913911253816));
#4846=CARTESIAN_POINT('Ctrl Pts',(8.5334071535029,3.85416581279949,1.2850785618165));
#4847=CARTESIAN_POINT('Ctrl Pts',(8.30731602492162,3.93121115259556,1.20450489154137));
#4848=CARTESIAN_POINT('Ctrl Pts',(8.25254578642888,3.95101351676068,1.18059404462846));
#4849=CARTESIAN_POINT('Ctrl Pts',(8.2,3.97092243691563,1.15325625946708));
#4850=CARTESIAN_POINT('Origin',(8.8,3.85,0.));
#4851=CARTESIAN_POINT('',(8.8,2.60683121816507,1.3));
#4852=CARTESIAN_POINT('',(7.5,2.913,-1.75424727101232E-17));
#4853=CARTESIAN_POINT('Ctrl Pts',(8.8,2.60683121816507,1.3));
#4854=CARTESIAN_POINT('Ctrl Pts',(8.88297330514036,2.60683121816507,1.3));
#4855=CARTESIAN_POINT('Ctrl Pts',(8.96832509556461,2.61090657431612,1.29192986619005));
#4856=CARTESIAN_POINT('Ctrl Pts',(9.13727099511423,2.62721364260423,1.25843728249468));
#4857=CARTESIAN_POINT('Ctrl Pts',(9.22086971679773,2.63942251111679,1.23302698255038));
#4858=CARTESIAN_POINT('Ctrl Pts',(9.46042417569599,2.68461003879965,1.13304376779376));
#4859=CARTESIAN_POINT('Ctrl Pts',(9.60501253097637,2.72617121990444,1.03346510010865));
#4860=CARTESIAN_POINT('Ctrl Pts',(9.83327837418161,2.80208252074241,0.805199256903414));
#4861=CARTESIAN_POINT('Ctrl Pts',(9.93299675503439,2.84175619002365,0.660543430860578));
#4862=CARTESIAN_POINT('Ctrl Pts',(10.0330620599209,2.88359028307998,0.420782365184253));
#4863=CARTESIAN_POINT('Ctrl Pts',(10.0584798627642,2.89467001992556,0.337114755429212));
#4864=CARTESIAN_POINT('Ctrl Pts',(10.0919541657898,2.9093794056054,0.168143857553943));
#4865=CARTESIAN_POINT('Ctrl Pts',(10.1,2.913,0.0828376685188859));
#4866=CARTESIAN_POINT('Ctrl Pts',(10.1,2.913,-0.082837668518886));
#4867=CARTESIAN_POINT('Ctrl Pts',(10.0919541657898,2.9093794056054,-0.168143857553943));
#4868=CARTESIAN_POINT('Ctrl Pts',(10.0584798627642,2.89467001992556,-0.337114755429212));
#4869=CARTESIAN_POINT('Ctrl Pts',(10.0330620599209,2.88359028307998,-0.420782365184253));
#4870=CARTESIAN_POINT('Ctrl Pts',(9.93299675503439,2.84175619002365,-0.660543430860578));
#4871=CARTESIAN_POINT('Ctrl Pts',(9.83327837418161,2.80208252074241,-0.805199256903414));
#4872=CARTESIAN_POINT('Ctrl Pts',(9.60501253097637,2.72617121990444,-1.03346510010865));
#4873=CARTESIAN_POINT('Ctrl Pts',(9.46042417569599,2.68461003879965,-1.13304376779376));
#4874=CARTESIAN_POINT('Ctrl Pts',(9.22086971679773,2.63942251111679,-1.23302698255038));
#4875=CARTESIAN_POINT('Ctrl Pts',(9.13727099511423,2.62721364260423,-1.25843728249468));
#4876=CARTESIAN_POINT('Ctrl Pts',(8.96832509556461,2.61090657431612,-1.29192986619005));
#4877=CARTESIAN_POINT('Ctrl Pts',(8.88297330514036,2.60683121816507,-1.3));
#4878=CARTESIAN_POINT('Ctrl Pts',(8.71702669485964,2.60683121816507,-1.3));
#4879=CARTESIAN_POINT('Ctrl Pts',(8.63167490443539,2.61090657431612,-1.29192986619005));
#4880=CARTESIAN_POINT('Ctrl Pts',(8.46272900488577,2.62721364260423,-1.25843728249468));
#4881=CARTESIAN_POINT('Ctrl Pts',(8.37913028320228,2.63942251111679,-1.23302698255038));
#4882=CARTESIAN_POINT('Ctrl Pts',(8.13957582430402,2.68461003879965,-1.13304376779376));
#4883=CARTESIAN_POINT('Ctrl Pts',(7.99498746902363,2.72617121990444,-1.03346510010865));
#4884=CARTESIAN_POINT('Ctrl Pts',(7.76672162581839,2.80208252074241,-0.805199256903414));
#4885=CARTESIAN_POINT('Ctrl Pts',(7.66700324496561,2.84175619002365,-0.660543430860577));
#4886=CARTESIAN_POINT('Ctrl Pts',(7.56693794007914,2.88359028307998,-0.420782365184252));
#4887=CARTESIAN_POINT('Ctrl Pts',(7.54152013723577,2.89467001992556,-0.337114755429211));
#4888=CARTESIAN_POINT('Ctrl Pts',(7.50804583421021,2.9093794056054,-0.168143857553942));
#4889=CARTESIAN_POINT('Ctrl Pts',(7.5,2.913,-0.0828376685188859));
#4890=CARTESIAN_POINT('Ctrl Pts',(7.5,2.913,-1.11022302462516E-16));
#4891=CARTESIAN_POINT('Ctrl Pts',(7.5,2.913,-1.94289029309402E-16));
#4892=CARTESIAN_POINT('Ctrl Pts',(7.5,2.913,0.0828376685188856));
#4893=CARTESIAN_POINT('Ctrl Pts',(7.50804583421021,2.9093794056054,0.168143857553942));
#4894=CARTESIAN_POINT('Ctrl Pts',(7.54152013723577,2.89467001992556,0.337114755429211));
#4895=CARTESIAN_POINT('Ctrl Pts',(7.56693794007914,2.88359028307998,0.420782365184252));
#4896=CARTESIAN_POINT('Ctrl Pts',(7.66700324496561,2.84175619002365,0.660543430860577));
#4897=CARTESIAN_POINT('Ctrl Pts',(7.76672162581839,2.80208252074242,0.805199256903414));
#4898=CARTESIAN_POINT('Ctrl Pts',(7.99498746902363,2.72617121990445,1.03346510010865));
#4899=CARTESIAN_POINT('Ctrl Pts',(8.13957582430402,2.68461003879965,1.13304376779376));
#4900=CARTESIAN_POINT('Ctrl Pts',(8.37913028320228,2.63942251111679,1.23302698255038));
#4901=CARTESIAN_POINT('Ctrl Pts',(8.46272900488577,2.62721364260423,1.25843728249468));
#4902=CARTESIAN_POINT('Ctrl Pts',(8.63167490443539,2.61090657431612,1.29192986619005));
#4903=CARTESIAN_POINT('Ctrl Pts',(8.71702669485964,2.60683121816507,1.3));
#4904=CARTESIAN_POINT('Ctrl Pts',(8.8,2.60683121816507,1.3));
#4905=CARTESIAN_POINT('',(7.5,3.85,1.59204083889156E-16));
#4906=CARTESIAN_POINT('',(9.,3.74587773425669,-1.28452325786651));
#4907=CARTESIAN_POINT('Ctrl Pts',(9.,3.74587773425669,-1.28452325786651));
#4908=CARTESIAN_POINT('Ctrl Pts',(9.01714793349903,3.74679329716159,-1.2818533282418));
#4909=CARTESIAN_POINT('Ctrl Pts',(9.03429578621343,3.74782639605691,-1.27883150322681));
#4910=CARTESIAN_POINT('Ctrl Pts',(9.13564489467057,3.75462316050745,-1.25885363951714));
#4911=CARTESIAN_POINT('Ctrl Pts',(9.2192108168561,3.7631176530233,-1.23359779347131));
#4912=CARTESIAN_POINT('Ctrl Pts',(9.45912208238356,3.79485285638826,-1.13382688152151));
#4913=CARTESIAN_POINT('Ctrl Pts',(9.60447592090706,3.82444258630512,-1.03400171017797));
#4914=CARTESIAN_POINT('Ctrl Pts',(9.83395180557888,3.87920697109062,-0.804525825506145));
#4915=CARTESIAN_POINT('Ctrl Pts',(9.93381543263922,3.90808452738277,-0.659152045906566));
#4916=CARTESIAN_POINT('Ctrl Pts',(10.0668719470979,3.94874052445776,-0.339196643064946));
#4917=CARTESIAN_POINT('Ctrl Pts',(10.1,3.96,-0.164522334494381));
#4918=CARTESIAN_POINT('Ctrl Pts',(10.1,3.96,0.16452233449438));
#4919=CARTESIAN_POINT('Ctrl Pts',(10.0668719470979,3.94874052445776,0.339196643064946));
#4920=CARTESIAN_POINT('Ctrl Pts',(9.93381543263922,3.90808452738277,0.659152045906565));
#4921=CARTESIAN_POINT('Ctrl Pts',(9.83395180557888,3.87920697109062,0.804525825506145));
#4922=CARTESIAN_POINT('Ctrl Pts',(9.60447592090706,3.82444258630512,1.03400171017797));
#4923=CARTESIAN_POINT('Ctrl Pts',(9.45912208238355,3.79485285638826,1.13382688152151));
#4924=CARTESIAN_POINT('Ctrl Pts',(9.2192108168561,3.7631176530233,1.23359779347131));
#4925=CARTESIAN_POINT('Ctrl Pts',(9.13564489467057,3.75462316050745,1.25885363951714));
#4926=CARTESIAN_POINT('Ctrl Pts',(9.03429578621343,3.7478263960569,1.27883150322681));
#4927=CARTESIAN_POINT('Ctrl Pts',(9.01714793349904,3.74679329716159,1.2818533282418));
#4928=CARTESIAN_POINT('Ctrl Pts',(9.,3.74587773425668,1.28452325786651));
#4929=CARTESIAN_POINT('Ctrl Pts',(8.2,3.97092243691563,-1.15325625946708));
#4930=CARTESIAN_POINT('Ctrl Pts',(8.25254578642888,3.95101351676068,-1.18059404462846));
#4931=CARTESIAN_POINT('Ctrl Pts',(8.30731602492162,3.93121115259556,-1.20450489154137));
#4932=CARTESIAN_POINT('Ctrl Pts',(8.5334071535029,3.85416581279949,-1.2850785618165));
#4933=CARTESIAN_POINT('Ctrl Pts',(8.71788033281526,3.80267480668193,-1.30913911253816));
#4934=CARTESIAN_POINT('Ctrl Pts',(8.92775556728137,3.75926505561742,-1.29419452593185));
#4935=CARTESIAN_POINT('Ctrl Pts',(8.96374579804311,3.75232598584613,-1.29016802945548));
#4936=CARTESIAN_POINT('Ctrl Pts',(9.,3.74587773425668,-1.28452325786651));
#4937=CARTESIAN_POINT('Origin',(27.9,0.,0.));
#4938=CARTESIAN_POINT('',(27.4,-1.8492166667125E-16,1.51));
#4939=CARTESIAN_POINT('Origin',(27.4,0.,0.));
#4940=CARTESIAN_POINT('',(28.4,1.8492166667125E-16,1.51));
#4941=CARTESIAN_POINT('',(27.9,-1.8492166667125E-16,1.51));
#4942=CARTESIAN_POINT('Origin',(28.4,0.,0.));
#4943=CARTESIAN_POINT('Origin',(28.6,0.,0.));
#4944=CARTESIAN_POINT('',(28.4,-3.56739612591624E-16,2.913));
#4945=CARTESIAN_POINT('Origin',(28.4,0.,0.));
#4946=CARTESIAN_POINT('',(28.7,3.56739612591624E-16,2.913));
#4947=CARTESIAN_POINT('',(28.6,-3.56739612591624E-16,2.913));
#4948=CARTESIAN_POINT('Origin',(28.7,0.,0.));
#4949=CARTESIAN_POINT('Origin',(28.4,0.,0.));
#4950=CARTESIAN_POINT('Origin',(16.,0.,0.));
#4951=CARTESIAN_POINT('',(4.6,-3.56739612591624E-16,2.913));
#4952=CARTESIAN_POINT('Origin',(4.6,0.,0.));
#4953=CARTESIAN_POINT('',(16.,-3.56739612591624E-16,2.913));
#4954=CARTESIAN_POINT('',(16.,-3.56739612591624E-16,2.913));
#4955=CARTESIAN_POINT('',(16.,-3.56739612591624E-16,2.913));
#4956=CARTESIAN_POINT('',(16.,-3.56739612591624E-16,2.913));
#4957=CARTESIAN_POINT('',(27.4,-3.56739612591624E-16,2.913));
#4958=CARTESIAN_POINT('',(16.,-3.56739612591624E-16,2.913));
#4959=CARTESIAN_POINT('Origin',(27.4,0.,0.));
#4960=CARTESIAN_POINT('Origin',(4.6,0.,0.));
#4961=CARTESIAN_POINT('',(4.6,-2.3819380243416E-16,1.945));
#4962=CARTESIAN_POINT('Origin',(4.6,0.,0.));
#4963=CARTESIAN_POINT('Origin',(27.4,0.,0.));
#4964=CARTESIAN_POINT('Origin',(3.45,0.,0.));
#4965=CARTESIAN_POINT('',(3.45,-2.3819380243416E-16,1.945));
#4966=CARTESIAN_POINT('Origin',(28.55,0.,0.));
#4967=CARTESIAN_POINT('',(28.7,-4.84960132462352E-16,3.96));
#4968=CARTESIAN_POINT('Origin',(28.7,0.,0.));
#4969=CARTESIAN_POINT('',(28.4,-4.84960132462352E-16,3.96));
#4970=CARTESIAN_POINT('',(28.55,-4.84960132462352E-16,3.96));
#4971=CARTESIAN_POINT('Origin',(28.4,0.,0.));
#4972=CARTESIAN_POINT('Origin',(28.7,0.,0.));
#4973=CARTESIAN_POINT('Origin',(27.2,0.,0.));
#4974=CARTESIAN_POINT('',(27.2,-5.07003774847004E-16,4.14));
#4975=CARTESIAN_POINT('Origin',(27.2,0.,0.));
#4976=CARTESIAN_POINT('',(27.2,-4.84960132462352E-16,3.96));
#4977=CARTESIAN_POINT('Origin',(27.2,0.,0.));
#4978=CARTESIAN_POINT('Origin',(27.8,0.,0.));
#4979=CARTESIAN_POINT('',(28.4,-5.07003774847004E-16,4.14));
#4980=CARTESIAN_POINT('Origin',(28.4,0.,0.));
#4981=CARTESIAN_POINT('',(27.8,-5.07003774847004E-16,4.14));
#4982=CARTESIAN_POINT('Origin',(28.4,0.,0.));
#4983=CARTESIAN_POINT('Origin',(18.1,0.,0.));
#4984=CARTESIAN_POINT('',(18.1,-4.84960132462352E-16,3.96));
#4985=CARTESIAN_POINT('',(18.1,-4.84960132462352E-16,3.96));
#4986=CARTESIAN_POINT('',(18.1,-4.84960132462352E-16,3.96));
#4987=CARTESIAN_POINT('',(18.1,-4.84960132462352E-16,3.96));
#4988=CARTESIAN_POINT('Origin',(9.,0.,0.));
#4989=CARTESIAN_POINT('Origin',(8.6,0.,0.));
#4990=CARTESIAN_POINT('Origin',(3.95,0.,0.));
#4991=CARTESIAN_POINT('',(3.95,-5.64256012707143E-16,4.6075));
#4992=CARTESIAN_POINT('Origin',(2.48,0.,0.));
#4993=UNCERTAINTY_MEASURE_WITH_UNIT(LENGTH_MEASURE(0.001),#4997,
'DISTANCE_ACCURACY_VALUE',
'Maximum model space distance between geometric entities at asserted c
onnectivities');
#4994=UNCERTAINTY_MEASURE_WITH_UNIT(LENGTH_MEASURE(0.001),#4997,
'DISTANCE_ACCURACY_VALUE',
'Maximum model space distance between geometric entities at asserted c
onnectivities');
#4995=(
GEOMETRIC_REPRESENTATION_CONTEXT(3)
GLOBAL_UNCERTAINTY_ASSIGNED_CONTEXT((#4993))
GLOBAL_UNIT_ASSIGNED_CONTEXT((#4997,#4999,#5000))
REPRESENTATION_CONTEXT('','3D')
);
#4996=(
GEOMETRIC_REPRESENTATION_CONTEXT(3)
GLOBAL_UNCERTAINTY_ASSIGNED_CONTEXT((#4994))
GLOBAL_UNIT_ASSIGNED_CONTEXT((#4997,#4999,#5000))
REPRESENTATION_CONTEXT('','3D')
);
#4997=(
LENGTH_UNIT()
NAMED_UNIT(*)
SI_UNIT(.CENTI.,.METRE.)
);
#4998=(
LENGTH_UNIT()
NAMED_UNIT(*)
SI_UNIT($,.METRE.)
);
#4999=(
NAMED_UNIT(*)
PLANE_ANGLE_UNIT()
SI_UNIT($,.RADIAN.)
);
#5000=(
NAMED_UNIT(*)
SI_UNIT($,.STERADIAN.)
SOLID_ANGLE_UNIT()
);
#5001=SHAPE_DEFINITION_REPRESENTATION(#5002,#5003);
#5002=PRODUCT_DEFINITION_SHAPE('',$,#5005);
#5003=SHAPE_REPRESENTATION('',(#1499),#4995);
#5004=PRODUCT_DEFINITION_CONTEXT('part definition',#5009,'design');
#5005=PRODUCT_DEFINITION('Jacket_Native','Jacket_Native',#5006,#5004);
#5006=PRODUCT_DEFINITION_FORMATION('',$,#5011);
#5007=PRODUCT_RELATED_PRODUCT_CATEGORY('Jacket_Native','Jacket_Native',
(#5011));
#5008=APPLICATION_PROTOCOL_DEFINITION('international standard',
'automotive_design',2009,#5009);
#5009=APPLICATION_CONTEXT(
'Core Data for Automotive Mechanical Design Process');
#5010=PRODUCT_CONTEXT('part definition',#5009,'mechanical');
#5011=PRODUCT('Jacket_Native','Jacket_Native',$,(#5010));
#5012=PRESENTATION_STYLE_ASSIGNMENT((#5013));
#5013=SURFACE_STYLE_USAGE(.BOTH.,#5014);
#5014=SURFACE_SIDE_STYLE('',(#5015));
#5015=SURFACE_STYLE_FILL_AREA(#5016);
#5016=FILL_AREA_STYLE('Steel - Satin',(#5017));
#5017=FILL_AREA_STYLE_COLOUR('Steel - Satin',#5018);
#5018=COLOUR_RGB('Steel - Satin',0.627450980392157,0.627450980392157,0.627450980392157);
ENDSEC;
END-ISO-10303-21;
