ISO-10303-21;
HEADER;
/* Generated by software containing ST-Developer
 * from STEP Tools, Inc. (www.steptools.com) 
 */

FILE_DESCRIPTION(
/* description */ (''),
/* implementation_level */ '2;1');

FILE_NAME(
/* name */ 'CH_Handle_native.stp',
/* time_stamp */ '2026-09-13T18:49:01-05:00',
/* author */ (''),
/* organization */ (''),
/* preprocessor_version */ 'ST-DEVELOPER v20.1',
/* originating_system */ 'Autodesk Translation Framework v15.8.0.0',
/* authorisation */ '');

FILE_SCHEMA (('AUTOMOTIVE_DESIGN { 1 0 10303 214 3 1 1 }'));
ENDSEC;

DATA;
#10=MECHANICAL_DESIGN_GEOMETRIC_PRESENTATION_REPRESENTATION('',(#13),#3488);
#11=SHAPE_REPRESENTATION_RELATIONSHIP('SRR','None',#3495,#12);
#12=ADVANCED_BREP_SHAPE_REPRESENTATION('',(#14),#3487);
#13=STYLED_ITEM('',(#3504),#14);
#14=MANIFOLD_SOLID_BREP('CH_Handle_native',#1416);
#15=(
BOUNDED_CURVE()
B_SPLINE_CURVE(5,(#3363,#3364,#3365,#3366,#3367,#3368,#3369,#3370,#3371,
#3372,#3373,#3374,#3375,#3376,#3377,#3378,#3379,#3380,#3381,#3382,#3383,
#3384,#3385,#3386,#3387,#3388,#3389,#3390,#3391,#3392,#3393,#3394,#3395,
#3396,#3397,#3398,#3399,#3400,#3401,#3402,#3403,#3404,#3405,#3406,#3407,
#3408,#3409,#3410,#3411,#3412,#3413,#3414,#3415,#3416,#3417,#3418,#3419,
#3420,#3421,#3422,#3423,#3424,#3425,#3426,#3427,#3428,#3429,#3430,#3431,
#3432,#3433,#3434,#3435,#3436,#3437,#3438,#3439,#3440,#3441,#3442,#3443,
#3444,#3445,#3446,#3447,#3448,#3449,#3450,#3451,#3452,#3453,#3454,#3455,
#3456,#3457,#3458,#3459,#3460,#3461,#3462,#3463,#3464,#3465,#3466,#3467,
#3468,#3469,#3470,#3471,#3472,#3473,#3474,#3475,#3476,#3477,#3478,#3479,
#3480,#3481,#3482),.UNSPECIFIED.,.F.,.F.)
B_SPLINE_CURVE_WITH_KNOTS((6,1,1,1,1,1,1,1,1,1,1,1,1,1,1,1,1,1,1,1,1,1,
1,1,1,1,1,1,1,1,1,1,1,1,1,1,1,1,1,1,1,1,1,1,1,1,1,1,1,1,1,1,1,1,1,1,1,1,
1,1,1,1,1,1,1,1,1,1,1,1,1,1,1,1,1,1,1,1,1,1,1,1,1,1,1,1,1,1,1,1,1,1,1,1,
1,1,1,1,1,1,1,1,1,1,1,1,1,1,1,1,1,1,1,1,1,6),(0.,0.00869565217391304,0.0173913043478261,
0.0260869565217391,0.0347826086956522,0.0434782608695652,0.0521739130434783,
0.0608695652173913,0.0695652173913043,0.0782608695652174,0.0869565217391304,
0.0956521739130435,0.104347826086957,0.11304347826087,0.121739130434783,
0.130434782608696,0.139130434782609,0.147826086956522,0.156521739130435,
0.165217391304348,0.173913043478261,0.182608695652174,0.191304347826087,
0.2,0.208695652173913,0.217391304347826,0.226086956521739,0.234782608695652,
0.243478260869565,0.252173913043478,0.260869565217391,0.269565217391304,
0.278260869565218,0.286956521739131,0.295652173913044,0.304347826086957,
0.31304347826087,0.321739130434783,0.330434782608696,0.339130434782609,
0.347826086956522,0.356521739130435,0.365217391304348,0.373913043478261,
0.382608695652174,0.391304347826087,0.4,0.408695652173913,0.417391304347826,
0.426086956521739,0.434782608695652,0.443478260869565,0.452173913043478,
0.460869565217392,0.469565217391305,0.478260869565218,0.486956521739131,
0.495652173913044,0.504347826086957,0.51304347826087,0.521739130434783,
0.530434782608696,0.539130434782609,0.547826086956522,0.556521739130435,
0.565217391304348,0.573913043478261,0.582608695652174,0.591304347826087,
0.6,0.608695652173913,0.617391304347826,0.626086956521739,0.634782608695652,
0.643478260869565,0.652173913043478,0.660869565217391,0.669565217391304,
0.678260869565217,0.68695652173913,0.695652173913043,0.704347826086956,
0.713043478260869,0.721739130434782,0.730434782608695,0.739130434782608,
0.747826086956521,0.756521739130434,0.765217391304347,0.77391304347826,
0.782608695652173,0.791304347826085,0.799999999999998,0.808695652173911,
0.817391304347824,0.826086956521737,0.83478260869565,0.843478260869563,
0.852173913043476,0.860869565217389,0.869565217391302,0.878260869565215,
0.886956521739128,0.895652173913041,0.904347826086954,0.913043478260867,
0.92173913043478,0.930434782608693,0.939130434782606,0.947826086956519,
0.956521739130432,0.965217391304345,0.973913043478258,0.982608695652171,
0.991304347826084,1.),.UNSPECIFIED.)
CURVE()
GEOMETRIC_REPRESENTATION_ITEM()
RATIONAL_B_SPLINE_CURVE((1.,1.,1.,1.,1.,1.,1.,1.,1.,1.,1.,1.,1.,1.,1.,1.,
1.,1.,1.,1.,1.,1.,1.,1.,1.,1.,1.,1.,1.,1.,1.,1.,1.,1.,1.,1.,1.,1.,1.,1.,
1.,1.,1.,1.,1.,1.,1.,1.,1.,1.,1.,1.,1.,1.,1.,1.,1.,1.,1.,1.,1.,1.,1.,1.,
1.,1.,1.,1.,1.,1.,1.,1.,1.,1.,1.,1.,1.,1.,1.,1.,1.,1.,1.,1.,1.,1.,1.,1.,
1.,1.,1.,1.,1.,1.,1.,1.,1.,1.,1.,1.,1.,1.,1.,1.,1.,1.,1.,1.,1.,1.,1.,1.,
1.,1.,1.,1.,1.,1.,1.,1.))
REPRESENTATION_ITEM('')
);
#16=(
BOUNDED_SURFACE()
B_SPLINE_SURFACE(5,2,((#2282,#2283,#2284,#2285,#2286,#2287,#2288,#2289,
#2290),(#2291,#2292,#2293,#2294,#2295,#2296,#2297,#2298,#2299),(#2300,#2301,
#2302,#2303,#2304,#2305,#2306,#2307,#2308),(#2309,#2310,#2311,#2312,#2313,
#2314,#2315,#2316,#2317),(#2318,#2319,#2320,#2321,#2322,#2323,#2324,#2325,
#2326),(#2327,#2328,#2329,#2330,#2331,#2332,#2333,#2334,#2335),(#2336,#2337,
#2338,#2339,#2340,#2341,#2342,#2343,#2344),(#2345,#2346,#2347,#2348,#2349,
#2350,#2351,#2352,#2353),(#2354,#2355,#2356,#2357,#2358,#2359,#2360,#2361,
#2362),(#2363,#2364,#2365,#2366,#2367,#2368,#2369,#2370,#2371),(#2372,#2373,
#2374,#2375,#2376,#2377,#2378,#2379,#2380),(#2381,#2382,#2383,#2384,#2385,
#2386,#2387,#2388,#2389),(#2390,#2391,#2392,#2393,#2394,#2395,#2396,#2397,
#2398),(#2399,#2400,#2401,#2402,#2403,#2404,#2405,#2406,#2407),(#2408,#2409,
#2410,#2411,#2412,#2413,#2414,#2415,#2416),(#2417,#2418,#2419,#2420,#2421,
#2422,#2423,#2424,#2425),(#2426,#2427,#2428,#2429,#2430,#2431,#2432,#2433,
#2434),(#2435,#2436,#2437,#2438,#2439,#2440,#2441,#2442,#2443),(#2444,#2445,
#2446,#2447,#2448,#2449,#2450,#2451,#2452),(#2453,#2454,#2455,#2456,#2457,
#2458,#2459,#2460,#2461),(#2462,#2463,#2464,#2465,#2466,#2467,#2468,#2469,
#2470),(#2471,#2472,#2473,#2474,#2475,#2476,#2477,#2478,#2479),(#2480,#2481,
#2482,#2483,#2484,#2485,#2486,#2487,#2488),(#2489,#2490,#2491,#2492,#2493,
#2494,#2495,#2496,#2497),(#2498,#2499,#2500,#2501,#2502,#2503,#2504,#2505,
#2506),(#2507,#2508,#2509,#2510,#2511,#2512,#2513,#2514,#2515),(#2516,#2517,
#2518,#2519,#2520,#2521,#2522,#2523,#2524),(#2525,#2526,#2527,#2528,#2529,
#2530,#2531,#2532,#2533),(#2534,#2535,#2536,#2537,#2538,#2539,#2540,#2541,
#2542),(#2543,#2544,#2545,#2546,#2547,#2548,#2549,#2550,#2551),(#2552,#2553,
#2554,#2555,#2556,#2557,#2558,#2559,#2560),(#2561,#2562,#2563,#2564,#2565,
#2566,#2567,#2568,#2569),(#2570,#2571,#2572,#2573,#2574,#2575,#2576,#2577,
#2578),(#2579,#2580,#2581,#2582,#2583,#2584,#2585,#2586,#2587),(#2588,#2589,
#2590,#2591,#2592,#2593,#2594,#2595,#2596),(#2597,#2598,#2599,#2600,#2601,
#2602,#2603,#2604,#2605),(#2606,#2607,#2608,#2609,#2610,#2611,#2612,#2613,
#2614),(#2615,#2616,#2617,#2618,#2619,#2620,#2621,#2622,#2623),(#2624,#2625,
#2626,#2627,#2628,#2629,#2630,#2631,#2632),(#2633,#2634,#2635,#2636,#2637,
#2638,#2639,#2640,#2641),(#2642,#2643,#2644,#2645,#2646,#2647,#2648,#2649,
#2650),(#2651,#2652,#2653,#2654,#2655,#2656,#2657,#2658,#2659),(#2660,#2661,
#2662,#2663,#2664,#2665,#2666,#2667,#2668),(#2669,#2670,#2671,#2672,#2673,
#2674,#2675,#2676,#2677),(#2678,#2679,#2680,#2681,#2682,#2683,#2684,#2685,
#2686),(#2687,#2688,#2689,#2690,#2691,#2692,#2693,#2694,#2695),(#2696,#2697,
#2698,#2699,#2700,#2701,#2702,#2703,#2704),(#2705,#2706,#2707,#2708,#2709,
#2710,#2711,#2712,#2713),(#2714,#2715,#2716,#2717,#2718,#2719,#2720,#2721,
#2722),(#2723,#2724,#2725,#2726,#2727,#2728,#2729,#2730,#2731),(#2732,#2733,
#2734,#2735,#2736,#2737,#2738,#2739,#2740),(#2741,#2742,#2743,#2744,#2745,
#2746,#2747,#2748,#2749),(#2750,#2751,#2752,#2753,#2754,#2755,#2756,#2757,
#2758),(#2759,#2760,#2761,#2762,#2763,#2764,#2765,#2766,#2767),(#2768,#2769,
#2770,#2771,#2772,#2773,#2774,#2775,#2776),(#2777,#2778,#2779,#2780,#2781,
#2782,#2783,#2784,#2785),(#2786,#2787,#2788,#2789,#2790,#2791,#2792,#2793,
#2794),(#2795,#2796,#2797,#2798,#2799,#2800,#2801,#2802,#2803),(#2804,#2805,
#2806,#2807,#2808,#2809,#2810,#2811,#2812),(#2813,#2814,#2815,#2816,#2817,
#2818,#2819,#2820,#2821),(#2822,#2823,#2824,#2825,#2826,#2827,#2828,#2829,
#2830),(#2831,#2832,#2833,#2834,#2835,#2836,#2837,#2838,#2839),(#2840,#2841,
#2842,#2843,#2844,#2845,#2846,#2847,#2848),(#2849,#2850,#2851,#2852,#2853,
#2854,#2855,#2856,#2857),(#2858,#2859,#2860,#2861,#2862,#2863,#2864,#2865,
#2866),(#2867,#2868,#2869,#2870,#2871,#2872,#2873,#2874,#2875),(#2876,#2877,
#2878,#2879,#2880,#2881,#2882,#2883,#2884),(#2885,#2886,#2887,#2888,#2889,
#2890,#2891,#2892,#2893),(#2894,#2895,#2896,#2897,#2898,#2899,#2900,#2901,
#2902),(#2903,#2904,#2905,#2906,#2907,#2908,#2909,#2910,#2911),(#2912,#2913,
#2914,#2915,#2916,#2917,#2918,#2919,#2920),(#2921,#2922,#2923,#2924,#2925,
#2926,#2927,#2928,#2929),(#2930,#2931,#2932,#2933,#2934,#2935,#2936,#2937,
#2938),(#2939,#2940,#2941,#2942,#2943,#2944,#2945,#2946,#2947),(#2948,#2949,
#2950,#2951,#2952,#2953,#2954,#2955,#2956),(#2957,#2958,#2959,#2960,#2961,
#2962,#2963,#2964,#2965),(#2966,#2967,#2968,#2969,#2970,#2971,#2972,#2973,
#2974),(#2975,#2976,#2977,#2978,#2979,#2980,#2981,#2982,#2983),(#2984,#2985,
#2986,#2987,#2988,#2989,#2990,#2991,#2992),(#2993,#2994,#2995,#2996,#2997,
#2998,#2999,#3000,#3001),(#3002,#3003,#3004,#3005,#3006,#3007,#3008,#3009,
#3010),(#3011,#3012,#3013,#3014,#3015,#3016,#3017,#3018,#3019),(#3020,#3021,
#3022,#3023,#3024,#3025,#3026,#3027,#3028),(#3029,#3030,#3031,#3032,#3033,
#3034,#3035,#3036,#3037),(#3038,#3039,#3040,#3041,#3042,#3043,#3044,#3045,
#3046),(#3047,#3048,#3049,#3050,#3051,#3052,#3053,#3054,#3055),(#3056,#3057,
#3058,#3059,#3060,#3061,#3062,#3063,#3064),(#3065,#3066,#3067,#3068,#3069,
#3070,#3071,#3072,#3073),(#3074,#3075,#3076,#3077,#3078,#3079,#3080,#3081,
#3082),(#3083,#3084,#3085,#3086,#3087,#3088,#3089,#3090,#3091),(#3092,#3093,
#3094,#3095,#3096,#3097,#3098,#3099,#3100),(#3101,#3102,#3103,#3104,#3105,
#3106,#3107,#3108,#3109),(#3110,#3111,#3112,#3113,#3114,#3115,#3116,#3117,
#3118),(#3119,#3120,#3121,#3122,#3123,#3124,#3125,#3126,#3127),(#3128,#3129,
#3130,#3131,#3132,#3133,#3134,#3135,#3136),(#3137,#3138,#3139,#3140,#3141,
#3142,#3143,#3144,#3145),(#3146,#3147,#3148,#3149,#3150,#3151,#3152,#3153,
#3154),(#3155,#3156,#3157,#3158,#3159,#3160,#3161,#3162,#3163),(#3164,#3165,
#3166,#3167,#3168,#3169,#3170,#3171,#3172),(#3173,#3174,#3175,#3176,#3177,
#3178,#3179,#3180,#3181),(#3182,#3183,#3184,#3185,#3186,#3187,#3188,#3189,
#3190),(#3191,#3192,#3193,#3194,#3195,#3196,#3197,#3198,#3199),(#3200,#3201,
#3202,#3203,#3204,#3205,#3206,#3207,#3208),(#3209,#3210,#3211,#3212,#3213,
#3214,#3215,#3216,#3217),(#3218,#3219,#3220,#3221,#3222,#3223,#3224,#3225,
#3226),(#3227,#3228,#3229,#3230,#3231,#3232,#3233,#3234,#3235),(#3236,#3237,
#3238,#3239,#3240,#3241,#3242,#3243,#3244),(#3245,#3246,#3247,#3248,#3249,
#3250,#3251,#3252,#3253),(#3254,#3255,#3256,#3257,#3258,#3259,#3260,#3261,
#3262),(#3263,#3264,#3265,#3266,#3267,#3268,#3269,#3270,#3271),(#3272,#3273,
#3274,#3275,#3276,#3277,#3278,#3279,#3280),(#3281,#3282,#3283,#3284,#3285,
#3286,#3287,#3288,#3289),(#3290,#3291,#3292,#3293,#3294,#3295,#3296,#3297,
#3298),(#3299,#3300,#3301,#3302,#3303,#3304,#3305,#3306,#3307),(#3308,#3309,
#3310,#3311,#3312,#3313,#3314,#3315,#3316),(#3317,#3318,#3319,#3320,#3321,
#3322,#3323,#3324,#3325),(#3326,#3327,#3328,#3329,#3330,#3331,#3332,#3333,
#3334),(#3335,#3336,#3337,#3338,#3339,#3340,#3341,#3342,#3343),(#3344,#3345,
#3346,#3347,#3348,#3349,#3350,#3351,#3352),(#3353,#3354,#3355,#3356,#3357,
#3358,#3359,#3360,#3361)),.UNSPECIFIED.,.F.,.T.,.F.)
B_SPLINE_SURFACE_WITH_KNOTS((6,1,1,1,1,1,1,1,1,1,1,1,1,1,1,1,1,1,1,1,1,
1,1,1,1,1,1,1,1,1,1,1,1,1,1,1,1,1,1,1,1,1,1,1,1,1,1,1,1,1,1,1,1,1,1,1,1,
1,1,1,1,1,1,1,1,1,1,1,1,1,1,1,1,1,1,1,1,1,1,1,1,1,1,1,1,1,1,1,1,1,1,1,1,
1,1,1,1,1,1,1,1,1,1,1,1,1,1,1,1,1,1,1,1,1,1,6),(3,2,2,2,3),(0.,0.00869565217391304,
0.0173913043478261,0.0260869565217391,0.0347826086956522,0.0434782608695652,
0.0521739130434783,0.0608695652173913,0.0695652173913043,0.0782608695652174,
0.0869565217391304,0.0956521739130435,0.104347826086957,0.11304347826087,
0.121739130434783,0.130434782608696,0.139130434782609,0.147826086956522,
0.156521739130435,0.165217391304348,0.173913043478261,0.182608695652174,
0.191304347826087,0.2,0.208695652173913,0.217391304347826,0.226086956521739,
0.234782608695652,0.243478260869565,0.252173913043478,0.260869565217391,
0.269565217391304,0.278260869565218,0.286956521739131,0.295652173913044,
0.304347826086957,0.31304347826087,0.321739130434783,0.330434782608696,
0.339130434782609,0.347826086956522,0.356521739130435,0.365217391304348,
0.373913043478261,0.382608695652174,0.391304347826087,0.4,0.408695652173913,
0.417391304347826,0.426086956521739,0.434782608695652,0.443478260869565,
0.452173913043478,0.460869565217392,0.469565217391305,0.478260869565218,
0.486956521739131,0.495652173913044,0.504347826086957,0.51304347826087,
0.521739130434783,0.530434782608696,0.539130434782609,0.547826086956522,
0.556521739130435,0.565217391304348,0.573913043478261,0.582608695652174,
0.591304347826087,0.6,0.608695652173913,0.617391304347826,0.626086956521739,
0.634782608695652,0.643478260869565,0.652173913043478,0.660869565217391,
0.669565217391304,0.678260869565217,0.68695652173913,0.695652173913043,
0.704347826086956,0.713043478260869,0.721739130434782,0.730434782608695,
0.739130434782608,0.747826086956521,0.756521739130434,0.765217391304347,
0.77391304347826,0.782608695652173,0.791304347826085,0.799999999999998,
0.808695652173911,0.817391304347824,0.826086956521737,0.83478260869565,
0.843478260869563,0.852173913043476,0.860869565217389,0.869565217391302,
0.878260869565215,0.886956521739128,0.895652173913041,0.904347826086954,
0.913043478260867,0.92173913043478,0.930434782608693,0.939130434782606,
0.947826086956519,0.956521739130432,0.965217391304345,0.973913043478258,
0.982608695652171,0.991304347826084,1.),(0.,1.5707963267949,3.14159265358979,
4.71238898038469,6.28318530717959),.UNSPECIFIED.)
GEOMETRIC_REPRESENTATION_ITEM()
RATIONAL_B_SPLINE_SURFACE(((1.,0.707106781186548,1.,0.707106781186548,1.,
0.707106781186548,1.,0.707106781186548,1.),(1.,0.707106781186548,1.,0.707106781186548,
1.,0.707106781186548,1.,0.707106781186548,1.),(1.,0.707106781186548,1.,
0.707106781186548,1.,0.707106781186548,1.,0.707106781186548,1.),(1.,0.707106781186548,
1.,0.707106781186548,1.,0.707106781186548,1.,0.707106781186548,1.),(1.,
0.707106781186548,1.,0.707106781186548,1.,0.707106781186548,1.,0.707106781186548,
1.),(1.,0.707106781186548,1.,0.707106781186548,1.,0.707106781186548,1.,
0.707106781186548,1.),(1.,0.707106781186548,1.,0.707106781186548,1.,0.707106781186548,
1.,0.707106781186548,1.),(1.,0.707106781186548,1.,0.707106781186548,1.,
0.707106781186548,1.,0.707106781186548,1.),(1.,0.707106781186548,1.,0.707106781186548,
1.,0.707106781186548,1.,0.707106781186548,1.),(1.,0.707106781186548,1.,
0.707106781186548,1.,0.707106781186548,1.,0.707106781186548,1.),(1.,0.707106781186548,
1.,0.707106781186548,1.,0.707106781186548,1.,0.707106781186548,1.),(1.,
0.707106781186548,1.,0.707106781186548,1.,0.707106781186548,1.,0.707106781186548,
1.),(1.,0.707106781186548,1.,0.707106781186548,1.,0.707106781186548,1.,
0.707106781186548,1.),(1.,0.707106781186548,1.,0.707106781186548,1.,0.707106781186548,
1.,0.707106781186548,1.),(1.,0.707106781186548,1.,0.707106781186548,1.,
0.707106781186548,1.,0.707106781186548,1.),(1.,0.707106781186548,1.,0.707106781186548,
1.,0.707106781186548,1.,0.707106781186548,1.),(1.,0.707106781186548,1.,
0.707106781186548,1.,0.707106781186548,1.,0.707106781186548,1.),(1.,0.707106781186548,
1.,0.707106781186548,1.,0.707106781186548,1.,0.707106781186548,1.),(1.,
0.707106781186548,1.,0.707106781186548,1.,0.707106781186548,1.,0.707106781186548,
1.),(1.,0.707106781186548,1.,0.707106781186548,1.,0.707106781186548,1.,
0.707106781186548,1.),(1.,0.707106781186548,1.,0.707106781186548,1.,0.707106781186548,
1.,0.707106781186548,1.),(1.,0.707106781186548,1.,0.707106781186548,1.,
0.707106781186548,1.,0.707106781186548,1.),(1.,0.707106781186548,1.,0.707106781186548,
1.,0.707106781186548,1.,0.707106781186548,1.),(1.,0.707106781186548,1.,
0.707106781186548,1.,0.707106781186548,1.,0.707106781186548,1.),(1.,0.707106781186548,
1.,0.707106781186548,1.,0.707106781186548,1.,0.707106781186548,1.),(1.,
0.707106781186548,1.,0.707106781186548,1.,0.707106781186548,1.,0.707106781186548,
1.),(1.,0.707106781186548,1.,0.707106781186548,1.,0.707106781186548,1.,
0.707106781186548,1.),(1.,0.707106781186548,1.,0.707106781186548,1.,0.707106781186548,
1.,0.707106781186548,1.),(1.,0.707106781186548,1.,0.707106781186548,1.,
0.707106781186548,1.,0.707106781186548,1.),(1.,0.707106781186548,1.,0.707106781186548,
1.,0.707106781186548,1.,0.707106781186548,1.),(1.,0.707106781186548,1.,
0.707106781186548,1.,0.707106781186548,1.,0.707106781186548,1.),(1.,0.707106781186548,
1.,0.707106781186548,1.,0.707106781186548,1.,0.707106781186548,1.),(1.,
0.707106781186548,1.,0.707106781186548,1.,0.707106781186548,1.,0.707106781186548,
1.),(1.,0.707106781186548,1.,0.707106781186548,1.,0.707106781186548,1.,
0.707106781186548,1.),(1.,0.707106781186548,1.,0.707106781186548,1.,0.707106781186548,
1.,0.707106781186548,1.),(1.,0.707106781186548,1.,0.707106781186548,1.,
0.707106781186548,1.,0.707106781186548,1.),(1.,0.707106781186548,1.,0.707106781186548,
1.,0.707106781186548,1.,0.707106781186548,1.),(1.,0.707106781186548,1.,
0.707106781186548,1.,0.707106781186548,1.,0.707106781186548,1.),(1.,0.707106781186548,
1.,0.707106781186548,1.,0.707106781186548,1.,0.707106781186548,1.),(1.,
0.707106781186548,1.,0.707106781186548,1.,0.707106781186548,1.,0.707106781186548,
1.),(1.,0.707106781186548,1.,0.707106781186548,1.,0.707106781186548,1.,
0.707106781186548,1.),(1.,0.707106781186548,1.,0.707106781186548,1.,0.707106781186548,
1.,0.707106781186548,1.),(1.,0.707106781186548,1.,0.707106781186548,1.,
0.707106781186548,1.,0.707106781186548,1.),(1.,0.707106781186548,1.,0.707106781186548,
1.,0.707106781186548,1.,0.707106781186548,1.),(1.,0.707106781186548,1.,
0.707106781186548,1.,0.707106781186548,1.,0.707106781186548,1.),(1.,0.707106781186548,
1.,0.707106781186548,1.,0.707106781186548,1.,0.707106781186548,1.),(1.,
0.707106781186548,1.,0.707106781186548,1.,0.707106781186548,1.,0.707106781186548,
1.),(1.,0.707106781186548,1.,0.707106781186548,1.,0.707106781186548,1.,
0.707106781186548,1.),(1.,0.707106781186548,1.,0.707106781186548,1.,0.707106781186548,
1.,0.707106781186548,1.),(1.,0.707106781186548,1.,0.707106781186548,1.,
0.707106781186548,1.,0.707106781186548,1.),(1.,0.707106781186548,1.,0.707106781186548,
1.,0.707106781186548,1.,0.707106781186548,1.),(1.,0.707106781186548,1.,
0.707106781186548,1.,0.707106781186548,1.,0.707106781186548,1.),(1.,0.707106781186548,
1.,0.707106781186548,1.,0.707106781186548,1.,0.707106781186548,1.),(1.,
0.707106781186548,1.,0.707106781186548,1.,0.707106781186548,1.,0.707106781186548,
1.),(1.,0.707106781186548,1.,0.707106781186548,1.,0.707106781186548,1.,
0.707106781186548,1.),(1.,0.707106781186548,1.,0.707106781186548,1.,0.707106781186548,
1.,0.707106781186548,1.),(1.,0.707106781186548,1.,0.707106781186548,1.,
0.707106781186548,1.,0.707106781186548,1.),(1.,0.707106781186548,1.,0.707106781186548,
1.,0.707106781186548,1.,0.707106781186548,1.),(1.,0.707106781186548,1.,
0.707106781186548,1.,0.707106781186548,1.,0.707106781186548,1.),(1.,0.707106781186548,
1.,0.707106781186548,1.,0.707106781186548,1.,0.707106781186548,1.),(1.,
0.707106781186548,1.,0.707106781186548,1.,0.707106781186548,1.,0.707106781186548,
1.),(1.,0.707106781186548,1.,0.707106781186548,1.,0.707106781186548,1.,
0.707106781186548,1.),(1.,0.707106781186548,1.,0.707106781186548,1.,0.707106781186548,
1.,0.707106781186548,1.),(1.,0.707106781186548,1.,0.707106781186548,1.,
0.707106781186548,1.,0.707106781186548,1.),(1.,0.707106781186548,1.,0.707106781186548,
1.,0.707106781186548,1.,0.707106781186548,1.),(1.,0.707106781186548,1.,
0.707106781186548,1.,0.707106781186548,1.,0.707106781186548,1.),(1.,0.707106781186548,
1.,0.707106781186548,1.,0.707106781186548,1.,0.707106781186548,1.),(1.,
0.707106781186548,1.,0.707106781186548,1.,0.707106781186548,1.,0.707106781186548,
1.),(1.,0.707106781186548,1.,0.707106781186548,1.,0.707106781186548,1.,
0.707106781186548,1.),(1.,0.707106781186548,1.,0.707106781186548,1.,0.707106781186548,
1.,0.707106781186548,1.),(1.,0.707106781186548,1.,0.707106781186548,1.,
0.707106781186548,1.,0.707106781186548,1.),(1.,0.707106781186548,1.,0.707106781186548,
1.,0.707106781186548,1.,0.707106781186548,1.),(1.,0.707106781186548,1.,
0.707106781186548,1.,0.707106781186548,1.,0.707106781186548,1.),(1.,0.707106781186548,
1.,0.707106781186548,1.,0.707106781186548,1.,0.707106781186548,1.),(1.,
0.707106781186548,1.,0.707106781186548,1.,0.707106781186548,1.,0.707106781186548,
1.),(1.,0.707106781186548,1.,0.707106781186548,1.,0.707106781186548,1.,
0.707106781186548,1.),(1.,0.707106781186548,1.,0.707106781186548,1.,0.707106781186548,
1.,0.707106781186548,1.),(1.,0.707106781186548,1.,0.707106781186548,1.,
0.707106781186548,1.,0.707106781186548,1.),(1.,0.707106781186548,1.,0.707106781186548,
1.,0.707106781186548,1.,0.707106781186548,1.),(1.,0.707106781186548,1.,
0.707106781186548,1.,0.707106781186548,1.,0.707106781186548,1.),(1.,0.707106781186548,
1.,0.707106781186548,1.,0.707106781186548,1.,0.707106781186548,1.),(1.,
0.707106781186548,1.,0.707106781186548,1.,0.707106781186548,1.,0.707106781186548,
1.),(1.,0.707106781186548,1.,0.707106781186548,1.,0.707106781186548,1.,
0.707106781186548,1.),(1.,0.707106781186548,1.,0.707106781186548,1.,0.707106781186548,
1.,0.707106781186548,1.),(1.,0.707106781186548,1.,0.707106781186548,1.,
0.707106781186548,1.,0.707106781186548,1.),(1.,0.707106781186548,1.,0.707106781186548,
1.,0.707106781186548,1.,0.707106781186548,1.),(1.,0.707106781186548,1.,
0.707106781186548,1.,0.707106781186548,1.,0.707106781186548,1.),(1.,0.707106781186548,
1.,0.707106781186548,1.,0.707106781186548,1.,0.707106781186548,1.),(1.,
0.707106781186548,1.,0.707106781186548,1.,0.707106781186548,1.,0.707106781186548,
1.),(1.,0.707106781186548,1.,0.707106781186548,1.,0.707106781186548,1.,
0.707106781186548,1.),(1.,0.707106781186548,1.,0.707106781186548,1.,0.707106781186548,
1.,0.707106781186548,1.),(1.,0.707106781186548,1.,0.707106781186548,1.,
0.707106781186548,1.,0.707106781186548,1.),(1.,0.707106781186548,1.,0.707106781186548,
1.,0.707106781186548,1.,0.707106781186548,1.),(1.,0.707106781186548,1.,
0.707106781186548,1.,0.707106781186548,1.,0.707106781186548,1.),(1.,0.707106781186548,
1.,0.707106781186548,1.,0.707106781186548,1.,0.707106781186548,1.),(1.,
0.707106781186548,1.,0.707106781186548,1.,0.707106781186548,1.,0.707106781186548,
1.),(1.,0.707106781186548,1.,0.707106781186548,1.,0.707106781186548,1.,
0.707106781186548,1.),(1.,0.707106781186548,1.,0.707106781186548,1.,0.707106781186548,
1.,0.707106781186548,1.),(1.,0.707106781186548,1.,0.707106781186548,1.,
0.707106781186548,1.,0.707106781186548,1.),(1.,0.707106781186548,1.,0.707106781186548,
1.,0.707106781186548,1.,0.707106781186548,1.),(1.,0.707106781186548,1.,
0.707106781186548,1.,0.707106781186548,1.,0.707106781186548,1.),(1.,0.707106781186548,
1.,0.707106781186548,1.,0.707106781186548,1.,0.707106781186548,1.),(1.,
0.707106781186548,1.,0.707106781186548,1.,0.707106781186548,1.,0.707106781186548,
1.),(1.,0.707106781186548,1.,0.707106781186548,1.,0.707106781186548,1.,
0.707106781186548,1.),(1.,0.707106781186548,1.,0.707106781186548,1.,0.707106781186548,
1.,0.707106781186548,1.),(1.,0.707106781186548,1.,0.707106781186548,1.,
0.707106781186548,1.,0.707106781186548,1.),(1.,0.707106781186548,1.,0.707106781186548,
1.,0.707106781186548,1.,0.707106781186548,1.),(1.,0.707106781186548,1.,
0.707106781186548,1.,0.707106781186548,1.,0.707106781186548,1.),(1.,0.707106781186548,
1.,0.707106781186548,1.,0.707106781186548,1.,0.707106781186548,1.),(1.,
0.707106781186548,1.,0.707106781186548,1.,0.707106781186548,1.,0.707106781186548,
1.),(1.,0.707106781186548,1.,0.707106781186548,1.,0.707106781186548,1.,
0.707106781186548,1.),(1.,0.707106781186548,1.,0.707106781186548,1.,0.707106781186548,
1.,0.707106781186548,1.),(1.,0.707106781186548,1.,0.707106781186548,1.,
0.707106781186548,1.,0.707106781186548,1.),(1.,0.707106781186548,1.,0.707106781186548,
1.,0.707106781186548,1.,0.707106781186548,1.),(1.,0.707106781186548,1.,
0.707106781186548,1.,0.707106781186548,1.,0.707106781186548,1.),(1.,0.707106781186548,
1.,0.707106781186548,1.,0.707106781186548,1.,0.707106781186548,1.),(1.,
0.707106781186548,1.,0.707106781186548,1.,0.707106781186548,1.,0.707106781186548,
1.),(1.,0.707106781186548,1.,0.707106781186548,1.,0.707106781186548,1.,
0.707106781186548,1.),(1.,0.707106781186548,1.,0.707106781186548,1.,0.707106781186548,
1.,0.707106781186548,1.),(1.,0.707106781186548,1.,0.707106781186548,1.,
0.707106781186548,1.,0.707106781186548,1.)))
REPRESENTATION_ITEM('')
SURFACE()
);
#17=FACE_BOUND('',#180,.T.);
#18=FACE_BOUND('',#189,.T.);
#19=FACE_BOUND('',#190,.T.);
#20=FACE_BOUND('',#191,.T.);
#21=FACE_BOUND('',#192,.T.);
#22=PLANE('',#1433);
#23=PLANE('',#1437);
#24=PLANE('',#1441);
#25=PLANE('',#1445);
#26=PLANE('',#1446);
#27=PLANE('',#1448);
#28=PLANE('',#1450);
#29=PLANE('',#1452);
#30=PLANE('',#1461);
#31=PLANE('',#1462);
#32=PLANE('',#1463);
#33=PLANE('',#1464);
#34=PLANE('',#1465);
#35=PLANE('',#1467);
#36=PLANE('',#1468);
#37=PLANE('',#1469);
#38=PLANE('',#1470);
#39=PLANE('',#1471);
#40=PLANE('',#1472);
#41=PLANE('',#1473);
#42=PLANE('',#1474);
#43=PLANE('',#1475);
#44=PLANE('',#1476);
#45=PLANE('',#1477);
#46=PLANE('',#1478);
#47=PLANE('',#1479);
#48=PLANE('',#1480);
#49=PLANE('',#1481);
#50=PLANE('',#1482);
#51=PLANE('',#1483);
#52=PLANE('',#1484);
#53=PLANE('',#1485);
#54=PLANE('',#1486);
#55=PLANE('',#1487);
#56=PLANE('',#1488);
#57=PLANE('',#1489);
#58=PLANE('',#1490);
#59=PLANE('',#1491);
#60=PLANE('',#1492);
#61=PLANE('',#1493);
#62=PLANE('',#1494);
#63=PLANE('',#1495);
#64=PLANE('',#1496);
#65=PLANE('',#1497);
#66=PLANE('',#1498);
#67=PLANE('',#1499);
#68=PLANE('',#1500);
#69=PLANE('',#1501);
#70=PLANE('',#1502);
#71=PLANE('',#1503);
#72=PLANE('',#1504);
#73=PLANE('',#1505);
#74=PLANE('',#1506);
#75=PLANE('',#1507);
#76=PLANE('',#1508);
#77=PLANE('',#1509);
#78=PLANE('',#1510);
#79=PLANE('',#1511);
#80=PLANE('',#1512);
#81=PLANE('',#1513);
#82=PLANE('',#1514);
#83=PLANE('',#1515);
#84=PLANE('',#1516);
#85=PLANE('',#1517);
#86=PLANE('',#1518);
#87=PLANE('',#1519);
#88=PLANE('',#1521);
#89=FACE_OUTER_BOUND('',#162,.T.);
#90=FACE_OUTER_BOUND('',#163,.T.);
#91=FACE_OUTER_BOUND('',#164,.T.);
#92=FACE_OUTER_BOUND('',#165,.T.);
#93=FACE_OUTER_BOUND('',#166,.T.);
#94=FACE_OUTER_BOUND('',#167,.T.);
#95=FACE_OUTER_BOUND('',#168,.T.);
#96=FACE_OUTER_BOUND('',#169,.T.);
#97=FACE_OUTER_BOUND('',#170,.T.);
#98=FACE_OUTER_BOUND('',#171,.T.);
#99=FACE_OUTER_BOUND('',#172,.T.);
#100=FACE_OUTER_BOUND('',#173,.T.);
#101=FACE_OUTER_BOUND('',#174,.T.);
#102=FACE_OUTER_BOUND('',#175,.T.);
#103=FACE_OUTER_BOUND('',#176,.T.);
#104=FACE_OUTER_BOUND('',#177,.T.);
#105=FACE_OUTER_BOUND('',#178,.T.);
#106=FACE_OUTER_BOUND('',#179,.T.);
#107=FACE_OUTER_BOUND('',#181,.T.);
#108=FACE_OUTER_BOUND('',#182,.T.);
#109=FACE_OUTER_BOUND('',#183,.T.);
#110=FACE_OUTER_BOUND('',#184,.T.);
#111=FACE_OUTER_BOUND('',#185,.T.);
#112=FACE_OUTER_BOUND('',#186,.T.);
#113=FACE_OUTER_BOUND('',#187,.T.);
#114=FACE_OUTER_BOUND('',#188,.T.);
#115=FACE_OUTER_BOUND('',#193,.T.);
#116=FACE_OUTER_BOUND('',#194,.T.);
#117=FACE_OUTER_BOUND('',#195,.T.);
#118=FACE_OUTER_BOUND('',#196,.T.);
#119=FACE_OUTER_BOUND('',#197,.T.);
#120=FACE_OUTER_BOUND('',#198,.T.);
#121=FACE_OUTER_BOUND('',#199,.T.);
#122=FACE_OUTER_BOUND('',#200,.T.);
#123=FACE_OUTER_BOUND('',#201,.T.);
#124=FACE_OUTER_BOUND('',#202,.T.);
#125=FACE_OUTER_BOUND('',#203,.T.);
#126=FACE_OUTER_BOUND('',#204,.T.);
#127=FACE_OUTER_BOUND('',#205,.T.);
#128=FACE_OUTER_BOUND('',#206,.T.);
#129=FACE_OUTER_BOUND('',#207,.T.);
#130=FACE_OUTER_BOUND('',#208,.T.);
#131=FACE_OUTER_BOUND('',#209,.T.);
#132=FACE_OUTER_BOUND('',#210,.T.);
#133=FACE_OUTER_BOUND('',#211,.T.);
#134=FACE_OUTER_BOUND('',#212,.T.);
#135=FACE_OUTER_BOUND('',#213,.T.);
#136=FACE_OUTER_BOUND('',#214,.T.);
#137=FACE_OUTER_BOUND('',#215,.T.);
#138=FACE_OUTER_BOUND('',#216,.T.);
#139=FACE_OUTER_BOUND('',#217,.T.);
#140=FACE_OUTER_BOUND('',#218,.T.);
#141=FACE_OUTER_BOUND('',#219,.T.);
#142=FACE_OUTER_BOUND('',#220,.T.);
#143=FACE_OUTER_BOUND('',#221,.T.);
#144=FACE_OUTER_BOUND('',#222,.T.);
#145=FACE_OUTER_BOUND('',#223,.T.);
#146=FACE_OUTER_BOUND('',#224,.T.);
#147=FACE_OUTER_BOUND('',#225,.T.);
#148=FACE_OUTER_BOUND('',#226,.T.);
#149=FACE_OUTER_BOUND('',#227,.T.);
#150=FACE_OUTER_BOUND('',#228,.T.);
#151=FACE_OUTER_BOUND('',#229,.T.);
#152=FACE_OUTER_BOUND('',#230,.T.);
#153=FACE_OUTER_BOUND('',#231,.T.);
#154=FACE_OUTER_BOUND('',#232,.T.);
#155=FACE_OUTER_BOUND('',#233,.T.);
#156=FACE_OUTER_BOUND('',#234,.T.);
#157=FACE_OUTER_BOUND('',#235,.T.);
#158=FACE_OUTER_BOUND('',#236,.T.);
#159=FACE_OUTER_BOUND('',#237,.T.);
#160=FACE_OUTER_BOUND('',#238,.T.);
#161=FACE_OUTER_BOUND('',#239,.T.);
#162=EDGE_LOOP('',(#942,#943,#944,#945));
#163=EDGE_LOOP('',(#946));
#164=EDGE_LOOP('',(#947,#948,#949,#950));
#165=EDGE_LOOP('',(#951));
#166=EDGE_LOOP('',(#952,#953,#954,#955));
#167=EDGE_LOOP('',(#956));
#168=EDGE_LOOP('',(#957,#958,#959,#960));
#169=EDGE_LOOP('',(#961));
#170=EDGE_LOOP('',(#962,#963,#964));
#171=EDGE_LOOP('',(#965,#966));
#172=EDGE_LOOP('',(#967,#968));
#173=EDGE_LOOP('',(#969,#970));
#174=EDGE_LOOP('',(#971,#972,#973,#974,#975,#976,#977,#978,#979,#980,#981,
#982,#983,#984,#985,#986,#987,#988,#989,#990));
#175=EDGE_LOOP('',(#991));
#176=EDGE_LOOP('',(#992,#993,#994,#995,#996,#997,#998,#999));
#177=EDGE_LOOP('',(#1000,#1001,#1002,#1003,#1004,#1005,#1006,#1007));
#178=EDGE_LOOP('',(#1008,#1009,#1010));
#179=EDGE_LOOP('',(#1011,#1012,#1013,#1014,#1015,#1016,#1017,#1018,#1019,
#1020,#1021,#1022,#1023,#1024,#1025,#1026,#1027,#1028,#1029,#1030,#1031,
#1032,#1033,#1034,#1035,#1036,#1037,#1038,#1039,#1040,#1041,#1042,#1043,
#1044,#1045,#1046,#1047,#1048,#1049,#1050,#1051,#1052,#1053));
#180=EDGE_LOOP('',(#1054));
#181=EDGE_LOOP('',(#1055,#1056,#1057));
#182=EDGE_LOOP('',(#1058,#1059,#1060));
#183=EDGE_LOOP('',(#1061,#1062,#1063,#1064,#1065));
#184=EDGE_LOOP('',(#1066,#1067,#1068,#1069));
#185=EDGE_LOOP('',(#1070,#1071,#1072,#1073,#1074,#1075));
#186=EDGE_LOOP('',(#1076,#1077,#1078,#1079,#1080,#1081,#1082));
#187=EDGE_LOOP('',(#1083,#1084,#1085,#1086,#1087));
#188=EDGE_LOOP('',(#1088,#1089,#1090,#1091));
#189=EDGE_LOOP('',(#1092));
#190=EDGE_LOOP('',(#1093));
#191=EDGE_LOOP('',(#1094));
#192=EDGE_LOOP('',(#1095));
#193=EDGE_LOOP('',(#1096,#1097,#1098,#1099,#1100,#1101,#1102,#1103,#1104));
#194=EDGE_LOOP('',(#1105,#1106,#1107,#1108,#1109,#1110,#1111,#1112,#1113,
#1114,#1115));
#195=EDGE_LOOP('',(#1116,#1117,#1118,#1119));
#196=EDGE_LOOP('',(#1120,#1121,#1122,#1123,#1124,#1125,#1126,#1127,#1128));
#197=EDGE_LOOP('',(#1129,#1130,#1131,#1132,#1133,#1134));
#198=EDGE_LOOP('',(#1135,#1136,#1137,#1138,#1139,#1140,#1141));
#199=EDGE_LOOP('',(#1142,#1143,#1144,#1145,#1146));
#200=EDGE_LOOP('',(#1147,#1148,#1149,#1150));
#201=EDGE_LOOP('',(#1151,#1152,#1153,#1154,#1155));
#202=EDGE_LOOP('',(#1156,#1157,#1158,#1159));
#203=EDGE_LOOP('',(#1160,#1161,#1162,#1163));
#204=EDGE_LOOP('',(#1164,#1165,#1166,#1167));
#205=EDGE_LOOP('',(#1168,#1169,#1170,#1171));
#206=EDGE_LOOP('',(#1172,#1173,#1174,#1175));
#207=EDGE_LOOP('',(#1176,#1177,#1178,#1179));
#208=EDGE_LOOP('',(#1180,#1181,#1182,#1183));
#209=EDGE_LOOP('',(#1184,#1185,#1186,#1187));
#210=EDGE_LOOP('',(#1188,#1189,#1190,#1191));
#211=EDGE_LOOP('',(#1192,#1193,#1194,#1195));
#212=EDGE_LOOP('',(#1196,#1197,#1198,#1199));
#213=EDGE_LOOP('',(#1200,#1201,#1202,#1203));
#214=EDGE_LOOP('',(#1204,#1205,#1206,#1207));
#215=EDGE_LOOP('',(#1208,#1209,#1210,#1211));
#216=EDGE_LOOP('',(#1212,#1213,#1214,#1215));
#217=EDGE_LOOP('',(#1216,#1217,#1218,#1219));
#218=EDGE_LOOP('',(#1220,#1221,#1222,#1223));
#219=EDGE_LOOP('',(#1224,#1225,#1226,#1227));
#220=EDGE_LOOP('',(#1228,#1229,#1230,#1231));
#221=EDGE_LOOP('',(#1232,#1233,#1234,#1235));
#222=EDGE_LOOP('',(#1236,#1237,#1238,#1239));
#223=EDGE_LOOP('',(#1240,#1241,#1242,#1243));
#224=EDGE_LOOP('',(#1244,#1245,#1246,#1247));
#225=EDGE_LOOP('',(#1248,#1249,#1250,#1251));
#226=EDGE_LOOP('',(#1252,#1253,#1254,#1255));
#227=EDGE_LOOP('',(#1256,#1257,#1258,#1259));
#228=EDGE_LOOP('',(#1260,#1261,#1262,#1263));
#229=EDGE_LOOP('',(#1264,#1265,#1266,#1267));
#230=EDGE_LOOP('',(#1268,#1269,#1270,#1271,#1272));
#231=EDGE_LOOP('',(#1273,#1274,#1275,#1276,#1277));
#232=EDGE_LOOP('',(#1278,#1279,#1280,#1281));
#233=EDGE_LOOP('',(#1282,#1283,#1284,#1285));
#234=EDGE_LOOP('',(#1286,#1287,#1288,#1289));
#235=EDGE_LOOP('',(#1290,#1291,#1292,#1293));
#236=EDGE_LOOP('',(#1294,#1295,#1296,#1297));
#237=EDGE_LOOP('',(#1298,#1299,#1300,#1301,#1302,#1303,#1304,#1305,#1306,
#1307,#1308,#1309,#1310,#1311,#1312,#1313,#1314,#1315,#1316,#1317,#1318,
#1319,#1320,#1321,#1322,#1323,#1324,#1325,#1326,#1327,#1328,#1329,#1330,
#1331,#1332));
#238=EDGE_LOOP('',(#1333,#1334,#1335,#1336));
#239=EDGE_LOOP('',(#1337));
#240=LINE('',#1890,#417);
#241=LINE('',#1897,#418);
#242=LINE('',#1904,#419);
#243=LINE('',#1911,#420);
#244=LINE('',#1917,#421);
#245=LINE('',#1919,#422);
#246=LINE('',#1924,#423);
#247=LINE('',#1929,#424);
#248=LINE('',#1934,#425);
#249=LINE('',#1938,#426);
#250=LINE('',#1940,#427);
#251=LINE('',#1943,#428);
#252=LINE('',#1945,#429);
#253=LINE('',#1949,#430);
#254=LINE('',#1953,#431);
#255=LINE('',#1955,#432);
#256=LINE('',#1958,#433);
#257=LINE('',#1960,#434);
#258=LINE('',#1965,#435);
#259=LINE('',#1967,#436);
#260=LINE('',#1969,#437);
#261=LINE('',#1971,#438);
#262=LINE('',#1972,#439);
#263=LINE('',#1975,#440);
#264=LINE('',#1977,#441);
#265=LINE('',#1978,#442);
#266=LINE('',#1979,#443);
#267=LINE('',#1983,#444);
#268=LINE('',#1985,#445);
#269=LINE('',#1987,#446);
#270=LINE('',#1989,#447);
#271=LINE('',#1991,#448);
#272=LINE('',#1993,#449);
#273=LINE('',#1995,#450);
#274=LINE('',#1997,#451);
#275=LINE('',#1999,#452);
#276=LINE('',#2001,#453);
#277=LINE('',#2003,#454);
#278=LINE('',#2005,#455);
#279=LINE('',#2007,#456);
#280=LINE('',#2009,#457);
#281=LINE('',#2011,#458);
#282=LINE('',#2013,#459);
#283=LINE('',#2015,#460);
#284=LINE('',#2017,#461);
#285=LINE('',#2019,#462);
#286=LINE('',#2021,#463);
#287=LINE('',#2023,#464);
#288=LINE('',#2025,#465);
#289=LINE('',#2027,#466);
#290=LINE('',#2029,#467);
#291=LINE('',#2031,#468);
#292=LINE('',#2033,#469);
#293=LINE('',#2035,#470);
#294=LINE('',#2037,#471);
#295=LINE('',#2039,#472);
#296=LINE('',#2041,#473);
#297=LINE('',#2043,#474);
#298=LINE('',#2045,#475);
#299=LINE('',#2047,#476);
#300=LINE('',#2049,#477);
#301=LINE('',#2051,#478);
#302=LINE('',#2053,#479);
#303=LINE('',#2055,#480);
#304=LINE('',#2057,#481);
#305=LINE('',#2059,#482);
#306=LINE('',#2060,#483);
#307=LINE('',#2065,#484);
#308=LINE('',#2066,#485);
#309=LINE('',#2068,#486);
#310=LINE('',#2072,#487);
#311=LINE('',#2074,#488);
#312=LINE('',#2076,#489);
#313=LINE('',#2078,#490);
#314=LINE('',#2079,#491);
#315=LINE('',#2082,#492);
#316=LINE('',#2084,#493);
#317=LINE('',#2085,#494);
#318=LINE('',#2089,#495);
#319=LINE('',#2090,#496);
#320=LINE('',#2092,#497);
#321=LINE('',#2093,#498);
#322=LINE('',#2097,#499);
#323=LINE('',#2099,#500);
#324=LINE('',#2101,#501);
#325=LINE('',#2102,#502);
#326=LINE('',#2104,#503);
#327=LINE('',#2105,#504);
#328=LINE('',#2107,#505);
#329=LINE('',#2108,#506);
#330=LINE('',#2112,#507);
#331=LINE('',#2114,#508);
#332=LINE('',#2116,#509);
#333=LINE('',#2117,#510);
#334=LINE('',#2119,#511);
#335=LINE('',#2120,#512);
#336=LINE('',#2122,#513);
#337=LINE('',#2124,#514);
#338=LINE('',#2126,#515);
#339=LINE('',#2128,#516);
#340=LINE('',#2130,#517);
#341=LINE('',#2132,#518);
#342=LINE('',#2134,#519);
#343=LINE('',#2135,#520);
#344=LINE('',#2137,#521);
#345=LINE('',#2139,#522);
#346=LINE('',#2141,#523);
#347=LINE('',#2144,#524);
#348=LINE('',#2145,#525);
#349=LINE('',#2147,#526);
#350=LINE('',#2148,#527);
#351=LINE('',#2150,#528);
#352=LINE('',#2153,#529);
#353=LINE('',#2154,#530);
#354=LINE('',#2157,#531);
#355=LINE('',#2158,#532);
#356=LINE('',#2161,#533);
#357=LINE('',#2162,#534);
#358=LINE('',#2165,#535);
#359=LINE('',#2166,#536);
#360=LINE('',#2169,#537);
#361=LINE('',#2170,#538);
#362=LINE('',#2173,#539);
#363=LINE('',#2174,#540);
#364=LINE('',#2177,#541);
#365=LINE('',#2178,#542);
#366=LINE('',#2181,#543);
#367=LINE('',#2182,#544);
#368=LINE('',#2185,#545);
#369=LINE('',#2186,#546);
#370=LINE('',#2189,#547);
#371=LINE('',#2190,#548);
#372=LINE('',#2193,#549);
#373=LINE('',#2194,#550);
#374=LINE('',#2197,#551);
#375=LINE('',#2198,#552);
#376=LINE('',#2201,#553);
#377=LINE('',#2202,#554);
#378=LINE('',#2205,#555);
#379=LINE('',#2206,#556);
#380=LINE('',#2209,#557);
#381=LINE('',#2210,#558);
#382=LINE('',#2213,#559);
#383=LINE('',#2214,#560);
#384=LINE('',#2217,#561);
#385=LINE('',#2218,#562);
#386=LINE('',#2221,#563);
#387=LINE('',#2222,#564);
#388=LINE('',#2225,#565);
#389=LINE('',#2226,#566);
#390=LINE('',#2229,#567);
#391=LINE('',#2230,#568);
#392=LINE('',#2233,#569);
#393=LINE('',#2234,#570);
#394=LINE('',#2237,#571);
#395=LINE('',#2238,#572);
#396=LINE('',#2241,#573);
#397=LINE('',#2242,#574);
#398=LINE('',#2245,#575);
#399=LINE('',#2246,#576);
#400=LINE('',#2249,#577);
#401=LINE('',#2250,#578);
#402=LINE('',#2253,#579);
#403=LINE('',#2254,#580);
#404=LINE('',#2257,#581);
#405=LINE('',#2258,#582);
#406=LINE('',#2261,#583);
#407=LINE('',#2262,#584);
#408=LINE('',#2265,#585);
#409=LINE('',#2266,#586);
#410=LINE('',#2268,#587);
#411=LINE('',#2269,#588);
#412=LINE('',#2271,#589);
#413=LINE('',#2273,#590);
#414=LINE('',#2275,#591);
#415=LINE('',#2277,#592);
#416=LINE('',#2279,#593);
#417=VECTOR('',#1528,0.4);
#418=VECTOR('',#1537,0.4);
#419=VECTOR('',#1546,0.4);
#420=VECTOR('',#1555,0.4);
#421=VECTOR('',#1562,1.);
#422=VECTOR('',#1563,1.);
#423=VECTOR('',#1568,1.);
#424=VECTOR('',#1573,1.);
#425=VECTOR('',#1578,1.);
#426=VECTOR('',#1583,1.);
#427=VECTOR('',#1584,1.);
#428=VECTOR('',#1587,1.);
#429=VECTOR('',#1588,1.);
#430=VECTOR('',#1591,0.95);
#431=VECTOR('',#1596,1.);
#432=VECTOR('',#1597,1.);
#433=VECTOR('',#1600,1.);
#434=VECTOR('',#1601,1.);
#435=VECTOR('',#1608,1.);
#436=VECTOR('',#1609,1.);
#437=VECTOR('',#1610,1.);
#438=VECTOR('',#1611,1.);
#439=VECTOR('',#1612,1.);
#440=VECTOR('',#1615,1.);
#441=VECTOR('',#1616,1.);
#442=VECTOR('',#1617,1.);
#443=VECTOR('',#1618,1.);
#444=VECTOR('',#1623,1.);
#445=VECTOR('',#1624,1.);
#446=VECTOR('',#1625,1.);
#447=VECTOR('',#1626,1.);
#448=VECTOR('',#1627,1.);
#449=VECTOR('',#1628,1.);
#450=VECTOR('',#1629,1.);
#451=VECTOR('',#1630,1.);
#452=VECTOR('',#1631,1.);
#453=VECTOR('',#1632,1.);
#454=VECTOR('',#1633,1.);
#455=VECTOR('',#1634,1.);
#456=VECTOR('',#1635,1.);
#457=VECTOR('',#1636,1.);
#458=VECTOR('',#1637,1.);
#459=VECTOR('',#1638,1.);
#460=VECTOR('',#1639,1.);
#461=VECTOR('',#1640,1.);
#462=VECTOR('',#1641,1.);
#463=VECTOR('',#1642,1.);
#464=VECTOR('',#1643,1.);
#465=VECTOR('',#1644,1.);
#466=VECTOR('',#1645,1.);
#467=VECTOR('',#1646,1.);
#468=VECTOR('',#1647,1.);
#469=VECTOR('',#1648,1.);
#470=VECTOR('',#1649,1.);
#471=VECTOR('',#1650,1.);
#472=VECTOR('',#1651,1.);
#473=VECTOR('',#1652,1.);
#474=VECTOR('',#1653,1.);
#475=VECTOR('',#1654,1.);
#476=VECTOR('',#1655,1.);
#477=VECTOR('',#1656,1.);
#478=VECTOR('',#1657,1.);
#479=VECTOR('',#1658,1.);
#480=VECTOR('',#1659,1.);
#481=VECTOR('',#1660,1.);
#482=VECTOR('',#1661,1.);
#483=VECTOR('',#1662,1.);
#484=VECTOR('',#1667,1.);
#485=VECTOR('',#1668,1.);
#486=VECTOR('',#1671,1.);
#487=VECTOR('',#1674,1.);
#488=VECTOR('',#1675,1.);
#489=VECTOR('',#1676,1.);
#490=VECTOR('',#1677,1.);
#491=VECTOR('',#1678,1.);
#492=VECTOR('',#1681,1.);
#493=VECTOR('',#1682,1.);
#494=VECTOR('',#1683,1.);
#495=VECTOR('',#1686,1.);
#496=VECTOR('',#1687,1.);
#497=VECTOR('',#1688,1.);
#498=VECTOR('',#1689,1.);
#499=VECTOR('',#1692,1.);
#500=VECTOR('',#1693,1.);
#501=VECTOR('',#1694,1.);
#502=VECTOR('',#1695,1.);
#503=VECTOR('',#1696,1.);
#504=VECTOR('',#1697,1.);
#505=VECTOR('',#1700,1.);
#506=VECTOR('',#1701,1.);
#507=VECTOR('',#1706,1.);
#508=VECTOR('',#1707,1.);
#509=VECTOR('',#1708,1.);
#510=VECTOR('',#1709,1.);
#511=VECTOR('',#1710,1.);
#512=VECTOR('',#1711,1.);
#513=VECTOR('',#1714,1.);
#514=VECTOR('',#1715,1.);
#515=VECTOR('',#1716,1.);
#516=VECTOR('',#1717,1.);
#517=VECTOR('',#1718,1.);
#518=VECTOR('',#1719,1.);
#519=VECTOR('',#1720,1.);
#520=VECTOR('',#1721,1.);
#521=VECTOR('',#1724,1.);
#522=VECTOR('',#1727,1.);
#523=VECTOR('',#1730,1.);
#524=VECTOR('',#1733,1.);
#525=VECTOR('',#1734,1.);
#526=VECTOR('',#1737,1.);
#527=VECTOR('',#1738,1.);
#528=VECTOR('',#1741,1.);
#529=VECTOR('',#1744,1.);
#530=VECTOR('',#1745,1.);
#531=VECTOR('',#1748,1.);
#532=VECTOR('',#1749,1.);
#533=VECTOR('',#1752,1.);
#534=VECTOR('',#1753,1.);
#535=VECTOR('',#1756,1.);
#536=VECTOR('',#1757,1.);
#537=VECTOR('',#1760,1.);
#538=VECTOR('',#1761,1.);
#539=VECTOR('',#1764,1.);
#540=VECTOR('',#1765,1.);
#541=VECTOR('',#1768,1.);
#542=VECTOR('',#1769,1.);
#543=VECTOR('',#1772,1.);
#544=VECTOR('',#1773,1.);
#545=VECTOR('',#1776,1.);
#546=VECTOR('',#1777,1.);
#547=VECTOR('',#1780,1.);
#548=VECTOR('',#1781,1.);
#549=VECTOR('',#1784,1.);
#550=VECTOR('',#1785,1.);
#551=VECTOR('',#1788,1.);
#552=VECTOR('',#1789,1.);
#553=VECTOR('',#1792,1.);
#554=VECTOR('',#1793,1.);
#555=VECTOR('',#1796,1.);
#556=VECTOR('',#1797,1.);
#557=VECTOR('',#1800,1.);
#558=VECTOR('',#1801,1.);
#559=VECTOR('',#1804,1.);
#560=VECTOR('',#1805,1.);
#561=VECTOR('',#1808,1.);
#562=VECTOR('',#1809,1.);
#563=VECTOR('',#1812,1.);
#564=VECTOR('',#1813,1.);
#565=VECTOR('',#1816,1.);
#566=VECTOR('',#1817,1.);
#567=VECTOR('',#1820,1.);
#568=VECTOR('',#1821,1.);
#569=VECTOR('',#1824,1.);
#570=VECTOR('',#1825,1.);
#571=VECTOR('',#1828,1.);
#572=VECTOR('',#1829,1.);
#573=VECTOR('',#1832,1.);
#574=VECTOR('',#1833,1.);
#575=VECTOR('',#1836,1.);
#576=VECTOR('',#1837,1.);
#577=VECTOR('',#1840,1.);
#578=VECTOR('',#1841,1.);
#579=VECTOR('',#1844,1.);
#580=VECTOR('',#1845,1.);
#581=VECTOR('',#1848,1.);
#582=VECTOR('',#1849,1.);
#583=VECTOR('',#1852,1.);
#584=VECTOR('',#1853,1.);
#585=VECTOR('',#1856,1.);
#586=VECTOR('',#1857,1.);
#587=VECTOR('',#1860,1.);
#588=VECTOR('',#1861,1.);
#589=VECTOR('',#1864,1.);
#590=VECTOR('',#1867,1.);
#591=VECTOR('',#1870,1.);
#592=VECTOR('',#1873,1.);
#593=VECTOR('',#1876,1.);
#594=CIRCLE('',#1431,0.4);
#595=CIRCLE('',#1432,0.4);
#596=CIRCLE('',#1435,0.4);
#597=CIRCLE('',#1436,0.4);
#598=CIRCLE('',#1439,0.4);
#599=CIRCLE('',#1440,0.4);
#600=CIRCLE('',#1443,0.4);
#601=CIRCLE('',#1444,0.4);
#602=CIRCLE('',#1447,0.95);
#603=CIRCLE('',#1449,0.95);
#604=CIRCLE('',#1451,0.95);
#605=CIRCLE('',#1453,0.95);
#606=CIRCLE('',#1455,0.95);
#607=CIRCLE('',#1456,0.95);
#608=CIRCLE('',#1457,0.95);
#609=CIRCLE('',#1458,0.95);
#610=CIRCLE('',#1459,0.95);
#611=CIRCLE('',#1460,0.95);
#612=CIRCLE('',#1466,1.167);
#613=CIRCLE('',#1520,0.997);
#614=VERTEX_POINT('',#1887);
#615=VERTEX_POINT('',#1889);
#616=VERTEX_POINT('',#1894);
#617=VERTEX_POINT('',#1896);
#618=VERTEX_POINT('',#1901);
#619=VERTEX_POINT('',#1903);
#620=VERTEX_POINT('',#1908);
#621=VERTEX_POINT('',#1910);
#622=VERTEX_POINT('',#1915);
#623=VERTEX_POINT('',#1916);
#624=VERTEX_POINT('',#1918);
#625=VERTEX_POINT('',#1922);
#626=VERTEX_POINT('',#1923);
#627=VERTEX_POINT('',#1927);
#628=VERTEX_POINT('',#1928);
#629=VERTEX_POINT('',#1932);
#630=VERTEX_POINT('',#1933);
#631=VERTEX_POINT('',#1937);
#632=VERTEX_POINT('',#1939);
#633=VERTEX_POINT('',#1941);
#634=VERTEX_POINT('',#1944);
#635=VERTEX_POINT('',#1946);
#636=VERTEX_POINT('',#1948);
#637=VERTEX_POINT('',#1951);
#638=VERTEX_POINT('',#1954);
#639=VERTEX_POINT('',#1956);
#640=VERTEX_POINT('',#1959);
#641=VERTEX_POINT('',#1964);
#642=VERTEX_POINT('',#1966);
#643=VERTEX_POINT('',#1968);
#644=VERTEX_POINT('',#1970);
#645=VERTEX_POINT('',#1974);
#646=VERTEX_POINT('',#1976);
#647=VERTEX_POINT('',#1982);
#648=VERTEX_POINT('',#1984);
#649=VERTEX_POINT('',#1986);
#650=VERTEX_POINT('',#1988);
#651=VERTEX_POINT('',#1990);
#652=VERTEX_POINT('',#1992);
#653=VERTEX_POINT('',#1994);
#654=VERTEX_POINT('',#1996);
#655=VERTEX_POINT('',#1998);
#656=VERTEX_POINT('',#2000);
#657=VERTEX_POINT('',#2002);
#658=VERTEX_POINT('',#2004);
#659=VERTEX_POINT('',#2006);
#660=VERTEX_POINT('',#2008);
#661=VERTEX_POINT('',#2010);
#662=VERTEX_POINT('',#2012);
#663=VERTEX_POINT('',#2014);
#664=VERTEX_POINT('',#2016);
#665=VERTEX_POINT('',#2018);
#666=VERTEX_POINT('',#2020);
#667=VERTEX_POINT('',#2022);
#668=VERTEX_POINT('',#2024);
#669=VERTEX_POINT('',#2026);
#670=VERTEX_POINT('',#2028);
#671=VERTEX_POINT('',#2030);
#672=VERTEX_POINT('',#2032);
#673=VERTEX_POINT('',#2034);
#674=VERTEX_POINT('',#2036);
#675=VERTEX_POINT('',#2038);
#676=VERTEX_POINT('',#2040);
#677=VERTEX_POINT('',#2042);
#678=VERTEX_POINT('',#2044);
#679=VERTEX_POINT('',#2046);
#680=VERTEX_POINT('',#2048);
#681=VERTEX_POINT('',#2050);
#682=VERTEX_POINT('',#2052);
#683=VERTEX_POINT('',#2054);
#684=VERTEX_POINT('',#2056);
#685=VERTEX_POINT('',#2058);
#686=VERTEX_POINT('',#2061);
#687=VERTEX_POINT('',#2064);
#688=VERTEX_POINT('',#2070);
#689=VERTEX_POINT('',#2071);
#690=VERTEX_POINT('',#2073);
#691=VERTEX_POINT('',#2075);
#692=VERTEX_POINT('',#2077);
#693=VERTEX_POINT('',#2081);
#694=VERTEX_POINT('',#2083);
#695=VERTEX_POINT('',#2087);
#696=VERTEX_POINT('',#2088);
#697=VERTEX_POINT('',#2091);
#698=VERTEX_POINT('',#2095);
#699=VERTEX_POINT('',#2096);
#700=VERTEX_POINT('',#2098);
#701=VERTEX_POINT('',#2100);
#702=VERTEX_POINT('',#2103);
#703=VERTEX_POINT('',#2111);
#704=VERTEX_POINT('',#2113);
#705=VERTEX_POINT('',#2115);
#706=VERTEX_POINT('',#2118);
#707=VERTEX_POINT('',#2123);
#708=VERTEX_POINT('',#2125);
#709=VERTEX_POINT('',#2127);
#710=VERTEX_POINT('',#2129);
#711=VERTEX_POINT('',#2131);
#712=VERTEX_POINT('',#2133);
#713=VERTEX_POINT('',#2143);
#714=VERTEX_POINT('',#2152);
#715=VERTEX_POINT('',#2156);
#716=VERTEX_POINT('',#2160);
#717=VERTEX_POINT('',#2164);
#718=VERTEX_POINT('',#2168);
#719=VERTEX_POINT('',#2172);
#720=VERTEX_POINT('',#2176);
#721=VERTEX_POINT('',#2180);
#722=VERTEX_POINT('',#2184);
#723=VERTEX_POINT('',#2188);
#724=VERTEX_POINT('',#2192);
#725=VERTEX_POINT('',#2196);
#726=VERTEX_POINT('',#2200);
#727=VERTEX_POINT('',#2204);
#728=VERTEX_POINT('',#2208);
#729=VERTEX_POINT('',#2212);
#730=VERTEX_POINT('',#2216);
#731=VERTEX_POINT('',#2220);
#732=VERTEX_POINT('',#2224);
#733=VERTEX_POINT('',#2228);
#734=VERTEX_POINT('',#2232);
#735=VERTEX_POINT('',#2236);
#736=VERTEX_POINT('',#2240);
#737=VERTEX_POINT('',#2244);
#738=VERTEX_POINT('',#2248);
#739=VERTEX_POINT('',#2252);
#740=VERTEX_POINT('',#2256);
#741=VERTEX_POINT('',#2260);
#742=VERTEX_POINT('',#2264);
#743=VERTEX_POINT('',#3362);
#744=EDGE_CURVE('',#614,#614,#594,.T.);
#745=EDGE_CURVE('',#614,#615,#240,.T.);
#746=EDGE_CURVE('',#615,#615,#595,.T.);
#747=EDGE_CURVE('',#616,#616,#596,.T.);
#748=EDGE_CURVE('',#616,#617,#241,.T.);
#749=EDGE_CURVE('',#617,#617,#597,.T.);
#750=EDGE_CURVE('',#618,#618,#598,.T.);
#751=EDGE_CURVE('',#618,#619,#242,.T.);
#752=EDGE_CURVE('',#619,#619,#599,.T.);
#753=EDGE_CURVE('',#620,#620,#600,.T.);
#754=EDGE_CURVE('',#620,#621,#243,.T.);
#755=EDGE_CURVE('',#621,#621,#601,.T.);
#756=EDGE_CURVE('',#622,#623,#244,.T.);
#757=EDGE_CURVE('',#624,#622,#245,.T.);
#758=EDGE_CURVE('',#624,#623,#602,.T.);
#759=EDGE_CURVE('',#625,#626,#246,.T.);
#760=EDGE_CURVE('',#625,#626,#603,.T.);
#761=EDGE_CURVE('',#627,#628,#247,.T.);
#762=EDGE_CURVE('',#627,#628,#604,.T.);
#763=EDGE_CURVE('',#629,#630,#248,.T.);
#764=EDGE_CURVE('',#629,#630,#605,.T.);
#765=EDGE_CURVE('',#630,#631,#249,.T.);
#766=EDGE_CURVE('',#632,#629,#250,.T.);
#767=EDGE_CURVE('',#633,#632,#606,.T.);
#768=EDGE_CURVE('',#623,#633,#251,.T.);
#769=EDGE_CURVE('',#634,#624,#252,.T.);
#770=EDGE_CURVE('',#635,#634,#607,.T.);
#771=EDGE_CURVE('',#635,#636,#253,.T.);
#772=EDGE_CURVE('',#636,#636,#608,.T.);
#773=EDGE_CURVE('',#637,#635,#609,.T.);
#774=EDGE_CURVE('',#626,#637,#254,.T.);
#775=EDGE_CURVE('',#638,#625,#255,.T.);
#776=EDGE_CURVE('',#639,#638,#610,.T.);
#777=EDGE_CURVE('',#628,#639,#256,.T.);
#778=EDGE_CURVE('',#640,#627,#257,.T.);
#779=EDGE_CURVE('',#631,#640,#611,.T.);
#780=EDGE_CURVE('',#639,#641,#258,.T.);
#781=EDGE_CURVE('',#641,#642,#259,.T.);
#782=EDGE_CURVE('',#643,#642,#260,.T.);
#783=EDGE_CURVE('',#644,#643,#261,.T.);
#784=EDGE_CURVE('',#644,#640,#262,.T.);
#785=EDGE_CURVE('',#637,#645,#263,.T.);
#786=EDGE_CURVE('',#645,#646,#264,.T.);
#787=EDGE_CURVE('',#642,#646,#265,.T.);
#788=EDGE_CURVE('',#641,#638,#266,.T.);
#789=EDGE_CURVE('',#647,#634,#267,.T.);
#790=EDGE_CURVE('',#648,#647,#268,.T.);
#791=EDGE_CURVE('',#649,#648,#269,.T.);
#792=EDGE_CURVE('',#650,#649,#270,.T.);
#793=EDGE_CURVE('',#651,#650,#271,.T.);
#794=EDGE_CURVE('',#652,#651,#272,.T.);
#795=EDGE_CURVE('',#653,#652,#273,.T.);
#796=EDGE_CURVE('',#654,#653,#274,.T.);
#797=EDGE_CURVE('',#655,#654,#275,.T.);
#798=EDGE_CURVE('',#656,#655,#276,.T.);
#799=EDGE_CURVE('',#657,#656,#277,.T.);
#800=EDGE_CURVE('',#658,#657,#278,.T.);
#801=EDGE_CURVE('',#659,#658,#279,.T.);
#802=EDGE_CURVE('',#660,#659,#280,.T.);
#803=EDGE_CURVE('',#661,#660,#281,.T.);
#804=EDGE_CURVE('',#662,#661,#282,.T.);
#805=EDGE_CURVE('',#663,#662,#283,.T.);
#806=EDGE_CURVE('',#664,#663,#284,.T.);
#807=EDGE_CURVE('',#665,#664,#285,.T.);
#808=EDGE_CURVE('',#666,#665,#286,.T.);
#809=EDGE_CURVE('',#667,#666,#287,.T.);
#810=EDGE_CURVE('',#668,#667,#288,.T.);
#811=EDGE_CURVE('',#669,#668,#289,.T.);
#812=EDGE_CURVE('',#670,#669,#290,.T.);
#813=EDGE_CURVE('',#671,#670,#291,.T.);
#814=EDGE_CURVE('',#672,#671,#292,.T.);
#815=EDGE_CURVE('',#673,#672,#293,.T.);
#816=EDGE_CURVE('',#674,#673,#294,.T.);
#817=EDGE_CURVE('',#675,#674,#295,.T.);
#818=EDGE_CURVE('',#676,#675,#296,.T.);
#819=EDGE_CURVE('',#677,#676,#297,.T.);
#820=EDGE_CURVE('',#678,#677,#298,.T.);
#821=EDGE_CURVE('',#679,#678,#299,.T.);
#822=EDGE_CURVE('',#680,#679,#300,.T.);
#823=EDGE_CURVE('',#681,#680,#301,.T.);
#824=EDGE_CURVE('',#682,#681,#302,.T.);
#825=EDGE_CURVE('',#683,#682,#303,.T.);
#826=EDGE_CURVE('',#684,#683,#304,.T.);
#827=EDGE_CURVE('',#685,#684,#305,.T.);
#828=EDGE_CURVE('',#645,#685,#306,.T.);
#829=EDGE_CURVE('',#686,#686,#612,.T.);
#830=EDGE_CURVE('',#687,#632,#307,.T.);
#831=EDGE_CURVE('',#633,#687,#308,.T.);
#832=EDGE_CURVE('',#631,#644,#309,.T.);
#833=EDGE_CURVE('',#688,#689,#310,.T.);
#834=EDGE_CURVE('',#689,#690,#311,.T.);
#835=EDGE_CURVE('',#691,#690,#312,.T.);
#836=EDGE_CURVE('',#692,#691,#313,.T.);
#837=EDGE_CURVE('',#688,#692,#314,.T.);
#838=EDGE_CURVE('',#691,#693,#315,.T.);
#839=EDGE_CURVE('',#694,#693,#316,.T.);
#840=EDGE_CURVE('',#692,#694,#317,.T.);
#841=EDGE_CURVE('',#695,#696,#318,.T.);
#842=EDGE_CURVE('',#688,#696,#319,.T.);
#843=EDGE_CURVE('',#697,#694,#320,.T.);
#844=EDGE_CURVE('',#695,#697,#321,.T.);
#845=EDGE_CURVE('',#698,#699,#322,.T.);
#846=EDGE_CURVE('',#698,#700,#323,.T.);
#847=EDGE_CURVE('',#701,#700,#324,.T.);
#848=EDGE_CURVE('',#701,#695,#325,.T.);
#849=EDGE_CURVE('',#702,#697,#326,.T.);
#850=EDGE_CURVE('',#699,#702,#327,.T.);
#851=EDGE_CURVE('',#699,#690,#328,.T.);
#852=EDGE_CURVE('',#693,#702,#329,.T.);
#853=EDGE_CURVE('',#703,#700,#330,.T.);
#854=EDGE_CURVE('',#698,#704,#331,.T.);
#855=EDGE_CURVE('',#704,#705,#332,.T.);
#856=EDGE_CURVE('',#705,#696,#333,.T.);
#857=EDGE_CURVE('',#701,#706,#334,.T.);
#858=EDGE_CURVE('',#706,#703,#335,.T.);
#859=EDGE_CURVE('',#696,#643,#336,.T.);
#860=EDGE_CURVE('',#646,#707,#337,.T.);
#861=EDGE_CURVE('',#707,#708,#338,.T.);
#862=EDGE_CURVE('',#708,#709,#339,.T.);
#863=EDGE_CURVE('',#709,#710,#340,.T.);
#864=EDGE_CURVE('',#710,#711,#341,.T.);
#865=EDGE_CURVE('',#711,#712,#342,.T.);
#866=EDGE_CURVE('',#712,#688,#343,.T.);
#867=EDGE_CURVE('',#685,#707,#344,.T.);
#868=EDGE_CURVE('',#687,#705,#345,.T.);
#869=EDGE_CURVE('',#622,#704,#346,.T.);
#870=EDGE_CURVE('',#713,#698,#347,.T.);
#871=EDGE_CURVE('',#647,#713,#348,.T.);
#872=EDGE_CURVE('',#700,#713,#349,.T.);
#873=EDGE_CURVE('',#648,#703,#350,.T.);
#874=EDGE_CURVE('',#649,#706,#351,.T.);
#875=EDGE_CURVE('',#714,#701,#352,.T.);
#876=EDGE_CURVE('',#650,#714,#353,.T.);
#877=EDGE_CURVE('',#715,#714,#354,.T.);
#878=EDGE_CURVE('',#651,#715,#355,.T.);
#879=EDGE_CURVE('',#716,#715,#356,.T.);
#880=EDGE_CURVE('',#652,#716,#357,.T.);
#881=EDGE_CURVE('',#717,#716,#358,.T.);
#882=EDGE_CURVE('',#653,#717,#359,.T.);
#883=EDGE_CURVE('',#718,#717,#360,.T.);
#884=EDGE_CURVE('',#654,#718,#361,.T.);
#885=EDGE_CURVE('',#719,#718,#362,.T.);
#886=EDGE_CURVE('',#655,#719,#363,.T.);
#887=EDGE_CURVE('',#720,#719,#364,.T.);
#888=EDGE_CURVE('',#656,#720,#365,.T.);
#889=EDGE_CURVE('',#721,#720,#366,.T.);
#890=EDGE_CURVE('',#657,#721,#367,.T.);
#891=EDGE_CURVE('',#722,#721,#368,.T.);
#892=EDGE_CURVE('',#658,#722,#369,.T.);
#893=EDGE_CURVE('',#723,#722,#370,.T.);
#894=EDGE_CURVE('',#659,#723,#371,.T.);
#895=EDGE_CURVE('',#724,#723,#372,.T.);
#896=EDGE_CURVE('',#660,#724,#373,.T.);
#897=EDGE_CURVE('',#725,#724,#374,.T.);
#898=EDGE_CURVE('',#661,#725,#375,.T.);
#899=EDGE_CURVE('',#726,#725,#376,.T.);
#900=EDGE_CURVE('',#662,#726,#377,.T.);
#901=EDGE_CURVE('',#727,#726,#378,.T.);
#902=EDGE_CURVE('',#663,#727,#379,.T.);
#903=EDGE_CURVE('',#728,#727,#380,.T.);
#904=EDGE_CURVE('',#664,#728,#381,.T.);
#905=EDGE_CURVE('',#729,#728,#382,.T.);
#906=EDGE_CURVE('',#665,#729,#383,.T.);
#907=EDGE_CURVE('',#730,#729,#384,.T.);
#908=EDGE_CURVE('',#666,#730,#385,.T.);
#909=EDGE_CURVE('',#731,#730,#386,.T.);
#910=EDGE_CURVE('',#667,#731,#387,.T.);
#911=EDGE_CURVE('',#732,#731,#388,.T.);
#912=EDGE_CURVE('',#668,#732,#389,.T.);
#913=EDGE_CURVE('',#733,#732,#390,.T.);
#914=EDGE_CURVE('',#669,#733,#391,.T.);
#915=EDGE_CURVE('',#734,#733,#392,.T.);
#916=EDGE_CURVE('',#670,#734,#393,.T.);
#917=EDGE_CURVE('',#735,#734,#394,.T.);
#918=EDGE_CURVE('',#671,#735,#395,.T.);
#919=EDGE_CURVE('',#736,#735,#396,.T.);
#920=EDGE_CURVE('',#672,#736,#397,.T.);
#921=EDGE_CURVE('',#737,#736,#398,.T.);
#922=EDGE_CURVE('',#673,#737,#399,.T.);
#923=EDGE_CURVE('',#738,#737,#400,.T.);
#924=EDGE_CURVE('',#674,#738,#401,.T.);
#925=EDGE_CURVE('',#739,#738,#402,.T.);
#926=EDGE_CURVE('',#675,#739,#403,.T.);
#927=EDGE_CURVE('',#740,#739,#404,.T.);
#928=EDGE_CURVE('',#676,#740,#405,.T.);
#929=EDGE_CURVE('',#741,#740,#406,.T.);
#930=EDGE_CURVE('',#677,#741,#407,.T.);
#931=EDGE_CURVE('',#742,#741,#408,.T.);
#932=EDGE_CURVE('',#678,#742,#409,.T.);
#933=EDGE_CURVE('',#690,#742,#410,.T.);
#934=EDGE_CURVE('',#679,#689,#411,.T.);
#935=EDGE_CURVE('',#680,#712,#412,.T.);
#936=EDGE_CURVE('',#681,#711,#413,.T.);
#937=EDGE_CURVE('',#682,#710,#414,.T.);
#938=EDGE_CURVE('',#683,#709,#415,.T.);
#939=EDGE_CURVE('',#684,#708,#416,.T.);
#940=EDGE_CURVE('',#743,#686,#15,.T.);
#941=EDGE_CURVE('',#743,#743,#613,.T.);
#942=ORIENTED_EDGE('',*,*,#744,.F.);
#943=ORIENTED_EDGE('',*,*,#745,.T.);
#944=ORIENTED_EDGE('',*,*,#746,.T.);
#945=ORIENTED_EDGE('',*,*,#745,.F.);
#946=ORIENTED_EDGE('',*,*,#746,.F.);
#947=ORIENTED_EDGE('',*,*,#747,.F.);
#948=ORIENTED_EDGE('',*,*,#748,.T.);
#949=ORIENTED_EDGE('',*,*,#749,.T.);
#950=ORIENTED_EDGE('',*,*,#748,.F.);
#951=ORIENTED_EDGE('',*,*,#749,.F.);
#952=ORIENTED_EDGE('',*,*,#750,.F.);
#953=ORIENTED_EDGE('',*,*,#751,.T.);
#954=ORIENTED_EDGE('',*,*,#752,.T.);
#955=ORIENTED_EDGE('',*,*,#751,.F.);
#956=ORIENTED_EDGE('',*,*,#752,.F.);
#957=ORIENTED_EDGE('',*,*,#753,.F.);
#958=ORIENTED_EDGE('',*,*,#754,.T.);
#959=ORIENTED_EDGE('',*,*,#755,.T.);
#960=ORIENTED_EDGE('',*,*,#754,.F.);
#961=ORIENTED_EDGE('',*,*,#755,.F.);
#962=ORIENTED_EDGE('',*,*,#756,.F.);
#963=ORIENTED_EDGE('',*,*,#757,.F.);
#964=ORIENTED_EDGE('',*,*,#758,.T.);
#965=ORIENTED_EDGE('',*,*,#759,.F.);
#966=ORIENTED_EDGE('',*,*,#760,.T.);
#967=ORIENTED_EDGE('',*,*,#761,.F.);
#968=ORIENTED_EDGE('',*,*,#762,.T.);
#969=ORIENTED_EDGE('',*,*,#763,.F.);
#970=ORIENTED_EDGE('',*,*,#764,.T.);
#971=ORIENTED_EDGE('',*,*,#765,.F.);
#972=ORIENTED_EDGE('',*,*,#764,.F.);
#973=ORIENTED_EDGE('',*,*,#766,.F.);
#974=ORIENTED_EDGE('',*,*,#767,.F.);
#975=ORIENTED_EDGE('',*,*,#768,.F.);
#976=ORIENTED_EDGE('',*,*,#758,.F.);
#977=ORIENTED_EDGE('',*,*,#769,.F.);
#978=ORIENTED_EDGE('',*,*,#770,.F.);
#979=ORIENTED_EDGE('',*,*,#771,.T.);
#980=ORIENTED_EDGE('',*,*,#772,.F.);
#981=ORIENTED_EDGE('',*,*,#771,.F.);
#982=ORIENTED_EDGE('',*,*,#773,.F.);
#983=ORIENTED_EDGE('',*,*,#774,.F.);
#984=ORIENTED_EDGE('',*,*,#760,.F.);
#985=ORIENTED_EDGE('',*,*,#775,.F.);
#986=ORIENTED_EDGE('',*,*,#776,.F.);
#987=ORIENTED_EDGE('',*,*,#777,.F.);
#988=ORIENTED_EDGE('',*,*,#762,.F.);
#989=ORIENTED_EDGE('',*,*,#778,.F.);
#990=ORIENTED_EDGE('',*,*,#779,.F.);
#991=ORIENTED_EDGE('',*,*,#772,.T.);
#992=ORIENTED_EDGE('',*,*,#778,.T.);
#993=ORIENTED_EDGE('',*,*,#761,.T.);
#994=ORIENTED_EDGE('',*,*,#777,.T.);
#995=ORIENTED_EDGE('',*,*,#780,.T.);
#996=ORIENTED_EDGE('',*,*,#781,.T.);
#997=ORIENTED_EDGE('',*,*,#782,.F.);
#998=ORIENTED_EDGE('',*,*,#783,.F.);
#999=ORIENTED_EDGE('',*,*,#784,.T.);
#1000=ORIENTED_EDGE('',*,*,#775,.T.);
#1001=ORIENTED_EDGE('',*,*,#759,.T.);
#1002=ORIENTED_EDGE('',*,*,#774,.T.);
#1003=ORIENTED_EDGE('',*,*,#785,.T.);
#1004=ORIENTED_EDGE('',*,*,#786,.T.);
#1005=ORIENTED_EDGE('',*,*,#787,.F.);
#1006=ORIENTED_EDGE('',*,*,#781,.F.);
#1007=ORIENTED_EDGE('',*,*,#788,.T.);
#1008=ORIENTED_EDGE('',*,*,#776,.T.);
#1009=ORIENTED_EDGE('',*,*,#788,.F.);
#1010=ORIENTED_EDGE('',*,*,#780,.F.);
#1011=ORIENTED_EDGE('',*,*,#773,.T.);
#1012=ORIENTED_EDGE('',*,*,#770,.T.);
#1013=ORIENTED_EDGE('',*,*,#789,.F.);
#1014=ORIENTED_EDGE('',*,*,#790,.F.);
#1015=ORIENTED_EDGE('',*,*,#791,.F.);
#1016=ORIENTED_EDGE('',*,*,#792,.F.);
#1017=ORIENTED_EDGE('',*,*,#793,.F.);
#1018=ORIENTED_EDGE('',*,*,#794,.F.);
#1019=ORIENTED_EDGE('',*,*,#795,.F.);
#1020=ORIENTED_EDGE('',*,*,#796,.F.);
#1021=ORIENTED_EDGE('',*,*,#797,.F.);
#1022=ORIENTED_EDGE('',*,*,#798,.F.);
#1023=ORIENTED_EDGE('',*,*,#799,.F.);
#1024=ORIENTED_EDGE('',*,*,#800,.F.);
#1025=ORIENTED_EDGE('',*,*,#801,.F.);
#1026=ORIENTED_EDGE('',*,*,#802,.F.);
#1027=ORIENTED_EDGE('',*,*,#803,.F.);
#1028=ORIENTED_EDGE('',*,*,#804,.F.);
#1029=ORIENTED_EDGE('',*,*,#805,.F.);
#1030=ORIENTED_EDGE('',*,*,#806,.F.);
#1031=ORIENTED_EDGE('',*,*,#807,.F.);
#1032=ORIENTED_EDGE('',*,*,#808,.F.);
#1033=ORIENTED_EDGE('',*,*,#809,.F.);
#1034=ORIENTED_EDGE('',*,*,#810,.F.);
#1035=ORIENTED_EDGE('',*,*,#811,.F.);
#1036=ORIENTED_EDGE('',*,*,#812,.F.);
#1037=ORIENTED_EDGE('',*,*,#813,.F.);
#1038=ORIENTED_EDGE('',*,*,#814,.F.);
#1039=ORIENTED_EDGE('',*,*,#815,.F.);
#1040=ORIENTED_EDGE('',*,*,#816,.F.);
#1041=ORIENTED_EDGE('',*,*,#817,.F.);
#1042=ORIENTED_EDGE('',*,*,#818,.F.);
#1043=ORIENTED_EDGE('',*,*,#819,.F.);
#1044=ORIENTED_EDGE('',*,*,#820,.F.);
#1045=ORIENTED_EDGE('',*,*,#821,.F.);
#1046=ORIENTED_EDGE('',*,*,#822,.F.);
#1047=ORIENTED_EDGE('',*,*,#823,.F.);
#1048=ORIENTED_EDGE('',*,*,#824,.F.);
#1049=ORIENTED_EDGE('',*,*,#825,.F.);
#1050=ORIENTED_EDGE('',*,*,#826,.F.);
#1051=ORIENTED_EDGE('',*,*,#827,.F.);
#1052=ORIENTED_EDGE('',*,*,#828,.F.);
#1053=ORIENTED_EDGE('',*,*,#785,.F.);
#1054=ORIENTED_EDGE('',*,*,#829,.F.);
#1055=ORIENTED_EDGE('',*,*,#767,.T.);
#1056=ORIENTED_EDGE('',*,*,#830,.F.);
#1057=ORIENTED_EDGE('',*,*,#831,.F.);
#1058=ORIENTED_EDGE('',*,*,#779,.T.);
#1059=ORIENTED_EDGE('',*,*,#784,.F.);
#1060=ORIENTED_EDGE('',*,*,#832,.F.);
#1061=ORIENTED_EDGE('',*,*,#833,.T.);
#1062=ORIENTED_EDGE('',*,*,#834,.T.);
#1063=ORIENTED_EDGE('',*,*,#835,.F.);
#1064=ORIENTED_EDGE('',*,*,#836,.F.);
#1065=ORIENTED_EDGE('',*,*,#837,.F.);
#1066=ORIENTED_EDGE('',*,*,#836,.T.);
#1067=ORIENTED_EDGE('',*,*,#838,.T.);
#1068=ORIENTED_EDGE('',*,*,#839,.F.);
#1069=ORIENTED_EDGE('',*,*,#840,.F.);
#1070=ORIENTED_EDGE('',*,*,#841,.T.);
#1071=ORIENTED_EDGE('',*,*,#842,.F.);
#1072=ORIENTED_EDGE('',*,*,#837,.T.);
#1073=ORIENTED_EDGE('',*,*,#840,.T.);
#1074=ORIENTED_EDGE('',*,*,#843,.F.);
#1075=ORIENTED_EDGE('',*,*,#844,.F.);
#1076=ORIENTED_EDGE('',*,*,#845,.F.);
#1077=ORIENTED_EDGE('',*,*,#846,.T.);
#1078=ORIENTED_EDGE('',*,*,#847,.F.);
#1079=ORIENTED_EDGE('',*,*,#848,.T.);
#1080=ORIENTED_EDGE('',*,*,#844,.T.);
#1081=ORIENTED_EDGE('',*,*,#849,.F.);
#1082=ORIENTED_EDGE('',*,*,#850,.F.);
#1083=ORIENTED_EDGE('',*,*,#835,.T.);
#1084=ORIENTED_EDGE('',*,*,#851,.F.);
#1085=ORIENTED_EDGE('',*,*,#850,.T.);
#1086=ORIENTED_EDGE('',*,*,#852,.F.);
#1087=ORIENTED_EDGE('',*,*,#838,.F.);
#1088=ORIENTED_EDGE('',*,*,#852,.T.);
#1089=ORIENTED_EDGE('',*,*,#849,.T.);
#1090=ORIENTED_EDGE('',*,*,#843,.T.);
#1091=ORIENTED_EDGE('',*,*,#839,.T.);
#1092=ORIENTED_EDGE('',*,*,#744,.T.);
#1093=ORIENTED_EDGE('',*,*,#747,.T.);
#1094=ORIENTED_EDGE('',*,*,#750,.T.);
#1095=ORIENTED_EDGE('',*,*,#753,.T.);
#1096=ORIENTED_EDGE('',*,*,#853,.T.);
#1097=ORIENTED_EDGE('',*,*,#846,.F.);
#1098=ORIENTED_EDGE('',*,*,#854,.T.);
#1099=ORIENTED_EDGE('',*,*,#855,.T.);
#1100=ORIENTED_EDGE('',*,*,#856,.T.);
#1101=ORIENTED_EDGE('',*,*,#841,.F.);
#1102=ORIENTED_EDGE('',*,*,#848,.F.);
#1103=ORIENTED_EDGE('',*,*,#857,.T.);
#1104=ORIENTED_EDGE('',*,*,#858,.T.);
#1105=ORIENTED_EDGE('',*,*,#842,.T.);
#1106=ORIENTED_EDGE('',*,*,#859,.T.);
#1107=ORIENTED_EDGE('',*,*,#782,.T.);
#1108=ORIENTED_EDGE('',*,*,#787,.T.);
#1109=ORIENTED_EDGE('',*,*,#860,.T.);
#1110=ORIENTED_EDGE('',*,*,#861,.T.);
#1111=ORIENTED_EDGE('',*,*,#862,.T.);
#1112=ORIENTED_EDGE('',*,*,#863,.T.);
#1113=ORIENTED_EDGE('',*,*,#864,.T.);
#1114=ORIENTED_EDGE('',*,*,#865,.T.);
#1115=ORIENTED_EDGE('',*,*,#866,.T.);
#1116=ORIENTED_EDGE('',*,*,#828,.T.);
#1117=ORIENTED_EDGE('',*,*,#867,.T.);
#1118=ORIENTED_EDGE('',*,*,#860,.F.);
#1119=ORIENTED_EDGE('',*,*,#786,.F.);
#1120=ORIENTED_EDGE('',*,*,#765,.T.);
#1121=ORIENTED_EDGE('',*,*,#832,.T.);
#1122=ORIENTED_EDGE('',*,*,#783,.T.);
#1123=ORIENTED_EDGE('',*,*,#859,.F.);
#1124=ORIENTED_EDGE('',*,*,#856,.F.);
#1125=ORIENTED_EDGE('',*,*,#868,.F.);
#1126=ORIENTED_EDGE('',*,*,#830,.T.);
#1127=ORIENTED_EDGE('',*,*,#766,.T.);
#1128=ORIENTED_EDGE('',*,*,#763,.T.);
#1129=ORIENTED_EDGE('',*,*,#768,.T.);
#1130=ORIENTED_EDGE('',*,*,#831,.T.);
#1131=ORIENTED_EDGE('',*,*,#868,.T.);
#1132=ORIENTED_EDGE('',*,*,#855,.F.);
#1133=ORIENTED_EDGE('',*,*,#869,.F.);
#1134=ORIENTED_EDGE('',*,*,#756,.T.);
#1135=ORIENTED_EDGE('',*,*,#757,.T.);
#1136=ORIENTED_EDGE('',*,*,#869,.T.);
#1137=ORIENTED_EDGE('',*,*,#854,.F.);
#1138=ORIENTED_EDGE('',*,*,#870,.F.);
#1139=ORIENTED_EDGE('',*,*,#871,.F.);
#1140=ORIENTED_EDGE('',*,*,#789,.T.);
#1141=ORIENTED_EDGE('',*,*,#769,.T.);
#1142=ORIENTED_EDGE('',*,*,#790,.T.);
#1143=ORIENTED_EDGE('',*,*,#871,.T.);
#1144=ORIENTED_EDGE('',*,*,#872,.F.);
#1145=ORIENTED_EDGE('',*,*,#853,.F.);
#1146=ORIENTED_EDGE('',*,*,#873,.F.);
#1147=ORIENTED_EDGE('',*,*,#791,.T.);
#1148=ORIENTED_EDGE('',*,*,#873,.T.);
#1149=ORIENTED_EDGE('',*,*,#858,.F.);
#1150=ORIENTED_EDGE('',*,*,#874,.F.);
#1151=ORIENTED_EDGE('',*,*,#792,.T.);
#1152=ORIENTED_EDGE('',*,*,#874,.T.);
#1153=ORIENTED_EDGE('',*,*,#857,.F.);
#1154=ORIENTED_EDGE('',*,*,#875,.F.);
#1155=ORIENTED_EDGE('',*,*,#876,.F.);
#1156=ORIENTED_EDGE('',*,*,#793,.T.);
#1157=ORIENTED_EDGE('',*,*,#876,.T.);
#1158=ORIENTED_EDGE('',*,*,#877,.F.);
#1159=ORIENTED_EDGE('',*,*,#878,.F.);
#1160=ORIENTED_EDGE('',*,*,#794,.T.);
#1161=ORIENTED_EDGE('',*,*,#878,.T.);
#1162=ORIENTED_EDGE('',*,*,#879,.F.);
#1163=ORIENTED_EDGE('',*,*,#880,.F.);
#1164=ORIENTED_EDGE('',*,*,#795,.T.);
#1165=ORIENTED_EDGE('',*,*,#880,.T.);
#1166=ORIENTED_EDGE('',*,*,#881,.F.);
#1167=ORIENTED_EDGE('',*,*,#882,.F.);
#1168=ORIENTED_EDGE('',*,*,#796,.T.);
#1169=ORIENTED_EDGE('',*,*,#882,.T.);
#1170=ORIENTED_EDGE('',*,*,#883,.F.);
#1171=ORIENTED_EDGE('',*,*,#884,.F.);
#1172=ORIENTED_EDGE('',*,*,#797,.T.);
#1173=ORIENTED_EDGE('',*,*,#884,.T.);
#1174=ORIENTED_EDGE('',*,*,#885,.F.);
#1175=ORIENTED_EDGE('',*,*,#886,.F.);
#1176=ORIENTED_EDGE('',*,*,#798,.T.);
#1177=ORIENTED_EDGE('',*,*,#886,.T.);
#1178=ORIENTED_EDGE('',*,*,#887,.F.);
#1179=ORIENTED_EDGE('',*,*,#888,.F.);
#1180=ORIENTED_EDGE('',*,*,#799,.T.);
#1181=ORIENTED_EDGE('',*,*,#888,.T.);
#1182=ORIENTED_EDGE('',*,*,#889,.F.);
#1183=ORIENTED_EDGE('',*,*,#890,.F.);
#1184=ORIENTED_EDGE('',*,*,#800,.T.);
#1185=ORIENTED_EDGE('',*,*,#890,.T.);
#1186=ORIENTED_EDGE('',*,*,#891,.F.);
#1187=ORIENTED_EDGE('',*,*,#892,.F.);
#1188=ORIENTED_EDGE('',*,*,#801,.T.);
#1189=ORIENTED_EDGE('',*,*,#892,.T.);
#1190=ORIENTED_EDGE('',*,*,#893,.F.);
#1191=ORIENTED_EDGE('',*,*,#894,.F.);
#1192=ORIENTED_EDGE('',*,*,#802,.T.);
#1193=ORIENTED_EDGE('',*,*,#894,.T.);
#1194=ORIENTED_EDGE('',*,*,#895,.F.);
#1195=ORIENTED_EDGE('',*,*,#896,.F.);
#1196=ORIENTED_EDGE('',*,*,#803,.T.);
#1197=ORIENTED_EDGE('',*,*,#896,.T.);
#1198=ORIENTED_EDGE('',*,*,#897,.F.);
#1199=ORIENTED_EDGE('',*,*,#898,.F.);
#1200=ORIENTED_EDGE('',*,*,#804,.T.);
#1201=ORIENTED_EDGE('',*,*,#898,.T.);
#1202=ORIENTED_EDGE('',*,*,#899,.F.);
#1203=ORIENTED_EDGE('',*,*,#900,.F.);
#1204=ORIENTED_EDGE('',*,*,#805,.T.);
#1205=ORIENTED_EDGE('',*,*,#900,.T.);
#1206=ORIENTED_EDGE('',*,*,#901,.F.);
#1207=ORIENTED_EDGE('',*,*,#902,.F.);
#1208=ORIENTED_EDGE('',*,*,#806,.T.);
#1209=ORIENTED_EDGE('',*,*,#902,.T.);
#1210=ORIENTED_EDGE('',*,*,#903,.F.);
#1211=ORIENTED_EDGE('',*,*,#904,.F.);
#1212=ORIENTED_EDGE('',*,*,#807,.T.);
#1213=ORIENTED_EDGE('',*,*,#904,.T.);
#1214=ORIENTED_EDGE('',*,*,#905,.F.);
#1215=ORIENTED_EDGE('',*,*,#906,.F.);
#1216=ORIENTED_EDGE('',*,*,#808,.T.);
#1217=ORIENTED_EDGE('',*,*,#906,.T.);
#1218=ORIENTED_EDGE('',*,*,#907,.F.);
#1219=ORIENTED_EDGE('',*,*,#908,.F.);
#1220=ORIENTED_EDGE('',*,*,#809,.T.);
#1221=ORIENTED_EDGE('',*,*,#908,.T.);
#1222=ORIENTED_EDGE('',*,*,#909,.F.);
#1223=ORIENTED_EDGE('',*,*,#910,.F.);
#1224=ORIENTED_EDGE('',*,*,#810,.T.);
#1225=ORIENTED_EDGE('',*,*,#910,.T.);
#1226=ORIENTED_EDGE('',*,*,#911,.F.);
#1227=ORIENTED_EDGE('',*,*,#912,.F.);
#1228=ORIENTED_EDGE('',*,*,#811,.T.);
#1229=ORIENTED_EDGE('',*,*,#912,.T.);
#1230=ORIENTED_EDGE('',*,*,#913,.F.);
#1231=ORIENTED_EDGE('',*,*,#914,.F.);
#1232=ORIENTED_EDGE('',*,*,#812,.T.);
#1233=ORIENTED_EDGE('',*,*,#914,.T.);
#1234=ORIENTED_EDGE('',*,*,#915,.F.);
#1235=ORIENTED_EDGE('',*,*,#916,.F.);
#1236=ORIENTED_EDGE('',*,*,#813,.T.);
#1237=ORIENTED_EDGE('',*,*,#916,.T.);
#1238=ORIENTED_EDGE('',*,*,#917,.F.);
#1239=ORIENTED_EDGE('',*,*,#918,.F.);
#1240=ORIENTED_EDGE('',*,*,#814,.T.);
#1241=ORIENTED_EDGE('',*,*,#918,.T.);
#1242=ORIENTED_EDGE('',*,*,#919,.F.);
#1243=ORIENTED_EDGE('',*,*,#920,.F.);
#1244=ORIENTED_EDGE('',*,*,#815,.T.);
#1245=ORIENTED_EDGE('',*,*,#920,.T.);
#1246=ORIENTED_EDGE('',*,*,#921,.F.);
#1247=ORIENTED_EDGE('',*,*,#922,.F.);
#1248=ORIENTED_EDGE('',*,*,#816,.T.);
#1249=ORIENTED_EDGE('',*,*,#922,.T.);
#1250=ORIENTED_EDGE('',*,*,#923,.F.);
#1251=ORIENTED_EDGE('',*,*,#924,.F.);
#1252=ORIENTED_EDGE('',*,*,#817,.T.);
#1253=ORIENTED_EDGE('',*,*,#924,.T.);
#1254=ORIENTED_EDGE('',*,*,#925,.F.);
#1255=ORIENTED_EDGE('',*,*,#926,.F.);
#1256=ORIENTED_EDGE('',*,*,#818,.T.);
#1257=ORIENTED_EDGE('',*,*,#926,.T.);
#1258=ORIENTED_EDGE('',*,*,#927,.F.);
#1259=ORIENTED_EDGE('',*,*,#928,.F.);
#1260=ORIENTED_EDGE('',*,*,#819,.T.);
#1261=ORIENTED_EDGE('',*,*,#928,.T.);
#1262=ORIENTED_EDGE('',*,*,#929,.F.);
#1263=ORIENTED_EDGE('',*,*,#930,.F.);
#1264=ORIENTED_EDGE('',*,*,#820,.T.);
#1265=ORIENTED_EDGE('',*,*,#930,.T.);
#1266=ORIENTED_EDGE('',*,*,#931,.F.);
#1267=ORIENTED_EDGE('',*,*,#932,.F.);
#1268=ORIENTED_EDGE('',*,*,#821,.T.);
#1269=ORIENTED_EDGE('',*,*,#932,.T.);
#1270=ORIENTED_EDGE('',*,*,#933,.F.);
#1271=ORIENTED_EDGE('',*,*,#834,.F.);
#1272=ORIENTED_EDGE('',*,*,#934,.F.);
#1273=ORIENTED_EDGE('',*,*,#822,.T.);
#1274=ORIENTED_EDGE('',*,*,#934,.T.);
#1275=ORIENTED_EDGE('',*,*,#833,.F.);
#1276=ORIENTED_EDGE('',*,*,#866,.F.);
#1277=ORIENTED_EDGE('',*,*,#935,.F.);
#1278=ORIENTED_EDGE('',*,*,#823,.T.);
#1279=ORIENTED_EDGE('',*,*,#935,.T.);
#1280=ORIENTED_EDGE('',*,*,#865,.F.);
#1281=ORIENTED_EDGE('',*,*,#936,.F.);
#1282=ORIENTED_EDGE('',*,*,#824,.T.);
#1283=ORIENTED_EDGE('',*,*,#936,.T.);
#1284=ORIENTED_EDGE('',*,*,#864,.F.);
#1285=ORIENTED_EDGE('',*,*,#937,.F.);
#1286=ORIENTED_EDGE('',*,*,#825,.T.);
#1287=ORIENTED_EDGE('',*,*,#937,.T.);
#1288=ORIENTED_EDGE('',*,*,#863,.F.);
#1289=ORIENTED_EDGE('',*,*,#938,.F.);
#1290=ORIENTED_EDGE('',*,*,#826,.T.);
#1291=ORIENTED_EDGE('',*,*,#938,.T.);
#1292=ORIENTED_EDGE('',*,*,#862,.F.);
#1293=ORIENTED_EDGE('',*,*,#939,.F.);
#1294=ORIENTED_EDGE('',*,*,#827,.T.);
#1295=ORIENTED_EDGE('',*,*,#939,.T.);
#1296=ORIENTED_EDGE('',*,*,#861,.F.);
#1297=ORIENTED_EDGE('',*,*,#867,.F.);
#1298=ORIENTED_EDGE('',*,*,#847,.T.);
#1299=ORIENTED_EDGE('',*,*,#872,.T.);
#1300=ORIENTED_EDGE('',*,*,#870,.T.);
#1301=ORIENTED_EDGE('',*,*,#845,.T.);
#1302=ORIENTED_EDGE('',*,*,#851,.T.);
#1303=ORIENTED_EDGE('',*,*,#933,.T.);
#1304=ORIENTED_EDGE('',*,*,#931,.T.);
#1305=ORIENTED_EDGE('',*,*,#929,.T.);
#1306=ORIENTED_EDGE('',*,*,#927,.T.);
#1307=ORIENTED_EDGE('',*,*,#925,.T.);
#1308=ORIENTED_EDGE('',*,*,#923,.T.);
#1309=ORIENTED_EDGE('',*,*,#921,.T.);
#1310=ORIENTED_EDGE('',*,*,#919,.T.);
#1311=ORIENTED_EDGE('',*,*,#917,.T.);
#1312=ORIENTED_EDGE('',*,*,#915,.T.);
#1313=ORIENTED_EDGE('',*,*,#913,.T.);
#1314=ORIENTED_EDGE('',*,*,#911,.T.);
#1315=ORIENTED_EDGE('',*,*,#909,.T.);
#1316=ORIENTED_EDGE('',*,*,#907,.T.);
#1317=ORIENTED_EDGE('',*,*,#905,.T.);
#1318=ORIENTED_EDGE('',*,*,#903,.T.);
#1319=ORIENTED_EDGE('',*,*,#901,.T.);
#1320=ORIENTED_EDGE('',*,*,#899,.T.);
#1321=ORIENTED_EDGE('',*,*,#897,.T.);
#1322=ORIENTED_EDGE('',*,*,#895,.T.);
#1323=ORIENTED_EDGE('',*,*,#893,.T.);
#1324=ORIENTED_EDGE('',*,*,#891,.T.);
#1325=ORIENTED_EDGE('',*,*,#889,.T.);
#1326=ORIENTED_EDGE('',*,*,#887,.T.);
#1327=ORIENTED_EDGE('',*,*,#885,.T.);
#1328=ORIENTED_EDGE('',*,*,#883,.T.);
#1329=ORIENTED_EDGE('',*,*,#881,.T.);
#1330=ORIENTED_EDGE('',*,*,#879,.T.);
#1331=ORIENTED_EDGE('',*,*,#877,.T.);
#1332=ORIENTED_EDGE('',*,*,#875,.T.);
#1333=ORIENTED_EDGE('',*,*,#940,.T.);
#1334=ORIENTED_EDGE('',*,*,#829,.T.);
#1335=ORIENTED_EDGE('',*,*,#940,.F.);
#1336=ORIENTED_EDGE('',*,*,#941,.F.);
#1337=ORIENTED_EDGE('',*,*,#941,.T.);
#1338=CYLINDRICAL_SURFACE('',#1430,0.4);
#1339=CYLINDRICAL_SURFACE('',#1434,0.4);
#1340=CYLINDRICAL_SURFACE('',#1438,0.4);
#1341=CYLINDRICAL_SURFACE('',#1442,0.4);
#1342=CYLINDRICAL_SURFACE('',#1454,0.95);
#1343=ADVANCED_FACE('',(#89),#1338,.F.);
#1344=ADVANCED_FACE('',(#90),#22,.F.);
#1345=ADVANCED_FACE('',(#91),#1339,.F.);
#1346=ADVANCED_FACE('',(#92),#23,.F.);
#1347=ADVANCED_FACE('',(#93),#1340,.F.);
#1348=ADVANCED_FACE('',(#94),#24,.F.);
#1349=ADVANCED_FACE('',(#95),#1341,.F.);
#1350=ADVANCED_FACE('',(#96),#25,.F.);
#1351=ADVANCED_FACE('',(#97),#26,.T.);
#1352=ADVANCED_FACE('',(#98),#27,.T.);
#1353=ADVANCED_FACE('',(#99),#28,.T.);
#1354=ADVANCED_FACE('',(#100),#29,.T.);
#1355=ADVANCED_FACE('',(#101),#1342,.T.);
#1356=ADVANCED_FACE('',(#102),#30,.T.);
#1357=ADVANCED_FACE('',(#103),#31,.T.);
#1358=ADVANCED_FACE('',(#104),#32,.T.);
#1359=ADVANCED_FACE('',(#105),#33,.F.);
#1360=ADVANCED_FACE('',(#106,#17),#34,.F.);
#1361=ADVANCED_FACE('',(#107),#35,.F.);
#1362=ADVANCED_FACE('',(#108),#36,.F.);
#1363=ADVANCED_FACE('',(#109),#37,.F.);
#1364=ADVANCED_FACE('',(#110),#38,.T.);
#1365=ADVANCED_FACE('',(#111),#39,.T.);
#1366=ADVANCED_FACE('',(#112),#40,.T.);
#1367=ADVANCED_FACE('',(#113),#41,.T.);
#1368=ADVANCED_FACE('',(#114,#18,#19,#20,#21),#42,.T.);
#1369=ADVANCED_FACE('',(#115),#43,.F.);
#1370=ADVANCED_FACE('',(#116),#44,.T.);
#1371=ADVANCED_FACE('',(#117),#45,.T.);
#1372=ADVANCED_FACE('',(#118),#46,.T.);
#1373=ADVANCED_FACE('',(#119),#47,.T.);
#1374=ADVANCED_FACE('',(#120),#48,.T.);
#1375=ADVANCED_FACE('',(#121),#49,.T.);
#1376=ADVANCED_FACE('',(#122),#50,.T.);
#1377=ADVANCED_FACE('',(#123),#51,.T.);
#1378=ADVANCED_FACE('',(#124),#52,.T.);
#1379=ADVANCED_FACE('',(#125),#53,.T.);
#1380=ADVANCED_FACE('',(#126),#54,.T.);
#1381=ADVANCED_FACE('',(#127),#55,.T.);
#1382=ADVANCED_FACE('',(#128),#56,.T.);
#1383=ADVANCED_FACE('',(#129),#57,.T.);
#1384=ADVANCED_FACE('',(#130),#58,.T.);
#1385=ADVANCED_FACE('',(#131),#59,.T.);
#1386=ADVANCED_FACE('',(#132),#60,.T.);
#1387=ADVANCED_FACE('',(#133),#61,.T.);
#1388=ADVANCED_FACE('',(#134),#62,.T.);
#1389=ADVANCED_FACE('',(#135),#63,.T.);
#1390=ADVANCED_FACE('',(#136),#64,.T.);
#1391=ADVANCED_FACE('',(#137),#65,.T.);
#1392=ADVANCED_FACE('',(#138),#66,.T.);
#1393=ADVANCED_FACE('',(#139),#67,.T.);
#1394=ADVANCED_FACE('',(#140),#68,.T.);
#1395=ADVANCED_FACE('',(#141),#69,.T.);
#1396=ADVANCED_FACE('',(#142),#70,.T.);
#1397=ADVANCED_FACE('',(#143),#71,.T.);
#1398=ADVANCED_FACE('',(#144),#72,.T.);
#1399=ADVANCED_FACE('',(#145),#73,.T.);
#1400=ADVANCED_FACE('',(#146),#74,.T.);
#1401=ADVANCED_FACE('',(#147),#75,.T.);
#1402=ADVANCED_FACE('',(#148),#76,.T.);
#1403=ADVANCED_FACE('',(#149),#77,.T.);
#1404=ADVANCED_FACE('',(#150),#78,.T.);
#1405=ADVANCED_FACE('',(#151),#79,.T.);
#1406=ADVANCED_FACE('',(#152),#80,.T.);
#1407=ADVANCED_FACE('',(#153),#81,.T.);
#1408=ADVANCED_FACE('',(#154),#82,.T.);
#1409=ADVANCED_FACE('',(#155),#83,.T.);
#1410=ADVANCED_FACE('',(#156),#84,.T.);
#1411=ADVANCED_FACE('',(#157),#85,.T.);
#1412=ADVANCED_FACE('',(#158),#86,.T.);
#1413=ADVANCED_FACE('',(#159),#87,.T.);
#1414=ADVANCED_FACE('',(#160),#16,.T.);
#1415=ADVANCED_FACE('',(#161),#88,.T.);
#1416=CLOSED_SHELL('',(#1343,#1344,#1345,#1346,#1347,#1348,#1349,#1350,
#1351,#1352,#1353,#1354,#1355,#1356,#1357,#1358,#1359,#1360,#1361,#1362,
#1363,#1364,#1365,#1366,#1367,#1368,#1369,#1370,#1371,#1372,#1373,#1374,
#1375,#1376,#1377,#1378,#1379,#1380,#1381,#1382,#1383,#1384,#1385,#1386,
#1387,#1388,#1389,#1390,#1391,#1392,#1393,#1394,#1395,#1396,#1397,#1398,
#1399,#1400,#1401,#1402,#1403,#1404,#1405,#1406,#1407,#1408,#1409,#1410,
#1411,#1412,#1413,#1414,#1415));
#1417=DERIVED_UNIT_ELEMENT(#1419,1.);
#1418=DERIVED_UNIT_ELEMENT(#3490,-3.);
#1419=(
MASS_UNIT()
NAMED_UNIT(*)
SI_UNIT(.KILO.,.GRAM.)
);
#1420=DERIVED_UNIT((#1417,#1418));
#1421=MEASURE_REPRESENTATION_ITEM('density measure',
POSITIVE_RATIO_MEASURE(7850.),#1420);
#1422=PROPERTY_DEFINITION_REPRESENTATION(#1427,#1424);
#1423=PROPERTY_DEFINITION_REPRESENTATION(#1428,#1425);
#1424=REPRESENTATION('material name',(#1426),#3487);
#1425=REPRESENTATION('density',(#1421),#3487);
#1426=DESCRIPTIVE_REPRESENTATION_ITEM('Steel','Steel');
#1427=PROPERTY_DEFINITION('material property','material name',#3497);
#1428=PROPERTY_DEFINITION('material property','density of part',#3497);
#1429=AXIS2_PLACEMENT_3D('',#1885,#1522,#1523);
#1430=AXIS2_PLACEMENT_3D('',#1886,#1524,#1525);
#1431=AXIS2_PLACEMENT_3D('',#1888,#1526,#1527);
#1432=AXIS2_PLACEMENT_3D('',#1891,#1529,#1530);
#1433=AXIS2_PLACEMENT_3D('',#1892,#1531,#1532);
#1434=AXIS2_PLACEMENT_3D('',#1893,#1533,#1534);
#1435=AXIS2_PLACEMENT_3D('',#1895,#1535,#1536);
#1436=AXIS2_PLACEMENT_3D('',#1898,#1538,#1539);
#1437=AXIS2_PLACEMENT_3D('',#1899,#1540,#1541);
#1438=AXIS2_PLACEMENT_3D('',#1900,#1542,#1543);
#1439=AXIS2_PLACEMENT_3D('',#1902,#1544,#1545);
#1440=AXIS2_PLACEMENT_3D('',#1905,#1547,#1548);
#1441=AXIS2_PLACEMENT_3D('',#1906,#1549,#1550);
#1442=AXIS2_PLACEMENT_3D('',#1907,#1551,#1552);
#1443=AXIS2_PLACEMENT_3D('',#1909,#1553,#1554);
#1444=AXIS2_PLACEMENT_3D('',#1912,#1556,#1557);
#1445=AXIS2_PLACEMENT_3D('',#1913,#1558,#1559);
#1446=AXIS2_PLACEMENT_3D('',#1914,#1560,#1561);
#1447=AXIS2_PLACEMENT_3D('',#1920,#1564,#1565);
#1448=AXIS2_PLACEMENT_3D('',#1921,#1566,#1567);
#1449=AXIS2_PLACEMENT_3D('',#1925,#1569,#1570);
#1450=AXIS2_PLACEMENT_3D('',#1926,#1571,#1572);
#1451=AXIS2_PLACEMENT_3D('',#1930,#1574,#1575);
#1452=AXIS2_PLACEMENT_3D('',#1931,#1576,#1577);
#1453=AXIS2_PLACEMENT_3D('',#1935,#1579,#1580);
#1454=AXIS2_PLACEMENT_3D('',#1936,#1581,#1582);
#1455=AXIS2_PLACEMENT_3D('',#1942,#1585,#1586);
#1456=AXIS2_PLACEMENT_3D('',#1947,#1589,#1590);
#1457=AXIS2_PLACEMENT_3D('',#1950,#1592,#1593);
#1458=AXIS2_PLACEMENT_3D('',#1952,#1594,#1595);
#1459=AXIS2_PLACEMENT_3D('',#1957,#1598,#1599);
#1460=AXIS2_PLACEMENT_3D('',#1961,#1602,#1603);
#1461=AXIS2_PLACEMENT_3D('',#1962,#1604,#1605);
#1462=AXIS2_PLACEMENT_3D('',#1963,#1606,#1607);
#1463=AXIS2_PLACEMENT_3D('',#1973,#1613,#1614);
#1464=AXIS2_PLACEMENT_3D('',#1980,#1619,#1620);
#1465=AXIS2_PLACEMENT_3D('',#1981,#1621,#1622);
#1466=AXIS2_PLACEMENT_3D('',#2062,#1663,#1664);
#1467=AXIS2_PLACEMENT_3D('',#2063,#1665,#1666);
#1468=AXIS2_PLACEMENT_3D('',#2067,#1669,#1670);
#1469=AXIS2_PLACEMENT_3D('',#2069,#1672,#1673);
#1470=AXIS2_PLACEMENT_3D('',#2080,#1679,#1680);
#1471=AXIS2_PLACEMENT_3D('',#2086,#1684,#1685);
#1472=AXIS2_PLACEMENT_3D('',#2094,#1690,#1691);
#1473=AXIS2_PLACEMENT_3D('',#2106,#1698,#1699);
#1474=AXIS2_PLACEMENT_3D('',#2109,#1702,#1703);
#1475=AXIS2_PLACEMENT_3D('',#2110,#1704,#1705);
#1476=AXIS2_PLACEMENT_3D('',#2121,#1712,#1713);
#1477=AXIS2_PLACEMENT_3D('',#2136,#1722,#1723);
#1478=AXIS2_PLACEMENT_3D('',#2138,#1725,#1726);
#1479=AXIS2_PLACEMENT_3D('',#2140,#1728,#1729);
#1480=AXIS2_PLACEMENT_3D('',#2142,#1731,#1732);
#1481=AXIS2_PLACEMENT_3D('',#2146,#1735,#1736);
#1482=AXIS2_PLACEMENT_3D('',#2149,#1739,#1740);
#1483=AXIS2_PLACEMENT_3D('',#2151,#1742,#1743);
#1484=AXIS2_PLACEMENT_3D('',#2155,#1746,#1747);
#1485=AXIS2_PLACEMENT_3D('',#2159,#1750,#1751);
#1486=AXIS2_PLACEMENT_3D('',#2163,#1754,#1755);
#1487=AXIS2_PLACEMENT_3D('',#2167,#1758,#1759);
#1488=AXIS2_PLACEMENT_3D('',#2171,#1762,#1763);
#1489=AXIS2_PLACEMENT_3D('',#2175,#1766,#1767);
#1490=AXIS2_PLACEMENT_3D('',#2179,#1770,#1771);
#1491=AXIS2_PLACEMENT_3D('',#2183,#1774,#1775);
#1492=AXIS2_PLACEMENT_3D('',#2187,#1778,#1779);
#1493=AXIS2_PLACEMENT_3D('',#2191,#1782,#1783);
#1494=AXIS2_PLACEMENT_3D('',#2195,#1786,#1787);
#1495=AXIS2_PLACEMENT_3D('',#2199,#1790,#1791);
#1496=AXIS2_PLACEMENT_3D('',#2203,#1794,#1795);
#1497=AXIS2_PLACEMENT_3D('',#2207,#1798,#1799);
#1498=AXIS2_PLACEMENT_3D('',#2211,#1802,#1803);
#1499=AXIS2_PLACEMENT_3D('',#2215,#1806,#1807);
#1500=AXIS2_PLACEMENT_3D('',#2219,#1810,#1811);
#1501=AXIS2_PLACEMENT_3D('',#2223,#1814,#1815);
#1502=AXIS2_PLACEMENT_3D('',#2227,#1818,#1819);
#1503=AXIS2_PLACEMENT_3D('',#2231,#1822,#1823);
#1504=AXIS2_PLACEMENT_3D('',#2235,#1826,#1827);
#1505=AXIS2_PLACEMENT_3D('',#2239,#1830,#1831);
#1506=AXIS2_PLACEMENT_3D('',#2243,#1834,#1835);
#1507=AXIS2_PLACEMENT_3D('',#2247,#1838,#1839);
#1508=AXIS2_PLACEMENT_3D('',#2251,#1842,#1843);
#1509=AXIS2_PLACEMENT_3D('',#2255,#1846,#1847);
#1510=AXIS2_PLACEMENT_3D('',#2259,#1850,#1851);
#1511=AXIS2_PLACEMENT_3D('',#2263,#1854,#1855);
#1512=AXIS2_PLACEMENT_3D('',#2267,#1858,#1859);
#1513=AXIS2_PLACEMENT_3D('',#2270,#1862,#1863);
#1514=AXIS2_PLACEMENT_3D('',#2272,#1865,#1866);
#1515=AXIS2_PLACEMENT_3D('',#2274,#1868,#1869);
#1516=AXIS2_PLACEMENT_3D('',#2276,#1871,#1872);
#1517=AXIS2_PLACEMENT_3D('',#2278,#1874,#1875);
#1518=AXIS2_PLACEMENT_3D('',#2280,#1877,#1878);
#1519=AXIS2_PLACEMENT_3D('',#2281,#1879,#1880);
#1520=AXIS2_PLACEMENT_3D('',#3483,#1881,#1882);
#1521=AXIS2_PLACEMENT_3D('',#3484,#1883,#1884);
#1522=DIRECTION('axis',(0.,0.,1.));
#1523=DIRECTION('refdir',(1.,0.,0.));
#1524=DIRECTION('center_axis',(0.,-1.,0.));
#1525=DIRECTION('ref_axis',(1.,0.,0.));
#1526=DIRECTION('center_axis',(0.,-1.,0.));
#1527=DIRECTION('ref_axis',(1.,0.,0.));
#1528=DIRECTION('',(0.,-1.,0.));
#1529=DIRECTION('center_axis',(0.,-1.,0.));
#1530=DIRECTION('ref_axis',(1.,0.,0.));
#1531=DIRECTION('center_axis',(0.,-1.,0.));
#1532=DIRECTION('ref_axis',(1.,0.,0.));
#1533=DIRECTION('center_axis',(0.,-1.,0.));
#1534=DIRECTION('ref_axis',(1.,0.,0.));
#1535=DIRECTION('center_axis',(0.,-1.,0.));
#1536=DIRECTION('ref_axis',(1.,0.,0.));
#1537=DIRECTION('',(0.,-1.,0.));
#1538=DIRECTION('center_axis',(0.,-1.,0.));
#1539=DIRECTION('ref_axis',(1.,0.,0.));
#1540=DIRECTION('center_axis',(0.,-1.,0.));
#1541=DIRECTION('ref_axis',(1.,0.,0.));
#1542=DIRECTION('center_axis',(0.,-1.,0.));
#1543=DIRECTION('ref_axis',(1.,0.,0.));
#1544=DIRECTION('center_axis',(0.,-1.,0.));
#1545=DIRECTION('ref_axis',(1.,0.,0.));
#1546=DIRECTION('',(0.,-1.,0.));
#1547=DIRECTION('center_axis',(0.,-1.,0.));
#1548=DIRECTION('ref_axis',(1.,0.,0.));
#1549=DIRECTION('center_axis',(0.,-1.,0.));
#1550=DIRECTION('ref_axis',(1.,0.,0.));
#1551=DIRECTION('center_axis',(0.,-1.,0.));
#1552=DIRECTION('ref_axis',(1.,0.,0.));
#1553=DIRECTION('center_axis',(0.,-1.,0.));
#1554=DIRECTION('ref_axis',(1.,0.,0.));
#1555=DIRECTION('',(0.,-1.,0.));
#1556=DIRECTION('center_axis',(0.,-1.,0.));
#1557=DIRECTION('ref_axis',(1.,0.,0.));
#1558=DIRECTION('center_axis',(0.,-1.,0.));
#1559=DIRECTION('ref_axis',(1.,0.,0.));
#1560=DIRECTION('center_axis',(0.,1.,0.));
#1561=DIRECTION('ref_axis',(1.,0.,0.));
#1562=DIRECTION('',(-0.231620527306035,0.,-0.972806214685368));
#1563=DIRECTION('',(-0.7954317200325,0.,-0.606043215262855));
#1564=DIRECTION('center_axis',(0.,1.,0.));
#1565=DIRECTION('ref_axis',(1.,0.,0.));
#1566=DIRECTION('center_axis',(0.,1.,0.));
#1567=DIRECTION('ref_axis',(1.,0.,0.));
#1568=DIRECTION('',(-1.,0.,0.));
#1569=DIRECTION('center_axis',(0.,1.,0.));
#1570=DIRECTION('ref_axis',(1.,0.,0.));
#1571=DIRECTION('center_axis',(0.,1.,0.));
#1572=DIRECTION('ref_axis',(1.,0.,0.));
#1573=DIRECTION('',(-0.91281825189492,0.,-0.408366060058255));
#1574=DIRECTION('center_axis',(0.,1.,0.));
#1575=DIRECTION('ref_axis',(1.,0.,0.));
#1576=DIRECTION('center_axis',(0.,1.,0.));
#1577=DIRECTION('ref_axis',(1.,0.,0.));
#1578=DIRECTION('',(-0.663614598558536,0.,-0.748074638375071));
#1579=DIRECTION('center_axis',(0.,1.,0.));
#1580=DIRECTION('ref_axis',(1.,0.,0.));
#1581=DIRECTION('center_axis',(0.,1.,0.));
#1582=DIRECTION('ref_axis',(1.,0.,0.));
#1583=DIRECTION('',(0.,-1.,0.));
#1584=DIRECTION('',(0.,1.,0.));
#1585=DIRECTION('center_axis',(0.,1.,0.));
#1586=DIRECTION('ref_axis',(1.,0.,0.));
#1587=DIRECTION('',(0.,-1.,0.));
#1588=DIRECTION('',(0.,1.,0.));
#1589=DIRECTION('center_axis',(0.,1.,0.));
#1590=DIRECTION('ref_axis',(1.,0.,0.));
#1591=DIRECTION('',(0.,-1.,0.));
#1592=DIRECTION('center_axis',(0.,-1.,0.));
#1593=DIRECTION('ref_axis',(1.,0.,0.));
#1594=DIRECTION('center_axis',(0.,1.,0.));
#1595=DIRECTION('ref_axis',(1.,0.,0.));
#1596=DIRECTION('',(0.,-1.,0.));
#1597=DIRECTION('',(0.,1.,0.));
#1598=DIRECTION('center_axis',(0.,1.,0.));
#1599=DIRECTION('ref_axis',(1.,0.,0.));
#1600=DIRECTION('',(0.,-1.,0.));
#1601=DIRECTION('',(0.,1.,0.));
#1602=DIRECTION('center_axis',(0.,1.,0.));
#1603=DIRECTION('ref_axis',(1.,0.,0.));
#1604=DIRECTION('center_axis',(0.,-1.,0.));
#1605=DIRECTION('ref_axis',(-1.,0.,0.));
#1606=DIRECTION('center_axis',(0.408366060058255,0.,-0.91281825189492));
#1607=DIRECTION('ref_axis',(-0.91281825189492,0.,-0.408366060058255));
#1608=DIRECTION('',(-0.91281825189492,0.,-0.408366060058255));
#1609=DIRECTION('',(0.,1.,0.));
#1610=DIRECTION('',(-0.91281825189492,0.,-0.408366060058255));
#1611=DIRECTION('',(0.,1.,0.));
#1612=DIRECTION('',(-0.91281825189492,0.,-0.408366060058255));
#1613=DIRECTION('center_axis',(0.,0.,-1.));
#1614=DIRECTION('ref_axis',(-1.,0.,0.));
#1615=DIRECTION('',(-1.,0.,0.));
#1616=DIRECTION('',(0.,1.,0.));
#1617=DIRECTION('',(-1.,0.,0.));
#1618=DIRECTION('',(-1.,0.,0.));
#1619=DIRECTION('center_axis',(0.,1.,0.));
#1620=DIRECTION('ref_axis',(1.,0.,0.));
#1621=DIRECTION('center_axis',(0.,1.,0.));
#1622=DIRECTION('ref_axis',(1.,0.,0.));
#1623=DIRECTION('',(-0.7954317200325,0.,-0.606043215262855));
#1624=DIRECTION('',(0.42394010604864,0.,0.905690226558434));
#1625=DIRECTION('',(0.,0.,1.));
#1626=DIRECTION('',(-0.42394010604864,0.,0.905690226558434));
#1627=DIRECTION('',(-0.87250601594972,0.,0.488603368931844));
#1628=DIRECTION('',(-0.977176363922801,0.,0.212429644331043));
#1629=DIRECTION('',(-0.975132855791459,0.,-0.221621103588969));
#1630=DIRECTION('',(-0.624695047554425,0.,-0.78086880944303));
#1631=DIRECTION('',(0.,0.,-1.));
#1632=DIRECTION('',(0.605521832483264,0.,-0.795828694120858));
#1633=DIRECTION('',(0.897448694974291,0.,-0.441118850072112));
#1634=DIRECTION('',(0.984427575508482,0.,0.175790638483657));
#1635=DIRECTION('',(-0.755993195642133,0.,-0.654579474275505));
#1636=DIRECTION('',(-0.344817462679614,0.,-0.938669759516729));
#1637=DIRECTION('',(0.25598513769326,0.,-0.966680717341648));
#1638=DIRECTION('',(0.119145220618428,0.,-0.992876838486922));
#1639=DIRECTION('',(0.,0.,-1.));
#1640=DIRECTION('',(-0.234142934332762,0.,-0.972202183859944));
#1641=DIRECTION('',(0.0948090926280016,0.,-0.995495472593952));
#1642=DIRECTION('',(0.442549118130964,0.,-0.896744265686437));
#1643=DIRECTION('',(0.633927954885421,0.,-0.773392104960212));
#1644=DIRECTION('',(0.90350184151431,0.,-0.428584206872173));
#1645=DIRECTION('',(0.989461064134103,0.,-0.144799180117185));
#1646=DIRECTION('',(0.989949493661167,0.,0.141421356237309));
#1647=DIRECTION('',(0.874893208030359,0.,0.484315883016805));
#1648=DIRECTION('',(0.735698222836801,0.,0.677309474992616));
#1649=DIRECTION('',(0.434299185660016,0.,0.900768681368889));
#1650=DIRECTION('',(0.16284540911877,0.,0.986651596425476));
#1651=DIRECTION('',(-0.113546591160735,0.,0.993532672656404));
#1652=DIRECTION('',(0.0842068979034433,0.,0.996448291857374));
#1653=DIRECTION('',(0.222824801502146,0.,0.974858506571866));
#1654=DIRECTION('',(0.372558276829066,0.,0.928008798646951));
#1655=DIRECTION('',(0.474472072839963,0.,0.880270556189942));
#1656=DIRECTION('',(0.598730412679243,0.,0.800950618286136));
#1657=DIRECTION('',(0.,0.,1.));
#1658=DIRECTION('',(-0.328011688970412,0.,0.944673664234786));
#1659=DIRECTION('',(-0.76928896282899,0.,0.638901003027462));
#1660=DIRECTION('',(-0.985096770841201,0.,0.172001023480208));
#1661=DIRECTION('',(-0.971456878881321,0.,-0.237216214610556));
#1662=DIRECTION('',(-0.796162194123102,0.,-0.605083267533558));
#1663=DIRECTION('center_axis',(0.,-1.,0.));
#1664=DIRECTION('ref_axis',(1.,0.,0.));
#1665=DIRECTION('center_axis',(0.,1.,0.));
#1666=DIRECTION('ref_axis',(1.,0.,0.));
#1667=DIRECTION('',(-0.663614598558536,0.,-0.748074638375071));
#1668=DIRECTION('',(-0.231620527306035,0.,-0.972806214685368));
#1669=DIRECTION('center_axis',(0.,1.,0.));
#1670=DIRECTION('ref_axis',(1.,0.,0.));
#1671=DIRECTION('',(-0.663614598558536,0.,-0.748074638375071));
#1672=DIRECTION('center_axis',(0.,1.,0.));
#1673=DIRECTION('ref_axis',(1.,0.,0.));
#1674=DIRECTION('',(0.598730412679243,0.,0.800950618286136));
#1675=DIRECTION('',(0.474472072839963,0.,0.880270556189942));
#1676=DIRECTION('',(1.,0.,0.));
#1677=DIRECTION('',(0.,0.,1.));
#1678=DIRECTION('',(-1.,0.,0.));
#1679=DIRECTION('center_axis',(-1.,0.,0.));
#1680=DIRECTION('ref_axis',(0.,0.,1.));
#1681=DIRECTION('',(0.,1.,0.));
#1682=DIRECTION('',(0.,0.,1.));
#1683=DIRECTION('',(0.,1.,0.));
#1684=DIRECTION('center_axis',(0.,0.,-1.));
#1685=DIRECTION('ref_axis',(-1.,0.,0.));
#1686=DIRECTION('',(-1.,0.,0.));
#1687=DIRECTION('',(1.,0.,0.));
#1688=DIRECTION('',(-1.,0.,0.));
#1689=DIRECTION('',(0.,1.,0.));
#1690=DIRECTION('center_axis',(1.,0.,0.));
#1691=DIRECTION('ref_axis',(0.,0.,-1.));
#1692=DIRECTION('',(0.,0.,1.));
#1693=DIRECTION('',(0.,0.,-1.));
#1694=DIRECTION('',(0.,0.,1.));
#1695=DIRECTION('',(0.,0.,-1.));
#1696=DIRECTION('',(0.,0.,-1.));
#1697=DIRECTION('',(0.,1.,0.));
#1698=DIRECTION('center_axis',(0.,0.,1.));
#1699=DIRECTION('ref_axis',(1.,0.,0.));
#1700=DIRECTION('',(-1.,0.,0.));
#1701=DIRECTION('',(1.,0.,0.));
#1702=DIRECTION('center_axis',(0.,1.,0.));
#1703=DIRECTION('ref_axis',(0.,0.,1.));
#1704=DIRECTION('center_axis',(0.,1.,0.));
#1705=DIRECTION('ref_axis',(1.,0.,0.));
#1706=DIRECTION('',(0.42394010604864,0.,0.905690226558434));
#1707=DIRECTION('',(-0.7954317200325,0.,-0.606043215262855));
#1708=DIRECTION('',(-0.231620527306035,0.,-0.972806214685368));
#1709=DIRECTION('',(-0.663614598558536,0.,-0.748074638375071));
#1710=DIRECTION('',(-0.42394010604864,0.,0.905690226558434));
#1711=DIRECTION('',(0.,0.,1.));
#1712=DIRECTION('center_axis',(0.,1.,0.));
#1713=DIRECTION('ref_axis',(0.,0.,1.));
#1714=DIRECTION('',(-0.663614598558536,0.,-0.748074638375071));
#1715=DIRECTION('',(-0.796162194123102,0.,-0.605083267533558));
#1716=DIRECTION('',(-0.971456878881321,0.,-0.237216214610556));
#1717=DIRECTION('',(-0.985096770841201,0.,0.172001023480208));
#1718=DIRECTION('',(-0.76928896282899,0.,0.638901003027462));
#1719=DIRECTION('',(-0.328011688970412,0.,0.944673664234786));
#1720=DIRECTION('',(0.,0.,1.));
#1721=DIRECTION('',(0.598730412679243,0.,0.800950618286136));
#1722=DIRECTION('center_axis',(0.605083267533558,0.,-0.796162194123102));
#1723=DIRECTION('ref_axis',(-0.796162194123102,0.,-0.605083267533558));
#1724=DIRECTION('',(0.,1.,0.));
#1725=DIRECTION('center_axis',(0.748074638375071,0.,-0.663614598558536));
#1726=DIRECTION('ref_axis',(-0.663614598558536,0.,-0.748074638375071));
#1727=DIRECTION('',(0.,1.,0.));
#1728=DIRECTION('center_axis',(0.972806214685368,0.,-0.231620527306035));
#1729=DIRECTION('ref_axis',(-0.231620527306035,0.,-0.972806214685368));
#1730=DIRECTION('',(0.,1.,0.));
#1731=DIRECTION('center_axis',(0.606043215262855,0.,-0.7954317200325));
#1732=DIRECTION('ref_axis',(-0.7954317200325,0.,-0.606043215262855));
#1733=DIRECTION('',(-0.7954317200325,0.,-0.606043215262855));
#1734=DIRECTION('',(0.,1.,0.));
#1735=DIRECTION('center_axis',(-0.905690226558434,0.,0.42394010604864));
#1736=DIRECTION('ref_axis',(0.42394010604864,0.,0.905690226558434));
#1737=DIRECTION('',(0.42394010604864,0.,0.905690226558434));
#1738=DIRECTION('',(0.,1.,0.));
#1739=DIRECTION('center_axis',(-1.,0.,0.));
#1740=DIRECTION('ref_axis',(0.,0.,1.));
#1741=DIRECTION('',(0.,1.,0.));
#1742=DIRECTION('center_axis',(-0.905690226558434,0.,-0.42394010604864));
#1743=DIRECTION('ref_axis',(-0.42394010604864,0.,0.905690226558434));
#1744=DIRECTION('',(-0.42394010604864,0.,0.905690226558434));
#1745=DIRECTION('',(0.,1.,0.));
#1746=DIRECTION('center_axis',(-0.488603368931844,0.,-0.87250601594972));
#1747=DIRECTION('ref_axis',(-0.87250601594972,0.,0.488603368931844));
#1748=DIRECTION('',(-0.87250601594972,0.,0.488603368931844));
#1749=DIRECTION('',(0.,1.,0.));
#1750=DIRECTION('center_axis',(-0.212429644331043,0.,-0.977176363922801));
#1751=DIRECTION('ref_axis',(-0.977176363922801,0.,0.212429644331043));
#1752=DIRECTION('',(-0.977176363922801,0.,0.212429644331043));
#1753=DIRECTION('',(0.,1.,0.));
#1754=DIRECTION('center_axis',(0.221621103588969,0.,-0.975132855791459));
#1755=DIRECTION('ref_axis',(-0.975132855791459,0.,-0.221621103588969));
#1756=DIRECTION('',(-0.975132855791459,0.,-0.221621103588969));
#1757=DIRECTION('',(0.,1.,0.));
#1758=DIRECTION('center_axis',(0.78086880944303,0.,-0.624695047554425));
#1759=DIRECTION('ref_axis',(-0.624695047554425,0.,-0.78086880944303));
#1760=DIRECTION('',(-0.624695047554425,0.,-0.78086880944303));
#1761=DIRECTION('',(0.,1.,0.));
#1762=DIRECTION('center_axis',(1.,0.,0.));
#1763=DIRECTION('ref_axis',(0.,0.,-1.));
#1764=DIRECTION('',(0.,0.,-1.));
#1765=DIRECTION('',(0.,1.,0.));
#1766=DIRECTION('center_axis',(0.795828694120858,0.,0.605521832483264));
#1767=DIRECTION('ref_axis',(0.605521832483264,0.,-0.795828694120858));
#1768=DIRECTION('',(0.605521832483264,0.,-0.795828694120858));
#1769=DIRECTION('',(0.,1.,0.));
#1770=DIRECTION('center_axis',(0.441118850072112,0.,0.897448694974291));
#1771=DIRECTION('ref_axis',(0.897448694974291,0.,-0.441118850072112));
#1772=DIRECTION('',(0.897448694974291,0.,-0.441118850072112));
#1773=DIRECTION('',(0.,1.,0.));
#1774=DIRECTION('center_axis',(-0.175790638483657,0.,0.984427575508482));
#1775=DIRECTION('ref_axis',(0.984427575508482,0.,0.175790638483657));
#1776=DIRECTION('',(0.984427575508482,0.,0.175790638483657));
#1777=DIRECTION('',(0.,1.,0.));
#1778=DIRECTION('center_axis',(0.654579474275505,0.,-0.755993195642133));
#1779=DIRECTION('ref_axis',(-0.755993195642133,0.,-0.654579474275505));
#1780=DIRECTION('',(-0.755993195642133,0.,-0.654579474275505));
#1781=DIRECTION('',(0.,1.,0.));
#1782=DIRECTION('center_axis',(0.938669759516729,0.,-0.344817462679614));
#1783=DIRECTION('ref_axis',(-0.344817462679614,0.,-0.938669759516729));
#1784=DIRECTION('',(-0.344817462679614,0.,-0.938669759516729));
#1785=DIRECTION('',(0.,1.,0.));
#1786=DIRECTION('center_axis',(0.966680717341648,0.,0.25598513769326));
#1787=DIRECTION('ref_axis',(0.25598513769326,0.,-0.966680717341648));
#1788=DIRECTION('',(0.25598513769326,0.,-0.966680717341648));
#1789=DIRECTION('',(0.,1.,0.));
#1790=DIRECTION('center_axis',(0.992876838486922,0.,0.119145220618428));
#1791=DIRECTION('ref_axis',(0.119145220618428,0.,-0.992876838486922));
#1792=DIRECTION('',(0.119145220618428,0.,-0.992876838486922));
#1793=DIRECTION('',(0.,1.,0.));
#1794=DIRECTION('center_axis',(1.,0.,0.));
#1795=DIRECTION('ref_axis',(0.,0.,-1.));
#1796=DIRECTION('',(0.,0.,-1.));
#1797=DIRECTION('',(0.,1.,0.));
#1798=DIRECTION('center_axis',(0.972202183859944,0.,-0.234142934332762));
#1799=DIRECTION('ref_axis',(-0.234142934332762,0.,-0.972202183859944));
#1800=DIRECTION('',(-0.234142934332762,0.,-0.972202183859944));
#1801=DIRECTION('',(0.,1.,0.));
#1802=DIRECTION('center_axis',(0.995495472593952,0.,0.0948090926280016));
#1803=DIRECTION('ref_axis',(0.0948090926280016,0.,-0.995495472593952));
#1804=DIRECTION('',(0.0948090926280016,0.,-0.995495472593952));
#1805=DIRECTION('',(0.,1.,0.));
#1806=DIRECTION('center_axis',(0.896744265686437,0.,0.442549118130964));
#1807=DIRECTION('ref_axis',(0.442549118130964,0.,-0.896744265686437));
#1808=DIRECTION('',(0.442549118130964,0.,-0.896744265686437));
#1809=DIRECTION('',(0.,1.,0.));
#1810=DIRECTION('center_axis',(0.773392104960212,0.,0.633927954885421));
#1811=DIRECTION('ref_axis',(0.633927954885421,0.,-0.773392104960212));
#1812=DIRECTION('',(0.633927954885421,0.,-0.773392104960212));
#1813=DIRECTION('',(0.,1.,0.));
#1814=DIRECTION('center_axis',(0.428584206872173,0.,0.90350184151431));
#1815=DIRECTION('ref_axis',(0.90350184151431,0.,-0.428584206872173));
#1816=DIRECTION('',(0.90350184151431,0.,-0.428584206872173));
#1817=DIRECTION('',(0.,1.,0.));
#1818=DIRECTION('center_axis',(0.144799180117185,0.,0.989461064134103));
#1819=DIRECTION('ref_axis',(0.989461064134103,0.,-0.144799180117185));
#1820=DIRECTION('',(0.989461064134103,0.,-0.144799180117185));
#1821=DIRECTION('',(0.,1.,0.));
#1822=DIRECTION('center_axis',(-0.141421356237309,0.,0.989949493661167));
#1823=DIRECTION('ref_axis',(0.989949493661167,0.,0.141421356237309));
#1824=DIRECTION('',(0.989949493661167,0.,0.141421356237309));
#1825=DIRECTION('',(0.,1.,0.));
#1826=DIRECTION('center_axis',(-0.484315883016805,0.,0.874893208030359));
#1827=DIRECTION('ref_axis',(0.874893208030359,0.,0.484315883016805));
#1828=DIRECTION('',(0.874893208030359,0.,0.484315883016805));
#1829=DIRECTION('',(0.,1.,0.));
#1830=DIRECTION('center_axis',(-0.677309474992616,0.,0.735698222836801));
#1831=DIRECTION('ref_axis',(0.735698222836801,0.,0.677309474992616));
#1832=DIRECTION('',(0.735698222836801,0.,0.677309474992616));
#1833=DIRECTION('',(0.,1.,0.));
#1834=DIRECTION('center_axis',(-0.900768681368889,0.,0.434299185660016));
#1835=DIRECTION('ref_axis',(0.434299185660016,0.,0.900768681368889));
#1836=DIRECTION('',(0.434299185660016,0.,0.900768681368889));
#1837=DIRECTION('',(0.,1.,0.));
#1838=DIRECTION('center_axis',(-0.986651596425476,0.,0.16284540911877));
#1839=DIRECTION('ref_axis',(0.16284540911877,0.,0.986651596425476));
#1840=DIRECTION('',(0.16284540911877,0.,0.986651596425476));
#1841=DIRECTION('',(0.,1.,0.));
#1842=DIRECTION('center_axis',(-0.993532672656404,0.,-0.113546591160735));
#1843=DIRECTION('ref_axis',(-0.113546591160735,0.,0.993532672656404));
#1844=DIRECTION('',(-0.113546591160735,0.,0.993532672656404));
#1845=DIRECTION('',(0.,1.,0.));
#1846=DIRECTION('center_axis',(-0.996448291857374,0.,0.0842068979034433));
#1847=DIRECTION('ref_axis',(0.0842068979034433,0.,0.996448291857374));
#1848=DIRECTION('',(0.0842068979034433,0.,0.996448291857374));
#1849=DIRECTION('',(0.,1.,0.));
#1850=DIRECTION('center_axis',(-0.974858506571866,0.,0.222824801502146));
#1851=DIRECTION('ref_axis',(0.222824801502146,0.,0.974858506571866));
#1852=DIRECTION('',(0.222824801502146,0.,0.974858506571866));
#1853=DIRECTION('',(0.,1.,0.));
#1854=DIRECTION('center_axis',(-0.928008798646951,0.,0.372558276829066));
#1855=DIRECTION('ref_axis',(0.372558276829066,0.,0.928008798646951));
#1856=DIRECTION('',(0.372558276829066,0.,0.928008798646951));
#1857=DIRECTION('',(0.,1.,0.));
#1858=DIRECTION('center_axis',(-0.880270556189942,0.,0.474472072839963));
#1859=DIRECTION('ref_axis',(0.474472072839963,0.,0.880270556189942));
#1860=DIRECTION('',(0.474472072839963,0.,0.880270556189942));
#1861=DIRECTION('',(0.,1.,0.));
#1862=DIRECTION('center_axis',(-0.800950618286136,0.,0.598730412679243));
#1863=DIRECTION('ref_axis',(0.598730412679243,0.,0.800950618286136));
#1864=DIRECTION('',(0.,1.,0.));
#1865=DIRECTION('center_axis',(-1.,0.,0.));
#1866=DIRECTION('ref_axis',(0.,0.,1.));
#1867=DIRECTION('',(0.,1.,0.));
#1868=DIRECTION('center_axis',(-0.944673664234786,0.,-0.328011688970412));
#1869=DIRECTION('ref_axis',(-0.328011688970412,0.,0.944673664234786));
#1870=DIRECTION('',(0.,1.,0.));
#1871=DIRECTION('center_axis',(-0.638901003027462,0.,-0.76928896282899));
#1872=DIRECTION('ref_axis',(-0.76928896282899,0.,0.638901003027462));
#1873=DIRECTION('',(0.,1.,0.));
#1874=DIRECTION('center_axis',(-0.172001023480208,0.,-0.985096770841201));
#1875=DIRECTION('ref_axis',(-0.985096770841201,0.,0.172001023480208));
#1876=DIRECTION('',(0.,1.,0.));
#1877=DIRECTION('center_axis',(0.237216214610556,0.,-0.971456878881321));
#1878=DIRECTION('ref_axis',(-0.971456878881321,0.,-0.237216214610556));
#1879=DIRECTION('center_axis',(0.,1.,0.));
#1880=DIRECTION('ref_axis',(0.,0.,1.));
#1881=DIRECTION('center_axis',(0.,-1.,0.));
#1882=DIRECTION('ref_axis',(1.,0.,0.));
#1883=DIRECTION('center_axis',(0.,-1.,0.));
#1884=DIRECTION('ref_axis',(0.,0.,-1.));
#1885=CARTESIAN_POINT('',(0.,0.,0.));
#1886=CARTESIAN_POINT('Origin',(-29.,-4.245,-0.5));
#1887=CARTESIAN_POINT('',(-29.4,-3.8,-0.5));
#1888=CARTESIAN_POINT('Origin',(-29.,-3.8,-0.5));
#1889=CARTESIAN_POINT('',(-29.4,-4.7,-0.5));
#1890=CARTESIAN_POINT('',(-29.4,-4.245,-0.5));
#1891=CARTESIAN_POINT('Origin',(-29.,-4.7,-0.5));
#1892=CARTESIAN_POINT('Origin',(-29.,-4.7,-0.5));
#1893=CARTESIAN_POINT('Origin',(-31.,-4.245,-0.5));
#1894=CARTESIAN_POINT('',(-31.4,-3.8,-0.5));
#1895=CARTESIAN_POINT('Origin',(-31.,-3.8,-0.5));
#1896=CARTESIAN_POINT('',(-31.4,-4.7,-0.5));
#1897=CARTESIAN_POINT('',(-31.4,-4.245,-0.5));
#1898=CARTESIAN_POINT('Origin',(-31.,-4.7,-0.5));
#1899=CARTESIAN_POINT('Origin',(-31.,-4.7,-0.5));
#1900=CARTESIAN_POINT('Origin',(-34.,-4.245,-0.5));
#1901=CARTESIAN_POINT('',(-34.4,-3.8,-0.5));
#1902=CARTESIAN_POINT('Origin',(-34.,-3.8,-0.5));
#1903=CARTESIAN_POINT('',(-34.4,-4.7,-0.5));
#1904=CARTESIAN_POINT('',(-34.4,-4.245,-0.5));
#1905=CARTESIAN_POINT('Origin',(-34.,-4.7,-0.5));
#1906=CARTESIAN_POINT('Origin',(-34.,-4.7,-0.5));
#1907=CARTESIAN_POINT('Origin',(-37.,-4.245,-0.5));
#1908=CARTESIAN_POINT('',(-37.4,-3.8,-0.5));
#1909=CARTESIAN_POINT('Origin',(-37.,-3.8,-0.5));
#1910=CARTESIAN_POINT('',(-37.4,-4.7,-0.5));
#1911=CARTESIAN_POINT('',(-37.4,-4.245,-0.5));
#1912=CARTESIAN_POINT('Origin',(-37.,-4.7,-0.5));
#1913=CARTESIAN_POINT('Origin',(-37.,-4.7,-0.5));
#1914=CARTESIAN_POINT('Origin',(-29.36,-4.85,-0.802));
#1915=CARTESIAN_POINT('',(-28.425,-4.85,-0.84));
#1916=CARTESIAN_POINT('',(-28.5229004371772,-4.85,-1.25118183614416));
#1917=CARTESIAN_POINT('',(-28.4457993562232,-4.85,-0.927357296137337));
#1918=CARTESIAN_POINT('',(-28.410379814435,-4.85,-0.828860810998089));
#1919=CARTESIAN_POINT('',(-28.4491334289814,-4.85,-0.858387374461981));
#1920=CARTESIAN_POINT('Origin',(-29.36,-4.85,-0.802));
#1921=CARTESIAN_POINT('Origin',(-29.36,-4.85,-0.802));
#1922=CARTESIAN_POINT('',(-29.2094808982222,-4.85,-1.74));
#1923=CARTESIAN_POINT('',(-29.5105191017778,-4.85,-1.74));
#1924=CARTESIAN_POINT('',(-29.27,-4.85,-1.74));
#1925=CARTESIAN_POINT('Origin',(-29.36,-4.85,-0.802));
#1926=CARTESIAN_POINT('Origin',(-29.36,-4.85,-0.802));
#1927=CARTESIAN_POINT('',(-28.8021475147893,-4.85,-1.57096073030047));
#1928=CARTESIAN_POINT('',(-29.1585126121582,-4.85,-1.73038722122867));
#1929=CARTESIAN_POINT('',(-28.8901650317369,-4.85,-1.61033698788229));
#1930=CARTESIAN_POINT('Origin',(-29.36,-4.85,-0.802));
#1931=CARTESIAN_POINT('Origin',(-29.36,-4.85,-0.802));
#1932=CARTESIAN_POINT('',(-28.5322286187402,-4.85,-1.26814862476163));
#1933=CARTESIAN_POINT('',(-28.7984803636445,-4.85,-1.56828695538105));
#1934=CARTESIAN_POINT('',(-28.5951772455962,-4.85,-1.33910889503567));
#1935=CARTESIAN_POINT('Origin',(-29.36,-4.85,-0.802));
#1936=CARTESIAN_POINT('Origin',(-29.36,-5.975,-0.802));
#1937=CARTESIAN_POINT('',(-28.7984803636445,-5.8,-1.56828695538105));
#1938=CARTESIAN_POINT('',(-28.7984803636445,-5.975,-1.56828695538105));
#1939=CARTESIAN_POINT('',(-28.5322286187401,-5.8,-1.26814862476163));
#1940=CARTESIAN_POINT('',(-28.5322286187402,-5.975,-1.26814862476163));
#1941=CARTESIAN_POINT('',(-28.5229004371772,-5.8,-1.25118183614416));
#1942=CARTESIAN_POINT('Origin',(-29.36,-5.8,-0.802));
#1943=CARTESIAN_POINT('',(-28.5229004371772,-5.975,-1.25118183614416));
#1944=CARTESIAN_POINT('',(-28.410379814435,-5.8,-0.828860810998089));
#1945=CARTESIAN_POINT('',(-28.410379814435,-5.975,-0.828860810998089));
#1946=CARTESIAN_POINT('',(-30.31,-5.8,-0.802));
#1947=CARTESIAN_POINT('Origin',(-29.36,-5.8,-0.802));
#1948=CARTESIAN_POINT('',(-30.31,-7.1,-0.802));
#1949=CARTESIAN_POINT('',(-30.31,-5.975,-0.802));
#1950=CARTESIAN_POINT('Origin',(-29.36,-7.1,-0.802));
#1951=CARTESIAN_POINT('',(-29.5105191017778,-5.8,-1.74));
#1952=CARTESIAN_POINT('Origin',(-29.36,-5.8,-0.802));
#1953=CARTESIAN_POINT('',(-29.5105191017778,-5.975,-1.74));
#1954=CARTESIAN_POINT('',(-29.2094808982222,-5.8,-1.74));
#1955=CARTESIAN_POINT('',(-29.2094808982222,-5.975,-1.74));
#1956=CARTESIAN_POINT('',(-29.1585126121582,-5.8,-1.73038722122867));
#1957=CARTESIAN_POINT('Origin',(-29.36,-5.8,-0.802));
#1958=CARTESIAN_POINT('',(-29.1585126121582,-5.975,-1.73038722122867));
#1959=CARTESIAN_POINT('',(-28.8021475147893,-5.8,-1.57096073030047));
#1960=CARTESIAN_POINT('',(-28.8021475147893,-5.975,-1.57096073030047));
#1961=CARTESIAN_POINT('Origin',(-29.36,-5.8,-0.802));
#1962=CARTESIAN_POINT('Origin',(-29.36,-7.1,-0.802));
#1963=CARTESIAN_POINT('Origin',(-28.8,-5.8,-1.57));
#1964=CARTESIAN_POINT('',(-29.18,-5.8,-1.74));
#1965=CARTESIAN_POINT('',(-28.8,-5.8,-1.57));
#1966=CARTESIAN_POINT('',(-29.18,-4.8,-1.74));
#1967=CARTESIAN_POINT('',(-29.18,-5.8,-1.74));
#1968=CARTESIAN_POINT('',(-28.8,-4.8,-1.57));
#1969=CARTESIAN_POINT('',(-28.8,-4.8,-1.57));
#1970=CARTESIAN_POINT('',(-28.8,-5.8,-1.57));
#1971=CARTESIAN_POINT('',(-28.8,-5.8,-1.57));
#1972=CARTESIAN_POINT('',(-28.8,-5.8,-1.57));
#1973=CARTESIAN_POINT('Origin',(-29.18,-5.8,-1.74));
#1974=CARTESIAN_POINT('',(-29.56,-5.8,-1.74));
#1975=CARTESIAN_POINT('',(-29.18,-5.8,-1.74));
#1976=CARTESIAN_POINT('',(-29.56,-4.8,-1.74));
#1977=CARTESIAN_POINT('',(-29.56,-5.8,-1.74));
#1978=CARTESIAN_POINT('',(-29.18,-4.8,-1.74));
#1979=CARTESIAN_POINT('',(-29.18,-5.8,-1.74));
#1980=CARTESIAN_POINT('Origin',(-29.5,-5.8,1.6225));
#1981=CARTESIAN_POINT('Origin',(-29.5,-5.8,1.6225));
#1982=CARTESIAN_POINT('',(-27.9,-5.8,-0.44));
#1983=CARTESIAN_POINT('',(-27.9,-5.8,-0.44));
#1984=CARTESIAN_POINT('',(-28.01,-5.8,-0.675));
#1985=CARTESIAN_POINT('',(-28.01,-5.8,-0.675));
#1986=CARTESIAN_POINT('',(-28.01,-5.8,-0.925));
#1987=CARTESIAN_POINT('',(-28.01,-5.8,-0.925));
#1988=CARTESIAN_POINT('',(-27.9,-5.8,-1.16));
#1989=CARTESIAN_POINT('',(-27.9,-5.8,-1.16));
#1990=CARTESIAN_POINT('',(-27.65,-5.8,-1.3));
#1991=CARTESIAN_POINT('',(-27.65,-5.8,-1.3));
#1992=CARTESIAN_POINT('',(-27.42,-5.8,-1.35));
#1993=CARTESIAN_POINT('',(-27.42,-5.8,-1.35));
#1994=CARTESIAN_POINT('',(-27.2,-5.8,-1.3));
#1995=CARTESIAN_POINT('',(-27.2,-5.8,-1.3));
#1996=CARTESIAN_POINT('',(-26.9,-5.8,-0.925));
#1997=CARTESIAN_POINT('',(-26.9,-5.8,-0.925));
#1998=CARTESIAN_POINT('',(-26.9,-5.8,-0.61));
#1999=CARTESIAN_POINT('',(-26.9,-5.8,-0.61));
#2000=CARTESIAN_POINT('',(-27.075,-5.8,-0.38));
#2001=CARTESIAN_POINT('',(-27.075,-5.8,-0.38));
#2002=CARTESIAN_POINT('',(-27.37,-5.8,-0.235));
#2003=CARTESIAN_POINT('',(-27.37,-5.8,-0.235));
#2004=CARTESIAN_POINT('',(-27.65,-5.8,-0.285));
#2005=CARTESIAN_POINT('',(-27.65,-5.8,-0.285));
#2006=CARTESIAN_POINT('',(-27.24,-5.8,0.07));
#2007=CARTESIAN_POINT('',(-27.24,-5.8,0.07));
#2008=CARTESIAN_POINT('',(-27.15,-5.8,0.315));
#2009=CARTESIAN_POINT('',(-27.15,-5.8,0.315));
#2010=CARTESIAN_POINT('',(-27.53,-5.8,1.75));
#2011=CARTESIAN_POINT('',(-27.53,-5.8,1.75));
#2012=CARTESIAN_POINT('',(-27.65,-5.8,2.75));
#2013=CARTESIAN_POINT('',(-27.65,-5.8,2.75));
#2014=CARTESIAN_POINT('',(-27.65,-5.8,3.825));
#2015=CARTESIAN_POINT('',(-27.65,-5.8,3.825));
#2016=CARTESIAN_POINT('',(-27.42,-5.8,4.78));
#2017=CARTESIAN_POINT('',(-27.42,-5.8,4.78));
#2018=CARTESIAN_POINT('',(-27.46,-5.8,5.2));
#2019=CARTESIAN_POINT('',(-27.46,-5.8,5.2));
#2020=CARTESIAN_POINT('',(-27.65,-5.8,5.585));
#2021=CARTESIAN_POINT('',(-27.65,-5.8,5.585));
#2022=CARTESIAN_POINT('',(-27.9,-5.8,5.89));
#2023=CARTESIAN_POINT('',(-27.9,-5.8,5.89));
#2024=CARTESIAN_POINT('',(-28.29,-5.8,6.075));
#2025=CARTESIAN_POINT('',(-28.29,-5.8,6.075));
#2026=CARTESIAN_POINT('',(-28.7,-5.8,6.135));
#2027=CARTESIAN_POINT('',(-28.7,-5.8,6.135));
#2028=CARTESIAN_POINT('',(-29.12,-5.8,6.075));
#2029=CARTESIAN_POINT('',(-29.12,-5.8,6.075));
#2030=CARTESIAN_POINT('',(-29.4,-5.8,5.92));
#2031=CARTESIAN_POINT('',(-29.4,-5.8,5.92));
#2032=CARTESIAN_POINT('',(-29.715,-5.8,5.63));
#2033=CARTESIAN_POINT('',(-29.715,-5.8,5.63));
#2034=CARTESIAN_POINT('',(-29.85,-5.8,5.35));
#2035=CARTESIAN_POINT('',(-29.85,-5.8,5.35));
#2036=CARTESIAN_POINT('',(-29.935,-5.8,4.835));
#2037=CARTESIAN_POINT('',(-29.935,-5.8,4.835));
#2038=CARTESIAN_POINT('',(-29.715,-5.8,2.91));
#2039=CARTESIAN_POINT('',(-29.715,-5.8,2.91));
#2040=CARTESIAN_POINT('',(-29.775,-5.8,2.2));
#2041=CARTESIAN_POINT('',(-29.775,-5.8,2.2));
#2042=CARTESIAN_POINT('',(-29.935,-5.8,1.5));
#2043=CARTESIAN_POINT('',(-29.935,-5.8,1.5));
#2044=CARTESIAN_POINT('',(-30.21,-5.8,0.815));
#2045=CARTESIAN_POINT('',(-30.21,-5.8,0.815));
#2046=CARTESIAN_POINT('',(-30.59,-5.8,0.11));
#2047=CARTESIAN_POINT('',(-30.59,-5.8,0.11));
#2048=CARTESIAN_POINT('',(-32.1,-5.8,-1.91));
#2049=CARTESIAN_POINT('',(-32.1,-5.8,-1.91));
#2050=CARTESIAN_POINT('',(-32.1,-5.8,-2.23));
#2051=CARTESIAN_POINT('',(-32.1,-5.8,-2.23));
#2052=CARTESIAN_POINT('',(-31.975,-5.8,-2.59));
#2053=CARTESIAN_POINT('',(-31.975,-5.8,-2.59));
#2054=CARTESIAN_POINT('',(-31.68,-5.8,-2.835));
#2055=CARTESIAN_POINT('',(-31.68,-5.8,-2.835));
#2056=CARTESIAN_POINT('',(-31.365,-5.8,-2.89));
#2057=CARTESIAN_POINT('',(-31.365,-5.8,-2.89));
#2058=CARTESIAN_POINT('',(-30.935,-5.8,-2.785));
#2059=CARTESIAN_POINT('',(-30.935,-5.8,-2.785));
#2060=CARTESIAN_POINT('',(-29.56,-5.8,-1.74));
#2061=CARTESIAN_POINT('',(-28.68,-5.8,6.0545));
#2062=CARTESIAN_POINT('Origin',(-28.68,-5.8,4.8875));
#2063=CARTESIAN_POINT('Origin',(-29.5,-5.8,1.6225));
#2064=CARTESIAN_POINT('',(-28.525,-5.8,-1.26));
#2065=CARTESIAN_POINT('',(-28.525,-5.8,-1.26));
#2066=CARTESIAN_POINT('',(-28.425,-5.8,-0.84));
#2067=CARTESIAN_POINT('Origin',(-29.5,-5.8,1.6225));
#2068=CARTESIAN_POINT('',(-28.525,-5.8,-1.26));
#2069=CARTESIAN_POINT('Origin',(-33.3,-4.8,-0.5));
#2070=CARTESIAN_POINT('',(-31.6440099009901,-4.8,-1.3));
#2071=CARTESIAN_POINT('',(-30.59,-4.8,0.11));
#2072=CARTESIAN_POINT('',(-32.1,-4.8,-1.91));
#2073=CARTESIAN_POINT('',(-30.4875886524823,-4.8,0.3));
#2074=CARTESIAN_POINT('',(-30.59,-4.8,0.11));
#2075=CARTESIAN_POINT('',(-38.6,-4.8,0.3));
#2076=CARTESIAN_POINT('',(-38.6,-4.8,0.3));
#2077=CARTESIAN_POINT('',(-38.6,-4.8,-1.3));
#2078=CARTESIAN_POINT('',(-38.6,-4.8,-1.3));
#2079=CARTESIAN_POINT('',(-28.,-4.8,-1.3));
#2080=CARTESIAN_POINT('Origin',(-38.6,-4.8,-1.3));
#2081=CARTESIAN_POINT('',(-38.6,-3.8,0.3));
#2082=CARTESIAN_POINT('',(-38.6,-4.8,0.3));
#2083=CARTESIAN_POINT('',(-38.6,-3.8,-1.3));
#2084=CARTESIAN_POINT('',(-38.6,-3.8,-1.3));
#2085=CARTESIAN_POINT('',(-38.6,-4.8,-1.3));
#2086=CARTESIAN_POINT('Origin',(-28.,-4.8,-1.3));
#2087=CARTESIAN_POINT('',(-28.,-4.8,-1.3));
#2088=CARTESIAN_POINT('',(-28.5604838709677,-4.8,-1.3));
#2089=CARTESIAN_POINT('',(-28.,-4.8,-1.3));
#2090=CARTESIAN_POINT('',(-28.75,-4.8,-1.3));
#2091=CARTESIAN_POINT('',(-28.,-3.8,-1.3));
#2092=CARTESIAN_POINT('',(-28.,-3.8,-1.3));
#2093=CARTESIAN_POINT('',(-28.,-4.8,-1.3));
#2094=CARTESIAN_POINT('Origin',(-28.,-4.8,0.3));
#2095=CARTESIAN_POINT('',(-28.,-4.8,-0.516190476190477));
#2096=CARTESIAN_POINT('',(-28.,-4.8,0.3));
#2097=CARTESIAN_POINT('',(-28.,-4.8,0.96125));
#2098=CARTESIAN_POINT('',(-28.,-4.8,-0.653636363636361));
#2099=CARTESIAN_POINT('',(-28.,-4.8,0.3));
#2100=CARTESIAN_POINT('',(-28.,-4.8,-0.946363636363639));
#2101=CARTESIAN_POINT('',(-28.,-4.8,0.96125));
#2102=CARTESIAN_POINT('',(-28.,-4.8,0.3));
#2103=CARTESIAN_POINT('',(-28.,-3.8,0.3));
#2104=CARTESIAN_POINT('',(-28.,-3.8,0.3));
#2105=CARTESIAN_POINT('',(-28.,-4.8,0.3));
#2106=CARTESIAN_POINT('Origin',(-38.6,-4.8,0.3));
#2107=CARTESIAN_POINT('',(-34.05,-4.8,0.3));
#2108=CARTESIAN_POINT('',(-38.6,-3.8,0.3));
#2109=CARTESIAN_POINT('Origin',(-33.3,-3.8,-0.5));
#2110=CARTESIAN_POINT('Origin',(-33.3,-4.8,-0.5));
#2111=CARTESIAN_POINT('',(-28.01,-4.8,-0.675));
#2112=CARTESIAN_POINT('',(-28.01,-4.8,-0.675));
#2113=CARTESIAN_POINT('',(-28.425,-4.8,-0.84));
#2114=CARTESIAN_POINT('',(-27.9,-4.8,-0.44));
#2115=CARTESIAN_POINT('',(-28.525,-4.8,-1.26));
#2116=CARTESIAN_POINT('',(-28.425,-4.8,-0.84));
#2117=CARTESIAN_POINT('',(-28.525,-4.8,-1.26));
#2118=CARTESIAN_POINT('',(-28.01,-4.8,-0.925));
#2119=CARTESIAN_POINT('',(-27.9,-4.8,-1.16));
#2120=CARTESIAN_POINT('',(-28.01,-4.8,-0.925));
#2121=CARTESIAN_POINT('Origin',(-29.5,-4.8,1.6225));
#2122=CARTESIAN_POINT('',(-28.525,-4.8,-1.26));
#2123=CARTESIAN_POINT('',(-30.935,-4.8,-2.785));
#2124=CARTESIAN_POINT('',(-29.56,-4.8,-1.74));
#2125=CARTESIAN_POINT('',(-31.365,-4.8,-2.89));
#2126=CARTESIAN_POINT('',(-30.935,-4.8,-2.785));
#2127=CARTESIAN_POINT('',(-31.68,-4.8,-2.835));
#2128=CARTESIAN_POINT('',(-31.365,-4.8,-2.89));
#2129=CARTESIAN_POINT('',(-31.975,-4.8,-2.59));
#2130=CARTESIAN_POINT('',(-31.68,-4.8,-2.835));
#2131=CARTESIAN_POINT('',(-32.1,-4.8,-2.23));
#2132=CARTESIAN_POINT('',(-31.975,-4.8,-2.59));
#2133=CARTESIAN_POINT('',(-32.1,-4.8,-1.91));
#2134=CARTESIAN_POINT('',(-32.1,-4.8,-2.23));
#2135=CARTESIAN_POINT('',(-32.1,-4.8,-1.91));
#2136=CARTESIAN_POINT('Origin',(-29.56,-5.8,-1.74));
#2137=CARTESIAN_POINT('',(-30.935,-5.8,-2.785));
#2138=CARTESIAN_POINT('Origin',(-28.525,-5.8,-1.26));
#2139=CARTESIAN_POINT('',(-28.525,-5.8,-1.26));
#2140=CARTESIAN_POINT('Origin',(-28.425,-5.8,-0.84));
#2141=CARTESIAN_POINT('',(-28.425,-5.8,-0.84));
#2142=CARTESIAN_POINT('Origin',(-27.9,-5.8,-0.44));
#2143=CARTESIAN_POINT('',(-27.9,-4.8,-0.44));
#2144=CARTESIAN_POINT('',(-27.9,-4.8,-0.44));
#2145=CARTESIAN_POINT('',(-27.9,-5.8,-0.44));
#2146=CARTESIAN_POINT('Origin',(-28.01,-5.8,-0.675));
#2147=CARTESIAN_POINT('',(-28.01,-4.8,-0.675));
#2148=CARTESIAN_POINT('',(-28.01,-5.8,-0.675));
#2149=CARTESIAN_POINT('Origin',(-28.01,-5.8,-0.925));
#2150=CARTESIAN_POINT('',(-28.01,-5.8,-0.925));
#2151=CARTESIAN_POINT('Origin',(-27.9,-5.8,-1.16));
#2152=CARTESIAN_POINT('',(-27.9,-4.8,-1.16));
#2153=CARTESIAN_POINT('',(-27.9,-4.8,-1.16));
#2154=CARTESIAN_POINT('',(-27.9,-5.8,-1.16));
#2155=CARTESIAN_POINT('Origin',(-27.65,-5.8,-1.3));
#2156=CARTESIAN_POINT('',(-27.65,-4.8,-1.3));
#2157=CARTESIAN_POINT('',(-27.65,-4.8,-1.3));
#2158=CARTESIAN_POINT('',(-27.65,-5.8,-1.3));
#2159=CARTESIAN_POINT('Origin',(-27.42,-5.8,-1.35));
#2160=CARTESIAN_POINT('',(-27.42,-4.8,-1.35));
#2161=CARTESIAN_POINT('',(-27.42,-4.8,-1.35));
#2162=CARTESIAN_POINT('',(-27.42,-5.8,-1.35));
#2163=CARTESIAN_POINT('Origin',(-27.2,-5.8,-1.3));
#2164=CARTESIAN_POINT('',(-27.2,-4.8,-1.3));
#2165=CARTESIAN_POINT('',(-27.2,-4.8,-1.3));
#2166=CARTESIAN_POINT('',(-27.2,-5.8,-1.3));
#2167=CARTESIAN_POINT('Origin',(-26.9,-5.8,-0.925));
#2168=CARTESIAN_POINT('',(-26.9,-4.8,-0.925));
#2169=CARTESIAN_POINT('',(-26.9,-4.8,-0.925));
#2170=CARTESIAN_POINT('',(-26.9,-5.8,-0.925));
#2171=CARTESIAN_POINT('Origin',(-26.9,-5.8,-0.61));
#2172=CARTESIAN_POINT('',(-26.9,-4.8,-0.61));
#2173=CARTESIAN_POINT('',(-26.9,-4.8,-0.61));
#2174=CARTESIAN_POINT('',(-26.9,-5.8,-0.61));
#2175=CARTESIAN_POINT('Origin',(-27.075,-5.8,-0.38));
#2176=CARTESIAN_POINT('',(-27.075,-4.8,-0.38));
#2177=CARTESIAN_POINT('',(-27.075,-4.8,-0.38));
#2178=CARTESIAN_POINT('',(-27.075,-5.8,-0.38));
#2179=CARTESIAN_POINT('Origin',(-27.37,-5.8,-0.235));
#2180=CARTESIAN_POINT('',(-27.37,-4.8,-0.235));
#2181=CARTESIAN_POINT('',(-27.37,-4.8,-0.235));
#2182=CARTESIAN_POINT('',(-27.37,-5.8,-0.235));
#2183=CARTESIAN_POINT('Origin',(-27.65,-5.8,-0.285));
#2184=CARTESIAN_POINT('',(-27.65,-4.8,-0.285));
#2185=CARTESIAN_POINT('',(-27.65,-4.8,-0.285));
#2186=CARTESIAN_POINT('',(-27.65,-5.8,-0.285));
#2187=CARTESIAN_POINT('Origin',(-27.24,-5.8,0.07));
#2188=CARTESIAN_POINT('',(-27.24,-4.8,0.0699999999999998));
#2189=CARTESIAN_POINT('',(-27.24,-4.8,0.07));
#2190=CARTESIAN_POINT('',(-27.24,-5.8,0.07));
#2191=CARTESIAN_POINT('Origin',(-27.15,-5.8,0.315));
#2192=CARTESIAN_POINT('',(-27.15,-4.8,0.315));
#2193=CARTESIAN_POINT('',(-27.15,-4.8,0.315));
#2194=CARTESIAN_POINT('',(-27.15,-5.8,0.315));
#2195=CARTESIAN_POINT('Origin',(-27.53,-5.8,1.75));
#2196=CARTESIAN_POINT('',(-27.53,-4.8,1.75));
#2197=CARTESIAN_POINT('',(-27.53,-4.8,1.75));
#2198=CARTESIAN_POINT('',(-27.53,-5.8,1.75));
#2199=CARTESIAN_POINT('Origin',(-27.65,-5.8,2.75));
#2200=CARTESIAN_POINT('',(-27.65,-4.8,2.75));
#2201=CARTESIAN_POINT('',(-27.65,-4.8,2.75));
#2202=CARTESIAN_POINT('',(-27.65,-5.8,2.75));
#2203=CARTESIAN_POINT('Origin',(-27.65,-5.8,3.825));
#2204=CARTESIAN_POINT('',(-27.65,-4.8,3.825));
#2205=CARTESIAN_POINT('',(-27.65,-4.8,3.825));
#2206=CARTESIAN_POINT('',(-27.65,-5.8,3.825));
#2207=CARTESIAN_POINT('Origin',(-27.42,-5.8,4.78));
#2208=CARTESIAN_POINT('',(-27.42,-4.8,4.78));
#2209=CARTESIAN_POINT('',(-27.42,-4.8,4.78));
#2210=CARTESIAN_POINT('',(-27.42,-5.8,4.78));
#2211=CARTESIAN_POINT('Origin',(-27.46,-5.8,5.2));
#2212=CARTESIAN_POINT('',(-27.46,-4.8,5.2));
#2213=CARTESIAN_POINT('',(-27.46,-4.8,5.2));
#2214=CARTESIAN_POINT('',(-27.46,-5.8,5.2));
#2215=CARTESIAN_POINT('Origin',(-27.65,-5.8,5.585));
#2216=CARTESIAN_POINT('',(-27.65,-4.8,5.585));
#2217=CARTESIAN_POINT('',(-27.65,-4.8,5.585));
#2218=CARTESIAN_POINT('',(-27.65,-5.8,5.585));
#2219=CARTESIAN_POINT('Origin',(-27.9,-5.8,5.89));
#2220=CARTESIAN_POINT('',(-27.9,-4.8,5.89));
#2221=CARTESIAN_POINT('',(-27.9,-4.8,5.89));
#2222=CARTESIAN_POINT('',(-27.9,-5.8,5.89));
#2223=CARTESIAN_POINT('Origin',(-28.29,-5.8,6.075));
#2224=CARTESIAN_POINT('',(-28.29,-4.8,6.075));
#2225=CARTESIAN_POINT('',(-28.29,-4.8,6.075));
#2226=CARTESIAN_POINT('',(-28.29,-5.8,6.075));
#2227=CARTESIAN_POINT('Origin',(-28.7,-5.8,6.135));
#2228=CARTESIAN_POINT('',(-28.7,-4.8,6.135));
#2229=CARTESIAN_POINT('',(-28.7,-4.8,6.135));
#2230=CARTESIAN_POINT('',(-28.7,-5.8,6.135));
#2231=CARTESIAN_POINT('Origin',(-29.12,-5.8,6.075));
#2232=CARTESIAN_POINT('',(-29.12,-4.8,6.075));
#2233=CARTESIAN_POINT('',(-29.12,-4.8,6.075));
#2234=CARTESIAN_POINT('',(-29.12,-5.8,6.075));
#2235=CARTESIAN_POINT('Origin',(-29.4,-5.8,5.92));
#2236=CARTESIAN_POINT('',(-29.4,-4.8,5.92));
#2237=CARTESIAN_POINT('',(-29.4,-4.8,5.92));
#2238=CARTESIAN_POINT('',(-29.4,-5.8,5.92));
#2239=CARTESIAN_POINT('Origin',(-29.715,-5.8,5.63));
#2240=CARTESIAN_POINT('',(-29.715,-4.8,5.63));
#2241=CARTESIAN_POINT('',(-29.715,-4.8,5.63));
#2242=CARTESIAN_POINT('',(-29.715,-5.8,5.63));
#2243=CARTESIAN_POINT('Origin',(-29.85,-5.8,5.35));
#2244=CARTESIAN_POINT('',(-29.85,-4.8,5.35));
#2245=CARTESIAN_POINT('',(-29.85,-4.8,5.35));
#2246=CARTESIAN_POINT('',(-29.85,-5.8,5.35));
#2247=CARTESIAN_POINT('Origin',(-29.935,-5.8,4.835));
#2248=CARTESIAN_POINT('',(-29.935,-4.8,4.835));
#2249=CARTESIAN_POINT('',(-29.935,-4.8,4.835));
#2250=CARTESIAN_POINT('',(-29.935,-5.8,4.835));
#2251=CARTESIAN_POINT('Origin',(-29.715,-5.8,2.91));
#2252=CARTESIAN_POINT('',(-29.715,-4.8,2.91));
#2253=CARTESIAN_POINT('',(-29.715,-4.8,2.91));
#2254=CARTESIAN_POINT('',(-29.715,-5.8,2.91));
#2255=CARTESIAN_POINT('Origin',(-29.775,-5.8,2.2));
#2256=CARTESIAN_POINT('',(-29.775,-4.8,2.2));
#2257=CARTESIAN_POINT('',(-29.775,-4.8,2.2));
#2258=CARTESIAN_POINT('',(-29.775,-5.8,2.2));
#2259=CARTESIAN_POINT('Origin',(-29.935,-5.8,1.5));
#2260=CARTESIAN_POINT('',(-29.935,-4.8,1.5));
#2261=CARTESIAN_POINT('',(-29.935,-4.8,1.5));
#2262=CARTESIAN_POINT('',(-29.935,-5.8,1.5));
#2263=CARTESIAN_POINT('Origin',(-30.21,-5.8,0.815));
#2264=CARTESIAN_POINT('',(-30.21,-4.8,0.815));
#2265=CARTESIAN_POINT('',(-30.21,-4.8,0.815));
#2266=CARTESIAN_POINT('',(-30.21,-5.8,0.815));
#2267=CARTESIAN_POINT('Origin',(-30.59,-5.8,0.11));
#2268=CARTESIAN_POINT('',(-30.59,-4.8,0.11));
#2269=CARTESIAN_POINT('',(-30.59,-5.8,0.11));
#2270=CARTESIAN_POINT('Origin',(-32.1,-5.8,-1.91));
#2271=CARTESIAN_POINT('',(-32.1,-5.8,-1.91));
#2272=CARTESIAN_POINT('Origin',(-32.1,-5.8,-2.23));
#2273=CARTESIAN_POINT('',(-32.1,-5.8,-2.23));
#2274=CARTESIAN_POINT('Origin',(-31.975,-5.8,-2.59));
#2275=CARTESIAN_POINT('',(-31.975,-5.8,-2.59));
#2276=CARTESIAN_POINT('Origin',(-31.68,-5.8,-2.835));
#2277=CARTESIAN_POINT('',(-31.68,-5.8,-2.835));
#2278=CARTESIAN_POINT('Origin',(-31.365,-5.8,-2.89));
#2279=CARTESIAN_POINT('',(-31.365,-5.8,-2.89));
#2280=CARTESIAN_POINT('Origin',(-30.935,-5.8,-2.785));
#2281=CARTESIAN_POINT('Origin',(-29.5,-4.8,1.6225));
#2282=CARTESIAN_POINT('Ctrl Pts',(-28.68,-17.145,5.8845));
#2283=CARTESIAN_POINT('Ctrl Pts',(-29.677,-17.145,5.8845));
#2284=CARTESIAN_POINT('Ctrl Pts',(-29.677,-17.145,4.8875));
#2285=CARTESIAN_POINT('Ctrl Pts',(-29.677,-17.145,3.8905));
#2286=CARTESIAN_POINT('Ctrl Pts',(-28.68,-17.145,3.8905));
#2287=CARTESIAN_POINT('Ctrl Pts',(-27.683,-17.145,3.8905));
#2288=CARTESIAN_POINT('Ctrl Pts',(-27.683,-17.145,4.8875));
#2289=CARTESIAN_POINT('Ctrl Pts',(-27.683,-17.145,5.8845));
#2290=CARTESIAN_POINT('Ctrl Pts',(-28.68,-17.145,5.8845));
#2291=CARTESIAN_POINT('Ctrl Pts',(-28.68,-17.1379258178671,5.88841913667911));
#2292=CARTESIAN_POINT('Ctrl Pts',(-29.6809191366791,-17.1379258178671,5.88841913667911));
#2293=CARTESIAN_POINT('Ctrl Pts',(-29.6809191366791,-17.1379258178671,4.8875));
#2294=CARTESIAN_POINT('Ctrl Pts',(-29.6809191366791,-17.1379258178671,3.88658086332089));
#2295=CARTESIAN_POINT('Ctrl Pts',(-28.68,-17.1379258178671,3.88658086332089));
#2296=CARTESIAN_POINT('Ctrl Pts',(-27.6790808633209,-17.1379258178671,3.88658086332089));
#2297=CARTESIAN_POINT('Ctrl Pts',(-27.6790808633209,-17.1379258178671,4.8875));
#2298=CARTESIAN_POINT('Ctrl Pts',(-27.6790808633209,-17.1379258178671,5.88841913667911));
#2299=CARTESIAN_POINT('Ctrl Pts',(-28.68,-17.1379258178671,5.88841913667911));
#2300=CARTESIAN_POINT('Ctrl Pts',(-28.68,-17.1233550383744,5.89439953016842));
#2301=CARTESIAN_POINT('Ctrl Pts',(-29.6868995301684,-17.1233550383744,5.89439953016842));
#2302=CARTESIAN_POINT('Ctrl Pts',(-29.6868995301684,-17.1233550383744,4.8875));
#2303=CARTESIAN_POINT('Ctrl Pts',(-29.6868995301684,-17.1233550383744,3.88060046983158));
#2304=CARTESIAN_POINT('Ctrl Pts',(-28.68,-17.1233550383744,3.88060046983158));
#2305=CARTESIAN_POINT('Ctrl Pts',(-27.6731004698316,-17.1233550383744,3.88060046983158));
#2306=CARTESIAN_POINT('Ctrl Pts',(-27.6731004698316,-17.1233550383744,4.8875));
#2307=CARTESIAN_POINT('Ctrl Pts',(-27.6731004698316,-17.1233550383744,5.89439953016842));
#2308=CARTESIAN_POINT('Ctrl Pts',(-28.68,-17.1233550383744,5.89439953016842));
#2309=CARTESIAN_POINT('Ctrl Pts',(-28.68,-17.1002277872511,5.89777957166395));
#2310=CARTESIAN_POINT('Ctrl Pts',(-29.6902795716639,-17.1002277872511,5.89777957166395));
#2311=CARTESIAN_POINT('Ctrl Pts',(-29.6902795716639,-17.1002277872511,4.8875));
#2312=CARTESIAN_POINT('Ctrl Pts',(-29.6902795716639,-17.1002277872511,3.87722042833605));
#2313=CARTESIAN_POINT('Ctrl Pts',(-28.68,-17.1002277872511,3.87722042833605));
#2314=CARTESIAN_POINT('Ctrl Pts',(-27.6697204283361,-17.1002277872511,3.87722042833605));
#2315=CARTESIAN_POINT('Ctrl Pts',(-27.6697204283361,-17.1002277872511,4.8875));
#2316=CARTESIAN_POINT('Ctrl Pts',(-27.6697204283361,-17.1002277872511,5.89777957166395));
#2317=CARTESIAN_POINT('Ctrl Pts',(-28.68,-17.1002277872511,5.89777957166395));
#2318=CARTESIAN_POINT('Ctrl Pts',(-28.68,-17.0668824865966,5.89125153700219));
#2319=CARTESIAN_POINT('Ctrl Pts',(-29.6837515370022,-17.0668824865966,5.89125153700219));
#2320=CARTESIAN_POINT('Ctrl Pts',(-29.6837515370022,-17.0668824865966,4.8875));
#2321=CARTESIAN_POINT('Ctrl Pts',(-29.6837515370022,-17.0668824865966,3.88374846299781));
#2322=CARTESIAN_POINT('Ctrl Pts',(-28.68,-17.0668824865966,3.88374846299781));
#2323=CARTESIAN_POINT('Ctrl Pts',(-27.6762484629978,-17.0668824865966,3.88374846299781));
#2324=CARTESIAN_POINT('Ctrl Pts',(-27.6762484629978,-17.0668824865966,4.8875));
#2325=CARTESIAN_POINT('Ctrl Pts',(-27.6762484629978,-17.0668824865966,5.89125153700219));
#2326=CARTESIAN_POINT('Ctrl Pts',(-28.68,-17.0668824865966,5.89125153700219));
#2327=CARTESIAN_POINT('Ctrl Pts',(-28.68,-17.0225264959778,5.87133771910744));
#2328=CARTESIAN_POINT('Ctrl Pts',(-29.6638377191074,-17.0225264959778,5.87133771910744));
#2329=CARTESIAN_POINT('Ctrl Pts',(-29.6638377191074,-17.0225264959778,4.8875));
#2330=CARTESIAN_POINT('Ctrl Pts',(-29.6638377191074,-17.0225264959778,3.90366228089256));
#2331=CARTESIAN_POINT('Ctrl Pts',(-28.68,-17.0225264959778,3.90366228089256));
#2332=CARTESIAN_POINT('Ctrl Pts',(-27.6961622808926,-17.0225264959778,3.90366228089256));
#2333=CARTESIAN_POINT('Ctrl Pts',(-27.6961622808926,-17.0225264959778,4.8875));
#2334=CARTESIAN_POINT('Ctrl Pts',(-27.6961622808926,-17.0225264959778,5.87133771910744));
#2335=CARTESIAN_POINT('Ctrl Pts',(-28.68,-17.0225264959778,5.87133771910744));
#2336=CARTESIAN_POINT('Ctrl Pts',(-28.68,-16.9807387678151,5.86276347196893));
#2337=CARTESIAN_POINT('Ctrl Pts',(-29.6552634719689,-16.9807387678151,5.86276347196893));
#2338=CARTESIAN_POINT('Ctrl Pts',(-29.6552634719689,-16.9807387678151,4.8875));
#2339=CARTESIAN_POINT('Ctrl Pts',(-29.6552634719689,-16.9807387678151,3.91223652803107));
#2340=CARTESIAN_POINT('Ctrl Pts',(-28.68,-16.9807387678151,3.91223652803107));
#2341=CARTESIAN_POINT('Ctrl Pts',(-27.7047365280311,-16.9807387678151,3.91223652803107));
#2342=CARTESIAN_POINT('Ctrl Pts',(-27.7047365280311,-16.9807387678151,4.8875));
#2343=CARTESIAN_POINT('Ctrl Pts',(-27.7047365280311,-16.9807387678151,5.86276347196893));
#2344=CARTESIAN_POINT('Ctrl Pts',(-28.68,-16.9807387678151,5.86276347196893));
#2345=CARTESIAN_POINT('Ctrl Pts',(-28.68,-16.9476021970008,5.89219571223383));
#2346=CARTESIAN_POINT('Ctrl Pts',(-29.6846957122338,-16.9476021970008,5.89219571223383));
#2347=CARTESIAN_POINT('Ctrl Pts',(-29.6846957122338,-16.9476021970008,4.8875));
#2348=CARTESIAN_POINT('Ctrl Pts',(-29.6846957122338,-16.9476021970008,3.88280428776617));
#2349=CARTESIAN_POINT('Ctrl Pts',(-28.68,-16.9476021970008,3.88280428776617));
#2350=CARTESIAN_POINT('Ctrl Pts',(-27.6753042877662,-16.9476021970008,3.88280428776617));
#2351=CARTESIAN_POINT('Ctrl Pts',(-27.6753042877662,-16.9476021970008,4.8875));
#2352=CARTESIAN_POINT('Ctrl Pts',(-27.6753042877662,-16.9476021970008,5.89219571223383));
#2353=CARTESIAN_POINT('Ctrl Pts',(-28.68,-16.9476021970008,5.89219571223383));
#2354=CARTESIAN_POINT('Ctrl Pts',(-28.68,-16.9236740468386,5.96142851153161));
#2355=CARTESIAN_POINT('Ctrl Pts',(-29.7539285115316,-16.9236740468386,5.96142851153161));
#2356=CARTESIAN_POINT('Ctrl Pts',(-29.7539285115316,-16.9236740468386,4.8875));
#2357=CARTESIAN_POINT('Ctrl Pts',(-29.7539285115316,-16.9236740468386,3.81357148846839));
#2358=CARTESIAN_POINT('Ctrl Pts',(-28.68,-16.9236740468386,3.81357148846839));
#2359=CARTESIAN_POINT('Ctrl Pts',(-27.6060714884684,-16.9236740468386,3.81357148846839));
#2360=CARTESIAN_POINT('Ctrl Pts',(-27.6060714884684,-16.9236740468386,4.8875));
#2361=CARTESIAN_POINT('Ctrl Pts',(-27.6060714884684,-16.9236740468386,5.96142851153161));
#2362=CARTESIAN_POINT('Ctrl Pts',(-28.68,-16.9236740468386,5.96142851153161));
#2363=CARTESIAN_POINT('Ctrl Pts',(-28.68,-16.9029784660072,6.04324296499482));
#2364=CARTESIAN_POINT('Ctrl Pts',(-29.8357429649948,-16.9029784660072,6.04324296499482));
#2365=CARTESIAN_POINT('Ctrl Pts',(-29.8357429649948,-16.9029784660072,4.8875));
#2366=CARTESIAN_POINT('Ctrl Pts',(-29.8357429649948,-16.9029784660072,3.73175703500518));
#2367=CARTESIAN_POINT('Ctrl Pts',(-28.68,-16.9029784660072,3.73175703500518));
#2368=CARTESIAN_POINT('Ctrl Pts',(-27.5242570350052,-16.9029784660072,3.73175703500518));
#2369=CARTESIAN_POINT('Ctrl Pts',(-27.5242570350052,-16.9029784660072,4.8875));
#2370=CARTESIAN_POINT('Ctrl Pts',(-27.5242570350052,-16.9029784660072,6.04324296499482));
#2371=CARTESIAN_POINT('Ctrl Pts',(-28.68,-16.9029784660072,6.04324296499482));
#2372=CARTESIAN_POINT('Ctrl Pts',(-28.68,-16.8781481266154,6.10532062682786));
#2373=CARTESIAN_POINT('Ctrl Pts',(-29.8978206268279,-16.8781481266154,6.10532062682786));
#2374=CARTESIAN_POINT('Ctrl Pts',(-29.8978206268279,-16.8781481266154,4.8875));
#2375=CARTESIAN_POINT('Ctrl Pts',(-29.8978206268279,-16.8781481266154,3.66967937317214));
#2376=CARTESIAN_POINT('Ctrl Pts',(-28.68,-16.8781481266154,3.66967937317214));
#2377=CARTESIAN_POINT('Ctrl Pts',(-27.4621793731721,-16.8781481266154,3.66967937317214));
#2378=CARTESIAN_POINT('Ctrl Pts',(-27.4621793731721,-16.8781481266154,4.8875));
#2379=CARTESIAN_POINT('Ctrl Pts',(-27.4621793731721,-16.8781481266154,6.10532062682786));
#2380=CARTESIAN_POINT('Ctrl Pts',(-28.68,-16.8781481266154,6.10532062682786));
#2381=CARTESIAN_POINT('Ctrl Pts',(-28.68,-16.8438831622706,6.12641655644413));
#2382=CARTESIAN_POINT('Ctrl Pts',(-29.9189165564441,-16.8438831622706,6.12641655644413));
#2383=CARTESIAN_POINT('Ctrl Pts',(-29.9189165564441,-16.8438831622706,4.8875));
#2384=CARTESIAN_POINT('Ctrl Pts',(-29.9189165564441,-16.8438831622706,3.64858344355587));
#2385=CARTESIAN_POINT('Ctrl Pts',(-28.68,-16.8438831622706,3.64858344355587));
#2386=CARTESIAN_POINT('Ctrl Pts',(-27.4410834435559,-16.8438831622706,3.64858344355587));
#2387=CARTESIAN_POINT('Ctrl Pts',(-27.4410834435559,-16.8438831622706,4.8875));
#2388=CARTESIAN_POINT('Ctrl Pts',(-27.4410834435559,-16.8438831622706,6.12641655644413));
#2389=CARTESIAN_POINT('Ctrl Pts',(-28.68,-16.8438831622706,6.12641655644413));
#2390=CARTESIAN_POINT('Ctrl Pts',(-28.68,-16.8016377189348,6.11826243713286));
#2391=CARTESIAN_POINT('Ctrl Pts',(-29.9107624371329,-16.8016377189348,6.11826243713286));
#2392=CARTESIAN_POINT('Ctrl Pts',(-29.9107624371329,-16.8016377189348,4.8875));
#2393=CARTESIAN_POINT('Ctrl Pts',(-29.9107624371329,-16.8016377189348,3.65673756286714));
#2394=CARTESIAN_POINT('Ctrl Pts',(-28.68,-16.8016377189348,3.65673756286714));
#2395=CARTESIAN_POINT('Ctrl Pts',(-27.4492375628671,-16.8016377189348,3.65673756286714));
#2396=CARTESIAN_POINT('Ctrl Pts',(-27.4492375628671,-16.8016377189348,4.8875));
#2397=CARTESIAN_POINT('Ctrl Pts',(-27.4492375628671,-16.8016377189348,6.11826243713286));
#2398=CARTESIAN_POINT('Ctrl Pts',(-28.68,-16.8016377189348,6.11826243713286));
#2399=CARTESIAN_POINT('Ctrl Pts',(-28.68,-16.7554279737042,6.10825970140207));
#2400=CARTESIAN_POINT('Ctrl Pts',(-29.9007597014021,-16.7554279737042,6.10825970140207));
#2401=CARTESIAN_POINT('Ctrl Pts',(-29.9007597014021,-16.7554279737042,4.8875));
#2402=CARTESIAN_POINT('Ctrl Pts',(-29.9007597014021,-16.7554279737042,3.66674029859793));
#2403=CARTESIAN_POINT('Ctrl Pts',(-28.68,-16.7554279737042,3.66674029859793));
#2404=CARTESIAN_POINT('Ctrl Pts',(-27.4592402985979,-16.7554279737042,3.66674029859793));
#2405=CARTESIAN_POINT('Ctrl Pts',(-27.4592402985979,-16.7554279737042,4.8875));
#2406=CARTESIAN_POINT('Ctrl Pts',(-27.4592402985979,-16.7554279737042,6.10825970140207));
#2407=CARTESIAN_POINT('Ctrl Pts',(-28.68,-16.7554279737042,6.10825970140207));
#2408=CARTESIAN_POINT('Ctrl Pts',(-28.68,-16.7049246042177,6.11198650226883));
#2409=CARTESIAN_POINT('Ctrl Pts',(-29.9044865022688,-16.7049246042177,6.11198650226883));
#2410=CARTESIAN_POINT('Ctrl Pts',(-29.9044865022688,-16.7049246042177,4.8875));
#2411=CARTESIAN_POINT('Ctrl Pts',(-29.9044865022688,-16.7049246042177,3.66301349773117));
#2412=CARTESIAN_POINT('Ctrl Pts',(-28.68,-16.7049246042177,3.66301349773117));
#2413=CARTESIAN_POINT('Ctrl Pts',(-27.4555134977312,-16.7049246042177,3.66301349773117));
#2414=CARTESIAN_POINT('Ctrl Pts',(-27.4555134977312,-16.7049246042177,4.8875));
#2415=CARTESIAN_POINT('Ctrl Pts',(-27.4555134977312,-16.7049246042177,6.11198650226883));
#2416=CARTESIAN_POINT('Ctrl Pts',(-28.68,-16.7049246042177,6.11198650226883));
#2417=CARTESIAN_POINT('Ctrl Pts',(-28.68,-16.645358458132,6.12899464137184));
#2418=CARTESIAN_POINT('Ctrl Pts',(-29.9214946413718,-16.645358458132,6.12899464137184));
#2419=CARTESIAN_POINT('Ctrl Pts',(-29.9214946413718,-16.645358458132,4.8875));
#2420=CARTESIAN_POINT('Ctrl Pts',(-29.9214946413718,-16.645358458132,3.64600535862816));
#2421=CARTESIAN_POINT('Ctrl Pts',(-28.68,-16.645358458132,3.64600535862816));
#2422=CARTESIAN_POINT('Ctrl Pts',(-27.4385053586282,-16.645358458132,3.64600535862816));
#2423=CARTESIAN_POINT('Ctrl Pts',(-27.4385053586282,-16.645358458132,4.8875));
#2424=CARTESIAN_POINT('Ctrl Pts',(-27.4385053586282,-16.645358458132,6.12899464137184));
#2425=CARTESIAN_POINT('Ctrl Pts',(-28.68,-16.645358458132,6.12899464137184));
#2426=CARTESIAN_POINT('Ctrl Pts',(-28.68,-16.5713595648658,6.15223027272101));
#2427=CARTESIAN_POINT('Ctrl Pts',(-29.944730272721,-16.5713595648658,6.15223027272101));
#2428=CARTESIAN_POINT('Ctrl Pts',(-29.944730272721,-16.5713595648658,4.8875));
#2429=CARTESIAN_POINT('Ctrl Pts',(-29.944730272721,-16.5713595648658,3.62276972727899));
#2430=CARTESIAN_POINT('Ctrl Pts',(-28.68,-16.5713595648658,3.62276972727899));
#2431=CARTESIAN_POINT('Ctrl Pts',(-27.415269727279,-16.5713595648658,3.62276972727899));
#2432=CARTESIAN_POINT('Ctrl Pts',(-27.415269727279,-16.5713595648658,4.8875));
#2433=CARTESIAN_POINT('Ctrl Pts',(-27.415269727279,-16.5713595648658,6.15223027272101));
#2434=CARTESIAN_POINT('Ctrl Pts',(-28.68,-16.5713595648658,6.15223027272101));
#2435=CARTESIAN_POINT('Ctrl Pts',(-28.68,-16.4802237121192,6.17452180237755));
#2436=CARTESIAN_POINT('Ctrl Pts',(-29.9670218023775,-16.4802237121192,6.17452180237755));
#2437=CARTESIAN_POINT('Ctrl Pts',(-29.9670218023775,-16.4802237121192,4.8875));
#2438=CARTESIAN_POINT('Ctrl Pts',(-29.9670218023775,-16.4802237121192,3.60047819762245));
#2439=CARTESIAN_POINT('Ctrl Pts',(-28.68,-16.4802237121192,3.60047819762245));
#2440=CARTESIAN_POINT('Ctrl Pts',(-27.3929781976225,-16.4802237121192,3.60047819762245));
#2441=CARTESIAN_POINT('Ctrl Pts',(-27.3929781976225,-16.4802237121192,4.8875));
#2442=CARTESIAN_POINT('Ctrl Pts',(-27.3929781976225,-16.4802237121192,6.17452180237755));
#2443=CARTESIAN_POINT('Ctrl Pts',(-28.68,-16.4802237121192,6.17452180237755));
#2444=CARTESIAN_POINT('Ctrl Pts',(-28.68,-16.3734850737889,6.19286879296348));
#2445=CARTESIAN_POINT('Ctrl Pts',(-29.9853687929635,-16.3734850737889,6.19286879296348));
#2446=CARTESIAN_POINT('Ctrl Pts',(-29.9853687929635,-16.3734850737889,4.8875));
#2447=CARTESIAN_POINT('Ctrl Pts',(-29.9853687929635,-16.3734850737889,3.58213120703652));
#2448=CARTESIAN_POINT('Ctrl Pts',(-28.68,-16.3734850737889,3.58213120703652));
#2449=CARTESIAN_POINT('Ctrl Pts',(-27.3746312070365,-16.3734850737889,3.58213120703652));
#2450=CARTESIAN_POINT('Ctrl Pts',(-27.3746312070365,-16.3734850737889,4.8875));
#2451=CARTESIAN_POINT('Ctrl Pts',(-27.3746312070365,-16.3734850737889,6.19286879296348));
#2452=CARTESIAN_POINT('Ctrl Pts',(-28.68,-16.3734850737889,6.19286879296348));
#2453=CARTESIAN_POINT('Ctrl Pts',(-28.68,-16.2551091024067,6.20645280504526));
#2454=CARTESIAN_POINT('Ctrl Pts',(-29.9989528050453,-16.2551091024067,6.20645280504526));
#2455=CARTESIAN_POINT('Ctrl Pts',(-29.9989528050453,-16.2551091024067,4.8875));
#2456=CARTESIAN_POINT('Ctrl Pts',(-29.9989528050453,-16.2551091024067,3.56854719495474));
#2457=CARTESIAN_POINT('Ctrl Pts',(-28.68,-16.2551091024067,3.56854719495474));
#2458=CARTESIAN_POINT('Ctrl Pts',(-27.3610471949547,-16.2551091024067,3.56854719495474));
#2459=CARTESIAN_POINT('Ctrl Pts',(-27.3610471949547,-16.2551091024067,4.8875));
#2460=CARTESIAN_POINT('Ctrl Pts',(-27.3610471949547,-16.2551091024067,6.20645280504526));
#2461=CARTESIAN_POINT('Ctrl Pts',(-28.68,-16.2551091024067,6.20645280504526));
#2462=CARTESIAN_POINT('Ctrl Pts',(-28.68,-16.1305681163919,6.21631813879546));
#2463=CARTESIAN_POINT('Ctrl Pts',(-30.0088181387955,-16.1305681163919,6.21631813879546));
#2464=CARTESIAN_POINT('Ctrl Pts',(-30.0088181387955,-16.1305681163919,4.8875));
#2465=CARTESIAN_POINT('Ctrl Pts',(-30.0088181387955,-16.1305681163919,3.55868186120454));
#2466=CARTESIAN_POINT('Ctrl Pts',(-28.68,-16.1305681163919,3.55868186120454));
#2467=CARTESIAN_POINT('Ctrl Pts',(-27.3511818612045,-16.1305681163919,3.55868186120454));
#2468=CARTESIAN_POINT('Ctrl Pts',(-27.3511818612045,-16.1305681163919,4.8875));
#2469=CARTESIAN_POINT('Ctrl Pts',(-27.3511818612045,-16.1305681163919,6.21631813879546));
#2470=CARTESIAN_POINT('Ctrl Pts',(-28.68,-16.1305681163919,6.21631813879546));
#2471=CARTESIAN_POINT('Ctrl Pts',(-28.68,-16.0055114646068,6.22434367392018));
#2472=CARTESIAN_POINT('Ctrl Pts',(-30.0168436739202,-16.0055114646068,6.22434367392018));
#2473=CARTESIAN_POINT('Ctrl Pts',(-30.0168436739202,-16.0055114646068,4.8875));
#2474=CARTESIAN_POINT('Ctrl Pts',(-30.0168436739202,-16.0055114646068,3.55065632607982));
#2475=CARTESIAN_POINT('Ctrl Pts',(-28.68,-16.0055114646068,3.55065632607982));
#2476=CARTESIAN_POINT('Ctrl Pts',(-27.3431563260798,-16.0055114646068,3.55065632607982));
#2477=CARTESIAN_POINT('Ctrl Pts',(-27.3431563260798,-16.0055114646068,4.8875));
#2478=CARTESIAN_POINT('Ctrl Pts',(-27.3431563260798,-16.0055114646068,6.22434367392018));
#2479=CARTESIAN_POINT('Ctrl Pts',(-28.68,-16.0055114646068,6.22434367392018));
#2480=CARTESIAN_POINT('Ctrl Pts',(-28.68,-15.8847182168587,6.2325804953251));
#2481=CARTESIAN_POINT('Ctrl Pts',(-30.0250804953251,-15.8847182168587,6.2325804953251));
#2482=CARTESIAN_POINT('Ctrl Pts',(-30.0250804953251,-15.8847182168587,4.8875));
#2483=CARTESIAN_POINT('Ctrl Pts',(-30.0250804953251,-15.8847182168587,3.5424195046749));
#2484=CARTESIAN_POINT('Ctrl Pts',(-28.68,-15.8847182168587,3.5424195046749));
#2485=CARTESIAN_POINT('Ctrl Pts',(-27.3349195046749,-15.8847182168587,3.5424195046749));
#2486=CARTESIAN_POINT('Ctrl Pts',(-27.3349195046749,-15.8847182168587,4.8875));
#2487=CARTESIAN_POINT('Ctrl Pts',(-27.3349195046749,-15.8847182168587,6.2325804953251));
#2488=CARTESIAN_POINT('Ctrl Pts',(-28.68,-15.8847182168587,6.2325804953251));
#2489=CARTESIAN_POINT('Ctrl Pts',(-28.68,-15.7706579743322,6.24227936868264));
#2490=CARTESIAN_POINT('Ctrl Pts',(-30.0347793686826,-15.7706579743322,6.24227936868264));
#2491=CARTESIAN_POINT('Ctrl Pts',(-30.0347793686826,-15.7706579743322,4.8875));
#2492=CARTESIAN_POINT('Ctrl Pts',(-30.0347793686826,-15.7706579743322,3.53272063131736));
#2493=CARTESIAN_POINT('Ctrl Pts',(-28.68,-15.7706579743322,3.53272063131736));
#2494=CARTESIAN_POINT('Ctrl Pts',(-27.3252206313174,-15.7706579743322,3.53272063131736));
#2495=CARTESIAN_POINT('Ctrl Pts',(-27.3252206313174,-15.7706579743322,4.8875));
#2496=CARTESIAN_POINT('Ctrl Pts',(-27.3252206313174,-15.7706579743322,6.24227936868264));
#2497=CARTESIAN_POINT('Ctrl Pts',(-28.68,-15.7706579743322,6.24227936868264));
#2498=CARTESIAN_POINT('Ctrl Pts',(-28.68,-15.66335253986,6.25369316967258));
#2499=CARTESIAN_POINT('Ctrl Pts',(-30.0461931696726,-15.66335253986,6.25369316967258));
#2500=CARTESIAN_POINT('Ctrl Pts',(-30.0461931696726,-15.66335253986,4.8875));
#2501=CARTESIAN_POINT('Ctrl Pts',(-30.0461931696726,-15.66335253986,3.52130683032742));
#2502=CARTESIAN_POINT('Ctrl Pts',(-28.68,-15.66335253986,3.52130683032742));
#2503=CARTESIAN_POINT('Ctrl Pts',(-27.3138068303274,-15.66335253986,3.52130683032742));
#2504=CARTESIAN_POINT('Ctrl Pts',(-27.3138068303274,-15.66335253986,4.8875));
#2505=CARTESIAN_POINT('Ctrl Pts',(-27.3138068303274,-15.66335253986,6.25369316967258));
#2506=CARTESIAN_POINT('Ctrl Pts',(-28.68,-15.66335253986,6.25369316967258));
#2507=CARTESIAN_POINT('Ctrl Pts',(-28.68,-15.5612898409654,6.26645839231138));
#2508=CARTESIAN_POINT('Ctrl Pts',(-30.0589583923114,-15.5612898409654,6.26645839231138));
#2509=CARTESIAN_POINT('Ctrl Pts',(-30.0589583923114,-15.5612898409654,4.8875));
#2510=CARTESIAN_POINT('Ctrl Pts',(-30.0589583923114,-15.5612898409654,3.50854160768862));
#2511=CARTESIAN_POINT('Ctrl Pts',(-28.68,-15.5612898409654,3.50854160768862));
#2512=CARTESIAN_POINT('Ctrl Pts',(-27.3010416076886,-15.5612898409654,3.50854160768862));
#2513=CARTESIAN_POINT('Ctrl Pts',(-27.3010416076886,-15.5612898409654,4.8875));
#2514=CARTESIAN_POINT('Ctrl Pts',(-27.3010416076886,-15.5612898409654,6.26645839231138));
#2515=CARTESIAN_POINT('Ctrl Pts',(-28.68,-15.5612898409654,6.26645839231138));
#2516=CARTESIAN_POINT('Ctrl Pts',(-28.68,-15.4620358017677,6.27981377117006));
#2517=CARTESIAN_POINT('Ctrl Pts',(-30.0723137711701,-15.4620358017677,6.27981377117006));
#2518=CARTESIAN_POINT('Ctrl Pts',(-30.0723137711701,-15.4620358017677,4.8875));
#2519=CARTESIAN_POINT('Ctrl Pts',(-30.0723137711701,-15.4620358017677,3.49518622882994));
#2520=CARTESIAN_POINT('Ctrl Pts',(-28.68,-15.4620358017677,3.49518622882994));
#2521=CARTESIAN_POINT('Ctrl Pts',(-27.2876862288299,-15.4620358017677,3.49518622882994));
#2522=CARTESIAN_POINT('Ctrl Pts',(-27.2876862288299,-15.4620358017677,4.8875));
#2523=CARTESIAN_POINT('Ctrl Pts',(-27.2876862288299,-15.4620358017677,6.27981377117006));
#2524=CARTESIAN_POINT('Ctrl Pts',(-28.68,-15.4620358017677,6.27981377117006));
#2525=CARTESIAN_POINT('Ctrl Pts',(-28.68,-15.3629789536403,6.29288880718545));
#2526=CARTESIAN_POINT('Ctrl Pts',(-30.0853888071855,-15.3629789536403,6.29288880718545));
#2527=CARTESIAN_POINT('Ctrl Pts',(-30.0853888071855,-15.3629789536403,4.8875));
#2528=CARTESIAN_POINT('Ctrl Pts',(-30.0853888071855,-15.3629789536403,3.48211119281455));
#2529=CARTESIAN_POINT('Ctrl Pts',(-28.68,-15.3629789536403,3.48211119281455));
#2530=CARTESIAN_POINT('Ctrl Pts',(-27.2746111928145,-15.3629789536403,3.48211119281455));
#2531=CARTESIAN_POINT('Ctrl Pts',(-27.2746111928145,-15.3629789536403,4.8875));
#2532=CARTESIAN_POINT('Ctrl Pts',(-27.2746111928145,-15.3629789536403,6.29288880718545));
#2533=CARTESIAN_POINT('Ctrl Pts',(-28.68,-15.3629789536403,6.29288880718545));
#2534=CARTESIAN_POINT('Ctrl Pts',(-28.68,-15.2619959947063,6.30495415221564));
#2535=CARTESIAN_POINT('Ctrl Pts',(-30.0974541522156,-15.2619959947063,6.30495415221564));
#2536=CARTESIAN_POINT('Ctrl Pts',(-30.0974541522156,-15.2619959947063,4.8875));
#2537=CARTESIAN_POINT('Ctrl Pts',(-30.0974541522156,-15.2619959947063,3.47004584778436));
#2538=CARTESIAN_POINT('Ctrl Pts',(-28.68,-15.2619959947063,3.47004584778436));
#2539=CARTESIAN_POINT('Ctrl Pts',(-27.2625458477844,-15.2619959947063,3.47004584778436));
#2540=CARTESIAN_POINT('Ctrl Pts',(-27.2625458477844,-15.2619959947063,4.8875));
#2541=CARTESIAN_POINT('Ctrl Pts',(-27.2625458477844,-15.2619959947063,6.30495415221564));
#2542=CARTESIAN_POINT('Ctrl Pts',(-28.68,-15.2619959947063,6.30495415221564));
#2543=CARTESIAN_POINT('Ctrl Pts',(-28.68,-15.1582105770316,6.31571020627693));
#2544=CARTESIAN_POINT('Ctrl Pts',(-30.1082102062769,-15.1582105770316,6.31571020627693));
#2545=CARTESIAN_POINT('Ctrl Pts',(-30.1082102062769,-15.1582105770316,4.8875));
#2546=CARTESIAN_POINT('Ctrl Pts',(-30.1082102062769,-15.1582105770316,3.45928979372307));
#2547=CARTESIAN_POINT('Ctrl Pts',(-28.68,-15.1582105770316,3.45928979372307));
#2548=CARTESIAN_POINT('Ctrl Pts',(-27.2517897937231,-15.1582105770316,3.45928979372307));
#2549=CARTESIAN_POINT('Ctrl Pts',(-27.2517897937231,-15.1582105770316,4.8875));
#2550=CARTESIAN_POINT('Ctrl Pts',(-27.2517897937231,-15.1582105770316,6.31571020627693));
#2551=CARTESIAN_POINT('Ctrl Pts',(-28.68,-15.1582105770316,6.31571020627693));
#2552=CARTESIAN_POINT('Ctrl Pts',(-28.68,-15.0517308211287,6.32519747653919));
#2553=CARTESIAN_POINT('Ctrl Pts',(-30.1176974765392,-15.0517308211287,6.32519747653919));
#2554=CARTESIAN_POINT('Ctrl Pts',(-30.1176974765392,-15.0517308211287,4.8875));
#2555=CARTESIAN_POINT('Ctrl Pts',(-30.1176974765392,-15.0517308211287,3.44980252346081));
#2556=CARTESIAN_POINT('Ctrl Pts',(-28.68,-15.0517308211287,3.44980252346081));
#2557=CARTESIAN_POINT('Ctrl Pts',(-27.2423025234608,-15.0517308211287,3.44980252346081));
#2558=CARTESIAN_POINT('Ctrl Pts',(-27.2423025234608,-15.0517308211287,4.8875));
#2559=CARTESIAN_POINT('Ctrl Pts',(-27.2423025234608,-15.0517308211287,6.32519747653919));
#2560=CARTESIAN_POINT('Ctrl Pts',(-28.68,-15.0517308211287,6.32519747653919));
#2561=CARTESIAN_POINT('Ctrl Pts',(-28.68,-14.9433092448214,6.33367894308271));
#2562=CARTESIAN_POINT('Ctrl Pts',(-30.1261789430827,-14.9433092448214,6.33367894308271));
#2563=CARTESIAN_POINT('Ctrl Pts',(-30.1261789430827,-14.9433092448214,4.8875));
#2564=CARTESIAN_POINT('Ctrl Pts',(-30.1261789430827,-14.9433092448214,3.44132105691729));
#2565=CARTESIAN_POINT('Ctrl Pts',(-28.68,-14.9433092448214,3.44132105691729));
#2566=CARTESIAN_POINT('Ctrl Pts',(-27.2338210569173,-14.9433092448214,3.44132105691729));
#2567=CARTESIAN_POINT('Ctrl Pts',(-27.2338210569173,-14.9433092448214,4.8875));
#2568=CARTESIAN_POINT('Ctrl Pts',(-27.2338210569173,-14.9433092448214,6.33367894308271));
#2569=CARTESIAN_POINT('Ctrl Pts',(-28.68,-14.9433092448214,6.33367894308271));
#2570=CARTESIAN_POINT('Ctrl Pts',(-28.68,-14.8340230542626,6.34152983134257));
#2571=CARTESIAN_POINT('Ctrl Pts',(-30.1340298313426,-14.8340230542626,6.34152983134257));
#2572=CARTESIAN_POINT('Ctrl Pts',(-30.1340298313426,-14.8340230542626,4.8875));
#2573=CARTESIAN_POINT('Ctrl Pts',(-30.1340298313426,-14.8340230542626,3.43347016865743));
#2574=CARTESIAN_POINT('Ctrl Pts',(-28.68,-14.8340230542626,3.43347016865743));
#2575=CARTESIAN_POINT('Ctrl Pts',(-27.2259701686574,-14.8340230542626,3.43347016865743));
#2576=CARTESIAN_POINT('Ctrl Pts',(-27.2259701686574,-14.8340230542626,4.8875));
#2577=CARTESIAN_POINT('Ctrl Pts',(-27.2259701686574,-14.8340230542626,6.34152983134257));
#2578=CARTESIAN_POINT('Ctrl Pts',(-28.68,-14.8340230542626,6.34152983134257));
#2579=CARTESIAN_POINT('Ctrl Pts',(-28.68,-14.724963312391,6.34913029466894));
#2580=CARTESIAN_POINT('Ctrl Pts',(-30.1416302946689,-14.724963312391,6.34913029466894));
#2581=CARTESIAN_POINT('Ctrl Pts',(-30.1416302946689,-14.7249633123911,4.8875));
#2582=CARTESIAN_POINT('Ctrl Pts',(-30.1416302946689,-14.7249633123911,3.42586970533106));
#2583=CARTESIAN_POINT('Ctrl Pts',(-28.68,-14.7249633123911,3.42586970533106));
#2584=CARTESIAN_POINT('Ctrl Pts',(-27.2183697053311,-14.7249633123911,3.42586970533106));
#2585=CARTESIAN_POINT('Ctrl Pts',(-27.2183697053311,-14.7249633123911,4.8875));
#2586=CARTESIAN_POINT('Ctrl Pts',(-27.2183697053311,-14.724963312391,6.34913029466894));
#2587=CARTESIAN_POINT('Ctrl Pts',(-28.68,-14.724963312391,6.34913029466894));
#2588=CARTESIAN_POINT('Ctrl Pts',(-28.68,-14.6168788882131,6.35674254982638));
#2589=CARTESIAN_POINT('Ctrl Pts',(-30.1492425498264,-14.6168788882131,6.35674254982638));
#2590=CARTESIAN_POINT('Ctrl Pts',(-30.1492425498264,-14.6168788882131,4.8875));
#2591=CARTESIAN_POINT('Ctrl Pts',(-30.1492425498264,-14.6168788882131,3.41825745017362));
#2592=CARTESIAN_POINT('Ctrl Pts',(-28.68,-14.6168788882131,3.41825745017362));
#2593=CARTESIAN_POINT('Ctrl Pts',(-27.2107574501736,-14.6168788882131,3.41825745017362));
#2594=CARTESIAN_POINT('Ctrl Pts',(-27.2107574501736,-14.6168788882131,4.8875));
#2595=CARTESIAN_POINT('Ctrl Pts',(-27.2107574501736,-14.6168788882131,6.35674254982638));
#2596=CARTESIAN_POINT('Ctrl Pts',(-28.68,-14.6168788882131,6.35674254982638));
#2597=CARTESIAN_POINT('Ctrl Pts',(-28.68,-14.5099739730588,6.36444101076517));
#2598=CARTESIAN_POINT('Ctrl Pts',(-30.1569410107652,-14.5099739730588,6.36444101076517));
#2599=CARTESIAN_POINT('Ctrl Pts',(-30.1569410107652,-14.5099739730588,4.8875));
#2600=CARTESIAN_POINT('Ctrl Pts',(-30.1569410107652,-14.5099739730588,3.41055898923483));
#2601=CARTESIAN_POINT('Ctrl Pts',(-28.68,-14.5099739730588,3.41055898923483));
#2602=CARTESIAN_POINT('Ctrl Pts',(-27.2030589892348,-14.5099739730588,3.41055898923483));
#2603=CARTESIAN_POINT('Ctrl Pts',(-27.2030589892348,-14.5099739730588,4.8875));
#2604=CARTESIAN_POINT('Ctrl Pts',(-27.2030589892348,-14.5099739730588,6.36444101076517));
#2605=CARTESIAN_POINT('Ctrl Pts',(-28.68,-14.5099739730588,6.36444101076517));
#2606=CARTESIAN_POINT('Ctrl Pts',(-28.68,-14.4041017392153,6.37217922939204));
#2607=CARTESIAN_POINT('Ctrl Pts',(-30.164679229392,-14.4041017392153,6.37217922939204));
#2608=CARTESIAN_POINT('Ctrl Pts',(-30.164679229392,-14.4041017392153,4.8875));
#2609=CARTESIAN_POINT('Ctrl Pts',(-30.164679229392,-14.4041017392153,3.40282077060796));
#2610=CARTESIAN_POINT('Ctrl Pts',(-28.68,-14.4041017392153,3.40282077060796));
#2611=CARTESIAN_POINT('Ctrl Pts',(-27.195320770608,-14.4041017392153,3.40282077060796));
#2612=CARTESIAN_POINT('Ctrl Pts',(-27.195320770608,-14.4041017392153,4.8875));
#2613=CARTESIAN_POINT('Ctrl Pts',(-27.195320770608,-14.4041017392153,6.37217922939204));
#2614=CARTESIAN_POINT('Ctrl Pts',(-28.68,-14.4041017392153,6.37217922939204));
#2615=CARTESIAN_POINT('Ctrl Pts',(-28.68,-14.2988794333833,6.37982969506783));
#2616=CARTESIAN_POINT('Ctrl Pts',(-30.1723296950678,-14.2988794333833,6.37982969506783));
#2617=CARTESIAN_POINT('Ctrl Pts',(-30.1723296950678,-14.2988794333833,4.8875));
#2618=CARTESIAN_POINT('Ctrl Pts',(-30.1723296950678,-14.2988794333833,3.39517030493217));
#2619=CARTESIAN_POINT('Ctrl Pts',(-28.68,-14.2988794333833,3.39517030493217));
#2620=CARTESIAN_POINT('Ctrl Pts',(-27.1876703049322,-14.2988794333833,3.39517030493217));
#2621=CARTESIAN_POINT('Ctrl Pts',(-27.1876703049322,-14.2988794333833,4.8875));
#2622=CARTESIAN_POINT('Ctrl Pts',(-27.1876703049322,-14.2988794333833,6.37982969506783));
#2623=CARTESIAN_POINT('Ctrl Pts',(-28.68,-14.2988794333833,6.37982969506783));
#2624=CARTESIAN_POINT('Ctrl Pts',(-28.68,-14.1938392832636,6.38723601985598));
#2625=CARTESIAN_POINT('Ctrl Pts',(-30.179736019856,-14.1938392832636,6.38723601985598));
#2626=CARTESIAN_POINT('Ctrl Pts',(-30.179736019856,-14.1938392832636,4.8875));
#2627=CARTESIAN_POINT('Ctrl Pts',(-30.179736019856,-14.1938392832636,3.38776398014402));
#2628=CARTESIAN_POINT('Ctrl Pts',(-28.68,-14.1938392832636,3.38776398014402));
#2629=CARTESIAN_POINT('Ctrl Pts',(-27.180263980144,-14.1938392832636,3.38776398014402));
#2630=CARTESIAN_POINT('Ctrl Pts',(-27.180263980144,-14.1938392832636,4.8875));
#2631=CARTESIAN_POINT('Ctrl Pts',(-27.180263980144,-14.1938392832636,6.38723601985598));
#2632=CARTESIAN_POINT('Ctrl Pts',(-28.68,-14.1938392832636,6.38723601985598));
#2633=CARTESIAN_POINT('Ctrl Pts',(-28.68,-14.0885530580674,6.39425598701129));
#2634=CARTESIAN_POINT('Ctrl Pts',(-30.1867559870113,-14.0885530580674,6.39425598701129));
#2635=CARTESIAN_POINT('Ctrl Pts',(-30.1867559870113,-14.0885530580674,4.8875));
#2636=CARTESIAN_POINT('Ctrl Pts',(-30.1867559870113,-14.0885530580674,3.38074401298871));
#2637=CARTESIAN_POINT('Ctrl Pts',(-28.68,-14.0885530580674,3.38074401298871));
#2638=CARTESIAN_POINT('Ctrl Pts',(-27.1732440129887,-14.0885530580674,3.38074401298871));
#2639=CARTESIAN_POINT('Ctrl Pts',(-27.1732440129887,-14.0885530580674,4.8875));
#2640=CARTESIAN_POINT('Ctrl Pts',(-27.1732440129887,-14.0885530580674,6.39425598701129));
#2641=CARTESIAN_POINT('Ctrl Pts',(-28.68,-14.0885530580674,6.39425598701129));
#2642=CARTESIAN_POINT('Ctrl Pts',(-28.68,-13.9827958322594,6.40081823428223));
#2643=CARTESIAN_POINT('Ctrl Pts',(-30.1933182342822,-13.9827958322594,6.40081823428223));
#2644=CARTESIAN_POINT('Ctrl Pts',(-30.1933182342822,-13.9827958322594,4.8875));
#2645=CARTESIAN_POINT('Ctrl Pts',(-30.1933182342822,-13.9827958322594,3.37418176571777));
#2646=CARTESIAN_POINT('Ctrl Pts',(-28.68,-13.9827958322594,3.37418176571777));
#2647=CARTESIAN_POINT('Ctrl Pts',(-27.1666817657178,-13.9827958322594,3.37418176571777));
#2648=CARTESIAN_POINT('Ctrl Pts',(-27.1666817657178,-13.9827958322594,4.8875));
#2649=CARTESIAN_POINT('Ctrl Pts',(-27.1666817657178,-13.9827958322594,6.40081823428223));
#2650=CARTESIAN_POINT('Ctrl Pts',(-28.68,-13.9827958322594,6.40081823428223));
#2651=CARTESIAN_POINT('Ctrl Pts',(-28.68,-13.8765462095471,6.40692200277698));
#2652=CARTESIAN_POINT('Ctrl Pts',(-30.199422002777,-13.8765462095471,6.40692200277698));
#2653=CARTESIAN_POINT('Ctrl Pts',(-30.199422002777,-13.8765462095471,4.8875));
#2654=CARTESIAN_POINT('Ctrl Pts',(-30.199422002777,-13.8765462095471,3.36807799722302));
#2655=CARTESIAN_POINT('Ctrl Pts',(-28.68,-13.8765462095471,3.36807799722302));
#2656=CARTESIAN_POINT('Ctrl Pts',(-27.160577997223,-13.8765462095471,3.36807799722302));
#2657=CARTESIAN_POINT('Ctrl Pts',(-27.160577997223,-13.8765462095471,4.8875));
#2658=CARTESIAN_POINT('Ctrl Pts',(-27.160577997223,-13.8765462095471,6.40692200277698));
#2659=CARTESIAN_POINT('Ctrl Pts',(-28.68,-13.8765462095471,6.40692200277698));
#2660=CARTESIAN_POINT('Ctrl Pts',(-28.68,-13.7699108770303,6.41261053798067));
#2661=CARTESIAN_POINT('Ctrl Pts',(-30.2051105379807,-13.7699108770303,6.41261053798067));
#2662=CARTESIAN_POINT('Ctrl Pts',(-30.2051105379807,-13.7699108770303,4.8875));
#2663=CARTESIAN_POINT('Ctrl Pts',(-30.2051105379807,-13.7699108770303,3.36238946201933));
#2664=CARTESIAN_POINT('Ctrl Pts',(-28.68,-13.7699108770303,3.36238946201933));
#2665=CARTESIAN_POINT('Ctrl Pts',(-27.1548894620193,-13.7699108770303,3.36238946201933));
#2666=CARTESIAN_POINT('Ctrl Pts',(-27.1548894620193,-13.7699108770303,4.8875));
#2667=CARTESIAN_POINT('Ctrl Pts',(-27.1548894620193,-13.7699108770303,6.41261053798067));
#2668=CARTESIAN_POINT('Ctrl Pts',(-28.68,-13.7699108770303,6.41261053798067));
#2669=CARTESIAN_POINT('Ctrl Pts',(-28.68,-13.663072778889,6.41795271255498));
#2670=CARTESIAN_POINT('Ctrl Pts',(-30.210452712555,-13.663072778889,6.41795271255498));
#2671=CARTESIAN_POINT('Ctrl Pts',(-30.210452712555,-13.663072778889,4.8875));
#2672=CARTESIAN_POINT('Ctrl Pts',(-30.210452712555,-13.663072778889,3.35704728744502));
#2673=CARTESIAN_POINT('Ctrl Pts',(-28.68,-13.663072778889,3.35704728744502));
#2674=CARTESIAN_POINT('Ctrl Pts',(-27.149547287445,-13.663072778889,3.35704728744502));
#2675=CARTESIAN_POINT('Ctrl Pts',(-27.149547287445,-13.663072778889,4.8875));
#2676=CARTESIAN_POINT('Ctrl Pts',(-27.149547287445,-13.663072778889,6.41795271255498));
#2677=CARTESIAN_POINT('Ctrl Pts',(-28.68,-13.663072778889,6.41795271255498));
#2678=CARTESIAN_POINT('Ctrl Pts',(-28.68,-13.5562300620995,6.42302144297819));
#2679=CARTESIAN_POINT('Ctrl Pts',(-30.2155214429782,-13.5562300620995,6.42302144297819));
#2680=CARTESIAN_POINT('Ctrl Pts',(-30.2155214429782,-13.5562300620995,4.8875));
#2681=CARTESIAN_POINT('Ctrl Pts',(-30.2155214429782,-13.5562300620995,3.35197855702181));
#2682=CARTESIAN_POINT('Ctrl Pts',(-28.68,-13.5562300620995,3.35197855702181));
#2683=CARTESIAN_POINT('Ctrl Pts',(-27.1444785570218,-13.5562300620995,3.35197855702181));
#2684=CARTESIAN_POINT('Ctrl Pts',(-27.1444785570218,-13.5562300620995,4.8875));
#2685=CARTESIAN_POINT('Ctrl Pts',(-27.1444785570218,-13.5562300620995,6.42302144297819));
#2686=CARTESIAN_POINT('Ctrl Pts',(-28.68,-13.5562300620995,6.42302144297819));
#2687=CARTESIAN_POINT('Ctrl Pts',(-28.68,-13.4495377442231,6.4278730361938));
#2688=CARTESIAN_POINT('Ctrl Pts',(-30.2203730361938,-13.4495377442231,6.4278730361938));
#2689=CARTESIAN_POINT('Ctrl Pts',(-30.2203730361938,-13.4495377442231,4.8875));
#2690=CARTESIAN_POINT('Ctrl Pts',(-30.2203730361938,-13.4495377442231,3.3471269638062));
#2691=CARTESIAN_POINT('Ctrl Pts',(-28.68,-13.4495377442231,3.3471269638062));
#2692=CARTESIAN_POINT('Ctrl Pts',(-27.1396269638062,-13.4495377442231,3.3471269638062));
#2693=CARTESIAN_POINT('Ctrl Pts',(-27.1396269638062,-13.4495377442231,4.8875));
#2694=CARTESIAN_POINT('Ctrl Pts',(-27.1396269638062,-13.4495377442231,6.4278730361938));
#2695=CARTESIAN_POINT('Ctrl Pts',(-28.68,-13.4495377442231,6.4278730361938));
#2696=CARTESIAN_POINT('Ctrl Pts',(-28.68,-13.3430517601734,6.43252741340414));
#2697=CARTESIAN_POINT('Ctrl Pts',(-30.2250274134041,-13.3430517601734,6.43252741340414));
#2698=CARTESIAN_POINT('Ctrl Pts',(-30.2250274134041,-13.3430517601734,4.8875));
#2699=CARTESIAN_POINT('Ctrl Pts',(-30.2250274134041,-13.3430517601734,3.34247258659586));
#2700=CARTESIAN_POINT('Ctrl Pts',(-28.68,-13.3430517601734,3.34247258659586));
#2701=CARTESIAN_POINT('Ctrl Pts',(-27.1349725865959,-13.3430517601734,3.34247258659586));
#2702=CARTESIAN_POINT('Ctrl Pts',(-27.1349725865959,-13.3430517601734,4.8875));
#2703=CARTESIAN_POINT('Ctrl Pts',(-27.1349725865959,-13.3430517601734,6.43252741340414));
#2704=CARTESIAN_POINT('Ctrl Pts',(-28.68,-13.3430517601734,6.43252741340414));
#2705=CARTESIAN_POINT('Ctrl Pts',(-28.68,-13.2367571346425,6.43697865608148));
#2706=CARTESIAN_POINT('Ctrl Pts',(-30.2294786560815,-13.2367571346425,6.43697865608148));
#2707=CARTESIAN_POINT('Ctrl Pts',(-30.2294786560815,-13.2367571346425,4.8875));
#2708=CARTESIAN_POINT('Ctrl Pts',(-30.2294786560815,-13.2367571346425,3.33802134391852));
#2709=CARTESIAN_POINT('Ctrl Pts',(-28.68,-13.2367571346425,3.33802134391852));
#2710=CARTESIAN_POINT('Ctrl Pts',(-27.1305213439185,-13.2367571346425,3.33802134391852));
#2711=CARTESIAN_POINT('Ctrl Pts',(-27.1305213439185,-13.2367571346425,4.8875));
#2712=CARTESIAN_POINT('Ctrl Pts',(-27.1305213439185,-13.2367571346425,6.43697865608148));
#2713=CARTESIAN_POINT('Ctrl Pts',(-28.68,-13.2367571346425,6.43697865608148));
#2714=CARTESIAN_POINT('Ctrl Pts',(-28.68,-13.1305915933481,6.44120389776212));
#2715=CARTESIAN_POINT('Ctrl Pts',(-30.2337038977621,-13.1305915933481,6.44120389776212));
#2716=CARTESIAN_POINT('Ctrl Pts',(-30.2337038977621,-13.1305915933481,4.8875));
#2717=CARTESIAN_POINT('Ctrl Pts',(-30.2337038977621,-13.1305915933481,3.33379610223788));
#2718=CARTESIAN_POINT('Ctrl Pts',(-28.68,-13.1305915933481,3.33379610223788));
#2719=CARTESIAN_POINT('Ctrl Pts',(-27.1262961022379,-13.1305915933481,3.33379610223788));
#2720=CARTESIAN_POINT('Ctrl Pts',(-27.1262961022379,-13.1305915933481,4.8875));
#2721=CARTESIAN_POINT('Ctrl Pts',(-27.1262961022379,-13.1305915933481,6.44120389776212));
#2722=CARTESIAN_POINT('Ctrl Pts',(-28.68,-13.1305915933481,6.44120389776212));
#2723=CARTESIAN_POINT('Ctrl Pts',(-28.68,-13.0244717044736,6.44517315945903));
#2724=CARTESIAN_POINT('Ctrl Pts',(-30.237673159459,-13.0244717044736,6.44517315945903));
#2725=CARTESIAN_POINT('Ctrl Pts',(-30.237673159459,-13.0244717044736,4.8875));
#2726=CARTESIAN_POINT('Ctrl Pts',(-30.237673159459,-13.0244717044736,3.32982684054097));
#2727=CARTESIAN_POINT('Ctrl Pts',(-28.68,-13.0244717044736,3.32982684054097));
#2728=CARTESIAN_POINT('Ctrl Pts',(-27.122326840541,-13.0244717044736,3.32982684054097));
#2729=CARTESIAN_POINT('Ctrl Pts',(-27.122326840541,-13.0244717044736,4.8875));
#2730=CARTESIAN_POINT('Ctrl Pts',(-27.122326840541,-13.0244717044736,6.44517315945903));
#2731=CARTESIAN_POINT('Ctrl Pts',(-28.68,-13.0244717044736,6.44517315945903));
#2732=CARTESIAN_POINT('Ctrl Pts',(-28.68,-12.9183160580208,6.44885804124554));
#2733=CARTESIAN_POINT('Ctrl Pts',(-30.2413580412455,-12.9183160580208,6.44885804124554));
#2734=CARTESIAN_POINT('Ctrl Pts',(-30.2413580412455,-12.9183160580208,4.8875));
#2735=CARTESIAN_POINT('Ctrl Pts',(-30.2413580412455,-12.9183160580208,3.32614195875446));
#2736=CARTESIAN_POINT('Ctrl Pts',(-28.68,-12.9183160580208,3.32614195875446));
#2737=CARTESIAN_POINT('Ctrl Pts',(-27.1186419587545,-12.9183160580208,3.32614195875446));
#2738=CARTESIAN_POINT('Ctrl Pts',(-27.1186419587545,-12.9183160580208,4.8875));
#2739=CARTESIAN_POINT('Ctrl Pts',(-27.1186419587545,-12.9183160580208,6.44885804124554));
#2740=CARTESIAN_POINT('Ctrl Pts',(-28.68,-12.9183160580208,6.44885804124554));
#2741=CARTESIAN_POINT('Ctrl Pts',(-28.68,-12.8120742955104,6.45224271071865));
#2742=CARTESIAN_POINT('Ctrl Pts',(-30.2447427107186,-12.8120742955104,6.45224271071865));
#2743=CARTESIAN_POINT('Ctrl Pts',(-30.2447427107186,-12.8120742955104,4.8875));
#2744=CARTESIAN_POINT('Ctrl Pts',(-30.2447427107186,-12.8120742955104,3.32275728928135));
#2745=CARTESIAN_POINT('Ctrl Pts',(-28.68,-12.8120742955104,3.32275728928135));
#2746=CARTESIAN_POINT('Ctrl Pts',(-27.1152572892814,-12.8120742955104,3.32275728928135));
#2747=CARTESIAN_POINT('Ctrl Pts',(-27.1152572892814,-12.8120742955104,4.8875));
#2748=CARTESIAN_POINT('Ctrl Pts',(-27.1152572892814,-12.8120742955104,6.45224271071865));
#2749=CARTESIAN_POINT('Ctrl Pts',(-28.68,-12.8120742955104,6.45224271071865));
#2750=CARTESIAN_POINT('Ctrl Pts',(-28.68,-12.7057367395488,6.45532724671261));
#2751=CARTESIAN_POINT('Ctrl Pts',(-30.2478272467126,-12.7057367395488,6.45532724671261));
#2752=CARTESIAN_POINT('Ctrl Pts',(-30.2478272467126,-12.7057367395488,4.8875));
#2753=CARTESIAN_POINT('Ctrl Pts',(-30.2478272467126,-12.7057367395488,3.31967275328739));
#2754=CARTESIAN_POINT('Ctrl Pts',(-28.68,-12.7057367395488,3.31967275328739));
#2755=CARTESIAN_POINT('Ctrl Pts',(-27.1121727532874,-12.7057367395488,3.31967275328739));
#2756=CARTESIAN_POINT('Ctrl Pts',(-27.1121727532874,-12.7057367395488,4.8875));
#2757=CARTESIAN_POINT('Ctrl Pts',(-27.1121727532874,-12.7057367395488,6.45532724671261));
#2758=CARTESIAN_POINT('Ctrl Pts',(-28.68,-12.7057367395488,6.45532724671261));
#2759=CARTESIAN_POINT('Ctrl Pts',(-28.68,-12.5993191403899,6.45812116110467));
#2760=CARTESIAN_POINT('Ctrl Pts',(-30.2506211611047,-12.5993191403899,6.45812116110467));
#2761=CARTESIAN_POINT('Ctrl Pts',(-30.2506211611047,-12.5993191403899,4.8875));
#2762=CARTESIAN_POINT('Ctrl Pts',(-30.2506211611047,-12.5993191403899,3.31687883889533));
#2763=CARTESIAN_POINT('Ctrl Pts',(-28.68,-12.5993191403899,3.31687883889533));
#2764=CARTESIAN_POINT('Ctrl Pts',(-27.1093788388953,-12.5993191403899,3.31687883889533));
#2765=CARTESIAN_POINT('Ctrl Pts',(-27.1093788388953,-12.5993191403899,4.8875));
#2766=CARTESIAN_POINT('Ctrl Pts',(-27.1093788388953,-12.5993191403899,6.45812116110467));
#2767=CARTESIAN_POINT('Ctrl Pts',(-28.68,-12.5993191403899,6.45812116110467));
#2768=CARTESIAN_POINT('Ctrl Pts',(-28.68,-12.4928537944159,6.46063944797729));
#2769=CARTESIAN_POINT('Ctrl Pts',(-30.2531394479773,-12.4928537944159,6.46063944797729));
#2770=CARTESIAN_POINT('Ctrl Pts',(-30.2531394479773,-12.4928537944159,4.8875));
#2771=CARTESIAN_POINT('Ctrl Pts',(-30.2531394479773,-12.4928537944159,3.31436055202271));
#2772=CARTESIAN_POINT('Ctrl Pts',(-28.68,-12.4928537944159,3.31436055202271));
#2773=CARTESIAN_POINT('Ctrl Pts',(-27.1068605520227,-12.4928537944159,3.31436055202271));
#2774=CARTESIAN_POINT('Ctrl Pts',(-27.1068605520227,-12.4928537944159,4.8875));
#2775=CARTESIAN_POINT('Ctrl Pts',(-27.1068605520227,-12.4928537944159,6.46063944797729));
#2776=CARTESIAN_POINT('Ctrl Pts',(-28.68,-12.4928537944159,6.46063944797729));
#2777=CARTESIAN_POINT('Ctrl Pts',(-28.68,-12.3863778338186,6.46289748544317));
#2778=CARTESIAN_POINT('Ctrl Pts',(-30.2553974854432,-12.3863778338186,6.46289748544317));
#2779=CARTESIAN_POINT('Ctrl Pts',(-30.2553974854432,-12.3863778338186,4.8875));
#2780=CARTESIAN_POINT('Ctrl Pts',(-30.2553974854432,-12.3863778338186,3.31210251455683));
#2781=CARTESIAN_POINT('Ctrl Pts',(-28.68,-12.3863778338186,3.31210251455683));
#2782=CARTESIAN_POINT('Ctrl Pts',(-27.1046025145568,-12.3863778338186,3.31210251455683));
#2783=CARTESIAN_POINT('Ctrl Pts',(-27.1046025145568,-12.3863778338186,4.8875));
#2784=CARTESIAN_POINT('Ctrl Pts',(-27.1046025145568,-12.3863778338186,6.46289748544317));
#2785=CARTESIAN_POINT('Ctrl Pts',(-28.68,-12.3863778338186,6.46289748544317));
#2786=CARTESIAN_POINT('Ctrl Pts',(-28.68,-12.2799233235061,6.46490672295108));
#2787=CARTESIAN_POINT('Ctrl Pts',(-30.2574067229511,-12.2799233235061,6.46490672295108));
#2788=CARTESIAN_POINT('Ctrl Pts',(-30.2574067229511,-12.2799233235061,4.8875));
#2789=CARTESIAN_POINT('Ctrl Pts',(-30.2574067229511,-12.2799233235061,3.31009327704892));
#2790=CARTESIAN_POINT('Ctrl Pts',(-28.68,-12.2799233235061,3.31009327704892));
#2791=CARTESIAN_POINT('Ctrl Pts',(-27.1025932770489,-12.2799233235061,3.31009327704892));
#2792=CARTESIAN_POINT('Ctrl Pts',(-27.1025932770489,-12.2799233235061,4.8875));
#2793=CARTESIAN_POINT('Ctrl Pts',(-27.1025932770489,-12.2799233235061,6.46490672295108));
#2794=CARTESIAN_POINT('Ctrl Pts',(-28.68,-12.2799233235061,6.46490672295108));
#2795=CARTESIAN_POINT('Ctrl Pts',(-28.68,-12.1735050240472,6.46666925970255));
#2796=CARTESIAN_POINT('Ctrl Pts',(-30.2591692597026,-12.1735050240472,6.46666925970255));
#2797=CARTESIAN_POINT('Ctrl Pts',(-30.2591692597026,-12.1735050240472,4.8875));
#2798=CARTESIAN_POINT('Ctrl Pts',(-30.2591692597026,-12.1735050240472,3.30833074029745));
#2799=CARTESIAN_POINT('Ctrl Pts',(-28.68,-12.1735050240472,3.30833074029745));
#2800=CARTESIAN_POINT('Ctrl Pts',(-27.1008307402974,-12.1735050240472,3.30833074029745));
#2801=CARTESIAN_POINT('Ctrl Pts',(-27.1008307402974,-12.1735050240472,4.8875));
#2802=CARTESIAN_POINT('Ctrl Pts',(-27.1008307402974,-12.1735050240472,6.46666925970255));
#2803=CARTESIAN_POINT('Ctrl Pts',(-28.68,-12.1735050240472,6.46666925970255));
#2804=CARTESIAN_POINT('Ctrl Pts',(-28.68,-12.0671229224531,6.46817970353752));
#2805=CARTESIAN_POINT('Ctrl Pts',(-30.2606797035375,-12.0671229224531,6.46817970353752));
#2806=CARTESIAN_POINT('Ctrl Pts',(-30.2606797035375,-12.0671229224531,4.8875));
#2807=CARTESIAN_POINT('Ctrl Pts',(-30.2606797035375,-12.0671229224531,3.30682029646248));
#2808=CARTESIAN_POINT('Ctrl Pts',(-28.68,-12.0671229224531,3.30682029646248));
#2809=CARTESIAN_POINT('Ctrl Pts',(-27.0993202964625,-12.0671229224531,3.30682029646248));
#2810=CARTESIAN_POINT('Ctrl Pts',(-27.0993202964625,-12.0671229224531,4.8875));
#2811=CARTESIAN_POINT('Ctrl Pts',(-27.0993202964625,-12.0671229224531,6.46817970353752));
#2812=CARTESIAN_POINT('Ctrl Pts',(-28.68,-12.0671229224531,6.46817970353752));
#2813=CARTESIAN_POINT('Ctrl Pts',(-28.68,-11.960767471538,6.46942836785119));
#2814=CARTESIAN_POINT('Ctrl Pts',(-30.2619283678512,-11.960767471538,6.46942836785119));
#2815=CARTESIAN_POINT('Ctrl Pts',(-30.2619283678512,-11.960767471538,4.8875));
#2816=CARTESIAN_POINT('Ctrl Pts',(-30.2619283678512,-11.960767471538,3.30557163214881));
#2817=CARTESIAN_POINT('Ctrl Pts',(-28.68,-11.960767471538,3.30557163214881));
#2818=CARTESIAN_POINT('Ctrl Pts',(-27.0980716321488,-11.960767471538,3.30557163214881));
#2819=CARTESIAN_POINT('Ctrl Pts',(-27.0980716321488,-11.960767471538,4.8875));
#2820=CARTESIAN_POINT('Ctrl Pts',(-27.0980716321488,-11.960767471538,6.46942836785119));
#2821=CARTESIAN_POINT('Ctrl Pts',(-28.68,-11.960767471538,6.46942836785119));
#2822=CARTESIAN_POINT('Ctrl Pts',(-28.68,-11.8544239726747,6.4704040627282));
#2823=CARTESIAN_POINT('Ctrl Pts',(-30.2629040627282,-11.8544239726747,6.47040406272819));
#2824=CARTESIAN_POINT('Ctrl Pts',(-30.2629040627282,-11.8544239726747,4.8875));
#2825=CARTESIAN_POINT('Ctrl Pts',(-30.2629040627282,-11.8544239726747,3.30459593727181));
#2826=CARTESIAN_POINT('Ctrl Pts',(-28.68,-11.8544239726747,3.30459593727181));
#2827=CARTESIAN_POINT('Ctrl Pts',(-27.0970959372718,-11.8544239726747,3.30459593727181));
#2828=CARTESIAN_POINT('Ctrl Pts',(-27.0970959372718,-11.8544239726747,4.8875));
#2829=CARTESIAN_POINT('Ctrl Pts',(-27.0970959372718,-11.8544239726747,6.47040406272819));
#2830=CARTESIAN_POINT('Ctrl Pts',(-28.68,-11.8544239726747,6.4704040627282));
#2831=CARTESIAN_POINT('Ctrl Pts',(-28.68,-11.7480771348245,6.47109692688387));
#2832=CARTESIAN_POINT('Ctrl Pts',(-30.2635969268839,-11.7480771348245,6.47109692688387));
#2833=CARTESIAN_POINT('Ctrl Pts',(-30.2635969268839,-11.7480771348245,4.8875));
#2834=CARTESIAN_POINT('Ctrl Pts',(-30.2635969268839,-11.7480771348245,3.30390307311613));
#2835=CARTESIAN_POINT('Ctrl Pts',(-28.68,-11.7480771348245,3.30390307311613));
#2836=CARTESIAN_POINT('Ctrl Pts',(-27.0964030731161,-11.7480771348245,3.30390307311613));
#2837=CARTESIAN_POINT('Ctrl Pts',(-27.0964030731161,-11.7480771348245,4.8875));
#2838=CARTESIAN_POINT('Ctrl Pts',(-27.0964030731161,-11.7480771348245,6.47109692688387));
#2839=CARTESIAN_POINT('Ctrl Pts',(-28.68,-11.7480771348245,6.47109692688387));
#2840=CARTESIAN_POINT('Ctrl Pts',(-28.68,-11.6417159862836,6.47150154966982));
#2841=CARTESIAN_POINT('Ctrl Pts',(-30.2640015496698,-11.6417159862836,6.47150154966982));
#2842=CARTESIAN_POINT('Ctrl Pts',(-30.2640015496698,-11.6417159862836,4.8875));
#2843=CARTESIAN_POINT('Ctrl Pts',(-30.2640015496698,-11.6417159862836,3.30349845033018));
#2844=CARTESIAN_POINT('Ctrl Pts',(-28.68,-11.6417159862836,3.30349845033018));
#2845=CARTESIAN_POINT('Ctrl Pts',(-27.0959984503302,-11.6417159862836,3.30349845033018));
#2846=CARTESIAN_POINT('Ctrl Pts',(-27.0959984503302,-11.6417159862836,4.8875));
#2847=CARTESIAN_POINT('Ctrl Pts',(-27.0959984503302,-11.6417159862836,6.47150154966982));
#2848=CARTESIAN_POINT('Ctrl Pts',(-28.68,-11.6417159862836,6.47150154966982));
#2849=CARTESIAN_POINT('Ctrl Pts',(-28.68,-11.5353373155101,6.47161902573947));
#2850=CARTESIAN_POINT('Ctrl Pts',(-30.2641190257395,-11.5353373155101,6.47161902573946));
#2851=CARTESIAN_POINT('Ctrl Pts',(-30.2641190257395,-11.5353373155101,4.8875));
#2852=CARTESIAN_POINT('Ctrl Pts',(-30.2641190257395,-11.5353373155101,3.30338097426054));
#2853=CARTESIAN_POINT('Ctrl Pts',(-28.68,-11.5353373155101,3.30338097426054));
#2854=CARTESIAN_POINT('Ctrl Pts',(-27.0958809742605,-11.5353373155101,3.30338097426054));
#2855=CARTESIAN_POINT('Ctrl Pts',(-27.0958809742605,-11.5353373155101,4.8875));
#2856=CARTESIAN_POINT('Ctrl Pts',(-27.0958809742605,-11.5353373155101,6.47161902573946));
#2857=CARTESIAN_POINT('Ctrl Pts',(-28.68,-11.5353373155101,6.47161902573947));
#2858=CARTESIAN_POINT('Ctrl Pts',(-28.68,-11.4289430830967,6.4714546949693));
#2859=CARTESIAN_POINT('Ctrl Pts',(-30.2639546949693,-11.4289430830967,6.4714546949693));
#2860=CARTESIAN_POINT('Ctrl Pts',(-30.2639546949693,-11.4289430830967,4.8875));
#2861=CARTESIAN_POINT('Ctrl Pts',(-30.2639546949693,-11.4289430830967,3.3035453050307));
#2862=CARTESIAN_POINT('Ctrl Pts',(-28.68,-11.4289430830967,3.3035453050307));
#2863=CARTESIAN_POINT('Ctrl Pts',(-27.0960453050307,-11.4289430830967,3.3035453050307));
#2864=CARTESIAN_POINT('Ctrl Pts',(-27.0960453050307,-11.4289430830967,4.8875));
#2865=CARTESIAN_POINT('Ctrl Pts',(-27.0960453050307,-11.4289430830967,6.4714546949693));
#2866=CARTESIAN_POINT('Ctrl Pts',(-28.68,-11.4289430830967,6.4714546949693));
#2867=CARTESIAN_POINT('Ctrl Pts',(-28.68,-11.3225387951313,6.47101657714622));
#2868=CARTESIAN_POINT('Ctrl Pts',(-30.2635165771462,-11.3225387951313,6.47101657714622));
#2869=CARTESIAN_POINT('Ctrl Pts',(-30.2635165771462,-11.3225387951313,4.8875));
#2870=CARTESIAN_POINT('Ctrl Pts',(-30.2635165771462,-11.3225387951313,3.30398342285378));
#2871=CARTESIAN_POINT('Ctrl Pts',(-28.68,-11.3225387951313,3.30398342285378));
#2872=CARTESIAN_POINT('Ctrl Pts',(-27.0964834228538,-11.3225387951313,3.30398342285378));
#2873=CARTESIAN_POINT('Ctrl Pts',(-27.0964834228538,-11.3225387951313,4.8875));
#2874=CARTESIAN_POINT('Ctrl Pts',(-27.0964834228538,-11.3225387951313,6.47101657714622));
#2875=CARTESIAN_POINT('Ctrl Pts',(-28.68,-11.3225387951313,6.47101657714622));
#2876=CARTESIAN_POINT('Ctrl Pts',(-28.68,-11.2161314376939,6.47031347359471));
#2877=CARTESIAN_POINT('Ctrl Pts',(-30.2628134735947,-11.2161314376939,6.47031347359471));
#2878=CARTESIAN_POINT('Ctrl Pts',(-30.2628134735947,-11.2161314376939,4.8875));
#2879=CARTESIAN_POINT('Ctrl Pts',(-30.2628134735947,-11.2161314376939,3.30468652640529));
#2880=CARTESIAN_POINT('Ctrl Pts',(-28.68,-11.2161314376939,3.30468652640529));
#2881=CARTESIAN_POINT('Ctrl Pts',(-27.0971865264053,-11.2161314376939,3.30468652640529));
#2882=CARTESIAN_POINT('Ctrl Pts',(-27.0971865264053,-11.2161314376939,4.8875));
#2883=CARTESIAN_POINT('Ctrl Pts',(-27.0971865264053,-11.2161314376939,6.47031347359471));
#2884=CARTESIAN_POINT('Ctrl Pts',(-28.68,-11.2161314376939,6.47031347359471));
#2885=CARTESIAN_POINT('Ctrl Pts',(-28.68,-11.1097277473107,6.46935335628651));
#2886=CARTESIAN_POINT('Ctrl Pts',(-30.2618533562865,-11.1097277473107,6.46935335628651));
#2887=CARTESIAN_POINT('Ctrl Pts',(-30.2618533562865,-11.1097277473107,4.8875));
#2888=CARTESIAN_POINT('Ctrl Pts',(-30.2618533562865,-11.1097277473107,3.30564664371349));
#2889=CARTESIAN_POINT('Ctrl Pts',(-28.68,-11.1097277473107,3.30564664371349));
#2890=CARTESIAN_POINT('Ctrl Pts',(-27.0981466437135,-11.1097277473107,3.30564664371349));
#2891=CARTESIAN_POINT('Ctrl Pts',(-27.0981466437135,-11.1097277473107,4.8875));
#2892=CARTESIAN_POINT('Ctrl Pts',(-27.0981466437135,-11.1097277473107,6.46935335628651));
#2893=CARTESIAN_POINT('Ctrl Pts',(-28.68,-11.1097277473107,6.46935335628651));
#2894=CARTESIAN_POINT('Ctrl Pts',(-28.68,-11.0033319666907,6.46814127114436));
#2895=CARTESIAN_POINT('Ctrl Pts',(-30.2606412711444,-11.0033319666907,6.46814127114436));
#2896=CARTESIAN_POINT('Ctrl Pts',(-30.2606412711444,-11.0033319666907,4.8875));
#2897=CARTESIAN_POINT('Ctrl Pts',(-30.2606412711444,-11.0033319666907,3.30685872885564));
#2898=CARTESIAN_POINT('Ctrl Pts',(-28.68,-11.0033319666907,3.30685872885564));
#2899=CARTESIAN_POINT('Ctrl Pts',(-27.0993587288556,-11.0033319666907,3.30685872885564));
#2900=CARTESIAN_POINT('Ctrl Pts',(-27.0993587288556,-11.0033319666907,4.8875));
#2901=CARTESIAN_POINT('Ctrl Pts',(-27.0993587288556,-11.0033319666907,6.46814127114436));
#2902=CARTESIAN_POINT('Ctrl Pts',(-28.68,-11.0033319666907,6.46814127114436));
#2903=CARTESIAN_POINT('Ctrl Pts',(-28.68,-10.8969455333189,6.46667912433115));
#2904=CARTESIAN_POINT('Ctrl Pts',(-30.2591791243312,-10.8969455333189,6.46667912433115));
#2905=CARTESIAN_POINT('Ctrl Pts',(-30.2591791243312,-10.8969455333189,4.8875));
#2906=CARTESIAN_POINT('Ctrl Pts',(-30.2591791243312,-10.8969455333189,3.30832087566885));
#2907=CARTESIAN_POINT('Ctrl Pts',(-28.68,-10.8969455333189,3.30832087566885));
#2908=CARTESIAN_POINT('Ctrl Pts',(-27.1008208756688,-10.8969455333189,3.30832087566885));
#2909=CARTESIAN_POINT('Ctrl Pts',(-27.1008208756688,-10.8969455333189,4.8875));
#2910=CARTESIAN_POINT('Ctrl Pts',(-27.1008208756688,-10.8969455333189,6.46667912433115));
#2911=CARTESIAN_POINT('Ctrl Pts',(-28.68,-10.8969455333189,6.46667912433115));
#2912=CARTESIAN_POINT('Ctrl Pts',(-28.68,-10.7905679777179,6.46496665537685));
#2913=CARTESIAN_POINT('Ctrl Pts',(-30.2574666553769,-10.7905679777179,6.46496665537685));
#2914=CARTESIAN_POINT('Ctrl Pts',(-30.2574666553769,-10.7905679777179,4.8875));
#2915=CARTESIAN_POINT('Ctrl Pts',(-30.2574666553769,-10.7905679777179,3.31003334462315));
#2916=CARTESIAN_POINT('Ctrl Pts',(-28.68,-10.7905679777179,3.31003334462315));
#2917=CARTESIAN_POINT('Ctrl Pts',(-27.1025333446231,-10.7905679777179,3.31003334462315));
#2918=CARTESIAN_POINT('Ctrl Pts',(-27.1025333446231,-10.7905679777179,4.8875));
#2919=CARTESIAN_POINT('Ctrl Pts',(-27.1025333446231,-10.7905679777179,6.46496665537685));
#2920=CARTESIAN_POINT('Ctrl Pts',(-28.68,-10.7905679777179,6.46496665537685));
#2921=CARTESIAN_POINT('Ctrl Pts',(-28.68,-10.6841974590425,6.46300205364824));
#2922=CARTESIAN_POINT('Ctrl Pts',(-30.2555020536482,-10.6841974590425,6.46300205364824));
#2923=CARTESIAN_POINT('Ctrl Pts',(-30.2555020536482,-10.6841974590425,4.8875));
#2924=CARTESIAN_POINT('Ctrl Pts',(-30.2555020536482,-10.6841974590425,3.31199794635176));
#2925=CARTESIAN_POINT('Ctrl Pts',(-28.68,-10.6841974590425,3.31199794635176));
#2926=CARTESIAN_POINT('Ctrl Pts',(-27.1044979463518,-10.6841974590425,3.31199794635176));
#2927=CARTESIAN_POINT('Ctrl Pts',(-27.1044979463518,-10.6841974590425,4.8875));
#2928=CARTESIAN_POINT('Ctrl Pts',(-27.1044979463518,-10.6841974590425,6.46300205364824));
#2929=CARTESIAN_POINT('Ctrl Pts',(-28.68,-10.6841974590425,6.46300205364824));
#2930=CARTESIAN_POINT('Ctrl Pts',(-28.68,-10.5778314496918,6.46078272261431));
#2931=CARTESIAN_POINT('Ctrl Pts',(-30.2532827226143,-10.5778314496918,6.46078272261431));
#2932=CARTESIAN_POINT('Ctrl Pts',(-30.2532827226143,-10.5778314496918,4.8875));
#2933=CARTESIAN_POINT('Ctrl Pts',(-30.2532827226143,-10.5778314496918,3.31421727738569));
#2934=CARTESIAN_POINT('Ctrl Pts',(-28.68,-10.5778314496918,3.31421727738569));
#2935=CARTESIAN_POINT('Ctrl Pts',(-27.1067172773857,-10.5778314496918,3.31421727738569));
#2936=CARTESIAN_POINT('Ctrl Pts',(-27.1067172773857,-10.5778314496918,4.8875));
#2937=CARTESIAN_POINT('Ctrl Pts',(-27.1067172773857,-10.5778314496918,6.46078272261431));
#2938=CARTESIAN_POINT('Ctrl Pts',(-28.68,-10.5778314496918,6.46078272261431));
#2939=CARTESIAN_POINT('Ctrl Pts',(-28.68,-10.4714673553297,6.45830597773837));
#2940=CARTESIAN_POINT('Ctrl Pts',(-30.2508059777384,-10.4714673553297,6.45830597773837));
#2941=CARTESIAN_POINT('Ctrl Pts',(-30.2508059777384,-10.4714673553297,4.8875));
#2942=CARTESIAN_POINT('Ctrl Pts',(-30.2508059777384,-10.4714673553297,3.31669402226163));
#2943=CARTESIAN_POINT('Ctrl Pts',(-28.68,-10.4714673553297,3.31669402226163));
#2944=CARTESIAN_POINT('Ctrl Pts',(-27.1091940222616,-10.4714673553297,3.31669402226163));
#2945=CARTESIAN_POINT('Ctrl Pts',(-27.1091940222616,-10.4714673553297,4.8875));
#2946=CARTESIAN_POINT('Ctrl Pts',(-27.1091940222616,-10.4714673553297,6.45830597773837));
#2947=CARTESIAN_POINT('Ctrl Pts',(-28.68,-10.4714673553297,6.45830597773837));
#2948=CARTESIAN_POINT('Ctrl Pts',(-28.68,-10.3651031635457,6.45556978030735));
#2949=CARTESIAN_POINT('Ctrl Pts',(-30.2480697803074,-10.3651031635457,6.45556978030735));
#2950=CARTESIAN_POINT('Ctrl Pts',(-30.2480697803074,-10.3651031635457,4.8875));
#2951=CARTESIAN_POINT('Ctrl Pts',(-30.2480697803074,-10.3651031635457,3.31943021969265));
#2952=CARTESIAN_POINT('Ctrl Pts',(-28.68,-10.3651031635457,3.31943021969265));
#2953=CARTESIAN_POINT('Ctrl Pts',(-27.1119302196926,-10.3651031635457,3.31943021969265));
#2954=CARTESIAN_POINT('Ctrl Pts',(-27.1119302196926,-10.3651031635457,4.8875));
#2955=CARTESIAN_POINT('Ctrl Pts',(-27.1119302196926,-10.3651031635457,6.45556978030735));
#2956=CARTESIAN_POINT('Ctrl Pts',(-28.68,-10.3651031635457,6.45556978030735));
#2957=CARTESIAN_POINT('Ctrl Pts',(-28.68,-10.258737598201,6.45257246004068));
#2958=CARTESIAN_POINT('Ctrl Pts',(-30.2450724600407,-10.258737598201,6.45257246004068));
#2959=CARTESIAN_POINT('Ctrl Pts',(-30.2450724600407,-10.258737598201,4.8875));
#2960=CARTESIAN_POINT('Ctrl Pts',(-30.2450724600407,-10.258737598201,3.32242753995932));
#2961=CARTESIAN_POINT('Ctrl Pts',(-28.68,-10.258737598201,3.32242753995932));
#2962=CARTESIAN_POINT('Ctrl Pts',(-27.1149275399593,-10.258737598201,3.32242753995932));
#2963=CARTESIAN_POINT('Ctrl Pts',(-27.1149275399593,-10.258737598201,4.8875));
#2964=CARTESIAN_POINT('Ctrl Pts',(-27.1149275399593,-10.258737598201,6.45257246004068));
#2965=CARTESIAN_POINT('Ctrl Pts',(-28.68,-10.258737598201,6.45257246004068));
#2966=CARTESIAN_POINT('Ctrl Pts',(-28.68,-10.152370263219,6.44931244540888));
#2967=CARTESIAN_POINT('Ctrl Pts',(-30.2418124454089,-10.152370263219,6.44931244540888));
#2968=CARTESIAN_POINT('Ctrl Pts',(-30.2418124454089,-10.152370263219,4.8875));
#2969=CARTESIAN_POINT('Ctrl Pts',(-30.2418124454089,-10.152370263219,3.32568755459112));
#2970=CARTESIAN_POINT('Ctrl Pts',(-28.68,-10.152370263219,3.32568755459112));
#2971=CARTESIAN_POINT('Ctrl Pts',(-27.1181875545911,-10.152370263219,3.32568755459112));
#2972=CARTESIAN_POINT('Ctrl Pts',(-27.1181875545911,-10.152370263219,4.8875));
#2973=CARTESIAN_POINT('Ctrl Pts',(-27.1181875545911,-10.152370263219,6.44931244540888));
#2974=CARTESIAN_POINT('Ctrl Pts',(-28.68,-10.152370263219,6.44931244540888));
#2975=CARTESIAN_POINT('Ctrl Pts',(-28.68,-10.0460018147593,6.44578797268572));
#2976=CARTESIAN_POINT('Ctrl Pts',(-30.2382879726857,-10.0460018147593,6.44578797268572));
#2977=CARTESIAN_POINT('Ctrl Pts',(-30.2382879726857,-10.0460018147593,4.8875));
#2978=CARTESIAN_POINT('Ctrl Pts',(-30.2382879726857,-10.0460018147593,3.32921202731428));
#2979=CARTESIAN_POINT('Ctrl Pts',(-28.68,-10.0460018147593,3.32921202731428));
#2980=CARTESIAN_POINT('Ctrl Pts',(-27.1217120273143,-10.0460018147593,3.32921202731428));
#2981=CARTESIAN_POINT('Ctrl Pts',(-27.1217120273143,-10.0460018147593,4.8875));
#2982=CARTESIAN_POINT('Ctrl Pts',(-27.1217120273143,-10.0460018147593,6.44578797268572));
#2983=CARTESIAN_POINT('Ctrl Pts',(-28.68,-10.0460018147593,6.44578797268572));
#2984=CARTESIAN_POINT('Ctrl Pts',(-28.68,-9.93963406660922,6.44199684611734));
#2985=CARTESIAN_POINT('Ctrl Pts',(-30.2344968461173,-9.93963406660922,6.44199684611734));
#2986=CARTESIAN_POINT('Ctrl Pts',(-30.2344968461173,-9.93963406660922,4.8875));
#2987=CARTESIAN_POINT('Ctrl Pts',(-30.2344968461173,-9.93963406660922,3.33300315388266));
#2988=CARTESIAN_POINT('Ctrl Pts',(-28.68,-9.93963406660922,3.33300315388266));
#2989=CARTESIAN_POINT('Ctrl Pts',(-27.1255031538827,-9.93963406660922,3.33300315388266));
#2990=CARTESIAN_POINT('Ctrl Pts',(-27.1255031538827,-9.93963406660922,4.8875));
#2991=CARTESIAN_POINT('Ctrl Pts',(-27.1255031538827,-9.93963406660922,6.44199684611734));
#2992=CARTESIAN_POINT('Ctrl Pts',(-28.68,-9.93963406660922,6.44199684611734));
#2993=CARTESIAN_POINT('Ctrl Pts',(-28.68,-9.83327025926387,6.43793607440932));
#2994=CARTESIAN_POINT('Ctrl Pts',(-30.2304360744093,-9.83327025926387,6.43793607440931));
#2995=CARTESIAN_POINT('Ctrl Pts',(-30.2304360744093,-9.83327025926387,4.8875));
#2996=CARTESIAN_POINT('Ctrl Pts',(-30.2304360744093,-9.83327025926387,3.33706392559069));
#2997=CARTESIAN_POINT('Ctrl Pts',(-28.68,-9.83327025926387,3.33706392559068));
#2998=CARTESIAN_POINT('Ctrl Pts',(-27.1295639255907,-9.83327025926387,3.33706392559069));
#2999=CARTESIAN_POINT('Ctrl Pts',(-27.1295639255907,-9.83327025926387,4.8875));
#3000=CARTESIAN_POINT('Ctrl Pts',(-27.1295639255907,-9.83327025926387,6.43793607440931));
#3001=CARTESIAN_POINT('Ctrl Pts',(-28.68,-9.83327025926387,6.43793607440932));
#3002=CARTESIAN_POINT('Ctrl Pts',(-28.68,-9.72691479003151,6.43360191608004));
#3003=CARTESIAN_POINT('Ctrl Pts',(-30.22610191608,-9.72691479003151,6.43360191608004));
#3004=CARTESIAN_POINT('Ctrl Pts',(-30.22610191608,-9.72691479003151,4.8875));
#3005=CARTESIAN_POINT('Ctrl Pts',(-30.22610191608,-9.72691479003151,3.34139808391996));
#3006=CARTESIAN_POINT('Ctrl Pts',(-28.68,-9.72691479003151,3.34139808391996));
#3007=CARTESIAN_POINT('Ctrl Pts',(-27.13389808392,-9.72691479003151,3.34139808391996));
#3008=CARTESIAN_POINT('Ctrl Pts',(-27.13389808392,-9.72691479003151,4.8875));
#3009=CARTESIAN_POINT('Ctrl Pts',(-27.13389808392,-9.72691479003151,6.43360191608004));
#3010=CARTESIAN_POINT('Ctrl Pts',(-28.68,-9.72691479003151,6.43360191608004));
#3011=CARTESIAN_POINT('Ctrl Pts',(-28.68,-9.62057201409941,6.42899063233142));
#3012=CARTESIAN_POINT('Ctrl Pts',(-30.2214906323314,-9.62057201409941,6.42899063233142));
#3013=CARTESIAN_POINT('Ctrl Pts',(-30.2214906323314,-9.62057201409941,4.8875));
#3014=CARTESIAN_POINT('Ctrl Pts',(-30.2214906323314,-9.62057201409941,3.34600936766858));
#3015=CARTESIAN_POINT('Ctrl Pts',(-28.68,-9.62057201409941,3.34600936766858));
#3016=CARTESIAN_POINT('Ctrl Pts',(-27.1385093676686,-9.62057201409941,3.34600936766858));
#3017=CARTESIAN_POINT('Ctrl Pts',(-27.1385093676686,-9.62057201409941,4.8875));
#3018=CARTESIAN_POINT('Ctrl Pts',(-27.1385093676686,-9.62057201409941,6.42899063233142));
#3019=CARTESIAN_POINT('Ctrl Pts',(-28.68,-9.62057201409941,6.42899063233142));
#3020=CARTESIAN_POINT('Ctrl Pts',(-28.68,-9.51424528931014,6.42409905093121));
#3021=CARTESIAN_POINT('Ctrl Pts',(-30.2165990509312,-9.51424528931014,6.42409905093121));
#3022=CARTESIAN_POINT('Ctrl Pts',(-30.2165990509312,-9.51424528931014,4.8875));
#3023=CARTESIAN_POINT('Ctrl Pts',(-30.2165990509312,-9.51424528931014,3.35090094906879));
#3024=CARTESIAN_POINT('Ctrl Pts',(-28.68,-9.51424528931014,3.35090094906879));
#3025=CARTESIAN_POINT('Ctrl Pts',(-27.1434009490688,-9.51424528931014,3.35090094906879));
#3026=CARTESIAN_POINT('Ctrl Pts',(-27.1434009490688,-9.51424528931014,4.8875));
#3027=CARTESIAN_POINT('Ctrl Pts',(-27.1434009490688,-9.51424528931014,6.42409905093121));
#3028=CARTESIAN_POINT('Ctrl Pts',(-28.68,-9.51424528931014,6.42409905093121));
#3029=CARTESIAN_POINT('Ctrl Pts',(-28.68,-9.40793585632777,6.41892526474213));
#3030=CARTESIAN_POINT('Ctrl Pts',(-30.2114252647421,-9.40793585632777,6.41892526474213));
#3031=CARTESIAN_POINT('Ctrl Pts',(-30.2114252647421,-9.40793585632777,4.8875));
#3032=CARTESIAN_POINT('Ctrl Pts',(-30.2114252647421,-9.40793585632777,3.35607473525787));
#3033=CARTESIAN_POINT('Ctrl Pts',(-28.68,-9.40793585632777,3.35607473525787));
#3034=CARTESIAN_POINT('Ctrl Pts',(-27.1485747352579,-9.40793585632777,3.35607473525787));
#3035=CARTESIAN_POINT('Ctrl Pts',(-27.1485747352579,-9.40793585632777,4.8875));
#3036=CARTESIAN_POINT('Ctrl Pts',(-27.1485747352579,-9.40793585632777,6.41892526474213));
#3037=CARTESIAN_POINT('Ctrl Pts',(-28.68,-9.40793585632777,6.41892526474213));
#3038=CARTESIAN_POINT('Ctrl Pts',(-28.68,-9.30164194166635,6.41346913875589));
#3039=CARTESIAN_POINT('Ctrl Pts',(-30.2059691387559,-9.30164194166635,6.41346913875589));
#3040=CARTESIAN_POINT('Ctrl Pts',(-30.2059691387559,-9.30164194166635,4.8875));
#3041=CARTESIAN_POINT('Ctrl Pts',(-30.2059691387559,-9.30164194166635,3.36153086124411));
#3042=CARTESIAN_POINT('Ctrl Pts',(-28.68,-9.30164194166635,3.36153086124411));
#3043=CARTESIAN_POINT('Ctrl Pts',(-27.1540308612441,-9.30164194166635,3.36153086124411));
#3044=CARTESIAN_POINT('Ctrl Pts',(-27.1540308612441,-9.30164194166635,4.8875));
#3045=CARTESIAN_POINT('Ctrl Pts',(-27.1540308612441,-9.30164194166635,6.41346913875589));
#3046=CARTESIAN_POINT('Ctrl Pts',(-28.68,-9.30164194166635,6.41346913875589));
#3047=CARTESIAN_POINT('Ctrl Pts',(-28.68,-9.19535736662463,6.40773324892807));
#3048=CARTESIAN_POINT('Ctrl Pts',(-30.2002332489281,-9.19535736662463,6.40773324892807));
#3049=CARTESIAN_POINT('Ctrl Pts',(-30.2002332489281,-9.19535736662463,4.8875));
#3050=CARTESIAN_POINT('Ctrl Pts',(-30.2002332489281,-9.19535736662463,3.36726675107193));
#3051=CARTESIAN_POINT('Ctrl Pts',(-28.68,-9.19535736662463,3.36726675107193));
#3052=CARTESIAN_POINT('Ctrl Pts',(-27.1597667510719,-9.19535736662463,3.36726675107193));
#3053=CARTESIAN_POINT('Ctrl Pts',(-27.1597667510719,-9.19535736662463,4.8875));
#3054=CARTESIAN_POINT('Ctrl Pts',(-27.1597667510719,-9.19535736662463,6.40773324892807));
#3055=CARTESIAN_POINT('Ctrl Pts',(-28.68,-9.19535736662463,6.40773324892807));
#3056=CARTESIAN_POINT('Ctrl Pts',(-28.68,-9.08907308049299,6.40172126248178));
#3057=CARTESIAN_POINT('Ctrl Pts',(-30.1942212624818,-9.08907308049299,6.40172126248178));
#3058=CARTESIAN_POINT('Ctrl Pts',(-30.1942212624818,-9.08907308049299,4.8875));
#3059=CARTESIAN_POINT('Ctrl Pts',(-30.1942212624818,-9.08907308049299,3.37327873751823));
#3060=CARTESIAN_POINT('Ctrl Pts',(-28.68,-9.08907308049299,3.37327873751823));
#3061=CARTESIAN_POINT('Ctrl Pts',(-27.1657787375182,-9.08907308049299,3.37327873751823));
#3062=CARTESIAN_POINT('Ctrl Pts',(-27.1657787375182,-9.08907308049299,4.8875));
#3063=CARTESIAN_POINT('Ctrl Pts',(-27.1657787375182,-9.08907308049299,6.40172126248178));
#3064=CARTESIAN_POINT('Ctrl Pts',(-28.68,-9.08907308049299,6.40172126248178));
#3065=CARTESIAN_POINT('Ctrl Pts',(-28.68,-8.98277951384577,6.39543561289022));
#3066=CARTESIAN_POINT('Ctrl Pts',(-30.1879356128902,-8.98277951384577,6.39543561289022));
#3067=CARTESIAN_POINT('Ctrl Pts',(-30.1879356128902,-8.98277951384577,4.8875));
#3068=CARTESIAN_POINT('Ctrl Pts',(-30.1879356128902,-8.98277951384577,3.37956438710978));
#3069=CARTESIAN_POINT('Ctrl Pts',(-28.68,-8.98277951384577,3.37956438710978));
#3070=CARTESIAN_POINT('Ctrl Pts',(-27.1720643871098,-8.98277951384577,3.37956438710978));
#3071=CARTESIAN_POINT('Ctrl Pts',(-27.1720643871098,-8.98277951384577,4.8875));
#3072=CARTESIAN_POINT('Ctrl Pts',(-27.1720643871098,-8.98277951384577,6.39543561289022));
#3073=CARTESIAN_POINT('Ctrl Pts',(-28.68,-8.98277951384577,6.39543561289022));
#3074=CARTESIAN_POINT('Ctrl Pts',(-28.68,-8.8764686982763,6.38887535161615));
#3075=CARTESIAN_POINT('Ctrl Pts',(-30.1813753516162,-8.8764686982763,6.38887535161615));
#3076=CARTESIAN_POINT('Ctrl Pts',(-30.1813753516162,-8.8764686982763,4.8875));
#3077=CARTESIAN_POINT('Ctrl Pts',(-30.1813753516162,-8.8764686982763,3.38612464838385));
#3078=CARTESIAN_POINT('Ctrl Pts',(-28.68,-8.8764686982763,3.38612464838385));
#3079=CARTESIAN_POINT('Ctrl Pts',(-27.1786246483838,-8.8764686982763,3.38612464838385));
#3080=CARTESIAN_POINT('Ctrl Pts',(-27.1786246483838,-8.8764686982763,4.8875));
#3081=CARTESIAN_POINT('Ctrl Pts',(-27.1786246483838,-8.8764686982763,6.38887535161615));
#3082=CARTESIAN_POINT('Ctrl Pts',(-28.68,-8.8764686982763,6.38887535161615));
#3083=CARTESIAN_POINT('Ctrl Pts',(-28.68,-8.77013639074379,6.38203405797436));
#3084=CARTESIAN_POINT('Ctrl Pts',(-30.1745340579744,-8.77013639074379,6.38203405797436));
#3085=CARTESIAN_POINT('Ctrl Pts',(-30.1745340579744,-8.77013639074379,4.8875));
#3086=CARTESIAN_POINT('Ctrl Pts',(-30.1745340579744,-8.77013639074379,3.39296594202564));
#3087=CARTESIAN_POINT('Ctrl Pts',(-28.68,-8.77013639074379,3.39296594202564));
#3088=CARTESIAN_POINT('Ctrl Pts',(-27.1854659420256,-8.77013639074379,3.39296594202564));
#3089=CARTESIAN_POINT('Ctrl Pts',(-27.1854659420256,-8.77013639074379,4.8875));
#3090=CARTESIAN_POINT('Ctrl Pts',(-27.1854659420256,-8.77013639074379,6.38203405797436));
#3091=CARTESIAN_POINT('Ctrl Pts',(-28.68,-8.77013639074379,6.38203405797436));
#3092=CARTESIAN_POINT('Ctrl Pts',(-28.68,-8.66378442005615,6.37489740504027));
#3093=CARTESIAN_POINT('Ctrl Pts',(-30.1673974050403,-8.66378442005615,6.37489740504027));
#3094=CARTESIAN_POINT('Ctrl Pts',(-30.1673974050403,-8.66378442005615,4.8875));
#3095=CARTESIAN_POINT('Ctrl Pts',(-30.1673974050403,-8.66378442005615,3.40010259495973));
#3096=CARTESIAN_POINT('Ctrl Pts',(-28.68,-8.66378442005615,3.40010259495973));
#3097=CARTESIAN_POINT('Ctrl Pts',(-27.1926025949597,-8.66378442005615,3.40010259495973));
#3098=CARTESIAN_POINT('Ctrl Pts',(-27.1926025949597,-8.66378442005615,4.8875));
#3099=CARTESIAN_POINT('Ctrl Pts',(-27.1926025949597,-8.66378442005615,6.37489740504027));
#3100=CARTESIAN_POINT('Ctrl Pts',(-28.68,-8.66378442005615,6.37489740504027));
#3101=CARTESIAN_POINT('Ctrl Pts',(-28.68,-8.55742227946669,6.36744181473657));
#3102=CARTESIAN_POINT('Ctrl Pts',(-30.1599418147366,-8.55742227946669,6.36744181473657));
#3103=CARTESIAN_POINT('Ctrl Pts',(-30.1599418147366,-8.55742227946669,4.8875));
#3104=CARTESIAN_POINT('Ctrl Pts',(-30.1599418147366,-8.55742227946669,3.40755818526343));
#3105=CARTESIAN_POINT('Ctrl Pts',(-28.68,-8.55742227946669,3.40755818526343));
#3106=CARTESIAN_POINT('Ctrl Pts',(-27.2000581852634,-8.55742227946669,3.40755818526343));
#3107=CARTESIAN_POINT('Ctrl Pts',(-27.2000581852634,-8.55742227946669,4.8875));
#3108=CARTESIAN_POINT('Ctrl Pts',(-27.2000581852634,-8.55742227946669,6.36744181473657));
#3109=CARTESIAN_POINT('Ctrl Pts',(-28.68,-8.55742227946669,6.36744181473657));
#3110=CARTESIAN_POINT('Ctrl Pts',(-28.68,-8.45106383475449,6.3596402122547));
#3111=CARTESIAN_POINT('Ctrl Pts',(-30.1521402122547,-8.45106383475449,6.3596402122547));
#3112=CARTESIAN_POINT('Ctrl Pts',(-30.1521402122547,-8.45106383475449,4.8875));
#3113=CARTESIAN_POINT('Ctrl Pts',(-30.1521402122547,-8.45106383475449,3.41535978774531));
#3114=CARTESIAN_POINT('Ctrl Pts',(-28.68,-8.45106383475449,3.41535978774531));
#3115=CARTESIAN_POINT('Ctrl Pts',(-27.2078597877453,-8.45106383475449,3.41535978774531));
#3116=CARTESIAN_POINT('Ctrl Pts',(-27.2078597877453,-8.45106383475449,4.8875));
#3117=CARTESIAN_POINT('Ctrl Pts',(-27.2078597877453,-8.45106383475449,6.3596402122547));
#3118=CARTESIAN_POINT('Ctrl Pts',(-28.68,-8.45106383475449,6.3596402122547));
#3119=CARTESIAN_POINT('Ctrl Pts',(-28.68,-8.3447246572914,6.35146679892717));
#3120=CARTESIAN_POINT('Ctrl Pts',(-30.1439667989272,-8.3447246572914,6.35146679892717));
#3121=CARTESIAN_POINT('Ctrl Pts',(-30.1439667989272,-8.3447246572914,4.8875));
#3122=CARTESIAN_POINT('Ctrl Pts',(-30.1439667989272,-8.3447246572914,3.42353320107283));
#3123=CARTESIAN_POINT('Ctrl Pts',(-28.68,-8.3447246572914,3.42353320107283));
#3124=CARTESIAN_POINT('Ctrl Pts',(-27.2160332010728,-8.3447246572914,3.42353320107283));
#3125=CARTESIAN_POINT('Ctrl Pts',(-27.2160332010728,-8.3447246572914,4.8875));
#3126=CARTESIAN_POINT('Ctrl Pts',(-27.2160332010728,-8.3447246572914,6.35146679892717));
#3127=CARTESIAN_POINT('Ctrl Pts',(-28.68,-8.3447246572914,6.35146679892717));
#3128=CARTESIAN_POINT('Ctrl Pts',(-28.68,-8.23841898032769,6.34290255842291));
#3129=CARTESIAN_POINT('Ctrl Pts',(-30.1354025584229,-8.23841898032769,6.34290255842291));
#3130=CARTESIAN_POINT('Ctrl Pts',(-30.1354025584229,-8.23841898032769,4.8875));
#3131=CARTESIAN_POINT('Ctrl Pts',(-30.1354025584229,-8.23841898032769,3.43209744157709));
#3132=CARTESIAN_POINT('Ctrl Pts',(-28.68,-8.23841898032769,3.43209744157709));
#3133=CARTESIAN_POINT('Ctrl Pts',(-27.2245974415771,-8.23841898032769,3.43209744157709));
#3134=CARTESIAN_POINT('Ctrl Pts',(-27.2245974415771,-8.23841898032769,4.8875));
#3135=CARTESIAN_POINT('Ctrl Pts',(-27.2245974415771,-8.23841898032769,6.34290255842291));
#3136=CARTESIAN_POINT('Ctrl Pts',(-28.68,-8.23841898032769,6.34290255842291));
#3137=CARTESIAN_POINT('Ctrl Pts',(-28.68,-8.13215712862266,6.3339396426199));
#3138=CARTESIAN_POINT('Ctrl Pts',(-30.1264396426199,-8.13215712862266,6.3339396426199));
#3139=CARTESIAN_POINT('Ctrl Pts',(-30.1264396426199,-8.13215712862266,4.8875));
#3140=CARTESIAN_POINT('Ctrl Pts',(-30.1264396426199,-8.13215712862266,3.4410603573801));
#3141=CARTESIAN_POINT('Ctrl Pts',(-28.68,-8.13215712862266,3.4410603573801));
#3142=CARTESIAN_POINT('Ctrl Pts',(-27.2335603573801,-8.13215712862266,3.4410603573801));
#3143=CARTESIAN_POINT('Ctrl Pts',(-27.2335603573801,-8.13215712862266,4.8875));
#3144=CARTESIAN_POINT('Ctrl Pts',(-27.2335603573801,-8.13215712862266,6.3339396426199));
#3145=CARTESIAN_POINT('Ctrl Pts',(-28.68,-8.13215712862266,6.3339396426199));
#3146=CARTESIAN_POINT('Ctrl Pts',(-28.68,-8.02594196731955,6.32458825384053));
#3147=CARTESIAN_POINT('Ctrl Pts',(-30.1170882538405,-8.02594196731955,6.32458825384053));
#3148=CARTESIAN_POINT('Ctrl Pts',(-30.1170882538405,-8.02594196731955,4.8875));
#3149=CARTESIAN_POINT('Ctrl Pts',(-30.1170882538405,-8.02594196731955,3.45041174615947));
#3150=CARTESIAN_POINT('Ctrl Pts',(-28.68,-8.02594196731955,3.45041174615947));
#3151=CARTESIAN_POINT('Ctrl Pts',(-27.2429117461595,-8.02594196731955,3.45041174615947));
#3152=CARTESIAN_POINT('Ctrl Pts',(-27.2429117461595,-8.02594196731955,4.8875));
#3153=CARTESIAN_POINT('Ctrl Pts',(-27.2429117461595,-8.02594196731955,6.32458825384053));
#3154=CARTESIAN_POINT('Ctrl Pts',(-28.68,-8.02594196731955,6.32458825384053));
#3155=CARTESIAN_POINT('Ctrl Pts',(-28.68,-7.91976894470464,6.31487422828541));
#3156=CARTESIAN_POINT('Ctrl Pts',(-30.1073742282854,-7.91976894470464,6.31487422828541));
#3157=CARTESIAN_POINT('Ctrl Pts',(-30.1073742282854,-7.91976894470464,4.8875));
#3158=CARTESIAN_POINT('Ctrl Pts',(-30.1073742282854,-7.91976894470464,3.46012577171459));
#3159=CARTESIAN_POINT('Ctrl Pts',(-28.68,-7.91976894470464,3.46012577171459));
#3160=CARTESIAN_POINT('Ctrl Pts',(-27.2526257717146,-7.91976894470464,3.46012577171459));
#3161=CARTESIAN_POINT('Ctrl Pts',(-27.2526257717146,-7.91976894470464,4.8875));
#3162=CARTESIAN_POINT('Ctrl Pts',(-27.2526257717146,-7.91976894470464,6.31487422828541));
#3163=CARTESIAN_POINT('Ctrl Pts',(-28.68,-7.91976894470464,6.31487422828541));
#3164=CARTESIAN_POINT('Ctrl Pts',(-28.68,-7.81362935667638,6.30482821655669));
#3165=CARTESIAN_POINT('Ctrl Pts',(-30.0973282165567,-7.81362935667638,6.30482821655669));
#3166=CARTESIAN_POINT('Ctrl Pts',(-30.0973282165567,-7.81362935667638,4.8875));
#3167=CARTESIAN_POINT('Ctrl Pts',(-30.0973282165567,-7.81362935667638,3.47017178344331));
#3168=CARTESIAN_POINT('Ctrl Pts',(-28.68,-7.81362935667638,3.47017178344331));
#3169=CARTESIAN_POINT('Ctrl Pts',(-27.2626717834433,-7.81362935667638,3.47017178344331));
#3170=CARTESIAN_POINT('Ctrl Pts',(-27.2626717834433,-7.81362935667638,4.8875));
#3171=CARTESIAN_POINT('Ctrl Pts',(-27.2626717834433,-7.81362935667638,6.30482821655669));
#3172=CARTESIAN_POINT('Ctrl Pts',(-28.68,-7.81362935667638,6.30482821655669));
#3173=CARTESIAN_POINT('Ctrl Pts',(-28.68,-7.70751268950204,6.29447732647118));
#3174=CARTESIAN_POINT('Ctrl Pts',(-30.0869773264712,-7.70751268950204,6.29447732647118));
#3175=CARTESIAN_POINT('Ctrl Pts',(-30.0869773264712,-7.70751268950204,4.8875));
#3176=CARTESIAN_POINT('Ctrl Pts',(-30.0869773264712,-7.70751268950204,3.48052267352882));
#3177=CARTESIAN_POINT('Ctrl Pts',(-28.68,-7.70751268950204,3.48052267352882));
#3178=CARTESIAN_POINT('Ctrl Pts',(-27.2730226735288,-7.70751268950204,3.48052267352882));
#3179=CARTESIAN_POINT('Ctrl Pts',(-27.2730226735288,-7.70751268950204,4.8875));
#3180=CARTESIAN_POINT('Ctrl Pts',(-27.2730226735288,-7.70751268950204,6.29447732647118));
#3181=CARTESIAN_POINT('Ctrl Pts',(-28.68,-7.70751268950204,6.29447732647118));
#3182=CARTESIAN_POINT('Ctrl Pts',(-28.68,-7.60140938819435,6.28383549890463));
#3183=CARTESIAN_POINT('Ctrl Pts',(-30.0763354989046,-7.60140938819435,6.28383549890463));
#3184=CARTESIAN_POINT('Ctrl Pts',(-30.0763354989046,-7.60140938819435,4.8875));
#3185=CARTESIAN_POINT('Ctrl Pts',(-30.0763354989046,-7.60140938819435,3.49116450109537));
#3186=CARTESIAN_POINT('Ctrl Pts',(-28.68,-7.60140938819435,3.49116450109537));
#3187=CARTESIAN_POINT('Ctrl Pts',(-27.2836645010954,-7.60140938819435,3.49116450109537));
#3188=CARTESIAN_POINT('Ctrl Pts',(-27.2836645010954,-7.60140938819435,4.8875));
#3189=CARTESIAN_POINT('Ctrl Pts',(-27.2836645010954,-7.60140938819435,6.28383549890463));
#3190=CARTESIAN_POINT('Ctrl Pts',(-28.68,-7.60140938819435,6.28383549890463));
#3191=CARTESIAN_POINT('Ctrl Pts',(-28.68,-7.49531332749075,6.27289502319999));
#3192=CARTESIAN_POINT('Ctrl Pts',(-30.0653950232,-7.49531332749075,6.27289502319999));
#3193=CARTESIAN_POINT('Ctrl Pts',(-30.0653950232,-7.49531332749075,4.8875));
#3194=CARTESIAN_POINT('Ctrl Pts',(-30.0653950232,-7.49531332749075,3.50210497680001));
#3195=CARTESIAN_POINT('Ctrl Pts',(-28.68,-7.49531332749075,3.50210497680001));
#3196=CARTESIAN_POINT('Ctrl Pts',(-27.2946049768,-7.49531332749075,3.50210497680001));
#3197=CARTESIAN_POINT('Ctrl Pts',(-27.2946049768,-7.49531332749075,4.8875));
#3198=CARTESIAN_POINT('Ctrl Pts',(-27.2946049768,-7.49531332749075,6.27289502319999));
#3199=CARTESIAN_POINT('Ctrl Pts',(-28.68,-7.49531332749075,6.27289502319999));
#3200=CARTESIAN_POINT('Ctrl Pts',(-28.68,-7.38922472031753,6.2616159435967));
#3201=CARTESIAN_POINT('Ctrl Pts',(-30.0541159435967,-7.38922472031753,6.2616159435967));
#3202=CARTESIAN_POINT('Ctrl Pts',(-30.0541159435967,-7.38922472031753,4.8875));
#3203=CARTESIAN_POINT('Ctrl Pts',(-30.0541159435967,-7.38922472031753,3.5133840564033));
#3204=CARTESIAN_POINT('Ctrl Pts',(-28.68,-7.38922472031753,3.5133840564033));
#3205=CARTESIAN_POINT('Ctrl Pts',(-27.3058840564033,-7.38922472031753,3.5133840564033));
#3206=CARTESIAN_POINT('Ctrl Pts',(-27.3058840564033,-7.38922472031753,4.8875));
#3207=CARTESIAN_POINT('Ctrl Pts',(-27.3058840564033,-7.38922472031753,6.2616159435967));
#3208=CARTESIAN_POINT('Ctrl Pts',(-28.68,-7.38922472031753,6.2616159435967));
#3209=CARTESIAN_POINT('Ctrl Pts',(-28.68,-7.28314837152138,6.24993951494545));
#3210=CARTESIAN_POINT('Ctrl Pts',(-30.0424395149455,-7.28314837152138,6.24993951494545));
#3211=CARTESIAN_POINT('Ctrl Pts',(-30.0424395149455,-7.28314837152138,4.8875));
#3212=CARTESIAN_POINT('Ctrl Pts',(-30.0424395149455,-7.28314837152138,3.52506048505455));
#3213=CARTESIAN_POINT('Ctrl Pts',(-28.68,-7.28314837152138,3.52506048505455));
#3214=CARTESIAN_POINT('Ctrl Pts',(-27.3175604850545,-7.28314837152138,3.52506048505455));
#3215=CARTESIAN_POINT('Ctrl Pts',(-27.3175604850545,-7.28314837152138,4.8875));
#3216=CARTESIAN_POINT('Ctrl Pts',(-27.3175604850545,-7.28314837152138,6.24993951494545));
#3217=CARTESIAN_POINT('Ctrl Pts',(-28.68,-7.28314837152138,6.24993951494545));
#3218=CARTESIAN_POINT('Ctrl Pts',(-28.68,-7.17709151096373,6.23780377070839));
#3219=CARTESIAN_POINT('Ctrl Pts',(-30.0303037707084,-7.17709151096373,6.23780377070839));
#3220=CARTESIAN_POINT('Ctrl Pts',(-30.0303037707084,-7.17709151096373,4.8875));
#3221=CARTESIAN_POINT('Ctrl Pts',(-30.0303037707084,-7.17709151096373,3.53719622929161));
#3222=CARTESIAN_POINT('Ctrl Pts',(-28.68,-7.17709151096373,3.53719622929161));
#3223=CARTESIAN_POINT('Ctrl Pts',(-27.3296962292916,-7.17709151096373,3.53719622929161));
#3224=CARTESIAN_POINT('Ctrl Pts',(-27.3296962292916,-7.17709151096373,4.8875));
#3225=CARTESIAN_POINT('Ctrl Pts',(-27.3296962292916,-7.17709151096373,6.23780377070839));
#3226=CARTESIAN_POINT('Ctrl Pts',(-28.68,-7.17709151096373,6.23780377070839));
#3227=CARTESIAN_POINT('Ctrl Pts',(-28.68,-7.07106172411754,6.22515880441912));
#3228=CARTESIAN_POINT('Ctrl Pts',(-30.0176588044191,-7.07106172411754,6.22515880441912));
#3229=CARTESIAN_POINT('Ctrl Pts',(-30.0176588044191,-7.07106172411754,4.8875));
#3230=CARTESIAN_POINT('Ctrl Pts',(-30.0176588044191,-7.07106172411754,3.54984119558088));
#3231=CARTESIAN_POINT('Ctrl Pts',(-28.68,-7.07106172411754,3.54984119558088));
#3232=CARTESIAN_POINT('Ctrl Pts',(-27.3423411955809,-7.07106172411754,3.54984119558088));
#3233=CARTESIAN_POINT('Ctrl Pts',(-27.3423411955809,-7.07106172411754,4.8875));
#3234=CARTESIAN_POINT('Ctrl Pts',(-27.3423411955809,-7.07106172411754,6.22515880441912));
#3235=CARTESIAN_POINT('Ctrl Pts',(-28.68,-7.07106172411754,6.22515880441912));
#3236=CARTESIAN_POINT('Ctrl Pts',(-28.68,-6.96506496310526,6.21198111491369));
#3237=CARTESIAN_POINT('Ctrl Pts',(-30.0044811149137,-6.96506496310526,6.21198111491369));
#3238=CARTESIAN_POINT('Ctrl Pts',(-30.0044811149137,-6.96506496310526,4.8875));
#3239=CARTESIAN_POINT('Ctrl Pts',(-30.0044811149137,-6.96506496310526,3.56301888508631));
#3240=CARTESIAN_POINT('Ctrl Pts',(-28.68,-6.96506496310526,3.56301888508631));
#3241=CARTESIAN_POINT('Ctrl Pts',(-27.3555188850863,-6.96506496310526,3.56301888508631));
#3242=CARTESIAN_POINT('Ctrl Pts',(-27.3555188850863,-6.96506496310526,4.8875));
#3243=CARTESIAN_POINT('Ctrl Pts',(-27.3555188850863,-6.96506496310526,6.21198111491369));
#3244=CARTESIAN_POINT('Ctrl Pts',(-28.68,-6.96506496310526,6.21198111491369));
#3245=CARTESIAN_POINT('Ctrl Pts',(-28.68,-6.85910323196829,6.19829091479353));
#3246=CARTESIAN_POINT('Ctrl Pts',(-29.9907909147935,-6.85910323196829,6.19829091479353));
#3247=CARTESIAN_POINT('Ctrl Pts',(-29.9907909147935,-6.85910323196829,4.8875));
#3248=CARTESIAN_POINT('Ctrl Pts',(-29.9907909147935,-6.85910323196829,3.57670908520647));
#3249=CARTESIAN_POINT('Ctrl Pts',(-28.68,-6.85910323196829,3.57670908520647));
#3250=CARTESIAN_POINT('Ctrl Pts',(-27.3692090852065,-6.85910323196829,3.57670908520647));
#3251=CARTESIAN_POINT('Ctrl Pts',(-27.3692090852065,-6.85910323196829,4.8875));
#3252=CARTESIAN_POINT('Ctrl Pts',(-27.3692090852065,-6.85910323196829,6.19829091479353));
#3253=CARTESIAN_POINT('Ctrl Pts',(-28.68,-6.85910323196829,6.19829091479353));
#3254=CARTESIAN_POINT('Ctrl Pts',(-28.68,-6.75317333841821,6.18416004221282));
#3255=CARTESIAN_POINT('Ctrl Pts',(-29.9766600422128,-6.75317333841821,6.18416004221282));
#3256=CARTESIAN_POINT('Ctrl Pts',(-29.9766600422128,-6.75317333841821,4.8875));
#3257=CARTESIAN_POINT('Ctrl Pts',(-29.9766600422128,-6.75317333841821,3.59083995778718));
#3258=CARTESIAN_POINT('Ctrl Pts',(-28.68,-6.75317333841821,3.59083995778718));
#3259=CARTESIAN_POINT('Ctrl Pts',(-27.3833399577872,-6.75317333841821,3.59083995778718));
#3260=CARTESIAN_POINT('Ctrl Pts',(-27.3833399577872,-6.75317333841821,4.8875));
#3261=CARTESIAN_POINT('Ctrl Pts',(-27.3833399577872,-6.75317333841821,6.18416004221282));
#3262=CARTESIAN_POINT('Ctrl Pts',(-28.68,-6.75317333841821,6.18416004221282));
#3263=CARTESIAN_POINT('Ctrl Pts',(-28.68,-6.64726868526045,6.16969316636391));
#3264=CARTESIAN_POINT('Ctrl Pts',(-29.9621931663639,-6.64726868526045,6.16969316636391));
#3265=CARTESIAN_POINT('Ctrl Pts',(-29.9621931663639,-6.64726868526045,4.8875));
#3266=CARTESIAN_POINT('Ctrl Pts',(-29.9621931663639,-6.64726868526045,3.60530683363609));
#3267=CARTESIAN_POINT('Ctrl Pts',(-28.68,-6.64726868526045,3.60530683363609));
#3268=CARTESIAN_POINT('Ctrl Pts',(-27.3978068336361,-6.64726868526045,3.60530683363609));
#3269=CARTESIAN_POINT('Ctrl Pts',(-27.3978068336361,-6.64726868526045,4.8875));
#3270=CARTESIAN_POINT('Ctrl Pts',(-27.3978068336361,-6.64726868526045,6.16969316636391));
#3271=CARTESIAN_POINT('Ctrl Pts',(-28.68,-6.64726868526045,6.16969316636391));
#3272=CARTESIAN_POINT('Ctrl Pts',(-28.68,-6.54138048334923,6.15501413040891));
#3273=CARTESIAN_POINT('Ctrl Pts',(-29.9475141304089,-6.54138048334923,6.15501413040891));
#3274=CARTESIAN_POINT('Ctrl Pts',(-29.9475141304089,-6.54138048334923,4.8875));
#3275=CARTESIAN_POINT('Ctrl Pts',(-29.9475141304089,-6.54138048334923,3.61998586959109));
#3276=CARTESIAN_POINT('Ctrl Pts',(-28.68,-6.54138048334923,3.61998586959109));
#3277=CARTESIAN_POINT('Ctrl Pts',(-27.4124858695911,-6.54138048334923,3.61998586959109));
#3278=CARTESIAN_POINT('Ctrl Pts',(-27.4124858695911,-6.54138048334923,4.8875));
#3279=CARTESIAN_POINT('Ctrl Pts',(-27.4124858695911,-6.54138048334923,6.15501413040891));
#3280=CARTESIAN_POINT('Ctrl Pts',(-28.68,-6.54138048334923,6.15501413040891));
#3281=CARTESIAN_POINT('Ctrl Pts',(-28.68,-6.43549923759558,6.14024975271414));
#3282=CARTESIAN_POINT('Ctrl Pts',(-29.9327497527141,-6.43549923759558,6.14024975271414));
#3283=CARTESIAN_POINT('Ctrl Pts',(-29.9327497527141,-6.43549923759558,4.8875));
#3284=CARTESIAN_POINT('Ctrl Pts',(-29.9327497527141,-6.43549923759558,3.63475024728586));
#3285=CARTESIAN_POINT('Ctrl Pts',(-28.68,-6.43549923759558,3.63475024728586));
#3286=CARTESIAN_POINT('Ctrl Pts',(-27.4272502472859,-6.43549923759558,3.63475024728586));
#3287=CARTESIAN_POINT('Ctrl Pts',(-27.4272502472859,-6.43549923759558,4.8875));
#3288=CARTESIAN_POINT('Ctrl Pts',(-27.4272502472859,-6.43549923759558,6.14024975271414));
#3289=CARTESIAN_POINT('Ctrl Pts',(-28.68,-6.43549923759558,6.14024975271414));
#3290=CARTESIAN_POINT('Ctrl Pts',(-28.68,-6.32961601087095,6.12551591975207));
#3291=CARTESIAN_POINT('Ctrl Pts',(-29.9180159197521,-6.32961601087095,6.12551591975207));
#3292=CARTESIAN_POINT('Ctrl Pts',(-29.9180159197521,-6.32961601087095,4.8875));
#3293=CARTESIAN_POINT('Ctrl Pts',(-29.9180159197521,-6.32961601087095,3.64948408024793));
#3294=CARTESIAN_POINT('Ctrl Pts',(-28.68,-6.32961601087095,3.64948408024793));
#3295=CARTESIAN_POINT('Ctrl Pts',(-27.4419840802479,-6.32961601087095,3.64948408024793));
#3296=CARTESIAN_POINT('Ctrl Pts',(-27.4419840802479,-6.32961601087095,4.8875));
#3297=CARTESIAN_POINT('Ctrl Pts',(-27.4419840802479,-6.32961601087095,6.12551591975207));
#3298=CARTESIAN_POINT('Ctrl Pts',(-28.68,-6.32961601087095,6.12551591975207));
#3299=CARTESIAN_POINT('Ctrl Pts',(-28.68,-6.22372404813991,6.11089965771889));
#3300=CARTESIAN_POINT('Ctrl Pts',(-29.9033996577189,-6.22372404813991,6.11089965771889));
#3301=CARTESIAN_POINT('Ctrl Pts',(-29.9033996577189,-6.22372404813991,4.8875));
#3302=CARTESIAN_POINT('Ctrl Pts',(-29.9033996577189,-6.22372404813991,3.66410034228111));
#3303=CARTESIAN_POINT('Ctrl Pts',(-28.68,-6.22372404813991,3.66410034228111));
#3304=CARTESIAN_POINT('Ctrl Pts',(-27.4566003422811,-6.22372404813991,3.66410034228111));
#3305=CARTESIAN_POINT('Ctrl Pts',(-27.4566003422811,-6.22372404813991,4.8875));
#3306=CARTESIAN_POINT('Ctrl Pts',(-27.4566003422811,-6.22372404813991,6.11089965771889));
#3307=CARTESIAN_POINT('Ctrl Pts',(-28.68,-6.22372404813991,6.11089965771889));
#3308=CARTESIAN_POINT('Ctrl Pts',(-28.68,-6.11781894658218,6.09645781746688));
#3309=CARTESIAN_POINT('Ctrl Pts',(-29.8889578174669,-6.11781894658218,6.09645781746688));
#3310=CARTESIAN_POINT('Ctrl Pts',(-29.8889578174669,-6.11781894658218,4.8875));
#3311=CARTESIAN_POINT('Ctrl Pts',(-29.8889578174669,-6.11781894658218,3.67854218253312));
#3312=CARTESIAN_POINT('Ctrl Pts',(-28.68,-6.11781894658218,3.67854218253312));
#3313=CARTESIAN_POINT('Ctrl Pts',(-27.4710421825331,-6.11781894658218,3.67854218253312));
#3314=CARTESIAN_POINT('Ctrl Pts',(-27.4710421825331,-6.11781894658218,4.8875));
#3315=CARTESIAN_POINT('Ctrl Pts',(-27.4710421825331,-6.11781894658218,6.09645781746688));
#3316=CARTESIAN_POINT('Ctrl Pts',(-28.68,-6.11781894658218,6.09645781746688));
#3317=CARTESIAN_POINT('Ctrl Pts',(-28.68,-6.0118980347515,6.08222484185634));
#3318=CARTESIAN_POINT('Ctrl Pts',(-29.8747248418563,-6.0118980347515,6.08222484185634));
#3319=CARTESIAN_POINT('Ctrl Pts',(-29.8747248418563,-6.0118980347515,4.8875));
#3320=CARTESIAN_POINT('Ctrl Pts',(-29.8747248418563,-6.0118980347515,3.69277515814366));
#3321=CARTESIAN_POINT('Ctrl Pts',(-28.68,-6.0118980347515,3.69277515814366));
#3322=CARTESIAN_POINT('Ctrl Pts',(-27.4852751581437,-6.0118980347515,3.69277515814366));
#3323=CARTESIAN_POINT('Ctrl Pts',(-27.4852751581437,-6.0118980347515,4.8875));
#3324=CARTESIAN_POINT('Ctrl Pts',(-27.4852751581437,-6.0118980347515,6.08222484185634));
#3325=CARTESIAN_POINT('Ctrl Pts',(-28.68,-6.0118980347515,6.08222484185634));
#3326=CARTESIAN_POINT('Ctrl Pts',(-28.68,-5.92714760372869,6.07101914820018));
#3327=CARTESIAN_POINT('Ctrl Pts',(-29.8635191482002,-5.92714760372869,6.07101914820018));
#3328=CARTESIAN_POINT('Ctrl Pts',(-29.8635191482002,-5.92714760372869,4.8875));
#3329=CARTESIAN_POINT('Ctrl Pts',(-29.8635191482002,-5.92714760372869,3.70398085179982));
#3330=CARTESIAN_POINT('Ctrl Pts',(-28.68,-5.92714760372869,3.70398085179982));
#3331=CARTESIAN_POINT('Ctrl Pts',(-27.4964808517998,-5.92714760372869,3.70398085179982));
#3332=CARTESIAN_POINT('Ctrl Pts',(-27.4964808517998,-5.92714760372869,4.8875));
#3333=CARTESIAN_POINT('Ctrl Pts',(-27.4964808517998,-5.92714760372869,6.07101914820018));
#3334=CARTESIAN_POINT('Ctrl Pts',(-28.68,-5.92714760372869,6.07101914820018));
#3335=CARTESIAN_POINT('Ctrl Pts',(-28.68,-5.86357687542607,6.06271906476052));
#3336=CARTESIAN_POINT('Ctrl Pts',(-29.8552190647605,-5.86357687542607,6.06271906476052));
#3337=CARTESIAN_POINT('Ctrl Pts',(-29.8552190647605,-5.86357687542607,4.8875));
#3338=CARTESIAN_POINT('Ctrl Pts',(-29.8552190647605,-5.86357687542607,3.71228093523948));
#3339=CARTESIAN_POINT('Ctrl Pts',(-28.68,-5.86357687542607,3.71228093523948));
#3340=CARTESIAN_POINT('Ctrl Pts',(-27.5047809352395,-5.86357687542607,3.71228093523948));
#3341=CARTESIAN_POINT('Ctrl Pts',(-27.5047809352395,-5.86357687542607,4.8875));
#3342=CARTESIAN_POINT('Ctrl Pts',(-27.5047809352395,-5.86357687542607,6.06271906476052));
#3343=CARTESIAN_POINT('Ctrl Pts',(-28.68,-5.86357687542607,6.06271906476052));
#3344=CARTESIAN_POINT('Ctrl Pts',(-28.68,-5.82119287725838,6.05723197208125));
#3345=CARTESIAN_POINT('Ctrl Pts',(-29.8497319720813,-5.82119287725838,6.05723197208125));
#3346=CARTESIAN_POINT('Ctrl Pts',(-29.8497319720813,-5.82119287725838,4.8875));
#3347=CARTESIAN_POINT('Ctrl Pts',(-29.8497319720813,-5.82119287725838,3.71776802791875));
#3348=CARTESIAN_POINT('Ctrl Pts',(-28.68,-5.82119287725838,3.71776802791875));
#3349=CARTESIAN_POINT('Ctrl Pts',(-27.5102680279187,-5.82119287725838,3.71776802791875));
#3350=CARTESIAN_POINT('Ctrl Pts',(-27.5102680279187,-5.82119287725838,4.8875));
#3351=CARTESIAN_POINT('Ctrl Pts',(-27.5102680279187,-5.82119287725838,6.05723197208125));
#3352=CARTESIAN_POINT('Ctrl Pts',(-28.68,-5.82119287725838,6.05723197208125));
#3353=CARTESIAN_POINT('Ctrl Pts',(-28.68,-5.8,6.0545));
#3354=CARTESIAN_POINT('Ctrl Pts',(-29.847,-5.8,6.0545));
#3355=CARTESIAN_POINT('Ctrl Pts',(-29.847,-5.8,4.8875));
#3356=CARTESIAN_POINT('Ctrl Pts',(-29.847,-5.8,3.7205));
#3357=CARTESIAN_POINT('Ctrl Pts',(-28.68,-5.8,3.7205));
#3358=CARTESIAN_POINT('Ctrl Pts',(-27.513,-5.8,3.7205));
#3359=CARTESIAN_POINT('Ctrl Pts',(-27.513,-5.8,4.8875));
#3360=CARTESIAN_POINT('Ctrl Pts',(-27.513,-5.8,6.0545));
#3361=CARTESIAN_POINT('Ctrl Pts',(-28.68,-5.8,6.0545));
#3362=CARTESIAN_POINT('',(-28.68,-17.145,5.8845));
#3363=CARTESIAN_POINT('Ctrl Pts',(-28.68,-17.145,5.8845));
#3364=CARTESIAN_POINT('Ctrl Pts',(-28.68,-17.1379258178671,5.88841913667911));
#3365=CARTESIAN_POINT('Ctrl Pts',(-28.68,-17.1233550383744,5.89439953016842));
#3366=CARTESIAN_POINT('Ctrl Pts',(-28.68,-17.1002277872511,5.89777957166395));
#3367=CARTESIAN_POINT('Ctrl Pts',(-28.68,-17.0668824865966,5.89125153700219));
#3368=CARTESIAN_POINT('Ctrl Pts',(-28.68,-17.0225264959778,5.87133771910744));
#3369=CARTESIAN_POINT('Ctrl Pts',(-28.68,-16.9807387678151,5.86276347196893));
#3370=CARTESIAN_POINT('Ctrl Pts',(-28.68,-16.9476021970008,5.89219571223383));
#3371=CARTESIAN_POINT('Ctrl Pts',(-28.68,-16.9236740468386,5.96142851153161));
#3372=CARTESIAN_POINT('Ctrl Pts',(-28.68,-16.9029784660072,6.04324296499482));
#3373=CARTESIAN_POINT('Ctrl Pts',(-28.68,-16.8781481266154,6.10532062682786));
#3374=CARTESIAN_POINT('Ctrl Pts',(-28.68,-16.8438831622706,6.12641655644413));
#3375=CARTESIAN_POINT('Ctrl Pts',(-28.68,-16.8016377189348,6.11826243713286));
#3376=CARTESIAN_POINT('Ctrl Pts',(-28.68,-16.7554279737042,6.10825970140207));
#3377=CARTESIAN_POINT('Ctrl Pts',(-28.68,-16.7049246042177,6.11198650226883));
#3378=CARTESIAN_POINT('Ctrl Pts',(-28.68,-16.645358458132,6.12899464137184));
#3379=CARTESIAN_POINT('Ctrl Pts',(-28.68,-16.5713595648658,6.15223027272101));
#3380=CARTESIAN_POINT('Ctrl Pts',(-28.68,-16.4802237121192,6.17452180237755));
#3381=CARTESIAN_POINT('Ctrl Pts',(-28.68,-16.3734850737889,6.19286879296348));
#3382=CARTESIAN_POINT('Ctrl Pts',(-28.68,-16.2551091024067,6.20645280504526));
#3383=CARTESIAN_POINT('Ctrl Pts',(-28.68,-16.1305681163919,6.21631813879546));
#3384=CARTESIAN_POINT('Ctrl Pts',(-28.68,-16.0055114646068,6.22434367392018));
#3385=CARTESIAN_POINT('Ctrl Pts',(-28.68,-15.8847182168587,6.2325804953251));
#3386=CARTESIAN_POINT('Ctrl Pts',(-28.68,-15.7706579743322,6.24227936868264));
#3387=CARTESIAN_POINT('Ctrl Pts',(-28.68,-15.66335253986,6.25369316967258));
#3388=CARTESIAN_POINT('Ctrl Pts',(-28.68,-15.5612898409654,6.26645839231138));
#3389=CARTESIAN_POINT('Ctrl Pts',(-28.68,-15.4620358017677,6.27981377117006));
#3390=CARTESIAN_POINT('Ctrl Pts',(-28.68,-15.3629789536403,6.29288880718545));
#3391=CARTESIAN_POINT('Ctrl Pts',(-28.68,-15.2619959947063,6.30495415221564));
#3392=CARTESIAN_POINT('Ctrl Pts',(-28.68,-15.1582105770316,6.31571020627693));
#3393=CARTESIAN_POINT('Ctrl Pts',(-28.68,-15.0517308211287,6.32519747653919));
#3394=CARTESIAN_POINT('Ctrl Pts',(-28.68,-14.9433092448214,6.33367894308271));
#3395=CARTESIAN_POINT('Ctrl Pts',(-28.68,-14.8340230542626,6.34152983134257));
#3396=CARTESIAN_POINT('Ctrl Pts',(-28.68,-14.724963312391,6.34913029466894));
#3397=CARTESIAN_POINT('Ctrl Pts',(-28.68,-14.6168788882131,6.35674254982638));
#3398=CARTESIAN_POINT('Ctrl Pts',(-28.68,-14.5099739730588,6.36444101076517));
#3399=CARTESIAN_POINT('Ctrl Pts',(-28.68,-14.4041017392153,6.37217922939204));
#3400=CARTESIAN_POINT('Ctrl Pts',(-28.68,-14.2988794333833,6.37982969506783));
#3401=CARTESIAN_POINT('Ctrl Pts',(-28.68,-14.1938392832636,6.38723601985598));
#3402=CARTESIAN_POINT('Ctrl Pts',(-28.68,-14.0885530580674,6.39425598701129));
#3403=CARTESIAN_POINT('Ctrl Pts',(-28.68,-13.9827958322594,6.40081823428223));
#3404=CARTESIAN_POINT('Ctrl Pts',(-28.68,-13.8765462095471,6.40692200277698));
#3405=CARTESIAN_POINT('Ctrl Pts',(-28.68,-13.7699108770303,6.41261053798067));
#3406=CARTESIAN_POINT('Ctrl Pts',(-28.68,-13.663072778889,6.41795271255498));
#3407=CARTESIAN_POINT('Ctrl Pts',(-28.68,-13.5562300620995,6.42302144297819));
#3408=CARTESIAN_POINT('Ctrl Pts',(-28.68,-13.4495377442231,6.4278730361938));
#3409=CARTESIAN_POINT('Ctrl Pts',(-28.68,-13.3430517601734,6.43252741340414));
#3410=CARTESIAN_POINT('Ctrl Pts',(-28.68,-13.2367571346425,6.43697865608148));
#3411=CARTESIAN_POINT('Ctrl Pts',(-28.68,-13.1305915933481,6.44120389776212));
#3412=CARTESIAN_POINT('Ctrl Pts',(-28.68,-13.0244717044736,6.44517315945903));
#3413=CARTESIAN_POINT('Ctrl Pts',(-28.68,-12.9183160580208,6.44885804124554));
#3414=CARTESIAN_POINT('Ctrl Pts',(-28.68,-12.8120742955104,6.45224271071865));
#3415=CARTESIAN_POINT('Ctrl Pts',(-28.68,-12.7057367395488,6.45532724671261));
#3416=CARTESIAN_POINT('Ctrl Pts',(-28.68,-12.5993191403899,6.45812116110467));
#3417=CARTESIAN_POINT('Ctrl Pts',(-28.68,-12.4928537944159,6.46063944797729));
#3418=CARTESIAN_POINT('Ctrl Pts',(-28.68,-12.3863778338186,6.46289748544317));
#3419=CARTESIAN_POINT('Ctrl Pts',(-28.68,-12.2799233235061,6.46490672295108));
#3420=CARTESIAN_POINT('Ctrl Pts',(-28.68,-12.1735050240472,6.46666925970255));
#3421=CARTESIAN_POINT('Ctrl Pts',(-28.68,-12.0671229224531,6.46817970353752));
#3422=CARTESIAN_POINT('Ctrl Pts',(-28.68,-11.960767471538,6.46942836785119));
#3423=CARTESIAN_POINT('Ctrl Pts',(-28.68,-11.8544239726747,6.4704040627282));
#3424=CARTESIAN_POINT('Ctrl Pts',(-28.68,-11.7480771348245,6.47109692688387));
#3425=CARTESIAN_POINT('Ctrl Pts',(-28.68,-11.6417159862836,6.47150154966982));
#3426=CARTESIAN_POINT('Ctrl Pts',(-28.68,-11.5353373155101,6.47161902573947));
#3427=CARTESIAN_POINT('Ctrl Pts',(-28.68,-11.4289430830967,6.4714546949693));
#3428=CARTESIAN_POINT('Ctrl Pts',(-28.68,-11.3225387951313,6.47101657714622));
#3429=CARTESIAN_POINT('Ctrl Pts',(-28.68,-11.2161314376939,6.47031347359471));
#3430=CARTESIAN_POINT('Ctrl Pts',(-28.68,-11.1097277473107,6.46935335628651));
#3431=CARTESIAN_POINT('Ctrl Pts',(-28.68,-11.0033319666907,6.46814127114436));
#3432=CARTESIAN_POINT('Ctrl Pts',(-28.68,-10.8969455333189,6.46667912433115));
#3433=CARTESIAN_POINT('Ctrl Pts',(-28.68,-10.7905679777179,6.46496665537685));
#3434=CARTESIAN_POINT('Ctrl Pts',(-28.68,-10.6841974590425,6.46300205364824));
#3435=CARTESIAN_POINT('Ctrl Pts',(-28.68,-10.5778314496918,6.46078272261431));
#3436=CARTESIAN_POINT('Ctrl Pts',(-28.68,-10.4714673553297,6.45830597773837));
#3437=CARTESIAN_POINT('Ctrl Pts',(-28.68,-10.3651031635457,6.45556978030735));
#3438=CARTESIAN_POINT('Ctrl Pts',(-28.68,-10.258737598201,6.45257246004068));
#3439=CARTESIAN_POINT('Ctrl Pts',(-28.68,-10.152370263219,6.44931244540888));
#3440=CARTESIAN_POINT('Ctrl Pts',(-28.68,-10.0460018147593,6.44578797268572));
#3441=CARTESIAN_POINT('Ctrl Pts',(-28.68,-9.93963406660922,6.44199684611734));
#3442=CARTESIAN_POINT('Ctrl Pts',(-28.68,-9.83327025926387,6.43793607440932));
#3443=CARTESIAN_POINT('Ctrl Pts',(-28.68,-9.72691479003151,6.43360191608004));
#3444=CARTESIAN_POINT('Ctrl Pts',(-28.68,-9.62057201409941,6.42899063233142));
#3445=CARTESIAN_POINT('Ctrl Pts',(-28.68,-9.51424528931014,6.42409905093121));
#3446=CARTESIAN_POINT('Ctrl Pts',(-28.68,-9.40793585632777,6.41892526474213));
#3447=CARTESIAN_POINT('Ctrl Pts',(-28.68,-9.30164194166635,6.41346913875589));
#3448=CARTESIAN_POINT('Ctrl Pts',(-28.68,-9.19535736662463,6.40773324892807));
#3449=CARTESIAN_POINT('Ctrl Pts',(-28.68,-9.08907308049299,6.40172126248178));
#3450=CARTESIAN_POINT('Ctrl Pts',(-28.68,-8.98277951384577,6.39543561289022));
#3451=CARTESIAN_POINT('Ctrl Pts',(-28.68,-8.8764686982763,6.38887535161615));
#3452=CARTESIAN_POINT('Ctrl Pts',(-28.68,-8.77013639074379,6.38203405797436));
#3453=CARTESIAN_POINT('Ctrl Pts',(-28.68,-8.66378442005615,6.37489740504027));
#3454=CARTESIAN_POINT('Ctrl Pts',(-28.68,-8.55742227946669,6.36744181473657));
#3455=CARTESIAN_POINT('Ctrl Pts',(-28.68,-8.45106383475449,6.3596402122547));
#3456=CARTESIAN_POINT('Ctrl Pts',(-28.68,-8.3447246572914,6.35146679892717));
#3457=CARTESIAN_POINT('Ctrl Pts',(-28.68,-8.23841898032769,6.34290255842291));
#3458=CARTESIAN_POINT('Ctrl Pts',(-28.68,-8.13215712862266,6.3339396426199));
#3459=CARTESIAN_POINT('Ctrl Pts',(-28.68,-8.02594196731955,6.32458825384053));
#3460=CARTESIAN_POINT('Ctrl Pts',(-28.68,-7.91976894470464,6.31487422828541));
#3461=CARTESIAN_POINT('Ctrl Pts',(-28.68,-7.81362935667638,6.30482821655669));
#3462=CARTESIAN_POINT('Ctrl Pts',(-28.68,-7.70751268950204,6.29447732647118));
#3463=CARTESIAN_POINT('Ctrl Pts',(-28.68,-7.60140938819435,6.28383549890463));
#3464=CARTESIAN_POINT('Ctrl Pts',(-28.68,-7.49531332749075,6.27289502319999));
#3465=CARTESIAN_POINT('Ctrl Pts',(-28.68,-7.38922472031753,6.2616159435967));
#3466=CARTESIAN_POINT('Ctrl Pts',(-28.68,-7.28314837152138,6.24993951494545));
#3467=CARTESIAN_POINT('Ctrl Pts',(-28.68,-7.17709151096373,6.23780377070839));
#3468=CARTESIAN_POINT('Ctrl Pts',(-28.68,-7.07106172411754,6.22515880441912));
#3469=CARTESIAN_POINT('Ctrl Pts',(-28.68,-6.96506496310526,6.21198111491369));
#3470=CARTESIAN_POINT('Ctrl Pts',(-28.68,-6.85910323196829,6.19829091479353));
#3471=CARTESIAN_POINT('Ctrl Pts',(-28.68,-6.75317333841821,6.18416004221282));
#3472=CARTESIAN_POINT('Ctrl Pts',(-28.68,-6.64726868526045,6.16969316636391));
#3473=CARTESIAN_POINT('Ctrl Pts',(-28.68,-6.54138048334923,6.15501413040891));
#3474=CARTESIAN_POINT('Ctrl Pts',(-28.68,-6.43549923759558,6.14024975271414));
#3475=CARTESIAN_POINT('Ctrl Pts',(-28.68,-6.32961601087095,6.12551591975207));
#3476=CARTESIAN_POINT('Ctrl Pts',(-28.68,-6.22372404813991,6.11089965771889));
#3477=CARTESIAN_POINT('Ctrl Pts',(-28.68,-6.11781894658218,6.09645781746688));
#3478=CARTESIAN_POINT('Ctrl Pts',(-28.68,-6.0118980347515,6.08222484185634));
#3479=CARTESIAN_POINT('Ctrl Pts',(-28.68,-5.92714760372869,6.07101914820018));
#3480=CARTESIAN_POINT('Ctrl Pts',(-28.68,-5.86357687542607,6.06271906476052));
#3481=CARTESIAN_POINT('Ctrl Pts',(-28.68,-5.82119287725838,6.05723197208125));
#3482=CARTESIAN_POINT('Ctrl Pts',(-28.68,-5.8,6.0545));
#3483=CARTESIAN_POINT('Origin',(-28.68,-17.145,4.8875));
#3484=CARTESIAN_POINT('Origin',(-28.68,-17.145,4.8875));
#3485=UNCERTAINTY_MEASURE_WITH_UNIT(LENGTH_MEASURE(0.001),#3489,
'DISTANCE_ACCURACY_VALUE',
'Maximum model space distance between geometric entities at asserted c
onnectivities');
#3486=UNCERTAINTY_MEASURE_WITH_UNIT(LENGTH_MEASURE(0.001),#3489,
'DISTANCE_ACCURACY_VALUE',
'Maximum model space distance between geometric entities at asserted c
onnectivities');
#3487=(
GEOMETRIC_REPRESENTATION_CONTEXT(3)
GLOBAL_UNCERTAINTY_ASSIGNED_CONTEXT((#3485))
GLOBAL_UNIT_ASSIGNED_CONTEXT((#3489,#3491,#3492))
REPRESENTATION_CONTEXT('','3D')
);
#3488=(
GEOMETRIC_REPRESENTATION_CONTEXT(3)
GLOBAL_UNCERTAINTY_ASSIGNED_CONTEXT((#3486))
GLOBAL_UNIT_ASSIGNED_CONTEXT((#3489,#3491,#3492))
REPRESENTATION_CONTEXT('','3D')
);
#3489=(
LENGTH_UNIT()
NAMED_UNIT(*)
SI_UNIT(.CENTI.,.METRE.)
);
#3490=(
LENGTH_UNIT()
NAMED_UNIT(*)
SI_UNIT($,.METRE.)
);
#3491=(
NAMED_UNIT(*)
PLANE_ANGLE_UNIT()
SI_UNIT($,.RADIAN.)
);
#3492=(
NAMED_UNIT(*)
SI_UNIT($,.STERADIAN.)
SOLID_ANGLE_UNIT()
);
#3493=SHAPE_DEFINITION_REPRESENTATION(#3494,#3495);
#3494=PRODUCT_DEFINITION_SHAPE('',$,#3497);
#3495=SHAPE_REPRESENTATION('',(#1429),#3487);
#3496=PRODUCT_DEFINITION_CONTEXT('part definition',#3501,'design');
#3497=PRODUCT_DEFINITION('CH_Handle_Native','CH_Handle_Native',#3498,#3496);
#3498=PRODUCT_DEFINITION_FORMATION('',$,#3503);
#3499=PRODUCT_RELATED_PRODUCT_CATEGORY('CH_Handle_Native',
'CH_Handle_Native',(#3503));
#3500=APPLICATION_PROTOCOL_DEFINITION('international standard',
'automotive_design',2009,#3501);
#3501=APPLICATION_CONTEXT(
'Core Data for Automotive Mechanical Design Process');
#3502=PRODUCT_CONTEXT('part definition',#3501,'mechanical');
#3503=PRODUCT('CH_Handle_Native','CH_Handle_Native',$,(#3502));
#3504=PRESENTATION_STYLE_ASSIGNMENT((#3505));
#3505=SURFACE_STYLE_USAGE(.BOTH.,#3506);
#3506=SURFACE_SIDE_STYLE('',(#3507));
#3507=SURFACE_STYLE_FILL_AREA(#3508);
#3508=FILL_AREA_STYLE('Steel - Satin',(#3509));
#3509=FILL_AREA_STYLE_COLOUR('Steel - Satin',#3510);
#3510=COLOUR_RGB('Steel - Satin',0.627450980392157,0.627450980392157,0.627450980392157);
ENDSEC;
END-ISO-10303-21;
