ISO-10303-21;
HEADER;
/* Generated by software containing ST-Developer
 * from STEP Tools, Inc. (www.steptools.com) 
 */

FILE_DESCRIPTION(
/* description */ (''),
/* implementation_level */ '2;1');

FILE_NAME(
/* name */ 'FrontBoss_native.stp',
/* time_stamp */ '2026-09-13T18:49:00-05:00',
/* author */ (''),
/* organization */ (''),
/* preprocessor_version */ 'ST-DEVELOPER v20.1',
/* originating_system */ 'Autodesk Translation Framework v15.8.0.0',
/* authorisation */ '');

FILE_SCHEMA (('AUTOMOTIVE_DESIGN { 1 0 10303 214 3 1 1 }'));
ENDSEC;

DATA;
#10=MECHANICAL_DESIGN_GEOMETRIC_PRESENTATION_REPRESENTATION('',(#13),#9443);
#11=SHAPE_REPRESENTATION_RELATIONSHIP('SRR','None',#9450,#12);
#12=ADVANCED_BREP_SHAPE_REPRESENTATION('',(#14),#9442);
#13=STYLED_ITEM('',(#9459),#14);
#14=MANIFOLD_SOLID_BREP('FrontBoss_native',#5986);
#15=FACE_BOUND('',#332,.T.);
#16=FACE_BOUND('',#337,.T.);
#17=FACE_BOUND('',#429,.T.);
#18=FACE_BOUND('',#453,.T.);
#19=FACE_BOUND('',#571,.T.);
#20=FACE_BOUND('',#578,.T.);
#21=FACE_BOUND('',#579,.T.);
#22=FACE_OUTER_BOUND('',#326,.T.);
#23=FACE_OUTER_BOUND('',#327,.T.);
#24=FACE_OUTER_BOUND('',#328,.T.);
#25=FACE_OUTER_BOUND('',#329,.T.);
#26=FACE_OUTER_BOUND('',#330,.T.);
#27=FACE_OUTER_BOUND('',#331,.T.);
#28=FACE_OUTER_BOUND('',#333,.T.);
#29=FACE_OUTER_BOUND('',#334,.T.);
#30=FACE_OUTER_BOUND('',#335,.T.);
#31=FACE_OUTER_BOUND('',#336,.T.);
#32=FACE_OUTER_BOUND('',#338,.T.);
#33=FACE_OUTER_BOUND('',#339,.T.);
#34=FACE_OUTER_BOUND('',#340,.T.);
#35=FACE_OUTER_BOUND('',#341,.T.);
#36=FACE_OUTER_BOUND('',#342,.T.);
#37=FACE_OUTER_BOUND('',#343,.T.);
#38=FACE_OUTER_BOUND('',#344,.T.);
#39=FACE_OUTER_BOUND('',#345,.T.);
#40=FACE_OUTER_BOUND('',#346,.T.);
#41=FACE_OUTER_BOUND('',#347,.T.);
#42=FACE_OUTER_BOUND('',#348,.T.);
#43=FACE_OUTER_BOUND('',#349,.T.);
#44=FACE_OUTER_BOUND('',#350,.T.);
#45=FACE_OUTER_BOUND('',#351,.T.);
#46=FACE_OUTER_BOUND('',#352,.T.);
#47=FACE_OUTER_BOUND('',#353,.T.);
#48=FACE_OUTER_BOUND('',#354,.T.);
#49=FACE_OUTER_BOUND('',#355,.T.);
#50=FACE_OUTER_BOUND('',#356,.T.);
#51=FACE_OUTER_BOUND('',#357,.T.);
#52=FACE_OUTER_BOUND('',#358,.T.);
#53=FACE_OUTER_BOUND('',#359,.T.);
#54=FACE_OUTER_BOUND('',#360,.T.);
#55=FACE_OUTER_BOUND('',#361,.T.);
#56=FACE_OUTER_BOUND('',#362,.T.);
#57=FACE_OUTER_BOUND('',#363,.T.);
#58=FACE_OUTER_BOUND('',#364,.T.);
#59=FACE_OUTER_BOUND('',#365,.T.);
#60=FACE_OUTER_BOUND('',#366,.T.);
#61=FACE_OUTER_BOUND('',#367,.T.);
#62=FACE_OUTER_BOUND('',#368,.T.);
#63=FACE_OUTER_BOUND('',#369,.T.);
#64=FACE_OUTER_BOUND('',#370,.T.);
#65=FACE_OUTER_BOUND('',#371,.T.);
#66=FACE_OUTER_BOUND('',#372,.T.);
#67=FACE_OUTER_BOUND('',#373,.T.);
#68=FACE_OUTER_BOUND('',#374,.T.);
#69=FACE_OUTER_BOUND('',#375,.T.);
#70=FACE_OUTER_BOUND('',#376,.T.);
#71=FACE_OUTER_BOUND('',#377,.T.);
#72=FACE_OUTER_BOUND('',#378,.T.);
#73=FACE_OUTER_BOUND('',#379,.T.);
#74=FACE_OUTER_BOUND('',#380,.T.);
#75=FACE_OUTER_BOUND('',#381,.T.);
#76=FACE_OUTER_BOUND('',#382,.T.);
#77=FACE_OUTER_BOUND('',#383,.T.);
#78=FACE_OUTER_BOUND('',#384,.T.);
#79=FACE_OUTER_BOUND('',#385,.T.);
#80=FACE_OUTER_BOUND('',#386,.T.);
#81=FACE_OUTER_BOUND('',#387,.T.);
#82=FACE_OUTER_BOUND('',#388,.T.);
#83=FACE_OUTER_BOUND('',#389,.T.);
#84=FACE_OUTER_BOUND('',#390,.T.);
#85=FACE_OUTER_BOUND('',#391,.T.);
#86=FACE_OUTER_BOUND('',#392,.T.);
#87=FACE_OUTER_BOUND('',#393,.T.);
#88=FACE_OUTER_BOUND('',#394,.T.);
#89=FACE_OUTER_BOUND('',#395,.T.);
#90=FACE_OUTER_BOUND('',#396,.T.);
#91=FACE_OUTER_BOUND('',#397,.T.);
#92=FACE_OUTER_BOUND('',#398,.T.);
#93=FACE_OUTER_BOUND('',#399,.T.);
#94=FACE_OUTER_BOUND('',#400,.T.);
#95=FACE_OUTER_BOUND('',#401,.T.);
#96=FACE_OUTER_BOUND('',#402,.T.);
#97=FACE_OUTER_BOUND('',#403,.T.);
#98=FACE_OUTER_BOUND('',#404,.T.);
#99=FACE_OUTER_BOUND('',#405,.T.);
#100=FACE_OUTER_BOUND('',#406,.T.);
#101=FACE_OUTER_BOUND('',#407,.T.);
#102=FACE_OUTER_BOUND('',#408,.T.);
#103=FACE_OUTER_BOUND('',#409,.T.);
#104=FACE_OUTER_BOUND('',#410,.T.);
#105=FACE_OUTER_BOUND('',#411,.T.);
#106=FACE_OUTER_BOUND('',#412,.T.);
#107=FACE_OUTER_BOUND('',#413,.T.);
#108=FACE_OUTER_BOUND('',#414,.T.);
#109=FACE_OUTER_BOUND('',#415,.T.);
#110=FACE_OUTER_BOUND('',#416,.T.);
#111=FACE_OUTER_BOUND('',#417,.T.);
#112=FACE_OUTER_BOUND('',#418,.T.);
#113=FACE_OUTER_BOUND('',#419,.T.);
#114=FACE_OUTER_BOUND('',#420,.T.);
#115=FACE_OUTER_BOUND('',#421,.T.);
#116=FACE_OUTER_BOUND('',#422,.T.);
#117=FACE_OUTER_BOUND('',#423,.T.);
#118=FACE_OUTER_BOUND('',#424,.T.);
#119=FACE_OUTER_BOUND('',#425,.T.);
#120=FACE_OUTER_BOUND('',#426,.T.);
#121=FACE_OUTER_BOUND('',#427,.T.);
#122=FACE_OUTER_BOUND('',#428,.T.);
#123=FACE_OUTER_BOUND('',#430,.T.);
#124=FACE_OUTER_BOUND('',#431,.T.);
#125=FACE_OUTER_BOUND('',#432,.T.);
#126=FACE_OUTER_BOUND('',#433,.T.);
#127=FACE_OUTER_BOUND('',#434,.T.);
#128=FACE_OUTER_BOUND('',#435,.T.);
#129=FACE_OUTER_BOUND('',#436,.T.);
#130=FACE_OUTER_BOUND('',#437,.T.);
#131=FACE_OUTER_BOUND('',#438,.T.);
#132=FACE_OUTER_BOUND('',#439,.T.);
#133=FACE_OUTER_BOUND('',#440,.T.);
#134=FACE_OUTER_BOUND('',#441,.T.);
#135=FACE_OUTER_BOUND('',#442,.T.);
#136=FACE_OUTER_BOUND('',#443,.T.);
#137=FACE_OUTER_BOUND('',#444,.T.);
#138=FACE_OUTER_BOUND('',#445,.T.);
#139=FACE_OUTER_BOUND('',#446,.T.);
#140=FACE_OUTER_BOUND('',#447,.T.);
#141=FACE_OUTER_BOUND('',#448,.T.);
#142=FACE_OUTER_BOUND('',#449,.T.);
#143=FACE_OUTER_BOUND('',#450,.T.);
#144=FACE_OUTER_BOUND('',#451,.T.);
#145=FACE_OUTER_BOUND('',#452,.T.);
#146=FACE_OUTER_BOUND('',#454,.T.);
#147=FACE_OUTER_BOUND('',#455,.T.);
#148=FACE_OUTER_BOUND('',#456,.T.);
#149=FACE_OUTER_BOUND('',#457,.T.);
#150=FACE_OUTER_BOUND('',#458,.T.);
#151=FACE_OUTER_BOUND('',#459,.T.);
#152=FACE_OUTER_BOUND('',#460,.T.);
#153=FACE_OUTER_BOUND('',#461,.T.);
#154=FACE_OUTER_BOUND('',#462,.T.);
#155=FACE_OUTER_BOUND('',#463,.T.);
#156=FACE_OUTER_BOUND('',#464,.T.);
#157=FACE_OUTER_BOUND('',#465,.T.);
#158=FACE_OUTER_BOUND('',#466,.T.);
#159=FACE_OUTER_BOUND('',#467,.T.);
#160=FACE_OUTER_BOUND('',#468,.T.);
#161=FACE_OUTER_BOUND('',#469,.T.);
#162=FACE_OUTER_BOUND('',#470,.T.);
#163=FACE_OUTER_BOUND('',#471,.T.);
#164=FACE_OUTER_BOUND('',#472,.T.);
#165=FACE_OUTER_BOUND('',#473,.T.);
#166=FACE_OUTER_BOUND('',#474,.T.);
#167=FACE_OUTER_BOUND('',#475,.T.);
#168=FACE_OUTER_BOUND('',#476,.T.);
#169=FACE_OUTER_BOUND('',#477,.T.);
#170=FACE_OUTER_BOUND('',#478,.T.);
#171=FACE_OUTER_BOUND('',#479,.T.);
#172=FACE_OUTER_BOUND('',#480,.T.);
#173=FACE_OUTER_BOUND('',#481,.T.);
#174=FACE_OUTER_BOUND('',#482,.T.);
#175=FACE_OUTER_BOUND('',#483,.T.);
#176=FACE_OUTER_BOUND('',#484,.T.);
#177=FACE_OUTER_BOUND('',#485,.T.);
#178=FACE_OUTER_BOUND('',#486,.T.);
#179=FACE_OUTER_BOUND('',#487,.T.);
#180=FACE_OUTER_BOUND('',#488,.T.);
#181=FACE_OUTER_BOUND('',#489,.T.);
#182=FACE_OUTER_BOUND('',#490,.T.);
#183=FACE_OUTER_BOUND('',#491,.T.);
#184=FACE_OUTER_BOUND('',#492,.T.);
#185=FACE_OUTER_BOUND('',#493,.T.);
#186=FACE_OUTER_BOUND('',#494,.T.);
#187=FACE_OUTER_BOUND('',#495,.T.);
#188=FACE_OUTER_BOUND('',#496,.T.);
#189=FACE_OUTER_BOUND('',#497,.T.);
#190=FACE_OUTER_BOUND('',#498,.T.);
#191=FACE_OUTER_BOUND('',#499,.T.);
#192=FACE_OUTER_BOUND('',#500,.T.);
#193=FACE_OUTER_BOUND('',#501,.T.);
#194=FACE_OUTER_BOUND('',#502,.T.);
#195=FACE_OUTER_BOUND('',#503,.T.);
#196=FACE_OUTER_BOUND('',#504,.T.);
#197=FACE_OUTER_BOUND('',#505,.T.);
#198=FACE_OUTER_BOUND('',#506,.T.);
#199=FACE_OUTER_BOUND('',#507,.T.);
#200=FACE_OUTER_BOUND('',#508,.T.);
#201=FACE_OUTER_BOUND('',#509,.T.);
#202=FACE_OUTER_BOUND('',#510,.T.);
#203=FACE_OUTER_BOUND('',#511,.T.);
#204=FACE_OUTER_BOUND('',#512,.T.);
#205=FACE_OUTER_BOUND('',#513,.T.);
#206=FACE_OUTER_BOUND('',#514,.T.);
#207=FACE_OUTER_BOUND('',#515,.T.);
#208=FACE_OUTER_BOUND('',#516,.T.);
#209=FACE_OUTER_BOUND('',#517,.T.);
#210=FACE_OUTER_BOUND('',#518,.T.);
#211=FACE_OUTER_BOUND('',#519,.T.);
#212=FACE_OUTER_BOUND('',#520,.T.);
#213=FACE_OUTER_BOUND('',#521,.T.);
#214=FACE_OUTER_BOUND('',#522,.T.);
#215=FACE_OUTER_BOUND('',#523,.T.);
#216=FACE_OUTER_BOUND('',#524,.T.);
#217=FACE_OUTER_BOUND('',#525,.T.);
#218=FACE_OUTER_BOUND('',#526,.T.);
#219=FACE_OUTER_BOUND('',#527,.T.);
#220=FACE_OUTER_BOUND('',#528,.T.);
#221=FACE_OUTER_BOUND('',#529,.T.);
#222=FACE_OUTER_BOUND('',#530,.T.);
#223=FACE_OUTER_BOUND('',#531,.T.);
#224=FACE_OUTER_BOUND('',#532,.T.);
#225=FACE_OUTER_BOUND('',#533,.T.);
#226=FACE_OUTER_BOUND('',#534,.T.);
#227=FACE_OUTER_BOUND('',#535,.T.);
#228=FACE_OUTER_BOUND('',#536,.T.);
#229=FACE_OUTER_BOUND('',#537,.T.);
#230=FACE_OUTER_BOUND('',#538,.T.);
#231=FACE_OUTER_BOUND('',#539,.T.);
#232=FACE_OUTER_BOUND('',#540,.T.);
#233=FACE_OUTER_BOUND('',#541,.T.);
#234=FACE_OUTER_BOUND('',#542,.T.);
#235=FACE_OUTER_BOUND('',#543,.T.);
#236=FACE_OUTER_BOUND('',#544,.T.);
#237=FACE_OUTER_BOUND('',#545,.T.);
#238=FACE_OUTER_BOUND('',#546,.T.);
#239=FACE_OUTER_BOUND('',#547,.T.);
#240=FACE_OUTER_BOUND('',#548,.T.);
#241=FACE_OUTER_BOUND('',#549,.T.);
#242=FACE_OUTER_BOUND('',#550,.T.);
#243=FACE_OUTER_BOUND('',#551,.T.);
#244=FACE_OUTER_BOUND('',#552,.T.);
#245=FACE_OUTER_BOUND('',#553,.T.);
#246=FACE_OUTER_BOUND('',#554,.T.);
#247=FACE_OUTER_BOUND('',#555,.T.);
#248=FACE_OUTER_BOUND('',#556,.T.);
#249=FACE_OUTER_BOUND('',#557,.T.);
#250=FACE_OUTER_BOUND('',#558,.T.);
#251=FACE_OUTER_BOUND('',#559,.T.);
#252=FACE_OUTER_BOUND('',#560,.T.);
#253=FACE_OUTER_BOUND('',#561,.T.);
#254=FACE_OUTER_BOUND('',#562,.T.);
#255=FACE_OUTER_BOUND('',#563,.T.);
#256=FACE_OUTER_BOUND('',#564,.T.);
#257=FACE_OUTER_BOUND('',#565,.T.);
#258=FACE_OUTER_BOUND('',#566,.T.);
#259=FACE_OUTER_BOUND('',#567,.T.);
#260=FACE_OUTER_BOUND('',#568,.T.);
#261=FACE_OUTER_BOUND('',#569,.T.);
#262=FACE_OUTER_BOUND('',#570,.T.);
#263=FACE_OUTER_BOUND('',#572,.T.);
#264=FACE_OUTER_BOUND('',#573,.T.);
#265=FACE_OUTER_BOUND('',#574,.T.);
#266=FACE_OUTER_BOUND('',#575,.T.);
#267=FACE_OUTER_BOUND('',#576,.T.);
#268=FACE_OUTER_BOUND('',#577,.T.);
#269=FACE_OUTER_BOUND('',#580,.T.);
#270=FACE_OUTER_BOUND('',#581,.T.);
#271=FACE_OUTER_BOUND('',#582,.T.);
#272=FACE_OUTER_BOUND('',#583,.T.);
#273=FACE_OUTER_BOUND('',#584,.T.);
#274=FACE_OUTER_BOUND('',#585,.T.);
#275=FACE_OUTER_BOUND('',#586,.T.);
#276=FACE_OUTER_BOUND('',#587,.T.);
#277=FACE_OUTER_BOUND('',#588,.T.);
#278=FACE_OUTER_BOUND('',#589,.T.);
#279=FACE_OUTER_BOUND('',#590,.T.);
#280=FACE_OUTER_BOUND('',#591,.T.);
#281=FACE_OUTER_BOUND('',#592,.T.);
#282=FACE_OUTER_BOUND('',#593,.T.);
#283=FACE_OUTER_BOUND('',#594,.T.);
#284=FACE_OUTER_BOUND('',#595,.T.);
#285=FACE_OUTER_BOUND('',#596,.T.);
#286=FACE_OUTER_BOUND('',#597,.T.);
#287=FACE_OUTER_BOUND('',#598,.T.);
#288=FACE_OUTER_BOUND('',#599,.T.);
#289=FACE_OUTER_BOUND('',#600,.T.);
#290=FACE_OUTER_BOUND('',#601,.T.);
#291=FACE_OUTER_BOUND('',#602,.T.);
#292=FACE_OUTER_BOUND('',#603,.T.);
#293=FACE_OUTER_BOUND('',#604,.T.);
#294=FACE_OUTER_BOUND('',#605,.T.);
#295=FACE_OUTER_BOUND('',#606,.T.);
#296=FACE_OUTER_BOUND('',#607,.T.);
#297=FACE_OUTER_BOUND('',#608,.T.);
#298=FACE_OUTER_BOUND('',#609,.T.);
#299=FACE_OUTER_BOUND('',#610,.T.);
#300=FACE_OUTER_BOUND('',#611,.T.);
#301=FACE_OUTER_BOUND('',#612,.T.);
#302=FACE_OUTER_BOUND('',#613,.T.);
#303=FACE_OUTER_BOUND('',#614,.T.);
#304=FACE_OUTER_BOUND('',#615,.T.);
#305=FACE_OUTER_BOUND('',#616,.T.);
#306=FACE_OUTER_BOUND('',#617,.T.);
#307=FACE_OUTER_BOUND('',#618,.T.);
#308=FACE_OUTER_BOUND('',#619,.T.);
#309=FACE_OUTER_BOUND('',#620,.T.);
#310=FACE_OUTER_BOUND('',#621,.T.);
#311=FACE_OUTER_BOUND('',#622,.T.);
#312=FACE_OUTER_BOUND('',#623,.T.);
#313=FACE_OUTER_BOUND('',#624,.T.);
#314=FACE_OUTER_BOUND('',#625,.T.);
#315=FACE_OUTER_BOUND('',#626,.T.);
#316=FACE_OUTER_BOUND('',#627,.T.);
#317=FACE_OUTER_BOUND('',#628,.T.);
#318=FACE_OUTER_BOUND('',#629,.T.);
#319=FACE_OUTER_BOUND('',#630,.T.);
#320=FACE_OUTER_BOUND('',#631,.T.);
#321=FACE_OUTER_BOUND('',#632,.T.);
#322=FACE_OUTER_BOUND('',#633,.T.);
#323=FACE_OUTER_BOUND('',#634,.T.);
#324=FACE_OUTER_BOUND('',#635,.T.);
#325=FACE_OUTER_BOUND('',#636,.T.);
#326=EDGE_LOOP('',(#3698,#3699,#3700,#3701,#3702));
#327=EDGE_LOOP('',(#3703,#3704,#3705,#3706));
#328=EDGE_LOOP('',(#3707,#3708,#3709,#3710));
#329=EDGE_LOOP('',(#3711,#3712,#3713,#3714));
#330=EDGE_LOOP('',(#3715,#3716,#3717,#3718));
#331=EDGE_LOOP('',(#3719,#3720,#3721,#3722,#3723,#3724,#3725,#3726));
#332=EDGE_LOOP('',(#3727,#3728,#3729,#3730));
#333=EDGE_LOOP('',(#3731,#3732,#3733,#3734,#3735));
#334=EDGE_LOOP('',(#3736,#3737,#3738,#3739,#3740,#3741));
#335=EDGE_LOOP('',(#3742,#3743,#3744,#3745,#3746));
#336=EDGE_LOOP('',(#3747,#3748,#3749,#3750,#3751,#3752,#3753,#3754,#3755,
#3756,#3757,#3758,#3759,#3760,#3761,#3762,#3763,#3764,#3765,#3766,#3767,
#3768,#3769,#3770,#3771));
#337=EDGE_LOOP('',(#3772,#3773,#3774,#3775,#3776,#3777,#3778,#3779,#3780,
#3781,#3782,#3783,#3784,#3785,#3786,#3787));
#338=EDGE_LOOP('',(#3788,#3789,#3790,#3791,#3792,#3793));
#339=EDGE_LOOP('',(#3794,#3795,#3796,#3797,#3798));
#340=EDGE_LOOP('',(#3799,#3800,#3801,#3802,#3803,#3804,#3805,#3806,#3807));
#341=EDGE_LOOP('',(#3808,#3809,#3810,#3811,#3812));
#342=EDGE_LOOP('',(#3813,#3814,#3815));
#343=EDGE_LOOP('',(#3816,#3817,#3818,#3819));
#344=EDGE_LOOP('',(#3820,#3821,#3822,#3823,#3824,#3825,#3826,#3827,#3828,
#3829));
#345=EDGE_LOOP('',(#3830,#3831,#3832,#3833,#3834,#3835,#3836,#3837));
#346=EDGE_LOOP('',(#3838,#3839,#3840,#3841,#3842,#3843,#3844));
#347=EDGE_LOOP('',(#3845,#3846,#3847));
#348=EDGE_LOOP('',(#3848,#3849,#3850));
#349=EDGE_LOOP('',(#3851,#3852,#3853,#3854,#3855,#3856));
#350=EDGE_LOOP('',(#3857,#3858,#3859));
#351=EDGE_LOOP('',(#3860,#3861,#3862));
#352=EDGE_LOOP('',(#3863,#3864,#3865));
#353=EDGE_LOOP('',(#3866,#3867,#3868));
#354=EDGE_LOOP('',(#3869,#3870,#3871,#3872,#3873));
#355=EDGE_LOOP('',(#3874,#3875,#3876));
#356=EDGE_LOOP('',(#3877,#3878,#3879));
#357=EDGE_LOOP('',(#3880,#3881,#3882,#3883,#3884));
#358=EDGE_LOOP('',(#3885,#3886,#3887));
#359=EDGE_LOOP('',(#3888,#3889,#3890,#3891));
#360=EDGE_LOOP('',(#3892,#3893,#3894,#3895,#3896));
#361=EDGE_LOOP('',(#3897,#3898,#3899,#3900));
#362=EDGE_LOOP('',(#3901,#3902,#3903,#3904));
#363=EDGE_LOOP('',(#3905,#3906,#3907,#3908));
#364=EDGE_LOOP('',(#3909,#3910,#3911,#3912));
#365=EDGE_LOOP('',(#3913,#3914,#3915,#3916,#3917));
#366=EDGE_LOOP('',(#3918,#3919,#3920,#3921,#3922));
#367=EDGE_LOOP('',(#3923,#3924,#3925,#3926));
#368=EDGE_LOOP('',(#3927,#3928,#3929,#3930));
#369=EDGE_LOOP('',(#3931,#3932,#3933,#3934));
#370=EDGE_LOOP('',(#3935,#3936,#3937,#3938));
#371=EDGE_LOOP('',(#3939,#3940,#3941,#3942));
#372=EDGE_LOOP('',(#3943,#3944,#3945,#3946));
#373=EDGE_LOOP('',(#3947,#3948,#3949,#3950));
#374=EDGE_LOOP('',(#3951,#3952,#3953,#3954));
#375=EDGE_LOOP('',(#3955,#3956,#3957,#3958));
#376=EDGE_LOOP('',(#3959,#3960,#3961,#3962));
#377=EDGE_LOOP('',(#3963,#3964,#3965,#3966));
#378=EDGE_LOOP('',(#3967,#3968,#3969,#3970,#3971,#3972));
#379=EDGE_LOOP('',(#3973,#3974,#3975,#3976,#3977,#3978));
#380=EDGE_LOOP('',(#3979,#3980,#3981,#3982,#3983,#3984));
#381=EDGE_LOOP('',(#3985,#3986,#3987,#3988,#3989,#3990));
#382=EDGE_LOOP('',(#3991,#3992,#3993,#3994,#3995,#3996));
#383=EDGE_LOOP('',(#3997,#3998,#3999,#4000,#4001,#4002));
#384=EDGE_LOOP('',(#4003,#4004,#4005,#4006,#4007,#4008));
#385=EDGE_LOOP('',(#4009,#4010,#4011,#4012));
#386=EDGE_LOOP('',(#4013,#4014,#4015,#4016,#4017,#4018));
#387=EDGE_LOOP('',(#4019,#4020,#4021,#4022));
#388=EDGE_LOOP('',(#4023,#4024,#4025,#4026));
#389=EDGE_LOOP('',(#4027,#4028,#4029,#4030));
#390=EDGE_LOOP('',(#4031,#4032,#4033,#4034));
#391=EDGE_LOOP('',(#4035,#4036,#4037,#4038));
#392=EDGE_LOOP('',(#4039,#4040,#4041,#4042));
#393=EDGE_LOOP('',(#4043,#4044,#4045,#4046));
#394=EDGE_LOOP('',(#4047,#4048,#4049,#4050));
#395=EDGE_LOOP('',(#4051,#4052,#4053,#4054));
#396=EDGE_LOOP('',(#4055,#4056,#4057,#4058));
#397=EDGE_LOOP('',(#4059,#4060,#4061,#4062));
#398=EDGE_LOOP('',(#4063,#4064,#4065,#4066));
#399=EDGE_LOOP('',(#4067,#4068,#4069,#4070));
#400=EDGE_LOOP('',(#4071,#4072,#4073,#4074));
#401=EDGE_LOOP('',(#4075,#4076,#4077,#4078));
#402=EDGE_LOOP('',(#4079,#4080,#4081,#4082));
#403=EDGE_LOOP('',(#4083,#4084,#4085,#4086,#4087));
#404=EDGE_LOOP('',(#4088,#4089,#4090,#4091));
#405=EDGE_LOOP('',(#4092,#4093,#4094,#4095));
#406=EDGE_LOOP('',(#4096,#4097,#4098,#4099));
#407=EDGE_LOOP('',(#4100,#4101,#4102,#4103));
#408=EDGE_LOOP('',(#4104,#4105,#4106,#4107));
#409=EDGE_LOOP('',(#4108,#4109,#4110,#4111));
#410=EDGE_LOOP('',(#4112,#4113,#4114,#4115));
#411=EDGE_LOOP('',(#4116,#4117,#4118));
#412=EDGE_LOOP('',(#4119,#4120,#4121,#4122,#4123,#4124));
#413=EDGE_LOOP('',(#4125,#4126,#4127,#4128,#4129));
#414=EDGE_LOOP('',(#4130,#4131,#4132,#4133,#4134));
#415=EDGE_LOOP('',(#4135,#4136,#4137));
#416=EDGE_LOOP('',(#4138,#4139,#4140,#4141,#4142,#4143));
#417=EDGE_LOOP('',(#4144,#4145,#4146,#4147));
#418=EDGE_LOOP('',(#4148,#4149,#4150,#4151));
#419=EDGE_LOOP('',(#4152,#4153,#4154,#4155));
#420=EDGE_LOOP('',(#4156,#4157,#4158,#4159));
#421=EDGE_LOOP('',(#4160,#4161,#4162,#4163));
#422=EDGE_LOOP('',(#4164,#4165,#4166,#4167,#4168,#4169));
#423=EDGE_LOOP('',(#4170,#4171,#4172,#4173,#4174,#4175));
#424=EDGE_LOOP('',(#4176,#4177,#4178,#4179,#4180,#4181,#4182,#4183));
#425=EDGE_LOOP('',(#4184,#4185,#4186,#4187));
#426=EDGE_LOOP('',(#4188,#4189,#4190,#4191));
#427=EDGE_LOOP('',(#4192,#4193,#4194,#4195));
#428=EDGE_LOOP('',(#4196,#4197,#4198,#4199,#4200,#4201,#4202,#4203,#4204,
#4205,#4206,#4207,#4208,#4209,#4210,#4211,#4212,#4213,#4214,#4215,#4216,
#4217,#4218,#4219,#4220,#4221,#4222,#4223,#4224,#4225,#4226,#4227,#4228,
#4229,#4230,#4231,#4232,#4233,#4234,#4235,#4236,#4237,#4238,#4239,#4240,
#4241,#4242,#4243,#4244,#4245));
#429=EDGE_LOOP('',(#4246,#4247,#4248,#4249));
#430=EDGE_LOOP('',(#4250,#4251,#4252,#4253));
#431=EDGE_LOOP('',(#4254,#4255,#4256,#4257));
#432=EDGE_LOOP('',(#4258,#4259,#4260,#4261,#4262,#4263,#4264,#4265,#4266,
#4267,#4268,#4269));
#433=EDGE_LOOP('',(#4270,#4271,#4272,#4273));
#434=EDGE_LOOP('',(#4274,#4275,#4276,#4277));
#435=EDGE_LOOP('',(#4278,#4279,#4280,#4281,#4282,#4283,#4284,#4285,#4286,
#4287,#4288,#4289));
#436=EDGE_LOOP('',(#4290,#4291,#4292,#4293,#4294,#4295,#4296,#4297,#4298,
#4299,#4300));
#437=EDGE_LOOP('',(#4301,#4302,#4303));
#438=EDGE_LOOP('',(#4304,#4305,#4306));
#439=EDGE_LOOP('',(#4307,#4308,#4309,#4310,#4311,#4312,#4313,#4314,#4315,
#4316,#4317,#4318));
#440=EDGE_LOOP('',(#4319,#4320,#4321));
#441=EDGE_LOOP('',(#4322,#4323,#4324));
#442=EDGE_LOOP('',(#4325,#4326,#4327));
#443=EDGE_LOOP('',(#4328,#4329,#4330));
#444=EDGE_LOOP('',(#4331,#4332,#4333));
#445=EDGE_LOOP('',(#4334,#4335,#4336));
#446=EDGE_LOOP('',(#4337,#4338,#4339));
#447=EDGE_LOOP('',(#4340,#4341,#4342));
#448=EDGE_LOOP('',(#4343,#4344,#4345));
#449=EDGE_LOOP('',(#4346,#4347,#4348,#4349,#4350,#4351));
#450=EDGE_LOOP('',(#4352,#4353,#4354,#4355,#4356,#4357));
#451=EDGE_LOOP('',(#4358,#4359,#4360));
#452=EDGE_LOOP('',(#4361,#4362,#4363,#4364,#4365,#4366,#4367,#4368,#4369,
#4370,#4371,#4372,#4373,#4374,#4375,#4376,#4377,#4378,#4379,#4380,#4381,
#4382));
#453=EDGE_LOOP('',(#4383,#4384,#4385,#4386,#4387,#4388,#4389,#4390,#4391,
#4392,#4393,#4394,#4395,#4396,#4397,#4398));
#454=EDGE_LOOP('',(#4399,#4400,#4401,#4402));
#455=EDGE_LOOP('',(#4403,#4404,#4405,#4406,#4407,#4408,#4409,#4410));
#456=EDGE_LOOP('',(#4411,#4412,#4413,#4414));
#457=EDGE_LOOP('',(#4415,#4416,#4417,#4418));
#458=EDGE_LOOP('',(#4419,#4420,#4421,#4422,#4423,#4424));
#459=EDGE_LOOP('',(#4425,#4426,#4427,#4428));
#460=EDGE_LOOP('',(#4429,#4430,#4431,#4432,#4433));
#461=EDGE_LOOP('',(#4434,#4435,#4436,#4437));
#462=EDGE_LOOP('',(#4438,#4439,#4440,#4441));
#463=EDGE_LOOP('',(#4442,#4443,#4444,#4445));
#464=EDGE_LOOP('',(#4446,#4447,#4448,#4449));
#465=EDGE_LOOP('',(#4450,#4451,#4452,#4453,#4454,#4455));
#466=EDGE_LOOP('',(#4456,#4457,#4458,#4459));
#467=EDGE_LOOP('',(#4460,#4461,#4462,#4463));
#468=EDGE_LOOP('',(#4464,#4465,#4466,#4467));
#469=EDGE_LOOP('',(#4468,#4469,#4470,#4471));
#470=EDGE_LOOP('',(#4472,#4473,#4474,#4475));
#471=EDGE_LOOP('',(#4476,#4477,#4478,#4479,#4480));
#472=EDGE_LOOP('',(#4481,#4482,#4483,#4484,#4485));
#473=EDGE_LOOP('',(#4486,#4487,#4488,#4489,#4490));
#474=EDGE_LOOP('',(#4491,#4492,#4493,#4494,#4495,#4496));
#475=EDGE_LOOP('',(#4497,#4498,#4499,#4500,#4501,#4502));
#476=EDGE_LOOP('',(#4503,#4504,#4505,#4506,#4507,#4508));
#477=EDGE_LOOP('',(#4509,#4510,#4511,#4512,#4513,#4514));
#478=EDGE_LOOP('',(#4515,#4516,#4517,#4518,#4519,#4520));
#479=EDGE_LOOP('',(#4521,#4522,#4523,#4524,#4525,#4526));
#480=EDGE_LOOP('',(#4527,#4528,#4529,#4530,#4531));
#481=EDGE_LOOP('',(#4532,#4533,#4534,#4535,#4536));
#482=EDGE_LOOP('',(#4537,#4538,#4539,#4540,#4541));
#483=EDGE_LOOP('',(#4542,#4543,#4544,#4545));
#484=EDGE_LOOP('',(#4546,#4547,#4548,#4549,#4550));
#485=EDGE_LOOP('',(#4551,#4552,#4553,#4554,#4555));
#486=EDGE_LOOP('',(#4556,#4557,#4558,#4559));
#487=EDGE_LOOP('',(#4560,#4561,#4562,#4563,#4564));
#488=EDGE_LOOP('',(#4565,#4566,#4567,#4568));
#489=EDGE_LOOP('',(#4569,#4570,#4571,#4572));
#490=EDGE_LOOP('',(#4573,#4574,#4575,#4576));
#491=EDGE_LOOP('',(#4577,#4578,#4579,#4580,#4581,#4582,#4583,#4584));
#492=EDGE_LOOP('',(#4585,#4586,#4587,#4588,#4589,#4590,#4591,#4592));
#493=EDGE_LOOP('',(#4593,#4594,#4595,#4596));
#494=EDGE_LOOP('',(#4597,#4598,#4599,#4600));
#495=EDGE_LOOP('',(#4601,#4602,#4603,#4604));
#496=EDGE_LOOP('',(#4605,#4606,#4607,#4608,#4609));
#497=EDGE_LOOP('',(#4610,#4611,#4612,#4613));
#498=EDGE_LOOP('',(#4614,#4615,#4616,#4617));
#499=EDGE_LOOP('',(#4618,#4619,#4620,#4621));
#500=EDGE_LOOP('',(#4622,#4623,#4624,#4625));
#501=EDGE_LOOP('',(#4626,#4627,#4628));
#502=EDGE_LOOP('',(#4629,#4630,#4631));
#503=EDGE_LOOP('',(#4632,#4633,#4634,#4635));
#504=EDGE_LOOP('',(#4636,#4637,#4638,#4639));
#505=EDGE_LOOP('',(#4640,#4641,#4642));
#506=EDGE_LOOP('',(#4643,#4644,#4645));
#507=EDGE_LOOP('',(#4646,#4647,#4648));
#508=EDGE_LOOP('',(#4649,#4650,#4651));
#509=EDGE_LOOP('',(#4652,#4653,#4654,#4655,#4656,#4657,#4658,#4659,#4660,
#4661,#4662,#4663));
#510=EDGE_LOOP('',(#4664,#4665,#4666,#4667,#4668,#4669,#4670,#4671,#4672,
#4673,#4674,#4675));
#511=EDGE_LOOP('',(#4676,#4677,#4678,#4679));
#512=EDGE_LOOP('',(#4680,#4681,#4682,#4683));
#513=EDGE_LOOP('',(#4684,#4685,#4686,#4687));
#514=EDGE_LOOP('',(#4688,#4689,#4690,#4691));
#515=EDGE_LOOP('',(#4692,#4693,#4694,#4695));
#516=EDGE_LOOP('',(#4696,#4697,#4698,#4699));
#517=EDGE_LOOP('',(#4700,#4701,#4702,#4703));
#518=EDGE_LOOP('',(#4704,#4705,#4706,#4707));
#519=EDGE_LOOP('',(#4708,#4709,#4710,#4711,#4712,#4713));
#520=EDGE_LOOP('',(#4714,#4715,#4716,#4717));
#521=EDGE_LOOP('',(#4718,#4719,#4720,#4721,#4722));
#522=EDGE_LOOP('',(#4723,#4724,#4725,#4726,#4727));
#523=EDGE_LOOP('',(#4728,#4729,#4730,#4731,#4732,#4733));
#524=EDGE_LOOP('',(#4734,#4735,#4736,#4737,#4738,#4739));
#525=EDGE_LOOP('',(#4740,#4741,#4742,#4743,#4744));
#526=EDGE_LOOP('',(#4745,#4746,#4747,#4748,#4749));
#527=EDGE_LOOP('',(#4750,#4751,#4752,#4753));
#528=EDGE_LOOP('',(#4754,#4755,#4756,#4757,#4758,#4759));
#529=EDGE_LOOP('',(#4760,#4761,#4762));
#530=EDGE_LOOP('',(#4763,#4764,#4765));
#531=EDGE_LOOP('',(#4766,#4767,#4768,#4769,#4770,#4771,#4772,#4773,#4774));
#532=EDGE_LOOP('',(#4775,#4776,#4777,#4778,#4779,#4780,#4781,#4782,#4783));
#533=EDGE_LOOP('',(#4784,#4785,#4786,#4787,#4788));
#534=EDGE_LOOP('',(#4789,#4790,#4791,#4792));
#535=EDGE_LOOP('',(#4793,#4794,#4795,#4796,#4797,#4798,#4799,#4800,#4801,
#4802,#4803,#4804,#4805,#4806,#4807));
#536=EDGE_LOOP('',(#4808,#4809,#4810,#4811));
#537=EDGE_LOOP('',(#4812,#4813,#4814,#4815));
#538=EDGE_LOOP('',(#4816,#4817,#4818,#4819));
#539=EDGE_LOOP('',(#4820,#4821,#4822,#4823,#4824,#4825));
#540=EDGE_LOOP('',(#4826,#4827,#4828,#4829));
#541=EDGE_LOOP('',(#4830,#4831,#4832,#4833,#4834));
#542=EDGE_LOOP('',(#4835,#4836,#4837));
#543=EDGE_LOOP('',(#4838,#4839,#4840,#4841));
#544=EDGE_LOOP('',(#4842,#4843,#4844,#4845));
#545=EDGE_LOOP('',(#4846,#4847,#4848));
#546=EDGE_LOOP('',(#4849,#4850,#4851,#4852,#4853));
#547=EDGE_LOOP('',(#4854,#4855,#4856,#4857,#4858,#4859));
#548=EDGE_LOOP('',(#4860,#4861,#4862,#4863));
#549=EDGE_LOOP('',(#4864,#4865,#4866,#4867));
#550=EDGE_LOOP('',(#4868,#4869,#4870));
#551=EDGE_LOOP('',(#4871,#4872,#4873,#4874));
#552=EDGE_LOOP('',(#4875,#4876,#4877));
#553=EDGE_LOOP('',(#4878,#4879,#4880,#4881,#4882,#4883,#4884,#4885,#4886));
#554=EDGE_LOOP('',(#4887,#4888,#4889,#4890,#4891));
#555=EDGE_LOOP('',(#4892,#4893,#4894,#4895,#4896,#4897,#4898,#4899,#4900));
#556=EDGE_LOOP('',(#4901,#4902,#4903,#4904));
#557=EDGE_LOOP('',(#4905,#4906,#4907,#4908));
#558=EDGE_LOOP('',(#4909,#4910,#4911,#4912,#4913,#4914,#4915,#4916,#4917,
#4918,#4919,#4920,#4921,#4922,#4923));
#559=EDGE_LOOP('',(#4924,#4925,#4926,#4927));
#560=EDGE_LOOP('',(#4928,#4929,#4930,#4931,#4932));
#561=EDGE_LOOP('',(#4933,#4934,#4935,#4936));
#562=EDGE_LOOP('',(#4937,#4938,#4939,#4940,#4941,#4942));
#563=EDGE_LOOP('',(#4943,#4944,#4945));
#564=EDGE_LOOP('',(#4946,#4947,#4948,#4949));
#565=EDGE_LOOP('',(#4950,#4951,#4952));
#566=EDGE_LOOP('',(#4953,#4954,#4955,#4956));
#567=EDGE_LOOP('',(#4957,#4958,#4959,#4960));
#568=EDGE_LOOP('',(#4961,#4962,#4963,#4964,#4965,#4966));
#569=EDGE_LOOP('',(#4967,#4968,#4969,#4970,#4971));
#570=EDGE_LOOP('',(#4972,#4973,#4974,#4975,#4976,#4977,#4978,#4979,#4980,
#4981,#4982,#4983,#4984,#4985,#4986,#4987,#4988,#4989,#4990,#4991,#4992,
#4993,#4994,#4995,#4996,#4997,#4998,#4999,#5000,#5001,#5002,#5003,#5004,
#5005,#5006,#5007,#5008,#5009,#5010,#5011,#5012,#5013,#5014,#5015,#5016,
#5017,#5018,#5019,#5020,#5021,#5022,#5023));
#571=EDGE_LOOP('',(#5024,#5025,#5026,#5027));
#572=EDGE_LOOP('',(#5028,#5029,#5030,#5031));
#573=EDGE_LOOP('',(#5032,#5033,#5034,#5035,#5036,#5037,#5038));
#574=EDGE_LOOP('',(#5039,#5040,#5041,#5042,#5043,#5044,#5045,#5046));
#575=EDGE_LOOP('',(#5047,#5048,#5049,#5050,#5051,#5052,#5053,#5054));
#576=EDGE_LOOP('',(#5055,#5056,#5057,#5058,#5059,#5060,#5061,#5062,#5063));
#577=EDGE_LOOP('',(#5064,#5065,#5066,#5067,#5068,#5069,#5070,#5071,#5072,
#5073,#5074,#5075,#5076,#5077,#5078,#5079,#5080,#5081,#5082,#5083,#5084,
#5085,#5086,#5087));
#578=EDGE_LOOP('',(#5088,#5089,#5090,#5091));
#579=EDGE_LOOP('',(#5092,#5093,#5094,#5095));
#580=EDGE_LOOP('',(#5096,#5097,#5098,#5099));
#581=EDGE_LOOP('',(#5100,#5101,#5102,#5103));
#582=EDGE_LOOP('',(#5104,#5105,#5106,#5107));
#583=EDGE_LOOP('',(#5108,#5109,#5110,#5111));
#584=EDGE_LOOP('',(#5112,#5113,#5114,#5115));
#585=EDGE_LOOP('',(#5116,#5117,#5118,#5119));
#586=EDGE_LOOP('',(#5120,#5121,#5122,#5123));
#587=EDGE_LOOP('',(#5124,#5125,#5126,#5127));
#588=EDGE_LOOP('',(#5128,#5129,#5130,#5131,#5132,#5133,#5134,#5135,#5136,
#5137,#5138,#5139,#5140,#5141,#5142,#5143,#5144,#5145));
#589=EDGE_LOOP('',(#5146,#5147,#5148,#5149));
#590=EDGE_LOOP('',(#5150,#5151,#5152,#5153));
#591=EDGE_LOOP('',(#5154,#5155,#5156,#5157));
#592=EDGE_LOOP('',(#5158,#5159,#5160,#5161));
#593=EDGE_LOOP('',(#5162,#5163,#5164,#5165,#5166,#5167));
#594=EDGE_LOOP('',(#5168,#5169,#5170,#5171,#5172));
#595=EDGE_LOOP('',(#5173,#5174,#5175,#5176,#5177));
#596=EDGE_LOOP('',(#5178,#5179,#5180,#5181,#5182,#5183));
#597=EDGE_LOOP('',(#5184,#5185,#5186,#5187));
#598=EDGE_LOOP('',(#5188,#5189,#5190,#5191));
#599=EDGE_LOOP('',(#5192,#5193,#5194,#5195));
#600=EDGE_LOOP('',(#5196,#5197,#5198,#5199));
#601=EDGE_LOOP('',(#5200,#5201,#5202,#5203,#5204));
#602=EDGE_LOOP('',(#5205,#5206,#5207,#5208,#5209));
#603=EDGE_LOOP('',(#5210,#5211,#5212,#5213));
#604=EDGE_LOOP('',(#5214,#5215,#5216,#5217));
#605=EDGE_LOOP('',(#5218,#5219,#5220,#5221,#5222,#5223));
#606=EDGE_LOOP('',(#5224,#5225,#5226,#5227,#5228));
#607=EDGE_LOOP('',(#5229,#5230,#5231,#5232));
#608=EDGE_LOOP('',(#5233,#5234,#5235,#5236));
#609=EDGE_LOOP('',(#5237,#5238,#5239,#5240));
#610=EDGE_LOOP('',(#5241,#5242,#5243,#5244));
#611=EDGE_LOOP('',(#5245,#5246,#5247,#5248,#5249,#5250));
#612=EDGE_LOOP('',(#5251,#5252,#5253,#5254));
#613=EDGE_LOOP('',(#5255,#5256,#5257,#5258,#5259));
#614=EDGE_LOOP('',(#5260,#5261,#5262,#5263));
#615=EDGE_LOOP('',(#5264,#5265,#5266,#5267));
#616=EDGE_LOOP('',(#5268,#5269,#5270,#5271,#5272));
#617=EDGE_LOOP('',(#5273,#5274,#5275,#5276,#5277));
#618=EDGE_LOOP('',(#5278,#5279,#5280,#5281));
#619=EDGE_LOOP('',(#5282,#5283,#5284,#5285));
#620=EDGE_LOOP('',(#5286,#5287,#5288,#5289));
#621=EDGE_LOOP('',(#5290,#5291,#5292,#5293));
#622=EDGE_LOOP('',(#5294,#5295,#5296,#5297));
#623=EDGE_LOOP('',(#5298,#5299,#5300,#5301));
#624=EDGE_LOOP('',(#5302,#5303,#5304,#5305));
#625=EDGE_LOOP('',(#5306,#5307,#5308,#5309,#5310,#5311,#5312,#5313,#5314,
#5315));
#626=EDGE_LOOP('',(#5316,#5317,#5318,#5319));
#627=EDGE_LOOP('',(#5320,#5321,#5322,#5323));
#628=EDGE_LOOP('',(#5324,#5325,#5326,#5327,#5328,#5329,#5330,#5331,#5332,
#5333,#5334,#5335,#5336,#5337,#5338,#5339));
#629=EDGE_LOOP('',(#5340,#5341,#5342,#5343));
#630=EDGE_LOOP('',(#5344,#5345,#5346,#5347));
#631=EDGE_LOOP('',(#5348,#5349,#5350,#5351));
#632=EDGE_LOOP('',(#5352,#5353,#5354,#5355));
#633=EDGE_LOOP('',(#5356,#5357,#5358,#5359));
#634=EDGE_LOOP('',(#5360,#5361,#5362,#5363));
#635=EDGE_LOOP('',(#5364,#5365,#5366,#5367,#5368,#5369,#5370,#5371,#5372,
#5373));
#636=EDGE_LOOP('',(#5374,#5375,#5376,#5377));
#637=LINE('',#7758,#1477);
#638=LINE('',#7760,#1478);
#639=LINE('',#7762,#1479);
#640=LINE('',#7764,#1480);
#641=LINE('',#7765,#1481);
#642=LINE('',#7769,#1482);
#643=LINE('',#7771,#1483);
#644=LINE('',#7773,#1484);
#645=LINE('',#7774,#1485);
#646=LINE('',#7777,#1486);
#647=LINE('',#7779,#1487);
#648=LINE('',#7780,#1488);
#649=LINE('',#7783,#1489);
#650=LINE('',#7785,#1490);
#651=LINE('',#7786,#1491);
#652=LINE('',#7789,#1492);
#653=LINE('',#7791,#1493);
#654=LINE('',#7792,#1494);
#655=LINE('',#7795,#1495);
#656=LINE('',#7797,#1496);
#657=LINE('',#7799,#1497);
#658=LINE('',#7800,#1498);
#659=LINE('',#7803,#1499);
#660=LINE('',#7805,#1500);
#661=LINE('',#7807,#1501);
#662=LINE('',#7808,#1502);
#663=LINE('',#7812,#1503);
#664=LINE('',#7814,#1504);
#665=LINE('',#7816,#1505);
#666=LINE('',#7818,#1506);
#667=LINE('',#7819,#1507);
#668=LINE('',#7823,#1508);
#669=LINE('',#7825,#1509);
#670=LINE('',#7827,#1510);
#671=LINE('',#7829,#1511);
#672=LINE('',#7831,#1512);
#673=LINE('',#7832,#1513);
#674=LINE('',#7836,#1514);
#675=LINE('',#7838,#1515);
#676=LINE('',#7840,#1516);
#677=LINE('',#7842,#1517);
#678=LINE('',#7843,#1518);
#679=LINE('',#7846,#1519);
#680=LINE('',#7848,#1520);
#681=LINE('',#7850,#1521);
#682=LINE('',#7852,#1522);
#683=LINE('',#7854,#1523);
#684=LINE('',#7856,#1524);
#685=LINE('',#7858,#1525);
#686=LINE('',#7860,#1526);
#687=LINE('',#7862,#1527);
#688=LINE('',#7864,#1528);
#689=LINE('',#7866,#1529);
#690=LINE('',#7868,#1530);
#691=LINE('',#7870,#1531);
#692=LINE('',#7872,#1532);
#693=LINE('',#7874,#1533);
#694=LINE('',#7876,#1534);
#695=LINE('',#7878,#1535);
#696=LINE('',#7880,#1536);
#697=LINE('',#7882,#1537);
#698=LINE('',#7884,#1538);
#699=LINE('',#7885,#1539);
#700=LINE('',#7888,#1540);
#701=LINE('',#7890,#1541);
#702=LINE('',#7892,#1542);
#703=LINE('',#7894,#1543);
#704=LINE('',#7896,#1544);
#705=LINE('',#7898,#1545);
#706=LINE('',#7900,#1546);
#707=LINE('',#7902,#1547);
#708=LINE('',#7904,#1548);
#709=LINE('',#7906,#1549);
#710=LINE('',#7908,#1550);
#711=LINE('',#7910,#1551);
#712=LINE('',#7912,#1552);
#713=LINE('',#7914,#1553);
#714=LINE('',#7916,#1554);
#715=LINE('',#7917,#1555);
#716=LINE('',#7921,#1556);
#717=LINE('',#7923,#1557);
#718=LINE('',#7925,#1558);
#719=LINE('',#7927,#1559);
#720=LINE('',#7929,#1560);
#721=LINE('',#7930,#1561);
#722=LINE('',#7934,#1562);
#723=LINE('',#7936,#1563);
#724=LINE('',#7938,#1564);
#725=LINE('',#7940,#1565);
#726=LINE('',#7941,#1566);
#727=LINE('',#7945,#1567);
#728=LINE('',#7947,#1568);
#729=LINE('',#7949,#1569);
#730=LINE('',#7951,#1570);
#731=LINE('',#7953,#1571);
#732=LINE('',#7955,#1572);
#733=LINE('',#7957,#1573);
#734=LINE('',#7959,#1574);
#735=LINE('',#7960,#1575);
#736=LINE('',#7964,#1576);
#737=LINE('',#7966,#1577);
#738=LINE('',#7968,#1578);
#739=LINE('',#7970,#1579);
#740=LINE('',#7971,#1580);
#741=LINE('',#7975,#1581);
#742=LINE('',#7977,#1582);
#743=LINE('',#7978,#1583);
#744=LINE('',#7982,#1584);
#745=LINE('',#7984,#1585);
#746=LINE('',#7985,#1586);
#747=LINE('',#7986,#1587);
#748=LINE('',#7990,#1588);
#749=LINE('',#7992,#1589);
#750=LINE('',#7994,#1590);
#751=LINE('',#7996,#1591);
#752=LINE('',#7998,#1592);
#753=LINE('',#8000,#1593);
#754=LINE('',#8002,#1594);
#755=LINE('',#8004,#1595);
#756=LINE('',#8006,#1596);
#757=LINE('',#8007,#1597);
#758=LINE('',#8011,#1598);
#759=LINE('',#8013,#1599);
#760=LINE('',#8015,#1600);
#761=LINE('',#8017,#1601);
#762=LINE('',#8019,#1602);
#763=LINE('',#8021,#1603);
#764=LINE('',#8023,#1604);
#765=LINE('',#8024,#1605);
#766=LINE('',#8028,#1606);
#767=LINE('',#8030,#1607);
#768=LINE('',#8032,#1608);
#769=LINE('',#8034,#1609);
#770=LINE('',#8036,#1610);
#771=LINE('',#8038,#1611);
#772=LINE('',#8039,#1612);
#773=LINE('',#8043,#1613);
#774=LINE('',#8045,#1614);
#775=LINE('',#8046,#1615);
#776=LINE('',#8050,#1616);
#777=LINE('',#8052,#1617);
#778=LINE('',#8053,#1618);
#779=LINE('',#8057,#1619);
#780=LINE('',#8059,#1620);
#781=LINE('',#8061,#1621);
#782=LINE('',#8063,#1622);
#783=LINE('',#8065,#1623);
#784=LINE('',#8066,#1624);
#785=LINE('',#8070,#1625);
#786=LINE('',#8072,#1626);
#787=LINE('',#8073,#1627);
#788=LINE('',#8077,#1628);
#789=LINE('',#8079,#1629);
#790=LINE('',#8080,#1630);
#791=LINE('',#8084,#1631);
#792=LINE('',#8086,#1632);
#793=LINE('',#8087,#1633);
#794=LINE('',#8091,#1634);
#795=LINE('',#8093,#1635);
#796=LINE('',#8094,#1636);
#797=LINE('',#8098,#1637);
#798=LINE('',#8100,#1638);
#799=LINE('',#8102,#1639);
#800=LINE('',#8104,#1640);
#801=LINE('',#8105,#1641);
#802=LINE('',#8109,#1642);
#803=LINE('',#8111,#1643);
#804=LINE('',#8112,#1644);
#805=LINE('',#8116,#1645);
#806=LINE('',#8118,#1646);
#807=LINE('',#8119,#1647);
#808=LINE('',#8123,#1648);
#809=LINE('',#8125,#1649);
#810=LINE('',#8127,#1650);
#811=LINE('',#8129,#1651);
#812=LINE('',#8130,#1652);
#813=LINE('',#8134,#1653);
#814=LINE('',#8136,#1654);
#815=LINE('',#8137,#1655);
#816=LINE('',#8139,#1656);
#817=LINE('',#8140,#1657);
#818=LINE('',#8143,#1658);
#819=LINE('',#8144,#1659);
#820=LINE('',#8145,#1660);
#821=LINE('',#8147,#1661);
#822=LINE('',#8148,#1662);
#823=LINE('',#8150,#1663);
#824=LINE('',#8152,#1664);
#825=LINE('',#8154,#1665);
#826=LINE('',#8157,#1666);
#827=LINE('',#8158,#1667);
#828=LINE('',#8160,#1668);
#829=LINE('',#8161,#1669);
#830=LINE('',#8163,#1670);
#831=LINE('',#8165,#1671);
#832=LINE('',#8167,#1672);
#833=LINE('',#8172,#1673);
#834=LINE('',#8173,#1674);
#835=LINE('',#8174,#1675);
#836=LINE('',#8176,#1676);
#837=LINE('',#8177,#1677);
#838=LINE('',#8179,#1678);
#839=LINE('',#8181,#1679);
#840=LINE('',#8183,#1680);
#841=LINE('',#8185,#1681);
#842=LINE('',#8186,#1682);
#843=LINE('',#8188,#1683);
#844=LINE('',#8189,#1684);
#845=LINE('',#8191,#1685);
#846=LINE('',#8192,#1686);
#847=LINE('',#8194,#1687);
#848=LINE('',#8195,#1688);
#849=LINE('',#8197,#1689);
#850=LINE('',#8198,#1690);
#851=LINE('',#8200,#1691);
#852=LINE('',#8201,#1692);
#853=LINE('',#8203,#1693);
#854=LINE('',#8204,#1694);
#855=LINE('',#8206,#1695);
#856=LINE('',#8207,#1696);
#857=LINE('',#8209,#1697);
#858=LINE('',#8210,#1698);
#859=LINE('',#8212,#1699);
#860=LINE('',#8214,#1700);
#861=LINE('',#8215,#1701);
#862=LINE('',#8217,#1702);
#863=LINE('',#8219,#1703);
#864=LINE('',#8221,#1704);
#865=LINE('',#8222,#1705);
#866=LINE('',#8224,#1706);
#867=LINE('',#8225,#1707);
#868=LINE('',#8227,#1708);
#869=LINE('',#8229,#1709);
#870=LINE('',#8231,#1710);
#871=LINE('',#8233,#1711);
#872=LINE('',#8237,#1712);
#873=LINE('',#8238,#1713);
#874=LINE('',#8239,#1714);
#875=LINE('',#8242,#1715);
#876=LINE('',#8243,#1716);
#877=LINE('',#8246,#1717);
#878=LINE('',#8247,#1718);
#879=LINE('',#8250,#1719);
#880=LINE('',#8251,#1720);
#881=LINE('',#8253,#1721);
#882=LINE('',#8254,#1722);
#883=LINE('',#8256,#1723);
#884=LINE('',#8258,#1724);
#885=LINE('',#8261,#1725);
#886=LINE('',#8262,#1726);
#887=LINE('',#8265,#1727);
#888=LINE('',#8266,#1728);
#889=LINE('',#8267,#1729);
#890=LINE('',#8269,#1730);
#891=LINE('',#8271,#1731);
#892=LINE('',#8273,#1732);
#893=LINE('',#8277,#1733);
#894=LINE('',#8278,#1734);
#895=LINE('',#8279,#1735);
#896=LINE('',#8282,#1736);
#897=LINE('',#8283,#1737);
#898=LINE('',#8286,#1738);
#899=LINE('',#8287,#1739);
#900=LINE('',#8289,#1740);
#901=LINE('',#8292,#1741);
#902=LINE('',#8293,#1742);
#903=LINE('',#8297,#1743);
#904=LINE('',#8299,#1744);
#905=LINE('',#8301,#1745);
#906=LINE('',#8303,#1746);
#907=LINE('',#8305,#1747);
#908=LINE('',#8306,#1748);
#909=LINE('',#8310,#1749);
#910=LINE('',#8312,#1750);
#911=LINE('',#8313,#1751);
#912=LINE('',#8314,#1752);
#913=LINE('',#8316,#1753);
#914=LINE('',#8317,#1754);
#915=LINE('',#8319,#1755);
#916=LINE('',#8323,#1756);
#917=LINE('',#8324,#1757);
#918=LINE('',#8326,#1758);
#919=LINE('',#8328,#1759);
#920=LINE('',#8329,#1760);
#921=LINE('',#8333,#1761);
#922=LINE('',#8334,#1762);
#923=LINE('',#8335,#1763);
#924=LINE('',#8338,#1764);
#925=LINE('',#8339,#1765);
#926=LINE('',#8343,#1766);
#927=LINE('',#8344,#1767);
#928=LINE('',#8345,#1768);
#929=LINE('',#8348,#1769);
#930=LINE('',#8349,#1770);
#931=LINE('',#8353,#1771);
#932=LINE('',#8355,#1772);
#933=LINE('',#8357,#1773);
#934=LINE('',#8358,#1774);
#935=LINE('',#8361,#1775);
#936=LINE('',#8363,#1776);
#937=LINE('',#8365,#1777);
#938=LINE('',#8366,#1778);
#939=LINE('',#8369,#1779);
#940=LINE('',#8371,#1780);
#941=LINE('',#8373,#1781);
#942=LINE('',#8374,#1782);
#943=LINE('',#8378,#1783);
#944=LINE('',#8379,#1784);
#945=LINE('',#8381,#1785);
#946=LINE('',#8383,#1786);
#947=LINE('',#8384,#1787);
#948=LINE('',#8385,#1788);
#949=LINE('',#8388,#1789);
#950=LINE('',#8389,#1790);
#951=LINE('',#8392,#1791);
#952=LINE('',#8393,#1792);
#953=LINE('',#8395,#1793);
#954=LINE('',#8398,#1794);
#955=LINE('',#8400,#1795);
#956=LINE('',#8402,#1796);
#957=LINE('',#8404,#1797);
#958=LINE('',#8406,#1798);
#959=LINE('',#8408,#1799);
#960=LINE('',#8410,#1800);
#961=LINE('',#8412,#1801);
#962=LINE('',#8414,#1802);
#963=LINE('',#8416,#1803);
#964=LINE('',#8418,#1804);
#965=LINE('',#8420,#1805);
#966=LINE('',#8422,#1806);
#967=LINE('',#8424,#1807);
#968=LINE('',#8426,#1808);
#969=LINE('',#8428,#1809);
#970=LINE('',#8430,#1810);
#971=LINE('',#8432,#1811);
#972=LINE('',#8434,#1812);
#973=LINE('',#8436,#1813);
#974=LINE('',#8437,#1814);
#975=LINE('',#8439,#1815);
#976=LINE('',#8441,#1816);
#977=LINE('',#8443,#1817);
#978=LINE('',#8445,#1818);
#979=LINE('',#8447,#1819);
#980=LINE('',#8449,#1820);
#981=LINE('',#8451,#1821);
#982=LINE('',#8453,#1822);
#983=LINE('',#8455,#1823);
#984=LINE('',#8457,#1824);
#985=LINE('',#8459,#1825);
#986=LINE('',#8461,#1826);
#987=LINE('',#8463,#1827);
#988=LINE('',#8464,#1828);
#989=LINE('',#8465,#1829);
#990=LINE('',#8468,#1830);
#991=LINE('',#8469,#1831);
#992=LINE('',#8472,#1832);
#993=LINE('',#8473,#1833);
#994=LINE('',#8476,#1834);
#995=LINE('',#8477,#1835);
#996=LINE('',#8478,#1836);
#997=LINE('',#8479,#1837);
#998=LINE('',#8482,#1838);
#999=LINE('',#8483,#1839);
#1000=LINE('',#8486,#1840);
#1001=LINE('',#8487,#1841);
#1002=LINE('',#8489,#1842);
#1003=LINE('',#8492,#1843);
#1004=LINE('',#8494,#1844);
#1005=LINE('',#8496,#1845);
#1006=LINE('',#8498,#1846);
#1007=LINE('',#8500,#1847);
#1008=LINE('',#8502,#1848);
#1009=LINE('',#8503,#1849);
#1010=LINE('',#8506,#1850);
#1011=LINE('',#8507,#1851);
#1012=LINE('',#8509,#1852);
#1013=LINE('',#8512,#1853);
#1014=LINE('',#8514,#1854);
#1015=LINE('',#8516,#1855);
#1016=LINE('',#8518,#1856);
#1017=LINE('',#8519,#1857);
#1018=LINE('',#8522,#1858);
#1019=LINE('',#8523,#1859);
#1020=LINE('',#8526,#1860);
#1021=LINE('',#8527,#1861);
#1022=LINE('',#8530,#1862);
#1023=LINE('',#8531,#1863);
#1024=LINE('',#8534,#1864);
#1025=LINE('',#8535,#1865);
#1026=LINE('',#8538,#1866);
#1027=LINE('',#8539,#1867);
#1028=LINE('',#8542,#1868);
#1029=LINE('',#8543,#1869);
#1030=LINE('',#8546,#1870);
#1031=LINE('',#8547,#1871);
#1032=LINE('',#8550,#1872);
#1033=LINE('',#8551,#1873);
#1034=LINE('',#8555,#1874);
#1035=LINE('',#8557,#1875);
#1036=LINE('',#8558,#1876);
#1037=LINE('',#8561,#1877);
#1038=LINE('',#8563,#1878);
#1039=LINE('',#8565,#1879);
#1040=LINE('',#8567,#1880);
#1041=LINE('',#8568,#1881);
#1042=LINE('',#8572,#1882);
#1043=LINE('',#8574,#1883);
#1044=LINE('',#8576,#1884);
#1045=LINE('',#8578,#1885);
#1046=LINE('',#8580,#1886);
#1047=LINE('',#8581,#1887);
#1048=LINE('',#8585,#1888);
#1049=LINE('',#8587,#1889);
#1050=LINE('',#8588,#1890);
#1051=LINE('',#8592,#1891);
#1052=LINE('',#8594,#1892);
#1053=LINE('',#8596,#1893);
#1054=LINE('',#8598,#1894);
#1055=LINE('',#8600,#1895);
#1056=LINE('',#8602,#1896);
#1057=LINE('',#8604,#1897);
#1058=LINE('',#8606,#1898);
#1059=LINE('',#8608,#1899);
#1060=LINE('',#8610,#1900);
#1061=LINE('',#8612,#1901);
#1062=LINE('',#8614,#1902);
#1063=LINE('',#8616,#1903);
#1064=LINE('',#8618,#1904);
#1065=LINE('',#8620,#1905);
#1066=LINE('',#8622,#1906);
#1067=LINE('',#8624,#1907);
#1068=LINE('',#8626,#1908);
#1069=LINE('',#8628,#1909);
#1070=LINE('',#8630,#1910);
#1071=LINE('',#8632,#1911);
#1072=LINE('',#8633,#1912);
#1073=LINE('',#8636,#1913);
#1074=LINE('',#8638,#1914);
#1075=LINE('',#8640,#1915);
#1076=LINE('',#8642,#1916);
#1077=LINE('',#8644,#1917);
#1078=LINE('',#8646,#1918);
#1079=LINE('',#8648,#1919);
#1080=LINE('',#8650,#1920);
#1081=LINE('',#8652,#1921);
#1082=LINE('',#8654,#1922);
#1083=LINE('',#8656,#1923);
#1084=LINE('',#8658,#1924);
#1085=LINE('',#8660,#1925);
#1086=LINE('',#8662,#1926);
#1087=LINE('',#8664,#1927);
#1088=LINE('',#8665,#1928);
#1089=LINE('',#8667,#1929);
#1090=LINE('',#8668,#1930);
#1091=LINE('',#8670,#1931);
#1092=LINE('',#8672,#1932);
#1093=LINE('',#8674,#1933);
#1094=LINE('',#8676,#1934);
#1095=LINE('',#8678,#1935);
#1096=LINE('',#8680,#1936);
#1097=LINE('',#8682,#1937);
#1098=LINE('',#8684,#1938);
#1099=LINE('',#8686,#1939);
#1100=LINE('',#8688,#1940);
#1101=LINE('',#8690,#1941);
#1102=LINE('',#8692,#1942);
#1103=LINE('',#8694,#1943);
#1104=LINE('',#8696,#1944);
#1105=LINE('',#8699,#1945);
#1106=LINE('',#8700,#1946);
#1107=LINE('',#8702,#1947);
#1108=LINE('',#8704,#1948);
#1109=LINE('',#8706,#1949);
#1110=LINE('',#8708,#1950);
#1111=LINE('',#8710,#1951);
#1112=LINE('',#8712,#1952);
#1113=LINE('',#8714,#1953);
#1114=LINE('',#8716,#1954);
#1115=LINE('',#8718,#1955);
#1116=LINE('',#8720,#1956);
#1117=LINE('',#8722,#1957);
#1118=LINE('',#8724,#1958);
#1119=LINE('',#8726,#1959);
#1120=LINE('',#8728,#1960);
#1121=LINE('',#8730,#1961);
#1122=LINE('',#8732,#1962);
#1123=LINE('',#8735,#1963);
#1124=LINE('',#8736,#1964);
#1125=LINE('',#8737,#1965);
#1126=LINE('',#8739,#1966);
#1127=LINE('',#8743,#1967);
#1128=LINE('',#8744,#1968);
#1129=LINE('',#8745,#1969);
#1130=LINE('',#8747,#1970);
#1131=LINE('',#8748,#1971);
#1132=LINE('',#8750,#1972);
#1133=LINE('',#8752,#1973);
#1134=LINE('',#8753,#1974);
#1135=LINE('',#8757,#1975);
#1136=LINE('',#8758,#1976);
#1137=LINE('',#8760,#1977);
#1138=LINE('',#8761,#1978);
#1139=LINE('',#8764,#1979);
#1140=LINE('',#8765,#1980);
#1141=LINE('',#8768,#1981);
#1142=LINE('',#8770,#1982);
#1143=LINE('',#8771,#1983);
#1144=LINE('',#8774,#1984);
#1145=LINE('',#8776,#1985);
#1146=LINE('',#8777,#1986);
#1147=LINE('',#8780,#1987);
#1148=LINE('',#8781,#1988);
#1149=LINE('',#8784,#1989);
#1150=LINE('',#8786,#1990);
#1151=LINE('',#8787,#1991);
#1152=LINE('',#8790,#1992);
#1153=LINE('',#8791,#1993);
#1154=LINE('',#8795,#1994);
#1155=LINE('',#8797,#1995);
#1156=LINE('',#8798,#1996);
#1157=LINE('',#8802,#1997);
#1158=LINE('',#8804,#1998);
#1159=LINE('',#8806,#1999);
#1160=LINE('',#8807,#2000);
#1161=LINE('',#8811,#2001);
#1162=LINE('',#8813,#2002);
#1163=LINE('',#8815,#2003);
#1164=LINE('',#8816,#2004);
#1165=LINE('',#8820,#2005);
#1166=LINE('',#8822,#2006);
#1167=LINE('',#8823,#2007);
#1168=LINE('',#8827,#2008);
#1169=LINE('',#8829,#2009);
#1170=LINE('',#8830,#2010);
#1171=LINE('',#8834,#2011);
#1172=LINE('',#8836,#2012);
#1173=LINE('',#8837,#2013);
#1174=LINE('',#8841,#2014);
#1175=LINE('',#8843,#2015);
#1176=LINE('',#8844,#2016);
#1177=LINE('',#8847,#2017);
#1178=LINE('',#8849,#2018);
#1179=LINE('',#8851,#2019);
#1180=LINE('',#8853,#2020);
#1181=LINE('',#8855,#2021);
#1182=LINE('',#8857,#2022);
#1183=LINE('',#8859,#2023);
#1184=LINE('',#8861,#2024);
#1185=LINE('',#8863,#2025);
#1186=LINE('',#8865,#2026);
#1187=LINE('',#8866,#2027);
#1188=LINE('',#8870,#2028);
#1189=LINE('',#8872,#2029);
#1190=LINE('',#8874,#2030);
#1191=LINE('',#8876,#2031);
#1192=LINE('',#8878,#2032);
#1193=LINE('',#8880,#2033);
#1194=LINE('',#8882,#2034);
#1195=LINE('',#8884,#2035);
#1196=LINE('',#8886,#2036);
#1197=LINE('',#8888,#2037);
#1198=LINE('',#8890,#2038);
#1199=LINE('',#8891,#2039);
#1200=LINE('',#8895,#2040);
#1201=LINE('',#8897,#2041);
#1202=LINE('',#8899,#2042);
#1203=LINE('',#8900,#2043);
#1204=LINE('',#8903,#2044);
#1205=LINE('',#8904,#2045);
#1206=LINE('',#8906,#2046);
#1207=LINE('',#8908,#2047);
#1208=LINE('',#8909,#2048);
#1209=LINE('',#8911,#2049);
#1210=LINE('',#8913,#2050);
#1211=LINE('',#8917,#2051);
#1212=LINE('',#8918,#2052);
#1213=LINE('',#8919,#2053);
#1214=LINE('',#8922,#2054);
#1215=LINE('',#8923,#2055);
#1216=LINE('',#8925,#2056);
#1217=LINE('',#8926,#2057);
#1218=LINE('',#8928,#2058);
#1219=LINE('',#8930,#2059);
#1220=LINE('',#8933,#2060);
#1221=LINE('',#8934,#2061);
#1222=LINE('',#8935,#2062);
#1223=LINE('',#8937,#2063);
#1224=LINE('',#8938,#2064);
#1225=LINE('',#8940,#2065);
#1226=LINE('',#8941,#2066);
#1227=LINE('',#8942,#2067);
#1228=LINE('',#8944,#2068);
#1229=LINE('',#8946,#2069);
#1230=LINE('',#8947,#2070);
#1231=LINE('',#8949,#2071);
#1232=LINE('',#8953,#2072);
#1233=LINE('',#8954,#2073);
#1234=LINE('',#8958,#2074);
#1235=LINE('',#8960,#2075);
#1236=LINE('',#8961,#2076);
#1237=LINE('',#8964,#2077);
#1238=LINE('',#8966,#2078);
#1239=LINE('',#8968,#2079);
#1240=LINE('',#8970,#2080);
#1241=LINE('',#8972,#2081);
#1242=LINE('',#8974,#2082);
#1243=LINE('',#8976,#2083);
#1244=LINE('',#8977,#2084);
#1245=LINE('',#8980,#2085);
#1246=LINE('',#8981,#2086);
#1247=LINE('',#8983,#2087);
#1248=LINE('',#8984,#2088);
#1249=LINE('',#8985,#2089);
#1250=LINE('',#8987,#2090);
#1251=LINE('',#8988,#2091);
#1252=LINE('',#8990,#2092);
#1253=LINE('',#8993,#2093);
#1254=LINE('',#8995,#2094);
#1255=LINE('',#8996,#2095);
#1256=LINE('',#8997,#2096);
#1257=LINE('',#8998,#2097);
#1258=LINE('',#9000,#2098);
#1259=LINE('',#9005,#2099);
#1260=LINE('',#9006,#2100);
#1261=LINE('',#9009,#2101);
#1262=LINE('',#9011,#2102);
#1263=LINE('',#9012,#2103);
#1264=LINE('',#9014,#2104);
#1265=LINE('',#9015,#2105);
#1266=LINE('',#9020,#2106);
#1267=LINE('',#9021,#2107);
#1268=LINE('',#9024,#2108);
#1269=LINE('',#9025,#2109);
#1270=LINE('',#9028,#2110);
#1271=LINE('',#9029,#2111);
#1272=LINE('',#9032,#2112);
#1273=LINE('',#9033,#2113);
#1274=LINE('',#9035,#2114);
#1275=LINE('',#9039,#2115);
#1276=LINE('',#9040,#2116);
#1277=LINE('',#9043,#2117);
#1278=LINE('',#9045,#2118);
#1279=LINE('',#9046,#2119);
#1280=LINE('',#9050,#2120);
#1281=LINE('',#9052,#2121);
#1282=LINE('',#9053,#2122);
#1283=LINE('',#9057,#2123);
#1284=LINE('',#9059,#2124);
#1285=LINE('',#9061,#2125);
#1286=LINE('',#9063,#2126);
#1287=LINE('',#9065,#2127);
#1288=LINE('',#9067,#2128);
#1289=LINE('',#9069,#2129);
#1290=LINE('',#9071,#2130);
#1291=LINE('',#9072,#2131);
#1292=LINE('',#9075,#2132);
#1293=LINE('',#9076,#2133);
#1294=LINE('',#9077,#2134);
#1295=LINE('',#9080,#2135);
#1296=LINE('',#9081,#2136);
#1297=LINE('',#9082,#2137);
#1298=LINE('',#9084,#2138);
#1299=LINE('',#9085,#2139);
#1300=LINE('',#9087,#2140);
#1301=LINE('',#9090,#2141);
#1302=LINE('',#9092,#2142);
#1303=LINE('',#9093,#2143);
#1304=LINE('',#9094,#2144);
#1305=LINE('',#9096,#2145);
#1306=LINE('',#9099,#2146);
#1307=LINE('',#9101,#2147);
#1308=LINE('',#9102,#2148);
#1309=LINE('',#9105,#2149);
#1310=LINE('',#9106,#2150);
#1311=LINE('',#9107,#2151);
#1312=LINE('',#9109,#2152);
#1313=LINE('',#9114,#2153);
#1314=LINE('',#9115,#2154);
#1315=LINE('',#9118,#2155);
#1316=LINE('',#9120,#2156);
#1317=LINE('',#9121,#2157);
#1318=LINE('',#9125,#2158);
#1319=LINE('',#9126,#2159);
#1320=LINE('',#9127,#2160);
#1321=LINE('',#9130,#2161);
#1322=LINE('',#9131,#2162);
#1323=LINE('',#9134,#2163);
#1324=LINE('',#9135,#2164);
#1325=LINE('',#9138,#2165);
#1326=LINE('',#9140,#2166);
#1327=LINE('',#9142,#2167);
#1328=LINE('',#9144,#2168);
#1329=LINE('',#9146,#2169);
#1330=LINE('',#9147,#2170);
#1331=LINE('',#9149,#2171);
#1332=LINE('',#9151,#2172);
#1333=LINE('',#9153,#2173);
#1334=LINE('',#9155,#2174);
#1335=LINE('',#9157,#2175);
#1336=LINE('',#9159,#2176);
#1337=LINE('',#9161,#2177);
#1338=LINE('',#9162,#2178);
#1339=LINE('',#9163,#2179);
#1340=LINE('',#9167,#2180);
#1341=LINE('',#9169,#2181);
#1342=LINE('',#9170,#2182);
#1343=LINE('',#9173,#2183);
#1344=LINE('',#9175,#2184);
#1345=LINE('',#9177,#2185);
#1346=LINE('',#9178,#2186);
#1347=LINE('',#9181,#2187);
#1348=LINE('',#9183,#2188);
#1349=LINE('',#9185,#2189);
#1350=LINE('',#9186,#2190);
#1351=LINE('',#9188,#2191);
#1352=LINE('',#9189,#2192);
#1353=LINE('',#9192,#2193);
#1354=LINE('',#9194,#2194);
#1355=LINE('',#9196,#2195);
#1356=LINE('',#9197,#2196);
#1357=LINE('',#9199,#2197);
#1358=LINE('',#9201,#2198);
#1359=LINE('',#9202,#2199);
#1360=LINE('',#9206,#2200);
#1361=LINE('',#9208,#2201);
#1362=LINE('',#9210,#2202);
#1363=LINE('',#9212,#2203);
#1364=LINE('',#9214,#2204);
#1365=LINE('',#9216,#2205);
#1366=LINE('',#9218,#2206);
#1367=LINE('',#9220,#2207);
#1368=LINE('',#9222,#2208);
#1369=LINE('',#9224,#2209);
#1370=LINE('',#9226,#2210);
#1371=LINE('',#9228,#2211);
#1372=LINE('',#9230,#2212);
#1373=LINE('',#9232,#2213);
#1374=LINE('',#9233,#2214);
#1375=LINE('',#9234,#2215);
#1376=LINE('',#9236,#2216);
#1377=LINE('',#9238,#2217);
#1378=LINE('',#9240,#2218);
#1379=LINE('',#9242,#2219);
#1380=LINE('',#9244,#2220);
#1381=LINE('',#9245,#2221);
#1382=LINE('',#9248,#2222);
#1383=LINE('',#9250,#2223);
#1384=LINE('',#9252,#2224);
#1385=LINE('',#9253,#2225);
#1386=LINE('',#9256,#2226);
#1387=LINE('',#9258,#2227);
#1388=LINE('',#9260,#2228);
#1389=LINE('',#9261,#2229);
#1390=LINE('',#9263,#2230);
#1391=LINE('',#9264,#2231);
#1392=LINE('',#9266,#2232);
#1393=LINE('',#9268,#2233);
#1394=LINE('',#9271,#2234);
#1395=LINE('',#9272,#2235);
#1396=LINE('',#9274,#2236);
#1397=LINE('',#9276,#2237);
#1398=LINE('',#9280,#2238);
#1399=LINE('',#9282,#2239);
#1400=LINE('',#9284,#2240);
#1401=LINE('',#9288,#2241);
#1402=LINE('',#9290,#2242);
#1403=LINE('',#9291,#2243);
#1404=LINE('',#9292,#2244);
#1405=LINE('',#9294,#2245);
#1406=LINE('',#9295,#2246);
#1407=LINE('',#9298,#2247);
#1408=LINE('',#9299,#2248);
#1409=LINE('',#9300,#2249);
#1410=LINE('',#9303,#2250);
#1411=LINE('',#9304,#2251);
#1412=LINE('',#9305,#2252);
#1413=LINE('',#9307,#2253);
#1414=LINE('',#9309,#2254);
#1415=LINE('',#9313,#2255);
#1416=LINE('',#9314,#2256);
#1417=LINE('',#9317,#2257);
#1418=LINE('',#9319,#2258);
#1419=LINE('',#9320,#2259);
#1420=LINE('',#9322,#2260);
#1421=LINE('',#9323,#2261);
#1422=LINE('',#9328,#2262);
#1423=LINE('',#9330,#2263);
#1424=LINE('',#9331,#2264);
#1425=LINE('',#9334,#2265);
#1426=LINE('',#9336,#2266);
#1427=LINE('',#9337,#2267);
#1428=LINE('',#9339,#2268);
#1429=LINE('',#9340,#2269);
#1430=LINE('',#9345,#2270);
#1431=LINE('',#9347,#2271);
#1432=LINE('',#9348,#2272);
#1433=LINE('',#9351,#2273);
#1434=LINE('',#9352,#2274);
#1435=LINE('',#9355,#2275);
#1436=LINE('',#9356,#2276);
#1437=LINE('',#9358,#2277);
#1438=LINE('',#9362,#2278);
#1439=LINE('',#9363,#2279);
#1440=LINE('',#9366,#2280);
#1441=LINE('',#9368,#2281);
#1442=LINE('',#9369,#2282);
#1443=LINE('',#9371,#2283);
#1444=LINE('',#9372,#2284);
#1445=LINE('',#9378,#2285);
#1446=LINE('',#9379,#2286);
#1447=LINE('',#9380,#2287);
#1448=LINE('',#9384,#2288);
#1449=LINE('',#9385,#2289);
#1450=LINE('',#9386,#2290);
#1451=LINE('',#9388,#2291);
#1452=LINE('',#9390,#2292);
#1453=LINE('',#9394,#2293);
#1454=LINE('',#9395,#2294);
#1455=LINE('',#9396,#2295);
#1456=LINE('',#9400,#2296);
#1457=LINE('',#9401,#2297);
#1458=LINE('',#9402,#2298);
#1459=LINE('',#9404,#2299);
#1460=LINE('',#9406,#2300);
#1461=LINE('',#9410,#2301);
#1462=LINE('',#9411,#2302);
#1463=LINE('',#9412,#2303);
#1464=LINE('',#9415,#2304);
#1465=LINE('',#9416,#2305);
#1466=LINE('',#9419,#2306);
#1467=LINE('',#9420,#2307);
#1468=LINE('',#9422,#2308);
#1469=LINE('',#9426,#2309);
#1470=LINE('',#9427,#2310);
#1471=LINE('',#9428,#2311);
#1472=LINE('',#9431,#2312);
#1473=LINE('',#9432,#2313);
#1474=LINE('',#9435,#2314);
#1475=LINE('',#9436,#2315);
#1476=LINE('',#9438,#2316);
#1477=VECTOR('',#6308,1.);
#1478=VECTOR('',#6309,1.);
#1479=VECTOR('',#6310,1.);
#1480=VECTOR('',#6311,1.);
#1481=VECTOR('',#6312,1.);
#1482=VECTOR('',#6315,1.);
#1483=VECTOR('',#6316,1.);
#1484=VECTOR('',#6317,1.);
#1485=VECTOR('',#6318,1.);
#1486=VECTOR('',#6321,1.);
#1487=VECTOR('',#6322,1.);
#1488=VECTOR('',#6323,1.);
#1489=VECTOR('',#6326,1.);
#1490=VECTOR('',#6327,1.);
#1491=VECTOR('',#6328,1.);
#1492=VECTOR('',#6331,1.);
#1493=VECTOR('',#6332,1.);
#1494=VECTOR('',#6333,1.);
#1495=VECTOR('',#6336,1.);
#1496=VECTOR('',#6337,1.);
#1497=VECTOR('',#6338,1.);
#1498=VECTOR('',#6339,1.);
#1499=VECTOR('',#6340,1.);
#1500=VECTOR('',#6341,1.);
#1501=VECTOR('',#6342,1.);
#1502=VECTOR('',#6343,1.);
#1503=VECTOR('',#6346,1.);
#1504=VECTOR('',#6347,1.);
#1505=VECTOR('',#6348,1.);
#1506=VECTOR('',#6349,1.);
#1507=VECTOR('',#6350,1.);
#1508=VECTOR('',#6353,1.);
#1509=VECTOR('',#6354,1.);
#1510=VECTOR('',#6355,1.);
#1511=VECTOR('',#6356,1.);
#1512=VECTOR('',#6357,1.);
#1513=VECTOR('',#6358,1.);
#1514=VECTOR('',#6361,1.);
#1515=VECTOR('',#6362,1.);
#1516=VECTOR('',#6363,1.);
#1517=VECTOR('',#6364,1.);
#1518=VECTOR('',#6365,1.);
#1519=VECTOR('',#6368,1.);
#1520=VECTOR('',#6369,1.);
#1521=VECTOR('',#6370,1.);
#1522=VECTOR('',#6371,1.);
#1523=VECTOR('',#6372,1.);
#1524=VECTOR('',#6373,1.);
#1525=VECTOR('',#6374,1.);
#1526=VECTOR('',#6375,1.);
#1527=VECTOR('',#6376,1.);
#1528=VECTOR('',#6377,1.);
#1529=VECTOR('',#6378,1.);
#1530=VECTOR('',#6379,1.);
#1531=VECTOR('',#6380,1.);
#1532=VECTOR('',#6381,1.);
#1533=VECTOR('',#6382,1.);
#1534=VECTOR('',#6383,1.);
#1535=VECTOR('',#6384,1.);
#1536=VECTOR('',#6385,1.);
#1537=VECTOR('',#6386,1.);
#1538=VECTOR('',#6387,1.);
#1539=VECTOR('',#6388,1.);
#1540=VECTOR('',#6389,1.);
#1541=VECTOR('',#6390,1.);
#1542=VECTOR('',#6391,1.);
#1543=VECTOR('',#6392,1.);
#1544=VECTOR('',#6393,1.);
#1545=VECTOR('',#6394,1.);
#1546=VECTOR('',#6395,1.);
#1547=VECTOR('',#6396,1.);
#1548=VECTOR('',#6397,1.);
#1549=VECTOR('',#6398,1.);
#1550=VECTOR('',#6399,1.);
#1551=VECTOR('',#6400,1.);
#1552=VECTOR('',#6401,1.);
#1553=VECTOR('',#6402,1.);
#1554=VECTOR('',#6403,1.);
#1555=VECTOR('',#6404,1.);
#1556=VECTOR('',#6407,1.);
#1557=VECTOR('',#6408,1.);
#1558=VECTOR('',#6409,1.);
#1559=VECTOR('',#6410,1.);
#1560=VECTOR('',#6411,1.);
#1561=VECTOR('',#6412,1.);
#1562=VECTOR('',#6415,1.);
#1563=VECTOR('',#6416,1.);
#1564=VECTOR('',#6417,1.);
#1565=VECTOR('',#6418,1.);
#1566=VECTOR('',#6419,1.);
#1567=VECTOR('',#6422,1.);
#1568=VECTOR('',#6423,1.);
#1569=VECTOR('',#6424,1.);
#1570=VECTOR('',#6425,1.);
#1571=VECTOR('',#6426,1.);
#1572=VECTOR('',#6427,1.);
#1573=VECTOR('',#6428,1.);
#1574=VECTOR('',#6429,1.);
#1575=VECTOR('',#6430,1.);
#1576=VECTOR('',#6433,1.);
#1577=VECTOR('',#6434,1.);
#1578=VECTOR('',#6435,1.);
#1579=VECTOR('',#6436,1.);
#1580=VECTOR('',#6437,1.);
#1581=VECTOR('',#6440,1.);
#1582=VECTOR('',#6441,1.);
#1583=VECTOR('',#6442,1.);
#1584=VECTOR('',#6445,1.);
#1585=VECTOR('',#6446,1.);
#1586=VECTOR('',#6447,1.);
#1587=VECTOR('',#6448,1.);
#1588=VECTOR('',#6451,1.);
#1589=VECTOR('',#6452,1.);
#1590=VECTOR('',#6453,1.);
#1591=VECTOR('',#6454,1.);
#1592=VECTOR('',#6455,1.);
#1593=VECTOR('',#6456,1.);
#1594=VECTOR('',#6457,1.);
#1595=VECTOR('',#6458,1.);
#1596=VECTOR('',#6459,1.);
#1597=VECTOR('',#6460,1.);
#1598=VECTOR('',#6463,1.);
#1599=VECTOR('',#6464,1.);
#1600=VECTOR('',#6465,1.);
#1601=VECTOR('',#6466,1.);
#1602=VECTOR('',#6467,1.);
#1603=VECTOR('',#6468,1.);
#1604=VECTOR('',#6469,1.);
#1605=VECTOR('',#6470,1.);
#1606=VECTOR('',#6473,1.);
#1607=VECTOR('',#6474,1.);
#1608=VECTOR('',#6475,1.);
#1609=VECTOR('',#6476,1.);
#1610=VECTOR('',#6477,1.);
#1611=VECTOR('',#6478,1.);
#1612=VECTOR('',#6479,1.);
#1613=VECTOR('',#6482,1.);
#1614=VECTOR('',#6483,1.);
#1615=VECTOR('',#6484,1.);
#1616=VECTOR('',#6487,1.);
#1617=VECTOR('',#6488,1.);
#1618=VECTOR('',#6489,1.);
#1619=VECTOR('',#6492,1.);
#1620=VECTOR('',#6493,1.);
#1621=VECTOR('',#6494,1.);
#1622=VECTOR('',#6495,1.);
#1623=VECTOR('',#6496,1.);
#1624=VECTOR('',#6497,1.);
#1625=VECTOR('',#6500,1.);
#1626=VECTOR('',#6501,1.);
#1627=VECTOR('',#6502,1.);
#1628=VECTOR('',#6505,1.);
#1629=VECTOR('',#6506,1.);
#1630=VECTOR('',#6507,1.);
#1631=VECTOR('',#6510,1.);
#1632=VECTOR('',#6511,1.);
#1633=VECTOR('',#6512,1.);
#1634=VECTOR('',#6515,1.);
#1635=VECTOR('',#6516,1.);
#1636=VECTOR('',#6517,1.);
#1637=VECTOR('',#6520,1.);
#1638=VECTOR('',#6521,1.);
#1639=VECTOR('',#6522,1.);
#1640=VECTOR('',#6523,1.);
#1641=VECTOR('',#6524,1.);
#1642=VECTOR('',#6527,1.);
#1643=VECTOR('',#6528,1.);
#1644=VECTOR('',#6529,1.);
#1645=VECTOR('',#6532,1.);
#1646=VECTOR('',#6533,1.);
#1647=VECTOR('',#6534,1.);
#1648=VECTOR('',#6537,1.);
#1649=VECTOR('',#6538,1.);
#1650=VECTOR('',#6539,1.);
#1651=VECTOR('',#6540,1.);
#1652=VECTOR('',#6541,1.);
#1653=VECTOR('',#6544,1.);
#1654=VECTOR('',#6545,1.);
#1655=VECTOR('',#6546,1.);
#1656=VECTOR('',#6549,1.);
#1657=VECTOR('',#6550,1.);
#1658=VECTOR('',#6553,1.);
#1659=VECTOR('',#6554,1.);
#1660=VECTOR('',#6555,1.);
#1661=VECTOR('',#6558,1.);
#1662=VECTOR('',#6559,1.);
#1663=VECTOR('',#6562,1.);
#1664=VECTOR('',#6565,1.);
#1665=VECTOR('',#6568,1.);
#1666=VECTOR('',#6571,1.);
#1667=VECTOR('',#6572,1.);
#1668=VECTOR('',#6575,1.);
#1669=VECTOR('',#6576,1.);
#1670=VECTOR('',#6579,1.);
#1671=VECTOR('',#6582,1.);
#1672=VECTOR('',#6585,1.);
#1673=VECTOR('',#6590,1.);
#1674=VECTOR('',#6591,1.);
#1675=VECTOR('',#6592,1.);
#1676=VECTOR('',#6595,1.);
#1677=VECTOR('',#6596,1.);
#1678=VECTOR('',#6599,1.);
#1679=VECTOR('',#6602,1.);
#1680=VECTOR('',#6605,1.);
#1681=VECTOR('',#6608,1.);
#1682=VECTOR('',#6609,1.);
#1683=VECTOR('',#6612,1.);
#1684=VECTOR('',#6613,1.);
#1685=VECTOR('',#6616,1.);
#1686=VECTOR('',#6617,1.);
#1687=VECTOR('',#6620,1.);
#1688=VECTOR('',#6621,1.);
#1689=VECTOR('',#6624,1.);
#1690=VECTOR('',#6625,1.);
#1691=VECTOR('',#6628,1.);
#1692=VECTOR('',#6629,1.);
#1693=VECTOR('',#6632,1.);
#1694=VECTOR('',#6633,1.);
#1695=VECTOR('',#6636,1.);
#1696=VECTOR('',#6637,1.);
#1697=VECTOR('',#6640,1.);
#1698=VECTOR('',#6641,1.);
#1699=VECTOR('',#6644,1.);
#1700=VECTOR('',#6647,1.);
#1701=VECTOR('',#6648,1.);
#1702=VECTOR('',#6651,1.);
#1703=VECTOR('',#6654,1.);
#1704=VECTOR('',#6657,1.);
#1705=VECTOR('',#6658,1.);
#1706=VECTOR('',#6661,1.);
#1707=VECTOR('',#6662,1.);
#1708=VECTOR('',#6665,1.);
#1709=VECTOR('',#6668,1.);
#1710=VECTOR('',#6671,1.);
#1711=VECTOR('',#6674,1.);
#1712=VECTOR('',#6677,1.);
#1713=VECTOR('',#6678,1.);
#1714=VECTOR('',#6679,1.);
#1715=VECTOR('',#6682,1.);
#1716=VECTOR('',#6683,1.);
#1717=VECTOR('',#6686,1.);
#1718=VECTOR('',#6687,1.);
#1719=VECTOR('',#6690,1.);
#1720=VECTOR('',#6691,1.);
#1721=VECTOR('',#6694,1.);
#1722=VECTOR('',#6695,1.);
#1723=VECTOR('',#6698,1.);
#1724=VECTOR('',#6701,1.);
#1725=VECTOR('',#6704,1.);
#1726=VECTOR('',#6705,1.);
#1727=VECTOR('',#6708,1.);
#1728=VECTOR('',#6709,1.);
#1729=VECTOR('',#6710,1.);
#1730=VECTOR('',#6713,1.);
#1731=VECTOR('',#6716,1.);
#1732=VECTOR('',#6719,1.);
#1733=VECTOR('',#6722,1.);
#1734=VECTOR('',#6723,1.);
#1735=VECTOR('',#6724,1.);
#1736=VECTOR('',#6727,1.);
#1737=VECTOR('',#6728,1.);
#1738=VECTOR('',#6731,1.);
#1739=VECTOR('',#6732,1.);
#1740=VECTOR('',#6735,1.);
#1741=VECTOR('',#6738,1.);
#1742=VECTOR('',#6739,1.);
#1743=VECTOR('',#6742,1.);
#1744=VECTOR('',#6743,1.);
#1745=VECTOR('',#6744,1.);
#1746=VECTOR('',#6745,1.);
#1747=VECTOR('',#6746,1.);
#1748=VECTOR('',#6747,1.);
#1749=VECTOR('',#6750,1.);
#1750=VECTOR('',#6751,1.);
#1751=VECTOR('',#6752,1.);
#1752=VECTOR('',#6753,1.);
#1753=VECTOR('',#6756,1.);
#1754=VECTOR('',#6757,1.);
#1755=VECTOR('',#6760,1.);
#1756=VECTOR('',#6763,1.);
#1757=VECTOR('',#6764,1.);
#1758=VECTOR('',#6765,1.);
#1759=VECTOR('',#6766,1.);
#1760=VECTOR('',#6767,1.);
#1761=VECTOR('',#6770,1.);
#1762=VECTOR('',#6771,1.);
#1763=VECTOR('',#6772,1.);
#1764=VECTOR('',#6775,1.);
#1765=VECTOR('',#6776,1.);
#1766=VECTOR('',#6779,1.);
#1767=VECTOR('',#6780,1.);
#1768=VECTOR('',#6781,1.);
#1769=VECTOR('',#6784,1.);
#1770=VECTOR('',#6785,1.);
#1771=VECTOR('',#6788,1.);
#1772=VECTOR('',#6789,1.);
#1773=VECTOR('',#6790,1.);
#1774=VECTOR('',#6791,1.);
#1775=VECTOR('',#6794,1.);
#1776=VECTOR('',#6795,1.);
#1777=VECTOR('',#6796,1.);
#1778=VECTOR('',#6797,1.);
#1779=VECTOR('',#6800,1.);
#1780=VECTOR('',#6801,1.);
#1781=VECTOR('',#6802,1.);
#1782=VECTOR('',#6803,1.);
#1783=VECTOR('',#6806,1.);
#1784=VECTOR('',#6807,1.);
#1785=VECTOR('',#6808,1.);
#1786=VECTOR('',#6809,1.);
#1787=VECTOR('',#6810,1.);
#1788=VECTOR('',#6811,1.);
#1789=VECTOR('',#6814,1.);
#1790=VECTOR('',#6815,1.);
#1791=VECTOR('',#6818,1.);
#1792=VECTOR('',#6819,1.);
#1793=VECTOR('',#6822,1.);
#1794=VECTOR('',#6825,1.);
#1795=VECTOR('',#6826,1.);
#1796=VECTOR('',#6827,1.);
#1797=VECTOR('',#6828,1.);
#1798=VECTOR('',#6829,1.);
#1799=VECTOR('',#6830,1.);
#1800=VECTOR('',#6831,1.);
#1801=VECTOR('',#6832,1.);
#1802=VECTOR('',#6833,1.);
#1803=VECTOR('',#6834,1.);
#1804=VECTOR('',#6835,1.);
#1805=VECTOR('',#6836,1.);
#1806=VECTOR('',#6837,1.);
#1807=VECTOR('',#6838,1.);
#1808=VECTOR('',#6839,1.);
#1809=VECTOR('',#6840,1.);
#1810=VECTOR('',#6841,1.);
#1811=VECTOR('',#6842,1.);
#1812=VECTOR('',#6843,1.);
#1813=VECTOR('',#6844,1.);
#1814=VECTOR('',#6845,1.);
#1815=VECTOR('',#6846,1.);
#1816=VECTOR('',#6847,1.);
#1817=VECTOR('',#6848,1.);
#1818=VECTOR('',#6849,1.);
#1819=VECTOR('',#6850,1.);
#1820=VECTOR('',#6851,1.);
#1821=VECTOR('',#6852,1.);
#1822=VECTOR('',#6853,1.);
#1823=VECTOR('',#6854,1.);
#1824=VECTOR('',#6855,1.);
#1825=VECTOR('',#6856,1.);
#1826=VECTOR('',#6857,1.);
#1827=VECTOR('',#6858,1.);
#1828=VECTOR('',#6859,1.);
#1829=VECTOR('',#6860,1.);
#1830=VECTOR('',#6863,1.);
#1831=VECTOR('',#6864,1.);
#1832=VECTOR('',#6867,1.);
#1833=VECTOR('',#6868,1.);
#1834=VECTOR('',#6871,1.);
#1835=VECTOR('',#6872,1.);
#1836=VECTOR('',#6873,1.);
#1837=VECTOR('',#6874,1.);
#1838=VECTOR('',#6877,1.);
#1839=VECTOR('',#6878,1.);
#1840=VECTOR('',#6881,1.);
#1841=VECTOR('',#6882,1.);
#1842=VECTOR('',#6885,1.);
#1843=VECTOR('',#6888,1.);
#1844=VECTOR('',#6889,1.);
#1845=VECTOR('',#6890,1.);
#1846=VECTOR('',#6891,1.);
#1847=VECTOR('',#6892,1.);
#1848=VECTOR('',#6893,1.);
#1849=VECTOR('',#6894,1.);
#1850=VECTOR('',#6897,1.);
#1851=VECTOR('',#6898,1.);
#1852=VECTOR('',#6901,1.);
#1853=VECTOR('',#6904,1.);
#1854=VECTOR('',#6905,1.);
#1855=VECTOR('',#6906,1.);
#1856=VECTOR('',#6907,1.);
#1857=VECTOR('',#6908,1.);
#1858=VECTOR('',#6911,1.);
#1859=VECTOR('',#6912,1.);
#1860=VECTOR('',#6915,1.);
#1861=VECTOR('',#6916,1.);
#1862=VECTOR('',#6919,1.);
#1863=VECTOR('',#6920,1.);
#1864=VECTOR('',#6923,1.);
#1865=VECTOR('',#6924,1.);
#1866=VECTOR('',#6927,1.);
#1867=VECTOR('',#6928,1.);
#1868=VECTOR('',#6931,1.);
#1869=VECTOR('',#6932,1.);
#1870=VECTOR('',#6935,1.);
#1871=VECTOR('',#6936,1.);
#1872=VECTOR('',#6939,1.);
#1873=VECTOR('',#6940,1.);
#1874=VECTOR('',#6943,1.);
#1875=VECTOR('',#6944,1.);
#1876=VECTOR('',#6945,1.);
#1877=VECTOR('',#6948,1.);
#1878=VECTOR('',#6949,1.);
#1879=VECTOR('',#6950,1.);
#1880=VECTOR('',#6951,1.);
#1881=VECTOR('',#6952,1.);
#1882=VECTOR('',#6955,1.);
#1883=VECTOR('',#6956,1.);
#1884=VECTOR('',#6957,1.);
#1885=VECTOR('',#6958,1.);
#1886=VECTOR('',#6959,1.);
#1887=VECTOR('',#6960,1.);
#1888=VECTOR('',#6963,1.);
#1889=VECTOR('',#6964,1.);
#1890=VECTOR('',#6965,1.);
#1891=VECTOR('',#6968,1.);
#1892=VECTOR('',#6969,1.);
#1893=VECTOR('',#6970,1.);
#1894=VECTOR('',#6971,1.);
#1895=VECTOR('',#6972,1.);
#1896=VECTOR('',#6973,1.);
#1897=VECTOR('',#6974,1.);
#1898=VECTOR('',#6975,1.);
#1899=VECTOR('',#6976,1.);
#1900=VECTOR('',#6977,1.);
#1901=VECTOR('',#6978,1.);
#1902=VECTOR('',#6979,1.);
#1903=VECTOR('',#6980,1.);
#1904=VECTOR('',#6981,1.);
#1905=VECTOR('',#6982,1.);
#1906=VECTOR('',#6983,1.);
#1907=VECTOR('',#6984,1.);
#1908=VECTOR('',#6985,1.);
#1909=VECTOR('',#6986,1.);
#1910=VECTOR('',#6987,1.);
#1911=VECTOR('',#6988,1.);
#1912=VECTOR('',#6989,1.);
#1913=VECTOR('',#6990,1.);
#1914=VECTOR('',#6991,1.);
#1915=VECTOR('',#6992,1.);
#1916=VECTOR('',#6993,1.);
#1917=VECTOR('',#6994,1.);
#1918=VECTOR('',#6995,1.);
#1919=VECTOR('',#6996,1.);
#1920=VECTOR('',#6997,1.);
#1921=VECTOR('',#6998,1.);
#1922=VECTOR('',#6999,1.);
#1923=VECTOR('',#7000,1.);
#1924=VECTOR('',#7001,1.);
#1925=VECTOR('',#7002,1.);
#1926=VECTOR('',#7003,1.);
#1927=VECTOR('',#7004,1.);
#1928=VECTOR('',#7005,1.);
#1929=VECTOR('',#7008,1.);
#1930=VECTOR('',#7009,1.);
#1931=VECTOR('',#7012,1.);
#1932=VECTOR('',#7015,1.);
#1933=VECTOR('',#7018,1.);
#1934=VECTOR('',#7021,1.);
#1935=VECTOR('',#7024,1.);
#1936=VECTOR('',#7027,1.);
#1937=VECTOR('',#7030,1.);
#1938=VECTOR('',#7033,1.);
#1939=VECTOR('',#7036,1.);
#1940=VECTOR('',#7039,1.);
#1941=VECTOR('',#7042,1.);
#1942=VECTOR('',#7045,1.);
#1943=VECTOR('',#7048,1.);
#1944=VECTOR('',#7051,1.);
#1945=VECTOR('',#7056,1.);
#1946=VECTOR('',#7057,1.);
#1947=VECTOR('',#7060,1.);
#1948=VECTOR('',#7063,1.);
#1949=VECTOR('',#7066,1.);
#1950=VECTOR('',#7069,1.);
#1951=VECTOR('',#7072,1.);
#1952=VECTOR('',#7075,1.);
#1953=VECTOR('',#7078,1.);
#1954=VECTOR('',#7081,1.);
#1955=VECTOR('',#7084,1.);
#1956=VECTOR('',#7087,1.);
#1957=VECTOR('',#7090,1.);
#1958=VECTOR('',#7093,1.);
#1959=VECTOR('',#7096,1.);
#1960=VECTOR('',#7099,1.);
#1961=VECTOR('',#7102,1.);
#1962=VECTOR('',#7105,1.);
#1963=VECTOR('',#7108,1.);
#1964=VECTOR('',#7109,1.);
#1965=VECTOR('',#7110,1.);
#1966=VECTOR('',#7113,1.);
#1967=VECTOR('',#7116,1.);
#1968=VECTOR('',#7117,1.);
#1969=VECTOR('',#7118,1.);
#1970=VECTOR('',#7121,1.);
#1971=VECTOR('',#7122,1.);
#1972=VECTOR('',#7125,1.);
#1973=VECTOR('',#7128,1.);
#1974=VECTOR('',#7129,1.);
#1975=VECTOR('',#7134,1.);
#1976=VECTOR('',#7135,1.);
#1977=VECTOR('',#7138,1.);
#1978=VECTOR('',#7139,1.);
#1979=VECTOR('',#7142,1.);
#1980=VECTOR('',#7143,1.);
#1981=VECTOR('',#7146,1.);
#1982=VECTOR('',#7147,1.);
#1983=VECTOR('',#7148,1.);
#1984=VECTOR('',#7151,1.);
#1985=VECTOR('',#7152,1.);
#1986=VECTOR('',#7153,1.);
#1987=VECTOR('',#7156,1.);
#1988=VECTOR('',#7157,1.);
#1989=VECTOR('',#7160,1.);
#1990=VECTOR('',#7161,1.);
#1991=VECTOR('',#7162,1.);
#1992=VECTOR('',#7165,1.);
#1993=VECTOR('',#7166,1.);
#1994=VECTOR('',#7169,1.);
#1995=VECTOR('',#7170,1.);
#1996=VECTOR('',#7171,1.);
#1997=VECTOR('',#7174,1.);
#1998=VECTOR('',#7175,1.);
#1999=VECTOR('',#7176,1.);
#2000=VECTOR('',#7177,1.);
#2001=VECTOR('',#7180,1.);
#2002=VECTOR('',#7181,1.);
#2003=VECTOR('',#7182,1.);
#2004=VECTOR('',#7183,1.);
#2005=VECTOR('',#7186,1.);
#2006=VECTOR('',#7187,1.);
#2007=VECTOR('',#7188,1.);
#2008=VECTOR('',#7191,1.);
#2009=VECTOR('',#7192,1.);
#2010=VECTOR('',#7193,1.);
#2011=VECTOR('',#7196,1.);
#2012=VECTOR('',#7197,1.);
#2013=VECTOR('',#7198,1.);
#2014=VECTOR('',#7201,1.);
#2015=VECTOR('',#7202,1.);
#2016=VECTOR('',#7203,1.);
#2017=VECTOR('',#7206,1.);
#2018=VECTOR('',#7207,1.);
#2019=VECTOR('',#7208,1.);
#2020=VECTOR('',#7209,1.);
#2021=VECTOR('',#7210,1.);
#2022=VECTOR('',#7211,1.);
#2023=VECTOR('',#7212,1.);
#2024=VECTOR('',#7213,1.);
#2025=VECTOR('',#7214,1.);
#2026=VECTOR('',#7215,1.);
#2027=VECTOR('',#7216,1.);
#2028=VECTOR('',#7219,1.);
#2029=VECTOR('',#7220,1.);
#2030=VECTOR('',#7221,1.);
#2031=VECTOR('',#7222,1.);
#2032=VECTOR('',#7223,1.);
#2033=VECTOR('',#7224,1.);
#2034=VECTOR('',#7225,1.);
#2035=VECTOR('',#7226,1.);
#2036=VECTOR('',#7227,1.);
#2037=VECTOR('',#7228,1.);
#2038=VECTOR('',#7229,1.);
#2039=VECTOR('',#7230,1.);
#2040=VECTOR('',#7233,1.);
#2041=VECTOR('',#7234,1.);
#2042=VECTOR('',#7235,1.);
#2043=VECTOR('',#7236,1.);
#2044=VECTOR('',#7239,1.);
#2045=VECTOR('',#7240,1.);
#2046=VECTOR('',#7243,1.);
#2047=VECTOR('',#7246,1.);
#2048=VECTOR('',#7247,1.);
#2049=VECTOR('',#7250,1.);
#2050=VECTOR('',#7253,1.);
#2051=VECTOR('',#7256,1.);
#2052=VECTOR('',#7257,1.);
#2053=VECTOR('',#7258,1.);
#2054=VECTOR('',#7261,1.);
#2055=VECTOR('',#7262,1.);
#2056=VECTOR('',#7265,1.);
#2057=VECTOR('',#7266,1.);
#2058=VECTOR('',#7269,1.);
#2059=VECTOR('',#7272,1.);
#2060=VECTOR('',#7275,1.);
#2061=VECTOR('',#7276,1.);
#2062=VECTOR('',#7277,1.);
#2063=VECTOR('',#7280,1.);
#2064=VECTOR('',#7281,1.);
#2065=VECTOR('',#7284,1.);
#2066=VECTOR('',#7285,1.);
#2067=VECTOR('',#7286,1.);
#2068=VECTOR('',#7289,1.);
#2069=VECTOR('',#7292,1.);
#2070=VECTOR('',#7293,1.);
#2071=VECTOR('',#7296,1.);
#2072=VECTOR('',#7301,1.);
#2073=VECTOR('',#7302,1.);
#2074=VECTOR('',#7305,1.);
#2075=VECTOR('',#7306,1.);
#2076=VECTOR('',#7307,1.);
#2077=VECTOR('',#7310,1.);
#2078=VECTOR('',#7311,1.);
#2079=VECTOR('',#7312,1.);
#2080=VECTOR('',#7313,1.);
#2081=VECTOR('',#7314,1.);
#2082=VECTOR('',#7315,1.);
#2083=VECTOR('',#7316,1.);
#2084=VECTOR('',#7317,1.);
#2085=VECTOR('',#7320,1.);
#2086=VECTOR('',#7321,1.);
#2087=VECTOR('',#7322,1.);
#2088=VECTOR('',#7323,1.);
#2089=VECTOR('',#7324,1.);
#2090=VECTOR('',#7327,1.);
#2091=VECTOR('',#7328,1.);
#2092=VECTOR('',#7331,1.);
#2093=VECTOR('',#7334,1.);
#2094=VECTOR('',#7335,1.);
#2095=VECTOR('',#7336,1.);
#2096=VECTOR('',#7337,1.);
#2097=VECTOR('',#7338,1.);
#2098=VECTOR('',#7341,1.);
#2099=VECTOR('',#7348,1.);
#2100=VECTOR('',#7349,1.);
#2101=VECTOR('',#7352,1.);
#2102=VECTOR('',#7353,1.);
#2103=VECTOR('',#7354,1.);
#2104=VECTOR('',#7357,1.);
#2105=VECTOR('',#7358,1.);
#2106=VECTOR('',#7365,1.);
#2107=VECTOR('',#7366,1.);
#2108=VECTOR('',#7369,1.);
#2109=VECTOR('',#7370,1.);
#2110=VECTOR('',#7373,1.);
#2111=VECTOR('',#7374,1.);
#2112=VECTOR('',#7377,1.);
#2113=VECTOR('',#7378,1.);
#2114=VECTOR('',#7381,1.);
#2115=VECTOR('',#7386,1.);
#2116=VECTOR('',#7387,1.);
#2117=VECTOR('',#7390,1.);
#2118=VECTOR('',#7391,1.);
#2119=VECTOR('',#7392,1.);
#2120=VECTOR('',#7395,1.);
#2121=VECTOR('',#7396,1.);
#2122=VECTOR('',#7397,1.);
#2123=VECTOR('',#7400,1.);
#2124=VECTOR('',#7401,1.);
#2125=VECTOR('',#7402,1.);
#2126=VECTOR('',#7403,1.);
#2127=VECTOR('',#7404,1.);
#2128=VECTOR('',#7405,1.);
#2129=VECTOR('',#7406,1.);
#2130=VECTOR('',#7407,1.);
#2131=VECTOR('',#7408,1.);
#2132=VECTOR('',#7411,1.);
#2133=VECTOR('',#7412,1.);
#2134=VECTOR('',#7413,1.);
#2135=VECTOR('',#7416,1.);
#2136=VECTOR('',#7417,1.);
#2137=VECTOR('',#7418,1.);
#2138=VECTOR('',#7421,1.);
#2139=VECTOR('',#7422,1.);
#2140=VECTOR('',#7425,1.);
#2141=VECTOR('',#7428,1.);
#2142=VECTOR('',#7429,1.);
#2143=VECTOR('',#7430,1.);
#2144=VECTOR('',#7431,1.);
#2145=VECTOR('',#7434,1.);
#2146=VECTOR('',#7437,1.);
#2147=VECTOR('',#7438,1.);
#2148=VECTOR('',#7439,1.);
#2149=VECTOR('',#7442,1.);
#2150=VECTOR('',#7443,1.);
#2151=VECTOR('',#7444,1.);
#2152=VECTOR('',#7447,1.);
#2153=VECTOR('',#7454,1.);
#2154=VECTOR('',#7455,1.);
#2155=VECTOR('',#7458,1.);
#2156=VECTOR('',#7459,1.);
#2157=VECTOR('',#7460,1.);
#2158=VECTOR('',#7463,1.);
#2159=VECTOR('',#7464,1.);
#2160=VECTOR('',#7465,1.);
#2161=VECTOR('',#7468,1.);
#2162=VECTOR('',#7469,1.);
#2163=VECTOR('',#7472,1.);
#2164=VECTOR('',#7473,1.);
#2165=VECTOR('',#7476,1.);
#2166=VECTOR('',#7477,1.);
#2167=VECTOR('',#7478,1.);
#2168=VECTOR('',#7479,1.);
#2169=VECTOR('',#7480,1.);
#2170=VECTOR('',#7481,1.);
#2171=VECTOR('',#7482,1.);
#2172=VECTOR('',#7483,1.);
#2173=VECTOR('',#7484,1.);
#2174=VECTOR('',#7485,1.);
#2175=VECTOR('',#7486,1.);
#2176=VECTOR('',#7487,1.);
#2177=VECTOR('',#7488,1.);
#2178=VECTOR('',#7489,1.);
#2179=VECTOR('',#7490,1.);
#2180=VECTOR('',#7495,1.);
#2181=VECTOR('',#7496,1.);
#2182=VECTOR('',#7497,1.);
#2183=VECTOR('',#7500,1.);
#2184=VECTOR('',#7501,1.);
#2185=VECTOR('',#7502,1.);
#2186=VECTOR('',#7503,1.);
#2187=VECTOR('',#7506,1.);
#2188=VECTOR('',#7507,1.);
#2189=VECTOR('',#7508,1.);
#2190=VECTOR('',#7509,1.);
#2191=VECTOR('',#7510,1.);
#2192=VECTOR('',#7511,1.);
#2193=VECTOR('',#7514,1.);
#2194=VECTOR('',#7515,1.);
#2195=VECTOR('',#7516,1.);
#2196=VECTOR('',#7517,1.);
#2197=VECTOR('',#7518,1.);
#2198=VECTOR('',#7519,1.);
#2199=VECTOR('',#7520,1.);
#2200=VECTOR('',#7523,1.);
#2201=VECTOR('',#7524,1.);
#2202=VECTOR('',#7525,1.);
#2203=VECTOR('',#7526,1.);
#2204=VECTOR('',#7527,1.);
#2205=VECTOR('',#7528,1.);
#2206=VECTOR('',#7529,1.);
#2207=VECTOR('',#7530,1.);
#2208=VECTOR('',#7531,1.);
#2209=VECTOR('',#7532,1.);
#2210=VECTOR('',#7533,1.);
#2211=VECTOR('',#7534,1.);
#2212=VECTOR('',#7535,1.);
#2213=VECTOR('',#7536,1.);
#2214=VECTOR('',#7537,1.);
#2215=VECTOR('',#7538,1.);
#2216=VECTOR('',#7539,1.);
#2217=VECTOR('',#7540,1.);
#2218=VECTOR('',#7541,1.);
#2219=VECTOR('',#7542,1.);
#2220=VECTOR('',#7543,1.);
#2221=VECTOR('',#7544,1.);
#2222=VECTOR('',#7545,1.);
#2223=VECTOR('',#7546,1.);
#2224=VECTOR('',#7547,1.);
#2225=VECTOR('',#7548,1.);
#2226=VECTOR('',#7549,1.);
#2227=VECTOR('',#7550,1.);
#2228=VECTOR('',#7551,1.);
#2229=VECTOR('',#7552,1.);
#2230=VECTOR('',#7555,1.);
#2231=VECTOR('',#7556,1.);
#2232=VECTOR('',#7559,1.);
#2233=VECTOR('',#7562,1.);
#2234=VECTOR('',#7567,1.);
#2235=VECTOR('',#7568,1.);
#2236=VECTOR('',#7571,1.);
#2237=VECTOR('',#7574,1.);
#2238=VECTOR('',#7581,1.);
#2239=VECTOR('',#7584,1.);
#2240=VECTOR('',#7587,1.);
#2241=VECTOR('',#7592,1.);
#2242=VECTOR('',#7593,1.);
#2243=VECTOR('',#7594,1.);
#2244=VECTOR('',#7595,1.);
#2245=VECTOR('',#7598,1.);
#2246=VECTOR('',#7599,1.);
#2247=VECTOR('',#7602,1.);
#2248=VECTOR('',#7603,1.);
#2249=VECTOR('',#7604,1.);
#2250=VECTOR('',#7607,1.);
#2251=VECTOR('',#7608,1.);
#2252=VECTOR('',#7609,1.);
#2253=VECTOR('',#7612,1.);
#2254=VECTOR('',#7615,1.);
#2255=VECTOR('',#7620,1.);
#2256=VECTOR('',#7621,1.);
#2257=VECTOR('',#7624,1.);
#2258=VECTOR('',#7625,1.);
#2259=VECTOR('',#7626,1.);
#2260=VECTOR('',#7629,1.);
#2261=VECTOR('',#7630,1.);
#2262=VECTOR('',#7637,1.);
#2263=VECTOR('',#7638,1.);
#2264=VECTOR('',#7639,1.);
#2265=VECTOR('',#7642,1.);
#2266=VECTOR('',#7643,1.);
#2267=VECTOR('',#7644,1.);
#2268=VECTOR('',#7647,1.);
#2269=VECTOR('',#7648,1.);
#2270=VECTOR('',#7655,1.);
#2271=VECTOR('',#7656,1.);
#2272=VECTOR('',#7657,1.);
#2273=VECTOR('',#7660,1.);
#2274=VECTOR('',#7661,1.);
#2275=VECTOR('',#7664,1.);
#2276=VECTOR('',#7665,1.);
#2277=VECTOR('',#7668,1.);
#2278=VECTOR('',#7673,1.);
#2279=VECTOR('',#7674,1.);
#2280=VECTOR('',#7677,1.);
#2281=VECTOR('',#7678,1.);
#2282=VECTOR('',#7679,1.);
#2283=VECTOR('',#7682,1.);
#2284=VECTOR('',#7683,1.);
#2285=VECTOR('',#7690,1.);
#2286=VECTOR('',#7691,1.);
#2287=VECTOR('',#7692,1.);
#2288=VECTOR('',#7695,1.);
#2289=VECTOR('',#7696,1.);
#2290=VECTOR('',#7697,1.);
#2291=VECTOR('',#7700,1.);
#2292=VECTOR('',#7703,1.);
#2293=VECTOR('',#7706,1.);
#2294=VECTOR('',#7707,1.);
#2295=VECTOR('',#7708,1.);
#2296=VECTOR('',#7711,1.);
#2297=VECTOR('',#7712,1.);
#2298=VECTOR('',#7713,1.);
#2299=VECTOR('',#7716,1.);
#2300=VECTOR('',#7719,1.);
#2301=VECTOR('',#7722,1.);
#2302=VECTOR('',#7723,1.);
#2303=VECTOR('',#7724,1.);
#2304=VECTOR('',#7727,1.);
#2305=VECTOR('',#7728,1.);
#2306=VECTOR('',#7731,1.);
#2307=VECTOR('',#7732,1.);
#2308=VECTOR('',#7735,1.);
#2309=VECTOR('',#7738,1.);
#2310=VECTOR('',#7739,1.);
#2311=VECTOR('',#7740,1.);
#2312=VECTOR('',#7743,1.);
#2313=VECTOR('',#7744,1.);
#2314=VECTOR('',#7747,1.);
#2315=VECTOR('',#7748,1.);
#2316=VECTOR('',#7751,1.);
#2317=VERTEX_POINT('',#7756);
#2318=VERTEX_POINT('',#7757);
#2319=VERTEX_POINT('',#7759);
#2320=VERTEX_POINT('',#7761);
#2321=VERTEX_POINT('',#7763);
#2322=VERTEX_POINT('',#7767);
#2323=VERTEX_POINT('',#7768);
#2324=VERTEX_POINT('',#7770);
#2325=VERTEX_POINT('',#7772);
#2326=VERTEX_POINT('',#7776);
#2327=VERTEX_POINT('',#7778);
#2328=VERTEX_POINT('',#7782);
#2329=VERTEX_POINT('',#7784);
#2330=VERTEX_POINT('',#7788);
#2331=VERTEX_POINT('',#7790);
#2332=VERTEX_POINT('',#7794);
#2333=VERTEX_POINT('',#7796);
#2334=VERTEX_POINT('',#7798);
#2335=VERTEX_POINT('',#7801);
#2336=VERTEX_POINT('',#7802);
#2337=VERTEX_POINT('',#7804);
#2338=VERTEX_POINT('',#7806);
#2339=VERTEX_POINT('',#7810);
#2340=VERTEX_POINT('',#7811);
#2341=VERTEX_POINT('',#7813);
#2342=VERTEX_POINT('',#7815);
#2343=VERTEX_POINT('',#7817);
#2344=VERTEX_POINT('',#7821);
#2345=VERTEX_POINT('',#7822);
#2346=VERTEX_POINT('',#7824);
#2347=VERTEX_POINT('',#7826);
#2348=VERTEX_POINT('',#7828);
#2349=VERTEX_POINT('',#7830);
#2350=VERTEX_POINT('',#7834);
#2351=VERTEX_POINT('',#7835);
#2352=VERTEX_POINT('',#7837);
#2353=VERTEX_POINT('',#7839);
#2354=VERTEX_POINT('',#7841);
#2355=VERTEX_POINT('',#7845);
#2356=VERTEX_POINT('',#7847);
#2357=VERTEX_POINT('',#7849);
#2358=VERTEX_POINT('',#7851);
#2359=VERTEX_POINT('',#7853);
#2360=VERTEX_POINT('',#7855);
#2361=VERTEX_POINT('',#7857);
#2362=VERTEX_POINT('',#7859);
#2363=VERTEX_POINT('',#7861);
#2364=VERTEX_POINT('',#7863);
#2365=VERTEX_POINT('',#7865);
#2366=VERTEX_POINT('',#7867);
#2367=VERTEX_POINT('',#7869);
#2368=VERTEX_POINT('',#7871);
#2369=VERTEX_POINT('',#7873);
#2370=VERTEX_POINT('',#7875);
#2371=VERTEX_POINT('',#7877);
#2372=VERTEX_POINT('',#7879);
#2373=VERTEX_POINT('',#7881);
#2374=VERTEX_POINT('',#7883);
#2375=VERTEX_POINT('',#7886);
#2376=VERTEX_POINT('',#7887);
#2377=VERTEX_POINT('',#7889);
#2378=VERTEX_POINT('',#7891);
#2379=VERTEX_POINT('',#7893);
#2380=VERTEX_POINT('',#7895);
#2381=VERTEX_POINT('',#7897);
#2382=VERTEX_POINT('',#7899);
#2383=VERTEX_POINT('',#7901);
#2384=VERTEX_POINT('',#7903);
#2385=VERTEX_POINT('',#7905);
#2386=VERTEX_POINT('',#7907);
#2387=VERTEX_POINT('',#7909);
#2388=VERTEX_POINT('',#7911);
#2389=VERTEX_POINT('',#7913);
#2390=VERTEX_POINT('',#7915);
#2391=VERTEX_POINT('',#7919);
#2392=VERTEX_POINT('',#7920);
#2393=VERTEX_POINT('',#7922);
#2394=VERTEX_POINT('',#7924);
#2395=VERTEX_POINT('',#7926);
#2396=VERTEX_POINT('',#7928);
#2397=VERTEX_POINT('',#7932);
#2398=VERTEX_POINT('',#7933);
#2399=VERTEX_POINT('',#7935);
#2400=VERTEX_POINT('',#7937);
#2401=VERTEX_POINT('',#7939);
#2402=VERTEX_POINT('',#7943);
#2403=VERTEX_POINT('',#7944);
#2404=VERTEX_POINT('',#7946);
#2405=VERTEX_POINT('',#7948);
#2406=VERTEX_POINT('',#7950);
#2407=VERTEX_POINT('',#7952);
#2408=VERTEX_POINT('',#7954);
#2409=VERTEX_POINT('',#7956);
#2410=VERTEX_POINT('',#7958);
#2411=VERTEX_POINT('',#7962);
#2412=VERTEX_POINT('',#7963);
#2413=VERTEX_POINT('',#7965);
#2414=VERTEX_POINT('',#7967);
#2415=VERTEX_POINT('',#7969);
#2416=VERTEX_POINT('',#7973);
#2417=VERTEX_POINT('',#7974);
#2418=VERTEX_POINT('',#7976);
#2419=VERTEX_POINT('',#7980);
#2420=VERTEX_POINT('',#7981);
#2421=VERTEX_POINT('',#7983);
#2422=VERTEX_POINT('',#7988);
#2423=VERTEX_POINT('',#7989);
#2424=VERTEX_POINT('',#7991);
#2425=VERTEX_POINT('',#7993);
#2426=VERTEX_POINT('',#7995);
#2427=VERTEX_POINT('',#7997);
#2428=VERTEX_POINT('',#7999);
#2429=VERTEX_POINT('',#8001);
#2430=VERTEX_POINT('',#8003);
#2431=VERTEX_POINT('',#8005);
#2432=VERTEX_POINT('',#8009);
#2433=VERTEX_POINT('',#8010);
#2434=VERTEX_POINT('',#8012);
#2435=VERTEX_POINT('',#8014);
#2436=VERTEX_POINT('',#8016);
#2437=VERTEX_POINT('',#8018);
#2438=VERTEX_POINT('',#8020);
#2439=VERTEX_POINT('',#8022);
#2440=VERTEX_POINT('',#8026);
#2441=VERTEX_POINT('',#8027);
#2442=VERTEX_POINT('',#8029);
#2443=VERTEX_POINT('',#8031);
#2444=VERTEX_POINT('',#8033);
#2445=VERTEX_POINT('',#8035);
#2446=VERTEX_POINT('',#8037);
#2447=VERTEX_POINT('',#8041);
#2448=VERTEX_POINT('',#8042);
#2449=VERTEX_POINT('',#8044);
#2450=VERTEX_POINT('',#8048);
#2451=VERTEX_POINT('',#8049);
#2452=VERTEX_POINT('',#8051);
#2453=VERTEX_POINT('',#8055);
#2454=VERTEX_POINT('',#8056);
#2455=VERTEX_POINT('',#8058);
#2456=VERTEX_POINT('',#8060);
#2457=VERTEX_POINT('',#8062);
#2458=VERTEX_POINT('',#8064);
#2459=VERTEX_POINT('',#8068);
#2460=VERTEX_POINT('',#8069);
#2461=VERTEX_POINT('',#8071);
#2462=VERTEX_POINT('',#8075);
#2463=VERTEX_POINT('',#8076);
#2464=VERTEX_POINT('',#8078);
#2465=VERTEX_POINT('',#8082);
#2466=VERTEX_POINT('',#8083);
#2467=VERTEX_POINT('',#8085);
#2468=VERTEX_POINT('',#8089);
#2469=VERTEX_POINT('',#8090);
#2470=VERTEX_POINT('',#8092);
#2471=VERTEX_POINT('',#8096);
#2472=VERTEX_POINT('',#8097);
#2473=VERTEX_POINT('',#8099);
#2474=VERTEX_POINT('',#8101);
#2475=VERTEX_POINT('',#8103);
#2476=VERTEX_POINT('',#8107);
#2477=VERTEX_POINT('',#8108);
#2478=VERTEX_POINT('',#8110);
#2479=VERTEX_POINT('',#8114);
#2480=VERTEX_POINT('',#8115);
#2481=VERTEX_POINT('',#8117);
#2482=VERTEX_POINT('',#8121);
#2483=VERTEX_POINT('',#8122);
#2484=VERTEX_POINT('',#8124);
#2485=VERTEX_POINT('',#8126);
#2486=VERTEX_POINT('',#8128);
#2487=VERTEX_POINT('',#8132);
#2488=VERTEX_POINT('',#8133);
#2489=VERTEX_POINT('',#8135);
#2490=VERTEX_POINT('',#8142);
#2491=VERTEX_POINT('',#8156);
#2492=VERTEX_POINT('',#8170);
#2493=VERTEX_POINT('',#8171);
#2494=VERTEX_POINT('',#8235);
#2495=VERTEX_POINT('',#8236);
#2496=VERTEX_POINT('',#8241);
#2497=VERTEX_POINT('',#8245);
#2498=VERTEX_POINT('',#8249);
#2499=VERTEX_POINT('',#8260);
#2500=VERTEX_POINT('',#8264);
#2501=VERTEX_POINT('',#8275);
#2502=VERTEX_POINT('',#8276);
#2503=VERTEX_POINT('',#8281);
#2504=VERTEX_POINT('',#8285);
#2505=VERTEX_POINT('',#8291);
#2506=VERTEX_POINT('',#8295);
#2507=VERTEX_POINT('',#8296);
#2508=VERTEX_POINT('',#8298);
#2509=VERTEX_POINT('',#8300);
#2510=VERTEX_POINT('',#8302);
#2511=VERTEX_POINT('',#8304);
#2512=VERTEX_POINT('',#8308);
#2513=VERTEX_POINT('',#8309);
#2514=VERTEX_POINT('',#8311);
#2515=VERTEX_POINT('',#8321);
#2516=VERTEX_POINT('',#8322);
#2517=VERTEX_POINT('',#8325);
#2518=VERTEX_POINT('',#8327);
#2519=VERTEX_POINT('',#8331);
#2520=VERTEX_POINT('',#8332);
#2521=VERTEX_POINT('',#8337);
#2522=VERTEX_POINT('',#8341);
#2523=VERTEX_POINT('',#8342);
#2524=VERTEX_POINT('',#8347);
#2525=VERTEX_POINT('',#8351);
#2526=VERTEX_POINT('',#8352);
#2527=VERTEX_POINT('',#8354);
#2528=VERTEX_POINT('',#8356);
#2529=VERTEX_POINT('',#8360);
#2530=VERTEX_POINT('',#8362);
#2531=VERTEX_POINT('',#8364);
#2532=VERTEX_POINT('',#8368);
#2533=VERTEX_POINT('',#8370);
#2534=VERTEX_POINT('',#8372);
#2535=VERTEX_POINT('',#8376);
#2536=VERTEX_POINT('',#8377);
#2537=VERTEX_POINT('',#8380);
#2538=VERTEX_POINT('',#8382);
#2539=VERTEX_POINT('',#8387);
#2540=VERTEX_POINT('',#8391);
#2541=VERTEX_POINT('',#8397);
#2542=VERTEX_POINT('',#8399);
#2543=VERTEX_POINT('',#8401);
#2544=VERTEX_POINT('',#8403);
#2545=VERTEX_POINT('',#8405);
#2546=VERTEX_POINT('',#8407);
#2547=VERTEX_POINT('',#8409);
#2548=VERTEX_POINT('',#8411);
#2549=VERTEX_POINT('',#8413);
#2550=VERTEX_POINT('',#8415);
#2551=VERTEX_POINT('',#8417);
#2552=VERTEX_POINT('',#8419);
#2553=VERTEX_POINT('',#8421);
#2554=VERTEX_POINT('',#8423);
#2555=VERTEX_POINT('',#8425);
#2556=VERTEX_POINT('',#8427);
#2557=VERTEX_POINT('',#8429);
#2558=VERTEX_POINT('',#8431);
#2559=VERTEX_POINT('',#8433);
#2560=VERTEX_POINT('',#8435);
#2561=VERTEX_POINT('',#8438);
#2562=VERTEX_POINT('',#8440);
#2563=VERTEX_POINT('',#8442);
#2564=VERTEX_POINT('',#8444);
#2565=VERTEX_POINT('',#8446);
#2566=VERTEX_POINT('',#8448);
#2567=VERTEX_POINT('',#8450);
#2568=VERTEX_POINT('',#8452);
#2569=VERTEX_POINT('',#8454);
#2570=VERTEX_POINT('',#8456);
#2571=VERTEX_POINT('',#8458);
#2572=VERTEX_POINT('',#8460);
#2573=VERTEX_POINT('',#8462);
#2574=VERTEX_POINT('',#8467);
#2575=VERTEX_POINT('',#8471);
#2576=VERTEX_POINT('',#8475);
#2577=VERTEX_POINT('',#8481);
#2578=VERTEX_POINT('',#8485);
#2579=VERTEX_POINT('',#8491);
#2580=VERTEX_POINT('',#8493);
#2581=VERTEX_POINT('',#8495);
#2582=VERTEX_POINT('',#8497);
#2583=VERTEX_POINT('',#8499);
#2584=VERTEX_POINT('',#8501);
#2585=VERTEX_POINT('',#8505);
#2586=VERTEX_POINT('',#8511);
#2587=VERTEX_POINT('',#8513);
#2588=VERTEX_POINT('',#8515);
#2589=VERTEX_POINT('',#8517);
#2590=VERTEX_POINT('',#8521);
#2591=VERTEX_POINT('',#8525);
#2592=VERTEX_POINT('',#8529);
#2593=VERTEX_POINT('',#8533);
#2594=VERTEX_POINT('',#8537);
#2595=VERTEX_POINT('',#8541);
#2596=VERTEX_POINT('',#8545);
#2597=VERTEX_POINT('',#8549);
#2598=VERTEX_POINT('',#8553);
#2599=VERTEX_POINT('',#8554);
#2600=VERTEX_POINT('',#8556);
#2601=VERTEX_POINT('',#8560);
#2602=VERTEX_POINT('',#8562);
#2603=VERTEX_POINT('',#8564);
#2604=VERTEX_POINT('',#8566);
#2605=VERTEX_POINT('',#8570);
#2606=VERTEX_POINT('',#8571);
#2607=VERTEX_POINT('',#8573);
#2608=VERTEX_POINT('',#8575);
#2609=VERTEX_POINT('',#8577);
#2610=VERTEX_POINT('',#8579);
#2611=VERTEX_POINT('',#8583);
#2612=VERTEX_POINT('',#8584);
#2613=VERTEX_POINT('',#8586);
#2614=VERTEX_POINT('',#8590);
#2615=VERTEX_POINT('',#8591);
#2616=VERTEX_POINT('',#8593);
#2617=VERTEX_POINT('',#8595);
#2618=VERTEX_POINT('',#8597);
#2619=VERTEX_POINT('',#8599);
#2620=VERTEX_POINT('',#8601);
#2621=VERTEX_POINT('',#8603);
#2622=VERTEX_POINT('',#8605);
#2623=VERTEX_POINT('',#8607);
#2624=VERTEX_POINT('',#8609);
#2625=VERTEX_POINT('',#8611);
#2626=VERTEX_POINT('',#8613);
#2627=VERTEX_POINT('',#8615);
#2628=VERTEX_POINT('',#8617);
#2629=VERTEX_POINT('',#8619);
#2630=VERTEX_POINT('',#8621);
#2631=VERTEX_POINT('',#8623);
#2632=VERTEX_POINT('',#8625);
#2633=VERTEX_POINT('',#8627);
#2634=VERTEX_POINT('',#8629);
#2635=VERTEX_POINT('',#8631);
#2636=VERTEX_POINT('',#8634);
#2637=VERTEX_POINT('',#8635);
#2638=VERTEX_POINT('',#8637);
#2639=VERTEX_POINT('',#8639);
#2640=VERTEX_POINT('',#8641);
#2641=VERTEX_POINT('',#8643);
#2642=VERTEX_POINT('',#8645);
#2643=VERTEX_POINT('',#8647);
#2644=VERTEX_POINT('',#8649);
#2645=VERTEX_POINT('',#8651);
#2646=VERTEX_POINT('',#8653);
#2647=VERTEX_POINT('',#8655);
#2648=VERTEX_POINT('',#8657);
#2649=VERTEX_POINT('',#8659);
#2650=VERTEX_POINT('',#8661);
#2651=VERTEX_POINT('',#8663);
#2652=VERTEX_POINT('',#8734);
#2653=VERTEX_POINT('',#8741);
#2654=VERTEX_POINT('',#8742);
#2655=VERTEX_POINT('',#8756);
#2656=VERTEX_POINT('',#8763);
#2657=VERTEX_POINT('',#8767);
#2658=VERTEX_POINT('',#8769);
#2659=VERTEX_POINT('',#8773);
#2660=VERTEX_POINT('',#8775);
#2661=VERTEX_POINT('',#8779);
#2662=VERTEX_POINT('',#8783);
#2663=VERTEX_POINT('',#8785);
#2664=VERTEX_POINT('',#8789);
#2665=VERTEX_POINT('',#8793);
#2666=VERTEX_POINT('',#8794);
#2667=VERTEX_POINT('',#8796);
#2668=VERTEX_POINT('',#8800);
#2669=VERTEX_POINT('',#8801);
#2670=VERTEX_POINT('',#8803);
#2671=VERTEX_POINT('',#8805);
#2672=VERTEX_POINT('',#8809);
#2673=VERTEX_POINT('',#8810);
#2674=VERTEX_POINT('',#8812);
#2675=VERTEX_POINT('',#8814);
#2676=VERTEX_POINT('',#8818);
#2677=VERTEX_POINT('',#8819);
#2678=VERTEX_POINT('',#8821);
#2679=VERTEX_POINT('',#8825);
#2680=VERTEX_POINT('',#8826);
#2681=VERTEX_POINT('',#8828);
#2682=VERTEX_POINT('',#8832);
#2683=VERTEX_POINT('',#8833);
#2684=VERTEX_POINT('',#8835);
#2685=VERTEX_POINT('',#8839);
#2686=VERTEX_POINT('',#8840);
#2687=VERTEX_POINT('',#8842);
#2688=VERTEX_POINT('',#8846);
#2689=VERTEX_POINT('',#8848);
#2690=VERTEX_POINT('',#8850);
#2691=VERTEX_POINT('',#8852);
#2692=VERTEX_POINT('',#8854);
#2693=VERTEX_POINT('',#8856);
#2694=VERTEX_POINT('',#8858);
#2695=VERTEX_POINT('',#8860);
#2696=VERTEX_POINT('',#8862);
#2697=VERTEX_POINT('',#8864);
#2698=VERTEX_POINT('',#8868);
#2699=VERTEX_POINT('',#8869);
#2700=VERTEX_POINT('',#8871);
#2701=VERTEX_POINT('',#8873);
#2702=VERTEX_POINT('',#8875);
#2703=VERTEX_POINT('',#8877);
#2704=VERTEX_POINT('',#8879);
#2705=VERTEX_POINT('',#8881);
#2706=VERTEX_POINT('',#8883);
#2707=VERTEX_POINT('',#8885);
#2708=VERTEX_POINT('',#8887);
#2709=VERTEX_POINT('',#8889);
#2710=VERTEX_POINT('',#8893);
#2711=VERTEX_POINT('',#8894);
#2712=VERTEX_POINT('',#8896);
#2713=VERTEX_POINT('',#8898);
#2714=VERTEX_POINT('',#8902);
#2715=VERTEX_POINT('',#8915);
#2716=VERTEX_POINT('',#8916);
#2717=VERTEX_POINT('',#8921);
#2718=VERTEX_POINT('',#8932);
#2719=VERTEX_POINT('',#8952);
#2720=VERTEX_POINT('',#8956);
#2721=VERTEX_POINT('',#8957);
#2722=VERTEX_POINT('',#8959);
#2723=VERTEX_POINT('',#8963);
#2724=VERTEX_POINT('',#8965);
#2725=VERTEX_POINT('',#8967);
#2726=VERTEX_POINT('',#8969);
#2727=VERTEX_POINT('',#8971);
#2728=VERTEX_POINT('',#8973);
#2729=VERTEX_POINT('',#8975);
#2730=VERTEX_POINT('',#8979);
#2731=VERTEX_POINT('',#8982);
#2732=VERTEX_POINT('',#8992);
#2733=VERTEX_POINT('',#8994);
#2734=VERTEX_POINT('',#9004);
#2735=VERTEX_POINT('',#9008);
#2736=VERTEX_POINT('',#9010);
#2737=VERTEX_POINT('',#9019);
#2738=VERTEX_POINT('',#9023);
#2739=VERTEX_POINT('',#9027);
#2740=VERTEX_POINT('',#9031);
#2741=VERTEX_POINT('',#9038);
#2742=VERTEX_POINT('',#9042);
#2743=VERTEX_POINT('',#9044);
#2744=VERTEX_POINT('',#9048);
#2745=VERTEX_POINT('',#9049);
#2746=VERTEX_POINT('',#9051);
#2747=VERTEX_POINT('',#9055);
#2748=VERTEX_POINT('',#9056);
#2749=VERTEX_POINT('',#9058);
#2750=VERTEX_POINT('',#9060);
#2751=VERTEX_POINT('',#9062);
#2752=VERTEX_POINT('',#9064);
#2753=VERTEX_POINT('',#9066);
#2754=VERTEX_POINT('',#9068);
#2755=VERTEX_POINT('',#9070);
#2756=VERTEX_POINT('',#9074);
#2757=VERTEX_POINT('',#9079);
#2758=VERTEX_POINT('',#9089);
#2759=VERTEX_POINT('',#9091);
#2760=VERTEX_POINT('',#9098);
#2761=VERTEX_POINT('',#9100);
#2762=VERTEX_POINT('',#9104);
#2763=VERTEX_POINT('',#9113);
#2764=VERTEX_POINT('',#9117);
#2765=VERTEX_POINT('',#9119);
#2766=VERTEX_POINT('',#9123);
#2767=VERTEX_POINT('',#9124);
#2768=VERTEX_POINT('',#9129);
#2769=VERTEX_POINT('',#9133);
#2770=VERTEX_POINT('',#9137);
#2771=VERTEX_POINT('',#9139);
#2772=VERTEX_POINT('',#9141);
#2773=VERTEX_POINT('',#9143);
#2774=VERTEX_POINT('',#9145);
#2775=VERTEX_POINT('',#9148);
#2776=VERTEX_POINT('',#9150);
#2777=VERTEX_POINT('',#9152);
#2778=VERTEX_POINT('',#9154);
#2779=VERTEX_POINT('',#9156);
#2780=VERTEX_POINT('',#9158);
#2781=VERTEX_POINT('',#9160);
#2782=VERTEX_POINT('',#9166);
#2783=VERTEX_POINT('',#9168);
#2784=VERTEX_POINT('',#9172);
#2785=VERTEX_POINT('',#9174);
#2786=VERTEX_POINT('',#9176);
#2787=VERTEX_POINT('',#9180);
#2788=VERTEX_POINT('',#9182);
#2789=VERTEX_POINT('',#9184);
#2790=VERTEX_POINT('',#9187);
#2791=VERTEX_POINT('',#9191);
#2792=VERTEX_POINT('',#9193);
#2793=VERTEX_POINT('',#9195);
#2794=VERTEX_POINT('',#9198);
#2795=VERTEX_POINT('',#9200);
#2796=VERTEX_POINT('',#9204);
#2797=VERTEX_POINT('',#9205);
#2798=VERTEX_POINT('',#9207);
#2799=VERTEX_POINT('',#9209);
#2800=VERTEX_POINT('',#9211);
#2801=VERTEX_POINT('',#9213);
#2802=VERTEX_POINT('',#9215);
#2803=VERTEX_POINT('',#9217);
#2804=VERTEX_POINT('',#9219);
#2805=VERTEX_POINT('',#9221);
#2806=VERTEX_POINT('',#9223);
#2807=VERTEX_POINT('',#9225);
#2808=VERTEX_POINT('',#9227);
#2809=VERTEX_POINT('',#9229);
#2810=VERTEX_POINT('',#9231);
#2811=VERTEX_POINT('',#9235);
#2812=VERTEX_POINT('',#9237);
#2813=VERTEX_POINT('',#9239);
#2814=VERTEX_POINT('',#9241);
#2815=VERTEX_POINT('',#9243);
#2816=VERTEX_POINT('',#9246);
#2817=VERTEX_POINT('',#9247);
#2818=VERTEX_POINT('',#9249);
#2819=VERTEX_POINT('',#9251);
#2820=VERTEX_POINT('',#9254);
#2821=VERTEX_POINT('',#9255);
#2822=VERTEX_POINT('',#9257);
#2823=VERTEX_POINT('',#9259);
#2824=VERTEX_POINT('',#9287);
#2825=VERTEX_POINT('',#9289);
#2826=VERTEX_POINT('',#9297);
#2827=VERTEX_POINT('',#9302);
#2828=VERTEX_POINT('',#9312);
#2829=VERTEX_POINT('',#9316);
#2830=VERTEX_POINT('',#9318);
#2831=VERTEX_POINT('',#9327);
#2832=VERTEX_POINT('',#9329);
#2833=VERTEX_POINT('',#9333);
#2834=VERTEX_POINT('',#9335);
#2835=VERTEX_POINT('',#9344);
#2836=VERTEX_POINT('',#9346);
#2837=VERTEX_POINT('',#9350);
#2838=VERTEX_POINT('',#9354);
#2839=VERTEX_POINT('',#9361);
#2840=VERTEX_POINT('',#9365);
#2841=VERTEX_POINT('',#9367);
#2842=VERTEX_POINT('',#9376);
#2843=VERTEX_POINT('',#9377);
#2844=VERTEX_POINT('',#9382);
#2845=VERTEX_POINT('',#9383);
#2846=VERTEX_POINT('',#9392);
#2847=VERTEX_POINT('',#9393);
#2848=VERTEX_POINT('',#9398);
#2849=VERTEX_POINT('',#9399);
#2850=VERTEX_POINT('',#9408);
#2851=VERTEX_POINT('',#9409);
#2852=VERTEX_POINT('',#9414);
#2853=VERTEX_POINT('',#9418);
#2854=VERTEX_POINT('',#9424);
#2855=VERTEX_POINT('',#9425);
#2856=VERTEX_POINT('',#9430);
#2857=VERTEX_POINT('',#9434);
#2858=EDGE_CURVE('',#2317,#2318,#637,.T.);
#2859=EDGE_CURVE('',#2319,#2318,#638,.T.);
#2860=EDGE_CURVE('',#2319,#2320,#639,.T.);
#2861=EDGE_CURVE('',#2320,#2321,#640,.T.);
#2862=EDGE_CURVE('',#2321,#2317,#641,.T.);
#2863=EDGE_CURVE('',#2322,#2323,#642,.T.);
#2864=EDGE_CURVE('',#2322,#2324,#643,.T.);
#2865=EDGE_CURVE('',#2325,#2324,#644,.T.);
#2866=EDGE_CURVE('',#2323,#2325,#645,.T.);
#2867=EDGE_CURVE('',#2323,#2326,#646,.T.);
#2868=EDGE_CURVE('',#2327,#2325,#647,.T.);
#2869=EDGE_CURVE('',#2326,#2327,#648,.T.);
#2870=EDGE_CURVE('',#2326,#2328,#649,.T.);
#2871=EDGE_CURVE('',#2329,#2327,#650,.T.);
#2872=EDGE_CURVE('',#2328,#2329,#651,.T.);
#2873=EDGE_CURVE('',#2328,#2330,#652,.T.);
#2874=EDGE_CURVE('',#2331,#2329,#653,.T.);
#2875=EDGE_CURVE('',#2330,#2331,#654,.T.);
#2876=EDGE_CURVE('',#2332,#2331,#655,.T.);
#2877=EDGE_CURVE('',#2324,#2333,#656,.T.);
#2878=EDGE_CURVE('',#2333,#2334,#657,.T.);
#2879=EDGE_CURVE('',#2334,#2332,#658,.T.);
#2880=EDGE_CURVE('',#2335,#2336,#659,.T.);
#2881=EDGE_CURVE('',#2336,#2337,#660,.T.);
#2882=EDGE_CURVE('',#2337,#2338,#661,.T.);
#2883=EDGE_CURVE('',#2338,#2335,#662,.T.);
#2884=EDGE_CURVE('',#2339,#2340,#663,.T.);
#2885=EDGE_CURVE('',#2341,#2340,#664,.T.);
#2886=EDGE_CURVE('',#2341,#2342,#665,.T.);
#2887=EDGE_CURVE('',#2342,#2343,#666,.T.);
#2888=EDGE_CURVE('',#2343,#2339,#667,.T.);
#2889=EDGE_CURVE('',#2344,#2345,#668,.T.);
#2890=EDGE_CURVE('',#2345,#2346,#669,.T.);
#2891=EDGE_CURVE('',#2346,#2347,#670,.T.);
#2892=EDGE_CURVE('',#2347,#2348,#671,.T.);
#2893=EDGE_CURVE('',#2348,#2349,#672,.T.);
#2894=EDGE_CURVE('',#2349,#2344,#673,.T.);
#2895=EDGE_CURVE('',#2350,#2351,#674,.T.);
#2896=EDGE_CURVE('',#2351,#2352,#675,.T.);
#2897=EDGE_CURVE('',#2352,#2353,#676,.T.);
#2898=EDGE_CURVE('',#2353,#2354,#677,.T.);
#2899=EDGE_CURVE('',#2354,#2350,#678,.T.);
#2900=EDGE_CURVE('',#2330,#2355,#679,.T.);
#2901=EDGE_CURVE('',#2355,#2356,#680,.T.);
#2902=EDGE_CURVE('',#2356,#2357,#681,.T.);
#2903=EDGE_CURVE('',#2357,#2358,#682,.T.);
#2904=EDGE_CURVE('',#2358,#2359,#683,.T.);
#2905=EDGE_CURVE('',#2359,#2360,#684,.T.);
#2906=EDGE_CURVE('',#2360,#2361,#685,.T.);
#2907=EDGE_CURVE('',#2361,#2362,#686,.T.);
#2908=EDGE_CURVE('',#2362,#2363,#687,.T.);
#2909=EDGE_CURVE('',#2363,#2364,#688,.T.);
#2910=EDGE_CURVE('',#2364,#2365,#689,.T.);
#2911=EDGE_CURVE('',#2365,#2366,#690,.T.);
#2912=EDGE_CURVE('',#2366,#2367,#691,.T.);
#2913=EDGE_CURVE('',#2367,#2368,#692,.T.);
#2914=EDGE_CURVE('',#2368,#2369,#693,.T.);
#2915=EDGE_CURVE('',#2369,#2370,#694,.T.);
#2916=EDGE_CURVE('',#2370,#2371,#695,.T.);
#2917=EDGE_CURVE('',#2371,#2372,#696,.T.);
#2918=EDGE_CURVE('',#2372,#2373,#697,.T.);
#2919=EDGE_CURVE('',#2373,#2374,#698,.T.);
#2920=EDGE_CURVE('',#2374,#2322,#699,.T.);
#2921=EDGE_CURVE('',#2375,#2376,#700,.T.);
#2922=EDGE_CURVE('',#2376,#2377,#701,.T.);
#2923=EDGE_CURVE('',#2377,#2378,#702,.T.);
#2924=EDGE_CURVE('',#2378,#2379,#703,.T.);
#2925=EDGE_CURVE('',#2379,#2380,#704,.T.);
#2926=EDGE_CURVE('',#2380,#2381,#705,.T.);
#2927=EDGE_CURVE('',#2381,#2382,#706,.T.);
#2928=EDGE_CURVE('',#2382,#2383,#707,.T.);
#2929=EDGE_CURVE('',#2383,#2384,#708,.T.);
#2930=EDGE_CURVE('',#2384,#2385,#709,.T.);
#2931=EDGE_CURVE('',#2385,#2386,#710,.T.);
#2932=EDGE_CURVE('',#2386,#2387,#711,.T.);
#2933=EDGE_CURVE('',#2387,#2388,#712,.T.);
#2934=EDGE_CURVE('',#2388,#2389,#713,.T.);
#2935=EDGE_CURVE('',#2389,#2390,#714,.T.);
#2936=EDGE_CURVE('',#2390,#2375,#715,.T.);
#2937=EDGE_CURVE('',#2391,#2392,#716,.T.);
#2938=EDGE_CURVE('',#2392,#2393,#717,.T.);
#2939=EDGE_CURVE('',#2393,#2394,#718,.T.);
#2940=EDGE_CURVE('',#2394,#2395,#719,.T.);
#2941=EDGE_CURVE('',#2395,#2396,#720,.T.);
#2942=EDGE_CURVE('',#2396,#2391,#721,.T.);
#2943=EDGE_CURVE('',#2397,#2398,#722,.T.);
#2944=EDGE_CURVE('',#2398,#2399,#723,.T.);
#2945=EDGE_CURVE('',#2399,#2400,#724,.T.);
#2946=EDGE_CURVE('',#2400,#2401,#725,.T.);
#2947=EDGE_CURVE('',#2401,#2397,#726,.T.);
#2948=EDGE_CURVE('',#2402,#2403,#727,.T.);
#2949=EDGE_CURVE('',#2403,#2404,#728,.T.);
#2950=EDGE_CURVE('',#2404,#2405,#729,.T.);
#2951=EDGE_CURVE('',#2405,#2406,#730,.T.);
#2952=EDGE_CURVE('',#2406,#2407,#731,.T.);
#2953=EDGE_CURVE('',#2407,#2408,#732,.T.);
#2954=EDGE_CURVE('',#2408,#2409,#733,.T.);
#2955=EDGE_CURVE('',#2409,#2410,#734,.T.);
#2956=EDGE_CURVE('',#2410,#2402,#735,.T.);
#2957=EDGE_CURVE('',#2411,#2412,#736,.T.);
#2958=EDGE_CURVE('',#2413,#2412,#737,.T.);
#2959=EDGE_CURVE('',#2414,#2413,#738,.T.);
#2960=EDGE_CURVE('',#2415,#2414,#739,.T.);
#2961=EDGE_CURVE('',#2411,#2415,#740,.T.);
#2962=EDGE_CURVE('',#2416,#2417,#741,.T.);
#2963=EDGE_CURVE('',#2417,#2418,#742,.T.);
#2964=EDGE_CURVE('',#2418,#2416,#743,.T.);
#2965=EDGE_CURVE('',#2419,#2420,#744,.T.);
#2966=EDGE_CURVE('',#2420,#2421,#745,.T.);
#2967=EDGE_CURVE('',#2421,#2403,#746,.T.);
#2968=EDGE_CURVE('',#2403,#2419,#747,.T.);
#2969=EDGE_CURVE('',#2422,#2423,#748,.T.);
#2970=EDGE_CURVE('',#2423,#2424,#749,.T.);
#2971=EDGE_CURVE('',#2424,#2425,#750,.T.);
#2972=EDGE_CURVE('',#2425,#2426,#751,.T.);
#2973=EDGE_CURVE('',#2426,#2427,#752,.T.);
#2974=EDGE_CURVE('',#2427,#2428,#753,.T.);
#2975=EDGE_CURVE('',#2428,#2429,#754,.T.);
#2976=EDGE_CURVE('',#2429,#2430,#755,.T.);
#2977=EDGE_CURVE('',#2430,#2431,#756,.T.);
#2978=EDGE_CURVE('',#2431,#2422,#757,.T.);
#2979=EDGE_CURVE('',#2432,#2433,#758,.T.);
#2980=EDGE_CURVE('',#2433,#2434,#759,.T.);
#2981=EDGE_CURVE('',#2434,#2435,#760,.T.);
#2982=EDGE_CURVE('',#2436,#2435,#761,.T.);
#2983=EDGE_CURVE('',#2437,#2436,#762,.T.);
#2984=EDGE_CURVE('',#2438,#2437,#763,.T.);
#2985=EDGE_CURVE('',#2439,#2438,#764,.T.);
#2986=EDGE_CURVE('',#2432,#2439,#765,.T.);
#2987=EDGE_CURVE('',#2440,#2441,#766,.T.);
#2988=EDGE_CURVE('',#2442,#2441,#767,.T.);
#2989=EDGE_CURVE('',#2443,#2442,#768,.T.);
#2990=EDGE_CURVE('',#2444,#2443,#769,.T.);
#2991=EDGE_CURVE('',#2445,#2444,#770,.T.);
#2992=EDGE_CURVE('',#2445,#2446,#771,.T.);
#2993=EDGE_CURVE('',#2446,#2440,#772,.T.);
#2994=EDGE_CURVE('',#2447,#2448,#773,.T.);
#2995=EDGE_CURVE('',#2448,#2449,#774,.T.);
#2996=EDGE_CURVE('',#2447,#2449,#775,.T.);
#2997=EDGE_CURVE('',#2450,#2451,#776,.T.);
#2998=EDGE_CURVE('',#2452,#2451,#777,.T.);
#2999=EDGE_CURVE('',#2450,#2452,#778,.T.);
#3000=EDGE_CURVE('',#2453,#2454,#779,.T.);
#3001=EDGE_CURVE('',#2455,#2454,#780,.T.);
#3002=EDGE_CURVE('',#2456,#2455,#781,.T.);
#3003=EDGE_CURVE('',#2457,#2456,#782,.T.);
#3004=EDGE_CURVE('',#2458,#2457,#783,.T.);
#3005=EDGE_CURVE('',#2453,#2458,#784,.T.);
#3006=EDGE_CURVE('',#2459,#2460,#785,.T.);
#3007=EDGE_CURVE('',#2461,#2460,#786,.T.);
#3008=EDGE_CURVE('',#2459,#2461,#787,.T.);
#3009=EDGE_CURVE('',#2462,#2463,#788,.T.);
#3010=EDGE_CURVE('',#2464,#2463,#789,.T.);
#3011=EDGE_CURVE('',#2464,#2462,#790,.T.);
#3012=EDGE_CURVE('',#2465,#2466,#791,.T.);
#3013=EDGE_CURVE('',#2467,#2466,#792,.T.);
#3014=EDGE_CURVE('',#2465,#2467,#793,.T.);
#3015=EDGE_CURVE('',#2468,#2469,#794,.T.);
#3016=EDGE_CURVE('',#2470,#2469,#795,.T.);
#3017=EDGE_CURVE('',#2468,#2470,#796,.T.);
#3018=EDGE_CURVE('',#2471,#2472,#797,.T.);
#3019=EDGE_CURVE('',#2473,#2472,#798,.T.);
#3020=EDGE_CURVE('',#2474,#2473,#799,.T.);
#3021=EDGE_CURVE('',#2475,#2474,#800,.T.);
#3022=EDGE_CURVE('',#2475,#2471,#801,.T.);
#3023=EDGE_CURVE('',#2476,#2477,#802,.T.);
#3024=EDGE_CURVE('',#2478,#2477,#803,.T.);
#3025=EDGE_CURVE('',#2476,#2478,#804,.T.);
#3026=EDGE_CURVE('',#2479,#2480,#805,.T.);
#3027=EDGE_CURVE('',#2481,#2480,#806,.T.);
#3028=EDGE_CURVE('',#2479,#2481,#807,.T.);
#3029=EDGE_CURVE('',#2482,#2483,#808,.T.);
#3030=EDGE_CURVE('',#2484,#2483,#809,.T.);
#3031=EDGE_CURVE('',#2485,#2484,#810,.T.);
#3032=EDGE_CURVE('',#2486,#2485,#811,.T.);
#3033=EDGE_CURVE('',#2486,#2482,#812,.T.);
#3034=EDGE_CURVE('',#2487,#2488,#813,.T.);
#3035=EDGE_CURVE('',#2489,#2488,#814,.T.);
#3036=EDGE_CURVE('',#2487,#2489,#815,.T.);
#3037=EDGE_CURVE('',#2406,#2375,#816,.T.);
#3038=EDGE_CURVE('',#2407,#2390,#817,.T.);
#3039=EDGE_CURVE('',#2490,#2417,#818,.T.);
#3040=EDGE_CURVE('',#2490,#2389,#819,.T.);
#3041=EDGE_CURVE('',#2418,#2388,#820,.T.);
#3042=EDGE_CURVE('',#2423,#2385,#821,.T.);
#3043=EDGE_CURVE('',#2424,#2384,#822,.T.);
#3044=EDGE_CURVE('',#2425,#2383,#823,.T.);
#3045=EDGE_CURVE('',#2426,#2382,#824,.T.);
#3046=EDGE_CURVE('',#2427,#2381,#825,.T.);
#3047=EDGE_CURVE('',#2491,#2380,#826,.T.);
#3048=EDGE_CURVE('',#2428,#2491,#827,.T.);
#3049=EDGE_CURVE('',#2491,#2420,#828,.T.);
#3050=EDGE_CURVE('',#2421,#2379,#829,.T.);
#3051=EDGE_CURVE('',#2403,#2378,#830,.T.);
#3052=EDGE_CURVE('',#2404,#2377,#831,.T.);
#3053=EDGE_CURVE('',#2405,#2376,#832,.T.);
#3054=EDGE_CURVE('',#2492,#2493,#833,.T.);
#3055=EDGE_CURVE('',#2492,#2346,#834,.T.);
#3056=EDGE_CURVE('',#2493,#2345,#835,.T.);
#3057=EDGE_CURVE('',#2412,#2350,#836,.T.);
#3058=EDGE_CURVE('',#2413,#2354,#837,.T.);
#3059=EDGE_CURVE('',#2414,#2353,#838,.T.);
#3060=EDGE_CURVE('',#2415,#2352,#839,.T.);
#3061=EDGE_CURVE('',#2411,#2351,#840,.T.);
#3062=EDGE_CURVE('',#2449,#2374,#841,.T.);
#3063=EDGE_CURVE('',#2447,#2373,#842,.T.);
#3064=EDGE_CURVE('',#2451,#2371,#843,.T.);
#3065=EDGE_CURVE('',#2452,#2370,#844,.T.);
#3066=EDGE_CURVE('',#2450,#2460,#845,.T.);
#3067=EDGE_CURVE('',#2461,#2369,#846,.T.);
#3068=EDGE_CURVE('',#2459,#2466,#847,.T.);
#3069=EDGE_CURVE('',#2467,#2368,#848,.T.);
#3070=EDGE_CURVE('',#2465,#2469,#849,.T.);
#3071=EDGE_CURVE('',#2470,#2367,#850,.T.);
#3072=EDGE_CURVE('',#2468,#2480,#851,.T.);
#3073=EDGE_CURVE('',#2481,#2366,#852,.T.);
#3074=EDGE_CURVE('',#2479,#2477,#853,.T.);
#3075=EDGE_CURVE('',#2478,#2365,#854,.T.);
#3076=EDGE_CURVE('',#2476,#2488,#855,.T.);
#3077=EDGE_CURVE('',#2489,#2364,#856,.T.);
#3078=EDGE_CURVE('',#2487,#2483,#857,.T.);
#3079=EDGE_CURVE('',#2484,#2363,#858,.T.);
#3080=EDGE_CURVE('',#2485,#2362,#859,.T.);
#3081=EDGE_CURVE('',#2486,#2472,#860,.T.);
#3082=EDGE_CURVE('',#2473,#2361,#861,.T.);
#3083=EDGE_CURVE('',#2474,#2360,#862,.T.);
#3084=EDGE_CURVE('',#2475,#2359,#863,.T.);
#3085=EDGE_CURVE('',#2463,#2357,#864,.T.);
#3086=EDGE_CURVE('',#2464,#2356,#865,.T.);
#3087=EDGE_CURVE('',#2454,#2391,#866,.T.);
#3088=EDGE_CURVE('',#2455,#2396,#867,.T.);
#3089=EDGE_CURVE('',#2456,#2395,#868,.T.);
#3090=EDGE_CURVE('',#2457,#2394,#869,.T.);
#3091=EDGE_CURVE('',#2458,#2393,#870,.T.);
#3092=EDGE_CURVE('',#2453,#2392,#871,.T.);
#3093=EDGE_CURVE('',#2494,#2495,#872,.T.);
#3094=EDGE_CURVE('',#2494,#2397,#873,.T.);
#3095=EDGE_CURVE('',#2495,#2401,#874,.T.);
#3096=EDGE_CURVE('',#2495,#2496,#875,.T.);
#3097=EDGE_CURVE('',#2496,#2400,#876,.T.);
#3098=EDGE_CURVE('',#2496,#2497,#877,.T.);
#3099=EDGE_CURVE('',#2497,#2399,#878,.T.);
#3100=EDGE_CURVE('',#2497,#2498,#879,.T.);
#3101=EDGE_CURVE('',#2498,#2398,#880,.T.);
#3102=EDGE_CURVE('',#2442,#2340,#881,.T.);
#3103=EDGE_CURVE('',#2443,#2339,#882,.T.);
#3104=EDGE_CURVE('',#2444,#2343,#883,.T.);
#3105=EDGE_CURVE('',#2445,#2342,#884,.T.);
#3106=EDGE_CURVE('',#2445,#2499,#885,.T.);
#3107=EDGE_CURVE('',#2499,#2341,#886,.T.);
#3108=EDGE_CURVE('',#2500,#2435,#887,.T.);
#3109=EDGE_CURVE('',#2500,#2318,#888,.T.);
#3110=EDGE_CURVE('',#2436,#2317,#889,.T.);
#3111=EDGE_CURVE('',#2437,#2321,#890,.T.);
#3112=EDGE_CURVE('',#2438,#2320,#891,.T.);
#3113=EDGE_CURVE('',#2439,#2319,#892,.T.);
#3114=EDGE_CURVE('',#2501,#2502,#893,.T.);
#3115=EDGE_CURVE('',#2501,#2344,#894,.T.);
#3116=EDGE_CURVE('',#2502,#2349,#895,.T.);
#3117=EDGE_CURVE('',#2502,#2503,#896,.T.);
#3118=EDGE_CURVE('',#2503,#2348,#897,.T.);
#3119=EDGE_CURVE('',#2503,#2504,#898,.T.);
#3120=EDGE_CURVE('',#2504,#2347,#899,.T.);
#3121=EDGE_CURVE('',#2504,#2492,#900,.T.);
#3122=EDGE_CURVE('',#2499,#2505,#901,.T.);
#3123=EDGE_CURVE('',#2505,#2445,#902,.T.);
#3124=EDGE_CURVE('',#2506,#2507,#903,.T.);
#3125=EDGE_CURVE('',#2507,#2508,#904,.T.);
#3126=EDGE_CURVE('',#2508,#2509,#905,.T.);
#3127=EDGE_CURVE('',#2509,#2510,#906,.T.);
#3128=EDGE_CURVE('',#2510,#2511,#907,.T.);
#3129=EDGE_CURVE('',#2511,#2506,#908,.T.);
#3130=EDGE_CURVE('',#2512,#2513,#909,.T.);
#3131=EDGE_CURVE('',#2512,#2514,#910,.T.);
#3132=EDGE_CURVE('',#2435,#2514,#911,.T.);
#3133=EDGE_CURVE('',#2513,#2434,#912,.T.);
#3134=EDGE_CURVE('',#2510,#2446,#913,.T.);
#3135=EDGE_CURVE('',#2511,#2505,#914,.T.);
#3136=EDGE_CURVE('',#2514,#2500,#915,.T.);
#3137=EDGE_CURVE('',#2515,#2516,#916,.T.);
#3138=EDGE_CURVE('',#2516,#2512,#917,.T.);
#3139=EDGE_CURVE('',#2513,#2517,#918,.T.);
#3140=EDGE_CURVE('',#2517,#2518,#919,.T.);
#3141=EDGE_CURVE('',#2518,#2515,#920,.T.);
#3142=EDGE_CURVE('',#2519,#2520,#921,.T.);
#3143=EDGE_CURVE('',#2519,#2516,#922,.T.);
#3144=EDGE_CURVE('',#2520,#2515,#923,.T.);
#3145=EDGE_CURVE('',#2520,#2521,#924,.T.);
#3146=EDGE_CURVE('',#2521,#2518,#925,.T.);
#3147=EDGE_CURVE('',#2522,#2523,#926,.T.);
#3148=EDGE_CURVE('',#2522,#2508,#927,.T.);
#3149=EDGE_CURVE('',#2523,#2507,#928,.T.);
#3150=EDGE_CURVE('',#2523,#2524,#929,.T.);
#3151=EDGE_CURVE('',#2524,#2506,#930,.T.);
#3152=EDGE_CURVE('',#2525,#2526,#931,.T.);
#3153=EDGE_CURVE('',#2526,#2527,#932,.T.);
#3154=EDGE_CURVE('',#2527,#2528,#933,.T.);
#3155=EDGE_CURVE('',#2528,#2525,#934,.T.);
#3156=EDGE_CURVE('',#2521,#2529,#935,.T.);
#3157=EDGE_CURVE('',#2529,#2530,#936,.T.);
#3158=EDGE_CURVE('',#2530,#2531,#937,.T.);
#3159=EDGE_CURVE('',#2531,#2519,#938,.T.);
#3160=EDGE_CURVE('',#2532,#2522,#939,.T.);
#3161=EDGE_CURVE('',#2524,#2533,#940,.T.);
#3162=EDGE_CURVE('',#2533,#2534,#941,.T.);
#3163=EDGE_CURVE('',#2534,#2532,#942,.T.);
#3164=EDGE_CURVE('',#2535,#2536,#943,.T.);
#3165=EDGE_CURVE('',#2535,#2332,#944,.T.);
#3166=EDGE_CURVE('',#2537,#2334,#945,.T.);
#3167=EDGE_CURVE('',#2538,#2537,#946,.T.);
#3168=EDGE_CURVE('',#2538,#2527,#947,.T.);
#3169=EDGE_CURVE('',#2536,#2526,#948,.T.);
#3170=EDGE_CURVE('',#2536,#2539,#949,.T.);
#3171=EDGE_CURVE('',#2539,#2525,#950,.T.);
#3172=EDGE_CURVE('',#2539,#2540,#951,.T.);
#3173=EDGE_CURVE('',#2540,#2528,#952,.T.);
#3174=EDGE_CURVE('',#2540,#2538,#953,.T.);
#3175=EDGE_CURVE('',#2537,#2541,#954,.T.);
#3176=EDGE_CURVE('',#2542,#2333,#955,.T.);
#3177=EDGE_CURVE('',#2542,#2543,#956,.T.);
#3178=EDGE_CURVE('',#2544,#2543,#957,.T.);
#3179=EDGE_CURVE('',#2545,#2544,#958,.T.);
#3180=EDGE_CURVE('',#2545,#2546,#959,.T.);
#3181=EDGE_CURVE('',#2547,#2546,#960,.T.);
#3182=EDGE_CURVE('',#2547,#2548,#961,.T.);
#3183=EDGE_CURVE('',#2549,#2548,#962,.T.);
#3184=EDGE_CURVE('',#2549,#2550,#963,.T.);
#3185=EDGE_CURVE('',#2551,#2550,#964,.T.);
#3186=EDGE_CURVE('',#2552,#2551,#965,.T.);
#3187=EDGE_CURVE('',#2553,#2552,#966,.T.);
#3188=EDGE_CURVE('',#2554,#2553,#967,.T.);
#3189=EDGE_CURVE('',#2554,#2555,#968,.T.);
#3190=EDGE_CURVE('',#2556,#2555,#969,.T.);
#3191=EDGE_CURVE('',#2556,#2557,#970,.T.);
#3192=EDGE_CURVE('',#2557,#2558,#971,.T.);
#3193=EDGE_CURVE('',#2558,#2559,#972,.T.);
#3194=EDGE_CURVE('',#2559,#2560,#973,.T.);
#3195=EDGE_CURVE('',#2493,#2560,#974,.T.);
#3196=EDGE_CURVE('',#2561,#2501,#975,.T.);
#3197=EDGE_CURVE('',#2562,#2561,#976,.T.);
#3198=EDGE_CURVE('',#2563,#2562,#977,.T.);
#3199=EDGE_CURVE('',#2564,#2563,#978,.T.);
#3200=EDGE_CURVE('',#2565,#2564,#979,.T.);
#3201=EDGE_CURVE('',#2566,#2565,#980,.T.);
#3202=EDGE_CURVE('',#2567,#2566,#981,.T.);
#3203=EDGE_CURVE('',#2567,#2568,#982,.T.);
#3204=EDGE_CURVE('',#2569,#2568,#983,.T.);
#3205=EDGE_CURVE('',#2569,#2570,#984,.T.);
#3206=EDGE_CURVE('',#2571,#2570,#985,.T.);
#3207=EDGE_CURVE('',#2571,#2572,#986,.T.);
#3208=EDGE_CURVE('',#2572,#2573,#987,.T.);
#3209=EDGE_CURVE('',#2573,#2432,#988,.T.);
#3210=EDGE_CURVE('',#2541,#2531,#989,.T.);
#3211=EDGE_CURVE('',#2541,#2574,#990,.T.);
#3212=EDGE_CURVE('',#2574,#2530,#991,.T.);
#3213=EDGE_CURVE('',#2574,#2575,#992,.T.);
#3214=EDGE_CURVE('',#2575,#2529,#993,.T.);
#3215=EDGE_CURVE('',#2575,#2576,#994,.T.);
#3216=EDGE_CURVE('',#2517,#2338,#995,.T.);
#3217=EDGE_CURVE('',#2509,#2337,#996,.T.);
#3218=EDGE_CURVE('',#2576,#2532,#997,.T.);
#3219=EDGE_CURVE('',#2576,#2577,#998,.T.);
#3220=EDGE_CURVE('',#2577,#2534,#999,.T.);
#3221=EDGE_CURVE('',#2577,#2578,#1000,.T.);
#3222=EDGE_CURVE('',#2578,#2533,#1001,.T.);
#3223=EDGE_CURVE('',#2578,#2535,#1002,.T.);
#3224=EDGE_CURVE('',#2579,#2494,#1003,.T.);
#3225=EDGE_CURVE('',#2498,#2580,#1004,.T.);
#3226=EDGE_CURVE('',#2580,#2581,#1005,.T.);
#3227=EDGE_CURVE('',#2581,#2582,#1006,.T.);
#3228=EDGE_CURVE('',#2582,#2583,#1007,.T.);
#3229=EDGE_CURVE('',#2583,#2584,#1008,.T.);
#3230=EDGE_CURVE('',#2584,#2579,#1009,.T.);
#3231=EDGE_CURVE('',#2417,#2585,#1010,.T.);
#3232=EDGE_CURVE('',#2585,#2490,#1011,.T.);
#3233=EDGE_CURVE('',#2420,#2428,#1012,.T.);
#3234=EDGE_CURVE('',#2560,#2586,#1013,.T.);
#3235=EDGE_CURVE('',#2586,#2587,#1014,.T.);
#3236=EDGE_CURVE('',#2587,#2588,#1015,.T.);
#3237=EDGE_CURVE('',#2588,#2589,#1016,.T.);
#3238=EDGE_CURVE('',#2589,#2561,#1017,.T.);
#3239=EDGE_CURVE('',#2472,#2590,#1018,.T.);
#3240=EDGE_CURVE('',#2590,#2486,#1019,.T.);
#3241=EDGE_CURVE('',#2460,#2591,#1020,.T.);
#3242=EDGE_CURVE('',#2591,#2450,#1021,.T.);
#3243=EDGE_CURVE('',#2466,#2592,#1022,.T.);
#3244=EDGE_CURVE('',#2592,#2459,#1023,.T.);
#3245=EDGE_CURVE('',#2469,#2593,#1024,.T.);
#3246=EDGE_CURVE('',#2593,#2465,#1025,.T.);
#3247=EDGE_CURVE('',#2483,#2594,#1026,.T.);
#3248=EDGE_CURVE('',#2594,#2487,#1027,.T.);
#3249=EDGE_CURVE('',#2480,#2595,#1028,.T.);
#3250=EDGE_CURVE('',#2595,#2468,#1029,.T.);
#3251=EDGE_CURVE('',#2477,#2596,#1030,.T.);
#3252=EDGE_CURVE('',#2596,#2479,#1031,.T.);
#3253=EDGE_CURVE('',#2488,#2597,#1032,.T.);
#3254=EDGE_CURVE('',#2597,#2476,#1033,.T.);
#3255=EDGE_CURVE('',#2598,#2599,#1034,.T.);
#3256=EDGE_CURVE('',#2600,#2599,#1035,.T.);
#3257=EDGE_CURVE('',#2598,#2600,#1036,.T.);
#3258=EDGE_CURVE('',#2572,#2601,#1037,.T.);
#3259=EDGE_CURVE('',#2601,#2602,#1038,.T.);
#3260=EDGE_CURVE('',#2602,#2603,#1039,.T.);
#3261=EDGE_CURVE('',#2604,#2603,#1040,.T.);
#3262=EDGE_CURVE('',#2573,#2604,#1041,.T.);
#3263=EDGE_CURVE('',#2605,#2606,#1042,.T.);
#3264=EDGE_CURVE('',#2607,#2606,#1043,.T.);
#3265=EDGE_CURVE('',#2608,#2607,#1044,.T.);
#3266=EDGE_CURVE('',#2609,#2608,#1045,.T.);
#3267=EDGE_CURVE('',#2609,#2610,#1046,.T.);
#3268=EDGE_CURVE('',#2610,#2605,#1047,.T.);
#3269=EDGE_CURVE('',#2611,#2612,#1048,.T.);
#3270=EDGE_CURVE('',#2613,#2612,#1049,.T.);
#3271=EDGE_CURVE('',#2611,#2613,#1050,.T.);
#3272=EDGE_CURVE('',#2614,#2615,#1051,.T.);
#3273=EDGE_CURVE('',#2615,#2616,#1052,.T.);
#3274=EDGE_CURVE('',#2616,#2617,#1053,.T.);
#3275=EDGE_CURVE('',#2617,#2618,#1054,.T.);
#3276=EDGE_CURVE('',#2618,#2619,#1055,.T.);
#3277=EDGE_CURVE('',#2620,#2619,#1056,.T.);
#3278=EDGE_CURVE('',#2621,#2620,#1057,.T.);
#3279=EDGE_CURVE('',#2622,#2621,#1058,.T.);
#3280=EDGE_CURVE('',#2623,#2622,#1059,.T.);
#3281=EDGE_CURVE('',#2624,#2623,#1060,.T.);
#3282=EDGE_CURVE('',#2625,#2624,#1061,.T.);
#3283=EDGE_CURVE('',#2626,#2625,#1062,.T.);
#3284=EDGE_CURVE('',#2627,#2626,#1063,.T.);
#3285=EDGE_CURVE('',#2628,#2627,#1064,.T.);
#3286=EDGE_CURVE('',#2629,#2628,#1065,.T.);
#3287=EDGE_CURVE('',#2630,#2629,#1066,.T.);
#3288=EDGE_CURVE('',#2631,#2630,#1067,.T.);
#3289=EDGE_CURVE('',#2632,#2631,#1068,.T.);
#3290=EDGE_CURVE('',#2633,#2632,#1069,.T.);
#3291=EDGE_CURVE('',#2634,#2633,#1070,.T.);
#3292=EDGE_CURVE('',#2635,#2634,#1071,.T.);
#3293=EDGE_CURVE('',#2614,#2635,#1072,.T.);
#3294=EDGE_CURVE('',#2636,#2637,#1073,.T.);
#3295=EDGE_CURVE('',#2637,#2638,#1074,.T.);
#3296=EDGE_CURVE('',#2638,#2639,#1075,.T.);
#3297=EDGE_CURVE('',#2639,#2640,#1076,.T.);
#3298=EDGE_CURVE('',#2640,#2641,#1077,.T.);
#3299=EDGE_CURVE('',#2641,#2642,#1078,.T.);
#3300=EDGE_CURVE('',#2642,#2643,#1079,.T.);
#3301=EDGE_CURVE('',#2643,#2644,#1080,.T.);
#3302=EDGE_CURVE('',#2644,#2645,#1081,.T.);
#3303=EDGE_CURVE('',#2645,#2646,#1082,.T.);
#3304=EDGE_CURVE('',#2646,#2647,#1083,.T.);
#3305=EDGE_CURVE('',#2647,#2648,#1084,.T.);
#3306=EDGE_CURVE('',#2648,#2649,#1085,.T.);
#3307=EDGE_CURVE('',#2649,#2650,#1086,.T.);
#3308=EDGE_CURVE('',#2650,#2651,#1087,.T.);
#3309=EDGE_CURVE('',#2651,#2636,#1088,.T.);
#3310=EDGE_CURVE('',#2637,#2409,#1089,.T.);
#3311=EDGE_CURVE('',#2638,#2408,#1090,.T.);
#3312=EDGE_CURVE('',#2639,#2585,#1091,.T.);
#3313=EDGE_CURVE('',#2640,#2417,#1092,.T.);
#3314=EDGE_CURVE('',#2641,#2416,#1093,.T.);
#3315=EDGE_CURVE('',#2642,#2387,#1094,.T.);
#3316=EDGE_CURVE('',#2643,#2386,#1095,.T.);
#3317=EDGE_CURVE('',#2644,#2423,#1096,.T.);
#3318=EDGE_CURVE('',#2645,#2422,#1097,.T.);
#3319=EDGE_CURVE('',#2646,#2431,#1098,.T.);
#3320=EDGE_CURVE('',#2647,#2430,#1099,.T.);
#3321=EDGE_CURVE('',#2648,#2429,#1100,.T.);
#3322=EDGE_CURVE('',#2649,#2419,#1101,.T.);
#3323=EDGE_CURVE('',#2650,#2403,#1102,.T.);
#3324=EDGE_CURVE('',#2651,#2402,#1103,.T.);
#3325=EDGE_CURVE('',#2636,#2410,#1104,.T.);
#3326=EDGE_CURVE('',#2619,#2448,#1105,.T.);
#3327=EDGE_CURVE('',#2620,#2447,#1106,.T.);
#3328=EDGE_CURVE('',#2621,#2372,#1107,.T.);
#3329=EDGE_CURVE('',#2622,#2451,#1108,.T.);
#3330=EDGE_CURVE('',#2623,#2591,#1109,.T.);
#3331=EDGE_CURVE('',#2624,#2592,#1110,.T.);
#3332=EDGE_CURVE('',#2625,#2593,#1111,.T.);
#3333=EDGE_CURVE('',#2626,#2595,#1112,.T.);
#3334=EDGE_CURVE('',#2627,#2596,#1113,.T.);
#3335=EDGE_CURVE('',#2628,#2597,#1114,.T.);
#3336=EDGE_CURVE('',#2629,#2594,#1115,.T.);
#3337=EDGE_CURVE('',#2630,#2482,#1116,.T.);
#3338=EDGE_CURVE('',#2631,#2590,#1117,.T.);
#3339=EDGE_CURVE('',#2632,#2471,#1118,.T.);
#3340=EDGE_CURVE('',#2633,#2475,#1119,.T.);
#3341=EDGE_CURVE('',#2634,#2358,#1120,.T.);
#3342=EDGE_CURVE('',#2635,#2463,#1121,.T.);
#3343=EDGE_CURVE('',#2614,#2462,#1122,.T.);
#3344=EDGE_CURVE('',#2652,#2612,#1123,.T.);
#3345=EDGE_CURVE('',#2652,#2584,#1124,.T.);
#3346=EDGE_CURVE('',#2613,#2583,#1125,.T.);
#3347=EDGE_CURVE('',#2611,#2582,#1126,.T.);
#3348=EDGE_CURVE('',#2653,#2654,#1127,.T.);
#3349=EDGE_CURVE('',#2653,#2581,#1128,.T.);
#3350=EDGE_CURVE('',#2654,#2580,#1129,.T.);
#3351=EDGE_CURVE('',#2607,#2441,#1130,.T.);
#3352=EDGE_CURVE('',#2608,#2440,#1131,.T.);
#3353=EDGE_CURVE('',#2609,#2336,#1132,.T.);
#3354=EDGE_CURVE('',#2603,#2335,#1133,.T.);
#3355=EDGE_CURVE('',#2604,#2433,#1134,.T.);
#3356=EDGE_CURVE('',#2562,#2655,#1135,.T.);
#3357=EDGE_CURVE('',#2655,#2589,#1136,.T.);
#3358=EDGE_CURVE('',#2599,#2588,#1137,.T.);
#3359=EDGE_CURVE('',#2600,#2587,#1138,.T.);
#3360=EDGE_CURVE('',#2598,#2656,#1139,.T.);
#3361=EDGE_CURVE('',#2656,#2586,#1140,.T.);
#3362=EDGE_CURVE('',#2612,#2657,#1141,.T.);
#3363=EDGE_CURVE('',#2657,#2658,#1142,.T.);
#3364=EDGE_CURVE('',#2658,#2652,#1143,.T.);
#3365=EDGE_CURVE('',#2654,#2659,#1144,.T.);
#3366=EDGE_CURVE('',#2659,#2660,#1145,.T.);
#3367=EDGE_CURVE('',#2660,#2653,#1146,.T.);
#3368=EDGE_CURVE('',#2655,#2661,#1147,.T.);
#3369=EDGE_CURVE('',#2661,#2563,#1148,.T.);
#3370=EDGE_CURVE('',#2656,#2662,#1149,.T.);
#3371=EDGE_CURVE('',#2662,#2663,#1150,.T.);
#3372=EDGE_CURVE('',#2663,#2598,#1151,.T.);
#3373=EDGE_CURVE('',#2550,#2664,#1152,.T.);
#3374=EDGE_CURVE('',#2664,#2551,#1153,.T.);
#3375=EDGE_CURVE('',#2665,#2666,#1154,.T.);
#3376=EDGE_CURVE('',#2666,#2667,#1155,.T.);
#3377=EDGE_CURVE('',#2667,#2665,#1156,.T.);
#3378=EDGE_CURVE('',#2668,#2669,#1157,.T.);
#3379=EDGE_CURVE('',#2669,#2670,#1158,.T.);
#3380=EDGE_CURVE('',#2670,#2671,#1159,.T.);
#3381=EDGE_CURVE('',#2671,#2668,#1160,.T.);
#3382=EDGE_CURVE('',#2672,#2673,#1161,.T.);
#3383=EDGE_CURVE('',#2673,#2674,#1162,.T.);
#3384=EDGE_CURVE('',#2674,#2675,#1163,.T.);
#3385=EDGE_CURVE('',#2675,#2672,#1164,.T.);
#3386=EDGE_CURVE('',#2676,#2677,#1165,.T.);
#3387=EDGE_CURVE('',#2678,#2677,#1166,.T.);
#3388=EDGE_CURVE('',#2678,#2676,#1167,.T.);
#3389=EDGE_CURVE('',#2679,#2680,#1168,.T.);
#3390=EDGE_CURVE('',#2681,#2680,#1169,.T.);
#3391=EDGE_CURVE('',#2679,#2681,#1170,.T.);
#3392=EDGE_CURVE('',#2682,#2683,#1171,.T.);
#3393=EDGE_CURVE('',#2684,#2683,#1172,.T.);
#3394=EDGE_CURVE('',#2682,#2684,#1173,.T.);
#3395=EDGE_CURVE('',#2685,#2686,#1174,.T.);
#3396=EDGE_CURVE('',#2686,#2687,#1175,.T.);
#3397=EDGE_CURVE('',#2685,#2687,#1176,.T.);
#3398=EDGE_CURVE('',#2558,#2688,#1177,.T.);
#3399=EDGE_CURVE('',#2688,#2689,#1178,.T.);
#3400=EDGE_CURVE('',#2689,#2690,#1179,.T.);
#3401=EDGE_CURVE('',#2690,#2691,#1180,.T.);
#3402=EDGE_CURVE('',#2692,#2691,#1181,.T.);
#3403=EDGE_CURVE('',#2693,#2692,#1182,.T.);
#3404=EDGE_CURVE('',#2693,#2694,#1183,.T.);
#3405=EDGE_CURVE('',#2695,#2694,#1184,.T.);
#3406=EDGE_CURVE('',#2696,#2695,#1185,.T.);
#3407=EDGE_CURVE('',#2697,#2696,#1186,.T.);
#3408=EDGE_CURVE('',#2559,#2697,#1187,.T.);
#3409=EDGE_CURVE('',#2698,#2699,#1188,.T.);
#3410=EDGE_CURVE('',#2700,#2699,#1189,.T.);
#3411=EDGE_CURVE('',#2701,#2700,#1190,.T.);
#3412=EDGE_CURVE('',#2702,#2701,#1191,.T.);
#3413=EDGE_CURVE('',#2703,#2702,#1192,.T.);
#3414=EDGE_CURVE('',#2704,#2703,#1193,.T.);
#3415=EDGE_CURVE('',#2704,#2705,#1194,.T.);
#3416=EDGE_CURVE('',#2706,#2705,#1195,.T.);
#3417=EDGE_CURVE('',#2707,#2706,#1196,.T.);
#3418=EDGE_CURVE('',#2707,#2708,#1197,.T.);
#3419=EDGE_CURVE('',#2708,#2709,#1198,.T.);
#3420=EDGE_CURVE('',#2709,#2698,#1199,.T.);
#3421=EDGE_CURVE('',#2710,#2711,#1200,.T.);
#3422=EDGE_CURVE('',#2712,#2711,#1201,.T.);
#3423=EDGE_CURVE('',#2713,#2712,#1202,.T.);
#3424=EDGE_CURVE('',#2710,#2713,#1203,.T.);
#3425=EDGE_CURVE('',#2552,#2714,#1204,.T.);
#3426=EDGE_CURVE('',#2714,#2664,#1205,.T.);
#3427=EDGE_CURVE('',#2714,#2549,#1206,.T.);
#3428=EDGE_CURVE('',#2711,#2618,#1207,.T.);
#3429=EDGE_CURVE('',#2712,#2617,#1208,.T.);
#3430=EDGE_CURVE('',#2713,#2616,#1209,.T.);
#3431=EDGE_CURVE('',#2710,#2615,#1210,.T.);
#3432=EDGE_CURVE('',#2715,#2716,#1211,.T.);
#3433=EDGE_CURVE('',#2715,#2665,#1212,.T.);
#3434=EDGE_CURVE('',#2716,#2667,#1213,.T.);
#3435=EDGE_CURVE('',#2716,#2717,#1214,.T.);
#3436=EDGE_CURVE('',#2717,#2666,#1215,.T.);
#3437=EDGE_CURVE('',#2700,#2579,#1216,.T.);
#3438=EDGE_CURVE('',#2701,#2658,#1217,.T.);
#3439=EDGE_CURVE('',#2702,#2657,#1218,.T.);
#3440=EDGE_CURVE('',#2703,#2611,#1219,.T.);
#3441=EDGE_CURVE('',#2718,#2683,#1220,.T.);
#3442=EDGE_CURVE('',#2718,#2606,#1221,.T.);
#3443=EDGE_CURVE('',#2684,#2605,#1222,.T.);
#3444=EDGE_CURVE('',#2682,#2705,#1223,.T.);
#3445=EDGE_CURVE('',#2706,#2610,#1224,.T.);
#3446=EDGE_CURVE('',#2693,#2680,#1225,.T.);
#3447=EDGE_CURVE('',#2692,#2602,#1226,.T.);
#3448=EDGE_CURVE('',#2681,#2601,#1227,.T.);
#3449=EDGE_CURVE('',#2679,#2571,#1228,.T.);
#3450=EDGE_CURVE('',#2695,#2599,#1229,.T.);
#3451=EDGE_CURVE('',#2696,#2663,#1230,.T.);
#3452=EDGE_CURVE('',#2697,#2662,#1231,.T.);
#3453=EDGE_CURVE('',#2680,#2719,#1232,.T.);
#3454=EDGE_CURVE('',#2719,#2693,#1233,.T.);
#3455=EDGE_CURVE('',#2720,#2721,#1234,.T.);
#3456=EDGE_CURVE('',#2721,#2722,#1235,.T.);
#3457=EDGE_CURVE('',#2722,#2720,#1236,.T.);
#3458=EDGE_CURVE('',#2723,#2565,#1237,.T.);
#3459=EDGE_CURVE('',#2564,#2724,#1238,.T.);
#3460=EDGE_CURVE('',#2724,#2725,#1239,.T.);
#3461=EDGE_CURVE('',#2725,#2726,#1240,.T.);
#3462=EDGE_CURVE('',#2726,#2727,#1241,.T.);
#3463=EDGE_CURVE('',#2727,#2728,#1242,.T.);
#3464=EDGE_CURVE('',#2728,#2729,#1243,.T.);
#3465=EDGE_CURVE('',#2729,#2723,#1244,.T.);
#3466=EDGE_CURVE('',#2730,#2729,#1245,.T.);
#3467=EDGE_CURVE('',#2730,#2719,#1246,.T.);
#3468=EDGE_CURVE('',#2731,#2679,#1247,.T.);
#3469=EDGE_CURVE('',#2722,#2731,#1248,.T.);
#3470=EDGE_CURVE('',#2723,#2721,#1249,.T.);
#3471=EDGE_CURVE('',#2570,#2731,#1250,.T.);
#3472=EDGE_CURVE('',#2720,#2569,#1251,.T.);
#3473=EDGE_CURVE('',#2724,#2661,#1252,.T.);
#3474=EDGE_CURVE('',#2732,#2694,#1253,.T.);
#3475=EDGE_CURVE('',#2733,#2732,#1254,.T.);
#3476=EDGE_CURVE('',#2733,#2728,#1255,.T.);
#3477=EDGE_CURVE('',#2727,#2678,#1256,.T.);
#3478=EDGE_CURVE('',#2725,#2677,#1257,.T.);
#3479=EDGE_CURVE('',#2726,#2676,#1258,.T.);
#3480=EDGE_CURVE('',#2732,#2734,#1259,.T.);
#3481=EDGE_CURVE('',#2734,#2730,#1260,.T.);
#3482=EDGE_CURVE('',#2734,#2735,#1261,.T.);
#3483=EDGE_CURVE('',#2736,#2730,#1262,.T.);
#3484=EDGE_CURVE('',#2735,#2736,#1263,.T.);
#3485=EDGE_CURVE('',#2735,#2733,#1264,.T.);
#3486=EDGE_CURVE('',#2729,#2736,#1265,.T.);
#3487=EDGE_CURVE('',#2568,#2737,#1266,.T.);
#3488=EDGE_CURVE('',#2737,#2720,#1267,.T.);
#3489=EDGE_CURVE('',#2721,#2738,#1268,.T.);
#3490=EDGE_CURVE('',#2738,#2723,#1269,.T.);
#3491=EDGE_CURVE('',#2566,#2739,#1270,.T.);
#3492=EDGE_CURVE('',#2739,#2738,#1271,.T.);
#3493=EDGE_CURVE('',#2739,#2740,#1272,.T.);
#3494=EDGE_CURVE('',#2740,#2737,#1273,.T.);
#3495=EDGE_CURVE('',#2740,#2567,#1274,.T.);
#3496=EDGE_CURVE('',#2705,#2741,#1275,.T.);
#3497=EDGE_CURVE('',#2741,#2682,#1276,.T.);
#3498=EDGE_CURVE('',#2683,#2742,#1277,.T.);
#3499=EDGE_CURVE('',#2742,#2743,#1278,.T.);
#3500=EDGE_CURVE('',#2743,#2718,#1279,.T.);
#3501=EDGE_CURVE('',#2744,#2745,#1280,.T.);
#3502=EDGE_CURVE('',#2746,#2745,#1281,.T.);
#3503=EDGE_CURVE('',#2744,#2746,#1282,.T.);
#3504=EDGE_CURVE('',#2747,#2748,#1283,.T.);
#3505=EDGE_CURVE('',#2749,#2748,#1284,.T.);
#3506=EDGE_CURVE('',#2749,#2750,#1285,.T.);
#3507=EDGE_CURVE('',#2751,#2750,#1286,.T.);
#3508=EDGE_CURVE('',#2752,#2751,#1287,.T.);
#3509=EDGE_CURVE('',#2753,#2752,#1288,.T.);
#3510=EDGE_CURVE('',#2754,#2753,#1289,.T.);
#3511=EDGE_CURVE('',#2755,#2754,#1290,.T.);
#3512=EDGE_CURVE('',#2747,#2755,#1291,.T.);
#3513=EDGE_CURVE('',#2756,#2745,#1292,.T.);
#3514=EDGE_CURVE('',#2756,#2743,#1293,.T.);
#3515=EDGE_CURVE('',#2746,#2742,#1294,.T.);
#3516=EDGE_CURVE('',#2749,#2757,#1295,.T.);
#3517=EDGE_CURVE('',#2744,#2748,#1296,.T.);
#3518=EDGE_CURVE('',#2757,#2741,#1297,.T.);
#3519=EDGE_CURVE('',#2751,#2687,#1298,.T.);
#3520=EDGE_CURVE('',#2752,#2686,#1299,.T.);
#3521=EDGE_CURVE('',#2753,#2685,#1300,.T.);
#3522=EDGE_CURVE('',#2758,#2750,#1301,.T.);
#3523=EDGE_CURVE('',#2758,#2759,#1302,.T.);
#3524=EDGE_CURVE('',#2759,#2704,#1303,.T.);
#3525=EDGE_CURVE('',#2754,#2660,#1304,.T.);
#3526=EDGE_CURVE('',#2755,#2659,#1305,.T.);
#3527=EDGE_CURVE('',#2760,#2758,#1306,.T.);
#3528=EDGE_CURVE('',#2761,#2749,#1307,.T.);
#3529=EDGE_CURVE('',#2760,#2761,#1308,.T.);
#3530=EDGE_CURVE('',#2762,#2760,#1309,.T.);
#3531=EDGE_CURVE('',#2757,#2761,#1310,.T.);
#3532=EDGE_CURVE('',#2762,#2757,#1311,.T.);
#3533=EDGE_CURVE('',#2759,#2762,#1312,.T.);
#3534=EDGE_CURVE('',#2748,#2763,#1313,.T.);
#3535=EDGE_CURVE('',#2763,#2744,#1314,.T.);
#3536=EDGE_CURVE('',#2745,#2764,#1315,.T.);
#3537=EDGE_CURVE('',#2764,#2765,#1316,.T.);
#3538=EDGE_CURVE('',#2765,#2756,#1317,.T.);
#3539=EDGE_CURVE('',#2766,#2767,#1318,.T.);
#3540=EDGE_CURVE('',#2767,#2765,#1319,.T.);
#3541=EDGE_CURVE('',#2766,#2764,#1320,.T.);
#3542=EDGE_CURVE('',#2768,#2766,#1321,.T.);
#3543=EDGE_CURVE('',#2768,#2763,#1322,.T.);
#3544=EDGE_CURVE('',#2769,#2768,#1323,.T.);
#3545=EDGE_CURVE('',#2769,#2747,#1324,.T.);
#3546=EDGE_CURVE('',#2770,#2699,#1325,.T.);
#3547=EDGE_CURVE('',#2771,#2770,#1326,.T.);
#3548=EDGE_CURVE('',#2771,#2772,#1327,.T.);
#3549=EDGE_CURVE('',#2772,#2773,#1328,.T.);
#3550=EDGE_CURVE('',#2773,#2774,#1329,.T.);
#3551=EDGE_CURVE('',#2717,#2774,#1330,.T.);
#3552=EDGE_CURVE('',#2775,#2715,#1331,.T.);
#3553=EDGE_CURVE('',#2776,#2775,#1332,.T.);
#3554=EDGE_CURVE('',#2777,#2776,#1333,.T.);
#3555=EDGE_CURVE('',#2778,#2777,#1334,.T.);
#3556=EDGE_CURVE('',#2779,#2778,#1335,.T.);
#3557=EDGE_CURVE('',#2779,#2780,#1336,.T.);
#3558=EDGE_CURVE('',#2780,#2781,#1337,.T.);
#3559=EDGE_CURVE('',#2781,#2355,#1338,.T.);
#3560=EDGE_CURVE('',#2767,#2769,#1339,.T.);
#3561=EDGE_CURVE('',#2548,#2782,#1340,.T.);
#3562=EDGE_CURVE('',#2782,#2783,#1341,.T.);
#3563=EDGE_CURVE('',#2783,#2553,#1342,.T.);
#3564=EDGE_CURVE('',#2774,#2784,#1343,.T.);
#3565=EDGE_CURVE('',#2784,#2785,#1344,.T.);
#3566=EDGE_CURVE('',#2785,#2786,#1345,.T.);
#3567=EDGE_CURVE('',#2786,#2775,#1346,.T.);
#3568=EDGE_CURVE('',#2787,#2555,#1347,.T.);
#3569=EDGE_CURVE('',#2788,#2554,#1348,.T.);
#3570=EDGE_CURVE('',#2789,#2788,#1349,.T.);
#3571=EDGE_CURVE('',#2547,#2789,#1350,.T.);
#3572=EDGE_CURVE('',#2546,#2790,#1351,.T.);
#3573=EDGE_CURVE('',#2787,#2790,#1352,.T.);
#3574=EDGE_CURVE('',#2791,#2776,#1353,.T.);
#3575=EDGE_CURVE('',#2792,#2791,#1354,.T.);
#3576=EDGE_CURVE('',#2793,#2792,#1355,.T.);
#3577=EDGE_CURVE('',#2773,#2793,#1356,.T.);
#3578=EDGE_CURVE('',#2772,#2794,#1357,.T.);
#3579=EDGE_CURVE('',#2795,#2794,#1358,.T.);
#3580=EDGE_CURVE('',#2795,#2777,#1359,.T.);
#3581=EDGE_CURVE('',#2796,#2797,#1360,.T.);
#3582=EDGE_CURVE('',#2798,#2797,#1361,.T.);
#3583=EDGE_CURVE('',#2798,#2799,#1362,.T.);
#3584=EDGE_CURVE('',#2799,#2800,#1363,.T.);
#3585=EDGE_CURVE('',#2801,#2800,#1364,.T.);
#3586=EDGE_CURVE('',#2801,#2802,#1365,.T.);
#3587=EDGE_CURVE('',#2802,#2803,#1366,.T.);
#3588=EDGE_CURVE('',#2804,#2803,#1367,.T.);
#3589=EDGE_CURVE('',#2804,#2805,#1368,.T.);
#3590=EDGE_CURVE('',#2805,#2806,#1369,.T.);
#3591=EDGE_CURVE('',#2806,#2807,#1370,.T.);
#3592=EDGE_CURVE('',#2807,#2808,#1371,.T.);
#3593=EDGE_CURVE('',#2809,#2808,#1372,.T.);
#3594=EDGE_CURVE('',#2809,#2810,#1373,.T.);
#3595=EDGE_CURVE('',#2810,#2543,#1374,.T.);
#3596=EDGE_CURVE('',#2781,#2542,#1375,.T.);
#3597=EDGE_CURVE('',#2780,#2811,#1376,.T.);
#3598=EDGE_CURVE('',#2811,#2812,#1377,.T.);
#3599=EDGE_CURVE('',#2813,#2812,#1378,.T.);
#3600=EDGE_CURVE('',#2813,#2814,#1379,.T.);
#3601=EDGE_CURVE('',#2814,#2815,#1380,.T.);
#3602=EDGE_CURVE('',#2815,#2796,#1381,.T.);
#3603=EDGE_CURVE('',#2816,#2817,#1382,.T.);
#3604=EDGE_CURVE('',#2817,#2818,#1383,.T.);
#3605=EDGE_CURVE('',#2818,#2819,#1384,.T.);
#3606=EDGE_CURVE('',#2819,#2816,#1385,.T.);
#3607=EDGE_CURVE('',#2820,#2821,#1386,.T.);
#3608=EDGE_CURVE('',#2821,#2822,#1387,.T.);
#3609=EDGE_CURVE('',#2822,#2823,#1388,.T.);
#3610=EDGE_CURVE('',#2823,#2820,#1389,.T.);
#3611=EDGE_CURVE('',#2817,#2673,#1390,.T.);
#3612=EDGE_CURVE('',#2818,#2672,#1391,.T.);
#3613=EDGE_CURVE('',#2819,#2675,#1392,.T.);
#3614=EDGE_CURVE('',#2816,#2674,#1393,.T.);
#3615=EDGE_CURVE('',#2821,#2669,#1394,.T.);
#3616=EDGE_CURVE('',#2822,#2668,#1395,.T.);
#3617=EDGE_CURVE('',#2823,#2671,#1396,.T.);
#3618=EDGE_CURVE('',#2820,#2670,#1397,.T.);
#3619=EDGE_CURVE('',#2791,#2786,#1398,.T.);
#3620=EDGE_CURVE('',#2792,#2785,#1399,.T.);
#3621=EDGE_CURVE('',#2793,#2784,#1400,.T.);
#3622=EDGE_CURVE('',#2795,#2824,#1401,.T.);
#3623=EDGE_CURVE('',#2825,#2794,#1402,.T.);
#3624=EDGE_CURVE('',#2825,#2698,#1403,.T.);
#3625=EDGE_CURVE('',#2824,#2709,#1404,.T.);
#3626=EDGE_CURVE('',#2824,#2812,#1405,.T.);
#3627=EDGE_CURVE('',#2813,#2708,#1406,.T.);
#3628=EDGE_CURVE('',#2809,#2826,#1407,.T.);
#3629=EDGE_CURVE('',#2808,#2690,#1408,.T.);
#3630=EDGE_CURVE('',#2826,#2689,#1409,.T.);
#3631=EDGE_CURVE('',#2787,#2827,#1410,.T.);
#3632=EDGE_CURVE('',#2826,#2790,#1411,.T.);
#3633=EDGE_CURVE('',#2827,#2688,#1412,.T.);
#3634=EDGE_CURVE('',#2788,#2783,#1413,.T.);
#3635=EDGE_CURVE('',#2789,#2782,#1414,.T.);
#3636=EDGE_CURVE('',#2544,#2828,#1415,.T.);
#3637=EDGE_CURVE('',#2828,#2810,#1416,.T.);
#3638=EDGE_CURVE('',#2828,#2829,#1417,.T.);
#3639=EDGE_CURVE('',#2830,#2809,#1418,.T.);
#3640=EDGE_CURVE('',#2829,#2830,#1419,.T.);
#3641=EDGE_CURVE('',#2829,#2545,#1420,.T.);
#3642=EDGE_CURVE('',#2790,#2830,#1421,.T.);
#3643=EDGE_CURVE('',#2557,#2831,#1422,.T.);
#3644=EDGE_CURVE('',#2831,#2832,#1423,.T.);
#3645=EDGE_CURVE('',#2827,#2832,#1424,.T.);
#3646=EDGE_CURVE('',#2833,#2556,#1425,.T.);
#3647=EDGE_CURVE('',#2834,#2787,#1426,.T.);
#3648=EDGE_CURVE('',#2833,#2834,#1427,.T.);
#3649=EDGE_CURVE('',#2831,#2833,#1428,.T.);
#3650=EDGE_CURVE('',#2832,#2834,#1429,.T.);
#3651=EDGE_CURVE('',#2794,#2835,#1430,.T.);
#3652=EDGE_CURVE('',#2835,#2836,#1431,.T.);
#3653=EDGE_CURVE('',#2836,#2825,#1432,.T.);
#3654=EDGE_CURVE('',#2770,#2837,#1433,.T.);
#3655=EDGE_CURVE('',#2837,#2836,#1434,.T.);
#3656=EDGE_CURVE('',#2837,#2838,#1435,.T.);
#3657=EDGE_CURVE('',#2838,#2835,#1436,.T.);
#3658=EDGE_CURVE('',#2838,#2771,#1437,.T.);
#3659=EDGE_CURVE('',#2839,#2779,#1438,.T.);
#3660=EDGE_CURVE('',#2839,#2811,#1439,.T.);
#3661=EDGE_CURVE('',#2778,#2840,#1440,.T.);
#3662=EDGE_CURVE('',#2841,#2795,#1441,.T.);
#3663=EDGE_CURVE('',#2840,#2841,#1442,.T.);
#3664=EDGE_CURVE('',#2840,#2839,#1443,.T.);
#3665=EDGE_CURVE('',#2812,#2841,#1444,.T.);
#3666=EDGE_CURVE('',#2842,#2843,#1445,.T.);
#3667=EDGE_CURVE('',#2843,#2805,#1446,.T.);
#3668=EDGE_CURVE('',#2842,#2804,#1447,.T.);
#3669=EDGE_CURVE('',#2844,#2845,#1448,.T.);
#3670=EDGE_CURVE('',#2845,#2807,#1449,.T.);
#3671=EDGE_CURVE('',#2844,#2806,#1450,.T.);
#3672=EDGE_CURVE('',#2843,#2844,#1451,.T.);
#3673=EDGE_CURVE('',#2845,#2842,#1452,.T.);
#3674=EDGE_CURVE('',#2846,#2847,#1453,.T.);
#3675=EDGE_CURVE('',#2846,#2802,#1454,.T.);
#3676=EDGE_CURVE('',#2847,#2801,#1455,.T.);
#3677=EDGE_CURVE('',#2848,#2849,#1456,.T.);
#3678=EDGE_CURVE('',#2848,#2691,#1457,.T.);
#3679=EDGE_CURVE('',#2849,#2803,#1458,.T.);
#3680=EDGE_CURVE('',#2849,#2846,#1459,.T.);
#3681=EDGE_CURVE('',#2847,#2848,#1460,.T.);
#3682=EDGE_CURVE('',#2850,#2851,#1461,.T.);
#3683=EDGE_CURVE('',#2851,#2707,#1462,.T.);
#3684=EDGE_CURVE('',#2850,#2800,#1463,.T.);
#3685=EDGE_CURVE('',#2852,#2850,#1464,.T.);
#3686=EDGE_CURVE('',#2852,#2799,#1465,.T.);
#3687=EDGE_CURVE('',#2853,#2852,#1466,.T.);
#3688=EDGE_CURVE('',#2853,#2798,#1467,.T.);
#3689=EDGE_CURVE('',#2851,#2853,#1468,.T.);
#3690=EDGE_CURVE('',#2854,#2855,#1469,.T.);
#3691=EDGE_CURVE('',#2855,#2797,#1470,.T.);
#3692=EDGE_CURVE('',#2854,#2796,#1471,.T.);
#3693=EDGE_CURVE('',#2856,#2854,#1472,.T.);
#3694=EDGE_CURVE('',#2856,#2815,#1473,.T.);
#3695=EDGE_CURVE('',#2857,#2856,#1474,.T.);
#3696=EDGE_CURVE('',#2857,#2814,#1475,.T.);
#3697=EDGE_CURVE('',#2855,#2857,#1476,.T.);
#3698=ORIENTED_EDGE('',*,*,#2858,.T.);
#3699=ORIENTED_EDGE('',*,*,#2859,.F.);
#3700=ORIENTED_EDGE('',*,*,#2860,.T.);
#3701=ORIENTED_EDGE('',*,*,#2861,.T.);
#3702=ORIENTED_EDGE('',*,*,#2862,.T.);
#3703=ORIENTED_EDGE('',*,*,#2863,.F.);
#3704=ORIENTED_EDGE('',*,*,#2864,.T.);
#3705=ORIENTED_EDGE('',*,*,#2865,.F.);
#3706=ORIENTED_EDGE('',*,*,#2866,.F.);
#3707=ORIENTED_EDGE('',*,*,#2867,.F.);
#3708=ORIENTED_EDGE('',*,*,#2866,.T.);
#3709=ORIENTED_EDGE('',*,*,#2868,.F.);
#3710=ORIENTED_EDGE('',*,*,#2869,.F.);
#3711=ORIENTED_EDGE('',*,*,#2870,.F.);
#3712=ORIENTED_EDGE('',*,*,#2869,.T.);
#3713=ORIENTED_EDGE('',*,*,#2871,.F.);
#3714=ORIENTED_EDGE('',*,*,#2872,.F.);
#3715=ORIENTED_EDGE('',*,*,#2873,.F.);
#3716=ORIENTED_EDGE('',*,*,#2872,.T.);
#3717=ORIENTED_EDGE('',*,*,#2874,.F.);
#3718=ORIENTED_EDGE('',*,*,#2875,.F.);
#3719=ORIENTED_EDGE('',*,*,#2876,.T.);
#3720=ORIENTED_EDGE('',*,*,#2874,.T.);
#3721=ORIENTED_EDGE('',*,*,#2871,.T.);
#3722=ORIENTED_EDGE('',*,*,#2868,.T.);
#3723=ORIENTED_EDGE('',*,*,#2865,.T.);
#3724=ORIENTED_EDGE('',*,*,#2877,.T.);
#3725=ORIENTED_EDGE('',*,*,#2878,.T.);
#3726=ORIENTED_EDGE('',*,*,#2879,.T.);
#3727=ORIENTED_EDGE('',*,*,#2880,.T.);
#3728=ORIENTED_EDGE('',*,*,#2881,.T.);
#3729=ORIENTED_EDGE('',*,*,#2882,.T.);
#3730=ORIENTED_EDGE('',*,*,#2883,.T.);
#3731=ORIENTED_EDGE('',*,*,#2884,.T.);
#3732=ORIENTED_EDGE('',*,*,#2885,.F.);
#3733=ORIENTED_EDGE('',*,*,#2886,.T.);
#3734=ORIENTED_EDGE('',*,*,#2887,.T.);
#3735=ORIENTED_EDGE('',*,*,#2888,.T.);
#3736=ORIENTED_EDGE('',*,*,#2889,.T.);
#3737=ORIENTED_EDGE('',*,*,#2890,.T.);
#3738=ORIENTED_EDGE('',*,*,#2891,.T.);
#3739=ORIENTED_EDGE('',*,*,#2892,.T.);
#3740=ORIENTED_EDGE('',*,*,#2893,.T.);
#3741=ORIENTED_EDGE('',*,*,#2894,.T.);
#3742=ORIENTED_EDGE('',*,*,#2895,.T.);
#3743=ORIENTED_EDGE('',*,*,#2896,.T.);
#3744=ORIENTED_EDGE('',*,*,#2897,.T.);
#3745=ORIENTED_EDGE('',*,*,#2898,.T.);
#3746=ORIENTED_EDGE('',*,*,#2899,.T.);
#3747=ORIENTED_EDGE('',*,*,#2873,.T.);
#3748=ORIENTED_EDGE('',*,*,#2900,.T.);
#3749=ORIENTED_EDGE('',*,*,#2901,.T.);
#3750=ORIENTED_EDGE('',*,*,#2902,.T.);
#3751=ORIENTED_EDGE('',*,*,#2903,.T.);
#3752=ORIENTED_EDGE('',*,*,#2904,.T.);
#3753=ORIENTED_EDGE('',*,*,#2905,.T.);
#3754=ORIENTED_EDGE('',*,*,#2906,.T.);
#3755=ORIENTED_EDGE('',*,*,#2907,.T.);
#3756=ORIENTED_EDGE('',*,*,#2908,.T.);
#3757=ORIENTED_EDGE('',*,*,#2909,.T.);
#3758=ORIENTED_EDGE('',*,*,#2910,.T.);
#3759=ORIENTED_EDGE('',*,*,#2911,.T.);
#3760=ORIENTED_EDGE('',*,*,#2912,.T.);
#3761=ORIENTED_EDGE('',*,*,#2913,.T.);
#3762=ORIENTED_EDGE('',*,*,#2914,.T.);
#3763=ORIENTED_EDGE('',*,*,#2915,.T.);
#3764=ORIENTED_EDGE('',*,*,#2916,.T.);
#3765=ORIENTED_EDGE('',*,*,#2917,.T.);
#3766=ORIENTED_EDGE('',*,*,#2918,.T.);
#3767=ORIENTED_EDGE('',*,*,#2919,.T.);
#3768=ORIENTED_EDGE('',*,*,#2920,.T.);
#3769=ORIENTED_EDGE('',*,*,#2863,.T.);
#3770=ORIENTED_EDGE('',*,*,#2867,.T.);
#3771=ORIENTED_EDGE('',*,*,#2870,.T.);
#3772=ORIENTED_EDGE('',*,*,#2921,.T.);
#3773=ORIENTED_EDGE('',*,*,#2922,.T.);
#3774=ORIENTED_EDGE('',*,*,#2923,.T.);
#3775=ORIENTED_EDGE('',*,*,#2924,.T.);
#3776=ORIENTED_EDGE('',*,*,#2925,.T.);
#3777=ORIENTED_EDGE('',*,*,#2926,.T.);
#3778=ORIENTED_EDGE('',*,*,#2927,.T.);
#3779=ORIENTED_EDGE('',*,*,#2928,.T.);
#3780=ORIENTED_EDGE('',*,*,#2929,.T.);
#3781=ORIENTED_EDGE('',*,*,#2930,.T.);
#3782=ORIENTED_EDGE('',*,*,#2931,.T.);
#3783=ORIENTED_EDGE('',*,*,#2932,.T.);
#3784=ORIENTED_EDGE('',*,*,#2933,.T.);
#3785=ORIENTED_EDGE('',*,*,#2934,.T.);
#3786=ORIENTED_EDGE('',*,*,#2935,.T.);
#3787=ORIENTED_EDGE('',*,*,#2936,.T.);
#3788=ORIENTED_EDGE('',*,*,#2937,.T.);
#3789=ORIENTED_EDGE('',*,*,#2938,.T.);
#3790=ORIENTED_EDGE('',*,*,#2939,.T.);
#3791=ORIENTED_EDGE('',*,*,#2940,.T.);
#3792=ORIENTED_EDGE('',*,*,#2941,.T.);
#3793=ORIENTED_EDGE('',*,*,#2942,.T.);
#3794=ORIENTED_EDGE('',*,*,#2943,.T.);
#3795=ORIENTED_EDGE('',*,*,#2944,.T.);
#3796=ORIENTED_EDGE('',*,*,#2945,.T.);
#3797=ORIENTED_EDGE('',*,*,#2946,.T.);
#3798=ORIENTED_EDGE('',*,*,#2947,.T.);
#3799=ORIENTED_EDGE('',*,*,#2948,.T.);
#3800=ORIENTED_EDGE('',*,*,#2949,.T.);
#3801=ORIENTED_EDGE('',*,*,#2950,.T.);
#3802=ORIENTED_EDGE('',*,*,#2951,.T.);
#3803=ORIENTED_EDGE('',*,*,#2952,.T.);
#3804=ORIENTED_EDGE('',*,*,#2953,.T.);
#3805=ORIENTED_EDGE('',*,*,#2954,.T.);
#3806=ORIENTED_EDGE('',*,*,#2955,.T.);
#3807=ORIENTED_EDGE('',*,*,#2956,.T.);
#3808=ORIENTED_EDGE('',*,*,#2957,.T.);
#3809=ORIENTED_EDGE('',*,*,#2958,.F.);
#3810=ORIENTED_EDGE('',*,*,#2959,.F.);
#3811=ORIENTED_EDGE('',*,*,#2960,.F.);
#3812=ORIENTED_EDGE('',*,*,#2961,.F.);
#3813=ORIENTED_EDGE('',*,*,#2962,.T.);
#3814=ORIENTED_EDGE('',*,*,#2963,.T.);
#3815=ORIENTED_EDGE('',*,*,#2964,.T.);
#3816=ORIENTED_EDGE('',*,*,#2965,.T.);
#3817=ORIENTED_EDGE('',*,*,#2966,.T.);
#3818=ORIENTED_EDGE('',*,*,#2967,.T.);
#3819=ORIENTED_EDGE('',*,*,#2968,.T.);
#3820=ORIENTED_EDGE('',*,*,#2969,.T.);
#3821=ORIENTED_EDGE('',*,*,#2970,.T.);
#3822=ORIENTED_EDGE('',*,*,#2971,.T.);
#3823=ORIENTED_EDGE('',*,*,#2972,.T.);
#3824=ORIENTED_EDGE('',*,*,#2973,.T.);
#3825=ORIENTED_EDGE('',*,*,#2974,.T.);
#3826=ORIENTED_EDGE('',*,*,#2975,.T.);
#3827=ORIENTED_EDGE('',*,*,#2976,.T.);
#3828=ORIENTED_EDGE('',*,*,#2977,.T.);
#3829=ORIENTED_EDGE('',*,*,#2978,.T.);
#3830=ORIENTED_EDGE('',*,*,#2979,.T.);
#3831=ORIENTED_EDGE('',*,*,#2980,.T.);
#3832=ORIENTED_EDGE('',*,*,#2981,.T.);
#3833=ORIENTED_EDGE('',*,*,#2982,.F.);
#3834=ORIENTED_EDGE('',*,*,#2983,.F.);
#3835=ORIENTED_EDGE('',*,*,#2984,.F.);
#3836=ORIENTED_EDGE('',*,*,#2985,.F.);
#3837=ORIENTED_EDGE('',*,*,#2986,.F.);
#3838=ORIENTED_EDGE('',*,*,#2987,.T.);
#3839=ORIENTED_EDGE('',*,*,#2988,.F.);
#3840=ORIENTED_EDGE('',*,*,#2989,.F.);
#3841=ORIENTED_EDGE('',*,*,#2990,.F.);
#3842=ORIENTED_EDGE('',*,*,#2991,.F.);
#3843=ORIENTED_EDGE('',*,*,#2992,.T.);
#3844=ORIENTED_EDGE('',*,*,#2993,.T.);
#3845=ORIENTED_EDGE('',*,*,#2994,.T.);
#3846=ORIENTED_EDGE('',*,*,#2995,.T.);
#3847=ORIENTED_EDGE('',*,*,#2996,.F.);
#3848=ORIENTED_EDGE('',*,*,#2997,.T.);
#3849=ORIENTED_EDGE('',*,*,#2998,.F.);
#3850=ORIENTED_EDGE('',*,*,#2999,.F.);
#3851=ORIENTED_EDGE('',*,*,#3000,.T.);
#3852=ORIENTED_EDGE('',*,*,#3001,.F.);
#3853=ORIENTED_EDGE('',*,*,#3002,.F.);
#3854=ORIENTED_EDGE('',*,*,#3003,.F.);
#3855=ORIENTED_EDGE('',*,*,#3004,.F.);
#3856=ORIENTED_EDGE('',*,*,#3005,.F.);
#3857=ORIENTED_EDGE('',*,*,#3006,.T.);
#3858=ORIENTED_EDGE('',*,*,#3007,.F.);
#3859=ORIENTED_EDGE('',*,*,#3008,.F.);
#3860=ORIENTED_EDGE('',*,*,#3009,.T.);
#3861=ORIENTED_EDGE('',*,*,#3010,.F.);
#3862=ORIENTED_EDGE('',*,*,#3011,.T.);
#3863=ORIENTED_EDGE('',*,*,#3012,.T.);
#3864=ORIENTED_EDGE('',*,*,#3013,.F.);
#3865=ORIENTED_EDGE('',*,*,#3014,.F.);
#3866=ORIENTED_EDGE('',*,*,#3015,.T.);
#3867=ORIENTED_EDGE('',*,*,#3016,.F.);
#3868=ORIENTED_EDGE('',*,*,#3017,.F.);
#3869=ORIENTED_EDGE('',*,*,#3018,.T.);
#3870=ORIENTED_EDGE('',*,*,#3019,.F.);
#3871=ORIENTED_EDGE('',*,*,#3020,.F.);
#3872=ORIENTED_EDGE('',*,*,#3021,.F.);
#3873=ORIENTED_EDGE('',*,*,#3022,.T.);
#3874=ORIENTED_EDGE('',*,*,#3023,.T.);
#3875=ORIENTED_EDGE('',*,*,#3024,.F.);
#3876=ORIENTED_EDGE('',*,*,#3025,.F.);
#3877=ORIENTED_EDGE('',*,*,#3026,.T.);
#3878=ORIENTED_EDGE('',*,*,#3027,.F.);
#3879=ORIENTED_EDGE('',*,*,#3028,.F.);
#3880=ORIENTED_EDGE('',*,*,#3029,.T.);
#3881=ORIENTED_EDGE('',*,*,#3030,.F.);
#3882=ORIENTED_EDGE('',*,*,#3031,.F.);
#3883=ORIENTED_EDGE('',*,*,#3032,.F.);
#3884=ORIENTED_EDGE('',*,*,#3033,.T.);
#3885=ORIENTED_EDGE('',*,*,#3034,.T.);
#3886=ORIENTED_EDGE('',*,*,#3035,.F.);
#3887=ORIENTED_EDGE('',*,*,#3036,.F.);
#3888=ORIENTED_EDGE('',*,*,#2952,.F.);
#3889=ORIENTED_EDGE('',*,*,#3037,.T.);
#3890=ORIENTED_EDGE('',*,*,#2936,.F.);
#3891=ORIENTED_EDGE('',*,*,#3038,.F.);
#3892=ORIENTED_EDGE('',*,*,#3039,.F.);
#3893=ORIENTED_EDGE('',*,*,#3040,.T.);
#3894=ORIENTED_EDGE('',*,*,#2934,.F.);
#3895=ORIENTED_EDGE('',*,*,#3041,.F.);
#3896=ORIENTED_EDGE('',*,*,#2963,.F.);
#3897=ORIENTED_EDGE('',*,*,#2970,.F.);
#3898=ORIENTED_EDGE('',*,*,#3042,.T.);
#3899=ORIENTED_EDGE('',*,*,#2930,.F.);
#3900=ORIENTED_EDGE('',*,*,#3043,.F.);
#3901=ORIENTED_EDGE('',*,*,#2971,.F.);
#3902=ORIENTED_EDGE('',*,*,#3043,.T.);
#3903=ORIENTED_EDGE('',*,*,#2929,.F.);
#3904=ORIENTED_EDGE('',*,*,#3044,.F.);
#3905=ORIENTED_EDGE('',*,*,#2972,.F.);
#3906=ORIENTED_EDGE('',*,*,#3044,.T.);
#3907=ORIENTED_EDGE('',*,*,#2928,.F.);
#3908=ORIENTED_EDGE('',*,*,#3045,.F.);
#3909=ORIENTED_EDGE('',*,*,#2973,.F.);
#3910=ORIENTED_EDGE('',*,*,#3045,.T.);
#3911=ORIENTED_EDGE('',*,*,#2927,.F.);
#3912=ORIENTED_EDGE('',*,*,#3046,.F.);
#3913=ORIENTED_EDGE('',*,*,#2974,.F.);
#3914=ORIENTED_EDGE('',*,*,#3046,.T.);
#3915=ORIENTED_EDGE('',*,*,#2926,.F.);
#3916=ORIENTED_EDGE('',*,*,#3047,.F.);
#3917=ORIENTED_EDGE('',*,*,#3048,.F.);
#3918=ORIENTED_EDGE('',*,*,#3049,.F.);
#3919=ORIENTED_EDGE('',*,*,#3047,.T.);
#3920=ORIENTED_EDGE('',*,*,#2925,.F.);
#3921=ORIENTED_EDGE('',*,*,#3050,.F.);
#3922=ORIENTED_EDGE('',*,*,#2966,.F.);
#3923=ORIENTED_EDGE('',*,*,#2967,.F.);
#3924=ORIENTED_EDGE('',*,*,#3050,.T.);
#3925=ORIENTED_EDGE('',*,*,#2924,.F.);
#3926=ORIENTED_EDGE('',*,*,#3051,.F.);
#3927=ORIENTED_EDGE('',*,*,#2949,.F.);
#3928=ORIENTED_EDGE('',*,*,#3051,.T.);
#3929=ORIENTED_EDGE('',*,*,#2923,.F.);
#3930=ORIENTED_EDGE('',*,*,#3052,.F.);
#3931=ORIENTED_EDGE('',*,*,#2950,.F.);
#3932=ORIENTED_EDGE('',*,*,#3052,.T.);
#3933=ORIENTED_EDGE('',*,*,#2922,.F.);
#3934=ORIENTED_EDGE('',*,*,#3053,.F.);
#3935=ORIENTED_EDGE('',*,*,#2951,.F.);
#3936=ORIENTED_EDGE('',*,*,#3053,.T.);
#3937=ORIENTED_EDGE('',*,*,#2921,.F.);
#3938=ORIENTED_EDGE('',*,*,#3037,.F.);
#3939=ORIENTED_EDGE('',*,*,#3054,.F.);
#3940=ORIENTED_EDGE('',*,*,#3055,.T.);
#3941=ORIENTED_EDGE('',*,*,#2890,.F.);
#3942=ORIENTED_EDGE('',*,*,#3056,.F.);
#3943=ORIENTED_EDGE('',*,*,#2958,.T.);
#3944=ORIENTED_EDGE('',*,*,#3057,.T.);
#3945=ORIENTED_EDGE('',*,*,#2899,.F.);
#3946=ORIENTED_EDGE('',*,*,#3058,.F.);
#3947=ORIENTED_EDGE('',*,*,#2959,.T.);
#3948=ORIENTED_EDGE('',*,*,#3058,.T.);
#3949=ORIENTED_EDGE('',*,*,#2898,.F.);
#3950=ORIENTED_EDGE('',*,*,#3059,.F.);
#3951=ORIENTED_EDGE('',*,*,#2960,.T.);
#3952=ORIENTED_EDGE('',*,*,#3059,.T.);
#3953=ORIENTED_EDGE('',*,*,#2897,.F.);
#3954=ORIENTED_EDGE('',*,*,#3060,.F.);
#3955=ORIENTED_EDGE('',*,*,#2961,.T.);
#3956=ORIENTED_EDGE('',*,*,#3060,.T.);
#3957=ORIENTED_EDGE('',*,*,#2896,.F.);
#3958=ORIENTED_EDGE('',*,*,#3061,.F.);
#3959=ORIENTED_EDGE('',*,*,#2996,.T.);
#3960=ORIENTED_EDGE('',*,*,#3062,.T.);
#3961=ORIENTED_EDGE('',*,*,#2919,.F.);
#3962=ORIENTED_EDGE('',*,*,#3063,.F.);
#3963=ORIENTED_EDGE('',*,*,#2998,.T.);
#3964=ORIENTED_EDGE('',*,*,#3064,.T.);
#3965=ORIENTED_EDGE('',*,*,#2916,.F.);
#3966=ORIENTED_EDGE('',*,*,#3065,.F.);
#3967=ORIENTED_EDGE('',*,*,#3007,.T.);
#3968=ORIENTED_EDGE('',*,*,#3066,.F.);
#3969=ORIENTED_EDGE('',*,*,#2999,.T.);
#3970=ORIENTED_EDGE('',*,*,#3065,.T.);
#3971=ORIENTED_EDGE('',*,*,#2915,.F.);
#3972=ORIENTED_EDGE('',*,*,#3067,.F.);
#3973=ORIENTED_EDGE('',*,*,#3013,.T.);
#3974=ORIENTED_EDGE('',*,*,#3068,.F.);
#3975=ORIENTED_EDGE('',*,*,#3008,.T.);
#3976=ORIENTED_EDGE('',*,*,#3067,.T.);
#3977=ORIENTED_EDGE('',*,*,#2914,.F.);
#3978=ORIENTED_EDGE('',*,*,#3069,.F.);
#3979=ORIENTED_EDGE('',*,*,#3016,.T.);
#3980=ORIENTED_EDGE('',*,*,#3070,.F.);
#3981=ORIENTED_EDGE('',*,*,#3014,.T.);
#3982=ORIENTED_EDGE('',*,*,#3069,.T.);
#3983=ORIENTED_EDGE('',*,*,#2913,.F.);
#3984=ORIENTED_EDGE('',*,*,#3071,.F.);
#3985=ORIENTED_EDGE('',*,*,#3027,.T.);
#3986=ORIENTED_EDGE('',*,*,#3072,.F.);
#3987=ORIENTED_EDGE('',*,*,#3017,.T.);
#3988=ORIENTED_EDGE('',*,*,#3071,.T.);
#3989=ORIENTED_EDGE('',*,*,#2912,.F.);
#3990=ORIENTED_EDGE('',*,*,#3073,.F.);
#3991=ORIENTED_EDGE('',*,*,#3024,.T.);
#3992=ORIENTED_EDGE('',*,*,#3074,.F.);
#3993=ORIENTED_EDGE('',*,*,#3028,.T.);
#3994=ORIENTED_EDGE('',*,*,#3073,.T.);
#3995=ORIENTED_EDGE('',*,*,#2911,.F.);
#3996=ORIENTED_EDGE('',*,*,#3075,.F.);
#3997=ORIENTED_EDGE('',*,*,#3035,.T.);
#3998=ORIENTED_EDGE('',*,*,#3076,.F.);
#3999=ORIENTED_EDGE('',*,*,#3025,.T.);
#4000=ORIENTED_EDGE('',*,*,#3075,.T.);
#4001=ORIENTED_EDGE('',*,*,#2910,.F.);
#4002=ORIENTED_EDGE('',*,*,#3077,.F.);
#4003=ORIENTED_EDGE('',*,*,#3030,.T.);
#4004=ORIENTED_EDGE('',*,*,#3078,.F.);
#4005=ORIENTED_EDGE('',*,*,#3036,.T.);
#4006=ORIENTED_EDGE('',*,*,#3077,.T.);
#4007=ORIENTED_EDGE('',*,*,#2909,.F.);
#4008=ORIENTED_EDGE('',*,*,#3079,.F.);
#4009=ORIENTED_EDGE('',*,*,#3031,.T.);
#4010=ORIENTED_EDGE('',*,*,#3079,.T.);
#4011=ORIENTED_EDGE('',*,*,#2908,.F.);
#4012=ORIENTED_EDGE('',*,*,#3080,.F.);
#4013=ORIENTED_EDGE('',*,*,#3019,.T.);
#4014=ORIENTED_EDGE('',*,*,#3081,.F.);
#4015=ORIENTED_EDGE('',*,*,#3032,.T.);
#4016=ORIENTED_EDGE('',*,*,#3080,.T.);
#4017=ORIENTED_EDGE('',*,*,#2907,.F.);
#4018=ORIENTED_EDGE('',*,*,#3082,.F.);
#4019=ORIENTED_EDGE('',*,*,#3020,.T.);
#4020=ORIENTED_EDGE('',*,*,#3082,.T.);
#4021=ORIENTED_EDGE('',*,*,#2906,.F.);
#4022=ORIENTED_EDGE('',*,*,#3083,.F.);
#4023=ORIENTED_EDGE('',*,*,#3021,.T.);
#4024=ORIENTED_EDGE('',*,*,#3083,.T.);
#4025=ORIENTED_EDGE('',*,*,#2905,.F.);
#4026=ORIENTED_EDGE('',*,*,#3084,.F.);
#4027=ORIENTED_EDGE('',*,*,#3010,.T.);
#4028=ORIENTED_EDGE('',*,*,#3085,.T.);
#4029=ORIENTED_EDGE('',*,*,#2902,.F.);
#4030=ORIENTED_EDGE('',*,*,#3086,.F.);
#4031=ORIENTED_EDGE('',*,*,#3001,.T.);
#4032=ORIENTED_EDGE('',*,*,#3087,.T.);
#4033=ORIENTED_EDGE('',*,*,#2942,.F.);
#4034=ORIENTED_EDGE('',*,*,#3088,.F.);
#4035=ORIENTED_EDGE('',*,*,#3002,.T.);
#4036=ORIENTED_EDGE('',*,*,#3088,.T.);
#4037=ORIENTED_EDGE('',*,*,#2941,.F.);
#4038=ORIENTED_EDGE('',*,*,#3089,.F.);
#4039=ORIENTED_EDGE('',*,*,#3003,.T.);
#4040=ORIENTED_EDGE('',*,*,#3089,.T.);
#4041=ORIENTED_EDGE('',*,*,#2940,.F.);
#4042=ORIENTED_EDGE('',*,*,#3090,.F.);
#4043=ORIENTED_EDGE('',*,*,#3004,.T.);
#4044=ORIENTED_EDGE('',*,*,#3090,.T.);
#4045=ORIENTED_EDGE('',*,*,#2939,.F.);
#4046=ORIENTED_EDGE('',*,*,#3091,.F.);
#4047=ORIENTED_EDGE('',*,*,#3005,.T.);
#4048=ORIENTED_EDGE('',*,*,#3091,.T.);
#4049=ORIENTED_EDGE('',*,*,#2938,.F.);
#4050=ORIENTED_EDGE('',*,*,#3092,.F.);
#4051=ORIENTED_EDGE('',*,*,#3093,.F.);
#4052=ORIENTED_EDGE('',*,*,#3094,.T.);
#4053=ORIENTED_EDGE('',*,*,#2947,.F.);
#4054=ORIENTED_EDGE('',*,*,#3095,.F.);
#4055=ORIENTED_EDGE('',*,*,#3096,.F.);
#4056=ORIENTED_EDGE('',*,*,#3095,.T.);
#4057=ORIENTED_EDGE('',*,*,#2946,.F.);
#4058=ORIENTED_EDGE('',*,*,#3097,.F.);
#4059=ORIENTED_EDGE('',*,*,#3098,.F.);
#4060=ORIENTED_EDGE('',*,*,#3097,.T.);
#4061=ORIENTED_EDGE('',*,*,#2945,.F.);
#4062=ORIENTED_EDGE('',*,*,#3099,.F.);
#4063=ORIENTED_EDGE('',*,*,#3100,.F.);
#4064=ORIENTED_EDGE('',*,*,#3099,.T.);
#4065=ORIENTED_EDGE('',*,*,#2944,.F.);
#4066=ORIENTED_EDGE('',*,*,#3101,.F.);
#4067=ORIENTED_EDGE('',*,*,#2989,.T.);
#4068=ORIENTED_EDGE('',*,*,#3102,.T.);
#4069=ORIENTED_EDGE('',*,*,#2884,.F.);
#4070=ORIENTED_EDGE('',*,*,#3103,.F.);
#4071=ORIENTED_EDGE('',*,*,#2990,.T.);
#4072=ORIENTED_EDGE('',*,*,#3103,.T.);
#4073=ORIENTED_EDGE('',*,*,#2888,.F.);
#4074=ORIENTED_EDGE('',*,*,#3104,.F.);
#4075=ORIENTED_EDGE('',*,*,#2991,.T.);
#4076=ORIENTED_EDGE('',*,*,#3104,.T.);
#4077=ORIENTED_EDGE('',*,*,#2887,.F.);
#4078=ORIENTED_EDGE('',*,*,#3105,.F.);
#4079=ORIENTED_EDGE('',*,*,#3106,.F.);
#4080=ORIENTED_EDGE('',*,*,#3105,.T.);
#4081=ORIENTED_EDGE('',*,*,#2886,.F.);
#4082=ORIENTED_EDGE('',*,*,#3107,.F.);
#4083=ORIENTED_EDGE('',*,*,#2982,.T.);
#4084=ORIENTED_EDGE('',*,*,#3108,.F.);
#4085=ORIENTED_EDGE('',*,*,#3109,.T.);
#4086=ORIENTED_EDGE('',*,*,#2858,.F.);
#4087=ORIENTED_EDGE('',*,*,#3110,.F.);
#4088=ORIENTED_EDGE('',*,*,#2983,.T.);
#4089=ORIENTED_EDGE('',*,*,#3110,.T.);
#4090=ORIENTED_EDGE('',*,*,#2862,.F.);
#4091=ORIENTED_EDGE('',*,*,#3111,.F.);
#4092=ORIENTED_EDGE('',*,*,#2984,.T.);
#4093=ORIENTED_EDGE('',*,*,#3111,.T.);
#4094=ORIENTED_EDGE('',*,*,#2861,.F.);
#4095=ORIENTED_EDGE('',*,*,#3112,.F.);
#4096=ORIENTED_EDGE('',*,*,#2985,.T.);
#4097=ORIENTED_EDGE('',*,*,#3112,.T.);
#4098=ORIENTED_EDGE('',*,*,#2860,.F.);
#4099=ORIENTED_EDGE('',*,*,#3113,.F.);
#4100=ORIENTED_EDGE('',*,*,#3114,.F.);
#4101=ORIENTED_EDGE('',*,*,#3115,.T.);
#4102=ORIENTED_EDGE('',*,*,#2894,.F.);
#4103=ORIENTED_EDGE('',*,*,#3116,.F.);
#4104=ORIENTED_EDGE('',*,*,#3117,.F.);
#4105=ORIENTED_EDGE('',*,*,#3116,.T.);
#4106=ORIENTED_EDGE('',*,*,#2893,.F.);
#4107=ORIENTED_EDGE('',*,*,#3118,.F.);
#4108=ORIENTED_EDGE('',*,*,#3119,.F.);
#4109=ORIENTED_EDGE('',*,*,#3118,.T.);
#4110=ORIENTED_EDGE('',*,*,#2892,.F.);
#4111=ORIENTED_EDGE('',*,*,#3120,.F.);
#4112=ORIENTED_EDGE('',*,*,#3121,.F.);
#4113=ORIENTED_EDGE('',*,*,#3120,.T.);
#4114=ORIENTED_EDGE('',*,*,#2891,.F.);
#4115=ORIENTED_EDGE('',*,*,#3055,.F.);
#4116=ORIENTED_EDGE('',*,*,#3106,.T.);
#4117=ORIENTED_EDGE('',*,*,#3122,.T.);
#4118=ORIENTED_EDGE('',*,*,#3123,.T.);
#4119=ORIENTED_EDGE('',*,*,#3124,.T.);
#4120=ORIENTED_EDGE('',*,*,#3125,.T.);
#4121=ORIENTED_EDGE('',*,*,#3126,.T.);
#4122=ORIENTED_EDGE('',*,*,#3127,.T.);
#4123=ORIENTED_EDGE('',*,*,#3128,.T.);
#4124=ORIENTED_EDGE('',*,*,#3129,.T.);
#4125=ORIENTED_EDGE('',*,*,#3130,.F.);
#4126=ORIENTED_EDGE('',*,*,#3131,.T.);
#4127=ORIENTED_EDGE('',*,*,#3132,.F.);
#4128=ORIENTED_EDGE('',*,*,#2981,.F.);
#4129=ORIENTED_EDGE('',*,*,#3133,.F.);
#4130=ORIENTED_EDGE('',*,*,#3128,.F.);
#4131=ORIENTED_EDGE('',*,*,#3134,.T.);
#4132=ORIENTED_EDGE('',*,*,#2992,.F.);
#4133=ORIENTED_EDGE('',*,*,#3123,.F.);
#4134=ORIENTED_EDGE('',*,*,#3135,.F.);
#4135=ORIENTED_EDGE('',*,*,#3108,.T.);
#4136=ORIENTED_EDGE('',*,*,#3132,.T.);
#4137=ORIENTED_EDGE('',*,*,#3136,.T.);
#4138=ORIENTED_EDGE('',*,*,#3137,.T.);
#4139=ORIENTED_EDGE('',*,*,#3138,.T.);
#4140=ORIENTED_EDGE('',*,*,#3130,.T.);
#4141=ORIENTED_EDGE('',*,*,#3139,.T.);
#4142=ORIENTED_EDGE('',*,*,#3140,.T.);
#4143=ORIENTED_EDGE('',*,*,#3141,.T.);
#4144=ORIENTED_EDGE('',*,*,#3142,.F.);
#4145=ORIENTED_EDGE('',*,*,#3143,.T.);
#4146=ORIENTED_EDGE('',*,*,#3137,.F.);
#4147=ORIENTED_EDGE('',*,*,#3144,.F.);
#4148=ORIENTED_EDGE('',*,*,#3145,.F.);
#4149=ORIENTED_EDGE('',*,*,#3144,.T.);
#4150=ORIENTED_EDGE('',*,*,#3141,.F.);
#4151=ORIENTED_EDGE('',*,*,#3146,.F.);
#4152=ORIENTED_EDGE('',*,*,#3147,.F.);
#4153=ORIENTED_EDGE('',*,*,#3148,.T.);
#4154=ORIENTED_EDGE('',*,*,#3125,.F.);
#4155=ORIENTED_EDGE('',*,*,#3149,.F.);
#4156=ORIENTED_EDGE('',*,*,#3150,.F.);
#4157=ORIENTED_EDGE('',*,*,#3149,.T.);
#4158=ORIENTED_EDGE('',*,*,#3124,.F.);
#4159=ORIENTED_EDGE('',*,*,#3151,.F.);
#4160=ORIENTED_EDGE('',*,*,#3152,.T.);
#4161=ORIENTED_EDGE('',*,*,#3153,.T.);
#4162=ORIENTED_EDGE('',*,*,#3154,.T.);
#4163=ORIENTED_EDGE('',*,*,#3155,.T.);
#4164=ORIENTED_EDGE('',*,*,#3156,.T.);
#4165=ORIENTED_EDGE('',*,*,#3157,.T.);
#4166=ORIENTED_EDGE('',*,*,#3158,.T.);
#4167=ORIENTED_EDGE('',*,*,#3159,.T.);
#4168=ORIENTED_EDGE('',*,*,#3142,.T.);
#4169=ORIENTED_EDGE('',*,*,#3145,.T.);
#4170=ORIENTED_EDGE('',*,*,#3160,.T.);
#4171=ORIENTED_EDGE('',*,*,#3147,.T.);
#4172=ORIENTED_EDGE('',*,*,#3150,.T.);
#4173=ORIENTED_EDGE('',*,*,#3161,.T.);
#4174=ORIENTED_EDGE('',*,*,#3162,.T.);
#4175=ORIENTED_EDGE('',*,*,#3163,.T.);
#4176=ORIENTED_EDGE('',*,*,#3164,.F.);
#4177=ORIENTED_EDGE('',*,*,#3165,.T.);
#4178=ORIENTED_EDGE('',*,*,#2879,.F.);
#4179=ORIENTED_EDGE('',*,*,#3166,.F.);
#4180=ORIENTED_EDGE('',*,*,#3167,.F.);
#4181=ORIENTED_EDGE('',*,*,#3168,.T.);
#4182=ORIENTED_EDGE('',*,*,#3153,.F.);
#4183=ORIENTED_EDGE('',*,*,#3169,.F.);
#4184=ORIENTED_EDGE('',*,*,#3170,.F.);
#4185=ORIENTED_EDGE('',*,*,#3169,.T.);
#4186=ORIENTED_EDGE('',*,*,#3152,.F.);
#4187=ORIENTED_EDGE('',*,*,#3171,.F.);
#4188=ORIENTED_EDGE('',*,*,#3172,.F.);
#4189=ORIENTED_EDGE('',*,*,#3171,.T.);
#4190=ORIENTED_EDGE('',*,*,#3155,.F.);
#4191=ORIENTED_EDGE('',*,*,#3173,.F.);
#4192=ORIENTED_EDGE('',*,*,#3174,.F.);
#4193=ORIENTED_EDGE('',*,*,#3173,.T.);
#4194=ORIENTED_EDGE('',*,*,#3154,.F.);
#4195=ORIENTED_EDGE('',*,*,#3168,.F.);
#4196=ORIENTED_EDGE('',*,*,#3175,.F.);
#4197=ORIENTED_EDGE('',*,*,#3166,.T.);
#4198=ORIENTED_EDGE('',*,*,#2878,.F.);
#4199=ORIENTED_EDGE('',*,*,#3176,.F.);
#4200=ORIENTED_EDGE('',*,*,#3177,.T.);
#4201=ORIENTED_EDGE('',*,*,#3178,.F.);
#4202=ORIENTED_EDGE('',*,*,#3179,.F.);
#4203=ORIENTED_EDGE('',*,*,#3180,.T.);
#4204=ORIENTED_EDGE('',*,*,#3181,.F.);
#4205=ORIENTED_EDGE('',*,*,#3182,.T.);
#4206=ORIENTED_EDGE('',*,*,#3183,.F.);
#4207=ORIENTED_EDGE('',*,*,#3184,.T.);
#4208=ORIENTED_EDGE('',*,*,#3185,.F.);
#4209=ORIENTED_EDGE('',*,*,#3186,.F.);
#4210=ORIENTED_EDGE('',*,*,#3187,.F.);
#4211=ORIENTED_EDGE('',*,*,#3188,.F.);
#4212=ORIENTED_EDGE('',*,*,#3189,.T.);
#4213=ORIENTED_EDGE('',*,*,#3190,.F.);
#4214=ORIENTED_EDGE('',*,*,#3191,.T.);
#4215=ORIENTED_EDGE('',*,*,#3192,.T.);
#4216=ORIENTED_EDGE('',*,*,#3193,.T.);
#4217=ORIENTED_EDGE('',*,*,#3194,.T.);
#4218=ORIENTED_EDGE('',*,*,#3195,.F.);
#4219=ORIENTED_EDGE('',*,*,#3056,.T.);
#4220=ORIENTED_EDGE('',*,*,#2889,.F.);
#4221=ORIENTED_EDGE('',*,*,#3115,.F.);
#4222=ORIENTED_EDGE('',*,*,#3196,.F.);
#4223=ORIENTED_EDGE('',*,*,#3197,.F.);
#4224=ORIENTED_EDGE('',*,*,#3198,.F.);
#4225=ORIENTED_EDGE('',*,*,#3199,.F.);
#4226=ORIENTED_EDGE('',*,*,#3200,.F.);
#4227=ORIENTED_EDGE('',*,*,#3201,.F.);
#4228=ORIENTED_EDGE('',*,*,#3202,.F.);
#4229=ORIENTED_EDGE('',*,*,#3203,.T.);
#4230=ORIENTED_EDGE('',*,*,#3204,.F.);
#4231=ORIENTED_EDGE('',*,*,#3205,.T.);
#4232=ORIENTED_EDGE('',*,*,#3206,.F.);
#4233=ORIENTED_EDGE('',*,*,#3207,.T.);
#4234=ORIENTED_EDGE('',*,*,#3208,.T.);
#4235=ORIENTED_EDGE('',*,*,#3209,.T.);
#4236=ORIENTED_EDGE('',*,*,#2986,.T.);
#4237=ORIENTED_EDGE('',*,*,#3113,.T.);
#4238=ORIENTED_EDGE('',*,*,#2859,.T.);
#4239=ORIENTED_EDGE('',*,*,#3109,.F.);
#4240=ORIENTED_EDGE('',*,*,#3136,.F.);
#4241=ORIENTED_EDGE('',*,*,#3131,.F.);
#4242=ORIENTED_EDGE('',*,*,#3138,.F.);
#4243=ORIENTED_EDGE('',*,*,#3143,.F.);
#4244=ORIENTED_EDGE('',*,*,#3159,.F.);
#4245=ORIENTED_EDGE('',*,*,#3210,.F.);
#4246=ORIENTED_EDGE('',*,*,#2895,.F.);
#4247=ORIENTED_EDGE('',*,*,#3057,.F.);
#4248=ORIENTED_EDGE('',*,*,#2957,.F.);
#4249=ORIENTED_EDGE('',*,*,#3061,.T.);
#4250=ORIENTED_EDGE('',*,*,#3211,.F.);
#4251=ORIENTED_EDGE('',*,*,#3210,.T.);
#4252=ORIENTED_EDGE('',*,*,#3158,.F.);
#4253=ORIENTED_EDGE('',*,*,#3212,.F.);
#4254=ORIENTED_EDGE('',*,*,#3213,.F.);
#4255=ORIENTED_EDGE('',*,*,#3212,.T.);
#4256=ORIENTED_EDGE('',*,*,#3157,.F.);
#4257=ORIENTED_EDGE('',*,*,#3214,.F.);
#4258=ORIENTED_EDGE('',*,*,#3215,.F.);
#4259=ORIENTED_EDGE('',*,*,#3214,.T.);
#4260=ORIENTED_EDGE('',*,*,#3156,.F.);
#4261=ORIENTED_EDGE('',*,*,#3146,.T.);
#4262=ORIENTED_EDGE('',*,*,#3140,.F.);
#4263=ORIENTED_EDGE('',*,*,#3216,.T.);
#4264=ORIENTED_EDGE('',*,*,#2882,.F.);
#4265=ORIENTED_EDGE('',*,*,#3217,.F.);
#4266=ORIENTED_EDGE('',*,*,#3126,.F.);
#4267=ORIENTED_EDGE('',*,*,#3148,.F.);
#4268=ORIENTED_EDGE('',*,*,#3160,.F.);
#4269=ORIENTED_EDGE('',*,*,#3218,.F.);
#4270=ORIENTED_EDGE('',*,*,#3219,.F.);
#4271=ORIENTED_EDGE('',*,*,#3218,.T.);
#4272=ORIENTED_EDGE('',*,*,#3163,.F.);
#4273=ORIENTED_EDGE('',*,*,#3220,.F.);
#4274=ORIENTED_EDGE('',*,*,#3221,.F.);
#4275=ORIENTED_EDGE('',*,*,#3220,.T.);
#4276=ORIENTED_EDGE('',*,*,#3162,.F.);
#4277=ORIENTED_EDGE('',*,*,#3222,.F.);
#4278=ORIENTED_EDGE('',*,*,#3221,.T.);
#4279=ORIENTED_EDGE('',*,*,#3223,.T.);
#4280=ORIENTED_EDGE('',*,*,#3164,.T.);
#4281=ORIENTED_EDGE('',*,*,#3170,.T.);
#4282=ORIENTED_EDGE('',*,*,#3172,.T.);
#4283=ORIENTED_EDGE('',*,*,#3174,.T.);
#4284=ORIENTED_EDGE('',*,*,#3167,.T.);
#4285=ORIENTED_EDGE('',*,*,#3175,.T.);
#4286=ORIENTED_EDGE('',*,*,#3211,.T.);
#4287=ORIENTED_EDGE('',*,*,#3213,.T.);
#4288=ORIENTED_EDGE('',*,*,#3215,.T.);
#4289=ORIENTED_EDGE('',*,*,#3219,.T.);
#4290=ORIENTED_EDGE('',*,*,#3224,.T.);
#4291=ORIENTED_EDGE('',*,*,#3093,.T.);
#4292=ORIENTED_EDGE('',*,*,#3096,.T.);
#4293=ORIENTED_EDGE('',*,*,#3098,.T.);
#4294=ORIENTED_EDGE('',*,*,#3100,.T.);
#4295=ORIENTED_EDGE('',*,*,#3225,.T.);
#4296=ORIENTED_EDGE('',*,*,#3226,.T.);
#4297=ORIENTED_EDGE('',*,*,#3227,.T.);
#4298=ORIENTED_EDGE('',*,*,#3228,.T.);
#4299=ORIENTED_EDGE('',*,*,#3229,.T.);
#4300=ORIENTED_EDGE('',*,*,#3230,.T.);
#4301=ORIENTED_EDGE('',*,*,#3039,.T.);
#4302=ORIENTED_EDGE('',*,*,#3231,.T.);
#4303=ORIENTED_EDGE('',*,*,#3232,.T.);
#4304=ORIENTED_EDGE('',*,*,#3048,.T.);
#4305=ORIENTED_EDGE('',*,*,#3049,.T.);
#4306=ORIENTED_EDGE('',*,*,#3233,.T.);
#4307=ORIENTED_EDGE('',*,*,#3195,.T.);
#4308=ORIENTED_EDGE('',*,*,#3234,.T.);
#4309=ORIENTED_EDGE('',*,*,#3235,.T.);
#4310=ORIENTED_EDGE('',*,*,#3236,.T.);
#4311=ORIENTED_EDGE('',*,*,#3237,.T.);
#4312=ORIENTED_EDGE('',*,*,#3238,.T.);
#4313=ORIENTED_EDGE('',*,*,#3196,.T.);
#4314=ORIENTED_EDGE('',*,*,#3114,.T.);
#4315=ORIENTED_EDGE('',*,*,#3117,.T.);
#4316=ORIENTED_EDGE('',*,*,#3119,.T.);
#4317=ORIENTED_EDGE('',*,*,#3121,.T.);
#4318=ORIENTED_EDGE('',*,*,#3054,.T.);
#4319=ORIENTED_EDGE('',*,*,#3081,.T.);
#4320=ORIENTED_EDGE('',*,*,#3239,.T.);
#4321=ORIENTED_EDGE('',*,*,#3240,.T.);
#4322=ORIENTED_EDGE('',*,*,#3066,.T.);
#4323=ORIENTED_EDGE('',*,*,#3241,.T.);
#4324=ORIENTED_EDGE('',*,*,#3242,.T.);
#4325=ORIENTED_EDGE('',*,*,#3068,.T.);
#4326=ORIENTED_EDGE('',*,*,#3243,.T.);
#4327=ORIENTED_EDGE('',*,*,#3244,.T.);
#4328=ORIENTED_EDGE('',*,*,#3070,.T.);
#4329=ORIENTED_EDGE('',*,*,#3245,.T.);
#4330=ORIENTED_EDGE('',*,*,#3246,.T.);
#4331=ORIENTED_EDGE('',*,*,#3078,.T.);
#4332=ORIENTED_EDGE('',*,*,#3247,.T.);
#4333=ORIENTED_EDGE('',*,*,#3248,.T.);
#4334=ORIENTED_EDGE('',*,*,#3072,.T.);
#4335=ORIENTED_EDGE('',*,*,#3249,.T.);
#4336=ORIENTED_EDGE('',*,*,#3250,.T.);
#4337=ORIENTED_EDGE('',*,*,#3074,.T.);
#4338=ORIENTED_EDGE('',*,*,#3251,.T.);
#4339=ORIENTED_EDGE('',*,*,#3252,.T.);
#4340=ORIENTED_EDGE('',*,*,#3076,.T.);
#4341=ORIENTED_EDGE('',*,*,#3253,.T.);
#4342=ORIENTED_EDGE('',*,*,#3254,.T.);
#4343=ORIENTED_EDGE('',*,*,#3255,.T.);
#4344=ORIENTED_EDGE('',*,*,#3256,.F.);
#4345=ORIENTED_EDGE('',*,*,#3257,.F.);
#4346=ORIENTED_EDGE('',*,*,#3258,.T.);
#4347=ORIENTED_EDGE('',*,*,#3259,.T.);
#4348=ORIENTED_EDGE('',*,*,#3260,.T.);
#4349=ORIENTED_EDGE('',*,*,#3261,.F.);
#4350=ORIENTED_EDGE('',*,*,#3262,.F.);
#4351=ORIENTED_EDGE('',*,*,#3208,.F.);
#4352=ORIENTED_EDGE('',*,*,#3263,.T.);
#4353=ORIENTED_EDGE('',*,*,#3264,.F.);
#4354=ORIENTED_EDGE('',*,*,#3265,.F.);
#4355=ORIENTED_EDGE('',*,*,#3266,.F.);
#4356=ORIENTED_EDGE('',*,*,#3267,.T.);
#4357=ORIENTED_EDGE('',*,*,#3268,.T.);
#4358=ORIENTED_EDGE('',*,*,#3269,.T.);
#4359=ORIENTED_EDGE('',*,*,#3270,.F.);
#4360=ORIENTED_EDGE('',*,*,#3271,.F.);
#4361=ORIENTED_EDGE('',*,*,#3272,.T.);
#4362=ORIENTED_EDGE('',*,*,#3273,.T.);
#4363=ORIENTED_EDGE('',*,*,#3274,.T.);
#4364=ORIENTED_EDGE('',*,*,#3275,.T.);
#4365=ORIENTED_EDGE('',*,*,#3276,.T.);
#4366=ORIENTED_EDGE('',*,*,#3277,.F.);
#4367=ORIENTED_EDGE('',*,*,#3278,.F.);
#4368=ORIENTED_EDGE('',*,*,#3279,.F.);
#4369=ORIENTED_EDGE('',*,*,#3280,.F.);
#4370=ORIENTED_EDGE('',*,*,#3281,.F.);
#4371=ORIENTED_EDGE('',*,*,#3282,.F.);
#4372=ORIENTED_EDGE('',*,*,#3283,.F.);
#4373=ORIENTED_EDGE('',*,*,#3284,.F.);
#4374=ORIENTED_EDGE('',*,*,#3285,.F.);
#4375=ORIENTED_EDGE('',*,*,#3286,.F.);
#4376=ORIENTED_EDGE('',*,*,#3287,.F.);
#4377=ORIENTED_EDGE('',*,*,#3288,.F.);
#4378=ORIENTED_EDGE('',*,*,#3289,.F.);
#4379=ORIENTED_EDGE('',*,*,#3290,.F.);
#4380=ORIENTED_EDGE('',*,*,#3291,.F.);
#4381=ORIENTED_EDGE('',*,*,#3292,.F.);
#4382=ORIENTED_EDGE('',*,*,#3293,.F.);
#4383=ORIENTED_EDGE('',*,*,#3294,.T.);
#4384=ORIENTED_EDGE('',*,*,#3295,.T.);
#4385=ORIENTED_EDGE('',*,*,#3296,.T.);
#4386=ORIENTED_EDGE('',*,*,#3297,.T.);
#4387=ORIENTED_EDGE('',*,*,#3298,.T.);
#4388=ORIENTED_EDGE('',*,*,#3299,.T.);
#4389=ORIENTED_EDGE('',*,*,#3300,.T.);
#4390=ORIENTED_EDGE('',*,*,#3301,.T.);
#4391=ORIENTED_EDGE('',*,*,#3302,.T.);
#4392=ORIENTED_EDGE('',*,*,#3303,.T.);
#4393=ORIENTED_EDGE('',*,*,#3304,.T.);
#4394=ORIENTED_EDGE('',*,*,#3305,.T.);
#4395=ORIENTED_EDGE('',*,*,#3306,.T.);
#4396=ORIENTED_EDGE('',*,*,#3307,.T.);
#4397=ORIENTED_EDGE('',*,*,#3308,.T.);
#4398=ORIENTED_EDGE('',*,*,#3309,.T.);
#4399=ORIENTED_EDGE('',*,*,#3295,.F.);
#4400=ORIENTED_EDGE('',*,*,#3310,.T.);
#4401=ORIENTED_EDGE('',*,*,#2954,.F.);
#4402=ORIENTED_EDGE('',*,*,#3311,.F.);
#4403=ORIENTED_EDGE('',*,*,#3296,.F.);
#4404=ORIENTED_EDGE('',*,*,#3311,.T.);
#4405=ORIENTED_EDGE('',*,*,#2953,.F.);
#4406=ORIENTED_EDGE('',*,*,#3038,.T.);
#4407=ORIENTED_EDGE('',*,*,#2935,.F.);
#4408=ORIENTED_EDGE('',*,*,#3040,.F.);
#4409=ORIENTED_EDGE('',*,*,#3232,.F.);
#4410=ORIENTED_EDGE('',*,*,#3312,.F.);
#4411=ORIENTED_EDGE('',*,*,#3297,.F.);
#4412=ORIENTED_EDGE('',*,*,#3312,.T.);
#4413=ORIENTED_EDGE('',*,*,#3231,.F.);
#4414=ORIENTED_EDGE('',*,*,#3313,.F.);
#4415=ORIENTED_EDGE('',*,*,#3298,.F.);
#4416=ORIENTED_EDGE('',*,*,#3313,.T.);
#4417=ORIENTED_EDGE('',*,*,#2962,.F.);
#4418=ORIENTED_EDGE('',*,*,#3314,.F.);
#4419=ORIENTED_EDGE('',*,*,#3299,.F.);
#4420=ORIENTED_EDGE('',*,*,#3314,.T.);
#4421=ORIENTED_EDGE('',*,*,#2964,.F.);
#4422=ORIENTED_EDGE('',*,*,#3041,.T.);
#4423=ORIENTED_EDGE('',*,*,#2933,.F.);
#4424=ORIENTED_EDGE('',*,*,#3315,.F.);
#4425=ORIENTED_EDGE('',*,*,#3300,.F.);
#4426=ORIENTED_EDGE('',*,*,#3315,.T.);
#4427=ORIENTED_EDGE('',*,*,#2932,.F.);
#4428=ORIENTED_EDGE('',*,*,#3316,.F.);
#4429=ORIENTED_EDGE('',*,*,#3301,.F.);
#4430=ORIENTED_EDGE('',*,*,#3316,.T.);
#4431=ORIENTED_EDGE('',*,*,#2931,.F.);
#4432=ORIENTED_EDGE('',*,*,#3042,.F.);
#4433=ORIENTED_EDGE('',*,*,#3317,.F.);
#4434=ORIENTED_EDGE('',*,*,#3302,.F.);
#4435=ORIENTED_EDGE('',*,*,#3317,.T.);
#4436=ORIENTED_EDGE('',*,*,#2969,.F.);
#4437=ORIENTED_EDGE('',*,*,#3318,.F.);
#4438=ORIENTED_EDGE('',*,*,#3303,.F.);
#4439=ORIENTED_EDGE('',*,*,#3318,.T.);
#4440=ORIENTED_EDGE('',*,*,#2978,.F.);
#4441=ORIENTED_EDGE('',*,*,#3319,.F.);
#4442=ORIENTED_EDGE('',*,*,#3304,.F.);
#4443=ORIENTED_EDGE('',*,*,#3319,.T.);
#4444=ORIENTED_EDGE('',*,*,#2977,.F.);
#4445=ORIENTED_EDGE('',*,*,#3320,.F.);
#4446=ORIENTED_EDGE('',*,*,#3305,.F.);
#4447=ORIENTED_EDGE('',*,*,#3320,.T.);
#4448=ORIENTED_EDGE('',*,*,#2976,.F.);
#4449=ORIENTED_EDGE('',*,*,#3321,.F.);
#4450=ORIENTED_EDGE('',*,*,#3306,.F.);
#4451=ORIENTED_EDGE('',*,*,#3321,.T.);
#4452=ORIENTED_EDGE('',*,*,#2975,.F.);
#4453=ORIENTED_EDGE('',*,*,#3233,.F.);
#4454=ORIENTED_EDGE('',*,*,#2965,.F.);
#4455=ORIENTED_EDGE('',*,*,#3322,.F.);
#4456=ORIENTED_EDGE('',*,*,#3307,.F.);
#4457=ORIENTED_EDGE('',*,*,#3322,.T.);
#4458=ORIENTED_EDGE('',*,*,#2968,.F.);
#4459=ORIENTED_EDGE('',*,*,#3323,.F.);
#4460=ORIENTED_EDGE('',*,*,#3308,.F.);
#4461=ORIENTED_EDGE('',*,*,#3323,.T.);
#4462=ORIENTED_EDGE('',*,*,#2948,.F.);
#4463=ORIENTED_EDGE('',*,*,#3324,.F.);
#4464=ORIENTED_EDGE('',*,*,#3309,.F.);
#4465=ORIENTED_EDGE('',*,*,#3324,.T.);
#4466=ORIENTED_EDGE('',*,*,#2956,.F.);
#4467=ORIENTED_EDGE('',*,*,#3325,.F.);
#4468=ORIENTED_EDGE('',*,*,#3294,.F.);
#4469=ORIENTED_EDGE('',*,*,#3325,.T.);
#4470=ORIENTED_EDGE('',*,*,#2955,.F.);
#4471=ORIENTED_EDGE('',*,*,#3310,.F.);
#4472=ORIENTED_EDGE('',*,*,#3277,.T.);
#4473=ORIENTED_EDGE('',*,*,#3326,.T.);
#4474=ORIENTED_EDGE('',*,*,#2994,.F.);
#4475=ORIENTED_EDGE('',*,*,#3327,.F.);
#4476=ORIENTED_EDGE('',*,*,#3278,.T.);
#4477=ORIENTED_EDGE('',*,*,#3327,.T.);
#4478=ORIENTED_EDGE('',*,*,#3063,.T.);
#4479=ORIENTED_EDGE('',*,*,#2918,.F.);
#4480=ORIENTED_EDGE('',*,*,#3328,.F.);
#4481=ORIENTED_EDGE('',*,*,#3279,.T.);
#4482=ORIENTED_EDGE('',*,*,#3328,.T.);
#4483=ORIENTED_EDGE('',*,*,#2917,.F.);
#4484=ORIENTED_EDGE('',*,*,#3064,.F.);
#4485=ORIENTED_EDGE('',*,*,#3329,.F.);
#4486=ORIENTED_EDGE('',*,*,#3280,.T.);
#4487=ORIENTED_EDGE('',*,*,#3329,.T.);
#4488=ORIENTED_EDGE('',*,*,#2997,.F.);
#4489=ORIENTED_EDGE('',*,*,#3242,.F.);
#4490=ORIENTED_EDGE('',*,*,#3330,.F.);
#4491=ORIENTED_EDGE('',*,*,#3281,.T.);
#4492=ORIENTED_EDGE('',*,*,#3330,.T.);
#4493=ORIENTED_EDGE('',*,*,#3241,.F.);
#4494=ORIENTED_EDGE('',*,*,#3006,.F.);
#4495=ORIENTED_EDGE('',*,*,#3244,.F.);
#4496=ORIENTED_EDGE('',*,*,#3331,.F.);
#4497=ORIENTED_EDGE('',*,*,#3282,.T.);
#4498=ORIENTED_EDGE('',*,*,#3331,.T.);
#4499=ORIENTED_EDGE('',*,*,#3243,.F.);
#4500=ORIENTED_EDGE('',*,*,#3012,.F.);
#4501=ORIENTED_EDGE('',*,*,#3246,.F.);
#4502=ORIENTED_EDGE('',*,*,#3332,.F.);
#4503=ORIENTED_EDGE('',*,*,#3283,.T.);
#4504=ORIENTED_EDGE('',*,*,#3332,.T.);
#4505=ORIENTED_EDGE('',*,*,#3245,.F.);
#4506=ORIENTED_EDGE('',*,*,#3015,.F.);
#4507=ORIENTED_EDGE('',*,*,#3250,.F.);
#4508=ORIENTED_EDGE('',*,*,#3333,.F.);
#4509=ORIENTED_EDGE('',*,*,#3284,.T.);
#4510=ORIENTED_EDGE('',*,*,#3333,.T.);
#4511=ORIENTED_EDGE('',*,*,#3249,.F.);
#4512=ORIENTED_EDGE('',*,*,#3026,.F.);
#4513=ORIENTED_EDGE('',*,*,#3252,.F.);
#4514=ORIENTED_EDGE('',*,*,#3334,.F.);
#4515=ORIENTED_EDGE('',*,*,#3285,.T.);
#4516=ORIENTED_EDGE('',*,*,#3334,.T.);
#4517=ORIENTED_EDGE('',*,*,#3251,.F.);
#4518=ORIENTED_EDGE('',*,*,#3023,.F.);
#4519=ORIENTED_EDGE('',*,*,#3254,.F.);
#4520=ORIENTED_EDGE('',*,*,#3335,.F.);
#4521=ORIENTED_EDGE('',*,*,#3286,.T.);
#4522=ORIENTED_EDGE('',*,*,#3335,.T.);
#4523=ORIENTED_EDGE('',*,*,#3253,.F.);
#4524=ORIENTED_EDGE('',*,*,#3034,.F.);
#4525=ORIENTED_EDGE('',*,*,#3248,.F.);
#4526=ORIENTED_EDGE('',*,*,#3336,.F.);
#4527=ORIENTED_EDGE('',*,*,#3287,.T.);
#4528=ORIENTED_EDGE('',*,*,#3336,.T.);
#4529=ORIENTED_EDGE('',*,*,#3247,.F.);
#4530=ORIENTED_EDGE('',*,*,#3029,.F.);
#4531=ORIENTED_EDGE('',*,*,#3337,.F.);
#4532=ORIENTED_EDGE('',*,*,#3288,.T.);
#4533=ORIENTED_EDGE('',*,*,#3337,.T.);
#4534=ORIENTED_EDGE('',*,*,#3033,.F.);
#4535=ORIENTED_EDGE('',*,*,#3240,.F.);
#4536=ORIENTED_EDGE('',*,*,#3338,.F.);
#4537=ORIENTED_EDGE('',*,*,#3289,.T.);
#4538=ORIENTED_EDGE('',*,*,#3338,.T.);
#4539=ORIENTED_EDGE('',*,*,#3239,.F.);
#4540=ORIENTED_EDGE('',*,*,#3018,.F.);
#4541=ORIENTED_EDGE('',*,*,#3339,.F.);
#4542=ORIENTED_EDGE('',*,*,#3290,.T.);
#4543=ORIENTED_EDGE('',*,*,#3339,.T.);
#4544=ORIENTED_EDGE('',*,*,#3022,.F.);
#4545=ORIENTED_EDGE('',*,*,#3340,.F.);
#4546=ORIENTED_EDGE('',*,*,#3291,.T.);
#4547=ORIENTED_EDGE('',*,*,#3340,.T.);
#4548=ORIENTED_EDGE('',*,*,#3084,.T.);
#4549=ORIENTED_EDGE('',*,*,#2904,.F.);
#4550=ORIENTED_EDGE('',*,*,#3341,.F.);
#4551=ORIENTED_EDGE('',*,*,#3292,.T.);
#4552=ORIENTED_EDGE('',*,*,#3341,.T.);
#4553=ORIENTED_EDGE('',*,*,#2903,.F.);
#4554=ORIENTED_EDGE('',*,*,#3085,.F.);
#4555=ORIENTED_EDGE('',*,*,#3342,.F.);
#4556=ORIENTED_EDGE('',*,*,#3293,.T.);
#4557=ORIENTED_EDGE('',*,*,#3342,.T.);
#4558=ORIENTED_EDGE('',*,*,#3009,.F.);
#4559=ORIENTED_EDGE('',*,*,#3343,.F.);
#4560=ORIENTED_EDGE('',*,*,#3270,.T.);
#4561=ORIENTED_EDGE('',*,*,#3344,.F.);
#4562=ORIENTED_EDGE('',*,*,#3345,.T.);
#4563=ORIENTED_EDGE('',*,*,#3229,.F.);
#4564=ORIENTED_EDGE('',*,*,#3346,.F.);
#4565=ORIENTED_EDGE('',*,*,#3271,.T.);
#4566=ORIENTED_EDGE('',*,*,#3346,.T.);
#4567=ORIENTED_EDGE('',*,*,#3228,.F.);
#4568=ORIENTED_EDGE('',*,*,#3347,.F.);
#4569=ORIENTED_EDGE('',*,*,#3348,.F.);
#4570=ORIENTED_EDGE('',*,*,#3349,.T.);
#4571=ORIENTED_EDGE('',*,*,#3226,.F.);
#4572=ORIENTED_EDGE('',*,*,#3350,.F.);
#4573=ORIENTED_EDGE('',*,*,#3265,.T.);
#4574=ORIENTED_EDGE('',*,*,#3351,.T.);
#4575=ORIENTED_EDGE('',*,*,#2987,.F.);
#4576=ORIENTED_EDGE('',*,*,#3352,.F.);
#4577=ORIENTED_EDGE('',*,*,#3266,.T.);
#4578=ORIENTED_EDGE('',*,*,#3352,.T.);
#4579=ORIENTED_EDGE('',*,*,#2993,.F.);
#4580=ORIENTED_EDGE('',*,*,#3134,.F.);
#4581=ORIENTED_EDGE('',*,*,#3127,.F.);
#4582=ORIENTED_EDGE('',*,*,#3217,.T.);
#4583=ORIENTED_EDGE('',*,*,#2881,.F.);
#4584=ORIENTED_EDGE('',*,*,#3353,.F.);
#4585=ORIENTED_EDGE('',*,*,#3261,.T.);
#4586=ORIENTED_EDGE('',*,*,#3354,.T.);
#4587=ORIENTED_EDGE('',*,*,#2883,.F.);
#4588=ORIENTED_EDGE('',*,*,#3216,.F.);
#4589=ORIENTED_EDGE('',*,*,#3139,.F.);
#4590=ORIENTED_EDGE('',*,*,#3133,.T.);
#4591=ORIENTED_EDGE('',*,*,#2980,.F.);
#4592=ORIENTED_EDGE('',*,*,#3355,.F.);
#4593=ORIENTED_EDGE('',*,*,#3262,.T.);
#4594=ORIENTED_EDGE('',*,*,#3355,.T.);
#4595=ORIENTED_EDGE('',*,*,#2979,.F.);
#4596=ORIENTED_EDGE('',*,*,#3209,.F.);
#4597=ORIENTED_EDGE('',*,*,#3356,.F.);
#4598=ORIENTED_EDGE('',*,*,#3197,.T.);
#4599=ORIENTED_EDGE('',*,*,#3238,.F.);
#4600=ORIENTED_EDGE('',*,*,#3357,.F.);
#4601=ORIENTED_EDGE('',*,*,#3256,.T.);
#4602=ORIENTED_EDGE('',*,*,#3358,.T.);
#4603=ORIENTED_EDGE('',*,*,#3236,.F.);
#4604=ORIENTED_EDGE('',*,*,#3359,.F.);
#4605=ORIENTED_EDGE('',*,*,#3360,.F.);
#4606=ORIENTED_EDGE('',*,*,#3257,.T.);
#4607=ORIENTED_EDGE('',*,*,#3359,.T.);
#4608=ORIENTED_EDGE('',*,*,#3235,.F.);
#4609=ORIENTED_EDGE('',*,*,#3361,.F.);
#4610=ORIENTED_EDGE('',*,*,#3344,.T.);
#4611=ORIENTED_EDGE('',*,*,#3362,.T.);
#4612=ORIENTED_EDGE('',*,*,#3363,.T.);
#4613=ORIENTED_EDGE('',*,*,#3364,.T.);
#4614=ORIENTED_EDGE('',*,*,#3348,.T.);
#4615=ORIENTED_EDGE('',*,*,#3365,.T.);
#4616=ORIENTED_EDGE('',*,*,#3366,.T.);
#4617=ORIENTED_EDGE('',*,*,#3367,.T.);
#4618=ORIENTED_EDGE('',*,*,#3356,.T.);
#4619=ORIENTED_EDGE('',*,*,#3368,.T.);
#4620=ORIENTED_EDGE('',*,*,#3369,.T.);
#4621=ORIENTED_EDGE('',*,*,#3198,.T.);
#4622=ORIENTED_EDGE('',*,*,#3360,.T.);
#4623=ORIENTED_EDGE('',*,*,#3370,.T.);
#4624=ORIENTED_EDGE('',*,*,#3371,.T.);
#4625=ORIENTED_EDGE('',*,*,#3372,.T.);
#4626=ORIENTED_EDGE('',*,*,#3185,.T.);
#4627=ORIENTED_EDGE('',*,*,#3373,.T.);
#4628=ORIENTED_EDGE('',*,*,#3374,.T.);
#4629=ORIENTED_EDGE('',*,*,#3375,.T.);
#4630=ORIENTED_EDGE('',*,*,#3376,.T.);
#4631=ORIENTED_EDGE('',*,*,#3377,.T.);
#4632=ORIENTED_EDGE('',*,*,#3378,.T.);
#4633=ORIENTED_EDGE('',*,*,#3379,.T.);
#4634=ORIENTED_EDGE('',*,*,#3380,.T.);
#4635=ORIENTED_EDGE('',*,*,#3381,.T.);
#4636=ORIENTED_EDGE('',*,*,#3382,.T.);
#4637=ORIENTED_EDGE('',*,*,#3383,.T.);
#4638=ORIENTED_EDGE('',*,*,#3384,.T.);
#4639=ORIENTED_EDGE('',*,*,#3385,.T.);
#4640=ORIENTED_EDGE('',*,*,#3386,.T.);
#4641=ORIENTED_EDGE('',*,*,#3387,.F.);
#4642=ORIENTED_EDGE('',*,*,#3388,.T.);
#4643=ORIENTED_EDGE('',*,*,#3389,.T.);
#4644=ORIENTED_EDGE('',*,*,#3390,.F.);
#4645=ORIENTED_EDGE('',*,*,#3391,.F.);
#4646=ORIENTED_EDGE('',*,*,#3392,.T.);
#4647=ORIENTED_EDGE('',*,*,#3393,.F.);
#4648=ORIENTED_EDGE('',*,*,#3394,.F.);
#4649=ORIENTED_EDGE('',*,*,#3395,.T.);
#4650=ORIENTED_EDGE('',*,*,#3396,.T.);
#4651=ORIENTED_EDGE('',*,*,#3397,.F.);
#4652=ORIENTED_EDGE('',*,*,#3398,.T.);
#4653=ORIENTED_EDGE('',*,*,#3399,.T.);
#4654=ORIENTED_EDGE('',*,*,#3400,.T.);
#4655=ORIENTED_EDGE('',*,*,#3401,.T.);
#4656=ORIENTED_EDGE('',*,*,#3402,.F.);
#4657=ORIENTED_EDGE('',*,*,#3403,.F.);
#4658=ORIENTED_EDGE('',*,*,#3404,.T.);
#4659=ORIENTED_EDGE('',*,*,#3405,.F.);
#4660=ORIENTED_EDGE('',*,*,#3406,.F.);
#4661=ORIENTED_EDGE('',*,*,#3407,.F.);
#4662=ORIENTED_EDGE('',*,*,#3408,.F.);
#4663=ORIENTED_EDGE('',*,*,#3193,.F.);
#4664=ORIENTED_EDGE('',*,*,#3409,.T.);
#4665=ORIENTED_EDGE('',*,*,#3410,.F.);
#4666=ORIENTED_EDGE('',*,*,#3411,.F.);
#4667=ORIENTED_EDGE('',*,*,#3412,.F.);
#4668=ORIENTED_EDGE('',*,*,#3413,.F.);
#4669=ORIENTED_EDGE('',*,*,#3414,.F.);
#4670=ORIENTED_EDGE('',*,*,#3415,.T.);
#4671=ORIENTED_EDGE('',*,*,#3416,.F.);
#4672=ORIENTED_EDGE('',*,*,#3417,.F.);
#4673=ORIENTED_EDGE('',*,*,#3418,.T.);
#4674=ORIENTED_EDGE('',*,*,#3419,.T.);
#4675=ORIENTED_EDGE('',*,*,#3420,.T.);
#4676=ORIENTED_EDGE('',*,*,#3421,.T.);
#4677=ORIENTED_EDGE('',*,*,#3422,.F.);
#4678=ORIENTED_EDGE('',*,*,#3423,.F.);
#4679=ORIENTED_EDGE('',*,*,#3424,.F.);
#4680=ORIENTED_EDGE('',*,*,#3425,.F.);
#4681=ORIENTED_EDGE('',*,*,#3186,.T.);
#4682=ORIENTED_EDGE('',*,*,#3374,.F.);
#4683=ORIENTED_EDGE('',*,*,#3426,.F.);
#4684=ORIENTED_EDGE('',*,*,#3427,.F.);
#4685=ORIENTED_EDGE('',*,*,#3426,.T.);
#4686=ORIENTED_EDGE('',*,*,#3373,.F.);
#4687=ORIENTED_EDGE('',*,*,#3184,.F.);
#4688=ORIENTED_EDGE('',*,*,#3422,.T.);
#4689=ORIENTED_EDGE('',*,*,#3428,.T.);
#4690=ORIENTED_EDGE('',*,*,#3275,.F.);
#4691=ORIENTED_EDGE('',*,*,#3429,.F.);
#4692=ORIENTED_EDGE('',*,*,#3423,.T.);
#4693=ORIENTED_EDGE('',*,*,#3429,.T.);
#4694=ORIENTED_EDGE('',*,*,#3274,.F.);
#4695=ORIENTED_EDGE('',*,*,#3430,.F.);
#4696=ORIENTED_EDGE('',*,*,#3424,.T.);
#4697=ORIENTED_EDGE('',*,*,#3430,.T.);
#4698=ORIENTED_EDGE('',*,*,#3273,.F.);
#4699=ORIENTED_EDGE('',*,*,#3431,.F.);
#4700=ORIENTED_EDGE('',*,*,#3432,.F.);
#4701=ORIENTED_EDGE('',*,*,#3433,.T.);
#4702=ORIENTED_EDGE('',*,*,#3377,.F.);
#4703=ORIENTED_EDGE('',*,*,#3434,.F.);
#4704=ORIENTED_EDGE('',*,*,#3435,.F.);
#4705=ORIENTED_EDGE('',*,*,#3434,.T.);
#4706=ORIENTED_EDGE('',*,*,#3376,.F.);
#4707=ORIENTED_EDGE('',*,*,#3436,.F.);
#4708=ORIENTED_EDGE('',*,*,#3411,.T.);
#4709=ORIENTED_EDGE('',*,*,#3437,.T.);
#4710=ORIENTED_EDGE('',*,*,#3230,.F.);
#4711=ORIENTED_EDGE('',*,*,#3345,.F.);
#4712=ORIENTED_EDGE('',*,*,#3364,.F.);
#4713=ORIENTED_EDGE('',*,*,#3438,.F.);
#4714=ORIENTED_EDGE('',*,*,#3412,.T.);
#4715=ORIENTED_EDGE('',*,*,#3438,.T.);
#4716=ORIENTED_EDGE('',*,*,#3363,.F.);
#4717=ORIENTED_EDGE('',*,*,#3439,.F.);
#4718=ORIENTED_EDGE('',*,*,#3413,.T.);
#4719=ORIENTED_EDGE('',*,*,#3439,.T.);
#4720=ORIENTED_EDGE('',*,*,#3362,.F.);
#4721=ORIENTED_EDGE('',*,*,#3269,.F.);
#4722=ORIENTED_EDGE('',*,*,#3440,.F.);
#4723=ORIENTED_EDGE('',*,*,#3393,.T.);
#4724=ORIENTED_EDGE('',*,*,#3441,.F.);
#4725=ORIENTED_EDGE('',*,*,#3442,.T.);
#4726=ORIENTED_EDGE('',*,*,#3263,.F.);
#4727=ORIENTED_EDGE('',*,*,#3443,.F.);
#4728=ORIENTED_EDGE('',*,*,#3416,.T.);
#4729=ORIENTED_EDGE('',*,*,#3444,.F.);
#4730=ORIENTED_EDGE('',*,*,#3394,.T.);
#4731=ORIENTED_EDGE('',*,*,#3443,.T.);
#4732=ORIENTED_EDGE('',*,*,#3268,.F.);
#4733=ORIENTED_EDGE('',*,*,#3445,.F.);
#4734=ORIENTED_EDGE('',*,*,#3390,.T.);
#4735=ORIENTED_EDGE('',*,*,#3446,.F.);
#4736=ORIENTED_EDGE('',*,*,#3403,.T.);
#4737=ORIENTED_EDGE('',*,*,#3447,.T.);
#4738=ORIENTED_EDGE('',*,*,#3259,.F.);
#4739=ORIENTED_EDGE('',*,*,#3448,.F.);
#4740=ORIENTED_EDGE('',*,*,#3449,.F.);
#4741=ORIENTED_EDGE('',*,*,#3391,.T.);
#4742=ORIENTED_EDGE('',*,*,#3448,.T.);
#4743=ORIENTED_EDGE('',*,*,#3258,.F.);
#4744=ORIENTED_EDGE('',*,*,#3207,.F.);
#4745=ORIENTED_EDGE('',*,*,#3406,.T.);
#4746=ORIENTED_EDGE('',*,*,#3450,.T.);
#4747=ORIENTED_EDGE('',*,*,#3255,.F.);
#4748=ORIENTED_EDGE('',*,*,#3372,.F.);
#4749=ORIENTED_EDGE('',*,*,#3451,.F.);
#4750=ORIENTED_EDGE('',*,*,#3407,.T.);
#4751=ORIENTED_EDGE('',*,*,#3451,.T.);
#4752=ORIENTED_EDGE('',*,*,#3371,.F.);
#4753=ORIENTED_EDGE('',*,*,#3452,.F.);
#4754=ORIENTED_EDGE('',*,*,#3408,.T.);
#4755=ORIENTED_EDGE('',*,*,#3452,.T.);
#4756=ORIENTED_EDGE('',*,*,#3370,.F.);
#4757=ORIENTED_EDGE('',*,*,#3361,.T.);
#4758=ORIENTED_EDGE('',*,*,#3234,.F.);
#4759=ORIENTED_EDGE('',*,*,#3194,.F.);
#4760=ORIENTED_EDGE('',*,*,#3446,.T.);
#4761=ORIENTED_EDGE('',*,*,#3453,.T.);
#4762=ORIENTED_EDGE('',*,*,#3454,.T.);
#4763=ORIENTED_EDGE('',*,*,#3455,.T.);
#4764=ORIENTED_EDGE('',*,*,#3456,.T.);
#4765=ORIENTED_EDGE('',*,*,#3457,.T.);
#4766=ORIENTED_EDGE('',*,*,#3458,.T.);
#4767=ORIENTED_EDGE('',*,*,#3200,.T.);
#4768=ORIENTED_EDGE('',*,*,#3459,.T.);
#4769=ORIENTED_EDGE('',*,*,#3460,.T.);
#4770=ORIENTED_EDGE('',*,*,#3461,.T.);
#4771=ORIENTED_EDGE('',*,*,#3462,.T.);
#4772=ORIENTED_EDGE('',*,*,#3463,.T.);
#4773=ORIENTED_EDGE('',*,*,#3464,.T.);
#4774=ORIENTED_EDGE('',*,*,#3465,.T.);
#4775=ORIENTED_EDGE('',*,*,#3466,.F.);
#4776=ORIENTED_EDGE('',*,*,#3467,.T.);
#4777=ORIENTED_EDGE('',*,*,#3453,.F.);
#4778=ORIENTED_EDGE('',*,*,#3389,.F.);
#4779=ORIENTED_EDGE('',*,*,#3468,.F.);
#4780=ORIENTED_EDGE('',*,*,#3469,.F.);
#4781=ORIENTED_EDGE('',*,*,#3456,.F.);
#4782=ORIENTED_EDGE('',*,*,#3470,.F.);
#4783=ORIENTED_EDGE('',*,*,#3465,.F.);
#4784=ORIENTED_EDGE('',*,*,#3457,.F.);
#4785=ORIENTED_EDGE('',*,*,#3469,.T.);
#4786=ORIENTED_EDGE('',*,*,#3471,.F.);
#4787=ORIENTED_EDGE('',*,*,#3205,.F.);
#4788=ORIENTED_EDGE('',*,*,#3472,.F.);
#4789=ORIENTED_EDGE('',*,*,#3459,.F.);
#4790=ORIENTED_EDGE('',*,*,#3199,.T.);
#4791=ORIENTED_EDGE('',*,*,#3369,.F.);
#4792=ORIENTED_EDGE('',*,*,#3473,.F.);
#4793=ORIENTED_EDGE('',*,*,#3460,.F.);
#4794=ORIENTED_EDGE('',*,*,#3473,.T.);
#4795=ORIENTED_EDGE('',*,*,#3368,.F.);
#4796=ORIENTED_EDGE('',*,*,#3357,.T.);
#4797=ORIENTED_EDGE('',*,*,#3237,.F.);
#4798=ORIENTED_EDGE('',*,*,#3358,.F.);
#4799=ORIENTED_EDGE('',*,*,#3450,.F.);
#4800=ORIENTED_EDGE('',*,*,#3405,.T.);
#4801=ORIENTED_EDGE('',*,*,#3474,.F.);
#4802=ORIENTED_EDGE('',*,*,#3475,.F.);
#4803=ORIENTED_EDGE('',*,*,#3476,.T.);
#4804=ORIENTED_EDGE('',*,*,#3463,.F.);
#4805=ORIENTED_EDGE('',*,*,#3477,.T.);
#4806=ORIENTED_EDGE('',*,*,#3387,.T.);
#4807=ORIENTED_EDGE('',*,*,#3478,.F.);
#4808=ORIENTED_EDGE('',*,*,#3461,.F.);
#4809=ORIENTED_EDGE('',*,*,#3478,.T.);
#4810=ORIENTED_EDGE('',*,*,#3386,.F.);
#4811=ORIENTED_EDGE('',*,*,#3479,.F.);
#4812=ORIENTED_EDGE('',*,*,#3462,.F.);
#4813=ORIENTED_EDGE('',*,*,#3479,.T.);
#4814=ORIENTED_EDGE('',*,*,#3388,.F.);
#4815=ORIENTED_EDGE('',*,*,#3477,.F.);
#4816=ORIENTED_EDGE('',*,*,#3449,.T.);
#4817=ORIENTED_EDGE('',*,*,#3206,.T.);
#4818=ORIENTED_EDGE('',*,*,#3471,.T.);
#4819=ORIENTED_EDGE('',*,*,#3468,.T.);
#4820=ORIENTED_EDGE('',*,*,#3480,.F.);
#4821=ORIENTED_EDGE('',*,*,#3474,.T.);
#4822=ORIENTED_EDGE('',*,*,#3404,.F.);
#4823=ORIENTED_EDGE('',*,*,#3454,.F.);
#4824=ORIENTED_EDGE('',*,*,#3467,.F.);
#4825=ORIENTED_EDGE('',*,*,#3481,.F.);
#4826=ORIENTED_EDGE('',*,*,#3482,.F.);
#4827=ORIENTED_EDGE('',*,*,#3481,.T.);
#4828=ORIENTED_EDGE('',*,*,#3483,.F.);
#4829=ORIENTED_EDGE('',*,*,#3484,.F.);
#4830=ORIENTED_EDGE('',*,*,#3485,.F.);
#4831=ORIENTED_EDGE('',*,*,#3484,.T.);
#4832=ORIENTED_EDGE('',*,*,#3486,.F.);
#4833=ORIENTED_EDGE('',*,*,#3464,.F.);
#4834=ORIENTED_EDGE('',*,*,#3476,.F.);
#4835=ORIENTED_EDGE('',*,*,#3466,.T.);
#4836=ORIENTED_EDGE('',*,*,#3486,.T.);
#4837=ORIENTED_EDGE('',*,*,#3483,.T.);
#4838=ORIENTED_EDGE('',*,*,#3475,.T.);
#4839=ORIENTED_EDGE('',*,*,#3480,.T.);
#4840=ORIENTED_EDGE('',*,*,#3482,.T.);
#4841=ORIENTED_EDGE('',*,*,#3485,.T.);
#4842=ORIENTED_EDGE('',*,*,#3472,.T.);
#4843=ORIENTED_EDGE('',*,*,#3204,.T.);
#4844=ORIENTED_EDGE('',*,*,#3487,.T.);
#4845=ORIENTED_EDGE('',*,*,#3488,.T.);
#4846=ORIENTED_EDGE('',*,*,#3470,.T.);
#4847=ORIENTED_EDGE('',*,*,#3489,.T.);
#4848=ORIENTED_EDGE('',*,*,#3490,.T.);
#4849=ORIENTED_EDGE('',*,*,#3491,.F.);
#4850=ORIENTED_EDGE('',*,*,#3201,.T.);
#4851=ORIENTED_EDGE('',*,*,#3458,.F.);
#4852=ORIENTED_EDGE('',*,*,#3490,.F.);
#4853=ORIENTED_EDGE('',*,*,#3492,.F.);
#4854=ORIENTED_EDGE('',*,*,#3493,.F.);
#4855=ORIENTED_EDGE('',*,*,#3492,.T.);
#4856=ORIENTED_EDGE('',*,*,#3489,.F.);
#4857=ORIENTED_EDGE('',*,*,#3455,.F.);
#4858=ORIENTED_EDGE('',*,*,#3488,.F.);
#4859=ORIENTED_EDGE('',*,*,#3494,.F.);
#4860=ORIENTED_EDGE('',*,*,#3495,.F.);
#4861=ORIENTED_EDGE('',*,*,#3494,.T.);
#4862=ORIENTED_EDGE('',*,*,#3487,.F.);
#4863=ORIENTED_EDGE('',*,*,#3203,.F.);
#4864=ORIENTED_EDGE('',*,*,#3495,.T.);
#4865=ORIENTED_EDGE('',*,*,#3202,.T.);
#4866=ORIENTED_EDGE('',*,*,#3491,.T.);
#4867=ORIENTED_EDGE('',*,*,#3493,.T.);
#4868=ORIENTED_EDGE('',*,*,#3444,.T.);
#4869=ORIENTED_EDGE('',*,*,#3496,.T.);
#4870=ORIENTED_EDGE('',*,*,#3497,.T.);
#4871=ORIENTED_EDGE('',*,*,#3441,.T.);
#4872=ORIENTED_EDGE('',*,*,#3498,.T.);
#4873=ORIENTED_EDGE('',*,*,#3499,.T.);
#4874=ORIENTED_EDGE('',*,*,#3500,.T.);
#4875=ORIENTED_EDGE('',*,*,#3501,.T.);
#4876=ORIENTED_EDGE('',*,*,#3502,.F.);
#4877=ORIENTED_EDGE('',*,*,#3503,.F.);
#4878=ORIENTED_EDGE('',*,*,#3504,.T.);
#4879=ORIENTED_EDGE('',*,*,#3505,.F.);
#4880=ORIENTED_EDGE('',*,*,#3506,.T.);
#4881=ORIENTED_EDGE('',*,*,#3507,.F.);
#4882=ORIENTED_EDGE('',*,*,#3508,.F.);
#4883=ORIENTED_EDGE('',*,*,#3509,.F.);
#4884=ORIENTED_EDGE('',*,*,#3510,.F.);
#4885=ORIENTED_EDGE('',*,*,#3511,.F.);
#4886=ORIENTED_EDGE('',*,*,#3512,.F.);
#4887=ORIENTED_EDGE('',*,*,#3502,.T.);
#4888=ORIENTED_EDGE('',*,*,#3513,.F.);
#4889=ORIENTED_EDGE('',*,*,#3514,.T.);
#4890=ORIENTED_EDGE('',*,*,#3499,.F.);
#4891=ORIENTED_EDGE('',*,*,#3515,.F.);
#4892=ORIENTED_EDGE('',*,*,#3516,.F.);
#4893=ORIENTED_EDGE('',*,*,#3505,.T.);
#4894=ORIENTED_EDGE('',*,*,#3517,.F.);
#4895=ORIENTED_EDGE('',*,*,#3503,.T.);
#4896=ORIENTED_EDGE('',*,*,#3515,.T.);
#4897=ORIENTED_EDGE('',*,*,#3498,.F.);
#4898=ORIENTED_EDGE('',*,*,#3392,.F.);
#4899=ORIENTED_EDGE('',*,*,#3497,.F.);
#4900=ORIENTED_EDGE('',*,*,#3518,.F.);
#4901=ORIENTED_EDGE('',*,*,#3508,.T.);
#4902=ORIENTED_EDGE('',*,*,#3519,.T.);
#4903=ORIENTED_EDGE('',*,*,#3396,.F.);
#4904=ORIENTED_EDGE('',*,*,#3520,.F.);
#4905=ORIENTED_EDGE('',*,*,#3509,.T.);
#4906=ORIENTED_EDGE('',*,*,#3520,.T.);
#4907=ORIENTED_EDGE('',*,*,#3395,.F.);
#4908=ORIENTED_EDGE('',*,*,#3521,.F.);
#4909=ORIENTED_EDGE('',*,*,#3510,.T.);
#4910=ORIENTED_EDGE('',*,*,#3521,.T.);
#4911=ORIENTED_EDGE('',*,*,#3397,.T.);
#4912=ORIENTED_EDGE('',*,*,#3519,.F.);
#4913=ORIENTED_EDGE('',*,*,#3507,.T.);
#4914=ORIENTED_EDGE('',*,*,#3522,.F.);
#4915=ORIENTED_EDGE('',*,*,#3523,.T.);
#4916=ORIENTED_EDGE('',*,*,#3524,.T.);
#4917=ORIENTED_EDGE('',*,*,#3414,.T.);
#4918=ORIENTED_EDGE('',*,*,#3440,.T.);
#4919=ORIENTED_EDGE('',*,*,#3347,.T.);
#4920=ORIENTED_EDGE('',*,*,#3227,.F.);
#4921=ORIENTED_EDGE('',*,*,#3349,.F.);
#4922=ORIENTED_EDGE('',*,*,#3367,.F.);
#4923=ORIENTED_EDGE('',*,*,#3525,.F.);
#4924=ORIENTED_EDGE('',*,*,#3511,.T.);
#4925=ORIENTED_EDGE('',*,*,#3525,.T.);
#4926=ORIENTED_EDGE('',*,*,#3366,.F.);
#4927=ORIENTED_EDGE('',*,*,#3526,.F.);
#4928=ORIENTED_EDGE('',*,*,#3527,.T.);
#4929=ORIENTED_EDGE('',*,*,#3522,.T.);
#4930=ORIENTED_EDGE('',*,*,#3506,.F.);
#4931=ORIENTED_EDGE('',*,*,#3528,.F.);
#4932=ORIENTED_EDGE('',*,*,#3529,.F.);
#4933=ORIENTED_EDGE('',*,*,#3530,.T.);
#4934=ORIENTED_EDGE('',*,*,#3529,.T.);
#4935=ORIENTED_EDGE('',*,*,#3531,.F.);
#4936=ORIENTED_EDGE('',*,*,#3532,.F.);
#4937=ORIENTED_EDGE('',*,*,#3533,.T.);
#4938=ORIENTED_EDGE('',*,*,#3532,.T.);
#4939=ORIENTED_EDGE('',*,*,#3518,.T.);
#4940=ORIENTED_EDGE('',*,*,#3496,.F.);
#4941=ORIENTED_EDGE('',*,*,#3415,.F.);
#4942=ORIENTED_EDGE('',*,*,#3524,.F.);
#4943=ORIENTED_EDGE('',*,*,#3516,.T.);
#4944=ORIENTED_EDGE('',*,*,#3531,.T.);
#4945=ORIENTED_EDGE('',*,*,#3528,.T.);
#4946=ORIENTED_EDGE('',*,*,#3533,.F.);
#4947=ORIENTED_EDGE('',*,*,#3523,.F.);
#4948=ORIENTED_EDGE('',*,*,#3527,.F.);
#4949=ORIENTED_EDGE('',*,*,#3530,.F.);
#4950=ORIENTED_EDGE('',*,*,#3517,.T.);
#4951=ORIENTED_EDGE('',*,*,#3534,.T.);
#4952=ORIENTED_EDGE('',*,*,#3535,.T.);
#4953=ORIENTED_EDGE('',*,*,#3513,.T.);
#4954=ORIENTED_EDGE('',*,*,#3536,.T.);
#4955=ORIENTED_EDGE('',*,*,#3537,.T.);
#4956=ORIENTED_EDGE('',*,*,#3538,.T.);
#4957=ORIENTED_EDGE('',*,*,#3539,.T.);
#4958=ORIENTED_EDGE('',*,*,#3540,.T.);
#4959=ORIENTED_EDGE('',*,*,#3537,.F.);
#4960=ORIENTED_EDGE('',*,*,#3541,.F.);
#4961=ORIENTED_EDGE('',*,*,#3542,.T.);
#4962=ORIENTED_EDGE('',*,*,#3541,.T.);
#4963=ORIENTED_EDGE('',*,*,#3536,.F.);
#4964=ORIENTED_EDGE('',*,*,#3501,.F.);
#4965=ORIENTED_EDGE('',*,*,#3535,.F.);
#4966=ORIENTED_EDGE('',*,*,#3543,.F.);
#4967=ORIENTED_EDGE('',*,*,#3544,.T.);
#4968=ORIENTED_EDGE('',*,*,#3543,.T.);
#4969=ORIENTED_EDGE('',*,*,#3534,.F.);
#4970=ORIENTED_EDGE('',*,*,#3504,.F.);
#4971=ORIENTED_EDGE('',*,*,#3545,.F.);
#4972=ORIENTED_EDGE('',*,*,#3094,.F.);
#4973=ORIENTED_EDGE('',*,*,#3224,.F.);
#4974=ORIENTED_EDGE('',*,*,#3437,.F.);
#4975=ORIENTED_EDGE('',*,*,#3410,.T.);
#4976=ORIENTED_EDGE('',*,*,#3546,.F.);
#4977=ORIENTED_EDGE('',*,*,#3547,.F.);
#4978=ORIENTED_EDGE('',*,*,#3548,.T.);
#4979=ORIENTED_EDGE('',*,*,#3549,.T.);
#4980=ORIENTED_EDGE('',*,*,#3550,.T.);
#4981=ORIENTED_EDGE('',*,*,#3551,.F.);
#4982=ORIENTED_EDGE('',*,*,#3436,.T.);
#4983=ORIENTED_EDGE('',*,*,#3375,.F.);
#4984=ORIENTED_EDGE('',*,*,#3433,.F.);
#4985=ORIENTED_EDGE('',*,*,#3552,.F.);
#4986=ORIENTED_EDGE('',*,*,#3553,.F.);
#4987=ORIENTED_EDGE('',*,*,#3554,.F.);
#4988=ORIENTED_EDGE('',*,*,#3555,.F.);
#4989=ORIENTED_EDGE('',*,*,#3556,.F.);
#4990=ORIENTED_EDGE('',*,*,#3557,.T.);
#4991=ORIENTED_EDGE('',*,*,#3558,.T.);
#4992=ORIENTED_EDGE('',*,*,#3559,.T.);
#4993=ORIENTED_EDGE('',*,*,#2900,.F.);
#4994=ORIENTED_EDGE('',*,*,#2875,.T.);
#4995=ORIENTED_EDGE('',*,*,#2876,.F.);
#4996=ORIENTED_EDGE('',*,*,#3165,.F.);
#4997=ORIENTED_EDGE('',*,*,#3223,.F.);
#4998=ORIENTED_EDGE('',*,*,#3222,.T.);
#4999=ORIENTED_EDGE('',*,*,#3161,.F.);
#5000=ORIENTED_EDGE('',*,*,#3151,.T.);
#5001=ORIENTED_EDGE('',*,*,#3129,.F.);
#5002=ORIENTED_EDGE('',*,*,#3135,.T.);
#5003=ORIENTED_EDGE('',*,*,#3122,.F.);
#5004=ORIENTED_EDGE('',*,*,#3107,.T.);
#5005=ORIENTED_EDGE('',*,*,#2885,.T.);
#5006=ORIENTED_EDGE('',*,*,#3102,.F.);
#5007=ORIENTED_EDGE('',*,*,#2988,.T.);
#5008=ORIENTED_EDGE('',*,*,#3351,.F.);
#5009=ORIENTED_EDGE('',*,*,#3264,.T.);
#5010=ORIENTED_EDGE('',*,*,#3442,.F.);
#5011=ORIENTED_EDGE('',*,*,#3500,.F.);
#5012=ORIENTED_EDGE('',*,*,#3514,.F.);
#5013=ORIENTED_EDGE('',*,*,#3538,.F.);
#5014=ORIENTED_EDGE('',*,*,#3540,.F.);
#5015=ORIENTED_EDGE('',*,*,#3560,.T.);
#5016=ORIENTED_EDGE('',*,*,#3545,.T.);
#5017=ORIENTED_EDGE('',*,*,#3512,.T.);
#5018=ORIENTED_EDGE('',*,*,#3526,.T.);
#5019=ORIENTED_EDGE('',*,*,#3365,.F.);
#5020=ORIENTED_EDGE('',*,*,#3350,.T.);
#5021=ORIENTED_EDGE('',*,*,#3225,.F.);
#5022=ORIENTED_EDGE('',*,*,#3101,.T.);
#5023=ORIENTED_EDGE('',*,*,#2943,.F.);
#5024=ORIENTED_EDGE('',*,*,#2937,.F.);
#5025=ORIENTED_EDGE('',*,*,#3087,.F.);
#5026=ORIENTED_EDGE('',*,*,#3000,.F.);
#5027=ORIENTED_EDGE('',*,*,#3092,.T.);
#5028=ORIENTED_EDGE('',*,*,#3560,.F.);
#5029=ORIENTED_EDGE('',*,*,#3539,.F.);
#5030=ORIENTED_EDGE('',*,*,#3542,.F.);
#5031=ORIENTED_EDGE('',*,*,#3544,.F.);
#5032=ORIENTED_EDGE('',*,*,#3183,.T.);
#5033=ORIENTED_EDGE('',*,*,#3561,.T.);
#5034=ORIENTED_EDGE('',*,*,#3562,.T.);
#5035=ORIENTED_EDGE('',*,*,#3563,.T.);
#5036=ORIENTED_EDGE('',*,*,#3187,.T.);
#5037=ORIENTED_EDGE('',*,*,#3425,.T.);
#5038=ORIENTED_EDGE('',*,*,#3427,.T.);
#5039=ORIENTED_EDGE('',*,*,#3552,.T.);
#5040=ORIENTED_EDGE('',*,*,#3432,.T.);
#5041=ORIENTED_EDGE('',*,*,#3435,.T.);
#5042=ORIENTED_EDGE('',*,*,#3551,.T.);
#5043=ORIENTED_EDGE('',*,*,#3564,.T.);
#5044=ORIENTED_EDGE('',*,*,#3565,.T.);
#5045=ORIENTED_EDGE('',*,*,#3566,.T.);
#5046=ORIENTED_EDGE('',*,*,#3567,.T.);
#5047=ORIENTED_EDGE('',*,*,#3568,.T.);
#5048=ORIENTED_EDGE('',*,*,#3189,.F.);
#5049=ORIENTED_EDGE('',*,*,#3569,.F.);
#5050=ORIENTED_EDGE('',*,*,#3570,.F.);
#5051=ORIENTED_EDGE('',*,*,#3571,.F.);
#5052=ORIENTED_EDGE('',*,*,#3181,.T.);
#5053=ORIENTED_EDGE('',*,*,#3572,.T.);
#5054=ORIENTED_EDGE('',*,*,#3573,.F.);
#5055=ORIENTED_EDGE('',*,*,#3554,.T.);
#5056=ORIENTED_EDGE('',*,*,#3574,.F.);
#5057=ORIENTED_EDGE('',*,*,#3575,.F.);
#5058=ORIENTED_EDGE('',*,*,#3576,.F.);
#5059=ORIENTED_EDGE('',*,*,#3577,.F.);
#5060=ORIENTED_EDGE('',*,*,#3549,.F.);
#5061=ORIENTED_EDGE('',*,*,#3578,.T.);
#5062=ORIENTED_EDGE('',*,*,#3579,.F.);
#5063=ORIENTED_EDGE('',*,*,#3580,.T.);
#5064=ORIENTED_EDGE('',*,*,#3581,.T.);
#5065=ORIENTED_EDGE('',*,*,#3582,.F.);
#5066=ORIENTED_EDGE('',*,*,#3583,.T.);
#5067=ORIENTED_EDGE('',*,*,#3584,.T.);
#5068=ORIENTED_EDGE('',*,*,#3585,.F.);
#5069=ORIENTED_EDGE('',*,*,#3586,.T.);
#5070=ORIENTED_EDGE('',*,*,#3587,.T.);
#5071=ORIENTED_EDGE('',*,*,#3588,.F.);
#5072=ORIENTED_EDGE('',*,*,#3589,.T.);
#5073=ORIENTED_EDGE('',*,*,#3590,.T.);
#5074=ORIENTED_EDGE('',*,*,#3591,.T.);
#5075=ORIENTED_EDGE('',*,*,#3592,.T.);
#5076=ORIENTED_EDGE('',*,*,#3593,.F.);
#5077=ORIENTED_EDGE('',*,*,#3594,.T.);
#5078=ORIENTED_EDGE('',*,*,#3595,.T.);
#5079=ORIENTED_EDGE('',*,*,#3177,.F.);
#5080=ORIENTED_EDGE('',*,*,#3596,.F.);
#5081=ORIENTED_EDGE('',*,*,#3558,.F.);
#5082=ORIENTED_EDGE('',*,*,#3597,.T.);
#5083=ORIENTED_EDGE('',*,*,#3598,.T.);
#5084=ORIENTED_EDGE('',*,*,#3599,.F.);
#5085=ORIENTED_EDGE('',*,*,#3600,.T.);
#5086=ORIENTED_EDGE('',*,*,#3601,.T.);
#5087=ORIENTED_EDGE('',*,*,#3602,.T.);
#5088=ORIENTED_EDGE('',*,*,#3603,.T.);
#5089=ORIENTED_EDGE('',*,*,#3604,.T.);
#5090=ORIENTED_EDGE('',*,*,#3605,.T.);
#5091=ORIENTED_EDGE('',*,*,#3606,.T.);
#5092=ORIENTED_EDGE('',*,*,#3607,.T.);
#5093=ORIENTED_EDGE('',*,*,#3608,.T.);
#5094=ORIENTED_EDGE('',*,*,#3609,.T.);
#5095=ORIENTED_EDGE('',*,*,#3610,.T.);
#5096=ORIENTED_EDGE('',*,*,#3604,.F.);
#5097=ORIENTED_EDGE('',*,*,#3611,.T.);
#5098=ORIENTED_EDGE('',*,*,#3382,.F.);
#5099=ORIENTED_EDGE('',*,*,#3612,.F.);
#5100=ORIENTED_EDGE('',*,*,#3605,.F.);
#5101=ORIENTED_EDGE('',*,*,#3612,.T.);
#5102=ORIENTED_EDGE('',*,*,#3385,.F.);
#5103=ORIENTED_EDGE('',*,*,#3613,.F.);
#5104=ORIENTED_EDGE('',*,*,#3606,.F.);
#5105=ORIENTED_EDGE('',*,*,#3613,.T.);
#5106=ORIENTED_EDGE('',*,*,#3384,.F.);
#5107=ORIENTED_EDGE('',*,*,#3614,.F.);
#5108=ORIENTED_EDGE('',*,*,#3603,.F.);
#5109=ORIENTED_EDGE('',*,*,#3614,.T.);
#5110=ORIENTED_EDGE('',*,*,#3383,.F.);
#5111=ORIENTED_EDGE('',*,*,#3611,.F.);
#5112=ORIENTED_EDGE('',*,*,#3608,.F.);
#5113=ORIENTED_EDGE('',*,*,#3615,.T.);
#5114=ORIENTED_EDGE('',*,*,#3378,.F.);
#5115=ORIENTED_EDGE('',*,*,#3616,.F.);
#5116=ORIENTED_EDGE('',*,*,#3609,.F.);
#5117=ORIENTED_EDGE('',*,*,#3616,.T.);
#5118=ORIENTED_EDGE('',*,*,#3381,.F.);
#5119=ORIENTED_EDGE('',*,*,#3617,.F.);
#5120=ORIENTED_EDGE('',*,*,#3610,.F.);
#5121=ORIENTED_EDGE('',*,*,#3617,.T.);
#5122=ORIENTED_EDGE('',*,*,#3380,.F.);
#5123=ORIENTED_EDGE('',*,*,#3618,.F.);
#5124=ORIENTED_EDGE('',*,*,#3607,.F.);
#5125=ORIENTED_EDGE('',*,*,#3618,.T.);
#5126=ORIENTED_EDGE('',*,*,#3379,.F.);
#5127=ORIENTED_EDGE('',*,*,#3615,.F.);
#5128=ORIENTED_EDGE('',*,*,#3596,.T.);
#5129=ORIENTED_EDGE('',*,*,#3176,.T.);
#5130=ORIENTED_EDGE('',*,*,#2877,.F.);
#5131=ORIENTED_EDGE('',*,*,#2864,.F.);
#5132=ORIENTED_EDGE('',*,*,#2920,.F.);
#5133=ORIENTED_EDGE('',*,*,#3062,.F.);
#5134=ORIENTED_EDGE('',*,*,#2995,.F.);
#5135=ORIENTED_EDGE('',*,*,#3326,.F.);
#5136=ORIENTED_EDGE('',*,*,#3276,.F.);
#5137=ORIENTED_EDGE('',*,*,#3428,.F.);
#5138=ORIENTED_EDGE('',*,*,#3421,.F.);
#5139=ORIENTED_EDGE('',*,*,#3431,.T.);
#5140=ORIENTED_EDGE('',*,*,#3272,.F.);
#5141=ORIENTED_EDGE('',*,*,#3343,.T.);
#5142=ORIENTED_EDGE('',*,*,#3011,.F.);
#5143=ORIENTED_EDGE('',*,*,#3086,.T.);
#5144=ORIENTED_EDGE('',*,*,#2901,.F.);
#5145=ORIENTED_EDGE('',*,*,#3559,.F.);
#5146=ORIENTED_EDGE('',*,*,#3574,.T.);
#5147=ORIENTED_EDGE('',*,*,#3553,.T.);
#5148=ORIENTED_EDGE('',*,*,#3567,.F.);
#5149=ORIENTED_EDGE('',*,*,#3619,.F.);
#5150=ORIENTED_EDGE('',*,*,#3575,.T.);
#5151=ORIENTED_EDGE('',*,*,#3619,.T.);
#5152=ORIENTED_EDGE('',*,*,#3566,.F.);
#5153=ORIENTED_EDGE('',*,*,#3620,.F.);
#5154=ORIENTED_EDGE('',*,*,#3576,.T.);
#5155=ORIENTED_EDGE('',*,*,#3620,.T.);
#5156=ORIENTED_EDGE('',*,*,#3565,.F.);
#5157=ORIENTED_EDGE('',*,*,#3621,.F.);
#5158=ORIENTED_EDGE('',*,*,#3577,.T.);
#5159=ORIENTED_EDGE('',*,*,#3621,.T.);
#5160=ORIENTED_EDGE('',*,*,#3564,.F.);
#5161=ORIENTED_EDGE('',*,*,#3550,.F.);
#5162=ORIENTED_EDGE('',*,*,#3622,.F.);
#5163=ORIENTED_EDGE('',*,*,#3579,.T.);
#5164=ORIENTED_EDGE('',*,*,#3623,.F.);
#5165=ORIENTED_EDGE('',*,*,#3624,.T.);
#5166=ORIENTED_EDGE('',*,*,#3420,.F.);
#5167=ORIENTED_EDGE('',*,*,#3625,.F.);
#5168=ORIENTED_EDGE('',*,*,#3599,.T.);
#5169=ORIENTED_EDGE('',*,*,#3626,.F.);
#5170=ORIENTED_EDGE('',*,*,#3625,.T.);
#5171=ORIENTED_EDGE('',*,*,#3419,.F.);
#5172=ORIENTED_EDGE('',*,*,#3627,.F.);
#5173=ORIENTED_EDGE('',*,*,#3628,.F.);
#5174=ORIENTED_EDGE('',*,*,#3593,.T.);
#5175=ORIENTED_EDGE('',*,*,#3629,.T.);
#5176=ORIENTED_EDGE('',*,*,#3400,.F.);
#5177=ORIENTED_EDGE('',*,*,#3630,.F.);
#5178=ORIENTED_EDGE('',*,*,#3631,.F.);
#5179=ORIENTED_EDGE('',*,*,#3573,.T.);
#5180=ORIENTED_EDGE('',*,*,#3632,.F.);
#5181=ORIENTED_EDGE('',*,*,#3630,.T.);
#5182=ORIENTED_EDGE('',*,*,#3399,.F.);
#5183=ORIENTED_EDGE('',*,*,#3633,.F.);
#5184=ORIENTED_EDGE('',*,*,#3569,.T.);
#5185=ORIENTED_EDGE('',*,*,#3188,.T.);
#5186=ORIENTED_EDGE('',*,*,#3563,.F.);
#5187=ORIENTED_EDGE('',*,*,#3634,.F.);
#5188=ORIENTED_EDGE('',*,*,#3570,.T.);
#5189=ORIENTED_EDGE('',*,*,#3634,.T.);
#5190=ORIENTED_EDGE('',*,*,#3562,.F.);
#5191=ORIENTED_EDGE('',*,*,#3635,.F.);
#5192=ORIENTED_EDGE('',*,*,#3571,.T.);
#5193=ORIENTED_EDGE('',*,*,#3635,.T.);
#5194=ORIENTED_EDGE('',*,*,#3561,.F.);
#5195=ORIENTED_EDGE('',*,*,#3182,.F.);
#5196=ORIENTED_EDGE('',*,*,#3636,.F.);
#5197=ORIENTED_EDGE('',*,*,#3178,.T.);
#5198=ORIENTED_EDGE('',*,*,#3595,.F.);
#5199=ORIENTED_EDGE('',*,*,#3637,.F.);
#5200=ORIENTED_EDGE('',*,*,#3638,.F.);
#5201=ORIENTED_EDGE('',*,*,#3637,.T.);
#5202=ORIENTED_EDGE('',*,*,#3594,.F.);
#5203=ORIENTED_EDGE('',*,*,#3639,.F.);
#5204=ORIENTED_EDGE('',*,*,#3640,.F.);
#5205=ORIENTED_EDGE('',*,*,#3641,.F.);
#5206=ORIENTED_EDGE('',*,*,#3640,.T.);
#5207=ORIENTED_EDGE('',*,*,#3642,.F.);
#5208=ORIENTED_EDGE('',*,*,#3572,.F.);
#5209=ORIENTED_EDGE('',*,*,#3180,.F.);
#5210=ORIENTED_EDGE('',*,*,#3632,.T.);
#5211=ORIENTED_EDGE('',*,*,#3642,.T.);
#5212=ORIENTED_EDGE('',*,*,#3639,.T.);
#5213=ORIENTED_EDGE('',*,*,#3628,.T.);
#5214=ORIENTED_EDGE('',*,*,#3179,.T.);
#5215=ORIENTED_EDGE('',*,*,#3636,.T.);
#5216=ORIENTED_EDGE('',*,*,#3638,.T.);
#5217=ORIENTED_EDGE('',*,*,#3641,.T.);
#5218=ORIENTED_EDGE('',*,*,#3643,.T.);
#5219=ORIENTED_EDGE('',*,*,#3644,.T.);
#5220=ORIENTED_EDGE('',*,*,#3645,.F.);
#5221=ORIENTED_EDGE('',*,*,#3633,.T.);
#5222=ORIENTED_EDGE('',*,*,#3398,.F.);
#5223=ORIENTED_EDGE('',*,*,#3192,.F.);
#5224=ORIENTED_EDGE('',*,*,#3646,.T.);
#5225=ORIENTED_EDGE('',*,*,#3190,.T.);
#5226=ORIENTED_EDGE('',*,*,#3568,.F.);
#5227=ORIENTED_EDGE('',*,*,#3647,.F.);
#5228=ORIENTED_EDGE('',*,*,#3648,.F.);
#5229=ORIENTED_EDGE('',*,*,#3649,.T.);
#5230=ORIENTED_EDGE('',*,*,#3648,.T.);
#5231=ORIENTED_EDGE('',*,*,#3650,.F.);
#5232=ORIENTED_EDGE('',*,*,#3644,.F.);
#5233=ORIENTED_EDGE('',*,*,#3631,.T.);
#5234=ORIENTED_EDGE('',*,*,#3645,.T.);
#5235=ORIENTED_EDGE('',*,*,#3650,.T.);
#5236=ORIENTED_EDGE('',*,*,#3647,.T.);
#5237=ORIENTED_EDGE('',*,*,#3649,.F.);
#5238=ORIENTED_EDGE('',*,*,#3643,.F.);
#5239=ORIENTED_EDGE('',*,*,#3191,.F.);
#5240=ORIENTED_EDGE('',*,*,#3646,.F.);
#5241=ORIENTED_EDGE('',*,*,#3623,.T.);
#5242=ORIENTED_EDGE('',*,*,#3651,.T.);
#5243=ORIENTED_EDGE('',*,*,#3652,.T.);
#5244=ORIENTED_EDGE('',*,*,#3653,.T.);
#5245=ORIENTED_EDGE('',*,*,#3654,.F.);
#5246=ORIENTED_EDGE('',*,*,#3546,.T.);
#5247=ORIENTED_EDGE('',*,*,#3409,.F.);
#5248=ORIENTED_EDGE('',*,*,#3624,.F.);
#5249=ORIENTED_EDGE('',*,*,#3653,.F.);
#5250=ORIENTED_EDGE('',*,*,#3655,.F.);
#5251=ORIENTED_EDGE('',*,*,#3656,.F.);
#5252=ORIENTED_EDGE('',*,*,#3655,.T.);
#5253=ORIENTED_EDGE('',*,*,#3652,.F.);
#5254=ORIENTED_EDGE('',*,*,#3657,.F.);
#5255=ORIENTED_EDGE('',*,*,#3658,.F.);
#5256=ORIENTED_EDGE('',*,*,#3657,.T.);
#5257=ORIENTED_EDGE('',*,*,#3651,.F.);
#5258=ORIENTED_EDGE('',*,*,#3578,.F.);
#5259=ORIENTED_EDGE('',*,*,#3548,.F.);
#5260=ORIENTED_EDGE('',*,*,#3658,.T.);
#5261=ORIENTED_EDGE('',*,*,#3547,.T.);
#5262=ORIENTED_EDGE('',*,*,#3654,.T.);
#5263=ORIENTED_EDGE('',*,*,#3656,.T.);
#5264=ORIENTED_EDGE('',*,*,#3659,.F.);
#5265=ORIENTED_EDGE('',*,*,#3660,.T.);
#5266=ORIENTED_EDGE('',*,*,#3597,.F.);
#5267=ORIENTED_EDGE('',*,*,#3557,.F.);
#5268=ORIENTED_EDGE('',*,*,#3661,.F.);
#5269=ORIENTED_EDGE('',*,*,#3555,.T.);
#5270=ORIENTED_EDGE('',*,*,#3580,.F.);
#5271=ORIENTED_EDGE('',*,*,#3662,.F.);
#5272=ORIENTED_EDGE('',*,*,#3663,.F.);
#5273=ORIENTED_EDGE('',*,*,#3664,.F.);
#5274=ORIENTED_EDGE('',*,*,#3663,.T.);
#5275=ORIENTED_EDGE('',*,*,#3665,.F.);
#5276=ORIENTED_EDGE('',*,*,#3598,.F.);
#5277=ORIENTED_EDGE('',*,*,#3660,.F.);
#5278=ORIENTED_EDGE('',*,*,#3626,.T.);
#5279=ORIENTED_EDGE('',*,*,#3665,.T.);
#5280=ORIENTED_EDGE('',*,*,#3662,.T.);
#5281=ORIENTED_EDGE('',*,*,#3622,.T.);
#5282=ORIENTED_EDGE('',*,*,#3664,.T.);
#5283=ORIENTED_EDGE('',*,*,#3659,.T.);
#5284=ORIENTED_EDGE('',*,*,#3556,.T.);
#5285=ORIENTED_EDGE('',*,*,#3661,.T.);
#5286=ORIENTED_EDGE('',*,*,#3666,.T.);
#5287=ORIENTED_EDGE('',*,*,#3667,.T.);
#5288=ORIENTED_EDGE('',*,*,#3589,.F.);
#5289=ORIENTED_EDGE('',*,*,#3668,.F.);
#5290=ORIENTED_EDGE('',*,*,#3669,.T.);
#5291=ORIENTED_EDGE('',*,*,#3670,.T.);
#5292=ORIENTED_EDGE('',*,*,#3591,.F.);
#5293=ORIENTED_EDGE('',*,*,#3671,.F.);
#5294=ORIENTED_EDGE('',*,*,#3672,.T.);
#5295=ORIENTED_EDGE('',*,*,#3671,.T.);
#5296=ORIENTED_EDGE('',*,*,#3590,.F.);
#5297=ORIENTED_EDGE('',*,*,#3667,.F.);
#5298=ORIENTED_EDGE('',*,*,#3672,.F.);
#5299=ORIENTED_EDGE('',*,*,#3666,.F.);
#5300=ORIENTED_EDGE('',*,*,#3673,.F.);
#5301=ORIENTED_EDGE('',*,*,#3669,.F.);
#5302=ORIENTED_EDGE('',*,*,#3674,.F.);
#5303=ORIENTED_EDGE('',*,*,#3675,.T.);
#5304=ORIENTED_EDGE('',*,*,#3586,.F.);
#5305=ORIENTED_EDGE('',*,*,#3676,.F.);
#5306=ORIENTED_EDGE('',*,*,#3677,.F.);
#5307=ORIENTED_EDGE('',*,*,#3678,.T.);
#5308=ORIENTED_EDGE('',*,*,#3401,.F.);
#5309=ORIENTED_EDGE('',*,*,#3629,.F.);
#5310=ORIENTED_EDGE('',*,*,#3592,.F.);
#5311=ORIENTED_EDGE('',*,*,#3670,.F.);
#5312=ORIENTED_EDGE('',*,*,#3673,.T.);
#5313=ORIENTED_EDGE('',*,*,#3668,.T.);
#5314=ORIENTED_EDGE('',*,*,#3588,.T.);
#5315=ORIENTED_EDGE('',*,*,#3679,.F.);
#5316=ORIENTED_EDGE('',*,*,#3680,.F.);
#5317=ORIENTED_EDGE('',*,*,#3679,.T.);
#5318=ORIENTED_EDGE('',*,*,#3587,.F.);
#5319=ORIENTED_EDGE('',*,*,#3675,.F.);
#5320=ORIENTED_EDGE('',*,*,#3680,.T.);
#5321=ORIENTED_EDGE('',*,*,#3674,.T.);
#5322=ORIENTED_EDGE('',*,*,#3681,.T.);
#5323=ORIENTED_EDGE('',*,*,#3677,.T.);
#5324=ORIENTED_EDGE('',*,*,#3682,.T.);
#5325=ORIENTED_EDGE('',*,*,#3683,.T.);
#5326=ORIENTED_EDGE('',*,*,#3417,.T.);
#5327=ORIENTED_EDGE('',*,*,#3445,.T.);
#5328=ORIENTED_EDGE('',*,*,#3267,.F.);
#5329=ORIENTED_EDGE('',*,*,#3353,.T.);
#5330=ORIENTED_EDGE('',*,*,#2880,.F.);
#5331=ORIENTED_EDGE('',*,*,#3354,.F.);
#5332=ORIENTED_EDGE('',*,*,#3260,.F.);
#5333=ORIENTED_EDGE('',*,*,#3447,.F.);
#5334=ORIENTED_EDGE('',*,*,#3402,.T.);
#5335=ORIENTED_EDGE('',*,*,#3678,.F.);
#5336=ORIENTED_EDGE('',*,*,#3681,.F.);
#5337=ORIENTED_EDGE('',*,*,#3676,.T.);
#5338=ORIENTED_EDGE('',*,*,#3585,.T.);
#5339=ORIENTED_EDGE('',*,*,#3684,.F.);
#5340=ORIENTED_EDGE('',*,*,#3685,.T.);
#5341=ORIENTED_EDGE('',*,*,#3684,.T.);
#5342=ORIENTED_EDGE('',*,*,#3584,.F.);
#5343=ORIENTED_EDGE('',*,*,#3686,.F.);
#5344=ORIENTED_EDGE('',*,*,#3687,.T.);
#5345=ORIENTED_EDGE('',*,*,#3686,.T.);
#5346=ORIENTED_EDGE('',*,*,#3583,.F.);
#5347=ORIENTED_EDGE('',*,*,#3688,.F.);
#5348=ORIENTED_EDGE('',*,*,#3687,.F.);
#5349=ORIENTED_EDGE('',*,*,#3689,.F.);
#5350=ORIENTED_EDGE('',*,*,#3682,.F.);
#5351=ORIENTED_EDGE('',*,*,#3685,.F.);
#5352=ORIENTED_EDGE('',*,*,#3690,.T.);
#5353=ORIENTED_EDGE('',*,*,#3691,.T.);
#5354=ORIENTED_EDGE('',*,*,#3581,.F.);
#5355=ORIENTED_EDGE('',*,*,#3692,.F.);
#5356=ORIENTED_EDGE('',*,*,#3693,.T.);
#5357=ORIENTED_EDGE('',*,*,#3692,.T.);
#5358=ORIENTED_EDGE('',*,*,#3602,.F.);
#5359=ORIENTED_EDGE('',*,*,#3694,.F.);
#5360=ORIENTED_EDGE('',*,*,#3695,.T.);
#5361=ORIENTED_EDGE('',*,*,#3694,.T.);
#5362=ORIENTED_EDGE('',*,*,#3601,.F.);
#5363=ORIENTED_EDGE('',*,*,#3696,.F.);
#5364=ORIENTED_EDGE('',*,*,#3697,.T.);
#5365=ORIENTED_EDGE('',*,*,#3696,.T.);
#5366=ORIENTED_EDGE('',*,*,#3600,.F.);
#5367=ORIENTED_EDGE('',*,*,#3627,.T.);
#5368=ORIENTED_EDGE('',*,*,#3418,.F.);
#5369=ORIENTED_EDGE('',*,*,#3683,.F.);
#5370=ORIENTED_EDGE('',*,*,#3689,.T.);
#5371=ORIENTED_EDGE('',*,*,#3688,.T.);
#5372=ORIENTED_EDGE('',*,*,#3582,.T.);
#5373=ORIENTED_EDGE('',*,*,#3691,.F.);
#5374=ORIENTED_EDGE('',*,*,#3697,.F.);
#5375=ORIENTED_EDGE('',*,*,#3690,.F.);
#5376=ORIENTED_EDGE('',*,*,#3693,.F.);
#5377=ORIENTED_EDGE('',*,*,#3695,.F.);
#5378=PLANE('',#6000);
#5379=PLANE('',#6001);
#5380=PLANE('',#6002);
#5381=PLANE('',#6003);
#5382=PLANE('',#6004);
#5383=PLANE('',#6005);
#5384=PLANE('',#6006);
#5385=PLANE('',#6007);
#5386=PLANE('',#6008);
#5387=PLANE('',#6009);
#5388=PLANE('',#6010);
#5389=PLANE('',#6011);
#5390=PLANE('',#6012);
#5391=PLANE('',#6013);
#5392=PLANE('',#6014);
#5393=PLANE('',#6015);
#5394=PLANE('',#6016);
#5395=PLANE('',#6017);
#5396=PLANE('',#6018);
#5397=PLANE('',#6019);
#5398=PLANE('',#6020);
#5399=PLANE('',#6021);
#5400=PLANE('',#6022);
#5401=PLANE('',#6023);
#5402=PLANE('',#6024);
#5403=PLANE('',#6025);
#5404=PLANE('',#6026);
#5405=PLANE('',#6027);
#5406=PLANE('',#6028);
#5407=PLANE('',#6029);
#5408=PLANE('',#6030);
#5409=PLANE('',#6031);
#5410=PLANE('',#6032);
#5411=PLANE('',#6033);
#5412=PLANE('',#6034);
#5413=PLANE('',#6035);
#5414=PLANE('',#6036);
#5415=PLANE('',#6037);
#5416=PLANE('',#6038);
#5417=PLANE('',#6039);
#5418=PLANE('',#6040);
#5419=PLANE('',#6041);
#5420=PLANE('',#6042);
#5421=PLANE('',#6043);
#5422=PLANE('',#6044);
#5423=PLANE('',#6045);
#5424=PLANE('',#6046);
#5425=PLANE('',#6047);
#5426=PLANE('',#6048);
#5427=PLANE('',#6049);
#5428=PLANE('',#6050);
#5429=PLANE('',#6051);
#5430=PLANE('',#6052);
#5431=PLANE('',#6053);
#5432=PLANE('',#6054);
#5433=PLANE('',#6055);
#5434=PLANE('',#6056);
#5435=PLANE('',#6057);
#5436=PLANE('',#6058);
#5437=PLANE('',#6059);
#5438=PLANE('',#6060);
#5439=PLANE('',#6061);
#5440=PLANE('',#6062);
#5441=PLANE('',#6063);
#5442=PLANE('',#6064);
#5443=PLANE('',#6065);
#5444=PLANE('',#6066);
#5445=PLANE('',#6067);
#5446=PLANE('',#6068);
#5447=PLANE('',#6069);
#5448=PLANE('',#6070);
#5449=PLANE('',#6071);
#5450=PLANE('',#6072);
#5451=PLANE('',#6073);
#5452=PLANE('',#6074);
#5453=PLANE('',#6075);
#5454=PLANE('',#6076);
#5455=PLANE('',#6077);
#5456=PLANE('',#6078);
#5457=PLANE('',#6079);
#5458=PLANE('',#6080);
#5459=PLANE('',#6081);
#5460=PLANE('',#6082);
#5461=PLANE('',#6083);
#5462=PLANE('',#6084);
#5463=PLANE('',#6085);
#5464=PLANE('',#6086);
#5465=PLANE('',#6087);
#5466=PLANE('',#6088);
#5467=PLANE('',#6089);
#5468=PLANE('',#6090);
#5469=PLANE('',#6091);
#5470=PLANE('',#6092);
#5471=PLANE('',#6093);
#5472=PLANE('',#6094);
#5473=PLANE('',#6095);
#5474=PLANE('',#6096);
#5475=PLANE('',#6097);
#5476=PLANE('',#6098);
#5477=PLANE('',#6099);
#5478=PLANE('',#6100);
#5479=PLANE('',#6101);
#5480=PLANE('',#6102);
#5481=PLANE('',#6103);
#5482=PLANE('',#6104);
#5483=PLANE('',#6105);
#5484=PLANE('',#6106);
#5485=PLANE('',#6107);
#5486=PLANE('',#6108);
#5487=PLANE('',#6109);
#5488=PLANE('',#6110);
#5489=PLANE('',#6111);
#5490=PLANE('',#6112);
#5491=PLANE('',#6113);
#5492=PLANE('',#6114);
#5493=PLANE('',#6115);
#5494=PLANE('',#6116);
#5495=PLANE('',#6117);
#5496=PLANE('',#6118);
#5497=PLANE('',#6119);
#5498=PLANE('',#6120);
#5499=PLANE('',#6121);
#5500=PLANE('',#6122);
#5501=PLANE('',#6123);
#5502=PLANE('',#6124);
#5503=PLANE('',#6125);
#5504=PLANE('',#6126);
#5505=PLANE('',#6127);
#5506=PLANE('',#6128);
#5507=PLANE('',#6129);
#5508=PLANE('',#6130);
#5509=PLANE('',#6131);
#5510=PLANE('',#6132);
#5511=PLANE('',#6133);
#5512=PLANE('',#6134);
#5513=PLANE('',#6135);
#5514=PLANE('',#6136);
#5515=PLANE('',#6137);
#5516=PLANE('',#6138);
#5517=PLANE('',#6139);
#5518=PLANE('',#6140);
#5519=PLANE('',#6141);
#5520=PLANE('',#6142);
#5521=PLANE('',#6143);
#5522=PLANE('',#6144);
#5523=PLANE('',#6145);
#5524=PLANE('',#6146);
#5525=PLANE('',#6147);
#5526=PLANE('',#6148);
#5527=PLANE('',#6149);
#5528=PLANE('',#6150);
#5529=PLANE('',#6151);
#5530=PLANE('',#6152);
#5531=PLANE('',#6153);
#5532=PLANE('',#6154);
#5533=PLANE('',#6155);
#5534=PLANE('',#6156);
#5535=PLANE('',#6157);
#5536=PLANE('',#6158);
#5537=PLANE('',#6159);
#5538=PLANE('',#6160);
#5539=PLANE('',#6161);
#5540=PLANE('',#6162);
#5541=PLANE('',#6163);
#5542=PLANE('',#6164);
#5543=PLANE('',#6165);
#5544=PLANE('',#6166);
#5545=PLANE('',#6167);
#5546=PLANE('',#6168);
#5547=PLANE('',#6169);
#5548=PLANE('',#6170);
#5549=PLANE('',#6171);
#5550=PLANE('',#6172);
#5551=PLANE('',#6173);
#5552=PLANE('',#6174);
#5553=PLANE('',#6175);
#5554=PLANE('',#6176);
#5555=PLANE('',#6177);
#5556=PLANE('',#6178);
#5557=PLANE('',#6179);
#5558=PLANE('',#6180);
#5559=PLANE('',#6181);
#5560=PLANE('',#6182);
#5561=PLANE('',#6183);
#5562=PLANE('',#6184);
#5563=PLANE('',#6185);
#5564=PLANE('',#6186);
#5565=PLANE('',#6187);
#5566=PLANE('',#6188);
#5567=PLANE('',#6189);
#5568=PLANE('',#6190);
#5569=PLANE('',#6191);
#5570=PLANE('',#6192);
#5571=PLANE('',#6193);
#5572=PLANE('',#6194);
#5573=PLANE('',#6195);
#5574=PLANE('',#6196);
#5575=PLANE('',#6197);
#5576=PLANE('',#6198);
#5577=PLANE('',#6199);
#5578=PLANE('',#6200);
#5579=PLANE('',#6201);
#5580=PLANE('',#6202);
#5581=PLANE('',#6203);
#5582=PLANE('',#6204);
#5583=PLANE('',#6205);
#5584=PLANE('',#6206);
#5585=PLANE('',#6207);
#5586=PLANE('',#6208);
#5587=PLANE('',#6209);
#5588=PLANE('',#6210);
#5589=PLANE('',#6211);
#5590=PLANE('',#6212);
#5591=PLANE('',#6213);
#5592=PLANE('',#6214);
#5593=PLANE('',#6215);
#5594=PLANE('',#6216);
#5595=PLANE('',#6217);
#5596=PLANE('',#6218);
#5597=PLANE('',#6219);
#5598=PLANE('',#6220);
#5599=PLANE('',#6221);
#5600=PLANE('',#6222);
#5601=PLANE('',#6223);
#5602=PLANE('',#6224);
#5603=PLANE('',#6225);
#5604=PLANE('',#6226);
#5605=PLANE('',#6227);
#5606=PLANE('',#6228);
#5607=PLANE('',#6229);
#5608=PLANE('',#6230);
#5609=PLANE('',#6231);
#5610=PLANE('',#6232);
#5611=PLANE('',#6233);
#5612=PLANE('',#6234);
#5613=PLANE('',#6235);
#5614=PLANE('',#6236);
#5615=PLANE('',#6237);
#5616=PLANE('',#6238);
#5617=PLANE('',#6239);
#5618=PLANE('',#6240);
#5619=PLANE('',#6241);
#5620=PLANE('',#6242);
#5621=PLANE('',#6243);
#5622=PLANE('',#6244);
#5623=PLANE('',#6245);
#5624=PLANE('',#6246);
#5625=PLANE('',#6247);
#5626=PLANE('',#6248);
#5627=PLANE('',#6249);
#5628=PLANE('',#6250);
#5629=PLANE('',#6251);
#5630=PLANE('',#6252);
#5631=PLANE('',#6253);
#5632=PLANE('',#6254);
#5633=PLANE('',#6255);
#5634=PLANE('',#6256);
#5635=PLANE('',#6257);
#5636=PLANE('',#6258);
#5637=PLANE('',#6259);
#5638=PLANE('',#6260);
#5639=PLANE('',#6261);
#5640=PLANE('',#6262);
#5641=PLANE('',#6263);
#5642=PLANE('',#6264);
#5643=PLANE('',#6265);
#5644=PLANE('',#6266);
#5645=PLANE('',#6267);
#5646=PLANE('',#6268);
#5647=PLANE('',#6269);
#5648=PLANE('',#6270);
#5649=PLANE('',#6271);
#5650=PLANE('',#6272);
#5651=PLANE('',#6273);
#5652=PLANE('',#6274);
#5653=PLANE('',#6275);
#5654=PLANE('',#6276);
#5655=PLANE('',#6277);
#5656=PLANE('',#6278);
#5657=PLANE('',#6279);
#5658=PLANE('',#6280);
#5659=PLANE('',#6281);
#5660=PLANE('',#6282);
#5661=PLANE('',#6283);
#5662=PLANE('',#6284);
#5663=PLANE('',#6285);
#5664=PLANE('',#6286);
#5665=PLANE('',#6287);
#5666=PLANE('',#6288);
#5667=PLANE('',#6289);
#5668=PLANE('',#6290);
#5669=PLANE('',#6291);
#5670=PLANE('',#6292);
#5671=PLANE('',#6293);
#5672=PLANE('',#6294);
#5673=PLANE('',#6295);
#5674=PLANE('',#6296);
#5675=PLANE('',#6297);
#5676=PLANE('',#6298);
#5677=PLANE('',#6299);
#5678=PLANE('',#6300);
#5679=PLANE('',#6301);
#5680=PLANE('',#6302);
#5681=PLANE('',#6303);
#5682=ADVANCED_FACE('',(#22),#5378,.F.);
#5683=ADVANCED_FACE('',(#23),#5379,.T.);
#5684=ADVANCED_FACE('',(#24),#5380,.T.);
#5685=ADVANCED_FACE('',(#25),#5381,.T.);
#5686=ADVANCED_FACE('',(#26),#5382,.T.);
#5687=ADVANCED_FACE('',(#27,#15),#5383,.T.);
#5688=ADVANCED_FACE('',(#28),#5384,.F.);
#5689=ADVANCED_FACE('',(#29),#5385,.T.);
#5690=ADVANCED_FACE('',(#30),#5386,.T.);
#5691=ADVANCED_FACE('',(#31,#16),#5387,.T.);
#5692=ADVANCED_FACE('',(#32),#5388,.T.);
#5693=ADVANCED_FACE('',(#33),#5389,.T.);
#5694=ADVANCED_FACE('',(#34),#5390,.F.);
#5695=ADVANCED_FACE('',(#35),#5391,.F.);
#5696=ADVANCED_FACE('',(#36),#5392,.F.);
#5697=ADVANCED_FACE('',(#37),#5393,.F.);
#5698=ADVANCED_FACE('',(#38),#5394,.F.);
#5699=ADVANCED_FACE('',(#39),#5395,.F.);
#5700=ADVANCED_FACE('',(#40),#5396,.F.);
#5701=ADVANCED_FACE('',(#41),#5397,.F.);
#5702=ADVANCED_FACE('',(#42),#5398,.F.);
#5703=ADVANCED_FACE('',(#43),#5399,.F.);
#5704=ADVANCED_FACE('',(#44),#5400,.F.);
#5705=ADVANCED_FACE('',(#45),#5401,.F.);
#5706=ADVANCED_FACE('',(#46),#5402,.F.);
#5707=ADVANCED_FACE('',(#47),#5403,.F.);
#5708=ADVANCED_FACE('',(#48),#5404,.F.);
#5709=ADVANCED_FACE('',(#49),#5405,.F.);
#5710=ADVANCED_FACE('',(#50),#5406,.F.);
#5711=ADVANCED_FACE('',(#51),#5407,.F.);
#5712=ADVANCED_FACE('',(#52),#5408,.F.);
#5713=ADVANCED_FACE('',(#53),#5409,.T.);
#5714=ADVANCED_FACE('',(#54),#5410,.T.);
#5715=ADVANCED_FACE('',(#55),#5411,.T.);
#5716=ADVANCED_FACE('',(#56),#5412,.T.);
#5717=ADVANCED_FACE('',(#57),#5413,.T.);
#5718=ADVANCED_FACE('',(#58),#5414,.T.);
#5719=ADVANCED_FACE('',(#59),#5415,.T.);
#5720=ADVANCED_FACE('',(#60),#5416,.T.);
#5721=ADVANCED_FACE('',(#61),#5417,.T.);
#5722=ADVANCED_FACE('',(#62),#5418,.T.);
#5723=ADVANCED_FACE('',(#63),#5419,.T.);
#5724=ADVANCED_FACE('',(#64),#5420,.T.);
#5725=ADVANCED_FACE('',(#65),#5421,.T.);
#5726=ADVANCED_FACE('',(#66),#5422,.T.);
#5727=ADVANCED_FACE('',(#67),#5423,.T.);
#5728=ADVANCED_FACE('',(#68),#5424,.T.);
#5729=ADVANCED_FACE('',(#69),#5425,.T.);
#5730=ADVANCED_FACE('',(#70),#5426,.T.);
#5731=ADVANCED_FACE('',(#71),#5427,.T.);
#5732=ADVANCED_FACE('',(#72),#5428,.T.);
#5733=ADVANCED_FACE('',(#73),#5429,.T.);
#5734=ADVANCED_FACE('',(#74),#5430,.T.);
#5735=ADVANCED_FACE('',(#75),#5431,.T.);
#5736=ADVANCED_FACE('',(#76),#5432,.T.);
#5737=ADVANCED_FACE('',(#77),#5433,.T.);
#5738=ADVANCED_FACE('',(#78),#5434,.T.);
#5739=ADVANCED_FACE('',(#79),#5435,.T.);
#5740=ADVANCED_FACE('',(#80),#5436,.T.);
#5741=ADVANCED_FACE('',(#81),#5437,.T.);
#5742=ADVANCED_FACE('',(#82),#5438,.T.);
#5743=ADVANCED_FACE('',(#83),#5439,.T.);
#5744=ADVANCED_FACE('',(#84),#5440,.T.);
#5745=ADVANCED_FACE('',(#85),#5441,.T.);
#5746=ADVANCED_FACE('',(#86),#5442,.T.);
#5747=ADVANCED_FACE('',(#87),#5443,.T.);
#5748=ADVANCED_FACE('',(#88),#5444,.T.);
#5749=ADVANCED_FACE('',(#89),#5445,.T.);
#5750=ADVANCED_FACE('',(#90),#5446,.T.);
#5751=ADVANCED_FACE('',(#91),#5447,.T.);
#5752=ADVANCED_FACE('',(#92),#5448,.T.);
#5753=ADVANCED_FACE('',(#93),#5449,.T.);
#5754=ADVANCED_FACE('',(#94),#5450,.T.);
#5755=ADVANCED_FACE('',(#95),#5451,.T.);
#5756=ADVANCED_FACE('',(#96),#5452,.T.);
#5757=ADVANCED_FACE('',(#97),#5453,.T.);
#5758=ADVANCED_FACE('',(#98),#5454,.T.);
#5759=ADVANCED_FACE('',(#99),#5455,.T.);
#5760=ADVANCED_FACE('',(#100),#5456,.T.);
#5761=ADVANCED_FACE('',(#101),#5457,.T.);
#5762=ADVANCED_FACE('',(#102),#5458,.T.);
#5763=ADVANCED_FACE('',(#103),#5459,.T.);
#5764=ADVANCED_FACE('',(#104),#5460,.T.);
#5765=ADVANCED_FACE('',(#105),#5461,.T.);
#5766=ADVANCED_FACE('',(#106),#5462,.F.);
#5767=ADVANCED_FACE('',(#107),#5463,.T.);
#5768=ADVANCED_FACE('',(#108),#5464,.T.);
#5769=ADVANCED_FACE('',(#109),#5465,.T.);
#5770=ADVANCED_FACE('',(#110),#5466,.F.);
#5771=ADVANCED_FACE('',(#111),#5467,.T.);
#5772=ADVANCED_FACE('',(#112),#5468,.T.);
#5773=ADVANCED_FACE('',(#113),#5469,.T.);
#5774=ADVANCED_FACE('',(#114),#5470,.T.);
#5775=ADVANCED_FACE('',(#115),#5471,.F.);
#5776=ADVANCED_FACE('',(#116),#5472,.T.);
#5777=ADVANCED_FACE('',(#117),#5473,.T.);
#5778=ADVANCED_FACE('',(#118),#5474,.T.);
#5779=ADVANCED_FACE('',(#119),#5475,.T.);
#5780=ADVANCED_FACE('',(#120),#5476,.T.);
#5781=ADVANCED_FACE('',(#121),#5477,.T.);
#5782=ADVANCED_FACE('',(#122,#17),#5478,.T.);
#5783=ADVANCED_FACE('',(#123),#5479,.T.);
#5784=ADVANCED_FACE('',(#124),#5480,.T.);
#5785=ADVANCED_FACE('',(#125),#5481,.T.);
#5786=ADVANCED_FACE('',(#126),#5482,.T.);
#5787=ADVANCED_FACE('',(#127),#5483,.T.);
#5788=ADVANCED_FACE('',(#128),#5484,.F.);
#5789=ADVANCED_FACE('',(#129),#5485,.T.);
#5790=ADVANCED_FACE('',(#130),#5486,.T.);
#5791=ADVANCED_FACE('',(#131),#5487,.T.);
#5792=ADVANCED_FACE('',(#132),#5488,.T.);
#5793=ADVANCED_FACE('',(#133),#5489,.T.);
#5794=ADVANCED_FACE('',(#134),#5490,.T.);
#5795=ADVANCED_FACE('',(#135),#5491,.T.);
#5796=ADVANCED_FACE('',(#136),#5492,.T.);
#5797=ADVANCED_FACE('',(#137),#5493,.T.);
#5798=ADVANCED_FACE('',(#138),#5494,.T.);
#5799=ADVANCED_FACE('',(#139),#5495,.T.);
#5800=ADVANCED_FACE('',(#140),#5496,.T.);
#5801=ADVANCED_FACE('',(#141),#5497,.F.);
#5802=ADVANCED_FACE('',(#142),#5498,.F.);
#5803=ADVANCED_FACE('',(#143),#5499,.F.);
#5804=ADVANCED_FACE('',(#144),#5500,.F.);
#5805=ADVANCED_FACE('',(#145,#18),#5501,.F.);
#5806=ADVANCED_FACE('',(#146),#5502,.T.);
#5807=ADVANCED_FACE('',(#147),#5503,.T.);
#5808=ADVANCED_FACE('',(#148),#5504,.T.);
#5809=ADVANCED_FACE('',(#149),#5505,.T.);
#5810=ADVANCED_FACE('',(#150),#5506,.T.);
#5811=ADVANCED_FACE('',(#151),#5507,.T.);
#5812=ADVANCED_FACE('',(#152),#5508,.T.);
#5813=ADVANCED_FACE('',(#153),#5509,.T.);
#5814=ADVANCED_FACE('',(#154),#5510,.T.);
#5815=ADVANCED_FACE('',(#155),#5511,.T.);
#5816=ADVANCED_FACE('',(#156),#5512,.T.);
#5817=ADVANCED_FACE('',(#157),#5513,.T.);
#5818=ADVANCED_FACE('',(#158),#5514,.T.);
#5819=ADVANCED_FACE('',(#159),#5515,.T.);
#5820=ADVANCED_FACE('',(#160),#5516,.T.);
#5821=ADVANCED_FACE('',(#161),#5517,.T.);
#5822=ADVANCED_FACE('',(#162),#5518,.T.);
#5823=ADVANCED_FACE('',(#163),#5519,.T.);
#5824=ADVANCED_FACE('',(#164),#5520,.T.);
#5825=ADVANCED_FACE('',(#165),#5521,.T.);
#5826=ADVANCED_FACE('',(#166),#5522,.T.);
#5827=ADVANCED_FACE('',(#167),#5523,.T.);
#5828=ADVANCED_FACE('',(#168),#5524,.T.);
#5829=ADVANCED_FACE('',(#169),#5525,.T.);
#5830=ADVANCED_FACE('',(#170),#5526,.T.);
#5831=ADVANCED_FACE('',(#171),#5527,.T.);
#5832=ADVANCED_FACE('',(#172),#5528,.T.);
#5833=ADVANCED_FACE('',(#173),#5529,.T.);
#5834=ADVANCED_FACE('',(#174),#5530,.T.);
#5835=ADVANCED_FACE('',(#175),#5531,.T.);
#5836=ADVANCED_FACE('',(#176),#5532,.T.);
#5837=ADVANCED_FACE('',(#177),#5533,.T.);
#5838=ADVANCED_FACE('',(#178),#5534,.T.);
#5839=ADVANCED_FACE('',(#179),#5535,.T.);
#5840=ADVANCED_FACE('',(#180),#5536,.T.);
#5841=ADVANCED_FACE('',(#181),#5537,.T.);
#5842=ADVANCED_FACE('',(#182),#5538,.T.);
#5843=ADVANCED_FACE('',(#183),#5539,.T.);
#5844=ADVANCED_FACE('',(#184),#5540,.T.);
#5845=ADVANCED_FACE('',(#185),#5541,.T.);
#5846=ADVANCED_FACE('',(#186),#5542,.T.);
#5847=ADVANCED_FACE('',(#187),#5543,.T.);
#5848=ADVANCED_FACE('',(#188),#5544,.T.);
#5849=ADVANCED_FACE('',(#189),#5545,.T.);
#5850=ADVANCED_FACE('',(#190),#5546,.T.);
#5851=ADVANCED_FACE('',(#191),#5547,.T.);
#5852=ADVANCED_FACE('',(#192),#5548,.T.);
#5853=ADVANCED_FACE('',(#193),#5549,.T.);
#5854=ADVANCED_FACE('',(#194),#5550,.T.);
#5855=ADVANCED_FACE('',(#195),#5551,.F.);
#5856=ADVANCED_FACE('',(#196),#5552,.F.);
#5857=ADVANCED_FACE('',(#197),#5553,.F.);
#5858=ADVANCED_FACE('',(#198),#5554,.F.);
#5859=ADVANCED_FACE('',(#199),#5555,.F.);
#5860=ADVANCED_FACE('',(#200),#5556,.F.);
#5861=ADVANCED_FACE('',(#201),#5557,.F.);
#5862=ADVANCED_FACE('',(#202),#5558,.F.);
#5863=ADVANCED_FACE('',(#203),#5559,.F.);
#5864=ADVANCED_FACE('',(#204),#5560,.T.);
#5865=ADVANCED_FACE('',(#205),#5561,.T.);
#5866=ADVANCED_FACE('',(#206),#5562,.T.);
#5867=ADVANCED_FACE('',(#207),#5563,.T.);
#5868=ADVANCED_FACE('',(#208),#5564,.T.);
#5869=ADVANCED_FACE('',(#209),#5565,.T.);
#5870=ADVANCED_FACE('',(#210),#5566,.T.);
#5871=ADVANCED_FACE('',(#211),#5567,.T.);
#5872=ADVANCED_FACE('',(#212),#5568,.T.);
#5873=ADVANCED_FACE('',(#213),#5569,.T.);
#5874=ADVANCED_FACE('',(#214),#5570,.T.);
#5875=ADVANCED_FACE('',(#215),#5571,.T.);
#5876=ADVANCED_FACE('',(#216),#5572,.T.);
#5877=ADVANCED_FACE('',(#217),#5573,.T.);
#5878=ADVANCED_FACE('',(#218),#5574,.T.);
#5879=ADVANCED_FACE('',(#219),#5575,.T.);
#5880=ADVANCED_FACE('',(#220),#5576,.T.);
#5881=ADVANCED_FACE('',(#221),#5577,.T.);
#5882=ADVANCED_FACE('',(#222),#5578,.F.);
#5883=ADVANCED_FACE('',(#223),#5579,.F.);
#5884=ADVANCED_FACE('',(#224),#5580,.T.);
#5885=ADVANCED_FACE('',(#225),#5581,.T.);
#5886=ADVANCED_FACE('',(#226),#5582,.T.);
#5887=ADVANCED_FACE('',(#227),#5583,.T.);
#5888=ADVANCED_FACE('',(#228),#5584,.T.);
#5889=ADVANCED_FACE('',(#229),#5585,.T.);
#5890=ADVANCED_FACE('',(#230),#5586,.T.);
#5891=ADVANCED_FACE('',(#231),#5587,.T.);
#5892=ADVANCED_FACE('',(#232),#5588,.T.);
#5893=ADVANCED_FACE('',(#233),#5589,.T.);
#5894=ADVANCED_FACE('',(#234),#5590,.T.);
#5895=ADVANCED_FACE('',(#235),#5591,.F.);
#5896=ADVANCED_FACE('',(#236),#5592,.T.);
#5897=ADVANCED_FACE('',(#237),#5593,.T.);
#5898=ADVANCED_FACE('',(#238),#5594,.T.);
#5899=ADVANCED_FACE('',(#239),#5595,.T.);
#5900=ADVANCED_FACE('',(#240),#5596,.T.);
#5901=ADVANCED_FACE('',(#241),#5597,.F.);
#5902=ADVANCED_FACE('',(#242),#5598,.T.);
#5903=ADVANCED_FACE('',(#243),#5599,.T.);
#5904=ADVANCED_FACE('',(#244),#5600,.F.);
#5905=ADVANCED_FACE('',(#245),#5601,.F.);
#5906=ADVANCED_FACE('',(#246),#5602,.T.);
#5907=ADVANCED_FACE('',(#247),#5603,.T.);
#5908=ADVANCED_FACE('',(#248),#5604,.T.);
#5909=ADVANCED_FACE('',(#249),#5605,.T.);
#5910=ADVANCED_FACE('',(#250),#5606,.T.);
#5911=ADVANCED_FACE('',(#251),#5607,.T.);
#5912=ADVANCED_FACE('',(#252),#5608,.T.);
#5913=ADVANCED_FACE('',(#253),#5609,.T.);
#5914=ADVANCED_FACE('',(#254),#5610,.T.);
#5915=ADVANCED_FACE('',(#255),#5611,.T.);
#5916=ADVANCED_FACE('',(#256),#5612,.F.);
#5917=ADVANCED_FACE('',(#257),#5613,.T.);
#5918=ADVANCED_FACE('',(#258),#5614,.T.);
#5919=ADVANCED_FACE('',(#259),#5615,.T.);
#5920=ADVANCED_FACE('',(#260),#5616,.T.);
#5921=ADVANCED_FACE('',(#261),#5617,.T.);
#5922=ADVANCED_FACE('',(#262,#19),#5618,.T.);
#5923=ADVANCED_FACE('',(#263),#5619,.F.);
#5924=ADVANCED_FACE('',(#264),#5620,.T.);
#5925=ADVANCED_FACE('',(#265),#5621,.T.);
#5926=ADVANCED_FACE('',(#266),#5622,.F.);
#5927=ADVANCED_FACE('',(#267),#5623,.F.);
#5928=ADVANCED_FACE('',(#268,#20,#21),#5624,.F.);
#5929=ADVANCED_FACE('',(#269),#5625,.T.);
#5930=ADVANCED_FACE('',(#270),#5626,.T.);
#5931=ADVANCED_FACE('',(#271),#5627,.T.);
#5932=ADVANCED_FACE('',(#272),#5628,.T.);
#5933=ADVANCED_FACE('',(#273),#5629,.T.);
#5934=ADVANCED_FACE('',(#274),#5630,.T.);
#5935=ADVANCED_FACE('',(#275),#5631,.T.);
#5936=ADVANCED_FACE('',(#276),#5632,.T.);
#5937=ADVANCED_FACE('',(#277),#5633,.T.);
#5938=ADVANCED_FACE('',(#278),#5634,.T.);
#5939=ADVANCED_FACE('',(#279),#5635,.T.);
#5940=ADVANCED_FACE('',(#280),#5636,.T.);
#5941=ADVANCED_FACE('',(#281),#5637,.T.);
#5942=ADVANCED_FACE('',(#282),#5638,.T.);
#5943=ADVANCED_FACE('',(#283),#5639,.T.);
#5944=ADVANCED_FACE('',(#284),#5640,.T.);
#5945=ADVANCED_FACE('',(#285),#5641,.T.);
#5946=ADVANCED_FACE('',(#286),#5642,.T.);
#5947=ADVANCED_FACE('',(#287),#5643,.T.);
#5948=ADVANCED_FACE('',(#288),#5644,.T.);
#5949=ADVANCED_FACE('',(#289),#5645,.T.);
#5950=ADVANCED_FACE('',(#290),#5646,.T.);
#5951=ADVANCED_FACE('',(#291),#5647,.T.);
#5952=ADVANCED_FACE('',(#292),#5648,.T.);
#5953=ADVANCED_FACE('',(#293),#5649,.F.);
#5954=ADVANCED_FACE('',(#294),#5650,.T.);
#5955=ADVANCED_FACE('',(#295),#5651,.T.);
#5956=ADVANCED_FACE('',(#296),#5652,.T.);
#5957=ADVANCED_FACE('',(#297),#5653,.T.);
#5958=ADVANCED_FACE('',(#298),#5654,.F.);
#5959=ADVANCED_FACE('',(#299),#5655,.T.);
#5960=ADVANCED_FACE('',(#300),#5656,.T.);
#5961=ADVANCED_FACE('',(#301),#5657,.T.);
#5962=ADVANCED_FACE('',(#302),#5658,.T.);
#5963=ADVANCED_FACE('',(#303),#5659,.F.);
#5964=ADVANCED_FACE('',(#304),#5660,.T.);
#5965=ADVANCED_FACE('',(#305),#5661,.T.);
#5966=ADVANCED_FACE('',(#306),#5662,.T.);
#5967=ADVANCED_FACE('',(#307),#5663,.T.);
#5968=ADVANCED_FACE('',(#308),#5664,.F.);
#5969=ADVANCED_FACE('',(#309),#5665,.T.);
#5970=ADVANCED_FACE('',(#310),#5666,.T.);
#5971=ADVANCED_FACE('',(#311),#5667,.T.);
#5972=ADVANCED_FACE('',(#312),#5668,.F.);
#5973=ADVANCED_FACE('',(#313),#5669,.T.);
#5974=ADVANCED_FACE('',(#314),#5670,.T.);
#5975=ADVANCED_FACE('',(#315),#5671,.T.);
#5976=ADVANCED_FACE('',(#316),#5672,.F.);
#5977=ADVANCED_FACE('',(#317),#5673,.T.);
#5978=ADVANCED_FACE('',(#318),#5674,.T.);
#5979=ADVANCED_FACE('',(#319),#5675,.T.);
#5980=ADVANCED_FACE('',(#320),#5676,.F.);
#5981=ADVANCED_FACE('',(#321),#5677,.T.);
#5982=ADVANCED_FACE('',(#322),#5678,.T.);
#5983=ADVANCED_FACE('',(#323),#5679,.T.);
#5984=ADVANCED_FACE('',(#324),#5680,.T.);
#5985=ADVANCED_FACE('',(#325),#5681,.F.);
#5986=CLOSED_SHELL('',(#5682,#5683,#5684,#5685,#5686,#5687,#5688,#5689,
#5690,#5691,#5692,#5693,#5694,#5695,#5696,#5697,#5698,#5699,#5700,#5701,
#5702,#5703,#5704,#5705,#5706,#5707,#5708,#5709,#5710,#5711,#5712,#5713,
#5714,#5715,#5716,#5717,#5718,#5719,#5720,#5721,#5722,#5723,#5724,#5725,
#5726,#5727,#5728,#5729,#5730,#5731,#5732,#5733,#5734,#5735,#5736,#5737,
#5738,#5739,#5740,#5741,#5742,#5743,#5744,#5745,#5746,#5747,#5748,#5749,
#5750,#5751,#5752,#5753,#5754,#5755,#5756,#5757,#5758,#5759,#5760,#5761,
#5762,#5763,#5764,#5765,#5766,#5767,#5768,#5769,#5770,#5771,#5772,#5773,
#5774,#5775,#5776,#5777,#5778,#5779,#5780,#5781,#5782,#5783,#5784,#5785,
#5786,#5787,#5788,#5789,#5790,#5791,#5792,#5793,#5794,#5795,#5796,#5797,
#5798,#5799,#5800,#5801,#5802,#5803,#5804,#5805,#5806,#5807,#5808,#5809,
#5810,#5811,#5812,#5813,#5814,#5815,#5816,#5817,#5818,#5819,#5820,#5821,
#5822,#5823,#5824,#5825,#5826,#5827,#5828,#5829,#5830,#5831,#5832,#5833,
#5834,#5835,#5836,#5837,#5838,#5839,#5840,#5841,#5842,#5843,#5844,#5845,
#5846,#5847,#5848,#5849,#5850,#5851,#5852,#5853,#5854,#5855,#5856,#5857,
#5858,#5859,#5860,#5861,#5862,#5863,#5864,#5865,#5866,#5867,#5868,#5869,
#5870,#5871,#5872,#5873,#5874,#5875,#5876,#5877,#5878,#5879,#5880,#5881,
#5882,#5883,#5884,#5885,#5886,#5887,#5888,#5889,#5890,#5891,#5892,#5893,
#5894,#5895,#5896,#5897,#5898,#5899,#5900,#5901,#5902,#5903,#5904,#5905,
#5906,#5907,#5908,#5909,#5910,#5911,#5912,#5913,#5914,#5915,#5916,#5917,
#5918,#5919,#5920,#5921,#5922,#5923,#5924,#5925,#5926,#5927,#5928,#5929,
#5930,#5931,#5932,#5933,#5934,#5935,#5936,#5937,#5938,#5939,#5940,#5941,
#5942,#5943,#5944,#5945,#5946,#5947,#5948,#5949,#5950,#5951,#5952,#5953,
#5954,#5955,#5956,#5957,#5958,#5959,#5960,#5961,#5962,#5963,#5964,#5965,
#5966,#5967,#5968,#5969,#5970,#5971,#5972,#5973,#5974,#5975,#5976,#5977,
#5978,#5979,#5980,#5981,#5982,#5983,#5984,#5985));
#5987=DERIVED_UNIT_ELEMENT(#5989,1.);
#5988=DERIVED_UNIT_ELEMENT(#9445,-3.);
#5989=(
MASS_UNIT()
NAMED_UNIT(*)
SI_UNIT(.KILO.,.GRAM.)
);
#5990=DERIVED_UNIT((#5987,#5988));
#5991=MEASURE_REPRESENTATION_ITEM('density measure',
POSITIVE_RATIO_MEASURE(7850.),#5990);
#5992=PROPERTY_DEFINITION_REPRESENTATION(#5997,#5994);
#5993=PROPERTY_DEFINITION_REPRESENTATION(#5998,#5995);
#5994=REPRESENTATION('material name',(#5996),#9442);
#5995=REPRESENTATION('density',(#5991),#9442);
#5996=DESCRIPTIVE_REPRESENTATION_ITEM('Steel','Steel');
#5997=PROPERTY_DEFINITION('material property','material name',#9452);
#5998=PROPERTY_DEFINITION('material property','density of part',#9452);
#5999=AXIS2_PLACEMENT_3D('',#7754,#6304,#6305);
#6000=AXIS2_PLACEMENT_3D('',#7755,#6306,#6307);
#6001=AXIS2_PLACEMENT_3D('',#7766,#6313,#6314);
#6002=AXIS2_PLACEMENT_3D('',#7775,#6319,#6320);
#6003=AXIS2_PLACEMENT_3D('',#7781,#6324,#6325);
#6004=AXIS2_PLACEMENT_3D('',#7787,#6329,#6330);
#6005=AXIS2_PLACEMENT_3D('',#7793,#6334,#6335);
#6006=AXIS2_PLACEMENT_3D('',#7809,#6344,#6345);
#6007=AXIS2_PLACEMENT_3D('',#7820,#6351,#6352);
#6008=AXIS2_PLACEMENT_3D('',#7833,#6359,#6360);
#6009=AXIS2_PLACEMENT_3D('',#7844,#6366,#6367);
#6010=AXIS2_PLACEMENT_3D('',#7918,#6405,#6406);
#6011=AXIS2_PLACEMENT_3D('',#7931,#6413,#6414);
#6012=AXIS2_PLACEMENT_3D('',#7942,#6420,#6421);
#6013=AXIS2_PLACEMENT_3D('',#7961,#6431,#6432);
#6014=AXIS2_PLACEMENT_3D('',#7972,#6438,#6439);
#6015=AXIS2_PLACEMENT_3D('',#7979,#6443,#6444);
#6016=AXIS2_PLACEMENT_3D('',#7987,#6449,#6450);
#6017=AXIS2_PLACEMENT_3D('',#8008,#6461,#6462);
#6018=AXIS2_PLACEMENT_3D('',#8025,#6471,#6472);
#6019=AXIS2_PLACEMENT_3D('',#8040,#6480,#6481);
#6020=AXIS2_PLACEMENT_3D('',#8047,#6485,#6486);
#6021=AXIS2_PLACEMENT_3D('',#8054,#6490,#6491);
#6022=AXIS2_PLACEMENT_3D('',#8067,#6498,#6499);
#6023=AXIS2_PLACEMENT_3D('',#8074,#6503,#6504);
#6024=AXIS2_PLACEMENT_3D('',#8081,#6508,#6509);
#6025=AXIS2_PLACEMENT_3D('',#8088,#6513,#6514);
#6026=AXIS2_PLACEMENT_3D('',#8095,#6518,#6519);
#6027=AXIS2_PLACEMENT_3D('',#8106,#6525,#6526);
#6028=AXIS2_PLACEMENT_3D('',#8113,#6530,#6531);
#6029=AXIS2_PLACEMENT_3D('',#8120,#6535,#6536);
#6030=AXIS2_PLACEMENT_3D('',#8131,#6542,#6543);
#6031=AXIS2_PLACEMENT_3D('',#8138,#6547,#6548);
#6032=AXIS2_PLACEMENT_3D('',#8141,#6551,#6552);
#6033=AXIS2_PLACEMENT_3D('',#8146,#6556,#6557);
#6034=AXIS2_PLACEMENT_3D('',#8149,#6560,#6561);
#6035=AXIS2_PLACEMENT_3D('',#8151,#6563,#6564);
#6036=AXIS2_PLACEMENT_3D('',#8153,#6566,#6567);
#6037=AXIS2_PLACEMENT_3D('',#8155,#6569,#6570);
#6038=AXIS2_PLACEMENT_3D('',#8159,#6573,#6574);
#6039=AXIS2_PLACEMENT_3D('',#8162,#6577,#6578);
#6040=AXIS2_PLACEMENT_3D('',#8164,#6580,#6581);
#6041=AXIS2_PLACEMENT_3D('',#8166,#6583,#6584);
#6042=AXIS2_PLACEMENT_3D('',#8168,#6586,#6587);
#6043=AXIS2_PLACEMENT_3D('',#8169,#6588,#6589);
#6044=AXIS2_PLACEMENT_3D('',#8175,#6593,#6594);
#6045=AXIS2_PLACEMENT_3D('',#8178,#6597,#6598);
#6046=AXIS2_PLACEMENT_3D('',#8180,#6600,#6601);
#6047=AXIS2_PLACEMENT_3D('',#8182,#6603,#6604);
#6048=AXIS2_PLACEMENT_3D('',#8184,#6606,#6607);
#6049=AXIS2_PLACEMENT_3D('',#8187,#6610,#6611);
#6050=AXIS2_PLACEMENT_3D('',#8190,#6614,#6615);
#6051=AXIS2_PLACEMENT_3D('',#8193,#6618,#6619);
#6052=AXIS2_PLACEMENT_3D('',#8196,#6622,#6623);
#6053=AXIS2_PLACEMENT_3D('',#8199,#6626,#6627);
#6054=AXIS2_PLACEMENT_3D('',#8202,#6630,#6631);
#6055=AXIS2_PLACEMENT_3D('',#8205,#6634,#6635);
#6056=AXIS2_PLACEMENT_3D('',#8208,#6638,#6639);
#6057=AXIS2_PLACEMENT_3D('',#8211,#6642,#6643);
#6058=AXIS2_PLACEMENT_3D('',#8213,#6645,#6646);
#6059=AXIS2_PLACEMENT_3D('',#8216,#6649,#6650);
#6060=AXIS2_PLACEMENT_3D('',#8218,#6652,#6653);
#6061=AXIS2_PLACEMENT_3D('',#8220,#6655,#6656);
#6062=AXIS2_PLACEMENT_3D('',#8223,#6659,#6660);
#6063=AXIS2_PLACEMENT_3D('',#8226,#6663,#6664);
#6064=AXIS2_PLACEMENT_3D('',#8228,#6666,#6667);
#6065=AXIS2_PLACEMENT_3D('',#8230,#6669,#6670);
#6066=AXIS2_PLACEMENT_3D('',#8232,#6672,#6673);
#6067=AXIS2_PLACEMENT_3D('',#8234,#6675,#6676);
#6068=AXIS2_PLACEMENT_3D('',#8240,#6680,#6681);
#6069=AXIS2_PLACEMENT_3D('',#8244,#6684,#6685);
#6070=AXIS2_PLACEMENT_3D('',#8248,#6688,#6689);
#6071=AXIS2_PLACEMENT_3D('',#8252,#6692,#6693);
#6072=AXIS2_PLACEMENT_3D('',#8255,#6696,#6697);
#6073=AXIS2_PLACEMENT_3D('',#8257,#6699,#6700);
#6074=AXIS2_PLACEMENT_3D('',#8259,#6702,#6703);
#6075=AXIS2_PLACEMENT_3D('',#8263,#6706,#6707);
#6076=AXIS2_PLACEMENT_3D('',#8268,#6711,#6712);
#6077=AXIS2_PLACEMENT_3D('',#8270,#6714,#6715);
#6078=AXIS2_PLACEMENT_3D('',#8272,#6717,#6718);
#6079=AXIS2_PLACEMENT_3D('',#8274,#6720,#6721);
#6080=AXIS2_PLACEMENT_3D('',#8280,#6725,#6726);
#6081=AXIS2_PLACEMENT_3D('',#8284,#6729,#6730);
#6082=AXIS2_PLACEMENT_3D('',#8288,#6733,#6734);
#6083=AXIS2_PLACEMENT_3D('',#8290,#6736,#6737);
#6084=AXIS2_PLACEMENT_3D('',#8294,#6740,#6741);
#6085=AXIS2_PLACEMENT_3D('',#8307,#6748,#6749);
#6086=AXIS2_PLACEMENT_3D('',#8315,#6754,#6755);
#6087=AXIS2_PLACEMENT_3D('',#8318,#6758,#6759);
#6088=AXIS2_PLACEMENT_3D('',#8320,#6761,#6762);
#6089=AXIS2_PLACEMENT_3D('',#8330,#6768,#6769);
#6090=AXIS2_PLACEMENT_3D('',#8336,#6773,#6774);
#6091=AXIS2_PLACEMENT_3D('',#8340,#6777,#6778);
#6092=AXIS2_PLACEMENT_3D('',#8346,#6782,#6783);
#6093=AXIS2_PLACEMENT_3D('',#8350,#6786,#6787);
#6094=AXIS2_PLACEMENT_3D('',#8359,#6792,#6793);
#6095=AXIS2_PLACEMENT_3D('',#8367,#6798,#6799);
#6096=AXIS2_PLACEMENT_3D('',#8375,#6804,#6805);
#6097=AXIS2_PLACEMENT_3D('',#8386,#6812,#6813);
#6098=AXIS2_PLACEMENT_3D('',#8390,#6816,#6817);
#6099=AXIS2_PLACEMENT_3D('',#8394,#6820,#6821);
#6100=AXIS2_PLACEMENT_3D('',#8396,#6823,#6824);
#6101=AXIS2_PLACEMENT_3D('',#8466,#6861,#6862);
#6102=AXIS2_PLACEMENT_3D('',#8470,#6865,#6866);
#6103=AXIS2_PLACEMENT_3D('',#8474,#6869,#6870);
#6104=AXIS2_PLACEMENT_3D('',#8480,#6875,#6876);
#6105=AXIS2_PLACEMENT_3D('',#8484,#6879,#6880);
#6106=AXIS2_PLACEMENT_3D('',#8488,#6883,#6884);
#6107=AXIS2_PLACEMENT_3D('',#8490,#6886,#6887);
#6108=AXIS2_PLACEMENT_3D('',#8504,#6895,#6896);
#6109=AXIS2_PLACEMENT_3D('',#8508,#6899,#6900);
#6110=AXIS2_PLACEMENT_3D('',#8510,#6902,#6903);
#6111=AXIS2_PLACEMENT_3D('',#8520,#6909,#6910);
#6112=AXIS2_PLACEMENT_3D('',#8524,#6913,#6914);
#6113=AXIS2_PLACEMENT_3D('',#8528,#6917,#6918);
#6114=AXIS2_PLACEMENT_3D('',#8532,#6921,#6922);
#6115=AXIS2_PLACEMENT_3D('',#8536,#6925,#6926);
#6116=AXIS2_PLACEMENT_3D('',#8540,#6929,#6930);
#6117=AXIS2_PLACEMENT_3D('',#8544,#6933,#6934);
#6118=AXIS2_PLACEMENT_3D('',#8548,#6937,#6938);
#6119=AXIS2_PLACEMENT_3D('',#8552,#6941,#6942);
#6120=AXIS2_PLACEMENT_3D('',#8559,#6946,#6947);
#6121=AXIS2_PLACEMENT_3D('',#8569,#6953,#6954);
#6122=AXIS2_PLACEMENT_3D('',#8582,#6961,#6962);
#6123=AXIS2_PLACEMENT_3D('',#8589,#6966,#6967);
#6124=AXIS2_PLACEMENT_3D('',#8666,#7006,#7007);
#6125=AXIS2_PLACEMENT_3D('',#8669,#7010,#7011);
#6126=AXIS2_PLACEMENT_3D('',#8671,#7013,#7014);
#6127=AXIS2_PLACEMENT_3D('',#8673,#7016,#7017);
#6128=AXIS2_PLACEMENT_3D('',#8675,#7019,#7020);
#6129=AXIS2_PLACEMENT_3D('',#8677,#7022,#7023);
#6130=AXIS2_PLACEMENT_3D('',#8679,#7025,#7026);
#6131=AXIS2_PLACEMENT_3D('',#8681,#7028,#7029);
#6132=AXIS2_PLACEMENT_3D('',#8683,#7031,#7032);
#6133=AXIS2_PLACEMENT_3D('',#8685,#7034,#7035);
#6134=AXIS2_PLACEMENT_3D('',#8687,#7037,#7038);
#6135=AXIS2_PLACEMENT_3D('',#8689,#7040,#7041);
#6136=AXIS2_PLACEMENT_3D('',#8691,#7043,#7044);
#6137=AXIS2_PLACEMENT_3D('',#8693,#7046,#7047);
#6138=AXIS2_PLACEMENT_3D('',#8695,#7049,#7050);
#6139=AXIS2_PLACEMENT_3D('',#8697,#7052,#7053);
#6140=AXIS2_PLACEMENT_3D('',#8698,#7054,#7055);
#6141=AXIS2_PLACEMENT_3D('',#8701,#7058,#7059);
#6142=AXIS2_PLACEMENT_3D('',#8703,#7061,#7062);
#6143=AXIS2_PLACEMENT_3D('',#8705,#7064,#7065);
#6144=AXIS2_PLACEMENT_3D('',#8707,#7067,#7068);
#6145=AXIS2_PLACEMENT_3D('',#8709,#7070,#7071);
#6146=AXIS2_PLACEMENT_3D('',#8711,#7073,#7074);
#6147=AXIS2_PLACEMENT_3D('',#8713,#7076,#7077);
#6148=AXIS2_PLACEMENT_3D('',#8715,#7079,#7080);
#6149=AXIS2_PLACEMENT_3D('',#8717,#7082,#7083);
#6150=AXIS2_PLACEMENT_3D('',#8719,#7085,#7086);
#6151=AXIS2_PLACEMENT_3D('',#8721,#7088,#7089);
#6152=AXIS2_PLACEMENT_3D('',#8723,#7091,#7092);
#6153=AXIS2_PLACEMENT_3D('',#8725,#7094,#7095);
#6154=AXIS2_PLACEMENT_3D('',#8727,#7097,#7098);
#6155=AXIS2_PLACEMENT_3D('',#8729,#7100,#7101);
#6156=AXIS2_PLACEMENT_3D('',#8731,#7103,#7104);
#6157=AXIS2_PLACEMENT_3D('',#8733,#7106,#7107);
#6158=AXIS2_PLACEMENT_3D('',#8738,#7111,#7112);
#6159=AXIS2_PLACEMENT_3D('',#8740,#7114,#7115);
#6160=AXIS2_PLACEMENT_3D('',#8746,#7119,#7120);
#6161=AXIS2_PLACEMENT_3D('',#8749,#7123,#7124);
#6162=AXIS2_PLACEMENT_3D('',#8751,#7126,#7127);
#6163=AXIS2_PLACEMENT_3D('',#8754,#7130,#7131);
#6164=AXIS2_PLACEMENT_3D('',#8755,#7132,#7133);
#6165=AXIS2_PLACEMENT_3D('',#8759,#7136,#7137);
#6166=AXIS2_PLACEMENT_3D('',#8762,#7140,#7141);
#6167=AXIS2_PLACEMENT_3D('',#8766,#7144,#7145);
#6168=AXIS2_PLACEMENT_3D('',#8772,#7149,#7150);
#6169=AXIS2_PLACEMENT_3D('',#8778,#7154,#7155);
#6170=AXIS2_PLACEMENT_3D('',#8782,#7158,#7159);
#6171=AXIS2_PLACEMENT_3D('',#8788,#7163,#7164);
#6172=AXIS2_PLACEMENT_3D('',#8792,#7167,#7168);
#6173=AXIS2_PLACEMENT_3D('',#8799,#7172,#7173);
#6174=AXIS2_PLACEMENT_3D('',#8808,#7178,#7179);
#6175=AXIS2_PLACEMENT_3D('',#8817,#7184,#7185);
#6176=AXIS2_PLACEMENT_3D('',#8824,#7189,#7190);
#6177=AXIS2_PLACEMENT_3D('',#8831,#7194,#7195);
#6178=AXIS2_PLACEMENT_3D('',#8838,#7199,#7200);
#6179=AXIS2_PLACEMENT_3D('',#8845,#7204,#7205);
#6180=AXIS2_PLACEMENT_3D('',#8867,#7217,#7218);
#6181=AXIS2_PLACEMENT_3D('',#8892,#7231,#7232);
#6182=AXIS2_PLACEMENT_3D('',#8901,#7237,#7238);
#6183=AXIS2_PLACEMENT_3D('',#8905,#7241,#7242);
#6184=AXIS2_PLACEMENT_3D('',#8907,#7244,#7245);
#6185=AXIS2_PLACEMENT_3D('',#8910,#7248,#7249);
#6186=AXIS2_PLACEMENT_3D('',#8912,#7251,#7252);
#6187=AXIS2_PLACEMENT_3D('',#8914,#7254,#7255);
#6188=AXIS2_PLACEMENT_3D('',#8920,#7259,#7260);
#6189=AXIS2_PLACEMENT_3D('',#8924,#7263,#7264);
#6190=AXIS2_PLACEMENT_3D('',#8927,#7267,#7268);
#6191=AXIS2_PLACEMENT_3D('',#8929,#7270,#7271);
#6192=AXIS2_PLACEMENT_3D('',#8931,#7273,#7274);
#6193=AXIS2_PLACEMENT_3D('',#8936,#7278,#7279);
#6194=AXIS2_PLACEMENT_3D('',#8939,#7282,#7283);
#6195=AXIS2_PLACEMENT_3D('',#8943,#7287,#7288);
#6196=AXIS2_PLACEMENT_3D('',#8945,#7290,#7291);
#6197=AXIS2_PLACEMENT_3D('',#8948,#7294,#7295);
#6198=AXIS2_PLACEMENT_3D('',#8950,#7297,#7298);
#6199=AXIS2_PLACEMENT_3D('',#8951,#7299,#7300);
#6200=AXIS2_PLACEMENT_3D('',#8955,#7303,#7304);
#6201=AXIS2_PLACEMENT_3D('',#8962,#7308,#7309);
#6202=AXIS2_PLACEMENT_3D('',#8978,#7318,#7319);
#6203=AXIS2_PLACEMENT_3D('',#8986,#7325,#7326);
#6204=AXIS2_PLACEMENT_3D('',#8989,#7329,#7330);
#6205=AXIS2_PLACEMENT_3D('',#8991,#7332,#7333);
#6206=AXIS2_PLACEMENT_3D('',#8999,#7339,#7340);
#6207=AXIS2_PLACEMENT_3D('',#9001,#7342,#7343);
#6208=AXIS2_PLACEMENT_3D('',#9002,#7344,#7345);
#6209=AXIS2_PLACEMENT_3D('',#9003,#7346,#7347);
#6210=AXIS2_PLACEMENT_3D('',#9007,#7350,#7351);
#6211=AXIS2_PLACEMENT_3D('',#9013,#7355,#7356);
#6212=AXIS2_PLACEMENT_3D('',#9016,#7359,#7360);
#6213=AXIS2_PLACEMENT_3D('',#9017,#7361,#7362);
#6214=AXIS2_PLACEMENT_3D('',#9018,#7363,#7364);
#6215=AXIS2_PLACEMENT_3D('',#9022,#7367,#7368);
#6216=AXIS2_PLACEMENT_3D('',#9026,#7371,#7372);
#6217=AXIS2_PLACEMENT_3D('',#9030,#7375,#7376);
#6218=AXIS2_PLACEMENT_3D('',#9034,#7379,#7380);
#6219=AXIS2_PLACEMENT_3D('',#9036,#7382,#7383);
#6220=AXIS2_PLACEMENT_3D('',#9037,#7384,#7385);
#6221=AXIS2_PLACEMENT_3D('',#9041,#7388,#7389);
#6222=AXIS2_PLACEMENT_3D('',#9047,#7393,#7394);
#6223=AXIS2_PLACEMENT_3D('',#9054,#7398,#7399);
#6224=AXIS2_PLACEMENT_3D('',#9073,#7409,#7410);
#6225=AXIS2_PLACEMENT_3D('',#9078,#7414,#7415);
#6226=AXIS2_PLACEMENT_3D('',#9083,#7419,#7420);
#6227=AXIS2_PLACEMENT_3D('',#9086,#7423,#7424);
#6228=AXIS2_PLACEMENT_3D('',#9088,#7426,#7427);
#6229=AXIS2_PLACEMENT_3D('',#9095,#7432,#7433);
#6230=AXIS2_PLACEMENT_3D('',#9097,#7435,#7436);
#6231=AXIS2_PLACEMENT_3D('',#9103,#7440,#7441);
#6232=AXIS2_PLACEMENT_3D('',#9108,#7445,#7446);
#6233=AXIS2_PLACEMENT_3D('',#9110,#7448,#7449);
#6234=AXIS2_PLACEMENT_3D('',#9111,#7450,#7451);
#6235=AXIS2_PLACEMENT_3D('',#9112,#7452,#7453);
#6236=AXIS2_PLACEMENT_3D('',#9116,#7456,#7457);
#6237=AXIS2_PLACEMENT_3D('',#9122,#7461,#7462);
#6238=AXIS2_PLACEMENT_3D('',#9128,#7466,#7467);
#6239=AXIS2_PLACEMENT_3D('',#9132,#7470,#7471);
#6240=AXIS2_PLACEMENT_3D('',#9136,#7474,#7475);
#6241=AXIS2_PLACEMENT_3D('',#9164,#7491,#7492);
#6242=AXIS2_PLACEMENT_3D('',#9165,#7493,#7494);
#6243=AXIS2_PLACEMENT_3D('',#9171,#7498,#7499);
#6244=AXIS2_PLACEMENT_3D('',#9179,#7504,#7505);
#6245=AXIS2_PLACEMENT_3D('',#9190,#7512,#7513);
#6246=AXIS2_PLACEMENT_3D('',#9203,#7521,#7522);
#6247=AXIS2_PLACEMENT_3D('',#9262,#7553,#7554);
#6248=AXIS2_PLACEMENT_3D('',#9265,#7557,#7558);
#6249=AXIS2_PLACEMENT_3D('',#9267,#7560,#7561);
#6250=AXIS2_PLACEMENT_3D('',#9269,#7563,#7564);
#6251=AXIS2_PLACEMENT_3D('',#9270,#7565,#7566);
#6252=AXIS2_PLACEMENT_3D('',#9273,#7569,#7570);
#6253=AXIS2_PLACEMENT_3D('',#9275,#7572,#7573);
#6254=AXIS2_PLACEMENT_3D('',#9277,#7575,#7576);
#6255=AXIS2_PLACEMENT_3D('',#9278,#7577,#7578);
#6256=AXIS2_PLACEMENT_3D('',#9279,#7579,#7580);
#6257=AXIS2_PLACEMENT_3D('',#9281,#7582,#7583);
#6258=AXIS2_PLACEMENT_3D('',#9283,#7585,#7586);
#6259=AXIS2_PLACEMENT_3D('',#9285,#7588,#7589);
#6260=AXIS2_PLACEMENT_3D('',#9286,#7590,#7591);
#6261=AXIS2_PLACEMENT_3D('',#9293,#7596,#7597);
#6262=AXIS2_PLACEMENT_3D('',#9296,#7600,#7601);
#6263=AXIS2_PLACEMENT_3D('',#9301,#7605,#7606);
#6264=AXIS2_PLACEMENT_3D('',#9306,#7610,#7611);
#6265=AXIS2_PLACEMENT_3D('',#9308,#7613,#7614);
#6266=AXIS2_PLACEMENT_3D('',#9310,#7616,#7617);
#6267=AXIS2_PLACEMENT_3D('',#9311,#7618,#7619);
#6268=AXIS2_PLACEMENT_3D('',#9315,#7622,#7623);
#6269=AXIS2_PLACEMENT_3D('',#9321,#7627,#7628);
#6270=AXIS2_PLACEMENT_3D('',#9324,#7631,#7632);
#6271=AXIS2_PLACEMENT_3D('',#9325,#7633,#7634);
#6272=AXIS2_PLACEMENT_3D('',#9326,#7635,#7636);
#6273=AXIS2_PLACEMENT_3D('',#9332,#7640,#7641);
#6274=AXIS2_PLACEMENT_3D('',#9338,#7645,#7646);
#6275=AXIS2_PLACEMENT_3D('',#9341,#7649,#7650);
#6276=AXIS2_PLACEMENT_3D('',#9342,#7651,#7652);
#6277=AXIS2_PLACEMENT_3D('',#9343,#7653,#7654);
#6278=AXIS2_PLACEMENT_3D('',#9349,#7658,#7659);
#6279=AXIS2_PLACEMENT_3D('',#9353,#7662,#7663);
#6280=AXIS2_PLACEMENT_3D('',#9357,#7666,#7667);
#6281=AXIS2_PLACEMENT_3D('',#9359,#7669,#7670);
#6282=AXIS2_PLACEMENT_3D('',#9360,#7671,#7672);
#6283=AXIS2_PLACEMENT_3D('',#9364,#7675,#7676);
#6284=AXIS2_PLACEMENT_3D('',#9370,#7680,#7681);
#6285=AXIS2_PLACEMENT_3D('',#9373,#7684,#7685);
#6286=AXIS2_PLACEMENT_3D('',#9374,#7686,#7687);
#6287=AXIS2_PLACEMENT_3D('',#9375,#7688,#7689);
#6288=AXIS2_PLACEMENT_3D('',#9381,#7693,#7694);
#6289=AXIS2_PLACEMENT_3D('',#9387,#7698,#7699);
#6290=AXIS2_PLACEMENT_3D('',#9389,#7701,#7702);
#6291=AXIS2_PLACEMENT_3D('',#9391,#7704,#7705);
#6292=AXIS2_PLACEMENT_3D('',#9397,#7709,#7710);
#6293=AXIS2_PLACEMENT_3D('',#9403,#7714,#7715);
#6294=AXIS2_PLACEMENT_3D('',#9405,#7717,#7718);
#6295=AXIS2_PLACEMENT_3D('',#9407,#7720,#7721);
#6296=AXIS2_PLACEMENT_3D('',#9413,#7725,#7726);
#6297=AXIS2_PLACEMENT_3D('',#9417,#7729,#7730);
#6298=AXIS2_PLACEMENT_3D('',#9421,#7733,#7734);
#6299=AXIS2_PLACEMENT_3D('',#9423,#7736,#7737);
#6300=AXIS2_PLACEMENT_3D('',#9429,#7741,#7742);
#6301=AXIS2_PLACEMENT_3D('',#9433,#7745,#7746);
#6302=AXIS2_PLACEMENT_3D('',#9437,#7749,#7750);
#6303=AXIS2_PLACEMENT_3D('',#9439,#7752,#7753);
#6304=DIRECTION('axis',(0.,0.,1.));
#6305=DIRECTION('refdir',(1.,0.,0.));
#6306=DIRECTION('center_axis',(1.,0.,0.));
#6307=DIRECTION('ref_axis',(0.,0.,-1.));
#6308=DIRECTION('',(0.,-0.7327934916263,-0.680451099367277));
#6309=DIRECTION('',(0.,0.,-1.));
#6310=DIRECTION('',(0.,0.745937661625914,-0.666015769308853));
#6311=DIRECTION('',(0.,0.263117405792111,-0.964763821237732));
#6312=DIRECTION('',(0.,-0.327110563883168,-0.944986073440258));
#6313=DIRECTION('center_axis',(0.,-0.443796518676154,0.896127585788389));
#6314=DIRECTION('ref_axis',(0.,-0.896127585788389,-0.443796518676154));
#6315=DIRECTION('',(0.,0.896127585788389,0.443796518676154));
#6316=DIRECTION('',(1.,0.,0.));
#6317=DIRECTION('',(0.,-0.896127585788389,-0.443796518676154));
#6318=DIRECTION('',(1.,0.,0.));
#6319=DIRECTION('center_axis',(0.,0.,1.));
#6320=DIRECTION('ref_axis',(0.,-1.,0.));
#6321=DIRECTION('',(0.,1.,0.));
#6322=DIRECTION('',(0.,-1.,0.));
#6323=DIRECTION('',(1.,0.,0.));
#6324=DIRECTION('center_axis',(0.,0.443796518676154,0.896127585788389));
#6325=DIRECTION('ref_axis',(0.,-0.896127585788389,0.443796518676154));
#6326=DIRECTION('',(0.,0.896127585788389,-0.443796518676154));
#6327=DIRECTION('',(0.,-0.896127585788389,0.443796518676154));
#6328=DIRECTION('',(1.,0.,0.));
#6329=DIRECTION('center_axis',(0.,0.0274406433040306,0.999623434646798));
#6330=DIRECTION('ref_axis',(0.,-0.999623434646798,0.0274406433040306));
#6331=DIRECTION('',(0.,0.999623434646798,-0.0274406433040306));
#6332=DIRECTION('',(0.,-0.999623434646798,0.0274406433040306));
#6333=DIRECTION('',(1.,0.,0.));
#6334=DIRECTION('center_axis',(1.,0.,0.));
#6335=DIRECTION('ref_axis',(0.,0.,-1.));
#6336=DIRECTION('',(0.,0.,1.));
#6337=DIRECTION('',(0.,-1.,0.));
#6338=DIRECTION('',(0.,0.,-1.));
#6339=DIRECTION('',(0.,1.,0.));
#6340=DIRECTION('',(0.,1.,0.));
#6341=DIRECTION('',(0.,0.,-1.));
#6342=DIRECTION('',(0.,-1.,0.));
#6343=DIRECTION('',(0.,0.,1.));
#6344=DIRECTION('center_axis',(1.,0.,0.));
#6345=DIRECTION('ref_axis',(0.,0.,-1.));
#6346=DIRECTION('',(0.,0.768221279597376,0.64018439966448));
#6347=DIRECTION('',(0.,0.,1.));
#6348=DIRECTION('',(0.,-0.754605522163505,0.656178714924786));
#6349=DIRECTION('',(0.,-0.400818834019709,0.916157334902189));
#6350=DIRECTION('',(0.,0.207504208355064,0.978234125102441));
#6351=DIRECTION('center_axis',(1.,0.,0.));
#6352=DIRECTION('ref_axis',(0.,0.,-1.));
#6353=DIRECTION('',(0.,0.,1.));
#6354=DIRECTION('',(0.,-0.77395729920332,-0.633237790257264));
#6355=DIRECTION('',(0.,-0.263117405792109,-0.964763821237732));
#6356=DIRECTION('',(0.,0.,-1.));
#6357=DIRECTION('',(0.,0.410364677328799,-0.911921505175106));
#6358=DIRECTION('',(0.,0.79709214815401,-0.603857687995462));
#6359=DIRECTION('center_axis',(1.,0.,0.));
#6360=DIRECTION('ref_axis',(0.,0.,-1.));
#6361=DIRECTION('',(0.,0.,1.));
#6362=DIRECTION('',(0.,-0.773957299203322,-0.633237790257262));
#6363=DIRECTION('',(0.,-0.287347885566344,-0.957826285221152));
#6364=DIRECTION('',(0.,0.236351579147501,-0.971667603161947));
#6365=DIRECTION('',(0.,0.762509135372792,-0.646977448195095));
#6366=DIRECTION('center_axis',(1.,0.,0.));
#6367=DIRECTION('ref_axis',(0.,0.,-1.));
#6368=DIRECTION('',(0.,0.,1.));
#6369=DIRECTION('',(0.,-1.,0.));
#6370=DIRECTION('',(0.,-0.695022096847475,0.718988376049112));
#6371=DIRECTION('',(0.,-1.,0.));
#6372=DIRECTION('',(0.,0.,1.));
#6373=DIRECTION('',(0.,-0.209529088730873,0.97780241407741));
#6374=DIRECTION('',(0.,-0.412507553308046,0.910954180221931));
#6375=DIRECTION('',(0.,-0.594391061083802,0.804176141466328));
#6376=DIRECTION('',(0.,-0.763885625546046,0.645351649168209));
#6377=DIRECTION('',(0.,-0.914349389646561,0.404926158272051));
#6378=DIRECTION('',(0.,-0.989687370880683,0.14324422473273));
#6379=DIRECTION('',(0.,-0.989687370880683,-0.14324422473273));
#6380=DIRECTION('',(0.,-0.914349389646561,-0.404926158272051));
#6381=DIRECTION('',(0.,-0.763885625546046,-0.645351649168209));
#6382=DIRECTION('',(0.,-0.594391061083802,-0.804176141466328));
#6383=DIRECTION('',(0.,-0.412507553308046,-0.910954180221931));
#6384=DIRECTION('',(0.,-0.209529088730873,-0.97780241407741));
#6385=DIRECTION('',(0.,0.,-1.));
#6386=DIRECTION('',(0.,-1.,0.));
#6387=DIRECTION('',(0.,-0.695022096847475,-0.718988376049112));
#6388=DIRECTION('',(0.,1.,0.));
#6389=DIRECTION('',(0.,0.230877292467922,0.972982875400529));
#6390=DIRECTION('',(0.,0.507020126563395,0.861934215157769));
#6391=DIRECTION('',(0.,0.764911198117051,0.64413574578278));
#6392=DIRECTION('',(0.,0.91806235353619,0.396436016299721));
#6393=DIRECTION('',(0.,0.989532981063281,0.144306893071729));
#6394=DIRECTION('',(0.,0.989532981063281,-0.144306893071729));
#6395=DIRECTION('',(0.,0.91806235353619,-0.396436016299721));
#6396=DIRECTION('',(0.,0.764911198117051,-0.64413574578278));
#6397=DIRECTION('',(0.,0.507020126563395,-0.861934215157769));
#6398=DIRECTION('',(0.,0.230877292467922,-0.972982875400529));
#6399=DIRECTION('',(0.,0.,-1.));
#6400=DIRECTION('',(0.,-1.,0.));
#6401=DIRECTION('',(0.,-0.554700196225229,0.832050294337844));
#6402=DIRECTION('',(0.,-0.554700196225229,-0.832050294337844));
#6403=DIRECTION('',(0.,-1.,0.));
#6404=DIRECTION('',(0.,0.,1.));
#6405=DIRECTION('center_axis',(1.,0.,0.));
#6406=DIRECTION('ref_axis',(0.,0.,-1.));
#6407=DIRECTION('',(0.,0.,-1.));
#6408=DIRECTION('',(0.,0.752576694706879,0.658504607868517));
#6409=DIRECTION('',(0.,0.284970268082961,0.958536356279054));
#6410=DIRECTION('',(0.,-0.287347885566342,0.957826285221152));
#6411=DIRECTION('',(0.,-0.576683197598656,0.816967863264761));
#6412=DIRECTION('',(0.,-0.780868809443031,0.624695047554423));
#6413=DIRECTION('center_axis',(1.,0.,0.));
#6414=DIRECTION('ref_axis',(0.,0.,-1.));
#6415=DIRECTION('',(0.,0.,-1.));
#6416=DIRECTION('',(0.,0.788024373724564,0.615644041972315));
#6417=DIRECTION('',(0.,0.265156483021041,0.964205392803791));
#6418=DIRECTION('',(0.,-0.316227766016837,0.948683298050514));
#6419=DIRECTION('',(0.,-0.764291483507889,0.644870939209784));
#6420=DIRECTION('center_axis',(1.,0.,0.));
#6421=DIRECTION('ref_axis',(0.,0.,-1.));
#6422=DIRECTION('',(0.,0.784882765533426,0.619644288579022));
#6423=DIRECTION('',(0.,-0.764911198117051,-0.64413574578278));
#6424=DIRECTION('',(0.,-0.507020126563395,-0.861934215157769));
#6425=DIRECTION('',(0.,-0.230877292467922,-0.972982875400529));
#6426=DIRECTION('',(0.,0.,-1.));
#6427=DIRECTION('',(0.,-1.,0.));
#6428=DIRECTION('',(0.,0.,1.));
#6429=DIRECTION('',(0.,0.242535625036334,0.970142500145332));
#6430=DIRECTION('',(0.,0.499722453489578,0.8661855860486));
#6431=DIRECTION('center_axis',(1.,0.,0.));
#6432=DIRECTION('ref_axis',(0.,0.,-1.));
#6433=DIRECTION('',(0.,0.,-1.));
#6434=DIRECTION('',(0.,0.762509135372792,-0.646977448195095));
#6435=DIRECTION('',(0.,0.236351579147501,-0.971667603161947));
#6436=DIRECTION('',(0.,-0.287347885566344,-0.957826285221152));
#6437=DIRECTION('',(0.,-0.773957299203322,-0.633237790257262));
#6438=DIRECTION('center_axis',(1.,0.,0.));
#6439=DIRECTION('ref_axis',(0.,0.,-1.));
#6440=DIRECTION('',(0.,-1.,0.));
#6441=DIRECTION('',(0.,0.554700196225229,0.832050294337844));
#6442=DIRECTION('',(0.,0.554700196225229,-0.832050294337844));
#6443=DIRECTION('center_axis',(1.,0.,0.));
#6444=DIRECTION('ref_axis',(0.,0.,-1.));
#6445=DIRECTION('',(0.,1.,0.));
#6446=DIRECTION('',(0.,-0.989532981063281,-0.144306893071729));
#6447=DIRECTION('',(0.,-0.91806235353619,-0.396436016299721));
#6448=DIRECTION('',(0.,0.886225443961837,0.463254209343688));
#6449=DIRECTION('center_axis',(1.,0.,0.));
#6450=DIRECTION('ref_axis',(0.,0.,-1.));
#6451=DIRECTION('',(0.,0.227229615606419,-0.973841209741793));
#6452=DIRECTION('',(0.,-0.230877292467922,0.972982875400529));
#6453=DIRECTION('',(0.,-0.507020126563395,0.861934215157769));
#6454=DIRECTION('',(0.,-0.764911198117051,0.64413574578278));
#6455=DIRECTION('',(0.,-0.91806235353619,0.396436016299721));
#6456=DIRECTION('',(0.,-0.989532981063281,0.144306893071729));
#6457=DIRECTION('',(0.,1.,0.));
#6458=DIRECTION('',(0.,0.89043468219608,-0.455111059789108));
#6459=DIRECTION('',(0.,0.776755748719503,-0.62980195842122));
#6460=DIRECTION('',(0.,0.499722453489578,-0.8661855860486));
#6461=DIRECTION('center_axis',(1.,0.,0.));
#6462=DIRECTION('ref_axis',(0.,0.,-1.));
#6463=DIRECTION('',(0.,1.,0.));
#6464=DIRECTION('',(0.,0.,-1.));
#6465=DIRECTION('',(0.,-1.,0.));
#6466=DIRECTION('',(0.,-0.7327934916263,-0.680451099367277));
#6467=DIRECTION('',(0.,-0.327110563883168,-0.944986073440258));
#6468=DIRECTION('',(0.,0.263117405792111,-0.964763821237732));
#6469=DIRECTION('',(0.,0.745937661625914,-0.666015769308853));
#6470=DIRECTION('',(0.,0.,-1.));
#6471=DIRECTION('center_axis',(1.,0.,0.));
#6472=DIRECTION('ref_axis',(0.,0.,-1.));
#6473=DIRECTION('',(0.,1.,0.));
#6474=DIRECTION('',(0.,0.,1.));
#6475=DIRECTION('',(0.,0.768221279597376,0.64018439966448));
#6476=DIRECTION('',(0.,0.207504208355064,0.978234125102441));
#6477=DIRECTION('',(0.,-0.400818834019709,0.916157334902189));
#6478=DIRECTION('',(0.,-1.,0.));
#6479=DIRECTION('',(0.,0.,1.));
#6480=DIRECTION('center_axis',(1.,0.,0.));
#6481=DIRECTION('ref_axis',(0.,0.,-1.));
#6482=DIRECTION('',(0.,-0.688749461914694,-0.724999433594413));
#6483=DIRECTION('',(0.,-1.,0.));
#6484=DIRECTION('',(0.,-0.695022096847475,-0.718988376049112));
#6485=DIRECTION('center_axis',(1.,0.,0.));
#6486=DIRECTION('ref_axis',(0.,0.,-1.));
#6487=DIRECTION('',(0.,-0.2486902473554,-0.968583068647346));
#6488=DIRECTION('',(0.,-0.209529088730873,-0.97780241407741));
#6489=DIRECTION('',(0.,-0.412507553308046,-0.910954180221931));
#6490=DIRECTION('center_axis',(1.,0.,0.));
#6491=DIRECTION('ref_axis',(0.,0.,-1.));
#6492=DIRECTION('',(0.,0.,1.));
#6493=DIRECTION('',(0.,-0.780868809443031,0.624695047554423));
#6494=DIRECTION('',(0.,-0.576683197598656,0.816967863264761));
#6495=DIRECTION('',(0.,-0.287347885566342,0.957826285221152));
#6496=DIRECTION('',(0.,0.284970268082961,0.958536356279054));
#6497=DIRECTION('',(0.,0.752576694706879,0.658504607868517));
#6498=DIRECTION('center_axis',(1.,0.,0.));
#6499=DIRECTION('ref_axis',(0.,0.,-1.));
#6500=DIRECTION('',(0.,-0.467887720419031,-0.883787916347063));
#6501=DIRECTION('',(0.,-0.412507553308046,-0.910954180221931));
#6502=DIRECTION('',(0.,-0.594391061083802,-0.804176141466328));
#6503=DIRECTION('center_axis',(1.,0.,0.));
#6504=DIRECTION('ref_axis',(0.,0.,-1.));
#6505=DIRECTION('',(0.,-0.688749461914694,0.724999433594413));
#6506=DIRECTION('',(0.,-0.695022096847475,0.718988376049112));
#6507=DIRECTION('',(0.,-1.,0.));
#6508=DIRECTION('center_axis',(1.,0.,0.));
#6509=DIRECTION('ref_axis',(0.,0.,-1.));
#6510=DIRECTION('',(0.,-0.680943745316192,-0.732335726094772));
#6511=DIRECTION('',(0.,-0.594391061083802,-0.804176141466328));
#6512=DIRECTION('',(0.,-0.763885625546046,-0.645351649168209));
#6513=DIRECTION('center_axis',(1.,0.,0.));
#6514=DIRECTION('ref_axis',(0.,0.,-1.));
#6515=DIRECTION('',(0.,-0.851658316704545,-0.524097425664333));
#6516=DIRECTION('',(0.,-0.763885625546046,-0.645351649168209));
#6517=DIRECTION('',(0.,-0.914349389646561,-0.404926158272051));
#6518=DIRECTION('center_axis',(1.,0.,0.));
#6519=DIRECTION('ref_axis',(0.,0.,-1.));
#6520=DIRECTION('',(0.,-0.492598219851769,0.87025685507146));
#6521=DIRECTION('',(0.,-0.594391061083802,0.804176141466328));
#6522=DIRECTION('',(0.,-0.412507553308046,0.910954180221931));
#6523=DIRECTION('',(0.,-0.209529088730873,0.97780241407741));
#6524=DIRECTION('',(0.,-0.290305798508055,0.956933928415437));
#6525=DIRECTION('center_axis',(1.,0.,0.));
#6526=DIRECTION('ref_axis',(0.,0.,-1.));
#6527=DIRECTION('',(0.,-1.,0.));
#6528=DIRECTION('',(0.,-0.989687370880683,-0.14324422473273));
#6529=DIRECTION('',(0.,-0.989687370880683,0.14324422473273));
#6530=DIRECTION('center_axis',(1.,0.,0.));
#6531=DIRECTION('ref_axis',(0.,0.,-1.));
#6532=DIRECTION('',(0.,-0.963517909629941,-0.267643863786094));
#6533=DIRECTION('',(0.,-0.914349389646561,-0.404926158272051));
#6534=DIRECTION('',(0.,-0.989687370880683,-0.14324422473273));
#6535=DIRECTION('center_axis',(1.,0.,0.));
#6536=DIRECTION('ref_axis',(0.,0.,-1.));
#6537=DIRECTION('',(0.,-0.875387052861873,0.48342270083417));
#6538=DIRECTION('',(0.,-0.914349389646561,0.404926158272051));
#6539=DIRECTION('',(0.,-0.763885625546046,0.645351649168209));
#6540=DIRECTION('',(0.,-0.594391061083802,0.804176141466328));
#6541=DIRECTION('',(0.,-0.751759112871275,0.659437818308136));
#6542=DIRECTION('center_axis',(1.,0.,0.));
#6543=DIRECTION('ref_axis',(0.,0.,-1.));
#6544=DIRECTION('',(0.,-0.973184612776411,0.230025453928968));
#6545=DIRECTION('',(0.,-0.989687370880683,0.14324422473273));
#6546=DIRECTION('',(0.,-0.914349389646561,0.404926158272051));
#6547=DIRECTION('center_axis',(0.,1.,0.));
#6548=DIRECTION('ref_axis',(0.,0.,1.));
#6549=DIRECTION('',(1.,0.,0.));
#6550=DIRECTION('',(1.,0.,0.));
#6551=DIRECTION('center_axis',(0.,-0.832050294337844,0.554700196225229));
#6552=DIRECTION('ref_axis',(0.,-0.554700196225229,-0.832050294337844));
#6553=DIRECTION('',(0.,0.554700196225229,0.832050294337844));
#6554=DIRECTION('',(1.,0.,0.));
#6555=DIRECTION('',(1.,0.,0.));
#6556=DIRECTION('center_axis',(0.,-0.972982875400529,-0.230877292467922));
#6557=DIRECTION('ref_axis',(0.,0.230877292467922,-0.972982875400529));
#6558=DIRECTION('',(1.,0.,0.));
#6559=DIRECTION('',(1.,0.,0.));
#6560=DIRECTION('center_axis',(0.,-0.861934215157769,-0.507020126563395));
#6561=DIRECTION('ref_axis',(0.,0.507020126563395,-0.861934215157769));
#6562=DIRECTION('',(1.,0.,0.));
#6563=DIRECTION('center_axis',(0.,-0.64413574578278,-0.764911198117051));
#6564=DIRECTION('ref_axis',(0.,0.764911198117051,-0.64413574578278));
#6565=DIRECTION('',(1.,0.,0.));
#6566=DIRECTION('center_axis',(0.,-0.396436016299721,-0.91806235353619));
#6567=DIRECTION('ref_axis',(0.,0.91806235353619,-0.396436016299721));
#6568=DIRECTION('',(1.,0.,0.));
#6569=DIRECTION('center_axis',(0.,-0.144306893071729,-0.989532981063281));
#6570=DIRECTION('ref_axis',(0.,0.989532981063281,-0.144306893071729));
#6571=DIRECTION('',(1.,0.,0.));
#6572=DIRECTION('',(0.,-0.989532981063281,0.144306893071729));
#6573=DIRECTION('center_axis',(0.,0.144306893071729,-0.989532981063281));
#6574=DIRECTION('ref_axis',(0.,0.989532981063281,0.144306893071729));
#6575=DIRECTION('',(0.,-0.989532981063281,-0.144306893071729));
#6576=DIRECTION('',(1.,0.,0.));
#6577=DIRECTION('center_axis',(0.,0.396436016299721,-0.91806235353619));
#6578=DIRECTION('ref_axis',(0.,0.91806235353619,0.396436016299721));
#6579=DIRECTION('',(1.,0.,0.));
#6580=DIRECTION('center_axis',(0.,0.64413574578278,-0.764911198117051));
#6581=DIRECTION('ref_axis',(0.,0.764911198117051,0.64413574578278));
#6582=DIRECTION('',(1.,0.,0.));
#6583=DIRECTION('center_axis',(0.,0.861934215157769,-0.507020126563395));
#6584=DIRECTION('ref_axis',(0.,0.507020126563395,0.861934215157769));
#6585=DIRECTION('',(1.,0.,0.));
#6586=DIRECTION('center_axis',(0.,0.972982875400529,-0.230877292467922));
#6587=DIRECTION('ref_axis',(0.,0.230877292467922,0.972982875400529));
#6588=DIRECTION('center_axis',(0.,-0.633237790257264,0.77395729920332));
#6589=DIRECTION('ref_axis',(0.,-0.77395729920332,-0.633237790257264));
#6590=DIRECTION('',(0.,0.77395729920332,0.633237790257264));
#6591=DIRECTION('',(1.,0.,0.));
#6592=DIRECTION('',(1.,0.,0.));
#6593=DIRECTION('center_axis',(0.,-0.646977448195095,-0.762509135372792));
#6594=DIRECTION('ref_axis',(0.,0.762509135372792,-0.646977448195095));
#6595=DIRECTION('',(1.,0.,0.));
#6596=DIRECTION('',(1.,0.,0.));
#6597=DIRECTION('center_axis',(0.,-0.971667603161947,-0.236351579147501));
#6598=DIRECTION('ref_axis',(0.,0.236351579147501,-0.971667603161947));
#6599=DIRECTION('',(1.,0.,0.));
#6600=DIRECTION('center_axis',(0.,-0.957826285221152,0.287347885566344));
#6601=DIRECTION('ref_axis',(0.,-0.287347885566344,-0.957826285221152));
#6602=DIRECTION('',(1.,0.,0.));
#6603=DIRECTION('center_axis',(0.,-0.633237790257262,0.773957299203322));
#6604=DIRECTION('ref_axis',(0.,-0.773957299203322,-0.633237790257262));
#6605=DIRECTION('',(1.,0.,0.));
#6606=DIRECTION('center_axis',(0.,-0.718988376049112,0.695022096847475));
#6607=DIRECTION('ref_axis',(0.,-0.695022096847475,-0.718988376049112));
#6608=DIRECTION('',(1.,0.,0.));
#6609=DIRECTION('',(1.,0.,0.));
#6610=DIRECTION('center_axis',(0.,-0.97780241407741,0.209529088730873));
#6611=DIRECTION('ref_axis',(0.,-0.209529088730873,-0.97780241407741));
#6612=DIRECTION('',(1.,0.,0.));
#6613=DIRECTION('',(1.,0.,0.));
#6614=DIRECTION('center_axis',(0.,-0.910954180221931,0.412507553308046));
#6615=DIRECTION('ref_axis',(0.,-0.412507553308046,-0.910954180221931));
#6616=DIRECTION('',(0.,0.412507553308046,0.910954180221931));
#6617=DIRECTION('',(1.,0.,0.));
#6618=DIRECTION('center_axis',(0.,-0.804176141466328,0.594391061083802));
#6619=DIRECTION('ref_axis',(0.,-0.594391061083802,-0.804176141466328));
#6620=DIRECTION('',(0.,0.594391061083802,0.804176141466328));
#6621=DIRECTION('',(1.,0.,0.));
#6622=DIRECTION('center_axis',(0.,-0.645351649168209,0.763885625546046));
#6623=DIRECTION('ref_axis',(0.,-0.763885625546046,-0.645351649168209));
#6624=DIRECTION('',(0.,0.763885625546046,0.645351649168209));
#6625=DIRECTION('',(1.,0.,0.));
#6626=DIRECTION('center_axis',(0.,-0.404926158272051,0.914349389646561));
#6627=DIRECTION('ref_axis',(0.,-0.914349389646561,-0.404926158272051));
#6628=DIRECTION('',(0.,0.914349389646561,0.404926158272051));
#6629=DIRECTION('',(1.,0.,0.));
#6630=DIRECTION('center_axis',(0.,-0.14324422473273,0.989687370880683));
#6631=DIRECTION('ref_axis',(0.,-0.989687370880683,-0.14324422473273));
#6632=DIRECTION('',(0.,0.989687370880683,0.14324422473273));
#6633=DIRECTION('',(1.,0.,0.));
#6634=DIRECTION('center_axis',(0.,0.14324422473273,0.989687370880683));
#6635=DIRECTION('ref_axis',(0.,-0.989687370880683,0.14324422473273));
#6636=DIRECTION('',(0.,0.989687370880683,-0.14324422473273));
#6637=DIRECTION('',(1.,0.,0.));
#6638=DIRECTION('center_axis',(0.,0.404926158272051,0.914349389646561));
#6639=DIRECTION('ref_axis',(0.,-0.914349389646561,0.404926158272051));
#6640=DIRECTION('',(0.,0.914349389646561,-0.404926158272051));
#6641=DIRECTION('',(1.,0.,0.));
#6642=DIRECTION('center_axis',(0.,0.645351649168209,0.763885625546046));
#6643=DIRECTION('ref_axis',(0.,-0.763885625546046,0.645351649168209));
#6644=DIRECTION('',(1.,0.,0.));
#6645=DIRECTION('center_axis',(0.,0.804176141466328,0.594391061083802));
#6646=DIRECTION('ref_axis',(0.,-0.594391061083802,0.804176141466328));
#6647=DIRECTION('',(0.,0.594391061083802,-0.804176141466328));
#6648=DIRECTION('',(1.,0.,0.));
#6649=DIRECTION('center_axis',(0.,0.910954180221931,0.412507553308046));
#6650=DIRECTION('ref_axis',(0.,-0.412507553308046,0.910954180221931));
#6651=DIRECTION('',(1.,0.,0.));
#6652=DIRECTION('center_axis',(0.,0.97780241407741,0.209529088730873));
#6653=DIRECTION('ref_axis',(0.,-0.209529088730873,0.97780241407741));
#6654=DIRECTION('',(1.,0.,0.));
#6655=DIRECTION('center_axis',(0.,0.718988376049112,0.695022096847475));
#6656=DIRECTION('ref_axis',(0.,-0.695022096847475,0.718988376049112));
#6657=DIRECTION('',(1.,0.,0.));
#6658=DIRECTION('',(1.,0.,0.));
#6659=DIRECTION('center_axis',(0.,0.624695047554423,0.780868809443031));
#6660=DIRECTION('ref_axis',(0.,-0.780868809443031,0.624695047554423));
#6661=DIRECTION('',(1.,0.,0.));
#6662=DIRECTION('',(1.,0.,0.));
#6663=DIRECTION('center_axis',(0.,0.816967863264761,0.576683197598656));
#6664=DIRECTION('ref_axis',(0.,-0.576683197598656,0.816967863264761));
#6665=DIRECTION('',(1.,0.,0.));
#6666=DIRECTION('center_axis',(0.,0.957826285221152,0.287347885566342));
#6667=DIRECTION('ref_axis',(0.,-0.287347885566342,0.957826285221152));
#6668=DIRECTION('',(1.,0.,0.));
#6669=DIRECTION('center_axis',(0.,0.958536356279054,-0.284970268082961));
#6670=DIRECTION('ref_axis',(0.,0.284970268082961,0.958536356279054));
#6671=DIRECTION('',(1.,0.,0.));
#6672=DIRECTION('center_axis',(0.,0.658504607868517,-0.752576694706879));
#6673=DIRECTION('ref_axis',(0.,0.752576694706879,0.658504607868517));
#6674=DIRECTION('',(1.,0.,0.));
#6675=DIRECTION('center_axis',(0.,0.644870939209784,0.764291483507889));
#6676=DIRECTION('ref_axis',(0.,-0.764291483507889,0.644870939209784));
#6677=DIRECTION('',(0.,0.764291483507889,-0.644870939209784));
#6678=DIRECTION('',(1.,0.,0.));
#6679=DIRECTION('',(1.,0.,0.));
#6680=DIRECTION('center_axis',(0.,0.948683298050514,0.316227766016837));
#6681=DIRECTION('ref_axis',(0.,-0.316227766016837,0.948683298050514));
#6682=DIRECTION('',(0.,0.316227766016837,-0.948683298050514));
#6683=DIRECTION('',(1.,0.,0.));
#6684=DIRECTION('center_axis',(0.,0.964205392803791,-0.265156483021041));
#6685=DIRECTION('ref_axis',(0.,0.265156483021041,0.964205392803791));
#6686=DIRECTION('',(0.,-0.265156483021041,-0.964205392803791));
#6687=DIRECTION('',(1.,0.,0.));
#6688=DIRECTION('center_axis',(0.,0.615644041972315,-0.788024373724564));
#6689=DIRECTION('ref_axis',(0.,0.788024373724564,0.615644041972315));
#6690=DIRECTION('',(0.,-0.788024373724564,-0.615644041972315));
#6691=DIRECTION('',(1.,0.,0.));
#6692=DIRECTION('center_axis',(0.,0.64018439966448,-0.768221279597376));
#6693=DIRECTION('ref_axis',(0.,0.768221279597376,0.64018439966448));
#6694=DIRECTION('',(1.,0.,0.));
#6695=DIRECTION('',(1.,0.,0.));
#6696=DIRECTION('center_axis',(0.,0.978234125102441,-0.207504208355064));
#6697=DIRECTION('ref_axis',(0.,0.207504208355064,0.978234125102441));
#6698=DIRECTION('',(1.,0.,0.));
#6699=DIRECTION('center_axis',(0.,0.916157334902189,0.400818834019709));
#6700=DIRECTION('ref_axis',(0.,-0.400818834019709,0.916157334902189));
#6701=DIRECTION('',(1.,0.,0.));
#6702=DIRECTION('center_axis',(0.,0.656178714924786,0.754605522163505));
#6703=DIRECTION('ref_axis',(0.,-0.754605522163505,0.656178714924786));
#6704=DIRECTION('',(0.,0.754605522163505,-0.656178714924786));
#6705=DIRECTION('',(1.,0.,0.));
#6706=DIRECTION('center_axis',(0.,-0.680451099367277,0.7327934916263));
#6707=DIRECTION('ref_axis',(0.,-0.7327934916263,-0.680451099367277));
#6708=DIRECTION('',(0.,0.7327934916263,0.680451099367277));
#6709=DIRECTION('',(1.,0.,0.));
#6710=DIRECTION('',(1.,0.,0.));
#6711=DIRECTION('center_axis',(0.,-0.944986073440258,0.327110563883168));
#6712=DIRECTION('ref_axis',(0.,-0.327110563883168,-0.944986073440258));
#6713=DIRECTION('',(1.,0.,0.));
#6714=DIRECTION('center_axis',(0.,-0.964763821237732,-0.263117405792111));
#6715=DIRECTION('ref_axis',(0.,0.263117405792111,-0.964763821237732));
#6716=DIRECTION('',(1.,0.,0.));
#6717=DIRECTION('center_axis',(0.,-0.666015769308853,-0.745937661625914));
#6718=DIRECTION('ref_axis',(0.,0.745937661625914,-0.666015769308853));
#6719=DIRECTION('',(1.,0.,0.));
#6720=DIRECTION('center_axis',(0.,-0.603857687995462,-0.79709214815401));
#6721=DIRECTION('ref_axis',(0.,0.79709214815401,-0.603857687995462));
#6722=DIRECTION('',(0.,-0.79709214815401,0.603857687995462));
#6723=DIRECTION('',(1.,0.,0.));
#6724=DIRECTION('',(1.,0.,0.));
#6725=DIRECTION('center_axis',(0.,-0.911921505175106,-0.410364677328799));
#6726=DIRECTION('ref_axis',(0.,0.410364677328799,-0.911921505175106));
#6727=DIRECTION('',(0.,-0.410364677328799,0.911921505175106));
#6728=DIRECTION('',(1.,0.,0.));
#6729=DIRECTION('center_axis',(0.,-1.,0.));
#6730=DIRECTION('ref_axis',(0.,0.,-1.));
#6731=DIRECTION('',(0.,0.,1.));
#6732=DIRECTION('',(1.,0.,0.));
#6733=DIRECTION('center_axis',(0.,-0.964763821237732,0.263117405792109));
#6734=DIRECTION('ref_axis',(0.,-0.263117405792109,-0.964763821237732));
#6735=DIRECTION('',(0.,0.263117405792109,0.964763821237732));
#6736=DIRECTION('center_axis',(1.,0.,0.));
#6737=DIRECTION('ref_axis',(0.,0.,-1.));
#6738=DIRECTION('',(0.,0.,1.));
#6739=DIRECTION('',(0.,-1.,0.));
#6740=DIRECTION('center_axis',(1.,0.,0.));
#6741=DIRECTION('ref_axis',(0.,0.,-1.));
#6742=DIRECTION('',(0.,-1.,0.));
#6743=DIRECTION('',(0.,0.,-1.));
#6744=DIRECTION('',(0.,-1.,0.));
#6745=DIRECTION('',(0.,0.,1.));
#6746=DIRECTION('',(0.,1.,0.));
#6747=DIRECTION('',(0.,0.,-1.));
#6748=DIRECTION('center_axis',(0.,0.,1.));
#6749=DIRECTION('ref_axis',(0.,-1.,0.));
#6750=DIRECTION('',(0.,1.,0.));
#6751=DIRECTION('',(1.,0.,0.));
#6752=DIRECTION('',(0.,-1.,0.));
#6753=DIRECTION('',(1.,0.,0.));
#6754=DIRECTION('center_axis',(0.,0.,1.));
#6755=DIRECTION('ref_axis',(0.,-1.,0.));
#6756=DIRECTION('',(1.,0.,0.));
#6757=DIRECTION('',(1.,0.,0.));
#6758=DIRECTION('center_axis',(1.,0.,0.));
#6759=DIRECTION('ref_axis',(0.,0.,-1.));
#6760=DIRECTION('',(0.,0.,-1.));
#6761=DIRECTION('center_axis',(1.,0.,0.));
#6762=DIRECTION('ref_axis',(0.,0.,-1.));
#6763=DIRECTION('',(0.,-1.,0.));
#6764=DIRECTION('',(0.,0.,1.));
#6765=DIRECTION('',(0.,0.,-1.));
#6766=DIRECTION('',(0.,-1.,0.));
#6767=DIRECTION('',(0.,0.,1.));
#6768=DIRECTION('center_axis',(0.,0.,1.));
#6769=DIRECTION('ref_axis',(0.,-1.,0.));
#6770=DIRECTION('',(0.,1.,0.));
#6771=DIRECTION('',(1.,0.,0.));
#6772=DIRECTION('',(1.,0.,0.));
#6773=DIRECTION('center_axis',(0.,1.,0.));
#6774=DIRECTION('ref_axis',(0.,0.,1.));
#6775=DIRECTION('',(0.,0.,-1.));
#6776=DIRECTION('',(1.,0.,0.));
#6777=DIRECTION('center_axis',(0.,-1.,0.));
#6778=DIRECTION('ref_axis',(0.,0.,-1.));
#6779=DIRECTION('',(0.,0.,1.));
#6780=DIRECTION('',(1.,0.,0.));
#6781=DIRECTION('',(1.,0.,0.));
#6782=DIRECTION('center_axis',(0.,0.,1.));
#6783=DIRECTION('ref_axis',(0.,-1.,0.));
#6784=DIRECTION('',(0.,1.,0.));
#6785=DIRECTION('',(1.,0.,0.));
#6786=DIRECTION('center_axis',(1.,0.,0.));
#6787=DIRECTION('ref_axis',(0.,0.,-1.));
#6788=DIRECTION('',(0.,0.,-1.));
#6789=DIRECTION('',(0.,-1.,0.));
#6790=DIRECTION('',(0.,0.,1.));
#6791=DIRECTION('',(0.,1.,0.));
#6792=DIRECTION('center_axis',(1.,0.,0.));
#6793=DIRECTION('ref_axis',(0.,0.,-1.));
#6794=DIRECTION('',(0.,1.,0.));
#6795=DIRECTION('',(0.,0.,1.));
#6796=DIRECTION('',(0.,-1.,0.));
#6797=DIRECTION('',(0.,0.,-1.));
#6798=DIRECTION('center_axis',(1.,0.,0.));
#6799=DIRECTION('ref_axis',(0.,0.,-1.));
#6800=DIRECTION('',(0.,1.,0.));
#6801=DIRECTION('',(0.,0.,1.));
#6802=DIRECTION('',(0.,-1.,0.));
#6803=DIRECTION('',(0.,0.,-1.));
#6804=DIRECTION('center_axis',(0.,0.,-1.));
#6805=DIRECTION('ref_axis',(0.,1.,0.));
#6806=DIRECTION('',(0.,-1.,0.));
#6807=DIRECTION('',(1.,0.,0.));
#6808=DIRECTION('',(1.,0.,0.));
#6809=DIRECTION('',(0.,-1.,0.));
#6810=DIRECTION('',(1.,0.,0.));
#6811=DIRECTION('',(1.,0.,0.));
#6812=DIRECTION('center_axis',(0.,-1.,0.));
#6813=DIRECTION('ref_axis',(0.,0.,-1.));
#6814=DIRECTION('',(0.,0.,1.));
#6815=DIRECTION('',(1.,0.,0.));
#6816=DIRECTION('center_axis',(0.,0.,-1.));
#6817=DIRECTION('ref_axis',(0.,1.,0.));
#6818=DIRECTION('',(0.,-1.,0.));
#6819=DIRECTION('',(1.,0.,0.));
#6820=DIRECTION('center_axis',(0.,1.,0.));
#6821=DIRECTION('ref_axis',(0.,0.,1.));
#6822=DIRECTION('',(0.,0.,-1.));
#6823=DIRECTION('center_axis',(0.,-1.,0.));
#6824=DIRECTION('ref_axis',(0.,0.,-1.));
#6825=DIRECTION('',(0.,0.,1.));
#6826=DIRECTION('',(1.,0.,0.));
#6827=DIRECTION('',(0.,0.,-1.));
#6828=DIRECTION('',(1.,0.,0.));
#6829=DIRECTION('',(0.,0.,1.));
#6830=DIRECTION('',(1.,0.,0.));
#6831=DIRECTION('',(0.,0.,-1.));
#6832=DIRECTION('',(1.,0.,0.));
#6833=DIRECTION('',(0.,0.,1.));
#6834=DIRECTION('',(1.,0.,0.));
#6835=DIRECTION('',(0.,0.,1.));
#6836=DIRECTION('',(1.,0.,0.));
#6837=DIRECTION('',(0.,0.,1.));
#6838=DIRECTION('',(1.,0.,0.));
#6839=DIRECTION('',(0.,0.,-1.));
#6840=DIRECTION('',(1.,0.,0.));
#6841=DIRECTION('',(0.,0.,-1.));
#6842=DIRECTION('',(1.,0.,0.));
#6843=DIRECTION('',(0.,0.,-1.));
#6844=DIRECTION('',(1.,0.,0.));
#6845=DIRECTION('',(0.,0.,1.));
#6846=DIRECTION('',(0.,0.,1.));
#6847=DIRECTION('',(1.,0.,0.));
#6848=DIRECTION('',(0.,0.,1.));
#6849=DIRECTION('',(1.,0.,0.));
#6850=DIRECTION('',(0.,0.,1.));
#6851=DIRECTION('',(1.,0.,0.));
#6852=DIRECTION('',(0.,0.,1.));
#6853=DIRECTION('',(1.,0.,0.));
#6854=DIRECTION('',(0.,0.,-1.));
#6855=DIRECTION('',(1.,0.,0.));
#6856=DIRECTION('',(0.,0.,-1.));
#6857=DIRECTION('',(1.,0.,0.));
#6858=DIRECTION('',(0.,0.,-1.));
#6859=DIRECTION('',(1.,0.,0.));
#6860=DIRECTION('',(1.,0.,0.));
#6861=DIRECTION('center_axis',(0.,0.,1.));
#6862=DIRECTION('ref_axis',(0.,-1.,0.));
#6863=DIRECTION('',(0.,1.,0.));
#6864=DIRECTION('',(1.,0.,0.));
#6865=DIRECTION('center_axis',(0.,1.,0.));
#6866=DIRECTION('ref_axis',(0.,0.,1.));
#6867=DIRECTION('',(0.,0.,-1.));
#6868=DIRECTION('',(1.,0.,0.));
#6869=DIRECTION('center_axis',(0.,0.,1.));
#6870=DIRECTION('ref_axis',(0.,-1.,0.));
#6871=DIRECTION('',(0.,1.,0.));
#6872=DIRECTION('',(1.,0.,0.));
#6873=DIRECTION('',(1.,0.,0.));
#6874=DIRECTION('',(1.,0.,0.));
#6875=DIRECTION('center_axis',(0.,-1.,0.));
#6876=DIRECTION('ref_axis',(0.,0.,-1.));
#6877=DIRECTION('',(0.,0.,1.));
#6878=DIRECTION('',(1.,0.,0.));
#6879=DIRECTION('center_axis',(0.,0.,1.));
#6880=DIRECTION('ref_axis',(0.,-1.,0.));
#6881=DIRECTION('',(0.,1.,0.));
#6882=DIRECTION('',(1.,0.,0.));
#6883=DIRECTION('center_axis',(1.,0.,0.));
#6884=DIRECTION('ref_axis',(0.,0.,-1.));
#6885=DIRECTION('',(0.,0.,-1.));
#6886=DIRECTION('center_axis',(1.,0.,0.));
#6887=DIRECTION('ref_axis',(0.,0.,-1.));
#6888=DIRECTION('',(0.,0.,-1.));
#6889=DIRECTION('',(0.,0.,-1.));
#6890=DIRECTION('',(0.,1.,0.));
#6891=DIRECTION('',(0.,0.,1.));
#6892=DIRECTION('',(0.,0.94960120916024,0.31346059331503));
#6893=DIRECTION('',(0.,0.,1.));
#6894=DIRECTION('',(0.,-1.,0.));
#6895=DIRECTION('center_axis',(1.,0.,0.));
#6896=DIRECTION('ref_axis',(0.,0.,-1.));
#6897=DIRECTION('',(0.,-0.664363838829913,-0.747409318683665));
#6898=DIRECTION('',(0.,1.,0.));
#6899=DIRECTION('center_axis',(1.,0.,0.));
#6900=DIRECTION('ref_axis',(0.,0.,-1.));
#6901=DIRECTION('',(0.,1.,0.));
#6902=DIRECTION('center_axis',(1.,0.,0.));
#6903=DIRECTION('ref_axis',(0.,0.,-1.));
#6904=DIRECTION('',(0.,-1.,0.));
#6905=DIRECTION('',(0.,0.,-1.));
#6906=DIRECTION('',(0.,0.94960120916024,-0.31346059331503));
#6907=DIRECTION('',(0.,0.,-1.));
#6908=DIRECTION('',(0.,1.,0.));
#6909=DIRECTION('center_axis',(1.,0.,0.));
#6910=DIRECTION('ref_axis',(0.,0.,-1.));
#6911=DIRECTION('',(0.,-0.492598219851769,0.87025685507146));
#6912=DIRECTION('',(0.,-0.751759112871275,0.659437818308136));
#6913=DIRECTION('center_axis',(1.,0.,0.));
#6914=DIRECTION('ref_axis',(0.,0.,-1.));
#6915=DIRECTION('',(0.,-0.467887720419031,-0.883787916347063));
#6916=DIRECTION('',(0.,-0.2486902473554,-0.968583068647346));
#6917=DIRECTION('center_axis',(1.,0.,0.));
#6918=DIRECTION('ref_axis',(0.,0.,-1.));
#6919=DIRECTION('',(0.,-0.680943745316192,-0.732335726094772));
#6920=DIRECTION('',(0.,-0.467887720419031,-0.883787916347063));
#6921=DIRECTION('center_axis',(1.,0.,0.));
#6922=DIRECTION('ref_axis',(0.,0.,-1.));
#6923=DIRECTION('',(0.,-0.851658316704545,-0.524097425664333));
#6924=DIRECTION('',(0.,-0.680943745316192,-0.732335726094772));
#6925=DIRECTION('center_axis',(1.,0.,0.));
#6926=DIRECTION('ref_axis',(0.,0.,-1.));
#6927=DIRECTION('',(0.,-0.875387052861873,0.48342270083417));
#6928=DIRECTION('',(0.,-0.973184612776411,0.230025453928968));
#6929=DIRECTION('center_axis',(1.,0.,0.));
#6930=DIRECTION('ref_axis',(0.,0.,-1.));
#6931=DIRECTION('',(0.,-0.963517909629941,-0.267643863786094));
#6932=DIRECTION('',(0.,-0.851658316704545,-0.524097425664333));
#6933=DIRECTION('center_axis',(1.,0.,0.));
#6934=DIRECTION('ref_axis',(0.,0.,-1.));
#6935=DIRECTION('',(0.,-1.,0.));
#6936=DIRECTION('',(0.,-0.963517909629941,-0.267643863786094));
#6937=DIRECTION('center_axis',(1.,0.,0.));
#6938=DIRECTION('ref_axis',(0.,0.,-1.));
#6939=DIRECTION('',(0.,-0.973184612776411,0.230025453928968));
#6940=DIRECTION('',(0.,-1.,0.));
#6941=DIRECTION('center_axis',(1.,0.,0.));
#6942=DIRECTION('ref_axis',(0.,0.,-1.));
#6943=DIRECTION('',(0.,0.948683298050514,-0.316227766016838));
#6944=DIRECTION('',(0.,0.94960120916024,-0.31346059331503));
#6945=DIRECTION('',(0.,0.,-1.));
#6946=DIRECTION('center_axis',(1.,0.,0.));
#6947=DIRECTION('ref_axis',(0.,0.,-1.));
#6948=DIRECTION('',(0.,0.995274633925616,0.097099964285426));
#6949=DIRECTION('',(0.,0.,1.));
#6950=DIRECTION('',(0.,1.,0.));
#6951=DIRECTION('',(0.,0.,1.));
#6952=DIRECTION('',(0.,1.,0.));
#6953=DIRECTION('center_axis',(1.,0.,0.));
#6954=DIRECTION('ref_axis',(0.,0.,-1.));
#6955=DIRECTION('',(0.,1.,0.));
#6956=DIRECTION('',(0.,0.,1.));
#6957=DIRECTION('',(0.,1.,0.));
#6958=DIRECTION('',(0.,0.,-1.));
#6959=DIRECTION('',(0.,1.,0.));
#6960=DIRECTION('',(0.,0.,-1.));
#6961=DIRECTION('center_axis',(1.,0.,0.));
#6962=DIRECTION('ref_axis',(0.,0.,-1.));
#6963=DIRECTION('',(0.,0.948683298050514,0.316227766016838));
#6964=DIRECTION('',(0.,0.,1.));
#6965=DIRECTION('',(0.,0.94960120916024,0.31346059331503));
#6966=DIRECTION('center_axis',(1.,0.,0.));
#6967=DIRECTION('ref_axis',(0.,0.,-1.));
#6968=DIRECTION('',(0.,-1.,0.));
#6969=DIRECTION('',(0.,-0.854198555614439,0.519946946895744));
#6970=DIRECTION('',(0.,-1.,0.));
#6971=DIRECTION('',(0.,-0.87854670167313,-0.477656459162089));
#6972=DIRECTION('',(0.,-1.,0.));
#6973=DIRECTION('',(0.,-0.688749461914694,-0.724999433594413));
#6974=DIRECTION('',(0.,-1.,0.));
#6975=DIRECTION('',(0.,0.,-1.));
#6976=DIRECTION('',(0.,-0.2486902473554,-0.968583068647346));
#6977=DIRECTION('',(0.,-0.467887720419031,-0.883787916347063));
#6978=DIRECTION('',(0.,-0.680943745316192,-0.732335726094772));
#6979=DIRECTION('',(0.,-0.851658316704545,-0.524097425664333));
#6980=DIRECTION('',(0.,-0.963517909629941,-0.267643863786094));
#6981=DIRECTION('',(0.,-1.,0.));
#6982=DIRECTION('',(0.,-0.973184612776411,0.230025453928968));
#6983=DIRECTION('',(0.,-0.875387052861873,0.48342270083417));
#6984=DIRECTION('',(0.,-0.751759112871275,0.659437818308136));
#6985=DIRECTION('',(0.,-0.492598219851769,0.87025685507146));
#6986=DIRECTION('',(0.,-0.290305798508055,0.956933928415437));
#6987=DIRECTION('',(0.,0.,1.));
#6988=DIRECTION('',(0.,-1.,0.));
#6989=DIRECTION('',(0.,-0.688749461914694,0.724999433594413));
#6990=DIRECTION('',(0.,-0.242535625036334,-0.970142500145332));
#6991=DIRECTION('',(0.,0.,-1.));
#6992=DIRECTION('',(0.,1.,0.));
#6993=DIRECTION('',(0.,0.664363838829913,0.747409318683665));
#6994=DIRECTION('',(0.,1.,0.));
#6995=DIRECTION('',(0.,0.554700196225222,-0.832050294337848));
#6996=DIRECTION('',(0.,1.,0.));
#6997=DIRECTION('',(0.,0.,1.));
#6998=DIRECTION('',(0.,-0.227229615606419,0.973841209741793));
#6999=DIRECTION('',(0.,-0.499722453489578,0.8661855860486));
#7000=DIRECTION('',(0.,-0.776755748719503,0.62980195842122));
#7001=DIRECTION('',(0.,-0.89043468219608,0.455111059789108));
#7002=DIRECTION('',(0.,-1.,0.));
#7003=DIRECTION('',(0.,-0.886225443961837,-0.463254209343688));
#7004=DIRECTION('',(0.,-0.784882765533426,-0.619644288579022));
#7005=DIRECTION('',(0.,-0.499722453489578,-0.8661855860486));
#7006=DIRECTION('center_axis',(0.,1.,0.));
#7007=DIRECTION('ref_axis',(0.,0.,1.));
#7008=DIRECTION('',(1.,0.,0.));
#7009=DIRECTION('',(1.,0.,0.));
#7010=DIRECTION('center_axis',(0.,0.,1.));
#7011=DIRECTION('ref_axis',(0.,-1.,0.));
#7012=DIRECTION('',(1.,0.,0.));
#7013=DIRECTION('center_axis',(0.,-0.747409318683665,0.664363838829913));
#7014=DIRECTION('ref_axis',(0.,-0.664363838829913,-0.747409318683665));
#7015=DIRECTION('',(1.,0.,0.));
#7016=DIRECTION('center_axis',(0.,0.,1.));
#7017=DIRECTION('ref_axis',(0.,-1.,0.));
#7018=DIRECTION('',(1.,0.,0.));
#7019=DIRECTION('center_axis',(0.,0.832050294337848,0.554700196225222));
#7020=DIRECTION('ref_axis',(0.,-0.554700196225222,0.832050294337848));
#7021=DIRECTION('',(1.,0.,0.));
#7022=DIRECTION('center_axis',(0.,0.,1.));
#7023=DIRECTION('ref_axis',(0.,-1.,0.));
#7024=DIRECTION('',(1.,0.,0.));
#7025=DIRECTION('center_axis',(0.,-1.,0.));
#7026=DIRECTION('ref_axis',(0.,0.,-1.));
#7027=DIRECTION('',(1.,0.,0.));
#7028=DIRECTION('center_axis',(0.,-0.973841209741793,-0.227229615606419));
#7029=DIRECTION('ref_axis',(0.,0.227229615606419,-0.973841209741793));
#7030=DIRECTION('',(1.,0.,0.));
#7031=DIRECTION('center_axis',(0.,-0.8661855860486,-0.499722453489578));
#7032=DIRECTION('ref_axis',(0.,0.499722453489578,-0.8661855860486));
#7033=DIRECTION('',(1.,0.,0.));
#7034=DIRECTION('center_axis',(0.,-0.62980195842122,-0.776755748719503));
#7035=DIRECTION('ref_axis',(0.,0.776755748719503,-0.62980195842122));
#7036=DIRECTION('',(1.,0.,0.));
#7037=DIRECTION('center_axis',(0.,-0.455111059789108,-0.89043468219608));
#7038=DIRECTION('ref_axis',(0.,0.89043468219608,-0.455111059789108));
#7039=DIRECTION('',(1.,0.,0.));
#7040=DIRECTION('center_axis',(0.,0.,-1.));
#7041=DIRECTION('ref_axis',(0.,1.,0.));
#7042=DIRECTION('',(1.,0.,0.));
#7043=DIRECTION('center_axis',(0.,0.463254209343688,-0.886225443961837));
#7044=DIRECTION('ref_axis',(0.,0.886225443961837,0.463254209343688));
#7045=DIRECTION('',(1.,0.,0.));
#7046=DIRECTION('center_axis',(0.,0.619644288579022,-0.784882765533426));
#7047=DIRECTION('ref_axis',(0.,0.784882765533426,0.619644288579022));
#7048=DIRECTION('',(1.,0.,0.));
#7049=DIRECTION('center_axis',(0.,0.8661855860486,-0.499722453489578));
#7050=DIRECTION('ref_axis',(0.,0.499722453489578,0.8661855860486));
#7051=DIRECTION('',(1.,0.,0.));
#7052=DIRECTION('center_axis',(0.,0.970142500145332,-0.242535625036334));
#7053=DIRECTION('ref_axis',(0.,0.242535625036334,0.970142500145332));
#7054=DIRECTION('center_axis',(0.,-0.724999433594413,0.688749461914694));
#7055=DIRECTION('ref_axis',(0.,-0.688749461914694,-0.724999433594413));
#7056=DIRECTION('',(1.,0.,0.));
#7057=DIRECTION('',(1.,0.,0.));
#7058=DIRECTION('center_axis',(0.,0.,1.));
#7059=DIRECTION('ref_axis',(0.,-1.,0.));
#7060=DIRECTION('',(1.,0.,0.));
#7061=DIRECTION('center_axis',(0.,-1.,0.));
#7062=DIRECTION('ref_axis',(0.,0.,-1.));
#7063=DIRECTION('',(1.,0.,0.));
#7064=DIRECTION('center_axis',(0.,-0.968583068647346,0.2486902473554));
#7065=DIRECTION('ref_axis',(0.,-0.2486902473554,-0.968583068647346));
#7066=DIRECTION('',(1.,0.,0.));
#7067=DIRECTION('center_axis',(0.,-0.883787916347063,0.467887720419031));
#7068=DIRECTION('ref_axis',(0.,-0.467887720419031,-0.883787916347063));
#7069=DIRECTION('',(1.,0.,0.));
#7070=DIRECTION('center_axis',(0.,-0.732335726094772,0.680943745316192));
#7071=DIRECTION('ref_axis',(0.,-0.680943745316192,-0.732335726094772));
#7072=DIRECTION('',(1.,0.,0.));
#7073=DIRECTION('center_axis',(0.,-0.524097425664333,0.851658316704545));
#7074=DIRECTION('ref_axis',(0.,-0.851658316704545,-0.524097425664333));
#7075=DIRECTION('',(1.,0.,0.));
#7076=DIRECTION('center_axis',(0.,-0.267643863786094,0.963517909629941));
#7077=DIRECTION('ref_axis',(0.,-0.963517909629941,-0.267643863786094));
#7078=DIRECTION('',(1.,0.,0.));
#7079=DIRECTION('center_axis',(0.,0.,1.));
#7080=DIRECTION('ref_axis',(0.,-1.,0.));
#7081=DIRECTION('',(1.,0.,0.));
#7082=DIRECTION('center_axis',(0.,0.230025453928968,0.973184612776411));
#7083=DIRECTION('ref_axis',(0.,-0.973184612776411,0.230025453928968));
#7084=DIRECTION('',(1.,0.,0.));
#7085=DIRECTION('center_axis',(0.,0.48342270083417,0.875387052861873));
#7086=DIRECTION('ref_axis',(0.,-0.875387052861873,0.48342270083417));
#7087=DIRECTION('',(1.,0.,0.));
#7088=DIRECTION('center_axis',(0.,0.659437818308136,0.751759112871275));
#7089=DIRECTION('ref_axis',(0.,-0.751759112871275,0.659437818308136));
#7090=DIRECTION('',(1.,0.,0.));
#7091=DIRECTION('center_axis',(0.,0.87025685507146,0.492598219851769));
#7092=DIRECTION('ref_axis',(0.,-0.492598219851769,0.87025685507146));
#7093=DIRECTION('',(1.,0.,0.));
#7094=DIRECTION('center_axis',(0.,0.956933928415437,0.290305798508055));
#7095=DIRECTION('ref_axis',(0.,-0.290305798508055,0.956933928415437));
#7096=DIRECTION('',(1.,0.,0.));
#7097=DIRECTION('center_axis',(0.,1.,0.));
#7098=DIRECTION('ref_axis',(0.,0.,1.));
#7099=DIRECTION('',(1.,0.,0.));
#7100=DIRECTION('center_axis',(0.,0.,1.));
#7101=DIRECTION('ref_axis',(0.,-1.,0.));
#7102=DIRECTION('',(1.,0.,0.));
#7103=DIRECTION('center_axis',(0.,0.724999433594413,0.688749461914694));
#7104=DIRECTION('ref_axis',(0.,-0.688749461914694,0.724999433594413));
#7105=DIRECTION('',(1.,0.,0.));
#7106=DIRECTION('center_axis',(0.,1.,0.));
#7107=DIRECTION('ref_axis',(0.,0.,1.));
#7108=DIRECTION('',(0.,0.,-1.));
#7109=DIRECTION('',(1.,0.,0.));
#7110=DIRECTION('',(1.,0.,0.));
#7111=DIRECTION('center_axis',(0.,0.31346059331503,-0.94960120916024));
#7112=DIRECTION('ref_axis',(0.,0.94960120916024,0.31346059331503));
#7113=DIRECTION('',(1.,0.,0.));
#7114=DIRECTION('center_axis',(0.,0.,-1.));
#7115=DIRECTION('ref_axis',(0.,1.,0.));
#7116=DIRECTION('',(0.,-1.,0.));
#7117=DIRECTION('',(1.,0.,0.));
#7118=DIRECTION('',(1.,0.,0.));
#7119=DIRECTION('center_axis',(0.,0.,-1.));
#7120=DIRECTION('ref_axis',(0.,1.,0.));
#7121=DIRECTION('',(1.,0.,0.));
#7122=DIRECTION('',(1.,0.,0.));
#7123=DIRECTION('center_axis',(0.,-1.,0.));
#7124=DIRECTION('ref_axis',(0.,0.,-1.));
#7125=DIRECTION('',(1.,0.,0.));
#7126=DIRECTION('center_axis',(0.,1.,0.));
#7127=DIRECTION('ref_axis',(0.,0.,1.));
#7128=DIRECTION('',(1.,0.,0.));
#7129=DIRECTION('',(1.,0.,0.));
#7130=DIRECTION('center_axis',(0.,0.,-1.));
#7131=DIRECTION('ref_axis',(0.,1.,0.));
#7132=DIRECTION('center_axis',(0.,0.,-1.));
#7133=DIRECTION('ref_axis',(0.,1.,0.));
#7134=DIRECTION('',(0.,-1.,0.));
#7135=DIRECTION('',(1.,0.,0.));
#7136=DIRECTION('center_axis',(0.,-0.31346059331503,-0.94960120916024));
#7137=DIRECTION('ref_axis',(0.,0.94960120916024,-0.31346059331503));
#7138=DIRECTION('',(1.,0.,0.));
#7139=DIRECTION('',(1.,0.,0.));
#7140=DIRECTION('center_axis',(0.,-1.,0.));
#7141=DIRECTION('ref_axis',(0.,0.,-1.));
#7142=DIRECTION('',(0.,0.,1.));
#7143=DIRECTION('',(1.,0.,0.));
#7144=DIRECTION('center_axis',(1.,0.,0.));
#7145=DIRECTION('ref_axis',(0.,0.,-1.));
#7146=DIRECTION('',(0.,0.948683298050514,0.316227766016838));
#7147=DIRECTION('',(0.,0.,1.));
#7148=DIRECTION('',(0.,-1.,0.));
#7149=DIRECTION('center_axis',(1.,0.,0.));
#7150=DIRECTION('ref_axis',(0.,0.,-1.));
#7151=DIRECTION('',(0.,0.,-1.));
#7152=DIRECTION('',(0.,1.,0.));
#7153=DIRECTION('',(0.,0.,1.));
#7154=DIRECTION('center_axis',(1.,0.,0.));
#7155=DIRECTION('ref_axis',(0.,0.,-1.));
#7156=DIRECTION('',(0.,0.,-1.));
#7157=DIRECTION('',(0.,1.,0.));
#7158=DIRECTION('center_axis',(1.,0.,0.));
#7159=DIRECTION('ref_axis',(0.,0.,-1.));
#7160=DIRECTION('',(0.,-1.,0.));
#7161=DIRECTION('',(0.,0.,-1.));
#7162=DIRECTION('',(0.,0.948683298050514,-0.316227766016838));
#7163=DIRECTION('center_axis',(1.,0.,0.));
#7164=DIRECTION('ref_axis',(0.,0.,-1.));
#7165=DIRECTION('',(0.,-0.431455497304007,-0.902134221635646));
#7166=DIRECTION('',(0.,0.447213595499958,-0.894427190999916));
#7167=DIRECTION('center_axis',(1.,0.,0.));
#7168=DIRECTION('ref_axis',(0.,0.,-1.));
#7169=DIRECTION('',(0.,0.,-1.));
#7170=DIRECTION('',(0.,0.447213595499958,0.894427190999916));
#7171=DIRECTION('',(0.,-0.431455497304007,0.902134221635646));
#7172=DIRECTION('center_axis',(1.,0.,0.));
#7173=DIRECTION('ref_axis',(0.,0.,-1.));
#7174=DIRECTION('',(0.,0.,1.));
#7175=DIRECTION('',(0.,1.,0.));
#7176=DIRECTION('',(0.,0.,-1.));
#7177=DIRECTION('',(0.,-1.,0.));
#7178=DIRECTION('center_axis',(1.,0.,0.));
#7179=DIRECTION('ref_axis',(0.,0.,-1.));
#7180=DIRECTION('',(0.,0.,1.));
#7181=DIRECTION('',(0.,1.,0.));
#7182=DIRECTION('',(0.,0.,-1.));
#7183=DIRECTION('',(0.,-1.,0.));
#7184=DIRECTION('center_axis',(1.,0.,0.));
#7185=DIRECTION('ref_axis',(0.,0.,-1.));
#7186=DIRECTION('',(0.,-0.348186529603625,-0.937425272009766));
#7187=DIRECTION('',(0.,0.,-1.));
#7188=DIRECTION('',(0.,0.397607437634299,-0.917555625309925));
#7189=DIRECTION('center_axis',(1.,0.,0.));
#7190=DIRECTION('ref_axis',(0.,0.,-1.));
#7191=DIRECTION('',(0.,0.0093163658545521,0.999956601721927));
#7192=DIRECTION('',(0.,0.,1.));
#7193=DIRECTION('',(0.,0.995274633925616,0.097099964285426));
#7194=DIRECTION('center_axis',(1.,0.,0.));
#7195=DIRECTION('ref_axis',(0.,0.,-1.));
#7196=DIRECTION('',(0.,0.0093163658545521,-0.999956601721927));
#7197=DIRECTION('',(0.,1.,0.));
#7198=DIRECTION('',(0.,0.,-1.));
#7199=DIRECTION('center_axis',(1.,0.,0.));
#7200=DIRECTION('ref_axis',(0.,0.,-1.));
#7201=DIRECTION('',(0.,-0.371390676354105,0.928476690885259));
#7202=DIRECTION('',(0.,0.422885465331126,0.906183139995264));
#7203=DIRECTION('',(0.,0.,1.));
#7204=DIRECTION('center_axis',(1.,0.,0.));
#7205=DIRECTION('ref_axis',(0.,0.,-1.));
#7206=DIRECTION('',(0.,1.,0.));
#7207=DIRECTION('',(0.,0.,1.));
#7208=DIRECTION('',(0.,1.,0.));
#7209=DIRECTION('',(0.,0.,-1.));
#7210=DIRECTION('',(0.,1.,0.));
#7211=DIRECTION('',(0.,0.,1.));
#7212=DIRECTION('',(0.,-1.,0.));
#7213=DIRECTION('',(0.,0.,-1.));
#7214=DIRECTION('',(0.,0.948683298050514,-0.316227766016838));
#7215=DIRECTION('',(0.,0.,-1.));
#7216=DIRECTION('',(0.,-1.,0.));
#7217=DIRECTION('center_axis',(1.,0.,0.));
#7218=DIRECTION('ref_axis',(0.,0.,-1.));
#7219=DIRECTION('',(0.,1.,0.));
#7220=DIRECTION('',(0.,0.,1.));
#7221=DIRECTION('',(0.,-1.,0.));
#7222=DIRECTION('',(0.,0.,1.));
#7223=DIRECTION('',(0.,0.948683298050514,0.316227766016838));
#7224=DIRECTION('',(0.,0.,1.));
#7225=DIRECTION('',(0.,-1.,0.));
#7226=DIRECTION('',(0.,0.,-1.));
#7227=DIRECTION('',(0.,1.,0.));
#7228=DIRECTION('',(0.,0.,1.));
#7229=DIRECTION('',(0.,1.,0.));
#7230=DIRECTION('',(0.,0.,-1.));
#7231=DIRECTION('center_axis',(1.,0.,0.));
#7232=DIRECTION('ref_axis',(0.,0.,-1.));
#7233=DIRECTION('',(0.,-1.,0.));
#7234=DIRECTION('',(0.,-0.87854670167313,-0.477656459162089));
#7235=DIRECTION('',(0.,-1.,0.));
#7236=DIRECTION('',(0.,-0.854198555614439,0.519946946895744));
#7237=DIRECTION('center_axis',(0.,-0.894427190999916,-0.447213595499958));
#7238=DIRECTION('ref_axis',(0.,0.447213595499958,-0.894427190999916));
#7239=DIRECTION('',(0.,-0.447213595499958,0.894427190999916));
#7240=DIRECTION('',(1.,0.,0.));
#7241=DIRECTION('center_axis',(0.,-0.902134221635646,0.431455497304007));
#7242=DIRECTION('ref_axis',(0.,-0.431455497304007,-0.902134221635646));
#7243=DIRECTION('',(0.,0.431455497304007,0.902134221635646));
#7244=DIRECTION('center_axis',(0.,-0.477656459162089,0.87854670167313));
#7245=DIRECTION('ref_axis',(0.,-0.87854670167313,-0.477656459162089));
#7246=DIRECTION('',(1.,0.,0.));
#7247=DIRECTION('',(1.,0.,0.));
#7248=DIRECTION('center_axis',(0.,0.,1.));
#7249=DIRECTION('ref_axis',(0.,-1.,0.));
#7250=DIRECTION('',(1.,0.,0.));
#7251=DIRECTION('center_axis',(0.,0.519946946895744,0.854198555614439));
#7252=DIRECTION('ref_axis',(0.,-0.854198555614439,0.519946946895744));
#7253=DIRECTION('',(1.,0.,0.));
#7254=DIRECTION('center_axis',(0.,0.902134221635646,0.431455497304007));
#7255=DIRECTION('ref_axis',(0.,-0.431455497304007,0.902134221635646));
#7256=DIRECTION('',(0.,0.431455497304007,-0.902134221635646));
#7257=DIRECTION('',(1.,0.,0.));
#7258=DIRECTION('',(1.,0.,0.));
#7259=DIRECTION('center_axis',(0.,0.894427190999916,-0.447213595499958));
#7260=DIRECTION('ref_axis',(0.,0.447213595499958,0.894427190999916));
#7261=DIRECTION('',(0.,-0.447213595499958,-0.894427190999916));
#7262=DIRECTION('',(1.,0.,0.));
#7263=DIRECTION('center_axis',(0.,0.,1.));
#7264=DIRECTION('ref_axis',(0.,-1.,0.));
#7265=DIRECTION('',(1.,0.,0.));
#7266=DIRECTION('',(1.,0.,0.));
#7267=DIRECTION('center_axis',(0.,1.,0.));
#7268=DIRECTION('ref_axis',(0.,0.,1.));
#7269=DIRECTION('',(1.,0.,0.));
#7270=DIRECTION('center_axis',(0.,0.316227766016838,-0.948683298050514));
#7271=DIRECTION('ref_axis',(0.,0.948683298050514,0.316227766016838));
#7272=DIRECTION('',(1.,0.,0.));
#7273=DIRECTION('center_axis',(0.,0.,-1.));
#7274=DIRECTION('ref_axis',(0.,1.,0.));
#7275=DIRECTION('',(0.,-1.,0.));
#7276=DIRECTION('',(1.,0.,0.));
#7277=DIRECTION('',(1.,0.,0.));
#7278=DIRECTION('center_axis',(0.,-1.,0.));
#7279=DIRECTION('ref_axis',(0.,0.,-1.));
#7280=DIRECTION('',(0.,0.,1.));
#7281=DIRECTION('',(1.,0.,0.));
#7282=DIRECTION('center_axis',(0.,1.,0.));
#7283=DIRECTION('ref_axis',(0.,0.,1.));
#7284=DIRECTION('',(0.,0.,-1.));
#7285=DIRECTION('',(1.,0.,0.));
#7286=DIRECTION('',(1.,0.,0.));
#7287=DIRECTION('center_axis',(0.,0.097099964285426,-0.995274633925616));
#7288=DIRECTION('ref_axis',(0.,0.995274633925616,0.097099964285426));
#7289=DIRECTION('',(0.,-0.995274633925616,-0.097099964285426));
#7290=DIRECTION('center_axis',(0.,-0.316227766016838,-0.948683298050514));
#7291=DIRECTION('ref_axis',(0.,0.948683298050514,-0.316227766016838));
#7292=DIRECTION('',(1.,0.,0.));
#7293=DIRECTION('',(1.,0.,0.));
#7294=DIRECTION('center_axis',(0.,-1.,0.));
#7295=DIRECTION('ref_axis',(0.,0.,-1.));
#7296=DIRECTION('',(1.,0.,0.));
#7297=DIRECTION('center_axis',(0.,0.,1.));
#7298=DIRECTION('ref_axis',(0.,-1.,0.));
#7299=DIRECTION('center_axis',(1.,0.,0.));
#7300=DIRECTION('ref_axis',(0.,0.,-1.));
#7301=DIRECTION('',(0.,0.0093163658545521,0.999956601721927));
#7302=DIRECTION('',(0.,-1.,0.));
#7303=DIRECTION('center_axis',(1.,0.,0.));
#7304=DIRECTION('ref_axis',(0.,0.,-1.));
#7305=DIRECTION('',(0.,0.0279890304496743,0.999608230345513));
#7306=DIRECTION('',(0.,-0.0093163658545521,-0.999956601721927));
#7307=DIRECTION('',(0.,-1.,0.));
#7308=DIRECTION('center_axis',(1.,0.,0.));
#7309=DIRECTION('ref_axis',(0.,0.,-1.));
#7310=DIRECTION('',(0.,-1.,0.));
#7311=DIRECTION('',(0.,-1.,0.));
#7312=DIRECTION('',(0.,0.,1.));
#7313=DIRECTION('',(0.,0.348186529603625,0.937425272009766));
#7314=DIRECTION('',(0.,-0.397607437634299,0.917555625309925));
#7315=DIRECTION('',(0.,0.,1.));
#7316=DIRECTION('',(0.,1.,0.));
#7317=DIRECTION('',(0.,-0.0093163658545521,-0.999956601721927));
#7318=DIRECTION('center_axis',(0.,0.999956601721927,-0.0093163658545521));
#7319=DIRECTION('ref_axis',(0.,0.0093163658545521,0.999956601721927));
#7320=DIRECTION('',(0.,-0.0093163658545521,-0.999956601721927));
#7321=DIRECTION('',(1.,0.,0.));
#7322=DIRECTION('',(0.,0.0093163658545521,0.999956601721927));
#7323=DIRECTION('',(1.,0.,0.));
#7324=DIRECTION('',(0.,-0.0093163658545521,-0.999956601721927));
#7325=DIRECTION('center_axis',(0.,0.,-1.));
#7326=DIRECTION('ref_axis',(0.,1.,0.));
#7327=DIRECTION('',(0.,1.,0.));
#7328=DIRECTION('',(0.,-1.,0.));
#7329=DIRECTION('center_axis',(0.,0.,-1.));
#7330=DIRECTION('ref_axis',(0.,1.,0.));
#7331=DIRECTION('',(1.,0.,0.));
#7332=DIRECTION('center_axis',(0.,-1.,0.));
#7333=DIRECTION('ref_axis',(0.,0.,-1.));
#7334=DIRECTION('',(1.,0.,0.));
#7335=DIRECTION('',(0.,0.,1.));
#7336=DIRECTION('',(1.,0.,0.));
#7337=DIRECTION('',(1.,0.,0.));
#7338=DIRECTION('',(1.,0.,0.));
#7339=DIRECTION('center_axis',(0.,-0.937425272009766,0.348186529603625));
#7340=DIRECTION('ref_axis',(0.,-0.348186529603625,-0.937425272009766));
#7341=DIRECTION('',(1.,0.,0.));
#7342=DIRECTION('center_axis',(0.,-0.917555625309925,-0.397607437634299));
#7343=DIRECTION('ref_axis',(0.,0.397607437634299,-0.917555625309925));
#7344=DIRECTION('center_axis',(1.,0.,0.));
#7345=DIRECTION('ref_axis',(0.,0.,-1.));
#7346=DIRECTION('center_axis',(0.,0.,1.));
#7347=DIRECTION('ref_axis',(0.,-1.,0.));
#7348=DIRECTION('',(0.,1.,0.));
#7349=DIRECTION('',(1.,0.,0.));
#7350=DIRECTION('center_axis',(0.,1.,0.));
#7351=DIRECTION('ref_axis',(0.,0.,1.));
#7352=DIRECTION('',(0.,0.,-1.));
#7353=DIRECTION('',(0.,0.,1.));
#7354=DIRECTION('',(1.,0.,0.));
#7355=DIRECTION('center_axis',(0.,0.,-1.));
#7356=DIRECTION('ref_axis',(0.,1.,0.));
#7357=DIRECTION('',(0.,-1.,0.));
#7358=DIRECTION('',(0.,1.,0.));
#7359=DIRECTION('center_axis',(1.,0.,0.));
#7360=DIRECTION('ref_axis',(0.,0.,-1.));
#7361=DIRECTION('center_axis',(1.,0.,0.));
#7362=DIRECTION('ref_axis',(0.,0.,-1.));
#7363=DIRECTION('center_axis',(1.,0.,0.));
#7364=DIRECTION('ref_axis',(0.,0.,-1.));
#7365=DIRECTION('',(0.,1.,0.));
#7366=DIRECTION('',(0.,0.0279890304496743,0.999608230345513));
#7367=DIRECTION('center_axis',(1.,0.,0.));
#7368=DIRECTION('ref_axis',(0.,0.,-1.));
#7369=DIRECTION('',(0.,0.0279890304496743,0.999608230345513));
#7370=DIRECTION('',(0.,-1.,0.));
#7371=DIRECTION('center_axis',(0.,0.,1.));
#7372=DIRECTION('ref_axis',(0.,-1.,0.));
#7373=DIRECTION('',(0.,1.,0.));
#7374=DIRECTION('',(1.,0.,0.));
#7375=DIRECTION('center_axis',(0.,0.999608230345513,-0.0279890304496743));
#7376=DIRECTION('ref_axis',(0.,0.0279890304496743,0.999608230345513));
#7377=DIRECTION('',(0.,-0.0279890304496743,-0.999608230345513));
#7378=DIRECTION('',(1.,0.,0.));
#7379=DIRECTION('center_axis',(0.,0.,-1.));
#7380=DIRECTION('ref_axis',(0.,1.,0.));
#7381=DIRECTION('',(0.,-1.,0.));
#7382=DIRECTION('center_axis',(1.,0.,0.));
#7383=DIRECTION('ref_axis',(0.,0.,-1.));
#7384=DIRECTION('center_axis',(1.,0.,0.));
#7385=DIRECTION('ref_axis',(0.,0.,-1.));
#7386=DIRECTION('',(0.,-1.,0.));
#7387=DIRECTION('',(0.,0.0093163658545521,-0.999956601721927));
#7388=DIRECTION('center_axis',(1.,0.,0.));
#7389=DIRECTION('ref_axis',(0.,0.,-1.));
#7390=DIRECTION('',(0.,0.0093163658545521,-0.999956601721927));
#7391=DIRECTION('',(0.,1.,0.));
#7392=DIRECTION('',(0.,0.,1.));
#7393=DIRECTION('center_axis',(1.,0.,0.));
#7394=DIRECTION('ref_axis',(0.,0.,-1.));
#7395=DIRECTION('',(0.,0.0279890304496743,-0.999608230345513));
#7396=DIRECTION('',(0.,1.,0.));
#7397=DIRECTION('',(0.,0.0093163658545521,-0.999956601721927));
#7398=DIRECTION('center_axis',(1.,0.,0.));
#7399=DIRECTION('ref_axis',(0.,0.,-1.));
#7400=DIRECTION('',(0.,-1.,0.));
#7401=DIRECTION('',(0.,0.0093163658545521,-0.999956601721927));
#7402=DIRECTION('',(0.,1.,0.));
#7403=DIRECTION('',(0.,0.,1.));
#7404=DIRECTION('',(0.,0.422885465331126,0.906183139995264));
#7405=DIRECTION('',(0.,-0.371390676354105,0.928476690885259));
#7406=DIRECTION('',(0.,0.,1.));
#7407=DIRECTION('',(0.,1.,0.));
#7408=DIRECTION('',(0.,0.,1.));
#7409=DIRECTION('center_axis',(0.,0.,-1.));
#7410=DIRECTION('ref_axis',(0.,1.,0.));
#7411=DIRECTION('',(0.,-1.,0.));
#7412=DIRECTION('',(1.,0.,0.));
#7413=DIRECTION('',(1.,0.,0.));
#7414=DIRECTION('center_axis',(0.,-0.999956601721927,-0.0093163658545521));
#7415=DIRECTION('ref_axis',(0.,0.0093163658545521,-0.999956601721927));
#7416=DIRECTION('',(0.,-0.0093163658545521,0.999956601721927));
#7417=DIRECTION('',(0.,-0.0093163658545521,0.999956601721927));
#7418=DIRECTION('',(1.,0.,0.));
#7419=DIRECTION('center_axis',(0.,0.906183139995264,-0.422885465331126));
#7420=DIRECTION('ref_axis',(0.,0.422885465331126,0.906183139995264));
#7421=DIRECTION('',(1.,0.,0.));
#7422=DIRECTION('',(1.,0.,0.));
#7423=DIRECTION('center_axis',(0.,0.928476690885259,0.371390676354105));
#7424=DIRECTION('ref_axis',(0.,-0.371390676354105,0.928476690885259));
#7425=DIRECTION('',(1.,0.,0.));
#7426=DIRECTION('center_axis',(0.,1.,0.));
#7427=DIRECTION('ref_axis',(0.,0.,1.));
#7428=DIRECTION('',(1.,0.,0.));
#7429=DIRECTION('',(0.,0.,1.));
#7430=DIRECTION('',(1.,0.,0.));
#7431=DIRECTION('',(1.,0.,0.));
#7432=DIRECTION('center_axis',(0.,0.,-1.));
#7433=DIRECTION('ref_axis',(0.,1.,0.));
#7434=DIRECTION('',(1.,0.,0.));
#7435=DIRECTION('center_axis',(0.,0.,-1.));
#7436=DIRECTION('ref_axis',(0.,1.,0.));
#7437=DIRECTION('',(0.,1.,0.));
#7438=DIRECTION('',(0.,1.,0.));
#7439=DIRECTION('',(1.,0.,0.));
#7440=DIRECTION('center_axis',(0.,-1.,0.));
#7441=DIRECTION('ref_axis',(0.,0.,-1.));
#7442=DIRECTION('',(0.,0.,-1.));
#7443=DIRECTION('',(0.,0.,-1.));
#7444=DIRECTION('',(1.,0.,0.));
#7445=DIRECTION('center_axis',(0.,0.,1.));
#7446=DIRECTION('ref_axis',(0.,-1.,0.));
#7447=DIRECTION('',(0.,-1.,0.));
#7448=DIRECTION('center_axis',(1.,0.,0.));
#7449=DIRECTION('ref_axis',(0.,0.,-1.));
#7450=DIRECTION('center_axis',(1.,0.,0.));
#7451=DIRECTION('ref_axis',(0.,0.,-1.));
#7452=DIRECTION('center_axis',(1.,0.,0.));
#7453=DIRECTION('ref_axis',(0.,0.,-1.));
#7454=DIRECTION('',(0.,-1.,0.));
#7455=DIRECTION('',(0.,0.0279890304496743,-0.999608230345513));
#7456=DIRECTION('center_axis',(1.,0.,0.));
#7457=DIRECTION('ref_axis',(0.,0.,-1.));
#7458=DIRECTION('',(0.,0.0279890304496743,-0.999608230345513));
#7459=DIRECTION('',(0.,1.,0.));
#7460=DIRECTION('',(0.,0.,1.));
#7461=DIRECTION('center_axis',(0.,0.,-1.));
#7462=DIRECTION('ref_axis',(0.,1.,0.));
#7463=DIRECTION('',(0.,1.,0.));
#7464=DIRECTION('',(1.,0.,0.));
#7465=DIRECTION('',(1.,0.,0.));
#7466=DIRECTION('center_axis',(0.,-0.999608230345513,-0.0279890304496743));
#7467=DIRECTION('ref_axis',(0.,0.0279890304496743,-0.999608230345513));
#7468=DIRECTION('',(0.,0.0279890304496743,-0.999608230345513));
#7469=DIRECTION('',(1.,0.,0.));
#7470=DIRECTION('center_axis',(0.,0.,1.));
#7471=DIRECTION('ref_axis',(0.,-1.,0.));
#7472=DIRECTION('',(0.,-1.,0.));
#7473=DIRECTION('',(1.,0.,0.));
#7474=DIRECTION('center_axis',(0.,1.,0.));
#7475=DIRECTION('ref_axis',(0.,0.,1.));
#7476=DIRECTION('',(1.,0.,0.));
#7477=DIRECTION('',(0.,0.,-1.));
#7478=DIRECTION('',(1.,0.,0.));
#7479=DIRECTION('',(0.,0.,1.));
#7480=DIRECTION('',(1.,0.,0.));
#7481=DIRECTION('',(0.,0.,-1.));
#7482=DIRECTION('',(0.,0.,-1.));
#7483=DIRECTION('',(1.,0.,0.));
#7484=DIRECTION('',(0.,0.,1.));
#7485=DIRECTION('',(1.,0.,0.));
#7486=DIRECTION('',(0.,0.,-1.));
#7487=DIRECTION('',(1.,0.,0.));
#7488=DIRECTION('',(0.,0.,1.));
#7489=DIRECTION('',(1.,0.,0.));
#7490=DIRECTION('',(0.,0.,1.));
#7491=DIRECTION('center_axis',(1.,0.,0.));
#7492=DIRECTION('ref_axis',(0.,0.,-1.));
#7493=DIRECTION('center_axis',(1.,0.,0.));
#7494=DIRECTION('ref_axis',(0.,0.,-1.));
#7495=DIRECTION('',(0.,-0.573462344363328,-0.81923192051904));
#7496=DIRECTION('',(0.,0.231620527306039,-0.972806214685367));
#7497=DIRECTION('',(0.,0.788024373724564,-0.615644041972315));
#7498=DIRECTION('center_axis',(1.,0.,0.));
#7499=DIRECTION('ref_axis',(0.,0.,-1.));
#7500=DIRECTION('',(0.,0.788024373724564,0.615644041972315));
#7501=DIRECTION('',(0.,0.231620527306039,0.972806214685367));
#7502=DIRECTION('',(0.,-0.316227766016836,0.948683298050514));
#7503=DIRECTION('',(0.,-0.729537204140087,0.683941128881328));
#7504=DIRECTION('center_axis',(1.,0.,0.));
#7505=DIRECTION('ref_axis',(0.,0.,-1.));
#7506=DIRECTION('',(0.,-0.998955034209112,0.0457038250945347));
#7507=DIRECTION('',(0.,0.788024373724564,-0.615644041972315));
#7508=DIRECTION('',(0.,0.231620527306039,-0.972806214685367));
#7509=DIRECTION('',(0.,-0.573462344363328,-0.81923192051904));
#7510=DIRECTION('',(0.,1.,0.));
#7511=DIRECTION('',(0.,0.,1.));
#7512=DIRECTION('center_axis',(1.,0.,0.));
#7513=DIRECTION('ref_axis',(0.,0.,-1.));
#7514=DIRECTION('',(0.,-0.729537204140087,0.683941128881328));
#7515=DIRECTION('',(0.,-0.316227766016836,0.948683298050514));
#7516=DIRECTION('',(0.,0.231620527306039,0.972806214685367));
#7517=DIRECTION('',(0.,0.788024373724564,0.615644041972315));
#7518=DIRECTION('',(0.,-1.,0.));
#7519=DIRECTION('',(0.,0.,-1.));
#7520=DIRECTION('',(0.,1.,0.));
#7521=DIRECTION('center_axis',(1.,0.,0.));
#7522=DIRECTION('ref_axis',(0.,0.,-1.));
#7523=DIRECTION('',(0.,1.,0.));
#7524=DIRECTION('',(0.,0.,1.));
#7525=DIRECTION('',(0.,-1.,0.));
#7526=DIRECTION('',(0.,0.,-1.));
#7527=DIRECTION('',(0.,1.,0.));
#7528=DIRECTION('',(0.,0.,1.));
#7529=DIRECTION('',(0.,-1.,0.));
#7530=DIRECTION('',(0.,0.,-1.));
#7531=DIRECTION('',(0.,1.,0.));
#7532=DIRECTION('',(0.,0.,1.));
#7533=DIRECTION('',(0.,-1.,0.));
#7534=DIRECTION('',(0.,0.,-1.));
#7535=DIRECTION('',(0.,1.,0.));
#7536=DIRECTION('',(0.,0.,1.));
#7537=DIRECTION('',(0.,-1.,0.));
#7538=DIRECTION('',(0.,-1.,0.));
#7539=DIRECTION('',(0.,-1.,0.));
#7540=DIRECTION('',(0.,0.,-1.));
#7541=DIRECTION('',(0.,1.,0.));
#7542=DIRECTION('',(0.,0.,1.));
#7543=DIRECTION('',(0.,-1.,0.));
#7544=DIRECTION('',(0.,0.,-1.));
#7545=DIRECTION('',(0.,-1.,0.));
#7546=DIRECTION('',(0.,0.,-1.));
#7547=DIRECTION('',(0.,1.,0.));
#7548=DIRECTION('',(0.,0.,1.));
#7549=DIRECTION('',(0.,-1.,0.));
#7550=DIRECTION('',(0.,0.,-1.));
#7551=DIRECTION('',(0.,1.,0.));
#7552=DIRECTION('',(0.,0.,1.));
#7553=DIRECTION('center_axis',(0.,1.,0.));
#7554=DIRECTION('ref_axis',(0.,0.,1.));
#7555=DIRECTION('',(1.,0.,0.));
#7556=DIRECTION('',(1.,0.,0.));
#7557=DIRECTION('center_axis',(0.,0.,1.));
#7558=DIRECTION('ref_axis',(0.,-1.,0.));
#7559=DIRECTION('',(1.,0.,0.));
#7560=DIRECTION('center_axis',(0.,-1.,0.));
#7561=DIRECTION('ref_axis',(0.,0.,-1.));
#7562=DIRECTION('',(1.,0.,0.));
#7563=DIRECTION('center_axis',(0.,0.,-1.));
#7564=DIRECTION('ref_axis',(0.,1.,0.));
#7565=DIRECTION('center_axis',(0.,1.,0.));
#7566=DIRECTION('ref_axis',(0.,0.,1.));
#7567=DIRECTION('',(1.,0.,0.));
#7568=DIRECTION('',(1.,0.,0.));
#7569=DIRECTION('center_axis',(0.,0.,1.));
#7570=DIRECTION('ref_axis',(0.,-1.,0.));
#7571=DIRECTION('',(1.,0.,0.));
#7572=DIRECTION('center_axis',(0.,-1.,0.));
#7573=DIRECTION('ref_axis',(0.,0.,-1.));
#7574=DIRECTION('',(1.,0.,0.));
#7575=DIRECTION('center_axis',(0.,0.,-1.));
#7576=DIRECTION('ref_axis',(0.,1.,0.));
#7577=DIRECTION('center_axis',(0.,0.,1.));
#7578=DIRECTION('ref_axis',(0.,-1.,0.));
#7579=DIRECTION('center_axis',(0.,0.683941128881328,0.729537204140087));
#7580=DIRECTION('ref_axis',(0.,-0.729537204140087,0.683941128881328));
#7581=DIRECTION('',(1.,0.,0.));
#7582=DIRECTION('center_axis',(0.,0.948683298050514,0.316227766016836));
#7583=DIRECTION('ref_axis',(0.,-0.316227766016836,0.948683298050514));
#7584=DIRECTION('',(1.,0.,0.));
#7585=DIRECTION('center_axis',(0.,0.972806214685367,-0.231620527306039));
#7586=DIRECTION('ref_axis',(0.,0.231620527306039,0.972806214685367));
#7587=DIRECTION('',(1.,0.,0.));
#7588=DIRECTION('center_axis',(0.,0.615644041972315,-0.788024373724564));
#7589=DIRECTION('ref_axis',(0.,0.788024373724564,0.615644041972315));
#7590=DIRECTION('center_axis',(0.,-1.,0.));
#7591=DIRECTION('ref_axis',(0.,0.,-1.));
#7592=DIRECTION('',(0.,0.,1.));
#7593=DIRECTION('',(0.,0.,1.));
#7594=DIRECTION('',(1.,0.,0.));
#7595=DIRECTION('',(1.,0.,0.));
#7596=DIRECTION('center_axis',(0.,0.,-1.));
#7597=DIRECTION('ref_axis',(0.,1.,0.));
#7598=DIRECTION('',(0.,-1.,0.));
#7599=DIRECTION('',(1.,0.,0.));
#7600=DIRECTION('center_axis',(0.,0.,-1.));
#7601=DIRECTION('ref_axis',(0.,1.,0.));
#7602=DIRECTION('',(0.,-1.,0.));
#7603=DIRECTION('',(1.,0.,0.));
#7604=DIRECTION('',(1.,0.,0.));
#7605=DIRECTION('center_axis',(0.,1.,0.));
#7606=DIRECTION('ref_axis',(0.,0.,1.));
#7607=DIRECTION('',(0.,0.,-1.));
#7608=DIRECTION('',(0.,0.,-1.));
#7609=DIRECTION('',(1.,0.,0.));
#7610=DIRECTION('center_axis',(0.,-0.615644041972315,-0.788024373724564));
#7611=DIRECTION('ref_axis',(0.,0.788024373724564,-0.615644041972315));
#7612=DIRECTION('',(1.,0.,0.));
#7613=DIRECTION('center_axis',(0.,-0.972806214685367,-0.231620527306039));
#7614=DIRECTION('ref_axis',(0.,0.231620527306039,-0.972806214685367));
#7615=DIRECTION('',(1.,0.,0.));
#7616=DIRECTION('center_axis',(0.,-0.81923192051904,0.573462344363328));
#7617=DIRECTION('ref_axis',(0.,-0.573462344363328,-0.81923192051904));
#7618=DIRECTION('center_axis',(0.,0.,1.));
#7619=DIRECTION('ref_axis',(0.,-1.,0.));
#7620=DIRECTION('',(0.,1.,0.));
#7621=DIRECTION('',(1.,0.,0.));
#7622=DIRECTION('center_axis',(0.,1.,0.));
#7623=DIRECTION('ref_axis',(0.,0.,1.));
#7624=DIRECTION('',(0.,0.,-1.));
#7625=DIRECTION('',(0.,0.,1.));
#7626=DIRECTION('',(1.,0.,0.));
#7627=DIRECTION('center_axis',(0.,0.,-1.));
#7628=DIRECTION('ref_axis',(0.,1.,0.));
#7629=DIRECTION('',(0.,-1.,0.));
#7630=DIRECTION('',(0.,1.,0.));
#7631=DIRECTION('center_axis',(1.,0.,0.));
#7632=DIRECTION('ref_axis',(0.,0.,-1.));
#7633=DIRECTION('center_axis',(1.,0.,0.));
#7634=DIRECTION('ref_axis',(0.,0.,-1.));
#7635=DIRECTION('center_axis',(0.,0.,-1.));
#7636=DIRECTION('ref_axis',(0.,1.,0.));
#7637=DIRECTION('',(0.,1.,0.));
#7638=DIRECTION('',(1.,0.,0.));
#7639=DIRECTION('',(0.,1.,0.));
#7640=DIRECTION('center_axis',(0.,0.0457038250945347,0.998955034209112));
#7641=DIRECTION('ref_axis',(0.,-0.998955034209112,0.0457038250945347));
#7642=DIRECTION('',(0.,-0.998955034209112,0.0457038250945347));
#7643=DIRECTION('',(0.,-0.998955034209112,0.0457038250945347));
#7644=DIRECTION('',(1.,0.,0.));
#7645=DIRECTION('center_axis',(0.,1.,0.));
#7646=DIRECTION('ref_axis',(0.,0.,1.));
#7647=DIRECTION('',(0.,0.,1.));
#7648=DIRECTION('',(0.,0.,1.));
#7649=DIRECTION('center_axis',(1.,0.,0.));
#7650=DIRECTION('ref_axis',(0.,0.,-1.));
#7651=DIRECTION('center_axis',(1.,0.,0.));
#7652=DIRECTION('ref_axis',(0.,0.,-1.));
#7653=DIRECTION('center_axis',(1.,0.,0.));
#7654=DIRECTION('ref_axis',(0.,0.,-1.));
#7655=DIRECTION('',(0.,-1.,0.));
#7656=DIRECTION('',(0.,0.,-1.));
#7657=DIRECTION('',(0.,1.,0.));
#7658=DIRECTION('center_axis',(0.,0.,-1.));
#7659=DIRECTION('ref_axis',(0.,1.,0.));
#7660=DIRECTION('',(0.,-1.,0.));
#7661=DIRECTION('',(1.,0.,0.));
#7662=DIRECTION('center_axis',(0.,-1.,0.));
#7663=DIRECTION('ref_axis',(0.,0.,-1.));
#7664=DIRECTION('',(0.,0.,1.));
#7665=DIRECTION('',(1.,0.,0.));
#7666=DIRECTION('center_axis',(0.,0.,1.));
#7667=DIRECTION('ref_axis',(0.,-1.,0.));
#7668=DIRECTION('',(0.,1.,0.));
#7669=DIRECTION('center_axis',(1.,0.,0.));
#7670=DIRECTION('ref_axis',(0.,0.,-1.));
#7671=DIRECTION('center_axis',(0.,0.,1.));
#7672=DIRECTION('ref_axis',(0.,-1.,0.));
#7673=DIRECTION('',(0.,1.,0.));
#7674=DIRECTION('',(1.,0.,0.));
#7675=DIRECTION('center_axis',(0.,0.,-1.));
#7676=DIRECTION('ref_axis',(0.,1.,0.));
#7677=DIRECTION('',(0.,-1.,0.));
#7678=DIRECTION('',(0.,1.,0.));
#7679=DIRECTION('',(1.,0.,0.));
#7680=DIRECTION('center_axis',(0.,-1.,0.));
#7681=DIRECTION('ref_axis',(0.,0.,-1.));
#7682=DIRECTION('',(0.,0.,1.));
#7683=DIRECTION('',(0.,0.,-1.));
#7684=DIRECTION('center_axis',(1.,0.,0.));
#7685=DIRECTION('ref_axis',(0.,0.,-1.));
#7686=DIRECTION('center_axis',(1.,0.,0.));
#7687=DIRECTION('ref_axis',(0.,0.,-1.));
#7688=DIRECTION('center_axis',(0.,0.,-1.));
#7689=DIRECTION('ref_axis',(0.,1.,0.));
#7690=DIRECTION('',(0.,1.,0.));
#7691=DIRECTION('',(1.,0.,0.));
#7692=DIRECTION('',(1.,0.,0.));
#7693=DIRECTION('center_axis',(0.,0.,1.));
#7694=DIRECTION('ref_axis',(0.,-1.,0.));
#7695=DIRECTION('',(0.,-1.,0.));
#7696=DIRECTION('',(1.,0.,0.));
#7697=DIRECTION('',(1.,0.,0.));
#7698=DIRECTION('center_axis',(0.,1.,0.));
#7699=DIRECTION('ref_axis',(0.,0.,1.));
#7700=DIRECTION('',(0.,0.,1.));
#7701=DIRECTION('center_axis',(1.,0.,0.));
#7702=DIRECTION('ref_axis',(0.,0.,-1.));
#7703=DIRECTION('',(0.,0.,-1.));
#7704=DIRECTION('center_axis',(0.,1.,0.));
#7705=DIRECTION('ref_axis',(0.,0.,1.));
#7706=DIRECTION('',(0.,0.,-1.));
#7707=DIRECTION('',(1.,0.,0.));
#7708=DIRECTION('',(1.,0.,0.));
#7709=DIRECTION('center_axis',(0.,-1.,0.));
#7710=DIRECTION('ref_axis',(0.,0.,-1.));
#7711=DIRECTION('',(0.,0.,1.));
#7712=DIRECTION('',(1.,0.,0.));
#7713=DIRECTION('',(1.,0.,0.));
#7714=DIRECTION('center_axis',(0.,0.,1.));
#7715=DIRECTION('ref_axis',(0.,-1.,0.));
#7716=DIRECTION('',(0.,1.,0.));
#7717=DIRECTION('center_axis',(1.,0.,0.));
#7718=DIRECTION('ref_axis',(0.,0.,-1.));
#7719=DIRECTION('',(0.,-1.,0.));
#7720=DIRECTION('center_axis',(0.,0.,-1.));
#7721=DIRECTION('ref_axis',(0.,1.,0.));
#7722=DIRECTION('',(0.,1.,0.));
#7723=DIRECTION('',(1.,0.,0.));
#7724=DIRECTION('',(1.,0.,0.));
#7725=DIRECTION('center_axis',(0.,-1.,0.));
#7726=DIRECTION('ref_axis',(0.,0.,-1.));
#7727=DIRECTION('',(0.,0.,-1.));
#7728=DIRECTION('',(1.,0.,0.));
#7729=DIRECTION('center_axis',(0.,0.,1.));
#7730=DIRECTION('ref_axis',(0.,-1.,0.));
#7731=DIRECTION('',(0.,-1.,0.));
#7732=DIRECTION('',(1.,0.,0.));
#7733=DIRECTION('center_axis',(1.,0.,0.));
#7734=DIRECTION('ref_axis',(0.,0.,-1.));
#7735=DIRECTION('',(0.,0.,1.));
#7736=DIRECTION('center_axis',(0.,0.,-1.));
#7737=DIRECTION('ref_axis',(0.,1.,0.));
#7738=DIRECTION('',(0.,1.,0.));
#7739=DIRECTION('',(1.,0.,0.));
#7740=DIRECTION('',(1.,0.,0.));
#7741=DIRECTION('center_axis',(0.,-1.,0.));
#7742=DIRECTION('ref_axis',(0.,0.,-1.));
#7743=DIRECTION('',(0.,0.,-1.));
#7744=DIRECTION('',(1.,0.,0.));
#7745=DIRECTION('center_axis',(0.,0.,1.));
#7746=DIRECTION('ref_axis',(0.,-1.,0.));
#7747=DIRECTION('',(0.,-1.,0.));
#7748=DIRECTION('',(1.,0.,0.));
#7749=DIRECTION('center_axis',(0.,1.,0.));
#7750=DIRECTION('ref_axis',(0.,0.,1.));
#7751=DIRECTION('',(0.,0.,1.));
#7752=DIRECTION('center_axis',(1.,0.,0.));
#7753=DIRECTION('ref_axis',(0.,0.,-1.));
#7754=CARTESIAN_POINT('',(0.,0.,0.));
#7755=CARTESIAN_POINT('Origin',(1.9,0.,1.));
#7756=CARTESIAN_POINT('',(1.9,-2.86,-3.97));
#7757=CARTESIAN_POINT('',(1.9,-3.,-4.1));
#7758=CARTESIAN_POINT('',(1.9,-2.86,-3.97));
#7759=CARTESIAN_POINT('',(1.9,-3.,-3.55));
#7760=CARTESIAN_POINT('',(1.9,-3.,6.82));
#7761=CARTESIAN_POINT('',(1.9,-2.86,-3.675));
#7762=CARTESIAN_POINT('',(1.9,-3.,-3.55));
#7763=CARTESIAN_POINT('',(1.9,-2.815,-3.84));
#7764=CARTESIAN_POINT('',(1.9,-2.86,-3.675));
#7765=CARTESIAN_POINT('',(1.9,-2.815,-3.84));
#7766=CARTESIAN_POINT('Origin',(1.9,-1.2,7.08));
#7767=CARTESIAN_POINT('',(1.9,-1.725,6.82));
#7768=CARTESIAN_POINT('',(1.9,-1.2,7.08));
#7769=CARTESIAN_POINT('',(1.9,-1.67363382256537,6.84543848787239));
#7770=CARTESIAN_POINT('',(2.48,-1.725,6.82));
#7771=CARTESIAN_POINT('',(1.9,-1.725,6.82));
#7772=CARTESIAN_POINT('',(2.48,-1.2,7.08));
#7773=CARTESIAN_POINT('',(2.48,-1.2,7.08));
#7774=CARTESIAN_POINT('',(1.9,-1.2,7.08));
#7775=CARTESIAN_POINT('Origin',(1.9,1.2,7.08));
#7776=CARTESIAN_POINT('',(1.9,1.2,7.08));
#7777=CARTESIAN_POINT('',(1.9,0.60125,7.08));
#7778=CARTESIAN_POINT('',(2.48,1.2,7.08));
#7779=CARTESIAN_POINT('',(2.48,1.2,7.08));
#7780=CARTESIAN_POINT('',(1.9,1.2,7.08));
#7781=CARTESIAN_POINT('Origin',(1.9,1.725,6.82));
#7782=CARTESIAN_POINT('',(1.9,1.725,6.82));
#7783=CARTESIAN_POINT('',(1.9,1.9381414341904,6.71444424211523));
#7784=CARTESIAN_POINT('',(2.48,1.725,6.82));
#7785=CARTESIAN_POINT('',(2.48,1.725,6.82));
#7786=CARTESIAN_POINT('',(1.9,1.725,6.82));
#7787=CARTESIAN_POINT('Origin',(1.9,3.,6.785));
#7788=CARTESIAN_POINT('',(1.9,3.,6.785));
#7789=CARTESIAN_POINT('',(1.9,1.5643024671912,6.8244113048222));
#7790=CARTESIAN_POINT('',(2.48,3.,6.785));
#7791=CARTESIAN_POINT('',(2.48,3.,6.785));
#7792=CARTESIAN_POINT('',(1.9,3.,6.785));
#7793=CARTESIAN_POINT('Origin',(2.48,0.,1.));
#7794=CARTESIAN_POINT('',(2.48,3.,-5.08));
#7795=CARTESIAN_POINT('',(2.48,3.,-5.08));
#7796=CARTESIAN_POINT('',(2.48,-3.,6.82));
#7797=CARTESIAN_POINT('',(2.48,-1.725,6.82));
#7798=CARTESIAN_POINT('',(2.48,-3.,-5.08));
#7799=CARTESIAN_POINT('',(2.48,-3.,6.82));
#7800=CARTESIAN_POINT('',(2.48,-3.,-5.08));
#7801=CARTESIAN_POINT('',(2.48,-2.58,3.05));
#7802=CARTESIAN_POINT('',(2.48,2.58,3.05));
#7803=CARTESIAN_POINT('',(2.48,2.58,3.05));
#7804=CARTESIAN_POINT('',(2.48,2.58,-4.65));
#7805=CARTESIAN_POINT('',(2.48,2.58,-4.65));
#7806=CARTESIAN_POINT('',(2.48,-2.58,-4.65));
#7807=CARTESIAN_POINT('',(2.48,-2.58,-4.65));
#7808=CARTESIAN_POINT('',(2.48,-2.58,3.05));
#7809=CARTESIAN_POINT('Origin',(1.9,0.,1.));
#7810=CARTESIAN_POINT('',(1.9,2.85,-3.675));
#7811=CARTESIAN_POINT('',(1.9,3.,-3.55));
#7812=CARTESIAN_POINT('',(1.9,2.85,-3.675));
#7813=CARTESIAN_POINT('',(1.9,3.,-4.1));
#7814=CARTESIAN_POINT('',(1.9,3.,-5.08));
#7815=CARTESIAN_POINT('',(1.9,2.885,-4.));
#7816=CARTESIAN_POINT('',(1.9,3.,-4.1));
#7817=CARTESIAN_POINT('',(1.9,2.815,-3.84));
#7818=CARTESIAN_POINT('',(1.9,2.885,-4.));
#7819=CARTESIAN_POINT('',(1.9,2.815,-3.84));
#7820=CARTESIAN_POINT('Origin',(1.9,0.00249999999999995,2.27));
#7821=CARTESIAN_POINT('',(1.9,-3.,3.575));
#7822=CARTESIAN_POINT('',(1.9,-3.,4.2));
#7823=CARTESIAN_POINT('',(1.9,-3.,4.545));
#7824=CARTESIAN_POINT('',(1.9,-3.165,4.065));
#7825=CARTESIAN_POINT('',(1.9,-3.,4.2));
#7826=CARTESIAN_POINT('',(1.9,-3.21,3.9));
#7827=CARTESIAN_POINT('',(1.9,-3.165,4.065));
#7828=CARTESIAN_POINT('',(1.9,-3.21,3.8));
#7829=CARTESIAN_POINT('',(1.9,-3.21,3.9));
#7830=CARTESIAN_POINT('',(1.9,-3.165,3.7));
#7831=CARTESIAN_POINT('',(1.9,-3.21,3.8));
#7832=CARTESIAN_POINT('',(1.9,-3.165,3.7));
#7833=CARTESIAN_POINT('Origin',(1.9,0.00249999999999995,2.27));
#7834=CARTESIAN_POINT('',(1.9,-3.,5.525));
#7835=CARTESIAN_POINT('',(1.9,-3.,6.135));
#7836=CARTESIAN_POINT('',(1.9,-3.,4.545));
#7837=CARTESIAN_POINT('',(1.9,-3.165,6.));
#7838=CARTESIAN_POINT('',(1.9,-3.,6.135));
#7839=CARTESIAN_POINT('',(1.9,-3.21,5.85));
#7840=CARTESIAN_POINT('',(1.9,-3.165,6.));
#7841=CARTESIAN_POINT('',(1.9,-3.165,5.665));
#7842=CARTESIAN_POINT('',(1.9,-3.21,5.85));
#7843=CARTESIAN_POINT('',(1.9,-3.165,5.665));
#7844=CARTESIAN_POINT('Origin',(1.9,0.00249999999999995,2.27));
#7845=CARTESIAN_POINT('',(1.9,3.,6.82));
#7846=CARTESIAN_POINT('',(1.9,3.,6.135));
#7847=CARTESIAN_POINT('',(1.9,1.89,6.82));
#7848=CARTESIAN_POINT('',(1.9,3.,6.82));
#7849=CARTESIAN_POINT('',(1.9,1.6,7.12));
#7850=CARTESIAN_POINT('',(1.9,1.89,6.82));
#7851=CARTESIAN_POINT('',(1.9,1.37,7.12));
#7852=CARTESIAN_POINT('',(1.9,1.6,7.12));
#7853=CARTESIAN_POINT('',(1.9,1.37,8.39));
#7854=CARTESIAN_POINT('',(1.9,1.37,7.12));
#7855=CARTESIAN_POINT('',(1.9,1.31,8.67));
#7856=CARTESIAN_POINT('',(1.9,1.37,8.39));
#7857=CARTESIAN_POINT('',(1.9,1.19,8.935));
#7858=CARTESIAN_POINT('',(1.9,1.31,8.67));
#7859=CARTESIAN_POINT('',(1.9,1.02,9.165));
#7860=CARTESIAN_POINT('',(1.9,1.19,8.935));
#7861=CARTESIAN_POINT('',(1.9,0.73,9.41));
#7862=CARTESIAN_POINT('',(1.9,1.02,9.165));
#7863=CARTESIAN_POINT('',(1.9,0.38,9.565));
#7864=CARTESIAN_POINT('',(1.9,0.73,9.41));
#7865=CARTESIAN_POINT('',(1.9,0.,9.62));
#7866=CARTESIAN_POINT('',(1.9,0.38,9.565));
#7867=CARTESIAN_POINT('',(1.9,-0.38,9.565));
#7868=CARTESIAN_POINT('',(1.9,0.,9.62));
#7869=CARTESIAN_POINT('',(1.9,-0.73,9.41));
#7870=CARTESIAN_POINT('',(1.9,-0.38,9.565));
#7871=CARTESIAN_POINT('',(1.9,-1.02,9.165));
#7872=CARTESIAN_POINT('',(1.9,-0.73,9.41));
#7873=CARTESIAN_POINT('',(1.9,-1.19,8.935));
#7874=CARTESIAN_POINT('',(1.9,-1.02,9.165));
#7875=CARTESIAN_POINT('',(1.9,-1.31,8.67));
#7876=CARTESIAN_POINT('',(1.9,-1.19,8.935));
#7877=CARTESIAN_POINT('',(1.9,-1.37,8.39));
#7878=CARTESIAN_POINT('',(1.9,-1.31,8.67));
#7879=CARTESIAN_POINT('',(1.9,-1.37,7.12));
#7880=CARTESIAN_POINT('',(1.9,-1.37,8.39));
#7881=CARTESIAN_POINT('',(1.9,-1.6,7.12));
#7882=CARTESIAN_POINT('',(1.9,-1.37,7.12));
#7883=CARTESIAN_POINT('',(1.9,-1.89,6.82));
#7884=CARTESIAN_POINT('',(1.9,-1.6,7.12));
#7885=CARTESIAN_POINT('',(1.9,-0.86125,6.82));
#7886=CARTESIAN_POINT('',(1.9,-0.87,8.275));
#7887=CARTESIAN_POINT('',(1.9,-0.8,8.57));
#7888=CARTESIAN_POINT('',(1.9,-0.8,8.57));
#7889=CARTESIAN_POINT('',(1.9,-0.65,8.825));
#7890=CARTESIAN_POINT('',(1.9,-0.65,8.825));
#7891=CARTESIAN_POINT('',(1.9,-0.46,8.985));
#7892=CARTESIAN_POINT('',(1.9,-0.46,8.985));
#7893=CARTESIAN_POINT('',(1.9,-0.24,9.08));
#7894=CARTESIAN_POINT('',(1.9,-0.24,9.08));
#7895=CARTESIAN_POINT('',(1.9,0.,9.115));
#7896=CARTESIAN_POINT('',(1.9,0.,9.115));
#7897=CARTESIAN_POINT('',(1.9,0.24,9.08));
#7898=CARTESIAN_POINT('',(1.9,0.24,9.08));
#7899=CARTESIAN_POINT('',(1.9,0.46,8.985));
#7900=CARTESIAN_POINT('',(1.9,0.46,8.985));
#7901=CARTESIAN_POINT('',(1.9,0.65,8.825));
#7902=CARTESIAN_POINT('',(1.9,0.65,8.825));
#7903=CARTESIAN_POINT('',(1.9,0.8,8.57));
#7904=CARTESIAN_POINT('',(1.9,0.8,8.57));
#7905=CARTESIAN_POINT('',(1.9,0.87,8.275));
#7906=CARTESIAN_POINT('',(1.9,0.87,8.275));
#7907=CARTESIAN_POINT('',(1.9,0.87,7.12));
#7908=CARTESIAN_POINT('',(1.9,0.87,7.12));
#7909=CARTESIAN_POINT('',(1.9,0.54,7.12));
#7910=CARTESIAN_POINT('',(1.9,0.54,7.12));
#7911=CARTESIAN_POINT('',(1.9,0.,7.93));
#7912=CARTESIAN_POINT('',(1.9,0.,7.93));
#7913=CARTESIAN_POINT('',(1.9,-0.54,7.12));
#7914=CARTESIAN_POINT('',(1.9,-0.54,7.12));
#7915=CARTESIAN_POINT('',(1.9,-0.87,7.12));
#7916=CARTESIAN_POINT('',(1.9,-0.87,7.12));
#7917=CARTESIAN_POINT('',(1.9,-0.87,8.275));
#7918=CARTESIAN_POINT('Origin',(1.9,0.00249999999999995,2.27));
#7919=CARTESIAN_POINT('',(1.9,3.,6.135));
#7920=CARTESIAN_POINT('',(1.9,3.,5.525));
#7921=CARTESIAN_POINT('',(1.9,3.,-1.405));
#7922=CARTESIAN_POINT('',(1.9,3.16,5.665));
#7923=CARTESIAN_POINT('',(1.9,3.,5.525));
#7924=CARTESIAN_POINT('',(1.9,3.215,5.85));
#7925=CARTESIAN_POINT('',(1.9,3.16,5.665));
#7926=CARTESIAN_POINT('',(1.9,3.185,5.95));
#7927=CARTESIAN_POINT('',(1.9,3.215,5.85));
#7928=CARTESIAN_POINT('',(1.9,3.125,6.035));
#7929=CARTESIAN_POINT('',(1.9,3.185,5.95));
#7930=CARTESIAN_POINT('',(1.9,3.125,6.035));
#7931=CARTESIAN_POINT('Origin',(1.9,0.00249999999999995,2.27));
#7932=CARTESIAN_POINT('',(1.9,3.,4.2));
#7933=CARTESIAN_POINT('',(1.9,3.,3.575));
#7934=CARTESIAN_POINT('',(1.9,3.,-1.405));
#7935=CARTESIAN_POINT('',(1.9,3.16,3.7));
#7936=CARTESIAN_POINT('',(1.9,3.,3.575));
#7937=CARTESIAN_POINT('',(1.9,3.215,3.9));
#7938=CARTESIAN_POINT('',(1.9,3.16,3.7));
#7939=CARTESIAN_POINT('',(1.9,3.16,4.065));
#7940=CARTESIAN_POINT('',(1.9,3.215,3.9));
#7941=CARTESIAN_POINT('',(1.9,3.16,4.065));
#7942=CARTESIAN_POINT('Origin',(0.8,0.00249999999999995,2.27));
#7943=CARTESIAN_POINT('',(0.8,-0.65,8.835));
#7944=CARTESIAN_POINT('',(0.8,-0.46,8.985));
#7945=CARTESIAN_POINT('',(0.8,-0.46,8.985));
#7946=CARTESIAN_POINT('',(0.8,-0.65,8.825));
#7947=CARTESIAN_POINT('',(0.8,-0.46,8.985));
#7948=CARTESIAN_POINT('',(0.8,-0.8,8.57));
#7949=CARTESIAN_POINT('',(0.8,-0.65,8.825));
#7950=CARTESIAN_POINT('',(0.8,-0.87,8.275));
#7951=CARTESIAN_POINT('',(0.8,-0.8,8.57));
#7952=CARTESIAN_POINT('',(0.8,-0.87,7.12));
#7953=CARTESIAN_POINT('',(0.8,-0.87,8.275));
#7954=CARTESIAN_POINT('',(0.8,-0.875,7.12));
#7955=CARTESIAN_POINT('',(0.8,-0.875,7.12));
#7956=CARTESIAN_POINT('',(0.8,-0.875,8.275));
#7957=CARTESIAN_POINT('',(0.8,-0.875,8.275));
#7958=CARTESIAN_POINT('',(0.8,-0.8,8.575));
#7959=CARTESIAN_POINT('',(0.8,-0.8,8.575));
#7960=CARTESIAN_POINT('',(0.8,-0.65,8.835));
#7961=CARTESIAN_POINT('Origin',(0.8,0.00249999999999995,2.27));
#7962=CARTESIAN_POINT('',(0.8,-3.,6.135));
#7963=CARTESIAN_POINT('',(0.8,-3.,5.525));
#7964=CARTESIAN_POINT('',(0.8,-3.,6.82));
#7965=CARTESIAN_POINT('',(0.8,-3.165,5.665));
#7966=CARTESIAN_POINT('',(0.8,-3.165,5.665));
#7967=CARTESIAN_POINT('',(0.8,-3.21,5.85));
#7968=CARTESIAN_POINT('',(0.8,-3.21,5.85));
#7969=CARTESIAN_POINT('',(0.8,-3.165,6.));
#7970=CARTESIAN_POINT('',(0.8,-3.165,6.));
#7971=CARTESIAN_POINT('',(0.8,-3.,6.135));
#7972=CARTESIAN_POINT('Origin',(0.8,0.00249999999999995,2.27));
#7973=CARTESIAN_POINT('',(0.8,0.51,7.165));
#7974=CARTESIAN_POINT('',(0.8,-0.51,7.165));
#7975=CARTESIAN_POINT('',(0.8,-0.51,7.165));
#7976=CARTESIAN_POINT('',(0.8,0.,7.93));
#7977=CARTESIAN_POINT('',(0.8,-0.54,7.12));
#7978=CARTESIAN_POINT('',(0.8,0.,7.93));
#7979=CARTESIAN_POINT('Origin',(0.8,0.00249999999999995,2.27));
#7980=CARTESIAN_POINT('',(0.8,-0.24,9.1));
#7981=CARTESIAN_POINT('',(0.8,-0.102857142857146,9.1));
#7982=CARTESIAN_POINT('',(0.8,0.24,9.1));
#7983=CARTESIAN_POINT('',(0.8,-0.24,9.08));
#7984=CARTESIAN_POINT('',(0.8,0.,9.115));
#7985=CARTESIAN_POINT('',(0.8,-0.24,9.08));
#7986=CARTESIAN_POINT('',(0.8,-0.24,9.1));
#7987=CARTESIAN_POINT('Origin',(0.8,0.00249999999999995,2.27));
#7988=CARTESIAN_POINT('',(0.8,0.8,8.575));
#7989=CARTESIAN_POINT('',(0.8,0.87,8.275));
#7990=CARTESIAN_POINT('',(0.8,0.87,8.275));
#7991=CARTESIAN_POINT('',(0.8,0.8,8.57));
#7992=CARTESIAN_POINT('',(0.8,0.87,8.275));
#7993=CARTESIAN_POINT('',(0.8,0.65,8.825));
#7994=CARTESIAN_POINT('',(0.8,0.8,8.57));
#7995=CARTESIAN_POINT('',(0.8,0.46,8.985));
#7996=CARTESIAN_POINT('',(0.8,0.65,8.825));
#7997=CARTESIAN_POINT('',(0.8,0.24,9.08));
#7998=CARTESIAN_POINT('',(0.8,0.46,8.985));
#7999=CARTESIAN_POINT('',(0.8,0.102857142857146,9.1));
#8000=CARTESIAN_POINT('',(0.8,0.24,9.08));
#8001=CARTESIAN_POINT('',(0.8,0.24,9.1));
#8002=CARTESIAN_POINT('',(0.8,0.24,9.1));
#8003=CARTESIAN_POINT('',(0.8,0.465,8.985));
#8004=CARTESIAN_POINT('',(0.8,0.465,8.985));
#8005=CARTESIAN_POINT('',(0.8,0.65,8.835));
#8006=CARTESIAN_POINT('',(0.8,0.65,8.835));
#8007=CARTESIAN_POINT('',(0.8,0.8,8.575));
#8008=CARTESIAN_POINT('Origin',(0.8,0.00249999999999995,2.27));
#8009=CARTESIAN_POINT('',(0.8,-3.,-2.68));
#8010=CARTESIAN_POINT('',(0.8,-2.58,-2.68));
#8011=CARTESIAN_POINT('',(0.8,-3.,-2.68));
#8012=CARTESIAN_POINT('',(0.8,-2.58,-4.));
#8013=CARTESIAN_POINT('',(0.8,-2.58,3.05));
#8014=CARTESIAN_POINT('',(0.8,-2.89230769230769,-4.));
#8015=CARTESIAN_POINT('',(0.8,-3.,-4.));
#8016=CARTESIAN_POINT('',(0.8,-2.86,-3.97));
#8017=CARTESIAN_POINT('',(0.8,-2.86,-3.97));
#8018=CARTESIAN_POINT('',(0.8,-2.815,-3.84));
#8019=CARTESIAN_POINT('',(0.8,-2.815,-3.84));
#8020=CARTESIAN_POINT('',(0.8,-2.86,-3.675));
#8021=CARTESIAN_POINT('',(0.8,-2.86,-3.675));
#8022=CARTESIAN_POINT('',(0.8,-3.,-3.55));
#8023=CARTESIAN_POINT('',(0.8,-3.,-3.55));
#8024=CARTESIAN_POINT('',(0.8,-3.,3.575));
#8025=CARTESIAN_POINT('Origin',(0.8,0.00249999999999995,2.27));
#8026=CARTESIAN_POINT('',(0.8,2.58,-2.68));
#8027=CARTESIAN_POINT('',(0.8,3.,-2.68));
#8028=CARTESIAN_POINT('',(0.8,2.58,-2.68));
#8029=CARTESIAN_POINT('',(0.8,3.,-3.55));
#8030=CARTESIAN_POINT('',(0.8,3.,-3.55));
#8031=CARTESIAN_POINT('',(0.8,2.85,-3.675));
#8032=CARTESIAN_POINT('',(0.8,2.85,-3.675));
#8033=CARTESIAN_POINT('',(0.8,2.815,-3.84));
#8034=CARTESIAN_POINT('',(0.8,2.815,-3.84));
#8035=CARTESIAN_POINT('',(0.8,2.885,-4.));
#8036=CARTESIAN_POINT('',(0.8,2.885,-4.));
#8037=CARTESIAN_POINT('',(0.8,2.58,-4.));
#8038=CARTESIAN_POINT('',(0.8,2.58,-4.));
#8039=CARTESIAN_POINT('',(0.8,2.58,-4.65));
#8040=CARTESIAN_POINT('Origin',(0.8,0.00249999999999995,2.27));
#8041=CARTESIAN_POINT('',(0.8,-1.6,7.12));
#8042=CARTESIAN_POINT('',(0.8,-1.885,6.82));
#8043=CARTESIAN_POINT('',(0.8,-1.6,7.12));
#8044=CARTESIAN_POINT('',(0.8,-1.89,6.82));
#8045=CARTESIAN_POINT('',(0.8,-1.885,6.82));
#8046=CARTESIAN_POINT('',(0.8,-1.6,7.12));
#8047=CARTESIAN_POINT('Origin',(0.8,0.00249999999999995,2.27));
#8048=CARTESIAN_POINT('',(0.8,-1.28253576072822,8.73065019505852));
#8049=CARTESIAN_POINT('',(0.8,-1.37,8.39));
#8050=CARTESIAN_POINT('',(0.8,-1.275,8.76));
#8051=CARTESIAN_POINT('',(0.8,-1.31,8.67));
#8052=CARTESIAN_POINT('',(0.8,-1.31,8.67));
#8053=CARTESIAN_POINT('',(0.8,-1.19,8.935));
#8054=CARTESIAN_POINT('Origin',(0.8,0.00249999999999995,2.27));
#8055=CARTESIAN_POINT('',(0.8,3.,5.525));
#8056=CARTESIAN_POINT('',(0.8,3.,6.135));
#8057=CARTESIAN_POINT('',(0.8,3.,4.26));
#8058=CARTESIAN_POINT('',(0.8,3.125,6.035));
#8059=CARTESIAN_POINT('',(0.8,3.125,6.035));
#8060=CARTESIAN_POINT('',(0.8,3.185,5.95));
#8061=CARTESIAN_POINT('',(0.8,3.185,5.95));
#8062=CARTESIAN_POINT('',(0.8,3.215,5.85));
#8063=CARTESIAN_POINT('',(0.8,3.215,5.85));
#8064=CARTESIAN_POINT('',(0.8,3.16,5.665));
#8065=CARTESIAN_POINT('',(0.8,3.16,5.665));
#8066=CARTESIAN_POINT('',(0.8,3.,5.525));
#8067=CARTESIAN_POINT('Origin',(0.8,0.00249999999999995,2.27));
#8068=CARTESIAN_POINT('',(0.8,-1.16304878048781,8.97146341463414));
#8069=CARTESIAN_POINT('',(0.8,-1.23521739130435,8.83514492753624));
#8070=CARTESIAN_POINT('',(0.8,-1.14,9.015));
#8071=CARTESIAN_POINT('',(0.8,-1.19,8.935));
#8072=CARTESIAN_POINT('',(0.8,-1.19,8.935));
#8073=CARTESIAN_POINT('',(0.8,-1.02,9.165));
#8074=CARTESIAN_POINT('Origin',(0.8,0.00249999999999995,2.27));
#8075=CARTESIAN_POINT('',(0.8,1.885,6.82));
#8076=CARTESIAN_POINT('',(0.8,1.6,7.12));
#8077=CARTESIAN_POINT('',(0.8,1.885,6.82));
#8078=CARTESIAN_POINT('',(0.8,1.89,6.82));
#8079=CARTESIAN_POINT('',(0.8,1.89,6.82));
#8080=CARTESIAN_POINT('',(0.8,3.,6.82));
#8081=CARTESIAN_POINT('Origin',(0.8,0.00249999999999995,2.27));
#8082=CARTESIAN_POINT('',(0.8,-0.929196050775741,9.24171368124119));
#8083=CARTESIAN_POINT('',(0.8,-1.09548,9.06288));
#8084=CARTESIAN_POINT('',(0.8,-0.875,9.3));
#8085=CARTESIAN_POINT('',(0.8,-1.02,9.165));
#8086=CARTESIAN_POINT('',(0.8,-1.02,9.165));
#8087=CARTESIAN_POINT('',(0.8,-0.73,9.41));
#8088=CARTESIAN_POINT('Origin',(0.8,0.00249999999999995,2.27));
#8089=CARTESIAN_POINT('',(0.8,-0.609617834394902,9.46331210191083));
#8090=CARTESIAN_POINT('',(0.8,-0.820520231213872,9.33352601156069));
#8091=CARTESIAN_POINT('',(0.8,-0.55,9.5));
#8092=CARTESIAN_POINT('',(0.8,-0.73,9.41));
#8093=CARTESIAN_POINT('',(0.8,-0.73,9.41));
#8094=CARTESIAN_POINT('',(0.8,-0.38,9.565));
#8095=CARTESIAN_POINT('Origin',(0.8,0.00249999999999995,2.27));
#8096=CARTESIAN_POINT('',(0.8,1.235,8.835));
#8097=CARTESIAN_POINT('',(0.8,1.14045023696682,9.00203791469194));
#8098=CARTESIAN_POINT('',(0.8,1.235,8.835));
#8099=CARTESIAN_POINT('',(0.8,1.19,8.935));
#8100=CARTESIAN_POINT('',(0.8,1.19,8.935));
#8101=CARTESIAN_POINT('',(0.8,1.31,8.67));
#8102=CARTESIAN_POINT('',(0.8,1.31,8.67));
#8103=CARTESIAN_POINT('',(0.8,1.37,8.39));
#8104=CARTESIAN_POINT('',(0.8,1.37,8.39));
#8105=CARTESIAN_POINT('',(0.8,1.37,8.39));
#8106=CARTESIAN_POINT('Origin',(0.8,0.00249999999999995,2.27));
#8107=CARTESIAN_POINT('',(0.8,0.138181818181828,9.6));
#8108=CARTESIAN_POINT('',(0.8,-0.138181818181828,9.6));
#8109=CARTESIAN_POINT('',(0.8,0.19,9.6));
#8110=CARTESIAN_POINT('',(0.8,0.,9.62));
#8111=CARTESIAN_POINT('',(0.8,0.,9.62));
#8112=CARTESIAN_POINT('',(0.8,0.38,9.565));
#8113=CARTESIAN_POINT('Origin',(0.8,0.00249999999999995,2.27));
#8114=CARTESIAN_POINT('',(0.8,-0.246373626373615,9.58434065934066));
#8115=CARTESIAN_POINT('',(0.8,-0.487692307692314,9.51730769230769));
#8116=CARTESIAN_POINT('',(0.8,-0.19,9.6));
#8117=CARTESIAN_POINT('',(0.8,-0.38,9.565));
#8118=CARTESIAN_POINT('',(0.8,-0.38,9.565));
#8119=CARTESIAN_POINT('',(0.8,0.,9.62));
#8120=CARTESIAN_POINT('Origin',(0.8,0.00249999999999995,2.27));
#8121=CARTESIAN_POINT('',(0.8,0.8,9.35));
#8122=CARTESIAN_POINT('',(0.8,0.534873294346972,9.49641325536063));
#8123=CARTESIAN_POINT('',(0.8,0.8,9.35));
#8124=CARTESIAN_POINT('',(0.8,0.73,9.41));
#8125=CARTESIAN_POINT('',(0.8,0.73,9.41));
#8126=CARTESIAN_POINT('',(0.8,1.02,9.165));
#8127=CARTESIAN_POINT('',(0.8,1.02,9.165));
#8128=CARTESIAN_POINT('',(0.8,1.03677874186551,9.14229934924078));
#8129=CARTESIAN_POINT('',(0.8,1.19,8.935));
#8130=CARTESIAN_POINT('',(0.8,1.085,9.1));
#8131=CARTESIAN_POINT('Origin',(0.8,0.00249999999999995,2.27));
#8132=CARTESIAN_POINT('',(0.8,0.427987421383653,9.54374842767296));
#8133=CARTESIAN_POINT('',(0.8,0.271853785900768,9.58065274151436));
#8134=CARTESIAN_POINT('',(0.8,0.465,9.535));
#8135=CARTESIAN_POINT('',(0.8,0.38,9.565));
#8136=CARTESIAN_POINT('',(0.8,0.38,9.565));
#8137=CARTESIAN_POINT('',(0.8,0.73,9.41));
#8138=CARTESIAN_POINT('Origin',(0.8,-0.87,7.12));
#8139=CARTESIAN_POINT('',(0.8,-0.87,8.275));
#8140=CARTESIAN_POINT('',(0.8,-0.87,7.12));
#8141=CARTESIAN_POINT('Origin',(0.8,0.,7.93));
#8142=CARTESIAN_POINT('',(0.8,-0.54,7.12));
#8143=CARTESIAN_POINT('',(0.8,-1.03153846153846,6.38269230769231));
#8144=CARTESIAN_POINT('',(0.8,-0.54,7.12));
#8145=CARTESIAN_POINT('',(0.8,0.,7.93));
#8146=CARTESIAN_POINT('Origin',(0.8,0.8,8.57));
#8147=CARTESIAN_POINT('',(0.8,0.87,8.275));
#8148=CARTESIAN_POINT('',(0.8,0.8,8.57));
#8149=CARTESIAN_POINT('Origin',(0.8,0.65,8.825));
#8150=CARTESIAN_POINT('',(0.8,0.65,8.825));
#8151=CARTESIAN_POINT('Origin',(0.8,0.46,8.985));
#8152=CARTESIAN_POINT('',(0.8,0.46,8.985));
#8153=CARTESIAN_POINT('Origin',(0.8,0.24,9.08));
#8154=CARTESIAN_POINT('',(0.8,0.24,9.08));
#8155=CARTESIAN_POINT('Origin',(0.8,0.,9.115));
#8156=CARTESIAN_POINT('',(0.8,0.,9.115));
#8157=CARTESIAN_POINT('',(0.8,0.,9.115));
#8158=CARTESIAN_POINT('',(0.8,0.40375690607735,9.05611878453039));
#8159=CARTESIAN_POINT('Origin',(0.8,-0.24,9.08));
#8160=CARTESIAN_POINT('',(0.8,-0.52375690607735,9.03861878453039));
#8161=CARTESIAN_POINT('',(0.8,-0.24,9.08));
#8162=CARTESIAN_POINT('Origin',(0.8,-0.46,8.985));
#8163=CARTESIAN_POINT('',(0.8,-0.46,8.985));
#8164=CARTESIAN_POINT('Origin',(0.8,-0.65,8.825));
#8165=CARTESIAN_POINT('',(0.8,-0.65,8.825));
#8166=CARTESIAN_POINT('Origin',(0.8,-0.8,8.57));
#8167=CARTESIAN_POINT('',(0.8,-0.8,8.57));
#8168=CARTESIAN_POINT('Origin',(0.8,-0.87,8.275));
#8169=CARTESIAN_POINT('Origin',(0.8,-3.,4.2));
#8170=CARTESIAN_POINT('',(0.8,-3.165,4.065));
#8171=CARTESIAN_POINT('',(0.8,-3.,4.2));
#8172=CARTESIAN_POINT('',(0.8,-2.28282178217822,4.78678217821782));
#8173=CARTESIAN_POINT('',(0.8,-3.165,4.065));
#8174=CARTESIAN_POINT('',(0.8,-3.,4.2));
#8175=CARTESIAN_POINT('Origin',(0.8,-3.165,5.665));
#8176=CARTESIAN_POINT('',(0.8,-3.,5.525));
#8177=CARTESIAN_POINT('',(0.8,-3.165,5.665));
#8178=CARTESIAN_POINT('Origin',(0.8,-3.21,5.85));
#8179=CARTESIAN_POINT('',(0.8,-3.21,5.85));
#8180=CARTESIAN_POINT('Origin',(0.8,-3.165,6.));
#8181=CARTESIAN_POINT('',(0.8,-3.165,6.));
#8182=CARTESIAN_POINT('Origin',(0.8,-3.,6.135));
#8183=CARTESIAN_POINT('',(0.8,-3.,6.135));
#8184=CARTESIAN_POINT('Origin',(0.8,-1.6,7.12));
#8185=CARTESIAN_POINT('',(0.8,-1.89,6.82));
#8186=CARTESIAN_POINT('',(0.8,-1.6,7.12));
#8187=CARTESIAN_POINT('Origin',(0.8,-1.31,8.67));
#8188=CARTESIAN_POINT('',(0.8,-1.37,8.39));
#8189=CARTESIAN_POINT('',(0.8,-1.31,8.67));
#8190=CARTESIAN_POINT('Origin',(0.8,-1.19,8.935));
#8191=CARTESIAN_POINT('',(0.8,-2.11743870014771,6.88690620384048));
#8192=CARTESIAN_POINT('',(0.8,-1.19,8.935));
#8193=CARTESIAN_POINT('Origin',(0.8,-1.02,9.165));
#8194=CARTESIAN_POINT('',(0.8,-2.20329767726161,7.56406784841074));
#8195=CARTESIAN_POINT('',(0.8,-1.02,9.165));
#8196=CARTESIAN_POINT('Origin',(0.8,-0.73,9.41));
#8197=CARTESIAN_POINT('',(0.8,-1.98361491760624,8.35091153512576));
#8198=CARTESIAN_POINT('',(0.8,-0.73,9.41));
#8199=CARTESIAN_POINT('Origin',(0.8,-0.38,9.565));
#8200=CARTESIAN_POINT('',(0.8,-1.35132315304556,9.13484260365125));
#8201=CARTESIAN_POINT('',(0.8,-0.38,9.565));
#8202=CARTESIAN_POINT('Origin',(0.8,0.,9.62));
#8203=CARTESIAN_POINT('',(0.8,-0.436642360522297,9.55680176360862));
#8204=CARTESIAN_POINT('',(0.8,0.,9.62));
#8205=CARTESIAN_POINT('Origin',(0.8,0.38,9.565));
#8206=CARTESIAN_POINT('',(0.8,0.626642360522297,9.52930176360862));
#8207=CARTESIAN_POINT('',(0.8,0.38,9.565));
#8208=CARTESIAN_POINT('Origin',(0.8,0.73,9.41));
#8209=CARTESIAN_POINT('',(0.8,1.52632315304556,9.05734260365125));
#8210=CARTESIAN_POINT('',(0.8,0.73,9.41));
#8211=CARTESIAN_POINT('Origin',(0.8,1.02,9.165));
#8212=CARTESIAN_POINT('',(0.8,1.02,9.165));
#8213=CARTESIAN_POINT('Origin',(0.8,1.19,8.935));
#8214=CARTESIAN_POINT('',(0.8,2.28829767726161,7.44906784841074));
#8215=CARTESIAN_POINT('',(0.8,1.19,8.935));
#8216=CARTESIAN_POINT('Origin',(0.8,1.31,8.67));
#8217=CARTESIAN_POINT('',(0.8,1.31,8.67));
#8218=CARTESIAN_POINT('Origin',(0.8,1.37,8.39));
#8219=CARTESIAN_POINT('',(0.8,1.37,8.39));
#8220=CARTESIAN_POINT('Origin',(0.8,1.89,6.82));
#8221=CARTESIAN_POINT('',(0.8,1.6,7.12));
#8222=CARTESIAN_POINT('',(0.8,1.89,6.82));
#8223=CARTESIAN_POINT('Origin',(0.8,3.125,6.035));
#8224=CARTESIAN_POINT('',(0.8,3.,6.135));
#8225=CARTESIAN_POINT('',(0.8,3.125,6.035));
#8226=CARTESIAN_POINT('Origin',(0.8,3.185,5.95));
#8227=CARTESIAN_POINT('',(0.8,3.185,5.95));
#8228=CARTESIAN_POINT('Origin',(0.8,3.215,5.85));
#8229=CARTESIAN_POINT('',(0.8,3.215,5.85));
#8230=CARTESIAN_POINT('Origin',(0.8,3.16,5.665));
#8231=CARTESIAN_POINT('',(0.8,3.16,5.665));
#8232=CARTESIAN_POINT('Origin',(0.8,3.,5.525));
#8233=CARTESIAN_POINT('',(0.8,3.,5.525));
#8234=CARTESIAN_POINT('Origin',(0.8,3.16,4.065));
#8235=CARTESIAN_POINT('',(0.8,3.,4.2));
#8236=CARTESIAN_POINT('',(0.8,3.16,4.065));
#8237=CARTESIAN_POINT('',(0.8,2.38614945807188,4.71793639475185));
#8238=CARTESIAN_POINT('',(0.8,3.,4.2));
#8239=CARTESIAN_POINT('',(0.8,3.16,4.065));
#8240=CARTESIAN_POINT('Origin',(0.8,3.215,3.9));
#8241=CARTESIAN_POINT('',(0.8,3.215,3.9));
#8242=CARTESIAN_POINT('',(0.8,3.12025,4.18425));
#8243=CARTESIAN_POINT('',(0.8,3.215,3.9));
#8244=CARTESIAN_POINT('Origin',(0.8,3.16,3.7));
#8245=CARTESIAN_POINT('',(0.8,3.16,3.7));
#8246=CARTESIAN_POINT('',(0.8,3.01823358512493,3.18448576409065));
#8247=CARTESIAN_POINT('',(0.8,3.16,3.7));
#8248=CARTESIAN_POINT('Origin',(0.8,3.,3.575));
#8249=CARTESIAN_POINT('',(0.8,3.,3.575));
#8250=CARTESIAN_POINT('',(0.8,2.0406306852638,2.82549272286234));
#8251=CARTESIAN_POINT('',(0.8,3.,3.575));
#8252=CARTESIAN_POINT('Origin',(0.8,2.85,-3.675));
#8253=CARTESIAN_POINT('',(0.8,3.,-3.55));
#8254=CARTESIAN_POINT('',(0.8,2.85,-3.675));
#8255=CARTESIAN_POINT('Origin',(0.8,2.815,-3.84));
#8256=CARTESIAN_POINT('',(0.8,2.815,-3.84));
#8257=CARTESIAN_POINT('Origin',(0.8,2.885,-4.));
#8258=CARTESIAN_POINT('',(0.8,2.885,-4.));
#8259=CARTESIAN_POINT('Origin',(0.8,3.,-4.1));
#8260=CARTESIAN_POINT('',(0.8,3.,-4.1));
#8261=CARTESIAN_POINT('',(0.8,2.25479009687836,-3.45199138858988));
#8262=CARTESIAN_POINT('',(0.8,3.,-4.1));
#8263=CARTESIAN_POINT('Origin',(0.8,-2.86,-3.97));
#8264=CARTESIAN_POINT('',(0.8,-3.,-4.1));
#8265=CARTESIAN_POINT('',(0.8,-2.23421917808219,-3.38891780821918));
#8266=CARTESIAN_POINT('',(0.8,-3.,-4.1));
#8267=CARTESIAN_POINT('',(0.8,-2.86,-3.97));
#8268=CARTESIAN_POINT('Origin',(0.8,-2.815,-3.84));
#8269=CARTESIAN_POINT('',(0.8,-2.815,-3.84));
#8270=CARTESIAN_POINT('Origin',(0.8,-2.86,-3.675));
#8271=CARTESIAN_POINT('',(0.8,-2.86,-3.675));
#8272=CARTESIAN_POINT('Origin',(0.8,-3.,-3.55));
#8273=CARTESIAN_POINT('',(0.8,-3.,-3.55));
#8274=CARTESIAN_POINT('Origin',(0.8,-3.165,3.7));
#8275=CARTESIAN_POINT('',(0.8,-3.,3.575));
#8276=CARTESIAN_POINT('',(0.8,-3.165,3.7));
#8277=CARTESIAN_POINT('',(0.8,-2.10178967327888,2.89453763127188));
#8278=CARTESIAN_POINT('',(0.8,-3.,3.575));
#8279=CARTESIAN_POINT('',(0.8,-3.165,3.7));
#8280=CARTESIAN_POINT('Origin',(0.8,-3.21,3.8));
#8281=CARTESIAN_POINT('',(0.8,-3.21,3.8));
#8282=CARTESIAN_POINT('',(0.8,-2.87610187110187,3.05800415800416));
#8283=CARTESIAN_POINT('',(0.8,-3.21,3.8));
#8284=CARTESIAN_POINT('Origin',(0.8,-3.21,3.9));
#8285=CARTESIAN_POINT('',(0.8,-3.21,3.9));
#8286=CARTESIAN_POINT('',(0.8,-3.21,3.68));
#8287=CARTESIAN_POINT('',(0.8,-3.21,3.9));
#8288=CARTESIAN_POINT('Origin',(0.8,-3.165,4.065));
#8289=CARTESIAN_POINT('',(0.8,-3.13223076923077,4.18515384615385));
#8290=CARTESIAN_POINT('Origin',(0.8,0.,-4.54));
#8291=CARTESIAN_POINT('',(0.8,3.,-4.));
#8292=CARTESIAN_POINT('',(0.8,3.,-4.));
#8293=CARTESIAN_POINT('',(0.8,2.58,-4.));
#8294=CARTESIAN_POINT('Origin',(0.35,0.,-4.54));
#8295=CARTESIAN_POINT('',(0.35,3.,-4.14));
#8296=CARTESIAN_POINT('',(0.35,2.59,-4.14));
#8297=CARTESIAN_POINT('',(0.35,2.59,-4.14));
#8298=CARTESIAN_POINT('',(0.35,2.59,-4.65));
#8299=CARTESIAN_POINT('',(0.35,2.59,-4.65));
#8300=CARTESIAN_POINT('',(0.35,2.58,-4.65));
#8301=CARTESIAN_POINT('',(0.35,-2.59,-4.65));
#8302=CARTESIAN_POINT('',(0.35,2.58,-4.));
#8303=CARTESIAN_POINT('',(0.35,2.58,-4.65));
#8304=CARTESIAN_POINT('',(0.35,3.,-4.));
#8305=CARTESIAN_POINT('',(0.35,2.58,-4.));
#8306=CARTESIAN_POINT('',(0.35,3.,-4.));
#8307=CARTESIAN_POINT('Origin',(0.35,-2.58,-4.));
#8308=CARTESIAN_POINT('',(0.35,-3.,-4.));
#8309=CARTESIAN_POINT('',(0.35,-2.58,-4.));
#8310=CARTESIAN_POINT('',(0.35,-3.,-4.));
#8311=CARTESIAN_POINT('',(0.8,-3.,-4.));
#8312=CARTESIAN_POINT('',(0.35,-3.,-4.));
#8313=CARTESIAN_POINT('',(0.8,-3.,-4.));
#8314=CARTESIAN_POINT('',(0.35,-2.58,-4.));
#8315=CARTESIAN_POINT('Origin',(0.35,3.,-4.));
#8316=CARTESIAN_POINT('',(0.35,2.58,-4.));
#8317=CARTESIAN_POINT('',(0.35,3.,-4.));
#8318=CARTESIAN_POINT('Origin',(0.8,0.,-4.54));
#8319=CARTESIAN_POINT('',(0.8,-3.,-5.08));
#8320=CARTESIAN_POINT('Origin',(0.35,0.,-4.54));
#8321=CARTESIAN_POINT('',(0.35,-2.59,-4.14));
#8322=CARTESIAN_POINT('',(0.35,-3.,-4.14));
#8323=CARTESIAN_POINT('',(0.35,-3.,-4.14));
#8324=CARTESIAN_POINT('',(0.35,-3.,-5.08));
#8325=CARTESIAN_POINT('',(0.35,-2.58,-4.65));
#8326=CARTESIAN_POINT('',(0.35,-2.58,-4.));
#8327=CARTESIAN_POINT('',(0.35,-2.59,-4.65));
#8328=CARTESIAN_POINT('',(0.35,-2.59,-4.65));
#8329=CARTESIAN_POINT('',(0.35,-2.59,-4.14));
#8330=CARTESIAN_POINT('Origin',(0.,-2.59,-4.14));
#8331=CARTESIAN_POINT('',(0.,-3.,-4.14));
#8332=CARTESIAN_POINT('',(0.,-2.59,-4.14));
#8333=CARTESIAN_POINT('',(5.55111512312578E-17,-1.295,-4.14));
#8334=CARTESIAN_POINT('',(0.,-3.,-4.14));
#8335=CARTESIAN_POINT('',(0.,-2.59,-4.14));
#8336=CARTESIAN_POINT('Origin',(0.,-2.59,-4.65));
#8337=CARTESIAN_POINT('',(0.,-2.59,-4.65));
#8338=CARTESIAN_POINT('',(5.55111512312578E-17,-2.59,-4.615));
#8339=CARTESIAN_POINT('',(0.,-2.59,-4.65));
#8340=CARTESIAN_POINT('Origin',(0.,2.59,-4.14));
#8341=CARTESIAN_POINT('',(0.,2.59,-4.65));
#8342=CARTESIAN_POINT('',(0.,2.59,-4.14));
#8343=CARTESIAN_POINT('',(5.55111512312578E-17,2.59,-4.36));
#8344=CARTESIAN_POINT('',(0.,2.59,-4.65));
#8345=CARTESIAN_POINT('',(0.,2.59,-4.14));
#8346=CARTESIAN_POINT('Origin',(0.,3.,-4.14));
#8347=CARTESIAN_POINT('',(0.,3.,-4.14));
#8348=CARTESIAN_POINT('',(5.55111512312578E-17,1.5,-4.14));
#8349=CARTESIAN_POINT('',(0.,3.,-4.14));
#8350=CARTESIAN_POINT('Origin',(0.,0.,-4.61));
#8351=CARTESIAN_POINT('',(5.55111512312578E-17,2.25,-5.));
#8352=CARTESIAN_POINT('',(5.55111512312578E-17,2.25,-5.08));
#8353=CARTESIAN_POINT('',(5.55111512312578E-17,2.25,-5.08));
#8354=CARTESIAN_POINT('',(5.55111512312578E-17,-2.24,-5.08));
#8355=CARTESIAN_POINT('',(0.,3.,-5.08));
#8356=CARTESIAN_POINT('',(5.55111512312578E-17,-2.24,-5.));
#8357=CARTESIAN_POINT('',(5.55111512312578E-17,-2.24,-5.));
#8358=CARTESIAN_POINT('',(5.55111512312578E-17,2.25,-5.));
#8359=CARTESIAN_POINT('Origin',(5.55111512312578E-17,0.,-4.58));
#8360=CARTESIAN_POINT('',(5.55111512312578E-17,-2.58,-4.65));
#8361=CARTESIAN_POINT('',(5.55111512312578E-17,1.295,-4.65));
#8362=CARTESIAN_POINT('',(5.55111512312578E-17,-2.58,-4.08));
#8363=CARTESIAN_POINT('',(5.55111512312578E-17,-2.58,-4.08));
#8364=CARTESIAN_POINT('',(5.55111512312578E-17,-3.,-4.08));
#8365=CARTESIAN_POINT('',(5.55111512312578E-17,-3.,-4.08));
#8366=CARTESIAN_POINT('',(5.55111512312578E-17,-3.,-5.08));
#8367=CARTESIAN_POINT('Origin',(5.55111512312578E-17,0.,-4.58));
#8368=CARTESIAN_POINT('',(5.55111512312578E-17,2.58,-4.65));
#8369=CARTESIAN_POINT('',(5.55111512312578E-17,1.295,-4.65));
#8370=CARTESIAN_POINT('',(5.55111512312578E-17,3.,-4.08));
#8371=CARTESIAN_POINT('',(5.55111512312578E-17,3.,-4.08));
#8372=CARTESIAN_POINT('',(5.55111512312578E-17,2.58,-4.08));
#8373=CARTESIAN_POINT('',(5.55111512312578E-17,2.58,-4.08));
#8374=CARTESIAN_POINT('',(5.55111512312578E-17,2.58,-4.65));
#8375=CARTESIAN_POINT('Origin',(-0.3,2.25,-5.08));
#8376=CARTESIAN_POINT('',(-0.3,3.,-5.08));
#8377=CARTESIAN_POINT('',(-0.3,2.25,-5.08));
#8378=CARTESIAN_POINT('',(-0.3,3.,-5.08));
#8379=CARTESIAN_POINT('',(-0.3,3.,-5.08));
#8380=CARTESIAN_POINT('',(-0.3,-3.,-5.08));
#8381=CARTESIAN_POINT('',(-0.3,-3.,-5.08));
#8382=CARTESIAN_POINT('',(-0.3,-2.24,-5.08));
#8383=CARTESIAN_POINT('',(-0.3,-2.24,-5.08));
#8384=CARTESIAN_POINT('',(-0.3,-2.24,-5.08));
#8385=CARTESIAN_POINT('',(-0.3,2.25,-5.08));
#8386=CARTESIAN_POINT('Origin',(-0.3,2.25,-5.));
#8387=CARTESIAN_POINT('',(-0.3,2.25,-5.));
#8388=CARTESIAN_POINT('',(-0.3,2.25,-5.08));
#8389=CARTESIAN_POINT('',(-0.3,2.25,-5.));
#8390=CARTESIAN_POINT('Origin',(-0.3,-2.24,-5.));
#8391=CARTESIAN_POINT('',(-0.3,-2.24,-5.));
#8392=CARTESIAN_POINT('',(-0.3,2.25,-5.));
#8393=CARTESIAN_POINT('',(-0.3,-2.24,-5.));
#8394=CARTESIAN_POINT('Origin',(-0.3,-2.24,-5.08));
#8395=CARTESIAN_POINT('',(-0.3,-2.24,-5.));
#8396=CARTESIAN_POINT('Origin',(-0.3,-3.,-4.08));
#8397=CARTESIAN_POINT('',(-0.3,-3.,-4.08));
#8398=CARTESIAN_POINT('',(-0.3,-3.,-5.08));
#8399=CARTESIAN_POINT('',(-0.3,-3.,6.82));
#8400=CARTESIAN_POINT('',(-0.3,-3.,6.82));
#8401=CARTESIAN_POINT('',(-0.3,-3.,6.685));
#8402=CARTESIAN_POINT('',(-0.3,-3.,6.82));
#8403=CARTESIAN_POINT('',(-1.335,-3.,6.685));
#8404=CARTESIAN_POINT('',(-1.335,-3.,6.685));
#8405=CARTESIAN_POINT('',(-1.335,-3.,6.565));
#8406=CARTESIAN_POINT('',(-1.335,-3.,6.565));
#8407=CARTESIAN_POINT('',(-0.3,-3.,6.565));
#8408=CARTESIAN_POINT('',(-1.335,-3.,6.565));
#8409=CARTESIAN_POINT('',(-0.3,-3.,6.6));
#8410=CARTESIAN_POINT('',(-0.3,-3.,6.565));
#8411=CARTESIAN_POINT('',(5.55111512312578E-17,-3.,6.6));
#8412=CARTESIAN_POINT('',(-0.3,-3.,6.6));
#8413=CARTESIAN_POINT('',(0.,-3.,6.5));
#8414=CARTESIAN_POINT('',(5.55111512312578E-17,-3.,5.8775));
#8415=CARTESIAN_POINT('',(0.35,-3.,6.5));
#8416=CARTESIAN_POINT('',(0.,-3.,6.5));
#8417=CARTESIAN_POINT('',(0.35,-3.,6.05));
#8418=CARTESIAN_POINT('',(0.35,-3.,4.55));
#8419=CARTESIAN_POINT('',(0.,-3.,6.05));
#8420=CARTESIAN_POINT('',(0.,-3.,6.05));
#8421=CARTESIAN_POINT('',(5.55111512312578E-17,-3.,5.965));
#8422=CARTESIAN_POINT('',(5.55111512312578E-17,-3.,5.4925));
#8423=CARTESIAN_POINT('',(-0.3,-3.,5.965));
#8424=CARTESIAN_POINT('',(-0.3,-3.,5.965));
#8425=CARTESIAN_POINT('',(-0.3,-3.,5.935));
#8426=CARTESIAN_POINT('',(-0.3,-3.,5.965));
#8427=CARTESIAN_POINT('',(-1.335,-3.,5.935));
#8428=CARTESIAN_POINT('',(-1.335,-3.,5.935));
#8429=CARTESIAN_POINT('',(-1.335,-3.,4.365));
#8430=CARTESIAN_POINT('',(-1.335,-3.,5.935));
#8431=CARTESIAN_POINT('',(5.55111512312578E-17,-3.,4.365));
#8432=CARTESIAN_POINT('',(-1.335,-3.,4.365));
#8433=CARTESIAN_POINT('',(0.,-3.,4.26));
#8434=CARTESIAN_POINT('',(0.,-3.,6.05));
#8435=CARTESIAN_POINT('',(0.8,-3.,4.26));
#8436=CARTESIAN_POINT('',(0.,-3.,4.26));
#8437=CARTESIAN_POINT('',(0.8,-3.,4.4925));
#8438=CARTESIAN_POINT('',(0.8,-3.,1.035));
#8439=CARTESIAN_POINT('',(0.8,-3.,3.5175));
#8440=CARTESIAN_POINT('',(0.35,-3.,1.035));
#8441=CARTESIAN_POINT('',(0.35,-3.,1.035));
#8442=CARTESIAN_POINT('',(0.35,-3.,0.95));
#8443=CARTESIAN_POINT('',(0.35,-3.,1.6575));
#8444=CARTESIAN_POINT('',(-0.3,-3.,0.95));
#8445=CARTESIAN_POINT('',(-0.3,-3.,0.95));
#8446=CARTESIAN_POINT('',(-0.3,-3.,-0.5));
#8447=CARTESIAN_POINT('',(-0.3,-3.,-2.6));
#8448=CARTESIAN_POINT('',(-1.335,-3.,-0.5));
#8449=CARTESIAN_POINT('',(-1.335,-3.,-0.5));
#8450=CARTESIAN_POINT('',(-1.335,-3.,-3.));
#8451=CARTESIAN_POINT('',(-1.335,-3.,-3.));
#8452=CARTESIAN_POINT('',(-0.3,-3.,-3.));
#8453=CARTESIAN_POINT('',(-1.335,-3.,-3.));
#8454=CARTESIAN_POINT('',(-0.3,-3.,-2.6));
#8455=CARTESIAN_POINT('',(-0.3,-3.,-3.));
#8456=CARTESIAN_POINT('',(5.55111512312578E-17,-3.,-2.6));
#8457=CARTESIAN_POINT('',(-0.3,-3.,-2.6));
#8458=CARTESIAN_POINT('',(0.,-3.,-2.54));
#8459=CARTESIAN_POINT('',(5.55111512312578E-17,-3.,-2.6));
#8460=CARTESIAN_POINT('',(0.35,-3.,-2.54));
#8461=CARTESIAN_POINT('',(0.,-3.,-2.54));
#8462=CARTESIAN_POINT('',(0.35,-3.,-2.68));
#8463=CARTESIAN_POINT('',(0.35,-3.,1.035));
#8464=CARTESIAN_POINT('',(0.35,-3.,-2.68));
#8465=CARTESIAN_POINT('',(-0.3,-3.,-4.08));
#8466=CARTESIAN_POINT('Origin',(-0.3,-2.58,-4.08));
#8467=CARTESIAN_POINT('',(-0.3,-2.58,-4.08));
#8468=CARTESIAN_POINT('',(-0.3,-3.,-4.08));
#8469=CARTESIAN_POINT('',(-0.3,-2.58,-4.08));
#8470=CARTESIAN_POINT('Origin',(-0.3,-2.58,-4.65));
#8471=CARTESIAN_POINT('',(-0.3,-2.58,-4.65));
#8472=CARTESIAN_POINT('',(-0.3,-2.58,-4.08));
#8473=CARTESIAN_POINT('',(-0.3,-2.58,-4.65));
#8474=CARTESIAN_POINT('Origin',(-0.3,2.58,-4.65));
#8475=CARTESIAN_POINT('',(-0.3,2.58,-4.65));
#8476=CARTESIAN_POINT('',(-0.3,-2.58,-4.65));
#8477=CARTESIAN_POINT('',(0.35,-2.58,-4.65));
#8478=CARTESIAN_POINT('',(0.35,2.58,-4.65));
#8479=CARTESIAN_POINT('',(-0.3,2.58,-4.65));
#8480=CARTESIAN_POINT('Origin',(-0.3,2.58,-4.08));
#8481=CARTESIAN_POINT('',(-0.3,2.58,-4.08));
#8482=CARTESIAN_POINT('',(-0.3,2.58,-4.65));
#8483=CARTESIAN_POINT('',(-0.3,2.58,-4.08));
#8484=CARTESIAN_POINT('Origin',(-0.3,3.,-4.08));
#8485=CARTESIAN_POINT('',(-0.3,3.,-4.08));
#8486=CARTESIAN_POINT('',(-0.3,2.58,-4.08));
#8487=CARTESIAN_POINT('',(-0.3,3.,-4.08));
#8488=CARTESIAN_POINT('Origin',(-0.3,0.,-4.58));
#8489=CARTESIAN_POINT('',(-0.3,3.,-4.08));
#8490=CARTESIAN_POINT('Origin',(0.8,0.,3.46));
#8491=CARTESIAN_POINT('',(0.8,3.,4.26));
#8492=CARTESIAN_POINT('',(0.8,3.,3.83));
#8493=CARTESIAN_POINT('',(0.8,3.,1.035));
#8494=CARTESIAN_POINT('',(0.8,3.,-0.0450000000000004));
#8495=CARTESIAN_POINT('',(0.8,3.8,1.035));
#8496=CARTESIAN_POINT('',(0.8,3.,1.035));
#8497=CARTESIAN_POINT('',(0.8,3.8,2.28));
#8498=CARTESIAN_POINT('',(0.8,3.8,1.035));
#8499=CARTESIAN_POINT('',(0.8,4.83,2.62));
#8500=CARTESIAN_POINT('',(0.8,3.8,2.28));
#8501=CARTESIAN_POINT('',(0.8,4.83,4.26));
#8502=CARTESIAN_POINT('',(0.8,4.83,2.62));
#8503=CARTESIAN_POINT('',(0.8,4.83,4.26));
#8504=CARTESIAN_POINT('Origin',(0.8,0.,3.46));
#8505=CARTESIAN_POINT('',(0.8,-0.55,7.12));
#8506=CARTESIAN_POINT('',(0.8,-0.55,7.12));
#8507=CARTESIAN_POINT('',(0.8,-0.27,7.12));
#8508=CARTESIAN_POINT('Origin',(0.8,0.,3.46));
#8509=CARTESIAN_POINT('',(0.8,0.24,9.1));
#8510=CARTESIAN_POINT('Origin',(0.8,0.,3.46));
#8511=CARTESIAN_POINT('',(0.8,-4.83,4.26));
#8512=CARTESIAN_POINT('',(0.8,-3.,4.26));
#8513=CARTESIAN_POINT('',(0.8,-4.83,2.62));
#8514=CARTESIAN_POINT('',(0.8,-4.83,4.26));
#8515=CARTESIAN_POINT('',(0.8,-3.8,2.28));
#8516=CARTESIAN_POINT('',(0.8,-4.83,2.62));
#8517=CARTESIAN_POINT('',(0.8,-3.8,1.035));
#8518=CARTESIAN_POINT('',(0.8,-3.8,2.28));
#8519=CARTESIAN_POINT('',(0.8,-3.8,1.035));
#8520=CARTESIAN_POINT('Origin',(0.8,0.,3.46));
#8521=CARTESIAN_POINT('',(0.8,1.085,9.1));
#8522=CARTESIAN_POINT('',(0.8,1.235,8.835));
#8523=CARTESIAN_POINT('',(0.8,1.085,9.1));
#8524=CARTESIAN_POINT('Origin',(0.8,0.,3.46));
#8525=CARTESIAN_POINT('',(0.8,-1.275,8.76));
#8526=CARTESIAN_POINT('',(0.8,-1.14,9.015));
#8527=CARTESIAN_POINT('',(0.8,-1.275,8.76));
#8528=CARTESIAN_POINT('Origin',(0.8,0.,3.46));
#8529=CARTESIAN_POINT('',(0.8,-1.14,9.015));
#8530=CARTESIAN_POINT('',(0.8,-0.875,9.3));
#8531=CARTESIAN_POINT('',(0.8,-1.14,9.015));
#8532=CARTESIAN_POINT('Origin',(0.8,0.,3.46));
#8533=CARTESIAN_POINT('',(0.8,-0.875,9.3));
#8534=CARTESIAN_POINT('',(0.8,-0.55,9.5));
#8535=CARTESIAN_POINT('',(0.8,-0.875,9.3));
#8536=CARTESIAN_POINT('Origin',(0.8,0.,3.46));
#8537=CARTESIAN_POINT('',(0.8,0.465,9.535));
#8538=CARTESIAN_POINT('',(0.8,0.8,9.35));
#8539=CARTESIAN_POINT('',(0.8,0.465,9.535));
#8540=CARTESIAN_POINT('Origin',(0.8,0.,3.46));
#8541=CARTESIAN_POINT('',(0.8,-0.55,9.5));
#8542=CARTESIAN_POINT('',(0.8,-0.19,9.6));
#8543=CARTESIAN_POINT('',(0.8,-0.55,9.5));
#8544=CARTESIAN_POINT('Origin',(0.8,0.,3.46));
#8545=CARTESIAN_POINT('',(0.8,-0.19,9.6));
#8546=CARTESIAN_POINT('',(0.8,0.19,9.6));
#8547=CARTESIAN_POINT('',(0.8,-0.19,9.6));
#8548=CARTESIAN_POINT('Origin',(0.8,0.,3.46));
#8549=CARTESIAN_POINT('',(0.8,0.19,9.6));
#8550=CARTESIAN_POINT('',(0.8,0.465,9.535));
#8551=CARTESIAN_POINT('',(0.8,0.19,9.6));
#8552=CARTESIAN_POINT('Origin',(0.35,0.,3.46));
#8553=CARTESIAN_POINT('',(0.35,-4.83,2.62333333333333));
#8554=CARTESIAN_POINT('',(0.35,-3.8,2.28));
#8555=CARTESIAN_POINT('',(0.35,-4.91,2.65));
#8556=CARTESIAN_POINT('',(0.35,-4.83,2.62));
#8557=CARTESIAN_POINT('',(0.35,-4.83,2.62));
#8558=CARTESIAN_POINT('',(0.35,-4.83,4.26));
#8559=CARTESIAN_POINT('Origin',(0.35,0.,3.46));
#8560=CARTESIAN_POINT('',(0.35,-2.59,-2.5));
#8561=CARTESIAN_POINT('',(0.35,-3.,-2.54));
#8562=CARTESIAN_POINT('',(0.35,-2.59,3.05));
#8563=CARTESIAN_POINT('',(0.35,-2.59,-2.5));
#8564=CARTESIAN_POINT('',(0.35,-2.58,3.05));
#8565=CARTESIAN_POINT('',(0.35,-2.59,3.05));
#8566=CARTESIAN_POINT('',(0.35,-2.58,-2.68));
#8567=CARTESIAN_POINT('',(0.35,-2.58,-2.68));
#8568=CARTESIAN_POINT('',(0.35,-3.,-2.68));
#8569=CARTESIAN_POINT('Origin',(0.35,0.,3.46));
#8570=CARTESIAN_POINT('',(0.35,2.59,-2.54));
#8571=CARTESIAN_POINT('',(0.35,3.,-2.54));
#8572=CARTESIAN_POINT('',(0.35,2.59,-2.54));
#8573=CARTESIAN_POINT('',(0.35,3.,-2.68));
#8574=CARTESIAN_POINT('',(0.35,3.,-2.68));
#8575=CARTESIAN_POINT('',(0.35,2.58,-2.68));
#8576=CARTESIAN_POINT('',(0.35,2.58,-2.68));
#8577=CARTESIAN_POINT('',(0.35,2.58,3.05));
#8578=CARTESIAN_POINT('',(0.35,2.58,3.05));
#8579=CARTESIAN_POINT('',(0.35,2.59,3.05));
#8580=CARTESIAN_POINT('',(0.35,-2.59,3.05));
#8581=CARTESIAN_POINT('',(0.35,2.59,3.05));
#8582=CARTESIAN_POINT('Origin',(0.35,0.,3.46));
#8583=CARTESIAN_POINT('',(0.35,3.8,2.28));
#8584=CARTESIAN_POINT('',(0.35,4.83,2.62333333333333));
#8585=CARTESIAN_POINT('',(0.35,3.8,2.28));
#8586=CARTESIAN_POINT('',(0.35,4.83,2.62));
#8587=CARTESIAN_POINT('',(0.35,4.83,2.62));
#8588=CARTESIAN_POINT('',(0.35,3.8,2.28));
#8589=CARTESIAN_POINT('Origin',(0.35,0.,3.46));
#8590=CARTESIAN_POINT('',(0.35,1.885,6.82));
#8591=CARTESIAN_POINT('',(0.35,1.75,6.82));
#8592=CARTESIAN_POINT('',(0.35,3.,6.82));
#8593=CARTESIAN_POINT('',(0.35,1.29,7.1));
#8594=CARTESIAN_POINT('',(0.35,1.75,6.82));
#8595=CARTESIAN_POINT('',(0.35,-1.235,7.1));
#8596=CARTESIAN_POINT('',(0.35,1.29,7.1));
#8597=CARTESIAN_POINT('',(0.35,-1.75,6.82));
#8598=CARTESIAN_POINT('',(0.35,-1.235,7.1));
#8599=CARTESIAN_POINT('',(0.35,-1.885,6.82));
#8600=CARTESIAN_POINT('',(0.35,-1.75,6.82));
#8601=CARTESIAN_POINT('',(0.35,-1.6,7.12));
#8602=CARTESIAN_POINT('',(0.35,-1.6,7.12));
#8603=CARTESIAN_POINT('',(0.35,-1.37,7.12));
#8604=CARTESIAN_POINT('',(0.35,-1.37,7.12));
#8605=CARTESIAN_POINT('',(0.35,-1.37,8.39));
#8606=CARTESIAN_POINT('',(0.35,-1.37,8.39));
#8607=CARTESIAN_POINT('',(0.35,-1.275,8.76));
#8608=CARTESIAN_POINT('',(0.35,-1.275,8.76));
#8609=CARTESIAN_POINT('',(0.35,-1.14,9.015));
#8610=CARTESIAN_POINT('',(0.35,-1.14,9.015));
#8611=CARTESIAN_POINT('',(0.35,-0.875,9.3));
#8612=CARTESIAN_POINT('',(0.35,-0.875,9.3));
#8613=CARTESIAN_POINT('',(0.35,-0.55,9.5));
#8614=CARTESIAN_POINT('',(0.35,-0.55,9.5));
#8615=CARTESIAN_POINT('',(0.35,-0.19,9.6));
#8616=CARTESIAN_POINT('',(0.35,-0.19,9.6));
#8617=CARTESIAN_POINT('',(0.35,0.19,9.6));
#8618=CARTESIAN_POINT('',(0.35,0.19,9.6));
#8619=CARTESIAN_POINT('',(0.35,0.465,9.535));
#8620=CARTESIAN_POINT('',(0.35,0.465,9.535));
#8621=CARTESIAN_POINT('',(0.35,0.8,9.35));
#8622=CARTESIAN_POINT('',(0.35,0.8,9.35));
#8623=CARTESIAN_POINT('',(0.35,1.085,9.1));
#8624=CARTESIAN_POINT('',(0.35,1.085,9.1));
#8625=CARTESIAN_POINT('',(0.35,1.235,8.835));
#8626=CARTESIAN_POINT('',(0.35,1.235,8.835));
#8627=CARTESIAN_POINT('',(0.35,1.37,8.39));
#8628=CARTESIAN_POINT('',(0.35,1.37,8.39));
#8629=CARTESIAN_POINT('',(0.35,1.37,7.12));
#8630=CARTESIAN_POINT('',(0.35,1.37,7.12));
#8631=CARTESIAN_POINT('',(0.35,1.6,7.12));
#8632=CARTESIAN_POINT('',(0.35,1.6,7.12));
#8633=CARTESIAN_POINT('',(0.35,1.885,6.82));
#8634=CARTESIAN_POINT('',(0.35,-0.8,8.575));
#8635=CARTESIAN_POINT('',(0.35,-0.875,8.275));
#8636=CARTESIAN_POINT('',(0.35,-0.8,8.575));
#8637=CARTESIAN_POINT('',(0.35,-0.875,7.12));
#8638=CARTESIAN_POINT('',(0.35,-0.875,8.275));
#8639=CARTESIAN_POINT('',(0.35,-0.55,7.12));
#8640=CARTESIAN_POINT('',(0.35,-0.875,7.12));
#8641=CARTESIAN_POINT('',(0.35,-0.51,7.165));
#8642=CARTESIAN_POINT('',(0.35,-0.55,7.12));
#8643=CARTESIAN_POINT('',(0.35,0.51,7.165));
#8644=CARTESIAN_POINT('',(0.35,-0.51,7.165));
#8645=CARTESIAN_POINT('',(0.35,0.54,7.12));
#8646=CARTESIAN_POINT('',(0.35,0.51,7.165));
#8647=CARTESIAN_POINT('',(0.35,0.87,7.12));
#8648=CARTESIAN_POINT('',(0.35,0.54,7.12));
#8649=CARTESIAN_POINT('',(0.35,0.87,8.275));
#8650=CARTESIAN_POINT('',(0.35,0.87,7.12));
#8651=CARTESIAN_POINT('',(0.35,0.8,8.575));
#8652=CARTESIAN_POINT('',(0.35,0.87,8.275));
#8653=CARTESIAN_POINT('',(0.35,0.65,8.835));
#8654=CARTESIAN_POINT('',(0.35,0.8,8.575));
#8655=CARTESIAN_POINT('',(0.35,0.465,8.985));
#8656=CARTESIAN_POINT('',(0.35,0.65,8.835));
#8657=CARTESIAN_POINT('',(0.35,0.24,9.1));
#8658=CARTESIAN_POINT('',(0.35,0.465,8.985));
#8659=CARTESIAN_POINT('',(0.35,-0.24,9.1));
#8660=CARTESIAN_POINT('',(0.35,0.24,9.1));
#8661=CARTESIAN_POINT('',(0.35,-0.46,8.985));
#8662=CARTESIAN_POINT('',(0.35,-0.24,9.1));
#8663=CARTESIAN_POINT('',(0.35,-0.65,8.835));
#8664=CARTESIAN_POINT('',(0.35,-0.46,8.985));
#8665=CARTESIAN_POINT('',(0.35,-0.65,8.835));
#8666=CARTESIAN_POINT('Origin',(0.35,-0.875,7.12));
#8667=CARTESIAN_POINT('',(0.35,-0.875,8.275));
#8668=CARTESIAN_POINT('',(0.35,-0.875,7.12));
#8669=CARTESIAN_POINT('Origin',(0.35,-0.55,7.12));
#8670=CARTESIAN_POINT('',(0.35,-0.55,7.12));
#8671=CARTESIAN_POINT('Origin',(0.35,-0.51,7.165));
#8672=CARTESIAN_POINT('',(0.35,-0.51,7.165));
#8673=CARTESIAN_POINT('Origin',(0.35,0.51,7.165));
#8674=CARTESIAN_POINT('',(0.35,0.51,7.165));
#8675=CARTESIAN_POINT('Origin',(0.35,0.54,7.12));
#8676=CARTESIAN_POINT('',(0.35,0.54,7.12));
#8677=CARTESIAN_POINT('Origin',(0.35,0.87,7.12));
#8678=CARTESIAN_POINT('',(0.35,0.87,7.12));
#8679=CARTESIAN_POINT('Origin',(0.35,0.87,8.275));
#8680=CARTESIAN_POINT('',(0.35,0.87,8.275));
#8681=CARTESIAN_POINT('Origin',(0.35,0.8,8.575));
#8682=CARTESIAN_POINT('',(0.35,0.8,8.575));
#8683=CARTESIAN_POINT('Origin',(0.35,0.65,8.835));
#8684=CARTESIAN_POINT('',(0.35,0.65,8.835));
#8685=CARTESIAN_POINT('Origin',(0.35,0.465,8.985));
#8686=CARTESIAN_POINT('',(0.35,0.465,8.985));
#8687=CARTESIAN_POINT('Origin',(0.35,0.24,9.1));
#8688=CARTESIAN_POINT('',(0.35,0.24,9.1));
#8689=CARTESIAN_POINT('Origin',(0.35,-0.24,9.1));
#8690=CARTESIAN_POINT('',(0.35,-0.24,9.1));
#8691=CARTESIAN_POINT('Origin',(0.35,-0.46,8.985));
#8692=CARTESIAN_POINT('',(0.35,-0.46,8.985));
#8693=CARTESIAN_POINT('Origin',(0.35,-0.65,8.835));
#8694=CARTESIAN_POINT('',(0.35,-0.65,8.835));
#8695=CARTESIAN_POINT('Origin',(0.35,-0.8,8.575));
#8696=CARTESIAN_POINT('',(0.35,-0.8,8.575));
#8697=CARTESIAN_POINT('Origin',(0.35,-0.875,8.275));
#8698=CARTESIAN_POINT('Origin',(0.35,-1.6,7.12));
#8699=CARTESIAN_POINT('',(0.35,-1.885,6.82));
#8700=CARTESIAN_POINT('',(0.35,-1.6,7.12));
#8701=CARTESIAN_POINT('Origin',(0.35,-1.37,7.12));
#8702=CARTESIAN_POINT('',(0.35,-1.37,7.12));
#8703=CARTESIAN_POINT('Origin',(0.35,-1.37,8.39));
#8704=CARTESIAN_POINT('',(0.35,-1.37,8.39));
#8705=CARTESIAN_POINT('Origin',(0.35,-1.275,8.76));
#8706=CARTESIAN_POINT('',(0.35,-1.275,8.76));
#8707=CARTESIAN_POINT('Origin',(0.35,-1.14,9.015));
#8708=CARTESIAN_POINT('',(0.35,-1.14,9.015));
#8709=CARTESIAN_POINT('Origin',(0.35,-0.875,9.3));
#8710=CARTESIAN_POINT('',(0.35,-0.875,9.3));
#8711=CARTESIAN_POINT('Origin',(0.35,-0.55,9.5));
#8712=CARTESIAN_POINT('',(0.35,-0.55,9.5));
#8713=CARTESIAN_POINT('Origin',(0.35,-0.19,9.6));
#8714=CARTESIAN_POINT('',(0.35,-0.19,9.6));
#8715=CARTESIAN_POINT('Origin',(0.35,0.19,9.6));
#8716=CARTESIAN_POINT('',(0.35,0.19,9.6));
#8717=CARTESIAN_POINT('Origin',(0.35,0.465,9.535));
#8718=CARTESIAN_POINT('',(0.35,0.465,9.535));
#8719=CARTESIAN_POINT('Origin',(0.35,0.8,9.35));
#8720=CARTESIAN_POINT('',(0.35,0.8,9.35));
#8721=CARTESIAN_POINT('Origin',(0.35,1.085,9.1));
#8722=CARTESIAN_POINT('',(0.35,1.085,9.1));
#8723=CARTESIAN_POINT('Origin',(0.35,1.235,8.835));
#8724=CARTESIAN_POINT('',(0.35,1.235,8.835));
#8725=CARTESIAN_POINT('Origin',(0.35,1.37,8.39));
#8726=CARTESIAN_POINT('',(0.35,1.37,8.39));
#8727=CARTESIAN_POINT('Origin',(0.35,1.37,7.12));
#8728=CARTESIAN_POINT('',(0.35,1.37,7.12));
#8729=CARTESIAN_POINT('Origin',(0.35,1.6,7.12));
#8730=CARTESIAN_POINT('',(0.35,1.6,7.12));
#8731=CARTESIAN_POINT('Origin',(0.35,1.885,6.82));
#8732=CARTESIAN_POINT('',(0.35,1.885,6.82));
#8733=CARTESIAN_POINT('Origin',(0.35,4.83,2.62));
#8734=CARTESIAN_POINT('',(0.35,4.83,4.26));
#8735=CARTESIAN_POINT('',(0.35,4.83,2.45));
#8736=CARTESIAN_POINT('',(0.35,4.83,4.26));
#8737=CARTESIAN_POINT('',(0.35,4.83,2.62));
#8738=CARTESIAN_POINT('Origin',(0.35,3.8,2.28));
#8739=CARTESIAN_POINT('',(0.35,3.8,2.28));
#8740=CARTESIAN_POINT('Origin',(0.35,3.,1.035));
#8741=CARTESIAN_POINT('',(0.35,3.8,1.035));
#8742=CARTESIAN_POINT('',(0.35,3.,1.035));
#8743=CARTESIAN_POINT('',(0.35,1.5,1.035));
#8744=CARTESIAN_POINT('',(0.35,3.8,1.035));
#8745=CARTESIAN_POINT('',(0.35,3.,1.035));
#8746=CARTESIAN_POINT('Origin',(0.35,2.58,-2.68));
#8747=CARTESIAN_POINT('',(0.35,3.,-2.68));
#8748=CARTESIAN_POINT('',(0.35,2.58,-2.68));
#8749=CARTESIAN_POINT('Origin',(0.35,2.58,3.05));
#8750=CARTESIAN_POINT('',(0.35,2.58,3.05));
#8751=CARTESIAN_POINT('Origin',(0.35,-2.58,-2.68));
#8752=CARTESIAN_POINT('',(0.35,-2.58,3.05));
#8753=CARTESIAN_POINT('',(0.35,-2.58,-2.68));
#8754=CARTESIAN_POINT('Origin',(0.35,-3.,-2.68));
#8755=CARTESIAN_POINT('Origin',(0.35,-3.8,1.035));
#8756=CARTESIAN_POINT('',(0.35,-3.8,1.035));
#8757=CARTESIAN_POINT('',(0.35,-1.9,1.035));
#8758=CARTESIAN_POINT('',(0.35,-3.8,1.035));
#8759=CARTESIAN_POINT('Origin',(0.35,-4.83,2.62));
#8760=CARTESIAN_POINT('',(0.35,-3.8,2.28));
#8761=CARTESIAN_POINT('',(0.35,-4.83,2.62));
#8762=CARTESIAN_POINT('Origin',(0.35,-4.83,4.26));
#8763=CARTESIAN_POINT('',(0.35,-4.83,4.26));
#8764=CARTESIAN_POINT('',(0.35,-4.83,3.27));
#8765=CARTESIAN_POINT('',(0.35,-4.83,4.26));
#8766=CARTESIAN_POINT('Origin',(0.35,0.,2.28));
#8767=CARTESIAN_POINT('',(0.35,4.91,2.65));
#8768=CARTESIAN_POINT('',(0.35,3.8,2.28));
#8769=CARTESIAN_POINT('',(0.35,4.91,4.26));
#8770=CARTESIAN_POINT('',(0.35,4.91,2.65));
#8771=CARTESIAN_POINT('',(0.35,4.91,4.26));
#8772=CARTESIAN_POINT('Origin',(0.35,0.,2.28));
#8773=CARTESIAN_POINT('',(0.35,3.,0.95));
#8774=CARTESIAN_POINT('',(0.35,3.,-0.2));
#8775=CARTESIAN_POINT('',(0.35,3.8,0.95));
#8776=CARTESIAN_POINT('',(0.35,3.,0.95));
#8777=CARTESIAN_POINT('',(0.35,3.8,0.95));
#8778=CARTESIAN_POINT('Origin',(0.35,0.,2.28));
#8779=CARTESIAN_POINT('',(0.35,-3.8,0.95));
#8780=CARTESIAN_POINT('',(0.35,-3.8,2.28));
#8781=CARTESIAN_POINT('',(0.35,-3.8,0.95));
#8782=CARTESIAN_POINT('Origin',(0.35,0.,2.28));
#8783=CARTESIAN_POINT('',(0.35,-4.91,4.26));
#8784=CARTESIAN_POINT('',(0.35,-3.,4.26));
#8785=CARTESIAN_POINT('',(0.35,-4.91,2.65));
#8786=CARTESIAN_POINT('',(0.35,-4.91,4.26));
#8787=CARTESIAN_POINT('',(0.35,-4.91,2.65));
#8788=CARTESIAN_POINT('Origin',(0.35,0.,2.28));
#8789=CARTESIAN_POINT('',(0.35,-3.11,6.27));
#8790=CARTESIAN_POINT('',(0.35,-3.,6.5));
#8791=CARTESIAN_POINT('',(0.35,-3.11,6.27));
#8792=CARTESIAN_POINT('Origin',(0.35,0.,2.28));
#8793=CARTESIAN_POINT('',(0.35,3.,6.5));
#8794=CARTESIAN_POINT('',(0.35,3.,6.05));
#8795=CARTESIAN_POINT('',(0.35,3.,3.27));
#8796=CARTESIAN_POINT('',(0.35,3.11,6.27));
#8797=CARTESIAN_POINT('',(0.35,3.,6.05));
#8798=CARTESIAN_POINT('',(0.35,3.11,6.27));
#8799=CARTESIAN_POINT('Origin',(0.,0.,2.28));
#8800=CARTESIAN_POINT('',(5.55111512312578E-17,-1.71,6.18));
#8801=CARTESIAN_POINT('',(5.55111512312578E-17,-1.71,6.25));
#8802=CARTESIAN_POINT('',(5.55111512312578E-17,-1.71,6.25));
#8803=CARTESIAN_POINT('',(5.55111512312578E-17,1.71,6.25));
#8804=CARTESIAN_POINT('',(5.55111512312578E-17,1.71,6.25));
#8805=CARTESIAN_POINT('',(5.55111512312578E-17,1.71,6.18));
#8806=CARTESIAN_POINT('',(5.55111512312578E-17,1.71,6.18));
#8807=CARTESIAN_POINT('',(5.55111512312578E-17,-1.71,6.18));
#8808=CARTESIAN_POINT('Origin',(0.,0.,2.28));
#8809=CARTESIAN_POINT('',(5.55111512312578E-17,-1.71,6.3));
#8810=CARTESIAN_POINT('',(5.55111512312578E-17,-1.71,6.365));
#8811=CARTESIAN_POINT('',(5.55111512312578E-17,-1.71,6.365));
#8812=CARTESIAN_POINT('',(5.55111512312578E-17,1.71,6.365));
#8813=CARTESIAN_POINT('',(5.55111512312578E-17,1.71,6.365));
#8814=CARTESIAN_POINT('',(5.55111512312578E-17,1.71,6.3));
#8815=CARTESIAN_POINT('',(5.55111512312578E-17,1.71,6.3));
#8816=CARTESIAN_POINT('',(5.55111512312578E-17,-1.71,6.3));
#8817=CARTESIAN_POINT('Origin',(0.,0.,2.28));
#8818=CARTESIAN_POINT('',(5.55111512312578E-17,-3.735,1.59));
#8819=CARTESIAN_POINT('',(5.55111512312578E-17,-3.8,1.415));
#8820=CARTESIAN_POINT('',(5.55111512312578E-17,-3.8,1.415));
#8821=CARTESIAN_POINT('',(5.55111512312578E-17,-3.8,1.74));
#8822=CARTESIAN_POINT('',(0.,-3.8,2.28));
#8823=CARTESIAN_POINT('',(5.55111512312578E-17,-3.735,1.59));
#8824=CARTESIAN_POINT('Origin',(0.,0.,2.28));
#8825=CARTESIAN_POINT('',(0.,-2.6240993176649,-2.50332676269901));
#8826=CARTESIAN_POINT('',(0.,-2.59,1.15666666666669));
#8827=CARTESIAN_POINT('',(5.55111512312578E-17,-2.58,2.23));
#8828=CARTESIAN_POINT('',(0.,-2.59,-2.5));
#8829=CARTESIAN_POINT('',(0.,-2.59,-2.5));
#8830=CARTESIAN_POINT('',(0.,-3.,-2.54));
#8831=CARTESIAN_POINT('Origin',(0.,0.,2.28));
#8832=CARTESIAN_POINT('',(0.,2.59,1.15666666666669));
#8833=CARTESIAN_POINT('',(0.,2.62444099378882,-2.54));
#8834=CARTESIAN_POINT('',(5.55111512312578E-17,2.58,2.23));
#8835=CARTESIAN_POINT('',(0.,2.59,-2.54));
#8836=CARTESIAN_POINT('',(0.,2.59,-2.54));
#8837=CARTESIAN_POINT('',(0.,2.59,3.05));
#8838=CARTESIAN_POINT('Origin',(0.,0.,2.28));
#8839=CARTESIAN_POINT('',(5.55111512312578E-17,3.8,1.415));
#8840=CARTESIAN_POINT('',(5.55111512312578E-17,3.73,1.59));
#8841=CARTESIAN_POINT('',(5.55111512312578E-17,3.8,1.415));
#8842=CARTESIAN_POINT('',(5.55111512312578E-17,3.8,1.74));
#8843=CARTESIAN_POINT('',(5.55111512312578E-17,3.73,1.59));
#8844=CARTESIAN_POINT('',(0.,3.8,0.95));
#8845=CARTESIAN_POINT('Origin',(0.,0.,2.28));
#8846=CARTESIAN_POINT('',(5.55111512312578E-17,-2.24,4.365));
#8847=CARTESIAN_POINT('',(5.55111512312578E-17,-3.,4.365));
#8848=CARTESIAN_POINT('',(5.55111512312578E-17,-2.24,6.63));
#8849=CARTESIAN_POINT('',(5.55111512312578E-17,-2.24,4.365));
#8850=CARTESIAN_POINT('',(5.55111512312578E-17,-1.915,6.63));
#8851=CARTESIAN_POINT('',(5.55111512312578E-17,-2.24,6.63));
#8852=CARTESIAN_POINT('',(5.55111512312578E-17,-1.915,3.05));
#8853=CARTESIAN_POINT('',(5.55111512312578E-17,-1.915,6.63));
#8854=CARTESIAN_POINT('',(0.,-2.59,3.05));
#8855=CARTESIAN_POINT('',(0.,-2.59,3.05));
#8856=CARTESIAN_POINT('',(5.55111512312578E-17,-2.59,2.23));
#8857=CARTESIAN_POINT('',(0.,-2.59,-2.5));
#8858=CARTESIAN_POINT('',(5.55111512312578E-17,-3.8,2.23));
#8859=CARTESIAN_POINT('',(5.55111512312578E-17,-3.8,2.23));
#8860=CARTESIAN_POINT('',(0.,-3.8,2.28));
#8861=CARTESIAN_POINT('',(0.,-3.8,2.28));
#8862=CARTESIAN_POINT('',(0.,-4.91,2.65));
#8863=CARTESIAN_POINT('',(0.,-4.91,2.65));
#8864=CARTESIAN_POINT('',(0.,-4.91,4.26));
#8865=CARTESIAN_POINT('',(0.,-4.91,4.26));
#8866=CARTESIAN_POINT('',(0.,-3.,4.26));
#8867=CARTESIAN_POINT('Origin',(0.,0.,2.28));
#8868=CARTESIAN_POINT('',(5.55111512312578E-17,2.25,4.365));
#8869=CARTESIAN_POINT('',(5.55111512312578E-17,3.,4.365));
#8870=CARTESIAN_POINT('',(5.55111512312578E-17,2.25,4.365));
#8871=CARTESIAN_POINT('',(0.,3.,4.26));
#8872=CARTESIAN_POINT('',(0.,3.,4.26));
#8873=CARTESIAN_POINT('',(0.,4.91,4.26));
#8874=CARTESIAN_POINT('',(0.,4.91,4.26));
#8875=CARTESIAN_POINT('',(0.,4.91,2.65));
#8876=CARTESIAN_POINT('',(0.,4.91,2.65));
#8877=CARTESIAN_POINT('',(0.,3.8,2.28));
#8878=CARTESIAN_POINT('',(0.,3.8,2.28));
#8879=CARTESIAN_POINT('',(5.55111512312578E-17,3.8,2.23));
#8880=CARTESIAN_POINT('',(0.,3.8,0.95));
#8881=CARTESIAN_POINT('',(5.55111512312578E-17,2.59,2.23));
#8882=CARTESIAN_POINT('',(5.55111512312578E-17,3.8,2.23));
#8883=CARTESIAN_POINT('',(0.,2.59,3.05));
#8884=CARTESIAN_POINT('',(0.,2.59,3.05));
#8885=CARTESIAN_POINT('',(5.55111512312578E-17,1.92,3.05));
#8886=CARTESIAN_POINT('',(0.,-2.59,3.05));
#8887=CARTESIAN_POINT('',(5.55111512312578E-17,1.92,6.63));
#8888=CARTESIAN_POINT('',(5.55111512312578E-17,1.92,3.05));
#8889=CARTESIAN_POINT('',(5.55111512312578E-17,2.25,6.63));
#8890=CARTESIAN_POINT('',(5.55111512312578E-17,1.92,6.63));
#8891=CARTESIAN_POINT('',(5.55111512312578E-17,2.25,6.63));
#8892=CARTESIAN_POINT('Origin',(0.,0.,2.28));
#8893=CARTESIAN_POINT('',(0.,1.75,6.82));
#8894=CARTESIAN_POINT('',(0.,-1.75,6.82));
#8895=CARTESIAN_POINT('',(5.55111512312578E-17,3.,6.82));
#8896=CARTESIAN_POINT('',(0.,-1.235,7.1));
#8897=CARTESIAN_POINT('',(0.,-1.235,7.1));
#8898=CARTESIAN_POINT('',(0.,1.29,7.1));
#8899=CARTESIAN_POINT('',(0.,1.29,7.1));
#8900=CARTESIAN_POINT('',(0.,1.75,6.82));
#8901=CARTESIAN_POINT('Origin',(0.,-3.11,6.27));
#8902=CARTESIAN_POINT('',(0.,-3.11,6.27));
#8903=CARTESIAN_POINT('',(5.55111512312578E-17,-2.532,5.114));
#8904=CARTESIAN_POINT('',(0.,-3.11,6.27));
#8905=CARTESIAN_POINT('Origin',(0.,-3.,6.5));
#8906=CARTESIAN_POINT('',(5.55111512312578E-17,-3.02534230769231,6.44701153846154));
#8907=CARTESIAN_POINT('Origin',(0.,-1.235,7.1));
#8908=CARTESIAN_POINT('',(0.,-1.75,6.82));
#8909=CARTESIAN_POINT('',(0.,-1.235,7.1));
#8910=CARTESIAN_POINT('Origin',(0.,1.29,7.1));
#8911=CARTESIAN_POINT('',(0.,1.29,7.1));
#8912=CARTESIAN_POINT('Origin',(0.,1.75,6.82));
#8913=CARTESIAN_POINT('',(0.,1.75,6.82));
#8914=CARTESIAN_POINT('Origin',(0.,3.11,6.27));
#8915=CARTESIAN_POINT('',(0.,3.,6.5));
#8916=CARTESIAN_POINT('',(0.,3.11,6.27));
#8917=CARTESIAN_POINT('',(5.55111512312578E-17,3.08034230769231,6.33201153846154));
#8918=CARTESIAN_POINT('',(0.,3.,6.5));
#8919=CARTESIAN_POINT('',(0.,3.11,6.27));
#8920=CARTESIAN_POINT('Origin',(0.,3.,6.05));
#8921=CARTESIAN_POINT('',(0.,3.,6.05));
#8922=CARTESIAN_POINT('',(5.55111512312578E-17,2.477,5.004));
#8923=CARTESIAN_POINT('',(0.,3.,6.05));
#8924=CARTESIAN_POINT('Origin',(0.,4.91,4.26));
#8925=CARTESIAN_POINT('',(0.,3.,4.26));
#8926=CARTESIAN_POINT('',(0.,4.91,4.26));
#8927=CARTESIAN_POINT('Origin',(0.,4.91,2.65));
#8928=CARTESIAN_POINT('',(0.,4.91,2.65));
#8929=CARTESIAN_POINT('Origin',(0.,3.8,2.28));
#8930=CARTESIAN_POINT('',(0.,3.8,2.28));
#8931=CARTESIAN_POINT('Origin',(0.,2.59,-2.54));
#8932=CARTESIAN_POINT('',(0.,3.,-2.54));
#8933=CARTESIAN_POINT('',(5.55111512312578E-17,2.89,-2.54));
#8934=CARTESIAN_POINT('',(0.,3.,-2.54));
#8935=CARTESIAN_POINT('',(0.,2.59,-2.54));
#8936=CARTESIAN_POINT('Origin',(0.,2.59,3.05));
#8937=CARTESIAN_POINT('',(5.55111512312578E-17,2.59,1.4325));
#8938=CARTESIAN_POINT('',(0.,2.59,3.05));
#8939=CARTESIAN_POINT('Origin',(0.,-2.59,-2.5));
#8940=CARTESIAN_POINT('',(5.55111512312578E-17,-2.59,-1.3425));
#8941=CARTESIAN_POINT('',(0.,-2.59,3.05));
#8942=CARTESIAN_POINT('',(0.,-2.59,-2.5));
#8943=CARTESIAN_POINT('Origin',(0.,-3.,-2.54));
#8944=CARTESIAN_POINT('',(5.55111512312578E-17,-2.98030936947554,-2.53807896287566));
#8945=CARTESIAN_POINT('Origin',(0.,-4.91,2.65));
#8946=CARTESIAN_POINT('',(0.,-3.8,2.28));
#8947=CARTESIAN_POINT('',(0.,-4.91,2.65));
#8948=CARTESIAN_POINT('Origin',(0.,-4.91,4.26));
#8949=CARTESIAN_POINT('',(0.,-4.91,4.26));
#8950=CARTESIAN_POINT('Origin',(0.,-3.,4.26));
#8951=CARTESIAN_POINT('Origin',(5.55111512312578E-17,-3.19,-0.185));
#8952=CARTESIAN_POINT('',(5.55111512312578E-17,-2.58,2.23));
#8953=CARTESIAN_POINT('',(5.55111512312578E-17,-2.58,2.23));
#8954=CARTESIAN_POINT('',(5.55111512312578E-17,-3.8,2.23));
#8955=CARTESIAN_POINT('Origin',(-0.3,-3.19,-0.185));
#8956=CARTESIAN_POINT('',(-0.3,-2.6388,-2.6));
#8957=CARTESIAN_POINT('',(-0.3,-2.61811835106383,-1.86136968085106));
#8958=CARTESIAN_POINT('',(-0.3,-2.58,-0.5));
#8959=CARTESIAN_POINT('',(-0.3,-2.625,-2.6));
#8960=CARTESIAN_POINT('',(-0.3,-2.58,2.23));
#8961=CARTESIAN_POINT('',(-0.3,-2.625,-2.6));
#8962=CARTESIAN_POINT('Origin',(-0.3,-3.19,-0.185));
#8963=CARTESIAN_POINT('',(-0.3,-2.6054347826087,-0.5));
#8964=CARTESIAN_POINT('',(-0.3,-3.,-0.5));
#8965=CARTESIAN_POINT('',(-0.3,-3.8,0.95));
#8966=CARTESIAN_POINT('',(-0.3,-3.,0.95));
#8967=CARTESIAN_POINT('',(-0.3,-3.8,1.415));
#8968=CARTESIAN_POINT('',(-0.3,-3.8,0.95));
#8969=CARTESIAN_POINT('',(-0.3,-3.735,1.59));
#8970=CARTESIAN_POINT('',(-0.3,-3.8,1.415));
#8971=CARTESIAN_POINT('',(-0.3,-3.8,1.74));
#8972=CARTESIAN_POINT('',(-0.3,-3.735,1.59));
#8973=CARTESIAN_POINT('',(-0.3,-3.8,2.));
#8974=CARTESIAN_POINT('',(-0.3,-3.8,1.74));
#8975=CARTESIAN_POINT('',(-0.3,-2.58214285714286,2.));
#8976=CARTESIAN_POINT('',(-0.3,-2.58,2.));
#8977=CARTESIAN_POINT('',(-0.3,-2.58,2.23));
#8978=CARTESIAN_POINT('Origin',(-0.3,-2.625,-2.6));
#8979=CARTESIAN_POINT('',(-0.3,-2.58,2.23));
#8980=CARTESIAN_POINT('',(-0.3,-2.60306214016375,-0.245336377576114));
#8981=CARTESIAN_POINT('',(-0.3,-2.58,2.23));
#8982=CARTESIAN_POINT('',(5.55111512312578E-17,-2.625,-2.6));
#8983=CARTESIAN_POINT('',(5.55111512312578E-17,-2.58,2.23));
#8984=CARTESIAN_POINT('',(-0.3,-2.625,-2.6));
#8985=CARTESIAN_POINT('',(-0.3,-2.62104787690587,-2.17580545456299));
#8986=CARTESIAN_POINT('Origin',(-0.3,-3.,-2.6));
#8987=CARTESIAN_POINT('',(5.55111512312578E-17,-2.625,-2.6));
#8988=CARTESIAN_POINT('',(-0.3,-2.895,-2.6));
#8989=CARTESIAN_POINT('Origin',(-0.3,-3.8,0.95));
#8990=CARTESIAN_POINT('',(-0.3,-3.8,0.95));
#8991=CARTESIAN_POINT('Origin',(-0.3,-3.8,1.415));
#8992=CARTESIAN_POINT('',(-1.335,-3.8,2.23));
#8993=CARTESIAN_POINT('',(-1.335,-3.8,2.23));
#8994=CARTESIAN_POINT('',(-1.335,-3.8,2.));
#8995=CARTESIAN_POINT('',(-1.335,-3.8,2.));
#8996=CARTESIAN_POINT('',(-1.335,-3.8,2.));
#8997=CARTESIAN_POINT('',(-0.3,-3.8,1.74));
#8998=CARTESIAN_POINT('',(-0.3,-3.8,1.415));
#8999=CARTESIAN_POINT('Origin',(-0.3,-3.735,1.59));
#9000=CARTESIAN_POINT('',(-0.3,-3.735,1.59));
#9001=CARTESIAN_POINT('Origin',(-0.3,-3.8,1.74));
#9002=CARTESIAN_POINT('Origin',(5.55111512312578E-17,-3.19,-0.185));
#9003=CARTESIAN_POINT('Origin',(-1.335,-2.58,2.23));
#9004=CARTESIAN_POINT('',(-1.335,-2.58,2.23));
#9005=CARTESIAN_POINT('',(-1.335,-3.8,2.23));
#9006=CARTESIAN_POINT('',(-1.335,-2.58,2.23));
#9007=CARTESIAN_POINT('Origin',(-1.335,-2.58,2.));
#9008=CARTESIAN_POINT('',(-1.335,-2.58,2.));
#9009=CARTESIAN_POINT('',(-1.335,-2.58,2.23));
#9010=CARTESIAN_POINT('',(-0.3,-2.58,2.));
#9011=CARTESIAN_POINT('',(-0.3,-2.58,2.23));
#9012=CARTESIAN_POINT('',(-1.335,-2.58,2.));
#9013=CARTESIAN_POINT('Origin',(-1.335,-3.8,2.));
#9014=CARTESIAN_POINT('',(-1.335,-2.58,2.));
#9015=CARTESIAN_POINT('',(-0.3,-2.58,2.));
#9016=CARTESIAN_POINT('Origin',(-0.3,-3.19,2.115));
#9017=CARTESIAN_POINT('Origin',(-1.335,-3.19,2.115));
#9018=CARTESIAN_POINT('Origin',(-0.3,-2.79,-1.75));
#9019=CARTESIAN_POINT('',(-0.3,-2.65,-3.));
#9020=CARTESIAN_POINT('',(-0.3,-2.65,-3.));
#9021=CARTESIAN_POINT('',(-0.3,-2.58,-0.5));
#9022=CARTESIAN_POINT('Origin',(-0.3,-2.79,-1.75));
#9023=CARTESIAN_POINT('',(-0.3,-2.58,-0.5));
#9024=CARTESIAN_POINT('',(-0.3,-2.58,-0.5));
#9025=CARTESIAN_POINT('',(-0.3,-3.,-0.5));
#9026=CARTESIAN_POINT('Origin',(-1.335,-2.58,-0.5));
#9027=CARTESIAN_POINT('',(-1.335,-2.58,-0.5));
#9028=CARTESIAN_POINT('',(-1.335,-3.,-0.5));
#9029=CARTESIAN_POINT('',(-1.335,-2.58,-0.5));
#9030=CARTESIAN_POINT('Origin',(-1.335,-2.65,-3.));
#9031=CARTESIAN_POINT('',(-1.335,-2.65,-3.));
#9032=CARTESIAN_POINT('',(-1.335,-2.58,-0.5));
#9033=CARTESIAN_POINT('',(-1.335,-2.65,-3.));
#9034=CARTESIAN_POINT('Origin',(-1.335,-3.,-3.));
#9035=CARTESIAN_POINT('',(-1.335,-2.65,-3.));
#9036=CARTESIAN_POINT('Origin',(-1.335,-2.79,-1.75));
#9037=CARTESIAN_POINT('Origin',(5.55111512312578E-17,3.19,-0.185));
#9038=CARTESIAN_POINT('',(5.55111512312578E-17,2.58,2.23));
#9039=CARTESIAN_POINT('',(5.55111512312578E-17,3.8,2.23));
#9040=CARTESIAN_POINT('',(5.55111512312578E-17,2.58,2.23));
#9041=CARTESIAN_POINT('Origin',(5.55111512312578E-17,3.19,-0.185));
#9042=CARTESIAN_POINT('',(5.55111512312578E-17,2.625,-2.6));
#9043=CARTESIAN_POINT('',(5.55111512312578E-17,2.58,2.23));
#9044=CARTESIAN_POINT('',(5.55111512312578E-17,3.,-2.6));
#9045=CARTESIAN_POINT('',(5.55111512312578E-17,2.625,-2.6));
#9046=CARTESIAN_POINT('',(5.55111512312578E-17,3.,-2.6));
#9047=CARTESIAN_POINT('Origin',(-0.3,3.19,-0.185));
#9048=CARTESIAN_POINT('',(-0.3,2.61811835106383,-1.86136968085106));
#9049=CARTESIAN_POINT('',(-0.3,2.6388,-2.6));
#9050=CARTESIAN_POINT('',(-0.3,2.58,-0.5));
#9051=CARTESIAN_POINT('',(-0.3,2.625,-2.6));
#9052=CARTESIAN_POINT('',(-0.3,2.625,-2.6));
#9053=CARTESIAN_POINT('',(-0.3,2.58,2.23));
#9054=CARTESIAN_POINT('Origin',(-0.3,3.19,-0.185));
#9055=CARTESIAN_POINT('',(-0.3,3.,-0.5));
#9056=CARTESIAN_POINT('',(-0.3,2.6054347826087,-0.5));
#9057=CARTESIAN_POINT('',(-0.3,3.,-0.5));
#9058=CARTESIAN_POINT('',(-0.3,2.58214285714286,2.));
#9059=CARTESIAN_POINT('',(-0.3,2.58,2.23));
#9060=CARTESIAN_POINT('',(-0.3,3.8,2.));
#9061=CARTESIAN_POINT('',(-0.3,2.58,2.));
#9062=CARTESIAN_POINT('',(-0.3,3.8,1.74));
#9063=CARTESIAN_POINT('',(-0.3,3.8,1.74));
#9064=CARTESIAN_POINT('',(-0.3,3.73,1.59));
#9065=CARTESIAN_POINT('',(-0.3,3.73,1.59));
#9066=CARTESIAN_POINT('',(-0.3,3.8,1.415));
#9067=CARTESIAN_POINT('',(-0.3,3.8,1.415));
#9068=CARTESIAN_POINT('',(-0.3,3.8,0.95));
#9069=CARTESIAN_POINT('',(-0.3,3.8,0.95));
#9070=CARTESIAN_POINT('',(-0.3,3.,0.95));
#9071=CARTESIAN_POINT('',(-0.3,3.,0.95));
#9072=CARTESIAN_POINT('',(-0.3,3.,-2.6));
#9073=CARTESIAN_POINT('Origin',(-0.3,2.625,-2.6));
#9074=CARTESIAN_POINT('',(-0.3,3.,-2.6));
#9075=CARTESIAN_POINT('',(-0.3,2.7075,-2.6));
#9076=CARTESIAN_POINT('',(-0.3,3.,-2.6));
#9077=CARTESIAN_POINT('',(-0.3,2.625,-2.6));
#9078=CARTESIAN_POINT('Origin',(-0.3,2.58,2.23));
#9079=CARTESIAN_POINT('',(-0.3,2.58,2.23));
#9080=CARTESIAN_POINT('',(-0.3,2.58056214016375,2.16966362242389));
#9081=CARTESIAN_POINT('',(-0.3,2.59854787690587,0.239194545437011));
#9082=CARTESIAN_POINT('',(-0.3,2.58,2.23));
#9083=CARTESIAN_POINT('Origin',(-0.3,3.73,1.59));
#9084=CARTESIAN_POINT('',(-0.3,3.8,1.74));
#9085=CARTESIAN_POINT('',(-0.3,3.73,1.59));
#9086=CARTESIAN_POINT('Origin',(-0.3,3.8,1.415));
#9087=CARTESIAN_POINT('',(-0.3,3.8,1.415));
#9088=CARTESIAN_POINT('Origin',(-0.3,3.8,0.95));
#9089=CARTESIAN_POINT('',(-1.335,3.8,2.));
#9090=CARTESIAN_POINT('',(-1.335,3.8,2.));
#9091=CARTESIAN_POINT('',(-1.335,3.8,2.23));
#9092=CARTESIAN_POINT('',(-1.335,3.8,2.));
#9093=CARTESIAN_POINT('',(-1.335,3.8,2.23));
#9094=CARTESIAN_POINT('',(-0.3,3.8,0.95));
#9095=CARTESIAN_POINT('Origin',(-0.3,3.,0.95));
#9096=CARTESIAN_POINT('',(-0.3,3.,0.95));
#9097=CARTESIAN_POINT('Origin',(-1.335,2.58,2.));
#9098=CARTESIAN_POINT('',(-1.335,2.58,2.));
#9099=CARTESIAN_POINT('',(-1.335,2.58,2.));
#9100=CARTESIAN_POINT('',(-0.3,2.58,2.));
#9101=CARTESIAN_POINT('',(-0.3,2.58,2.));
#9102=CARTESIAN_POINT('',(-1.335,2.58,2.));
#9103=CARTESIAN_POINT('Origin',(-1.335,2.58,2.23));
#9104=CARTESIAN_POINT('',(-1.335,2.58,2.23));
#9105=CARTESIAN_POINT('',(-1.335,2.58,2.23));
#9106=CARTESIAN_POINT('',(-0.3,2.58,2.23));
#9107=CARTESIAN_POINT('',(-1.335,2.58,2.23));
#9108=CARTESIAN_POINT('Origin',(-1.335,3.8,2.23));
#9109=CARTESIAN_POINT('',(-1.335,3.8,2.23));
#9110=CARTESIAN_POINT('Origin',(-0.3,3.19,2.115));
#9111=CARTESIAN_POINT('Origin',(-1.335,3.19,2.115));
#9112=CARTESIAN_POINT('Origin',(-0.3,2.79,-1.75));
#9113=CARTESIAN_POINT('',(-0.3,2.58,-0.5));
#9114=CARTESIAN_POINT('',(-0.3,3.,-0.5));
#9115=CARTESIAN_POINT('',(-0.3,2.58,-0.5));
#9116=CARTESIAN_POINT('Origin',(-0.3,2.79,-1.75));
#9117=CARTESIAN_POINT('',(-0.3,2.65,-3.));
#9118=CARTESIAN_POINT('',(-0.3,2.58,-0.5));
#9119=CARTESIAN_POINT('',(-0.3,3.,-3.));
#9120=CARTESIAN_POINT('',(-0.3,2.65,-3.));
#9121=CARTESIAN_POINT('',(-0.3,3.,-3.));
#9122=CARTESIAN_POINT('Origin',(-1.335,2.65,-3.));
#9123=CARTESIAN_POINT('',(-1.335,2.65,-3.));
#9124=CARTESIAN_POINT('',(-1.335,3.,-3.));
#9125=CARTESIAN_POINT('',(-1.335,2.65,-3.));
#9126=CARTESIAN_POINT('',(-1.335,3.,-3.));
#9127=CARTESIAN_POINT('',(-1.335,2.65,-3.));
#9128=CARTESIAN_POINT('Origin',(-1.335,2.58,-0.5));
#9129=CARTESIAN_POINT('',(-1.335,2.58,-0.5));
#9130=CARTESIAN_POINT('',(-1.335,2.58,-0.5));
#9131=CARTESIAN_POINT('',(-1.335,2.58,-0.5));
#9132=CARTESIAN_POINT('Origin',(-1.335,3.,-0.5));
#9133=CARTESIAN_POINT('',(-1.335,3.,-0.5));
#9134=CARTESIAN_POINT('',(-1.335,3.,-0.5));
#9135=CARTESIAN_POINT('',(-1.335,3.,-0.5));
#9136=CARTESIAN_POINT('Origin',(-1.335,3.,-3.));
#9137=CARTESIAN_POINT('',(-1.335,3.,4.365));
#9138=CARTESIAN_POINT('',(-1.335,3.,4.365));
#9139=CARTESIAN_POINT('',(-1.335,3.,5.935));
#9140=CARTESIAN_POINT('',(-1.335,3.,5.935));
#9141=CARTESIAN_POINT('',(-0.3,3.,5.935));
#9142=CARTESIAN_POINT('',(-1.335,3.,5.935));
#9143=CARTESIAN_POINT('',(-0.3,3.,5.965));
#9144=CARTESIAN_POINT('',(-0.3,3.,4.365));
#9145=CARTESIAN_POINT('',(5.55111512312578E-17,3.,5.965));
#9146=CARTESIAN_POINT('',(-0.3,3.,5.965));
#9147=CARTESIAN_POINT('',(5.55111512312578E-17,3.,4.5975));
#9148=CARTESIAN_POINT('',(5.55111512312578E-17,3.,6.6));
#9149=CARTESIAN_POINT('',(5.55111512312578E-17,3.,5.7175));
#9150=CARTESIAN_POINT('',(-0.3,3.,6.6));
#9151=CARTESIAN_POINT('',(-0.3,3.,6.6));
#9152=CARTESIAN_POINT('',(-0.3,3.,6.565));
#9153=CARTESIAN_POINT('',(-0.3,3.,6.685));
#9154=CARTESIAN_POINT('',(-1.335,3.,6.565));
#9155=CARTESIAN_POINT('',(-1.335,3.,6.565));
#9156=CARTESIAN_POINT('',(-1.335,3.,6.685));
#9157=CARTESIAN_POINT('',(-1.335,3.,6.685));
#9158=CARTESIAN_POINT('',(-0.3,3.,6.685));
#9159=CARTESIAN_POINT('',(-1.335,3.,6.685));
#9160=CARTESIAN_POINT('',(-0.3,3.,6.82));
#9161=CARTESIAN_POINT('',(-0.3,3.,6.6));
#9162=CARTESIAN_POINT('',(-0.3,3.,6.82));
#9163=CARTESIAN_POINT('',(-1.335,3.,-3.));
#9164=CARTESIAN_POINT('Origin',(-1.335,2.79,-1.75));
#9165=CARTESIAN_POINT('Origin',(5.55111512312578E-17,0.,4.935));
#9166=CARTESIAN_POINT('',(5.55111512312578E-17,-3.21,6.3));
#9167=CARTESIAN_POINT('',(5.55111512312578E-17,-3.,6.6));
#9168=CARTESIAN_POINT('',(5.55111512312578E-17,-3.16,6.09));
#9169=CARTESIAN_POINT('',(5.55111512312578E-17,-3.21,6.3));
#9170=CARTESIAN_POINT('',(5.55111512312578E-17,-3.16,6.09));
#9171=CARTESIAN_POINT('Origin',(5.55111512312578E-17,0.,4.935));
#9172=CARTESIAN_POINT('',(5.55111512312578E-17,3.16,6.09));
#9173=CARTESIAN_POINT('',(5.55111512312578E-17,3.,5.965));
#9174=CARTESIAN_POINT('',(5.55111512312578E-17,3.21,6.3));
#9175=CARTESIAN_POINT('',(5.55111512312578E-17,3.16,6.09));
#9176=CARTESIAN_POINT('',(5.55111512312578E-17,3.16,6.45));
#9177=CARTESIAN_POINT('',(5.55111512312578E-17,3.21,6.3));
#9178=CARTESIAN_POINT('',(5.55111512312578E-17,3.16,6.45));
#9179=CARTESIAN_POINT('Origin',(-0.3,0.,4.935));
#9180=CARTESIAN_POINT('',(-0.3,-2.24,5.90022875816994));
#9181=CARTESIAN_POINT('',(-0.3,-2.235,5.9));
#9182=CARTESIAN_POINT('',(-0.3,-3.16,6.09));
#9183=CARTESIAN_POINT('',(-0.3,-3.16,6.09));
#9184=CARTESIAN_POINT('',(-0.3,-3.21,6.3));
#9185=CARTESIAN_POINT('',(-0.3,-3.21,6.3));
#9186=CARTESIAN_POINT('',(-0.3,-3.,6.6));
#9187=CARTESIAN_POINT('',(-0.3,-2.24,6.565));
#9188=CARTESIAN_POINT('',(-0.3,-2.235,6.565));
#9189=CARTESIAN_POINT('',(-0.3,-2.24,4.365));
#9190=CARTESIAN_POINT('Origin',(-0.3,0.,4.935));
#9191=CARTESIAN_POINT('',(-0.3,3.16,6.45));
#9192=CARTESIAN_POINT('',(-0.3,3.16,6.45));
#9193=CARTESIAN_POINT('',(-0.3,3.21,6.3));
#9194=CARTESIAN_POINT('',(-0.3,3.21,6.3));
#9195=CARTESIAN_POINT('',(-0.3,3.16,6.09));
#9196=CARTESIAN_POINT('',(-0.3,3.16,6.09));
#9197=CARTESIAN_POINT('',(-0.3,3.,5.965));
#9198=CARTESIAN_POINT('',(-0.3,2.25,5.935));
#9199=CARTESIAN_POINT('',(-0.3,2.235,5.935));
#9200=CARTESIAN_POINT('',(-0.3,2.25,6.565));
#9201=CARTESIAN_POINT('',(-0.3,2.25,6.63));
#9202=CARTESIAN_POINT('',(-0.3,3.,6.565));
#9203=CARTESIAN_POINT('Origin',(-0.3,0.,4.935));
#9204=CARTESIAN_POINT('',(-0.3,1.8,6.565));
#9205=CARTESIAN_POINT('',(-0.3,1.92,6.565));
#9206=CARTESIAN_POINT('',(-0.3,1.8,6.565));
#9207=CARTESIAN_POINT('',(-0.3,1.92,5.935));
#9208=CARTESIAN_POINT('',(-0.3,1.92,3.05));
#9209=CARTESIAN_POINT('',(-0.3,1.8,5.935));
#9210=CARTESIAN_POINT('',(-0.3,1.92,5.935));
#9211=CARTESIAN_POINT('',(-0.3,1.8,3.05));
#9212=CARTESIAN_POINT('',(-0.3,1.8,5.935));
#9213=CARTESIAN_POINT('',(-0.3,-1.8,3.05));
#9214=CARTESIAN_POINT('',(-0.3,-1.915,3.05));
#9215=CARTESIAN_POINT('',(-0.3,-1.8,5.935));
#9216=CARTESIAN_POINT('',(-0.3,-1.8,5.935));
#9217=CARTESIAN_POINT('',(-0.3,-1.915,5.935));
#9218=CARTESIAN_POINT('',(-0.3,-1.915,5.935));
#9219=CARTESIAN_POINT('',(-0.3,-1.915,6.565));
#9220=CARTESIAN_POINT('',(-0.3,-1.915,6.63));
#9221=CARTESIAN_POINT('',(-0.3,-1.8,6.565));
#9222=CARTESIAN_POINT('',(-0.3,-1.915,6.565));
#9223=CARTESIAN_POINT('',(-0.3,-1.8,6.685));
#9224=CARTESIAN_POINT('',(-0.3,-1.8,6.565));
#9225=CARTESIAN_POINT('',(-0.3,-1.915,6.685));
#9226=CARTESIAN_POINT('',(-0.3,-1.8,6.685));
#9227=CARTESIAN_POINT('',(-0.3,-1.915,6.63));
#9228=CARTESIAN_POINT('',(-0.3,-1.915,6.685));
#9229=CARTESIAN_POINT('',(-0.3,-2.235,6.63));
#9230=CARTESIAN_POINT('',(-0.3,-2.24,6.63));
#9231=CARTESIAN_POINT('',(-0.3,-2.235,6.685));
#9232=CARTESIAN_POINT('',(-0.3,-2.235,6.685));
#9233=CARTESIAN_POINT('',(-0.3,-3.,6.685));
#9234=CARTESIAN_POINT('',(-0.3,3.,6.82));
#9235=CARTESIAN_POINT('',(-0.3,2.235,6.685));
#9236=CARTESIAN_POINT('',(-0.3,2.235,6.685));
#9237=CARTESIAN_POINT('',(-0.3,2.235,6.63));
#9238=CARTESIAN_POINT('',(-0.3,2.235,6.565));
#9239=CARTESIAN_POINT('',(-0.3,1.92,6.63));
#9240=CARTESIAN_POINT('',(-0.3,1.92,6.63));
#9241=CARTESIAN_POINT('',(-0.3,1.92,6.685));
#9242=CARTESIAN_POINT('',(-0.3,1.92,6.565));
#9243=CARTESIAN_POINT('',(-0.3,1.8,6.685));
#9244=CARTESIAN_POINT('',(-0.3,1.92,6.685));
#9245=CARTESIAN_POINT('',(-0.3,1.8,6.685));
#9246=CARTESIAN_POINT('',(-0.3,1.71,6.365));
#9247=CARTESIAN_POINT('',(-0.3,-1.71,6.365));
#9248=CARTESIAN_POINT('',(-0.3,1.71,6.365));
#9249=CARTESIAN_POINT('',(-0.3,-1.71,6.3));
#9250=CARTESIAN_POINT('',(-0.3,-1.71,6.365));
#9251=CARTESIAN_POINT('',(-0.3,1.71,6.3));
#9252=CARTESIAN_POINT('',(-0.3,-1.71,6.3));
#9253=CARTESIAN_POINT('',(-0.3,1.71,6.3));
#9254=CARTESIAN_POINT('',(-0.3,1.71,6.25));
#9255=CARTESIAN_POINT('',(-0.3,-1.71,6.25));
#9256=CARTESIAN_POINT('',(-0.3,1.71,6.25));
#9257=CARTESIAN_POINT('',(-0.3,-1.71,6.18));
#9258=CARTESIAN_POINT('',(-0.3,-1.71,6.25));
#9259=CARTESIAN_POINT('',(-0.3,1.71,6.18));
#9260=CARTESIAN_POINT('',(-0.3,-1.71,6.18));
#9261=CARTESIAN_POINT('',(-0.3,1.71,6.18));
#9262=CARTESIAN_POINT('Origin',(-0.3,-1.71,6.3));
#9263=CARTESIAN_POINT('',(-0.3,-1.71,6.365));
#9264=CARTESIAN_POINT('',(-0.3,-1.71,6.3));
#9265=CARTESIAN_POINT('Origin',(-0.3,1.71,6.3));
#9266=CARTESIAN_POINT('',(-0.3,1.71,6.3));
#9267=CARTESIAN_POINT('Origin',(-0.3,1.71,6.365));
#9268=CARTESIAN_POINT('',(-0.3,1.71,6.365));
#9269=CARTESIAN_POINT('Origin',(-0.3,-1.71,6.365));
#9270=CARTESIAN_POINT('Origin',(-0.3,-1.71,6.18));
#9271=CARTESIAN_POINT('',(-0.3,-1.71,6.25));
#9272=CARTESIAN_POINT('',(-0.3,-1.71,6.18));
#9273=CARTESIAN_POINT('Origin',(-0.3,1.71,6.18));
#9274=CARTESIAN_POINT('',(-0.3,1.71,6.18));
#9275=CARTESIAN_POINT('Origin',(-0.3,1.71,6.25));
#9276=CARTESIAN_POINT('',(-0.3,1.71,6.25));
#9277=CARTESIAN_POINT('Origin',(-0.3,-1.71,6.25));
#9278=CARTESIAN_POINT('Origin',(-0.3,3.,6.82));
#9279=CARTESIAN_POINT('Origin',(-0.3,3.16,6.45));
#9280=CARTESIAN_POINT('',(-0.3,3.16,6.45));
#9281=CARTESIAN_POINT('Origin',(-0.3,3.21,6.3));
#9282=CARTESIAN_POINT('',(-0.3,3.21,6.3));
#9283=CARTESIAN_POINT('Origin',(-0.3,3.16,6.09));
#9284=CARTESIAN_POINT('',(-0.3,3.16,6.09));
#9285=CARTESIAN_POINT('Origin',(-0.3,3.,5.965));
#9286=CARTESIAN_POINT('Origin',(-0.3,2.25,6.63));
#9287=CARTESIAN_POINT('',(-0.3,2.25,6.63));
#9288=CARTESIAN_POINT('',(-0.3,2.25,6.6275));
#9289=CARTESIAN_POINT('',(-0.3,2.25,4.365));
#9290=CARTESIAN_POINT('',(-0.3,2.25,5.89));
#9291=CARTESIAN_POINT('',(-0.3,2.25,4.365));
#9292=CARTESIAN_POINT('',(-0.3,2.25,6.63));
#9293=CARTESIAN_POINT('Origin',(-0.3,1.92,6.63));
#9294=CARTESIAN_POINT('',(-0.3,2.26875,6.63));
#9295=CARTESIAN_POINT('',(-0.3,1.92,6.63));
#9296=CARTESIAN_POINT('Origin',(-0.3,-2.24,6.63));
#9297=CARTESIAN_POINT('',(-0.3,-2.24,6.63));
#9298=CARTESIAN_POINT('',(-0.3,-2.42875,6.63));
#9299=CARTESIAN_POINT('',(-0.3,-1.915,6.63));
#9300=CARTESIAN_POINT('',(-0.3,-2.24,6.63));
#9301=CARTESIAN_POINT('Origin',(-0.3,-2.24,4.365));
#9302=CARTESIAN_POINT('',(-0.3,-2.24,4.365));
#9303=CARTESIAN_POINT('',(-0.3,-2.24,4.7575));
#9304=CARTESIAN_POINT('',(-0.3,-2.24,5.495));
#9305=CARTESIAN_POINT('',(-0.3,-2.24,4.365));
#9306=CARTESIAN_POINT('Origin',(-0.3,-3.16,6.09));
#9307=CARTESIAN_POINT('',(-0.3,-3.16,6.09));
#9308=CARTESIAN_POINT('Origin',(-0.3,-3.21,6.3));
#9309=CARTESIAN_POINT('',(-0.3,-3.21,6.3));
#9310=CARTESIAN_POINT('Origin',(-0.3,-3.,6.6));
#9311=CARTESIAN_POINT('Origin',(-1.335,-2.235,6.685));
#9312=CARTESIAN_POINT('',(-1.335,-2.235,6.685));
#9313=CARTESIAN_POINT('',(-1.335,-3.,6.685));
#9314=CARTESIAN_POINT('',(-1.335,-2.235,6.685));
#9315=CARTESIAN_POINT('Origin',(-1.335,-2.235,6.565));
#9316=CARTESIAN_POINT('',(-1.335,-2.235,6.565));
#9317=CARTESIAN_POINT('',(-1.335,-2.235,6.685));
#9318=CARTESIAN_POINT('',(-0.3,-2.235,6.565));
#9319=CARTESIAN_POINT('',(-0.3,-2.235,6.685));
#9320=CARTESIAN_POINT('',(-1.335,-2.235,6.565));
#9321=CARTESIAN_POINT('Origin',(-1.335,-3.,6.565));
#9322=CARTESIAN_POINT('',(-1.335,-2.235,6.565));
#9323=CARTESIAN_POINT('',(-0.3,-2.235,6.565));
#9324=CARTESIAN_POINT('Origin',(-0.3,-2.6175,6.625));
#9325=CARTESIAN_POINT('Origin',(-1.335,-2.6175,6.625));
#9326=CARTESIAN_POINT('Origin',(-1.335,-3.,4.365));
#9327=CARTESIAN_POINT('',(-1.335,-2.235,4.365));
#9328=CARTESIAN_POINT('',(-1.335,-3.,4.365));
#9329=CARTESIAN_POINT('',(-0.3,-2.235,4.365));
#9330=CARTESIAN_POINT('',(-1.335,-2.235,4.365));
#9331=CARTESIAN_POINT('',(-0.3,-3.,4.365));
#9332=CARTESIAN_POINT('Origin',(-1.335,-2.235,5.9));
#9333=CARTESIAN_POINT('',(-1.335,-2.235,5.9));
#9334=CARTESIAN_POINT('',(-1.335,-2.235,5.9));
#9335=CARTESIAN_POINT('',(-0.3,-2.235,5.9));
#9336=CARTESIAN_POINT('',(-0.3,-2.235,5.9));
#9337=CARTESIAN_POINT('',(-1.335,-2.235,5.9));
#9338=CARTESIAN_POINT('Origin',(-1.335,-2.235,4.365));
#9339=CARTESIAN_POINT('',(-1.335,-2.235,4.365));
#9340=CARTESIAN_POINT('',(-0.3,-2.235,4.365));
#9341=CARTESIAN_POINT('Origin',(-0.3,-2.6175,5.15));
#9342=CARTESIAN_POINT('Origin',(-1.335,-2.6175,5.15));
#9343=CARTESIAN_POINT('Origin',(-0.3,2.6175,5.15));
#9344=CARTESIAN_POINT('',(-0.3,2.235,5.935));
#9345=CARTESIAN_POINT('',(-0.3,2.235,5.935));
#9346=CARTESIAN_POINT('',(-0.3,2.235,4.365));
#9347=CARTESIAN_POINT('',(-0.3,2.235,4.365));
#9348=CARTESIAN_POINT('',(-0.3,3.,4.365));
#9349=CARTESIAN_POINT('Origin',(-1.335,2.235,4.365));
#9350=CARTESIAN_POINT('',(-1.335,2.235,4.365));
#9351=CARTESIAN_POINT('',(-1.335,3.,4.365));
#9352=CARTESIAN_POINT('',(-1.335,2.235,4.365));
#9353=CARTESIAN_POINT('Origin',(-1.335,2.235,5.935));
#9354=CARTESIAN_POINT('',(-1.335,2.235,5.935));
#9355=CARTESIAN_POINT('',(-1.335,2.235,4.365));
#9356=CARTESIAN_POINT('',(-1.335,2.235,5.935));
#9357=CARTESIAN_POINT('Origin',(-1.335,3.,5.935));
#9358=CARTESIAN_POINT('',(-1.335,2.235,5.935));
#9359=CARTESIAN_POINT('Origin',(-1.335,2.6175,5.15));
#9360=CARTESIAN_POINT('Origin',(-1.335,3.,6.685));
#9361=CARTESIAN_POINT('',(-1.335,2.235,6.685));
#9362=CARTESIAN_POINT('',(-1.335,2.235,6.685));
#9363=CARTESIAN_POINT('',(-1.335,2.235,6.685));
#9364=CARTESIAN_POINT('Origin',(-1.335,2.235,6.565));
#9365=CARTESIAN_POINT('',(-1.335,2.235,6.565));
#9366=CARTESIAN_POINT('',(-1.335,3.,6.565));
#9367=CARTESIAN_POINT('',(-0.3,2.235,6.565));
#9368=CARTESIAN_POINT('',(-0.3,3.,6.565));
#9369=CARTESIAN_POINT('',(-1.335,2.235,6.565));
#9370=CARTESIAN_POINT('Origin',(-1.335,2.235,6.685));
#9371=CARTESIAN_POINT('',(-1.335,2.235,6.565));
#9372=CARTESIAN_POINT('',(-0.3,2.235,6.565));
#9373=CARTESIAN_POINT('Origin',(-0.3,2.6175,6.625));
#9374=CARTESIAN_POINT('Origin',(-1.335,2.6175,6.625));
#9375=CARTESIAN_POINT('Origin',(-1.335,-1.915,6.565));
#9376=CARTESIAN_POINT('',(-1.335,-1.915,6.565));
#9377=CARTESIAN_POINT('',(-1.335,-1.8,6.565));
#9378=CARTESIAN_POINT('',(-1.335,-1.915,6.565));
#9379=CARTESIAN_POINT('',(-1.335,-1.8,6.565));
#9380=CARTESIAN_POINT('',(-1.335,-1.915,6.565));
#9381=CARTESIAN_POINT('Origin',(-1.335,-1.8,6.685));
#9382=CARTESIAN_POINT('',(-1.335,-1.8,6.685));
#9383=CARTESIAN_POINT('',(-1.335,-1.915,6.685));
#9384=CARTESIAN_POINT('',(-1.335,-1.8,6.685));
#9385=CARTESIAN_POINT('',(-1.335,-1.915,6.685));
#9386=CARTESIAN_POINT('',(-1.335,-1.8,6.685));
#9387=CARTESIAN_POINT('Origin',(-1.335,-1.8,6.565));
#9388=CARTESIAN_POINT('',(-1.335,-1.8,6.565));
#9389=CARTESIAN_POINT('Origin',(-1.335,-1.8575,6.625));
#9390=CARTESIAN_POINT('',(-1.335,-1.915,6.685));
#9391=CARTESIAN_POINT('Origin',(-1.335,-1.8,3.05));
#9392=CARTESIAN_POINT('',(-1.335,-1.8,5.935));
#9393=CARTESIAN_POINT('',(-1.335,-1.8,3.05));
#9394=CARTESIAN_POINT('',(-1.335,-1.8,5.935));
#9395=CARTESIAN_POINT('',(-1.335,-1.8,5.935));
#9396=CARTESIAN_POINT('',(-1.335,-1.8,3.05));
#9397=CARTESIAN_POINT('Origin',(-1.335,-1.915,5.935));
#9398=CARTESIAN_POINT('',(-1.335,-1.915,3.05));
#9399=CARTESIAN_POINT('',(-1.335,-1.915,5.935));
#9400=CARTESIAN_POINT('',(-1.335,-1.915,3.05));
#9401=CARTESIAN_POINT('',(-1.335,-1.915,3.05));
#9402=CARTESIAN_POINT('',(-1.335,-1.915,5.935));
#9403=CARTESIAN_POINT('Origin',(-1.335,-1.8,5.935));
#9404=CARTESIAN_POINT('',(-1.335,-1.915,5.935));
#9405=CARTESIAN_POINT('Origin',(-1.335,-1.8575,4.4925));
#9406=CARTESIAN_POINT('',(-1.335,-1.8,3.05));
#9407=CARTESIAN_POINT('Origin',(-1.335,1.8,3.05));
#9408=CARTESIAN_POINT('',(-1.335,1.8,3.05));
#9409=CARTESIAN_POINT('',(-1.335,1.92,3.05));
#9410=CARTESIAN_POINT('',(-1.335,1.8,3.05));
#9411=CARTESIAN_POINT('',(-1.335,1.92,3.05));
#9412=CARTESIAN_POINT('',(-1.335,1.8,3.05));
#9413=CARTESIAN_POINT('Origin',(-1.335,1.8,5.935));
#9414=CARTESIAN_POINT('',(-1.335,1.8,5.935));
#9415=CARTESIAN_POINT('',(-1.335,1.8,5.935));
#9416=CARTESIAN_POINT('',(-1.335,1.8,5.935));
#9417=CARTESIAN_POINT('Origin',(-1.335,1.92,5.935));
#9418=CARTESIAN_POINT('',(-1.335,1.92,5.935));
#9419=CARTESIAN_POINT('',(-1.335,1.92,5.935));
#9420=CARTESIAN_POINT('',(-1.335,1.92,5.935));
#9421=CARTESIAN_POINT('Origin',(-1.335,1.86,4.4925));
#9422=CARTESIAN_POINT('',(-1.335,1.92,3.05));
#9423=CARTESIAN_POINT('Origin',(-1.335,1.8,6.565));
#9424=CARTESIAN_POINT('',(-1.335,1.8,6.565));
#9425=CARTESIAN_POINT('',(-1.335,1.92,6.565));
#9426=CARTESIAN_POINT('',(-1.335,1.8,6.565));
#9427=CARTESIAN_POINT('',(-1.335,1.92,6.565));
#9428=CARTESIAN_POINT('',(-1.335,1.8,6.565));
#9429=CARTESIAN_POINT('Origin',(-1.335,1.8,6.685));
#9430=CARTESIAN_POINT('',(-1.335,1.8,6.685));
#9431=CARTESIAN_POINT('',(-1.335,1.8,6.685));
#9432=CARTESIAN_POINT('',(-1.335,1.8,6.685));
#9433=CARTESIAN_POINT('Origin',(-1.335,1.92,6.685));
#9434=CARTESIAN_POINT('',(-1.335,1.92,6.685));
#9435=CARTESIAN_POINT('',(-1.335,1.92,6.685));
#9436=CARTESIAN_POINT('',(-1.335,1.92,6.685));
#9437=CARTESIAN_POINT('Origin',(-1.335,1.92,6.565));
#9438=CARTESIAN_POINT('',(-1.335,1.92,6.565));
#9439=CARTESIAN_POINT('Origin',(-1.335,1.86,6.625));
#9440=UNCERTAINTY_MEASURE_WITH_UNIT(LENGTH_MEASURE(0.001),#9444,
'DISTANCE_ACCURACY_VALUE',
'Maximum model space distance between geometric entities at asserted c
onnectivities');
#9441=UNCERTAINTY_MEASURE_WITH_UNIT(LENGTH_MEASURE(0.001),#9444,
'DISTANCE_ACCURACY_VALUE',
'Maximum model space distance between geometric entities at asserted c
onnectivities');
#9442=(
GEOMETRIC_REPRESENTATION_CONTEXT(3)
GLOBAL_UNCERTAINTY_ASSIGNED_CONTEXT((#9440))
GLOBAL_UNIT_ASSIGNED_CONTEXT((#9444,#9446,#9447))
REPRESENTATION_CONTEXT('','3D')
);
#9443=(
GEOMETRIC_REPRESENTATION_CONTEXT(3)
GLOBAL_UNCERTAINTY_ASSIGNED_CONTEXT((#9441))
GLOBAL_UNIT_ASSIGNED_CONTEXT((#9444,#9446,#9447))
REPRESENTATION_CONTEXT('','3D')
);
#9444=(
LENGTH_UNIT()
NAMED_UNIT(*)
SI_UNIT(.CENTI.,.METRE.)
);
#9445=(
LENGTH_UNIT()
NAMED_UNIT(*)
SI_UNIT($,.METRE.)
);
#9446=(
NAMED_UNIT(*)
PLANE_ANGLE_UNIT()
SI_UNIT($,.RADIAN.)
);
#9447=(
NAMED_UNIT(*)
SI_UNIT($,.STERADIAN.)
SOLID_ANGLE_UNIT()
);
#9448=SHAPE_DEFINITION_REPRESENTATION(#9449,#9450);
#9449=PRODUCT_DEFINITION_SHAPE('',$,#9452);
#9450=SHAPE_REPRESENTATION('',(#5999),#9442);
#9451=PRODUCT_DEFINITION_CONTEXT('part definition',#9456,'design');
#9452=PRODUCT_DEFINITION('FrontBoss_Native','FrontBoss_Native',#9453,#9451);
#9453=PRODUCT_DEFINITION_FORMATION('',$,#9458);
#9454=PRODUCT_RELATED_PRODUCT_CATEGORY('FrontBoss_Native',
'FrontBoss_Native',(#9458));
#9455=APPLICATION_PROTOCOL_DEFINITION('international standard',
'automotive_design',2009,#9456);
#9456=APPLICATION_CONTEXT(
'Core Data for Automotive Mechanical Design Process');
#9457=PRODUCT_CONTEXT('part definition',#9456,'mechanical');
#9458=PRODUCT('FrontBoss_Native','FrontBoss_Native',$,(#9457));
#9459=PRESENTATION_STYLE_ASSIGNMENT((#9460));
#9460=SURFACE_STYLE_USAGE(.BOTH.,#9461);
#9461=SURFACE_SIDE_STYLE('',(#9462));
#9462=SURFACE_STYLE_FILL_AREA(#9463);
#9463=FILL_AREA_STYLE('Steel - Satin',(#9464));
#9464=FILL_AREA_STYLE_COLOUR('Steel - Satin',#9465);
#9465=COLOUR_RGB('Steel - Satin',0.627450980392157,0.627450980392157,0.627450980392157);
ENDSEC;
END-ISO-10303-21;
