ISO-10303-21;
HEADER;
/* Generated by software containing ST-Developer
 * from STEP Tools, Inc. (www.steptools.com) 
 */

FILE_DESCRIPTION(
/* description */ (''),
/* implementation_level */ '2;1');

FILE_NAME(
/* name */ 'Hatch_native.stp',
/* time_stamp */ '2026-09-13T18:48:58-05:00',
/* author */ (''),
/* organization */ (''),
/* preprocessor_version */ 'ST-DEVELOPER v20.1',
/* originating_system */ 'Autodesk Translation Framework v15.8.0.0',
/* authorisation */ '');

FILE_SCHEMA (('AUTOMOTIVE_DESIGN { 1 0 10303 214 3 1 1 }'));
ENDSEC;

DATA;
#10=MECHANICAL_DESIGN_GEOMETRIC_PRESENTATION_REPRESENTATION('',(#13),#4541);
#11=SHAPE_REPRESENTATION_RELATIONSHIP('SRR','None',#4548,#12);
#12=ADVANCED_BREP_SHAPE_REPRESENTATION('',(#14),#4540);
#13=STYLED_ITEM('',(#4557),#14);
#14=MANIFOLD_SOLID_BREP('Hatch_native',#2572);
#15=FACE_BOUND('',#301,.T.);
#16=FACE_BOUND('',#305,.T.);
#17=FACE_BOUND('',#306,.T.);
#18=FACE_BOUND('',#307,.T.);
#19=FACE_BOUND('',#308,.T.);
#20=B_SPLINE_SURFACE_WITH_KNOTS('',3,3,((#3462,#3463,#3464,#3465),(#3466,
#3467,#3468,#3469),(#3470,#3471,#3472,#3473),(#3474,#3475,#3476,#3477)),
 .UNSPECIFIED.,.F.,.F.,.F.,(4,4),(4,4),(0.,1.),(0.,0.920058139534883),
 .UNSPECIFIED.);
#21=B_SPLINE_SURFACE_WITH_KNOTS('',3,3,((#3546,#3547,#3548,#3549),(#3550,
#3551,#3552,#3553),(#3554,#3555,#3556,#3557),(#3558,#3559,#3560,#3561)),
 .UNSPECIFIED.,.F.,.F.,.F.,(4,4),(4,4),(0.,0.0837004405286346),(0.830396475770925,
0.922611668558706),.UNSPECIFIED.);
#22=B_SPLINE_SURFACE_WITH_KNOTS('',3,3,((#3563,#3564,#3565,#3566),(#3567,
#3568,#3569,#3570),(#3571,#3572,#3573,#3574),(#3575,#3576,#3577,#3578)),
 .UNSPECIFIED.,.F.,.F.,.F.,(4,4),(4,4),(0.,1.),(0.,0.915260727559409),
 .UNSPECIFIED.);
#23=B_SPLINE_SURFACE_WITH_KNOTS('',3,3,((#3741,#3742,#3743,#3744),(#3745,
#3746,#3747,#3748),(#3749,#3750,#3751,#3752),(#3753,#3754,#3755,#3756)),
 .UNSPECIFIED.,.F.,.F.,.F.,(4,4),(4,4),(0.,1.),(0.,1.),.UNSPECIFIED.);
#24=B_SPLINE_SURFACE_WITH_KNOTS('',3,3,((#3760,#3761,#3762,#3763),(#3764,
#3765,#3766,#3767),(#3768,#3769,#3770,#3771),(#3772,#3773,#3774,#3775)),
 .UNSPECIFIED.,.F.,.F.,.F.,(4,4),(4,4),(0.,1.),(0.,1.),.UNSPECIFIED.);
#25=B_SPLINE_SURFACE_WITH_KNOTS('',3,3,((#3779,#3780,#3781,#3782),(#3783,
#3784,#3785,#3786),(#3787,#3788,#3789,#3790),(#3791,#3792,#3793,#3794)),
 .UNSPECIFIED.,.F.,.F.,.F.,(4,4),(4,4),(0.,1.),(0.,1.),.UNSPECIFIED.);
#26=B_SPLINE_SURFACE_WITH_KNOTS('',3,3,((#3804,#3805,#3806,#3807),(#3808,
#3809,#3810,#3811),(#3812,#3813,#3814,#3815),(#3816,#3817,#3818,#3819)),
 .UNSPECIFIED.,.F.,.F.,.F.,(4,4),(4,4),(0.,1.),(0.,0.980540490212053),
 .UNSPECIFIED.);
#27=B_SPLINE_SURFACE_WITH_KNOTS('',3,3,((#3822,#3823,#3824,#3825),(#3826,
#3827,#3828,#3829),(#3830,#3831,#3832,#3833),(#3834,#3835,#3836,#3837)),
 .UNSPECIFIED.,.F.,.F.,.F.,(4,4),(4,4),(0.916299559471366,1.),(0.830396475770925,
0.922611668558706),.UNSPECIFIED.);
#28=B_SPLINE_SURFACE_WITH_KNOTS('',3,3,((#3841,#3842,#3843,#3844),(#3845,
#3846,#3847,#3848),(#3849,#3850,#3851,#3852),(#3853,#3854,#3855,#3856)),
 .UNSPECIFIED.,.F.,.F.,.F.,(4,4),(4,4),(0.,1.),(0.,0.98396501457726),
 .UNSPECIFIED.);
#29=B_SPLINE_SURFACE_WITH_KNOTS('',3,3,((#4003,#4004,#4005,#4006),(#4007,
#4008,#4009,#4010),(#4011,#4012,#4013,#4014),(#4015,#4016,#4017,#4018)),
 .UNSPECIFIED.,.F.,.F.,.F.,(4,4),(4,4),(0.,1.),(0.,1.),.UNSPECIFIED.);
#30=B_SPLINE_SURFACE_WITH_KNOTS('',3,3,((#4024,#4025,#4026,#4027),(#4028,
#4029,#4030,#4031),(#4032,#4033,#4034,#4035),(#4036,#4037,#4038,#4039)),
 .UNSPECIFIED.,.F.,.F.,.F.,(4,4),(4,4),(0.,1.),(0.,1.),.UNSPECIFIED.);
#31=B_SPLINE_SURFACE_WITH_KNOTS('',3,3,((#4043,#4044,#4045,#4046),(#4047,
#4048,#4049,#4050),(#4051,#4052,#4053,#4054),(#4055,#4056,#4057,#4058)),
 .UNSPECIFIED.,.F.,.F.,.F.,(4,4),(4,4),(0.,1.),(0.,1.),.UNSPECIFIED.);
#32=B_SPLINE_SURFACE_WITH_KNOTS('',3,3,((#4062,#4063,#4064,#4065),(#4066,
#4067,#4068,#4069),(#4070,#4071,#4072,#4073),(#4074,#4075,#4076,#4077)),
 .UNSPECIFIED.,.F.,.F.,.F.,(4,4),(4,4),(0.,1.),(0.,1.),.UNSPECIFIED.);
#33=B_SPLINE_SURFACE_WITH_KNOTS('',3,3,((#4086,#4087,#4088,#4089),(#4090,
#4091,#4092,#4093),(#4094,#4095,#4096,#4097),(#4098,#4099,#4100,#4101)),
 .UNSPECIFIED.,.F.,.F.,.F.,(4,4),(4,4),(0.,1.),(0.,1.),.UNSPECIFIED.);
#34=B_SPLINE_SURFACE_WITH_KNOTS('',3,3,((#4106,#4107,#4108,#4109),(#4110,
#4111,#4112,#4113),(#4114,#4115,#4116,#4117),(#4118,#4119,#4120,#4121)),
 .UNSPECIFIED.,.F.,.F.,.F.,(4,4),(4,4),(0.,1.),(0.,1.),.UNSPECIFIED.);
#35=B_SPLINE_SURFACE_WITH_KNOTS('',3,3,((#4129,#4130,#4131,#4132),(#4133,
#4134,#4135,#4136),(#4137,#4138,#4139,#4140),(#4141,#4142,#4143,#4144)),
 .UNSPECIFIED.,.F.,.F.,.F.,(4,4),(4,4),(0.,1.),(0.,1.),.UNSPECIFIED.);
#36=B_SPLINE_SURFACE_WITH_KNOTS('',3,3,((#4148,#4149,#4150,#4151),(#4152,
#4153,#4154,#4155),(#4156,#4157,#4158,#4159),(#4160,#4161,#4162,#4163)),
 .UNSPECIFIED.,.F.,.F.,.F.,(4,4),(4,4),(0.,1.),(0.,1.),.UNSPECIFIED.);
#37=B_SPLINE_SURFACE_WITH_KNOTS('',3,3,((#4177,#4178,#4179,#4180),(#4181,
#4182,#4183,#4184),(#4185,#4186,#4187,#4188),(#4189,#4190,#4191,#4192)),
 .UNSPECIFIED.,.F.,.F.,.F.,(4,4),(4,4),(0.,1.),(0.,1.),.UNSPECIFIED.);
#38=B_SPLINE_SURFACE_WITH_KNOTS('',3,3,((#4196,#4197,#4198,#4199),(#4200,
#4201,#4202,#4203),(#4204,#4205,#4206,#4207),(#4208,#4209,#4210,#4211)),
 .UNSPECIFIED.,.F.,.F.,.F.,(4,4),(4,4),(0.,1.),(0.,1.),.UNSPECIFIED.);
#39=B_SPLINE_SURFACE_WITH_KNOTS('',3,3,((#4319,#4320,#4321,#4322),(#4323,
#4324,#4325,#4326),(#4327,#4328,#4329,#4330),(#4331,#4332,#4333,#4334)),
 .UNSPECIFIED.,.F.,.F.,.F.,(4,4),(4,4),(0.,1.),(0.,1.),.UNSPECIFIED.);
#40=B_SPLINE_SURFACE_WITH_KNOTS('',3,3,((#4336,#4337,#4338,#4339),(#4340,
#4341,#4342,#4343),(#4344,#4345,#4346,#4347),(#4348,#4349,#4350,#4351)),
 .UNSPECIFIED.,.F.,.F.,.F.,(4,4),(4,4),(0.,1.),(0.,1.),.UNSPECIFIED.);
#41=B_SPLINE_SURFACE_WITH_KNOTS('',3,3,((#4355,#4356,#4357,#4358),(#4359,
#4360,#4361,#4362),(#4363,#4364,#4365,#4366),(#4367,#4368,#4369,#4370)),
 .UNSPECIFIED.,.F.,.F.,.F.,(4,4),(4,4),(0.,1.),(0.,1.),.UNSPECIFIED.);
#42=B_SPLINE_SURFACE_WITH_KNOTS('',3,3,((#4372,#4373,#4374,#4375),(#4376,
#4377,#4378,#4379),(#4380,#4381,#4382,#4383),(#4384,#4385,#4386,#4387)),
 .UNSPECIFIED.,.F.,.F.,.F.,(4,4),(4,4),(0.,1.),(0.,1.),.UNSPECIFIED.);
#43=B_SPLINE_SURFACE_WITH_KNOTS('',3,3,((#4389,#4390,#4391,#4392),(#4393,
#4394,#4395,#4396),(#4397,#4398,#4399,#4400),(#4401,#4402,#4403,#4404)),
 .UNSPECIFIED.,.F.,.F.,.F.,(4,4),(4,4),(0.,1.),(0.,1.),.UNSPECIFIED.);
#44=B_SPLINE_SURFACE_WITH_KNOTS('',3,3,((#4406,#4407,#4408,#4409),(#4410,
#4411,#4412,#4413),(#4414,#4415,#4416,#4417),(#4418,#4419,#4420,#4421)),
 .UNSPECIFIED.,.F.,.F.,.F.,(4,4),(4,4),(0.,1.),(0.,1.),.UNSPECIFIED.);
#45=B_SPLINE_SURFACE_WITH_KNOTS('',3,3,((#4425,#4426,#4427,#4428),(#4429,
#4430,#4431,#4432),(#4433,#4434,#4435,#4436),(#4437,#4438,#4439,#4440)),
 .UNSPECIFIED.,.F.,.F.,.F.,(4,4),(4,4),(0.,1.),(0.,1.),.UNSPECIFIED.);
#46=B_SPLINE_SURFACE_WITH_KNOTS('',3,3,((#4442,#4443,#4444,#4445),(#4446,
#4447,#4448,#4449),(#4450,#4451,#4452,#4453),(#4454,#4455,#4456,#4457)),
 .UNSPECIFIED.,.F.,.F.,.F.,(4,4),(4,4),(0.,1.),(0.,1.),.UNSPECIFIED.);
#47=B_SPLINE_SURFACE_WITH_KNOTS('',3,3,((#4459,#4460,#4461,#4462),(#4463,
#4464,#4465,#4466),(#4467,#4468,#4469,#4470),(#4471,#4472,#4473,#4474)),
 .UNSPECIFIED.,.F.,.F.,.F.,(4,4),(4,4),(0.,1.),(0.,1.),.UNSPECIFIED.);
#48=B_SPLINE_SURFACE_WITH_KNOTS('',3,3,((#4476,#4477,#4478,#4479),(#4480,
#4481,#4482,#4483),(#4484,#4485,#4486,#4487),(#4488,#4489,#4490,#4491)),
 .UNSPECIFIED.,.F.,.F.,.F.,(4,4),(4,4),(0.,1.),(0.,1.),.UNSPECIFIED.);
#49=B_SPLINE_SURFACE_WITH_KNOTS('',3,3,((#4503,#4504,#4505,#4506),(#4507,
#4508,#4509,#4510),(#4511,#4512,#4513,#4514),(#4515,#4516,#4517,#4518)),
 .UNSPECIFIED.,.F.,.F.,.F.,(4,4),(4,4),(0.,1.),(0.,1.),.UNSPECIFIED.);
#50=B_SPLINE_SURFACE_WITH_KNOTS('',3,3,((#4522,#4523,#4524,#4525),(#4526,
#4527,#4528,#4529),(#4530,#4531,#4532,#4533),(#4534,#4535,#4536,#4537)),
 .UNSPECIFIED.,.F.,.F.,.F.,(4,4),(4,4),(0.,1.),(0.,1.),.UNSPECIFIED.);
#51=CYLINDRICAL_SURFACE('',#2591,0.85);
#52=CYLINDRICAL_SURFACE('',#2600,0.85);
#53=CYLINDRICAL_SURFACE('',#2610,0.427);
#54=CYLINDRICAL_SURFACE('',#2620,0.347);
#55=CYLINDRICAL_SURFACE('',#2625,0.347);
#56=CYLINDRICAL_SURFACE('',#2630,0.347);
#57=FACE_OUTER_BOUND('',#195,.T.);
#58=FACE_OUTER_BOUND('',#196,.T.);
#59=FACE_OUTER_BOUND('',#197,.T.);
#60=FACE_OUTER_BOUND('',#198,.T.);
#61=FACE_OUTER_BOUND('',#199,.T.);
#62=FACE_OUTER_BOUND('',#200,.T.);
#63=FACE_OUTER_BOUND('',#201,.T.);
#64=FACE_OUTER_BOUND('',#202,.T.);
#65=FACE_OUTER_BOUND('',#203,.T.);
#66=FACE_OUTER_BOUND('',#204,.T.);
#67=FACE_OUTER_BOUND('',#205,.T.);
#68=FACE_OUTER_BOUND('',#206,.T.);
#69=FACE_OUTER_BOUND('',#207,.T.);
#70=FACE_OUTER_BOUND('',#208,.T.);
#71=FACE_OUTER_BOUND('',#209,.T.);
#72=FACE_OUTER_BOUND('',#210,.T.);
#73=FACE_OUTER_BOUND('',#211,.T.);
#74=FACE_OUTER_BOUND('',#212,.T.);
#75=FACE_OUTER_BOUND('',#213,.T.);
#76=FACE_OUTER_BOUND('',#214,.T.);
#77=FACE_OUTER_BOUND('',#215,.T.);
#78=FACE_OUTER_BOUND('',#216,.T.);
#79=FACE_OUTER_BOUND('',#217,.T.);
#80=FACE_OUTER_BOUND('',#218,.T.);
#81=FACE_OUTER_BOUND('',#219,.T.);
#82=FACE_OUTER_BOUND('',#220,.T.);
#83=FACE_OUTER_BOUND('',#221,.T.);
#84=FACE_OUTER_BOUND('',#222,.T.);
#85=FACE_OUTER_BOUND('',#223,.T.);
#86=FACE_OUTER_BOUND('',#224,.T.);
#87=FACE_OUTER_BOUND('',#225,.T.);
#88=FACE_OUTER_BOUND('',#226,.T.);
#89=FACE_OUTER_BOUND('',#227,.T.);
#90=FACE_OUTER_BOUND('',#228,.T.);
#91=FACE_OUTER_BOUND('',#229,.T.);
#92=FACE_OUTER_BOUND('',#230,.T.);
#93=FACE_OUTER_BOUND('',#231,.T.);
#94=FACE_OUTER_BOUND('',#232,.T.);
#95=FACE_OUTER_BOUND('',#233,.T.);
#96=FACE_OUTER_BOUND('',#234,.T.);
#97=FACE_OUTER_BOUND('',#235,.T.);
#98=FACE_OUTER_BOUND('',#236,.T.);
#99=FACE_OUTER_BOUND('',#237,.T.);
#100=FACE_OUTER_BOUND('',#238,.T.);
#101=FACE_OUTER_BOUND('',#239,.T.);
#102=FACE_OUTER_BOUND('',#240,.T.);
#103=FACE_OUTER_BOUND('',#241,.T.);
#104=FACE_OUTER_BOUND('',#242,.T.);
#105=FACE_OUTER_BOUND('',#243,.T.);
#106=FACE_OUTER_BOUND('',#244,.T.);
#107=FACE_OUTER_BOUND('',#245,.T.);
#108=FACE_OUTER_BOUND('',#246,.T.);
#109=FACE_OUTER_BOUND('',#247,.T.);
#110=FACE_OUTER_BOUND('',#248,.T.);
#111=FACE_OUTER_BOUND('',#249,.T.);
#112=FACE_OUTER_BOUND('',#250,.T.);
#113=FACE_OUTER_BOUND('',#251,.T.);
#114=FACE_OUTER_BOUND('',#252,.T.);
#115=FACE_OUTER_BOUND('',#253,.T.);
#116=FACE_OUTER_BOUND('',#254,.T.);
#117=FACE_OUTER_BOUND('',#255,.T.);
#118=FACE_OUTER_BOUND('',#256,.T.);
#119=FACE_OUTER_BOUND('',#257,.T.);
#120=FACE_OUTER_BOUND('',#258,.T.);
#121=FACE_OUTER_BOUND('',#259,.T.);
#122=FACE_OUTER_BOUND('',#260,.T.);
#123=FACE_OUTER_BOUND('',#261,.T.);
#124=FACE_OUTER_BOUND('',#262,.T.);
#125=FACE_OUTER_BOUND('',#263,.T.);
#126=FACE_OUTER_BOUND('',#264,.T.);
#127=FACE_OUTER_BOUND('',#265,.T.);
#128=FACE_OUTER_BOUND('',#266,.T.);
#129=FACE_OUTER_BOUND('',#267,.T.);
#130=FACE_OUTER_BOUND('',#268,.T.);
#131=FACE_OUTER_BOUND('',#269,.T.);
#132=FACE_OUTER_BOUND('',#270,.T.);
#133=FACE_OUTER_BOUND('',#271,.T.);
#134=FACE_OUTER_BOUND('',#272,.T.);
#135=FACE_OUTER_BOUND('',#273,.T.);
#136=FACE_OUTER_BOUND('',#274,.T.);
#137=FACE_OUTER_BOUND('',#275,.T.);
#138=FACE_OUTER_BOUND('',#276,.T.);
#139=FACE_OUTER_BOUND('',#277,.T.);
#140=FACE_OUTER_BOUND('',#278,.T.);
#141=FACE_OUTER_BOUND('',#279,.T.);
#142=FACE_OUTER_BOUND('',#280,.T.);
#143=FACE_OUTER_BOUND('',#281,.T.);
#144=FACE_OUTER_BOUND('',#282,.T.);
#145=FACE_OUTER_BOUND('',#283,.T.);
#146=FACE_OUTER_BOUND('',#284,.T.);
#147=FACE_OUTER_BOUND('',#285,.T.);
#148=FACE_OUTER_BOUND('',#286,.T.);
#149=FACE_OUTER_BOUND('',#287,.T.);
#150=FACE_OUTER_BOUND('',#288,.T.);
#151=FACE_OUTER_BOUND('',#289,.T.);
#152=FACE_OUTER_BOUND('',#290,.T.);
#153=FACE_OUTER_BOUND('',#291,.T.);
#154=FACE_OUTER_BOUND('',#292,.T.);
#155=FACE_OUTER_BOUND('',#293,.T.);
#156=FACE_OUTER_BOUND('',#294,.T.);
#157=FACE_OUTER_BOUND('',#295,.T.);
#158=FACE_OUTER_BOUND('',#296,.T.);
#159=FACE_OUTER_BOUND('',#297,.T.);
#160=FACE_OUTER_BOUND('',#298,.T.);
#161=FACE_OUTER_BOUND('',#299,.T.);
#162=FACE_OUTER_BOUND('',#300,.T.);
#163=FACE_OUTER_BOUND('',#302,.T.);
#164=FACE_OUTER_BOUND('',#303,.T.);
#165=FACE_OUTER_BOUND('',#304,.T.);
#166=FACE_OUTER_BOUND('',#309,.T.);
#167=FACE_OUTER_BOUND('',#310,.T.);
#168=FACE_OUTER_BOUND('',#311,.T.);
#169=FACE_OUTER_BOUND('',#312,.T.);
#170=FACE_OUTER_BOUND('',#313,.T.);
#171=FACE_OUTER_BOUND('',#314,.T.);
#172=FACE_OUTER_BOUND('',#315,.T.);
#173=FACE_OUTER_BOUND('',#316,.T.);
#174=FACE_OUTER_BOUND('',#317,.T.);
#175=FACE_OUTER_BOUND('',#318,.T.);
#176=FACE_OUTER_BOUND('',#319,.T.);
#177=FACE_OUTER_BOUND('',#320,.T.);
#178=FACE_OUTER_BOUND('',#321,.T.);
#179=FACE_OUTER_BOUND('',#322,.T.);
#180=FACE_OUTER_BOUND('',#323,.T.);
#181=FACE_OUTER_BOUND('',#324,.T.);
#182=FACE_OUTER_BOUND('',#325,.T.);
#183=FACE_OUTER_BOUND('',#326,.T.);
#184=FACE_OUTER_BOUND('',#327,.T.);
#185=FACE_OUTER_BOUND('',#328,.T.);
#186=FACE_OUTER_BOUND('',#329,.T.);
#187=FACE_OUTER_BOUND('',#330,.T.);
#188=FACE_OUTER_BOUND('',#331,.T.);
#189=FACE_OUTER_BOUND('',#332,.T.);
#190=FACE_OUTER_BOUND('',#333,.T.);
#191=FACE_OUTER_BOUND('',#334,.T.);
#192=FACE_OUTER_BOUND('',#335,.T.);
#193=FACE_OUTER_BOUND('',#336,.T.);
#194=FACE_OUTER_BOUND('',#337,.T.);
#195=EDGE_LOOP('',(#1617,#1618,#1619,#1620,#1621,#1622,#1623));
#196=EDGE_LOOP('',(#1624,#1625,#1626));
#197=EDGE_LOOP('',(#1627,#1628,#1629,#1630,#1631,#1632));
#198=EDGE_LOOP('',(#1633,#1634,#1635,#1636,#1637,#1638));
#199=EDGE_LOOP('',(#1639,#1640,#1641,#1642,#1643,#1644));
#200=EDGE_LOOP('',(#1645,#1646,#1647,#1648,#1649));
#201=EDGE_LOOP('',(#1650,#1651,#1652,#1653,#1654,#1655,#1656,#1657,#1658,
#1659,#1660,#1661,#1662,#1663,#1664,#1665,#1666));
#202=EDGE_LOOP('',(#1667,#1668,#1669,#1670,#1671,#1672,#1673,#1674,#1675,
#1676,#1677,#1678,#1679,#1680));
#203=EDGE_LOOP('',(#1681,#1682,#1683,#1684));
#204=EDGE_LOOP('',(#1685,#1686,#1687,#1688,#1689,#1690,#1691,#1692,#1693,
#1694,#1695,#1696,#1697,#1698,#1699,#1700,#1701,#1702,#1703,#1704,#1705));
#205=EDGE_LOOP('',(#1706,#1707,#1708,#1709,#1710));
#206=EDGE_LOOP('',(#1711,#1712,#1713,#1714,#1715,#1716,#1717));
#207=EDGE_LOOP('',(#1718,#1719,#1720,#1721,#1722,#1723));
#208=EDGE_LOOP('',(#1724,#1725,#1726,#1727,#1728,#1729));
#209=EDGE_LOOP('',(#1730,#1731,#1732,#1733,#1734,#1735));
#210=EDGE_LOOP('',(#1736,#1737,#1738,#1739,#1740));
#211=EDGE_LOOP('',(#1741,#1742,#1743));
#212=EDGE_LOOP('',(#1744,#1745,#1746));
#213=EDGE_LOOP('',(#1747,#1748,#1749,#1750,#1751));
#214=EDGE_LOOP('',(#1752,#1753,#1754,#1755));
#215=EDGE_LOOP('',(#1756,#1757,#1758,#1759,#1760,#1761,#1762,#1763,#1764,
#1765,#1766,#1767,#1768,#1769,#1770,#1771,#1772,#1773,#1774,#1775,#1776));
#216=EDGE_LOOP('',(#1777,#1778));
#217=EDGE_LOOP('',(#1779,#1780,#1781,#1782));
#218=EDGE_LOOP('',(#1783,#1784));
#219=EDGE_LOOP('',(#1785,#1786,#1787,#1788));
#220=EDGE_LOOP('',(#1789,#1790,#1791,#1792));
#221=EDGE_LOOP('',(#1793,#1794,#1795,#1796));
#222=EDGE_LOOP('',(#1797,#1798,#1799,#1800));
#223=EDGE_LOOP('',(#1801,#1802,#1803,#1804));
#224=EDGE_LOOP('',(#1805,#1806));
#225=EDGE_LOOP('',(#1807,#1808,#1809,#1810));
#226=EDGE_LOOP('',(#1811,#1812));
#227=EDGE_LOOP('',(#1813,#1814));
#228=EDGE_LOOP('',(#1815,#1816,#1817,#1818));
#229=EDGE_LOOP('',(#1819,#1820));
#230=EDGE_LOOP('',(#1821,#1822));
#231=EDGE_LOOP('',(#1823,#1824,#1825,#1826));
#232=EDGE_LOOP('',(#1827,#1828));
#233=EDGE_LOOP('',(#1829,#1830,#1831,#1832));
#234=EDGE_LOOP('',(#1833,#1834,#1835,#1836));
#235=EDGE_LOOP('',(#1837,#1838,#1839,#1840));
#236=EDGE_LOOP('',(#1841,#1842,#1843,#1844));
#237=EDGE_LOOP('',(#1845,#1846,#1847,#1848));
#238=EDGE_LOOP('',(#1849,#1850,#1851,#1852,#1853,#1854));
#239=EDGE_LOOP('',(#1855,#1856,#1857,#1858));
#240=EDGE_LOOP('',(#1859,#1860,#1861,#1862));
#241=EDGE_LOOP('',(#1863,#1864,#1865,#1866));
#242=EDGE_LOOP('',(#1867,#1868,#1869,#1870,#1871,#1872,#1873,#1874));
#243=EDGE_LOOP('',(#1875,#1876,#1877,#1878,#1879,#1880));
#244=EDGE_LOOP('',(#1881,#1882,#1883,#1884));
#245=EDGE_LOOP('',(#1885,#1886,#1887,#1888));
#246=EDGE_LOOP('',(#1889,#1890,#1891,#1892));
#247=EDGE_LOOP('',(#1893,#1894,#1895,#1896));
#248=EDGE_LOOP('',(#1897,#1898,#1899,#1900));
#249=EDGE_LOOP('',(#1901,#1902,#1903,#1904));
#250=EDGE_LOOP('',(#1905,#1906,#1907,#1908));
#251=EDGE_LOOP('',(#1909,#1910,#1911,#1912));
#252=EDGE_LOOP('',(#1913,#1914,#1915,#1916,#1917,#1918,#1919,#1920,#1921));
#253=EDGE_LOOP('',(#1922,#1923,#1924));
#254=EDGE_LOOP('',(#1925,#1926,#1927,#1928,#1929,#1930,#1931,#1932,#1933));
#255=EDGE_LOOP('',(#1934,#1935,#1936,#1937));
#256=EDGE_LOOP('',(#1938,#1939,#1940,#1941));
#257=EDGE_LOOP('',(#1942,#1943,#1944,#1945));
#258=EDGE_LOOP('',(#1946,#1947,#1948,#1949,#1950));
#259=EDGE_LOOP('',(#1951,#1952,#1953));
#260=EDGE_LOOP('',(#1954,#1955,#1956,#1957,#1958));
#261=EDGE_LOOP('',(#1959,#1960,#1961,#1962,#1963));
#262=EDGE_LOOP('',(#1964,#1965,#1966,#1967));
#263=EDGE_LOOP('',(#1968,#1969,#1970,#1971,#1972));
#264=EDGE_LOOP('',(#1973,#1974,#1975,#1976));
#265=EDGE_LOOP('',(#1977,#1978,#1979,#1980,#1981));
#266=EDGE_LOOP('',(#1982,#1983,#1984,#1985));
#267=EDGE_LOOP('',(#1986,#1987,#1988,#1989));
#268=EDGE_LOOP('',(#1990,#1991,#1992,#1993,#1994,#1995));
#269=EDGE_LOOP('',(#1996,#1997,#1998,#1999));
#270=EDGE_LOOP('',(#2000,#2001,#2002,#2003,#2004,#2005));
#271=EDGE_LOOP('',(#2006,#2007,#2008,#2009,#2010,#2011));
#272=EDGE_LOOP('',(#2012,#2013,#2014,#2015));
#273=EDGE_LOOP('',(#2016,#2017,#2018,#2019));
#274=EDGE_LOOP('',(#2020,#2021,#2022,#2023));
#275=EDGE_LOOP('',(#2024,#2025,#2026,#2027));
#276=EDGE_LOOP('',(#2028,#2029,#2030,#2031,#2032));
#277=EDGE_LOOP('',(#2033,#2034,#2035));
#278=EDGE_LOOP('',(#2036,#2037,#2038,#2039,#2040));
#279=EDGE_LOOP('',(#2041,#2042,#2043,#2044));
#280=EDGE_LOOP('',(#2045,#2046,#2047,#2048));
#281=EDGE_LOOP('',(#2049,#2050,#2051,#2052,#2053,#2054,#2055,#2056,#2057,
#2058,#2059,#2060));
#282=EDGE_LOOP('',(#2061,#2062,#2063,#2064,#2065));
#283=EDGE_LOOP('',(#2066,#2067,#2068,#2069,#2070));
#284=EDGE_LOOP('',(#2071,#2072,#2073,#2074));
#285=EDGE_LOOP('',(#2075,#2076,#2077,#2078,#2079,#2080,#2081,#2082,#2083,
#2084,#2085,#2086,#2087,#2088));
#286=EDGE_LOOP('',(#2089,#2090,#2091,#2092));
#287=EDGE_LOOP('',(#2093,#2094,#2095,#2096));
#288=EDGE_LOOP('',(#2097,#2098,#2099,#2100));
#289=EDGE_LOOP('',(#2101,#2102,#2103,#2104));
#290=EDGE_LOOP('',(#2105,#2106,#2107,#2108));
#291=EDGE_LOOP('',(#2109,#2110,#2111,#2112));
#292=EDGE_LOOP('',(#2113,#2114,#2115,#2116));
#293=EDGE_LOOP('',(#2117,#2118,#2119,#2120));
#294=EDGE_LOOP('',(#2121,#2122,#2123,#2124));
#295=EDGE_LOOP('',(#2125,#2126,#2127,#2128));
#296=EDGE_LOOP('',(#2129,#2130,#2131,#2132));
#297=EDGE_LOOP('',(#2133,#2134,#2135,#2136));
#298=EDGE_LOOP('',(#2137,#2138,#2139,#2140));
#299=EDGE_LOOP('',(#2141,#2142,#2143,#2144));
#300=EDGE_LOOP('',(#2145,#2146,#2147,#2148));
#301=EDGE_LOOP('',(#2149,#2150,#2151,#2152));
#302=EDGE_LOOP('',(#2153,#2154,#2155,#2156));
#303=EDGE_LOOP('',(#2157,#2158,#2159,#2160));
#304=EDGE_LOOP('',(#2161,#2162,#2163,#2164,#2165,#2166,#2167,#2168,#2169,
#2170,#2171));
#305=EDGE_LOOP('',(#2172,#2173,#2174,#2175));
#306=EDGE_LOOP('',(#2176,#2177,#2178,#2179));
#307=EDGE_LOOP('',(#2180,#2181,#2182,#2183));
#308=EDGE_LOOP('',(#2184,#2185,#2186,#2187));
#309=EDGE_LOOP('',(#2188,#2189,#2190,#2191));
#310=EDGE_LOOP('',(#2192,#2193,#2194,#2195,#2196));
#311=EDGE_LOOP('',(#2197,#2198,#2199,#2200));
#312=EDGE_LOOP('',(#2201,#2202,#2203,#2204,#2205));
#313=EDGE_LOOP('',(#2206,#2207,#2208,#2209,#2210));
#314=EDGE_LOOP('',(#2211,#2212,#2213,#2214));
#315=EDGE_LOOP('',(#2215,#2216,#2217,#2218));
#316=EDGE_LOOP('',(#2219,#2220,#2221,#2222));
#317=EDGE_LOOP('',(#2223,#2224,#2225,#2226,#2227,#2228,#2229,#2230,#2231,
#2232,#2233,#2234,#2235,#2236,#2237,#2238,#2239,#2240,#2241,#2242));
#318=EDGE_LOOP('',(#2243,#2244,#2245,#2246));
#319=EDGE_LOOP('',(#2247,#2248,#2249,#2250));
#320=EDGE_LOOP('',(#2251,#2252,#2253,#2254));
#321=EDGE_LOOP('',(#2255,#2256,#2257,#2258));
#322=EDGE_LOOP('',(#2259,#2260,#2261,#2262));
#323=EDGE_LOOP('',(#2263,#2264,#2265,#2266));
#324=EDGE_LOOP('',(#2267,#2268,#2269,#2270));
#325=EDGE_LOOP('',(#2271,#2272,#2273,#2274));
#326=EDGE_LOOP('',(#2275,#2276,#2277,#2278,#2279,#2280));
#327=EDGE_LOOP('',(#2281,#2282,#2283,#2284));
#328=EDGE_LOOP('',(#2285,#2286,#2287,#2288));
#329=EDGE_LOOP('',(#2289,#2290,#2291,#2292));
#330=EDGE_LOOP('',(#2293,#2294,#2295,#2296));
#331=EDGE_LOOP('',(#2297,#2298,#2299,#2300));
#332=EDGE_LOOP('',(#2301,#2302,#2303,#2304,#2305,#2306,#2307));
#333=EDGE_LOOP('',(#2308,#2309,#2310,#2311));
#334=EDGE_LOOP('',(#2312,#2313,#2314,#2315,#2316,#2317,#2318));
#335=EDGE_LOOP('',(#2319,#2320,#2321,#2322));
#336=EDGE_LOOP('',(#2323,#2324,#2325,#2326,#2327));
#337=EDGE_LOOP('',(#2328,#2329,#2330,#2331,#2332));
#338=B_SPLINE_CURVE_WITH_KNOTS('',3,(#3293,#3294,#3295,#3296,#3297,#3298,
#3299,#3300,#3301,#3302,#3303,#3304),.UNSPECIFIED.,.F.,.F.,(4,2,2,2,2,4),
(-0.899681623645301,-0.677920394060523,-0.522083584302881,-0.366021093622629,
-0.206256804849411,-0.0527875744861734),.UNSPECIFIED.);
#339=B_SPLINE_CURVE_WITH_KNOTS('',3,(#3327,#3328,#3329,#3330,#3331,#3332,
#3333,#3334,#3335,#3336,#3337,#3338,#3339,#3340,#3341,#3342,#3343,#3344,
#3345,#3346,#3347,#3348),.UNSPECIFIED.,.F.,.F.,(4,3,3,3,3,3,3,4),(-2.05557629119016,
-1.83875920164271,-1.55315854890739,-1.26764373847765,-1.04707374838636,
-0.650912280643524,-0.0613977340207728,0.),.UNSPECIFIED.);
#340=B_SPLINE_CURVE_WITH_KNOTS('',3,(#3353,#3354,#3355,#3356,#3357,#3358),
 .UNSPECIFIED.,.F.,.F.,(4,2,4),(-0.212477889306427,-0.163717013560304,0.),
 .UNSPECIFIED.);
#341=B_SPLINE_CURVE_WITH_KNOTS('',3,(#3363,#3364,#3365,#3366),
 .UNSPECIFIED.,.F.,.F.,(4,4),(-0.199019660801421,-0.0564105234377821),
 .UNSPECIFIED.);
#342=B_SPLINE_CURVE_WITH_KNOTS('',3,(#3372,#3373,#3374,#3375),
 .UNSPECIFIED.,.F.,.F.,(4,4),(-1.2838497114223,0.),.UNSPECIFIED.);
#343=B_SPLINE_CURVE_WITH_KNOTS('',3,(#3482,#3483,#3484,#3485,#3486,#3487,
#3488,#3489,#3490,#3491),.UNSPECIFIED.,.F.,.F.,(4,2,2,2,4),(-0.887842800673864,
-0.697787583383959,-0.546470102496431,-0.364384884655316,0.),
 .UNSPECIFIED.);
#344=B_SPLINE_CURVE_WITH_KNOTS('',3,(#3502,#3503,#3504,#3505,#3506,#3507),
 .UNSPECIFIED.,.F.,.F.,(4,2,4),(-0.76470732209586,-0.597208171676856,-0.539150677295073),
 .UNSPECIFIED.);
#345=B_SPLINE_CURVE_WITH_KNOTS('',3,(#3515,#3516,#3517,#3518,#3519,#3520),
 .UNSPECIFIED.,.F.,.F.,(4,2,4),(-1.16906017078718,-0.665917667556301,0.),
 .UNSPECIFIED.);
#346=B_SPLINE_CURVE_WITH_KNOTS('',3,(#3528,#3529,#3530,#3531),
 .UNSPECIFIED.,.F.,.F.,(4,4),(-0.13552495942849,0.),.UNSPECIFIED.);
#347=B_SPLINE_CURVE_WITH_KNOTS('',3,(#3537,#3538,#3539,#3540),
 .UNSPECIFIED.,.F.,.F.,(4,4),(-1.44255843150723,-0.246696274344994),
 .UNSPECIFIED.);
#348=CIRCLE('',#2587,0.85);
#349=CIRCLE('',#2590,0.85);
#350=CIRCLE('',#2599,0.85);
#351=CIRCLE('',#2601,0.85);
#352=CIRCLE('',#2609,0.427);
#353=CIRCLE('',#2611,0.427);
#354=CIRCLE('',#2619,0.347);
#355=CIRCLE('',#2621,0.347);
#356=CIRCLE('',#2624,0.347);
#357=CIRCLE('',#2626,0.347);
#358=CIRCLE('',#2629,0.347);
#359=CIRCLE('',#2631,0.347);
#360=LINE('',#3285,#696);
#361=LINE('',#3289,#697);
#362=LINE('',#3291,#698);
#363=LINE('',#3306,#699);
#364=LINE('',#3307,#700);
#365=LINE('',#3311,#701);
#366=LINE('',#3313,#702);
#367=LINE('',#3314,#703);
#368=LINE('',#3318,#704);
#369=LINE('',#3322,#705);
#370=LINE('',#3324,#706);
#371=LINE('',#3326,#707);
#372=LINE('',#3351,#708);
#373=LINE('',#3359,#709);
#374=LINE('',#3360,#710);
#375=LINE('',#3367,#711);
#376=LINE('',#3368,#712);
#377=LINE('',#3371,#713);
#378=LINE('',#3378,#714);
#379=LINE('',#3380,#715);
#380=LINE('',#3382,#716);
#381=LINE('',#3384,#717);
#382=LINE('',#3386,#718);
#383=LINE('',#3388,#719);
#384=LINE('',#3390,#720);
#385=LINE('',#3392,#721);
#386=LINE('',#3394,#722);
#387=LINE('',#3396,#723);
#388=LINE('',#3398,#724);
#389=LINE('',#3400,#725);
#390=LINE('',#3402,#726);
#391=LINE('',#3403,#727);
#392=LINE('',#3406,#728);
#393=LINE('',#3408,#729);
#394=LINE('',#3410,#730);
#395=LINE('',#3412,#731);
#396=LINE('',#3414,#732);
#397=LINE('',#3415,#733);
#398=LINE('',#3417,#734);
#399=LINE('',#3419,#735);
#400=LINE('',#3421,#736);
#401=LINE('',#3423,#737);
#402=LINE('',#3424,#738);
#403=LINE('',#3427,#739);
#404=LINE('',#3428,#740);
#405=LINE('',#3431,#741);
#406=LINE('',#3433,#742);
#407=LINE('',#3435,#743);
#408=LINE('',#3437,#744);
#409=LINE('',#3439,#745);
#410=LINE('',#3441,#746);
#411=LINE('',#3443,#747);
#412=LINE('',#3445,#748);
#413=LINE('',#3447,#749);
#414=LINE('',#3449,#750);
#415=LINE('',#3451,#751);
#416=LINE('',#3452,#752);
#417=LINE('',#3454,#753);
#418=LINE('',#3456,#754);
#419=LINE('',#3458,#755);
#420=LINE('',#3460,#756);
#421=LINE('',#3461,#757);
#422=LINE('',#3478,#758);
#423=LINE('',#3493,#759);
#424=LINE('',#3495,#760);
#425=LINE('',#3497,#761);
#426=LINE('',#3500,#762);
#427=LINE('',#3509,#763);
#428=LINE('',#3513,#764);
#429=LINE('',#3522,#765);
#430=LINE('',#3523,#766);
#431=LINE('',#3527,#767);
#432=LINE('',#3533,#768);
#433=LINE('',#3534,#769);
#434=LINE('',#3542,#770);
#435=LINE('',#3543,#771);
#436=LINE('',#3545,#772);
#437=LINE('',#3562,#773);
#438=LINE('',#3580,#774);
#439=LINE('',#3582,#775);
#440=LINE('',#3583,#776);
#441=LINE('',#3586,#777);
#442=LINE('',#3587,#778);
#443=LINE('',#3590,#779);
#444=LINE('',#3592,#780);
#445=LINE('',#3594,#781);
#446=LINE('',#3596,#782);
#447=LINE('',#3598,#783);
#448=LINE('',#3600,#784);
#449=LINE('',#3602,#785);
#450=LINE('',#3604,#786);
#451=LINE('',#3606,#787);
#452=LINE('',#3608,#788);
#453=LINE('',#3610,#789);
#454=LINE('',#3611,#790);
#455=LINE('',#3613,#791);
#456=LINE('',#3615,#792);
#457=LINE('',#3616,#793);
#458=LINE('',#3620,#794);
#459=LINE('',#3624,#795);
#460=LINE('',#3626,#796);
#461=LINE('',#3629,#797);
#462=LINE('',#3633,#798);
#463=LINE('',#3635,#799);
#464=LINE('',#3637,#800);
#465=LINE('',#3638,#801);
#466=LINE('',#3641,#802);
#467=LINE('',#3643,#803);
#468=LINE('',#3644,#804);
#469=LINE('',#3647,#805);
#470=LINE('',#3648,#806);
#471=LINE('',#3651,#807);
#472=LINE('',#3652,#808);
#473=LINE('',#3654,#809);
#474=LINE('',#3658,#810);
#475=LINE('',#3662,#811);
#476=LINE('',#3664,#812);
#477=LINE('',#3667,#813);
#478=LINE('',#3671,#814);
#479=LINE('',#3675,#815);
#480=LINE('',#3677,#816);
#481=LINE('',#3680,#817);
#482=LINE('',#3684,#818);
#483=LINE('',#3688,#819);
#484=LINE('',#3690,#820);
#485=LINE('',#3693,#821);
#486=LINE('',#3696,#822);
#487=LINE('',#3698,#823);
#488=LINE('',#3699,#824);
#489=LINE('',#3702,#825);
#490=LINE('',#3703,#826);
#491=LINE('',#3705,#827);
#492=LINE('',#3708,#828);
#493=LINE('',#3709,#829);
#494=LINE('',#3711,#830);
#495=LINE('',#3715,#831);
#496=LINE('',#3716,#832);
#497=LINE('',#3719,#833);
#498=LINE('',#3720,#834);
#499=LINE('',#3722,#835);
#500=LINE('',#3725,#836);
#501=LINE('',#3727,#837);
#502=LINE('',#3728,#838);
#503=LINE('',#3731,#839);
#504=LINE('',#3733,#840);
#505=LINE('',#3734,#841);
#506=LINE('',#3736,#842);
#507=LINE('',#3739,#843);
#508=LINE('',#3740,#844);
#509=LINE('',#3758,#845);
#510=LINE('',#3759,#846);
#511=LINE('',#3777,#847);
#512=LINE('',#3778,#848);
#513=LINE('',#3796,#849);
#514=LINE('',#3797,#850);
#515=LINE('',#3800,#851);
#516=LINE('',#3801,#852);
#517=LINE('',#3803,#853);
#518=LINE('',#3820,#854);
#519=LINE('',#3838,#855);
#520=LINE('',#3840,#856);
#521=LINE('',#3860,#857);
#522=LINE('',#3861,#858);
#523=LINE('',#3862,#859);
#524=LINE('',#3866,#860);
#525=LINE('',#3867,#861);
#526=LINE('',#3868,#862);
#527=LINE('',#3872,#863);
#528=LINE('',#3874,#864);
#529=LINE('',#3876,#865);
#530=LINE('',#3878,#866);
#531=LINE('',#3879,#867);
#532=LINE('',#3883,#868);
#533=LINE('',#3885,#869);
#534=LINE('',#3886,#870);
#535=LINE('',#3888,#871);
#536=LINE('',#3890,#872);
#537=LINE('',#3891,#873);
#538=LINE('',#3893,#874);
#539=LINE('',#3894,#875);
#540=LINE('',#3896,#876);
#541=LINE('',#3899,#877);
#542=LINE('',#3900,#878);
#543=LINE('',#3903,#879);
#544=LINE('',#3905,#880);
#545=LINE('',#3906,#881);
#546=LINE('',#3909,#882);
#547=LINE('',#3911,#883);
#548=LINE('',#3912,#884);
#549=LINE('',#3916,#885);
#550=LINE('',#3918,#886);
#551=LINE('',#3920,#887);
#552=LINE('',#3921,#888);
#553=LINE('',#3925,#889);
#554=LINE('',#3926,#890);
#555=LINE('',#3927,#891);
#556=LINE('',#3931,#892);
#557=LINE('',#3932,#893);
#558=LINE('',#3934,#894);
#559=LINE('',#3935,#895);
#560=LINE('',#3938,#896);
#561=LINE('',#3939,#897);
#562=LINE('',#3942,#898);
#563=LINE('',#3944,#899);
#564=LINE('',#3945,#900);
#565=LINE('',#3947,#901);
#566=LINE('',#3948,#902);
#567=LINE('',#3950,#903);
#568=LINE('',#3954,#904);
#569=LINE('',#3955,#905);
#570=LINE('',#3956,#906);
#571=LINE('',#3958,#907);
#572=LINE('',#3960,#908);
#573=LINE('',#3963,#909);
#574=LINE('',#3964,#910);
#575=LINE('',#3967,#911);
#576=LINE('',#3968,#912);
#577=LINE('',#3971,#913);
#578=LINE('',#3973,#914);
#579=LINE('',#3974,#915);
#580=LINE('',#3976,#916);
#581=LINE('',#3978,#917);
#582=LINE('',#3981,#918);
#583=LINE('',#3982,#919);
#584=LINE('',#3985,#920);
#585=LINE('',#3986,#921);
#586=LINE('',#3989,#922);
#587=LINE('',#3990,#923);
#588=LINE('',#3993,#924);
#589=LINE('',#3994,#925);
#590=LINE('',#3998,#926);
#591=LINE('',#3999,#927);
#592=LINE('',#4001,#928);
#593=LINE('',#4002,#929);
#594=LINE('',#4021,#930);
#595=LINE('',#4022,#931);
#596=LINE('',#4023,#932);
#597=LINE('',#4041,#933);
#598=LINE('',#4042,#934);
#599=LINE('',#4060,#935);
#600=LINE('',#4061,#936);
#601=LINE('',#4080,#937);
#602=LINE('',#4082,#938);
#603=LINE('',#4084,#939);
#604=LINE('',#4085,#940);
#605=LINE('',#4103,#941);
#606=LINE('',#4104,#942);
#607=LINE('',#4105,#943);
#608=LINE('',#4123,#944);
#609=LINE('',#4124,#945);
#610=LINE('',#4127,#946);
#611=LINE('',#4128,#947);
#612=LINE('',#4146,#948);
#613=LINE('',#4147,#949);
#614=LINE('',#4165,#950);
#615=LINE('',#4166,#951);
#616=LINE('',#4169,#952);
#617=LINE('',#4170,#953);
#618=LINE('',#4174,#954);
#619=LINE('',#4175,#955);
#620=LINE('',#4176,#956);
#621=LINE('',#4194,#957);
#622=LINE('',#4195,#958);
#623=LINE('',#4212,#959);
#624=LINE('',#4216,#960);
#625=LINE('',#4217,#961);
#626=LINE('',#4218,#962);
#627=LINE('',#4221,#963);
#628=LINE('',#4222,#964);
#629=LINE('',#4225,#965);
#630=LINE('',#4226,#966);
#631=LINE('',#4229,#967);
#632=LINE('',#4230,#968);
#633=LINE('',#4233,#969);
#634=LINE('',#4234,#970);
#635=LINE('',#4237,#971);
#636=LINE('',#4238,#972);
#637=LINE('',#4241,#973);
#638=LINE('',#4243,#974);
#639=LINE('',#4244,#975);
#640=LINE('',#4247,#976);
#641=LINE('',#4248,#977);
#642=LINE('',#4252,#978);
#643=LINE('',#4253,#979);
#644=LINE('',#4255,#980);
#645=LINE('',#4256,#981);
#646=LINE('',#4259,#982);
#647=LINE('',#4261,#983);
#648=LINE('',#4262,#984);
#649=LINE('',#4265,#985);
#650=LINE('',#4266,#986);
#651=LINE('',#4270,#987);
#652=LINE('',#4271,#988);
#653=LINE('',#4272,#989);
#654=LINE('',#4274,#990);
#655=LINE('',#4278,#991);
#656=LINE('',#4280,#992);
#657=LINE('',#4282,#993);
#658=LINE('',#4284,#994);
#659=LINE('',#4286,#995);
#660=LINE('',#4288,#996);
#661=LINE('',#4290,#997);
#662=LINE('',#4292,#998);
#663=LINE('',#4294,#999);
#664=LINE('',#4296,#1000);
#665=LINE('',#4298,#1001);
#666=LINE('',#4300,#1002);
#667=LINE('',#4302,#1003);
#668=LINE('',#4304,#1004);
#669=LINE('',#4306,#1005);
#670=LINE('',#4308,#1006);
#671=LINE('',#4310,#1007);
#672=LINE('',#4312,#1008);
#673=LINE('',#4314,#1009);
#674=LINE('',#4315,#1010);
#675=LINE('',#4317,#1011);
#676=LINE('',#4318,#1012);
#677=LINE('',#4335,#1013);
#678=LINE('',#4352,#1014);
#679=LINE('',#4354,#1015);
#680=LINE('',#4371,#1016);
#681=LINE('',#4388,#1017);
#682=LINE('',#4405,#1018);
#683=LINE('',#4422,#1019);
#684=LINE('',#4424,#1020);
#685=LINE('',#4441,#1021);
#686=LINE('',#4458,#1022);
#687=LINE('',#4475,#1023);
#688=LINE('',#4492,#1024);
#689=LINE('',#4494,#1025);
#690=LINE('',#4496,#1026);
#691=LINE('',#4498,#1027);
#692=LINE('',#4500,#1028);
#693=LINE('',#4502,#1029);
#694=LINE('',#4520,#1030);
#695=LINE('',#4521,#1031);
#696=VECTOR('',#2709,1.);
#697=VECTOR('',#2712,1.);
#698=VECTOR('',#2713,1.);
#699=VECTOR('',#2714,1.);
#700=VECTOR('',#2715,1.);
#701=VECTOR('',#2718,1.);
#702=VECTOR('',#2719,1.);
#703=VECTOR('',#2720,1.);
#704=VECTOR('',#2723,1.);
#705=VECTOR('',#2726,1.);
#706=VECTOR('',#2727,1.);
#707=VECTOR('',#2728,1.);
#708=VECTOR('',#2731,1.);
#709=VECTOR('',#2732,1.);
#710=VECTOR('',#2733,1.);
#711=VECTOR('',#2736,1.);
#712=VECTOR('',#2737,1.);
#713=VECTOR('',#2740,1.);
#714=VECTOR('',#2743,1.);
#715=VECTOR('',#2744,1.);
#716=VECTOR('',#2745,1.);
#717=VECTOR('',#2746,1.);
#718=VECTOR('',#2747,1.);
#719=VECTOR('',#2748,1.);
#720=VECTOR('',#2749,1.);
#721=VECTOR('',#2750,1.);
#722=VECTOR('',#2751,1.);
#723=VECTOR('',#2752,1.);
#724=VECTOR('',#2753,1.);
#725=VECTOR('',#2754,1.);
#726=VECTOR('',#2755,1.);
#727=VECTOR('',#2756,1.);
#728=VECTOR('',#2759,1.);
#729=VECTOR('',#2760,1.);
#730=VECTOR('',#2761,1.);
#731=VECTOR('',#2762,1.);
#732=VECTOR('',#2763,1.);
#733=VECTOR('',#2764,1.);
#734=VECTOR('',#2765,1.);
#735=VECTOR('',#2766,1.);
#736=VECTOR('',#2767,1.);
#737=VECTOR('',#2768,1.);
#738=VECTOR('',#2769,1.);
#739=VECTOR('',#2772,1.);
#740=VECTOR('',#2773,1.);
#741=VECTOR('',#2776,1.);
#742=VECTOR('',#2777,1.);
#743=VECTOR('',#2778,1.);
#744=VECTOR('',#2779,1.);
#745=VECTOR('',#2780,1.);
#746=VECTOR('',#2781,1.);
#747=VECTOR('',#2782,1.);
#748=VECTOR('',#2783,1.);
#749=VECTOR('',#2784,1.);
#750=VECTOR('',#2785,1.);
#751=VECTOR('',#2786,1.);
#752=VECTOR('',#2787,1.);
#753=VECTOR('',#2788,1.63027554330777);
#754=VECTOR('',#2789,1.);
#755=VECTOR('',#2790,1.);
#756=VECTOR('',#2791,1.);
#757=VECTOR('',#2792,1.);
#758=VECTOR('',#2793,1.);
#759=VECTOR('',#2796,1.);
#760=VECTOR('',#2797,1.);
#761=VECTOR('',#2800,1.);
#762=VECTOR('',#2803,1.);
#763=VECTOR('',#2804,1.);
#764=VECTOR('',#2809,1.);
#765=VECTOR('',#2810,1.);
#766=VECTOR('',#2811,1.);
#767=VECTOR('',#2814,1.);
#768=VECTOR('',#2815,1.);
#769=VECTOR('',#2816,1.);
#770=VECTOR('',#2819,1.);
#771=VECTOR('',#2820,1.);
#772=VECTOR('',#2823,1.);
#773=VECTOR('',#2824,2.85915335269518);
#774=VECTOR('',#2825,1.);
#775=VECTOR('',#2826,1.);
#776=VECTOR('',#2827,2.85915335269518);
#777=VECTOR('',#2830,1.);
#778=VECTOR('',#2831,1.);
#779=VECTOR('',#2834,1.);
#780=VECTOR('',#2835,1.);
#781=VECTOR('',#2836,1.);
#782=VECTOR('',#2837,1.);
#783=VECTOR('',#2838,1.);
#784=VECTOR('',#2839,1.);
#785=VECTOR('',#2840,1.);
#786=VECTOR('',#2841,1.);
#787=VECTOR('',#2842,1.);
#788=VECTOR('',#2843,1.);
#789=VECTOR('',#2844,1.);
#790=VECTOR('',#2845,1.);
#791=VECTOR('',#2846,2.22187394267417);
#792=VECTOR('',#2847,1.);
#793=VECTOR('',#2848,1.);
#794=VECTOR('',#2851,1.);
#795=VECTOR('',#2856,1.);
#796=VECTOR('',#2857,1.);
#797=VECTOR('',#2862,1.);
#798=VECTOR('',#2865,1.);
#799=VECTOR('',#2866,1.);
#800=VECTOR('',#2867,1.);
#801=VECTOR('',#2868,1.);
#802=VECTOR('',#2871,1.);
#803=VECTOR('',#2872,1.);
#804=VECTOR('',#2873,1.);
#805=VECTOR('',#2876,1.);
#806=VECTOR('',#2877,1.);
#807=VECTOR('',#2880,1.);
#808=VECTOR('',#2881,1.);
#809=VECTOR('',#2884,1.);
#810=VECTOR('',#2887,1.);
#811=VECTOR('',#2892,1.);
#812=VECTOR('',#2893,1.);
#813=VECTOR('',#2898,1.);
#814=VECTOR('',#2901,1.);
#815=VECTOR('',#2906,1.);
#816=VECTOR('',#2907,1.);
#817=VECTOR('',#2912,1.);
#818=VECTOR('',#2915,1.);
#819=VECTOR('',#2920,1.);
#820=VECTOR('',#2921,1.);
#821=VECTOR('',#2926,1.);
#822=VECTOR('',#2929,1.);
#823=VECTOR('',#2930,1.);
#824=VECTOR('',#2931,1.);
#825=VECTOR('',#2934,1.);
#826=VECTOR('',#2935,1.);
#827=VECTOR('',#2938,1.);
#828=VECTOR('',#2941,1.);
#829=VECTOR('',#2942,1.);
#830=VECTOR('',#2945,1.);
#831=VECTOR('',#2950,1.);
#832=VECTOR('',#2951,1.);
#833=VECTOR('',#2954,1.);
#834=VECTOR('',#2955,1.);
#835=VECTOR('',#2958,1.);
#836=VECTOR('',#2961,1.);
#837=VECTOR('',#2962,1.);
#838=VECTOR('',#2963,1.);
#839=VECTOR('',#2966,1.);
#840=VECTOR('',#2967,1.);
#841=VECTOR('',#2968,1.);
#842=VECTOR('',#2971,1.);
#843=VECTOR('',#2974,1.);
#844=VECTOR('',#2975,2.19321511221911);
#845=VECTOR('',#2976,1.);
#846=VECTOR('',#2977,2.12643889647824);
#847=VECTOR('',#2978,1.);
#848=VECTOR('',#2979,2.08177808615616);
#849=VECTOR('',#2980,1.);
#850=VECTOR('',#2981,1.);
#851=VECTOR('',#2984,1.);
#852=VECTOR('',#2985,1.);
#853=VECTOR('',#2988,1.);
#854=VECTOR('',#2989,1.);
#855=VECTOR('',#2992,1.);
#856=VECTOR('',#2995,2.86444122086758);
#857=VECTOR('',#2998,1.);
#858=VECTOR('',#2999,1.);
#859=VECTOR('',#3000,1.);
#860=VECTOR('',#3003,1.);
#861=VECTOR('',#3004,1.);
#862=VECTOR('',#3005,1.);
#863=VECTOR('',#3008,1.);
#864=VECTOR('',#3009,1.);
#865=VECTOR('',#3010,1.);
#866=VECTOR('',#3011,1.);
#867=VECTOR('',#3012,1.);
#868=VECTOR('',#3015,1.);
#869=VECTOR('',#3016,1.);
#870=VECTOR('',#3017,1.);
#871=VECTOR('',#3020,1.);
#872=VECTOR('',#3021,1.);
#873=VECTOR('',#3022,1.);
#874=VECTOR('',#3025,1.);
#875=VECTOR('',#3026,1.);
#876=VECTOR('',#3029,1.);
#877=VECTOR('',#3032,1.);
#878=VECTOR('',#3033,1.);
#879=VECTOR('',#3036,1.);
#880=VECTOR('',#3037,1.);
#881=VECTOR('',#3038,1.);
#882=VECTOR('',#3041,1.);
#883=VECTOR('',#3042,1.);
#884=VECTOR('',#3043,1.);
#885=VECTOR('',#3046,1.);
#886=VECTOR('',#3047,1.);
#887=VECTOR('',#3048,1.);
#888=VECTOR('',#3049,1.);
#889=VECTOR('',#3052,1.);
#890=VECTOR('',#3053,1.);
#891=VECTOR('',#3054,1.);
#892=VECTOR('',#3057,1.);
#893=VECTOR('',#3058,1.);
#894=VECTOR('',#3059,1.);
#895=VECTOR('',#3060,1.);
#896=VECTOR('',#3063,1.);
#897=VECTOR('',#3064,1.);
#898=VECTOR('',#3067,1.);
#899=VECTOR('',#3068,1.);
#900=VECTOR('',#3069,1.);
#901=VECTOR('',#3072,1.);
#902=VECTOR('',#3073,1.);
#903=VECTOR('',#3076,1.);
#904=VECTOR('',#3079,1.);
#905=VECTOR('',#3080,1.);
#906=VECTOR('',#3081,1.);
#907=VECTOR('',#3084,1.);
#908=VECTOR('',#3087,1.);
#909=VECTOR('',#3090,1.);
#910=VECTOR('',#3091,1.);
#911=VECTOR('',#3094,1.);
#912=VECTOR('',#3095,1.);
#913=VECTOR('',#3098,1.);
#914=VECTOR('',#3099,1.);
#915=VECTOR('',#3100,1.);
#916=VECTOR('',#3103,1.);
#917=VECTOR('',#3106,1.);
#918=VECTOR('',#3109,1.);
#919=VECTOR('',#3110,1.);
#920=VECTOR('',#3113,1.);
#921=VECTOR('',#3114,1.);
#922=VECTOR('',#3117,1.);
#923=VECTOR('',#3118,1.);
#924=VECTOR('',#3121,1.);
#925=VECTOR('',#3122,1.);
#926=VECTOR('',#3125,1.);
#927=VECTOR('',#3126,1.);
#928=VECTOR('',#3127,1.);
#929=VECTOR('',#3128,1.);
#930=VECTOR('',#3129,1.);
#931=VECTOR('',#3130,2.43633433666236);
#932=VECTOR('',#3131,1.42888068081278);
#933=VECTOR('',#3132,1.);
#934=VECTOR('',#3133,1.41527382509534);
#935=VECTOR('',#3134,1.);
#936=VECTOR('',#3135,1.);
#937=VECTOR('',#3136,1.);
#938=VECTOR('',#3137,1.25847840801905);
#939=VECTOR('',#3138,1.);
#940=VECTOR('',#3139,1.27692763067325);
#941=VECTOR('',#3140,1.);
#942=VECTOR('',#3141,1.);
#943=VECTOR('',#3142,1.29932674874336);
#944=VECTOR('',#3143,1.);
#945=VECTOR('',#3144,1.);
#946=VECTOR('',#3147,1.);
#947=VECTOR('',#3148,1.27184275676424);
#948=VECTOR('',#3149,1.);
#949=VECTOR('',#3150,1.29863389760163);
#950=VECTOR('',#3151,1.);
#951=VECTOR('',#3152,1.);
#952=VECTOR('',#3155,1.);
#953=VECTOR('',#3156,1.);
#954=VECTOR('',#3159,1.);
#955=VECTOR('',#3160,1.);
#956=VECTOR('',#3161,1.47636188332721);
#957=VECTOR('',#3162,1.);
#958=VECTOR('',#3163,1.52997548999976);
#959=VECTOR('',#3164,1.);
#960=VECTOR('',#3167,1.);
#961=VECTOR('',#3168,1.);
#962=VECTOR('',#3169,1.);
#963=VECTOR('',#3172,1.);
#964=VECTOR('',#3173,1.);
#965=VECTOR('',#3176,1.);
#966=VECTOR('',#3177,1.);
#967=VECTOR('',#3180,1.);
#968=VECTOR('',#3181,1.);
#969=VECTOR('',#3184,1.);
#970=VECTOR('',#3185,1.);
#971=VECTOR('',#3188,1.);
#972=VECTOR('',#3189,1.);
#973=VECTOR('',#3192,1.);
#974=VECTOR('',#3193,1.);
#975=VECTOR('',#3194,1.);
#976=VECTOR('',#3197,1.);
#977=VECTOR('',#3198,1.);
#978=VECTOR('',#3201,1.);
#979=VECTOR('',#3202,1.);
#980=VECTOR('',#3203,1.);
#981=VECTOR('',#3204,1.);
#982=VECTOR('',#3207,1.);
#983=VECTOR('',#3208,1.);
#984=VECTOR('',#3209,1.);
#985=VECTOR('',#3212,1.);
#986=VECTOR('',#3213,1.);
#987=VECTOR('',#3216,1.);
#988=VECTOR('',#3217,1.);
#989=VECTOR('',#3218,1.);
#990=VECTOR('',#3221,1.);
#991=VECTOR('',#3224,1.);
#992=VECTOR('',#3225,1.);
#993=VECTOR('',#3226,1.);
#994=VECTOR('',#3227,1.);
#995=VECTOR('',#3228,1.);
#996=VECTOR('',#3229,1.);
#997=VECTOR('',#3230,1.);
#998=VECTOR('',#3231,1.);
#999=VECTOR('',#3232,1.);
#1000=VECTOR('',#3233,1.);
#1001=VECTOR('',#3234,1.);
#1002=VECTOR('',#3235,1.);
#1003=VECTOR('',#3236,1.);
#1004=VECTOR('',#3237,1.);
#1005=VECTOR('',#3238,1.);
#1006=VECTOR('',#3239,1.);
#1007=VECTOR('',#3240,1.);
#1008=VECTOR('',#3241,1.);
#1009=VECTOR('',#3242,1.);
#1010=VECTOR('',#3243,1.);
#1011=VECTOR('',#3246,0.277353564967171);
#1012=VECTOR('',#3247,0.298379684378966);
#1013=VECTOR('',#3248,0.273769976440074);
#1014=VECTOR('',#3249,1.);
#1015=VECTOR('',#3252,0.37712729946266);
#1016=VECTOR('',#3253,0.28486839066488);
#1017=VECTOR('',#3254,0.570941559586275);
#1018=VECTOR('',#3255,0.552630075185923);
#1019=VECTOR('',#3256,1.);
#1020=VECTOR('',#3259,0.818000611246715);
#1021=VECTOR('',#3260,0.850557075276862);
#1022=VECTOR('',#3261,0.282046095523407);
#1023=VECTOR('',#3262,0.465189763379507);
#1024=VECTOR('',#3263,1.);
#1025=VECTOR('',#3266,1.);
#1026=VECTOR('',#3269,1.);
#1027=VECTOR('',#3272,1.);
#1028=VECTOR('',#3275,1.);
#1029=VECTOR('',#3278,0.43591857037754);
#1030=VECTOR('',#3279,0.504579032461713);
#1031=VECTOR('',#3280,0.504579032461713);
#1032=VERTEX_POINT('',#3283);
#1033=VERTEX_POINT('',#3284);
#1034=VERTEX_POINT('',#3286);
#1035=VERTEX_POINT('',#3288);
#1036=VERTEX_POINT('',#3290);
#1037=VERTEX_POINT('',#3292);
#1038=VERTEX_POINT('',#3305);
#1039=VERTEX_POINT('',#3309);
#1040=VERTEX_POINT('',#3310);
#1041=VERTEX_POINT('',#3312);
#1042=VERTEX_POINT('',#3316);
#1043=VERTEX_POINT('',#3317);
#1044=VERTEX_POINT('',#3319);
#1045=VERTEX_POINT('',#3321);
#1046=VERTEX_POINT('',#3323);
#1047=VERTEX_POINT('',#3325);
#1048=VERTEX_POINT('',#3350);
#1049=VERTEX_POINT('',#3352);
#1050=VERTEX_POINT('',#3362);
#1051=VERTEX_POINT('',#3370);
#1052=VERTEX_POINT('',#3377);
#1053=VERTEX_POINT('',#3379);
#1054=VERTEX_POINT('',#3381);
#1055=VERTEX_POINT('',#3383);
#1056=VERTEX_POINT('',#3385);
#1057=VERTEX_POINT('',#3387);
#1058=VERTEX_POINT('',#3389);
#1059=VERTEX_POINT('',#3391);
#1060=VERTEX_POINT('',#3393);
#1061=VERTEX_POINT('',#3395);
#1062=VERTEX_POINT('',#3397);
#1063=VERTEX_POINT('',#3399);
#1064=VERTEX_POINT('',#3401);
#1065=VERTEX_POINT('',#3405);
#1066=VERTEX_POINT('',#3407);
#1067=VERTEX_POINT('',#3409);
#1068=VERTEX_POINT('',#3411);
#1069=VERTEX_POINT('',#3413);
#1070=VERTEX_POINT('',#3416);
#1071=VERTEX_POINT('',#3418);
#1072=VERTEX_POINT('',#3420);
#1073=VERTEX_POINT('',#3422);
#1074=VERTEX_POINT('',#3426);
#1075=VERTEX_POINT('',#3430);
#1076=VERTEX_POINT('',#3432);
#1077=VERTEX_POINT('',#3434);
#1078=VERTEX_POINT('',#3436);
#1079=VERTEX_POINT('',#3438);
#1080=VERTEX_POINT('',#3440);
#1081=VERTEX_POINT('',#3442);
#1082=VERTEX_POINT('',#3444);
#1083=VERTEX_POINT('',#3446);
#1084=VERTEX_POINT('',#3448);
#1085=VERTEX_POINT('',#3450);
#1086=VERTEX_POINT('',#3453);
#1087=VERTEX_POINT('',#3455);
#1088=VERTEX_POINT('',#3457);
#1089=VERTEX_POINT('',#3459);
#1090=VERTEX_POINT('',#3480);
#1091=VERTEX_POINT('',#3481);
#1092=VERTEX_POINT('',#3492);
#1093=VERTEX_POINT('',#3494);
#1094=VERTEX_POINT('',#3499);
#1095=VERTEX_POINT('',#3501);
#1096=VERTEX_POINT('',#3508);
#1097=VERTEX_POINT('',#3512);
#1098=VERTEX_POINT('',#3514);
#1099=VERTEX_POINT('',#3521);
#1100=VERTEX_POINT('',#3525);
#1101=VERTEX_POINT('',#3526);
#1102=VERTEX_POINT('',#3532);
#1103=VERTEX_POINT('',#3536);
#1104=VERTEX_POINT('',#3541);
#1105=VERTEX_POINT('',#3579);
#1106=VERTEX_POINT('',#3581);
#1107=VERTEX_POINT('',#3585);
#1108=VERTEX_POINT('',#3589);
#1109=VERTEX_POINT('',#3591);
#1110=VERTEX_POINT('',#3593);
#1111=VERTEX_POINT('',#3595);
#1112=VERTEX_POINT('',#3597);
#1113=VERTEX_POINT('',#3599);
#1114=VERTEX_POINT('',#3601);
#1115=VERTEX_POINT('',#3603);
#1116=VERTEX_POINT('',#3605);
#1117=VERTEX_POINT('',#3607);
#1118=VERTEX_POINT('',#3609);
#1119=VERTEX_POINT('',#3612);
#1120=VERTEX_POINT('',#3614);
#1121=VERTEX_POINT('',#3618);
#1122=VERTEX_POINT('',#3619);
#1123=VERTEX_POINT('',#3623);
#1124=VERTEX_POINT('',#3625);
#1125=VERTEX_POINT('',#3631);
#1126=VERTEX_POINT('',#3632);
#1127=VERTEX_POINT('',#3634);
#1128=VERTEX_POINT('',#3636);
#1129=VERTEX_POINT('',#3640);
#1130=VERTEX_POINT('',#3642);
#1131=VERTEX_POINT('',#3646);
#1132=VERTEX_POINT('',#3650);
#1133=VERTEX_POINT('',#3656);
#1134=VERTEX_POINT('',#3657);
#1135=VERTEX_POINT('',#3661);
#1136=VERTEX_POINT('',#3663);
#1137=VERTEX_POINT('',#3669);
#1138=VERTEX_POINT('',#3670);
#1139=VERTEX_POINT('',#3674);
#1140=VERTEX_POINT('',#3676);
#1141=VERTEX_POINT('',#3682);
#1142=VERTEX_POINT('',#3683);
#1143=VERTEX_POINT('',#3687);
#1144=VERTEX_POINT('',#3689);
#1145=VERTEX_POINT('',#3695);
#1146=VERTEX_POINT('',#3697);
#1147=VERTEX_POINT('',#3701);
#1148=VERTEX_POINT('',#3707);
#1149=VERTEX_POINT('',#3714);
#1150=VERTEX_POINT('',#3718);
#1151=VERTEX_POINT('',#3724);
#1152=VERTEX_POINT('',#3726);
#1153=VERTEX_POINT('',#3730);
#1154=VERTEX_POINT('',#3732);
#1155=VERTEX_POINT('',#3738);
#1156=VERTEX_POINT('',#3757);
#1157=VERTEX_POINT('',#3776);
#1158=VERTEX_POINT('',#3795);
#1159=VERTEX_POINT('',#3799);
#1160=VERTEX_POINT('',#3858);
#1161=VERTEX_POINT('',#3859);
#1162=VERTEX_POINT('',#3864);
#1163=VERTEX_POINT('',#3865);
#1164=VERTEX_POINT('',#3870);
#1165=VERTEX_POINT('',#3871);
#1166=VERTEX_POINT('',#3873);
#1167=VERTEX_POINT('',#3875);
#1168=VERTEX_POINT('',#3877);
#1169=VERTEX_POINT('',#3881);
#1170=VERTEX_POINT('',#3882);
#1171=VERTEX_POINT('',#3884);
#1172=VERTEX_POINT('',#3889);
#1173=VERTEX_POINT('',#3898);
#1174=VERTEX_POINT('',#3902);
#1175=VERTEX_POINT('',#3904);
#1176=VERTEX_POINT('',#3908);
#1177=VERTEX_POINT('',#3910);
#1178=VERTEX_POINT('',#3914);
#1179=VERTEX_POINT('',#3915);
#1180=VERTEX_POINT('',#3917);
#1181=VERTEX_POINT('',#3919);
#1182=VERTEX_POINT('',#3923);
#1183=VERTEX_POINT('',#3924);
#1184=VERTEX_POINT('',#3929);
#1185=VERTEX_POINT('',#3930);
#1186=VERTEX_POINT('',#3933);
#1187=VERTEX_POINT('',#3937);
#1188=VERTEX_POINT('',#3941);
#1189=VERTEX_POINT('',#3943);
#1190=VERTEX_POINT('',#3952);
#1191=VERTEX_POINT('',#3953);
#1192=VERTEX_POINT('',#3962);
#1193=VERTEX_POINT('',#3966);
#1194=VERTEX_POINT('',#3970);
#1195=VERTEX_POINT('',#3972);
#1196=VERTEX_POINT('',#3980);
#1197=VERTEX_POINT('',#3984);
#1198=VERTEX_POINT('',#3988);
#1199=VERTEX_POINT('',#3992);
#1200=VERTEX_POINT('',#3996);
#1201=VERTEX_POINT('',#3997);
#1202=VERTEX_POINT('',#4000);
#1203=VERTEX_POINT('',#4019);
#1204=VERTEX_POINT('',#4020);
#1205=VERTEX_POINT('',#4040);
#1206=VERTEX_POINT('',#4059);
#1207=VERTEX_POINT('',#4078);
#1208=VERTEX_POINT('',#4079);
#1209=VERTEX_POINT('',#4081);
#1210=VERTEX_POINT('',#4083);
#1211=VERTEX_POINT('',#4102);
#1212=VERTEX_POINT('',#4122);
#1213=VERTEX_POINT('',#4126);
#1214=VERTEX_POINT('',#4145);
#1215=VERTEX_POINT('',#4164);
#1216=VERTEX_POINT('',#4168);
#1217=VERTEX_POINT('',#4172);
#1218=VERTEX_POINT('',#4173);
#1219=VERTEX_POINT('',#4193);
#1220=VERTEX_POINT('',#4214);
#1221=VERTEX_POINT('',#4215);
#1222=VERTEX_POINT('',#4220);
#1223=VERTEX_POINT('',#4224);
#1224=VERTEX_POINT('',#4228);
#1225=VERTEX_POINT('',#4232);
#1226=VERTEX_POINT('',#4236);
#1227=VERTEX_POINT('',#4240);
#1228=VERTEX_POINT('',#4242);
#1229=VERTEX_POINT('',#4246);
#1230=VERTEX_POINT('',#4250);
#1231=VERTEX_POINT('',#4251);
#1232=VERTEX_POINT('',#4254);
#1233=VERTEX_POINT('',#4258);
#1234=VERTEX_POINT('',#4260);
#1235=VERTEX_POINT('',#4264);
#1236=VERTEX_POINT('',#4268);
#1237=VERTEX_POINT('',#4269);
#1238=VERTEX_POINT('',#4276);
#1239=VERTEX_POINT('',#4277);
#1240=VERTEX_POINT('',#4279);
#1241=VERTEX_POINT('',#4281);
#1242=VERTEX_POINT('',#4283);
#1243=VERTEX_POINT('',#4285);
#1244=VERTEX_POINT('',#4287);
#1245=VERTEX_POINT('',#4289);
#1246=VERTEX_POINT('',#4291);
#1247=VERTEX_POINT('',#4293);
#1248=VERTEX_POINT('',#4295);
#1249=VERTEX_POINT('',#4297);
#1250=VERTEX_POINT('',#4299);
#1251=VERTEX_POINT('',#4301);
#1252=VERTEX_POINT('',#4303);
#1253=VERTEX_POINT('',#4305);
#1254=VERTEX_POINT('',#4307);
#1255=VERTEX_POINT('',#4309);
#1256=VERTEX_POINT('',#4311);
#1257=VERTEX_POINT('',#4313);
#1258=VERTEX_POINT('',#4519);
#1259=EDGE_CURVE('',#1032,#1033,#360,.T.);
#1260=EDGE_CURVE('',#1034,#1032,#348,.T.);
#1261=EDGE_CURVE('',#1034,#1035,#361,.T.);
#1262=EDGE_CURVE('',#1035,#1036,#362,.T.);
#1263=EDGE_CURVE('',#1037,#1036,#338,.T.);
#1264=EDGE_CURVE('',#1038,#1037,#363,.T.);
#1265=EDGE_CURVE('',#1033,#1038,#364,.T.);
#1266=EDGE_CURVE('',#1039,#1040,#365,.T.);
#1267=EDGE_CURVE('',#1041,#1039,#366,.T.);
#1268=EDGE_CURVE('',#1041,#1040,#367,.T.);
#1269=EDGE_CURVE('',#1042,#1043,#368,.T.);
#1270=EDGE_CURVE('',#1044,#1042,#349,.T.);
#1271=EDGE_CURVE('',#1045,#1044,#369,.T.);
#1272=EDGE_CURVE('',#1046,#1045,#370,.T.);
#1273=EDGE_CURVE('',#1047,#1046,#371,.T.);
#1274=EDGE_CURVE('',#1043,#1047,#339,.T.);
#1275=EDGE_CURVE('',#1048,#1042,#372,.T.);
#1276=EDGE_CURVE('',#1049,#1048,#340,.T.);
#1277=EDGE_CURVE('',#1049,#1034,#373,.T.);
#1278=EDGE_CURVE('',#1044,#1032,#374,.T.);
#1279=EDGE_CURVE('',#1050,#1049,#341,.T.);
#1280=EDGE_CURVE('',#1040,#1050,#375,.T.);
#1281=EDGE_CURVE('',#1035,#1041,#376,.T.);
#1282=EDGE_CURVE('',#1051,#1039,#377,.T.);
#1283=EDGE_CURVE('',#1036,#1051,#342,.T.);
#1284=EDGE_CURVE('',#1052,#1033,#378,.T.);
#1285=EDGE_CURVE('',#1052,#1053,#379,.T.);
#1286=EDGE_CURVE('',#1054,#1053,#380,.T.);
#1287=EDGE_CURVE('',#1055,#1054,#381,.T.);
#1288=EDGE_CURVE('',#1056,#1055,#382,.T.);
#1289=EDGE_CURVE('',#1056,#1057,#383,.T.);
#1290=EDGE_CURVE('',#1057,#1058,#384,.T.);
#1291=EDGE_CURVE('',#1058,#1059,#385,.T.);
#1292=EDGE_CURVE('',#1060,#1059,#386,.T.);
#1293=EDGE_CURVE('',#1061,#1060,#387,.T.);
#1294=EDGE_CURVE('',#1062,#1061,#388,.T.);
#1295=EDGE_CURVE('',#1063,#1062,#389,.T.);
#1296=EDGE_CURVE('',#1063,#1064,#390,.T.);
#1297=EDGE_CURVE('',#1045,#1064,#391,.T.);
#1298=EDGE_CURVE('',#1038,#1065,#392,.T.);
#1299=EDGE_CURVE('',#1065,#1066,#393,.T.);
#1300=EDGE_CURVE('',#1066,#1067,#394,.T.);
#1301=EDGE_CURVE('',#1067,#1068,#395,.T.);
#1302=EDGE_CURVE('',#1068,#1069,#396,.T.);
#1303=EDGE_CURVE('',#1069,#1056,#397,.T.);
#1304=EDGE_CURVE('',#1055,#1070,#398,.T.);
#1305=EDGE_CURVE('',#1070,#1071,#399,.T.);
#1306=EDGE_CURVE('',#1071,#1072,#400,.T.);
#1307=EDGE_CURVE('',#1072,#1073,#401,.T.);
#1308=EDGE_CURVE('',#1073,#1052,#402,.T.);
#1309=EDGE_CURVE('',#1064,#1074,#403,.T.);
#1310=EDGE_CURVE('',#1074,#1046,#404,.T.);
#1311=EDGE_CURVE('',#1075,#1074,#405,.T.);
#1312=EDGE_CURVE('',#1076,#1075,#406,.T.);
#1313=EDGE_CURVE('',#1077,#1076,#407,.T.);
#1314=EDGE_CURVE('',#1078,#1077,#408,.T.);
#1315=EDGE_CURVE('',#1079,#1078,#409,.T.);
#1316=EDGE_CURVE('',#1080,#1079,#410,.T.);
#1317=EDGE_CURVE('',#1081,#1080,#411,.T.);
#1318=EDGE_CURVE('',#1082,#1081,#412,.T.);
#1319=EDGE_CURVE('',#1083,#1082,#413,.T.);
#1320=EDGE_CURVE('',#1083,#1084,#414,.T.);
#1321=EDGE_CURVE('',#1085,#1084,#415,.T.);
#1322=EDGE_CURVE('',#1065,#1085,#416,.T.);
#1323=EDGE_CURVE('',#1086,#1037,#417,.T.);
#1324=EDGE_CURVE('',#1087,#1086,#418,.T.);
#1325=EDGE_CURVE('',#1088,#1087,#419,.T.);
#1326=EDGE_CURVE('',#1089,#1088,#420,.T.);
#1327=EDGE_CURVE('',#1089,#1047,#421,.T.);
#1328=EDGE_CURVE('',#1087,#1051,#422,.T.);
#1329=EDGE_CURVE('',#1090,#1091,#343,.T.);
#1330=EDGE_CURVE('',#1092,#1090,#423,.T.);
#1331=EDGE_CURVE('',#1092,#1093,#424,.T.);
#1332=EDGE_CURVE('',#1057,#1093,#350,.T.);
#1333=EDGE_CURVE('',#1091,#1069,#425,.T.);
#1334=EDGE_CURVE('',#1093,#1094,#426,.T.);
#1335=EDGE_CURVE('',#1095,#1094,#344,.T.);
#1336=EDGE_CURVE('',#1096,#1095,#427,.T.);
#1337=EDGE_CURVE('',#1096,#1058,#351,.T.);
#1338=EDGE_CURVE('',#1097,#1096,#428,.T.);
#1339=EDGE_CURVE('',#1098,#1097,#345,.T.);
#1340=EDGE_CURVE('',#1099,#1098,#429,.T.);
#1341=EDGE_CURVE('',#1059,#1099,#430,.T.);
#1342=EDGE_CURVE('',#1100,#1101,#431,.T.);
#1343=EDGE_CURVE('',#1094,#1100,#346,.T.);
#1344=EDGE_CURVE('',#1102,#1092,#432,.T.);
#1345=EDGE_CURVE('',#1101,#1102,#433,.T.);
#1346=EDGE_CURVE('',#1103,#1090,#347,.T.);
#1347=EDGE_CURVE('',#1104,#1103,#434,.T.);
#1348=EDGE_CURVE('',#1102,#1104,#435,.T.);
#1349=EDGE_CURVE('',#1101,#1104,#436,.T.);
#1350=EDGE_CURVE('',#1100,#1095,#437,.T.);
#1351=EDGE_CURVE('',#1105,#1091,#438,.T.);
#1352=EDGE_CURVE('',#1105,#1106,#439,.T.);
#1353=EDGE_CURVE('',#1106,#1103,#440,.T.);
#1354=EDGE_CURVE('',#1099,#1107,#441,.T.);
#1355=EDGE_CURVE('',#1107,#1060,#442,.T.);
#1356=EDGE_CURVE('',#1068,#1108,#443,.T.);
#1357=EDGE_CURVE('',#1109,#1108,#444,.T.);
#1358=EDGE_CURVE('',#1110,#1109,#445,.T.);
#1359=EDGE_CURVE('',#1111,#1110,#446,.T.);
#1360=EDGE_CURVE('',#1112,#1111,#447,.T.);
#1361=EDGE_CURVE('',#1112,#1113,#448,.T.);
#1362=EDGE_CURVE('',#1114,#1113,#449,.T.);
#1363=EDGE_CURVE('',#1114,#1115,#450,.T.);
#1364=EDGE_CURVE('',#1116,#1115,#451,.T.);
#1365=EDGE_CURVE('',#1116,#1117,#452,.T.);
#1366=EDGE_CURVE('',#1117,#1118,#453,.T.);
#1367=EDGE_CURVE('',#1118,#1107,#454,.T.);
#1368=EDGE_CURVE('',#1119,#1098,#455,.T.);
#1369=EDGE_CURVE('',#1120,#1119,#456,.T.);
#1370=EDGE_CURVE('',#1106,#1120,#457,.T.);
#1371=EDGE_CURVE('',#1121,#1122,#458,.T.);
#1372=EDGE_CURVE('',#1121,#1122,#352,.T.);
#1373=EDGE_CURVE('',#1122,#1123,#459,.T.);
#1374=EDGE_CURVE('',#1124,#1121,#460,.T.);
#1375=EDGE_CURVE('',#1123,#1124,#353,.T.);
#1376=EDGE_CURVE('',#1123,#1124,#461,.T.);
#1377=EDGE_CURVE('',#1125,#1126,#462,.T.);
#1378=EDGE_CURVE('',#1125,#1127,#463,.T.);
#1379=EDGE_CURVE('',#1128,#1127,#464,.T.);
#1380=EDGE_CURVE('',#1126,#1128,#465,.T.);
#1381=EDGE_CURVE('',#1129,#1125,#466,.T.);
#1382=EDGE_CURVE('',#1129,#1130,#467,.T.);
#1383=EDGE_CURVE('',#1127,#1130,#468,.T.);
#1384=EDGE_CURVE('',#1130,#1131,#469,.T.);
#1385=EDGE_CURVE('',#1131,#1128,#470,.T.);
#1386=EDGE_CURVE('',#1132,#1129,#471,.T.);
#1387=EDGE_CURVE('',#1132,#1131,#472,.T.);
#1388=EDGE_CURVE('',#1126,#1132,#473,.T.);
#1389=EDGE_CURVE('',#1133,#1134,#474,.T.);
#1390=EDGE_CURVE('',#1133,#1134,#354,.T.);
#1391=EDGE_CURVE('',#1134,#1135,#475,.T.);
#1392=EDGE_CURVE('',#1136,#1133,#476,.T.);
#1393=EDGE_CURVE('',#1135,#1136,#355,.T.);
#1394=EDGE_CURVE('',#1135,#1136,#477,.T.);
#1395=EDGE_CURVE('',#1137,#1138,#478,.T.);
#1396=EDGE_CURVE('',#1137,#1138,#356,.T.);
#1397=EDGE_CURVE('',#1138,#1139,#479,.T.);
#1398=EDGE_CURVE('',#1140,#1137,#480,.T.);
#1399=EDGE_CURVE('',#1139,#1140,#357,.T.);
#1400=EDGE_CURVE('',#1139,#1140,#481,.T.);
#1401=EDGE_CURVE('',#1141,#1142,#482,.T.);
#1402=EDGE_CURVE('',#1141,#1142,#358,.T.);
#1403=EDGE_CURVE('',#1142,#1143,#483,.T.);
#1404=EDGE_CURVE('',#1144,#1141,#484,.T.);
#1405=EDGE_CURVE('',#1143,#1144,#359,.T.);
#1406=EDGE_CURVE('',#1143,#1144,#485,.T.);
#1407=EDGE_CURVE('',#1071,#1145,#486,.T.);
#1408=EDGE_CURVE('',#1146,#1145,#487,.T.);
#1409=EDGE_CURVE('',#1072,#1146,#488,.T.);
#1410=EDGE_CURVE('',#1147,#1146,#489,.T.);
#1411=EDGE_CURVE('',#1073,#1147,#490,.T.);
#1412=EDGE_CURVE('',#1053,#1147,#491,.T.);
#1413=EDGE_CURVE('',#1148,#1054,#492,.T.);
#1414=EDGE_CURVE('',#1070,#1148,#493,.T.);
#1415=EDGE_CURVE('',#1145,#1148,#494,.T.);
#1416=EDGE_CURVE('',#1067,#1149,#495,.T.);
#1417=EDGE_CURVE('',#1108,#1149,#496,.T.);
#1418=EDGE_CURVE('',#1150,#1085,#497,.T.);
#1419=EDGE_CURVE('',#1066,#1150,#498,.T.);
#1420=EDGE_CURVE('',#1149,#1150,#499,.T.);
#1421=EDGE_CURVE('',#1084,#1151,#500,.T.);
#1422=EDGE_CURVE('',#1151,#1152,#501,.T.);
#1423=EDGE_CURVE('',#1152,#1109,#502,.T.);
#1424=EDGE_CURVE('',#1075,#1153,#503,.T.);
#1425=EDGE_CURVE('',#1154,#1063,#504,.T.);
#1426=EDGE_CURVE('',#1153,#1154,#505,.T.);
#1427=EDGE_CURVE('',#1061,#1118,#506,.T.);
#1428=EDGE_CURVE('',#1155,#1076,#507,.T.);
#1429=EDGE_CURVE('',#1155,#1153,#508,.T.);
#1430=EDGE_CURVE('',#1156,#1155,#509,.T.);
#1431=EDGE_CURVE('',#1156,#1154,#510,.T.);
#1432=EDGE_CURVE('',#1157,#1156,#511,.T.);
#1433=EDGE_CURVE('',#1157,#1063,#512,.T.);
#1434=EDGE_CURVE('',#1158,#1157,#513,.T.);
#1435=EDGE_CURVE('',#1158,#1062,#514,.T.);
#1436=EDGE_CURVE('',#1159,#1158,#515,.T.);
#1437=EDGE_CURVE('',#1159,#1061,#516,.T.);
#1438=EDGE_CURVE('',#1117,#1159,#517,.T.);
#1439=EDGE_CURVE('',#1120,#1097,#518,.T.);
#1440=EDGE_CURVE('',#1050,#1048,#519,.T.);
#1441=EDGE_CURVE('',#1088,#1043,#520,.T.);
#1442=EDGE_CURVE('',#1160,#1161,#521,.T.);
#1443=EDGE_CURVE('',#1161,#1078,#522,.T.);
#1444=EDGE_CURVE('',#1077,#1160,#523,.T.);
#1445=EDGE_CURVE('',#1162,#1163,#524,.T.);
#1446=EDGE_CURVE('',#1163,#1116,#525,.T.);
#1447=EDGE_CURVE('',#1115,#1162,#526,.T.);
#1448=EDGE_CURVE('',#1164,#1165,#527,.T.);
#1449=EDGE_CURVE('',#1165,#1166,#528,.T.);
#1450=EDGE_CURVE('',#1166,#1167,#529,.T.);
#1451=EDGE_CURVE('',#1167,#1168,#530,.T.);
#1452=EDGE_CURVE('',#1168,#1164,#531,.T.);
#1453=EDGE_CURVE('',#1169,#1170,#532,.T.);
#1454=EDGE_CURVE('',#1170,#1171,#533,.T.);
#1455=EDGE_CURVE('',#1171,#1169,#534,.T.);
#1456=EDGE_CURVE('',#1171,#1155,#535,.T.);
#1457=EDGE_CURVE('',#1172,#1156,#536,.T.);
#1458=EDGE_CURVE('',#1169,#1172,#537,.T.);
#1459=EDGE_CURVE('',#1172,#1165,#538,.T.);
#1460=EDGE_CURVE('',#1166,#1157,#539,.T.);
#1461=EDGE_CURVE('',#1167,#1158,#540,.T.);
#1462=EDGE_CURVE('',#1173,#1159,#541,.T.);
#1463=EDGE_CURVE('',#1168,#1173,#542,.T.);
#1464=EDGE_CURVE('',#1173,#1174,#543,.T.);
#1465=EDGE_CURVE('',#1174,#1175,#544,.T.);
#1466=EDGE_CURVE('',#1175,#1168,#545,.T.);
#1467=EDGE_CURVE('',#1165,#1176,#546,.T.);
#1468=EDGE_CURVE('',#1176,#1177,#547,.T.);
#1469=EDGE_CURVE('',#1177,#1169,#548,.T.);
#1470=EDGE_CURVE('',#1178,#1179,#549,.T.);
#1471=EDGE_CURVE('',#1179,#1180,#550,.T.);
#1472=EDGE_CURVE('',#1180,#1181,#551,.T.);
#1473=EDGE_CURVE('',#1181,#1178,#552,.T.);
#1474=EDGE_CURVE('',#1182,#1183,#553,.T.);
#1475=EDGE_CURVE('',#1182,#1161,#554,.T.);
#1476=EDGE_CURVE('',#1183,#1160,#555,.T.);
#1477=EDGE_CURVE('',#1184,#1185,#556,.T.);
#1478=EDGE_CURVE('',#1184,#1170,#557,.T.);
#1479=EDGE_CURVE('',#1186,#1177,#558,.T.);
#1480=EDGE_CURVE('',#1185,#1186,#559,.T.);
#1481=EDGE_CURVE('',#1186,#1187,#560,.T.);
#1482=EDGE_CURVE('',#1187,#1176,#561,.T.);
#1483=EDGE_CURVE('',#1187,#1188,#562,.T.);
#1484=EDGE_CURVE('',#1189,#1164,#563,.T.);
#1485=EDGE_CURVE('',#1188,#1189,#564,.T.);
#1486=EDGE_CURVE('',#1189,#1179,#565,.T.);
#1487=EDGE_CURVE('',#1180,#1175,#566,.T.);
#1488=EDGE_CURVE('',#1181,#1174,#567,.T.);
#1489=EDGE_CURVE('',#1190,#1191,#568,.T.);
#1490=EDGE_CURVE('',#1190,#1163,#569,.T.);
#1491=EDGE_CURVE('',#1191,#1162,#570,.T.);
#1492=EDGE_CURVE('',#1191,#1114,#571,.T.);
#1493=EDGE_CURVE('',#1079,#1182,#572,.T.);
#1494=EDGE_CURVE('',#1192,#1185,#573,.T.);
#1495=EDGE_CURVE('',#1188,#1192,#574,.T.);
#1496=EDGE_CURVE('',#1185,#1193,#575,.T.);
#1497=EDGE_CURVE('',#1193,#1184,#576,.T.);
#1498=EDGE_CURVE('',#1179,#1194,#577,.T.);
#1499=EDGE_CURVE('',#1194,#1195,#578,.T.);
#1500=EDGE_CURVE('',#1195,#1188,#579,.T.);
#1501=EDGE_CURVE('',#1113,#1190,#580,.T.);
#1502=EDGE_CURVE('',#1183,#1080,#581,.T.);
#1503=EDGE_CURVE('',#1081,#1196,#582,.T.);
#1504=EDGE_CURVE('',#1196,#1193,#583,.T.);
#1505=EDGE_CURVE('',#1196,#1197,#584,.T.);
#1506=EDGE_CURVE('',#1197,#1192,#585,.T.);
#1507=EDGE_CURVE('',#1197,#1198,#586,.T.);
#1508=EDGE_CURVE('',#1198,#1195,#587,.T.);
#1509=EDGE_CURVE('',#1198,#1199,#588,.T.);
#1510=EDGE_CURVE('',#1199,#1194,#589,.T.);
#1511=EDGE_CURVE('',#1200,#1201,#590,.T.);
#1512=EDGE_CURVE('',#1200,#1178,#591,.T.);
#1513=EDGE_CURVE('',#1202,#1112,#592,.T.);
#1514=EDGE_CURVE('',#1201,#1202,#593,.T.);
#1515=EDGE_CURVE('',#1203,#1204,#594,.T.);
#1516=EDGE_CURVE('',#1204,#1196,#595,.T.);
#1517=EDGE_CURVE('',#1203,#1197,#596,.T.);
#1518=EDGE_CURVE('',#1205,#1203,#597,.T.);
#1519=EDGE_CURVE('',#1205,#1198,#598,.T.);
#1520=EDGE_CURVE('',#1206,#1205,#599,.T.);
#1521=EDGE_CURVE('',#1206,#1199,#600,.T.);
#1522=EDGE_CURVE('',#1207,#1208,#601,.T.);
#1523=EDGE_CURVE('',#1208,#1209,#602,.T.);
#1524=EDGE_CURVE('',#1209,#1210,#603,.T.);
#1525=EDGE_CURVE('',#1207,#1210,#604,.T.);
#1526=EDGE_CURVE('',#1211,#1207,#605,.T.);
#1527=EDGE_CURVE('',#1210,#1200,#606,.T.);
#1528=EDGE_CURVE('',#1211,#1200,#607,.T.);
#1529=EDGE_CURVE('',#1212,#1211,#608,.T.);
#1530=EDGE_CURVE('',#1212,#1201,#609,.T.);
#1531=EDGE_CURVE('',#1213,#1212,#610,.T.);
#1532=EDGE_CURVE('',#1213,#1202,#611,.T.);
#1533=EDGE_CURVE('',#1214,#1213,#612,.T.);
#1534=EDGE_CURVE('',#1214,#1112,#613,.T.);
#1535=EDGE_CURVE('',#1215,#1214,#614,.T.);
#1536=EDGE_CURVE('',#1215,#1111,#615,.T.);
#1537=EDGE_CURVE('',#1216,#1215,#616,.T.);
#1538=EDGE_CURVE('',#1216,#1110,#617,.T.);
#1539=EDGE_CURVE('',#1217,#1218,#618,.T.);
#1540=EDGE_CURVE('',#1218,#1083,#619,.T.);
#1541=EDGE_CURVE('',#1217,#1082,#620,.T.);
#1542=EDGE_CURVE('',#1219,#1217,#621,.T.);
#1543=EDGE_CURVE('',#1219,#1081,#622,.T.);
#1544=EDGE_CURVE('',#1204,#1219,#623,.T.);
#1545=EDGE_CURVE('',#1220,#1221,#624,.T.);
#1546=EDGE_CURVE('',#1220,#1219,#625,.T.);
#1547=EDGE_CURVE('',#1221,#1204,#626,.T.);
#1548=EDGE_CURVE('',#1221,#1222,#627,.T.);
#1549=EDGE_CURVE('',#1222,#1203,#628,.T.);
#1550=EDGE_CURVE('',#1222,#1223,#629,.T.);
#1551=EDGE_CURVE('',#1223,#1205,#630,.T.);
#1552=EDGE_CURVE('',#1223,#1224,#631,.T.);
#1553=EDGE_CURVE('',#1224,#1206,#632,.T.);
#1554=EDGE_CURVE('',#1224,#1225,#633,.T.);
#1555=EDGE_CURVE('',#1225,#1208,#634,.T.);
#1556=EDGE_CURVE('',#1225,#1226,#635,.T.);
#1557=EDGE_CURVE('',#1226,#1207,#636,.T.);
#1558=EDGE_CURVE('',#1226,#1227,#637,.T.);
#1559=EDGE_CURVE('',#1228,#1211,#638,.T.);
#1560=EDGE_CURVE('',#1227,#1228,#639,.T.);
#1561=EDGE_CURVE('',#1228,#1229,#640,.T.);
#1562=EDGE_CURVE('',#1229,#1212,#641,.T.);
#1563=EDGE_CURVE('',#1230,#1231,#642,.T.);
#1564=EDGE_CURVE('',#1230,#1213,#643,.T.);
#1565=EDGE_CURVE('',#1232,#1214,#644,.T.);
#1566=EDGE_CURVE('',#1231,#1232,#645,.T.);
#1567=EDGE_CURVE('',#1232,#1233,#646,.T.);
#1568=EDGE_CURVE('',#1234,#1215,#647,.T.);
#1569=EDGE_CURVE('',#1233,#1234,#648,.T.);
#1570=EDGE_CURVE('',#1234,#1235,#649,.T.);
#1571=EDGE_CURVE('',#1235,#1216,#650,.T.);
#1572=EDGE_CURVE('',#1236,#1237,#651,.T.);
#1573=EDGE_CURVE('',#1236,#1218,#652,.T.);
#1574=EDGE_CURVE('',#1237,#1217,#653,.T.);
#1575=EDGE_CURVE('',#1237,#1220,#654,.T.);
#1576=EDGE_CURVE('',#1238,#1239,#655,.T.);
#1577=EDGE_CURVE('',#1239,#1240,#656,.T.);
#1578=EDGE_CURVE('',#1240,#1241,#657,.T.);
#1579=EDGE_CURVE('',#1241,#1242,#658,.T.);
#1580=EDGE_CURVE('',#1242,#1243,#659,.T.);
#1581=EDGE_CURVE('',#1243,#1244,#660,.T.);
#1582=EDGE_CURVE('',#1244,#1245,#661,.T.);
#1583=EDGE_CURVE('',#1245,#1246,#662,.T.);
#1584=EDGE_CURVE('',#1246,#1247,#663,.T.);
#1585=EDGE_CURVE('',#1247,#1248,#664,.T.);
#1586=EDGE_CURVE('',#1248,#1249,#665,.T.);
#1587=EDGE_CURVE('',#1249,#1250,#666,.T.);
#1588=EDGE_CURVE('',#1250,#1251,#667,.T.);
#1589=EDGE_CURVE('',#1251,#1252,#668,.T.);
#1590=EDGE_CURVE('',#1252,#1253,#669,.T.);
#1591=EDGE_CURVE('',#1253,#1254,#670,.T.);
#1592=EDGE_CURVE('',#1254,#1255,#671,.T.);
#1593=EDGE_CURVE('',#1255,#1256,#672,.T.);
#1594=EDGE_CURVE('',#1256,#1257,#673,.T.);
#1595=EDGE_CURVE('',#1257,#1238,#674,.T.);
#1596=EDGE_CURVE('',#1238,#1221,#675,.T.);
#1597=EDGE_CURVE('',#1239,#1222,#676,.T.);
#1598=EDGE_CURVE('',#1240,#1223,#677,.T.);
#1599=EDGE_CURVE('',#1241,#1224,#678,.T.);
#1600=EDGE_CURVE('',#1242,#1225,#679,.T.);
#1601=EDGE_CURVE('',#1243,#1226,#680,.T.);
#1602=EDGE_CURVE('',#1244,#1227,#681,.T.);
#1603=EDGE_CURVE('',#1245,#1228,#682,.T.);
#1604=EDGE_CURVE('',#1246,#1229,#683,.T.);
#1605=EDGE_CURVE('',#1247,#1230,#684,.T.);
#1606=EDGE_CURVE('',#1248,#1231,#685,.T.);
#1607=EDGE_CURVE('',#1249,#1232,#686,.T.);
#1608=EDGE_CURVE('',#1250,#1233,#687,.T.);
#1609=EDGE_CURVE('',#1251,#1234,#688,.T.);
#1610=EDGE_CURVE('',#1252,#1235,#689,.T.);
#1611=EDGE_CURVE('',#1253,#1152,#690,.T.);
#1612=EDGE_CURVE('',#1254,#1151,#691,.T.);
#1613=EDGE_CURVE('',#1255,#1236,#692,.T.);
#1614=EDGE_CURVE('',#1256,#1237,#693,.T.);
#1615=EDGE_CURVE('',#1258,#1220,#694,.T.);
#1616=EDGE_CURVE('',#1257,#1258,#695,.T.);
#1617=ORIENTED_EDGE('',*,*,#1259,.F.);
#1618=ORIENTED_EDGE('',*,*,#1260,.F.);
#1619=ORIENTED_EDGE('',*,*,#1261,.T.);
#1620=ORIENTED_EDGE('',*,*,#1262,.T.);
#1621=ORIENTED_EDGE('',*,*,#1263,.F.);
#1622=ORIENTED_EDGE('',*,*,#1264,.F.);
#1623=ORIENTED_EDGE('',*,*,#1265,.F.);
#1624=ORIENTED_EDGE('',*,*,#1266,.F.);
#1625=ORIENTED_EDGE('',*,*,#1267,.F.);
#1626=ORIENTED_EDGE('',*,*,#1268,.T.);
#1627=ORIENTED_EDGE('',*,*,#1269,.F.);
#1628=ORIENTED_EDGE('',*,*,#1270,.F.);
#1629=ORIENTED_EDGE('',*,*,#1271,.F.);
#1630=ORIENTED_EDGE('',*,*,#1272,.F.);
#1631=ORIENTED_EDGE('',*,*,#1273,.F.);
#1632=ORIENTED_EDGE('',*,*,#1274,.F.);
#1633=ORIENTED_EDGE('',*,*,#1275,.F.);
#1634=ORIENTED_EDGE('',*,*,#1276,.F.);
#1635=ORIENTED_EDGE('',*,*,#1277,.T.);
#1636=ORIENTED_EDGE('',*,*,#1260,.T.);
#1637=ORIENTED_EDGE('',*,*,#1278,.F.);
#1638=ORIENTED_EDGE('',*,*,#1270,.T.);
#1639=ORIENTED_EDGE('',*,*,#1279,.F.);
#1640=ORIENTED_EDGE('',*,*,#1280,.F.);
#1641=ORIENTED_EDGE('',*,*,#1268,.F.);
#1642=ORIENTED_EDGE('',*,*,#1281,.F.);
#1643=ORIENTED_EDGE('',*,*,#1261,.F.);
#1644=ORIENTED_EDGE('',*,*,#1277,.F.);
#1645=ORIENTED_EDGE('',*,*,#1282,.F.);
#1646=ORIENTED_EDGE('',*,*,#1283,.F.);
#1647=ORIENTED_EDGE('',*,*,#1262,.F.);
#1648=ORIENTED_EDGE('',*,*,#1281,.T.);
#1649=ORIENTED_EDGE('',*,*,#1267,.T.);
#1650=ORIENTED_EDGE('',*,*,#1271,.T.);
#1651=ORIENTED_EDGE('',*,*,#1278,.T.);
#1652=ORIENTED_EDGE('',*,*,#1259,.T.);
#1653=ORIENTED_EDGE('',*,*,#1284,.F.);
#1654=ORIENTED_EDGE('',*,*,#1285,.T.);
#1655=ORIENTED_EDGE('',*,*,#1286,.F.);
#1656=ORIENTED_EDGE('',*,*,#1287,.F.);
#1657=ORIENTED_EDGE('',*,*,#1288,.F.);
#1658=ORIENTED_EDGE('',*,*,#1289,.T.);
#1659=ORIENTED_EDGE('',*,*,#1290,.T.);
#1660=ORIENTED_EDGE('',*,*,#1291,.T.);
#1661=ORIENTED_EDGE('',*,*,#1292,.F.);
#1662=ORIENTED_EDGE('',*,*,#1293,.F.);
#1663=ORIENTED_EDGE('',*,*,#1294,.F.);
#1664=ORIENTED_EDGE('',*,*,#1295,.F.);
#1665=ORIENTED_EDGE('',*,*,#1296,.T.);
#1666=ORIENTED_EDGE('',*,*,#1297,.F.);
#1667=ORIENTED_EDGE('',*,*,#1265,.T.);
#1668=ORIENTED_EDGE('',*,*,#1298,.T.);
#1669=ORIENTED_EDGE('',*,*,#1299,.T.);
#1670=ORIENTED_EDGE('',*,*,#1300,.T.);
#1671=ORIENTED_EDGE('',*,*,#1301,.T.);
#1672=ORIENTED_EDGE('',*,*,#1302,.T.);
#1673=ORIENTED_EDGE('',*,*,#1303,.T.);
#1674=ORIENTED_EDGE('',*,*,#1288,.T.);
#1675=ORIENTED_EDGE('',*,*,#1304,.T.);
#1676=ORIENTED_EDGE('',*,*,#1305,.T.);
#1677=ORIENTED_EDGE('',*,*,#1306,.T.);
#1678=ORIENTED_EDGE('',*,*,#1307,.T.);
#1679=ORIENTED_EDGE('',*,*,#1308,.T.);
#1680=ORIENTED_EDGE('',*,*,#1284,.T.);
#1681=ORIENTED_EDGE('',*,*,#1272,.T.);
#1682=ORIENTED_EDGE('',*,*,#1297,.T.);
#1683=ORIENTED_EDGE('',*,*,#1309,.T.);
#1684=ORIENTED_EDGE('',*,*,#1310,.T.);
#1685=ORIENTED_EDGE('',*,*,#1273,.T.);
#1686=ORIENTED_EDGE('',*,*,#1310,.F.);
#1687=ORIENTED_EDGE('',*,*,#1311,.F.);
#1688=ORIENTED_EDGE('',*,*,#1312,.F.);
#1689=ORIENTED_EDGE('',*,*,#1313,.F.);
#1690=ORIENTED_EDGE('',*,*,#1314,.F.);
#1691=ORIENTED_EDGE('',*,*,#1315,.F.);
#1692=ORIENTED_EDGE('',*,*,#1316,.F.);
#1693=ORIENTED_EDGE('',*,*,#1317,.F.);
#1694=ORIENTED_EDGE('',*,*,#1318,.F.);
#1695=ORIENTED_EDGE('',*,*,#1319,.F.);
#1696=ORIENTED_EDGE('',*,*,#1320,.T.);
#1697=ORIENTED_EDGE('',*,*,#1321,.F.);
#1698=ORIENTED_EDGE('',*,*,#1322,.F.);
#1699=ORIENTED_EDGE('',*,*,#1298,.F.);
#1700=ORIENTED_EDGE('',*,*,#1264,.T.);
#1701=ORIENTED_EDGE('',*,*,#1323,.F.);
#1702=ORIENTED_EDGE('',*,*,#1324,.F.);
#1703=ORIENTED_EDGE('',*,*,#1325,.F.);
#1704=ORIENTED_EDGE('',*,*,#1326,.F.);
#1705=ORIENTED_EDGE('',*,*,#1327,.T.);
#1706=ORIENTED_EDGE('',*,*,#1263,.T.);
#1707=ORIENTED_EDGE('',*,*,#1283,.T.);
#1708=ORIENTED_EDGE('',*,*,#1328,.F.);
#1709=ORIENTED_EDGE('',*,*,#1324,.T.);
#1710=ORIENTED_EDGE('',*,*,#1323,.T.);
#1711=ORIENTED_EDGE('',*,*,#1329,.F.);
#1712=ORIENTED_EDGE('',*,*,#1330,.F.);
#1713=ORIENTED_EDGE('',*,*,#1331,.T.);
#1714=ORIENTED_EDGE('',*,*,#1332,.F.);
#1715=ORIENTED_EDGE('',*,*,#1289,.F.);
#1716=ORIENTED_EDGE('',*,*,#1303,.F.);
#1717=ORIENTED_EDGE('',*,*,#1333,.F.);
#1718=ORIENTED_EDGE('',*,*,#1290,.F.);
#1719=ORIENTED_EDGE('',*,*,#1332,.T.);
#1720=ORIENTED_EDGE('',*,*,#1334,.T.);
#1721=ORIENTED_EDGE('',*,*,#1335,.F.);
#1722=ORIENTED_EDGE('',*,*,#1336,.F.);
#1723=ORIENTED_EDGE('',*,*,#1337,.T.);
#1724=ORIENTED_EDGE('',*,*,#1291,.F.);
#1725=ORIENTED_EDGE('',*,*,#1337,.F.);
#1726=ORIENTED_EDGE('',*,*,#1338,.F.);
#1727=ORIENTED_EDGE('',*,*,#1339,.F.);
#1728=ORIENTED_EDGE('',*,*,#1340,.F.);
#1729=ORIENTED_EDGE('',*,*,#1341,.F.);
#1730=ORIENTED_EDGE('',*,*,#1342,.F.);
#1731=ORIENTED_EDGE('',*,*,#1343,.F.);
#1732=ORIENTED_EDGE('',*,*,#1334,.F.);
#1733=ORIENTED_EDGE('',*,*,#1331,.F.);
#1734=ORIENTED_EDGE('',*,*,#1344,.F.);
#1735=ORIENTED_EDGE('',*,*,#1345,.F.);
#1736=ORIENTED_EDGE('',*,*,#1346,.F.);
#1737=ORIENTED_EDGE('',*,*,#1347,.F.);
#1738=ORIENTED_EDGE('',*,*,#1348,.F.);
#1739=ORIENTED_EDGE('',*,*,#1344,.T.);
#1740=ORIENTED_EDGE('',*,*,#1330,.T.);
#1741=ORIENTED_EDGE('',*,*,#1349,.F.);
#1742=ORIENTED_EDGE('',*,*,#1345,.T.);
#1743=ORIENTED_EDGE('',*,*,#1348,.T.);
#1744=ORIENTED_EDGE('',*,*,#1343,.T.);
#1745=ORIENTED_EDGE('',*,*,#1350,.T.);
#1746=ORIENTED_EDGE('',*,*,#1335,.T.);
#1747=ORIENTED_EDGE('',*,*,#1346,.T.);
#1748=ORIENTED_EDGE('',*,*,#1329,.T.);
#1749=ORIENTED_EDGE('',*,*,#1351,.F.);
#1750=ORIENTED_EDGE('',*,*,#1352,.T.);
#1751=ORIENTED_EDGE('',*,*,#1353,.T.);
#1752=ORIENTED_EDGE('',*,*,#1341,.T.);
#1753=ORIENTED_EDGE('',*,*,#1354,.T.);
#1754=ORIENTED_EDGE('',*,*,#1355,.T.);
#1755=ORIENTED_EDGE('',*,*,#1292,.T.);
#1756=ORIENTED_EDGE('',*,*,#1333,.T.);
#1757=ORIENTED_EDGE('',*,*,#1302,.F.);
#1758=ORIENTED_EDGE('',*,*,#1356,.T.);
#1759=ORIENTED_EDGE('',*,*,#1357,.F.);
#1760=ORIENTED_EDGE('',*,*,#1358,.F.);
#1761=ORIENTED_EDGE('',*,*,#1359,.F.);
#1762=ORIENTED_EDGE('',*,*,#1360,.F.);
#1763=ORIENTED_EDGE('',*,*,#1361,.T.);
#1764=ORIENTED_EDGE('',*,*,#1362,.F.);
#1765=ORIENTED_EDGE('',*,*,#1363,.T.);
#1766=ORIENTED_EDGE('',*,*,#1364,.F.);
#1767=ORIENTED_EDGE('',*,*,#1365,.T.);
#1768=ORIENTED_EDGE('',*,*,#1366,.T.);
#1769=ORIENTED_EDGE('',*,*,#1367,.T.);
#1770=ORIENTED_EDGE('',*,*,#1354,.F.);
#1771=ORIENTED_EDGE('',*,*,#1340,.T.);
#1772=ORIENTED_EDGE('',*,*,#1368,.F.);
#1773=ORIENTED_EDGE('',*,*,#1369,.F.);
#1774=ORIENTED_EDGE('',*,*,#1370,.F.);
#1775=ORIENTED_EDGE('',*,*,#1352,.F.);
#1776=ORIENTED_EDGE('',*,*,#1351,.T.);
#1777=ORIENTED_EDGE('',*,*,#1371,.F.);
#1778=ORIENTED_EDGE('',*,*,#1372,.T.);
#1779=ORIENTED_EDGE('',*,*,#1373,.F.);
#1780=ORIENTED_EDGE('',*,*,#1372,.F.);
#1781=ORIENTED_EDGE('',*,*,#1374,.F.);
#1782=ORIENTED_EDGE('',*,*,#1375,.F.);
#1783=ORIENTED_EDGE('',*,*,#1376,.F.);
#1784=ORIENTED_EDGE('',*,*,#1375,.T.);
#1785=ORIENTED_EDGE('',*,*,#1377,.F.);
#1786=ORIENTED_EDGE('',*,*,#1378,.T.);
#1787=ORIENTED_EDGE('',*,*,#1379,.F.);
#1788=ORIENTED_EDGE('',*,*,#1380,.F.);
#1789=ORIENTED_EDGE('',*,*,#1381,.F.);
#1790=ORIENTED_EDGE('',*,*,#1382,.T.);
#1791=ORIENTED_EDGE('',*,*,#1383,.F.);
#1792=ORIENTED_EDGE('',*,*,#1378,.F.);
#1793=ORIENTED_EDGE('',*,*,#1383,.T.);
#1794=ORIENTED_EDGE('',*,*,#1384,.T.);
#1795=ORIENTED_EDGE('',*,*,#1385,.T.);
#1796=ORIENTED_EDGE('',*,*,#1379,.T.);
#1797=ORIENTED_EDGE('',*,*,#1386,.F.);
#1798=ORIENTED_EDGE('',*,*,#1387,.T.);
#1799=ORIENTED_EDGE('',*,*,#1384,.F.);
#1800=ORIENTED_EDGE('',*,*,#1382,.F.);
#1801=ORIENTED_EDGE('',*,*,#1388,.F.);
#1802=ORIENTED_EDGE('',*,*,#1380,.T.);
#1803=ORIENTED_EDGE('',*,*,#1385,.F.);
#1804=ORIENTED_EDGE('',*,*,#1387,.F.);
#1805=ORIENTED_EDGE('',*,*,#1389,.F.);
#1806=ORIENTED_EDGE('',*,*,#1390,.T.);
#1807=ORIENTED_EDGE('',*,*,#1391,.F.);
#1808=ORIENTED_EDGE('',*,*,#1390,.F.);
#1809=ORIENTED_EDGE('',*,*,#1392,.F.);
#1810=ORIENTED_EDGE('',*,*,#1393,.F.);
#1811=ORIENTED_EDGE('',*,*,#1394,.F.);
#1812=ORIENTED_EDGE('',*,*,#1393,.T.);
#1813=ORIENTED_EDGE('',*,*,#1395,.F.);
#1814=ORIENTED_EDGE('',*,*,#1396,.T.);
#1815=ORIENTED_EDGE('',*,*,#1397,.F.);
#1816=ORIENTED_EDGE('',*,*,#1396,.F.);
#1817=ORIENTED_EDGE('',*,*,#1398,.F.);
#1818=ORIENTED_EDGE('',*,*,#1399,.F.);
#1819=ORIENTED_EDGE('',*,*,#1400,.F.);
#1820=ORIENTED_EDGE('',*,*,#1399,.T.);
#1821=ORIENTED_EDGE('',*,*,#1401,.F.);
#1822=ORIENTED_EDGE('',*,*,#1402,.T.);
#1823=ORIENTED_EDGE('',*,*,#1403,.F.);
#1824=ORIENTED_EDGE('',*,*,#1402,.F.);
#1825=ORIENTED_EDGE('',*,*,#1404,.F.);
#1826=ORIENTED_EDGE('',*,*,#1405,.F.);
#1827=ORIENTED_EDGE('',*,*,#1406,.F.);
#1828=ORIENTED_EDGE('',*,*,#1405,.T.);
#1829=ORIENTED_EDGE('',*,*,#1306,.F.);
#1830=ORIENTED_EDGE('',*,*,#1407,.T.);
#1831=ORIENTED_EDGE('',*,*,#1408,.F.);
#1832=ORIENTED_EDGE('',*,*,#1409,.F.);
#1833=ORIENTED_EDGE('',*,*,#1307,.F.);
#1834=ORIENTED_EDGE('',*,*,#1409,.T.);
#1835=ORIENTED_EDGE('',*,*,#1410,.F.);
#1836=ORIENTED_EDGE('',*,*,#1411,.F.);
#1837=ORIENTED_EDGE('',*,*,#1308,.F.);
#1838=ORIENTED_EDGE('',*,*,#1411,.T.);
#1839=ORIENTED_EDGE('',*,*,#1412,.F.);
#1840=ORIENTED_EDGE('',*,*,#1285,.F.);
#1841=ORIENTED_EDGE('',*,*,#1304,.F.);
#1842=ORIENTED_EDGE('',*,*,#1287,.T.);
#1843=ORIENTED_EDGE('',*,*,#1413,.F.);
#1844=ORIENTED_EDGE('',*,*,#1414,.F.);
#1845=ORIENTED_EDGE('',*,*,#1305,.F.);
#1846=ORIENTED_EDGE('',*,*,#1414,.T.);
#1847=ORIENTED_EDGE('',*,*,#1415,.F.);
#1848=ORIENTED_EDGE('',*,*,#1407,.F.);
#1849=ORIENTED_EDGE('',*,*,#1415,.T.);
#1850=ORIENTED_EDGE('',*,*,#1413,.T.);
#1851=ORIENTED_EDGE('',*,*,#1286,.T.);
#1852=ORIENTED_EDGE('',*,*,#1412,.T.);
#1853=ORIENTED_EDGE('',*,*,#1410,.T.);
#1854=ORIENTED_EDGE('',*,*,#1408,.T.);
#1855=ORIENTED_EDGE('',*,*,#1301,.F.);
#1856=ORIENTED_EDGE('',*,*,#1416,.T.);
#1857=ORIENTED_EDGE('',*,*,#1417,.F.);
#1858=ORIENTED_EDGE('',*,*,#1356,.F.);
#1859=ORIENTED_EDGE('',*,*,#1299,.F.);
#1860=ORIENTED_EDGE('',*,*,#1322,.T.);
#1861=ORIENTED_EDGE('',*,*,#1418,.F.);
#1862=ORIENTED_EDGE('',*,*,#1419,.F.);
#1863=ORIENTED_EDGE('',*,*,#1300,.F.);
#1864=ORIENTED_EDGE('',*,*,#1419,.T.);
#1865=ORIENTED_EDGE('',*,*,#1420,.F.);
#1866=ORIENTED_EDGE('',*,*,#1416,.F.);
#1867=ORIENTED_EDGE('',*,*,#1420,.T.);
#1868=ORIENTED_EDGE('',*,*,#1418,.T.);
#1869=ORIENTED_EDGE('',*,*,#1321,.T.);
#1870=ORIENTED_EDGE('',*,*,#1421,.T.);
#1871=ORIENTED_EDGE('',*,*,#1422,.T.);
#1872=ORIENTED_EDGE('',*,*,#1423,.T.);
#1873=ORIENTED_EDGE('',*,*,#1357,.T.);
#1874=ORIENTED_EDGE('',*,*,#1417,.T.);
#1875=ORIENTED_EDGE('',*,*,#1424,.F.);
#1876=ORIENTED_EDGE('',*,*,#1311,.T.);
#1877=ORIENTED_EDGE('',*,*,#1309,.F.);
#1878=ORIENTED_EDGE('',*,*,#1296,.F.);
#1879=ORIENTED_EDGE('',*,*,#1425,.F.);
#1880=ORIENTED_EDGE('',*,*,#1426,.F.);
#1881=ORIENTED_EDGE('',*,*,#1427,.F.);
#1882=ORIENTED_EDGE('',*,*,#1293,.T.);
#1883=ORIENTED_EDGE('',*,*,#1355,.F.);
#1884=ORIENTED_EDGE('',*,*,#1367,.F.);
#1885=ORIENTED_EDGE('',*,*,#1428,.T.);
#1886=ORIENTED_EDGE('',*,*,#1312,.T.);
#1887=ORIENTED_EDGE('',*,*,#1424,.T.);
#1888=ORIENTED_EDGE('',*,*,#1429,.F.);
#1889=ORIENTED_EDGE('',*,*,#1430,.T.);
#1890=ORIENTED_EDGE('',*,*,#1429,.T.);
#1891=ORIENTED_EDGE('',*,*,#1426,.T.);
#1892=ORIENTED_EDGE('',*,*,#1431,.F.);
#1893=ORIENTED_EDGE('',*,*,#1432,.T.);
#1894=ORIENTED_EDGE('',*,*,#1431,.T.);
#1895=ORIENTED_EDGE('',*,*,#1425,.T.);
#1896=ORIENTED_EDGE('',*,*,#1433,.F.);
#1897=ORIENTED_EDGE('',*,*,#1434,.T.);
#1898=ORIENTED_EDGE('',*,*,#1433,.T.);
#1899=ORIENTED_EDGE('',*,*,#1295,.T.);
#1900=ORIENTED_EDGE('',*,*,#1435,.F.);
#1901=ORIENTED_EDGE('',*,*,#1436,.T.);
#1902=ORIENTED_EDGE('',*,*,#1435,.T.);
#1903=ORIENTED_EDGE('',*,*,#1294,.T.);
#1904=ORIENTED_EDGE('',*,*,#1437,.F.);
#1905=ORIENTED_EDGE('',*,*,#1438,.T.);
#1906=ORIENTED_EDGE('',*,*,#1437,.T.);
#1907=ORIENTED_EDGE('',*,*,#1427,.T.);
#1908=ORIENTED_EDGE('',*,*,#1366,.F.);
#1909=ORIENTED_EDGE('',*,*,#1339,.T.);
#1910=ORIENTED_EDGE('',*,*,#1439,.F.);
#1911=ORIENTED_EDGE('',*,*,#1369,.T.);
#1912=ORIENTED_EDGE('',*,*,#1368,.T.);
#1913=ORIENTED_EDGE('',*,*,#1347,.T.);
#1914=ORIENTED_EDGE('',*,*,#1353,.F.);
#1915=ORIENTED_EDGE('',*,*,#1370,.T.);
#1916=ORIENTED_EDGE('',*,*,#1439,.T.);
#1917=ORIENTED_EDGE('',*,*,#1338,.T.);
#1918=ORIENTED_EDGE('',*,*,#1336,.T.);
#1919=ORIENTED_EDGE('',*,*,#1350,.F.);
#1920=ORIENTED_EDGE('',*,*,#1342,.T.);
#1921=ORIENTED_EDGE('',*,*,#1349,.T.);
#1922=ORIENTED_EDGE('',*,*,#1276,.T.);
#1923=ORIENTED_EDGE('',*,*,#1440,.F.);
#1924=ORIENTED_EDGE('',*,*,#1279,.T.);
#1925=ORIENTED_EDGE('',*,*,#1269,.T.);
#1926=ORIENTED_EDGE('',*,*,#1441,.F.);
#1927=ORIENTED_EDGE('',*,*,#1325,.T.);
#1928=ORIENTED_EDGE('',*,*,#1328,.T.);
#1929=ORIENTED_EDGE('',*,*,#1282,.T.);
#1930=ORIENTED_EDGE('',*,*,#1266,.T.);
#1931=ORIENTED_EDGE('',*,*,#1280,.T.);
#1932=ORIENTED_EDGE('',*,*,#1440,.T.);
#1933=ORIENTED_EDGE('',*,*,#1275,.T.);
#1934=ORIENTED_EDGE('',*,*,#1274,.T.);
#1935=ORIENTED_EDGE('',*,*,#1327,.F.);
#1936=ORIENTED_EDGE('',*,*,#1326,.T.);
#1937=ORIENTED_EDGE('',*,*,#1441,.T.);
#1938=ORIENTED_EDGE('',*,*,#1442,.T.);
#1939=ORIENTED_EDGE('',*,*,#1443,.T.);
#1940=ORIENTED_EDGE('',*,*,#1314,.T.);
#1941=ORIENTED_EDGE('',*,*,#1444,.T.);
#1942=ORIENTED_EDGE('',*,*,#1445,.T.);
#1943=ORIENTED_EDGE('',*,*,#1446,.T.);
#1944=ORIENTED_EDGE('',*,*,#1364,.T.);
#1945=ORIENTED_EDGE('',*,*,#1447,.T.);
#1946=ORIENTED_EDGE('',*,*,#1448,.T.);
#1947=ORIENTED_EDGE('',*,*,#1449,.T.);
#1948=ORIENTED_EDGE('',*,*,#1450,.T.);
#1949=ORIENTED_EDGE('',*,*,#1451,.T.);
#1950=ORIENTED_EDGE('',*,*,#1452,.T.);
#1951=ORIENTED_EDGE('',*,*,#1453,.T.);
#1952=ORIENTED_EDGE('',*,*,#1454,.T.);
#1953=ORIENTED_EDGE('',*,*,#1455,.T.);
#1954=ORIENTED_EDGE('',*,*,#1455,.F.);
#1955=ORIENTED_EDGE('',*,*,#1456,.T.);
#1956=ORIENTED_EDGE('',*,*,#1430,.F.);
#1957=ORIENTED_EDGE('',*,*,#1457,.F.);
#1958=ORIENTED_EDGE('',*,*,#1458,.F.);
#1959=ORIENTED_EDGE('',*,*,#1459,.F.);
#1960=ORIENTED_EDGE('',*,*,#1457,.T.);
#1961=ORIENTED_EDGE('',*,*,#1432,.F.);
#1962=ORIENTED_EDGE('',*,*,#1460,.F.);
#1963=ORIENTED_EDGE('',*,*,#1449,.F.);
#1964=ORIENTED_EDGE('',*,*,#1450,.F.);
#1965=ORIENTED_EDGE('',*,*,#1460,.T.);
#1966=ORIENTED_EDGE('',*,*,#1434,.F.);
#1967=ORIENTED_EDGE('',*,*,#1461,.F.);
#1968=ORIENTED_EDGE('',*,*,#1451,.F.);
#1969=ORIENTED_EDGE('',*,*,#1461,.T.);
#1970=ORIENTED_EDGE('',*,*,#1436,.F.);
#1971=ORIENTED_EDGE('',*,*,#1462,.F.);
#1972=ORIENTED_EDGE('',*,*,#1463,.F.);
#1973=ORIENTED_EDGE('',*,*,#1463,.T.);
#1974=ORIENTED_EDGE('',*,*,#1464,.T.);
#1975=ORIENTED_EDGE('',*,*,#1465,.T.);
#1976=ORIENTED_EDGE('',*,*,#1466,.T.);
#1977=ORIENTED_EDGE('',*,*,#1458,.T.);
#1978=ORIENTED_EDGE('',*,*,#1459,.T.);
#1979=ORIENTED_EDGE('',*,*,#1467,.T.);
#1980=ORIENTED_EDGE('',*,*,#1468,.T.);
#1981=ORIENTED_EDGE('',*,*,#1469,.T.);
#1982=ORIENTED_EDGE('',*,*,#1470,.T.);
#1983=ORIENTED_EDGE('',*,*,#1471,.T.);
#1984=ORIENTED_EDGE('',*,*,#1472,.T.);
#1985=ORIENTED_EDGE('',*,*,#1473,.T.);
#1986=ORIENTED_EDGE('',*,*,#1474,.F.);
#1987=ORIENTED_EDGE('',*,*,#1475,.T.);
#1988=ORIENTED_EDGE('',*,*,#1442,.F.);
#1989=ORIENTED_EDGE('',*,*,#1476,.F.);
#1990=ORIENTED_EDGE('',*,*,#1477,.F.);
#1991=ORIENTED_EDGE('',*,*,#1478,.T.);
#1992=ORIENTED_EDGE('',*,*,#1453,.F.);
#1993=ORIENTED_EDGE('',*,*,#1469,.F.);
#1994=ORIENTED_EDGE('',*,*,#1479,.F.);
#1995=ORIENTED_EDGE('',*,*,#1480,.F.);
#1996=ORIENTED_EDGE('',*,*,#1481,.F.);
#1997=ORIENTED_EDGE('',*,*,#1479,.T.);
#1998=ORIENTED_EDGE('',*,*,#1468,.F.);
#1999=ORIENTED_EDGE('',*,*,#1482,.F.);
#2000=ORIENTED_EDGE('',*,*,#1483,.F.);
#2001=ORIENTED_EDGE('',*,*,#1482,.T.);
#2002=ORIENTED_EDGE('',*,*,#1467,.F.);
#2003=ORIENTED_EDGE('',*,*,#1448,.F.);
#2004=ORIENTED_EDGE('',*,*,#1484,.F.);
#2005=ORIENTED_EDGE('',*,*,#1485,.F.);
#2006=ORIENTED_EDGE('',*,*,#1486,.F.);
#2007=ORIENTED_EDGE('',*,*,#1484,.T.);
#2008=ORIENTED_EDGE('',*,*,#1452,.F.);
#2009=ORIENTED_EDGE('',*,*,#1466,.F.);
#2010=ORIENTED_EDGE('',*,*,#1487,.F.);
#2011=ORIENTED_EDGE('',*,*,#1471,.F.);
#2012=ORIENTED_EDGE('',*,*,#1472,.F.);
#2013=ORIENTED_EDGE('',*,*,#1487,.T.);
#2014=ORIENTED_EDGE('',*,*,#1465,.F.);
#2015=ORIENTED_EDGE('',*,*,#1488,.F.);
#2016=ORIENTED_EDGE('',*,*,#1489,.F.);
#2017=ORIENTED_EDGE('',*,*,#1490,.T.);
#2018=ORIENTED_EDGE('',*,*,#1445,.F.);
#2019=ORIENTED_EDGE('',*,*,#1491,.F.);
#2020=ORIENTED_EDGE('',*,*,#1492,.F.);
#2021=ORIENTED_EDGE('',*,*,#1491,.T.);
#2022=ORIENTED_EDGE('',*,*,#1447,.F.);
#2023=ORIENTED_EDGE('',*,*,#1363,.F.);
#2024=ORIENTED_EDGE('',*,*,#1493,.F.);
#2025=ORIENTED_EDGE('',*,*,#1315,.T.);
#2026=ORIENTED_EDGE('',*,*,#1443,.F.);
#2027=ORIENTED_EDGE('',*,*,#1475,.F.);
#2028=ORIENTED_EDGE('',*,*,#1494,.T.);
#2029=ORIENTED_EDGE('',*,*,#1480,.T.);
#2030=ORIENTED_EDGE('',*,*,#1481,.T.);
#2031=ORIENTED_EDGE('',*,*,#1483,.T.);
#2032=ORIENTED_EDGE('',*,*,#1495,.T.);
#2033=ORIENTED_EDGE('',*,*,#1477,.T.);
#2034=ORIENTED_EDGE('',*,*,#1496,.T.);
#2035=ORIENTED_EDGE('',*,*,#1497,.T.);
#2036=ORIENTED_EDGE('',*,*,#1485,.T.);
#2037=ORIENTED_EDGE('',*,*,#1486,.T.);
#2038=ORIENTED_EDGE('',*,*,#1498,.T.);
#2039=ORIENTED_EDGE('',*,*,#1499,.T.);
#2040=ORIENTED_EDGE('',*,*,#1500,.T.);
#2041=ORIENTED_EDGE('',*,*,#1492,.T.);
#2042=ORIENTED_EDGE('',*,*,#1362,.T.);
#2043=ORIENTED_EDGE('',*,*,#1501,.T.);
#2044=ORIENTED_EDGE('',*,*,#1489,.T.);
#2045=ORIENTED_EDGE('',*,*,#1493,.T.);
#2046=ORIENTED_EDGE('',*,*,#1474,.T.);
#2047=ORIENTED_EDGE('',*,*,#1502,.T.);
#2048=ORIENTED_EDGE('',*,*,#1316,.T.);
#2049=ORIENTED_EDGE('',*,*,#1503,.F.);
#2050=ORIENTED_EDGE('',*,*,#1317,.T.);
#2051=ORIENTED_EDGE('',*,*,#1502,.F.);
#2052=ORIENTED_EDGE('',*,*,#1476,.T.);
#2053=ORIENTED_EDGE('',*,*,#1444,.F.);
#2054=ORIENTED_EDGE('',*,*,#1313,.T.);
#2055=ORIENTED_EDGE('',*,*,#1428,.F.);
#2056=ORIENTED_EDGE('',*,*,#1456,.F.);
#2057=ORIENTED_EDGE('',*,*,#1454,.F.);
#2058=ORIENTED_EDGE('',*,*,#1478,.F.);
#2059=ORIENTED_EDGE('',*,*,#1497,.F.);
#2060=ORIENTED_EDGE('',*,*,#1504,.F.);
#2061=ORIENTED_EDGE('',*,*,#1505,.F.);
#2062=ORIENTED_EDGE('',*,*,#1504,.T.);
#2063=ORIENTED_EDGE('',*,*,#1496,.F.);
#2064=ORIENTED_EDGE('',*,*,#1494,.F.);
#2065=ORIENTED_EDGE('',*,*,#1506,.F.);
#2066=ORIENTED_EDGE('',*,*,#1507,.F.);
#2067=ORIENTED_EDGE('',*,*,#1506,.T.);
#2068=ORIENTED_EDGE('',*,*,#1495,.F.);
#2069=ORIENTED_EDGE('',*,*,#1500,.F.);
#2070=ORIENTED_EDGE('',*,*,#1508,.F.);
#2071=ORIENTED_EDGE('',*,*,#1509,.F.);
#2072=ORIENTED_EDGE('',*,*,#1508,.T.);
#2073=ORIENTED_EDGE('',*,*,#1499,.F.);
#2074=ORIENTED_EDGE('',*,*,#1510,.F.);
#2075=ORIENTED_EDGE('',*,*,#1511,.F.);
#2076=ORIENTED_EDGE('',*,*,#1512,.T.);
#2077=ORIENTED_EDGE('',*,*,#1473,.F.);
#2078=ORIENTED_EDGE('',*,*,#1488,.T.);
#2079=ORIENTED_EDGE('',*,*,#1464,.F.);
#2080=ORIENTED_EDGE('',*,*,#1462,.T.);
#2081=ORIENTED_EDGE('',*,*,#1438,.F.);
#2082=ORIENTED_EDGE('',*,*,#1365,.F.);
#2083=ORIENTED_EDGE('',*,*,#1446,.F.);
#2084=ORIENTED_EDGE('',*,*,#1490,.F.);
#2085=ORIENTED_EDGE('',*,*,#1501,.F.);
#2086=ORIENTED_EDGE('',*,*,#1361,.F.);
#2087=ORIENTED_EDGE('',*,*,#1513,.F.);
#2088=ORIENTED_EDGE('',*,*,#1514,.F.);
#2089=ORIENTED_EDGE('',*,*,#1515,.T.);
#2090=ORIENTED_EDGE('',*,*,#1516,.T.);
#2091=ORIENTED_EDGE('',*,*,#1505,.T.);
#2092=ORIENTED_EDGE('',*,*,#1517,.F.);
#2093=ORIENTED_EDGE('',*,*,#1518,.T.);
#2094=ORIENTED_EDGE('',*,*,#1517,.T.);
#2095=ORIENTED_EDGE('',*,*,#1507,.T.);
#2096=ORIENTED_EDGE('',*,*,#1519,.F.);
#2097=ORIENTED_EDGE('',*,*,#1520,.T.);
#2098=ORIENTED_EDGE('',*,*,#1519,.T.);
#2099=ORIENTED_EDGE('',*,*,#1509,.T.);
#2100=ORIENTED_EDGE('',*,*,#1521,.F.);
#2101=ORIENTED_EDGE('',*,*,#1522,.T.);
#2102=ORIENTED_EDGE('',*,*,#1523,.T.);
#2103=ORIENTED_EDGE('',*,*,#1524,.T.);
#2104=ORIENTED_EDGE('',*,*,#1525,.F.);
#2105=ORIENTED_EDGE('',*,*,#1526,.T.);
#2106=ORIENTED_EDGE('',*,*,#1525,.T.);
#2107=ORIENTED_EDGE('',*,*,#1527,.T.);
#2108=ORIENTED_EDGE('',*,*,#1528,.F.);
#2109=ORIENTED_EDGE('',*,*,#1529,.T.);
#2110=ORIENTED_EDGE('',*,*,#1528,.T.);
#2111=ORIENTED_EDGE('',*,*,#1511,.T.);
#2112=ORIENTED_EDGE('',*,*,#1530,.F.);
#2113=ORIENTED_EDGE('',*,*,#1531,.T.);
#2114=ORIENTED_EDGE('',*,*,#1530,.T.);
#2115=ORIENTED_EDGE('',*,*,#1514,.T.);
#2116=ORIENTED_EDGE('',*,*,#1532,.F.);
#2117=ORIENTED_EDGE('',*,*,#1533,.T.);
#2118=ORIENTED_EDGE('',*,*,#1532,.T.);
#2119=ORIENTED_EDGE('',*,*,#1513,.T.);
#2120=ORIENTED_EDGE('',*,*,#1534,.F.);
#2121=ORIENTED_EDGE('',*,*,#1535,.T.);
#2122=ORIENTED_EDGE('',*,*,#1534,.T.);
#2123=ORIENTED_EDGE('',*,*,#1360,.T.);
#2124=ORIENTED_EDGE('',*,*,#1536,.F.);
#2125=ORIENTED_EDGE('',*,*,#1537,.T.);
#2126=ORIENTED_EDGE('',*,*,#1536,.T.);
#2127=ORIENTED_EDGE('',*,*,#1359,.T.);
#2128=ORIENTED_EDGE('',*,*,#1538,.F.);
#2129=ORIENTED_EDGE('',*,*,#1539,.T.);
#2130=ORIENTED_EDGE('',*,*,#1540,.T.);
#2131=ORIENTED_EDGE('',*,*,#1319,.T.);
#2132=ORIENTED_EDGE('',*,*,#1541,.F.);
#2133=ORIENTED_EDGE('',*,*,#1542,.T.);
#2134=ORIENTED_EDGE('',*,*,#1541,.T.);
#2135=ORIENTED_EDGE('',*,*,#1318,.T.);
#2136=ORIENTED_EDGE('',*,*,#1543,.F.);
#2137=ORIENTED_EDGE('',*,*,#1544,.T.);
#2138=ORIENTED_EDGE('',*,*,#1543,.T.);
#2139=ORIENTED_EDGE('',*,*,#1503,.T.);
#2140=ORIENTED_EDGE('',*,*,#1516,.F.);
#2141=ORIENTED_EDGE('',*,*,#1545,.F.);
#2142=ORIENTED_EDGE('',*,*,#1546,.T.);
#2143=ORIENTED_EDGE('',*,*,#1544,.F.);
#2144=ORIENTED_EDGE('',*,*,#1547,.F.);
#2145=ORIENTED_EDGE('',*,*,#1548,.F.);
#2146=ORIENTED_EDGE('',*,*,#1547,.T.);
#2147=ORIENTED_EDGE('',*,*,#1515,.F.);
#2148=ORIENTED_EDGE('',*,*,#1549,.F.);
#2149=ORIENTED_EDGE('',*,*,#1374,.T.);
#2150=ORIENTED_EDGE('',*,*,#1371,.T.);
#2151=ORIENTED_EDGE('',*,*,#1373,.T.);
#2152=ORIENTED_EDGE('',*,*,#1376,.T.);
#2153=ORIENTED_EDGE('',*,*,#1550,.F.);
#2154=ORIENTED_EDGE('',*,*,#1549,.T.);
#2155=ORIENTED_EDGE('',*,*,#1518,.F.);
#2156=ORIENTED_EDGE('',*,*,#1551,.F.);
#2157=ORIENTED_EDGE('',*,*,#1552,.F.);
#2158=ORIENTED_EDGE('',*,*,#1551,.T.);
#2159=ORIENTED_EDGE('',*,*,#1520,.F.);
#2160=ORIENTED_EDGE('',*,*,#1553,.F.);
#2161=ORIENTED_EDGE('',*,*,#1554,.F.);
#2162=ORIENTED_EDGE('',*,*,#1553,.T.);
#2163=ORIENTED_EDGE('',*,*,#1521,.T.);
#2164=ORIENTED_EDGE('',*,*,#1510,.T.);
#2165=ORIENTED_EDGE('',*,*,#1498,.F.);
#2166=ORIENTED_EDGE('',*,*,#1470,.F.);
#2167=ORIENTED_EDGE('',*,*,#1512,.F.);
#2168=ORIENTED_EDGE('',*,*,#1527,.F.);
#2169=ORIENTED_EDGE('',*,*,#1524,.F.);
#2170=ORIENTED_EDGE('',*,*,#1523,.F.);
#2171=ORIENTED_EDGE('',*,*,#1555,.F.);
#2172=ORIENTED_EDGE('',*,*,#1381,.T.);
#2173=ORIENTED_EDGE('',*,*,#1377,.T.);
#2174=ORIENTED_EDGE('',*,*,#1388,.T.);
#2175=ORIENTED_EDGE('',*,*,#1386,.T.);
#2176=ORIENTED_EDGE('',*,*,#1392,.T.);
#2177=ORIENTED_EDGE('',*,*,#1389,.T.);
#2178=ORIENTED_EDGE('',*,*,#1391,.T.);
#2179=ORIENTED_EDGE('',*,*,#1394,.T.);
#2180=ORIENTED_EDGE('',*,*,#1398,.T.);
#2181=ORIENTED_EDGE('',*,*,#1395,.T.);
#2182=ORIENTED_EDGE('',*,*,#1397,.T.);
#2183=ORIENTED_EDGE('',*,*,#1400,.T.);
#2184=ORIENTED_EDGE('',*,*,#1404,.T.);
#2185=ORIENTED_EDGE('',*,*,#1401,.T.);
#2186=ORIENTED_EDGE('',*,*,#1403,.T.);
#2187=ORIENTED_EDGE('',*,*,#1406,.T.);
#2188=ORIENTED_EDGE('',*,*,#1556,.F.);
#2189=ORIENTED_EDGE('',*,*,#1555,.T.);
#2190=ORIENTED_EDGE('',*,*,#1522,.F.);
#2191=ORIENTED_EDGE('',*,*,#1557,.F.);
#2192=ORIENTED_EDGE('',*,*,#1558,.F.);
#2193=ORIENTED_EDGE('',*,*,#1557,.T.);
#2194=ORIENTED_EDGE('',*,*,#1526,.F.);
#2195=ORIENTED_EDGE('',*,*,#1559,.F.);
#2196=ORIENTED_EDGE('',*,*,#1560,.F.);
#2197=ORIENTED_EDGE('',*,*,#1561,.F.);
#2198=ORIENTED_EDGE('',*,*,#1559,.T.);
#2199=ORIENTED_EDGE('',*,*,#1529,.F.);
#2200=ORIENTED_EDGE('',*,*,#1562,.F.);
#2201=ORIENTED_EDGE('',*,*,#1563,.F.);
#2202=ORIENTED_EDGE('',*,*,#1564,.T.);
#2203=ORIENTED_EDGE('',*,*,#1533,.F.);
#2204=ORIENTED_EDGE('',*,*,#1565,.F.);
#2205=ORIENTED_EDGE('',*,*,#1566,.F.);
#2206=ORIENTED_EDGE('',*,*,#1567,.F.);
#2207=ORIENTED_EDGE('',*,*,#1565,.T.);
#2208=ORIENTED_EDGE('',*,*,#1535,.F.);
#2209=ORIENTED_EDGE('',*,*,#1568,.F.);
#2210=ORIENTED_EDGE('',*,*,#1569,.F.);
#2211=ORIENTED_EDGE('',*,*,#1570,.F.);
#2212=ORIENTED_EDGE('',*,*,#1568,.T.);
#2213=ORIENTED_EDGE('',*,*,#1537,.F.);
#2214=ORIENTED_EDGE('',*,*,#1571,.F.);
#2215=ORIENTED_EDGE('',*,*,#1572,.F.);
#2216=ORIENTED_EDGE('',*,*,#1573,.T.);
#2217=ORIENTED_EDGE('',*,*,#1539,.F.);
#2218=ORIENTED_EDGE('',*,*,#1574,.F.);
#2219=ORIENTED_EDGE('',*,*,#1575,.F.);
#2220=ORIENTED_EDGE('',*,*,#1574,.T.);
#2221=ORIENTED_EDGE('',*,*,#1542,.F.);
#2222=ORIENTED_EDGE('',*,*,#1546,.F.);
#2223=ORIENTED_EDGE('',*,*,#1576,.T.);
#2224=ORIENTED_EDGE('',*,*,#1577,.T.);
#2225=ORIENTED_EDGE('',*,*,#1578,.T.);
#2226=ORIENTED_EDGE('',*,*,#1579,.T.);
#2227=ORIENTED_EDGE('',*,*,#1580,.T.);
#2228=ORIENTED_EDGE('',*,*,#1581,.T.);
#2229=ORIENTED_EDGE('',*,*,#1582,.T.);
#2230=ORIENTED_EDGE('',*,*,#1583,.T.);
#2231=ORIENTED_EDGE('',*,*,#1584,.T.);
#2232=ORIENTED_EDGE('',*,*,#1585,.T.);
#2233=ORIENTED_EDGE('',*,*,#1586,.T.);
#2234=ORIENTED_EDGE('',*,*,#1587,.T.);
#2235=ORIENTED_EDGE('',*,*,#1588,.T.);
#2236=ORIENTED_EDGE('',*,*,#1589,.T.);
#2237=ORIENTED_EDGE('',*,*,#1590,.T.);
#2238=ORIENTED_EDGE('',*,*,#1591,.T.);
#2239=ORIENTED_EDGE('',*,*,#1592,.T.);
#2240=ORIENTED_EDGE('',*,*,#1593,.T.);
#2241=ORIENTED_EDGE('',*,*,#1594,.T.);
#2242=ORIENTED_EDGE('',*,*,#1595,.T.);
#2243=ORIENTED_EDGE('',*,*,#1576,.F.);
#2244=ORIENTED_EDGE('',*,*,#1596,.T.);
#2245=ORIENTED_EDGE('',*,*,#1548,.T.);
#2246=ORIENTED_EDGE('',*,*,#1597,.F.);
#2247=ORIENTED_EDGE('',*,*,#1577,.F.);
#2248=ORIENTED_EDGE('',*,*,#1597,.T.);
#2249=ORIENTED_EDGE('',*,*,#1550,.T.);
#2250=ORIENTED_EDGE('',*,*,#1598,.F.);
#2251=ORIENTED_EDGE('',*,*,#1578,.F.);
#2252=ORIENTED_EDGE('',*,*,#1598,.T.);
#2253=ORIENTED_EDGE('',*,*,#1552,.T.);
#2254=ORIENTED_EDGE('',*,*,#1599,.F.);
#2255=ORIENTED_EDGE('',*,*,#1579,.F.);
#2256=ORIENTED_EDGE('',*,*,#1599,.T.);
#2257=ORIENTED_EDGE('',*,*,#1554,.T.);
#2258=ORIENTED_EDGE('',*,*,#1600,.F.);
#2259=ORIENTED_EDGE('',*,*,#1580,.F.);
#2260=ORIENTED_EDGE('',*,*,#1600,.T.);
#2261=ORIENTED_EDGE('',*,*,#1556,.T.);
#2262=ORIENTED_EDGE('',*,*,#1601,.F.);
#2263=ORIENTED_EDGE('',*,*,#1581,.F.);
#2264=ORIENTED_EDGE('',*,*,#1601,.T.);
#2265=ORIENTED_EDGE('',*,*,#1558,.T.);
#2266=ORIENTED_EDGE('',*,*,#1602,.F.);
#2267=ORIENTED_EDGE('',*,*,#1582,.F.);
#2268=ORIENTED_EDGE('',*,*,#1602,.T.);
#2269=ORIENTED_EDGE('',*,*,#1560,.T.);
#2270=ORIENTED_EDGE('',*,*,#1603,.F.);
#2271=ORIENTED_EDGE('',*,*,#1583,.F.);
#2272=ORIENTED_EDGE('',*,*,#1603,.T.);
#2273=ORIENTED_EDGE('',*,*,#1561,.T.);
#2274=ORIENTED_EDGE('',*,*,#1604,.F.);
#2275=ORIENTED_EDGE('',*,*,#1584,.F.);
#2276=ORIENTED_EDGE('',*,*,#1604,.T.);
#2277=ORIENTED_EDGE('',*,*,#1562,.T.);
#2278=ORIENTED_EDGE('',*,*,#1531,.F.);
#2279=ORIENTED_EDGE('',*,*,#1564,.F.);
#2280=ORIENTED_EDGE('',*,*,#1605,.F.);
#2281=ORIENTED_EDGE('',*,*,#1585,.F.);
#2282=ORIENTED_EDGE('',*,*,#1605,.T.);
#2283=ORIENTED_EDGE('',*,*,#1563,.T.);
#2284=ORIENTED_EDGE('',*,*,#1606,.F.);
#2285=ORIENTED_EDGE('',*,*,#1586,.F.);
#2286=ORIENTED_EDGE('',*,*,#1606,.T.);
#2287=ORIENTED_EDGE('',*,*,#1566,.T.);
#2288=ORIENTED_EDGE('',*,*,#1607,.F.);
#2289=ORIENTED_EDGE('',*,*,#1587,.F.);
#2290=ORIENTED_EDGE('',*,*,#1607,.T.);
#2291=ORIENTED_EDGE('',*,*,#1567,.T.);
#2292=ORIENTED_EDGE('',*,*,#1608,.F.);
#2293=ORIENTED_EDGE('',*,*,#1588,.F.);
#2294=ORIENTED_EDGE('',*,*,#1608,.T.);
#2295=ORIENTED_EDGE('',*,*,#1569,.T.);
#2296=ORIENTED_EDGE('',*,*,#1609,.F.);
#2297=ORIENTED_EDGE('',*,*,#1589,.F.);
#2298=ORIENTED_EDGE('',*,*,#1609,.T.);
#2299=ORIENTED_EDGE('',*,*,#1570,.T.);
#2300=ORIENTED_EDGE('',*,*,#1610,.F.);
#2301=ORIENTED_EDGE('',*,*,#1590,.F.);
#2302=ORIENTED_EDGE('',*,*,#1610,.T.);
#2303=ORIENTED_EDGE('',*,*,#1571,.T.);
#2304=ORIENTED_EDGE('',*,*,#1538,.T.);
#2305=ORIENTED_EDGE('',*,*,#1358,.T.);
#2306=ORIENTED_EDGE('',*,*,#1423,.F.);
#2307=ORIENTED_EDGE('',*,*,#1611,.F.);
#2308=ORIENTED_EDGE('',*,*,#1591,.F.);
#2309=ORIENTED_EDGE('',*,*,#1611,.T.);
#2310=ORIENTED_EDGE('',*,*,#1422,.F.);
#2311=ORIENTED_EDGE('',*,*,#1612,.F.);
#2312=ORIENTED_EDGE('',*,*,#1592,.F.);
#2313=ORIENTED_EDGE('',*,*,#1612,.T.);
#2314=ORIENTED_EDGE('',*,*,#1421,.F.);
#2315=ORIENTED_EDGE('',*,*,#1320,.F.);
#2316=ORIENTED_EDGE('',*,*,#1540,.F.);
#2317=ORIENTED_EDGE('',*,*,#1573,.F.);
#2318=ORIENTED_EDGE('',*,*,#1613,.F.);
#2319=ORIENTED_EDGE('',*,*,#1593,.F.);
#2320=ORIENTED_EDGE('',*,*,#1613,.T.);
#2321=ORIENTED_EDGE('',*,*,#1572,.T.);
#2322=ORIENTED_EDGE('',*,*,#1614,.F.);
#2323=ORIENTED_EDGE('',*,*,#1594,.F.);
#2324=ORIENTED_EDGE('',*,*,#1614,.T.);
#2325=ORIENTED_EDGE('',*,*,#1575,.T.);
#2326=ORIENTED_EDGE('',*,*,#1615,.F.);
#2327=ORIENTED_EDGE('',*,*,#1616,.F.);
#2328=ORIENTED_EDGE('',*,*,#1595,.F.);
#2329=ORIENTED_EDGE('',*,*,#1616,.T.);
#2330=ORIENTED_EDGE('',*,*,#1615,.T.);
#2331=ORIENTED_EDGE('',*,*,#1545,.T.);
#2332=ORIENTED_EDGE('',*,*,#1596,.F.);
#2333=PLANE('',#2586);
#2334=PLANE('',#2588);
#2335=PLANE('',#2589);
#2336=PLANE('',#2592);
#2337=PLANE('',#2593);
#2338=PLANE('',#2594);
#2339=PLANE('',#2595);
#2340=PLANE('',#2596);
#2341=PLANE('',#2597);
#2342=PLANE('',#2598);
#2343=PLANE('',#2602);
#2344=PLANE('',#2603);
#2345=PLANE('',#2604);
#2346=PLANE('',#2605);
#2347=PLANE('',#2606);
#2348=PLANE('',#2607);
#2349=PLANE('',#2608);
#2350=PLANE('',#2612);
#2351=PLANE('',#2613);
#2352=PLANE('',#2614);
#2353=PLANE('',#2615);
#2354=PLANE('',#2616);
#2355=PLANE('',#2617);
#2356=PLANE('',#2618);
#2357=PLANE('',#2622);
#2358=PLANE('',#2623);
#2359=PLANE('',#2627);
#2360=PLANE('',#2628);
#2361=PLANE('',#2632);
#2362=PLANE('',#2633);
#2363=PLANE('',#2634);
#2364=PLANE('',#2635);
#2365=PLANE('',#2636);
#2366=PLANE('',#2637);
#2367=PLANE('',#2638);
#2368=PLANE('',#2639);
#2369=PLANE('',#2640);
#2370=PLANE('',#2641);
#2371=PLANE('',#2642);
#2372=PLANE('',#2643);
#2373=PLANE('',#2644);
#2374=PLANE('',#2645);
#2375=PLANE('',#2646);
#2376=PLANE('',#2647);
#2377=PLANE('',#2648);
#2378=PLANE('',#2649);
#2379=PLANE('',#2650);
#2380=PLANE('',#2651);
#2381=PLANE('',#2652);
#2382=PLANE('',#2653);
#2383=PLANE('',#2654);
#2384=PLANE('',#2655);
#2385=PLANE('',#2656);
#2386=PLANE('',#2657);
#2387=PLANE('',#2658);
#2388=PLANE('',#2659);
#2389=PLANE('',#2660);
#2390=PLANE('',#2661);
#2391=PLANE('',#2662);
#2392=PLANE('',#2663);
#2393=PLANE('',#2664);
#2394=PLANE('',#2665);
#2395=PLANE('',#2666);
#2396=PLANE('',#2667);
#2397=PLANE('',#2668);
#2398=PLANE('',#2669);
#2399=PLANE('',#2670);
#2400=PLANE('',#2671);
#2401=PLANE('',#2672);
#2402=PLANE('',#2673);
#2403=PLANE('',#2674);
#2404=PLANE('',#2675);
#2405=PLANE('',#2676);
#2406=PLANE('',#2677);
#2407=PLANE('',#2678);
#2408=PLANE('',#2679);
#2409=PLANE('',#2680);
#2410=PLANE('',#2681);
#2411=PLANE('',#2682);
#2412=PLANE('',#2683);
#2413=PLANE('',#2684);
#2414=PLANE('',#2685);
#2415=PLANE('',#2686);
#2416=PLANE('',#2687);
#2417=PLANE('',#2688);
#2418=PLANE('',#2689);
#2419=PLANE('',#2690);
#2420=PLANE('',#2691);
#2421=PLANE('',#2692);
#2422=PLANE('',#2693);
#2423=PLANE('',#2694);
#2424=PLANE('',#2695);
#2425=PLANE('',#2696);
#2426=PLANE('',#2697);
#2427=PLANE('',#2698);
#2428=PLANE('',#2699);
#2429=PLANE('',#2700);
#2430=PLANE('',#2701);
#2431=PLANE('',#2702);
#2432=PLANE('',#2703);
#2433=PLANE('',#2704);
#2434=ADVANCED_FACE('',(#57),#2333,.T.);
#2435=ADVANCED_FACE('',(#58),#2334,.T.);
#2436=ADVANCED_FACE('',(#59),#2335,.T.);
#2437=ADVANCED_FACE('',(#60),#51,.F.);
#2438=ADVANCED_FACE('',(#61),#2336,.F.);
#2439=ADVANCED_FACE('',(#62),#2337,.T.);
#2440=ADVANCED_FACE('',(#63),#2338,.T.);
#2441=ADVANCED_FACE('',(#64),#2339,.T.);
#2442=ADVANCED_FACE('',(#65),#2340,.T.);
#2443=ADVANCED_FACE('',(#66),#2341,.T.);
#2444=ADVANCED_FACE('',(#67),#20,.F.);
#2445=ADVANCED_FACE('',(#68),#2342,.T.);
#2446=ADVANCED_FACE('',(#69),#52,.F.);
#2447=ADVANCED_FACE('',(#70),#2343,.T.);
#2448=ADVANCED_FACE('',(#71),#2344,.F.);
#2449=ADVANCED_FACE('',(#72),#2345,.T.);
#2450=ADVANCED_FACE('',(#73),#2346,.T.);
#2451=ADVANCED_FACE('',(#74),#21,.F.);
#2452=ADVANCED_FACE('',(#75),#22,.F.);
#2453=ADVANCED_FACE('',(#76),#2347,.T.);
#2454=ADVANCED_FACE('',(#77),#2348,.T.);
#2455=ADVANCED_FACE('',(#78),#2349,.T.);
#2456=ADVANCED_FACE('',(#79),#53,.T.);
#2457=ADVANCED_FACE('',(#80),#2350,.T.);
#2458=ADVANCED_FACE('',(#81),#2351,.T.);
#2459=ADVANCED_FACE('',(#82),#2352,.T.);
#2460=ADVANCED_FACE('',(#83),#2353,.T.);
#2461=ADVANCED_FACE('',(#84),#2354,.T.);
#2462=ADVANCED_FACE('',(#85),#2355,.T.);
#2463=ADVANCED_FACE('',(#86),#2356,.T.);
#2464=ADVANCED_FACE('',(#87),#54,.T.);
#2465=ADVANCED_FACE('',(#88),#2357,.T.);
#2466=ADVANCED_FACE('',(#89),#2358,.T.);
#2467=ADVANCED_FACE('',(#90),#55,.T.);
#2468=ADVANCED_FACE('',(#91),#2359,.T.);
#2469=ADVANCED_FACE('',(#92),#2360,.T.);
#2470=ADVANCED_FACE('',(#93),#56,.T.);
#2471=ADVANCED_FACE('',(#94),#2361,.T.);
#2472=ADVANCED_FACE('',(#95),#2362,.T.);
#2473=ADVANCED_FACE('',(#96),#2363,.T.);
#2474=ADVANCED_FACE('',(#97),#2364,.T.);
#2475=ADVANCED_FACE('',(#98),#2365,.T.);
#2476=ADVANCED_FACE('',(#99),#2366,.T.);
#2477=ADVANCED_FACE('',(#100),#2367,.T.);
#2478=ADVANCED_FACE('',(#101),#2368,.T.);
#2479=ADVANCED_FACE('',(#102),#2369,.T.);
#2480=ADVANCED_FACE('',(#103),#2370,.T.);
#2481=ADVANCED_FACE('',(#104),#2371,.T.);
#2482=ADVANCED_FACE('',(#105),#2372,.T.);
#2483=ADVANCED_FACE('',(#106),#2373,.T.);
#2484=ADVANCED_FACE('',(#107),#2374,.F.);
#2485=ADVANCED_FACE('',(#108),#23,.F.);
#2486=ADVANCED_FACE('',(#109),#24,.F.);
#2487=ADVANCED_FACE('',(#110),#25,.F.);
#2488=ADVANCED_FACE('',(#111),#2375,.F.);
#2489=ADVANCED_FACE('',(#112),#2376,.F.);
#2490=ADVANCED_FACE('',(#113),#26,.F.);
#2491=ADVANCED_FACE('',(#114),#2377,.F.);
#2492=ADVANCED_FACE('',(#115),#27,.F.);
#2493=ADVANCED_FACE('',(#116),#2378,.F.);
#2494=ADVANCED_FACE('',(#117),#28,.F.);
#2495=ADVANCED_FACE('',(#118),#2379,.F.);
#2496=ADVANCED_FACE('',(#119),#2380,.F.);
#2497=ADVANCED_FACE('',(#120),#2381,.F.);
#2498=ADVANCED_FACE('',(#121),#2382,.F.);
#2499=ADVANCED_FACE('',(#122),#2383,.T.);
#2500=ADVANCED_FACE('',(#123),#2384,.T.);
#2501=ADVANCED_FACE('',(#124),#2385,.T.);
#2502=ADVANCED_FACE('',(#125),#2386,.T.);
#2503=ADVANCED_FACE('',(#126),#2387,.T.);
#2504=ADVANCED_FACE('',(#127),#2388,.T.);
#2505=ADVANCED_FACE('',(#128),#2389,.F.);
#2506=ADVANCED_FACE('',(#129),#2390,.T.);
#2507=ADVANCED_FACE('',(#130),#2391,.T.);
#2508=ADVANCED_FACE('',(#131),#2392,.T.);
#2509=ADVANCED_FACE('',(#132),#2393,.T.);
#2510=ADVANCED_FACE('',(#133),#2394,.T.);
#2511=ADVANCED_FACE('',(#134),#2395,.T.);
#2512=ADVANCED_FACE('',(#135),#2396,.T.);
#2513=ADVANCED_FACE('',(#136),#2397,.T.);
#2514=ADVANCED_FACE('',(#137),#2398,.T.);
#2515=ADVANCED_FACE('',(#138),#2399,.F.);
#2516=ADVANCED_FACE('',(#139),#2400,.T.);
#2517=ADVANCED_FACE('',(#140),#2401,.T.);
#2518=ADVANCED_FACE('',(#141),#2402,.T.);
#2519=ADVANCED_FACE('',(#142),#2403,.T.);
#2520=ADVANCED_FACE('',(#143),#2404,.T.);
#2521=ADVANCED_FACE('',(#144),#2405,.T.);
#2522=ADVANCED_FACE('',(#145),#2406,.T.);
#2523=ADVANCED_FACE('',(#146),#2407,.T.);
#2524=ADVANCED_FACE('',(#147),#2408,.T.);
#2525=ADVANCED_FACE('',(#148),#29,.F.);
#2526=ADVANCED_FACE('',(#149),#30,.F.);
#2527=ADVANCED_FACE('',(#150),#31,.F.);
#2528=ADVANCED_FACE('',(#151),#32,.F.);
#2529=ADVANCED_FACE('',(#152),#33,.F.);
#2530=ADVANCED_FACE('',(#153),#34,.F.);
#2531=ADVANCED_FACE('',(#154),#2409,.F.);
#2532=ADVANCED_FACE('',(#155),#35,.F.);
#2533=ADVANCED_FACE('',(#156),#36,.F.);
#2534=ADVANCED_FACE('',(#157),#2410,.F.);
#2535=ADVANCED_FACE('',(#158),#2411,.F.);
#2536=ADVANCED_FACE('',(#159),#37,.F.);
#2537=ADVANCED_FACE('',(#160),#38,.F.);
#2538=ADVANCED_FACE('',(#161),#2412,.T.);
#2539=ADVANCED_FACE('',(#162,#15),#2413,.T.);
#2540=ADVANCED_FACE('',(#163),#2414,.T.);
#2541=ADVANCED_FACE('',(#164),#2415,.T.);
#2542=ADVANCED_FACE('',(#165,#16,#17,#18,#19),#2416,.T.);
#2543=ADVANCED_FACE('',(#166),#2417,.T.);
#2544=ADVANCED_FACE('',(#167),#2418,.T.);
#2545=ADVANCED_FACE('',(#168),#2419,.T.);
#2546=ADVANCED_FACE('',(#169),#2420,.T.);
#2547=ADVANCED_FACE('',(#170),#2421,.T.);
#2548=ADVANCED_FACE('',(#171),#2422,.T.);
#2549=ADVANCED_FACE('',(#172),#2423,.T.);
#2550=ADVANCED_FACE('',(#173),#2424,.T.);
#2551=ADVANCED_FACE('',(#174),#2425,.F.);
#2552=ADVANCED_FACE('',(#175),#2426,.F.);
#2553=ADVANCED_FACE('',(#176),#39,.F.);
#2554=ADVANCED_FACE('',(#177),#40,.F.);
#2555=ADVANCED_FACE('',(#178),#2427,.F.);
#2556=ADVANCED_FACE('',(#179),#41,.F.);
#2557=ADVANCED_FACE('',(#180),#42,.F.);
#2558=ADVANCED_FACE('',(#181),#43,.F.);
#2559=ADVANCED_FACE('',(#182),#44,.F.);
#2560=ADVANCED_FACE('',(#183),#2428,.F.);
#2561=ADVANCED_FACE('',(#184),#45,.F.);
#2562=ADVANCED_FACE('',(#185),#46,.F.);
#2563=ADVANCED_FACE('',(#186),#47,.F.);
#2564=ADVANCED_FACE('',(#187),#48,.F.);
#2565=ADVANCED_FACE('',(#188),#2429,.F.);
#2566=ADVANCED_FACE('',(#189),#2430,.F.);
#2567=ADVANCED_FACE('',(#190),#2431,.F.);
#2568=ADVANCED_FACE('',(#191),#2432,.F.);
#2569=ADVANCED_FACE('',(#192),#2433,.F.);
#2570=ADVANCED_FACE('',(#193),#49,.F.);
#2571=ADVANCED_FACE('',(#194),#50,.F.);
#2572=CLOSED_SHELL('',(#2434,#2435,#2436,#2437,#2438,#2439,#2440,#2441,
#2442,#2443,#2444,#2445,#2446,#2447,#2448,#2449,#2450,#2451,#2452,#2453,
#2454,#2455,#2456,#2457,#2458,#2459,#2460,#2461,#2462,#2463,#2464,#2465,
#2466,#2467,#2468,#2469,#2470,#2471,#2472,#2473,#2474,#2475,#2476,#2477,
#2478,#2479,#2480,#2481,#2482,#2483,#2484,#2485,#2486,#2487,#2488,#2489,
#2490,#2491,#2492,#2493,#2494,#2495,#2496,#2497,#2498,#2499,#2500,#2501,
#2502,#2503,#2504,#2505,#2506,#2507,#2508,#2509,#2510,#2511,#2512,#2513,
#2514,#2515,#2516,#2517,#2518,#2519,#2520,#2521,#2522,#2523,#2524,#2525,
#2526,#2527,#2528,#2529,#2530,#2531,#2532,#2533,#2534,#2535,#2536,#2537,
#2538,#2539,#2540,#2541,#2542,#2543,#2544,#2545,#2546,#2547,#2548,#2549,
#2550,#2551,#2552,#2553,#2554,#2555,#2556,#2557,#2558,#2559,#2560,#2561,
#2562,#2563,#2564,#2565,#2566,#2567,#2568,#2569,#2570,#2571));
#2573=DERIVED_UNIT_ELEMENT(#2575,1.);
#2574=DERIVED_UNIT_ELEMENT(#4543,-3.);
#2575=(
MASS_UNIT()
NAMED_UNIT(*)
SI_UNIT(.KILO.,.GRAM.)
);
#2576=DERIVED_UNIT((#2573,#2574));
#2577=MEASURE_REPRESENTATION_ITEM('density measure',
POSITIVE_RATIO_MEASURE(7850.),#2576);
#2578=PROPERTY_DEFINITION_REPRESENTATION(#2583,#2580);
#2579=PROPERTY_DEFINITION_REPRESENTATION(#2584,#2581);
#2580=REPRESENTATION('material name',(#2582),#4540);
#2581=REPRESENTATION('density',(#2577),#4540);
#2582=DESCRIPTIVE_REPRESENTATION_ITEM('Steel','Steel');
#2583=PROPERTY_DEFINITION('material property','material name',#4550);
#2584=PROPERTY_DEFINITION('material property','density of part',#4550);
#2585=AXIS2_PLACEMENT_3D('',#3281,#2705,#2706);
#2586=AXIS2_PLACEMENT_3D('',#3282,#2707,#2708);
#2587=AXIS2_PLACEMENT_3D('',#3287,#2710,#2711);
#2588=AXIS2_PLACEMENT_3D('',#3308,#2716,#2717);
#2589=AXIS2_PLACEMENT_3D('',#3315,#2721,#2722);
#2590=AXIS2_PLACEMENT_3D('',#3320,#2724,#2725);
#2591=AXIS2_PLACEMENT_3D('',#3349,#2729,#2730);
#2592=AXIS2_PLACEMENT_3D('',#3361,#2734,#2735);
#2593=AXIS2_PLACEMENT_3D('',#3369,#2738,#2739);
#2594=AXIS2_PLACEMENT_3D('',#3376,#2741,#2742);
#2595=AXIS2_PLACEMENT_3D('',#3404,#2757,#2758);
#2596=AXIS2_PLACEMENT_3D('',#3425,#2770,#2771);
#2597=AXIS2_PLACEMENT_3D('',#3429,#2774,#2775);
#2598=AXIS2_PLACEMENT_3D('',#3479,#2794,#2795);
#2599=AXIS2_PLACEMENT_3D('',#3496,#2798,#2799);
#2600=AXIS2_PLACEMENT_3D('',#3498,#2801,#2802);
#2601=AXIS2_PLACEMENT_3D('',#3510,#2805,#2806);
#2602=AXIS2_PLACEMENT_3D('',#3511,#2807,#2808);
#2603=AXIS2_PLACEMENT_3D('',#3524,#2812,#2813);
#2604=AXIS2_PLACEMENT_3D('',#3535,#2817,#2818);
#2605=AXIS2_PLACEMENT_3D('',#3544,#2821,#2822);
#2606=AXIS2_PLACEMENT_3D('',#3584,#2828,#2829);
#2607=AXIS2_PLACEMENT_3D('',#3588,#2832,#2833);
#2608=AXIS2_PLACEMENT_3D('',#3617,#2849,#2850);
#2609=AXIS2_PLACEMENT_3D('',#3621,#2852,#2853);
#2610=AXIS2_PLACEMENT_3D('',#3622,#2854,#2855);
#2611=AXIS2_PLACEMENT_3D('',#3627,#2858,#2859);
#2612=AXIS2_PLACEMENT_3D('',#3628,#2860,#2861);
#2613=AXIS2_PLACEMENT_3D('',#3630,#2863,#2864);
#2614=AXIS2_PLACEMENT_3D('',#3639,#2869,#2870);
#2615=AXIS2_PLACEMENT_3D('',#3645,#2874,#2875);
#2616=AXIS2_PLACEMENT_3D('',#3649,#2878,#2879);
#2617=AXIS2_PLACEMENT_3D('',#3653,#2882,#2883);
#2618=AXIS2_PLACEMENT_3D('',#3655,#2885,#2886);
#2619=AXIS2_PLACEMENT_3D('',#3659,#2888,#2889);
#2620=AXIS2_PLACEMENT_3D('',#3660,#2890,#2891);
#2621=AXIS2_PLACEMENT_3D('',#3665,#2894,#2895);
#2622=AXIS2_PLACEMENT_3D('',#3666,#2896,#2897);
#2623=AXIS2_PLACEMENT_3D('',#3668,#2899,#2900);
#2624=AXIS2_PLACEMENT_3D('',#3672,#2902,#2903);
#2625=AXIS2_PLACEMENT_3D('',#3673,#2904,#2905);
#2626=AXIS2_PLACEMENT_3D('',#3678,#2908,#2909);
#2627=AXIS2_PLACEMENT_3D('',#3679,#2910,#2911);
#2628=AXIS2_PLACEMENT_3D('',#3681,#2913,#2914);
#2629=AXIS2_PLACEMENT_3D('',#3685,#2916,#2917);
#2630=AXIS2_PLACEMENT_3D('',#3686,#2918,#2919);
#2631=AXIS2_PLACEMENT_3D('',#3691,#2922,#2923);
#2632=AXIS2_PLACEMENT_3D('',#3692,#2924,#2925);
#2633=AXIS2_PLACEMENT_3D('',#3694,#2927,#2928);
#2634=AXIS2_PLACEMENT_3D('',#3700,#2932,#2933);
#2635=AXIS2_PLACEMENT_3D('',#3704,#2936,#2937);
#2636=AXIS2_PLACEMENT_3D('',#3706,#2939,#2940);
#2637=AXIS2_PLACEMENT_3D('',#3710,#2943,#2944);
#2638=AXIS2_PLACEMENT_3D('',#3712,#2946,#2947);
#2639=AXIS2_PLACEMENT_3D('',#3713,#2948,#2949);
#2640=AXIS2_PLACEMENT_3D('',#3717,#2952,#2953);
#2641=AXIS2_PLACEMENT_3D('',#3721,#2956,#2957);
#2642=AXIS2_PLACEMENT_3D('',#3723,#2959,#2960);
#2643=AXIS2_PLACEMENT_3D('',#3729,#2964,#2965);
#2644=AXIS2_PLACEMENT_3D('',#3735,#2969,#2970);
#2645=AXIS2_PLACEMENT_3D('',#3737,#2972,#2973);
#2646=AXIS2_PLACEMENT_3D('',#3798,#2982,#2983);
#2647=AXIS2_PLACEMENT_3D('',#3802,#2986,#2987);
#2648=AXIS2_PLACEMENT_3D('',#3821,#2990,#2991);
#2649=AXIS2_PLACEMENT_3D('',#3839,#2993,#2994);
#2650=AXIS2_PLACEMENT_3D('',#3857,#2996,#2997);
#2651=AXIS2_PLACEMENT_3D('',#3863,#3001,#3002);
#2652=AXIS2_PLACEMENT_3D('',#3869,#3006,#3007);
#2653=AXIS2_PLACEMENT_3D('',#3880,#3013,#3014);
#2654=AXIS2_PLACEMENT_3D('',#3887,#3018,#3019);
#2655=AXIS2_PLACEMENT_3D('',#3892,#3023,#3024);
#2656=AXIS2_PLACEMENT_3D('',#3895,#3027,#3028);
#2657=AXIS2_PLACEMENT_3D('',#3897,#3030,#3031);
#2658=AXIS2_PLACEMENT_3D('',#3901,#3034,#3035);
#2659=AXIS2_PLACEMENT_3D('',#3907,#3039,#3040);
#2660=AXIS2_PLACEMENT_3D('',#3913,#3044,#3045);
#2661=AXIS2_PLACEMENT_3D('',#3922,#3050,#3051);
#2662=AXIS2_PLACEMENT_3D('',#3928,#3055,#3056);
#2663=AXIS2_PLACEMENT_3D('',#3936,#3061,#3062);
#2664=AXIS2_PLACEMENT_3D('',#3940,#3065,#3066);
#2665=AXIS2_PLACEMENT_3D('',#3946,#3070,#3071);
#2666=AXIS2_PLACEMENT_3D('',#3949,#3074,#3075);
#2667=AXIS2_PLACEMENT_3D('',#3951,#3077,#3078);
#2668=AXIS2_PLACEMENT_3D('',#3957,#3082,#3083);
#2669=AXIS2_PLACEMENT_3D('',#3959,#3085,#3086);
#2670=AXIS2_PLACEMENT_3D('',#3961,#3088,#3089);
#2671=AXIS2_PLACEMENT_3D('',#3965,#3092,#3093);
#2672=AXIS2_PLACEMENT_3D('',#3969,#3096,#3097);
#2673=AXIS2_PLACEMENT_3D('',#3975,#3101,#3102);
#2674=AXIS2_PLACEMENT_3D('',#3977,#3104,#3105);
#2675=AXIS2_PLACEMENT_3D('',#3979,#3107,#3108);
#2676=AXIS2_PLACEMENT_3D('',#3983,#3111,#3112);
#2677=AXIS2_PLACEMENT_3D('',#3987,#3115,#3116);
#2678=AXIS2_PLACEMENT_3D('',#3991,#3119,#3120);
#2679=AXIS2_PLACEMENT_3D('',#3995,#3123,#3124);
#2680=AXIS2_PLACEMENT_3D('',#4125,#3145,#3146);
#2681=AXIS2_PLACEMENT_3D('',#4167,#3153,#3154);
#2682=AXIS2_PLACEMENT_3D('',#4171,#3157,#3158);
#2683=AXIS2_PLACEMENT_3D('',#4213,#3165,#3166);
#2684=AXIS2_PLACEMENT_3D('',#4219,#3170,#3171);
#2685=AXIS2_PLACEMENT_3D('',#4223,#3174,#3175);
#2686=AXIS2_PLACEMENT_3D('',#4227,#3178,#3179);
#2687=AXIS2_PLACEMENT_3D('',#4231,#3182,#3183);
#2688=AXIS2_PLACEMENT_3D('',#4235,#3186,#3187);
#2689=AXIS2_PLACEMENT_3D('',#4239,#3190,#3191);
#2690=AXIS2_PLACEMENT_3D('',#4245,#3195,#3196);
#2691=AXIS2_PLACEMENT_3D('',#4249,#3199,#3200);
#2692=AXIS2_PLACEMENT_3D('',#4257,#3205,#3206);
#2693=AXIS2_PLACEMENT_3D('',#4263,#3210,#3211);
#2694=AXIS2_PLACEMENT_3D('',#4267,#3214,#3215);
#2695=AXIS2_PLACEMENT_3D('',#4273,#3219,#3220);
#2696=AXIS2_PLACEMENT_3D('',#4275,#3222,#3223);
#2697=AXIS2_PLACEMENT_3D('',#4316,#3244,#3245);
#2698=AXIS2_PLACEMENT_3D('',#4353,#3250,#3251);
#2699=AXIS2_PLACEMENT_3D('',#4423,#3257,#3258);
#2700=AXIS2_PLACEMENT_3D('',#4493,#3264,#3265);
#2701=AXIS2_PLACEMENT_3D('',#4495,#3267,#3268);
#2702=AXIS2_PLACEMENT_3D('',#4497,#3270,#3271);
#2703=AXIS2_PLACEMENT_3D('',#4499,#3273,#3274);
#2704=AXIS2_PLACEMENT_3D('',#4501,#3276,#3277);
#2705=DIRECTION('axis',(0.,0.,1.));
#2706=DIRECTION('refdir',(1.,0.,0.));
#2707=DIRECTION('center_axis',(0.,-1.,0.));
#2708=DIRECTION('ref_axis',(0.,0.,-1.));
#2709=DIRECTION('',(1.,0.,0.));
#2710=DIRECTION('center_axis',(0.,1.,0.));
#2711=DIRECTION('ref_axis',(1.,0.,0.));
#2712=DIRECTION('',(-1.,0.,0.));
#2713=DIRECTION('',(0.,0.,-1.));
#2714=DIRECTION('',(-1.,0.,0.));
#2715=DIRECTION('',(0.,0.,-1.));
#2716=DIRECTION('center_axis',(0.,1.,0.));
#2717=DIRECTION('ref_axis',(0.,0.,1.));
#2718=DIRECTION('',(0.576117586076675,0.,0.817366825246282));
#2719=DIRECTION('',(0.,0.,-1.));
#2720=DIRECTION('',(1.,0.,0.));
#2721=DIRECTION('center_axis',(0.,1.,0.));
#2722=DIRECTION('ref_axis',(0.,0.,1.));
#2723=DIRECTION('',(0.576117586076675,0.,0.817366825246282));
#2724=DIRECTION('center_axis',(0.,-1.,0.));
#2725=DIRECTION('ref_axis',(1.,0.,0.));
#2726=DIRECTION('',(-1.,0.,0.));
#2727=DIRECTION('',(0.,0.,1.));
#2728=DIRECTION('',(1.,0.,0.));
#2729=DIRECTION('center_axis',(0.,1.,0.));
#2730=DIRECTION('ref_axis',(1.,0.,0.));
#2731=DIRECTION('',(0.,-1.,0.));
#2732=DIRECTION('',(0.,1.,0.));
#2733=DIRECTION('',(0.,1.,0.));
#2734=DIRECTION('center_axis',(0.,0.,1.));
#2735=DIRECTION('ref_axis',(1.,0.,0.));
#2736=DIRECTION('',(0.,1.,0.));
#2737=DIRECTION('',(0.,-1.,0.));
#2738=DIRECTION('center_axis',(1.,0.,0.));
#2739=DIRECTION('ref_axis',(0.,0.,-1.));
#2740=DIRECTION('',(0.,-1.,0.));
#2741=DIRECTION('center_axis',(0.,0.,1.));
#2742=DIRECTION('ref_axis',(0.,-1.,0.));
#2743=DIRECTION('',(0.,-1.,0.));
#2744=DIRECTION('',(1.,0.,0.));
#2745=DIRECTION('',(0.,-1.,0.));
#2746=DIRECTION('',(1.,0.,0.));
#2747=DIRECTION('',(0.,-1.,0.));
#2748=DIRECTION('',(-1.,0.,0.));
#2749=DIRECTION('',(0.,1.,0.));
#2750=DIRECTION('',(1.,0.,0.));
#2751=DIRECTION('',(0.,-1.,0.));
#2752=DIRECTION('',(1.,0.,0.));
#2753=DIRECTION('',(0.,1.,0.));
#2754=DIRECTION('',(0.,1.,0.));
#2755=DIRECTION('',(1.,0.,0.));
#2756=DIRECTION('',(0.,-1.,0.));
#2757=DIRECTION('center_axis',(1.,0.,0.));
#2758=DIRECTION('ref_axis',(0.,0.,-1.));
#2759=DIRECTION('',(0.,1.,0.));
#2760=DIRECTION('',(0.,0.,1.));
#2761=DIRECTION('',(0.,1.,0.));
#2762=DIRECTION('',(0.,0.,-1.));
#2763=DIRECTION('',(0.,1.,0.));
#2764=DIRECTION('',(0.,0.,1.));
#2765=DIRECTION('',(0.,0.707106781186544,-0.707106781186551));
#2766=DIRECTION('',(0.,0.,-1.));
#2767=DIRECTION('',(0.,-1.,0.));
#2768=DIRECTION('',(0.,0.,1.));
#2769=DIRECTION('',(0.,0.707106781186544,0.707106781186551));
#2770=DIRECTION('center_axis',(1.,0.,0.));
#2771=DIRECTION('ref_axis',(0.,0.,-1.));
#2772=DIRECTION('',(0.,0.,-1.));
#2773=DIRECTION('',(0.,1.,0.));
#2774=DIRECTION('center_axis',(0.,0.,-1.));
#2775=DIRECTION('ref_axis',(0.,1.,0.));
#2776=DIRECTION('',(1.,0.,0.));
#2777=DIRECTION('',(0.729537204140085,0.68394112888133,0.));
#2778=DIRECTION('',(1.,0.,0.));
#2779=DIRECTION('',(0.,-1.,0.));
#2780=DIRECTION('',(1.,0.,0.));
#2781=DIRECTION('',(0.,1.,0.));
#2782=DIRECTION('',(1.,0.,0.));
#2783=DIRECTION('',(0.,-1.,0.));
#2784=DIRECTION('',(0.,-1.,0.));
#2785=DIRECTION('',(1.,0.,0.));
#2786=DIRECTION('',(0.,1.,0.));
#2787=DIRECTION('',(1.,0.,0.));
#2788=DIRECTION('',(0.981429186353161,-0.191824795514481,0.));
#2789=DIRECTION('',(0.,1.,0.));
#2790=DIRECTION('',(0.,1.,0.));
#2791=DIRECTION('',(0.,1.,0.));
#2792=DIRECTION('',(0.649939439233741,0.759986003376727,0.));
#2793=DIRECTION('',(0.550521707622561,0.294758497622913,0.781052672689508));
#2794=DIRECTION('center_axis',(0.,1.,0.));
#2795=DIRECTION('ref_axis',(0.,0.,1.));
#2796=DIRECTION('',(0.,0.,-1.));
#2797=DIRECTION('',(1.,0.,0.));
#2798=DIRECTION('center_axis',(0.,-1.,0.));
#2799=DIRECTION('ref_axis',(1.,0.,0.));
#2800=DIRECTION('',(1.,0.,0.));
#2801=DIRECTION('center_axis',(0.,1.,0.));
#2802=DIRECTION('ref_axis',(1.,0.,0.));
#2803=DIRECTION('',(0.,1.,0.));
#2804=DIRECTION('',(0.,-1.,0.));
#2805=DIRECTION('center_axis',(0.,1.,0.));
#2806=DIRECTION('ref_axis',(1.,0.,0.));
#2807=DIRECTION('center_axis',(0.,-1.,0.));
#2808=DIRECTION('ref_axis',(0.,0.,-1.));
#2809=DIRECTION('',(-0.576117586076675,0.,-0.817366825246282));
#2810=DIRECTION('',(-1.,0.,0.));
#2811=DIRECTION('',(0.,0.,-1.));
#2812=DIRECTION('center_axis',(0.,0.,1.));
#2813=DIRECTION('ref_axis',(1.,0.,0.));
#2814=DIRECTION('',(0.,1.,0.));
#2815=DIRECTION('',(0.,-1.,0.));
#2816=DIRECTION('',(-1.,0.,0.));
#2817=DIRECTION('center_axis',(1.,0.,0.));
#2818=DIRECTION('ref_axis',(0.,0.,-1.));
#2819=DIRECTION('',(0.,-1.,0.));
#2820=DIRECTION('',(0.,0.,-1.));
#2821=DIRECTION('center_axis',(0.,-1.,0.));
#2822=DIRECTION('ref_axis',(0.,0.,-1.));
#2823=DIRECTION('',(-0.576117586076675,0.,-0.817366825246282));
#2824=DIRECTION('',(0.559606219964298,-0.237693188186789,0.793941324574348));
#2825=DIRECTION('',(0.976384172043692,0.216041543649719,0.));
#2826=DIRECTION('',(0.,1.,0.));
#2827=DIRECTION('',(0.559606219964298,-0.237693188186789,0.793941324574348));
#2828=DIRECTION('center_axis',(1.,0.,0.));
#2829=DIRECTION('ref_axis',(0.,0.,-1.));
#2830=DIRECTION('',(0.,1.,0.));
#2831=DIRECTION('',(0.,0.,1.));
#2832=DIRECTION('center_axis',(0.,0.,-1.));
#2833=DIRECTION('ref_axis',(0.,1.,0.));
#2834=DIRECTION('',(1.,0.,0.));
#2835=DIRECTION('',(0.,1.,0.));
#2836=DIRECTION('',(1.,0.,0.));
#2837=DIRECTION('',(0.,-1.,0.));
#2838=DIRECTION('',(0.,-1.,0.));
#2839=DIRECTION('',(1.,0.,0.));
#2840=DIRECTION('',(0.,1.,0.));
#2841=DIRECTION('',(1.,0.,0.));
#2842=DIRECTION('',(0.,-1.,0.));
#2843=DIRECTION('',(1.,0.,0.));
#2844=DIRECTION('',(0.818029158386142,-0.575176751990256,0.));
#2845=DIRECTION('',(1.,0.,0.));
#2846=DIRECTION('',(0.720112860261684,-0.693856951025019,0.));
#2847=DIRECTION('',(0.,1.,0.));
#2848=DIRECTION('',(0.,1.,0.));
#2849=DIRECTION('center_axis',(1.,0.,0.));
#2850=DIRECTION('ref_axis',(0.,0.,-1.));
#2851=DIRECTION('',(0.,0.,-1.));
#2852=DIRECTION('center_axis',(1.,0.,0.));
#2853=DIRECTION('ref_axis',(0.,0.,-1.));
#2854=DIRECTION('center_axis',(1.,0.,0.));
#2855=DIRECTION('ref_axis',(0.,0.,-1.));
#2856=DIRECTION('',(-1.,0.,0.));
#2857=DIRECTION('',(1.,0.,0.));
#2858=DIRECTION('center_axis',(-1.,0.,0.));
#2859=DIRECTION('ref_axis',(0.,0.,-1.));
#2860=DIRECTION('center_axis',(-1.,0.,0.));
#2861=DIRECTION('ref_axis',(0.,0.,1.));
#2862=DIRECTION('',(0.,0.,1.));
#2863=DIRECTION('center_axis',(0.,0.533684044951236,0.845683948153497));
#2864=DIRECTION('ref_axis',(1.,0.,0.));
#2865=DIRECTION('',(1.,0.,0.));
#2866=DIRECTION('',(0.594295723813331,-0.680138439475255,0.429213578309627));
#2867=DIRECTION('',(-1.,0.,0.));
#2868=DIRECTION('',(-0.594295723813329,-0.680138439475256,0.429213578309628));
#2869=DIRECTION('center_axis',(-0.585490553844358,0.,0.810679228399881));
#2870=DIRECTION('ref_axis',(0.810679228399881,0.,0.585490553844358));
#2871=DIRECTION('',(0.,1.,0.));
#2872=DIRECTION('',(0.59563150999772,0.678358108608513,0.43017831277613));
#2873=DIRECTION('',(0.,-1.,0.));
#2874=DIRECTION('center_axis',(0.,0.,1.));
#2875=DIRECTION('ref_axis',(1.,0.,0.));
#2876=DIRECTION('',(1.,0.,0.));
#2877=DIRECTION('',(0.,1.,0.));
#2878=DIRECTION('center_axis',(0.,-0.535542025358333,0.844508578449678));
#2879=DIRECTION('ref_axis',(1.,0.,0.));
#2880=DIRECTION('',(-1.,0.,0.));
#2881=DIRECTION('',(-0.595631509997718,0.678358108608514,0.430178312776131));
#2882=DIRECTION('center_axis',(0.585490553844359,0.,0.81067922839988));
#2883=DIRECTION('ref_axis',(0.81067922839988,0.,-0.585490553844359));
#2884=DIRECTION('',(0.,-1.,0.));
#2885=DIRECTION('center_axis',(-1.,0.,0.));
#2886=DIRECTION('ref_axis',(0.,0.,1.));
#2887=DIRECTION('',(0.,1.,0.));
#2888=DIRECTION('center_axis',(-1.,0.,0.));
#2889=DIRECTION('ref_axis',(0.,0.,-1.));
#2890=DIRECTION('center_axis',(1.,0.,0.));
#2891=DIRECTION('ref_axis',(0.,1.22464679914735E-16,1.));
#2892=DIRECTION('',(1.,0.,0.));
#2893=DIRECTION('',(-1.,0.,0.));
#2894=DIRECTION('center_axis',(1.,0.,0.));
#2895=DIRECTION('ref_axis',(0.,0.,-1.));
#2896=DIRECTION('center_axis',(1.,0.,0.));
#2897=DIRECTION('ref_axis',(0.,0.,-1.));
#2898=DIRECTION('',(0.,-1.,0.));
#2899=DIRECTION('center_axis',(-1.,0.,0.));
#2900=DIRECTION('ref_axis',(0.,0.,1.));
#2901=DIRECTION('',(0.,1.,0.));
#2902=DIRECTION('center_axis',(-1.,0.,0.));
#2903=DIRECTION('ref_axis',(0.,0.,-1.));
#2904=DIRECTION('center_axis',(1.,0.,0.));
#2905=DIRECTION('ref_axis',(0.,1.22464679914735E-16,1.));
#2906=DIRECTION('',(1.,0.,0.));
#2907=DIRECTION('',(-1.,0.,0.));
#2908=DIRECTION('center_axis',(1.,0.,0.));
#2909=DIRECTION('ref_axis',(0.,0.,-1.));
#2910=DIRECTION('center_axis',(1.,0.,0.));
#2911=DIRECTION('ref_axis',(0.,0.,-1.));
#2912=DIRECTION('',(0.,-1.,0.));
#2913=DIRECTION('center_axis',(-1.,0.,0.));
#2914=DIRECTION('ref_axis',(0.,0.,1.));
#2915=DIRECTION('',(0.,1.,0.));
#2916=DIRECTION('center_axis',(-1.,0.,0.));
#2917=DIRECTION('ref_axis',(0.,0.,-1.));
#2918=DIRECTION('center_axis',(1.,0.,0.));
#2919=DIRECTION('ref_axis',(0.,1.22464679914735E-16,1.));
#2920=DIRECTION('',(1.,0.,0.));
#2921=DIRECTION('',(-1.,0.,0.));
#2922=DIRECTION('center_axis',(1.,0.,0.));
#2923=DIRECTION('ref_axis',(0.,0.,-1.));
#2924=DIRECTION('center_axis',(1.,0.,0.));
#2925=DIRECTION('ref_axis',(0.,0.,-1.));
#2926=DIRECTION('',(0.,-1.,0.));
#2927=DIRECTION('center_axis',(0.,0.,-1.));
#2928=DIRECTION('ref_axis',(0.,1.,0.));
#2929=DIRECTION('',(1.,0.,0.));
#2930=DIRECTION('',(0.,1.,0.));
#2931=DIRECTION('',(1.,0.,0.));
#2932=DIRECTION('center_axis',(0.,-1.,0.));
#2933=DIRECTION('ref_axis',(0.,0.,-1.));
#2934=DIRECTION('',(0.,0.,-1.));
#2935=DIRECTION('',(1.,0.,0.));
#2936=DIRECTION('center_axis',(0.,-0.707106781186551,0.707106781186544));
#2937=DIRECTION('ref_axis',(0.,-0.707106781186544,-0.707106781186551));
#2938=DIRECTION('',(0.,-0.707106781186544,-0.707106781186551));
#2939=DIRECTION('center_axis',(0.,0.707106781186551,0.707106781186544));
#2940=DIRECTION('ref_axis',(0.,-0.707106781186544,0.707106781186551));
#2941=DIRECTION('',(0.,-0.707106781186544,0.707106781186551));
#2942=DIRECTION('',(1.,0.,0.));
#2943=DIRECTION('center_axis',(0.,1.,0.));
#2944=DIRECTION('ref_axis',(0.,0.,1.));
#2945=DIRECTION('',(0.,0.,1.));
#2946=DIRECTION('center_axis',(1.,0.,0.));
#2947=DIRECTION('ref_axis',(0.,0.,-1.));
#2948=DIRECTION('center_axis',(0.,1.,0.));
#2949=DIRECTION('ref_axis',(0.,0.,1.));
#2950=DIRECTION('',(1.,0.,0.));
#2951=DIRECTION('',(0.,0.,1.));
#2952=DIRECTION('center_axis',(0.,-1.,0.));
#2953=DIRECTION('ref_axis',(0.,0.,-1.));
#2954=DIRECTION('',(0.,0.,-1.));
#2955=DIRECTION('',(1.,0.,0.));
#2956=DIRECTION('center_axis',(0.,0.,1.));
#2957=DIRECTION('ref_axis',(0.,-1.,0.));
#2958=DIRECTION('',(0.,-1.,0.));
#2959=DIRECTION('center_axis',(1.,0.,0.));
#2960=DIRECTION('ref_axis',(0.,0.,-1.));
#2961=DIRECTION('',(0.,0.,1.));
#2962=DIRECTION('',(0.,1.,0.));
#2963=DIRECTION('',(0.,0.,-1.));
#2964=DIRECTION('center_axis',(0.,-1.,0.));
#2965=DIRECTION('ref_axis',(0.,0.,-1.));
#2966=DIRECTION('',(0.,0.,1.));
#2967=DIRECTION('',(0.,0.,1.));
#2968=DIRECTION('',(0.,0.,1.));
#2969=DIRECTION('center_axis',(0.,1.,0.));
#2970=DIRECTION('ref_axis',(0.,0.,1.));
#2971=DIRECTION('',(0.,0.,-1.));
#2972=DIRECTION('center_axis',(-0.68394112888133,0.729537204140085,0.));
#2973=DIRECTION('ref_axis',(0.,0.,1.));
#2974=DIRECTION('',(0.,0.,-1.));
#2975=DIRECTION('',(0.729522604091993,0.683927441336244,0.00632653982015817));
#2976=DIRECTION('',(0.,-0.496138938356833,-0.86824314212446));
#2977=DIRECTION('',(0.75243168409395,0.658377723582207,0.0196299226247493));
#2978=DIRECTION('',(0.,-0.682318250360012,-0.731055268242868));
#2979=DIRECTION('',(0.768573754637928,0.638876933542778,0.0336251017654095));
#2980=DIRECTION('',(0.,-0.92219438182853,-0.386726676250676));
#2981=DIRECTION('',(0.777515322272025,0.628859300653336,0.00242973538210003));
#2982=DIRECTION('center_axis',(0.00312498474132263,0.,-0.999995117223263));
#2983=DIRECTION('ref_axis',(-0.999995117223263,0.,-0.00312498474132263));
#2984=DIRECTION('',(0.,-1.,0.));
#2985=DIRECTION('',(0.818026485538081,-0.575174872643963,0.00255633276730645));
#2986=DIRECTION('center_axis',(-0.575176751990256,-0.818029158386142,0.));
#2987=DIRECTION('ref_axis',(0.,0.,1.));
#2988=DIRECTION('',(0.,0.,1.));
#2989=DIRECTION('',(0.566713567009957,-0.179943703001828,0.804024873195376));
#2990=DIRECTION('center_axis',(-0.817366825246282,0.,0.576117586076675));
#2991=DIRECTION('ref_axis',(0.576117586076675,0.,0.817366825246282));
#2992=DIRECTION('',(0.550521707622561,0.294758497622913,0.781052672689508));
#2993=DIRECTION('center_axis',(-0.817366825246282,0.,0.576117586076675));
#2994=DIRECTION('ref_axis',(0.576117586076675,0.,0.817366825246282));
#2995=DIRECTION('',(0.558573165455075,0.244904711747822,0.792475678489387));
#2996=DIRECTION('center_axis',(1.,0.,0.));
#2997=DIRECTION('ref_axis',(0.,0.,-1.));
#2998=DIRECTION('',(0.,1.,0.));
#2999=DIRECTION('',(0.,0.,-1.));
#3000=DIRECTION('',(0.,0.,1.));
#3001=DIRECTION('center_axis',(1.,0.,0.));
#3002=DIRECTION('ref_axis',(0.,0.,-1.));
#3003=DIRECTION('',(0.,1.,0.));
#3004=DIRECTION('',(0.,0.,-1.));
#3005=DIRECTION('',(0.,0.,1.));
#3006=DIRECTION('center_axis',(1.,0.,0.));
#3007=DIRECTION('ref_axis',(0.,0.,-1.));
#3008=DIRECTION('',(0.,-0.761939317759465,-0.647648420095534));
#3009=DIRECTION('',(0.,0.682318250360012,0.731055268242868));
#3010=DIRECTION('',(0.,0.92219438182853,0.386726676250676));
#3011=DIRECTION('',(0.,1.,0.));
#3012=DIRECTION('',(0.,-0.938343116817109,-0.345705358827358));
#3013=DIRECTION('center_axis',(1.,0.,0.));
#3014=DIRECTION('ref_axis',(0.,0.,-1.));
#3015=DIRECTION('',(0.,-0.242535625036332,-0.970142500145332));
#3016=DIRECTION('',(0.,0.,1.));
#3017=DIRECTION('',(0.,0.496138938356833,0.86824314212446));
#3018=DIRECTION('center_axis',(0.,-0.86824314212446,0.496138938356833));
#3019=DIRECTION('ref_axis',(0.,-0.496138938356833,-0.86824314212446));
#3020=DIRECTION('',(1.,0.,0.));
#3021=DIRECTION('',(1.,0.,0.));
#3022=DIRECTION('',(0.,0.496138938356833,0.86824314212446));
#3023=DIRECTION('center_axis',(0.,-0.731055268242868,0.682318250360012));
#3024=DIRECTION('ref_axis',(0.,-0.682318250360012,-0.731055268242868));
#3025=DIRECTION('',(0.,0.682318250360012,0.731055268242868));
#3026=DIRECTION('',(1.,0.,0.));
#3027=DIRECTION('center_axis',(0.,-0.386726676250676,0.92219438182853));
#3028=DIRECTION('ref_axis',(0.,-0.92219438182853,-0.386726676250676));
#3029=DIRECTION('',(1.,0.,0.));
#3030=DIRECTION('center_axis',(0.,0.,1.));
#3031=DIRECTION('ref_axis',(0.,-1.,0.));
#3032=DIRECTION('',(1.,0.,0.));
#3033=DIRECTION('',(0.,1.,0.));
#3034=DIRECTION('center_axis',(1.,0.,0.));
#3035=DIRECTION('ref_axis',(0.,0.,-1.));
#3036=DIRECTION('',(0.,0.,1.));
#3037=DIRECTION('',(0.,-1.,0.));
#3038=DIRECTION('',(0.,-0.938343116817109,-0.345705358827358));
#3039=DIRECTION('center_axis',(1.,0.,0.));
#3040=DIRECTION('ref_axis',(0.,0.,-1.));
#3041=DIRECTION('',(0.,-0.761939317759465,-0.647648420095534));
#3042=DIRECTION('',(0.,-0.514495755427525,-0.857492925712545));
#3043=DIRECTION('',(0.,-0.242535625036332,-0.970142500145332));
#3044=DIRECTION('center_axis',(1.,0.,0.));
#3045=DIRECTION('ref_axis',(0.,0.,-1.));
#3046=DIRECTION('',(0.,-1.,0.));
#3047=DIRECTION('',(0.,0.938343116817109,0.345705358827358));
#3048=DIRECTION('',(0.,1.,0.));
#3049=DIRECTION('',(0.,0.,-1.));
#3050=DIRECTION('center_axis',(0.,0.,-1.));
#3051=DIRECTION('ref_axis',(0.,1.,0.));
#3052=DIRECTION('',(0.,-1.,0.));
#3053=DIRECTION('',(1.,0.,0.));
#3054=DIRECTION('',(1.,0.,0.));
#3055=DIRECTION('center_axis',(0.,-0.970142500145332,0.242535625036332));
#3056=DIRECTION('ref_axis',(0.,-0.242535625036332,-0.970142500145332));
#3057=DIRECTION('',(0.,0.242535625036332,0.970142500145332));
#3058=DIRECTION('',(1.,0.,0.));
#3059=DIRECTION('',(1.,0.,0.));
#3060=DIRECTION('',(0.,0.242535625036332,0.970142500145332));
#3061=DIRECTION('center_axis',(0.,-0.857492925712545,0.514495755427525));
#3062=DIRECTION('ref_axis',(0.,-0.514495755427525,-0.857492925712545));
#3063=DIRECTION('',(0.,0.514495755427525,0.857492925712545));
#3064=DIRECTION('',(1.,0.,0.));
#3065=DIRECTION('center_axis',(0.,-0.647648420095534,0.761939317759465));
#3066=DIRECTION('ref_axis',(0.,-0.761939317759465,-0.647648420095534));
#3067=DIRECTION('',(0.,0.761939317759465,0.647648420095534));
#3068=DIRECTION('',(1.,0.,0.));
#3069=DIRECTION('',(0.,0.761939317759465,0.647648420095534));
#3070=DIRECTION('center_axis',(0.,-0.345705358827358,0.938343116817109));
#3071=DIRECTION('ref_axis',(0.,-0.938343116817109,-0.345705358827358));
#3072=DIRECTION('',(0.,0.938343116817109,0.345705358827358));
#3073=DIRECTION('',(1.,0.,0.));
#3074=DIRECTION('center_axis',(0.,0.,1.));
#3075=DIRECTION('ref_axis',(0.,-1.,0.));
#3076=DIRECTION('',(1.,0.,0.));
#3077=DIRECTION('center_axis',(0.,0.,-1.));
#3078=DIRECTION('ref_axis',(0.,1.,0.));
#3079=DIRECTION('',(0.,-1.,0.));
#3080=DIRECTION('',(1.,0.,0.));
#3081=DIRECTION('',(1.,0.,0.));
#3082=DIRECTION('center_axis',(0.,1.,0.));
#3083=DIRECTION('ref_axis',(0.,0.,1.));
#3084=DIRECTION('',(0.,0.,-1.));
#3085=DIRECTION('center_axis',(0.,-1.,0.));
#3086=DIRECTION('ref_axis',(0.,0.,-1.));
#3087=DIRECTION('',(0.,0.,1.));
#3088=DIRECTION('center_axis',(1.,0.,0.));
#3089=DIRECTION('ref_axis',(0.,0.,-1.));
#3090=DIRECTION('',(0.,-0.496138938356833,-0.86824314212446));
#3091=DIRECTION('',(0.,-0.682318250360012,-0.731055268242868));
#3092=DIRECTION('center_axis',(1.,0.,0.));
#3093=DIRECTION('ref_axis',(0.,0.,-1.));
#3094=DIRECTION('',(0.,-0.496138938356833,-0.86824314212446));
#3095=DIRECTION('',(0.,0.,-1.));
#3096=DIRECTION('center_axis',(1.,0.,0.));
#3097=DIRECTION('ref_axis',(0.,0.,-1.));
#3098=DIRECTION('',(0.,-1.,0.));
#3099=DIRECTION('',(0.,-0.92219438182853,-0.386726676250676));
#3100=DIRECTION('',(0.,-0.682318250360012,-0.731055268242868));
#3101=DIRECTION('center_axis',(1.,0.,0.));
#3102=DIRECTION('ref_axis',(0.,0.,-1.));
#3103=DIRECTION('',(0.,0.,1.));
#3104=DIRECTION('center_axis',(1.,0.,0.));
#3105=DIRECTION('ref_axis',(0.,0.,-1.));
#3106=DIRECTION('',(0.,0.,-1.));
#3107=DIRECTION('center_axis',(0.,-1.,0.));
#3108=DIRECTION('ref_axis',(0.,0.,-1.));
#3109=DIRECTION('',(0.,0.,1.));
#3110=DIRECTION('',(1.,0.,0.));
#3111=DIRECTION('center_axis',(0.,-0.86824314212446,0.496138938356833));
#3112=DIRECTION('ref_axis',(0.,-0.496138938356833,-0.86824314212446));
#3113=DIRECTION('',(0.,0.496138938356833,0.86824314212446));
#3114=DIRECTION('',(1.,0.,0.));
#3115=DIRECTION('center_axis',(0.,-0.731055268242868,0.682318250360012));
#3116=DIRECTION('ref_axis',(0.,-0.682318250360012,-0.731055268242868));
#3117=DIRECTION('',(0.,0.682318250360012,0.731055268242868));
#3118=DIRECTION('',(1.,0.,0.));
#3119=DIRECTION('center_axis',(0.,-0.386726676250676,0.92219438182853));
#3120=DIRECTION('ref_axis',(0.,-0.92219438182853,-0.386726676250676));
#3121=DIRECTION('',(0.,0.92219438182853,0.386726676250676));
#3122=DIRECTION('',(1.,0.,0.));
#3123=DIRECTION('center_axis',(0.,1.,0.));
#3124=DIRECTION('ref_axis',(0.,0.,1.));
#3125=DIRECTION('',(0.,0.,-1.));
#3126=DIRECTION('',(1.,0.,0.));
#3127=DIRECTION('',(0.,0.,-1.));
#3128=DIRECTION('',(0.,0.,-1.));
#3129=DIRECTION('',(0.,0.,-1.));
#3130=DIRECTION('',(0.451497967026537,-0.41455722426982,0.79012144229644));
#3131=DIRECTION('',(0.769833349117921,-0.636862134270281,0.0419909099518864));
#3132=DIRECTION('',(0.,-0.429933580392345,-0.902860518823932));
#3133=DIRECTION('',(0.777234751674925,-0.628853571809713,0.0211973114093157));
#3134=DIRECTION('',(0.,-0.741535779123772,-0.670913323969125));
#3135=DIRECTION('',(0.79476781392673,-0.60691360336223,0.));
#3136=DIRECTION('',(0.,-0.931242779705753,0.364399348580512));
#3137=DIRECTION('',(0.874071412740005,0.485797453092019,0.));
#3138=DIRECTION('',(0.,1.,0.));
#3139=DIRECTION('',(0.861442711064238,0.506630574362299,0.0352408381799006));
#3140=DIRECTION('',(0.,-0.624695047554426,0.780868809443029));
#3141=DIRECTION('',(0.,1.,0.));
#3142=DIRECTION('',(0.846592284091633,0.527196104184335,0.07311478817155));
#3143=DIRECTION('',(0.,-0.429933580392345,0.902860518823932));
#3144=DIRECTION('',(0.864523290997346,0.499065717984832,0.0594381060886166));
#3145=DIRECTION('center_axis',(0.499949632510924,-0.866054481514986,0.));
#3146=DIRECTION('ref_axis',(0.,0.,-1.));
#3147=DIRECTION('',(0.,0.,1.));
#3148=DIRECTION('',(0.864886790564081,0.499275556371083,-0.0519110616160857));
#3149=DIRECTION('',(0.,0.371390676354103,0.92847669088526));
#3150=DIRECTION('',(0.847043960604698,0.527477375467471,-0.0654533969558175));
#3151=DIRECTION('',(0.,0.789352217376325,0.613940613514923));
#3152=DIRECTION('',(0.868841019910435,0.49494940246026,-0.0118478320896875));
#3153=DIRECTION('center_axis',(0.0136350959694265,0.,0.999907037757963));
#3154=DIRECTION('ref_axis',(0.999907037757963,0.,-0.0136350959694265));
#3155=DIRECTION('',(0.,1.,0.));
#3156=DIRECTION('',(0.999907037757963,0.,-0.0136350959694265));
#3157=DIRECTION('center_axis',(0.0136350959694265,0.,0.999907037757963));
#3158=DIRECTION('ref_axis',(0.999907037757963,0.,-0.0136350959694265));
#3159=DIRECTION('',(0.,1.,0.));
#3160=DIRECTION('',(0.999907037757963,0.,-0.0136350959694265));
#3161=DIRECTION('',(0.74507477632854,-0.666903553620649,-0.0101601105862981));
#3162=DIRECTION('',(0.,0.707106781186545,-0.70710678118655));
#3163=DIRECTION('',(0.718965765915749,-0.692821556246086,-0.0555564455480352));
#3164=DIRECTION('',(0.,0.371390676354103,-0.92847669088526));
#3165=DIRECTION('center_axis',(0.,-0.92847669088526,-0.371390676354103));
#3166=DIRECTION('ref_axis',(0.,0.371390676354103,-0.92847669088526));
#3167=DIRECTION('',(0.,-0.371390676354103,0.92847669088526));
#3168=DIRECTION('',(1.,0.,0.));
#3169=DIRECTION('',(1.,0.,0.));
#3170=DIRECTION('center_axis',(0.,-1.,0.));
#3171=DIRECTION('ref_axis',(0.,0.,-1.));
#3172=DIRECTION('',(0.,0.,1.));
#3173=DIRECTION('',(1.,0.,0.));
#3174=DIRECTION('center_axis',(0.,-0.902860518823932,0.429933580392345));
#3175=DIRECTION('ref_axis',(0.,-0.429933580392345,-0.902860518823932));
#3176=DIRECTION('',(0.,0.429933580392345,0.902860518823932));
#3177=DIRECTION('',(1.,0.,0.));
#3178=DIRECTION('center_axis',(0.,-0.670913323969125,0.741535779123772));
#3179=DIRECTION('ref_axis',(0.,-0.741535779123772,-0.670913323969125));
#3180=DIRECTION('',(0.,0.741535779123772,0.670913323969125));
#3181=DIRECTION('',(1.,0.,0.));
#3182=DIRECTION('center_axis',(0.,0.,1.));
#3183=DIRECTION('ref_axis',(0.,-1.,0.));
#3184=DIRECTION('',(0.,1.,0.));
#3185=DIRECTION('',(1.,0.,0.));
#3186=DIRECTION('center_axis',(0.,0.364399348580512,0.931242779705753));
#3187=DIRECTION('ref_axis',(0.,-0.931242779705753,0.364399348580512));
#3188=DIRECTION('',(0.,0.931242779705753,-0.364399348580512));
#3189=DIRECTION('',(1.,0.,0.));
#3190=DIRECTION('center_axis',(0.,0.780868809443029,0.624695047554426));
#3191=DIRECTION('ref_axis',(0.,-0.624695047554426,0.780868809443029));
#3192=DIRECTION('',(0.,0.624695047554426,-0.780868809443029));
#3193=DIRECTION('',(1.,0.,0.));
#3194=DIRECTION('',(0.,0.624695047554426,-0.780868809443029));
#3195=DIRECTION('center_axis',(0.,0.902860518823932,0.429933580392345));
#3196=DIRECTION('ref_axis',(0.,-0.429933580392345,0.902860518823932));
#3197=DIRECTION('',(0.,0.429933580392345,-0.902860518823932));
#3198=DIRECTION('',(1.,0.,0.));
#3199=DIRECTION('center_axis',(0.,0.92847669088526,-0.371390676354103));
#3200=DIRECTION('ref_axis',(0.,0.371390676354103,0.92847669088526));
#3201=DIRECTION('',(0.,-0.371390676354103,-0.92847669088526));
#3202=DIRECTION('',(1.,0.,0.));
#3203=DIRECTION('',(1.,0.,0.));
#3204=DIRECTION('',(0.,-0.371390676354103,-0.92847669088526));
#3205=DIRECTION('center_axis',(0.,0.613940613514923,-0.789352217376325));
#3206=DIRECTION('ref_axis',(0.,0.789352217376325,0.613940613514923));
#3207=DIRECTION('',(0.,-0.789352217376325,-0.613940613514923));
#3208=DIRECTION('',(1.,0.,0.));
#3209=DIRECTION('',(0.,-0.789352217376325,-0.613940613514923));
#3210=DIRECTION('center_axis',(0.,0.,-1.));
#3211=DIRECTION('ref_axis',(0.,1.,0.));
#3212=DIRECTION('',(0.,-1.,0.));
#3213=DIRECTION('',(1.,0.,0.));
#3214=DIRECTION('center_axis',(0.,0.,-1.));
#3215=DIRECTION('ref_axis',(0.,1.,0.));
#3216=DIRECTION('',(0.,-1.,0.));
#3217=DIRECTION('',(1.,0.,0.));
#3218=DIRECTION('',(1.,0.,0.));
#3219=DIRECTION('center_axis',(0.,-0.70710678118655,-0.707106781186545));
#3220=DIRECTION('ref_axis',(0.,0.707106781186545,-0.70710678118655));
#3221=DIRECTION('',(0.,-0.707106781186545,0.70710678118655));
#3222=DIRECTION('center_axis',(1.,-6.84660068618875E-30,3.19814232363066E-28));
#3223=DIRECTION('ref_axis',(3.19814232363066E-28,0.,-1.));
#3224=DIRECTION('',(0.,0.,1.));
#3225=DIRECTION('',(0.,0.,1.));
#3226=DIRECTION('',(0.,0.950091807135884,0.311970444134169));
#3227=DIRECTION('',(0.,1.,0.));
#3228=DIRECTION('',(0.,0.950091807135884,-0.311970444134169));
#3229=DIRECTION('',(0.,0.,-1.));
#3230=DIRECTION('',(0.,1.,0.));
#3231=DIRECTION('',(0.,0.,-1.));
#3232=DIRECTION('',(0.,0.,-1.));
#3233=DIRECTION('',(0.,-1.,0.));
#3234=DIRECTION('',(0.,0.,-1.));
#3235=DIRECTION('',(0.,-0.994586492849407,-0.103912021640983));
#3236=DIRECTION('',(0.,0.,-1.));
#3237=DIRECTION('',(0.,-1.,0.));
#3238=DIRECTION('',(0.,0.,1.));
#3239=DIRECTION('',(0.,-1.,0.));
#3240=DIRECTION('',(0.,0.,-1.));
#3241=DIRECTION('',(0.,-1.,0.));
#3242=DIRECTION('',(0.,0.,1.));
#3243=DIRECTION('',(0.,-0.994586492849407,0.103912021640983));
#3244=DIRECTION('center_axis',(0.558853462072306,0.829266427591156,1.10774044442007E-15));
#3245=DIRECTION('ref_axis',(1.98216620205307E-15,0.,-1.));
#3246=DIRECTION('',(0.829266427591155,-0.558853462072307,0.));
#3247=DIRECTION('',(0.770829959414658,-0.519472363953363,0.368740609043135));
#3248=DIRECTION('',(0.840121341977549,-0.383533656120191,0.383533656120192));
#3249=DIRECTION('',(0.552614849759678,-0.80489554204128,0.216240593384226));
#3250=DIRECTION('center_axis',(0.364399348580519,-6.74877862578016E-17,
-0.931242779705751));
#3251=DIRECTION('ref_axis',(-0.931242779705751,0.,-0.364399348580519));
#3252=DIRECTION('',(0.609873643005177,0.75571299241947,0.238646208132466));
#3253=DIRECTION('',(0.807390386357641,0.228175543970641,0.544110912545375));
#3254=DIRECTION('',(0.402843331577865,0.164162638283314,0.900426498052511));
#3255=DIRECTION('',(0.416191608686186,-0.0904764366709108,0.904764366709112));
#3256=DIRECTION('',(0.462113063576093,0.,0.886821017157531));
#3257=DIRECTION('center_axis',(0.,-1.,0.));
#3258=DIRECTION('ref_axis',(0.,0.,-1.));
#3259=DIRECTION('',(0.281173384026515,0.,-0.959656984612251));
#3260=DIRECTION('',(0.270411012600336,0.17254023676326,-0.947157722326191));
#3261=DIRECTION('',(0.815469540796779,0.372279572972448,-0.443189967824343));
#3262=DIRECTION('',(0.49442188566037,0.818531195276709,-0.292495609093412));
#3263=DIRECTION('',(0.548825987370137,0.835169980780655,0.035792999176313));
#3264=DIRECTION('center_axis',(-0.0650791373455963,-1.3969022913711E-16,
0.997880105965818));
#3265=DIRECTION('ref_axis',(0.997880105965818,0.,0.0650791373455963));
#3266=DIRECTION('',(0.997880105965819,0.,0.0650791373455964));
#3267=DIRECTION('center_axis',(0.,1.,0.));
#3268=DIRECTION('ref_axis',(0.,0.,1.));
#3269=DIRECTION('',(1.,0.,0.));
#3270=DIRECTION('center_axis',(0.,0.,1.));
#3271=DIRECTION('ref_axis',(1.,0.,0.));
#3272=DIRECTION('',(1.,0.,0.));
#3273=DIRECTION('center_axis',(0.,-1.,0.));
#3274=DIRECTION('ref_axis',(0.,0.,-1.));
#3275=DIRECTION('',(0.997880105965819,0.,0.0650791373455964));
#3276=DIRECTION('center_axis',(-0.065079137345596,2.26663892199883E-16,
0.997880105965818));
#3277=DIRECTION('ref_axis',(0.997880105965818,0.,0.065079137345596));
#3278=DIRECTION('',(0.527621477104769,-0.848782376212031,0.0344100963329194));
#3279=DIRECTION('',(0.45582552029141,-0.872014038818362,-0.178366507940119));
#3280=DIRECTION('',(0.45582552029141,-0.872014038818362,-0.178366507940119));
#3281=CARTESIAN_POINT('',(0.,0.,0.));
#3282=CARTESIAN_POINT('Origin',(-1.25,-1.89,5.275));
#3283=CARTESIAN_POINT('',(-1.53055531081738,-1.89,6.82));
#3284=CARTESIAN_POINT('',(-1.35,-1.89,6.82));
#3285=CARTESIAN_POINT('',(-1.425,-1.89,6.82));
#3286=CARTESIAN_POINT('',(-1.75,-1.89,6.25));
#3287=CARTESIAN_POINT('Origin',(-0.9,-1.89,6.25));
#3288=CARTESIAN_POINT('',(-2.1,-1.89,6.25));
#3289=CARTESIAN_POINT('',(-1.25,-1.89,6.25));
#3290=CARTESIAN_POINT('',(-2.1,-1.89,4.67558823529412));
#3291=CARTESIAN_POINT('',(-2.1,-1.89,5.275));
#3292=CARTESIAN_POINT('',(-1.72790697674419,-1.89,4.365));
#3293=CARTESIAN_POINT('Ctrl Pts',(-1.72790697674419,-1.89,4.365));
#3294=CARTESIAN_POINT('Ctrl Pts',(-1.73779483096141,-1.89,4.40817713966931));
#3295=CARTESIAN_POINT('Ctrl Pts',(-1.75071280012369,-1.89,4.45370235806673));
#3296=CARTESIAN_POINT('Ctrl Pts',(-1.78026833532023,-1.89,4.52373058831638));
#3297=CARTESIAN_POINT('Ctrl Pts',(-1.79533403629152,-1.89,4.55212681826619));
#3298=CARTESIAN_POINT('Ctrl Pts',(-1.83360147038627,-1.89,4.60221572183285));
#3299=CARTESIAN_POINT('Ctrl Pts',(-1.85615040063487,-1.89,4.62307133365917));
#3300=CARTESIAN_POINT('Ctrl Pts',(-1.91127174403528,-1.89,4.65545207306404));
#3301=CARTESIAN_POINT('Ctrl Pts',(-1.942940110528,-1.89,4.66612705541765));
#3302=CARTESIAN_POINT('Ctrl Pts',(-2.01402888666833,-1.89,4.67754283451034));
#3303=CARTESIAN_POINT('Ctrl Pts',(-2.05380800226238,-1.89,4.678767331609));
#3304=CARTESIAN_POINT('Ctrl Pts',(-2.1,-1.89,4.67558823529412));
#3305=CARTESIAN_POINT('',(-1.35,-1.89,4.365));
#3306=CARTESIAN_POINT('',(-6.025,-1.89,4.365));
#3307=CARTESIAN_POINT('',(-1.35,-1.89,5.43375));
#3308=CARTESIAN_POINT('Origin',(-1.25,-2.265,5.275));
#3309=CARTESIAN_POINT('',(-2.1,-2.265,5.925625));
#3310=CARTESIAN_POINT('',(-1.87136563876652,-2.265,6.25));
#3311=CARTESIAN_POINT('',(-2.66212708579134,-2.265,5.12810719703354));
#3312=CARTESIAN_POINT('',(-2.1,-2.265,6.25));
#3313=CARTESIAN_POINT('',(-2.1,-2.265,5.275));
#3314=CARTESIAN_POINT('',(-1.25,-2.265,6.25));
#3315=CARTESIAN_POINT('Origin',(-1.25,-2.265,5.275));
#3316=CARTESIAN_POINT('',(-1.72382133030607,-2.265,6.45932848762826));
#3317=CARTESIAN_POINT('',(-1.66842332613391,-2.265,6.53792440604752));
#3318=CARTESIAN_POINT('',(-2.66212708579134,-2.265,5.12810719703354));
#3319=CARTESIAN_POINT('',(-1.53055531081738,-2.265,6.82));
#3320=CARTESIAN_POINT('Origin',(-0.9,-2.265,6.25));
#3321=CARTESIAN_POINT('',(-1.35,-2.265,6.82));
#3322=CARTESIAN_POINT('',(-1.425,-2.265,6.82));
#3323=CARTESIAN_POINT('',(-1.35,-2.265,4.365));
#3324=CARTESIAN_POINT('',(-1.35,-2.265,5.43375));
#3325=CARTESIAN_POINT('',(-1.62565597667638,-2.265,4.365));
#3326=CARTESIAN_POINT('',(-6.025,-2.265,4.365));
#3327=CARTESIAN_POINT('Ctrl Pts',(-1.66842332613391,-2.265,6.53792440604752));
#3328=CARTESIAN_POINT('Ctrl Pts',(-1.66476271686753,-2.265,6.47337980883951));
#3329=CARTESIAN_POINT('Ctrl Pts',(-1.66148391585619,-2.26501130004307,6.40328208991864));
#3330=CARTESIAN_POINT('Ctrl Pts',(-1.6585391441746,-2.26501691062608,6.32956523108545));
#3331=CARTESIAN_POINT('Ctrl Pts',(-1.65466016620209,-2.26502430112363,6.23246226266032));
#3332=CARTESIAN_POINT('Ctrl Pts',(-1.65136077167564,-2.26502265613722,6.12908124907486));
#3333=CARTESIAN_POINT('Ctrl Pts',(-1.64853175788104,-2.26501622368102,6.02392609067617));
#3334=CARTESIAN_POINT('Ctrl Pts',(-1.64570359439636,-2.26500979315821,5.91880253851211));
#3335=CARTESIAN_POINT('Ctrl Pts',(-1.64334552892359,-2.26500124689673,5.81191108859136));
#3336=CARTESIAN_POINT('Ctrl Pts',(-1.64134845718734,-2.26499918190538,5.7077600309013));
#3337=CARTESIAN_POINT('Ctrl Pts',(-1.63980565073042,-2.2649975866287,5.62729976431086));
#3338=CARTESIAN_POINT('Ctrl Pts',(-1.63847828868419,-2.265,5.54847526208798));
#3339=CARTESIAN_POINT('Ctrl Pts',(-1.63731606790617,-2.265,5.47334493628542));
#3340=CARTESIAN_POINT('Ctrl Pts',(-1.6352286257792,-2.265,5.33840481986423));
#3341=CARTESIAN_POINT('Ctrl Pts',(-1.63341031450286,-2.26500425978386,5.19688480788243));
#3342=CARTESIAN_POINT('Ctrl Pts',(-1.63182058571811,-2.26500441351433,5.05416759768962));
#3343=CARTESIAN_POINT('Ctrl Pts',(-1.6294549638187,-2.26500464227548,4.84179492060561));
#3344=CARTESIAN_POINT('Ctrl Pts',(-1.62759550160327,-2.26500021049978,4.62677984055731));
#3345=CARTESIAN_POINT('Ctrl Pts',(-1.62610858870216,-2.26500002055385,4.42692960530329));
#3346=CARTESIAN_POINT('Ctrl Pts',(-1.62595372724312,-2.26500000077105,4.40611527314065));
#3347=CARTESIAN_POINT('Ctrl Pts',(-1.62580290688227,-2.265,4.385465383908));
#3348=CARTESIAN_POINT('Ctrl Pts',(-1.62565597667638,-2.265,4.365));
#3349=CARTESIAN_POINT('Origin',(-0.9,-2.0775,6.25));
#3350=CARTESIAN_POINT('',(-1.72382133030607,-1.98129600393471,6.45932848762826));
#3351=CARTESIAN_POINT('',(-1.72382133030607,-2.0775,6.45932848762826));
#3352=CARTESIAN_POINT('',(-1.75,-1.98613636363636,6.25));
#3353=CARTESIAN_POINT('Ctrl Pts',(-1.75,-1.98613636363636,6.25));
#3354=CARTESIAN_POINT('Ctrl Pts',(-1.75,-1.98699773087491,6.26616330288795));
#3355=CARTESIAN_POINT('Ctrl Pts',(-1.74953899511525,-1.9876101689865,6.28236283083726));
#3356=CARTESIAN_POINT('Ctrl Pts',(-1.74549356422332,-1.98906770905816,6.35302974520207));
#3357=CARTESIAN_POINT('Ctrl Pts',(-1.73718721404258,-1.98699874816958,6.4067264732284));
#3358=CARTESIAN_POINT('Ctrl Pts',(-1.72382133030607,-1.98129600393471,6.45932848762826));
#3359=CARTESIAN_POINT('',(-1.75,-2.0775,6.25));
#3360=CARTESIAN_POINT('',(-1.53055531081738,-2.0775,6.82));
#3361=CARTESIAN_POINT('Origin',(-1.25,-2.0775,6.25));
#3362=CARTESIAN_POINT('',(-1.87136563876652,-2.06029368575624,6.25));
#3363=CARTESIAN_POINT('Ctrl Pts',(-1.87136563876652,-2.06029368575624,6.25));
#3364=CARTESIAN_POINT('Ctrl Pts',(-1.83213593887207,-2.03343339466251,6.25));
#3365=CARTESIAN_POINT('Ctrl Pts',(-1.79166471294306,-2.00878203609488,6.25000015893084));
#3366=CARTESIAN_POINT('Ctrl Pts',(-1.75,-1.98613636363636,6.25));
#3367=CARTESIAN_POINT('',(-1.87136563876652,-2.42458333333333,6.25));
#3368=CARTESIAN_POINT('',(-2.1,-2.0775,6.25));
#3369=CARTESIAN_POINT('Origin',(-2.1,-2.0775,5.275));
#3370=CARTESIAN_POINT('',(-2.1,-2.18270833333333,5.925625));
#3371=CARTESIAN_POINT('',(-2.1,-2.42458333333333,5.925625));
#3372=CARTESIAN_POINT('Ctrl Pts',(-2.1,-1.89,4.67558823529412));
#3373=CARTESIAN_POINT('Ctrl Pts',(-2.1,-1.98756944444444,5.09226715686274));
#3374=CARTESIAN_POINT('Ctrl Pts',(-2.1,-2.08513888888889,5.50894607843137));
#3375=CARTESIAN_POINT('Ctrl Pts',(-2.1,-2.18270833333333,5.925625));
#3376=CARTESIAN_POINT('Origin',(-1.6,3.,6.82));
#3377=CARTESIAN_POINT('',(-1.35,-1.69,6.82));
#3378=CARTESIAN_POINT('',(-1.35,-3.,6.82));
#3379=CARTESIAN_POINT('',(-0.44,-1.69,6.82));
#3380=CARTESIAN_POINT('',(-1.35,-1.69,6.82));
#3381=CARTESIAN_POINT('',(-0.44,1.69,6.82));
#3382=CARTESIAN_POINT('',(-0.44,-1.69,6.82));
#3383=CARTESIAN_POINT('',(-1.35,1.69,6.82));
#3384=CARTESIAN_POINT('',(-1.35,1.69,6.82));
#3385=CARTESIAN_POINT('',(-1.35,1.89,6.82));
#3386=CARTESIAN_POINT('',(-1.35,-3.,6.82));
#3387=CARTESIAN_POINT('',(-1.53055531081738,1.89,6.82));
#3388=CARTESIAN_POINT('',(-1.425,1.89,6.82));
#3389=CARTESIAN_POINT('',(-1.53055531081738,2.265,6.82));
#3390=CARTESIAN_POINT('',(-1.53055531081738,2.0775,6.82));
#3391=CARTESIAN_POINT('',(-1.35,2.265,6.82));
#3392=CARTESIAN_POINT('',(-1.425,2.265,6.82));
#3393=CARTESIAN_POINT('',(-1.35,3.,6.82));
#3394=CARTESIAN_POINT('',(-1.35,-3.,6.82));
#3395=CARTESIAN_POINT('',(-1.6,3.,6.82));
#3396=CARTESIAN_POINT('',(-1.6,3.,6.82));
#3397=CARTESIAN_POINT('',(-1.6,-2.8809099001353,6.82));
#3398=CARTESIAN_POINT('',(-1.6,-3.,6.82));
#3399=CARTESIAN_POINT('',(-1.6,-3.,6.82));
#3400=CARTESIAN_POINT('',(-1.6,-3.,6.82));
#3401=CARTESIAN_POINT('',(-1.35,-3.,6.82));
#3402=CARTESIAN_POINT('',(-1.6,-3.,6.82));
#3403=CARTESIAN_POINT('',(-1.35,-3.,6.82));
#3404=CARTESIAN_POINT('Origin',(-1.35,0.,5.5925));
#3405=CARTESIAN_POINT('',(-1.35,-1.8,4.365));
#3406=CARTESIAN_POINT('',(-1.35,-1.27,4.365));
#3407=CARTESIAN_POINT('',(-1.35,-1.8,5.935));
#3408=CARTESIAN_POINT('',(-1.35,-1.8,5.76375));
#3409=CARTESIAN_POINT('',(-1.35,1.8,5.935));
#3410=CARTESIAN_POINT('',(-1.35,0.9,5.935));
#3411=CARTESIAN_POINT('',(-1.35,1.8,4.365));
#3412=CARTESIAN_POINT('',(-1.35,1.8,4.97875));
#3413=CARTESIAN_POINT('',(-1.35,1.89,4.365));
#3414=CARTESIAN_POINT('',(-1.35,1.92,4.365));
#3415=CARTESIAN_POINT('',(-1.35,1.89,5.43375));
#3416=CARTESIAN_POINT('',(-1.35,1.8,6.71));
#3417=CARTESIAN_POINT('',(-1.35,1.629375,6.880625));
#3418=CARTESIAN_POINT('',(-1.35,1.8,6.565));
#3419=CARTESIAN_POINT('',(-1.35,1.8,6.07875));
#3420=CARTESIAN_POINT('',(-1.35,-1.8,6.565));
#3421=CARTESIAN_POINT('',(-1.35,-0.9,6.565));
#3422=CARTESIAN_POINT('',(-1.35,-1.8,6.71));
#3423=CARTESIAN_POINT('',(-1.35,-1.8,6.15125));
#3424=CARTESIAN_POINT('',(-1.35,-1.574375,6.935625));
#3425=CARTESIAN_POINT('Origin',(-1.35,0.,5.5925));
#3426=CARTESIAN_POINT('',(-1.35,-3.,4.365));
#3427=CARTESIAN_POINT('',(-1.35,-3.,4.365));
#3428=CARTESIAN_POINT('',(-1.35,-2.235,4.365));
#3429=CARTESIAN_POINT('Origin',(-10.8,-4.5,4.365));
#3430=CARTESIAN_POINT('',(-1.6,-3.,4.365));
#3431=CARTESIAN_POINT('',(-1.6,-3.,4.365));
#3432=CARTESIAN_POINT('',(-3.2,-4.5,4.365));
#3433=CARTESIAN_POINT('',(-3.2,-4.5,4.365));
#3434=CARTESIAN_POINT('',(-4.,-4.5,4.365));
#3435=CARTESIAN_POINT('',(-4.,-4.5,4.365));
#3436=CARTESIAN_POINT('',(-4.,-2.,4.365));
#3437=CARTESIAN_POINT('',(-4.,-1.27,4.365));
#3438=CARTESIAN_POINT('',(-10.1,-2.,4.365));
#3439=CARTESIAN_POINT('',(-10.1,-2.,4.365));
#3440=CARTESIAN_POINT('',(-10.1,-4.5,4.365));
#3441=CARTESIAN_POINT('',(-10.1,-1.27,4.365));
#3442=CARTESIAN_POINT('',(-10.8,-4.5,4.365));
#3443=CARTESIAN_POINT('',(-10.8,-4.5,4.365));
#3444=CARTESIAN_POINT('',(-10.8,-4.35459098642099,4.365));
#3445=CARTESIAN_POINT('',(-10.8,-1.27,4.365));
#3446=CARTESIAN_POINT('',(-10.8,-1.27,4.365));
#3447=CARTESIAN_POINT('',(-10.8,-1.27,4.365));
#3448=CARTESIAN_POINT('',(-0.44,-1.27,4.365));
#3449=CARTESIAN_POINT('',(-1.6,-1.27,4.365));
#3450=CARTESIAN_POINT('',(-0.44,-1.8,4.365));
#3451=CARTESIAN_POINT('',(-0.44,-1.8,4.365));
#3452=CARTESIAN_POINT('',(-1.35,-1.8,4.365));
#3453=CARTESIAN_POINT('',(-3.2,-1.60227272727273,4.365));
#3454=CARTESIAN_POINT('',(-3.2,-1.60227272727273,4.365));
#3455=CARTESIAN_POINT('',(-3.2,-2.77166666666667,4.365));
#3456=CARTESIAN_POINT('',(-3.2,-1.27,4.365));
#3457=CARTESIAN_POINT('',(-3.2,-2.93651515151515,4.365));
#3458=CARTESIAN_POINT('',(-3.2,-1.27,4.365));
#3459=CARTESIAN_POINT('',(-3.2,-4.10590909090909,4.365));
#3460=CARTESIAN_POINT('',(-3.2,-1.27,4.365));
#3461=CARTESIAN_POINT('',(-3.2,-4.10590909090909,4.365));
#3462=CARTESIAN_POINT('Ctrl Pts',(-3.2,-1.60227272727273,4.365));
#3463=CARTESIAN_POINT('Ctrl Pts',(-2.7093023255814,-1.69818181818182,4.365));
#3464=CARTESIAN_POINT('Ctrl Pts',(-2.21860465116279,-1.79409090909091,4.365));
#3465=CARTESIAN_POINT('Ctrl Pts',(-1.72790697674419,-1.89,4.365));
#3466=CARTESIAN_POINT('Ctrl Pts',(-3.2,-1.99207070707071,4.365));
#3467=CARTESIAN_POINT('Ctrl Pts',(-2.7093023255814,-1.96843419661734,4.59705910852713));
#3468=CARTESIAN_POINT('Ctrl Pts',(-2.21860465116279,-1.94479768616397,4.82911821705426));
#3469=CARTESIAN_POINT('Ctrl Pts',(-1.72790697674419,-1.92116117571059,5.0611773255814));
#3470=CARTESIAN_POINT('Ctrl Pts',(-3.2,-2.38186868686869,4.365));
#3471=CARTESIAN_POINT('Ctrl Pts',(-2.7093023255814,-2.23868657505285,4.82911821705426));
#3472=CARTESIAN_POINT('Ctrl Pts',(-2.21860465116279,-2.09550446323702,5.29323643410853));
#3473=CARTESIAN_POINT('Ctrl Pts',(-1.72790697674419,-1.95232235142119,5.75735465116279));
#3474=CARTESIAN_POINT('Ctrl Pts',(-3.2,-2.77166666666667,4.365));
#3475=CARTESIAN_POINT('Ctrl Pts',(-2.7093023255814,-2.50893895348837,5.0611773255814));
#3476=CARTESIAN_POINT('Ctrl Pts',(-2.21860465116279,-2.24621124031008,5.75735465116279));
#3477=CARTESIAN_POINT('Ctrl Pts',(-1.72790697674419,-1.98348352713178,6.45353197674419));
#3478=CARTESIAN_POINT('',(-3.2,-2.77166666666667,4.365));
#3479=CARTESIAN_POINT('Origin',(-1.25,1.89,5.275));
#3480=CARTESIAN_POINT('',(-2.1,1.89,4.75458253064799));
#3481=CARTESIAN_POINT('',(-1.73558283590495,1.89,4.365));
#3482=CARTESIAN_POINT('Ctrl Pts',(-2.1,1.89,4.75458253064798));
#3483=CARTESIAN_POINT('Ctrl Pts',(-2.05185540096357,1.89,4.75767700156407));
#3484=CARTESIAN_POINT('Ctrl Pts',(-2.01048911770463,1.89,4.75447115270542));
#3485=CARTESIAN_POINT('Ctrl Pts',(-1.94592089867141,1.89,4.73732701302665));
#3486=CARTESIAN_POINT('Ctrl Pts',(-1.91954138875839,1.89,4.72539233013103));
#3487=CARTESIAN_POINT('Ctrl Pts',(-1.8665725766213,1.89,4.68718698345039));
#3488=CARTESIAN_POINT('Ctrl Pts',(-1.84361695907143,1.89,4.66032853662288));
#3489=CARTESIAN_POINT('Ctrl Pts',(-1.78708494075493,1.89,4.56985415319981));
#3490=CARTESIAN_POINT('Ctrl Pts',(-1.75831590024969,1.89,4.48431527527929));
#3491=CARTESIAN_POINT('Ctrl Pts',(-1.73558283590495,1.89,4.365));
#3492=CARTESIAN_POINT('',(-2.1,1.89,6.25));
#3493=CARTESIAN_POINT('',(-2.1,1.89,5.275));
#3494=CARTESIAN_POINT('',(-1.75,1.89,6.25));
#3495=CARTESIAN_POINT('',(-1.25,1.89,6.25));
#3496=CARTESIAN_POINT('Origin',(-0.9,1.89,6.25));
#3497=CARTESIAN_POINT('',(-6.025,1.89,4.365));
#3498=CARTESIAN_POINT('Origin',(-0.9,2.0775,6.25));
#3499=CARTESIAN_POINT('',(-1.75,1.97560182416268,6.25));
#3500=CARTESIAN_POINT('',(-1.75,2.0775,6.25));
#3501=CARTESIAN_POINT('',(-1.72382133030607,1.9725932087886,6.45932848762826));
#3502=CARTESIAN_POINT('Ctrl Pts',(-1.72382133030607,1.9725932087886,6.45932848762826));
#3503=CARTESIAN_POINT('Ctrl Pts',(-1.73671443982309,1.97683019917575,6.40858709664781));
#3504=CARTESIAN_POINT('Ctrl Pts',(-1.7448926325027,1.97830687259415,6.35682948944051));
#3505=CARTESIAN_POINT('Ctrl Pts',(-1.74942034991607,1.97705994349469,6.28627933132156));
#3506=CARTESIAN_POINT('Ctrl Pts',(-1.75,1.97645557156997,6.26812456404755));
#3507=CARTESIAN_POINT('Ctrl Pts',(-1.75,1.97560182416268,6.25));
#3508=CARTESIAN_POINT('',(-1.72382133030607,2.265,6.45932848762826));
#3509=CARTESIAN_POINT('',(-1.72382133030607,2.0775,6.45932848762826));
#3510=CARTESIAN_POINT('Origin',(-0.9,2.265,6.25));
#3511=CARTESIAN_POINT('Origin',(-1.25,2.265,5.275));
#3512=CARTESIAN_POINT('',(-1.69448181140368,2.265,6.50095393007103));
#3513=CARTESIAN_POINT('',(-2.66212708579134,2.265,5.12810719703354));
#3514=CARTESIAN_POINT('',(-1.63113521566072,2.265,4.365));
#3515=CARTESIAN_POINT('Ctrl Pts',(-1.63113521566072,2.265,4.365));
#3516=CARTESIAN_POINT('Ctrl Pts',(-1.63436481011574,2.265,4.70935978810745));
#3517=CARTESIAN_POINT('Ctrl Pts',(-1.63927036855327,2.265,5.12313552286002));
#3518=CARTESIAN_POINT('Ctrl Pts',(-1.65743241594584,2.265,5.94820987980785));
#3519=CARTESIAN_POINT('Ctrl Pts',(-1.67170181537191,2.265,6.28015336998953));
#3520=CARTESIAN_POINT('Ctrl Pts',(-1.69448181140368,2.265,6.50095393007103));
#3521=CARTESIAN_POINT('',(-1.35,2.265,4.365));
#3522=CARTESIAN_POINT('',(-6.025,2.265,4.365));
#3523=CARTESIAN_POINT('',(-1.35,2.265,5.43375));
#3524=CARTESIAN_POINT('Origin',(-1.25,2.0775,6.25));
#3525=CARTESIAN_POINT('',(-1.87136563876652,2.03526277146611,6.25));
#3526=CARTESIAN_POINT('',(-1.87136563876652,2.265,6.25));
#3527=CARTESIAN_POINT('',(-1.87136563876652,2.41026714513557,6.25));
#3528=CARTESIAN_POINT('Ctrl Pts',(-1.75,1.97560182416268,6.25));
#3529=CARTESIAN_POINT('Ctrl Pts',(-1.79139545950191,1.99348113880471,6.25000024235486));
#3530=CARTESIAN_POINT('Ctrl Pts',(-1.83189471362811,2.01328946272185,6.25));
#3531=CARTESIAN_POINT('Ctrl Pts',(-1.87136563876652,2.03526277146611,6.25));
#3532=CARTESIAN_POINT('',(-2.1,2.265,6.25));
#3533=CARTESIAN_POINT('',(-2.1,2.0775,6.25));
#3534=CARTESIAN_POINT('',(-1.25,2.265,6.25));
#3535=CARTESIAN_POINT('Origin',(-2.1,2.0775,5.275));
#3536=CARTESIAN_POINT('',(-2.1,2.13237539872408,5.925625));
#3537=CARTESIAN_POINT('Ctrl Pts',(-2.1,2.13237539872408,5.925625));
#3538=CARTESIAN_POINT('Ctrl Pts',(-2.1,2.05158359914939,5.535277510216));
#3539=CARTESIAN_POINT('Ctrl Pts',(-2.1,1.97079179957469,5.14493002043199));
#3540=CARTESIAN_POINT('Ctrl Pts',(-2.1,1.89,4.75458253064799));
#3541=CARTESIAN_POINT('',(-2.1,2.265,5.925625));
#3542=CARTESIAN_POINT('',(-2.1,2.41026714513557,5.925625));
#3543=CARTESIAN_POINT('',(-2.1,2.265,5.275));
#3544=CARTESIAN_POINT('Origin',(-1.25,2.265,5.275));
#3545=CARTESIAN_POINT('',(-2.66212708579134,2.265,5.12810719703354));
#3546=CARTESIAN_POINT('Ctrl Pts',(-1.87136563876652,2.03526277146611,6.25));
#3547=CARTESIAN_POINT('Ctrl Pts',(-1.82218420261304,2.01437291724027,6.31977616254275));
#3548=CARTESIAN_POINT('Ctrl Pts',(-1.77300276645955,1.99348306301443,6.38955232508551));
#3549=CARTESIAN_POINT('Ctrl Pts',(-1.72382133030607,1.9725932087886,6.45932848762826));
#3550=CARTESIAN_POINT('Ctrl Pts',(-1.87136563876652,2.03037167993405,6.19740822320117));
#3551=CARTESIAN_POINT('Ctrl Pts',(-1.82218420261304,2.01036827141666,6.26523762056285));
#3552=CARTESIAN_POINT('Ctrl Pts',(-1.77300276645955,1.99036486289927,6.33306701792453));
#3553=CARTESIAN_POINT('Ctrl Pts',(-1.72382133030607,1.97036145438188,6.40089641528621));
#3554=CARTESIAN_POINT('Ctrl Pts',(-1.87136563876652,2.02548058840199,6.14481644640235));
#3555=CARTESIAN_POINT('Ctrl Pts',(-1.82218420261304,2.00636362559305,6.21069907858295));
#3556=CARTESIAN_POINT('Ctrl Pts',(-1.77300276645955,1.98724666278411,6.27658171076356));
#3557=CARTESIAN_POINT('Ctrl Pts',(-1.72382133030607,1.96812969997516,6.34246434294416));
#3558=CARTESIAN_POINT('Ctrl Pts',(-1.87136563876652,2.02058949686993,6.09222466960352));
#3559=CARTESIAN_POINT('Ctrl Pts',(-1.82218420261304,2.00235897976943,6.15616053660305));
#3560=CARTESIAN_POINT('Ctrl Pts',(-1.77300276645955,1.98412846266894,6.22009640360258));
#3561=CARTESIAN_POINT('Ctrl Pts',(-1.72382133030607,1.96589794556845,6.28403227060211));
#3562=CARTESIAN_POINT('',(-3.2,2.59960127591707,4.365));
#3563=CARTESIAN_POINT('Ctrl Pts',(-3.2,2.59960127591707,4.365));
#3564=CARTESIAN_POINT('Ctrl Pts',(-2.71186094530165,2.39226382316835,5.05754728385329));
#3565=CARTESIAN_POINT('Ctrl Pts',(-2.2237218906033,2.18492637041963,5.75009456770657));
#3566=CARTESIAN_POINT('Ctrl Pts',(-1.73558283590495,1.97758891767091,6.44264185155986));
#3567=CARTESIAN_POINT('Ctrl Pts',(-3.2,2.25505847953216,4.365));
#3568=CARTESIAN_POINT('Ctrl Pts',(-2.71186094530165,2.15283652361498,4.82669818923552));
#3569=CARTESIAN_POINT('Ctrl Pts',(-2.2237218906033,2.05061456769779,5.28839637847105));
#3570=CARTESIAN_POINT('Ctrl Pts',(-1.73558283590495,1.94839261178061,5.75009456770657));
#3571=CARTESIAN_POINT('Ctrl Pts',(-3.2,1.91051568314726,4.365));
#3572=CARTESIAN_POINT('Ctrl Pts',(-2.71186094530165,1.91340922406161,4.59584909461776));
#3573=CARTESIAN_POINT('Ctrl Pts',(-2.2237218906033,1.91630276497596,4.82669818923552));
#3574=CARTESIAN_POINT('Ctrl Pts',(-1.73558283590495,1.9191963058903,5.05754728385329));
#3575=CARTESIAN_POINT('Ctrl Pts',(-3.2,1.56597288676236,4.365));
#3576=CARTESIAN_POINT('Ctrl Pts',(-2.71186094530165,1.67398192450824,4.365));
#3577=CARTESIAN_POINT('Ctrl Pts',(-2.2237218906033,1.78199096225412,4.365));
#3578=CARTESIAN_POINT('Ctrl Pts',(-1.73558283590495,1.89,4.365));
#3579=CARTESIAN_POINT('',(-3.2,1.56597288676236,4.365));
#3580=CARTESIAN_POINT('',(-3.2,1.56597288676236,4.365));
#3581=CARTESIAN_POINT('',(-3.2,2.59960127591707,4.365));
#3582=CARTESIAN_POINT('',(-3.2,4.125,4.365));
#3583=CARTESIAN_POINT('',(-3.2,2.59960127591707,4.365));
#3584=CARTESIAN_POINT('Origin',(-1.35,0.,5.5925));
#3585=CARTESIAN_POINT('',(-1.35,3.,4.365));
#3586=CARTESIAN_POINT('',(-1.35,3.,4.365));
#3587=CARTESIAN_POINT('',(-1.35,3.,6.82));
#3588=CARTESIAN_POINT('Origin',(-10.8,1.27,4.365));
#3589=CARTESIAN_POINT('',(-0.44,1.8,4.365));
#3590=CARTESIAN_POINT('',(-1.35,1.8,4.365));
#3591=CARTESIAN_POINT('',(-0.44,1.27,4.365));
#3592=CARTESIAN_POINT('',(-0.44,1.27,4.365));
#3593=CARTESIAN_POINT('',(-10.8,1.27,4.365));
#3594=CARTESIAN_POINT('',(-1.6,1.27,4.365));
#3595=CARTESIAN_POINT('',(-10.8,3.97663287095079,4.365));
#3596=CARTESIAN_POINT('',(-10.8,4.125,4.365));
#3597=CARTESIAN_POINT('',(-10.8,4.125,4.365));
#3598=CARTESIAN_POINT('',(-10.8,4.125,4.365));
#3599=CARTESIAN_POINT('',(-10.1,4.125,4.365));
#3600=CARTESIAN_POINT('',(-10.8,4.125,4.365));
#3601=CARTESIAN_POINT('',(-10.1,2.,4.365));
#3602=CARTESIAN_POINT('',(-10.1,4.125,4.365));
#3603=CARTESIAN_POINT('',(-4.,2.,4.365));
#3604=CARTESIAN_POINT('',(-10.1,2.,4.365));
#3605=CARTESIAN_POINT('',(-4.,4.125,4.365));
#3606=CARTESIAN_POINT('',(-4.,4.125,4.365));
#3607=CARTESIAN_POINT('',(-3.2,4.125,4.365));
#3608=CARTESIAN_POINT('',(-4.,4.125,4.365));
#3609=CARTESIAN_POINT('',(-1.6,3.,4.365));
#3610=CARTESIAN_POINT('',(-3.2,4.125,4.365));
#3611=CARTESIAN_POINT('',(-1.6,3.,4.365));
#3612=CARTESIAN_POINT('',(-3.2,3.77666267942584,4.365));
#3613=CARTESIAN_POINT('',(-3.2,3.77666267942584,4.365));
#3614=CARTESIAN_POINT('',(-3.2,2.74303429027113,4.365));
#3615=CARTESIAN_POINT('',(-3.2,4.125,4.365));
#3616=CARTESIAN_POINT('',(-3.2,4.125,4.365));
#3617=CARTESIAN_POINT('Origin',(-32.,-3.35,5.48));
#3618=CARTESIAN_POINT('',(-32.,-3.49,5.88339682695827));
#3619=CARTESIAN_POINT('',(-32.,-3.49,5.07660317304173));
#3620=CARTESIAN_POINT('',(-32.,-3.49,6.0475));
#3621=CARTESIAN_POINT('Origin',(-32.,-3.35,5.48));
#3622=CARTESIAN_POINT('Origin',(-32.55,-3.35,5.48));
#3623=CARTESIAN_POINT('',(-33.1,-3.49,5.07660317304173));
#3624=CARTESIAN_POINT('',(-32.55,-3.49,5.07660317304173));
#3625=CARTESIAN_POINT('',(-33.1,-3.49,5.88339682695827));
#3626=CARTESIAN_POINT('',(-32.55,-3.49,5.88339682695827));
#3627=CARTESIAN_POINT('Origin',(-33.1,-3.35,5.48));
#3628=CARTESIAN_POINT('Origin',(-33.1,-3.35,5.48));
#3629=CARTESIAN_POINT('',(-33.1,-3.49,6.0475));
#3630=CARTESIAN_POINT('Origin',(-20.6,0.2,6.75));
#3631=CARTESIAN_POINT('',(-23.01,0.0969999999999994,6.815));
#3632=CARTESIAN_POINT('',(-20.69,0.0969999999999994,6.815));
#3633=CARTESIAN_POINT('',(-26.9,0.0969999999999995,6.815));
#3634=CARTESIAN_POINT('',(-22.2,-0.83,7.4));
#3635=CARTESIAN_POINT('',(-23.1,0.2,6.75));
#3636=CARTESIAN_POINT('',(-21.5,-0.83,7.4));
#3637=CARTESIAN_POINT('',(-21.5,-0.83,7.4));
#3638=CARTESIAN_POINT('',(-20.6,0.2,6.75));
#3639=CARTESIAN_POINT('Origin',(-23.1,0.2,6.75));
#3640=CARTESIAN_POINT('',(-23.01,-2.3725,6.815));
#3641=CARTESIAN_POINT('',(-23.01,1.7425,6.815));
#3642=CARTESIAN_POINT('',(-22.2,-1.45,7.4));
#3643=CARTESIAN_POINT('',(-23.1,-2.475,6.75));
#3644=CARTESIAN_POINT('',(-22.2,-0.83,7.4));
#3645=CARTESIAN_POINT('Origin',(-21.85,-1.14,7.4));
#3646=CARTESIAN_POINT('',(-21.5,-1.45,7.4));
#3647=CARTESIAN_POINT('',(-22.2,-1.45,7.4));
#3648=CARTESIAN_POINT('',(-21.5,-1.45,7.4));
#3649=CARTESIAN_POINT('Origin',(-23.1,-2.475,6.75));
#3650=CARTESIAN_POINT('',(-20.69,-2.3725,6.815));
#3651=CARTESIAN_POINT('',(-28.15,-2.3725,6.815));
#3652=CARTESIAN_POINT('',(-20.6,-2.475,6.75));
#3653=CARTESIAN_POINT('Origin',(-20.6,-2.475,6.75));
#3654=CARTESIAN_POINT('',(-20.69,0.405,6.815));
#3655=CARTESIAN_POINT('Origin',(-20.5,2.45,6.703));
#3656=CARTESIAN_POINT('',(-20.5,2.12157192568235,6.815));
#3657=CARTESIAN_POINT('',(-20.5,2.77842807431765,6.815));
#3658=CARTESIAN_POINT('',(-20.5,2.8675,6.815));
#3659=CARTESIAN_POINT('Origin',(-20.5,2.45,6.703));
#3660=CARTESIAN_POINT('Origin',(-20.15,2.45,6.703));
#3661=CARTESIAN_POINT('',(-19.8,2.77842807431765,6.815));
#3662=CARTESIAN_POINT('',(-20.15,2.77842807431765,6.815));
#3663=CARTESIAN_POINT('',(-19.8,2.12157192568235,6.815));
#3664=CARTESIAN_POINT('',(-20.15,2.12157192568235,6.815));
#3665=CARTESIAN_POINT('Origin',(-19.8,2.45,6.703));
#3666=CARTESIAN_POINT('Origin',(-19.8,2.45,6.703));
#3667=CARTESIAN_POINT('',(-19.8,2.8675,6.815));
#3668=CARTESIAN_POINT('Origin',(-26.,2.45,6.703));
#3669=CARTESIAN_POINT('',(-26.,2.12157192568235,6.815));
#3670=CARTESIAN_POINT('',(-26.,2.77842807431765,6.815));
#3671=CARTESIAN_POINT('',(-26.,2.8675,6.815));
#3672=CARTESIAN_POINT('Origin',(-26.,2.45,6.703));
#3673=CARTESIAN_POINT('Origin',(-25.65,2.45,6.703));
#3674=CARTESIAN_POINT('',(-25.3,2.77842807431765,6.815));
#3675=CARTESIAN_POINT('',(-25.65,2.77842807431765,6.815));
#3676=CARTESIAN_POINT('',(-25.3,2.12157192568235,6.815));
#3677=CARTESIAN_POINT('',(-25.65,2.12157192568235,6.815));
#3678=CARTESIAN_POINT('Origin',(-25.3,2.45,6.703));
#3679=CARTESIAN_POINT('Origin',(-25.3,2.45,6.703));
#3680=CARTESIAN_POINT('',(-25.3,2.8675,6.815));
#3681=CARTESIAN_POINT('Origin',(-31.4,2.45,6.703));
#3682=CARTESIAN_POINT('',(-31.4,2.12157192568235,6.815));
#3683=CARTESIAN_POINT('',(-31.4,2.77842807431765,6.815));
#3684=CARTESIAN_POINT('',(-31.4,2.8675,6.815));
#3685=CARTESIAN_POINT('Origin',(-31.4,2.45,6.703));
#3686=CARTESIAN_POINT('Origin',(-31.1,2.45,6.703));
#3687=CARTESIAN_POINT('',(-30.8,2.77842807431765,6.815));
#3688=CARTESIAN_POINT('',(-31.1,2.77842807431765,6.815));
#3689=CARTESIAN_POINT('',(-30.8,2.12157192568235,6.815));
#3690=CARTESIAN_POINT('',(-31.1,2.12157192568235,6.815));
#3691=CARTESIAN_POINT('Origin',(-30.8,2.45,6.703));
#3692=CARTESIAN_POINT('Origin',(-30.8,2.45,6.703));
#3693=CARTESIAN_POINT('',(-30.8,2.8675,6.815));
#3694=CARTESIAN_POINT('Origin',(-1.35,-1.8,6.565));
#3695=CARTESIAN_POINT('',(-0.44,1.8,6.565));
#3696=CARTESIAN_POINT('',(-1.35,1.8,6.565));
#3697=CARTESIAN_POINT('',(-0.44,-1.8,6.565));
#3698=CARTESIAN_POINT('',(-0.44,1.8,6.565));
#3699=CARTESIAN_POINT('',(-1.35,-1.8,6.565));
#3700=CARTESIAN_POINT('Origin',(-1.35,-1.8,6.71));
#3701=CARTESIAN_POINT('',(-0.44,-1.8,6.71));
#3702=CARTESIAN_POINT('',(-0.44,-1.8,6.565));
#3703=CARTESIAN_POINT('',(-1.35,-1.8,6.71));
#3704=CARTESIAN_POINT('Origin',(-1.35,-1.69,6.82));
#3705=CARTESIAN_POINT('',(-0.44,-1.8,6.71));
#3706=CARTESIAN_POINT('Origin',(-1.35,1.8,6.71));
#3707=CARTESIAN_POINT('',(-0.44,1.8,6.71));
#3708=CARTESIAN_POINT('',(-0.44,1.69,6.82));
#3709=CARTESIAN_POINT('',(-1.35,1.8,6.71));
#3710=CARTESIAN_POINT('Origin',(-1.35,1.8,6.565));
#3711=CARTESIAN_POINT('',(-0.44,1.8,6.71));
#3712=CARTESIAN_POINT('Origin',(-0.44,0.,6.6925));
#3713=CARTESIAN_POINT('Origin',(-1.35,1.8,4.365));
#3714=CARTESIAN_POINT('',(-0.44,1.8,5.935));
#3715=CARTESIAN_POINT('',(-1.35,1.8,5.935));
#3716=CARTESIAN_POINT('',(-0.44,1.8,4.365));
#3717=CARTESIAN_POINT('Origin',(-1.35,-1.8,5.935));
#3718=CARTESIAN_POINT('',(-0.44,-1.8,5.935));
#3719=CARTESIAN_POINT('',(-0.44,-1.8,5.935));
#3720=CARTESIAN_POINT('',(-1.35,-1.8,5.935));
#3721=CARTESIAN_POINT('Origin',(-1.35,1.8,5.935));
#3722=CARTESIAN_POINT('',(-0.44,1.8,5.935));
#3723=CARTESIAN_POINT('Origin',(-0.44,0.,5.15));
#3724=CARTESIAN_POINT('',(-0.44,-1.27,4.685));
#3725=CARTESIAN_POINT('',(-0.44,-1.27,4.365));
#3726=CARTESIAN_POINT('',(-0.44,1.27,4.685));
#3727=CARTESIAN_POINT('',(-0.44,-1.27,4.685));
#3728=CARTESIAN_POINT('',(-0.44,1.27,4.685));
#3729=CARTESIAN_POINT('Origin',(-1.6,-3.,6.82));
#3730=CARTESIAN_POINT('',(-1.6,-3.,6.51387546274163));
#3731=CARTESIAN_POINT('',(-1.6,-3.,4.365));
#3732=CARTESIAN_POINT('',(-1.6,-3.,6.71674183100412));
#3733=CARTESIAN_POINT('',(-1.6,-3.,4.365));
#3734=CARTESIAN_POINT('',(-1.6,-3.,4.365));
#3735=CARTESIAN_POINT('Origin',(-1.6,3.,4.365));
#3736=CARTESIAN_POINT('',(-1.6,3.,6.82));
#3737=CARTESIAN_POINT('Origin',(-3.2,-4.5,4.365));
#3738=CARTESIAN_POINT('',(-3.2,-4.5,6.5));
#3739=CARTESIAN_POINT('',(-3.2,-4.5,4.365));
#3740=CARTESIAN_POINT('',(-3.2,-4.5,6.5));
#3741=CARTESIAN_POINT('Ctrl Pts',(-3.2,-4.5,6.5));
#3742=CARTESIAN_POINT('Ctrl Pts',(-2.66666666666667,-4.,6.50462515424721));
#3743=CARTESIAN_POINT('Ctrl Pts',(-2.13333333333333,-3.5,6.50925030849442));
#3744=CARTESIAN_POINT('Ctrl Pts',(-1.6,-3.,6.51387546274163));
#3745=CARTESIAN_POINT('Ctrl Pts',(-3.2,-4.46666666666667,6.55833333333333));
#3746=CARTESIAN_POINT('Ctrl Pts',(-2.66666666666667,-3.97777777777778,6.56605475072082));
#3747=CARTESIAN_POINT('Ctrl Pts',(-2.13333333333333,-3.48888888888889,6.57377616810831));
#3748=CARTESIAN_POINT('Ctrl Pts',(-1.6,-3.,6.58149758549579));
#3749=CARTESIAN_POINT('Ctrl Pts',(-3.2,-4.43333333333333,6.61666666666667));
#3750=CARTESIAN_POINT('Ctrl Pts',(-2.66666666666667,-3.95555555555556,6.62748434719443));
#3751=CARTESIAN_POINT('Ctrl Pts',(-2.13333333333333,-3.47777777777778,6.63830202772219));
#3752=CARTESIAN_POINT('Ctrl Pts',(-1.6,-3.,6.64911970824996));
#3753=CARTESIAN_POINT('Ctrl Pts',(-3.2,-4.4,6.675));
#3754=CARTESIAN_POINT('Ctrl Pts',(-2.66666666666667,-3.93333333333333,6.68891394366804));
#3755=CARTESIAN_POINT('Ctrl Pts',(-2.13333333333333,-3.46666666666667,6.70282788733608));
#3756=CARTESIAN_POINT('Ctrl Pts',(-1.6,-3.,6.71674183100412));
#3757=CARTESIAN_POINT('',(-3.2,-4.4,6.675));
#3758=CARTESIAN_POINT('',(-3.2,-4.5,6.5));
#3759=CARTESIAN_POINT('',(-3.2,-4.4,6.675));
#3760=CARTESIAN_POINT('Ctrl Pts',(-3.2,-4.4,6.675));
#3761=CARTESIAN_POINT('Ctrl Pts',(-2.66666666666667,-3.93333333333333,6.68891394366804));
#3762=CARTESIAN_POINT('Ctrl Pts',(-2.13333333333333,-3.46666666666667,6.70282788733608));
#3763=CARTESIAN_POINT('Ctrl Pts',(-1.6,-3.,6.71674183100412));
#3764=CARTESIAN_POINT('Ctrl Pts',(-3.2,-4.37666666666667,6.7));
#3765=CARTESIAN_POINT('Ctrl Pts',(-2.66666666666667,-3.91777777777778,6.71705374022314));
#3766=CARTESIAN_POINT('Ctrl Pts',(-2.13333333333333,-3.45888888888889,6.73410748044628));
#3767=CARTESIAN_POINT('Ctrl Pts',(-1.6,-3.,6.75116122066942));
#3768=CARTESIAN_POINT('Ctrl Pts',(-3.2,-4.35333333333333,6.725));
#3769=CARTESIAN_POINT('Ctrl Pts',(-2.66666666666667,-3.90222222222222,6.74519353677824));
#3770=CARTESIAN_POINT('Ctrl Pts',(-2.13333333333333,-3.45111111111111,6.76538707355647));
#3771=CARTESIAN_POINT('Ctrl Pts',(-1.6,-3.,6.78558061033471));
#3772=CARTESIAN_POINT('Ctrl Pts',(-3.2,-4.33,6.75));
#3773=CARTESIAN_POINT('Ctrl Pts',(-2.66666666666667,-3.88666666666667,6.77333333333333));
#3774=CARTESIAN_POINT('Ctrl Pts',(-2.13333333333333,-3.44333333333333,6.79666666666667));
#3775=CARTESIAN_POINT('Ctrl Pts',(-1.6,-3.,6.82));
#3776=CARTESIAN_POINT('',(-3.2,-4.33,6.75));
#3777=CARTESIAN_POINT('',(-3.2,-4.4,6.675));
#3778=CARTESIAN_POINT('',(-3.2,-4.33,6.75));
#3779=CARTESIAN_POINT('Ctrl Pts',(-3.2,-4.33,6.75));
#3780=CARTESIAN_POINT('Ctrl Pts',(-2.66666666666667,-3.88666666666667,6.77333333333333));
#3781=CARTESIAN_POINT('Ctrl Pts',(-2.13333333333333,-3.44333333333333,6.79666666666667));
#3782=CARTESIAN_POINT('Ctrl Pts',(-1.6,-3.,6.82));
#3783=CARTESIAN_POINT('Ctrl Pts',(-3.2,-4.27833333333333,6.77166666666667));
#3784=CARTESIAN_POINT('Ctrl Pts',(-2.66666666666667,-3.83898998890392,6.78777777777778));
#3785=CARTESIAN_POINT('Ctrl Pts',(-2.13333333333333,-3.39964664447451,6.80388888888889));
#3786=CARTESIAN_POINT('Ctrl Pts',(-1.6,-2.9603033000451,6.82));
#3787=CARTESIAN_POINT('Ctrl Pts',(-3.2,-4.22666666666667,6.79333333333333));
#3788=CARTESIAN_POINT('Ctrl Pts',(-2.66666666666667,-3.79131331114118,6.80222222222222));
#3789=CARTESIAN_POINT('Ctrl Pts',(-2.13333333333333,-3.35595995561569,6.81111111111111));
#3790=CARTESIAN_POINT('Ctrl Pts',(-1.6,-2.9206066000902,6.82));
#3791=CARTESIAN_POINT('Ctrl Pts',(-3.2,-4.175,6.815));
#3792=CARTESIAN_POINT('Ctrl Pts',(-2.66666666666667,-3.74363663337843,6.81666666666667));
#3793=CARTESIAN_POINT('Ctrl Pts',(-2.13333333333333,-3.31227326675687,6.81833333333333));
#3794=CARTESIAN_POINT('Ctrl Pts',(-1.6,-2.8809099001353,6.82));
#3795=CARTESIAN_POINT('',(-3.2,-4.175,6.815));
#3796=CARTESIAN_POINT('',(-3.2,-4.33,6.75));
#3797=CARTESIAN_POINT('',(-3.2,-4.175,6.815));
#3798=CARTESIAN_POINT('Origin',(-3.2,-4.175,6.815));
#3799=CARTESIAN_POINT('',(-3.2,4.125,6.815));
#3800=CARTESIAN_POINT('',(-3.2,-4.175,6.815));
#3801=CARTESIAN_POINT('',(-3.2,4.125,6.815));
#3802=CARTESIAN_POINT('Origin',(-3.2,4.125,6.815));
#3803=CARTESIAN_POINT('',(-3.2,4.125,6.815));
#3804=CARTESIAN_POINT('Ctrl Pts',(-3.2,3.77666267942584,4.365));
#3805=CARTESIAN_POINT('Ctrl Pts',(-2.6770450718869,3.27277511961722,4.365));
#3806=CARTESIAN_POINT('Ctrl Pts',(-2.15409014377381,2.76888755980861,4.365));
#3807=CARTESIAN_POINT('Ctrl Pts',(-1.63113521566072,2.265,4.365));
#3808=CARTESIAN_POINT('Ctrl Pts',(-3.2,3.43211988304094,4.365));
#3809=CARTESIAN_POINT('Ctrl Pts',(-2.67704507188691,3.04084504405442,4.61231410142015));
#3810=CARTESIAN_POINT('Ctrl Pts',(-2.15409014377381,2.6495702050679,4.8596282028403));
#3811=CARTESIAN_POINT('Ctrl Pts',(-1.63113521566072,2.25829536608138,5.10694230426045));
#3812=CARTESIAN_POINT('Ctrl Pts',(-3.2,3.08757708665603,4.365));
#3813=CARTESIAN_POINT('Ctrl Pts',(-2.6770450718869,2.80891496849161,4.8596282028403));
#3814=CARTESIAN_POINT('Ctrl Pts',(-2.15409014377381,2.53025285032719,5.35425640568061));
#3815=CARTESIAN_POINT('Ctrl Pts',(-1.63113521566072,2.25159073216276,5.84888460852091));
#3816=CARTESIAN_POINT('Ctrl Pts',(-3.2,2.74303429027113,4.365));
#3817=CARTESIAN_POINT('Ctrl Pts',(-2.6770450718869,2.5769848929288,5.10694230426045));
#3818=CARTESIAN_POINT('Ctrl Pts',(-2.15409014377381,2.41093549558647,5.84888460852091));
#3819=CARTESIAN_POINT('Ctrl Pts',(-1.63113521566072,2.24488609824414,6.59082691278136));
#3820=CARTESIAN_POINT('',(-3.2,2.74303429027113,4.365));
#3821=CARTESIAN_POINT('Origin',(-3.2,2.74303429027113,4.365));
#3822=CARTESIAN_POINT('Ctrl Pts',(-1.87136563876652,-2.04369309838473,6.09222466960352));
#3823=CARTESIAN_POINT('Ctrl Pts',(-1.82218420261304,-2.02036917487558,6.15616053660305));
#3824=CARTESIAN_POINT('Ctrl Pts',(-1.77300276645955,-1.99704525136642,6.22009640360258));
#3825=CARTESIAN_POINT('Ctrl Pts',(-1.72382133030607,-1.97372132785727,6.28403227060211));
#3826=CARTESIAN_POINT('Ctrl Pts',(-1.87136563876652,-2.04922662750857,6.14481644640235));
#3827=CARTESIAN_POINT('Ctrl Pts',(-1.82218420261304,-2.02489982496674,6.21069907858295));
#3828=CARTESIAN_POINT('Ctrl Pts',(-1.77300276645955,-2.00057302242491,6.27658171076356));
#3829=CARTESIAN_POINT('Ctrl Pts',(-1.72382133030607,-1.97624621988308,6.34246434294416));
#3830=CARTESIAN_POINT('Ctrl Pts',(-1.87136563876652,-2.0547601566324,6.19740822320118));
#3831=CARTESIAN_POINT('Ctrl Pts',(-1.82218420261304,-2.0294304750579,6.26523762056285));
#3832=CARTESIAN_POINT('Ctrl Pts',(-1.77300276645955,-2.0041007934834,6.33306701792453));
#3833=CARTESIAN_POINT('Ctrl Pts',(-1.72382133030607,-1.9787711119089,6.40089641528621));
#3834=CARTESIAN_POINT('Ctrl Pts',(-1.87136563876652,-2.06029368575624,6.25));
#3835=CARTESIAN_POINT('Ctrl Pts',(-1.82218420261304,-2.03396112514906,6.31977616254275));
#3836=CARTESIAN_POINT('Ctrl Pts',(-1.77300276645955,-2.00762856454189,6.38955232508551));
#3837=CARTESIAN_POINT('Ctrl Pts',(-1.72382133030607,-1.98129600393471,6.45932848762826));
#3838=CARTESIAN_POINT('',(-3.2,-2.77166666666667,4.365));
#3839=CARTESIAN_POINT('Origin',(-3.2,-2.77166666666667,4.365));
#3840=CARTESIAN_POINT('',(-3.2,-2.93651515151515,4.365));
#3841=CARTESIAN_POINT('Ctrl Pts',(-3.2,-2.93651515151515,4.365));
#3842=CARTESIAN_POINT('Ctrl Pts',(-2.67521865889213,-2.70642636275289,5.10953352769679));
#3843=CARTESIAN_POINT('Ctrl Pts',(-2.15043731778426,-2.47633757399064,5.85406705539359));
#3844=CARTESIAN_POINT('Ctrl Pts',(-1.62565597667638,-2.24624878522838,6.59860058309038));
#3845=CARTESIAN_POINT('Ctrl Pts',(-3.2,-3.32631313131313,4.365));
#3846=CARTESIAN_POINT('Ctrl Pts',(-2.67521865889213,-2.96837515092617,4.86135568513119));
#3847=CARTESIAN_POINT('Ctrl Pts',(-2.15043731778426,-2.61043717053921,5.35771137026239));
#3848=CARTESIAN_POINT('Ctrl Pts',(-1.62565597667638,-2.25249919015225,5.85406705539359));
#3849=CARTESIAN_POINT('Ctrl Pts',(-3.2,-3.71611111111111,4.365));
#3850=CARTESIAN_POINT('Ctrl Pts',(-2.67521865889213,-3.23032393909945,4.6131778425656));
#3851=CARTESIAN_POINT('Ctrl Pts',(-2.15043731778426,-2.74453676708779,4.86135568513119));
#3852=CARTESIAN_POINT('Ctrl Pts',(-1.62565597667638,-2.25874959507613,5.10953352769679));
#3853=CARTESIAN_POINT('Ctrl Pts',(-3.2,-4.10590909090909,4.365));
#3854=CARTESIAN_POINT('Ctrl Pts',(-2.67521865889213,-3.49227272727273,4.365));
#3855=CARTESIAN_POINT('Ctrl Pts',(-2.15043731778426,-2.87863636363636,4.365));
#3856=CARTESIAN_POINT('Ctrl Pts',(-1.62565597667638,-2.265,4.365));
#3857=CARTESIAN_POINT('Origin',(-4.,-0.1875,5.59));
#3858=CARTESIAN_POINT('',(-4.,-4.5,6.025));
#3859=CARTESIAN_POINT('',(-4.,-2.,6.025));
#3860=CARTESIAN_POINT('',(-4.,-2.,6.025));
#3861=CARTESIAN_POINT('',(-4.,-2.,4.365));
#3862=CARTESIAN_POINT('',(-4.,-4.5,4.365));
#3863=CARTESIAN_POINT('Origin',(-4.,-0.1875,5.59));
#3864=CARTESIAN_POINT('',(-4.,2.,6.025));
#3865=CARTESIAN_POINT('',(-4.,4.125,6.025));
#3866=CARTESIAN_POINT('',(-4.,4.125,6.025));
#3867=CARTESIAN_POINT('',(-4.,4.125,6.815));
#3868=CARTESIAN_POINT('',(-4.,2.,6.025));
#3869=CARTESIAN_POINT('Origin',(-4.,-0.1875,5.59));
#3870=CARTESIAN_POINT('',(-4.,-4.315,6.75));
#3871=CARTESIAN_POINT('',(-4.,-4.38758064516129,6.68830645161291));
#3872=CARTESIAN_POINT('',(-4.,-4.415,6.665));
#3873=CARTESIAN_POINT('',(-4.,-4.33,6.75));
#3874=CARTESIAN_POINT('',(-4.,-4.4,6.675));
#3875=CARTESIAN_POINT('',(-4.,-4.175,6.815));
#3876=CARTESIAN_POINT('',(-4.,-4.33,6.75));
#3877=CARTESIAN_POINT('',(-4.,-4.13857142857143,6.815));
#3878=CARTESIAN_POINT('',(-4.,-4.175,6.815));
#3879=CARTESIAN_POINT('',(-4.,-4.315,6.75));
#3880=CARTESIAN_POINT('Origin',(-4.,-0.1875,5.59));
#3881=CARTESIAN_POINT('',(-4.,-4.46888888888889,6.55444444444444));
#3882=CARTESIAN_POINT('',(-4.,-4.5,6.43));
#3883=CARTESIAN_POINT('',(-4.,-4.5,6.43));
#3884=CARTESIAN_POINT('',(-4.,-4.5,6.5));
#3885=CARTESIAN_POINT('',(-4.,-4.5,4.365));
#3886=CARTESIAN_POINT('',(-4.,-4.5,6.5));
#3887=CARTESIAN_POINT('Origin',(-4.,-4.4,6.675));
#3888=CARTESIAN_POINT('',(-4.,-4.5,6.5));
#3889=CARTESIAN_POINT('',(-4.,-4.4,6.675));
#3890=CARTESIAN_POINT('',(-4.,-4.4,6.675));
#3891=CARTESIAN_POINT('',(-4.,-4.11469230769231,7.17428846153846));
#3892=CARTESIAN_POINT('Origin',(-4.,-4.33,6.75));
#3893=CARTESIAN_POINT('',(-4.,-3.65440023752969,7.47385688836105));
#3894=CARTESIAN_POINT('',(-4.,-4.33,6.75));
#3895=CARTESIAN_POINT('Origin',(-4.,-4.175,6.815));
#3896=CARTESIAN_POINT('',(-4.,-4.175,6.815));
#3897=CARTESIAN_POINT('Origin',(-4.,4.125,6.815));
#3898=CARTESIAN_POINT('',(-4.,4.125,6.815));
#3899=CARTESIAN_POINT('',(-4.,4.125,6.815));
#3900=CARTESIAN_POINT('',(-4.,1.96875,6.815));
#3901=CARTESIAN_POINT('Origin',(-4.,-0.1875,5.5925));
#3902=CARTESIAN_POINT('',(-4.,4.125,6.82));
#3903=CARTESIAN_POINT('',(-4.,4.125,6.82));
#3904=CARTESIAN_POINT('',(-4.,-4.125,6.82));
#3905=CARTESIAN_POINT('',(-4.,-4.125,6.82));
#3906=CARTESIAN_POINT('',(-4.,-4.315,6.75));
#3907=CARTESIAN_POINT('Origin',(-4.,-0.1875,5.5925));
#3908=CARTESIAN_POINT('',(-4.,-4.415,6.665));
#3909=CARTESIAN_POINT('',(-4.,-4.415,6.665));
#3910=CARTESIAN_POINT('',(-4.,-4.46,6.59));
#3911=CARTESIAN_POINT('',(-4.,-4.46,6.59));
#3912=CARTESIAN_POINT('',(-4.,-4.5,6.43));
#3913=CARTESIAN_POINT('Origin',(-10.1,-0.1875,5.5925));
#3914=CARTESIAN_POINT('',(-10.1,4.125,6.815));
#3915=CARTESIAN_POINT('',(-10.1,-4.13857142857143,6.815));
#3916=CARTESIAN_POINT('',(-10.1,-4.175,6.815));
#3917=CARTESIAN_POINT('',(-10.1,-4.125,6.82));
#3918=CARTESIAN_POINT('',(-10.1,-4.315,6.75));
#3919=CARTESIAN_POINT('',(-10.1,4.125,6.82));
#3920=CARTESIAN_POINT('',(-10.1,-4.125,6.82));
#3921=CARTESIAN_POINT('',(-10.1,4.125,6.82));
#3922=CARTESIAN_POINT('Origin',(-10.1,-4.5,6.025));
#3923=CARTESIAN_POINT('',(-10.1,-2.,6.025));
#3924=CARTESIAN_POINT('',(-10.1,-4.5,6.025));
#3925=CARTESIAN_POINT('',(-10.1,-2.34375,6.025));
#3926=CARTESIAN_POINT('',(-10.1,-2.,6.025));
#3927=CARTESIAN_POINT('',(-10.1,-4.5,6.025));
#3928=CARTESIAN_POINT('Origin',(-10.1,-4.46,6.59));
#3929=CARTESIAN_POINT('',(-10.1,-4.5,6.43));
#3930=CARTESIAN_POINT('',(-10.1,-4.46888888888889,6.55444444444444));
#3931=CARTESIAN_POINT('',(-10.1,-4.45198529411765,6.62205882352941));
#3932=CARTESIAN_POINT('',(-10.1,-4.5,6.43));
#3933=CARTESIAN_POINT('',(-10.1,-4.46,6.59));
#3934=CARTESIAN_POINT('',(-10.1,-4.46,6.59));
#3935=CARTESIAN_POINT('',(-10.1,-4.5,6.43));
#3936=CARTESIAN_POINT('Origin',(-10.1,-4.415,6.665));
#3937=CARTESIAN_POINT('',(-10.1,-4.415,6.665));
#3938=CARTESIAN_POINT('',(-10.1,-4.46,6.59));
#3939=CARTESIAN_POINT('',(-10.1,-4.415,6.665));
#3940=CARTESIAN_POINT('Origin',(-10.1,-4.315,6.75));
#3941=CARTESIAN_POINT('',(-10.1,-4.38758064516129,6.68830645161291));
#3942=CARTESIAN_POINT('',(-10.1,-4.415,6.665));
#3943=CARTESIAN_POINT('',(-10.1,-4.315,6.75));
#3944=CARTESIAN_POINT('',(-10.1,-4.315,6.75));
#3945=CARTESIAN_POINT('',(-10.1,-3.40309869375905,7.52511611030479));
#3946=CARTESIAN_POINT('Origin',(-10.1,-4.125,6.82));
#3947=CARTESIAN_POINT('',(-10.1,-2.59103963414635,7.38514329268293));
#3948=CARTESIAN_POINT('',(-10.1,-4.125,6.82));
#3949=CARTESIAN_POINT('Origin',(-10.1,4.125,6.82));
#3950=CARTESIAN_POINT('',(-10.1,4.125,6.82));
#3951=CARTESIAN_POINT('Origin',(-10.1,2.,6.025));
#3952=CARTESIAN_POINT('',(-10.1,4.125,6.025));
#3953=CARTESIAN_POINT('',(-10.1,2.,6.025));
#3954=CARTESIAN_POINT('',(-10.1,0.90625,6.025));
#3955=CARTESIAN_POINT('',(-10.1,4.125,6.025));
#3956=CARTESIAN_POINT('',(-10.1,2.,6.025));
#3957=CARTESIAN_POINT('Origin',(-10.1,2.,4.365));
#3958=CARTESIAN_POINT('',(-10.1,2.,4.9775));
#3959=CARTESIAN_POINT('Origin',(-10.1,-2.,6.025));
#3960=CARTESIAN_POINT('',(-10.1,-2.,5.8075));
#3961=CARTESIAN_POINT('Origin',(-10.1,-0.1875,5.5925));
#3962=CARTESIAN_POINT('',(-10.1,-4.4,6.675));
#3963=CARTESIAN_POINT('',(-10.1,-4.5,6.5));
#3964=CARTESIAN_POINT('',(-10.1,-4.4,6.675));
#3965=CARTESIAN_POINT('Origin',(-10.1,-0.1875,5.59));
#3966=CARTESIAN_POINT('',(-10.1,-4.5,6.5));
#3967=CARTESIAN_POINT('',(-10.1,-4.5,6.5));
#3968=CARTESIAN_POINT('',(-10.1,-4.5,4.365));
#3969=CARTESIAN_POINT('Origin',(-10.1,-0.1875,5.59));
#3970=CARTESIAN_POINT('',(-10.1,-4.175,6.815));
#3971=CARTESIAN_POINT('',(-10.1,-4.175,6.815));
#3972=CARTESIAN_POINT('',(-10.1,-4.33,6.75));
#3973=CARTESIAN_POINT('',(-10.1,-4.33,6.75));
#3974=CARTESIAN_POINT('',(-10.1,-4.4,6.675));
#3975=CARTESIAN_POINT('Origin',(-10.1,-0.1875,5.59));
#3976=CARTESIAN_POINT('',(-10.1,4.125,6.815));
#3977=CARTESIAN_POINT('Origin',(-10.1,-0.1875,5.59));
#3978=CARTESIAN_POINT('',(-10.1,-4.5,4.365));
#3979=CARTESIAN_POINT('Origin',(-10.8,-4.5,6.5));
#3980=CARTESIAN_POINT('',(-10.8,-4.5,6.5));
#3981=CARTESIAN_POINT('',(-10.8,-4.5,4.365));
#3982=CARTESIAN_POINT('',(-10.8,-4.5,6.5));
#3983=CARTESIAN_POINT('Origin',(-10.8,-4.4,6.675));
#3984=CARTESIAN_POINT('',(-10.8,-4.4,6.675));
#3985=CARTESIAN_POINT('',(-10.8,-4.5,6.5));
#3986=CARTESIAN_POINT('',(-10.8,-4.4,6.675));
#3987=CARTESIAN_POINT('Origin',(-10.8,-4.33,6.75));
#3988=CARTESIAN_POINT('',(-10.8,-4.33,6.75));
#3989=CARTESIAN_POINT('',(-10.8,-4.4,6.675));
#3990=CARTESIAN_POINT('',(-10.8,-4.33,6.75));
#3991=CARTESIAN_POINT('Origin',(-10.8,-4.175,6.815));
#3992=CARTESIAN_POINT('',(-10.8,-4.175,6.815));
#3993=CARTESIAN_POINT('',(-10.8,-4.33,6.75));
#3994=CARTESIAN_POINT('',(-10.8,-4.175,6.815));
#3995=CARTESIAN_POINT('Origin',(-10.8,4.125,4.365));
#3996=CARTESIAN_POINT('',(-10.8,4.125,6.815));
#3997=CARTESIAN_POINT('',(-10.8,4.125,6.69062770995105));
#3998=CARTESIAN_POINT('',(-10.8,4.125,6.815));
#3999=CARTESIAN_POINT('',(-10.8,4.125,6.815));
#4000=CARTESIAN_POINT('',(-10.8,4.125,4.50897729228764));
#4001=CARTESIAN_POINT('',(-10.8,4.125,6.815));
#4002=CARTESIAN_POINT('',(-10.8,4.125,6.815));
#4003=CARTESIAN_POINT('Ctrl Pts',(-11.9,-3.49,4.575));
#4004=CARTESIAN_POINT('Ctrl Pts',(-11.5333333333333,-3.82666666666667,5.21666666666667));
#4005=CARTESIAN_POINT('Ctrl Pts',(-11.1666666666667,-4.16333333333333,5.85833333333333));
#4006=CARTESIAN_POINT('Ctrl Pts',(-10.8,-4.5,6.5));
#4007=CARTESIAN_POINT('Ctrl Pts',(-11.9,-3.49,5.255));
#4008=CARTESIAN_POINT('Ctrl Pts',(-11.5333333333333,-3.81555555555556,5.68944444444444));
#4009=CARTESIAN_POINT('Ctrl Pts',(-11.1666666666667,-4.14111111111111,6.12388888888889));
#4010=CARTESIAN_POINT('Ctrl Pts',(-10.8,-4.46666666666667,6.55833333333333));
#4011=CARTESIAN_POINT('Ctrl Pts',(-11.9,-3.49,5.935));
#4012=CARTESIAN_POINT('Ctrl Pts',(-11.5333333333333,-3.80444444444444,6.16222222222222));
#4013=CARTESIAN_POINT('Ctrl Pts',(-11.1666666666667,-4.11888888888889,6.38944444444444));
#4014=CARTESIAN_POINT('Ctrl Pts',(-10.8,-4.43333333333333,6.61666666666667));
#4015=CARTESIAN_POINT('Ctrl Pts',(-11.9,-3.49,6.615));
#4016=CARTESIAN_POINT('Ctrl Pts',(-11.5333333333333,-3.79333333333333,6.635));
#4017=CARTESIAN_POINT('Ctrl Pts',(-11.1666666666667,-4.09666666666667,6.655));
#4018=CARTESIAN_POINT('Ctrl Pts',(-10.8,-4.4,6.675));
#4019=CARTESIAN_POINT('',(-11.9,-3.49,6.615));
#4020=CARTESIAN_POINT('',(-11.9,-3.49,4.575));
#4021=CARTESIAN_POINT('',(-11.9,-3.49,4.575));
#4022=CARTESIAN_POINT('',(-11.9,-3.49,4.575));
#4023=CARTESIAN_POINT('',(-11.9,-3.49,6.615));
#4024=CARTESIAN_POINT('Ctrl Pts',(-11.9,-3.49,6.615));
#4025=CARTESIAN_POINT('Ctrl Pts',(-11.5333333333333,-3.79333333333333,6.635));
#4026=CARTESIAN_POINT('Ctrl Pts',(-11.1666666666667,-4.09666666666667,6.655));
#4027=CARTESIAN_POINT('Ctrl Pts',(-10.8,-4.4,6.675));
#4028=CARTESIAN_POINT('Ctrl Pts',(-11.9,-3.47333333333333,6.65));
#4029=CARTESIAN_POINT('Ctrl Pts',(-11.5333333333333,-3.77444444444444,6.66666666666667));
#4030=CARTESIAN_POINT('Ctrl Pts',(-11.1666666666667,-4.07555555555556,6.68333333333333));
#4031=CARTESIAN_POINT('Ctrl Pts',(-10.8,-4.37666666666667,6.7));
#4032=CARTESIAN_POINT('Ctrl Pts',(-11.9,-3.45666666666667,6.685));
#4033=CARTESIAN_POINT('Ctrl Pts',(-11.5333333333333,-3.75555555555556,6.69833333333333));
#4034=CARTESIAN_POINT('Ctrl Pts',(-11.1666666666667,-4.05444444444444,6.71166666666667));
#4035=CARTESIAN_POINT('Ctrl Pts',(-10.8,-4.35333333333333,6.725));
#4036=CARTESIAN_POINT('Ctrl Pts',(-11.9,-3.44,6.72));
#4037=CARTESIAN_POINT('Ctrl Pts',(-11.5333333333333,-3.73666666666667,6.73));
#4038=CARTESIAN_POINT('Ctrl Pts',(-11.1666666666667,-4.03333333333333,6.74));
#4039=CARTESIAN_POINT('Ctrl Pts',(-10.8,-4.33,6.75));
#4040=CARTESIAN_POINT('',(-11.9,-3.44,6.72));
#4041=CARTESIAN_POINT('',(-11.9,-3.49,6.615));
#4042=CARTESIAN_POINT('',(-11.9,-3.44,6.72));
#4043=CARTESIAN_POINT('Ctrl Pts',(-11.9,-3.44,6.72));
#4044=CARTESIAN_POINT('Ctrl Pts',(-11.5333333333333,-3.73666666666667,6.73));
#4045=CARTESIAN_POINT('Ctrl Pts',(-11.1666666666667,-4.03333333333333,6.74));
#4046=CARTESIAN_POINT('Ctrl Pts',(-10.8,-4.33,6.75));
#4047=CARTESIAN_POINT('Ctrl Pts',(-11.9,-3.405,6.75166666666667));
#4048=CARTESIAN_POINT('Ctrl Pts',(-11.5333333333333,-3.69611111111111,6.75833333333333));
#4049=CARTESIAN_POINT('Ctrl Pts',(-11.1666666666667,-3.98722222222222,6.765));
#4050=CARTESIAN_POINT('Ctrl Pts',(-10.8,-4.27833333333333,6.77166666666667));
#4051=CARTESIAN_POINT('Ctrl Pts',(-11.9,-3.37,6.78333333333333));
#4052=CARTESIAN_POINT('Ctrl Pts',(-11.5333333333333,-3.65555555555556,6.78666666666667));
#4053=CARTESIAN_POINT('Ctrl Pts',(-11.1666666666667,-3.94111111111111,6.79));
#4054=CARTESIAN_POINT('Ctrl Pts',(-10.8,-4.22666666666667,6.79333333333333));
#4055=CARTESIAN_POINT('Ctrl Pts',(-11.9,-3.335,6.815));
#4056=CARTESIAN_POINT('Ctrl Pts',(-11.5333333333333,-3.615,6.815));
#4057=CARTESIAN_POINT('Ctrl Pts',(-11.1666666666667,-3.895,6.815));
#4058=CARTESIAN_POINT('Ctrl Pts',(-10.8,-4.175,6.815));
#4059=CARTESIAN_POINT('',(-11.9,-3.335,6.815));
#4060=CARTESIAN_POINT('',(-11.9,-3.44,6.72));
#4061=CARTESIAN_POINT('',(-11.9,-3.335,6.815));
#4062=CARTESIAN_POINT('Ctrl Pts',(-11.9,3.285,6.815));
#4063=CARTESIAN_POINT('Ctrl Pts',(-11.5333333333333,3.48878853512898,6.815));
#4064=CARTESIAN_POINT('Ctrl Pts',(-11.1666666666667,3.69257707025797,6.815));
#4065=CARTESIAN_POINT('Ctrl Pts',(-10.8,3.89636560538695,6.815));
#4066=CARTESIAN_POINT('Ctrl Pts',(-11.9,3.32333333333333,6.8));
#4067=CARTESIAN_POINT('Ctrl Pts',(-11.5333333333333,3.53107353219122,6.805));
#4068=CARTESIAN_POINT('Ctrl Pts',(-11.1666666666667,3.73881373104911,6.81));
#4069=CARTESIAN_POINT('Ctrl Pts',(-10.8,3.94655392990699,6.815));
#4070=CARTESIAN_POINT('Ctrl Pts',(-11.9,3.36166666666667,6.785));
#4071=CARTESIAN_POINT('Ctrl Pts',(-11.5333333333333,3.57335852925346,6.795));
#4072=CARTESIAN_POINT('Ctrl Pts',(-11.1666666666667,3.78505039184025,6.805));
#4073=CARTESIAN_POINT('Ctrl Pts',(-10.8,3.99674225442704,6.815));
#4074=CARTESIAN_POINT('Ctrl Pts',(-11.9,3.4,6.77));
#4075=CARTESIAN_POINT('Ctrl Pts',(-11.5333333333333,3.61564352631569,6.785));
#4076=CARTESIAN_POINT('Ctrl Pts',(-11.1666666666667,3.83128705263139,6.8));
#4077=CARTESIAN_POINT('Ctrl Pts',(-10.8,4.04693057894708,6.815));
#4078=CARTESIAN_POINT('',(-11.9,3.4,6.77));
#4079=CARTESIAN_POINT('',(-11.9,3.285,6.815));
#4080=CARTESIAN_POINT('',(-11.9,3.285,6.815));
#4081=CARTESIAN_POINT('',(-10.8,3.89636560538695,6.815));
#4082=CARTESIAN_POINT('',(-11.9,3.285,6.815));
#4083=CARTESIAN_POINT('',(-10.8,4.04693057894708,6.815));
#4084=CARTESIAN_POINT('',(-10.8,-4.175,6.815));
#4085=CARTESIAN_POINT('',(-11.9,3.4,6.77));
#4086=CARTESIAN_POINT('Ctrl Pts',(-11.9,3.4,6.77));
#4087=CARTESIAN_POINT('Ctrl Pts',(-11.5333333333333,3.61564352631569,6.785));
#4088=CARTESIAN_POINT('Ctrl Pts',(-11.1666666666667,3.83128705263139,6.8));
#4089=CARTESIAN_POINT('Ctrl Pts',(-10.8,4.04693057894708,6.815));
#4090=CARTESIAN_POINT('Ctrl Pts',(-11.9,3.41333333333333,6.75333333333333));
#4091=CARTESIAN_POINT('Ctrl Pts',(-11.5333333333333,3.63320679532157,6.77388888888889));
#4092=CARTESIAN_POINT('Ctrl Pts',(-11.1666666666667,3.85308025730981,6.79444444444445));
#4093=CARTESIAN_POINT('Ctrl Pts',(-10.8,4.07295371929805,6.815));
#4094=CARTESIAN_POINT('Ctrl Pts',(-11.9,3.42666666666667,6.73666666666667));
#4095=CARTESIAN_POINT('Ctrl Pts',(-11.5333333333333,3.65077006432745,6.76277777777778));
#4096=CARTESIAN_POINT('Ctrl Pts',(-11.1666666666667,3.87487346198824,6.78888888888889));
#4097=CARTESIAN_POINT('Ctrl Pts',(-10.8,4.09897685964903,6.815));
#4098=CARTESIAN_POINT('Ctrl Pts',(-11.9,3.44,6.72));
#4099=CARTESIAN_POINT('Ctrl Pts',(-11.5333333333333,3.66833333333333,6.75166666666667));
#4100=CARTESIAN_POINT('Ctrl Pts',(-11.1666666666667,3.89666666666667,6.78333333333333));
#4101=CARTESIAN_POINT('Ctrl Pts',(-10.8,4.125,6.815));
#4102=CARTESIAN_POINT('',(-11.9,3.44,6.72));
#4103=CARTESIAN_POINT('',(-11.9,3.4,6.77));
#4104=CARTESIAN_POINT('',(-10.8,-4.175,6.815));
#4105=CARTESIAN_POINT('',(-11.9,3.44,6.72));
#4106=CARTESIAN_POINT('Ctrl Pts',(-11.9,3.44,6.72));
#4107=CARTESIAN_POINT('Ctrl Pts',(-11.5333333333333,3.66833333333333,6.75166666666667));
#4108=CARTESIAN_POINT('Ctrl Pts',(-11.1666666666667,3.89666666666667,6.78333333333333));
#4109=CARTESIAN_POINT('Ctrl Pts',(-10.8,4.125,6.815));
#4110=CARTESIAN_POINT('Ctrl Pts',(-11.9,3.45666666666667,6.685));
#4111=CARTESIAN_POINT('Ctrl Pts',(-11.5333333333333,3.67944444444444,6.71451418999456));
#4112=CARTESIAN_POINT('Ctrl Pts',(-11.1666666666667,3.90222222222222,6.74402837998912));
#4113=CARTESIAN_POINT('Ctrl Pts',(-10.8,4.125,6.77354256998369));
#4114=CARTESIAN_POINT('Ctrl Pts',(-11.9,3.47333333333333,6.65));
#4115=CARTESIAN_POINT('Ctrl Pts',(-11.5333333333333,3.69055555555556,6.67736171332246));
#4116=CARTESIAN_POINT('Ctrl Pts',(-11.1666666666667,3.90777777777778,6.70472342664491));
#4117=CARTESIAN_POINT('Ctrl Pts',(-10.8,4.125,6.73208513996737));
#4118=CARTESIAN_POINT('Ctrl Pts',(-11.9,3.49,6.615));
#4119=CARTESIAN_POINT('Ctrl Pts',(-11.5333333333333,3.70166666666667,6.64020923665035));
#4120=CARTESIAN_POINT('Ctrl Pts',(-11.1666666666667,3.91333333333333,6.6654184733007));
#4121=CARTESIAN_POINT('Ctrl Pts',(-10.8,4.125,6.69062770995105));
#4122=CARTESIAN_POINT('',(-11.9,3.49,6.615));
#4123=CARTESIAN_POINT('',(-11.9,3.44,6.72));
#4124=CARTESIAN_POINT('',(-11.9,3.49,6.615));
#4125=CARTESIAN_POINT('Origin',(-11.9,3.49,6.615));
#4126=CARTESIAN_POINT('',(-11.9,3.49,4.575));
#4127=CARTESIAN_POINT('',(-11.9,3.49,6.615));
#4128=CARTESIAN_POINT('',(-11.9,3.49,4.575));
#4129=CARTESIAN_POINT('Ctrl Pts',(-11.9,3.49,4.575));
#4130=CARTESIAN_POINT('Ctrl Pts',(-11.5333333333333,3.70166666666667,4.55299243076255));
#4131=CARTESIAN_POINT('Ctrl Pts',(-11.1666666666667,3.91333333333333,4.53098486152509));
#4132=CARTESIAN_POINT('Ctrl Pts',(-10.8,4.125,4.50897729228764));
#4133=CARTESIAN_POINT('Ctrl Pts',(-11.9,3.47333333333333,4.53333333333333));
#4134=CARTESIAN_POINT('Ctrl Pts',(-11.5333333333333,3.69055555555556,4.50921717606392));
#4135=CARTESIAN_POINT('Ctrl Pts',(-11.1666666666667,3.90777777777778,4.48510101879451));
#4136=CARTESIAN_POINT('Ctrl Pts',(-10.8,4.125,4.46098486152509));
#4137=CARTESIAN_POINT('Ctrl Pts',(-11.9,3.45666666666667,4.49166666666667));
#4138=CARTESIAN_POINT('Ctrl Pts',(-11.5333333333333,3.67944444444444,4.46544192136529));
#4139=CARTESIAN_POINT('Ctrl Pts',(-11.1666666666667,3.90222222222222,4.43921717606392));
#4140=CARTESIAN_POINT('Ctrl Pts',(-10.8,4.125,4.41299243076255));
#4141=CARTESIAN_POINT('Ctrl Pts',(-11.9,3.44,4.45));
#4142=CARTESIAN_POINT('Ctrl Pts',(-11.5333333333333,3.66833333333333,4.42166666666667));
#4143=CARTESIAN_POINT('Ctrl Pts',(-11.1666666666667,3.89666666666667,4.39333333333333));
#4144=CARTESIAN_POINT('Ctrl Pts',(-10.8,4.125,4.365));
#4145=CARTESIAN_POINT('',(-11.9,3.44,4.45));
#4146=CARTESIAN_POINT('',(-11.9,3.49,4.575));
#4147=CARTESIAN_POINT('',(-11.9,3.44,4.45));
#4148=CARTESIAN_POINT('Ctrl Pts',(-11.9,3.44,4.45));
#4149=CARTESIAN_POINT('Ctrl Pts',(-11.5333333333333,3.66833333333333,4.42166666666667));
#4150=CARTESIAN_POINT('Ctrl Pts',(-11.1666666666667,3.89666666666667,4.39333333333333));
#4151=CARTESIAN_POINT('Ctrl Pts',(-10.8,4.125,4.365));
#4152=CARTESIAN_POINT('Ctrl Pts',(-11.9,3.41,4.42666666666667));
#4153=CARTESIAN_POINT('Ctrl Pts',(-11.5333333333333,3.63184809677231,4.40611111111111));
#4154=CARTESIAN_POINT('Ctrl Pts',(-11.1666666666667,3.85369619354462,4.38555555555556));
#4155=CARTESIAN_POINT('Ctrl Pts',(-10.8,4.07554429031693,4.365));
#4156=CARTESIAN_POINT('Ctrl Pts',(-11.9,3.38,4.40333333333333));
#4157=CARTESIAN_POINT('Ctrl Pts',(-11.5333333333333,3.59536286021129,4.39055555555556));
#4158=CARTESIAN_POINT('Ctrl Pts',(-11.1666666666667,3.81072572042257,4.37777777777778));
#4159=CARTESIAN_POINT('Ctrl Pts',(-10.8,4.02608858063386,4.365));
#4160=CARTESIAN_POINT('Ctrl Pts',(-11.9,3.35,4.38));
#4161=CARTESIAN_POINT('Ctrl Pts',(-11.5333333333333,3.55887762365026,4.375));
#4162=CARTESIAN_POINT('Ctrl Pts',(-11.1666666666667,3.76775524730053,4.37));
#4163=CARTESIAN_POINT('Ctrl Pts',(-10.8,3.97663287095079,4.365));
#4164=CARTESIAN_POINT('',(-11.9,3.35,4.38));
#4165=CARTESIAN_POINT('',(-11.9,3.44,4.45));
#4166=CARTESIAN_POINT('',(-11.9,3.35,4.38));
#4167=CARTESIAN_POINT('Origin',(-11.9,3.35,4.38));
#4168=CARTESIAN_POINT('',(-11.9,1.27,4.38));
#4169=CARTESIAN_POINT('',(-11.9,3.35,4.38));
#4170=CARTESIAN_POINT('',(-11.9,1.27,4.38));
#4171=CARTESIAN_POINT('Origin',(-11.9,-1.27,4.38));
#4172=CARTESIAN_POINT('',(-11.9,-3.37,4.38));
#4173=CARTESIAN_POINT('',(-11.9,-1.27,4.38));
#4174=CARTESIAN_POINT('',(-11.9,-1.27,4.38));
#4175=CARTESIAN_POINT('',(-11.9,-1.27,4.38));
#4176=CARTESIAN_POINT('',(-11.9,-3.37,4.38));
#4177=CARTESIAN_POINT('Ctrl Pts',(-11.9,-3.37,4.38));
#4178=CARTESIAN_POINT('Ctrl Pts',(-11.5333333333333,-3.69819699547366,4.375));
#4179=CARTESIAN_POINT('Ctrl Pts',(-11.1666666666667,-4.02639399094732,4.37));
#4180=CARTESIAN_POINT('Ctrl Pts',(-10.8,-4.35459098642099,4.365));
#4181=CARTESIAN_POINT('Ctrl Pts',(-11.9,-3.39333333333333,4.40333333333333));
#4182=CARTESIAN_POINT('Ctrl Pts',(-11.5333333333333,-3.72990910809355,4.39055555555556));
#4183=CARTESIAN_POINT('Ctrl Pts',(-11.1666666666667,-4.06648488285377,4.37777777777778));
#4184=CARTESIAN_POINT('Ctrl Pts',(-10.8,-4.40306065761399,4.365));
#4185=CARTESIAN_POINT('Ctrl Pts',(-11.9,-3.41666666666667,4.42666666666667));
#4186=CARTESIAN_POINT('Ctrl Pts',(-11.5333333333333,-3.76162122071344,4.40611111111111));
#4187=CARTESIAN_POINT('Ctrl Pts',(-11.1666666666667,-4.10657577476022,4.38555555555556));
#4188=CARTESIAN_POINT('Ctrl Pts',(-10.8,-4.451530328807,4.365));
#4189=CARTESIAN_POINT('Ctrl Pts',(-11.9,-3.44,4.45));
#4190=CARTESIAN_POINT('Ctrl Pts',(-11.5333333333333,-3.79333333333333,4.42166666666667));
#4191=CARTESIAN_POINT('Ctrl Pts',(-11.1666666666667,-4.14666666666667,4.39333333333333));
#4192=CARTESIAN_POINT('Ctrl Pts',(-10.8,-4.5,4.365));
#4193=CARTESIAN_POINT('',(-11.9,-3.44,4.45));
#4194=CARTESIAN_POINT('',(-11.9,-3.37,4.38));
#4195=CARTESIAN_POINT('',(-11.9,-3.44,4.45));
#4196=CARTESIAN_POINT('Ctrl Pts',(-11.9,-3.44,4.45));
#4197=CARTESIAN_POINT('Ctrl Pts',(-11.5333333333333,-3.79333333333333,4.42166666666667));
#4198=CARTESIAN_POINT('Ctrl Pts',(-11.1666666666667,-4.14666666666667,4.39333333333333));
#4199=CARTESIAN_POINT('Ctrl Pts',(-10.8,-4.5,4.365));
#4200=CARTESIAN_POINT('Ctrl Pts',(-11.9,-3.45666666666667,4.49166666666667));
#4201=CARTESIAN_POINT('Ctrl Pts',(-11.5333333333333,-3.80444444444444,4.68666666666667));
#4202=CARTESIAN_POINT('Ctrl Pts',(-11.1666666666667,-4.15222222222222,4.88166666666667));
#4203=CARTESIAN_POINT('Ctrl Pts',(-10.8,-4.5,5.07666666666667));
#4204=CARTESIAN_POINT('Ctrl Pts',(-11.9,-3.47333333333333,4.53333333333333));
#4205=CARTESIAN_POINT('Ctrl Pts',(-11.5333333333333,-3.81555555555556,4.95166666666667));
#4206=CARTESIAN_POINT('Ctrl Pts',(-11.1666666666667,-4.15777777777778,5.37));
#4207=CARTESIAN_POINT('Ctrl Pts',(-10.8,-4.5,5.78833333333333));
#4208=CARTESIAN_POINT('Ctrl Pts',(-11.9,-3.49,4.575));
#4209=CARTESIAN_POINT('Ctrl Pts',(-11.5333333333333,-3.82666666666667,5.21666666666667));
#4210=CARTESIAN_POINT('Ctrl Pts',(-11.1666666666667,-4.16333333333333,5.85833333333333));
#4211=CARTESIAN_POINT('Ctrl Pts',(-10.8,-4.5,6.5));
#4212=CARTESIAN_POINT('',(-11.9,-3.44,4.45));
#4213=CARTESIAN_POINT('Origin',(-33.2,-3.49,4.575));
#4214=CARTESIAN_POINT('',(-33.2,-3.44,4.45));
#4215=CARTESIAN_POINT('',(-33.2,-3.49,4.575));
#4216=CARTESIAN_POINT('',(-33.2,-3.44,4.45));
#4217=CARTESIAN_POINT('',(-33.2,-3.44,4.45));
#4218=CARTESIAN_POINT('',(-33.2,-3.49,4.575));
#4219=CARTESIAN_POINT('Origin',(-33.2,-3.49,6.615));
#4220=CARTESIAN_POINT('',(-33.2,-3.49,6.615));
#4221=CARTESIAN_POINT('',(-33.2,-3.49,4.575));
#4222=CARTESIAN_POINT('',(-33.2,-3.49,6.615));
#4223=CARTESIAN_POINT('Origin',(-33.2,-3.44,6.72));
#4224=CARTESIAN_POINT('',(-33.2,-3.44,6.72));
#4225=CARTESIAN_POINT('',(-33.2,-3.49,6.615));
#4226=CARTESIAN_POINT('',(-33.2,-3.44,6.72));
#4227=CARTESIAN_POINT('Origin',(-33.2,-3.335,6.815));
#4228=CARTESIAN_POINT('',(-33.2,-3.335,6.815));
#4229=CARTESIAN_POINT('',(-33.2,-3.44,6.72));
#4230=CARTESIAN_POINT('',(-33.2,-3.335,6.815));
#4231=CARTESIAN_POINT('Origin',(-33.2,3.285,6.815));
#4232=CARTESIAN_POINT('',(-33.2,3.285,6.815));
#4233=CARTESIAN_POINT('',(-33.2,-3.335,6.815));
#4234=CARTESIAN_POINT('',(-33.2,3.285,6.815));
#4235=CARTESIAN_POINT('Origin',(-33.2,3.4,6.77));
#4236=CARTESIAN_POINT('',(-33.2,3.4,6.77));
#4237=CARTESIAN_POINT('',(-33.2,3.285,6.815));
#4238=CARTESIAN_POINT('',(-33.2,3.4,6.77));
#4239=CARTESIAN_POINT('Origin',(-33.2,3.44,6.72));
#4240=CARTESIAN_POINT('',(-33.2,3.42872727272727,6.73409090909091));
#4241=CARTESIAN_POINT('',(-33.2,3.4,6.77));
#4242=CARTESIAN_POINT('',(-33.2,3.44,6.72));
#4243=CARTESIAN_POINT('',(-33.2,3.44,6.72));
#4244=CARTESIAN_POINT('',(-33.2,3.4,6.77));
#4245=CARTESIAN_POINT('Origin',(-33.2,3.49,6.615));
#4246=CARTESIAN_POINT('',(-33.2,3.49,6.615));
#4247=CARTESIAN_POINT('',(-33.2,3.44,6.72));
#4248=CARTESIAN_POINT('',(-33.2,3.49,6.615));
#4249=CARTESIAN_POINT('Origin',(-33.2,3.44,4.45));
#4250=CARTESIAN_POINT('',(-33.2,3.49,4.575));
#4251=CARTESIAN_POINT('',(-33.2,3.48175531914894,4.55438829787234));
#4252=CARTESIAN_POINT('',(-33.2,3.49,4.575));
#4253=CARTESIAN_POINT('',(-33.2,3.49,4.575));
#4254=CARTESIAN_POINT('',(-33.2,3.44,4.45));
#4255=CARTESIAN_POINT('',(-33.2,3.44,4.45));
#4256=CARTESIAN_POINT('',(-33.2,3.49,4.575));
#4257=CARTESIAN_POINT('Origin',(-33.2,3.35,4.38));
#4258=CARTESIAN_POINT('',(-33.2,3.38077233304952,4.40393403681629));
#4259=CARTESIAN_POINT('',(-33.2,3.44,4.45));
#4260=CARTESIAN_POINT('',(-33.2,3.35,4.38));
#4261=CARTESIAN_POINT('',(-33.2,3.35,4.38));
#4262=CARTESIAN_POINT('',(-33.2,3.44,4.45));
#4263=CARTESIAN_POINT('Origin',(-33.2,1.27,4.38));
#4264=CARTESIAN_POINT('',(-33.2,1.27,4.38));
#4265=CARTESIAN_POINT('',(-33.2,3.35,4.38));
#4266=CARTESIAN_POINT('',(-33.2,1.27,4.38));
#4267=CARTESIAN_POINT('Origin',(-33.2,-3.37,4.38));
#4268=CARTESIAN_POINT('',(-33.2,-1.27,4.38));
#4269=CARTESIAN_POINT('',(-33.2,-3.37,4.38));
#4270=CARTESIAN_POINT('',(-33.2,-1.27,4.38));
#4271=CARTESIAN_POINT('',(-33.2,-1.27,4.38));
#4272=CARTESIAN_POINT('',(-33.2,-3.37,4.38));
#4273=CARTESIAN_POINT('Origin',(-33.2,-3.44,4.45));
#4274=CARTESIAN_POINT('',(-33.2,-3.37,4.38));
#4275=CARTESIAN_POINT('Origin',(-33.43,0.0634993893912137,5.55489896816137));
#4276=CARTESIAN_POINT('',(-33.43,-3.335,4.575));
#4277=CARTESIAN_POINT('',(-33.43,-3.335,6.504975293456));
#4278=CARTESIAN_POINT('',(-33.43,-3.335,4.575));
#4279=CARTESIAN_POINT('',(-33.43,-3.335,6.615));
#4280=CARTESIAN_POINT('',(-33.43,-3.335,4.575));
#4281=CARTESIAN_POINT('',(-33.43,-3.,6.725));
#4282=CARTESIAN_POINT('',(-33.43,-3.335,6.615));
#4283=CARTESIAN_POINT('',(-33.43,3.,6.725));
#4284=CARTESIAN_POINT('',(-33.43,-3.,6.725));
#4285=CARTESIAN_POINT('',(-33.43,3.335,6.615));
#4286=CARTESIAN_POINT('',(-33.43,3.,6.725));
#4287=CARTESIAN_POINT('',(-33.43,3.335,6.22));
#4288=CARTESIAN_POINT('',(-33.43,3.335,6.615));
#4289=CARTESIAN_POINT('',(-33.43,3.49,6.22));
#4290=CARTESIAN_POINT('',(-33.43,3.335,6.22));
#4291=CARTESIAN_POINT('',(-33.43,3.49,6.17361703547655));
#4292=CARTESIAN_POINT('',(-33.43,3.49,6.22));
#4293=CARTESIAN_POINT('',(-33.43,3.49,5.36));
#4294=CARTESIAN_POINT('',(-33.43,3.49,6.22));
#4295=CARTESIAN_POINT('',(-33.43,3.335,5.36));
#4296=CARTESIAN_POINT('',(-33.43,3.49,5.36));
#4297=CARTESIAN_POINT('',(-33.43,3.335,4.575));
#4298=CARTESIAN_POINT('',(-33.43,3.335,5.36));
#4299=CARTESIAN_POINT('',(-33.43,3.,4.54));
#4300=CARTESIAN_POINT('',(-33.43,3.335,4.575));
#4301=CARTESIAN_POINT('',(-33.43,3.,4.365));
#4302=CARTESIAN_POINT('',(-33.43,3.,4.54));
#4303=CARTESIAN_POINT('',(-33.43,1.27,4.365));
#4304=CARTESIAN_POINT('',(-33.43,3.,4.365));
#4305=CARTESIAN_POINT('',(-33.43,1.27,4.685));
#4306=CARTESIAN_POINT('',(-33.43,1.27,4.365));
#4307=CARTESIAN_POINT('',(-33.43,-1.27,4.685));
#4308=CARTESIAN_POINT('',(-33.43,1.27,4.685));
#4309=CARTESIAN_POINT('',(-33.43,-1.27,4.365));
#4310=CARTESIAN_POINT('',(-33.43,-1.27,4.685));
#4311=CARTESIAN_POINT('',(-33.43,-3.,4.365));
#4312=CARTESIAN_POINT('',(-33.43,-1.27,4.365));
#4313=CARTESIAN_POINT('',(-33.43,-3.,4.54));
#4314=CARTESIAN_POINT('',(-33.43,-3.,4.365));
#4315=CARTESIAN_POINT('',(-33.43,-3.,4.54));
#4316=CARTESIAN_POINT('Origin',(-33.43,-3.335,4.575));
#4317=CARTESIAN_POINT('',(-33.43,-3.335,4.575));
#4318=CARTESIAN_POINT('',(-33.43,-3.335,6.504975293456));
#4319=CARTESIAN_POINT('Ctrl Pts',(-33.43,-3.335,6.504975293456));
#4320=CARTESIAN_POINT('Ctrl Pts',(-33.3533333333333,-3.38666666666667,6.54165019563733));
#4321=CARTESIAN_POINT('Ctrl Pts',(-33.2766666666667,-3.43833333333333,6.57832509781867));
#4322=CARTESIAN_POINT('Ctrl Pts',(-33.2,-3.49,6.615));
#4323=CARTESIAN_POINT('Ctrl Pts',(-33.43,-3.335,6.54165019563733));
#4324=CARTESIAN_POINT('Ctrl Pts',(-33.3533333333333,-3.38111111111111,6.57776679709156));
#4325=CARTESIAN_POINT('Ctrl Pts',(-33.2766666666667,-3.42722222222222,6.61388339854578));
#4326=CARTESIAN_POINT('Ctrl Pts',(-33.2,-3.47333333333333,6.65));
#4327=CARTESIAN_POINT('Ctrl Pts',(-33.43,-3.335,6.57832509781867));
#4328=CARTESIAN_POINT('Ctrl Pts',(-33.3533333333333,-3.37555555555556,6.61388339854578));
#4329=CARTESIAN_POINT('Ctrl Pts',(-33.2766666666667,-3.41611111111111,6.64944169927289));
#4330=CARTESIAN_POINT('Ctrl Pts',(-33.2,-3.45666666666667,6.685));
#4331=CARTESIAN_POINT('Ctrl Pts',(-33.43,-3.335,6.615));
#4332=CARTESIAN_POINT('Ctrl Pts',(-33.3533333333333,-3.37,6.65));
#4333=CARTESIAN_POINT('Ctrl Pts',(-33.2766666666667,-3.405,6.685));
#4334=CARTESIAN_POINT('Ctrl Pts',(-33.2,-3.44,6.72));
#4335=CARTESIAN_POINT('',(-33.43,-3.335,6.615));
#4336=CARTESIAN_POINT('Ctrl Pts',(-33.43,-3.335,6.615));
#4337=CARTESIAN_POINT('Ctrl Pts',(-33.3533333333333,-3.37,6.65));
#4338=CARTESIAN_POINT('Ctrl Pts',(-33.2766666666667,-3.405,6.685));
#4339=CARTESIAN_POINT('Ctrl Pts',(-33.2,-3.44,6.72));
#4340=CARTESIAN_POINT('Ctrl Pts',(-33.43,-3.22333333333333,6.65166666666667));
#4341=CARTESIAN_POINT('Ctrl Pts',(-33.3533333333333,-3.28388888888889,6.685));
#4342=CARTESIAN_POINT('Ctrl Pts',(-33.2766666666667,-3.34444444444444,6.71833333333333));
#4343=CARTESIAN_POINT('Ctrl Pts',(-33.2,-3.405,6.75166666666667));
#4344=CARTESIAN_POINT('Ctrl Pts',(-33.43,-3.11166666666667,6.68833333333333));
#4345=CARTESIAN_POINT('Ctrl Pts',(-33.3533333333333,-3.19777777777778,6.72));
#4346=CARTESIAN_POINT('Ctrl Pts',(-33.2766666666667,-3.28388888888889,6.75166666666667));
#4347=CARTESIAN_POINT('Ctrl Pts',(-33.2,-3.37,6.78333333333333));
#4348=CARTESIAN_POINT('Ctrl Pts',(-33.43,-3.,6.725));
#4349=CARTESIAN_POINT('Ctrl Pts',(-33.3533333333333,-3.11166666666667,6.755));
#4350=CARTESIAN_POINT('Ctrl Pts',(-33.2766666666667,-3.22333333333333,6.785));
#4351=CARTESIAN_POINT('Ctrl Pts',(-33.2,-3.335,6.815));
#4352=CARTESIAN_POINT('',(-33.43,-3.,6.725));
#4353=CARTESIAN_POINT('Origin',(-33.43,-3.,6.725));
#4354=CARTESIAN_POINT('',(-33.43,3.,6.725));
#4355=CARTESIAN_POINT('Ctrl Pts',(-33.43,3.,6.725));
#4356=CARTESIAN_POINT('Ctrl Pts',(-33.3533333333333,3.095,6.755));
#4357=CARTESIAN_POINT('Ctrl Pts',(-33.2766666666667,3.19,6.785));
#4358=CARTESIAN_POINT('Ctrl Pts',(-33.2,3.285,6.815));
#4359=CARTESIAN_POINT('Ctrl Pts',(-33.43,3.11166666666667,6.68833333333333));
#4360=CARTESIAN_POINT('Ctrl Pts',(-33.3533333333333,3.18222222222222,6.72555555555556));
#4361=CARTESIAN_POINT('Ctrl Pts',(-33.2766666666667,3.25277777777778,6.76277777777778));
#4362=CARTESIAN_POINT('Ctrl Pts',(-33.2,3.32333333333333,6.8));
#4363=CARTESIAN_POINT('Ctrl Pts',(-33.43,3.22333333333333,6.65166666666667));
#4364=CARTESIAN_POINT('Ctrl Pts',(-33.3533333333333,3.26944444444444,6.69611111111111));
#4365=CARTESIAN_POINT('Ctrl Pts',(-33.2766666666667,3.31555555555556,6.74055555555556));
#4366=CARTESIAN_POINT('Ctrl Pts',(-33.2,3.36166666666667,6.785));
#4367=CARTESIAN_POINT('Ctrl Pts',(-33.43,3.335,6.615));
#4368=CARTESIAN_POINT('Ctrl Pts',(-33.3533333333333,3.35666666666667,6.66666666666667));
#4369=CARTESIAN_POINT('Ctrl Pts',(-33.2766666666667,3.37833333333333,6.71833333333333));
#4370=CARTESIAN_POINT('Ctrl Pts',(-33.2,3.4,6.77));
#4371=CARTESIAN_POINT('',(-33.43,3.335,6.615));
#4372=CARTESIAN_POINT('Ctrl Pts',(-33.43,3.335,6.615));
#4373=CARTESIAN_POINT('Ctrl Pts',(-33.3533333333333,3.35666666666667,6.66666666666667));
#4374=CARTESIAN_POINT('Ctrl Pts',(-33.2766666666667,3.37833333333333,6.71833333333333));
#4375=CARTESIAN_POINT('Ctrl Pts',(-33.2,3.4,6.77));
#4376=CARTESIAN_POINT('Ctrl Pts',(-33.43,3.335,6.48333333333333));
#4377=CARTESIAN_POINT('Ctrl Pts',(-33.3533333333333,3.35985858585859,6.57489898989899));
#4378=CARTESIAN_POINT('Ctrl Pts',(-33.2766666666667,3.38471717171717,6.66646464646465));
#4379=CARTESIAN_POINT('Ctrl Pts',(-33.2,3.40957575757576,6.7580303030303));
#4380=CARTESIAN_POINT('Ctrl Pts',(-33.43,3.335,6.35166666666667));
#4381=CARTESIAN_POINT('Ctrl Pts',(-33.3533333333333,3.36305050505051,6.48313131313131));
#4382=CARTESIAN_POINT('Ctrl Pts',(-33.2766666666667,3.39110101010101,6.61459595959596));
#4383=CARTESIAN_POINT('Ctrl Pts',(-33.2,3.41915151515152,6.74606060606061));
#4384=CARTESIAN_POINT('Ctrl Pts',(-33.43,3.335,6.22));
#4385=CARTESIAN_POINT('Ctrl Pts',(-33.3533333333333,3.36624242424242,6.39136363636364));
#4386=CARTESIAN_POINT('Ctrl Pts',(-33.2766666666667,3.39748484848485,6.56272727272727));
#4387=CARTESIAN_POINT('Ctrl Pts',(-33.2,3.42872727272727,6.73409090909091));
#4388=CARTESIAN_POINT('',(-33.43,3.335,6.22));
#4389=CARTESIAN_POINT('Ctrl Pts',(-33.43,3.335,6.22));
#4390=CARTESIAN_POINT('Ctrl Pts',(-33.3533333333333,3.36624242424242,6.39136363636364));
#4391=CARTESIAN_POINT('Ctrl Pts',(-33.2766666666667,3.39748484848485,6.56272727272727));
#4392=CARTESIAN_POINT('Ctrl Pts',(-33.2,3.42872727272727,6.73409090909091));
#4393=CARTESIAN_POINT('Ctrl Pts',(-33.43,3.38666666666667,6.22));
#4394=CARTESIAN_POINT('Ctrl Pts',(-33.3533333333333,3.40193939393939,6.38979797979798));
#4395=CARTESIAN_POINT('Ctrl Pts',(-33.2766666666667,3.41721212121212,6.55959595959596));
#4396=CARTESIAN_POINT('Ctrl Pts',(-33.2,3.43248484848485,6.72939393939394));
#4397=CARTESIAN_POINT('Ctrl Pts',(-33.43,3.43833333333333,6.22));
#4398=CARTESIAN_POINT('Ctrl Pts',(-33.3533333333333,3.43763636363636,6.38823232323232));
#4399=CARTESIAN_POINT('Ctrl Pts',(-33.2766666666667,3.43693939393939,6.55646464646465));
#4400=CARTESIAN_POINT('Ctrl Pts',(-33.2,3.43624242424242,6.72469696969697));
#4401=CARTESIAN_POINT('Ctrl Pts',(-33.43,3.49,6.22));
#4402=CARTESIAN_POINT('Ctrl Pts',(-33.3533333333333,3.47333333333333,6.38666666666667));
#4403=CARTESIAN_POINT('Ctrl Pts',(-33.2766666666667,3.45666666666667,6.55333333333333));
#4404=CARTESIAN_POINT('Ctrl Pts',(-33.2,3.44,6.72));
#4405=CARTESIAN_POINT('',(-33.43,3.49,6.22));
#4406=CARTESIAN_POINT('Ctrl Pts',(-33.43,3.49,6.22));
#4407=CARTESIAN_POINT('Ctrl Pts',(-33.3533333333333,3.47333333333333,6.38666666666667));
#4408=CARTESIAN_POINT('Ctrl Pts',(-33.2766666666667,3.45666666666667,6.55333333333333));
#4409=CARTESIAN_POINT('Ctrl Pts',(-33.2,3.44,6.72));
#4410=CARTESIAN_POINT('Ctrl Pts',(-33.43,3.49,6.20453901182552));
#4411=CARTESIAN_POINT('Ctrl Pts',(-33.3533333333333,3.47888888888889,6.36469267455035));
#4412=CARTESIAN_POINT('Ctrl Pts',(-33.2766666666667,3.46777777777778,6.52484633727517));
#4413=CARTESIAN_POINT('Ctrl Pts',(-33.2,3.45666666666667,6.685));
#4414=CARTESIAN_POINT('Ctrl Pts',(-33.43,3.49,6.18907802365103));
#4415=CARTESIAN_POINT('Ctrl Pts',(-33.3533333333333,3.48444444444444,6.34271868243402));
#4416=CARTESIAN_POINT('Ctrl Pts',(-33.2766666666667,3.47888888888889,6.49635934121701));
#4417=CARTESIAN_POINT('Ctrl Pts',(-33.2,3.47333333333333,6.65));
#4418=CARTESIAN_POINT('Ctrl Pts',(-33.43,3.49,6.17361703547655));
#4419=CARTESIAN_POINT('Ctrl Pts',(-33.3533333333333,3.49,6.3207446903177));
#4420=CARTESIAN_POINT('Ctrl Pts',(-33.2766666666667,3.49,6.46787234515885));
#4421=CARTESIAN_POINT('Ctrl Pts',(-33.2,3.49,6.615));
#4422=CARTESIAN_POINT('',(-33.43,3.49,6.17361703547655));
#4423=CARTESIAN_POINT('Origin',(-33.43,3.49,6.17361703547655));
#4424=CARTESIAN_POINT('',(-33.43,3.49,5.36));
#4425=CARTESIAN_POINT('Ctrl Pts',(-33.43,3.49,5.36));
#4426=CARTESIAN_POINT('Ctrl Pts',(-33.3533333333333,3.49,5.09833333333333));
#4427=CARTESIAN_POINT('Ctrl Pts',(-33.2766666666667,3.49,4.83666666666667));
#4428=CARTESIAN_POINT('Ctrl Pts',(-33.2,3.49,4.575));
#4429=CARTESIAN_POINT('Ctrl Pts',(-33.43,3.43833333333333,5.36));
#4430=CARTESIAN_POINT('Ctrl Pts',(-33.3533333333333,3.45463947990544,5.09604314420804));
#4431=CARTESIAN_POINT('Ctrl Pts',(-33.2766666666667,3.47094562647754,4.83208628841608));
#4432=CARTESIAN_POINT('Ctrl Pts',(-33.2,3.48725177304965,4.56812943262411));
#4433=CARTESIAN_POINT('Ctrl Pts',(-33.43,3.38666666666667,5.36));
#4434=CARTESIAN_POINT('Ctrl Pts',(-33.3533333333333,3.41927895981088,5.09375295508274));
#4435=CARTESIAN_POINT('Ctrl Pts',(-33.2766666666667,3.45189125295508,4.82750591016549));
#4436=CARTESIAN_POINT('Ctrl Pts',(-33.2,3.48450354609929,4.56125886524823));
#4437=CARTESIAN_POINT('Ctrl Pts',(-33.43,3.335,5.36));
#4438=CARTESIAN_POINT('Ctrl Pts',(-33.3533333333333,3.38391843971631,5.09146276595745));
#4439=CARTESIAN_POINT('Ctrl Pts',(-33.2766666666667,3.43283687943262,4.82292553191489));
#4440=CARTESIAN_POINT('Ctrl Pts',(-33.2,3.48175531914894,4.55438829787234));
#4441=CARTESIAN_POINT('',(-33.43,3.335,5.36));
#4442=CARTESIAN_POINT('Ctrl Pts',(-33.43,3.335,5.36));
#4443=CARTESIAN_POINT('Ctrl Pts',(-33.3533333333333,3.38391843971631,5.09146276595745));
#4444=CARTESIAN_POINT('Ctrl Pts',(-33.2766666666667,3.43283687943262,4.82292553191489));
#4445=CARTESIAN_POINT('Ctrl Pts',(-33.2,3.48175531914894,4.55438829787234));
#4446=CARTESIAN_POINT('Ctrl Pts',(-33.43,3.335,5.09833333333333));
#4447=CARTESIAN_POINT('Ctrl Pts',(-33.3533333333333,3.37927895981087,4.90541962174941));
#4448=CARTESIAN_POINT('Ctrl Pts',(-33.2766666666667,3.42355791962175,4.71250591016548));
#4449=CARTESIAN_POINT('Ctrl Pts',(-33.2,3.46783687943262,4.51959219858156));
#4450=CARTESIAN_POINT('Ctrl Pts',(-33.43,3.335,4.83666666666667));
#4451=CARTESIAN_POINT('Ctrl Pts',(-33.3533333333333,3.37463947990544,4.71937647754137));
#4452=CARTESIAN_POINT('Ctrl Pts',(-33.2766666666667,3.41427895981087,4.60208628841608));
#4453=CARTESIAN_POINT('Ctrl Pts',(-33.2,3.45391843971631,4.48479609929078));
#4454=CARTESIAN_POINT('Ctrl Pts',(-33.43,3.335,4.575));
#4455=CARTESIAN_POINT('Ctrl Pts',(-33.3533333333333,3.37,4.53333333333333));
#4456=CARTESIAN_POINT('Ctrl Pts',(-33.2766666666667,3.405,4.49166666666667));
#4457=CARTESIAN_POINT('Ctrl Pts',(-33.2,3.44,4.45));
#4458=CARTESIAN_POINT('',(-33.43,3.335,4.575));
#4459=CARTESIAN_POINT('Ctrl Pts',(-33.43,3.335,4.575));
#4460=CARTESIAN_POINT('Ctrl Pts',(-33.3533333333333,3.37,4.53333333333333));
#4461=CARTESIAN_POINT('Ctrl Pts',(-33.2766666666667,3.405,4.49166666666667));
#4462=CARTESIAN_POINT('Ctrl Pts',(-33.2,3.44,4.45));
#4463=CARTESIAN_POINT('Ctrl Pts',(-33.43,3.22333333333333,4.56333333333333));
#4464=CARTESIAN_POINT('Ctrl Pts',(-33.3533333333333,3.28897470367217,4.52043711520181));
#4465=CARTESIAN_POINT('Ctrl Pts',(-33.2766666666667,3.354616074011,4.47754089707029));
#4466=CARTESIAN_POINT('Ctrl Pts',(-33.2,3.42025744434984,4.43464467893876));
#4467=CARTESIAN_POINT('Ctrl Pts',(-33.43,3.11166666666667,4.55166666666667));
#4468=CARTESIAN_POINT('Ctrl Pts',(-33.3533333333333,3.20794940734434,4.50754089707029));
#4469=CARTESIAN_POINT('Ctrl Pts',(-33.2766666666667,3.30423214802201,4.46341512747391));
#4470=CARTESIAN_POINT('Ctrl Pts',(-33.2,3.40051488869968,4.41928935787753));
#4471=CARTESIAN_POINT('Ctrl Pts',(-33.43,3.,4.54));
#4472=CARTESIAN_POINT('Ctrl Pts',(-33.3533333333333,3.12692411101651,4.49464467893876));
#4473=CARTESIAN_POINT('Ctrl Pts',(-33.2766666666667,3.25384822203301,4.44928935787753));
#4474=CARTESIAN_POINT('Ctrl Pts',(-33.2,3.38077233304952,4.40393403681629));
#4475=CARTESIAN_POINT('',(-33.43,3.,4.54));
#4476=CARTESIAN_POINT('Ctrl Pts',(-33.43,3.,4.54));
#4477=CARTESIAN_POINT('Ctrl Pts',(-33.3533333333333,3.12692411101651,4.49464467893876));
#4478=CARTESIAN_POINT('Ctrl Pts',(-33.2766666666667,3.25384822203301,4.44928935787753));
#4479=CARTESIAN_POINT('Ctrl Pts',(-33.2,3.38077233304952,4.40393403681629));
#4480=CARTESIAN_POINT('Ctrl Pts',(-33.43,3.,4.48166666666667));
#4481=CARTESIAN_POINT('Ctrl Pts',(-33.3533333333333,3.12350496289989,4.45309645262584));
#4482=CARTESIAN_POINT('Ctrl Pts',(-33.2766666666667,3.24700992579979,4.42452623858502));
#4483=CARTESIAN_POINT('Ctrl Pts',(-33.2,3.37051488869968,4.39595602454419));
#4484=CARTESIAN_POINT('Ctrl Pts',(-33.43,3.,4.42333333333333));
#4485=CARTESIAN_POINT('Ctrl Pts',(-33.3533333333333,3.12008581478328,4.41154822631292));
#4486=CARTESIAN_POINT('Ctrl Pts',(-33.2766666666667,3.24017162956656,4.39976311929251));
#4487=CARTESIAN_POINT('Ctrl Pts',(-33.2,3.36025744434984,4.3879780122721));
#4488=CARTESIAN_POINT('Ctrl Pts',(-33.43,3.,4.365));
#4489=CARTESIAN_POINT('Ctrl Pts',(-33.3533333333333,3.11666666666667,4.37));
#4490=CARTESIAN_POINT('Ctrl Pts',(-33.2766666666667,3.23333333333333,4.375));
#4491=CARTESIAN_POINT('Ctrl Pts',(-33.2,3.35,4.38));
#4492=CARTESIAN_POINT('',(-33.43,3.,4.365));
#4493=CARTESIAN_POINT('Origin',(-33.43,3.,4.365));
#4494=CARTESIAN_POINT('',(-33.43,1.27,4.365));
#4495=CARTESIAN_POINT('Origin',(-33.43,1.27,4.365));
#4496=CARTESIAN_POINT('',(-1.6,1.27,4.685));
#4497=CARTESIAN_POINT('Origin',(-33.43,1.27,4.685));
#4498=CARTESIAN_POINT('',(-1.6,-1.27,4.685));
#4499=CARTESIAN_POINT('Origin',(-33.43,-1.27,4.685));
#4500=CARTESIAN_POINT('',(-33.43,-1.27,4.365));
#4501=CARTESIAN_POINT('Origin',(-33.43,-1.27,4.365));
#4502=CARTESIAN_POINT('',(-33.43,-3.,4.365));
#4503=CARTESIAN_POINT('Ctrl Pts',(-33.43,-3.,4.365));
#4504=CARTESIAN_POINT('Ctrl Pts',(-33.3533333333333,-3.12333333333333,4.37));
#4505=CARTESIAN_POINT('Ctrl Pts',(-33.2766666666667,-3.24666666666667,4.375));
#4506=CARTESIAN_POINT('Ctrl Pts',(-33.2,-3.37,4.38));
#4507=CARTESIAN_POINT('Ctrl Pts',(-33.43,-3.,4.42333333333333));
#4508=CARTESIAN_POINT('Ctrl Pts',(-33.3533333333333,-3.13111111111111,4.41666666666667));
#4509=CARTESIAN_POINT('Ctrl Pts',(-33.2766666666667,-3.26222222222222,4.41));
#4510=CARTESIAN_POINT('Ctrl Pts',(-33.2,-3.39333333333333,4.40333333333333));
#4511=CARTESIAN_POINT('Ctrl Pts',(-33.43,-3.,4.48166666666667));
#4512=CARTESIAN_POINT('Ctrl Pts',(-33.3533333333333,-3.13888888888889,4.46333333333333));
#4513=CARTESIAN_POINT('Ctrl Pts',(-33.2766666666667,-3.27777777777778,4.445));
#4514=CARTESIAN_POINT('Ctrl Pts',(-33.2,-3.41666666666667,4.42666666666667));
#4515=CARTESIAN_POINT('Ctrl Pts',(-33.43,-3.,4.54));
#4516=CARTESIAN_POINT('Ctrl Pts',(-33.3533333333333,-3.14666666666667,4.51));
#4517=CARTESIAN_POINT('Ctrl Pts',(-33.2766666666667,-3.29333333333333,4.48));
#4518=CARTESIAN_POINT('Ctrl Pts',(-33.2,-3.44,4.45));
#4519=CARTESIAN_POINT('',(-33.2279993384046,-3.3864360482695,4.46095626285397));
#4520=CARTESIAN_POINT('',(-33.43,-3.,4.54));
#4521=CARTESIAN_POINT('',(-33.43,-3.,4.54));
#4522=CARTESIAN_POINT('Ctrl Pts',(-33.43,-3.,4.54));
#4523=CARTESIAN_POINT('Ctrl Pts',(-33.3533333333333,-3.14666666666667,4.51));
#4524=CARTESIAN_POINT('Ctrl Pts',(-33.2766666666667,-3.29333333333333,4.48));
#4525=CARTESIAN_POINT('Ctrl Pts',(-33.2,-3.44,4.45));
#4526=CARTESIAN_POINT('Ctrl Pts',(-33.43,-3.11166666666667,4.55166666666667));
#4527=CARTESIAN_POINT('Ctrl Pts',(-33.3533333333333,-3.22666666666667,4.53166666666667));
#4528=CARTESIAN_POINT('Ctrl Pts',(-33.2766666666667,-3.34166666666667,4.51166666666667));
#4529=CARTESIAN_POINT('Ctrl Pts',(-33.2,-3.45666666666667,4.49166666666667));
#4530=CARTESIAN_POINT('Ctrl Pts',(-33.43,-3.22333333333333,4.56333333333333));
#4531=CARTESIAN_POINT('Ctrl Pts',(-33.3533333333333,-3.30666666666667,4.55333333333333));
#4532=CARTESIAN_POINT('Ctrl Pts',(-33.2766666666667,-3.39,4.54333333333333));
#4533=CARTESIAN_POINT('Ctrl Pts',(-33.2,-3.47333333333333,4.53333333333333));
#4534=CARTESIAN_POINT('Ctrl Pts',(-33.43,-3.335,4.575));
#4535=CARTESIAN_POINT('Ctrl Pts',(-33.3533333333333,-3.38666666666667,4.575));
#4536=CARTESIAN_POINT('Ctrl Pts',(-33.2766666666667,-3.43833333333333,4.575));
#4537=CARTESIAN_POINT('Ctrl Pts',(-33.2,-3.49,4.575));
#4538=UNCERTAINTY_MEASURE_WITH_UNIT(LENGTH_MEASURE(0.001),#4542,
'DISTANCE_ACCURACY_VALUE',
'Maximum model space distance between geometric entities at asserted c
onnectivities');
#4539=UNCERTAINTY_MEASURE_WITH_UNIT(LENGTH_MEASURE(0.001),#4542,
'DISTANCE_ACCURACY_VALUE',
'Maximum model space distance between geometric entities at asserted c
onnectivities');
#4540=(
GEOMETRIC_REPRESENTATION_CONTEXT(3)
GLOBAL_UNCERTAINTY_ASSIGNED_CONTEXT((#4538))
GLOBAL_UNIT_ASSIGNED_CONTEXT((#4542,#4544,#4545))
REPRESENTATION_CONTEXT('','3D')
);
#4541=(
GEOMETRIC_REPRESENTATION_CONTEXT(3)
GLOBAL_UNCERTAINTY_ASSIGNED_CONTEXT((#4539))
GLOBAL_UNIT_ASSIGNED_CONTEXT((#4542,#4544,#4545))
REPRESENTATION_CONTEXT('','3D')
);
#4542=(
LENGTH_UNIT()
NAMED_UNIT(*)
SI_UNIT(.CENTI.,.METRE.)
);
#4543=(
LENGTH_UNIT()
NAMED_UNIT(*)
SI_UNIT($,.METRE.)
);
#4544=(
NAMED_UNIT(*)
PLANE_ANGLE_UNIT()
SI_UNIT($,.RADIAN.)
);
#4545=(
NAMED_UNIT(*)
SI_UNIT($,.STERADIAN.)
SOLID_ANGLE_UNIT()
);
#4546=SHAPE_DEFINITION_REPRESENTATION(#4547,#4548);
#4547=PRODUCT_DEFINITION_SHAPE('',$,#4550);
#4548=SHAPE_REPRESENTATION('',(#2585),#4540);
#4549=PRODUCT_DEFINITION_CONTEXT('part definition',#4554,'design');
#4550=PRODUCT_DEFINITION('Hatch_Native','Hatch_Native',#4551,#4549);
#4551=PRODUCT_DEFINITION_FORMATION('',$,#4556);
#4552=PRODUCT_RELATED_PRODUCT_CATEGORY('Hatch_Native','Hatch_Native',(#4556));
#4553=APPLICATION_PROTOCOL_DEFINITION('international standard',
'automotive_design',2009,#4554);
#4554=APPLICATION_CONTEXT(
'Core Data for Automotive Mechanical Design Process');
#4555=PRODUCT_CONTEXT('part definition',#4554,'mechanical');
#4556=PRODUCT('Hatch_Native','Hatch_Native',$,(#4555));
#4557=PRESENTATION_STYLE_ASSIGNMENT((#4558));
#4558=SURFACE_STYLE_USAGE(.BOTH.,#4559);
#4559=SURFACE_SIDE_STYLE('',(#4560));
#4560=SURFACE_STYLE_FILL_AREA(#4561);
#4561=FILL_AREA_STYLE('Steel - Satin',(#4562));
#4562=FILL_AREA_STYLE_COLOUR('Steel - Satin',#4563);
#4563=COLOUR_RGB('Steel - Satin',0.627450980392157,0.627450980392157,0.627450980392157);
ENDSEC;
END-ISO-10303-21;
