ISO-10303-21;
HEADER;
/* Generated by software containing ST-Developer
 * from STEP Tools, Inc. (www.steptools.com) 
 */

FILE_DESCRIPTION(
/* description */ (''),
/* implementation_level */ '2;1');

FILE_NAME(
/* name */ 'M2_core_tube_RFQ.stp',
/* time_stamp */ '2026-09-11T12:49:51-05:00',
/* author */ (''),
/* organization */ (''),
/* preprocessor_version */ 'ST-DEVELOPER v20.1',
/* originating_system */ 'Autodesk Translation Framework v15.8.0.0',
/* authorisation */ '');

FILE_SCHEMA (('AUTOMOTIVE_DESIGN { 1 0 10303 214 3 1 1 }'));
ENDSEC;

DATA;
#10=MECHANICAL_DESIGN_GEOMETRIC_PRESENTATION_REPRESENTATION('',(#13),#3104);
#11=SHAPE_REPRESENTATION_RELATIONSHIP('SRR','None',#3111,#12);
#12=ADVANCED_BREP_SHAPE_REPRESENTATION('',(#14),#3103);
#13=STYLED_ITEM('',(#3120),#14);
#14=MANIFOLD_SOLID_BREP('CoreBox_cut',#1868);
#15=B_SPLINE_CURVE_WITH_KNOTS('',3,(#2625,#2626,#2627,#2628,#2629,#2630),
 .UNSPECIFIED.,.F.,.F.,(4,2,4),(2.326264755472,2.52456706855057,2.72286938162915),
 .UNSPECIFIED.);
#16=B_SPLINE_CURVE_WITH_KNOTS('',3,(#2638,#2639,#2640,#2641,#2642,#2643),
 .UNSPECIFIED.,.F.,.F.,(4,2,4),(3.83358486118926,4.03470264165313,4.23582042211699),
 .UNSPECIFIED.);
#17=B_SPLINE_CURVE_WITH_KNOTS('',3,(#2647,#2648,#2649,#2650,#2651,#2652),
 .UNSPECIFIED.,.F.,.F.,(4,2,4),(1.14378310008717,1.34490088055104,1.54601866101491),
 .UNSPECIFIED.);
#18=B_SPLINE_CURVE_WITH_KNOTS('',3,(#2658,#2659,#2660,#2661,#2662,#2663),
 .UNSPECIFIED.,.F.,.F.,(4,2,4),(0.64322004310495,0.84152235618353,1.0398246692621),
 .UNSPECIFIED.);
#19=FACE_BOUND('',#172,.T.);
#20=FACE_BOUND('',#179,.T.);
#21=FACE_BOUND('',#181,.T.);
#22=FACE_BOUND('',#187,.T.);
#23=FACE_BOUND('',#191,.T.);
#24=FACE_BOUND('',#199,.T.);
#25=PLANE('',#1891);
#26=PLANE('',#1892);
#27=PLANE('',#1893);
#28=PLANE('',#1899);
#29=PLANE('',#1900);
#30=PLANE('',#1912);
#31=PLANE('',#1917);
#32=PLANE('',#1922);
#33=PLANE('',#1924);
#34=PLANE('',#1925);
#35=PLANE('',#1926);
#36=PLANE('',#1929);
#37=PLANE('',#1935);
#38=PLANE('',#1941);
#39=PLANE('',#1944);
#40=PLANE('',#1945);
#41=PLANE('',#1946);
#42=PLANE('',#1951);
#43=PLANE('',#1957);
#44=PLANE('',#1958);
#45=PLANE('',#1959);
#46=PLANE('',#1960);
#47=PLANE('',#1961);
#48=PLANE('',#1962);
#49=PLANE('',#1966);
#50=PLANE('',#1969);
#51=PLANE('',#1970);
#52=PLANE('',#1971);
#53=PLANE('',#1972);
#54=PLANE('',#1973);
#55=PLANE('',#1974);
#56=PLANE('',#1977);
#57=PLANE('',#1980);
#58=PLANE('',#1981);
#59=PLANE('',#1982);
#60=PLANE('',#1983);
#61=PLANE('',#1984);
#62=PLANE('',#1985);
#63=PLANE('',#1986);
#64=PLANE('',#1987);
#65=PLANE('',#1988);
#66=PLANE('',#1989);
#67=PLANE('',#1992);
#68=PLANE('',#1994);
#69=PLANE('',#1996);
#70=PLANE('',#1998);
#71=PLANE('',#1999);
#72=PLANE('',#2005);
#73=PLANE('',#2007);
#74=PLANE('',#2009);
#75=PLANE('',#2014);
#76=PLANE('',#2015);
#77=PLANE('',#2018);
#78=PLANE('',#2019);
#79=PLANE('',#2024);
#80=PLANE('',#2025);
#81=FACE_OUTER_BOUND('',#166,.T.);
#82=FACE_OUTER_BOUND('',#167,.T.);
#83=FACE_OUTER_BOUND('',#168,.T.);
#84=FACE_OUTER_BOUND('',#169,.T.);
#85=FACE_OUTER_BOUND('',#170,.T.);
#86=FACE_OUTER_BOUND('',#171,.T.);
#87=FACE_OUTER_BOUND('',#173,.T.);
#88=FACE_OUTER_BOUND('',#174,.T.);
#89=FACE_OUTER_BOUND('',#175,.T.);
#90=FACE_OUTER_BOUND('',#176,.T.);
#91=FACE_OUTER_BOUND('',#177,.T.);
#92=FACE_OUTER_BOUND('',#178,.T.);
#93=FACE_OUTER_BOUND('',#180,.T.);
#94=FACE_OUTER_BOUND('',#182,.T.);
#95=FACE_OUTER_BOUND('',#183,.T.);
#96=FACE_OUTER_BOUND('',#184,.T.);
#97=FACE_OUTER_BOUND('',#185,.T.);
#98=FACE_OUTER_BOUND('',#186,.T.);
#99=FACE_OUTER_BOUND('',#188,.T.);
#100=FACE_OUTER_BOUND('',#189,.T.);
#101=FACE_OUTER_BOUND('',#190,.T.);
#102=FACE_OUTER_BOUND('',#192,.T.);
#103=FACE_OUTER_BOUND('',#193,.T.);
#104=FACE_OUTER_BOUND('',#194,.T.);
#105=FACE_OUTER_BOUND('',#195,.T.);
#106=FACE_OUTER_BOUND('',#196,.T.);
#107=FACE_OUTER_BOUND('',#197,.T.);
#108=FACE_OUTER_BOUND('',#198,.T.);
#109=FACE_OUTER_BOUND('',#200,.T.);
#110=FACE_OUTER_BOUND('',#201,.T.);
#111=FACE_OUTER_BOUND('',#202,.T.);
#112=FACE_OUTER_BOUND('',#203,.T.);
#113=FACE_OUTER_BOUND('',#204,.T.);
#114=FACE_OUTER_BOUND('',#205,.T.);
#115=FACE_OUTER_BOUND('',#206,.T.);
#116=FACE_OUTER_BOUND('',#207,.T.);
#117=FACE_OUTER_BOUND('',#208,.T.);
#118=FACE_OUTER_BOUND('',#209,.T.);
#119=FACE_OUTER_BOUND('',#210,.T.);
#120=FACE_OUTER_BOUND('',#211,.T.);
#121=FACE_OUTER_BOUND('',#212,.T.);
#122=FACE_OUTER_BOUND('',#213,.T.);
#123=FACE_OUTER_BOUND('',#214,.T.);
#124=FACE_OUTER_BOUND('',#215,.T.);
#125=FACE_OUTER_BOUND('',#216,.T.);
#126=FACE_OUTER_BOUND('',#217,.T.);
#127=FACE_OUTER_BOUND('',#218,.T.);
#128=FACE_OUTER_BOUND('',#219,.T.);
#129=FACE_OUTER_BOUND('',#220,.T.);
#130=FACE_OUTER_BOUND('',#221,.T.);
#131=FACE_OUTER_BOUND('',#222,.T.);
#132=FACE_OUTER_BOUND('',#223,.T.);
#133=FACE_OUTER_BOUND('',#224,.T.);
#134=FACE_OUTER_BOUND('',#225,.T.);
#135=FACE_OUTER_BOUND('',#226,.T.);
#136=FACE_OUTER_BOUND('',#227,.T.);
#137=FACE_OUTER_BOUND('',#228,.T.);
#138=FACE_OUTER_BOUND('',#229,.T.);
#139=FACE_OUTER_BOUND('',#230,.T.);
#140=FACE_OUTER_BOUND('',#231,.T.);
#141=FACE_OUTER_BOUND('',#232,.T.);
#142=FACE_OUTER_BOUND('',#233,.T.);
#143=FACE_OUTER_BOUND('',#234,.T.);
#144=FACE_OUTER_BOUND('',#235,.T.);
#145=FACE_OUTER_BOUND('',#236,.T.);
#146=FACE_OUTER_BOUND('',#237,.T.);
#147=FACE_OUTER_BOUND('',#238,.T.);
#148=FACE_OUTER_BOUND('',#239,.T.);
#149=FACE_OUTER_BOUND('',#240,.T.);
#150=FACE_OUTER_BOUND('',#241,.T.);
#151=FACE_OUTER_BOUND('',#242,.T.);
#152=FACE_OUTER_BOUND('',#243,.T.);
#153=FACE_OUTER_BOUND('',#244,.T.);
#154=FACE_OUTER_BOUND('',#245,.T.);
#155=FACE_OUTER_BOUND('',#246,.T.);
#156=FACE_OUTER_BOUND('',#247,.T.);
#157=FACE_OUTER_BOUND('',#248,.T.);
#158=FACE_OUTER_BOUND('',#249,.T.);
#159=FACE_OUTER_BOUND('',#250,.T.);
#160=FACE_OUTER_BOUND('',#251,.T.);
#161=FACE_OUTER_BOUND('',#252,.T.);
#162=FACE_OUTER_BOUND('',#253,.T.);
#163=FACE_OUTER_BOUND('',#254,.T.);
#164=FACE_OUTER_BOUND('',#255,.T.);
#165=FACE_OUTER_BOUND('',#256,.T.);
#166=EDGE_LOOP('',(#1200,#1201,#1202,#1203));
#167=EDGE_LOOP('',(#1204,#1205,#1206,#1207));
#168=EDGE_LOOP('',(#1208,#1209,#1210,#1211));
#169=EDGE_LOOP('',(#1212,#1213,#1214,#1215));
#170=EDGE_LOOP('',(#1216,#1217,#1218,#1219));
#171=EDGE_LOOP('',(#1220,#1221,#1222,#1223,#1224,#1225,#1226,#1227,#1228,
#1229,#1230,#1231,#1232,#1233,#1234,#1235,#1236,#1237,#1238));
#172=EDGE_LOOP('',(#1239,#1240,#1241,#1242,#1243,#1244,#1245,#1246));
#173=EDGE_LOOP('',(#1247,#1248,#1249,#1250));
#174=EDGE_LOOP('',(#1251,#1252,#1253,#1254));
#175=EDGE_LOOP('',(#1255,#1256,#1257,#1258,#1259,#1260,#1261,#1262));
#176=EDGE_LOOP('',(#1263,#1264,#1265,#1266,#1267,#1268,#1269,#1270));
#177=EDGE_LOOP('',(#1271,#1272,#1273,#1274,#1275,#1276));
#178=EDGE_LOOP('',(#1277,#1278,#1279,#1280,#1281,#1282,#1283,#1284,#1285,
#1286,#1287,#1288,#1289,#1290,#1291,#1292,#1293,#1294,#1295));
#179=EDGE_LOOP('',(#1296,#1297,#1298,#1299));
#180=EDGE_LOOP('',(#1300,#1301,#1302,#1303,#1304,#1305,#1306,#1307,#1308,
#1309,#1310,#1311,#1312,#1313,#1314,#1315,#1316,#1317,#1318));
#181=EDGE_LOOP('',(#1319,#1320,#1321,#1322));
#182=EDGE_LOOP('',(#1323,#1324,#1325,#1326,#1327,#1328,#1329,#1330));
#183=EDGE_LOOP('',(#1331,#1332,#1333,#1334));
#184=EDGE_LOOP('',(#1335,#1336,#1337,#1338));
#185=EDGE_LOOP('',(#1339,#1340,#1341,#1342,#1343,#1344,#1345,#1346));
#186=EDGE_LOOP('',(#1347,#1348,#1349,#1350,#1351,#1352,#1353,#1354,#1355,
#1356,#1357,#1358,#1359,#1360,#1361,#1362,#1363,#1364,#1365,#1366));
#187=EDGE_LOOP('',(#1367));
#188=EDGE_LOOP('',(#1368,#1369,#1370,#1371));
#189=EDGE_LOOP('',(#1372,#1373,#1374,#1375,#1376,#1377));
#190=EDGE_LOOP('',(#1378,#1379,#1380,#1381,#1382,#1383,#1384,#1385,#1386,
#1387,#1388,#1389,#1390,#1391,#1392,#1393,#1394,#1395,#1396));
#191=EDGE_LOOP('',(#1397,#1398,#1399,#1400,#1401,#1402,#1403,#1404));
#192=EDGE_LOOP('',(#1405,#1406,#1407,#1408));
#193=EDGE_LOOP('',(#1409,#1410,#1411,#1412,#1413,#1414,#1415,#1416));
#194=EDGE_LOOP('',(#1417,#1418,#1419,#1420));
#195=EDGE_LOOP('',(#1421,#1422,#1423,#1424));
#196=EDGE_LOOP('',(#1425,#1426,#1427,#1428,#1429,#1430,#1431,#1432));
#197=EDGE_LOOP('',(#1433,#1434,#1435,#1436,#1437,#1438));
#198=EDGE_LOOP('',(#1439,#1440,#1441,#1442,#1443,#1444,#1445,#1446,#1447,
#1448,#1449,#1450,#1451,#1452,#1453,#1454));
#199=EDGE_LOOP('',(#1455));
#200=EDGE_LOOP('',(#1456,#1457,#1458,#1459));
#201=EDGE_LOOP('',(#1460,#1461,#1462,#1463,#1464,#1465));
#202=EDGE_LOOP('',(#1466,#1467,#1468,#1469));
#203=EDGE_LOOP('',(#1470,#1471,#1472,#1473));
#204=EDGE_LOOP('',(#1474,#1475,#1476,#1477,#1478));
#205=EDGE_LOOP('',(#1479,#1480,#1481,#1482));
#206=EDGE_LOOP('',(#1483,#1484,#1485,#1486,#1487));
#207=EDGE_LOOP('',(#1488,#1489,#1490,#1491,#1492,#1493,#1494,#1495,#1496,
#1497,#1498,#1499));
#208=EDGE_LOOP('',(#1500,#1501,#1502,#1503,#1504,#1505,#1506,#1507,#1508,
#1509,#1510,#1511));
#209=EDGE_LOOP('',(#1512,#1513,#1514,#1515));
#210=EDGE_LOOP('',(#1516,#1517,#1518,#1519));
#211=EDGE_LOOP('',(#1520,#1521,#1522,#1523,#1524));
#212=EDGE_LOOP('',(#1525,#1526,#1527,#1528,#1529));
#213=EDGE_LOOP('',(#1530,#1531,#1532,#1533));
#214=EDGE_LOOP('',(#1534,#1535,#1536,#1537,#1538,#1539,#1540,#1541,#1542,
#1543,#1544,#1545));
#215=EDGE_LOOP('',(#1546,#1547,#1548,#1549,#1550,#1551,#1552,#1553,#1554,
#1555,#1556,#1557));
#216=EDGE_LOOP('',(#1558,#1559,#1560,#1561));
#217=EDGE_LOOP('',(#1562,#1563,#1564,#1565));
#218=EDGE_LOOP('',(#1566,#1567,#1568,#1569,#1570));
#219=EDGE_LOOP('',(#1571,#1572,#1573,#1574));
#220=EDGE_LOOP('',(#1575,#1576,#1577,#1578,#1579));
#221=EDGE_LOOP('',(#1580,#1581,#1582,#1583));
#222=EDGE_LOOP('',(#1584,#1585,#1586,#1587));
#223=EDGE_LOOP('',(#1588,#1589,#1590,#1591,#1592));
#224=EDGE_LOOP('',(#1593,#1594,#1595,#1596,#1597));
#225=EDGE_LOOP('',(#1598,#1599,#1600,#1601));
#226=EDGE_LOOP('',(#1602,#1603,#1604,#1605));
#227=EDGE_LOOP('',(#1606,#1607,#1608,#1609));
#228=EDGE_LOOP('',(#1610,#1611,#1612,#1613));
#229=EDGE_LOOP('',(#1614,#1615,#1616,#1617));
#230=EDGE_LOOP('',(#1618,#1619,#1620,#1621));
#231=EDGE_LOOP('',(#1622,#1623,#1624,#1625));
#232=EDGE_LOOP('',(#1626,#1627,#1628,#1629));
#233=EDGE_LOOP('',(#1630,#1631,#1632,#1633));
#234=EDGE_LOOP('',(#1634,#1635,#1636,#1637));
#235=EDGE_LOOP('',(#1638,#1639,#1640,#1641,#1642,#1643,#1644,#1645,#1646,
#1647,#1648,#1649));
#236=EDGE_LOOP('',(#1650,#1651,#1652,#1653));
#237=EDGE_LOOP('',(#1654,#1655,#1656,#1657));
#238=EDGE_LOOP('',(#1658,#1659,#1660,#1661));
#239=EDGE_LOOP('',(#1662,#1663,#1664,#1665));
#240=EDGE_LOOP('',(#1666,#1667,#1668,#1669));
#241=EDGE_LOOP('',(#1670,#1671,#1672,#1673,#1674,#1675,#1676,#1677,#1678,
#1679,#1680,#1681));
#242=EDGE_LOOP('',(#1682,#1683,#1684,#1685));
#243=EDGE_LOOP('',(#1686,#1687,#1688,#1689));
#244=EDGE_LOOP('',(#1690,#1691,#1692,#1693));
#245=EDGE_LOOP('',(#1694,#1695,#1696,#1697));
#246=EDGE_LOOP('',(#1698,#1699,#1700,#1701,#1702,#1703));
#247=EDGE_LOOP('',(#1704,#1705,#1706,#1707,#1708,#1709));
#248=EDGE_LOOP('',(#1710,#1711,#1712,#1713));
#249=EDGE_LOOP('',(#1714,#1715,#1716,#1717));
#250=EDGE_LOOP('',(#1718,#1719,#1720,#1721));
#251=EDGE_LOOP('',(#1722,#1723,#1724,#1725));
#252=EDGE_LOOP('',(#1726,#1727,#1728,#1729,#1730,#1731,#1732,#1733));
#253=EDGE_LOOP('',(#1734,#1735,#1736,#1737,#1738,#1739,#1740,#1741));
#254=EDGE_LOOP('',(#1742,#1743,#1744,#1745));
#255=EDGE_LOOP('',(#1746,#1747,#1748,#1749));
#256=EDGE_LOOP('',(#1750,#1751,#1752,#1753));
#257=LINE('',#2542,#468);
#258=LINE('',#2545,#469);
#259=LINE('',#2551,#470);
#260=LINE('',#2554,#471);
#261=LINE('',#2560,#472);
#262=LINE('',#2563,#473);
#263=LINE('',#2566,#474);
#264=LINE('',#2568,#475);
#265=LINE('',#2569,#476);
#266=LINE('',#2572,#477);
#267=LINE('',#2574,#478);
#268=LINE('',#2575,#479);
#269=LINE('',#2583,#480);
#270=LINE('',#2585,#481);
#271=LINE('',#2587,#482);
#272=LINE('',#2589,#483);
#273=LINE('',#2593,#484);
#274=LINE('',#2597,#485);
#275=LINE('',#2599,#486);
#276=LINE('',#2601,#487);
#277=LINE('',#2603,#488);
#278=LINE('',#2605,#489);
#279=LINE('',#2607,#490);
#280=LINE('',#2609,#491);
#281=LINE('',#2611,#492);
#282=LINE('',#2613,#493);
#283=LINE('',#2614,#494);
#284=LINE('',#2615,#495);
#285=LINE('',#2616,#496);
#286=LINE('',#2619,#497);
#287=LINE('',#2621,#498);
#288=LINE('',#2634,#499);
#289=LINE('',#2654,#500);
#290=LINE('',#2667,#501);
#291=LINE('',#2671,#502);
#292=LINE('',#2674,#503);
#293=LINE('',#2677,#504);
#294=LINE('',#2679,#505);
#295=LINE('',#2681,#506);
#296=LINE('',#2683,#507);
#297=LINE('',#2685,#508);
#298=LINE('',#2687,#509);
#299=LINE('',#2689,#510);
#300=LINE('',#2691,#511);
#301=LINE('',#2693,#512);
#302=LINE('',#2695,#513);
#303=LINE('',#2699,#514);
#304=LINE('',#2703,#515);
#305=LINE('',#2705,#516);
#306=LINE('',#2707,#517);
#307=LINE('',#2708,#518);
#308=LINE('',#2713,#519);
#309=LINE('',#2716,#520);
#310=LINE('',#2719,#521);
#311=LINE('',#2721,#522);
#312=LINE('',#2723,#523);
#313=LINE('',#2725,#524);
#314=LINE('',#2729,#525);
#315=LINE('',#2733,#526);
#316=LINE('',#2735,#527);
#317=LINE('',#2737,#528);
#318=LINE('',#2739,#529);
#319=LINE('',#2741,#530);
#320=LINE('',#2743,#531);
#321=LINE('',#2745,#532);
#322=LINE('',#2747,#533);
#323=LINE('',#2749,#534);
#324=LINE('',#2750,#535);
#325=LINE('',#2755,#536);
#326=LINE('',#2758,#537);
#327=LINE('',#2761,#538);
#328=LINE('',#2762,#539);
#329=LINE('',#2764,#540);
#330=LINE('',#2766,#541);
#331=LINE('',#2768,#542);
#332=LINE('',#2772,#543);
#333=LINE('',#2774,#544);
#334=LINE('',#2775,#545);
#335=LINE('',#2778,#546);
#336=LINE('',#2779,#547);
#337=LINE('',#2783,#548);
#338=LINE('',#2785,#549);
#339=LINE('',#2788,#550);
#340=LINE('',#2791,#551);
#341=LINE('',#2793,#552);
#342=LINE('',#2795,#553);
#343=LINE('',#2797,#554);
#344=LINE('',#2799,#555);
#345=LINE('',#2801,#556);
#346=LINE('',#2803,#557);
#347=LINE('',#2805,#558);
#348=LINE('',#2807,#559);
#349=LINE('',#2809,#560);
#350=LINE('',#2811,#561);
#351=LINE('',#2813,#562);
#352=LINE('',#2815,#563);
#353=LINE('',#2817,#564);
#354=LINE('',#2819,#565);
#355=LINE('',#2821,#566);
#356=LINE('',#2822,#567);
#357=LINE('',#2831,#568);
#358=LINE('',#2833,#569);
#359=LINE('',#2835,#570);
#360=LINE('',#2837,#571);
#361=LINE('',#2839,#572);
#362=LINE('',#2841,#573);
#363=LINE('',#2845,#574);
#364=LINE('',#2849,#575);
#365=LINE('',#2851,#576);
#366=LINE('',#2852,#577);
#367=LINE('',#2856,#578);
#368=LINE('',#2860,#579);
#369=LINE('',#2862,#580);
#370=LINE('',#2864,#581);
#371=LINE('',#2868,#582);
#372=LINE('',#2869,#583);
#373=LINE('',#2871,#584);
#374=LINE('',#2876,#585);
#375=LINE('',#2881,#586);
#376=LINE('',#2883,#587);
#377=LINE('',#2885,#588);
#378=LINE('',#2886,#589);
#379=LINE('',#2888,#590);
#380=LINE('',#2890,#591);
#381=LINE('',#2892,#592);
#382=LINE('',#2893,#593);
#383=LINE('',#2902,#594);
#384=LINE('',#2904,#595);
#385=LINE('',#2905,#596);
#386=LINE('',#2908,#597);
#387=LINE('',#2910,#598);
#388=LINE('',#2911,#599);
#389=LINE('',#2913,#600);
#390=LINE('',#2914,#601);
#391=LINE('',#2916,#602);
#392=LINE('',#2918,#603);
#393=LINE('',#2923,#604);
#394=LINE('',#2925,#605);
#395=LINE('',#2927,#606);
#396=LINE('',#2934,#607);
#397=LINE('',#2936,#608);
#398=LINE('',#2938,#609);
#399=LINE('',#2942,#610);
#400=LINE('',#2944,#611);
#401=LINE('',#2945,#612);
#402=LINE('',#2949,#613);
#403=LINE('',#2950,#614);
#404=LINE('',#2951,#615);
#405=LINE('',#2953,#616);
#406=LINE('',#2954,#617);
#407=LINE('',#2956,#618);
#408=LINE('',#2957,#619);
#409=LINE('',#2963,#620);
#410=LINE('',#2965,#621);
#411=LINE('',#2967,#622);
#412=LINE('',#2973,#623);
#413=LINE('',#2975,#624);
#414=LINE('',#2977,#625);
#415=LINE('',#2980,#626);
#416=LINE('',#2982,#627);
#417=LINE('',#2984,#628);
#418=LINE('',#2985,#629);
#419=LINE('',#2988,#630);
#420=LINE('',#2990,#631);
#421=LINE('',#2991,#632);
#422=LINE('',#2994,#633);
#423=LINE('',#2995,#634);
#424=LINE('',#2998,#635);
#425=LINE('',#2999,#636);
#426=LINE('',#3001,#637);
#427=LINE('',#3003,#638);
#428=LINE('',#3005,#639);
#429=LINE('',#3007,#640);
#430=LINE('',#3008,#641);
#431=LINE('',#3012,#642);
#432=LINE('',#3013,#643);
#433=LINE('',#3014,#644);
#434=LINE('',#3017,#645);
#435=LINE('',#3018,#646);
#436=LINE('',#3021,#647);
#437=LINE('',#3022,#648);
#438=LINE('',#3024,#649);
#439=LINE('',#3027,#650);
#440=LINE('',#3028,#651);
#441=LINE('',#3030,#652);
#442=LINE('',#3032,#653);
#443=LINE('',#3035,#654);
#444=LINE('',#3036,#655);
#445=LINE('',#3038,#656);
#446=LINE('',#3040,#657);
#447=LINE('',#3042,#658);
#448=LINE('',#3046,#659);
#449=LINE('',#3048,#660);
#450=LINE('',#3052,#661);
#451=LINE('',#3056,#662);
#452=LINE('',#3057,#663);
#453=LINE('',#3059,#664);
#454=LINE('',#3062,#665);
#455=LINE('',#3064,#666);
#456=LINE('',#3066,#667);
#457=LINE('',#3070,#668);
#458=LINE('',#3072,#669);
#459=LINE('',#3076,#670);
#460=LINE('',#3081,#671);
#461=LINE('',#3083,#672);
#462=LINE('',#3085,#673);
#463=LINE('',#3087,#674);
#464=LINE('',#3091,#675);
#465=LINE('',#3093,#676);
#466=LINE('',#3095,#677);
#467=LINE('',#3097,#678);
#468=VECTOR('',#2035,1.);
#469=VECTOR('',#2038,1.);
#470=VECTOR('',#2043,1.);
#471=VECTOR('',#2046,1.);
#472=VECTOR('',#2051,1.);
#473=VECTOR('',#2054,1.);
#474=VECTOR('',#2057,1.);
#475=VECTOR('',#2058,1.);
#476=VECTOR('',#2059,1.);
#477=VECTOR('',#2062,1.);
#478=VECTOR('',#2063,1.);
#479=VECTOR('',#2064,1.);
#480=VECTOR('',#2071,1.);
#481=VECTOR('',#2072,1.);
#482=VECTOR('',#2073,1.);
#483=VECTOR('',#2074,1.);
#484=VECTOR('',#2077,1.);
#485=VECTOR('',#2080,1.);
#486=VECTOR('',#2081,1.);
#487=VECTOR('',#2082,1.);
#488=VECTOR('',#2083,1.);
#489=VECTOR('',#2084,1.);
#490=VECTOR('',#2085,1.);
#491=VECTOR('',#2086,1.);
#492=VECTOR('',#2087,1.);
#493=VECTOR('',#2088,1.);
#494=VECTOR('',#2089,1.);
#495=VECTOR('',#2090,1.);
#496=VECTOR('',#2091,1.);
#497=VECTOR('',#2096,1.);
#498=VECTOR('',#2099,1.);
#499=VECTOR('',#2104,0.73);
#500=VECTOR('',#2113,0.73);
#501=VECTOR('',#2120,1.);
#502=VECTOR('',#2123,1.);
#503=VECTOR('',#2126,1.);
#504=VECTOR('',#2129,1.);
#505=VECTOR('',#2130,1.);
#506=VECTOR('',#2131,1.);
#507=VECTOR('',#2132,1.);
#508=VECTOR('',#2133,1.);
#509=VECTOR('',#2134,1.);
#510=VECTOR('',#2135,1.);
#511=VECTOR('',#2136,1.);
#512=VECTOR('',#2137,1.);
#513=VECTOR('',#2138,1.);
#514=VECTOR('',#2141,1.);
#515=VECTOR('',#2144,1.);
#516=VECTOR('',#2145,1.);
#517=VECTOR('',#2146,1.);
#518=VECTOR('',#2147,1.);
#519=VECTOR('',#2150,1.);
#520=VECTOR('',#2153,1.);
#521=VECTOR('',#2156,1.);
#522=VECTOR('',#2157,1.);
#523=VECTOR('',#2158,1.);
#524=VECTOR('',#2159,1.);
#525=VECTOR('',#2162,1.);
#526=VECTOR('',#2165,1.);
#527=VECTOR('',#2166,1.);
#528=VECTOR('',#2167,1.);
#529=VECTOR('',#2168,1.);
#530=VECTOR('',#2169,1.);
#531=VECTOR('',#2170,1.);
#532=VECTOR('',#2171,1.);
#533=VECTOR('',#2172,1.);
#534=VECTOR('',#2173,1.);
#535=VECTOR('',#2174,1.);
#536=VECTOR('',#2177,1.);
#537=VECTOR('',#2180,1.);
#538=VECTOR('',#2183,1.);
#539=VECTOR('',#2184,1.);
#540=VECTOR('',#2185,1.);
#541=VECTOR('',#2186,1.);
#542=VECTOR('',#2187,1.);
#543=VECTOR('',#2192,1.);
#544=VECTOR('',#2193,1.);
#545=VECTOR('',#2194,1.);
#546=VECTOR('',#2197,1.);
#547=VECTOR('',#2198,1.);
#548=VECTOR('',#2203,1.);
#549=VECTOR('',#2204,1.);
#550=VECTOR('',#2207,1.);
#551=VECTOR('',#2210,1.);
#552=VECTOR('',#2211,1.);
#553=VECTOR('',#2212,1.);
#554=VECTOR('',#2213,1.);
#555=VECTOR('',#2214,1.);
#556=VECTOR('',#2215,1.);
#557=VECTOR('',#2216,1.);
#558=VECTOR('',#2217,1.);
#559=VECTOR('',#2218,1.);
#560=VECTOR('',#2219,1.);
#561=VECTOR('',#2220,1.);
#562=VECTOR('',#2221,1.);
#563=VECTOR('',#2222,1.);
#564=VECTOR('',#2223,1.);
#565=VECTOR('',#2224,1.);
#566=VECTOR('',#2225,1.);
#567=VECTOR('',#2226,1.);
#568=VECTOR('',#2239,1.);
#569=VECTOR('',#2240,1.);
#570=VECTOR('',#2241,1.);
#571=VECTOR('',#2242,1.);
#572=VECTOR('',#2243,1.);
#573=VECTOR('',#2244,1.);
#574=VECTOR('',#2247,1.);
#575=VECTOR('',#2250,1.);
#576=VECTOR('',#2251,1.);
#577=VECTOR('',#2252,1.);
#578=VECTOR('',#2257,1.);
#579=VECTOR('',#2262,1.);
#580=VECTOR('',#2263,1.);
#581=VECTOR('',#2266,1.);
#582=VECTOR('',#2271,1.);
#583=VECTOR('',#2272,1.);
#584=VECTOR('',#2275,1.);
#585=VECTOR('',#2282,1.);
#586=VECTOR('',#2289,1.);
#587=VECTOR('',#2290,1.);
#588=VECTOR('',#2291,1.);
#589=VECTOR('',#2292,1.);
#590=VECTOR('',#2293,1.);
#591=VECTOR('',#2294,1.);
#592=VECTOR('',#2295,1.);
#593=VECTOR('',#2296,1.);
#594=VECTOR('',#2309,1.);
#595=VECTOR('',#2310,1.);
#596=VECTOR('',#2311,1.);
#597=VECTOR('',#2314,1.);
#598=VECTOR('',#2315,1.);
#599=VECTOR('',#2316,1.);
#600=VECTOR('',#2319,1.);
#601=VECTOR('',#2320,1.);
#602=VECTOR('',#2323,1.);
#603=VECTOR('',#2326,1.);
#604=VECTOR('',#2331,1.);
#605=VECTOR('',#2332,1.);
#606=VECTOR('',#2333,1.);
#607=VECTOR('',#2342,1.);
#608=VECTOR('',#2343,1.);
#609=VECTOR('',#2344,1.);
#610=VECTOR('',#2349,1.);
#611=VECTOR('',#2350,1.);
#612=VECTOR('',#2351,1.);
#613=VECTOR('',#2354,1.);
#614=VECTOR('',#2355,1.);
#615=VECTOR('',#2356,1.);
#616=VECTOR('',#2359,1.);
#617=VECTOR('',#2360,1.);
#618=VECTOR('',#2363,1.);
#619=VECTOR('',#2364,1.);
#620=VECTOR('',#2371,1.);
#621=VECTOR('',#2372,1.);
#622=VECTOR('',#2373,1.);
#623=VECTOR('',#2380,1.);
#624=VECTOR('',#2381,1.);
#625=VECTOR('',#2382,1.);
#626=VECTOR('',#2387,1.);
#627=VECTOR('',#2388,1.);
#628=VECTOR('',#2389,1.);
#629=VECTOR('',#2390,1.);
#630=VECTOR('',#2393,1.);
#631=VECTOR('',#2394,1.);
#632=VECTOR('',#2395,1.);
#633=VECTOR('',#2398,1.);
#634=VECTOR('',#2399,1.);
#635=VECTOR('',#2402,1.);
#636=VECTOR('',#2403,1.);
#637=VECTOR('',#2406,1.);
#638=VECTOR('',#2409,1.);
#639=VECTOR('',#2410,1.);
#640=VECTOR('',#2411,1.);
#641=VECTOR('',#2412,1.);
#642=VECTOR('',#2415,1.);
#643=VECTOR('',#2416,1.);
#644=VECTOR('',#2417,1.);
#645=VECTOR('',#2420,1.);
#646=VECTOR('',#2421,1.);
#647=VECTOR('',#2424,1.);
#648=VECTOR('',#2425,1.);
#649=VECTOR('',#2428,1.);
#650=VECTOR('',#2433,1.);
#651=VECTOR('',#2434,1.);
#652=VECTOR('',#2437,1.);
#653=VECTOR('',#2440,1.);
#654=VECTOR('',#2445,1.);
#655=VECTOR('',#2446,1.);
#656=VECTOR('',#2449,1.);
#657=VECTOR('',#2452,1.);
#658=VECTOR('',#2455,1.);
#659=VECTOR('',#2458,1.);
#660=VECTOR('',#2461,1.);
#661=VECTOR('',#2464,1.);
#662=VECTOR('',#2471,1.);
#663=VECTOR('',#2472,1.);
#664=VECTOR('',#2475,1.);
#665=VECTOR('',#2480,1.);
#666=VECTOR('',#2483,0.635);
#667=VECTOR('',#2486,1.);
#668=VECTOR('',#2489,1.);
#669=VECTOR('',#2492,1.);
#670=VECTOR('',#2495,1.);
#671=VECTOR('',#2504,1.);
#672=VECTOR('',#2507,1.);
#673=VECTOR('',#2510,1.);
#674=VECTOR('',#2513,1.);
#675=VECTOR('',#2520,1.);
#676=VECTOR('',#2523,1.);
#677=VECTOR('',#2526,1.);
#678=VECTOR('',#2529,1.);
#679=CIRCLE('',#1883,0.95);
#680=CIRCLE('',#1884,0.95);
#681=CIRCLE('',#1886,0.95);
#682=CIRCLE('',#1887,0.95);
#683=CIRCLE('',#1889,0.95);
#684=CIRCLE('',#1890,0.95);
#685=CIRCLE('',#1894,0.73);
#686=CIRCLE('',#1895,0.73);
#687=CIRCLE('',#1896,0.4);
#688=CIRCLE('',#1897,0.4);
#689=CIRCLE('',#1898,0.4);
#690=CIRCLE('',#1902,0.73);
#691=CIRCLE('',#1903,0.73);
#692=CIRCLE('',#1904,0.73);
#693=CIRCLE('',#1905,0.73);
#694=CIRCLE('',#1907,0.73);
#695=CIRCLE('',#1908,0.73);
#696=CIRCLE('',#1910,0.3048);
#697=CIRCLE('',#1911,0.3048);
#698=CIRCLE('',#1913,0.4);
#699=CIRCLE('',#1914,0.4);
#700=CIRCLE('',#1915,0.4);
#701=CIRCLE('',#1916,0.4);
#702=CIRCLE('',#1918,0.4);
#703=CIRCLE('',#1919,0.4);
#704=CIRCLE('',#1920,0.4);
#705=CIRCLE('',#1921,0.4);
#706=CIRCLE('',#1923,0.6096);
#707=CIRCLE('',#1927,0.6096);
#708=CIRCLE('',#1928,0.3048);
#709=CIRCLE('',#1930,0.635);
#710=CIRCLE('',#1932,0.6096);
#711=CIRCLE('',#1934,0.6096);
#712=CIRCLE('',#1936,0.4);
#713=CIRCLE('',#1937,0.4);
#714=CIRCLE('',#1938,0.4);
#715=CIRCLE('',#1940,0.3048);
#716=CIRCLE('',#1942,0.3048);
#717=CIRCLE('',#1943,0.6096);
#718=CIRCLE('',#1947,0.6096);
#719=CIRCLE('',#1948,0.3048);
#720=CIRCLE('',#1950,0.6096);
#721=CIRCLE('',#1952,0.635);
#722=CIRCLE('',#1954,0.3048);
#723=CIRCLE('',#1956,0.3048);
#724=CIRCLE('',#1963,0.3048);
#725=CIRCLE('',#1964,0.6096);
#726=CIRCLE('',#1965,0.6096);
#727=CIRCLE('',#1967,0.6096);
#728=CIRCLE('',#1968,0.3048);
#729=CIRCLE('',#1975,0.3048);
#730=CIRCLE('',#1976,0.6096);
#731=CIRCLE('',#1978,0.6096);
#732=CIRCLE('',#1979,0.3048);
#733=CIRCLE('',#2000,0.3048);
#734=CIRCLE('',#2001,0.6096);
#735=CIRCLE('',#2002,0.6096);
#736=CIRCLE('',#2003,0.3048);
#737=CIRCLE('',#2010,0.6096);
#738=CIRCLE('',#2011,0.6096);
#739=CIRCLE('',#2012,0.3048);
#740=CIRCLE('',#2013,0.3048);
#741=VERTEX_POINT('',#2538);
#742=VERTEX_POINT('',#2539);
#743=VERTEX_POINT('',#2541);
#744=VERTEX_POINT('',#2543);
#745=VERTEX_POINT('',#2547);
#746=VERTEX_POINT('',#2548);
#747=VERTEX_POINT('',#2550);
#748=VERTEX_POINT('',#2552);
#749=VERTEX_POINT('',#2556);
#750=VERTEX_POINT('',#2557);
#751=VERTEX_POINT('',#2559);
#752=VERTEX_POINT('',#2561);
#753=VERTEX_POINT('',#2565);
#754=VERTEX_POINT('',#2567);
#755=VERTEX_POINT('',#2571);
#756=VERTEX_POINT('',#2573);
#757=VERTEX_POINT('',#2577);
#758=VERTEX_POINT('',#2578);
#759=VERTEX_POINT('',#2580);
#760=VERTEX_POINT('',#2582);
#761=VERTEX_POINT('',#2584);
#762=VERTEX_POINT('',#2586);
#763=VERTEX_POINT('',#2588);
#764=VERTEX_POINT('',#2590);
#765=VERTEX_POINT('',#2592);
#766=VERTEX_POINT('',#2594);
#767=VERTEX_POINT('',#2596);
#768=VERTEX_POINT('',#2598);
#769=VERTEX_POINT('',#2600);
#770=VERTEX_POINT('',#2602);
#771=VERTEX_POINT('',#2604);
#772=VERTEX_POINT('',#2606);
#773=VERTEX_POINT('',#2608);
#774=VERTEX_POINT('',#2610);
#775=VERTEX_POINT('',#2612);
#776=VERTEX_POINT('',#2623);
#777=VERTEX_POINT('',#2624);
#778=VERTEX_POINT('',#2631);
#779=VERTEX_POINT('',#2633);
#780=VERTEX_POINT('',#2635);
#781=VERTEX_POINT('',#2637);
#782=VERTEX_POINT('',#2653);
#783=VERTEX_POINT('',#2655);
#784=VERTEX_POINT('',#2657);
#785=VERTEX_POINT('',#2666);
#786=VERTEX_POINT('',#2668);
#787=VERTEX_POINT('',#2670);
#788=VERTEX_POINT('',#2672);
#789=VERTEX_POINT('',#2676);
#790=VERTEX_POINT('',#2678);
#791=VERTEX_POINT('',#2680);
#792=VERTEX_POINT('',#2682);
#793=VERTEX_POINT('',#2684);
#794=VERTEX_POINT('',#2686);
#795=VERTEX_POINT('',#2688);
#796=VERTEX_POINT('',#2690);
#797=VERTEX_POINT('',#2692);
#798=VERTEX_POINT('',#2694);
#799=VERTEX_POINT('',#2696);
#800=VERTEX_POINT('',#2698);
#801=VERTEX_POINT('',#2700);
#802=VERTEX_POINT('',#2702);
#803=VERTEX_POINT('',#2704);
#804=VERTEX_POINT('',#2706);
#805=VERTEX_POINT('',#2709);
#806=VERTEX_POINT('',#2710);
#807=VERTEX_POINT('',#2712);
#808=VERTEX_POINT('',#2714);
#809=VERTEX_POINT('',#2718);
#810=VERTEX_POINT('',#2720);
#811=VERTEX_POINT('',#2722);
#812=VERTEX_POINT('',#2724);
#813=VERTEX_POINT('',#2726);
#814=VERTEX_POINT('',#2728);
#815=VERTEX_POINT('',#2730);
#816=VERTEX_POINT('',#2732);
#817=VERTEX_POINT('',#2734);
#818=VERTEX_POINT('',#2736);
#819=VERTEX_POINT('',#2738);
#820=VERTEX_POINT('',#2740);
#821=VERTEX_POINT('',#2742);
#822=VERTEX_POINT('',#2744);
#823=VERTEX_POINT('',#2746);
#824=VERTEX_POINT('',#2748);
#825=VERTEX_POINT('',#2751);
#826=VERTEX_POINT('',#2752);
#827=VERTEX_POINT('',#2754);
#828=VERTEX_POINT('',#2756);
#829=VERTEX_POINT('',#2760);
#830=VERTEX_POINT('',#2763);
#831=VERTEX_POINT('',#2765);
#832=VERTEX_POINT('',#2767);
#833=VERTEX_POINT('',#2771);
#834=VERTEX_POINT('',#2773);
#835=VERTEX_POINT('',#2777);
#836=VERTEX_POINT('',#2781);
#837=VERTEX_POINT('',#2784);
#838=VERTEX_POINT('',#2786);
#839=VERTEX_POINT('',#2790);
#840=VERTEX_POINT('',#2792);
#841=VERTEX_POINT('',#2794);
#842=VERTEX_POINT('',#2796);
#843=VERTEX_POINT('',#2798);
#844=VERTEX_POINT('',#2800);
#845=VERTEX_POINT('',#2802);
#846=VERTEX_POINT('',#2804);
#847=VERTEX_POINT('',#2806);
#848=VERTEX_POINT('',#2808);
#849=VERTEX_POINT('',#2810);
#850=VERTEX_POINT('',#2812);
#851=VERTEX_POINT('',#2814);
#852=VERTEX_POINT('',#2816);
#853=VERTEX_POINT('',#2818);
#854=VERTEX_POINT('',#2820);
#855=VERTEX_POINT('',#2823);
#856=VERTEX_POINT('',#2830);
#857=VERTEX_POINT('',#2832);
#858=VERTEX_POINT('',#2834);
#859=VERTEX_POINT('',#2836);
#860=VERTEX_POINT('',#2838);
#861=VERTEX_POINT('',#2840);
#862=VERTEX_POINT('',#2842);
#863=VERTEX_POINT('',#2844);
#864=VERTEX_POINT('',#2846);
#865=VERTEX_POINT('',#2848);
#866=VERTEX_POINT('',#2850);
#867=VERTEX_POINT('',#2855);
#868=VERTEX_POINT('',#2859);
#869=VERTEX_POINT('',#2861);
#870=VERTEX_POINT('',#2867);
#871=VERTEX_POINT('',#2874);
#872=VERTEX_POINT('',#2880);
#873=VERTEX_POINT('',#2882);
#874=VERTEX_POINT('',#2884);
#875=VERTEX_POINT('',#2887);
#876=VERTEX_POINT('',#2889);
#877=VERTEX_POINT('',#2891);
#878=VERTEX_POINT('',#2894);
#879=VERTEX_POINT('',#2901);
#880=VERTEX_POINT('',#2903);
#881=VERTEX_POINT('',#2907);
#882=VERTEX_POINT('',#2909);
#883=VERTEX_POINT('',#2920);
#884=VERTEX_POINT('',#2922);
#885=VERTEX_POINT('',#2924);
#886=VERTEX_POINT('',#2926);
#887=VERTEX_POINT('',#2931);
#888=VERTEX_POINT('',#2933);
#889=VERTEX_POINT('',#2935);
#890=VERTEX_POINT('',#2937);
#891=VERTEX_POINT('',#2941);
#892=VERTEX_POINT('',#2943);
#893=VERTEX_POINT('',#2947);
#894=VERTEX_POINT('',#2948);
#895=VERTEX_POINT('',#2960);
#896=VERTEX_POINT('',#2962);
#897=VERTEX_POINT('',#2964);
#898=VERTEX_POINT('',#2966);
#899=VERTEX_POINT('',#2970);
#900=VERTEX_POINT('',#2972);
#901=VERTEX_POINT('',#2974);
#902=VERTEX_POINT('',#2976);
#903=VERTEX_POINT('',#2981);
#904=VERTEX_POINT('',#2983);
#905=VERTEX_POINT('',#2987);
#906=VERTEX_POINT('',#2989);
#907=VERTEX_POINT('',#2993);
#908=VERTEX_POINT('',#2997);
#909=VERTEX_POINT('',#3004);
#910=VERTEX_POINT('',#3006);
#911=VERTEX_POINT('',#3010);
#912=VERTEX_POINT('',#3011);
#913=VERTEX_POINT('',#3016);
#914=VERTEX_POINT('',#3020);
#915=VERTEX_POINT('',#3044);
#916=VERTEX_POINT('',#3045);
#917=VERTEX_POINT('',#3049);
#918=VERTEX_POINT('',#3051);
#919=VERTEX_POINT('',#3067);
#920=VERTEX_POINT('',#3069);
#921=VERTEX_POINT('',#3073);
#922=VERTEX_POINT('',#3075);
#923=EDGE_CURVE('',#741,#742,#679,.T.);
#924=EDGE_CURVE('',#741,#743,#257,.T.);
#925=EDGE_CURVE('',#744,#743,#680,.T.);
#926=EDGE_CURVE('',#742,#744,#258,.T.);
#927=EDGE_CURVE('',#745,#746,#681,.T.);
#928=EDGE_CURVE('',#745,#747,#259,.T.);
#929=EDGE_CURVE('',#748,#747,#682,.T.);
#930=EDGE_CURVE('',#746,#748,#260,.T.);
#931=EDGE_CURVE('',#749,#750,#683,.T.);
#932=EDGE_CURVE('',#749,#751,#261,.T.);
#933=EDGE_CURVE('',#752,#751,#684,.T.);
#934=EDGE_CURVE('',#752,#750,#262,.T.);
#935=EDGE_CURVE('',#753,#748,#263,.T.);
#936=EDGE_CURVE('',#754,#753,#264,.T.);
#937=EDGE_CURVE('',#746,#754,#265,.T.);
#938=EDGE_CURVE('',#755,#744,#266,.T.);
#939=EDGE_CURVE('',#756,#755,#267,.T.);
#940=EDGE_CURVE('',#742,#756,#268,.T.);
#941=EDGE_CURVE('',#757,#758,#685,.T.);
#942=EDGE_CURVE('',#758,#759,#686,.T.);
#943=EDGE_CURVE('',#760,#759,#269,.T.);
#944=EDGE_CURVE('',#761,#760,#270,.T.);
#945=EDGE_CURVE('',#762,#761,#271,.T.);
#946=EDGE_CURVE('',#762,#763,#272,.T.);
#947=EDGE_CURVE('',#763,#764,#687,.T.);
#948=EDGE_CURVE('',#764,#765,#273,.T.);
#949=EDGE_CURVE('',#765,#766,#688,.T.);
#950=EDGE_CURVE('',#766,#767,#274,.T.);
#951=EDGE_CURVE('',#767,#768,#275,.T.);
#952=EDGE_CURVE('',#768,#769,#276,.T.);
#953=EDGE_CURVE('',#770,#769,#277,.T.);
#954=EDGE_CURVE('',#770,#771,#278,.T.);
#955=EDGE_CURVE('',#772,#771,#279,.T.);
#956=EDGE_CURVE('',#772,#773,#280,.T.);
#957=EDGE_CURVE('',#773,#774,#281,.T.);
#958=EDGE_CURVE('',#774,#775,#282,.T.);
#959=EDGE_CURVE('',#757,#775,#283,.T.);
#960=EDGE_CURVE('',#747,#752,#284,.T.);
#961=EDGE_CURVE('',#751,#741,#285,.T.);
#962=EDGE_CURVE('',#756,#753,#689,.T.);
#963=EDGE_CURVE('',#750,#745,#286,.T.);
#964=EDGE_CURVE('',#743,#749,#287,.T.);
#965=EDGE_CURVE('',#776,#777,#15,.T.);
#966=EDGE_CURVE('',#778,#776,#690,.T.);
#967=EDGE_CURVE('',#778,#779,#288,.T.);
#968=EDGE_CURVE('',#780,#779,#691,.T.);
#969=EDGE_CURVE('',#781,#780,#16,.T.);
#970=EDGE_CURVE('',#779,#781,#692,.T.);
#971=EDGE_CURVE('',#777,#778,#693,.T.);
#972=EDGE_CURVE('',#759,#757,#17,.T.);
#973=EDGE_CURVE('',#758,#782,#289,.T.);
#974=EDGE_CURVE('',#783,#782,#694,.T.);
#975=EDGE_CURVE('',#784,#783,#18,.T.);
#976=EDGE_CURVE('',#782,#784,#695,.T.);
#977=EDGE_CURVE('',#785,#783,#290,.T.);
#978=EDGE_CURVE('',#786,#785,#696,.T.);
#979=EDGE_CURVE('',#786,#787,#291,.T.);
#980=EDGE_CURVE('',#787,#788,#697,.T.);
#981=EDGE_CURVE('',#784,#788,#292,.T.);
#982=EDGE_CURVE('',#789,#781,#293,.T.);
#983=EDGE_CURVE('',#789,#790,#294,.T.);
#984=EDGE_CURVE('',#790,#791,#295,.T.);
#985=EDGE_CURVE('',#791,#792,#296,.T.);
#986=EDGE_CURVE('',#793,#792,#297,.T.);
#987=EDGE_CURVE('',#794,#793,#298,.T.);
#988=EDGE_CURVE('',#795,#794,#299,.T.);
#989=EDGE_CURVE('',#795,#796,#300,.T.);
#990=EDGE_CURVE('',#796,#797,#301,.T.);
#991=EDGE_CURVE('',#797,#798,#302,.T.);
#992=EDGE_CURVE('',#798,#799,#698,.T.);
#993=EDGE_CURVE('',#799,#800,#303,.T.);
#994=EDGE_CURVE('',#800,#801,#699,.T.);
#995=EDGE_CURVE('',#801,#802,#304,.T.);
#996=EDGE_CURVE('',#803,#802,#305,.T.);
#997=EDGE_CURVE('',#803,#804,#306,.T.);
#998=EDGE_CURVE('',#780,#804,#307,.T.);
#999=EDGE_CURVE('',#805,#806,#700,.T.);
#1000=EDGE_CURVE('',#806,#807,#308,.T.);
#1001=EDGE_CURVE('',#807,#808,#701,.T.);
#1002=EDGE_CURVE('',#808,#805,#309,.T.);
#1003=EDGE_CURVE('',#776,#809,#310,.T.);
#1004=EDGE_CURVE('',#810,#809,#311,.T.);
#1005=EDGE_CURVE('',#810,#811,#312,.T.);
#1006=EDGE_CURVE('',#811,#812,#313,.T.);
#1007=EDGE_CURVE('',#812,#813,#702,.T.);
#1008=EDGE_CURVE('',#813,#814,#314,.T.);
#1009=EDGE_CURVE('',#814,#815,#703,.T.);
#1010=EDGE_CURVE('',#815,#816,#315,.T.);
#1011=EDGE_CURVE('',#816,#817,#316,.T.);
#1012=EDGE_CURVE('',#817,#818,#317,.T.);
#1013=EDGE_CURVE('',#818,#819,#318,.T.);
#1014=EDGE_CURVE('',#820,#819,#319,.T.);
#1015=EDGE_CURVE('',#820,#821,#320,.T.);
#1016=EDGE_CURVE('',#821,#822,#321,.T.);
#1017=EDGE_CURVE('',#822,#823,#322,.T.);
#1018=EDGE_CURVE('',#823,#824,#323,.T.);
#1019=EDGE_CURVE('',#824,#777,#324,.T.);
#1020=EDGE_CURVE('',#825,#826,#704,.T.);
#1021=EDGE_CURVE('',#826,#827,#325,.T.);
#1022=EDGE_CURVE('',#827,#828,#705,.T.);
#1023=EDGE_CURVE('',#828,#825,#326,.T.);
#1024=EDGE_CURVE('',#774,#829,#327,.T.);
#1025=EDGE_CURVE('',#788,#829,#328,.T.);
#1026=EDGE_CURVE('',#830,#787,#329,.T.);
#1027=EDGE_CURVE('',#830,#831,#330,.T.);
#1028=EDGE_CURVE('',#832,#831,#331,.T.);
#1029=EDGE_CURVE('',#775,#832,#706,.T.);
#1030=EDGE_CURVE('',#831,#833,#332,.T.);
#1031=EDGE_CURVE('',#834,#830,#333,.T.);
#1032=EDGE_CURVE('',#833,#834,#334,.T.);
#1033=EDGE_CURVE('',#773,#835,#335,.T.);
#1034=EDGE_CURVE('',#829,#835,#336,.T.);
#1035=EDGE_CURVE('',#836,#772,#707,.T.);
#1036=EDGE_CURVE('',#833,#836,#337,.T.);
#1037=EDGE_CURVE('',#837,#834,#338,.T.);
#1038=EDGE_CURVE('',#838,#837,#708,.T.);
#1039=EDGE_CURVE('',#835,#838,#339,.T.);
#1040=EDGE_CURVE('',#836,#839,#340,.T.);
#1041=EDGE_CURVE('',#839,#840,#341,.T.);
#1042=EDGE_CURVE('',#840,#841,#342,.T.);
#1043=EDGE_CURVE('',#841,#842,#343,.T.);
#1044=EDGE_CURVE('',#842,#843,#344,.T.);
#1045=EDGE_CURVE('',#843,#844,#345,.T.);
#1046=EDGE_CURVE('',#844,#845,#346,.T.);
#1047=EDGE_CURVE('',#845,#846,#347,.T.);
#1048=EDGE_CURVE('',#846,#847,#348,.T.);
#1049=EDGE_CURVE('',#847,#848,#349,.T.);
#1050=EDGE_CURVE('',#848,#849,#350,.T.);
#1051=EDGE_CURVE('',#849,#850,#351,.T.);
#1052=EDGE_CURVE('',#850,#851,#352,.T.);
#1053=EDGE_CURVE('',#851,#852,#353,.T.);
#1054=EDGE_CURVE('',#852,#853,#354,.T.);
#1055=EDGE_CURVE('',#853,#854,#355,.T.);
#1056=EDGE_CURVE('',#854,#832,#356,.T.);
#1057=EDGE_CURVE('',#855,#855,#709,.T.);
#1058=EDGE_CURVE('',#839,#771,#710,.T.);
#1059=EDGE_CURVE('',#760,#854,#711,.T.);
#1060=EDGE_CURVE('',#838,#856,#357,.T.);
#1061=EDGE_CURVE('',#857,#856,#358,.T.);
#1062=EDGE_CURVE('',#857,#858,#359,.T.);
#1063=EDGE_CURVE('',#858,#859,#360,.T.);
#1064=EDGE_CURVE('',#859,#860,#361,.T.);
#1065=EDGE_CURVE('',#860,#861,#362,.T.);
#1066=EDGE_CURVE('',#861,#862,#712,.T.);
#1067=EDGE_CURVE('',#862,#863,#363,.T.);
#1068=EDGE_CURVE('',#863,#864,#713,.T.);
#1069=EDGE_CURVE('',#864,#865,#364,.T.);
#1070=EDGE_CURVE('',#865,#866,#365,.T.);
#1071=EDGE_CURVE('',#785,#866,#366,.T.);
#1072=EDGE_CURVE('',#754,#755,#714,.T.);
#1073=EDGE_CURVE('',#837,#867,#367,.T.);
#1074=EDGE_CURVE('',#856,#867,#715,.T.);
#1075=EDGE_CURVE('',#868,#847,#368,.T.);
#1076=EDGE_CURVE('',#869,#868,#369,.T.);
#1077=EDGE_CURVE('',#824,#869,#716,.T.);
#1078=EDGE_CURVE('',#823,#790,#370,.T.);
#1079=EDGE_CURVE('',#848,#789,#717,.T.);
#1080=EDGE_CURVE('',#846,#870,#371,.T.);
#1081=EDGE_CURVE('',#868,#870,#372,.T.);
#1082=EDGE_CURVE('',#822,#791,#373,.T.);
#1083=EDGE_CURVE('',#792,#845,#718,.T.);
#1084=EDGE_CURVE('',#871,#821,#719,.T.);
#1085=EDGE_CURVE('',#870,#871,#374,.T.);
#1086=EDGE_CURVE('',#849,#804,#720,.T.);
#1087=EDGE_CURVE('',#872,#786,#375,.T.);
#1088=EDGE_CURVE('',#873,#872,#376,.T.);
#1089=EDGE_CURVE('',#874,#873,#377,.T.);
#1090=EDGE_CURVE('',#869,#874,#378,.T.);
#1091=EDGE_CURVE('',#875,#871,#379,.T.);
#1092=EDGE_CURVE('',#876,#875,#380,.T.);
#1093=EDGE_CURVE('',#877,#876,#381,.T.);
#1094=EDGE_CURVE('',#867,#877,#382,.T.);
#1095=EDGE_CURVE('',#878,#878,#721,.T.);
#1096=EDGE_CURVE('',#875,#820,#722,.T.);
#1097=EDGE_CURVE('',#809,#874,#723,.T.);
#1098=EDGE_CURVE('',#879,#876,#383,.T.);
#1099=EDGE_CURVE('',#880,#879,#384,.T.);
#1100=EDGE_CURVE('',#880,#877,#385,.T.);
#1101=EDGE_CURVE('',#879,#881,#386,.T.);
#1102=EDGE_CURVE('',#881,#882,#387,.T.);
#1103=EDGE_CURVE('',#882,#880,#388,.T.);
#1104=EDGE_CURVE('',#882,#841,#389,.T.);
#1105=EDGE_CURVE('',#877,#840,#390,.T.);
#1106=EDGE_CURVE('',#881,#842,#391,.T.);
#1107=EDGE_CURVE('',#843,#876,#392,.T.);
#1108=EDGE_CURVE('',#819,#883,#724,.T.);
#1109=EDGE_CURVE('',#883,#884,#393,.T.);
#1110=EDGE_CURVE('',#884,#885,#394,.T.);
#1111=EDGE_CURVE('',#886,#885,#395,.T.);
#1112=EDGE_CURVE('',#886,#794,#725,.T.);
#1113=EDGE_CURVE('',#793,#844,#726,.T.);
#1114=EDGE_CURVE('',#770,#887,#727,.T.);
#1115=EDGE_CURVE('',#888,#887,#396,.T.);
#1116=EDGE_CURVE('',#888,#889,#397,.T.);
#1117=EDGE_CURVE('',#889,#890,#398,.T.);
#1118=EDGE_CURVE('',#890,#857,#728,.T.);
#1119=EDGE_CURVE('',#891,#872,#399,.T.);
#1120=EDGE_CURVE('',#892,#891,#400,.T.);
#1121=EDGE_CURVE('',#892,#873,#401,.T.);
#1122=EDGE_CURVE('',#893,#894,#402,.T.);
#1123=EDGE_CURVE('',#894,#892,#403,.T.);
#1124=EDGE_CURVE('',#891,#893,#404,.T.);
#1125=EDGE_CURVE('',#853,#872,#405,.T.);
#1126=EDGE_CURVE('',#893,#852,#406,.T.);
#1127=EDGE_CURVE('',#894,#851,#407,.T.);
#1128=EDGE_CURVE('',#873,#850,#408,.T.);
#1129=EDGE_CURVE('',#866,#895,#729,.T.);
#1130=EDGE_CURVE('',#895,#896,#409,.T.);
#1131=EDGE_CURVE('',#896,#897,#410,.T.);
#1132=EDGE_CURVE('',#898,#897,#411,.T.);
#1133=EDGE_CURVE('',#898,#761,#730,.T.);
#1134=EDGE_CURVE('',#803,#899,#731,.T.);
#1135=EDGE_CURVE('',#900,#899,#412,.T.);
#1136=EDGE_CURVE('',#900,#901,#413,.T.);
#1137=EDGE_CURVE('',#901,#902,#414,.T.);
#1138=EDGE_CURVE('',#902,#810,#732,.T.);
#1139=EDGE_CURVE('',#884,#889,#415,.T.);
#1140=EDGE_CURVE('',#889,#903,#416,.T.);
#1141=EDGE_CURVE('',#904,#903,#417,.T.);
#1142=EDGE_CURVE('',#884,#904,#418,.T.);
#1143=EDGE_CURVE('',#903,#905,#419,.T.);
#1144=EDGE_CURVE('',#905,#906,#420,.T.);
#1145=EDGE_CURVE('',#906,#904,#421,.T.);
#1146=EDGE_CURVE('',#907,#905,#422,.T.);
#1147=EDGE_CURVE('',#907,#888,#423,.T.);
#1148=EDGE_CURVE('',#908,#906,#424,.T.);
#1149=EDGE_CURVE('',#908,#907,#425,.T.);
#1150=EDGE_CURVE('',#885,#908,#426,.T.);
#1151=EDGE_CURVE('',#896,#901,#427,.T.);
#1152=EDGE_CURVE('',#901,#909,#428,.T.);
#1153=EDGE_CURVE('',#910,#909,#429,.T.);
#1154=EDGE_CURVE('',#896,#910,#430,.T.);
#1155=EDGE_CURVE('',#911,#912,#431,.T.);
#1156=EDGE_CURVE('',#912,#910,#432,.T.);
#1157=EDGE_CURVE('',#909,#911,#433,.T.);
#1158=EDGE_CURVE('',#913,#912,#434,.T.);
#1159=EDGE_CURVE('',#897,#913,#435,.T.);
#1160=EDGE_CURVE('',#914,#911,#436,.T.);
#1161=EDGE_CURVE('',#914,#900,#437,.T.);
#1162=EDGE_CURVE('',#913,#914,#438,.T.);
#1163=EDGE_CURVE('',#807,#828,#439,.T.);
#1164=EDGE_CURVE('',#827,#808,#440,.T.);
#1165=EDGE_CURVE('',#805,#826,#441,.T.);
#1166=EDGE_CURVE('',#825,#806,#442,.T.);
#1167=EDGE_CURVE('',#815,#798,#443,.T.);
#1168=EDGE_CURVE('',#814,#799,#444,.T.);
#1169=EDGE_CURVE('',#800,#813,#445,.T.);
#1170=EDGE_CURVE('',#801,#812,#446,.T.);
#1171=EDGE_CURVE('',#816,#797,#447,.T.);
#1172=EDGE_CURVE('',#915,#916,#448,.T.);
#1173=EDGE_CURVE('',#865,#915,#733,.T.);
#1174=EDGE_CURVE('',#864,#763,#449,.T.);
#1175=EDGE_CURVE('',#917,#762,#734,.T.);
#1176=EDGE_CURVE('',#918,#917,#450,.T.);
#1177=EDGE_CURVE('',#802,#918,#735,.T.);
#1178=EDGE_CURVE('',#916,#811,#736,.T.);
#1179=EDGE_CURVE('',#766,#861,#451,.T.);
#1180=EDGE_CURVE('',#765,#862,#452,.T.);
#1181=EDGE_CURVE('',#863,#764,#453,.T.);
#1182=EDGE_CURVE('',#767,#860,#454,.T.);
#1183=EDGE_CURVE('',#855,#878,#455,.T.);
#1184=EDGE_CURVE('',#817,#796,#456,.T.);
#1185=EDGE_CURVE('',#919,#795,#737,.T.);
#1186=EDGE_CURVE('',#920,#919,#457,.T.);
#1187=EDGE_CURVE('',#769,#920,#738,.T.);
#1188=EDGE_CURVE('',#768,#859,#458,.T.);
#1189=EDGE_CURVE('',#921,#858,#739,.T.);
#1190=EDGE_CURVE('',#922,#921,#459,.T.);
#1191=EDGE_CURVE('',#818,#922,#740,.T.);
#1192=EDGE_CURVE('',#902,#916,#460,.T.);
#1193=EDGE_CURVE('',#922,#883,#461,.T.);
#1194=EDGE_CURVE('',#915,#895,#462,.T.);
#1195=EDGE_CURVE('',#890,#921,#463,.T.);
#1196=EDGE_CURVE('',#917,#898,#464,.T.);
#1197=EDGE_CURVE('',#887,#920,#465,.T.);
#1198=EDGE_CURVE('',#899,#918,#466,.T.);
#1199=EDGE_CURVE('',#919,#886,#467,.T.);
#1200=ORIENTED_EDGE('',*,*,#923,.F.);
#1201=ORIENTED_EDGE('',*,*,#924,.T.);
#1202=ORIENTED_EDGE('',*,*,#925,.F.);
#1203=ORIENTED_EDGE('',*,*,#926,.F.);
#1204=ORIENTED_EDGE('',*,*,#927,.F.);
#1205=ORIENTED_EDGE('',*,*,#928,.T.);
#1206=ORIENTED_EDGE('',*,*,#929,.F.);
#1207=ORIENTED_EDGE('',*,*,#930,.F.);
#1208=ORIENTED_EDGE('',*,*,#931,.F.);
#1209=ORIENTED_EDGE('',*,*,#932,.T.);
#1210=ORIENTED_EDGE('',*,*,#933,.F.);
#1211=ORIENTED_EDGE('',*,*,#934,.T.);
#1212=ORIENTED_EDGE('',*,*,#930,.T.);
#1213=ORIENTED_EDGE('',*,*,#935,.F.);
#1214=ORIENTED_EDGE('',*,*,#936,.F.);
#1215=ORIENTED_EDGE('',*,*,#937,.F.);
#1216=ORIENTED_EDGE('',*,*,#926,.T.);
#1217=ORIENTED_EDGE('',*,*,#938,.F.);
#1218=ORIENTED_EDGE('',*,*,#939,.F.);
#1219=ORIENTED_EDGE('',*,*,#940,.F.);
#1220=ORIENTED_EDGE('',*,*,#941,.T.);
#1221=ORIENTED_EDGE('',*,*,#942,.T.);
#1222=ORIENTED_EDGE('',*,*,#943,.F.);
#1223=ORIENTED_EDGE('',*,*,#944,.F.);
#1224=ORIENTED_EDGE('',*,*,#945,.F.);
#1225=ORIENTED_EDGE('',*,*,#946,.T.);
#1226=ORIENTED_EDGE('',*,*,#947,.T.);
#1227=ORIENTED_EDGE('',*,*,#948,.T.);
#1228=ORIENTED_EDGE('',*,*,#949,.T.);
#1229=ORIENTED_EDGE('',*,*,#950,.T.);
#1230=ORIENTED_EDGE('',*,*,#951,.T.);
#1231=ORIENTED_EDGE('',*,*,#952,.T.);
#1232=ORIENTED_EDGE('',*,*,#953,.F.);
#1233=ORIENTED_EDGE('',*,*,#954,.T.);
#1234=ORIENTED_EDGE('',*,*,#955,.F.);
#1235=ORIENTED_EDGE('',*,*,#956,.T.);
#1236=ORIENTED_EDGE('',*,*,#957,.T.);
#1237=ORIENTED_EDGE('',*,*,#958,.T.);
#1238=ORIENTED_EDGE('',*,*,#959,.F.);
#1239=ORIENTED_EDGE('',*,*,#929,.T.);
#1240=ORIENTED_EDGE('',*,*,#960,.T.);
#1241=ORIENTED_EDGE('',*,*,#933,.T.);
#1242=ORIENTED_EDGE('',*,*,#961,.T.);
#1243=ORIENTED_EDGE('',*,*,#923,.T.);
#1244=ORIENTED_EDGE('',*,*,#940,.T.);
#1245=ORIENTED_EDGE('',*,*,#962,.T.);
#1246=ORIENTED_EDGE('',*,*,#935,.T.);
#1247=ORIENTED_EDGE('',*,*,#960,.F.);
#1248=ORIENTED_EDGE('',*,*,#928,.F.);
#1249=ORIENTED_EDGE('',*,*,#963,.F.);
#1250=ORIENTED_EDGE('',*,*,#934,.F.);
#1251=ORIENTED_EDGE('',*,*,#961,.F.);
#1252=ORIENTED_EDGE('',*,*,#932,.F.);
#1253=ORIENTED_EDGE('',*,*,#964,.F.);
#1254=ORIENTED_EDGE('',*,*,#924,.F.);
#1255=ORIENTED_EDGE('',*,*,#965,.F.);
#1256=ORIENTED_EDGE('',*,*,#966,.F.);
#1257=ORIENTED_EDGE('',*,*,#967,.T.);
#1258=ORIENTED_EDGE('',*,*,#968,.F.);
#1259=ORIENTED_EDGE('',*,*,#969,.F.);
#1260=ORIENTED_EDGE('',*,*,#970,.F.);
#1261=ORIENTED_EDGE('',*,*,#967,.F.);
#1262=ORIENTED_EDGE('',*,*,#971,.F.);
#1263=ORIENTED_EDGE('',*,*,#972,.F.);
#1264=ORIENTED_EDGE('',*,*,#942,.F.);
#1265=ORIENTED_EDGE('',*,*,#973,.T.);
#1266=ORIENTED_EDGE('',*,*,#974,.F.);
#1267=ORIENTED_EDGE('',*,*,#975,.F.);
#1268=ORIENTED_EDGE('',*,*,#976,.F.);
#1269=ORIENTED_EDGE('',*,*,#973,.F.);
#1270=ORIENTED_EDGE('',*,*,#941,.F.);
#1271=ORIENTED_EDGE('',*,*,#975,.T.);
#1272=ORIENTED_EDGE('',*,*,#977,.F.);
#1273=ORIENTED_EDGE('',*,*,#978,.F.);
#1274=ORIENTED_EDGE('',*,*,#979,.T.);
#1275=ORIENTED_EDGE('',*,*,#980,.T.);
#1276=ORIENTED_EDGE('',*,*,#981,.F.);
#1277=ORIENTED_EDGE('',*,*,#968,.T.);
#1278=ORIENTED_EDGE('',*,*,#970,.T.);
#1279=ORIENTED_EDGE('',*,*,#982,.F.);
#1280=ORIENTED_EDGE('',*,*,#983,.T.);
#1281=ORIENTED_EDGE('',*,*,#984,.T.);
#1282=ORIENTED_EDGE('',*,*,#985,.T.);
#1283=ORIENTED_EDGE('',*,*,#986,.F.);
#1284=ORIENTED_EDGE('',*,*,#987,.F.);
#1285=ORIENTED_EDGE('',*,*,#988,.F.);
#1286=ORIENTED_EDGE('',*,*,#989,.T.);
#1287=ORIENTED_EDGE('',*,*,#990,.T.);
#1288=ORIENTED_EDGE('',*,*,#991,.T.);
#1289=ORIENTED_EDGE('',*,*,#992,.T.);
#1290=ORIENTED_EDGE('',*,*,#993,.T.);
#1291=ORIENTED_EDGE('',*,*,#994,.T.);
#1292=ORIENTED_EDGE('',*,*,#995,.T.);
#1293=ORIENTED_EDGE('',*,*,#996,.F.);
#1294=ORIENTED_EDGE('',*,*,#997,.T.);
#1295=ORIENTED_EDGE('',*,*,#998,.F.);
#1296=ORIENTED_EDGE('',*,*,#999,.T.);
#1297=ORIENTED_EDGE('',*,*,#1000,.T.);
#1298=ORIENTED_EDGE('',*,*,#1001,.T.);
#1299=ORIENTED_EDGE('',*,*,#1002,.T.);
#1300=ORIENTED_EDGE('',*,*,#971,.T.);
#1301=ORIENTED_EDGE('',*,*,#966,.T.);
#1302=ORIENTED_EDGE('',*,*,#1003,.T.);
#1303=ORIENTED_EDGE('',*,*,#1004,.F.);
#1304=ORIENTED_EDGE('',*,*,#1005,.T.);
#1305=ORIENTED_EDGE('',*,*,#1006,.T.);
#1306=ORIENTED_EDGE('',*,*,#1007,.T.);
#1307=ORIENTED_EDGE('',*,*,#1008,.T.);
#1308=ORIENTED_EDGE('',*,*,#1009,.T.);
#1309=ORIENTED_EDGE('',*,*,#1010,.T.);
#1310=ORIENTED_EDGE('',*,*,#1011,.T.);
#1311=ORIENTED_EDGE('',*,*,#1012,.T.);
#1312=ORIENTED_EDGE('',*,*,#1013,.T.);
#1313=ORIENTED_EDGE('',*,*,#1014,.F.);
#1314=ORIENTED_EDGE('',*,*,#1015,.T.);
#1315=ORIENTED_EDGE('',*,*,#1016,.T.);
#1316=ORIENTED_EDGE('',*,*,#1017,.T.);
#1317=ORIENTED_EDGE('',*,*,#1018,.T.);
#1318=ORIENTED_EDGE('',*,*,#1019,.T.);
#1319=ORIENTED_EDGE('',*,*,#1020,.T.);
#1320=ORIENTED_EDGE('',*,*,#1021,.T.);
#1321=ORIENTED_EDGE('',*,*,#1022,.T.);
#1322=ORIENTED_EDGE('',*,*,#1023,.T.);
#1323=ORIENTED_EDGE('',*,*,#958,.F.);
#1324=ORIENTED_EDGE('',*,*,#1024,.T.);
#1325=ORIENTED_EDGE('',*,*,#1025,.F.);
#1326=ORIENTED_EDGE('',*,*,#980,.F.);
#1327=ORIENTED_EDGE('',*,*,#1026,.F.);
#1328=ORIENTED_EDGE('',*,*,#1027,.T.);
#1329=ORIENTED_EDGE('',*,*,#1028,.F.);
#1330=ORIENTED_EDGE('',*,*,#1029,.F.);
#1331=ORIENTED_EDGE('',*,*,#1030,.F.);
#1332=ORIENTED_EDGE('',*,*,#1027,.F.);
#1333=ORIENTED_EDGE('',*,*,#1031,.F.);
#1334=ORIENTED_EDGE('',*,*,#1032,.F.);
#1335=ORIENTED_EDGE('',*,*,#957,.F.);
#1336=ORIENTED_EDGE('',*,*,#1033,.T.);
#1337=ORIENTED_EDGE('',*,*,#1034,.F.);
#1338=ORIENTED_EDGE('',*,*,#1024,.F.);
#1339=ORIENTED_EDGE('',*,*,#956,.F.);
#1340=ORIENTED_EDGE('',*,*,#1035,.F.);
#1341=ORIENTED_EDGE('',*,*,#1036,.F.);
#1342=ORIENTED_EDGE('',*,*,#1032,.T.);
#1343=ORIENTED_EDGE('',*,*,#1037,.F.);
#1344=ORIENTED_EDGE('',*,*,#1038,.F.);
#1345=ORIENTED_EDGE('',*,*,#1039,.F.);
#1346=ORIENTED_EDGE('',*,*,#1033,.F.);
#1347=ORIENTED_EDGE('',*,*,#1028,.T.);
#1348=ORIENTED_EDGE('',*,*,#1030,.T.);
#1349=ORIENTED_EDGE('',*,*,#1036,.T.);
#1350=ORIENTED_EDGE('',*,*,#1040,.T.);
#1351=ORIENTED_EDGE('',*,*,#1041,.T.);
#1352=ORIENTED_EDGE('',*,*,#1042,.T.);
#1353=ORIENTED_EDGE('',*,*,#1043,.T.);
#1354=ORIENTED_EDGE('',*,*,#1044,.T.);
#1355=ORIENTED_EDGE('',*,*,#1045,.T.);
#1356=ORIENTED_EDGE('',*,*,#1046,.T.);
#1357=ORIENTED_EDGE('',*,*,#1047,.T.);
#1358=ORIENTED_EDGE('',*,*,#1048,.T.);
#1359=ORIENTED_EDGE('',*,*,#1049,.T.);
#1360=ORIENTED_EDGE('',*,*,#1050,.T.);
#1361=ORIENTED_EDGE('',*,*,#1051,.T.);
#1362=ORIENTED_EDGE('',*,*,#1052,.T.);
#1363=ORIENTED_EDGE('',*,*,#1053,.T.);
#1364=ORIENTED_EDGE('',*,*,#1054,.T.);
#1365=ORIENTED_EDGE('',*,*,#1055,.T.);
#1366=ORIENTED_EDGE('',*,*,#1056,.T.);
#1367=ORIENTED_EDGE('',*,*,#1057,.T.);
#1368=ORIENTED_EDGE('',*,*,#1035,.T.);
#1369=ORIENTED_EDGE('',*,*,#955,.T.);
#1370=ORIENTED_EDGE('',*,*,#1058,.F.);
#1371=ORIENTED_EDGE('',*,*,#1040,.F.);
#1372=ORIENTED_EDGE('',*,*,#972,.T.);
#1373=ORIENTED_EDGE('',*,*,#959,.T.);
#1374=ORIENTED_EDGE('',*,*,#1029,.T.);
#1375=ORIENTED_EDGE('',*,*,#1056,.F.);
#1376=ORIENTED_EDGE('',*,*,#1059,.F.);
#1377=ORIENTED_EDGE('',*,*,#943,.T.);
#1378=ORIENTED_EDGE('',*,*,#974,.T.);
#1379=ORIENTED_EDGE('',*,*,#976,.T.);
#1380=ORIENTED_EDGE('',*,*,#981,.T.);
#1381=ORIENTED_EDGE('',*,*,#1025,.T.);
#1382=ORIENTED_EDGE('',*,*,#1034,.T.);
#1383=ORIENTED_EDGE('',*,*,#1039,.T.);
#1384=ORIENTED_EDGE('',*,*,#1060,.T.);
#1385=ORIENTED_EDGE('',*,*,#1061,.F.);
#1386=ORIENTED_EDGE('',*,*,#1062,.T.);
#1387=ORIENTED_EDGE('',*,*,#1063,.T.);
#1388=ORIENTED_EDGE('',*,*,#1064,.T.);
#1389=ORIENTED_EDGE('',*,*,#1065,.T.);
#1390=ORIENTED_EDGE('',*,*,#1066,.T.);
#1391=ORIENTED_EDGE('',*,*,#1067,.T.);
#1392=ORIENTED_EDGE('',*,*,#1068,.T.);
#1393=ORIENTED_EDGE('',*,*,#1069,.T.);
#1394=ORIENTED_EDGE('',*,*,#1070,.T.);
#1395=ORIENTED_EDGE('',*,*,#1071,.F.);
#1396=ORIENTED_EDGE('',*,*,#977,.T.);
#1397=ORIENTED_EDGE('',*,*,#927,.T.);
#1398=ORIENTED_EDGE('',*,*,#937,.T.);
#1399=ORIENTED_EDGE('',*,*,#1072,.T.);
#1400=ORIENTED_EDGE('',*,*,#938,.T.);
#1401=ORIENTED_EDGE('',*,*,#925,.T.);
#1402=ORIENTED_EDGE('',*,*,#964,.T.);
#1403=ORIENTED_EDGE('',*,*,#931,.T.);
#1404=ORIENTED_EDGE('',*,*,#963,.T.);
#1405=ORIENTED_EDGE('',*,*,#1038,.T.);
#1406=ORIENTED_EDGE('',*,*,#1073,.T.);
#1407=ORIENTED_EDGE('',*,*,#1074,.F.);
#1408=ORIENTED_EDGE('',*,*,#1060,.F.);
#1409=ORIENTED_EDGE('',*,*,#1049,.F.);
#1410=ORIENTED_EDGE('',*,*,#1075,.F.);
#1411=ORIENTED_EDGE('',*,*,#1076,.F.);
#1412=ORIENTED_EDGE('',*,*,#1077,.F.);
#1413=ORIENTED_EDGE('',*,*,#1018,.F.);
#1414=ORIENTED_EDGE('',*,*,#1078,.T.);
#1415=ORIENTED_EDGE('',*,*,#983,.F.);
#1416=ORIENTED_EDGE('',*,*,#1079,.F.);
#1417=ORIENTED_EDGE('',*,*,#1048,.F.);
#1418=ORIENTED_EDGE('',*,*,#1080,.T.);
#1419=ORIENTED_EDGE('',*,*,#1081,.F.);
#1420=ORIENTED_EDGE('',*,*,#1075,.T.);
#1421=ORIENTED_EDGE('',*,*,#984,.F.);
#1422=ORIENTED_EDGE('',*,*,#1078,.F.);
#1423=ORIENTED_EDGE('',*,*,#1017,.F.);
#1424=ORIENTED_EDGE('',*,*,#1082,.T.);
#1425=ORIENTED_EDGE('',*,*,#1047,.F.);
#1426=ORIENTED_EDGE('',*,*,#1083,.F.);
#1427=ORIENTED_EDGE('',*,*,#985,.F.);
#1428=ORIENTED_EDGE('',*,*,#1082,.F.);
#1429=ORIENTED_EDGE('',*,*,#1016,.F.);
#1430=ORIENTED_EDGE('',*,*,#1084,.F.);
#1431=ORIENTED_EDGE('',*,*,#1085,.F.);
#1432=ORIENTED_EDGE('',*,*,#1080,.F.);
#1433=ORIENTED_EDGE('',*,*,#969,.T.);
#1434=ORIENTED_EDGE('',*,*,#998,.T.);
#1435=ORIENTED_EDGE('',*,*,#1086,.F.);
#1436=ORIENTED_EDGE('',*,*,#1050,.F.);
#1437=ORIENTED_EDGE('',*,*,#1079,.T.);
#1438=ORIENTED_EDGE('',*,*,#982,.T.);
#1439=ORIENTED_EDGE('',*,*,#1026,.T.);
#1440=ORIENTED_EDGE('',*,*,#979,.F.);
#1441=ORIENTED_EDGE('',*,*,#1087,.F.);
#1442=ORIENTED_EDGE('',*,*,#1088,.F.);
#1443=ORIENTED_EDGE('',*,*,#1089,.F.);
#1444=ORIENTED_EDGE('',*,*,#1090,.F.);
#1445=ORIENTED_EDGE('',*,*,#1076,.T.);
#1446=ORIENTED_EDGE('',*,*,#1081,.T.);
#1447=ORIENTED_EDGE('',*,*,#1085,.T.);
#1448=ORIENTED_EDGE('',*,*,#1091,.F.);
#1449=ORIENTED_EDGE('',*,*,#1092,.F.);
#1450=ORIENTED_EDGE('',*,*,#1093,.F.);
#1451=ORIENTED_EDGE('',*,*,#1094,.F.);
#1452=ORIENTED_EDGE('',*,*,#1073,.F.);
#1453=ORIENTED_EDGE('',*,*,#1037,.T.);
#1454=ORIENTED_EDGE('',*,*,#1031,.T.);
#1455=ORIENTED_EDGE('',*,*,#1095,.T.);
#1456=ORIENTED_EDGE('',*,*,#1084,.T.);
#1457=ORIENTED_EDGE('',*,*,#1015,.F.);
#1458=ORIENTED_EDGE('',*,*,#1096,.F.);
#1459=ORIENTED_EDGE('',*,*,#1091,.T.);
#1460=ORIENTED_EDGE('',*,*,#965,.T.);
#1461=ORIENTED_EDGE('',*,*,#1019,.F.);
#1462=ORIENTED_EDGE('',*,*,#1077,.T.);
#1463=ORIENTED_EDGE('',*,*,#1090,.T.);
#1464=ORIENTED_EDGE('',*,*,#1097,.F.);
#1465=ORIENTED_EDGE('',*,*,#1003,.F.);
#1466=ORIENTED_EDGE('',*,*,#1093,.T.);
#1467=ORIENTED_EDGE('',*,*,#1098,.F.);
#1468=ORIENTED_EDGE('',*,*,#1099,.F.);
#1469=ORIENTED_EDGE('',*,*,#1100,.T.);
#1470=ORIENTED_EDGE('',*,*,#1099,.T.);
#1471=ORIENTED_EDGE('',*,*,#1101,.T.);
#1472=ORIENTED_EDGE('',*,*,#1102,.T.);
#1473=ORIENTED_EDGE('',*,*,#1103,.T.);
#1474=ORIENTED_EDGE('',*,*,#1104,.T.);
#1475=ORIENTED_EDGE('',*,*,#1042,.F.);
#1476=ORIENTED_EDGE('',*,*,#1105,.F.);
#1477=ORIENTED_EDGE('',*,*,#1100,.F.);
#1478=ORIENTED_EDGE('',*,*,#1103,.F.);
#1479=ORIENTED_EDGE('',*,*,#1106,.T.);
#1480=ORIENTED_EDGE('',*,*,#1043,.F.);
#1481=ORIENTED_EDGE('',*,*,#1104,.F.);
#1482=ORIENTED_EDGE('',*,*,#1102,.F.);
#1483=ORIENTED_EDGE('',*,*,#1098,.T.);
#1484=ORIENTED_EDGE('',*,*,#1107,.F.);
#1485=ORIENTED_EDGE('',*,*,#1044,.F.);
#1486=ORIENTED_EDGE('',*,*,#1106,.F.);
#1487=ORIENTED_EDGE('',*,*,#1101,.F.);
#1488=ORIENTED_EDGE('',*,*,#1107,.T.);
#1489=ORIENTED_EDGE('',*,*,#1092,.T.);
#1490=ORIENTED_EDGE('',*,*,#1096,.T.);
#1491=ORIENTED_EDGE('',*,*,#1014,.T.);
#1492=ORIENTED_EDGE('',*,*,#1108,.T.);
#1493=ORIENTED_EDGE('',*,*,#1109,.T.);
#1494=ORIENTED_EDGE('',*,*,#1110,.T.);
#1495=ORIENTED_EDGE('',*,*,#1111,.F.);
#1496=ORIENTED_EDGE('',*,*,#1112,.T.);
#1497=ORIENTED_EDGE('',*,*,#987,.T.);
#1498=ORIENTED_EDGE('',*,*,#1113,.T.);
#1499=ORIENTED_EDGE('',*,*,#1045,.F.);
#1500=ORIENTED_EDGE('',*,*,#1105,.T.);
#1501=ORIENTED_EDGE('',*,*,#1041,.F.);
#1502=ORIENTED_EDGE('',*,*,#1058,.T.);
#1503=ORIENTED_EDGE('',*,*,#954,.F.);
#1504=ORIENTED_EDGE('',*,*,#1114,.T.);
#1505=ORIENTED_EDGE('',*,*,#1115,.F.);
#1506=ORIENTED_EDGE('',*,*,#1116,.T.);
#1507=ORIENTED_EDGE('',*,*,#1117,.T.);
#1508=ORIENTED_EDGE('',*,*,#1118,.T.);
#1509=ORIENTED_EDGE('',*,*,#1061,.T.);
#1510=ORIENTED_EDGE('',*,*,#1074,.T.);
#1511=ORIENTED_EDGE('',*,*,#1094,.T.);
#1512=ORIENTED_EDGE('',*,*,#1088,.T.);
#1513=ORIENTED_EDGE('',*,*,#1119,.F.);
#1514=ORIENTED_EDGE('',*,*,#1120,.F.);
#1515=ORIENTED_EDGE('',*,*,#1121,.T.);
#1516=ORIENTED_EDGE('',*,*,#1122,.T.);
#1517=ORIENTED_EDGE('',*,*,#1123,.T.);
#1518=ORIENTED_EDGE('',*,*,#1120,.T.);
#1519=ORIENTED_EDGE('',*,*,#1124,.T.);
#1520=ORIENTED_EDGE('',*,*,#1119,.T.);
#1521=ORIENTED_EDGE('',*,*,#1125,.F.);
#1522=ORIENTED_EDGE('',*,*,#1054,.F.);
#1523=ORIENTED_EDGE('',*,*,#1126,.F.);
#1524=ORIENTED_EDGE('',*,*,#1124,.F.);
#1525=ORIENTED_EDGE('',*,*,#1127,.T.);
#1526=ORIENTED_EDGE('',*,*,#1052,.F.);
#1527=ORIENTED_EDGE('',*,*,#1128,.F.);
#1528=ORIENTED_EDGE('',*,*,#1121,.F.);
#1529=ORIENTED_EDGE('',*,*,#1123,.F.);
#1530=ORIENTED_EDGE('',*,*,#1126,.T.);
#1531=ORIENTED_EDGE('',*,*,#1053,.F.);
#1532=ORIENTED_EDGE('',*,*,#1127,.F.);
#1533=ORIENTED_EDGE('',*,*,#1122,.F.);
#1534=ORIENTED_EDGE('',*,*,#1125,.T.);
#1535=ORIENTED_EDGE('',*,*,#1087,.T.);
#1536=ORIENTED_EDGE('',*,*,#978,.T.);
#1537=ORIENTED_EDGE('',*,*,#1071,.T.);
#1538=ORIENTED_EDGE('',*,*,#1129,.T.);
#1539=ORIENTED_EDGE('',*,*,#1130,.T.);
#1540=ORIENTED_EDGE('',*,*,#1131,.T.);
#1541=ORIENTED_EDGE('',*,*,#1132,.F.);
#1542=ORIENTED_EDGE('',*,*,#1133,.T.);
#1543=ORIENTED_EDGE('',*,*,#944,.T.);
#1544=ORIENTED_EDGE('',*,*,#1059,.T.);
#1545=ORIENTED_EDGE('',*,*,#1055,.F.);
#1546=ORIENTED_EDGE('',*,*,#1128,.T.);
#1547=ORIENTED_EDGE('',*,*,#1051,.F.);
#1548=ORIENTED_EDGE('',*,*,#1086,.T.);
#1549=ORIENTED_EDGE('',*,*,#997,.F.);
#1550=ORIENTED_EDGE('',*,*,#1134,.T.);
#1551=ORIENTED_EDGE('',*,*,#1135,.F.);
#1552=ORIENTED_EDGE('',*,*,#1136,.T.);
#1553=ORIENTED_EDGE('',*,*,#1137,.T.);
#1554=ORIENTED_EDGE('',*,*,#1138,.T.);
#1555=ORIENTED_EDGE('',*,*,#1004,.T.);
#1556=ORIENTED_EDGE('',*,*,#1097,.T.);
#1557=ORIENTED_EDGE('',*,*,#1089,.T.);
#1558=ORIENTED_EDGE('',*,*,#1139,.T.);
#1559=ORIENTED_EDGE('',*,*,#1140,.T.);
#1560=ORIENTED_EDGE('',*,*,#1141,.F.);
#1561=ORIENTED_EDGE('',*,*,#1142,.F.);
#1562=ORIENTED_EDGE('',*,*,#1141,.T.);
#1563=ORIENTED_EDGE('',*,*,#1143,.T.);
#1564=ORIENTED_EDGE('',*,*,#1144,.T.);
#1565=ORIENTED_EDGE('',*,*,#1145,.T.);
#1566=ORIENTED_EDGE('',*,*,#1146,.T.);
#1567=ORIENTED_EDGE('',*,*,#1143,.F.);
#1568=ORIENTED_EDGE('',*,*,#1140,.F.);
#1569=ORIENTED_EDGE('',*,*,#1116,.F.);
#1570=ORIENTED_EDGE('',*,*,#1147,.F.);
#1571=ORIENTED_EDGE('',*,*,#1148,.T.);
#1572=ORIENTED_EDGE('',*,*,#1144,.F.);
#1573=ORIENTED_EDGE('',*,*,#1146,.F.);
#1574=ORIENTED_EDGE('',*,*,#1149,.F.);
#1575=ORIENTED_EDGE('',*,*,#1110,.F.);
#1576=ORIENTED_EDGE('',*,*,#1142,.T.);
#1577=ORIENTED_EDGE('',*,*,#1145,.F.);
#1578=ORIENTED_EDGE('',*,*,#1148,.F.);
#1579=ORIENTED_EDGE('',*,*,#1150,.F.);
#1580=ORIENTED_EDGE('',*,*,#1151,.T.);
#1581=ORIENTED_EDGE('',*,*,#1152,.T.);
#1582=ORIENTED_EDGE('',*,*,#1153,.F.);
#1583=ORIENTED_EDGE('',*,*,#1154,.F.);
#1584=ORIENTED_EDGE('',*,*,#1155,.T.);
#1585=ORIENTED_EDGE('',*,*,#1156,.T.);
#1586=ORIENTED_EDGE('',*,*,#1153,.T.);
#1587=ORIENTED_EDGE('',*,*,#1157,.T.);
#1588=ORIENTED_EDGE('',*,*,#1131,.F.);
#1589=ORIENTED_EDGE('',*,*,#1154,.T.);
#1590=ORIENTED_EDGE('',*,*,#1156,.F.);
#1591=ORIENTED_EDGE('',*,*,#1158,.F.);
#1592=ORIENTED_EDGE('',*,*,#1159,.F.);
#1593=ORIENTED_EDGE('',*,*,#1160,.T.);
#1594=ORIENTED_EDGE('',*,*,#1157,.F.);
#1595=ORIENTED_EDGE('',*,*,#1152,.F.);
#1596=ORIENTED_EDGE('',*,*,#1136,.F.);
#1597=ORIENTED_EDGE('',*,*,#1161,.F.);
#1598=ORIENTED_EDGE('',*,*,#1158,.T.);
#1599=ORIENTED_EDGE('',*,*,#1155,.F.);
#1600=ORIENTED_EDGE('',*,*,#1160,.F.);
#1601=ORIENTED_EDGE('',*,*,#1162,.F.);
#1602=ORIENTED_EDGE('',*,*,#1072,.F.);
#1603=ORIENTED_EDGE('',*,*,#936,.T.);
#1604=ORIENTED_EDGE('',*,*,#962,.F.);
#1605=ORIENTED_EDGE('',*,*,#939,.T.);
#1606=ORIENTED_EDGE('',*,*,#1001,.F.);
#1607=ORIENTED_EDGE('',*,*,#1163,.T.);
#1608=ORIENTED_EDGE('',*,*,#1022,.F.);
#1609=ORIENTED_EDGE('',*,*,#1164,.T.);
#1610=ORIENTED_EDGE('',*,*,#1002,.F.);
#1611=ORIENTED_EDGE('',*,*,#1164,.F.);
#1612=ORIENTED_EDGE('',*,*,#1021,.F.);
#1613=ORIENTED_EDGE('',*,*,#1165,.F.);
#1614=ORIENTED_EDGE('',*,*,#999,.F.);
#1615=ORIENTED_EDGE('',*,*,#1165,.T.);
#1616=ORIENTED_EDGE('',*,*,#1020,.F.);
#1617=ORIENTED_EDGE('',*,*,#1166,.T.);
#1618=ORIENTED_EDGE('',*,*,#1000,.F.);
#1619=ORIENTED_EDGE('',*,*,#1166,.F.);
#1620=ORIENTED_EDGE('',*,*,#1023,.F.);
#1621=ORIENTED_EDGE('',*,*,#1163,.F.);
#1622=ORIENTED_EDGE('',*,*,#992,.F.);
#1623=ORIENTED_EDGE('',*,*,#1167,.F.);
#1624=ORIENTED_EDGE('',*,*,#1009,.F.);
#1625=ORIENTED_EDGE('',*,*,#1168,.T.);
#1626=ORIENTED_EDGE('',*,*,#993,.F.);
#1627=ORIENTED_EDGE('',*,*,#1168,.F.);
#1628=ORIENTED_EDGE('',*,*,#1008,.F.);
#1629=ORIENTED_EDGE('',*,*,#1169,.F.);
#1630=ORIENTED_EDGE('',*,*,#994,.F.);
#1631=ORIENTED_EDGE('',*,*,#1169,.T.);
#1632=ORIENTED_EDGE('',*,*,#1007,.F.);
#1633=ORIENTED_EDGE('',*,*,#1170,.F.);
#1634=ORIENTED_EDGE('',*,*,#991,.F.);
#1635=ORIENTED_EDGE('',*,*,#1171,.F.);
#1636=ORIENTED_EDGE('',*,*,#1010,.F.);
#1637=ORIENTED_EDGE('',*,*,#1167,.T.);
#1638=ORIENTED_EDGE('',*,*,#1172,.F.);
#1639=ORIENTED_EDGE('',*,*,#1173,.F.);
#1640=ORIENTED_EDGE('',*,*,#1069,.F.);
#1641=ORIENTED_EDGE('',*,*,#1174,.T.);
#1642=ORIENTED_EDGE('',*,*,#946,.F.);
#1643=ORIENTED_EDGE('',*,*,#1175,.F.);
#1644=ORIENTED_EDGE('',*,*,#1176,.F.);
#1645=ORIENTED_EDGE('',*,*,#1177,.F.);
#1646=ORIENTED_EDGE('',*,*,#995,.F.);
#1647=ORIENTED_EDGE('',*,*,#1170,.T.);
#1648=ORIENTED_EDGE('',*,*,#1006,.F.);
#1649=ORIENTED_EDGE('',*,*,#1178,.F.);
#1650=ORIENTED_EDGE('',*,*,#1066,.F.);
#1651=ORIENTED_EDGE('',*,*,#1179,.F.);
#1652=ORIENTED_EDGE('',*,*,#949,.F.);
#1653=ORIENTED_EDGE('',*,*,#1180,.T.);
#1654=ORIENTED_EDGE('',*,*,#1067,.F.);
#1655=ORIENTED_EDGE('',*,*,#1180,.F.);
#1656=ORIENTED_EDGE('',*,*,#948,.F.);
#1657=ORIENTED_EDGE('',*,*,#1181,.F.);
#1658=ORIENTED_EDGE('',*,*,#1068,.F.);
#1659=ORIENTED_EDGE('',*,*,#1181,.T.);
#1660=ORIENTED_EDGE('',*,*,#947,.F.);
#1661=ORIENTED_EDGE('',*,*,#1174,.F.);
#1662=ORIENTED_EDGE('',*,*,#1065,.F.);
#1663=ORIENTED_EDGE('',*,*,#1182,.F.);
#1664=ORIENTED_EDGE('',*,*,#950,.F.);
#1665=ORIENTED_EDGE('',*,*,#1179,.T.);
#1666=ORIENTED_EDGE('',*,*,#1057,.F.);
#1667=ORIENTED_EDGE('',*,*,#1183,.T.);
#1668=ORIENTED_EDGE('',*,*,#1095,.F.);
#1669=ORIENTED_EDGE('',*,*,#1183,.F.);
#1670=ORIENTED_EDGE('',*,*,#1012,.F.);
#1671=ORIENTED_EDGE('',*,*,#1184,.T.);
#1672=ORIENTED_EDGE('',*,*,#989,.F.);
#1673=ORIENTED_EDGE('',*,*,#1185,.F.);
#1674=ORIENTED_EDGE('',*,*,#1186,.F.);
#1675=ORIENTED_EDGE('',*,*,#1187,.F.);
#1676=ORIENTED_EDGE('',*,*,#952,.F.);
#1677=ORIENTED_EDGE('',*,*,#1188,.T.);
#1678=ORIENTED_EDGE('',*,*,#1063,.F.);
#1679=ORIENTED_EDGE('',*,*,#1189,.F.);
#1680=ORIENTED_EDGE('',*,*,#1190,.F.);
#1681=ORIENTED_EDGE('',*,*,#1191,.F.);
#1682=ORIENTED_EDGE('',*,*,#1182,.T.);
#1683=ORIENTED_EDGE('',*,*,#1064,.F.);
#1684=ORIENTED_EDGE('',*,*,#1188,.F.);
#1685=ORIENTED_EDGE('',*,*,#951,.F.);
#1686=ORIENTED_EDGE('',*,*,#1171,.T.);
#1687=ORIENTED_EDGE('',*,*,#990,.F.);
#1688=ORIENTED_EDGE('',*,*,#1184,.F.);
#1689=ORIENTED_EDGE('',*,*,#1011,.F.);
#1690=ORIENTED_EDGE('',*,*,#1178,.T.);
#1691=ORIENTED_EDGE('',*,*,#1005,.F.);
#1692=ORIENTED_EDGE('',*,*,#1138,.F.);
#1693=ORIENTED_EDGE('',*,*,#1192,.T.);
#1694=ORIENTED_EDGE('',*,*,#1191,.T.);
#1695=ORIENTED_EDGE('',*,*,#1193,.T.);
#1696=ORIENTED_EDGE('',*,*,#1108,.F.);
#1697=ORIENTED_EDGE('',*,*,#1013,.F.);
#1698=ORIENTED_EDGE('',*,*,#1172,.T.);
#1699=ORIENTED_EDGE('',*,*,#1192,.F.);
#1700=ORIENTED_EDGE('',*,*,#1137,.F.);
#1701=ORIENTED_EDGE('',*,*,#1151,.F.);
#1702=ORIENTED_EDGE('',*,*,#1130,.F.);
#1703=ORIENTED_EDGE('',*,*,#1194,.F.);
#1704=ORIENTED_EDGE('',*,*,#1190,.T.);
#1705=ORIENTED_EDGE('',*,*,#1195,.F.);
#1706=ORIENTED_EDGE('',*,*,#1117,.F.);
#1707=ORIENTED_EDGE('',*,*,#1139,.F.);
#1708=ORIENTED_EDGE('',*,*,#1109,.F.);
#1709=ORIENTED_EDGE('',*,*,#1193,.F.);
#1710=ORIENTED_EDGE('',*,*,#1173,.T.);
#1711=ORIENTED_EDGE('',*,*,#1194,.T.);
#1712=ORIENTED_EDGE('',*,*,#1129,.F.);
#1713=ORIENTED_EDGE('',*,*,#1070,.F.);
#1714=ORIENTED_EDGE('',*,*,#1189,.T.);
#1715=ORIENTED_EDGE('',*,*,#1062,.F.);
#1716=ORIENTED_EDGE('',*,*,#1118,.F.);
#1717=ORIENTED_EDGE('',*,*,#1195,.T.);
#1718=ORIENTED_EDGE('',*,*,#1175,.T.);
#1719=ORIENTED_EDGE('',*,*,#945,.T.);
#1720=ORIENTED_EDGE('',*,*,#1133,.F.);
#1721=ORIENTED_EDGE('',*,*,#1196,.F.);
#1722=ORIENTED_EDGE('',*,*,#1187,.T.);
#1723=ORIENTED_EDGE('',*,*,#1197,.F.);
#1724=ORIENTED_EDGE('',*,*,#1114,.F.);
#1725=ORIENTED_EDGE('',*,*,#953,.T.);
#1726=ORIENTED_EDGE('',*,*,#1176,.T.);
#1727=ORIENTED_EDGE('',*,*,#1196,.T.);
#1728=ORIENTED_EDGE('',*,*,#1132,.T.);
#1729=ORIENTED_EDGE('',*,*,#1159,.T.);
#1730=ORIENTED_EDGE('',*,*,#1162,.T.);
#1731=ORIENTED_EDGE('',*,*,#1161,.T.);
#1732=ORIENTED_EDGE('',*,*,#1135,.T.);
#1733=ORIENTED_EDGE('',*,*,#1198,.T.);
#1734=ORIENTED_EDGE('',*,*,#1186,.T.);
#1735=ORIENTED_EDGE('',*,*,#1199,.T.);
#1736=ORIENTED_EDGE('',*,*,#1111,.T.);
#1737=ORIENTED_EDGE('',*,*,#1150,.T.);
#1738=ORIENTED_EDGE('',*,*,#1149,.T.);
#1739=ORIENTED_EDGE('',*,*,#1147,.T.);
#1740=ORIENTED_EDGE('',*,*,#1115,.T.);
#1741=ORIENTED_EDGE('',*,*,#1197,.T.);
#1742=ORIENTED_EDGE('',*,*,#1177,.T.);
#1743=ORIENTED_EDGE('',*,*,#1198,.F.);
#1744=ORIENTED_EDGE('',*,*,#1134,.F.);
#1745=ORIENTED_EDGE('',*,*,#996,.T.);
#1746=ORIENTED_EDGE('',*,*,#1185,.T.);
#1747=ORIENTED_EDGE('',*,*,#988,.T.);
#1748=ORIENTED_EDGE('',*,*,#1112,.F.);
#1749=ORIENTED_EDGE('',*,*,#1199,.F.);
#1750=ORIENTED_EDGE('',*,*,#1083,.T.);
#1751=ORIENTED_EDGE('',*,*,#1046,.F.);
#1752=ORIENTED_EDGE('',*,*,#1113,.F.);
#1753=ORIENTED_EDGE('',*,*,#986,.T.);
#1754=CYLINDRICAL_SURFACE('',#1882,0.95);
#1755=CYLINDRICAL_SURFACE('',#1885,0.95);
#1756=CYLINDRICAL_SURFACE('',#1888,0.95);
#1757=CYLINDRICAL_SURFACE('',#1901,0.73);
#1758=CYLINDRICAL_SURFACE('',#1906,0.73);
#1759=CYLINDRICAL_SURFACE('',#1909,0.3048);
#1760=CYLINDRICAL_SURFACE('',#1931,0.6096);
#1761=CYLINDRICAL_SURFACE('',#1933,0.6096);
#1762=CYLINDRICAL_SURFACE('',#1939,0.3048);
#1763=CYLINDRICAL_SURFACE('',#1949,0.6096);
#1764=CYLINDRICAL_SURFACE('',#1953,0.3048);
#1765=CYLINDRICAL_SURFACE('',#1955,0.3048);
#1766=CYLINDRICAL_SURFACE('',#1990,0.4);
#1767=CYLINDRICAL_SURFACE('',#1991,0.4);
#1768=CYLINDRICAL_SURFACE('',#1993,0.4);
#1769=CYLINDRICAL_SURFACE('',#1995,0.4);
#1770=CYLINDRICAL_SURFACE('',#1997,0.4);
#1771=CYLINDRICAL_SURFACE('',#2004,0.4);
#1772=CYLINDRICAL_SURFACE('',#2006,0.4);
#1773=CYLINDRICAL_SURFACE('',#2008,0.635);
#1774=CYLINDRICAL_SURFACE('',#2016,0.3048);
#1775=CYLINDRICAL_SURFACE('',#2017,0.3048);
#1776=CYLINDRICAL_SURFACE('',#2020,0.3048);
#1777=CYLINDRICAL_SURFACE('',#2021,0.3048);
#1778=CYLINDRICAL_SURFACE('',#2022,0.6096);
#1779=CYLINDRICAL_SURFACE('',#2023,0.6096);
#1780=CYLINDRICAL_SURFACE('',#2026,0.6096);
#1781=CYLINDRICAL_SURFACE('',#2027,0.6096);
#1782=CYLINDRICAL_SURFACE('',#2028,0.6096);
#1783=ADVANCED_FACE('',(#81),#1754,.F.);
#1784=ADVANCED_FACE('',(#82),#1755,.F.);
#1785=ADVANCED_FACE('',(#83),#1756,.F.);
#1786=ADVANCED_FACE('',(#84),#25,.F.);
#1787=ADVANCED_FACE('',(#85),#26,.T.);
#1788=ADVANCED_FACE('',(#86,#19),#27,.F.);
#1789=ADVANCED_FACE('',(#87),#28,.F.);
#1790=ADVANCED_FACE('',(#88),#29,.T.);
#1791=ADVANCED_FACE('',(#89),#1757,.F.);
#1792=ADVANCED_FACE('',(#90),#1758,.F.);
#1793=ADVANCED_FACE('',(#91),#1759,.F.);
#1794=ADVANCED_FACE('',(#92,#20),#30,.F.);
#1795=ADVANCED_FACE('',(#93,#21),#31,.T.);
#1796=ADVANCED_FACE('',(#94),#32,.F.);
#1797=ADVANCED_FACE('',(#95),#33,.F.);
#1798=ADVANCED_FACE('',(#96),#34,.F.);
#1799=ADVANCED_FACE('',(#97),#35,.F.);
#1800=ADVANCED_FACE('',(#98,#22),#36,.F.);
#1801=ADVANCED_FACE('',(#99),#1760,.T.);
#1802=ADVANCED_FACE('',(#100),#1761,.T.);
#1803=ADVANCED_FACE('',(#101,#23),#37,.T.);
#1804=ADVANCED_FACE('',(#102),#1762,.F.);
#1805=ADVANCED_FACE('',(#103),#38,.F.);
#1806=ADVANCED_FACE('',(#104),#39,.T.);
#1807=ADVANCED_FACE('',(#105),#40,.F.);
#1808=ADVANCED_FACE('',(#106),#41,.F.);
#1809=ADVANCED_FACE('',(#107),#1763,.T.);
#1810=ADVANCED_FACE('',(#108,#24),#42,.T.);
#1811=ADVANCED_FACE('',(#109),#1764,.F.);
#1812=ADVANCED_FACE('',(#110),#1765,.F.);
#1813=ADVANCED_FACE('',(#111),#43,.F.);
#1814=ADVANCED_FACE('',(#112),#44,.T.);
#1815=ADVANCED_FACE('',(#113),#45,.F.);
#1816=ADVANCED_FACE('',(#114),#46,.F.);
#1817=ADVANCED_FACE('',(#115),#47,.F.);
#1818=ADVANCED_FACE('',(#116),#48,.F.);
#1819=ADVANCED_FACE('',(#117),#49,.F.);
#1820=ADVANCED_FACE('',(#118),#50,.F.);
#1821=ADVANCED_FACE('',(#119),#51,.T.);
#1822=ADVANCED_FACE('',(#120),#52,.F.);
#1823=ADVANCED_FACE('',(#121),#53,.F.);
#1824=ADVANCED_FACE('',(#122),#54,.F.);
#1825=ADVANCED_FACE('',(#123),#55,.F.);
#1826=ADVANCED_FACE('',(#124),#56,.F.);
#1827=ADVANCED_FACE('',(#125),#57,.F.);
#1828=ADVANCED_FACE('',(#126),#58,.F.);
#1829=ADVANCED_FACE('',(#127),#59,.F.);
#1830=ADVANCED_FACE('',(#128),#60,.F.);
#1831=ADVANCED_FACE('',(#129),#61,.F.);
#1832=ADVANCED_FACE('',(#130),#62,.F.);
#1833=ADVANCED_FACE('',(#131),#63,.F.);
#1834=ADVANCED_FACE('',(#132),#64,.F.);
#1835=ADVANCED_FACE('',(#133),#65,.F.);
#1836=ADVANCED_FACE('',(#134),#66,.F.);
#1837=ADVANCED_FACE('',(#135),#1766,.F.);
#1838=ADVANCED_FACE('',(#136),#1767,.F.);
#1839=ADVANCED_FACE('',(#137),#67,.F.);
#1840=ADVANCED_FACE('',(#138),#1768,.F.);
#1841=ADVANCED_FACE('',(#139),#68,.T.);
#1842=ADVANCED_FACE('',(#140),#1769,.F.);
#1843=ADVANCED_FACE('',(#141),#69,.T.);
#1844=ADVANCED_FACE('',(#142),#1770,.F.);
#1845=ADVANCED_FACE('',(#143),#70,.T.);
#1846=ADVANCED_FACE('',(#144),#71,.T.);
#1847=ADVANCED_FACE('',(#145),#1771,.F.);
#1848=ADVANCED_FACE('',(#146),#72,.T.);
#1849=ADVANCED_FACE('',(#147),#1772,.F.);
#1850=ADVANCED_FACE('',(#148),#73,.T.);
#1851=ADVANCED_FACE('',(#149),#1773,.F.);
#1852=ADVANCED_FACE('',(#150),#74,.T.);
#1853=ADVANCED_FACE('',(#151),#75,.T.);
#1854=ADVANCED_FACE('',(#152),#76,.T.);
#1855=ADVANCED_FACE('',(#153),#1774,.F.);
#1856=ADVANCED_FACE('',(#154),#1775,.F.);
#1857=ADVANCED_FACE('',(#155),#77,.F.);
#1858=ADVANCED_FACE('',(#156),#78,.F.);
#1859=ADVANCED_FACE('',(#157),#1776,.F.);
#1860=ADVANCED_FACE('',(#158),#1777,.F.);
#1861=ADVANCED_FACE('',(#159),#1778,.T.);
#1862=ADVANCED_FACE('',(#160),#1779,.T.);
#1863=ADVANCED_FACE('',(#161),#79,.T.);
#1864=ADVANCED_FACE('',(#162),#80,.T.);
#1865=ADVANCED_FACE('',(#163),#1780,.T.);
#1866=ADVANCED_FACE('',(#164),#1781,.T.);
#1867=ADVANCED_FACE('',(#165),#1782,.T.);
#1868=CLOSED_SHELL('',(#1783,#1784,#1785,#1786,#1787,#1788,#1789,#1790,
#1791,#1792,#1793,#1794,#1795,#1796,#1797,#1798,#1799,#1800,#1801,#1802,
#1803,#1804,#1805,#1806,#1807,#1808,#1809,#1810,#1811,#1812,#1813,#1814,
#1815,#1816,#1817,#1818,#1819,#1820,#1821,#1822,#1823,#1824,#1825,#1826,
#1827,#1828,#1829,#1830,#1831,#1832,#1833,#1834,#1835,#1836,#1837,#1838,
#1839,#1840,#1841,#1842,#1843,#1844,#1845,#1846,#1847,#1848,#1849,#1850,
#1851,#1852,#1853,#1854,#1855,#1856,#1857,#1858,#1859,#1860,#1861,#1862,
#1863,#1864,#1865,#1866,#1867));
#1869=DERIVED_UNIT_ELEMENT(#1871,1.);
#1870=DERIVED_UNIT_ELEMENT(#3106,-3.);
#1871=(
MASS_UNIT()
NAMED_UNIT(*)
SI_UNIT(.KILO.,.GRAM.)
);
#1872=DERIVED_UNIT((#1869,#1870));
#1873=MEASURE_REPRESENTATION_ITEM('density measure',
POSITIVE_RATIO_MEASURE(7850.),#1872);
#1874=PROPERTY_DEFINITION_REPRESENTATION(#1879,#1876);
#1875=PROPERTY_DEFINITION_REPRESENTATION(#1880,#1877);
#1876=REPRESENTATION('material name',(#1878),#3103);
#1877=REPRESENTATION('density',(#1873),#3103);
#1878=DESCRIPTIVE_REPRESENTATION_ITEM('Steel','Steel');
#1879=PROPERTY_DEFINITION('material property','material name',#3113);
#1880=PROPERTY_DEFINITION('material property','density of part',#3113);
#1881=AXIS2_PLACEMENT_3D('',#2536,#2029,#2030);
#1882=AXIS2_PLACEMENT_3D('',#2537,#2031,#2032);
#1883=AXIS2_PLACEMENT_3D('',#2540,#2033,#2034);
#1884=AXIS2_PLACEMENT_3D('',#2544,#2036,#2037);
#1885=AXIS2_PLACEMENT_3D('',#2546,#2039,#2040);
#1886=AXIS2_PLACEMENT_3D('',#2549,#2041,#2042);
#1887=AXIS2_PLACEMENT_3D('',#2553,#2044,#2045);
#1888=AXIS2_PLACEMENT_3D('',#2555,#2047,#2048);
#1889=AXIS2_PLACEMENT_3D('',#2558,#2049,#2050);
#1890=AXIS2_PLACEMENT_3D('',#2562,#2052,#2053);
#1891=AXIS2_PLACEMENT_3D('',#2564,#2055,#2056);
#1892=AXIS2_PLACEMENT_3D('',#2570,#2060,#2061);
#1893=AXIS2_PLACEMENT_3D('',#2576,#2065,#2066);
#1894=AXIS2_PLACEMENT_3D('',#2579,#2067,#2068);
#1895=AXIS2_PLACEMENT_3D('',#2581,#2069,#2070);
#1896=AXIS2_PLACEMENT_3D('',#2591,#2075,#2076);
#1897=AXIS2_PLACEMENT_3D('',#2595,#2078,#2079);
#1898=AXIS2_PLACEMENT_3D('',#2617,#2092,#2093);
#1899=AXIS2_PLACEMENT_3D('',#2618,#2094,#2095);
#1900=AXIS2_PLACEMENT_3D('',#2620,#2097,#2098);
#1901=AXIS2_PLACEMENT_3D('',#2622,#2100,#2101);
#1902=AXIS2_PLACEMENT_3D('',#2632,#2102,#2103);
#1903=AXIS2_PLACEMENT_3D('',#2636,#2105,#2106);
#1904=AXIS2_PLACEMENT_3D('',#2644,#2107,#2108);
#1905=AXIS2_PLACEMENT_3D('',#2645,#2109,#2110);
#1906=AXIS2_PLACEMENT_3D('',#2646,#2111,#2112);
#1907=AXIS2_PLACEMENT_3D('',#2656,#2114,#2115);
#1908=AXIS2_PLACEMENT_3D('',#2664,#2116,#2117);
#1909=AXIS2_PLACEMENT_3D('',#2665,#2118,#2119);
#1910=AXIS2_PLACEMENT_3D('',#2669,#2121,#2122);
#1911=AXIS2_PLACEMENT_3D('',#2673,#2124,#2125);
#1912=AXIS2_PLACEMENT_3D('',#2675,#2127,#2128);
#1913=AXIS2_PLACEMENT_3D('',#2697,#2139,#2140);
#1914=AXIS2_PLACEMENT_3D('',#2701,#2142,#2143);
#1915=AXIS2_PLACEMENT_3D('',#2711,#2148,#2149);
#1916=AXIS2_PLACEMENT_3D('',#2715,#2151,#2152);
#1917=AXIS2_PLACEMENT_3D('',#2717,#2154,#2155);
#1918=AXIS2_PLACEMENT_3D('',#2727,#2160,#2161);
#1919=AXIS2_PLACEMENT_3D('',#2731,#2163,#2164);
#1920=AXIS2_PLACEMENT_3D('',#2753,#2175,#2176);
#1921=AXIS2_PLACEMENT_3D('',#2757,#2178,#2179);
#1922=AXIS2_PLACEMENT_3D('',#2759,#2181,#2182);
#1923=AXIS2_PLACEMENT_3D('',#2769,#2188,#2189);
#1924=AXIS2_PLACEMENT_3D('',#2770,#2190,#2191);
#1925=AXIS2_PLACEMENT_3D('',#2776,#2195,#2196);
#1926=AXIS2_PLACEMENT_3D('',#2780,#2199,#2200);
#1927=AXIS2_PLACEMENT_3D('',#2782,#2201,#2202);
#1928=AXIS2_PLACEMENT_3D('',#2787,#2205,#2206);
#1929=AXIS2_PLACEMENT_3D('',#2789,#2208,#2209);
#1930=AXIS2_PLACEMENT_3D('',#2824,#2227,#2228);
#1931=AXIS2_PLACEMENT_3D('',#2825,#2229,#2230);
#1932=AXIS2_PLACEMENT_3D('',#2826,#2231,#2232);
#1933=AXIS2_PLACEMENT_3D('',#2827,#2233,#2234);
#1934=AXIS2_PLACEMENT_3D('',#2828,#2235,#2236);
#1935=AXIS2_PLACEMENT_3D('',#2829,#2237,#2238);
#1936=AXIS2_PLACEMENT_3D('',#2843,#2245,#2246);
#1937=AXIS2_PLACEMENT_3D('',#2847,#2248,#2249);
#1938=AXIS2_PLACEMENT_3D('',#2853,#2253,#2254);
#1939=AXIS2_PLACEMENT_3D('',#2854,#2255,#2256);
#1940=AXIS2_PLACEMENT_3D('',#2857,#2258,#2259);
#1941=AXIS2_PLACEMENT_3D('',#2858,#2260,#2261);
#1942=AXIS2_PLACEMENT_3D('',#2863,#2264,#2265);
#1943=AXIS2_PLACEMENT_3D('',#2865,#2267,#2268);
#1944=AXIS2_PLACEMENT_3D('',#2866,#2269,#2270);
#1945=AXIS2_PLACEMENT_3D('',#2870,#2273,#2274);
#1946=AXIS2_PLACEMENT_3D('',#2872,#2276,#2277);
#1947=AXIS2_PLACEMENT_3D('',#2873,#2278,#2279);
#1948=AXIS2_PLACEMENT_3D('',#2875,#2280,#2281);
#1949=AXIS2_PLACEMENT_3D('',#2877,#2283,#2284);
#1950=AXIS2_PLACEMENT_3D('',#2878,#2285,#2286);
#1951=AXIS2_PLACEMENT_3D('',#2879,#2287,#2288);
#1952=AXIS2_PLACEMENT_3D('',#2895,#2297,#2298);
#1953=AXIS2_PLACEMENT_3D('',#2896,#2299,#2300);
#1954=AXIS2_PLACEMENT_3D('',#2897,#2301,#2302);
#1955=AXIS2_PLACEMENT_3D('',#2898,#2303,#2304);
#1956=AXIS2_PLACEMENT_3D('',#2899,#2305,#2306);
#1957=AXIS2_PLACEMENT_3D('',#2900,#2307,#2308);
#1958=AXIS2_PLACEMENT_3D('',#2906,#2312,#2313);
#1959=AXIS2_PLACEMENT_3D('',#2912,#2317,#2318);
#1960=AXIS2_PLACEMENT_3D('',#2915,#2321,#2322);
#1961=AXIS2_PLACEMENT_3D('',#2917,#2324,#2325);
#1962=AXIS2_PLACEMENT_3D('',#2919,#2327,#2328);
#1963=AXIS2_PLACEMENT_3D('',#2921,#2329,#2330);
#1964=AXIS2_PLACEMENT_3D('',#2928,#2334,#2335);
#1965=AXIS2_PLACEMENT_3D('',#2929,#2336,#2337);
#1966=AXIS2_PLACEMENT_3D('',#2930,#2338,#2339);
#1967=AXIS2_PLACEMENT_3D('',#2932,#2340,#2341);
#1968=AXIS2_PLACEMENT_3D('',#2939,#2345,#2346);
#1969=AXIS2_PLACEMENT_3D('',#2940,#2347,#2348);
#1970=AXIS2_PLACEMENT_3D('',#2946,#2352,#2353);
#1971=AXIS2_PLACEMENT_3D('',#2952,#2357,#2358);
#1972=AXIS2_PLACEMENT_3D('',#2955,#2361,#2362);
#1973=AXIS2_PLACEMENT_3D('',#2958,#2365,#2366);
#1974=AXIS2_PLACEMENT_3D('',#2959,#2367,#2368);
#1975=AXIS2_PLACEMENT_3D('',#2961,#2369,#2370);
#1976=AXIS2_PLACEMENT_3D('',#2968,#2374,#2375);
#1977=AXIS2_PLACEMENT_3D('',#2969,#2376,#2377);
#1978=AXIS2_PLACEMENT_3D('',#2971,#2378,#2379);
#1979=AXIS2_PLACEMENT_3D('',#2978,#2383,#2384);
#1980=AXIS2_PLACEMENT_3D('',#2979,#2385,#2386);
#1981=AXIS2_PLACEMENT_3D('',#2986,#2391,#2392);
#1982=AXIS2_PLACEMENT_3D('',#2992,#2396,#2397);
#1983=AXIS2_PLACEMENT_3D('',#2996,#2400,#2401);
#1984=AXIS2_PLACEMENT_3D('',#3000,#2404,#2405);
#1985=AXIS2_PLACEMENT_3D('',#3002,#2407,#2408);
#1986=AXIS2_PLACEMENT_3D('',#3009,#2413,#2414);
#1987=AXIS2_PLACEMENT_3D('',#3015,#2418,#2419);
#1988=AXIS2_PLACEMENT_3D('',#3019,#2422,#2423);
#1989=AXIS2_PLACEMENT_3D('',#3023,#2426,#2427);
#1990=AXIS2_PLACEMENT_3D('',#3025,#2429,#2430);
#1991=AXIS2_PLACEMENT_3D('',#3026,#2431,#2432);
#1992=AXIS2_PLACEMENT_3D('',#3029,#2435,#2436);
#1993=AXIS2_PLACEMENT_3D('',#3031,#2438,#2439);
#1994=AXIS2_PLACEMENT_3D('',#3033,#2441,#2442);
#1995=AXIS2_PLACEMENT_3D('',#3034,#2443,#2444);
#1996=AXIS2_PLACEMENT_3D('',#3037,#2447,#2448);
#1997=AXIS2_PLACEMENT_3D('',#3039,#2450,#2451);
#1998=AXIS2_PLACEMENT_3D('',#3041,#2453,#2454);
#1999=AXIS2_PLACEMENT_3D('',#3043,#2456,#2457);
#2000=AXIS2_PLACEMENT_3D('',#3047,#2459,#2460);
#2001=AXIS2_PLACEMENT_3D('',#3050,#2462,#2463);
#2002=AXIS2_PLACEMENT_3D('',#3053,#2465,#2466);
#2003=AXIS2_PLACEMENT_3D('',#3054,#2467,#2468);
#2004=AXIS2_PLACEMENT_3D('',#3055,#2469,#2470);
#2005=AXIS2_PLACEMENT_3D('',#3058,#2473,#2474);
#2006=AXIS2_PLACEMENT_3D('',#3060,#2476,#2477);
#2007=AXIS2_PLACEMENT_3D('',#3061,#2478,#2479);
#2008=AXIS2_PLACEMENT_3D('',#3063,#2481,#2482);
#2009=AXIS2_PLACEMENT_3D('',#3065,#2484,#2485);
#2010=AXIS2_PLACEMENT_3D('',#3068,#2487,#2488);
#2011=AXIS2_PLACEMENT_3D('',#3071,#2490,#2491);
#2012=AXIS2_PLACEMENT_3D('',#3074,#2493,#2494);
#2013=AXIS2_PLACEMENT_3D('',#3077,#2496,#2497);
#2014=AXIS2_PLACEMENT_3D('',#3078,#2498,#2499);
#2015=AXIS2_PLACEMENT_3D('',#3079,#2500,#2501);
#2016=AXIS2_PLACEMENT_3D('',#3080,#2502,#2503);
#2017=AXIS2_PLACEMENT_3D('',#3082,#2505,#2506);
#2018=AXIS2_PLACEMENT_3D('',#3084,#2508,#2509);
#2019=AXIS2_PLACEMENT_3D('',#3086,#2511,#2512);
#2020=AXIS2_PLACEMENT_3D('',#3088,#2514,#2515);
#2021=AXIS2_PLACEMENT_3D('',#3089,#2516,#2517);
#2022=AXIS2_PLACEMENT_3D('',#3090,#2518,#2519);
#2023=AXIS2_PLACEMENT_3D('',#3092,#2521,#2522);
#2024=AXIS2_PLACEMENT_3D('',#3094,#2524,#2525);
#2025=AXIS2_PLACEMENT_3D('',#3096,#2527,#2528);
#2026=AXIS2_PLACEMENT_3D('',#3098,#2530,#2531);
#2027=AXIS2_PLACEMENT_3D('',#3099,#2532,#2533);
#2028=AXIS2_PLACEMENT_3D('',#3100,#2534,#2535);
#2029=DIRECTION('axis',(0.,0.,1.));
#2030=DIRECTION('refdir',(1.,0.,0.));
#2031=DIRECTION('center_axis',(0.,1.,0.));
#2032=DIRECTION('ref_axis',(1.,0.,0.));
#2033=DIRECTION('center_axis',(0.,1.,0.));
#2034=DIRECTION('ref_axis',(1.,0.,0.));
#2035=DIRECTION('',(0.,1.,0.));
#2036=DIRECTION('center_axis',(0.,-1.,0.));
#2037=DIRECTION('ref_axis',(1.,0.,0.));
#2038=DIRECTION('',(0.,1.,0.));
#2039=DIRECTION('center_axis',(0.,1.,0.));
#2040=DIRECTION('ref_axis',(1.,0.,0.));
#2041=DIRECTION('center_axis',(0.,-1.,0.));
#2042=DIRECTION('ref_axis',(1.,0.,0.));
#2043=DIRECTION('',(0.,-1.,0.));
#2044=DIRECTION('center_axis',(0.,1.,0.));
#2045=DIRECTION('ref_axis',(1.,0.,0.));
#2046=DIRECTION('',(0.,-1.,0.));
#2047=DIRECTION('center_axis',(0.,1.,0.));
#2048=DIRECTION('ref_axis',(1.,0.,0.));
#2049=DIRECTION('center_axis',(0.,-1.,0.));
#2050=DIRECTION('ref_axis',(1.,0.,0.));
#2051=DIRECTION('',(0.,-1.,0.));
#2052=DIRECTION('center_axis',(0.,1.,0.));
#2053=DIRECTION('ref_axis',(1.,0.,0.));
#2054=DIRECTION('',(0.,1.,0.));
#2055=DIRECTION('center_axis',(0.,0.,1.));
#2056=DIRECTION('ref_axis',(1.,0.,0.));
#2057=DIRECTION('',(1.,0.,0.));
#2058=DIRECTION('',(0.,-1.,0.));
#2059=DIRECTION('',(-1.,0.,0.));
#2060=DIRECTION('center_axis',(0.,0.,1.));
#2061=DIRECTION('ref_axis',(1.,0.,0.));
#2062=DIRECTION('',(1.,0.,0.));
#2063=DIRECTION('',(0.,1.,0.));
#2064=DIRECTION('',(-1.,0.,0.));
#2065=DIRECTION('center_axis',(0.,1.,0.));
#2066=DIRECTION('ref_axis',(0.,0.,1.));
#2067=DIRECTION('center_axis',(0.,1.,0.));
#2068=DIRECTION('ref_axis',(1.,0.,0.));
#2069=DIRECTION('center_axis',(0.,1.,0.));
#2070=DIRECTION('ref_axis',(1.,0.,0.));
#2071=DIRECTION('',(-1.,0.,0.));
#2072=DIRECTION('',(0.,0.,-1.));
#2073=DIRECTION('',(1.,0.,0.));
#2074=DIRECTION('',(0.,0.,-1.));
#2075=DIRECTION('center_axis',(0.,1.,0.));
#2076=DIRECTION('ref_axis',(1.,0.,0.));
#2077=DIRECTION('',(-1.,0.,0.));
#2078=DIRECTION('center_axis',(0.,1.,0.));
#2079=DIRECTION('ref_axis',(1.,0.,0.));
#2080=DIRECTION('',(0.,0.,1.));
#2081=DIRECTION('',(-1.,0.,0.));
#2082=DIRECTION('',(0.,0.,1.));
#2083=DIRECTION('',(1.,0.,0.));
#2084=DIRECTION('',(0.,0.,-1.));
#2085=DIRECTION('',(-1.,0.,0.));
#2086=DIRECTION('',(0.,0.,1.));
#2087=DIRECTION('',(1.,0.,0.));
#2088=DIRECTION('',(0.,0.,-1.));
#2089=DIRECTION('',(-1.,0.,0.));
#2090=DIRECTION('',(1.,0.,0.));
#2091=DIRECTION('',(-1.,0.,0.));
#2092=DIRECTION('center_axis',(0.,1.,0.));
#2093=DIRECTION('ref_axis',(1.,0.,0.));
#2094=DIRECTION('center_axis',(0.,0.,1.));
#2095=DIRECTION('ref_axis',(1.,0.,0.));
#2096=DIRECTION('',(-1.,0.,0.));
#2097=DIRECTION('center_axis',(0.,0.,1.));
#2098=DIRECTION('ref_axis',(1.,0.,0.));
#2099=DIRECTION('',(1.,0.,0.));
#2100=DIRECTION('center_axis',(0.,1.,0.));
#2101=DIRECTION('ref_axis',(1.,0.,0.));
#2102=DIRECTION('center_axis',(0.,1.,0.));
#2103=DIRECTION('ref_axis',(1.,0.,0.));
#2104=DIRECTION('',(0.,1.,0.));
#2105=DIRECTION('center_axis',(0.,-1.,0.));
#2106=DIRECTION('ref_axis',(1.,0.,0.));
#2107=DIRECTION('center_axis',(0.,-1.,0.));
#2108=DIRECTION('ref_axis',(1.,0.,0.));
#2109=DIRECTION('center_axis',(0.,1.,0.));
#2110=DIRECTION('ref_axis',(1.,0.,0.));
#2111=DIRECTION('center_axis',(0.,1.,0.));
#2112=DIRECTION('ref_axis',(1.,0.,0.));
#2113=DIRECTION('',(0.,1.,0.));
#2114=DIRECTION('center_axis',(0.,-1.,0.));
#2115=DIRECTION('ref_axis',(1.,0.,0.));
#2116=DIRECTION('center_axis',(0.,-1.,0.));
#2117=DIRECTION('ref_axis',(1.,0.,0.));
#2118=DIRECTION('center_axis',(1.,0.,0.));
#2119=DIRECTION('ref_axis',(0.,0.,-1.));
#2120=DIRECTION('',(-1.,0.,0.));
#2121=DIRECTION('center_axis',(-1.,0.,0.));
#2122=DIRECTION('ref_axis',(0.,0.,-1.));
#2123=DIRECTION('',(-1.,0.,0.));
#2124=DIRECTION('center_axis',(-1.,0.,0.));
#2125=DIRECTION('ref_axis',(0.,0.,-1.));
#2126=DIRECTION('',(-1.,0.,0.));
#2127=DIRECTION('center_axis',(0.,-1.,0.));
#2128=DIRECTION('ref_axis',(0.,0.,-1.));
#2129=DIRECTION('',(1.,0.,0.));
#2130=DIRECTION('',(0.,0.,1.));
#2131=DIRECTION('',(-1.,0.,0.));
#2132=DIRECTION('',(0.,0.,-1.));
#2133=DIRECTION('',(1.,0.,0.));
#2134=DIRECTION('',(0.,0.,-1.));
#2135=DIRECTION('',(-1.,0.,0.));
#2136=DIRECTION('',(0.,0.,-1.));
#2137=DIRECTION('',(1.,0.,0.));
#2138=DIRECTION('',(0.,0.,-1.));
#2139=DIRECTION('center_axis',(0.,-1.,0.));
#2140=DIRECTION('ref_axis',(1.,0.,0.));
#2141=DIRECTION('',(1.,0.,0.));
#2142=DIRECTION('center_axis',(0.,-1.,0.));
#2143=DIRECTION('ref_axis',(1.,0.,0.));
#2144=DIRECTION('',(0.,0.,1.));
#2145=DIRECTION('',(-1.,0.,0.));
#2146=DIRECTION('',(0.,0.,-1.));
#2147=DIRECTION('',(1.,0.,0.));
#2148=DIRECTION('center_axis',(0.,-1.,0.));
#2149=DIRECTION('ref_axis',(1.,0.,0.));
#2150=DIRECTION('',(1.,0.,0.));
#2151=DIRECTION('center_axis',(0.,-1.,0.));
#2152=DIRECTION('ref_axis',(1.,0.,0.));
#2153=DIRECTION('',(-1.,0.,0.));
#2154=DIRECTION('center_axis',(0.,-1.,0.));
#2155=DIRECTION('ref_axis',(0.,0.,-1.));
#2156=DIRECTION('',(1.,0.,0.));
#2157=DIRECTION('',(0.,0.,-1.));
#2158=DIRECTION('',(-1.,0.,0.));
#2159=DIRECTION('',(0.,0.,-1.));
#2160=DIRECTION('center_axis',(0.,1.,0.));
#2161=DIRECTION('ref_axis',(1.,0.,0.));
#2162=DIRECTION('',(-1.,0.,0.));
#2163=DIRECTION('center_axis',(0.,1.,0.));
#2164=DIRECTION('ref_axis',(1.,0.,0.));
#2165=DIRECTION('',(0.,0.,1.));
#2166=DIRECTION('',(-1.,0.,0.));
#2167=DIRECTION('',(0.,0.,1.));
#2168=DIRECTION('',(-1.,0.,0.));
#2169=DIRECTION('',(0.,0.,1.));
#2170=DIRECTION('',(1.,0.,0.));
#2171=DIRECTION('',(0.,0.,1.));
#2172=DIRECTION('',(1.,0.,0.));
#2173=DIRECTION('',(0.,0.,-1.));
#2174=DIRECTION('',(1.,0.,0.));
#2175=DIRECTION('center_axis',(0.,1.,0.));
#2176=DIRECTION('ref_axis',(1.,0.,0.));
#2177=DIRECTION('',(1.,0.,0.));
#2178=DIRECTION('center_axis',(0.,1.,0.));
#2179=DIRECTION('ref_axis',(1.,0.,0.));
#2180=DIRECTION('',(-1.,0.,0.));
#2181=DIRECTION('center_axis',(1.,0.,0.));
#2182=DIRECTION('ref_axis',(0.,0.,-1.));
#2183=DIRECTION('',(0.,1.,0.));
#2184=DIRECTION('',(0.,0.,1.));
#2185=DIRECTION('',(0.,-1.,0.));
#2186=DIRECTION('',(0.,0.,-1.));
#2187=DIRECTION('',(0.,1.,0.));
#2188=DIRECTION('center_axis',(1.,0.,0.));
#2189=DIRECTION('ref_axis',(0.,0.,-1.));
#2190=DIRECTION('center_axis',(0.,1.,0.));
#2191=DIRECTION('ref_axis',(1.,0.,0.));
#2192=DIRECTION('',(-1.,0.,0.));
#2193=DIRECTION('',(1.,0.,0.));
#2194=DIRECTION('',(0.,0.,1.));
#2195=DIRECTION('center_axis',(0.,0.,1.));
#2196=DIRECTION('ref_axis',(1.,0.,0.));
#2197=DIRECTION('',(0.,1.,0.));
#2198=DIRECTION('',(-1.,0.,0.));
#2199=DIRECTION('center_axis',(-1.,0.,0.));
#2200=DIRECTION('ref_axis',(0.,0.,1.));
#2201=DIRECTION('center_axis',(-1.,0.,0.));
#2202=DIRECTION('ref_axis',(0.,0.,-1.));
#2203=DIRECTION('',(0.,-1.,0.));
#2204=DIRECTION('',(0.,1.,0.));
#2205=DIRECTION('center_axis',(1.,0.,0.));
#2206=DIRECTION('ref_axis',(0.,0.,-1.));
#2207=DIRECTION('',(0.,0.,-1.));
#2208=DIRECTION('center_axis',(0.,0.,1.));
#2209=DIRECTION('ref_axis',(1.,0.,0.));
#2210=DIRECTION('',(-1.,0.,0.));
#2211=DIRECTION('',(0.,1.,0.));
#2212=DIRECTION('',(-1.,0.,0.));
#2213=DIRECTION('',(0.,1.,0.));
#2214=DIRECTION('',(1.,0.,0.));
#2215=DIRECTION('',(0.,1.,0.));
#2216=DIRECTION('',(1.,0.,0.));
#2217=DIRECTION('',(0.,-1.,0.));
#2218=DIRECTION('',(1.,0.,0.));
#2219=DIRECTION('',(0.,1.,0.));
#2220=DIRECTION('',(1.,0.,0.));
#2221=DIRECTION('',(0.,-1.,0.));
#2222=DIRECTION('',(1.,0.,0.));
#2223=DIRECTION('',(0.,-1.,0.));
#2224=DIRECTION('',(-1.,0.,0.));
#2225=DIRECTION('',(0.,-1.,0.));
#2226=DIRECTION('',(-1.,0.,0.));
#2227=DIRECTION('center_axis',(0.,0.,1.));
#2228=DIRECTION('ref_axis',(1.,0.,0.));
#2229=DIRECTION('center_axis',(1.,0.,0.));
#2230=DIRECTION('ref_axis',(0.,0.,-1.));
#2231=DIRECTION('center_axis',(-1.,0.,0.));
#2232=DIRECTION('ref_axis',(0.,0.,-1.));
#2233=DIRECTION('center_axis',(1.,0.,0.));
#2234=DIRECTION('ref_axis',(0.,0.,-1.));
#2235=DIRECTION('center_axis',(1.,0.,0.));
#2236=DIRECTION('ref_axis',(0.,0.,-1.));
#2237=DIRECTION('center_axis',(0.,1.,0.));
#2238=DIRECTION('ref_axis',(0.,0.,1.));
#2239=DIRECTION('',(-1.,0.,0.));
#2240=DIRECTION('',(0.,0.,-1.));
#2241=DIRECTION('',(1.,0.,0.));
#2242=DIRECTION('',(0.,0.,-1.));
#2243=DIRECTION('',(1.,0.,0.));
#2244=DIRECTION('',(0.,0.,-1.));
#2245=DIRECTION('center_axis',(0.,-1.,0.));
#2246=DIRECTION('ref_axis',(1.,0.,0.));
#2247=DIRECTION('',(1.,0.,0.));
#2248=DIRECTION('center_axis',(0.,-1.,0.));
#2249=DIRECTION('ref_axis',(1.,0.,0.));
#2250=DIRECTION('',(0.,0.,1.));
#2251=DIRECTION('',(1.,0.,0.));
#2252=DIRECTION('',(0.,0.,1.));
#2253=DIRECTION('center_axis',(0.,-1.,0.));
#2254=DIRECTION('ref_axis',(1.,0.,0.));
#2255=DIRECTION('center_axis',(1.,0.,0.));
#2256=DIRECTION('ref_axis',(0.,0.,-1.));
#2257=DIRECTION('',(-1.,0.,0.));
#2258=DIRECTION('center_axis',(1.,0.,0.));
#2259=DIRECTION('ref_axis',(0.,0.,-1.));
#2260=DIRECTION('center_axis',(1.,0.,0.));
#2261=DIRECTION('ref_axis',(0.,0.,-1.));
#2262=DIRECTION('',(0.,0.,-1.));
#2263=DIRECTION('',(0.,-1.,0.));
#2264=DIRECTION('center_axis',(-1.,0.,0.));
#2265=DIRECTION('ref_axis',(0.,0.,-1.));
#2266=DIRECTION('',(0.,1.,0.));
#2267=DIRECTION('center_axis',(1.,0.,0.));
#2268=DIRECTION('ref_axis',(0.,0.,-1.));
#2269=DIRECTION('center_axis',(0.,1.,0.));
#2270=DIRECTION('ref_axis',(1.,0.,0.));
#2271=DIRECTION('',(0.,0.,1.));
#2272=DIRECTION('',(-1.,0.,0.));
#2273=DIRECTION('center_axis',(0.,0.,1.));
#2274=DIRECTION('ref_axis',(1.,0.,0.));
#2275=DIRECTION('',(0.,1.,0.));
#2276=DIRECTION('center_axis',(-1.,0.,0.));
#2277=DIRECTION('ref_axis',(0.,0.,1.));
#2278=DIRECTION('center_axis',(-1.,0.,0.));
#2279=DIRECTION('ref_axis',(0.,0.,-1.));
#2280=DIRECTION('center_axis',(1.,0.,0.));
#2281=DIRECTION('ref_axis',(0.,0.,-1.));
#2282=DIRECTION('',(0.,1.,0.));
#2283=DIRECTION('center_axis',(1.,0.,0.));
#2284=DIRECTION('ref_axis',(0.,0.,-1.));
#2285=DIRECTION('center_axis',(1.,0.,0.));
#2286=DIRECTION('ref_axis',(0.,0.,-1.));
#2287=DIRECTION('center_axis',(0.,0.,1.));
#2288=DIRECTION('ref_axis',(1.,0.,0.));
#2289=DIRECTION('',(0.,-1.,0.));
#2290=DIRECTION('',(0.,-1.,0.));
#2291=DIRECTION('',(0.,-1.,0.));
#2292=DIRECTION('',(1.,0.,0.));
#2293=DIRECTION('',(1.,0.,0.));
#2294=DIRECTION('',(0.,1.,0.));
#2295=DIRECTION('',(0.,1.,0.));
#2296=DIRECTION('',(0.,1.,0.));
#2297=DIRECTION('center_axis',(0.,0.,-1.));
#2298=DIRECTION('ref_axis',(1.,0.,0.));
#2299=DIRECTION('center_axis',(1.,0.,0.));
#2300=DIRECTION('ref_axis',(0.,0.,-1.));
#2301=DIRECTION('center_axis',(1.,0.,0.));
#2302=DIRECTION('ref_axis',(0.,0.,-1.));
#2303=DIRECTION('center_axis',(1.,0.,0.));
#2304=DIRECTION('ref_axis',(0.,0.,-1.));
#2305=DIRECTION('center_axis',(-1.,0.,0.));
#2306=DIRECTION('ref_axis',(0.,0.,-1.));
#2307=DIRECTION('center_axis',(-1.,0.,0.));
#2308=DIRECTION('ref_axis',(0.,0.,1.));
#2309=DIRECTION('',(0.,0.,-1.));
#2310=DIRECTION('',(0.,1.,0.));
#2311=DIRECTION('',(0.,0.,-1.));
#2312=DIRECTION('center_axis',(0.,0.,1.));
#2313=DIRECTION('ref_axis',(1.,0.,0.));
#2314=DIRECTION('',(-1.,0.,0.));
#2315=DIRECTION('',(0.,-1.,0.));
#2316=DIRECTION('',(1.,0.,0.));
#2317=DIRECTION('center_axis',(0.,1.,0.));
#2318=DIRECTION('ref_axis',(0.,0.,1.));
#2319=DIRECTION('',(0.,0.,-1.));
#2320=DIRECTION('',(0.,0.,-1.));
#2321=DIRECTION('center_axis',(1.,0.,0.));
#2322=DIRECTION('ref_axis',(0.,0.,-1.));
#2323=DIRECTION('',(0.,0.,-1.));
#2324=DIRECTION('center_axis',(0.,-1.,0.));
#2325=DIRECTION('ref_axis',(0.,0.,-1.));
#2326=DIRECTION('',(0.,0.,1.));
#2327=DIRECTION('center_axis',(1.,0.,0.));
#2328=DIRECTION('ref_axis',(0.,0.,-1.));
#2329=DIRECTION('center_axis',(1.,0.,0.));
#2330=DIRECTION('ref_axis',(0.,0.,-1.));
#2331=DIRECTION('',(0.,-1.,0.));
#2332=DIRECTION('',(0.,0.,1.));
#2333=DIRECTION('',(0.,-1.,0.));
#2334=DIRECTION('center_axis',(-1.,0.,0.));
#2335=DIRECTION('ref_axis',(0.,0.,-1.));
#2336=DIRECTION('center_axis',(-1.,0.,0.));
#2337=DIRECTION('ref_axis',(0.,0.,-1.));
#2338=DIRECTION('center_axis',(1.,0.,0.));
#2339=DIRECTION('ref_axis',(0.,0.,-1.));
#2340=DIRECTION('center_axis',(-1.,0.,0.));
#2341=DIRECTION('ref_axis',(0.,0.,-1.));
#2342=DIRECTION('',(0.,-1.,0.));
#2343=DIRECTION('',(0.,0.,-1.));
#2344=DIRECTION('',(0.,-1.,0.));
#2345=DIRECTION('center_axis',(1.,0.,0.));
#2346=DIRECTION('ref_axis',(0.,0.,-1.));
#2347=DIRECTION('center_axis',(1.,0.,0.));
#2348=DIRECTION('ref_axis',(0.,0.,-1.));
#2349=DIRECTION('',(0.,0.,-1.));
#2350=DIRECTION('',(0.,-1.,0.));
#2351=DIRECTION('',(0.,0.,-1.));
#2352=DIRECTION('center_axis',(0.,0.,1.));
#2353=DIRECTION('ref_axis',(1.,0.,0.));
#2354=DIRECTION('',(0.,1.,0.));
#2355=DIRECTION('',(-1.,0.,0.));
#2356=DIRECTION('',(1.,0.,0.));
#2357=DIRECTION('center_axis',(0.,1.,0.));
#2358=DIRECTION('ref_axis',(0.,0.,1.));
#2359=DIRECTION('',(0.,0.,1.));
#2360=DIRECTION('',(0.,0.,-1.));
#2361=DIRECTION('center_axis',(0.,-1.,0.));
#2362=DIRECTION('ref_axis',(0.,0.,-1.));
#2363=DIRECTION('',(0.,0.,-1.));
#2364=DIRECTION('',(0.,0.,-1.));
#2365=DIRECTION('center_axis',(-1.,0.,0.));
#2366=DIRECTION('ref_axis',(0.,0.,1.));
#2367=DIRECTION('center_axis',(-1.,0.,0.));
#2368=DIRECTION('ref_axis',(0.,0.,1.));
#2369=DIRECTION('center_axis',(-1.,0.,0.));
#2370=DIRECTION('ref_axis',(0.,0.,-1.));
#2371=DIRECTION('',(0.,1.,0.));
#2372=DIRECTION('',(0.,0.,1.));
#2373=DIRECTION('',(0.,1.,0.));
#2374=DIRECTION('center_axis',(1.,0.,0.));
#2375=DIRECTION('ref_axis',(0.,0.,-1.));
#2376=DIRECTION('center_axis',(-1.,0.,0.));
#2377=DIRECTION('ref_axis',(0.,0.,1.));
#2378=DIRECTION('center_axis',(1.,0.,0.));
#2379=DIRECTION('ref_axis',(0.,0.,-1.));
#2380=DIRECTION('',(0.,1.,0.));
#2381=DIRECTION('',(0.,0.,-1.));
#2382=DIRECTION('',(0.,1.,0.));
#2383=DIRECTION('center_axis',(-1.,0.,0.));
#2384=DIRECTION('ref_axis',(0.,0.,-1.));
#2385=DIRECTION('center_axis',(-1.,0.,0.));
#2386=DIRECTION('ref_axis',(0.,0.,1.));
#2387=DIRECTION('',(0.,-1.,0.));
#2388=DIRECTION('',(0.,0.,-1.));
#2389=DIRECTION('',(0.,-1.,0.));
#2390=DIRECTION('',(0.,0.,-1.));
#2391=DIRECTION('center_axis',(0.,0.,1.));
#2392=DIRECTION('ref_axis',(1.,0.,0.));
#2393=DIRECTION('',(-1.,0.,0.));
#2394=DIRECTION('',(0.,1.,0.));
#2395=DIRECTION('',(1.,0.,0.));
#2396=DIRECTION('center_axis',(0.,1.,0.));
#2397=DIRECTION('ref_axis',(0.,0.,1.));
#2398=DIRECTION('',(0.,0.,-1.));
#2399=DIRECTION('',(1.,0.,0.));
#2400=DIRECTION('center_axis',(1.,0.,0.));
#2401=DIRECTION('ref_axis',(0.,0.,-1.));
#2402=DIRECTION('',(0.,0.,-1.));
#2403=DIRECTION('',(0.,-1.,0.));
#2404=DIRECTION('center_axis',(0.,-1.,0.));
#2405=DIRECTION('ref_axis',(0.,0.,-1.));
#2406=DIRECTION('',(-1.,0.,0.));
#2407=DIRECTION('center_axis',(1.,0.,0.));
#2408=DIRECTION('ref_axis',(0.,0.,-1.));
#2409=DIRECTION('',(0.,1.,0.));
#2410=DIRECTION('',(0.,0.,-1.));
#2411=DIRECTION('',(0.,1.,0.));
#2412=DIRECTION('',(0.,0.,-1.));
#2413=DIRECTION('center_axis',(0.,0.,1.));
#2414=DIRECTION('ref_axis',(1.,0.,0.));
#2415=DIRECTION('',(0.,-1.,0.));
#2416=DIRECTION('',(-1.,0.,0.));
#2417=DIRECTION('',(1.,0.,0.));
#2418=DIRECTION('center_axis',(0.,1.,0.));
#2419=DIRECTION('ref_axis',(0.,0.,1.));
#2420=DIRECTION('',(0.,0.,-1.));
#2421=DIRECTION('',(1.,0.,0.));
#2422=DIRECTION('center_axis',(0.,-1.,0.));
#2423=DIRECTION('ref_axis',(0.,0.,-1.));
#2424=DIRECTION('',(0.,0.,-1.));
#2425=DIRECTION('',(-1.,0.,0.));
#2426=DIRECTION('center_axis',(-1.,0.,0.));
#2427=DIRECTION('ref_axis',(0.,0.,1.));
#2428=DIRECTION('',(0.,1.,0.));
#2429=DIRECTION('center_axis',(0.,1.,0.));
#2430=DIRECTION('ref_axis',(-1.,0.,-1.22464679914735E-16));
#2431=DIRECTION('center_axis',(0.,1.,0.));
#2432=DIRECTION('ref_axis',(1.,0.,0.));
#2433=DIRECTION('',(0.,-1.,0.));
#2434=DIRECTION('',(0.,1.,0.));
#2435=DIRECTION('center_axis',(0.,0.,1.));
#2436=DIRECTION('ref_axis',(1.,0.,0.));
#2437=DIRECTION('',(0.,-1.,0.));
#2438=DIRECTION('center_axis',(0.,1.,0.));
#2439=DIRECTION('ref_axis',(-1.,0.,-1.22464679914735E-16));
#2440=DIRECTION('',(0.,1.,0.));
#2441=DIRECTION('center_axis',(0.,0.,1.));
#2442=DIRECTION('ref_axis',(1.,0.,0.));
#2443=DIRECTION('center_axis',(0.,1.,0.));
#2444=DIRECTION('ref_axis',(1.,0.,0.));
#2445=DIRECTION('',(0.,1.,0.));
#2446=DIRECTION('',(0.,1.,0.));
#2447=DIRECTION('center_axis',(0.,0.,1.));
#2448=DIRECTION('ref_axis',(1.,0.,0.));
#2449=DIRECTION('',(0.,-1.,0.));
#2450=DIRECTION('center_axis',(0.,1.,0.));
#2451=DIRECTION('ref_axis',(1.,0.,0.));
#2452=DIRECTION('',(0.,-1.,0.));
#2453=DIRECTION('center_axis',(1.,0.,0.));
#2454=DIRECTION('ref_axis',(0.,0.,-1.));
#2455=DIRECTION('',(0.,1.,0.));
#2456=DIRECTION('center_axis',(-1.,0.,0.));
#2457=DIRECTION('ref_axis',(0.,0.,1.));
#2458=DIRECTION('',(0.,1.,0.));
#2459=DIRECTION('center_axis',(-1.,0.,0.));
#2460=DIRECTION('ref_axis',(0.,0.,-1.));
#2461=DIRECTION('',(0.,-1.,0.));
#2462=DIRECTION('center_axis',(1.,0.,0.));
#2463=DIRECTION('ref_axis',(0.,0.,-1.));
#2464=DIRECTION('',(0.,-1.,0.));
#2465=DIRECTION('center_axis',(1.,0.,0.));
#2466=DIRECTION('ref_axis',(0.,0.,-1.));
#2467=DIRECTION('center_axis',(-1.,0.,0.));
#2468=DIRECTION('ref_axis',(0.,0.,-1.));
#2469=DIRECTION('center_axis',(0.,1.,0.));
#2470=DIRECTION('ref_axis',(1.,0.,0.));
#2471=DIRECTION('',(0.,1.,0.));
#2472=DIRECTION('',(0.,1.,0.));
#2473=DIRECTION('center_axis',(0.,0.,1.));
#2474=DIRECTION('ref_axis',(1.,0.,0.));
#2475=DIRECTION('',(0.,-1.,0.));
#2476=DIRECTION('center_axis',(0.,1.,0.));
#2477=DIRECTION('ref_axis',(1.,0.,0.));
#2478=DIRECTION('center_axis',(1.,0.,0.));
#2479=DIRECTION('ref_axis',(0.,0.,-1.));
#2480=DIRECTION('',(0.,1.,0.));
#2481=DIRECTION('center_axis',(0.,0.,1.));
#2482=DIRECTION('ref_axis',(1.,0.,0.));
#2483=DIRECTION('',(0.,0.,1.));
#2484=DIRECTION('center_axis',(1.,0.,0.));
#2485=DIRECTION('ref_axis',(0.,0.,-1.));
#2486=DIRECTION('',(0.,1.,0.));
#2487=DIRECTION('center_axis',(-1.,0.,0.));
#2488=DIRECTION('ref_axis',(0.,0.,-1.));
#2489=DIRECTION('',(0.,1.,0.));
#2490=DIRECTION('center_axis',(-1.,0.,0.));
#2491=DIRECTION('ref_axis',(0.,0.,-1.));
#2492=DIRECTION('',(0.,1.,0.));
#2493=DIRECTION('center_axis',(1.,0.,0.));
#2494=DIRECTION('ref_axis',(0.,0.,-1.));
#2495=DIRECTION('',(0.,-1.,0.));
#2496=DIRECTION('center_axis',(1.,0.,0.));
#2497=DIRECTION('ref_axis',(0.,0.,-1.));
#2498=DIRECTION('center_axis',(0.,0.,1.));
#2499=DIRECTION('ref_axis',(1.,0.,0.));
#2500=DIRECTION('center_axis',(0.,0.,1.));
#2501=DIRECTION('ref_axis',(1.,0.,0.));
#2502=DIRECTION('center_axis',(1.,0.,0.));
#2503=DIRECTION('ref_axis',(0.,0.,-1.));
#2504=DIRECTION('',(-1.,0.,0.));
#2505=DIRECTION('center_axis',(1.,0.,0.));
#2506=DIRECTION('ref_axis',(0.,0.,-1.));
#2507=DIRECTION('',(-1.,0.,0.));
#2508=DIRECTION('center_axis',(0.,0.,1.));
#2509=DIRECTION('ref_axis',(1.,0.,0.));
#2510=DIRECTION('',(1.,0.,0.));
#2511=DIRECTION('center_axis',(0.,0.,1.));
#2512=DIRECTION('ref_axis',(1.,0.,0.));
#2513=DIRECTION('',(1.,0.,0.));
#2514=DIRECTION('center_axis',(1.,0.,0.));
#2515=DIRECTION('ref_axis',(0.,0.,-1.));
#2516=DIRECTION('center_axis',(1.,0.,0.));
#2517=DIRECTION('ref_axis',(0.,0.,-1.));
#2518=DIRECTION('center_axis',(1.,0.,0.));
#2519=DIRECTION('ref_axis',(0.,0.,-1.));
#2520=DIRECTION('',(1.,0.,0.));
#2521=DIRECTION('center_axis',(1.,0.,0.));
#2522=DIRECTION('ref_axis',(0.,0.,-1.));
#2523=DIRECTION('',(1.,0.,0.));
#2524=DIRECTION('center_axis',(0.,0.,1.));
#2525=DIRECTION('ref_axis',(1.,0.,0.));
#2526=DIRECTION('',(-1.,0.,0.));
#2527=DIRECTION('center_axis',(0.,0.,1.));
#2528=DIRECTION('ref_axis',(1.,0.,0.));
#2529=DIRECTION('',(-1.,0.,0.));
#2530=DIRECTION('center_axis',(1.,0.,0.));
#2531=DIRECTION('ref_axis',(0.,0.,-1.));
#2532=DIRECTION('center_axis',(1.,0.,0.));
#2533=DIRECTION('ref_axis',(0.,0.,-1.));
#2534=DIRECTION('center_axis',(1.,0.,0.));
#2535=DIRECTION('ref_axis',(0.,0.,-1.));
#2536=CARTESIAN_POINT('',(0.,0.,0.));
#2537=CARTESIAN_POINT('Origin',(-48.,-2.4,-0.8));
#2538=CARTESIAN_POINT('',(-48.,-2.54,-1.75));
#2539=CARTESIAN_POINT('',(-48.8616843969807,-2.54,-1.2));
#2540=CARTESIAN_POINT('Origin',(-48.,-2.54,-0.8));
#2541=CARTESIAN_POINT('',(-48.,-2.2352,-1.75));
#2542=CARTESIAN_POINT('',(-48.,-2.4,-1.75));
#2543=CARTESIAN_POINT('',(-48.8616843969807,-2.2352,-1.2));
#2544=CARTESIAN_POINT('Origin',(-48.,-2.2352,-0.8));
#2545=CARTESIAN_POINT('',(-48.8616843969807,-2.4,-1.2));
#2546=CARTESIAN_POINT('Origin',(-48.,-2.4,-0.8));
#2547=CARTESIAN_POINT('',(-48.,-2.2352,0.15));
#2548=CARTESIAN_POINT('',(-48.8616843969807,-2.2352,-0.4));
#2549=CARTESIAN_POINT('Origin',(-48.,-2.2352,-0.8));
#2550=CARTESIAN_POINT('',(-48.,-2.54,0.15));
#2551=CARTESIAN_POINT('',(-48.,-2.4,0.15));
#2552=CARTESIAN_POINT('',(-48.8616843969807,-2.54,-0.4));
#2553=CARTESIAN_POINT('Origin',(-48.,-2.54,-0.8));
#2554=CARTESIAN_POINT('',(-48.8616843969807,-2.4,-0.4));
#2555=CARTESIAN_POINT('Origin',(-28.5,-2.4,-0.8));
#2556=CARTESIAN_POINT('',(-28.5,-2.2352,-1.75));
#2557=CARTESIAN_POINT('',(-28.5,-2.2352,0.15));
#2558=CARTESIAN_POINT('Origin',(-28.5,-2.2352,-0.8));
#2559=CARTESIAN_POINT('',(-28.5,-2.54,-1.75));
#2560=CARTESIAN_POINT('',(-28.5,-2.4,-1.75));
#2561=CARTESIAN_POINT('',(-28.5,-2.54,0.15));
#2562=CARTESIAN_POINT('Origin',(-28.5,-2.54,-0.8));
#2563=CARTESIAN_POINT('',(-28.5,-2.4,0.15));
#2564=CARTESIAN_POINT('Origin',(-44.4,-2.4,-0.4));
#2565=CARTESIAN_POINT('',(-53.6,-2.54,-0.4));
#2566=CARTESIAN_POINT('',(-35.7,-2.54,-0.4));
#2567=CARTESIAN_POINT('',(-53.6,-2.2352,-0.4));
#2568=CARTESIAN_POINT('',(-53.6,-2.4,-0.4));
#2569=CARTESIAN_POINT('',(-35.7,-2.2352,-0.4));
#2570=CARTESIAN_POINT('Origin',(-44.4,-2.4,-1.2));
#2571=CARTESIAN_POINT('',(-53.6,-2.2352,-1.2));
#2572=CARTESIAN_POINT('',(-35.7,-2.2352,-1.2));
#2573=CARTESIAN_POINT('',(-53.6,-2.54,-1.2));
#2574=CARTESIAN_POINT('',(-53.6,-2.4,-1.2));
#2575=CARTESIAN_POINT('',(-35.7,-2.54,-1.2));
#2576=CARTESIAN_POINT('Origin',(-27.,-2.54,-0.8));
#2577=CARTESIAN_POINT('',(-0.105766469571696,-2.54,-4.0004));
#2578=CARTESIAN_POINT('',(-0.63,-2.54,-3.3));
#2579=CARTESIAN_POINT('Origin',(0.1,-2.54,-3.3));
#2580=CARTESIAN_POINT('',(0.305766469571696,-2.54,-4.0004));
#2581=CARTESIAN_POINT('Origin',(0.1,-2.54,-3.3));
#2582=CARTESIAN_POINT('',(2.,-2.54,-4.0004));
#2583=CARTESIAN_POINT('',(-27.,-2.54,-4.0004));
#2584=CARTESIAN_POINT('',(2.,-2.54,2.4004));
#2585=CARTESIAN_POINT('',(2.,-2.54,-0.8));
#2586=CARTESIAN_POINT('',(-0.199999999999999,-2.54,2.4004));
#2587=CARTESIAN_POINT('',(-27.,-2.54,2.4004));
#2588=CARTESIAN_POINT('',(-0.199999999999999,-2.54,2.2));
#2589=CARTESIAN_POINT('',(-0.199999999999999,-2.54,1.25));
#2590=CARTESIAN_POINT('',(-0.6,-2.54,1.8));
#2591=CARTESIAN_POINT('Origin',(-0.6,-2.54,2.2));
#2592=CARTESIAN_POINT('',(-13.7,-2.54,1.8));
#2593=CARTESIAN_POINT('',(-17.075,-2.54,1.8));
#2594=CARTESIAN_POINT('',(-14.1,-2.54,2.2));
#2595=CARTESIAN_POINT('Origin',(-13.7,-2.54,2.2));
#2596=CARTESIAN_POINT('',(-14.1,-2.54,2.4));
#2597=CARTESIAN_POINT('',(-14.1,-2.54,1.25));
#2598=CARTESIAN_POINT('',(-31.,-2.54,2.4));
#2599=CARTESIAN_POINT('',(-21.3,-2.54,2.4));
#2600=CARTESIAN_POINT('',(-31.,-2.54,2.4004));
#2601=CARTESIAN_POINT('',(-31.,-2.54,1.45));
#2602=CARTESIAN_POINT('',(-56.,-2.54,2.4004));
#2603=CARTESIAN_POINT('',(-27.,-2.54,2.4004));
#2604=CARTESIAN_POINT('',(-56.,-2.54,-4.0004));
#2605=CARTESIAN_POINT('',(-56.,-2.54,-0.8));
#2606=CARTESIAN_POINT('',(-38.4,-2.54,-4.0004));
#2607=CARTESIAN_POINT('',(-27.,-2.54,-4.0004));
#2608=CARTESIAN_POINT('',(-38.4,-2.54,-3.5));
#2609=CARTESIAN_POINT('',(-38.4,-2.54,-3.9));
#2610=CARTESIAN_POINT('',(-33.8,-2.54,-3.5));
#2611=CARTESIAN_POINT('',(-32.7,-2.54,-3.5));
#2612=CARTESIAN_POINT('',(-33.8,-2.54,-4.0004));
#2613=CARTESIAN_POINT('',(-33.8,-2.54,-2.15));
#2614=CARTESIAN_POINT('',(-27.,-2.54,-4.0004));
#2615=CARTESIAN_POINT('',(-32.625,-2.54,0.15));
#2616=CARTESIAN_POINT('',(-32.625,-2.54,-1.75));
#2617=CARTESIAN_POINT('Origin',(-53.6,-2.54,-0.8));
#2618=CARTESIAN_POINT('Origin',(-38.25,-2.4,0.15));
#2619=CARTESIAN_POINT('',(-32.625,-2.2352,0.15));
#2620=CARTESIAN_POINT('Origin',(-38.25,-2.4,-1.75));
#2621=CARTESIAN_POINT('',(-32.625,-2.2352,-1.75));
#2622=CARTESIAN_POINT('Origin',(0.1,0.,-3.3));
#2623=CARTESIAN_POINT('',(0.305766469571696,2.2352,-4.0004));
#2624=CARTESIAN_POINT('',(-0.105766469571696,2.2352,-4.0004));
#2625=CARTESIAN_POINT('Ctrl Pts',(0.305766469571696,2.2352,-4.0004));
#2626=CARTESIAN_POINT('Ctrl Pts',(0.237560201074974,2.2352,-4.02043792557286));
#2627=CARTESIAN_POINT('Ctrl Pts',(0.166100771026195,2.23375932489376,-4.03));
#2628=CARTESIAN_POINT('Ctrl Pts',(0.0338992289738112,2.23375932489376,-4.03));
#2629=CARTESIAN_POINT('Ctrl Pts',(-0.0375602010749705,2.2352,-4.02043792557286));
#2630=CARTESIAN_POINT('Ctrl Pts',(-0.105766469571696,2.2352,-4.0004));
#2631=CARTESIAN_POINT('',(-0.63,2.2352,-3.3));
#2632=CARTESIAN_POINT('Origin',(0.1,2.2352,-3.3));
#2633=CARTESIAN_POINT('',(-0.63,2.54,-3.3));
#2634=CARTESIAN_POINT('',(-0.63,0.,-3.3));
#2635=CARTESIAN_POINT('',(0.305766469571696,2.54,-4.0004));
#2636=CARTESIAN_POINT('Origin',(0.1,2.54,-3.3));
#2637=CARTESIAN_POINT('',(-0.105766469571696,2.54,-4.0004));
#2638=CARTESIAN_POINT('Ctrl Pts',(-0.105766469571696,2.54,-4.0004));
#2639=CARTESIAN_POINT('Ctrl Pts',(-0.0376485971388848,2.54,-4.02041195620393));
#2640=CARTESIAN_POINT('Ctrl Pts',(0.0329607398453808,2.53928094074293,-4.03));
#2641=CARTESIAN_POINT('Ctrl Pts',(0.167039260154626,2.53928094074293,-4.03));
#2642=CARTESIAN_POINT('Ctrl Pts',(0.237648597138888,2.54,-4.02041195620393));
#2643=CARTESIAN_POINT('Ctrl Pts',(0.305766469571696,2.54,-4.0004));
#2644=CARTESIAN_POINT('Origin',(0.1,2.54,-3.3));
#2645=CARTESIAN_POINT('Origin',(0.1,2.2352,-3.3));
#2646=CARTESIAN_POINT('Origin',(0.1,0.,-3.3));
#2647=CARTESIAN_POINT('Ctrl Pts',(0.305766469571696,-2.54,-4.0004));
#2648=CARTESIAN_POINT('Ctrl Pts',(0.237648597138888,-2.54,-4.02041195620393));
#2649=CARTESIAN_POINT('Ctrl Pts',(0.167039260154626,-2.53928094074293,-4.03));
#2650=CARTESIAN_POINT('Ctrl Pts',(0.0329607398453807,-2.53928094074293,
-4.03));
#2651=CARTESIAN_POINT('Ctrl Pts',(-0.0376485971388847,-2.54,-4.02041195620393));
#2652=CARTESIAN_POINT('Ctrl Pts',(-0.105766469571696,-2.54,-4.0004));
#2653=CARTESIAN_POINT('',(-0.63,-2.2352,-3.3));
#2654=CARTESIAN_POINT('',(-0.63,0.,-3.3));
#2655=CARTESIAN_POINT('',(0.305766469571696,-2.2352,-4.0004));
#2656=CARTESIAN_POINT('Origin',(0.1,-2.2352,-3.3));
#2657=CARTESIAN_POINT('',(-0.105766469571696,-2.2352,-4.0004));
#2658=CARTESIAN_POINT('Ctrl Pts',(-0.105766469571696,-2.2352,-4.0004));
#2659=CARTESIAN_POINT('Ctrl Pts',(-0.0375602010749707,-2.2352,-4.02043792557286));
#2660=CARTESIAN_POINT('Ctrl Pts',(0.0338992289738114,-2.23375932489376,
-4.03));
#2661=CARTESIAN_POINT('Ctrl Pts',(0.166100771026196,-2.23375932489376,-4.03));
#2662=CARTESIAN_POINT('Ctrl Pts',(0.237560201074974,-2.2352,-4.02043792557286));
#2663=CARTESIAN_POINT('Ctrl Pts',(0.305766469571696,-2.2352,-4.0004));
#2664=CARTESIAN_POINT('Origin',(0.1,-2.2352,-3.3));
#2665=CARTESIAN_POINT('Origin',(-27.,-1.9304,-4.0004));
#2666=CARTESIAN_POINT('',(2.,-2.2352,-4.0004));
#2667=CARTESIAN_POINT('',(-27.,-2.2352,-4.0004));
#2668=CARTESIAN_POINT('',(2.,-1.9304,-4.3052));
#2669=CARTESIAN_POINT('Origin',(2.,-1.9304,-4.0004));
#2670=CARTESIAN_POINT('',(-33.8,-1.9304,-4.3052));
#2671=CARTESIAN_POINT('',(-27.,-1.9304,-4.3052));
#2672=CARTESIAN_POINT('',(-33.8,-2.2352,-4.0004));
#2673=CARTESIAN_POINT('Origin',(-33.8,-1.9304,-4.0004));
#2674=CARTESIAN_POINT('',(-27.,-2.2352,-4.0004));
#2675=CARTESIAN_POINT('Origin',(-27.,2.54,-0.8));
#2676=CARTESIAN_POINT('',(-33.8,2.54,-4.0004));
#2677=CARTESIAN_POINT('',(-27.,2.54,-4.0004));
#2678=CARTESIAN_POINT('',(-33.8,2.54,-3.5));
#2679=CARTESIAN_POINT('',(-33.8,2.54,-2.15));
#2680=CARTESIAN_POINT('',(-38.4,2.54,-3.5));
#2681=CARTESIAN_POINT('',(-32.7,2.54,-3.5));
#2682=CARTESIAN_POINT('',(-38.4,2.54,-4.0004));
#2683=CARTESIAN_POINT('',(-38.4,2.54,-3.9));
#2684=CARTESIAN_POINT('',(-56.,2.54,-4.0004));
#2685=CARTESIAN_POINT('',(-27.,2.54,-4.0004));
#2686=CARTESIAN_POINT('',(-56.,2.54,2.4004));
#2687=CARTESIAN_POINT('',(-56.,2.54,-0.8));
#2688=CARTESIAN_POINT('',(-31.,2.54,2.4004));
#2689=CARTESIAN_POINT('',(-27.,2.54,2.4004));
#2690=CARTESIAN_POINT('',(-31.,2.54,2.4));
#2691=CARTESIAN_POINT('',(-31.,2.54,1.45));
#2692=CARTESIAN_POINT('',(-14.1,2.54,2.4));
#2693=CARTESIAN_POINT('',(-21.3,2.54,2.4));
#2694=CARTESIAN_POINT('',(-14.1,2.54,2.2));
#2695=CARTESIAN_POINT('',(-14.1,2.54,1.25));
#2696=CARTESIAN_POINT('',(-13.7,2.54,1.8));
#2697=CARTESIAN_POINT('Origin',(-13.7,2.54,2.2));
#2698=CARTESIAN_POINT('',(-0.6,2.54,1.8));
#2699=CARTESIAN_POINT('',(-17.075,2.54,1.8));
#2700=CARTESIAN_POINT('',(-0.199999999999999,2.54,2.2));
#2701=CARTESIAN_POINT('Origin',(-0.6,2.54,2.2));
#2702=CARTESIAN_POINT('',(-0.199999999999999,2.54,2.4004));
#2703=CARTESIAN_POINT('',(-0.199999999999999,2.54,1.25));
#2704=CARTESIAN_POINT('',(2.,2.54,2.4004));
#2705=CARTESIAN_POINT('',(-27.,2.54,2.4004));
#2706=CARTESIAN_POINT('',(2.,2.54,-4.0004));
#2707=CARTESIAN_POINT('',(2.,2.54,-0.8));
#2708=CARTESIAN_POINT('',(-27.,2.54,-4.0004));
#2709=CARTESIAN_POINT('',(-53.6,2.54,-0.4));
#2710=CARTESIAN_POINT('',(-53.6,2.54,-1.2));
#2711=CARTESIAN_POINT('Origin',(-53.6,2.54,-0.8));
#2712=CARTESIAN_POINT('',(-35.2,2.54,-1.2));
#2713=CARTESIAN_POINT('',(-35.7,2.54,-1.2));
#2714=CARTESIAN_POINT('',(-35.2,2.54,-0.4));
#2715=CARTESIAN_POINT('Origin',(-35.2,2.54,-0.8));
#2716=CARTESIAN_POINT('',(-35.7,2.54,-0.4));
#2717=CARTESIAN_POINT('Origin',(-27.,2.2352,-0.8));
#2718=CARTESIAN_POINT('',(2.,2.2352,-4.0004));
#2719=CARTESIAN_POINT('',(-27.,2.2352,-4.0004));
#2720=CARTESIAN_POINT('',(2.,2.2352,2.4004));
#2721=CARTESIAN_POINT('',(2.,2.2352,-0.8));
#2722=CARTESIAN_POINT('',(-0.199999999999999,2.2352,2.4004));
#2723=CARTESIAN_POINT('',(-27.,2.2352,2.4004));
#2724=CARTESIAN_POINT('',(-0.199999999999999,2.2352,2.2));
#2725=CARTESIAN_POINT('',(-0.199999999999999,2.2352,1.25));
#2726=CARTESIAN_POINT('',(-0.6,2.2352,1.8));
#2727=CARTESIAN_POINT('Origin',(-0.6,2.2352,2.2));
#2728=CARTESIAN_POINT('',(-13.7,2.2352,1.8));
#2729=CARTESIAN_POINT('',(-17.075,2.2352,1.8));
#2730=CARTESIAN_POINT('',(-14.1,2.2352,2.2));
#2731=CARTESIAN_POINT('Origin',(-13.7,2.2352,2.2));
#2732=CARTESIAN_POINT('',(-14.1,2.2352,2.4));
#2733=CARTESIAN_POINT('',(-14.1,2.2352,1.25));
#2734=CARTESIAN_POINT('',(-31.,2.2352,2.4));
#2735=CARTESIAN_POINT('',(-21.3,2.2352,2.4));
#2736=CARTESIAN_POINT('',(-31.,2.2352,2.4004));
#2737=CARTESIAN_POINT('',(-31.,2.2352,1.45));
#2738=CARTESIAN_POINT('',(-56.,2.2352,2.4004));
#2739=CARTESIAN_POINT('',(-27.,2.2352,2.4004));
#2740=CARTESIAN_POINT('',(-56.,2.2352,-4.0004));
#2741=CARTESIAN_POINT('',(-56.,2.2352,-0.8));
#2742=CARTESIAN_POINT('',(-38.4,2.2352,-4.0004));
#2743=CARTESIAN_POINT('',(-27.,2.2352,-4.0004));
#2744=CARTESIAN_POINT('',(-38.4,2.2352,-3.5));
#2745=CARTESIAN_POINT('',(-38.4,2.2352,-3.9));
#2746=CARTESIAN_POINT('',(-33.8,2.2352,-3.5));
#2747=CARTESIAN_POINT('',(-32.7,2.2352,-3.5));
#2748=CARTESIAN_POINT('',(-33.8,2.2352,-4.0004));
#2749=CARTESIAN_POINT('',(-33.8,2.2352,-2.15));
#2750=CARTESIAN_POINT('',(-27.,2.2352,-4.0004));
#2751=CARTESIAN_POINT('',(-53.6,2.2352,-1.2));
#2752=CARTESIAN_POINT('',(-53.6,2.2352,-0.4));
#2753=CARTESIAN_POINT('Origin',(-53.6,2.2352,-0.8));
#2754=CARTESIAN_POINT('',(-35.2,2.2352,-0.4));
#2755=CARTESIAN_POINT('',(-35.7,2.2352,-0.4));
#2756=CARTESIAN_POINT('',(-35.2,2.2352,-1.2));
#2757=CARTESIAN_POINT('Origin',(-35.2,2.2352,-0.8));
#2758=CARTESIAN_POINT('',(-35.7,2.2352,-1.2));
#2759=CARTESIAN_POINT('Origin',(-33.8,-2.835,-3.5));
#2760=CARTESIAN_POINT('',(-33.8,-2.2352,-3.5));
#2761=CARTESIAN_POINT('',(-33.8,-2.835,-3.5));
#2762=CARTESIAN_POINT('',(-33.8,-2.2352,-2.15));
#2763=CARTESIAN_POINT('',(-33.8,-1.565,-4.3052));
#2764=CARTESIAN_POINT('',(-33.8,-1.4175,-4.3052));
#2765=CARTESIAN_POINT('',(-33.8,-1.565,-4.61));
#2766=CARTESIAN_POINT('',(-33.8,-1.565,-3.5));
#2767=CARTESIAN_POINT('',(-33.8,-1.9304,-4.61));
#2768=CARTESIAN_POINT('',(-33.8,-1.4175,-4.61));
#2769=CARTESIAN_POINT('Origin',(-33.8,-1.9304,-4.0004));
#2770=CARTESIAN_POINT('Origin',(-36.1,-1.565,-6.35));
#2771=CARTESIAN_POINT('',(-38.4,-1.565,-4.61));
#2772=CARTESIAN_POINT('',(-31.55,-1.565,-4.61));
#2773=CARTESIAN_POINT('',(-38.4,-1.565,-4.3052));
#2774=CARTESIAN_POINT('',(-31.55,-1.565,-4.3052));
#2775=CARTESIAN_POINT('',(-38.4,-1.565,-7.));
#2776=CARTESIAN_POINT('Origin',(-38.4,-2.835,-3.5));
#2777=CARTESIAN_POINT('',(-38.4,-2.2352,-3.5));
#2778=CARTESIAN_POINT('',(-38.4,-2.835,-3.5));
#2779=CARTESIAN_POINT('',(-32.7,-2.2352,-3.5));
#2780=CARTESIAN_POINT('Origin',(-38.4,-2.835,-7.));
#2781=CARTESIAN_POINT('',(-38.4,-1.9304,-4.61));
#2782=CARTESIAN_POINT('Origin',(-38.4,-1.9304,-4.0004));
#2783=CARTESIAN_POINT('',(-38.4,-1.4175,-4.61));
#2784=CARTESIAN_POINT('',(-38.4,-1.9304,-4.3052));
#2785=CARTESIAN_POINT('',(-38.4,-1.4175,-4.3052));
#2786=CARTESIAN_POINT('',(-38.4,-2.2352,-4.0004));
#2787=CARTESIAN_POINT('Origin',(-38.4,-1.9304,-4.0004));
#2788=CARTESIAN_POINT('',(-38.4,-2.2352,-3.9));
#2789=CARTESIAN_POINT('Origin',(-27.,0.,-4.61));
#2790=CARTESIAN_POINT('',(-56.,-1.9304,-4.61));
#2791=CARTESIAN_POINT('',(-27.,-1.9304,-4.61));
#2792=CARTESIAN_POINT('',(-56.,-1.25,-4.61));
#2793=CARTESIAN_POINT('',(-56.,0.,-4.61));
#2794=CARTESIAN_POINT('',(-56.3175,-1.25,-4.61));
#2795=CARTESIAN_POINT('',(-56.15875,-1.25,-4.61));
#2796=CARTESIAN_POINT('',(-56.3175,1.25,-4.61));
#2797=CARTESIAN_POINT('',(-56.3175,0.,-4.61));
#2798=CARTESIAN_POINT('',(-56.,1.25,-4.61));
#2799=CARTESIAN_POINT('',(-56.15875,1.25,-4.61));
#2800=CARTESIAN_POINT('',(-56.,1.9304,-4.61));
#2801=CARTESIAN_POINT('',(-56.,0.,-4.61));
#2802=CARTESIAN_POINT('',(-38.4,1.9304,-4.61));
#2803=CARTESIAN_POINT('',(-27.,1.9304,-4.61));
#2804=CARTESIAN_POINT('',(-38.4,1.565,-4.61));
#2805=CARTESIAN_POINT('',(-38.4,0.7825,-4.61));
#2806=CARTESIAN_POINT('',(-33.8,1.565,-4.61));
#2807=CARTESIAN_POINT('',(-31.55,1.565,-4.61));
#2808=CARTESIAN_POINT('',(-33.8,1.9304,-4.61));
#2809=CARTESIAN_POINT('',(-33.8,0.7825,-4.61));
#2810=CARTESIAN_POINT('',(2.,1.9304,-4.61));
#2811=CARTESIAN_POINT('',(-27.,1.9304,-4.61));
#2812=CARTESIAN_POINT('',(2.,1.25,-4.61));
#2813=CARTESIAN_POINT('',(2.,0.,-4.61));
#2814=CARTESIAN_POINT('',(2.635,1.25,-4.61));
#2815=CARTESIAN_POINT('',(2.3175,1.25,-4.61));
#2816=CARTESIAN_POINT('',(2.635,-1.25,-4.61));
#2817=CARTESIAN_POINT('',(2.635,0.,-4.61));
#2818=CARTESIAN_POINT('',(2.,-1.25,-4.61));
#2819=CARTESIAN_POINT('',(2.3175,-1.25,-4.61));
#2820=CARTESIAN_POINT('',(2.,-1.9304,-4.61));
#2821=CARTESIAN_POINT('',(2.,0.,-4.61));
#2822=CARTESIAN_POINT('',(-27.,-1.9304,-4.61));
#2823=CARTESIAN_POINT('',(-41.635,-7.77650717458569E-17,-4.61));
#2824=CARTESIAN_POINT('Origin',(-41.,0.,-4.61));
#2825=CARTESIAN_POINT('Origin',(-27.,-1.9304,-4.0004));
#2826=CARTESIAN_POINT('Origin',(-56.,-1.9304,-4.0004));
#2827=CARTESIAN_POINT('Origin',(-27.,-1.9304,-4.0004));
#2828=CARTESIAN_POINT('Origin',(2.,-1.9304,-4.0004));
#2829=CARTESIAN_POINT('Origin',(-27.,-2.2352,-0.8));
#2830=CARTESIAN_POINT('',(-56.,-2.2352,-4.0004));
#2831=CARTESIAN_POINT('',(-27.,-2.2352,-4.0004));
#2832=CARTESIAN_POINT('',(-56.,-2.2352,2.4004));
#2833=CARTESIAN_POINT('',(-56.,-2.2352,-0.8));
#2834=CARTESIAN_POINT('',(-31.,-2.2352,2.4004));
#2835=CARTESIAN_POINT('',(-27.,-2.2352,2.4004));
#2836=CARTESIAN_POINT('',(-31.,-2.2352,2.4));
#2837=CARTESIAN_POINT('',(-31.,-2.2352,1.45));
#2838=CARTESIAN_POINT('',(-14.1,-2.2352,2.4));
#2839=CARTESIAN_POINT('',(-21.3,-2.2352,2.4));
#2840=CARTESIAN_POINT('',(-14.1,-2.2352,2.2));
#2841=CARTESIAN_POINT('',(-14.1,-2.2352,1.25));
#2842=CARTESIAN_POINT('',(-13.7,-2.2352,1.8));
#2843=CARTESIAN_POINT('Origin',(-13.7,-2.2352,2.2));
#2844=CARTESIAN_POINT('',(-0.6,-2.2352,1.8));
#2845=CARTESIAN_POINT('',(-17.075,-2.2352,1.8));
#2846=CARTESIAN_POINT('',(-0.199999999999999,-2.2352,2.2));
#2847=CARTESIAN_POINT('Origin',(-0.6,-2.2352,2.2));
#2848=CARTESIAN_POINT('',(-0.199999999999999,-2.2352,2.4004));
#2849=CARTESIAN_POINT('',(-0.199999999999999,-2.2352,1.25));
#2850=CARTESIAN_POINT('',(2.,-2.2352,2.4004));
#2851=CARTESIAN_POINT('',(-27.,-2.2352,2.4004));
#2852=CARTESIAN_POINT('',(2.,-2.2352,-0.8));
#2853=CARTESIAN_POINT('Origin',(-53.6,-2.2352,-0.8));
#2854=CARTESIAN_POINT('Origin',(-27.,-1.9304,-4.0004));
#2855=CARTESIAN_POINT('',(-56.,-1.9304,-4.3052));
#2856=CARTESIAN_POINT('',(-27.,-1.9304,-4.3052));
#2857=CARTESIAN_POINT('Origin',(-56.,-1.9304,-4.0004));
#2858=CARTESIAN_POINT('Origin',(-33.8,1.565,-3.5));
#2859=CARTESIAN_POINT('',(-33.8,1.565,-4.3052));
#2860=CARTESIAN_POINT('',(-33.8,1.565,-3.5));
#2861=CARTESIAN_POINT('',(-33.8,1.9304,-4.3052));
#2862=CARTESIAN_POINT('',(-33.8,0.7825,-4.3052));
#2863=CARTESIAN_POINT('Origin',(-33.8,1.9304,-4.0004));
#2864=CARTESIAN_POINT('',(-33.8,1.565,-3.5));
#2865=CARTESIAN_POINT('Origin',(-33.8,1.9304,-4.0004));
#2866=CARTESIAN_POINT('Origin',(-36.1,1.565,-6.35));
#2867=CARTESIAN_POINT('',(-38.4,1.565,-4.3052));
#2868=CARTESIAN_POINT('',(-38.4,1.565,-7.));
#2869=CARTESIAN_POINT('',(-31.55,1.565,-4.3052));
#2870=CARTESIAN_POINT('Origin',(-38.4,1.565,-3.5));
#2871=CARTESIAN_POINT('',(-38.4,1.565,-3.5));
#2872=CARTESIAN_POINT('Origin',(-38.4,1.565,-7.));
#2873=CARTESIAN_POINT('Origin',(-38.4,1.9304,-4.0004));
#2874=CARTESIAN_POINT('',(-38.4,1.9304,-4.3052));
#2875=CARTESIAN_POINT('Origin',(-38.4,1.9304,-4.0004));
#2876=CARTESIAN_POINT('',(-38.4,0.7825,-4.3052));
#2877=CARTESIAN_POINT('Origin',(-27.,1.9304,-4.0004));
#2878=CARTESIAN_POINT('Origin',(2.,1.9304,-4.0004));
#2879=CARTESIAN_POINT('Origin',(-27.,0.,-4.3052));
#2880=CARTESIAN_POINT('',(2.,-1.25,-4.3052));
#2881=CARTESIAN_POINT('',(2.,0.,-4.3052));
#2882=CARTESIAN_POINT('',(2.,1.25,-4.3052));
#2883=CARTESIAN_POINT('',(2.,0.,-4.3052));
#2884=CARTESIAN_POINT('',(2.,1.9304,-4.3052));
#2885=CARTESIAN_POINT('',(2.,0.,-4.3052));
#2886=CARTESIAN_POINT('',(-27.,1.9304,-4.3052));
#2887=CARTESIAN_POINT('',(-56.,1.9304,-4.3052));
#2888=CARTESIAN_POINT('',(-27.,1.9304,-4.3052));
#2889=CARTESIAN_POINT('',(-56.,1.25,-4.3052));
#2890=CARTESIAN_POINT('',(-56.,0.,-4.3052));
#2891=CARTESIAN_POINT('',(-56.,-1.25,-4.3052));
#2892=CARTESIAN_POINT('',(-56.,0.,-4.3052));
#2893=CARTESIAN_POINT('',(-56.,0.,-4.3052));
#2894=CARTESIAN_POINT('',(-41.635,7.77650717458569E-17,-4.3052));
#2895=CARTESIAN_POINT('Origin',(-41.,0.,-4.3052));
#2896=CARTESIAN_POINT('Origin',(-27.,1.9304,-4.0004));
#2897=CARTESIAN_POINT('Origin',(-56.,1.9304,-4.0004));
#2898=CARTESIAN_POINT('Origin',(-27.,1.9304,-4.0004));
#2899=CARTESIAN_POINT('Origin',(2.,1.9304,-4.0004));
#2900=CARTESIAN_POINT('Origin',(-56.,0.,-4.4575));
#2901=CARTESIAN_POINT('',(-56.,1.25,-4.305));
#2902=CARTESIAN_POINT('',(-56.,1.25,-4.4575));
#2903=CARTESIAN_POINT('',(-56.,-1.25,-4.305));
#2904=CARTESIAN_POINT('',(-56.,0.,-4.305));
#2905=CARTESIAN_POINT('',(-56.,-1.25,-4.4575));
#2906=CARTESIAN_POINT('Origin',(-56.15875,0.,-4.305));
#2907=CARTESIAN_POINT('',(-56.3175,1.25,-4.305));
#2908=CARTESIAN_POINT('',(-56.15875,1.25,-4.305));
#2909=CARTESIAN_POINT('',(-56.3175,-1.25,-4.305));
#2910=CARTESIAN_POINT('',(-56.3175,0.,-4.305));
#2911=CARTESIAN_POINT('',(-56.15875,-1.25,-4.305));
#2912=CARTESIAN_POINT('Origin',(-56.15875,-1.25,-4.4575));
#2913=CARTESIAN_POINT('',(-56.3175,-1.25,-4.4575));
#2914=CARTESIAN_POINT('',(-56.,-1.25,-2.62875));
#2915=CARTESIAN_POINT('Origin',(-56.3175,0.,-4.4575));
#2916=CARTESIAN_POINT('',(-56.3175,1.25,-4.4575));
#2917=CARTESIAN_POINT('Origin',(-56.15875,1.25,-4.4575));
#2918=CARTESIAN_POINT('',(-56.,1.25,-2.62875));
#2919=CARTESIAN_POINT('Origin',(-56.,0.,-0.8));
#2920=CARTESIAN_POINT('',(-56.,1.9304,2.7052));
#2921=CARTESIAN_POINT('Origin',(-56.,1.9304,2.4004));
#2922=CARTESIAN_POINT('',(-56.,1.25,2.7052));
#2923=CARTESIAN_POINT('',(-56.,0.,2.7052));
#2924=CARTESIAN_POINT('',(-56.,1.25,3.01));
#2925=CARTESIAN_POINT('',(-56.,1.25,1.02875));
#2926=CARTESIAN_POINT('',(-56.,1.9304,3.01));
#2927=CARTESIAN_POINT('',(-56.,0.,3.01));
#2928=CARTESIAN_POINT('Origin',(-56.,1.9304,2.4004));
#2929=CARTESIAN_POINT('Origin',(-56.,1.9304,-4.0004));
#2930=CARTESIAN_POINT('Origin',(-56.,0.,-0.8));
#2931=CARTESIAN_POINT('',(-56.,-1.9304,3.01));
#2932=CARTESIAN_POINT('Origin',(-56.,-1.9304,2.4004));
#2933=CARTESIAN_POINT('',(-56.,-1.25,3.01));
#2934=CARTESIAN_POINT('',(-56.,0.,3.01));
#2935=CARTESIAN_POINT('',(-56.,-1.25,2.7052));
#2936=CARTESIAN_POINT('',(-56.,-1.25,1.02875));
#2937=CARTESIAN_POINT('',(-56.,-1.9304,2.7052));
#2938=CARTESIAN_POINT('',(-56.,0.,2.7052));
#2939=CARTESIAN_POINT('Origin',(-56.,-1.9304,2.4004));
#2940=CARTESIAN_POINT('Origin',(2.,0.,-4.4575));
#2941=CARTESIAN_POINT('',(2.,-1.25,-4.305));
#2942=CARTESIAN_POINT('',(2.,-1.25,-4.4575));
#2943=CARTESIAN_POINT('',(2.,1.25,-4.305));
#2944=CARTESIAN_POINT('',(2.,0.,-4.305));
#2945=CARTESIAN_POINT('',(2.,1.25,-4.4575));
#2946=CARTESIAN_POINT('Origin',(2.3175,0.,-4.305));
#2947=CARTESIAN_POINT('',(2.635,-1.25,-4.305));
#2948=CARTESIAN_POINT('',(2.635,1.25,-4.305));
#2949=CARTESIAN_POINT('',(2.635,0.,-4.305));
#2950=CARTESIAN_POINT('',(2.3175,1.25,-4.305));
#2951=CARTESIAN_POINT('',(2.3175,-1.25,-4.305));
#2952=CARTESIAN_POINT('Origin',(2.3175,-1.25,-4.4575));
#2953=CARTESIAN_POINT('',(2.,-1.25,-2.62875));
#2954=CARTESIAN_POINT('',(2.635,-1.25,-4.4575));
#2955=CARTESIAN_POINT('Origin',(2.3175,1.25,-4.4575));
#2956=CARTESIAN_POINT('',(2.635,1.25,-4.4575));
#2957=CARTESIAN_POINT('',(2.,1.25,-2.62875));
#2958=CARTESIAN_POINT('Origin',(2.635,0.,-4.4575));
#2959=CARTESIAN_POINT('Origin',(2.,0.,-0.8));
#2960=CARTESIAN_POINT('',(2.,-1.9304,2.7052));
#2961=CARTESIAN_POINT('Origin',(2.,-1.9304,2.4004));
#2962=CARTESIAN_POINT('',(2.,-1.25,2.7052));
#2963=CARTESIAN_POINT('',(2.,0.,2.7052));
#2964=CARTESIAN_POINT('',(2.,-1.25,3.01));
#2965=CARTESIAN_POINT('',(2.,-1.25,1.02875));
#2966=CARTESIAN_POINT('',(2.,-1.9304,3.01));
#2967=CARTESIAN_POINT('',(2.,0.,3.01));
#2968=CARTESIAN_POINT('Origin',(2.,-1.9304,2.4004));
#2969=CARTESIAN_POINT('Origin',(2.,0.,-0.8));
#2970=CARTESIAN_POINT('',(2.,1.9304,3.01));
#2971=CARTESIAN_POINT('Origin',(2.,1.9304,2.4004));
#2972=CARTESIAN_POINT('',(2.,1.25,3.01));
#2973=CARTESIAN_POINT('',(2.,0.,3.01));
#2974=CARTESIAN_POINT('',(2.,1.25,2.7052));
#2975=CARTESIAN_POINT('',(2.,1.25,1.02875));
#2976=CARTESIAN_POINT('',(2.,1.9304,2.7052));
#2977=CARTESIAN_POINT('',(2.,0.,2.7052));
#2978=CARTESIAN_POINT('Origin',(2.,1.9304,2.4004));
#2979=CARTESIAN_POINT('Origin',(-56.,0.,2.8575));
#2980=CARTESIAN_POINT('',(-56.,0.,2.7052));
#2981=CARTESIAN_POINT('',(-56.,-1.25,2.705));
#2982=CARTESIAN_POINT('',(-56.,-1.25,2.8575));
#2983=CARTESIAN_POINT('',(-56.,1.25,2.705));
#2984=CARTESIAN_POINT('',(-56.,0.,2.705));
#2985=CARTESIAN_POINT('',(-56.,1.25,2.8575));
#2986=CARTESIAN_POINT('Origin',(-56.15875,0.,2.705));
#2987=CARTESIAN_POINT('',(-56.3175,-1.25,2.705));
#2988=CARTESIAN_POINT('',(-56.15875,-1.25,2.705));
#2989=CARTESIAN_POINT('',(-56.3175,1.25,2.705));
#2990=CARTESIAN_POINT('',(-56.3175,0.,2.705));
#2991=CARTESIAN_POINT('',(-56.15875,1.25,2.705));
#2992=CARTESIAN_POINT('Origin',(-56.15875,-1.25,2.8575));
#2993=CARTESIAN_POINT('',(-56.3175,-1.25,3.01));
#2994=CARTESIAN_POINT('',(-56.3175,-1.25,2.8575));
#2995=CARTESIAN_POINT('',(-56.15875,-1.25,3.01));
#2996=CARTESIAN_POINT('Origin',(-56.3175,0.,2.8575));
#2997=CARTESIAN_POINT('',(-56.3175,1.25,3.01));
#2998=CARTESIAN_POINT('',(-56.3175,1.25,2.8575));
#2999=CARTESIAN_POINT('',(-56.3175,0.,3.01));
#3000=CARTESIAN_POINT('Origin',(-56.15875,1.25,2.8575));
#3001=CARTESIAN_POINT('',(-56.15875,1.25,3.01));
#3002=CARTESIAN_POINT('Origin',(2.,0.,2.8575));
#3003=CARTESIAN_POINT('',(2.,0.,2.7052));
#3004=CARTESIAN_POINT('',(2.,1.25,2.705));
#3005=CARTESIAN_POINT('',(2.,1.25,2.8575));
#3006=CARTESIAN_POINT('',(2.,-1.25,2.705));
#3007=CARTESIAN_POINT('',(2.,0.,2.705));
#3008=CARTESIAN_POINT('',(2.,-1.25,2.8575));
#3009=CARTESIAN_POINT('Origin',(2.3175,0.,2.705));
#3010=CARTESIAN_POINT('',(2.635,1.25,2.705));
#3011=CARTESIAN_POINT('',(2.635,-1.25,2.705));
#3012=CARTESIAN_POINT('',(2.635,0.,2.705));
#3013=CARTESIAN_POINT('',(2.3175,-1.25,2.705));
#3014=CARTESIAN_POINT('',(2.3175,1.25,2.705));
#3015=CARTESIAN_POINT('Origin',(2.3175,-1.25,2.8575));
#3016=CARTESIAN_POINT('',(2.635,-1.25,3.01));
#3017=CARTESIAN_POINT('',(2.635,-1.25,2.8575));
#3018=CARTESIAN_POINT('',(2.3175,-1.25,3.01));
#3019=CARTESIAN_POINT('Origin',(2.3175,1.25,2.8575));
#3020=CARTESIAN_POINT('',(2.635,1.25,3.01));
#3021=CARTESIAN_POINT('',(2.635,1.25,2.8575));
#3022=CARTESIAN_POINT('',(2.3175,1.25,3.01));
#3023=CARTESIAN_POINT('Origin',(2.635,0.,2.8575));
#3024=CARTESIAN_POINT('',(2.635,0.,3.01));
#3025=CARTESIAN_POINT('Origin',(-53.6,-2.4,-0.8));
#3026=CARTESIAN_POINT('Origin',(-35.2,2.4,-0.8));
#3027=CARTESIAN_POINT('',(-35.2,2.4,-1.2));
#3028=CARTESIAN_POINT('',(-35.2,2.4,-0.4));
#3029=CARTESIAN_POINT('Origin',(-44.4,2.4,-0.4));
#3030=CARTESIAN_POINT('',(-53.6,2.4,-0.4));
#3031=CARTESIAN_POINT('Origin',(-53.6,2.4,-0.8));
#3032=CARTESIAN_POINT('',(-53.6,2.4,-1.2));
#3033=CARTESIAN_POINT('Origin',(-44.4,2.4,-1.2));
#3034=CARTESIAN_POINT('Origin',(-13.7,2.4,2.2));
#3035=CARTESIAN_POINT('',(-14.1,2.4,2.2));
#3036=CARTESIAN_POINT('',(-13.7,2.4,1.8));
#3037=CARTESIAN_POINT('Origin',(-7.15,2.4,1.8));
#3038=CARTESIAN_POINT('',(-0.6,2.4,1.8));
#3039=CARTESIAN_POINT('Origin',(-0.6,2.4,2.2));
#3040=CARTESIAN_POINT('',(-0.199999999999999,2.4,2.2));
#3041=CARTESIAN_POINT('Origin',(-14.1,2.4,3.3));
#3042=CARTESIAN_POINT('',(-14.1,1.2,2.4));
#3043=CARTESIAN_POINT('Origin',(-0.199999999999999,0.,3.7));
#3044=CARTESIAN_POINT('',(-0.199999999999999,-1.9304,2.7052));
#3045=CARTESIAN_POINT('',(-0.199999999999999,1.9304,2.7052));
#3046=CARTESIAN_POINT('',(-0.199999999999999,0.,2.7052));
#3047=CARTESIAN_POINT('Origin',(-0.199999999999999,-1.9304,2.4004));
#3048=CARTESIAN_POINT('',(-0.199999999999999,-2.4,2.2));
#3049=CARTESIAN_POINT('',(-0.199999999999999,-1.9304,3.01));
#3050=CARTESIAN_POINT('Origin',(-0.199999999999999,-1.9304,2.4004));
#3051=CARTESIAN_POINT('',(-0.199999999999999,1.9304,3.01));
#3052=CARTESIAN_POINT('',(-0.199999999999999,0.,3.01));
#3053=CARTESIAN_POINT('Origin',(-0.199999999999999,1.9304,2.4004));
#3054=CARTESIAN_POINT('Origin',(-0.199999999999999,1.9304,2.4004));
#3055=CARTESIAN_POINT('Origin',(-13.7,-2.4,2.2));
#3056=CARTESIAN_POINT('',(-14.1,-2.4,2.2));
#3057=CARTESIAN_POINT('',(-13.7,-2.4,1.8));
#3058=CARTESIAN_POINT('Origin',(-7.15,-2.4,1.8));
#3059=CARTESIAN_POINT('',(-0.6,-2.4,1.8));
#3060=CARTESIAN_POINT('Origin',(-0.6,-2.4,2.2));
#3061=CARTESIAN_POINT('Origin',(-14.1,-2.4,3.3));
#3062=CARTESIAN_POINT('',(-14.1,-1.2,2.4));
#3063=CARTESIAN_POINT('Origin',(-41.,0.,-4.6));
#3064=CARTESIAN_POINT('',(-41.635,-7.77650717458569E-17,-4.6));
#3065=CARTESIAN_POINT('Origin',(-31.,0.,3.7));
#3066=CARTESIAN_POINT('',(-31.,0.,2.4));
#3067=CARTESIAN_POINT('',(-31.,1.9304,3.01));
#3068=CARTESIAN_POINT('Origin',(-31.,1.9304,2.4004));
#3069=CARTESIAN_POINT('',(-31.,-1.9304,3.01));
#3070=CARTESIAN_POINT('',(-31.,0.,3.01));
#3071=CARTESIAN_POINT('Origin',(-31.,-1.9304,2.4004));
#3072=CARTESIAN_POINT('',(-31.,0.,2.4));
#3073=CARTESIAN_POINT('',(-31.,-1.9304,2.7052));
#3074=CARTESIAN_POINT('Origin',(-31.,-1.9304,2.4004));
#3075=CARTESIAN_POINT('',(-31.,1.9304,2.7052));
#3076=CARTESIAN_POINT('',(-31.,0.,2.7052));
#3077=CARTESIAN_POINT('Origin',(-31.,1.9304,2.4004));
#3078=CARTESIAN_POINT('Origin',(-15.6,0.,2.4));
#3079=CARTESIAN_POINT('Origin',(-15.6,0.,2.4));
#3080=CARTESIAN_POINT('Origin',(-27.,1.9304,2.4004));
#3081=CARTESIAN_POINT('',(-27.,1.9304,2.7052));
#3082=CARTESIAN_POINT('Origin',(-27.,1.9304,2.4004));
#3083=CARTESIAN_POINT('',(-27.,1.9304,2.7052));
#3084=CARTESIAN_POINT('Origin',(-27.,0.,2.7052));
#3085=CARTESIAN_POINT('',(-27.,-1.9304,2.7052));
#3086=CARTESIAN_POINT('Origin',(-27.,0.,2.7052));
#3087=CARTESIAN_POINT('',(-27.,-1.9304,2.7052));
#3088=CARTESIAN_POINT('Origin',(-27.,-1.9304,2.4004));
#3089=CARTESIAN_POINT('Origin',(-27.,-1.9304,2.4004));
#3090=CARTESIAN_POINT('Origin',(-27.,-1.9304,2.4004));
#3091=CARTESIAN_POINT('',(-27.,-1.9304,3.01));
#3092=CARTESIAN_POINT('Origin',(-27.,-1.9304,2.4004));
#3093=CARTESIAN_POINT('',(-27.,-1.9304,3.01));
#3094=CARTESIAN_POINT('Origin',(-27.,0.,3.01));
#3095=CARTESIAN_POINT('',(-27.,1.9304,3.01));
#3096=CARTESIAN_POINT('Origin',(-27.,0.,3.01));
#3097=CARTESIAN_POINT('',(-27.,1.9304,3.01));
#3098=CARTESIAN_POINT('Origin',(-27.,1.9304,2.4004));
#3099=CARTESIAN_POINT('Origin',(-27.,1.9304,2.4004));
#3100=CARTESIAN_POINT('Origin',(-27.,1.9304,-4.0004));
#3101=UNCERTAINTY_MEASURE_WITH_UNIT(LENGTH_MEASURE(0.001),#3105,
'DISTANCE_ACCURACY_VALUE',
'Maximum model space distance between geometric entities at asserted c
onnectivities');
#3102=UNCERTAINTY_MEASURE_WITH_UNIT(LENGTH_MEASURE(0.001),#3105,
'DISTANCE_ACCURACY_VALUE',
'Maximum model space distance between geometric entities at asserted c
onnectivities');
#3103=(
GEOMETRIC_REPRESENTATION_CONTEXT(3)
GLOBAL_UNCERTAINTY_ASSIGNED_CONTEXT((#3101))
GLOBAL_UNIT_ASSIGNED_CONTEXT((#3105,#3107,#3108))
REPRESENTATION_CONTEXT('','3D')
);
#3104=(
GEOMETRIC_REPRESENTATION_CONTEXT(3)
GLOBAL_UNCERTAINTY_ASSIGNED_CONTEXT((#3102))
GLOBAL_UNIT_ASSIGNED_CONTEXT((#3105,#3107,#3108))
REPRESENTATION_CONTEXT('','3D')
);
#3105=(
LENGTH_UNIT()
NAMED_UNIT(*)
SI_UNIT(.CENTI.,.METRE.)
);
#3106=(
LENGTH_UNIT()
NAMED_UNIT(*)
SI_UNIT($,.METRE.)
);
#3107=(
NAMED_UNIT(*)
PLANE_ANGLE_UNIT()
SI_UNIT($,.RADIAN.)
);
#3108=(
NAMED_UNIT(*)
SI_UNIT($,.STERADIAN.)
SOLID_ANGLE_UNIT()
);
#3109=SHAPE_DEFINITION_REPRESENTATION(#3110,#3111);
#3110=PRODUCT_DEFINITION_SHAPE('',$,#3113);
#3111=SHAPE_REPRESENTATION('',(#1881),#3103);
#3112=PRODUCT_DEFINITION_CONTEXT('part definition',#3117,'design');
#3113=PRODUCT_DEFINITION('Core_Box_2x3_11ga','Core_Box_2x3_11ga',#3114,
#3112);
#3114=PRODUCT_DEFINITION_FORMATION('',$,#3119);
#3115=PRODUCT_RELATED_PRODUCT_CATEGORY('Core_Box_2x3_11ga',
'Core_Box_2x3_11ga',(#3119));
#3116=APPLICATION_PROTOCOL_DEFINITION('international standard',
'automotive_design',2009,#3117);
#3117=APPLICATION_CONTEXT(
'Core Data for Automotive Mechanical Design Process');
#3118=PRODUCT_CONTEXT('part definition',#3117,'mechanical');
#3119=PRODUCT('Core_Box_2x3_11ga','Core_Box_2x3_11ga',$,(#3118));
#3120=PRESENTATION_STYLE_ASSIGNMENT((#3121));
#3121=SURFACE_STYLE_USAGE(.BOTH.,#3122);
#3122=SURFACE_SIDE_STYLE('',(#3123));
#3123=SURFACE_STYLE_FILL_AREA(#3124);
#3124=FILL_AREA_STYLE('Steel - Satin',(#3125));
#3125=FILL_AREA_STYLE_COLOUR('Steel - Satin',#3126);
#3126=COLOUR_RGB('Steel - Satin',0.627450980392157,0.627450980392157,0.627450980392157);
ENDSEC;
END-ISO-10303-21;
