ISO-10303-21;
HEADER;
/* Generated by software containing ST-Developer
 * from STEP Tools, Inc. (www.steptools.com) 
 */

FILE_DESCRIPTION(
/* description */ (''),
/* implementation_level */ '2;1');

FILE_NAME(
/* name */ 'M2_steel_core.stp',
/* time_stamp */ '2026-09-11T09:11:02-05:00',
/* author */ (''),
/* organization */ (''),
/* preprocessor_version */ 'ST-DEVELOPER v20.1',
/* originating_system */ 'Autodesk Translation Framework v15.8.0.0',
/* authorisation */ '');

FILE_SCHEMA (('AUTOMOTIVE_DESIGN { 1 0 10303 214 3 1 1 }'));
ENDSEC;

DATA;
#10=MECHANICAL_DESIGN_GEOMETRIC_PRESENTATION_REPRESENTATION('',(#17,#18,
#19,#20,#21,#22,#23,#24,#25),#5277);
#11=SHAPE_REPRESENTATION_RELATIONSHIP('SRR','None',#5284,#12);
#12=ADVANCED_BREP_SHAPE_REPRESENTATION('',(#26,#27,#28,#29,#30,#31,#32,
#33,#34),#5276);
#13=ELLIPSE('',#3406,0.304884362027633,0.3048);
#14=ELLIPSE('',#3412,0.609768724055265,0.6096);
#15=ELLIPSE('',#3433,0.304884362027633,0.3048);
#16=ELLIPSE('',#3435,0.609768724055265,0.6096);
#17=STYLED_ITEM('',(#5293),#26);
#18=STYLED_ITEM('',(#5293),#27);
#19=STYLED_ITEM('',(#5293),#28);
#20=STYLED_ITEM('',(#5293),#29);
#21=STYLED_ITEM('',(#5293),#30);
#22=STYLED_ITEM('',(#5293),#31);
#23=STYLED_ITEM('',(#5293),#32);
#24=STYLED_ITEM('',(#5293),#33);
#25=STYLED_ITEM('',(#5293),#34);
#26=MANIFOLD_SOLID_BREP('CoreBox_cut',#3205);
#27=MANIFOLD_SOLID_BREP('Hatch_Spine_1-8',#3206);
#28=MANIFOLD_SOLID_BREP('Pintle_Tab_R_1-2',#3207);
#29=MANIFOLD_SOLID_BREP('Pintle_Tab_L_1-2',#3208);
#30=MANIFOLD_SOLID_BREP('Barrel_Socket_1-5x156',#3209);
#31=MANIFOLD_SOLID_BREP('Barrel_Plate_1-4',#3210);
#32=MANIFOLD_SOLID_BREP('Hinge_Tab_L_1-8',#3211);
#33=MANIFOLD_SOLID_BREP('Hinge_Tab_R_1-8',#3212);
#34=MANIFOLD_SOLID_BREP('Cradle_F2_HopUp',#3213);
#35=FACE_BOUND('',#400,.T.);
#36=FACE_BOUND('',#401,.T.);
#37=FACE_BOUND('',#413,.T.);
#38=FACE_BOUND('',#414,.T.);
#39=FACE_BOUND('',#427,.T.);
#40=FACE_BOUND('',#430,.T.);
#41=FACE_BOUND('',#431,.T.);
#42=FACE_BOUND('',#435,.T.);
#43=FACE_BOUND('',#439,.T.);
#44=FACE_BOUND('',#440,.T.);
#45=FACE_BOUND('',#442,.T.);
#46=FACE_BOUND('',#457,.T.);
#47=FACE_BOUND('',#459,.T.);
#48=FACE_BOUND('',#468,.T.);
#49=FACE_BOUND('',#470,.T.);
#50=FACE_BOUND('',#474,.T.);
#51=FACE_BOUND('',#476,.T.);
#52=FACE_BOUND('',#481,.T.);
#53=FACE_BOUND('',#493,.T.);
#54=FACE_BOUND('',#500,.T.);
#55=FACE_BOUND('',#510,.T.);
#56=FACE_BOUND('',#517,.T.);
#57=FACE_BOUND('',#527,.T.);
#58=FACE_BOUND('',#553,.T.);
#59=FACE_BOUND('',#554,.T.);
#60=FACE_BOUND('',#555,.T.);
#61=FACE_BOUND('',#556,.T.);
#62=FACE_BOUND('',#557,.T.);
#63=FACE_BOUND('',#559,.T.);
#64=FACE_BOUND('',#560,.T.);
#65=FACE_BOUND('',#561,.T.);
#66=CYLINDRICAL_SURFACE('',#3247,0.4);
#67=CYLINDRICAL_SURFACE('',#3251,0.4);
#68=CYLINDRICAL_SURFACE('',#3255,0.4);
#69=CYLINDRICAL_SURFACE('',#3259,0.4);
#70=CYLINDRICAL_SURFACE('',#3263,0.7);
#71=CYLINDRICAL_SURFACE('',#3266,0.7);
#72=CYLINDRICAL_SURFACE('',#3272,0.4);
#73=CYLINDRICAL_SURFACE('',#3276,0.4);
#74=CYLINDRICAL_SURFACE('',#3284,0.3048);
#75=CYLINDRICAL_SURFACE('',#3285,0.3048);
#76=CYLINDRICAL_SURFACE('',#3300,0.6096);
#77=CYLINDRICAL_SURFACE('',#3301,0.6096);
#78=CYLINDRICAL_SURFACE('',#3303,0.4);
#79=CYLINDRICAL_SURFACE('',#3308,0.4);
#80=CYLINDRICAL_SURFACE('',#3318,0.3048);
#81=CYLINDRICAL_SURFACE('',#3319,0.5);
#82=CYLINDRICAL_SURFACE('',#3320,0.6096);
#83=CYLINDRICAL_SURFACE('',#3321,0.635);
#84=CYLINDRICAL_SURFACE('',#3325,0.5);
#85=CYLINDRICAL_SURFACE('',#3326,0.5);
#86=CYLINDRICAL_SURFACE('',#3327,0.5);
#87=CYLINDRICAL_SURFACE('',#3330,0.3048);
#88=CYLINDRICAL_SURFACE('',#3333,0.3048);
#89=CYLINDRICAL_SURFACE('',#3336,0.3048);
#90=CYLINDRICAL_SURFACE('',#3338,0.6096);
#91=CYLINDRICAL_SURFACE('',#3343,0.6096);
#92=CYLINDRICAL_SURFACE('',#3344,0.6096);
#93=CYLINDRICAL_SURFACE('',#3353,0.600000000000001);
#94=CYLINDRICAL_SURFACE('',#3357,1.3);
#95=CYLINDRICAL_SURFACE('',#3366,0.600000000000001);
#96=CYLINDRICAL_SURFACE('',#3370,1.3);
#97=CYLINDRICAL_SURFACE('',#3379,1.50875);
#98=CYLINDRICAL_SURFACE('',#3382,1.905);
#99=CYLINDRICAL_SURFACE('',#3398,1.945);
#100=CYLINDRICAL_SURFACE('',#3405,0.3048);
#101=CYLINDRICAL_SURFACE('',#3411,0.6096);
#102=CYLINDRICAL_SURFACE('',#3417,0.3175);
#103=CYLINDRICAL_SURFACE('',#3424,0.8);
#104=CYLINDRICAL_SURFACE('',#3432,0.3048);
#105=CYLINDRICAL_SURFACE('',#3434,0.6096);
#106=CYLINDRICAL_SURFACE('',#3441,0.3175);
#107=CYLINDRICAL_SURFACE('',#3447,0.8);
#108=CYLINDRICAL_SURFACE('',#3450,0.22);
#109=CYLINDRICAL_SURFACE('',#3453,0.22);
#110=CYLINDRICAL_SURFACE('',#3461,0.62);
#111=CIRCLE('',#3233,0.3048);
#112=CIRCLE('',#3234,0.3048);
#113=CIRCLE('',#3235,0.6096);
#114=CIRCLE('',#3236,0.6096);
#115=CIRCLE('',#3238,0.6096);
#116=CIRCLE('',#3239,0.6096);
#117=CIRCLE('',#3240,0.3048);
#118=CIRCLE('',#3241,0.3048);
#119=CIRCLE('',#3248,0.4);
#120=CIRCLE('',#3249,0.4);
#121=CIRCLE('',#3252,0.4);
#122=CIRCLE('',#3253,0.4);
#123=CIRCLE('',#3256,0.4);
#124=CIRCLE('',#3257,0.4);
#125=CIRCLE('',#3260,0.4);
#126=CIRCLE('',#3261,0.4);
#127=CIRCLE('',#3264,0.7);
#128=CIRCLE('',#3265,0.7);
#129=CIRCLE('',#3267,0.7);
#130=CIRCLE('',#3268,0.7);
#131=CIRCLE('',#3270,0.6096);
#132=CIRCLE('',#3271,0.3048);
#133=CIRCLE('',#3273,0.4);
#134=CIRCLE('',#3274,0.4);
#135=CIRCLE('',#3277,0.4);
#136=CIRCLE('',#3278,0.4);
#137=CIRCLE('',#3281,0.3048);
#138=CIRCLE('',#3282,0.6096);
#139=CIRCLE('',#3286,0.3048);
#140=CIRCLE('',#3288,0.5);
#141=CIRCLE('',#3289,0.5);
#142=CIRCLE('',#3291,0.5);
#143=CIRCLE('',#3292,0.5);
#144=CIRCLE('',#3295,0.5);
#145=CIRCLE('',#3296,0.5);
#146=CIRCLE('',#3298,0.5);
#147=CIRCLE('',#3299,0.5);
#148=CIRCLE('',#3302,0.6096);
#149=CIRCLE('',#3304,0.4);
#150=CIRCLE('',#3305,0.4);
#151=CIRCLE('',#3309,0.4);
#152=CIRCLE('',#3310,0.4);
#153=CIRCLE('',#3312,0.6096);
#154=CIRCLE('',#3313,0.3048);
#155=CIRCLE('',#3315,0.3048);
#156=CIRCLE('',#3316,0.6096);
#157=CIRCLE('',#3322,0.635);
#158=CIRCLE('',#3323,0.635);
#159=CIRCLE('',#3331,0.3048);
#160=CIRCLE('',#3334,0.3048);
#161=CIRCLE('',#3337,0.3048);
#162=CIRCLE('',#3339,0.6096);
#163=CIRCLE('',#3341,0.6096);
#164=CIRCLE('',#3342,0.6096);
#165=CIRCLE('',#3354,0.600000000000001);
#166=CIRCLE('',#3355,0.600000000000001);
#167=CIRCLE('',#3358,1.3);
#168=CIRCLE('',#3359,1.3);
#169=CIRCLE('',#3367,0.600000000000001);
#170=CIRCLE('',#3368,0.600000000000001);
#171=CIRCLE('',#3371,1.3);
#172=CIRCLE('',#3372,1.3);
#173=CIRCLE('',#3380,1.50875);
#174=CIRCLE('',#3381,1.50875);
#175=CIRCLE('',#3383,1.905);
#176=CIRCLE('',#3384,1.905);
#177=CIRCLE('',#3391,1.945);
#178=CIRCLE('',#3399,1.945);
#179=CIRCLE('',#3407,0.3048);
#180=CIRCLE('',#3409,0.6096);
#181=CIRCLE('',#3414,0.8);
#182=CIRCLE('',#3415,0.3175);
#183=CIRCLE('',#3418,0.3175);
#184=CIRCLE('',#3425,0.8);
#185=CIRCLE('',#3430,0.6096);
#186=CIRCLE('',#3431,0.3048);
#187=CIRCLE('',#3437,0.8);
#188=CIRCLE('',#3438,0.3175);
#189=CIRCLE('',#3442,0.3175);
#190=CIRCLE('',#3448,0.8);
#191=CIRCLE('',#3451,0.22);
#192=CIRCLE('',#3452,0.22);
#193=CIRCLE('',#3454,0.22);
#194=CIRCLE('',#3455,0.22);
#195=CIRCLE('',#3462,0.62);
#196=CIRCLE('',#3463,0.62);
#197=FACE_OUTER_BOUND('',#366,.T.);
#198=FACE_OUTER_BOUND('',#367,.T.);
#199=FACE_OUTER_BOUND('',#368,.T.);
#200=FACE_OUTER_BOUND('',#369,.T.);
#201=FACE_OUTER_BOUND('',#370,.T.);
#202=FACE_OUTER_BOUND('',#371,.T.);
#203=FACE_OUTER_BOUND('',#372,.T.);
#204=FACE_OUTER_BOUND('',#373,.T.);
#205=FACE_OUTER_BOUND('',#374,.T.);
#206=FACE_OUTER_BOUND('',#375,.T.);
#207=FACE_OUTER_BOUND('',#376,.T.);
#208=FACE_OUTER_BOUND('',#377,.T.);
#209=FACE_OUTER_BOUND('',#378,.T.);
#210=FACE_OUTER_BOUND('',#379,.T.);
#211=FACE_OUTER_BOUND('',#380,.T.);
#212=FACE_OUTER_BOUND('',#381,.T.);
#213=FACE_OUTER_BOUND('',#382,.T.);
#214=FACE_OUTER_BOUND('',#383,.T.);
#215=FACE_OUTER_BOUND('',#384,.T.);
#216=FACE_OUTER_BOUND('',#385,.T.);
#217=FACE_OUTER_BOUND('',#386,.T.);
#218=FACE_OUTER_BOUND('',#387,.T.);
#219=FACE_OUTER_BOUND('',#388,.T.);
#220=FACE_OUTER_BOUND('',#389,.T.);
#221=FACE_OUTER_BOUND('',#390,.T.);
#222=FACE_OUTER_BOUND('',#391,.T.);
#223=FACE_OUTER_BOUND('',#392,.T.);
#224=FACE_OUTER_BOUND('',#393,.T.);
#225=FACE_OUTER_BOUND('',#394,.T.);
#226=FACE_OUTER_BOUND('',#395,.T.);
#227=FACE_OUTER_BOUND('',#396,.T.);
#228=FACE_OUTER_BOUND('',#397,.T.);
#229=FACE_OUTER_BOUND('',#398,.T.);
#230=FACE_OUTER_BOUND('',#399,.T.);
#231=FACE_OUTER_BOUND('',#402,.T.);
#232=FACE_OUTER_BOUND('',#403,.T.);
#233=FACE_OUTER_BOUND('',#404,.T.);
#234=FACE_OUTER_BOUND('',#405,.T.);
#235=FACE_OUTER_BOUND('',#406,.T.);
#236=FACE_OUTER_BOUND('',#407,.T.);
#237=FACE_OUTER_BOUND('',#408,.T.);
#238=FACE_OUTER_BOUND('',#409,.T.);
#239=FACE_OUTER_BOUND('',#410,.T.);
#240=FACE_OUTER_BOUND('',#411,.T.);
#241=FACE_OUTER_BOUND('',#412,.T.);
#242=FACE_OUTER_BOUND('',#415,.T.);
#243=FACE_OUTER_BOUND('',#416,.T.);
#244=FACE_OUTER_BOUND('',#417,.T.);
#245=FACE_OUTER_BOUND('',#418,.T.);
#246=FACE_OUTER_BOUND('',#419,.T.);
#247=FACE_OUTER_BOUND('',#420,.T.);
#248=FACE_OUTER_BOUND('',#421,.T.);
#249=FACE_OUTER_BOUND('',#422,.T.);
#250=FACE_OUTER_BOUND('',#423,.T.);
#251=FACE_OUTER_BOUND('',#424,.T.);
#252=FACE_OUTER_BOUND('',#425,.T.);
#253=FACE_OUTER_BOUND('',#426,.T.);
#254=FACE_OUTER_BOUND('',#428,.T.);
#255=FACE_OUTER_BOUND('',#429,.T.);
#256=FACE_OUTER_BOUND('',#432,.T.);
#257=FACE_OUTER_BOUND('',#433,.T.);
#258=FACE_OUTER_BOUND('',#434,.T.);
#259=FACE_OUTER_BOUND('',#436,.T.);
#260=FACE_OUTER_BOUND('',#437,.T.);
#261=FACE_OUTER_BOUND('',#438,.T.);
#262=FACE_OUTER_BOUND('',#441,.T.);
#263=FACE_OUTER_BOUND('',#443,.T.);
#264=FACE_OUTER_BOUND('',#444,.T.);
#265=FACE_OUTER_BOUND('',#445,.T.);
#266=FACE_OUTER_BOUND('',#446,.T.);
#267=FACE_OUTER_BOUND('',#447,.T.);
#268=FACE_OUTER_BOUND('',#448,.T.);
#269=FACE_OUTER_BOUND('',#449,.T.);
#270=FACE_OUTER_BOUND('',#450,.T.);
#271=FACE_OUTER_BOUND('',#451,.T.);
#272=FACE_OUTER_BOUND('',#452,.T.);
#273=FACE_OUTER_BOUND('',#453,.T.);
#274=FACE_OUTER_BOUND('',#454,.T.);
#275=FACE_OUTER_BOUND('',#455,.T.);
#276=FACE_OUTER_BOUND('',#456,.T.);
#277=FACE_OUTER_BOUND('',#458,.T.);
#278=FACE_OUTER_BOUND('',#460,.T.);
#279=FACE_OUTER_BOUND('',#461,.T.);
#280=FACE_OUTER_BOUND('',#462,.T.);
#281=FACE_OUTER_BOUND('',#463,.T.);
#282=FACE_OUTER_BOUND('',#464,.T.);
#283=FACE_OUTER_BOUND('',#465,.T.);
#284=FACE_OUTER_BOUND('',#466,.T.);
#285=FACE_OUTER_BOUND('',#467,.T.);
#286=FACE_OUTER_BOUND('',#469,.T.);
#287=FACE_OUTER_BOUND('',#471,.T.);
#288=FACE_OUTER_BOUND('',#472,.T.);
#289=FACE_OUTER_BOUND('',#473,.T.);
#290=FACE_OUTER_BOUND('',#475,.T.);
#291=FACE_OUTER_BOUND('',#477,.T.);
#292=FACE_OUTER_BOUND('',#478,.T.);
#293=FACE_OUTER_BOUND('',#479,.T.);
#294=FACE_OUTER_BOUND('',#480,.T.);
#295=FACE_OUTER_BOUND('',#482,.T.);
#296=FACE_OUTER_BOUND('',#483,.T.);
#297=FACE_OUTER_BOUND('',#484,.T.);
#298=FACE_OUTER_BOUND('',#485,.T.);
#299=FACE_OUTER_BOUND('',#486,.T.);
#300=FACE_OUTER_BOUND('',#487,.T.);
#301=FACE_OUTER_BOUND('',#488,.T.);
#302=FACE_OUTER_BOUND('',#489,.T.);
#303=FACE_OUTER_BOUND('',#490,.T.);
#304=FACE_OUTER_BOUND('',#491,.T.);
#305=FACE_OUTER_BOUND('',#492,.T.);
#306=FACE_OUTER_BOUND('',#494,.T.);
#307=FACE_OUTER_BOUND('',#495,.T.);
#308=FACE_OUTER_BOUND('',#496,.T.);
#309=FACE_OUTER_BOUND('',#497,.T.);
#310=FACE_OUTER_BOUND('',#498,.T.);
#311=FACE_OUTER_BOUND('',#499,.T.);
#312=FACE_OUTER_BOUND('',#501,.T.);
#313=FACE_OUTER_BOUND('',#502,.T.);
#314=FACE_OUTER_BOUND('',#503,.T.);
#315=FACE_OUTER_BOUND('',#504,.T.);
#316=FACE_OUTER_BOUND('',#505,.T.);
#317=FACE_OUTER_BOUND('',#506,.T.);
#318=FACE_OUTER_BOUND('',#507,.T.);
#319=FACE_OUTER_BOUND('',#508,.T.);
#320=FACE_OUTER_BOUND('',#509,.T.);
#321=FACE_OUTER_BOUND('',#511,.T.);
#322=FACE_OUTER_BOUND('',#512,.T.);
#323=FACE_OUTER_BOUND('',#513,.T.);
#324=FACE_OUTER_BOUND('',#514,.T.);
#325=FACE_OUTER_BOUND('',#515,.T.);
#326=FACE_OUTER_BOUND('',#516,.T.);
#327=FACE_OUTER_BOUND('',#518,.T.);
#328=FACE_OUTER_BOUND('',#519,.T.);
#329=FACE_OUTER_BOUND('',#520,.T.);
#330=FACE_OUTER_BOUND('',#521,.T.);
#331=FACE_OUTER_BOUND('',#522,.T.);
#332=FACE_OUTER_BOUND('',#523,.T.);
#333=FACE_OUTER_BOUND('',#524,.T.);
#334=FACE_OUTER_BOUND('',#525,.T.);
#335=FACE_OUTER_BOUND('',#526,.T.);
#336=FACE_OUTER_BOUND('',#528,.T.);
#337=FACE_OUTER_BOUND('',#529,.T.);
#338=FACE_OUTER_BOUND('',#530,.T.);
#339=FACE_OUTER_BOUND('',#531,.T.);
#340=FACE_OUTER_BOUND('',#532,.T.);
#341=FACE_OUTER_BOUND('',#533,.T.);
#342=FACE_OUTER_BOUND('',#534,.T.);
#343=FACE_OUTER_BOUND('',#535,.T.);
#344=FACE_OUTER_BOUND('',#536,.T.);
#345=FACE_OUTER_BOUND('',#537,.T.);
#346=FACE_OUTER_BOUND('',#538,.T.);
#347=FACE_OUTER_BOUND('',#539,.T.);
#348=FACE_OUTER_BOUND('',#540,.T.);
#349=FACE_OUTER_BOUND('',#541,.T.);
#350=FACE_OUTER_BOUND('',#542,.T.);
#351=FACE_OUTER_BOUND('',#543,.T.);
#352=FACE_OUTER_BOUND('',#544,.T.);
#353=FACE_OUTER_BOUND('',#545,.T.);
#354=FACE_OUTER_BOUND('',#546,.T.);
#355=FACE_OUTER_BOUND('',#547,.T.);
#356=FACE_OUTER_BOUND('',#548,.T.);
#357=FACE_OUTER_BOUND('',#549,.T.);
#358=FACE_OUTER_BOUND('',#550,.T.);
#359=FACE_OUTER_BOUND('',#551,.T.);
#360=FACE_OUTER_BOUND('',#552,.T.);
#361=FACE_OUTER_BOUND('',#558,.T.);
#362=FACE_OUTER_BOUND('',#562,.T.);
#363=FACE_OUTER_BOUND('',#563,.T.);
#364=FACE_OUTER_BOUND('',#564,.T.);
#365=FACE_OUTER_BOUND('',#565,.T.);
#366=EDGE_LOOP('',(#2020,#2021,#2022,#2023));
#367=EDGE_LOOP('',(#2024,#2025,#2026,#2027));
#368=EDGE_LOOP('',(#2028,#2029,#2030,#2031,#2032));
#369=EDGE_LOOP('',(#2033,#2034,#2035,#2036,#2037));
#370=EDGE_LOOP('',(#2038,#2039,#2040,#2041));
#371=EDGE_LOOP('',(#2042,#2043,#2044,#2045,#2046,#2047,#2048,#2049,#2050,
#2051,#2052,#2053));
#372=EDGE_LOOP('',(#2054,#2055,#2056,#2057,#2058,#2059,#2060,#2061,#2062,
#2063,#2064,#2065));
#373=EDGE_LOOP('',(#2066,#2067,#2068,#2069));
#374=EDGE_LOOP('',(#2070,#2071,#2072,#2073));
#375=EDGE_LOOP('',(#2074,#2075,#2076,#2077,#2078));
#376=EDGE_LOOP('',(#2079,#2080,#2081,#2082,#2083));
#377=EDGE_LOOP('',(#2084,#2085,#2086,#2087));
#378=EDGE_LOOP('',(#2088,#2089,#2090,#2091));
#379=EDGE_LOOP('',(#2092,#2093,#2094,#2095));
#380=EDGE_LOOP('',(#2096,#2097,#2098,#2099));
#381=EDGE_LOOP('',(#2100,#2101,#2102,#2103));
#382=EDGE_LOOP('',(#2104,#2105,#2106,#2107));
#383=EDGE_LOOP('',(#2108,#2109,#2110,#2111));
#384=EDGE_LOOP('',(#2112,#2113,#2114,#2115));
#385=EDGE_LOOP('',(#2116,#2117,#2118,#2119));
#386=EDGE_LOOP('',(#2120,#2121,#2122,#2123));
#387=EDGE_LOOP('',(#2124,#2125,#2126,#2127));
#388=EDGE_LOOP('',(#2128,#2129,#2130,#2131,#2132,#2133,#2134,#2135));
#389=EDGE_LOOP('',(#2136,#2137,#2138,#2139));
#390=EDGE_LOOP('',(#2140,#2141,#2142,#2143));
#391=EDGE_LOOP('',(#2144,#2145,#2146,#2147));
#392=EDGE_LOOP('',(#2148,#2149,#2150,#2151));
#393=EDGE_LOOP('',(#2152,#2153,#2154,#2155,#2156,#2157,#2158,#2159));
#394=EDGE_LOOP('',(#2160,#2161,#2162,#2163));
#395=EDGE_LOOP('',(#2164,#2165,#2166,#2167));
#396=EDGE_LOOP('',(#2168,#2169,#2170,#2171));
#397=EDGE_LOOP('',(#2172,#2173,#2174,#2175,#2176,#2177,#2178,#2179,#2180,
#2181,#2182,#2183));
#398=EDGE_LOOP('',(#2184,#2185,#2186,#2187,#2188,#2189,#2190,#2191,#2192,
#2193));
#399=EDGE_LOOP('',(#2194,#2195,#2196,#2197,#2198,#2199,#2200,#2201,#2202,
#2203));
#400=EDGE_LOOP('',(#2204,#2205,#2206,#2207));
#401=EDGE_LOOP('',(#2208));
#402=EDGE_LOOP('',(#2209,#2210,#2211,#2212,#2213,#2214,#2215,#2216,#2217,
#2218,#2219,#2220,#2221,#2222));
#403=EDGE_LOOP('',(#2223,#2224,#2225,#2226,#2227,#2228,#2229,#2230,#2231,
#2232));
#404=EDGE_LOOP('',(#2233,#2234,#2235,#2236));
#405=EDGE_LOOP('',(#2237,#2238,#2239,#2240));
#406=EDGE_LOOP('',(#2241,#2242,#2243,#2244));
#407=EDGE_LOOP('',(#2245,#2246,#2247,#2248));
#408=EDGE_LOOP('',(#2249,#2250,#2251,#2252));
#409=EDGE_LOOP('',(#2253,#2254,#2255,#2256));
#410=EDGE_LOOP('',(#2257,#2258,#2259,#2260,#2261,#2262,#2263,#2264));
#411=EDGE_LOOP('',(#2265,#2266,#2267,#2268,#2269,#2270,#2271,#2272));
#412=EDGE_LOOP('',(#2273,#2274,#2275,#2276,#2277,#2278,#2279,#2280,#2281,
#2282));
#413=EDGE_LOOP('',(#2283,#2284,#2285,#2286));
#414=EDGE_LOOP('',(#2287));
#415=EDGE_LOOP('',(#2288,#2289,#2290,#2291));
#416=EDGE_LOOP('',(#2292,#2293,#2294,#2295));
#417=EDGE_LOOP('',(#2296,#2297,#2298,#2299));
#418=EDGE_LOOP('',(#2300,#2301,#2302,#2303));
#419=EDGE_LOOP('',(#2304,#2305,#2306,#2307));
#420=EDGE_LOOP('',(#2308,#2309,#2310,#2311));
#421=EDGE_LOOP('',(#2312,#2313,#2314,#2315));
#422=EDGE_LOOP('',(#2316,#2317,#2318,#2319));
#423=EDGE_LOOP('',(#2320,#2321,#2322,#2323));
#424=EDGE_LOOP('',(#2324,#2325,#2326,#2327));
#425=EDGE_LOOP('',(#2328,#2329,#2330,#2331));
#426=EDGE_LOOP('',(#2332,#2333,#2334,#2335,#2336,#2337));
#427=EDGE_LOOP('',(#2338));
#428=EDGE_LOOP('',(#2339,#2340,#2341,#2342));
#429=EDGE_LOOP('',(#2343,#2344,#2345,#2346,#2347,#2348,#2349,#2350,#2351,
#2352));
#430=EDGE_LOOP('',(#2353,#2354,#2355,#2356));
#431=EDGE_LOOP('',(#2357));
#432=EDGE_LOOP('',(#2358,#2359,#2360,#2361));
#433=EDGE_LOOP('',(#2362,#2363,#2364,#2365));
#434=EDGE_LOOP('',(#2366,#2367,#2368,#2369,#2370,#2371,#2372,#2373));
#435=EDGE_LOOP('',(#2374,#2375,#2376,#2377,#2378,#2379,#2380,#2381));
#436=EDGE_LOOP('',(#2382,#2383,#2384,#2385));
#437=EDGE_LOOP('',(#2386,#2387,#2388,#2389));
#438=EDGE_LOOP('',(#2390,#2391,#2392,#2393,#2394,#2395,#2396,#2397,#2398,
#2399));
#439=EDGE_LOOP('',(#2400,#2401,#2402,#2403));
#440=EDGE_LOOP('',(#2404));
#441=EDGE_LOOP('',(#2405,#2406,#2407,#2408,#2409,#2410,#2411,#2412));
#442=EDGE_LOOP('',(#2413));
#443=EDGE_LOOP('',(#2414,#2415,#2416,#2417));
#444=EDGE_LOOP('',(#2418,#2419,#2420,#2421));
#445=EDGE_LOOP('',(#2422,#2423,#2424,#2425));
#446=EDGE_LOOP('',(#2426,#2427,#2428,#2429));
#447=EDGE_LOOP('',(#2430,#2431,#2432,#2433));
#448=EDGE_LOOP('',(#2434,#2435,#2436,#2437));
#449=EDGE_LOOP('',(#2438,#2439,#2440,#2441));
#450=EDGE_LOOP('',(#2442,#2443,#2444,#2445));
#451=EDGE_LOOP('',(#2446,#2447,#2448,#2449));
#452=EDGE_LOOP('',(#2450,#2451,#2452,#2453));
#453=EDGE_LOOP('',(#2454,#2455,#2456,#2457));
#454=EDGE_LOOP('',(#2458,#2459,#2460,#2461));
#455=EDGE_LOOP('',(#2462,#2463,#2464,#2465));
#456=EDGE_LOOP('',(#2466,#2467,#2468,#2469,#2470,#2471));
#457=EDGE_LOOP('',(#2472));
#458=EDGE_LOOP('',(#2473,#2474,#2475,#2476,#2477,#2478));
#459=EDGE_LOOP('',(#2479));
#460=EDGE_LOOP('',(#2480,#2481,#2482,#2483));
#461=EDGE_LOOP('',(#2484,#2485,#2486,#2487));
#462=EDGE_LOOP('',(#2488,#2489,#2490,#2491));
#463=EDGE_LOOP('',(#2492,#2493,#2494,#2495));
#464=EDGE_LOOP('',(#2496,#2497,#2498,#2499));
#465=EDGE_LOOP('',(#2500,#2501,#2502,#2503));
#466=EDGE_LOOP('',(#2504,#2505,#2506,#2507));
#467=EDGE_LOOP('',(#2508,#2509,#2510,#2511,#2512,#2513));
#468=EDGE_LOOP('',(#2514));
#469=EDGE_LOOP('',(#2515,#2516,#2517,#2518,#2519,#2520));
#470=EDGE_LOOP('',(#2521));
#471=EDGE_LOOP('',(#2522,#2523,#2524,#2525));
#472=EDGE_LOOP('',(#2526,#2527,#2528,#2529));
#473=EDGE_LOOP('',(#2530));
#474=EDGE_LOOP('',(#2531));
#475=EDGE_LOOP('',(#2532));
#476=EDGE_LOOP('',(#2533));
#477=EDGE_LOOP('',(#2534,#2535,#2536,#2537));
#478=EDGE_LOOP('',(#2538,#2539,#2540,#2541));
#479=EDGE_LOOP('',(#2542,#2543,#2544,#2545));
#480=EDGE_LOOP('',(#2546,#2547,#2548,#2549,#2550,#2551,#2552,#2553,#2554,
#2555,#2556,#2557));
#481=EDGE_LOOP('',(#2558));
#482=EDGE_LOOP('',(#2559,#2560,#2561,#2562));
#483=EDGE_LOOP('',(#2563,#2564,#2565,#2566));
#484=EDGE_LOOP('',(#2567,#2568,#2569,#2570));
#485=EDGE_LOOP('',(#2571,#2572,#2573,#2574));
#486=EDGE_LOOP('',(#2575,#2576,#2577,#2578));
#487=EDGE_LOOP('',(#2579,#2580,#2581,#2582));
#488=EDGE_LOOP('',(#2583,#2584,#2585,#2586));
#489=EDGE_LOOP('',(#2587,#2588,#2589,#2590));
#490=EDGE_LOOP('',(#2591,#2592,#2593,#2594));
#491=EDGE_LOOP('',(#2595,#2596,#2597,#2598));
#492=EDGE_LOOP('',(#2599,#2600,#2601,#2602,#2603,#2604,#2605,#2606,#2607,
#2608,#2609,#2610));
#493=EDGE_LOOP('',(#2611));
#494=EDGE_LOOP('',(#2612,#2613,#2614,#2615));
#495=EDGE_LOOP('',(#2616,#2617,#2618,#2619));
#496=EDGE_LOOP('',(#2620,#2621,#2622,#2623,#2624,#2625));
#497=EDGE_LOOP('',(#2626,#2627,#2628,#2629));
#498=EDGE_LOOP('',(#2630,#2631,#2632,#2633));
#499=EDGE_LOOP('',(#2634,#2635,#2636,#2637,#2638,#2639,#2640,#2641,#2642,
#2643));
#500=EDGE_LOOP('',(#2644));
#501=EDGE_LOOP('',(#2645,#2646,#2647,#2648,#2649));
#502=EDGE_LOOP('',(#2650,#2651,#2652,#2653));
#503=EDGE_LOOP('',(#2654,#2655,#2656,#2657));
#504=EDGE_LOOP('',(#2658,#2659,#2660,#2661));
#505=EDGE_LOOP('',(#2662,#2663,#2664,#2665));
#506=EDGE_LOOP('',(#2666,#2667,#2668,#2669));
#507=EDGE_LOOP('',(#2670,#2671,#2672,#2673,#2674));
#508=EDGE_LOOP('',(#2675,#2676,#2677,#2678));
#509=EDGE_LOOP('',(#2679,#2680,#2681,#2682,#2683,#2684,#2685,#2686,#2687,
#2688));
#510=EDGE_LOOP('',(#2689));
#511=EDGE_LOOP('',(#2690,#2691,#2692,#2693));
#512=EDGE_LOOP('',(#2694,#2695,#2696,#2697));
#513=EDGE_LOOP('',(#2698,#2699,#2700,#2701,#2702,#2703));
#514=EDGE_LOOP('',(#2704,#2705,#2706,#2707));
#515=EDGE_LOOP('',(#2708,#2709,#2710,#2711));
#516=EDGE_LOOP('',(#2712,#2713,#2714,#2715,#2716,#2717,#2718,#2719,#2720,
#2721));
#517=EDGE_LOOP('',(#2722));
#518=EDGE_LOOP('',(#2723,#2724,#2725,#2726,#2727));
#519=EDGE_LOOP('',(#2728,#2729,#2730,#2731,#2732));
#520=EDGE_LOOP('',(#2733,#2734,#2735,#2736));
#521=EDGE_LOOP('',(#2737,#2738,#2739,#2740));
#522=EDGE_LOOP('',(#2741,#2742,#2743,#2744));
#523=EDGE_LOOP('',(#2745,#2746,#2747,#2748));
#524=EDGE_LOOP('',(#2749,#2750,#2751,#2752));
#525=EDGE_LOOP('',(#2753,#2754,#2755,#2756));
#526=EDGE_LOOP('',(#2757,#2758,#2759,#2760,#2761,#2762,#2763,#2764,#2765,
#2766));
#527=EDGE_LOOP('',(#2767));
#528=EDGE_LOOP('',(#2768,#2769,#2770,#2771));
#529=EDGE_LOOP('',(#2772,#2773,#2774,#2775));
#530=EDGE_LOOP('',(#2776,#2777,#2778,#2779));
#531=EDGE_LOOP('',(#2780,#2781,#2782,#2783));
#532=EDGE_LOOP('',(#2784,#2785,#2786,#2787));
#533=EDGE_LOOP('',(#2788,#2789,#2790,#2791));
#534=EDGE_LOOP('',(#2792,#2793,#2794,#2795));
#535=EDGE_LOOP('',(#2796,#2797,#2798,#2799));
#536=EDGE_LOOP('',(#2800,#2801,#2802,#2803,#2804,#2805));
#537=EDGE_LOOP('',(#2806,#2807,#2808,#2809));
#538=EDGE_LOOP('',(#2810,#2811,#2812,#2813));
#539=EDGE_LOOP('',(#2814,#2815,#2816,#2817));
#540=EDGE_LOOP('',(#2818,#2819,#2820,#2821,#2822,#2823));
#541=EDGE_LOOP('',(#2824,#2825,#2826,#2827));
#542=EDGE_LOOP('',(#2828,#2829,#2830,#2831));
#543=EDGE_LOOP('',(#2832,#2833,#2834,#2835));
#544=EDGE_LOOP('',(#2836,#2837,#2838,#2839));
#545=EDGE_LOOP('',(#2840,#2841,#2842,#2843));
#546=EDGE_LOOP('',(#2844,#2845,#2846,#2847));
#547=EDGE_LOOP('',(#2848,#2849,#2850,#2851));
#548=EDGE_LOOP('',(#2852,#2853,#2854,#2855));
#549=EDGE_LOOP('',(#2856,#2857,#2858,#2859));
#550=EDGE_LOOP('',(#2860,#2861,#2862,#2863));
#551=EDGE_LOOP('',(#2864,#2865,#2866,#2867));
#552=EDGE_LOOP('',(#2868,#2869,#2870,#2871));
#553=EDGE_LOOP('',(#2872));
#554=EDGE_LOOP('',(#2873));
#555=EDGE_LOOP('',(#2874,#2875,#2876,#2877));
#556=EDGE_LOOP('',(#2878,#2879,#2880,#2881));
#557=EDGE_LOOP('',(#2882,#2883,#2884,#2885));
#558=EDGE_LOOP('',(#2886,#2887,#2888,#2889));
#559=EDGE_LOOP('',(#2890));
#560=EDGE_LOOP('',(#2891));
#561=EDGE_LOOP('',(#2892,#2893,#2894,#2895));
#562=EDGE_LOOP('',(#2896,#2897,#2898,#2899));
#563=EDGE_LOOP('',(#2900,#2901,#2902,#2903));
#564=EDGE_LOOP('',(#2904,#2905,#2906,#2907));
#565=EDGE_LOOP('',(#2908,#2909,#2910,#2911));
#566=LINE('',#4366,#922);
#567=LINE('',#4368,#923);
#568=LINE('',#4370,#924);
#569=LINE('',#4371,#925);
#570=LINE('',#4375,#926);
#571=LINE('',#4376,#927);
#572=LINE('',#4377,#928);
#573=LINE('',#4380,#929);
#574=LINE('',#4382,#930);
#575=LINE('',#4383,#931);
#576=LINE('',#4386,#932);
#577=LINE('',#4388,#933);
#578=LINE('',#4389,#934);
#579=LINE('',#4391,#935);
#580=LINE('',#4394,#936);
#581=LINE('',#4398,#937);
#582=LINE('',#4402,#938);
#583=LINE('',#4404,#939);
#584=LINE('',#4406,#940);
#585=LINE('',#4410,#941);
#586=LINE('',#4413,#942);
#587=LINE('',#4416,#943);
#588=LINE('',#4420,#944);
#589=LINE('',#4424,#945);
#590=LINE('',#4426,#946);
#591=LINE('',#4428,#947);
#592=LINE('',#4432,#948);
#593=LINE('',#4435,#949);
#594=LINE('',#4437,#950);
#595=LINE('',#4439,#951);
#596=LINE('',#4441,#952);
#597=LINE('',#4442,#953);
#598=LINE('',#4446,#954);
#599=LINE('',#4447,#955);
#600=LINE('',#4448,#956);
#601=LINE('',#4451,#957);
#602=LINE('',#4452,#958);
#603=LINE('',#4455,#959);
#604=LINE('',#4456,#960);
#605=LINE('',#4458,#961);
#606=LINE('',#4464,#962);
#607=LINE('',#4467,#963);
#608=LINE('',#4470,#964);
#609=LINE('',#4472,#965);
#610=LINE('',#4473,#966);
#611=LINE('',#4479,#967);
#612=LINE('',#4481,#968);
#613=LINE('',#4482,#969);
#614=LINE('',#4488,#970);
#615=LINE('',#4491,#971);
#616=LINE('',#4494,#972);
#617=LINE('',#4496,#973);
#618=LINE('',#4497,#974);
#619=LINE('',#4503,#975);
#620=LINE('',#4505,#976);
#621=LINE('',#4506,#977);
#622=LINE('',#4511,#978);
#623=LINE('',#4517,#979);
#624=LINE('',#4522,#980);
#625=LINE('',#4524,#981);
#626=LINE('',#4526,#982);
#627=LINE('',#4530,#983);
#628=LINE('',#4532,#984);
#629=LINE('',#4534,#985);
#630=LINE('',#4541,#986);
#631=LINE('',#4544,#987);
#632=LINE('',#4548,#988);
#633=LINE('',#4550,#989);
#634=LINE('',#4552,#990);
#635=LINE('',#4553,#991);
#636=LINE('',#4558,#992);
#637=LINE('',#4561,#993);
#638=LINE('',#4562,#994);
#639=LINE('',#4565,#995);
#640=LINE('',#4568,#996);
#641=LINE('',#4570,#997);
#642=LINE('',#4573,#998);
#643=LINE('',#4576,#999);
#644=LINE('',#4578,#1000);
#645=LINE('',#4579,#1001);
#646=LINE('',#4581,#1002);
#647=LINE('',#4582,#1003);
#648=LINE('',#4585,#1004);
#649=LINE('',#4588,#1005);
#650=LINE('',#4591,#1006);
#651=LINE('',#4593,#1007);
#652=LINE('',#4595,#1008);
#653=LINE('',#4599,#1009);
#654=LINE('',#4605,#1010);
#655=LINE('',#4609,#1011);
#656=LINE('',#4611,#1012);
#657=LINE('',#4613,#1013);
#658=LINE('',#4614,#1014);
#659=LINE('',#4616,#1015);
#660=LINE('',#4618,#1016);
#661=LINE('',#4620,#1017);
#662=LINE('',#4621,#1018);
#663=LINE('',#4626,#1019);
#664=LINE('',#4630,#1020);
#665=LINE('',#4632,#1021);
#666=LINE('',#4633,#1022);
#667=LINE('',#4634,#1023);
#668=LINE('',#4637,#1024);
#669=LINE('',#4639,#1025);
#670=LINE('',#4641,#1026);
#671=LINE('',#4643,#1027);
#672=LINE('',#4645,#1028);
#673=LINE('',#4649,#1029);
#674=LINE('',#4659,#1030);
#675=LINE('',#4662,#1031);
#676=LINE('',#4664,#1032);
#677=LINE('',#4665,#1033);
#678=LINE('',#4668,#1034);
#679=LINE('',#4670,#1035);
#680=LINE('',#4671,#1036);
#681=LINE('',#4677,#1037);
#682=LINE('',#4680,#1038);
#683=LINE('',#4682,#1039);
#684=LINE('',#4687,#1040);
#685=LINE('',#4689,#1041);
#686=LINE('',#4692,#1042);
#687=LINE('',#4694,#1043);
#688=LINE('',#4696,#1044);
#689=LINE('',#4698,#1045);
#690=LINE('',#4699,#1046);
#691=LINE('',#4702,#1047);
#692=LINE('',#4704,#1048);
#693=LINE('',#4709,#1049);
#694=LINE('',#4712,#1050);
#695=LINE('',#4715,#1051);
#696=LINE('',#4716,#1052);
#697=LINE('',#4718,#1053);
#698=LINE('',#4724,#1054);
#699=LINE('',#4727,#1055);
#700=LINE('',#4728,#1056);
#701=LINE('',#4732,#1057);
#702=LINE('',#4734,#1058);
#703=LINE('',#4739,#1059);
#704=LINE('',#4741,#1060);
#705=LINE('',#4745,#1061);
#706=LINE('',#4749,#1062);
#707=LINE('',#4751,#1063);
#708=LINE('',#4753,#1064);
#709=LINE('',#4759,#1065);
#710=LINE('',#4761,#1066);
#711=LINE('',#4763,#1067);
#712=LINE('',#4764,#1068);
#713=LINE('',#4768,#1069);
#714=LINE('',#4770,#1070);
#715=LINE('',#4772,#1071);
#716=LINE('',#4773,#1072);
#717=LINE('',#4775,#1073);
#718=LINE('',#4776,#1074);
#719=LINE('',#4778,#1075);
#720=LINE('',#4780,#1076);
#721=LINE('',#4786,#1077);
#722=LINE('',#4791,#1078);
#723=LINE('',#4793,#1079);
#724=LINE('',#4795,#1080);
#725=LINE('',#4796,#1081);
#726=LINE('',#4802,#1082);
#727=LINE('',#4805,#1083);
#728=LINE('',#4807,#1084);
#729=LINE('',#4808,#1085);
#730=LINE('',#4811,#1086);
#731=LINE('',#4813,#1087);
#732=LINE('',#4814,#1088);
#733=LINE('',#4817,#1089);
#734=LINE('',#4819,#1090);
#735=LINE('',#4820,#1091);
#736=LINE('',#4822,#1092);
#737=LINE('',#4823,#1093);
#738=LINE('',#4830,#1094);
#739=LINE('',#4835,#1095);
#740=LINE('',#4837,#1096);
#741=LINE('',#4839,#1097);
#742=LINE('',#4840,#1098);
#743=LINE('',#4846,#1099);
#744=LINE('',#4849,#1100);
#745=LINE('',#4851,#1101);
#746=LINE('',#4852,#1102);
#747=LINE('',#4855,#1103);
#748=LINE('',#4857,#1104);
#749=LINE('',#4858,#1105);
#750=LINE('',#4861,#1106);
#751=LINE('',#4863,#1107);
#752=LINE('',#4864,#1108);
#753=LINE('',#4866,#1109);
#754=LINE('',#4867,#1110);
#755=LINE('',#4874,#1111);
#756=LINE('',#4880,#1112);
#757=LINE('',#4887,#1113);
#758=LINE('',#4889,#1114);
#759=LINE('',#4891,#1115);
#760=LINE('',#4892,#1116);
#761=LINE('',#4895,#1117);
#762=LINE('',#4897,#1118);
#763=LINE('',#4898,#1119);
#764=LINE('',#4901,#1120);
#765=LINE('',#4903,#1121);
#766=LINE('',#4904,#1122);
#767=LINE('',#4907,#1123);
#768=LINE('',#4909,#1124);
#769=LINE('',#4911,#1125);
#770=LINE('',#4913,#1126);
#771=LINE('',#4915,#1127);
#772=LINE('',#4917,#1128);
#773=LINE('',#4919,#1129);
#774=LINE('',#4921,#1130);
#775=LINE('',#4922,#1131);
#776=LINE('',#4927,#1132);
#777=LINE('',#4928,#1133);
#778=LINE('',#4932,#1134);
#779=LINE('',#4933,#1135);
#780=LINE('',#4934,#1136);
#781=LINE('',#4937,#1137);
#782=LINE('',#4938,#1138);
#783=LINE('',#4941,#1139);
#784=LINE('',#4942,#1140);
#785=LINE('',#4945,#1141);
#786=LINE('',#4946,#1142);
#787=LINE('',#4949,#1143);
#788=LINE('',#4950,#1144);
#789=LINE('',#4953,#1145);
#790=LINE('',#4957,#1146);
#791=LINE('',#4958,#1147);
#792=LINE('',#4960,#1148);
#793=LINE('',#4962,#1149);
#794=LINE('',#4967,#1150);
#795=LINE('',#4969,#1151);
#796=LINE('',#4971,#1152);
#797=LINE('',#4972,#1153);
#798=LINE('',#4978,#1154);
#799=LINE('',#4981,#1155);
#800=LINE('',#4983,#1156);
#801=LINE('',#4986,#1157);
#802=LINE('',#4989,#1158);
#803=LINE('',#4991,#1159);
#804=LINE('',#4992,#1160);
#805=LINE('',#4996,#1161);
#806=LINE('',#4999,#1162);
#807=LINE('',#5001,#1163);
#808=LINE('',#5003,#1164);
#809=LINE('',#5005,#1165);
#810=LINE('',#5007,#1166);
#811=LINE('',#5010,#1167);
#812=LINE('',#5015,#1168);
#813=LINE('',#5016,#1169);
#814=LINE('',#5019,#1170);
#815=LINE('',#5024,#1171);
#816=LINE('',#5025,#1172);
#817=LINE('',#5026,#1173);
#818=LINE('',#5029,#1174);
#819=LINE('',#5030,#1175);
#820=LINE('',#5033,#1176);
#821=LINE('',#5034,#1177);
#822=LINE('',#5036,#1178);
#823=LINE('',#5039,#1179);
#824=LINE('',#5040,#1180);
#825=LINE('',#5047,#1181);
#826=LINE('',#5049,#1182);
#827=LINE('',#5051,#1183);
#828=LINE('',#5052,#1184);
#829=LINE('',#5056,#1185);
#830=LINE('',#5058,#1186);
#831=LINE('',#5060,#1187);
#832=LINE('',#5061,#1188);
#833=LINE('',#5065,#1189);
#834=LINE('',#5067,#1190);
#835=LINE('',#5072,#1191);
#836=LINE('',#5075,#1192);
#837=LINE('',#5079,#1193);
#838=LINE('',#5083,#1194);
#839=LINE('',#5085,#1195);
#840=LINE('',#5087,#1196);
#841=LINE('',#5089,#1197);
#842=LINE('',#5090,#1198);
#843=LINE('',#5095,#1199);
#844=LINE('',#5096,#1200);
#845=LINE('',#5099,#1201);
#846=LINE('',#5100,#1202);
#847=LINE('',#5104,#1203);
#848=LINE('',#5107,#1204);
#849=LINE('',#5109,#1205);
#850=LINE('',#5110,#1206);
#851=LINE('',#5113,#1207);
#852=LINE('',#5114,#1208);
#853=LINE('',#5117,#1209);
#854=LINE('',#5118,#1210);
#855=LINE('',#5120,#1211);
#856=LINE('',#5128,#1212);
#857=LINE('',#5134,#1213);
#858=LINE('',#5139,#1214);
#859=LINE('',#5141,#1215);
#860=LINE('',#5143,#1216);
#861=LINE('',#5144,#1217);
#862=LINE('',#5147,#1218);
#863=LINE('',#5149,#1219);
#864=LINE('',#5150,#1220);
#865=LINE('',#5153,#1221);
#866=LINE('',#5154,#1222);
#867=LINE('',#5157,#1223);
#868=LINE('',#5158,#1224);
#869=LINE('',#5160,#1225);
#870=LINE('',#5164,#1226);
#871=LINE('',#5168,#1227);
#872=LINE('',#5172,#1228);
#873=LINE('',#5174,#1229);
#874=LINE('',#5176,#1230);
#875=LINE('',#5178,#1231);
#876=LINE('',#5179,#1232);
#877=LINE('',#5182,#1233);
#878=LINE('',#5183,#1234);
#879=LINE('',#5186,#1235);
#880=LINE('',#5187,#1236);
#881=LINE('',#5190,#1237);
#882=LINE('',#5191,#1238);
#883=LINE('',#5194,#1239);
#884=LINE('',#5195,#1240);
#885=LINE('',#5197,#1241);
#886=LINE('',#5201,#1242);
#887=LINE('',#5203,#1243);
#888=LINE('',#5205,#1244);
#889=LINE('',#5206,#1245);
#890=LINE('',#5209,#1246);
#891=LINE('',#5211,#1247);
#892=LINE('',#5212,#1248);
#893=LINE('',#5215,#1249);
#894=LINE('',#5216,#1250);
#895=LINE('',#5219,#1251);
#896=LINE('',#5220,#1252);
#897=LINE('',#5222,#1253);
#898=LINE('',#5226,#1254);
#899=LINE('',#5228,#1255);
#900=LINE('',#5230,#1256);
#901=LINE('',#5231,#1257);
#902=LINE('',#5234,#1258);
#903=LINE('',#5236,#1259);
#904=LINE('',#5237,#1260);
#905=LINE('',#5240,#1261);
#906=LINE('',#5241,#1262);
#907=LINE('',#5244,#1263);
#908=LINE('',#5245,#1264);
#909=LINE('',#5247,#1265);
#910=LINE('',#5251,#1266);
#911=LINE('',#5253,#1267);
#912=LINE('',#5255,#1268);
#913=LINE('',#5256,#1269);
#914=LINE('',#5260,#1270);
#915=LINE('',#5262,#1271);
#916=LINE('',#5264,#1272);
#917=LINE('',#5265,#1273);
#918=LINE('',#5267,#1274);
#919=LINE('',#5268,#1275);
#920=LINE('',#5270,#1276);
#921=LINE('',#5272,#1277);
#922=VECTOR('',#3490,1.);
#923=VECTOR('',#3491,1.);
#924=VECTOR('',#3492,1.);
#925=VECTOR('',#3493,1.);
#926=VECTOR('',#3496,1.);
#927=VECTOR('',#3497,1.);
#928=VECTOR('',#3498,1.);
#929=VECTOR('',#3501,1.);
#930=VECTOR('',#3502,1.);
#931=VECTOR('',#3503,1.);
#932=VECTOR('',#3506,1.);
#933=VECTOR('',#3507,1.);
#934=VECTOR('',#3508,1.);
#935=VECTOR('',#3511,1.);
#936=VECTOR('',#3514,1.);
#937=VECTOR('',#3517,1.);
#938=VECTOR('',#3520,1.);
#939=VECTOR('',#3521,1.);
#940=VECTOR('',#3522,1.);
#941=VECTOR('',#3525,1.);
#942=VECTOR('',#3528,1.);
#943=VECTOR('',#3531,1.);
#944=VECTOR('',#3534,1.);
#945=VECTOR('',#3537,1.);
#946=VECTOR('',#3538,1.);
#947=VECTOR('',#3539,1.);
#948=VECTOR('',#3542,1.);
#949=VECTOR('',#3545,1.);
#950=VECTOR('',#3548,1.);
#951=VECTOR('',#3549,1.);
#952=VECTOR('',#3550,1.);
#953=VECTOR('',#3551,1.);
#954=VECTOR('',#3554,1.);
#955=VECTOR('',#3555,1.);
#956=VECTOR('',#3556,1.);
#957=VECTOR('',#3559,1.);
#958=VECTOR('',#3560,1.);
#959=VECTOR('',#3563,1.);
#960=VECTOR('',#3564,1.);
#961=VECTOR('',#3567,1.);
#962=VECTOR('',#3572,1.);
#963=VECTOR('',#3575,1.);
#964=VECTOR('',#3578,1.);
#965=VECTOR('',#3579,1.);
#966=VECTOR('',#3580,1.);
#967=VECTOR('',#3587,1.);
#968=VECTOR('',#3590,1.);
#969=VECTOR('',#3591,1.);
#970=VECTOR('',#3596,1.);
#971=VECTOR('',#3599,1.);
#972=VECTOR('',#3602,1.);
#973=VECTOR('',#3603,1.);
#974=VECTOR('',#3604,1.);
#975=VECTOR('',#3611,1.);
#976=VECTOR('',#3614,1.);
#977=VECTOR('',#3615,1.);
#978=VECTOR('',#3620,0.7);
#979=VECTOR('',#3627,0.7);
#980=VECTOR('',#3632,1.);
#981=VECTOR('',#3633,1.);
#982=VECTOR('',#3634,1.);
#983=VECTOR('',#3637,1.);
#984=VECTOR('',#3638,1.);
#985=VECTOR('',#3639,1.);
#986=VECTOR('',#3646,1.);
#987=VECTOR('',#3649,1.);
#988=VECTOR('',#3652,1.);
#989=VECTOR('',#3653,1.);
#990=VECTOR('',#3654,1.);
#991=VECTOR('',#3655,1.);
#992=VECTOR('',#3660,1.);
#993=VECTOR('',#3665,1.);
#994=VECTOR('',#3666,1.);
#995=VECTOR('',#3669,1.);
#996=VECTOR('',#3672,1.);
#997=VECTOR('',#3673,1.);
#998=VECTOR('',#3676,1.);
#999=VECTOR('',#3679,1.);
#1000=VECTOR('',#3680,1.);
#1001=VECTOR('',#3681,1.);
#1002=VECTOR('',#3684,1.);
#1003=VECTOR('',#3685,1.);
#1004=VECTOR('',#3688,1.);
#1005=VECTOR('',#3691,1.);
#1006=VECTOR('',#3694,1.);
#1007=VECTOR('',#3695,1.);
#1008=VECTOR('',#3696,1.);
#1009=VECTOR('',#3699,1.);
#1010=VECTOR('',#3706,1.);
#1011=VECTOR('',#3709,1.);
#1012=VECTOR('',#3710,1.);
#1013=VECTOR('',#3711,1.);
#1014=VECTOR('',#3712,1.);
#1015=VECTOR('',#3715,1.);
#1016=VECTOR('',#3716,1.);
#1017=VECTOR('',#3717,1.);
#1018=VECTOR('',#3718,1.);
#1019=VECTOR('',#3723,1.);
#1020=VECTOR('',#3726,1.);
#1021=VECTOR('',#3727,1.);
#1022=VECTOR('',#3728,1.);
#1023=VECTOR('',#3729,1.);
#1024=VECTOR('',#3732,1.);
#1025=VECTOR('',#3733,1.);
#1026=VECTOR('',#3734,1.);
#1027=VECTOR('',#3735,1.);
#1028=VECTOR('',#3736,1.);
#1029=VECTOR('',#3739,1.);
#1030=VECTOR('',#3752,1.);
#1031=VECTOR('',#3755,1.);
#1032=VECTOR('',#3758,1.);
#1033=VECTOR('',#3759,1.);
#1034=VECTOR('',#3762,1.);
#1035=VECTOR('',#3763,1.);
#1036=VECTOR('',#3764,1.);
#1037=VECTOR('',#3771,1.);
#1038=VECTOR('',#3774,1.);
#1039=VECTOR('',#3775,1.);
#1040=VECTOR('',#3782,1.);
#1041=VECTOR('',#3785,1.);
#1042=VECTOR('',#3788,1.);
#1043=VECTOR('',#3791,1.);
#1044=VECTOR('',#3792,1.);
#1045=VECTOR('',#3793,1.);
#1046=VECTOR('',#3794,1.);
#1047=VECTOR('',#3799,1.);
#1048=VECTOR('',#3802,1.);
#1049=VECTOR('',#3807,0.635);
#1050=VECTOR('',#3812,1.);
#1051=VECTOR('',#3817,1.);
#1052=VECTOR('',#3818,1.);
#1053=VECTOR('',#3821,1.);
#1054=VECTOR('',#3830,1.);
#1055=VECTOR('',#3833,1.);
#1056=VECTOR('',#3834,1.);
#1057=VECTOR('',#3839,1.);
#1058=VECTOR('',#3842,1.);
#1059=VECTOR('',#3849,1.);
#1060=VECTOR('',#3850,1.);
#1061=VECTOR('',#3855,1.);
#1062=VECTOR('',#3860,1.);
#1063=VECTOR('',#3863,1.);
#1064=VECTOR('',#3866,1.);
#1065=VECTOR('',#3873,1.);
#1066=VECTOR('',#3874,1.);
#1067=VECTOR('',#3875,1.);
#1068=VECTOR('',#3876,1.);
#1069=VECTOR('',#3879,1.);
#1070=VECTOR('',#3880,1.);
#1071=VECTOR('',#3881,1.);
#1072=VECTOR('',#3882,1.);
#1073=VECTOR('',#3885,1.);
#1074=VECTOR('',#3886,1.);
#1075=VECTOR('',#3889,1.);
#1076=VECTOR('',#3892,1.);
#1077=VECTOR('',#3899,0.600000000000001);
#1078=VECTOR('',#3904,1.);
#1079=VECTOR('',#3905,1.);
#1080=VECTOR('',#3906,1.);
#1081=VECTOR('',#3907,1.);
#1082=VECTOR('',#3914,1.);
#1083=VECTOR('',#3917,1.);
#1084=VECTOR('',#3918,1.);
#1085=VECTOR('',#3919,1.);
#1086=VECTOR('',#3922,1.);
#1087=VECTOR('',#3923,1.);
#1088=VECTOR('',#3924,1.);
#1089=VECTOR('',#3927,1.);
#1090=VECTOR('',#3928,1.);
#1091=VECTOR('',#3929,1.);
#1092=VECTOR('',#3932,1.);
#1093=VECTOR('',#3933,1.);
#1094=VECTOR('',#3942,0.600000000000001);
#1095=VECTOR('',#3947,1.);
#1096=VECTOR('',#3948,1.);
#1097=VECTOR('',#3949,1.);
#1098=VECTOR('',#3950,1.);
#1099=VECTOR('',#3957,1.);
#1100=VECTOR('',#3960,1.);
#1101=VECTOR('',#3961,1.);
#1102=VECTOR('',#3962,1.);
#1103=VECTOR('',#3965,1.);
#1104=VECTOR('',#3966,1.);
#1105=VECTOR('',#3967,1.);
#1106=VECTOR('',#3970,1.);
#1107=VECTOR('',#3971,1.);
#1108=VECTOR('',#3972,1.);
#1109=VECTOR('',#3975,1.);
#1110=VECTOR('',#3976,1.);
#1111=VECTOR('',#3985,1.50875);
#1112=VECTOR('',#3992,1.905);
#1113=VECTOR('',#4001,1.);
#1114=VECTOR('',#4002,1.);
#1115=VECTOR('',#4003,1.);
#1116=VECTOR('',#4004,1.);
#1117=VECTOR('',#4007,1.);
#1118=VECTOR('',#4008,1.);
#1119=VECTOR('',#4009,1.);
#1120=VECTOR('',#4012,1.);
#1121=VECTOR('',#4013,1.);
#1122=VECTOR('',#4014,1.);
#1123=VECTOR('',#4017,1.);
#1124=VECTOR('',#4018,1.);
#1125=VECTOR('',#4019,1.);
#1126=VECTOR('',#4020,1.);
#1127=VECTOR('',#4021,1.);
#1128=VECTOR('',#4022,1.);
#1129=VECTOR('',#4023,1.);
#1130=VECTOR('',#4024,1.);
#1131=VECTOR('',#4025,1.);
#1132=VECTOR('',#4030,1.);
#1133=VECTOR('',#4031,1.);
#1134=VECTOR('',#4034,1.);
#1135=VECTOR('',#4035,1.);
#1136=VECTOR('',#4036,1.);
#1137=VECTOR('',#4039,1.);
#1138=VECTOR('',#4040,1.);
#1139=VECTOR('',#4043,1.);
#1140=VECTOR('',#4044,1.);
#1141=VECTOR('',#4047,1.);
#1142=VECTOR('',#4048,1.);
#1143=VECTOR('',#4051,1.);
#1144=VECTOR('',#4052,1.);
#1145=VECTOR('',#4055,1.945);
#1146=VECTOR('',#4060,1.);
#1147=VECTOR('',#4061,1.);
#1148=VECTOR('',#4064,1.);
#1149=VECTOR('',#4067,1.);
#1150=VECTOR('',#4072,1.);
#1151=VECTOR('',#4073,1.);
#1152=VECTOR('',#4074,1.);
#1153=VECTOR('',#4075,1.);
#1154=VECTOR('',#4082,1.);
#1155=VECTOR('',#4085,1.);
#1156=VECTOR('',#4086,1.);
#1157=VECTOR('',#4089,1.);
#1158=VECTOR('',#4092,1.);
#1159=VECTOR('',#4093,1.);
#1160=VECTOR('',#4094,1.);
#1161=VECTOR('',#4099,1.);
#1162=VECTOR('',#4102,1.);
#1163=VECTOR('',#4103,1.);
#1164=VECTOR('',#4104,1.);
#1165=VECTOR('',#4105,1.);
#1166=VECTOR('',#4106,1.);
#1167=VECTOR('',#4109,1.);
#1168=VECTOR('',#4114,1.);
#1169=VECTOR('',#4115,1.);
#1170=VECTOR('',#4118,0.3175);
#1171=VECTOR('',#4123,1.);
#1172=VECTOR('',#4124,1.);
#1173=VECTOR('',#4125,1.);
#1174=VECTOR('',#4128,1.);
#1175=VECTOR('',#4129,1.);
#1176=VECTOR('',#4132,1.);
#1177=VECTOR('',#4133,1.);
#1178=VECTOR('',#4136,1.);
#1179=VECTOR('',#4139,1.);
#1180=VECTOR('',#4140,1.);
#1181=VECTOR('',#4149,1.);
#1182=VECTOR('',#4150,1.);
#1183=VECTOR('',#4151,1.);
#1184=VECTOR('',#4152,1.);
#1185=VECTOR('',#4155,1.);
#1186=VECTOR('',#4156,1.);
#1187=VECTOR('',#4157,1.);
#1188=VECTOR('',#4158,1.);
#1189=VECTOR('',#4161,1.);
#1190=VECTOR('',#4164,1.);
#1191=VECTOR('',#4171,1.);
#1192=VECTOR('',#4174,1.);
#1193=VECTOR('',#4179,1.);
#1194=VECTOR('',#4182,1.);
#1195=VECTOR('',#4183,1.);
#1196=VECTOR('',#4184,1.);
#1197=VECTOR('',#4185,1.);
#1198=VECTOR('',#4186,1.);
#1199=VECTOR('',#4191,1.);
#1200=VECTOR('',#4192,1.);
#1201=VECTOR('',#4195,1.);
#1202=VECTOR('',#4196,1.);
#1203=VECTOR('',#4201,0.3175);
#1204=VECTOR('',#4204,1.);
#1205=VECTOR('',#4205,1.);
#1206=VECTOR('',#4206,1.);
#1207=VECTOR('',#4209,1.);
#1208=VECTOR('',#4210,1.);
#1209=VECTOR('',#4213,1.);
#1210=VECTOR('',#4214,1.);
#1211=VECTOR('',#4217,1.);
#1212=VECTOR('',#4228,0.22);
#1213=VECTOR('',#4235,0.22);
#1214=VECTOR('',#4240,1.);
#1215=VECTOR('',#4241,1.);
#1216=VECTOR('',#4242,1.);
#1217=VECTOR('',#4243,1.);
#1218=VECTOR('',#4246,1.);
#1219=VECTOR('',#4247,1.);
#1220=VECTOR('',#4248,1.);
#1221=VECTOR('',#4251,1.);
#1222=VECTOR('',#4252,1.);
#1223=VECTOR('',#4255,1.);
#1224=VECTOR('',#4256,1.);
#1225=VECTOR('',#4259,1.);
#1226=VECTOR('',#4262,1.);
#1227=VECTOR('',#4265,1.);
#1228=VECTOR('',#4270,1.);
#1229=VECTOR('',#4271,1.);
#1230=VECTOR('',#4272,1.);
#1231=VECTOR('',#4273,1.);
#1232=VECTOR('',#4274,1.);
#1233=VECTOR('',#4277,1.);
#1234=VECTOR('',#4278,1.);
#1235=VECTOR('',#4281,1.);
#1236=VECTOR('',#4282,1.);
#1237=VECTOR('',#4285,1.);
#1238=VECTOR('',#4286,1.);
#1239=VECTOR('',#4289,1.);
#1240=VECTOR('',#4290,1.);
#1241=VECTOR('',#4293,1.);
#1242=VECTOR('',#4296,1.);
#1243=VECTOR('',#4297,1.);
#1244=VECTOR('',#4298,1.);
#1245=VECTOR('',#4299,1.);
#1246=VECTOR('',#4302,1.);
#1247=VECTOR('',#4303,1.);
#1248=VECTOR('',#4304,1.);
#1249=VECTOR('',#4307,1.);
#1250=VECTOR('',#4308,1.);
#1251=VECTOR('',#4311,1.);
#1252=VECTOR('',#4312,1.);
#1253=VECTOR('',#4315,1.);
#1254=VECTOR('',#4318,1.);
#1255=VECTOR('',#4319,1.);
#1256=VECTOR('',#4320,1.);
#1257=VECTOR('',#4321,1.);
#1258=VECTOR('',#4324,1.);
#1259=VECTOR('',#4325,1.);
#1260=VECTOR('',#4326,1.);
#1261=VECTOR('',#4329,1.);
#1262=VECTOR('',#4330,1.);
#1263=VECTOR('',#4333,1.);
#1264=VECTOR('',#4334,1.);
#1265=VECTOR('',#4337,1.);
#1266=VECTOR('',#4340,1.);
#1267=VECTOR('',#4341,1.);
#1268=VECTOR('',#4342,1.);
#1269=VECTOR('',#4343,1.);
#1270=VECTOR('',#4346,1.);
#1271=VECTOR('',#4347,1.);
#1272=VECTOR('',#4348,1.);
#1273=VECTOR('',#4349,1.);
#1274=VECTOR('',#4352,1.);
#1275=VECTOR('',#4353,1.);
#1276=VECTOR('',#4356,1.);
#1277=VECTOR('',#4359,1.);
#1278=VERTEX_POINT('',#4364);
#1279=VERTEX_POINT('',#4365);
#1280=VERTEX_POINT('',#4367);
#1281=VERTEX_POINT('',#4369);
#1282=VERTEX_POINT('',#4373);
#1283=VERTEX_POINT('',#4374);
#1284=VERTEX_POINT('',#4379);
#1285=VERTEX_POINT('',#4381);
#1286=VERTEX_POINT('',#4385);
#1287=VERTEX_POINT('',#4387);
#1288=VERTEX_POINT('',#4393);
#1289=VERTEX_POINT('',#4395);
#1290=VERTEX_POINT('',#4397);
#1291=VERTEX_POINT('',#4399);
#1292=VERTEX_POINT('',#4401);
#1293=VERTEX_POINT('',#4403);
#1294=VERTEX_POINT('',#4405);
#1295=VERTEX_POINT('',#4407);
#1296=VERTEX_POINT('',#4409);
#1297=VERTEX_POINT('',#4411);
#1298=VERTEX_POINT('',#4415);
#1299=VERTEX_POINT('',#4417);
#1300=VERTEX_POINT('',#4419);
#1301=VERTEX_POINT('',#4421);
#1302=VERTEX_POINT('',#4423);
#1303=VERTEX_POINT('',#4425);
#1304=VERTEX_POINT('',#4427);
#1305=VERTEX_POINT('',#4429);
#1306=VERTEX_POINT('',#4431);
#1307=VERTEX_POINT('',#4433);
#1308=VERTEX_POINT('',#4438);
#1309=VERTEX_POINT('',#4440);
#1310=VERTEX_POINT('',#4444);
#1311=VERTEX_POINT('',#4445);
#1312=VERTEX_POINT('',#4450);
#1313=VERTEX_POINT('',#4454);
#1314=VERTEX_POINT('',#4460);
#1315=VERTEX_POINT('',#4461);
#1316=VERTEX_POINT('',#4463);
#1317=VERTEX_POINT('',#4465);
#1318=VERTEX_POINT('',#4469);
#1319=VERTEX_POINT('',#4471);
#1320=VERTEX_POINT('',#4475);
#1321=VERTEX_POINT('',#4477);
#1322=VERTEX_POINT('',#4484);
#1323=VERTEX_POINT('',#4485);
#1324=VERTEX_POINT('',#4487);
#1325=VERTEX_POINT('',#4489);
#1326=VERTEX_POINT('',#4493);
#1327=VERTEX_POINT('',#4495);
#1328=VERTEX_POINT('',#4499);
#1329=VERTEX_POINT('',#4501);
#1330=VERTEX_POINT('',#4508);
#1331=VERTEX_POINT('',#4510);
#1332=VERTEX_POINT('',#4514);
#1333=VERTEX_POINT('',#4516);
#1334=VERTEX_POINT('',#4520);
#1335=VERTEX_POINT('',#4521);
#1336=VERTEX_POINT('',#4523);
#1337=VERTEX_POINT('',#4525);
#1338=VERTEX_POINT('',#4527);
#1339=VERTEX_POINT('',#4529);
#1340=VERTEX_POINT('',#4531);
#1341=VERTEX_POINT('',#4533);
#1342=VERTEX_POINT('',#4537);
#1343=VERTEX_POINT('',#4538);
#1344=VERTEX_POINT('',#4540);
#1345=VERTEX_POINT('',#4542);
#1346=VERTEX_POINT('',#4546);
#1347=VERTEX_POINT('',#4547);
#1348=VERTEX_POINT('',#4549);
#1349=VERTEX_POINT('',#4551);
#1350=VERTEX_POINT('',#4555);
#1351=VERTEX_POINT('',#4557);
#1352=VERTEX_POINT('',#4564);
#1353=VERTEX_POINT('',#4566);
#1354=VERTEX_POINT('',#4569);
#1355=VERTEX_POINT('',#4571);
#1356=VERTEX_POINT('',#4575);
#1357=VERTEX_POINT('',#4577);
#1358=VERTEX_POINT('',#4584);
#1359=VERTEX_POINT('',#4586);
#1360=VERTEX_POINT('',#4590);
#1361=VERTEX_POINT('',#4592);
#1362=VERTEX_POINT('',#4594);
#1363=VERTEX_POINT('',#4596);
#1364=VERTEX_POINT('',#4598);
#1365=VERTEX_POINT('',#4602);
#1366=VERTEX_POINT('',#4604);
#1367=VERTEX_POINT('',#4606);
#1368=VERTEX_POINT('',#4608);
#1369=VERTEX_POINT('',#4610);
#1370=VERTEX_POINT('',#4612);
#1371=VERTEX_POINT('',#4617);
#1372=VERTEX_POINT('',#4619);
#1373=VERTEX_POINT('',#4623);
#1374=VERTEX_POINT('',#4625);
#1375=VERTEX_POINT('',#4627);
#1376=VERTEX_POINT('',#4629);
#1377=VERTEX_POINT('',#4631);
#1378=VERTEX_POINT('',#4636);
#1379=VERTEX_POINT('',#4638);
#1380=VERTEX_POINT('',#4640);
#1381=VERTEX_POINT('',#4642);
#1382=VERTEX_POINT('',#4644);
#1383=VERTEX_POINT('',#4646);
#1384=VERTEX_POINT('',#4648);
#1385=VERTEX_POINT('',#4655);
#1386=VERTEX_POINT('',#4656);
#1387=VERTEX_POINT('',#4658);
#1388=VERTEX_POINT('',#4660);
#1389=VERTEX_POINT('',#4667);
#1390=VERTEX_POINT('',#4669);
#1391=VERTEX_POINT('',#4673);
#1392=VERTEX_POINT('',#4675);
#1393=VERTEX_POINT('',#4679);
#1394=VERTEX_POINT('',#4681);
#1395=VERTEX_POINT('',#4686);
#1396=VERTEX_POINT('',#4690);
#1397=VERTEX_POINT('',#4695);
#1398=VERTEX_POINT('',#4697);
#1399=VERTEX_POINT('',#4706);
#1400=VERTEX_POINT('',#4708);
#1401=VERTEX_POINT('',#4722);
#1402=VERTEX_POINT('',#4726);
#1403=VERTEX_POINT('',#4730);
#1404=VERTEX_POINT('',#4738);
#1405=VERTEX_POINT('',#4740);
#1406=VERTEX_POINT('',#4744);
#1407=VERTEX_POINT('',#4747);
#1408=VERTEX_POINT('',#4757);
#1409=VERTEX_POINT('',#4758);
#1410=VERTEX_POINT('',#4760);
#1411=VERTEX_POINT('',#4762);
#1412=VERTEX_POINT('',#4766);
#1413=VERTEX_POINT('',#4767);
#1414=VERTEX_POINT('',#4769);
#1415=VERTEX_POINT('',#4771);
#1416=VERTEX_POINT('',#4783);
#1417=VERTEX_POINT('',#4785);
#1418=VERTEX_POINT('',#4789);
#1419=VERTEX_POINT('',#4790);
#1420=VERTEX_POINT('',#4792);
#1421=VERTEX_POINT('',#4794);
#1422=VERTEX_POINT('',#4798);
#1423=VERTEX_POINT('',#4800);
#1424=VERTEX_POINT('',#4804);
#1425=VERTEX_POINT('',#4806);
#1426=VERTEX_POINT('',#4810);
#1427=VERTEX_POINT('',#4812);
#1428=VERTEX_POINT('',#4816);
#1429=VERTEX_POINT('',#4818);
#1430=VERTEX_POINT('',#4827);
#1431=VERTEX_POINT('',#4829);
#1432=VERTEX_POINT('',#4833);
#1433=VERTEX_POINT('',#4834);
#1434=VERTEX_POINT('',#4836);
#1435=VERTEX_POINT('',#4838);
#1436=VERTEX_POINT('',#4842);
#1437=VERTEX_POINT('',#4844);
#1438=VERTEX_POINT('',#4848);
#1439=VERTEX_POINT('',#4850);
#1440=VERTEX_POINT('',#4854);
#1441=VERTEX_POINT('',#4856);
#1442=VERTEX_POINT('',#4860);
#1443=VERTEX_POINT('',#4862);
#1444=VERTEX_POINT('',#4871);
#1445=VERTEX_POINT('',#4873);
#1446=VERTEX_POINT('',#4877);
#1447=VERTEX_POINT('',#4879);
#1448=VERTEX_POINT('',#4885);
#1449=VERTEX_POINT('',#4886);
#1450=VERTEX_POINT('',#4888);
#1451=VERTEX_POINT('',#4890);
#1452=VERTEX_POINT('',#4894);
#1453=VERTEX_POINT('',#4896);
#1454=VERTEX_POINT('',#4900);
#1455=VERTEX_POINT('',#4902);
#1456=VERTEX_POINT('',#4906);
#1457=VERTEX_POINT('',#4908);
#1458=VERTEX_POINT('',#4910);
#1459=VERTEX_POINT('',#4912);
#1460=VERTEX_POINT('',#4914);
#1461=VERTEX_POINT('',#4916);
#1462=VERTEX_POINT('',#4918);
#1463=VERTEX_POINT('',#4920);
#1464=VERTEX_POINT('',#4923);
#1465=VERTEX_POINT('',#4926);
#1466=VERTEX_POINT('',#4930);
#1467=VERTEX_POINT('',#4931);
#1468=VERTEX_POINT('',#4936);
#1469=VERTEX_POINT('',#4940);
#1470=VERTEX_POINT('',#4944);
#1471=VERTEX_POINT('',#4948);
#1472=VERTEX_POINT('',#4952);
#1473=VERTEX_POINT('',#4956);
#1474=VERTEX_POINT('',#4965);
#1475=VERTEX_POINT('',#4966);
#1476=VERTEX_POINT('',#4968);
#1477=VERTEX_POINT('',#4970);
#1478=VERTEX_POINT('',#4974);
#1479=VERTEX_POINT('',#4976);
#1480=VERTEX_POINT('',#4980);
#1481=VERTEX_POINT('',#4982);
#1482=VERTEX_POINT('',#4984);
#1483=VERTEX_POINT('',#4988);
#1484=VERTEX_POINT('',#4990);
#1485=VERTEX_POINT('',#4994);
#1486=VERTEX_POINT('',#4998);
#1487=VERTEX_POINT('',#5000);
#1488=VERTEX_POINT('',#5002);
#1489=VERTEX_POINT('',#5004);
#1490=VERTEX_POINT('',#5006);
#1491=VERTEX_POINT('',#5008);
#1492=VERTEX_POINT('',#5011);
#1493=VERTEX_POINT('',#5014);
#1494=VERTEX_POINT('',#5018);
#1495=VERTEX_POINT('',#5022);
#1496=VERTEX_POINT('',#5023);
#1497=VERTEX_POINT('',#5028);
#1498=VERTEX_POINT('',#5032);
#1499=VERTEX_POINT('',#5038);
#1500=VERTEX_POINT('',#5045);
#1501=VERTEX_POINT('',#5046);
#1502=VERTEX_POINT('',#5048);
#1503=VERTEX_POINT('',#5050);
#1504=VERTEX_POINT('',#5054);
#1505=VERTEX_POINT('',#5055);
#1506=VERTEX_POINT('',#5057);
#1507=VERTEX_POINT('',#5059);
#1508=VERTEX_POINT('',#5063);
#1509=VERTEX_POINT('',#5064);
#1510=VERTEX_POINT('',#5070);
#1511=VERTEX_POINT('',#5074);
#1512=VERTEX_POINT('',#5078);
#1513=VERTEX_POINT('',#5080);
#1514=VERTEX_POINT('',#5082);
#1515=VERTEX_POINT('',#5084);
#1516=VERTEX_POINT('',#5086);
#1517=VERTEX_POINT('',#5088);
#1518=VERTEX_POINT('',#5091);
#1519=VERTEX_POINT('',#5094);
#1520=VERTEX_POINT('',#5098);
#1521=VERTEX_POINT('',#5102);
#1522=VERTEX_POINT('',#5106);
#1523=VERTEX_POINT('',#5108);
#1524=VERTEX_POINT('',#5112);
#1525=VERTEX_POINT('',#5116);
#1526=VERTEX_POINT('',#5125);
#1527=VERTEX_POINT('',#5127);
#1528=VERTEX_POINT('',#5131);
#1529=VERTEX_POINT('',#5133);
#1530=VERTEX_POINT('',#5137);
#1531=VERTEX_POINT('',#5138);
#1532=VERTEX_POINT('',#5140);
#1533=VERTEX_POINT('',#5142);
#1534=VERTEX_POINT('',#5146);
#1535=VERTEX_POINT('',#5148);
#1536=VERTEX_POINT('',#5152);
#1537=VERTEX_POINT('',#5156);
#1538=VERTEX_POINT('',#5162);
#1539=VERTEX_POINT('',#5163);
#1540=VERTEX_POINT('',#5165);
#1541=VERTEX_POINT('',#5167);
#1542=VERTEX_POINT('',#5171);
#1543=VERTEX_POINT('',#5173);
#1544=VERTEX_POINT('',#5175);
#1545=VERTEX_POINT('',#5177);
#1546=VERTEX_POINT('',#5181);
#1547=VERTEX_POINT('',#5185);
#1548=VERTEX_POINT('',#5189);
#1549=VERTEX_POINT('',#5193);
#1550=VERTEX_POINT('',#5199);
#1551=VERTEX_POINT('',#5200);
#1552=VERTEX_POINT('',#5202);
#1553=VERTEX_POINT('',#5204);
#1554=VERTEX_POINT('',#5208);
#1555=VERTEX_POINT('',#5210);
#1556=VERTEX_POINT('',#5214);
#1557=VERTEX_POINT('',#5218);
#1558=VERTEX_POINT('',#5224);
#1559=VERTEX_POINT('',#5225);
#1560=VERTEX_POINT('',#5227);
#1561=VERTEX_POINT('',#5229);
#1562=VERTEX_POINT('',#5233);
#1563=VERTEX_POINT('',#5235);
#1564=VERTEX_POINT('',#5239);
#1565=VERTEX_POINT('',#5243);
#1566=VERTEX_POINT('',#5249);
#1567=VERTEX_POINT('',#5250);
#1568=VERTEX_POINT('',#5252);
#1569=VERTEX_POINT('',#5254);
#1570=VERTEX_POINT('',#5258);
#1571=VERTEX_POINT('',#5259);
#1572=VERTEX_POINT('',#5261);
#1573=VERTEX_POINT('',#5263);
#1574=EDGE_CURVE('',#1278,#1279,#566,.T.);
#1575=EDGE_CURVE('',#1280,#1279,#567,.T.);
#1576=EDGE_CURVE('',#1281,#1280,#568,.T.);
#1577=EDGE_CURVE('',#1281,#1278,#569,.T.);
#1578=EDGE_CURVE('',#1282,#1283,#570,.T.);
#1579=EDGE_CURVE('',#1283,#1281,#571,.T.);
#1580=EDGE_CURVE('',#1280,#1282,#572,.T.);
#1581=EDGE_CURVE('',#1284,#1279,#573,.T.);
#1582=EDGE_CURVE('',#1285,#1284,#574,.T.);
#1583=EDGE_CURVE('',#1282,#1285,#575,.T.);
#1584=EDGE_CURVE('',#1283,#1286,#576,.T.);
#1585=EDGE_CURVE('',#1287,#1286,#577,.T.);
#1586=EDGE_CURVE('',#1278,#1287,#578,.T.);
#1587=EDGE_CURVE('',#1286,#1285,#579,.T.);
#1588=EDGE_CURVE('',#1279,#1288,#580,.T.);
#1589=EDGE_CURVE('',#1288,#1289,#111,.T.);
#1590=EDGE_CURVE('',#1289,#1290,#581,.T.);
#1591=EDGE_CURVE('',#1290,#1291,#112,.T.);
#1592=EDGE_CURVE('',#1291,#1292,#582,.T.);
#1593=EDGE_CURVE('',#1292,#1293,#583,.T.);
#1594=EDGE_CURVE('',#1294,#1293,#584,.T.);
#1595=EDGE_CURVE('',#1294,#1295,#113,.T.);
#1596=EDGE_CURVE('',#1295,#1296,#585,.T.);
#1597=EDGE_CURVE('',#1296,#1297,#114,.T.);
#1598=EDGE_CURVE('',#1284,#1297,#586,.T.);
#1599=EDGE_CURVE('',#1298,#1287,#587,.T.);
#1600=EDGE_CURVE('',#1298,#1299,#115,.T.);
#1601=EDGE_CURVE('',#1300,#1299,#588,.T.);
#1602=EDGE_CURVE('',#1300,#1301,#116,.T.);
#1603=EDGE_CURVE('',#1302,#1301,#589,.T.);
#1604=EDGE_CURVE('',#1302,#1303,#590,.T.);
#1605=EDGE_CURVE('',#1303,#1304,#591,.T.);
#1606=EDGE_CURVE('',#1304,#1305,#117,.T.);
#1607=EDGE_CURVE('',#1305,#1306,#592,.T.);
#1608=EDGE_CURVE('',#1306,#1307,#118,.T.);
#1609=EDGE_CURVE('',#1307,#1278,#593,.T.);
#1610=EDGE_CURVE('',#1292,#1303,#594,.T.);
#1611=EDGE_CURVE('',#1303,#1308,#595,.T.);
#1612=EDGE_CURVE('',#1309,#1308,#596,.T.);
#1613=EDGE_CURVE('',#1292,#1309,#597,.T.);
#1614=EDGE_CURVE('',#1310,#1311,#598,.T.);
#1615=EDGE_CURVE('',#1311,#1309,#599,.T.);
#1616=EDGE_CURVE('',#1308,#1310,#600,.T.);
#1617=EDGE_CURVE('',#1312,#1311,#601,.T.);
#1618=EDGE_CURVE('',#1293,#1312,#602,.T.);
#1619=EDGE_CURVE('',#1313,#1310,#603,.T.);
#1620=EDGE_CURVE('',#1313,#1302,#604,.T.);
#1621=EDGE_CURVE('',#1312,#1313,#605,.T.);
#1622=EDGE_CURVE('',#1314,#1315,#119,.T.);
#1623=EDGE_CURVE('',#1314,#1316,#606,.T.);
#1624=EDGE_CURVE('',#1317,#1316,#120,.T.);
#1625=EDGE_CURVE('',#1317,#1315,#607,.T.);
#1626=EDGE_CURVE('',#1315,#1318,#608,.T.);
#1627=EDGE_CURVE('',#1319,#1317,#609,.T.);
#1628=EDGE_CURVE('',#1318,#1319,#610,.T.);
#1629=EDGE_CURVE('',#1318,#1320,#121,.T.);
#1630=EDGE_CURVE('',#1321,#1319,#122,.T.);
#1631=EDGE_CURVE('',#1321,#1320,#611,.T.);
#1632=EDGE_CURVE('',#1320,#1314,#612,.T.);
#1633=EDGE_CURVE('',#1316,#1321,#613,.T.);
#1634=EDGE_CURVE('',#1322,#1323,#123,.T.);
#1635=EDGE_CURVE('',#1322,#1324,#614,.T.);
#1636=EDGE_CURVE('',#1325,#1324,#124,.T.);
#1637=EDGE_CURVE('',#1325,#1323,#615,.T.);
#1638=EDGE_CURVE('',#1323,#1326,#616,.T.);
#1639=EDGE_CURVE('',#1327,#1325,#617,.T.);
#1640=EDGE_CURVE('',#1326,#1327,#618,.T.);
#1641=EDGE_CURVE('',#1326,#1328,#125,.T.);
#1642=EDGE_CURVE('',#1329,#1327,#126,.T.);
#1643=EDGE_CURVE('',#1329,#1328,#619,.T.);
#1644=EDGE_CURVE('',#1328,#1322,#620,.T.);
#1645=EDGE_CURVE('',#1324,#1329,#621,.T.);
#1646=EDGE_CURVE('',#1330,#1330,#127,.T.);
#1647=EDGE_CURVE('',#1330,#1331,#622,.T.);
#1648=EDGE_CURVE('',#1331,#1331,#128,.T.);
#1649=EDGE_CURVE('',#1332,#1332,#129,.T.);
#1650=EDGE_CURVE('',#1332,#1333,#623,.T.);
#1651=EDGE_CURVE('',#1333,#1333,#130,.T.);
#1652=EDGE_CURVE('',#1334,#1335,#624,.T.);
#1653=EDGE_CURVE('',#1334,#1336,#625,.T.);
#1654=EDGE_CURVE('',#1337,#1336,#626,.T.);
#1655=EDGE_CURVE('',#1338,#1337,#131,.T.);
#1656=EDGE_CURVE('',#1339,#1338,#627,.T.);
#1657=EDGE_CURVE('',#1340,#1339,#628,.T.);
#1658=EDGE_CURVE('',#1341,#1340,#629,.T.);
#1659=EDGE_CURVE('',#1335,#1341,#132,.T.);
#1660=EDGE_CURVE('',#1342,#1343,#133,.T.);
#1661=EDGE_CURVE('',#1344,#1342,#630,.T.);
#1662=EDGE_CURVE('',#1345,#1344,#134,.T.);
#1663=EDGE_CURVE('',#1345,#1343,#631,.T.);
#1664=EDGE_CURVE('',#1346,#1347,#632,.T.);
#1665=EDGE_CURVE('',#1348,#1346,#633,.T.);
#1666=EDGE_CURVE('',#1349,#1348,#634,.T.);
#1667=EDGE_CURVE('',#1349,#1347,#635,.T.);
#1668=EDGE_CURVE('',#1350,#1334,#135,.T.);
#1669=EDGE_CURVE('',#1350,#1351,#636,.T.);
#1670=EDGE_CURVE('',#1336,#1351,#136,.T.);
#1671=EDGE_CURVE('',#1343,#1350,#637,.T.);
#1672=EDGE_CURVE('',#1351,#1345,#638,.T.);
#1673=EDGE_CURVE('',#1352,#1342,#639,.T.);
#1674=EDGE_CURVE('',#1353,#1352,#137,.T.);
#1675=EDGE_CURVE('',#1347,#1353,#640,.T.);
#1676=EDGE_CURVE('',#1354,#1349,#641,.T.);
#1677=EDGE_CURVE('',#1355,#1354,#138,.T.);
#1678=EDGE_CURVE('',#1344,#1355,#642,.T.);
#1679=EDGE_CURVE('',#1356,#1339,#643,.T.);
#1680=EDGE_CURVE('',#1356,#1357,#644,.T.);
#1681=EDGE_CURVE('',#1340,#1357,#645,.T.);
#1682=EDGE_CURVE('',#1305,#1352,#646,.T.);
#1683=EDGE_CURVE('',#1304,#1353,#647,.T.);
#1684=EDGE_CURVE('',#1341,#1358,#648,.T.);
#1685=EDGE_CURVE('',#1359,#1358,#139,.T.);
#1686=EDGE_CURVE('',#1335,#1359,#649,.T.);
#1687=EDGE_CURVE('',#1360,#1291,#650,.T.);
#1688=EDGE_CURVE('',#1360,#1361,#651,.T.);
#1689=EDGE_CURVE('',#1361,#1362,#652,.T.);
#1690=EDGE_CURVE('',#1362,#1363,#140,.T.);
#1691=EDGE_CURVE('',#1363,#1364,#653,.T.);
#1692=EDGE_CURVE('',#1364,#1346,#141,.T.);
#1693=EDGE_CURVE('',#1357,#1365,#142,.T.);
#1694=EDGE_CURVE('',#1365,#1366,#654,.T.);
#1695=EDGE_CURVE('',#1366,#1367,#143,.T.);
#1696=EDGE_CURVE('',#1367,#1368,#655,.T.);
#1697=EDGE_CURVE('',#1368,#1369,#656,.T.);
#1698=EDGE_CURVE('',#1370,#1369,#657,.T.);
#1699=EDGE_CURVE('',#1358,#1370,#658,.T.);
#1700=EDGE_CURVE('',#1300,#1355,#659,.T.);
#1701=EDGE_CURVE('',#1371,#1299,#660,.T.);
#1702=EDGE_CURVE('',#1372,#1371,#661,.T.);
#1703=EDGE_CURVE('',#1337,#1372,#662,.T.);
#1704=EDGE_CURVE('',#1348,#1373,#144,.T.);
#1705=EDGE_CURVE('',#1373,#1374,#663,.T.);
#1706=EDGE_CURVE('',#1374,#1375,#145,.T.);
#1707=EDGE_CURVE('',#1375,#1376,#664,.T.);
#1708=EDGE_CURVE('',#1376,#1377,#665,.T.);
#1709=EDGE_CURVE('',#1377,#1294,#666,.T.);
#1710=EDGE_CURVE('',#1301,#1354,#667,.T.);
#1711=EDGE_CURVE('',#1338,#1378,#668,.T.);
#1712=EDGE_CURVE('',#1378,#1379,#669,.T.);
#1713=EDGE_CURVE('',#1379,#1380,#670,.T.);
#1714=EDGE_CURVE('',#1380,#1381,#671,.T.);
#1715=EDGE_CURVE('',#1381,#1382,#672,.T.);
#1716=EDGE_CURVE('',#1382,#1383,#146,.T.);
#1717=EDGE_CURVE('',#1383,#1384,#673,.T.);
#1718=EDGE_CURVE('',#1384,#1356,#147,.T.);
#1719=EDGE_CURVE('',#1378,#1372,#148,.T.);
#1720=EDGE_CURVE('',#1385,#1386,#149,.T.);
#1721=EDGE_CURVE('',#1387,#1385,#674,.T.);
#1722=EDGE_CURVE('',#1388,#1387,#150,.T.);
#1723=EDGE_CURVE('',#1388,#1386,#675,.T.);
#1724=EDGE_CURVE('',#1376,#1361,#676,.T.);
#1725=EDGE_CURVE('',#1362,#1375,#677,.T.);
#1726=EDGE_CURVE('',#1386,#1389,#678,.T.);
#1727=EDGE_CURVE('',#1390,#1388,#679,.T.);
#1728=EDGE_CURVE('',#1389,#1390,#680,.T.);
#1729=EDGE_CURVE('',#1389,#1391,#151,.T.);
#1730=EDGE_CURVE('',#1392,#1390,#152,.T.);
#1731=EDGE_CURVE('',#1391,#1392,#681,.T.);
#1732=EDGE_CURVE('',#1391,#1393,#682,.T.);
#1733=EDGE_CURVE('',#1394,#1392,#683,.T.);
#1734=EDGE_CURVE('',#1377,#1394,#153,.T.);
#1735=EDGE_CURVE('',#1393,#1360,#154,.T.);
#1736=EDGE_CURVE('',#1395,#1385,#684,.T.);
#1737=EDGE_CURVE('',#1369,#1395,#155,.T.);
#1738=EDGE_CURVE('',#1381,#1368,#685,.T.);
#1739=EDGE_CURVE('',#1396,#1380,#156,.T.);
#1740=EDGE_CURVE('',#1387,#1396,#686,.T.);
#1741=EDGE_CURVE('',#1393,#1290,#687,.T.);
#1742=EDGE_CURVE('',#1289,#1397,#688,.T.);
#1743=EDGE_CURVE('',#1398,#1397,#689,.T.);
#1744=EDGE_CURVE('',#1398,#1395,#690,.T.);
#1745=EDGE_CURVE('',#1374,#1363,#691,.T.);
#1746=EDGE_CURVE('',#1394,#1295,#692,.T.);
#1747=EDGE_CURVE('',#1399,#1399,#157,.T.);
#1748=EDGE_CURVE('',#1399,#1400,#693,.T.);
#1749=EDGE_CURVE('',#1400,#1400,#158,.T.);
#1750=EDGE_CURVE('',#1373,#1364,#694,.T.);
#1751=EDGE_CURVE('',#1383,#1366,#695,.T.);
#1752=EDGE_CURVE('',#1382,#1367,#696,.T.);
#1753=EDGE_CURVE('',#1384,#1365,#697,.T.);
#1754=EDGE_CURVE('',#1397,#1401,#159,.T.);
#1755=EDGE_CURVE('',#1288,#1401,#698,.T.);
#1756=EDGE_CURVE('',#1401,#1402,#699,.T.);
#1757=EDGE_CURVE('',#1402,#1307,#700,.T.);
#1758=EDGE_CURVE('',#1402,#1403,#160,.T.);
#1759=EDGE_CURVE('',#1403,#1306,#701,.T.);
#1760=EDGE_CURVE('',#1403,#1359,#702,.T.);
#1761=EDGE_CURVE('',#1370,#1398,#161,.T.);
#1762=EDGE_CURVE('',#1297,#1404,#703,.T.);
#1763=EDGE_CURVE('',#1296,#1405,#704,.T.);
#1764=EDGE_CURVE('',#1404,#1405,#162,.T.);
#1765=EDGE_CURVE('',#1406,#1405,#705,.T.);
#1766=EDGE_CURVE('',#1406,#1379,#163,.T.);
#1767=EDGE_CURVE('',#1371,#1407,#164,.T.);
#1768=EDGE_CURVE('',#1404,#1407,#706,.T.);
#1769=EDGE_CURVE('',#1406,#1396,#707,.T.);
#1770=EDGE_CURVE('',#1407,#1298,#708,.T.);
#1771=EDGE_CURVE('',#1408,#1409,#709,.T.);
#1772=EDGE_CURVE('',#1409,#1410,#710,.T.);
#1773=EDGE_CURVE('',#1410,#1411,#711,.T.);
#1774=EDGE_CURVE('',#1411,#1408,#712,.T.);
#1775=EDGE_CURVE('',#1412,#1413,#713,.T.);
#1776=EDGE_CURVE('',#1413,#1414,#714,.T.);
#1777=EDGE_CURVE('',#1414,#1415,#715,.T.);
#1778=EDGE_CURVE('',#1415,#1412,#716,.T.);
#1779=EDGE_CURVE('',#1411,#1414,#717,.T.);
#1780=EDGE_CURVE('',#1408,#1413,#718,.T.);
#1781=EDGE_CURVE('',#1410,#1415,#719,.T.);
#1782=EDGE_CURVE('',#1409,#1412,#720,.T.);
#1783=EDGE_CURVE('',#1416,#1416,#165,.T.);
#1784=EDGE_CURVE('',#1416,#1417,#721,.T.);
#1785=EDGE_CURVE('',#1417,#1417,#166,.T.);
#1786=EDGE_CURVE('',#1418,#1419,#722,.T.);
#1787=EDGE_CURVE('',#1419,#1420,#723,.T.);
#1788=EDGE_CURVE('',#1421,#1420,#724,.T.);
#1789=EDGE_CURVE('',#1418,#1421,#725,.T.);
#1790=EDGE_CURVE('',#1422,#1418,#167,.T.);
#1791=EDGE_CURVE('',#1423,#1421,#168,.T.);
#1792=EDGE_CURVE('',#1422,#1423,#726,.T.);
#1793=EDGE_CURVE('',#1424,#1422,#727,.T.);
#1794=EDGE_CURVE('',#1425,#1423,#728,.T.);
#1795=EDGE_CURVE('',#1424,#1425,#729,.T.);
#1796=EDGE_CURVE('',#1426,#1424,#730,.T.);
#1797=EDGE_CURVE('',#1427,#1425,#731,.T.);
#1798=EDGE_CURVE('',#1426,#1427,#732,.T.);
#1799=EDGE_CURVE('',#1428,#1426,#733,.T.);
#1800=EDGE_CURVE('',#1429,#1427,#734,.T.);
#1801=EDGE_CURVE('',#1428,#1429,#735,.T.);
#1802=EDGE_CURVE('',#1419,#1428,#736,.T.);
#1803=EDGE_CURVE('',#1420,#1429,#737,.T.);
#1804=EDGE_CURVE('',#1430,#1430,#169,.T.);
#1805=EDGE_CURVE('',#1430,#1431,#738,.T.);
#1806=EDGE_CURVE('',#1431,#1431,#170,.T.);
#1807=EDGE_CURVE('',#1432,#1433,#739,.T.);
#1808=EDGE_CURVE('',#1433,#1434,#740,.T.);
#1809=EDGE_CURVE('',#1435,#1434,#741,.T.);
#1810=EDGE_CURVE('',#1432,#1435,#742,.T.);
#1811=EDGE_CURVE('',#1436,#1432,#171,.T.);
#1812=EDGE_CURVE('',#1437,#1435,#172,.T.);
#1813=EDGE_CURVE('',#1436,#1437,#743,.T.);
#1814=EDGE_CURVE('',#1438,#1436,#744,.T.);
#1815=EDGE_CURVE('',#1439,#1437,#745,.T.);
#1816=EDGE_CURVE('',#1438,#1439,#746,.T.);
#1817=EDGE_CURVE('',#1440,#1438,#747,.T.);
#1818=EDGE_CURVE('',#1441,#1439,#748,.T.);
#1819=EDGE_CURVE('',#1440,#1441,#749,.T.);
#1820=EDGE_CURVE('',#1442,#1440,#750,.T.);
#1821=EDGE_CURVE('',#1443,#1441,#751,.T.);
#1822=EDGE_CURVE('',#1442,#1443,#752,.T.);
#1823=EDGE_CURVE('',#1433,#1442,#753,.T.);
#1824=EDGE_CURVE('',#1434,#1443,#754,.T.);
#1825=EDGE_CURVE('',#1444,#1444,#173,.T.);
#1826=EDGE_CURVE('',#1444,#1445,#755,.T.);
#1827=EDGE_CURVE('',#1445,#1445,#174,.T.);
#1828=EDGE_CURVE('',#1446,#1446,#175,.T.);
#1829=EDGE_CURVE('',#1446,#1447,#756,.T.);
#1830=EDGE_CURVE('',#1447,#1447,#176,.T.);
#1831=EDGE_CURVE('',#1448,#1449,#757,.T.);
#1832=EDGE_CURVE('',#1448,#1450,#758,.T.);
#1833=EDGE_CURVE('',#1451,#1450,#759,.T.);
#1834=EDGE_CURVE('',#1449,#1451,#760,.T.);
#1835=EDGE_CURVE('',#1452,#1448,#761,.T.);
#1836=EDGE_CURVE('',#1453,#1452,#762,.T.);
#1837=EDGE_CURVE('',#1450,#1453,#763,.T.);
#1838=EDGE_CURVE('',#1454,#1452,#764,.T.);
#1839=EDGE_CURVE('',#1455,#1454,#765,.T.);
#1840=EDGE_CURVE('',#1453,#1455,#766,.T.);
#1841=EDGE_CURVE('',#1456,#1449,#767,.T.);
#1842=EDGE_CURVE('',#1457,#1456,#768,.T.);
#1843=EDGE_CURVE('',#1458,#1457,#769,.T.);
#1844=EDGE_CURVE('',#1458,#1459,#770,.T.);
#1845=EDGE_CURVE('',#1459,#1460,#771,.T.);
#1846=EDGE_CURVE('',#1460,#1461,#772,.T.);
#1847=EDGE_CURVE('',#1462,#1461,#773,.T.);
#1848=EDGE_CURVE('',#1462,#1463,#774,.T.);
#1849=EDGE_CURVE('',#1454,#1463,#775,.T.);
#1850=EDGE_CURVE('',#1464,#1464,#177,.T.);
#1851=EDGE_CURVE('',#1451,#1465,#776,.T.);
#1852=EDGE_CURVE('',#1465,#1456,#777,.T.);
#1853=EDGE_CURVE('',#1466,#1467,#778,.T.);
#1854=EDGE_CURVE('',#1466,#1459,#779,.T.);
#1855=EDGE_CURVE('',#1467,#1458,#780,.T.);
#1856=EDGE_CURVE('',#1468,#1466,#781,.T.);
#1857=EDGE_CURVE('',#1460,#1468,#782,.T.);
#1858=EDGE_CURVE('',#1469,#1468,#783,.T.);
#1859=EDGE_CURVE('',#1461,#1469,#784,.T.);
#1860=EDGE_CURVE('',#1469,#1470,#785,.T.);
#1861=EDGE_CURVE('',#1470,#1462,#786,.T.);
#1862=EDGE_CURVE('',#1457,#1471,#787,.T.);
#1863=EDGE_CURVE('',#1471,#1467,#788,.T.);
#1864=EDGE_CURVE('',#1464,#1472,#789,.T.);
#1865=EDGE_CURVE('',#1472,#1472,#178,.T.);
#1866=EDGE_CURVE('',#1463,#1473,#790,.T.);
#1867=EDGE_CURVE('',#1473,#1455,#791,.T.);
#1868=EDGE_CURVE('',#1471,#1465,#792,.T.);
#1869=EDGE_CURVE('',#1470,#1473,#793,.T.);
#1870=EDGE_CURVE('',#1474,#1475,#794,.T.);
#1871=EDGE_CURVE('',#1476,#1474,#795,.T.);
#1872=EDGE_CURVE('',#1476,#1477,#796,.T.);
#1873=EDGE_CURVE('',#1475,#1477,#797,.T.);
#1874=EDGE_CURVE('',#1477,#1478,#13,.T.);
#1875=EDGE_CURVE('',#1479,#1476,#179,.T.);
#1876=EDGE_CURVE('',#1478,#1479,#798,.T.);
#1877=EDGE_CURVE('',#1480,#1474,#799,.T.);
#1878=EDGE_CURVE('',#1480,#1481,#800,.T.);
#1879=EDGE_CURVE('',#1481,#1482,#180,.T.);
#1880=EDGE_CURVE('',#1479,#1482,#801,.T.);
#1881=EDGE_CURVE('',#1483,#1480,#802,.T.);
#1882=EDGE_CURVE('',#1484,#1483,#803,.T.);
#1883=EDGE_CURVE('',#1481,#1484,#804,.T.);
#1884=EDGE_CURVE('',#1485,#1484,#14,.T.);
#1885=EDGE_CURVE('',#1482,#1485,#805,.T.);
#1886=EDGE_CURVE('',#1475,#1486,#806,.T.);
#1887=EDGE_CURVE('',#1486,#1487,#807,.T.);
#1888=EDGE_CURVE('',#1487,#1488,#808,.T.);
#1889=EDGE_CURVE('',#1488,#1489,#809,.T.);
#1890=EDGE_CURVE('',#1489,#1490,#810,.T.);
#1891=EDGE_CURVE('',#1490,#1491,#181,.T.);
#1892=EDGE_CURVE('',#1491,#1483,#811,.T.);
#1893=EDGE_CURVE('',#1492,#1492,#182,.T.);
#1894=EDGE_CURVE('',#1493,#1478,#812,.T.);
#1895=EDGE_CURVE('',#1493,#1486,#813,.T.);
#1896=EDGE_CURVE('',#1492,#1494,#814,.T.);
#1897=EDGE_CURVE('',#1494,#1494,#183,.T.);
#1898=EDGE_CURVE('',#1495,#1496,#815,.T.);
#1899=EDGE_CURVE('',#1495,#1490,#816,.T.);
#1900=EDGE_CURVE('',#1496,#1489,#817,.T.);
#1901=EDGE_CURVE('',#1496,#1497,#818,.T.);
#1902=EDGE_CURVE('',#1497,#1488,#819,.T.);
#1903=EDGE_CURVE('',#1497,#1498,#820,.T.);
#1904=EDGE_CURVE('',#1498,#1487,#821,.T.);
#1905=EDGE_CURVE('',#1498,#1493,#822,.T.);
#1906=EDGE_CURVE('',#1499,#1491,#823,.T.);
#1907=EDGE_CURVE('',#1485,#1499,#824,.T.);
#1908=EDGE_CURVE('',#1495,#1499,#184,.T.);
#1909=EDGE_CURVE('',#1500,#1501,#825,.T.);
#1910=EDGE_CURVE('',#1500,#1502,#826,.T.);
#1911=EDGE_CURVE('',#1503,#1502,#827,.T.);
#1912=EDGE_CURVE('',#1501,#1503,#828,.T.);
#1913=EDGE_CURVE('',#1504,#1505,#829,.T.);
#1914=EDGE_CURVE('',#1506,#1504,#830,.T.);
#1915=EDGE_CURVE('',#1507,#1506,#831,.T.);
#1916=EDGE_CURVE('',#1505,#1507,#832,.T.);
#1917=EDGE_CURVE('',#1508,#1509,#833,.T.);
#1918=EDGE_CURVE('',#1508,#1506,#185,.T.);
#1919=EDGE_CURVE('',#1503,#1504,#834,.T.);
#1920=EDGE_CURVE('',#1502,#1509,#186,.T.);
#1921=EDGE_CURVE('',#1510,#1500,#15,.T.);
#1922=EDGE_CURVE('',#1509,#1510,#835,.T.);
#1923=EDGE_CURVE('',#1511,#1508,#836,.T.);
#1924=EDGE_CURVE('',#1507,#1511,#16,.T.);
#1925=EDGE_CURVE('',#1505,#1512,#837,.T.);
#1926=EDGE_CURVE('',#1513,#1512,#187,.T.);
#1927=EDGE_CURVE('',#1513,#1514,#838,.T.);
#1928=EDGE_CURVE('',#1514,#1515,#839,.T.);
#1929=EDGE_CURVE('',#1515,#1516,#840,.T.);
#1930=EDGE_CURVE('',#1516,#1517,#841,.T.);
#1931=EDGE_CURVE('',#1517,#1501,#842,.T.);
#1932=EDGE_CURVE('',#1518,#1518,#188,.T.);
#1933=EDGE_CURVE('',#1519,#1511,#843,.T.);
#1934=EDGE_CURVE('',#1512,#1519,#844,.T.);
#1935=EDGE_CURVE('',#1517,#1520,#845,.T.);
#1936=EDGE_CURVE('',#1510,#1520,#846,.T.);
#1937=EDGE_CURVE('',#1521,#1521,#189,.T.);
#1938=EDGE_CURVE('',#1521,#1518,#847,.T.);
#1939=EDGE_CURVE('',#1513,#1522,#848,.T.);
#1940=EDGE_CURVE('',#1523,#1522,#849,.T.);
#1941=EDGE_CURVE('',#1514,#1523,#850,.T.);
#1942=EDGE_CURVE('',#1524,#1523,#851,.T.);
#1943=EDGE_CURVE('',#1515,#1524,#852,.T.);
#1944=EDGE_CURVE('',#1525,#1524,#853,.T.);
#1945=EDGE_CURVE('',#1516,#1525,#854,.T.);
#1946=EDGE_CURVE('',#1520,#1525,#855,.T.);
#1947=EDGE_CURVE('',#1522,#1519,#190,.T.);
#1948=EDGE_CURVE('',#1526,#1526,#191,.T.);
#1949=EDGE_CURVE('',#1526,#1527,#856,.T.);
#1950=EDGE_CURVE('',#1527,#1527,#192,.T.);
#1951=EDGE_CURVE('',#1528,#1528,#193,.T.);
#1952=EDGE_CURVE('',#1528,#1529,#857,.T.);
#1953=EDGE_CURVE('',#1529,#1529,#194,.T.);
#1954=EDGE_CURVE('',#1530,#1531,#858,.T.);
#1955=EDGE_CURVE('',#1532,#1530,#859,.T.);
#1956=EDGE_CURVE('',#1532,#1533,#860,.T.);
#1957=EDGE_CURVE('',#1533,#1531,#861,.T.);
#1958=EDGE_CURVE('',#1531,#1534,#862,.T.);
#1959=EDGE_CURVE('',#1533,#1535,#863,.T.);
#1960=EDGE_CURVE('',#1535,#1534,#864,.T.);
#1961=EDGE_CURVE('',#1536,#1532,#865,.T.);
#1962=EDGE_CURVE('',#1535,#1536,#866,.T.);
#1963=EDGE_CURVE('',#1534,#1537,#867,.T.);
#1964=EDGE_CURVE('',#1536,#1537,#868,.T.);
#1965=EDGE_CURVE('',#1537,#1530,#869,.T.);
#1966=EDGE_CURVE('',#1538,#1539,#870,.T.);
#1967=EDGE_CURVE('',#1540,#1538,#195,.T.);
#1968=EDGE_CURVE('',#1541,#1540,#871,.T.);
#1969=EDGE_CURVE('',#1539,#1541,#196,.T.);
#1970=EDGE_CURVE('',#1542,#1538,#872,.T.);
#1971=EDGE_CURVE('',#1542,#1543,#873,.T.);
#1972=EDGE_CURVE('',#1544,#1543,#874,.T.);
#1973=EDGE_CURVE('',#1545,#1544,#875,.T.);
#1974=EDGE_CURVE('',#1540,#1545,#876,.T.);
#1975=EDGE_CURVE('',#1539,#1546,#877,.T.);
#1976=EDGE_CURVE('',#1546,#1542,#878,.T.);
#1977=EDGE_CURVE('',#1545,#1547,#879,.T.);
#1978=EDGE_CURVE('',#1547,#1541,#880,.T.);
#1979=EDGE_CURVE('',#1546,#1548,#881,.T.);
#1980=EDGE_CURVE('',#1543,#1548,#882,.T.);
#1981=EDGE_CURVE('',#1547,#1549,#883,.T.);
#1982=EDGE_CURVE('',#1548,#1549,#884,.T.);
#1983=EDGE_CURVE('',#1549,#1544,#885,.T.);
#1984=EDGE_CURVE('',#1550,#1551,#886,.T.);
#1985=EDGE_CURVE('',#1551,#1552,#887,.T.);
#1986=EDGE_CURVE('',#1552,#1553,#888,.T.);
#1987=EDGE_CURVE('',#1553,#1550,#889,.T.);
#1988=EDGE_CURVE('',#1553,#1554,#890,.T.);
#1989=EDGE_CURVE('',#1555,#1554,#891,.T.);
#1990=EDGE_CURVE('',#1550,#1555,#892,.T.);
#1991=EDGE_CURVE('',#1552,#1556,#893,.T.);
#1992=EDGE_CURVE('',#1554,#1556,#894,.T.);
#1993=EDGE_CURVE('',#1551,#1557,#895,.T.);
#1994=EDGE_CURVE('',#1556,#1557,#896,.T.);
#1995=EDGE_CURVE('',#1557,#1555,#897,.T.);
#1996=EDGE_CURVE('',#1558,#1559,#898,.T.);
#1997=EDGE_CURVE('',#1559,#1560,#899,.T.);
#1998=EDGE_CURVE('',#1560,#1561,#900,.T.);
#1999=EDGE_CURVE('',#1561,#1558,#901,.T.);
#2000=EDGE_CURVE('',#1561,#1562,#902,.T.);
#2001=EDGE_CURVE('',#1563,#1562,#903,.T.);
#2002=EDGE_CURVE('',#1558,#1563,#904,.T.);
#2003=EDGE_CURVE('',#1560,#1564,#905,.T.);
#2004=EDGE_CURVE('',#1562,#1564,#906,.T.);
#2005=EDGE_CURVE('',#1559,#1565,#907,.T.);
#2006=EDGE_CURVE('',#1564,#1565,#908,.T.);
#2007=EDGE_CURVE('',#1565,#1563,#909,.T.);
#2008=EDGE_CURVE('',#1566,#1567,#910,.T.);
#2009=EDGE_CURVE('',#1567,#1568,#911,.T.);
#2010=EDGE_CURVE('',#1568,#1569,#912,.T.);
#2011=EDGE_CURVE('',#1569,#1566,#913,.T.);
#2012=EDGE_CURVE('',#1570,#1571,#914,.T.);
#2013=EDGE_CURVE('',#1571,#1572,#915,.T.);
#2014=EDGE_CURVE('',#1572,#1573,#916,.T.);
#2015=EDGE_CURVE('',#1573,#1570,#917,.T.);
#2016=EDGE_CURVE('',#1569,#1572,#918,.T.);
#2017=EDGE_CURVE('',#1566,#1571,#919,.T.);
#2018=EDGE_CURVE('',#1568,#1573,#920,.T.);
#2019=EDGE_CURVE('',#1567,#1570,#921,.T.);
#2020=ORIENTED_EDGE('',*,*,#1574,.T.);
#2021=ORIENTED_EDGE('',*,*,#1575,.F.);
#2022=ORIENTED_EDGE('',*,*,#1576,.F.);
#2023=ORIENTED_EDGE('',*,*,#1577,.T.);
#2024=ORIENTED_EDGE('',*,*,#1578,.T.);
#2025=ORIENTED_EDGE('',*,*,#1579,.T.);
#2026=ORIENTED_EDGE('',*,*,#1576,.T.);
#2027=ORIENTED_EDGE('',*,*,#1580,.T.);
#2028=ORIENTED_EDGE('',*,*,#1575,.T.);
#2029=ORIENTED_EDGE('',*,*,#1581,.F.);
#2030=ORIENTED_EDGE('',*,*,#1582,.F.);
#2031=ORIENTED_EDGE('',*,*,#1583,.F.);
#2032=ORIENTED_EDGE('',*,*,#1580,.F.);
#2033=ORIENTED_EDGE('',*,*,#1584,.T.);
#2034=ORIENTED_EDGE('',*,*,#1585,.F.);
#2035=ORIENTED_EDGE('',*,*,#1586,.F.);
#2036=ORIENTED_EDGE('',*,*,#1577,.F.);
#2037=ORIENTED_EDGE('',*,*,#1579,.F.);
#2038=ORIENTED_EDGE('',*,*,#1583,.T.);
#2039=ORIENTED_EDGE('',*,*,#1587,.F.);
#2040=ORIENTED_EDGE('',*,*,#1584,.F.);
#2041=ORIENTED_EDGE('',*,*,#1578,.F.);
#2042=ORIENTED_EDGE('',*,*,#1581,.T.);
#2043=ORIENTED_EDGE('',*,*,#1588,.T.);
#2044=ORIENTED_EDGE('',*,*,#1589,.T.);
#2045=ORIENTED_EDGE('',*,*,#1590,.T.);
#2046=ORIENTED_EDGE('',*,*,#1591,.T.);
#2047=ORIENTED_EDGE('',*,*,#1592,.T.);
#2048=ORIENTED_EDGE('',*,*,#1593,.T.);
#2049=ORIENTED_EDGE('',*,*,#1594,.F.);
#2050=ORIENTED_EDGE('',*,*,#1595,.T.);
#2051=ORIENTED_EDGE('',*,*,#1596,.T.);
#2052=ORIENTED_EDGE('',*,*,#1597,.T.);
#2053=ORIENTED_EDGE('',*,*,#1598,.F.);
#2054=ORIENTED_EDGE('',*,*,#1586,.T.);
#2055=ORIENTED_EDGE('',*,*,#1599,.F.);
#2056=ORIENTED_EDGE('',*,*,#1600,.T.);
#2057=ORIENTED_EDGE('',*,*,#1601,.F.);
#2058=ORIENTED_EDGE('',*,*,#1602,.T.);
#2059=ORIENTED_EDGE('',*,*,#1603,.F.);
#2060=ORIENTED_EDGE('',*,*,#1604,.T.);
#2061=ORIENTED_EDGE('',*,*,#1605,.T.);
#2062=ORIENTED_EDGE('',*,*,#1606,.T.);
#2063=ORIENTED_EDGE('',*,*,#1607,.T.);
#2064=ORIENTED_EDGE('',*,*,#1608,.T.);
#2065=ORIENTED_EDGE('',*,*,#1609,.T.);
#2066=ORIENTED_EDGE('',*,*,#1610,.T.);
#2067=ORIENTED_EDGE('',*,*,#1611,.T.);
#2068=ORIENTED_EDGE('',*,*,#1612,.F.);
#2069=ORIENTED_EDGE('',*,*,#1613,.F.);
#2070=ORIENTED_EDGE('',*,*,#1614,.T.);
#2071=ORIENTED_EDGE('',*,*,#1615,.T.);
#2072=ORIENTED_EDGE('',*,*,#1612,.T.);
#2073=ORIENTED_EDGE('',*,*,#1616,.T.);
#2074=ORIENTED_EDGE('',*,*,#1593,.F.);
#2075=ORIENTED_EDGE('',*,*,#1613,.T.);
#2076=ORIENTED_EDGE('',*,*,#1615,.F.);
#2077=ORIENTED_EDGE('',*,*,#1617,.F.);
#2078=ORIENTED_EDGE('',*,*,#1618,.F.);
#2079=ORIENTED_EDGE('',*,*,#1619,.T.);
#2080=ORIENTED_EDGE('',*,*,#1616,.F.);
#2081=ORIENTED_EDGE('',*,*,#1611,.F.);
#2082=ORIENTED_EDGE('',*,*,#1604,.F.);
#2083=ORIENTED_EDGE('',*,*,#1620,.F.);
#2084=ORIENTED_EDGE('',*,*,#1617,.T.);
#2085=ORIENTED_EDGE('',*,*,#1614,.F.);
#2086=ORIENTED_EDGE('',*,*,#1619,.F.);
#2087=ORIENTED_EDGE('',*,*,#1621,.F.);
#2088=ORIENTED_EDGE('',*,*,#1622,.F.);
#2089=ORIENTED_EDGE('',*,*,#1623,.T.);
#2090=ORIENTED_EDGE('',*,*,#1624,.F.);
#2091=ORIENTED_EDGE('',*,*,#1625,.T.);
#2092=ORIENTED_EDGE('',*,*,#1626,.F.);
#2093=ORIENTED_EDGE('',*,*,#1625,.F.);
#2094=ORIENTED_EDGE('',*,*,#1627,.F.);
#2095=ORIENTED_EDGE('',*,*,#1628,.F.);
#2096=ORIENTED_EDGE('',*,*,#1629,.F.);
#2097=ORIENTED_EDGE('',*,*,#1628,.T.);
#2098=ORIENTED_EDGE('',*,*,#1630,.F.);
#2099=ORIENTED_EDGE('',*,*,#1631,.T.);
#2100=ORIENTED_EDGE('',*,*,#1632,.F.);
#2101=ORIENTED_EDGE('',*,*,#1631,.F.);
#2102=ORIENTED_EDGE('',*,*,#1633,.F.);
#2103=ORIENTED_EDGE('',*,*,#1623,.F.);
#2104=ORIENTED_EDGE('',*,*,#1634,.F.);
#2105=ORIENTED_EDGE('',*,*,#1635,.T.);
#2106=ORIENTED_EDGE('',*,*,#1636,.F.);
#2107=ORIENTED_EDGE('',*,*,#1637,.T.);
#2108=ORIENTED_EDGE('',*,*,#1638,.F.);
#2109=ORIENTED_EDGE('',*,*,#1637,.F.);
#2110=ORIENTED_EDGE('',*,*,#1639,.F.);
#2111=ORIENTED_EDGE('',*,*,#1640,.F.);
#2112=ORIENTED_EDGE('',*,*,#1641,.F.);
#2113=ORIENTED_EDGE('',*,*,#1640,.T.);
#2114=ORIENTED_EDGE('',*,*,#1642,.F.);
#2115=ORIENTED_EDGE('',*,*,#1643,.T.);
#2116=ORIENTED_EDGE('',*,*,#1644,.F.);
#2117=ORIENTED_EDGE('',*,*,#1643,.F.);
#2118=ORIENTED_EDGE('',*,*,#1645,.F.);
#2119=ORIENTED_EDGE('',*,*,#1635,.F.);
#2120=ORIENTED_EDGE('',*,*,#1646,.F.);
#2121=ORIENTED_EDGE('',*,*,#1647,.T.);
#2122=ORIENTED_EDGE('',*,*,#1648,.F.);
#2123=ORIENTED_EDGE('',*,*,#1647,.F.);
#2124=ORIENTED_EDGE('',*,*,#1649,.F.);
#2125=ORIENTED_EDGE('',*,*,#1650,.T.);
#2126=ORIENTED_EDGE('',*,*,#1651,.F.);
#2127=ORIENTED_EDGE('',*,*,#1650,.F.);
#2128=ORIENTED_EDGE('',*,*,#1652,.F.);
#2129=ORIENTED_EDGE('',*,*,#1653,.T.);
#2130=ORIENTED_EDGE('',*,*,#1654,.F.);
#2131=ORIENTED_EDGE('',*,*,#1655,.F.);
#2132=ORIENTED_EDGE('',*,*,#1656,.F.);
#2133=ORIENTED_EDGE('',*,*,#1657,.F.);
#2134=ORIENTED_EDGE('',*,*,#1658,.F.);
#2135=ORIENTED_EDGE('',*,*,#1659,.F.);
#2136=ORIENTED_EDGE('',*,*,#1660,.F.);
#2137=ORIENTED_EDGE('',*,*,#1661,.F.);
#2138=ORIENTED_EDGE('',*,*,#1662,.F.);
#2139=ORIENTED_EDGE('',*,*,#1663,.T.);
#2140=ORIENTED_EDGE('',*,*,#1664,.F.);
#2141=ORIENTED_EDGE('',*,*,#1665,.F.);
#2142=ORIENTED_EDGE('',*,*,#1666,.F.);
#2143=ORIENTED_EDGE('',*,*,#1667,.T.);
#2144=ORIENTED_EDGE('',*,*,#1668,.F.);
#2145=ORIENTED_EDGE('',*,*,#1669,.T.);
#2146=ORIENTED_EDGE('',*,*,#1670,.F.);
#2147=ORIENTED_EDGE('',*,*,#1653,.F.);
#2148=ORIENTED_EDGE('',*,*,#1671,.F.);
#2149=ORIENTED_EDGE('',*,*,#1663,.F.);
#2150=ORIENTED_EDGE('',*,*,#1672,.F.);
#2151=ORIENTED_EDGE('',*,*,#1669,.F.);
#2152=ORIENTED_EDGE('',*,*,#1673,.F.);
#2153=ORIENTED_EDGE('',*,*,#1674,.F.);
#2154=ORIENTED_EDGE('',*,*,#1675,.F.);
#2155=ORIENTED_EDGE('',*,*,#1667,.F.);
#2156=ORIENTED_EDGE('',*,*,#1676,.F.);
#2157=ORIENTED_EDGE('',*,*,#1677,.F.);
#2158=ORIENTED_EDGE('',*,*,#1678,.F.);
#2159=ORIENTED_EDGE('',*,*,#1661,.T.);
#2160=ORIENTED_EDGE('',*,*,#1657,.T.);
#2161=ORIENTED_EDGE('',*,*,#1679,.F.);
#2162=ORIENTED_EDGE('',*,*,#1680,.T.);
#2163=ORIENTED_EDGE('',*,*,#1681,.F.);
#2164=ORIENTED_EDGE('',*,*,#1674,.T.);
#2165=ORIENTED_EDGE('',*,*,#1682,.F.);
#2166=ORIENTED_EDGE('',*,*,#1606,.F.);
#2167=ORIENTED_EDGE('',*,*,#1683,.T.);
#2168=ORIENTED_EDGE('',*,*,#1659,.T.);
#2169=ORIENTED_EDGE('',*,*,#1684,.T.);
#2170=ORIENTED_EDGE('',*,*,#1685,.F.);
#2171=ORIENTED_EDGE('',*,*,#1686,.F.);
#2172=ORIENTED_EDGE('',*,*,#1675,.T.);
#2173=ORIENTED_EDGE('',*,*,#1683,.F.);
#2174=ORIENTED_EDGE('',*,*,#1605,.F.);
#2175=ORIENTED_EDGE('',*,*,#1610,.F.);
#2176=ORIENTED_EDGE('',*,*,#1592,.F.);
#2177=ORIENTED_EDGE('',*,*,#1687,.F.);
#2178=ORIENTED_EDGE('',*,*,#1688,.T.);
#2179=ORIENTED_EDGE('',*,*,#1689,.T.);
#2180=ORIENTED_EDGE('',*,*,#1690,.T.);
#2181=ORIENTED_EDGE('',*,*,#1691,.T.);
#2182=ORIENTED_EDGE('',*,*,#1692,.T.);
#2183=ORIENTED_EDGE('',*,*,#1664,.T.);
#2184=ORIENTED_EDGE('',*,*,#1658,.T.);
#2185=ORIENTED_EDGE('',*,*,#1681,.T.);
#2186=ORIENTED_EDGE('',*,*,#1693,.T.);
#2187=ORIENTED_EDGE('',*,*,#1694,.T.);
#2188=ORIENTED_EDGE('',*,*,#1695,.T.);
#2189=ORIENTED_EDGE('',*,*,#1696,.T.);
#2190=ORIENTED_EDGE('',*,*,#1697,.T.);
#2191=ORIENTED_EDGE('',*,*,#1698,.F.);
#2192=ORIENTED_EDGE('',*,*,#1699,.F.);
#2193=ORIENTED_EDGE('',*,*,#1684,.F.);
#2194=ORIENTED_EDGE('',*,*,#1654,.T.);
#2195=ORIENTED_EDGE('',*,*,#1670,.T.);
#2196=ORIENTED_EDGE('',*,*,#1672,.T.);
#2197=ORIENTED_EDGE('',*,*,#1662,.T.);
#2198=ORIENTED_EDGE('',*,*,#1678,.T.);
#2199=ORIENTED_EDGE('',*,*,#1700,.F.);
#2200=ORIENTED_EDGE('',*,*,#1601,.T.);
#2201=ORIENTED_EDGE('',*,*,#1701,.F.);
#2202=ORIENTED_EDGE('',*,*,#1702,.F.);
#2203=ORIENTED_EDGE('',*,*,#1703,.F.);
#2204=ORIENTED_EDGE('',*,*,#1641,.T.);
#2205=ORIENTED_EDGE('',*,*,#1644,.T.);
#2206=ORIENTED_EDGE('',*,*,#1634,.T.);
#2207=ORIENTED_EDGE('',*,*,#1638,.T.);
#2208=ORIENTED_EDGE('',*,*,#1648,.T.);
#2209=ORIENTED_EDGE('',*,*,#1666,.T.);
#2210=ORIENTED_EDGE('',*,*,#1704,.T.);
#2211=ORIENTED_EDGE('',*,*,#1705,.T.);
#2212=ORIENTED_EDGE('',*,*,#1706,.T.);
#2213=ORIENTED_EDGE('',*,*,#1707,.T.);
#2214=ORIENTED_EDGE('',*,*,#1708,.T.);
#2215=ORIENTED_EDGE('',*,*,#1709,.T.);
#2216=ORIENTED_EDGE('',*,*,#1594,.T.);
#2217=ORIENTED_EDGE('',*,*,#1618,.T.);
#2218=ORIENTED_EDGE('',*,*,#1621,.T.);
#2219=ORIENTED_EDGE('',*,*,#1620,.T.);
#2220=ORIENTED_EDGE('',*,*,#1603,.T.);
#2221=ORIENTED_EDGE('',*,*,#1710,.T.);
#2222=ORIENTED_EDGE('',*,*,#1676,.T.);
#2223=ORIENTED_EDGE('',*,*,#1656,.T.);
#2224=ORIENTED_EDGE('',*,*,#1711,.T.);
#2225=ORIENTED_EDGE('',*,*,#1712,.T.);
#2226=ORIENTED_EDGE('',*,*,#1713,.T.);
#2227=ORIENTED_EDGE('',*,*,#1714,.T.);
#2228=ORIENTED_EDGE('',*,*,#1715,.T.);
#2229=ORIENTED_EDGE('',*,*,#1716,.T.);
#2230=ORIENTED_EDGE('',*,*,#1717,.T.);
#2231=ORIENTED_EDGE('',*,*,#1718,.T.);
#2232=ORIENTED_EDGE('',*,*,#1679,.T.);
#2233=ORIENTED_EDGE('',*,*,#1677,.T.);
#2234=ORIENTED_EDGE('',*,*,#1710,.F.);
#2235=ORIENTED_EDGE('',*,*,#1602,.F.);
#2236=ORIENTED_EDGE('',*,*,#1700,.T.);
#2237=ORIENTED_EDGE('',*,*,#1655,.T.);
#2238=ORIENTED_EDGE('',*,*,#1703,.T.);
#2239=ORIENTED_EDGE('',*,*,#1719,.F.);
#2240=ORIENTED_EDGE('',*,*,#1711,.F.);
#2241=ORIENTED_EDGE('',*,*,#1720,.F.);
#2242=ORIENTED_EDGE('',*,*,#1721,.F.);
#2243=ORIENTED_EDGE('',*,*,#1722,.F.);
#2244=ORIENTED_EDGE('',*,*,#1723,.T.);
#2245=ORIENTED_EDGE('',*,*,#1689,.F.);
#2246=ORIENTED_EDGE('',*,*,#1724,.F.);
#2247=ORIENTED_EDGE('',*,*,#1707,.F.);
#2248=ORIENTED_EDGE('',*,*,#1725,.F.);
#2249=ORIENTED_EDGE('',*,*,#1726,.F.);
#2250=ORIENTED_EDGE('',*,*,#1723,.F.);
#2251=ORIENTED_EDGE('',*,*,#1727,.F.);
#2252=ORIENTED_EDGE('',*,*,#1728,.F.);
#2253=ORIENTED_EDGE('',*,*,#1729,.F.);
#2254=ORIENTED_EDGE('',*,*,#1728,.T.);
#2255=ORIENTED_EDGE('',*,*,#1730,.F.);
#2256=ORIENTED_EDGE('',*,*,#1731,.F.);
#2257=ORIENTED_EDGE('',*,*,#1732,.F.);
#2258=ORIENTED_EDGE('',*,*,#1731,.T.);
#2259=ORIENTED_EDGE('',*,*,#1733,.F.);
#2260=ORIENTED_EDGE('',*,*,#1734,.F.);
#2261=ORIENTED_EDGE('',*,*,#1708,.F.);
#2262=ORIENTED_EDGE('',*,*,#1724,.T.);
#2263=ORIENTED_EDGE('',*,*,#1688,.F.);
#2264=ORIENTED_EDGE('',*,*,#1735,.F.);
#2265=ORIENTED_EDGE('',*,*,#1736,.F.);
#2266=ORIENTED_EDGE('',*,*,#1737,.F.);
#2267=ORIENTED_EDGE('',*,*,#1697,.F.);
#2268=ORIENTED_EDGE('',*,*,#1738,.F.);
#2269=ORIENTED_EDGE('',*,*,#1714,.F.);
#2270=ORIENTED_EDGE('',*,*,#1739,.F.);
#2271=ORIENTED_EDGE('',*,*,#1740,.F.);
#2272=ORIENTED_EDGE('',*,*,#1721,.T.);
#2273=ORIENTED_EDGE('',*,*,#1736,.T.);
#2274=ORIENTED_EDGE('',*,*,#1720,.T.);
#2275=ORIENTED_EDGE('',*,*,#1726,.T.);
#2276=ORIENTED_EDGE('',*,*,#1729,.T.);
#2277=ORIENTED_EDGE('',*,*,#1732,.T.);
#2278=ORIENTED_EDGE('',*,*,#1741,.T.);
#2279=ORIENTED_EDGE('',*,*,#1590,.F.);
#2280=ORIENTED_EDGE('',*,*,#1742,.T.);
#2281=ORIENTED_EDGE('',*,*,#1743,.F.);
#2282=ORIENTED_EDGE('',*,*,#1744,.T.);
#2283=ORIENTED_EDGE('',*,*,#1629,.T.);
#2284=ORIENTED_EDGE('',*,*,#1632,.T.);
#2285=ORIENTED_EDGE('',*,*,#1622,.T.);
#2286=ORIENTED_EDGE('',*,*,#1626,.T.);
#2287=ORIENTED_EDGE('',*,*,#1651,.T.);
#2288=ORIENTED_EDGE('',*,*,#1735,.T.);
#2289=ORIENTED_EDGE('',*,*,#1687,.T.);
#2290=ORIENTED_EDGE('',*,*,#1591,.F.);
#2291=ORIENTED_EDGE('',*,*,#1741,.F.);
#2292=ORIENTED_EDGE('',*,*,#1725,.T.);
#2293=ORIENTED_EDGE('',*,*,#1706,.F.);
#2294=ORIENTED_EDGE('',*,*,#1745,.T.);
#2295=ORIENTED_EDGE('',*,*,#1690,.F.);
#2296=ORIENTED_EDGE('',*,*,#1734,.T.);
#2297=ORIENTED_EDGE('',*,*,#1746,.T.);
#2298=ORIENTED_EDGE('',*,*,#1595,.F.);
#2299=ORIENTED_EDGE('',*,*,#1709,.F.);
#2300=ORIENTED_EDGE('',*,*,#1747,.F.);
#2301=ORIENTED_EDGE('',*,*,#1748,.T.);
#2302=ORIENTED_EDGE('',*,*,#1749,.F.);
#2303=ORIENTED_EDGE('',*,*,#1748,.F.);
#2304=ORIENTED_EDGE('',*,*,#1691,.F.);
#2305=ORIENTED_EDGE('',*,*,#1745,.F.);
#2306=ORIENTED_EDGE('',*,*,#1705,.F.);
#2307=ORIENTED_EDGE('',*,*,#1750,.T.);
#2308=ORIENTED_EDGE('',*,*,#1665,.T.);
#2309=ORIENTED_EDGE('',*,*,#1692,.F.);
#2310=ORIENTED_EDGE('',*,*,#1750,.F.);
#2311=ORIENTED_EDGE('',*,*,#1704,.F.);
#2312=ORIENTED_EDGE('',*,*,#1695,.F.);
#2313=ORIENTED_EDGE('',*,*,#1751,.F.);
#2314=ORIENTED_EDGE('',*,*,#1716,.F.);
#2315=ORIENTED_EDGE('',*,*,#1752,.T.);
#2316=ORIENTED_EDGE('',*,*,#1693,.F.);
#2317=ORIENTED_EDGE('',*,*,#1680,.F.);
#2318=ORIENTED_EDGE('',*,*,#1718,.F.);
#2319=ORIENTED_EDGE('',*,*,#1753,.T.);
#2320=ORIENTED_EDGE('',*,*,#1738,.T.);
#2321=ORIENTED_EDGE('',*,*,#1696,.F.);
#2322=ORIENTED_EDGE('',*,*,#1752,.F.);
#2323=ORIENTED_EDGE('',*,*,#1715,.F.);
#2324=ORIENTED_EDGE('',*,*,#1694,.F.);
#2325=ORIENTED_EDGE('',*,*,#1753,.F.);
#2326=ORIENTED_EDGE('',*,*,#1717,.F.);
#2327=ORIENTED_EDGE('',*,*,#1751,.T.);
#2328=ORIENTED_EDGE('',*,*,#1754,.F.);
#2329=ORIENTED_EDGE('',*,*,#1742,.F.);
#2330=ORIENTED_EDGE('',*,*,#1589,.F.);
#2331=ORIENTED_EDGE('',*,*,#1755,.T.);
#2332=ORIENTED_EDGE('',*,*,#1756,.F.);
#2333=ORIENTED_EDGE('',*,*,#1755,.F.);
#2334=ORIENTED_EDGE('',*,*,#1588,.F.);
#2335=ORIENTED_EDGE('',*,*,#1574,.F.);
#2336=ORIENTED_EDGE('',*,*,#1609,.F.);
#2337=ORIENTED_EDGE('',*,*,#1757,.F.);
#2338=ORIENTED_EDGE('',*,*,#1749,.T.);
#2339=ORIENTED_EDGE('',*,*,#1758,.F.);
#2340=ORIENTED_EDGE('',*,*,#1757,.T.);
#2341=ORIENTED_EDGE('',*,*,#1608,.F.);
#2342=ORIENTED_EDGE('',*,*,#1759,.F.);
#2343=ORIENTED_EDGE('',*,*,#1652,.T.);
#2344=ORIENTED_EDGE('',*,*,#1686,.T.);
#2345=ORIENTED_EDGE('',*,*,#1760,.F.);
#2346=ORIENTED_EDGE('',*,*,#1759,.T.);
#2347=ORIENTED_EDGE('',*,*,#1607,.F.);
#2348=ORIENTED_EDGE('',*,*,#1682,.T.);
#2349=ORIENTED_EDGE('',*,*,#1673,.T.);
#2350=ORIENTED_EDGE('',*,*,#1660,.T.);
#2351=ORIENTED_EDGE('',*,*,#1671,.T.);
#2352=ORIENTED_EDGE('',*,*,#1668,.T.);
#2353=ORIENTED_EDGE('',*,*,#1642,.T.);
#2354=ORIENTED_EDGE('',*,*,#1639,.T.);
#2355=ORIENTED_EDGE('',*,*,#1636,.T.);
#2356=ORIENTED_EDGE('',*,*,#1645,.T.);
#2357=ORIENTED_EDGE('',*,*,#1646,.T.);
#2358=ORIENTED_EDGE('',*,*,#1737,.T.);
#2359=ORIENTED_EDGE('',*,*,#1744,.F.);
#2360=ORIENTED_EDGE('',*,*,#1761,.F.);
#2361=ORIENTED_EDGE('',*,*,#1698,.T.);
#2362=ORIENTED_EDGE('',*,*,#1762,.F.);
#2363=ORIENTED_EDGE('',*,*,#1597,.F.);
#2364=ORIENTED_EDGE('',*,*,#1763,.T.);
#2365=ORIENTED_EDGE('',*,*,#1764,.F.);
#2366=ORIENTED_EDGE('',*,*,#1765,.F.);
#2367=ORIENTED_EDGE('',*,*,#1766,.T.);
#2368=ORIENTED_EDGE('',*,*,#1712,.F.);
#2369=ORIENTED_EDGE('',*,*,#1719,.T.);
#2370=ORIENTED_EDGE('',*,*,#1702,.T.);
#2371=ORIENTED_EDGE('',*,*,#1767,.T.);
#2372=ORIENTED_EDGE('',*,*,#1768,.F.);
#2373=ORIENTED_EDGE('',*,*,#1764,.T.);
#2374=ORIENTED_EDGE('',*,*,#1685,.T.);
#2375=ORIENTED_EDGE('',*,*,#1699,.T.);
#2376=ORIENTED_EDGE('',*,*,#1761,.T.);
#2377=ORIENTED_EDGE('',*,*,#1743,.T.);
#2378=ORIENTED_EDGE('',*,*,#1754,.T.);
#2379=ORIENTED_EDGE('',*,*,#1756,.T.);
#2380=ORIENTED_EDGE('',*,*,#1758,.T.);
#2381=ORIENTED_EDGE('',*,*,#1760,.T.);
#2382=ORIENTED_EDGE('',*,*,#1739,.T.);
#2383=ORIENTED_EDGE('',*,*,#1713,.F.);
#2384=ORIENTED_EDGE('',*,*,#1766,.F.);
#2385=ORIENTED_EDGE('',*,*,#1769,.T.);
#2386=ORIENTED_EDGE('',*,*,#1701,.T.);
#2387=ORIENTED_EDGE('',*,*,#1600,.F.);
#2388=ORIENTED_EDGE('',*,*,#1770,.F.);
#2389=ORIENTED_EDGE('',*,*,#1767,.F.);
#2390=ORIENTED_EDGE('',*,*,#1740,.T.);
#2391=ORIENTED_EDGE('',*,*,#1769,.F.);
#2392=ORIENTED_EDGE('',*,*,#1765,.T.);
#2393=ORIENTED_EDGE('',*,*,#1763,.F.);
#2394=ORIENTED_EDGE('',*,*,#1596,.F.);
#2395=ORIENTED_EDGE('',*,*,#1746,.F.);
#2396=ORIENTED_EDGE('',*,*,#1733,.T.);
#2397=ORIENTED_EDGE('',*,*,#1730,.T.);
#2398=ORIENTED_EDGE('',*,*,#1727,.T.);
#2399=ORIENTED_EDGE('',*,*,#1722,.T.);
#2400=ORIENTED_EDGE('',*,*,#1630,.T.);
#2401=ORIENTED_EDGE('',*,*,#1627,.T.);
#2402=ORIENTED_EDGE('',*,*,#1624,.T.);
#2403=ORIENTED_EDGE('',*,*,#1633,.T.);
#2404=ORIENTED_EDGE('',*,*,#1649,.T.);
#2405=ORIENTED_EDGE('',*,*,#1599,.T.);
#2406=ORIENTED_EDGE('',*,*,#1585,.T.);
#2407=ORIENTED_EDGE('',*,*,#1587,.T.);
#2408=ORIENTED_EDGE('',*,*,#1582,.T.);
#2409=ORIENTED_EDGE('',*,*,#1598,.T.);
#2410=ORIENTED_EDGE('',*,*,#1762,.T.);
#2411=ORIENTED_EDGE('',*,*,#1768,.T.);
#2412=ORIENTED_EDGE('',*,*,#1770,.T.);
#2413=ORIENTED_EDGE('',*,*,#1747,.T.);
#2414=ORIENTED_EDGE('',*,*,#1771,.T.);
#2415=ORIENTED_EDGE('',*,*,#1772,.T.);
#2416=ORIENTED_EDGE('',*,*,#1773,.T.);
#2417=ORIENTED_EDGE('',*,*,#1774,.T.);
#2418=ORIENTED_EDGE('',*,*,#1775,.T.);
#2419=ORIENTED_EDGE('',*,*,#1776,.T.);
#2420=ORIENTED_EDGE('',*,*,#1777,.T.);
#2421=ORIENTED_EDGE('',*,*,#1778,.T.);
#2422=ORIENTED_EDGE('',*,*,#1779,.T.);
#2423=ORIENTED_EDGE('',*,*,#1776,.F.);
#2424=ORIENTED_EDGE('',*,*,#1780,.F.);
#2425=ORIENTED_EDGE('',*,*,#1774,.F.);
#2426=ORIENTED_EDGE('',*,*,#1781,.T.);
#2427=ORIENTED_EDGE('',*,*,#1777,.F.);
#2428=ORIENTED_EDGE('',*,*,#1779,.F.);
#2429=ORIENTED_EDGE('',*,*,#1773,.F.);
#2430=ORIENTED_EDGE('',*,*,#1782,.T.);
#2431=ORIENTED_EDGE('',*,*,#1778,.F.);
#2432=ORIENTED_EDGE('',*,*,#1781,.F.);
#2433=ORIENTED_EDGE('',*,*,#1772,.F.);
#2434=ORIENTED_EDGE('',*,*,#1780,.T.);
#2435=ORIENTED_EDGE('',*,*,#1775,.F.);
#2436=ORIENTED_EDGE('',*,*,#1782,.F.);
#2437=ORIENTED_EDGE('',*,*,#1771,.F.);
#2438=ORIENTED_EDGE('',*,*,#1783,.F.);
#2439=ORIENTED_EDGE('',*,*,#1784,.T.);
#2440=ORIENTED_EDGE('',*,*,#1785,.F.);
#2441=ORIENTED_EDGE('',*,*,#1784,.F.);
#2442=ORIENTED_EDGE('',*,*,#1786,.T.);
#2443=ORIENTED_EDGE('',*,*,#1787,.T.);
#2444=ORIENTED_EDGE('',*,*,#1788,.F.);
#2445=ORIENTED_EDGE('',*,*,#1789,.F.);
#2446=ORIENTED_EDGE('',*,*,#1790,.T.);
#2447=ORIENTED_EDGE('',*,*,#1789,.T.);
#2448=ORIENTED_EDGE('',*,*,#1791,.F.);
#2449=ORIENTED_EDGE('',*,*,#1792,.F.);
#2450=ORIENTED_EDGE('',*,*,#1793,.T.);
#2451=ORIENTED_EDGE('',*,*,#1792,.T.);
#2452=ORIENTED_EDGE('',*,*,#1794,.F.);
#2453=ORIENTED_EDGE('',*,*,#1795,.F.);
#2454=ORIENTED_EDGE('',*,*,#1796,.T.);
#2455=ORIENTED_EDGE('',*,*,#1795,.T.);
#2456=ORIENTED_EDGE('',*,*,#1797,.F.);
#2457=ORIENTED_EDGE('',*,*,#1798,.F.);
#2458=ORIENTED_EDGE('',*,*,#1799,.T.);
#2459=ORIENTED_EDGE('',*,*,#1798,.T.);
#2460=ORIENTED_EDGE('',*,*,#1800,.F.);
#2461=ORIENTED_EDGE('',*,*,#1801,.F.);
#2462=ORIENTED_EDGE('',*,*,#1802,.T.);
#2463=ORIENTED_EDGE('',*,*,#1801,.T.);
#2464=ORIENTED_EDGE('',*,*,#1803,.F.);
#2465=ORIENTED_EDGE('',*,*,#1787,.F.);
#2466=ORIENTED_EDGE('',*,*,#1803,.T.);
#2467=ORIENTED_EDGE('',*,*,#1800,.T.);
#2468=ORIENTED_EDGE('',*,*,#1797,.T.);
#2469=ORIENTED_EDGE('',*,*,#1794,.T.);
#2470=ORIENTED_EDGE('',*,*,#1791,.T.);
#2471=ORIENTED_EDGE('',*,*,#1788,.T.);
#2472=ORIENTED_EDGE('',*,*,#1783,.T.);
#2473=ORIENTED_EDGE('',*,*,#1802,.F.);
#2474=ORIENTED_EDGE('',*,*,#1786,.F.);
#2475=ORIENTED_EDGE('',*,*,#1790,.F.);
#2476=ORIENTED_EDGE('',*,*,#1793,.F.);
#2477=ORIENTED_EDGE('',*,*,#1796,.F.);
#2478=ORIENTED_EDGE('',*,*,#1799,.F.);
#2479=ORIENTED_EDGE('',*,*,#1785,.T.);
#2480=ORIENTED_EDGE('',*,*,#1804,.F.);
#2481=ORIENTED_EDGE('',*,*,#1805,.T.);
#2482=ORIENTED_EDGE('',*,*,#1806,.F.);
#2483=ORIENTED_EDGE('',*,*,#1805,.F.);
#2484=ORIENTED_EDGE('',*,*,#1807,.T.);
#2485=ORIENTED_EDGE('',*,*,#1808,.T.);
#2486=ORIENTED_EDGE('',*,*,#1809,.F.);
#2487=ORIENTED_EDGE('',*,*,#1810,.F.);
#2488=ORIENTED_EDGE('',*,*,#1811,.T.);
#2489=ORIENTED_EDGE('',*,*,#1810,.T.);
#2490=ORIENTED_EDGE('',*,*,#1812,.F.);
#2491=ORIENTED_EDGE('',*,*,#1813,.F.);
#2492=ORIENTED_EDGE('',*,*,#1814,.T.);
#2493=ORIENTED_EDGE('',*,*,#1813,.T.);
#2494=ORIENTED_EDGE('',*,*,#1815,.F.);
#2495=ORIENTED_EDGE('',*,*,#1816,.F.);
#2496=ORIENTED_EDGE('',*,*,#1817,.T.);
#2497=ORIENTED_EDGE('',*,*,#1816,.T.);
#2498=ORIENTED_EDGE('',*,*,#1818,.F.);
#2499=ORIENTED_EDGE('',*,*,#1819,.F.);
#2500=ORIENTED_EDGE('',*,*,#1820,.T.);
#2501=ORIENTED_EDGE('',*,*,#1819,.T.);
#2502=ORIENTED_EDGE('',*,*,#1821,.F.);
#2503=ORIENTED_EDGE('',*,*,#1822,.F.);
#2504=ORIENTED_EDGE('',*,*,#1823,.T.);
#2505=ORIENTED_EDGE('',*,*,#1822,.T.);
#2506=ORIENTED_EDGE('',*,*,#1824,.F.);
#2507=ORIENTED_EDGE('',*,*,#1808,.F.);
#2508=ORIENTED_EDGE('',*,*,#1824,.T.);
#2509=ORIENTED_EDGE('',*,*,#1821,.T.);
#2510=ORIENTED_EDGE('',*,*,#1818,.T.);
#2511=ORIENTED_EDGE('',*,*,#1815,.T.);
#2512=ORIENTED_EDGE('',*,*,#1812,.T.);
#2513=ORIENTED_EDGE('',*,*,#1809,.T.);
#2514=ORIENTED_EDGE('',*,*,#1804,.T.);
#2515=ORIENTED_EDGE('',*,*,#1823,.F.);
#2516=ORIENTED_EDGE('',*,*,#1807,.F.);
#2517=ORIENTED_EDGE('',*,*,#1811,.F.);
#2518=ORIENTED_EDGE('',*,*,#1814,.F.);
#2519=ORIENTED_EDGE('',*,*,#1817,.F.);
#2520=ORIENTED_EDGE('',*,*,#1820,.F.);
#2521=ORIENTED_EDGE('',*,*,#1806,.T.);
#2522=ORIENTED_EDGE('',*,*,#1825,.F.);
#2523=ORIENTED_EDGE('',*,*,#1826,.T.);
#2524=ORIENTED_EDGE('',*,*,#1827,.F.);
#2525=ORIENTED_EDGE('',*,*,#1826,.F.);
#2526=ORIENTED_EDGE('',*,*,#1828,.F.);
#2527=ORIENTED_EDGE('',*,*,#1829,.T.);
#2528=ORIENTED_EDGE('',*,*,#1830,.F.);
#2529=ORIENTED_EDGE('',*,*,#1829,.F.);
#2530=ORIENTED_EDGE('',*,*,#1830,.T.);
#2531=ORIENTED_EDGE('',*,*,#1825,.T.);
#2532=ORIENTED_EDGE('',*,*,#1828,.T.);
#2533=ORIENTED_EDGE('',*,*,#1827,.T.);
#2534=ORIENTED_EDGE('',*,*,#1831,.F.);
#2535=ORIENTED_EDGE('',*,*,#1832,.T.);
#2536=ORIENTED_EDGE('',*,*,#1833,.F.);
#2537=ORIENTED_EDGE('',*,*,#1834,.F.);
#2538=ORIENTED_EDGE('',*,*,#1835,.F.);
#2539=ORIENTED_EDGE('',*,*,#1836,.F.);
#2540=ORIENTED_EDGE('',*,*,#1837,.F.);
#2541=ORIENTED_EDGE('',*,*,#1832,.F.);
#2542=ORIENTED_EDGE('',*,*,#1838,.F.);
#2543=ORIENTED_EDGE('',*,*,#1839,.F.);
#2544=ORIENTED_EDGE('',*,*,#1840,.F.);
#2545=ORIENTED_EDGE('',*,*,#1836,.T.);
#2546=ORIENTED_EDGE('',*,*,#1838,.T.);
#2547=ORIENTED_EDGE('',*,*,#1835,.T.);
#2548=ORIENTED_EDGE('',*,*,#1831,.T.);
#2549=ORIENTED_EDGE('',*,*,#1841,.F.);
#2550=ORIENTED_EDGE('',*,*,#1842,.F.);
#2551=ORIENTED_EDGE('',*,*,#1843,.F.);
#2552=ORIENTED_EDGE('',*,*,#1844,.T.);
#2553=ORIENTED_EDGE('',*,*,#1845,.T.);
#2554=ORIENTED_EDGE('',*,*,#1846,.T.);
#2555=ORIENTED_EDGE('',*,*,#1847,.F.);
#2556=ORIENTED_EDGE('',*,*,#1848,.T.);
#2557=ORIENTED_EDGE('',*,*,#1849,.F.);
#2558=ORIENTED_EDGE('',*,*,#1850,.T.);
#2559=ORIENTED_EDGE('',*,*,#1834,.T.);
#2560=ORIENTED_EDGE('',*,*,#1851,.T.);
#2561=ORIENTED_EDGE('',*,*,#1852,.T.);
#2562=ORIENTED_EDGE('',*,*,#1841,.T.);
#2563=ORIENTED_EDGE('',*,*,#1853,.F.);
#2564=ORIENTED_EDGE('',*,*,#1854,.T.);
#2565=ORIENTED_EDGE('',*,*,#1844,.F.);
#2566=ORIENTED_EDGE('',*,*,#1855,.F.);
#2567=ORIENTED_EDGE('',*,*,#1856,.F.);
#2568=ORIENTED_EDGE('',*,*,#1857,.F.);
#2569=ORIENTED_EDGE('',*,*,#1845,.F.);
#2570=ORIENTED_EDGE('',*,*,#1854,.F.);
#2571=ORIENTED_EDGE('',*,*,#1858,.F.);
#2572=ORIENTED_EDGE('',*,*,#1859,.F.);
#2573=ORIENTED_EDGE('',*,*,#1846,.F.);
#2574=ORIENTED_EDGE('',*,*,#1857,.T.);
#2575=ORIENTED_EDGE('',*,*,#1859,.T.);
#2576=ORIENTED_EDGE('',*,*,#1860,.T.);
#2577=ORIENTED_EDGE('',*,*,#1861,.T.);
#2578=ORIENTED_EDGE('',*,*,#1847,.T.);
#2579=ORIENTED_EDGE('',*,*,#1855,.T.);
#2580=ORIENTED_EDGE('',*,*,#1843,.T.);
#2581=ORIENTED_EDGE('',*,*,#1862,.T.);
#2582=ORIENTED_EDGE('',*,*,#1863,.T.);
#2583=ORIENTED_EDGE('',*,*,#1850,.F.);
#2584=ORIENTED_EDGE('',*,*,#1864,.T.);
#2585=ORIENTED_EDGE('',*,*,#1865,.F.);
#2586=ORIENTED_EDGE('',*,*,#1864,.F.);
#2587=ORIENTED_EDGE('',*,*,#1839,.T.);
#2588=ORIENTED_EDGE('',*,*,#1849,.T.);
#2589=ORIENTED_EDGE('',*,*,#1866,.T.);
#2590=ORIENTED_EDGE('',*,*,#1867,.T.);
#2591=ORIENTED_EDGE('',*,*,#1842,.T.);
#2592=ORIENTED_EDGE('',*,*,#1852,.F.);
#2593=ORIENTED_EDGE('',*,*,#1868,.F.);
#2594=ORIENTED_EDGE('',*,*,#1862,.F.);
#2595=ORIENTED_EDGE('',*,*,#1869,.T.);
#2596=ORIENTED_EDGE('',*,*,#1866,.F.);
#2597=ORIENTED_EDGE('',*,*,#1848,.F.);
#2598=ORIENTED_EDGE('',*,*,#1861,.F.);
#2599=ORIENTED_EDGE('',*,*,#1840,.T.);
#2600=ORIENTED_EDGE('',*,*,#1867,.F.);
#2601=ORIENTED_EDGE('',*,*,#1869,.F.);
#2602=ORIENTED_EDGE('',*,*,#1860,.F.);
#2603=ORIENTED_EDGE('',*,*,#1858,.T.);
#2604=ORIENTED_EDGE('',*,*,#1856,.T.);
#2605=ORIENTED_EDGE('',*,*,#1853,.T.);
#2606=ORIENTED_EDGE('',*,*,#1863,.F.);
#2607=ORIENTED_EDGE('',*,*,#1868,.T.);
#2608=ORIENTED_EDGE('',*,*,#1851,.F.);
#2609=ORIENTED_EDGE('',*,*,#1833,.T.);
#2610=ORIENTED_EDGE('',*,*,#1837,.T.);
#2611=ORIENTED_EDGE('',*,*,#1865,.T.);
#2612=ORIENTED_EDGE('',*,*,#1870,.F.);
#2613=ORIENTED_EDGE('',*,*,#1871,.F.);
#2614=ORIENTED_EDGE('',*,*,#1872,.T.);
#2615=ORIENTED_EDGE('',*,*,#1873,.F.);
#2616=ORIENTED_EDGE('',*,*,#1874,.F.);
#2617=ORIENTED_EDGE('',*,*,#1872,.F.);
#2618=ORIENTED_EDGE('',*,*,#1875,.F.);
#2619=ORIENTED_EDGE('',*,*,#1876,.F.);
#2620=ORIENTED_EDGE('',*,*,#1877,.F.);
#2621=ORIENTED_EDGE('',*,*,#1878,.T.);
#2622=ORIENTED_EDGE('',*,*,#1879,.T.);
#2623=ORIENTED_EDGE('',*,*,#1880,.F.);
#2624=ORIENTED_EDGE('',*,*,#1875,.T.);
#2625=ORIENTED_EDGE('',*,*,#1871,.T.);
#2626=ORIENTED_EDGE('',*,*,#1881,.F.);
#2627=ORIENTED_EDGE('',*,*,#1882,.F.);
#2628=ORIENTED_EDGE('',*,*,#1883,.F.);
#2629=ORIENTED_EDGE('',*,*,#1878,.F.);
#2630=ORIENTED_EDGE('',*,*,#1884,.F.);
#2631=ORIENTED_EDGE('',*,*,#1885,.F.);
#2632=ORIENTED_EDGE('',*,*,#1879,.F.);
#2633=ORIENTED_EDGE('',*,*,#1883,.T.);
#2634=ORIENTED_EDGE('',*,*,#1881,.T.);
#2635=ORIENTED_EDGE('',*,*,#1877,.T.);
#2636=ORIENTED_EDGE('',*,*,#1870,.T.);
#2637=ORIENTED_EDGE('',*,*,#1886,.T.);
#2638=ORIENTED_EDGE('',*,*,#1887,.T.);
#2639=ORIENTED_EDGE('',*,*,#1888,.T.);
#2640=ORIENTED_EDGE('',*,*,#1889,.T.);
#2641=ORIENTED_EDGE('',*,*,#1890,.T.);
#2642=ORIENTED_EDGE('',*,*,#1891,.T.);
#2643=ORIENTED_EDGE('',*,*,#1892,.T.);
#2644=ORIENTED_EDGE('',*,*,#1893,.T.);
#2645=ORIENTED_EDGE('',*,*,#1873,.T.);
#2646=ORIENTED_EDGE('',*,*,#1874,.T.);
#2647=ORIENTED_EDGE('',*,*,#1894,.F.);
#2648=ORIENTED_EDGE('',*,*,#1895,.T.);
#2649=ORIENTED_EDGE('',*,*,#1886,.F.);
#2650=ORIENTED_EDGE('',*,*,#1893,.F.);
#2651=ORIENTED_EDGE('',*,*,#1896,.T.);
#2652=ORIENTED_EDGE('',*,*,#1897,.F.);
#2653=ORIENTED_EDGE('',*,*,#1896,.F.);
#2654=ORIENTED_EDGE('',*,*,#1898,.F.);
#2655=ORIENTED_EDGE('',*,*,#1899,.T.);
#2656=ORIENTED_EDGE('',*,*,#1890,.F.);
#2657=ORIENTED_EDGE('',*,*,#1900,.F.);
#2658=ORIENTED_EDGE('',*,*,#1901,.F.);
#2659=ORIENTED_EDGE('',*,*,#1900,.T.);
#2660=ORIENTED_EDGE('',*,*,#1889,.F.);
#2661=ORIENTED_EDGE('',*,*,#1902,.F.);
#2662=ORIENTED_EDGE('',*,*,#1903,.F.);
#2663=ORIENTED_EDGE('',*,*,#1902,.T.);
#2664=ORIENTED_EDGE('',*,*,#1888,.F.);
#2665=ORIENTED_EDGE('',*,*,#1904,.F.);
#2666=ORIENTED_EDGE('',*,*,#1905,.F.);
#2667=ORIENTED_EDGE('',*,*,#1904,.T.);
#2668=ORIENTED_EDGE('',*,*,#1887,.F.);
#2669=ORIENTED_EDGE('',*,*,#1895,.F.);
#2670=ORIENTED_EDGE('',*,*,#1882,.T.);
#2671=ORIENTED_EDGE('',*,*,#1892,.F.);
#2672=ORIENTED_EDGE('',*,*,#1906,.F.);
#2673=ORIENTED_EDGE('',*,*,#1907,.F.);
#2674=ORIENTED_EDGE('',*,*,#1884,.T.);
#2675=ORIENTED_EDGE('',*,*,#1908,.T.);
#2676=ORIENTED_EDGE('',*,*,#1906,.T.);
#2677=ORIENTED_EDGE('',*,*,#1891,.F.);
#2678=ORIENTED_EDGE('',*,*,#1899,.F.);
#2679=ORIENTED_EDGE('',*,*,#1885,.T.);
#2680=ORIENTED_EDGE('',*,*,#1907,.T.);
#2681=ORIENTED_EDGE('',*,*,#1908,.F.);
#2682=ORIENTED_EDGE('',*,*,#1898,.T.);
#2683=ORIENTED_EDGE('',*,*,#1901,.T.);
#2684=ORIENTED_EDGE('',*,*,#1903,.T.);
#2685=ORIENTED_EDGE('',*,*,#1905,.T.);
#2686=ORIENTED_EDGE('',*,*,#1894,.T.);
#2687=ORIENTED_EDGE('',*,*,#1876,.T.);
#2688=ORIENTED_EDGE('',*,*,#1880,.T.);
#2689=ORIENTED_EDGE('',*,*,#1897,.T.);
#2690=ORIENTED_EDGE('',*,*,#1909,.F.);
#2691=ORIENTED_EDGE('',*,*,#1910,.T.);
#2692=ORIENTED_EDGE('',*,*,#1911,.F.);
#2693=ORIENTED_EDGE('',*,*,#1912,.F.);
#2694=ORIENTED_EDGE('',*,*,#1913,.F.);
#2695=ORIENTED_EDGE('',*,*,#1914,.F.);
#2696=ORIENTED_EDGE('',*,*,#1915,.F.);
#2697=ORIENTED_EDGE('',*,*,#1916,.F.);
#2698=ORIENTED_EDGE('',*,*,#1917,.F.);
#2699=ORIENTED_EDGE('',*,*,#1918,.T.);
#2700=ORIENTED_EDGE('',*,*,#1914,.T.);
#2701=ORIENTED_EDGE('',*,*,#1919,.F.);
#2702=ORIENTED_EDGE('',*,*,#1911,.T.);
#2703=ORIENTED_EDGE('',*,*,#1920,.T.);
#2704=ORIENTED_EDGE('',*,*,#1921,.F.);
#2705=ORIENTED_EDGE('',*,*,#1922,.F.);
#2706=ORIENTED_EDGE('',*,*,#1920,.F.);
#2707=ORIENTED_EDGE('',*,*,#1910,.F.);
#2708=ORIENTED_EDGE('',*,*,#1923,.F.);
#2709=ORIENTED_EDGE('',*,*,#1924,.F.);
#2710=ORIENTED_EDGE('',*,*,#1915,.T.);
#2711=ORIENTED_EDGE('',*,*,#1918,.F.);
#2712=ORIENTED_EDGE('',*,*,#1912,.T.);
#2713=ORIENTED_EDGE('',*,*,#1919,.T.);
#2714=ORIENTED_EDGE('',*,*,#1913,.T.);
#2715=ORIENTED_EDGE('',*,*,#1925,.T.);
#2716=ORIENTED_EDGE('',*,*,#1926,.F.);
#2717=ORIENTED_EDGE('',*,*,#1927,.T.);
#2718=ORIENTED_EDGE('',*,*,#1928,.T.);
#2719=ORIENTED_EDGE('',*,*,#1929,.T.);
#2720=ORIENTED_EDGE('',*,*,#1930,.T.);
#2721=ORIENTED_EDGE('',*,*,#1931,.T.);
#2722=ORIENTED_EDGE('',*,*,#1932,.T.);
#2723=ORIENTED_EDGE('',*,*,#1924,.T.);
#2724=ORIENTED_EDGE('',*,*,#1933,.F.);
#2725=ORIENTED_EDGE('',*,*,#1934,.F.);
#2726=ORIENTED_EDGE('',*,*,#1925,.F.);
#2727=ORIENTED_EDGE('',*,*,#1916,.T.);
#2728=ORIENTED_EDGE('',*,*,#1921,.T.);
#2729=ORIENTED_EDGE('',*,*,#1909,.T.);
#2730=ORIENTED_EDGE('',*,*,#1931,.F.);
#2731=ORIENTED_EDGE('',*,*,#1935,.T.);
#2732=ORIENTED_EDGE('',*,*,#1936,.F.);
#2733=ORIENTED_EDGE('',*,*,#1937,.F.);
#2734=ORIENTED_EDGE('',*,*,#1938,.T.);
#2735=ORIENTED_EDGE('',*,*,#1932,.F.);
#2736=ORIENTED_EDGE('',*,*,#1938,.F.);
#2737=ORIENTED_EDGE('',*,*,#1927,.F.);
#2738=ORIENTED_EDGE('',*,*,#1939,.T.);
#2739=ORIENTED_EDGE('',*,*,#1940,.F.);
#2740=ORIENTED_EDGE('',*,*,#1941,.F.);
#2741=ORIENTED_EDGE('',*,*,#1928,.F.);
#2742=ORIENTED_EDGE('',*,*,#1941,.T.);
#2743=ORIENTED_EDGE('',*,*,#1942,.F.);
#2744=ORIENTED_EDGE('',*,*,#1943,.F.);
#2745=ORIENTED_EDGE('',*,*,#1929,.F.);
#2746=ORIENTED_EDGE('',*,*,#1943,.T.);
#2747=ORIENTED_EDGE('',*,*,#1944,.F.);
#2748=ORIENTED_EDGE('',*,*,#1945,.F.);
#2749=ORIENTED_EDGE('',*,*,#1930,.F.);
#2750=ORIENTED_EDGE('',*,*,#1945,.T.);
#2751=ORIENTED_EDGE('',*,*,#1946,.F.);
#2752=ORIENTED_EDGE('',*,*,#1935,.F.);
#2753=ORIENTED_EDGE('',*,*,#1926,.T.);
#2754=ORIENTED_EDGE('',*,*,#1934,.T.);
#2755=ORIENTED_EDGE('',*,*,#1947,.F.);
#2756=ORIENTED_EDGE('',*,*,#1939,.F.);
#2757=ORIENTED_EDGE('',*,*,#1922,.T.);
#2758=ORIENTED_EDGE('',*,*,#1936,.T.);
#2759=ORIENTED_EDGE('',*,*,#1946,.T.);
#2760=ORIENTED_EDGE('',*,*,#1944,.T.);
#2761=ORIENTED_EDGE('',*,*,#1942,.T.);
#2762=ORIENTED_EDGE('',*,*,#1940,.T.);
#2763=ORIENTED_EDGE('',*,*,#1947,.T.);
#2764=ORIENTED_EDGE('',*,*,#1933,.T.);
#2765=ORIENTED_EDGE('',*,*,#1923,.T.);
#2766=ORIENTED_EDGE('',*,*,#1917,.T.);
#2767=ORIENTED_EDGE('',*,*,#1937,.T.);
#2768=ORIENTED_EDGE('',*,*,#1948,.F.);
#2769=ORIENTED_EDGE('',*,*,#1949,.T.);
#2770=ORIENTED_EDGE('',*,*,#1950,.F.);
#2771=ORIENTED_EDGE('',*,*,#1949,.F.);
#2772=ORIENTED_EDGE('',*,*,#1951,.F.);
#2773=ORIENTED_EDGE('',*,*,#1952,.T.);
#2774=ORIENTED_EDGE('',*,*,#1953,.F.);
#2775=ORIENTED_EDGE('',*,*,#1952,.F.);
#2776=ORIENTED_EDGE('',*,*,#1954,.F.);
#2777=ORIENTED_EDGE('',*,*,#1955,.F.);
#2778=ORIENTED_EDGE('',*,*,#1956,.T.);
#2779=ORIENTED_EDGE('',*,*,#1957,.T.);
#2780=ORIENTED_EDGE('',*,*,#1958,.F.);
#2781=ORIENTED_EDGE('',*,*,#1957,.F.);
#2782=ORIENTED_EDGE('',*,*,#1959,.T.);
#2783=ORIENTED_EDGE('',*,*,#1960,.T.);
#2784=ORIENTED_EDGE('',*,*,#1961,.F.);
#2785=ORIENTED_EDGE('',*,*,#1962,.F.);
#2786=ORIENTED_EDGE('',*,*,#1959,.F.);
#2787=ORIENTED_EDGE('',*,*,#1956,.F.);
#2788=ORIENTED_EDGE('',*,*,#1963,.F.);
#2789=ORIENTED_EDGE('',*,*,#1960,.F.);
#2790=ORIENTED_EDGE('',*,*,#1962,.T.);
#2791=ORIENTED_EDGE('',*,*,#1964,.T.);
#2792=ORIENTED_EDGE('',*,*,#1965,.F.);
#2793=ORIENTED_EDGE('',*,*,#1964,.F.);
#2794=ORIENTED_EDGE('',*,*,#1961,.T.);
#2795=ORIENTED_EDGE('',*,*,#1955,.T.);
#2796=ORIENTED_EDGE('',*,*,#1966,.F.);
#2797=ORIENTED_EDGE('',*,*,#1967,.F.);
#2798=ORIENTED_EDGE('',*,*,#1968,.F.);
#2799=ORIENTED_EDGE('',*,*,#1969,.F.);
#2800=ORIENTED_EDGE('',*,*,#1967,.T.);
#2801=ORIENTED_EDGE('',*,*,#1970,.F.);
#2802=ORIENTED_EDGE('',*,*,#1971,.T.);
#2803=ORIENTED_EDGE('',*,*,#1972,.F.);
#2804=ORIENTED_EDGE('',*,*,#1973,.F.);
#2805=ORIENTED_EDGE('',*,*,#1974,.F.);
#2806=ORIENTED_EDGE('',*,*,#1966,.T.);
#2807=ORIENTED_EDGE('',*,*,#1975,.T.);
#2808=ORIENTED_EDGE('',*,*,#1976,.T.);
#2809=ORIENTED_EDGE('',*,*,#1970,.T.);
#2810=ORIENTED_EDGE('',*,*,#1968,.T.);
#2811=ORIENTED_EDGE('',*,*,#1974,.T.);
#2812=ORIENTED_EDGE('',*,*,#1977,.T.);
#2813=ORIENTED_EDGE('',*,*,#1978,.T.);
#2814=ORIENTED_EDGE('',*,*,#1979,.T.);
#2815=ORIENTED_EDGE('',*,*,#1980,.F.);
#2816=ORIENTED_EDGE('',*,*,#1971,.F.);
#2817=ORIENTED_EDGE('',*,*,#1976,.F.);
#2818=ORIENTED_EDGE('',*,*,#1969,.T.);
#2819=ORIENTED_EDGE('',*,*,#1978,.F.);
#2820=ORIENTED_EDGE('',*,*,#1981,.T.);
#2821=ORIENTED_EDGE('',*,*,#1982,.F.);
#2822=ORIENTED_EDGE('',*,*,#1979,.F.);
#2823=ORIENTED_EDGE('',*,*,#1975,.F.);
#2824=ORIENTED_EDGE('',*,*,#1973,.T.);
#2825=ORIENTED_EDGE('',*,*,#1983,.F.);
#2826=ORIENTED_EDGE('',*,*,#1981,.F.);
#2827=ORIENTED_EDGE('',*,*,#1977,.F.);
#2828=ORIENTED_EDGE('',*,*,#1984,.T.);
#2829=ORIENTED_EDGE('',*,*,#1985,.T.);
#2830=ORIENTED_EDGE('',*,*,#1986,.T.);
#2831=ORIENTED_EDGE('',*,*,#1987,.T.);
#2832=ORIENTED_EDGE('',*,*,#1988,.T.);
#2833=ORIENTED_EDGE('',*,*,#1989,.F.);
#2834=ORIENTED_EDGE('',*,*,#1990,.F.);
#2835=ORIENTED_EDGE('',*,*,#1987,.F.);
#2836=ORIENTED_EDGE('',*,*,#1991,.T.);
#2837=ORIENTED_EDGE('',*,*,#1992,.F.);
#2838=ORIENTED_EDGE('',*,*,#1988,.F.);
#2839=ORIENTED_EDGE('',*,*,#1986,.F.);
#2840=ORIENTED_EDGE('',*,*,#1993,.T.);
#2841=ORIENTED_EDGE('',*,*,#1994,.F.);
#2842=ORIENTED_EDGE('',*,*,#1991,.F.);
#2843=ORIENTED_EDGE('',*,*,#1985,.F.);
#2844=ORIENTED_EDGE('',*,*,#1990,.T.);
#2845=ORIENTED_EDGE('',*,*,#1995,.F.);
#2846=ORIENTED_EDGE('',*,*,#1993,.F.);
#2847=ORIENTED_EDGE('',*,*,#1984,.F.);
#2848=ORIENTED_EDGE('',*,*,#1996,.T.);
#2849=ORIENTED_EDGE('',*,*,#1997,.T.);
#2850=ORIENTED_EDGE('',*,*,#1998,.T.);
#2851=ORIENTED_EDGE('',*,*,#1999,.T.);
#2852=ORIENTED_EDGE('',*,*,#2000,.T.);
#2853=ORIENTED_EDGE('',*,*,#2001,.F.);
#2854=ORIENTED_EDGE('',*,*,#2002,.F.);
#2855=ORIENTED_EDGE('',*,*,#1999,.F.);
#2856=ORIENTED_EDGE('',*,*,#2003,.T.);
#2857=ORIENTED_EDGE('',*,*,#2004,.F.);
#2858=ORIENTED_EDGE('',*,*,#2000,.F.);
#2859=ORIENTED_EDGE('',*,*,#1998,.F.);
#2860=ORIENTED_EDGE('',*,*,#2005,.T.);
#2861=ORIENTED_EDGE('',*,*,#2006,.F.);
#2862=ORIENTED_EDGE('',*,*,#2003,.F.);
#2863=ORIENTED_EDGE('',*,*,#1997,.F.);
#2864=ORIENTED_EDGE('',*,*,#2002,.T.);
#2865=ORIENTED_EDGE('',*,*,#2007,.F.);
#2866=ORIENTED_EDGE('',*,*,#2005,.F.);
#2867=ORIENTED_EDGE('',*,*,#1996,.F.);
#2868=ORIENTED_EDGE('',*,*,#2008,.T.);
#2869=ORIENTED_EDGE('',*,*,#2009,.T.);
#2870=ORIENTED_EDGE('',*,*,#2010,.T.);
#2871=ORIENTED_EDGE('',*,*,#2011,.T.);
#2872=ORIENTED_EDGE('',*,*,#1950,.T.);
#2873=ORIENTED_EDGE('',*,*,#1953,.T.);
#2874=ORIENTED_EDGE('',*,*,#1972,.T.);
#2875=ORIENTED_EDGE('',*,*,#1980,.T.);
#2876=ORIENTED_EDGE('',*,*,#1982,.T.);
#2877=ORIENTED_EDGE('',*,*,#1983,.T.);
#2878=ORIENTED_EDGE('',*,*,#1989,.T.);
#2879=ORIENTED_EDGE('',*,*,#1992,.T.);
#2880=ORIENTED_EDGE('',*,*,#1994,.T.);
#2881=ORIENTED_EDGE('',*,*,#1995,.T.);
#2882=ORIENTED_EDGE('',*,*,#2001,.T.);
#2883=ORIENTED_EDGE('',*,*,#2004,.T.);
#2884=ORIENTED_EDGE('',*,*,#2006,.T.);
#2885=ORIENTED_EDGE('',*,*,#2007,.T.);
#2886=ORIENTED_EDGE('',*,*,#2012,.T.);
#2887=ORIENTED_EDGE('',*,*,#2013,.T.);
#2888=ORIENTED_EDGE('',*,*,#2014,.T.);
#2889=ORIENTED_EDGE('',*,*,#2015,.T.);
#2890=ORIENTED_EDGE('',*,*,#1948,.T.);
#2891=ORIENTED_EDGE('',*,*,#1951,.T.);
#2892=ORIENTED_EDGE('',*,*,#1963,.T.);
#2893=ORIENTED_EDGE('',*,*,#1965,.T.);
#2894=ORIENTED_EDGE('',*,*,#1954,.T.);
#2895=ORIENTED_EDGE('',*,*,#1958,.T.);
#2896=ORIENTED_EDGE('',*,*,#2016,.T.);
#2897=ORIENTED_EDGE('',*,*,#2013,.F.);
#2898=ORIENTED_EDGE('',*,*,#2017,.F.);
#2899=ORIENTED_EDGE('',*,*,#2011,.F.);
#2900=ORIENTED_EDGE('',*,*,#2018,.T.);
#2901=ORIENTED_EDGE('',*,*,#2014,.F.);
#2902=ORIENTED_EDGE('',*,*,#2016,.F.);
#2903=ORIENTED_EDGE('',*,*,#2010,.F.);
#2904=ORIENTED_EDGE('',*,*,#2019,.T.);
#2905=ORIENTED_EDGE('',*,*,#2015,.F.);
#2906=ORIENTED_EDGE('',*,*,#2018,.F.);
#2907=ORIENTED_EDGE('',*,*,#2009,.F.);
#2908=ORIENTED_EDGE('',*,*,#2017,.T.);
#2909=ORIENTED_EDGE('',*,*,#2012,.F.);
#2910=ORIENTED_EDGE('',*,*,#2019,.F.);
#2911=ORIENTED_EDGE('',*,*,#2008,.F.);
#2912=PLANE('',#3227);
#2913=PLANE('',#3228);
#2914=PLANE('',#3229);
#2915=PLANE('',#3230);
#2916=PLANE('',#3231);
#2917=PLANE('',#3232);
#2918=PLANE('',#3237);
#2919=PLANE('',#3242);
#2920=PLANE('',#3243);
#2921=PLANE('',#3244);
#2922=PLANE('',#3245);
#2923=PLANE('',#3246);
#2924=PLANE('',#3250);
#2925=PLANE('',#3254);
#2926=PLANE('',#3258);
#2927=PLANE('',#3262);
#2928=PLANE('',#3269);
#2929=PLANE('',#3275);
#2930=PLANE('',#3279);
#2931=PLANE('',#3280);
#2932=PLANE('',#3283);
#2933=PLANE('',#3287);
#2934=PLANE('',#3290);
#2935=PLANE('',#3293);
#2936=PLANE('',#3294);
#2937=PLANE('',#3297);
#2938=PLANE('',#3306);
#2939=PLANE('',#3307);
#2940=PLANE('',#3311);
#2941=PLANE('',#3314);
#2942=PLANE('',#3317);
#2943=PLANE('',#3324);
#2944=PLANE('',#3328);
#2945=PLANE('',#3329);
#2946=PLANE('',#3332);
#2947=PLANE('',#3335);
#2948=PLANE('',#3340);
#2949=PLANE('',#3345);
#2950=PLANE('',#3346);
#2951=PLANE('',#3347);
#2952=PLANE('',#3348);
#2953=PLANE('',#3349);
#2954=PLANE('',#3350);
#2955=PLANE('',#3351);
#2956=PLANE('',#3352);
#2957=PLANE('',#3356);
#2958=PLANE('',#3360);
#2959=PLANE('',#3361);
#2960=PLANE('',#3362);
#2961=PLANE('',#3363);
#2962=PLANE('',#3364);
#2963=PLANE('',#3365);
#2964=PLANE('',#3369);
#2965=PLANE('',#3373);
#2966=PLANE('',#3374);
#2967=PLANE('',#3375);
#2968=PLANE('',#3376);
#2969=PLANE('',#3377);
#2970=PLANE('',#3378);
#2971=PLANE('',#3385);
#2972=PLANE('',#3386);
#2973=PLANE('',#3387);
#2974=PLANE('',#3388);
#2975=PLANE('',#3389);
#2976=PLANE('',#3390);
#2977=PLANE('',#3392);
#2978=PLANE('',#3393);
#2979=PLANE('',#3394);
#2980=PLANE('',#3395);
#2981=PLANE('',#3396);
#2982=PLANE('',#3397);
#2983=PLANE('',#3400);
#2984=PLANE('',#3401);
#2985=PLANE('',#3402);
#2986=PLANE('',#3403);
#2987=PLANE('',#3404);
#2988=PLANE('',#3408);
#2989=PLANE('',#3410);
#2990=PLANE('',#3413);
#2991=PLANE('',#3416);
#2992=PLANE('',#3419);
#2993=PLANE('',#3420);
#2994=PLANE('',#3421);
#2995=PLANE('',#3422);
#2996=PLANE('',#3423);
#2997=PLANE('',#3426);
#2998=PLANE('',#3427);
#2999=PLANE('',#3428);
#3000=PLANE('',#3429);
#3001=PLANE('',#3436);
#3002=PLANE('',#3439);
#3003=PLANE('',#3440);
#3004=PLANE('',#3443);
#3005=PLANE('',#3444);
#3006=PLANE('',#3445);
#3007=PLANE('',#3446);
#3008=PLANE('',#3449);
#3009=PLANE('',#3456);
#3010=PLANE('',#3457);
#3011=PLANE('',#3458);
#3012=PLANE('',#3459);
#3013=PLANE('',#3460);
#3014=PLANE('',#3464);
#3015=PLANE('',#3465);
#3016=PLANE('',#3466);
#3017=PLANE('',#3467);
#3018=PLANE('',#3468);
#3019=PLANE('',#3469);
#3020=PLANE('',#3470);
#3021=PLANE('',#3471);
#3022=PLANE('',#3472);
#3023=PLANE('',#3473);
#3024=PLANE('',#3474);
#3025=PLANE('',#3475);
#3026=PLANE('',#3476);
#3027=PLANE('',#3477);
#3028=PLANE('',#3478);
#3029=PLANE('',#3479);
#3030=PLANE('',#3480);
#3031=PLANE('',#3481);
#3032=PLANE('',#3482);
#3033=PLANE('',#3483);
#3034=PLANE('',#3484);
#3035=PLANE('',#3485);
#3036=ADVANCED_FACE('',(#197),#2912,.F.);
#3037=ADVANCED_FACE('',(#198),#2913,.T.);
#3038=ADVANCED_FACE('',(#199),#2914,.F.);
#3039=ADVANCED_FACE('',(#200),#2915,.F.);
#3040=ADVANCED_FACE('',(#201),#2916,.F.);
#3041=ADVANCED_FACE('',(#202),#2917,.F.);
#3042=ADVANCED_FACE('',(#203),#2918,.F.);
#3043=ADVANCED_FACE('',(#204),#2919,.F.);
#3044=ADVANCED_FACE('',(#205),#2920,.F.);
#3045=ADVANCED_FACE('',(#206),#2921,.F.);
#3046=ADVANCED_FACE('',(#207),#2922,.F.);
#3047=ADVANCED_FACE('',(#208),#2923,.F.);
#3048=ADVANCED_FACE('',(#209),#66,.F.);
#3049=ADVANCED_FACE('',(#210),#2924,.F.);
#3050=ADVANCED_FACE('',(#211),#67,.F.);
#3051=ADVANCED_FACE('',(#212),#2925,.T.);
#3052=ADVANCED_FACE('',(#213),#68,.F.);
#3053=ADVANCED_FACE('',(#214),#2926,.F.);
#3054=ADVANCED_FACE('',(#215),#69,.F.);
#3055=ADVANCED_FACE('',(#216),#2927,.T.);
#3056=ADVANCED_FACE('',(#217),#70,.F.);
#3057=ADVANCED_FACE('',(#218),#71,.F.);
#3058=ADVANCED_FACE('',(#219),#2928,.T.);
#3059=ADVANCED_FACE('',(#220),#72,.F.);
#3060=ADVANCED_FACE('',(#221),#2929,.T.);
#3061=ADVANCED_FACE('',(#222),#73,.F.);
#3062=ADVANCED_FACE('',(#223),#2930,.T.);
#3063=ADVANCED_FACE('',(#224),#2931,.T.);
#3064=ADVANCED_FACE('',(#225),#2932,.T.);
#3065=ADVANCED_FACE('',(#226),#74,.F.);
#3066=ADVANCED_FACE('',(#227),#75,.F.);
#3067=ADVANCED_FACE('',(#228),#2933,.F.);
#3068=ADVANCED_FACE('',(#229),#2934,.F.);
#3069=ADVANCED_FACE('',(#230,#35,#36),#2935,.F.);
#3070=ADVANCED_FACE('',(#231),#2936,.T.);
#3071=ADVANCED_FACE('',(#232),#2937,.T.);
#3072=ADVANCED_FACE('',(#233),#76,.T.);
#3073=ADVANCED_FACE('',(#234),#77,.T.);
#3074=ADVANCED_FACE('',(#235),#78,.F.);
#3075=ADVANCED_FACE('',(#236),#2938,.T.);
#3076=ADVANCED_FACE('',(#237),#2939,.T.);
#3077=ADVANCED_FACE('',(#238),#79,.F.);
#3078=ADVANCED_FACE('',(#239),#2940,.T.);
#3079=ADVANCED_FACE('',(#240),#2941,.T.);
#3080=ADVANCED_FACE('',(#241,#37,#38),#2942,.T.);
#3081=ADVANCED_FACE('',(#242),#80,.F.);
#3082=ADVANCED_FACE('',(#243),#81,.F.);
#3083=ADVANCED_FACE('',(#244),#82,.T.);
#3084=ADVANCED_FACE('',(#245),#83,.F.);
#3085=ADVANCED_FACE('',(#246),#2943,.T.);
#3086=ADVANCED_FACE('',(#247),#84,.F.);
#3087=ADVANCED_FACE('',(#248),#85,.F.);
#3088=ADVANCED_FACE('',(#249),#86,.F.);
#3089=ADVANCED_FACE('',(#250),#2944,.T.);
#3090=ADVANCED_FACE('',(#251),#2945,.T.);
#3091=ADVANCED_FACE('',(#252),#87,.F.);
#3092=ADVANCED_FACE('',(#253,#39),#2946,.T.);
#3093=ADVANCED_FACE('',(#254),#88,.F.);
#3094=ADVANCED_FACE('',(#255,#40,#41),#2947,.T.);
#3095=ADVANCED_FACE('',(#256),#89,.F.);
#3096=ADVANCED_FACE('',(#257),#90,.T.);
#3097=ADVANCED_FACE('',(#258,#42),#2948,.F.);
#3098=ADVANCED_FACE('',(#259),#91,.T.);
#3099=ADVANCED_FACE('',(#260),#92,.T.);
#3100=ADVANCED_FACE('',(#261,#43,#44),#2949,.F.);
#3101=ADVANCED_FACE('',(#262,#45),#2950,.F.);
#3102=ADVANCED_FACE('',(#263),#2951,.T.);
#3103=ADVANCED_FACE('',(#264),#2952,.F.);
#3104=ADVANCED_FACE('',(#265),#2953,.F.);
#3105=ADVANCED_FACE('',(#266),#2954,.F.);
#3106=ADVANCED_FACE('',(#267),#2955,.F.);
#3107=ADVANCED_FACE('',(#268),#2956,.F.);
#3108=ADVANCED_FACE('',(#269),#93,.F.);
#3109=ADVANCED_FACE('',(#270),#2957,.T.);
#3110=ADVANCED_FACE('',(#271),#94,.T.);
#3111=ADVANCED_FACE('',(#272),#2958,.T.);
#3112=ADVANCED_FACE('',(#273),#2959,.T.);
#3113=ADVANCED_FACE('',(#274),#2960,.T.);
#3114=ADVANCED_FACE('',(#275),#2961,.T.);
#3115=ADVANCED_FACE('',(#276,#46),#2962,.T.);
#3116=ADVANCED_FACE('',(#277,#47),#2963,.F.);
#3117=ADVANCED_FACE('',(#278),#95,.F.);
#3118=ADVANCED_FACE('',(#279),#2964,.T.);
#3119=ADVANCED_FACE('',(#280),#96,.T.);
#3120=ADVANCED_FACE('',(#281),#2965,.T.);
#3121=ADVANCED_FACE('',(#282),#2966,.T.);
#3122=ADVANCED_FACE('',(#283),#2967,.T.);
#3123=ADVANCED_FACE('',(#284),#2968,.T.);
#3124=ADVANCED_FACE('',(#285,#48),#2969,.T.);
#3125=ADVANCED_FACE('',(#286,#49),#2970,.F.);
#3126=ADVANCED_FACE('',(#287),#97,.F.);
#3127=ADVANCED_FACE('',(#288),#98,.T.);
#3128=ADVANCED_FACE('',(#289,#50),#2971,.T.);
#3129=ADVANCED_FACE('',(#290,#51),#2972,.T.);
#3130=ADVANCED_FACE('',(#291),#2973,.T.);
#3131=ADVANCED_FACE('',(#292),#2974,.F.);
#3132=ADVANCED_FACE('',(#293),#2975,.T.);
#3133=ADVANCED_FACE('',(#294,#52),#2976,.F.);
#3134=ADVANCED_FACE('',(#295),#2977,.F.);
#3135=ADVANCED_FACE('',(#296),#2978,.T.);
#3136=ADVANCED_FACE('',(#297),#2979,.T.);
#3137=ADVANCED_FACE('',(#298),#2980,.T.);
#3138=ADVANCED_FACE('',(#299),#2981,.T.);
#3139=ADVANCED_FACE('',(#300),#2982,.T.);
#3140=ADVANCED_FACE('',(#301),#99,.F.);
#3141=ADVANCED_FACE('',(#302),#2983,.F.);
#3142=ADVANCED_FACE('',(#303),#2984,.F.);
#3143=ADVANCED_FACE('',(#304),#2985,.F.);
#3144=ADVANCED_FACE('',(#305,#53),#2986,.F.);
#3145=ADVANCED_FACE('',(#306),#2987,.T.);
#3146=ADVANCED_FACE('',(#307),#100,.T.);
#3147=ADVANCED_FACE('',(#308),#2988,.F.);
#3148=ADVANCED_FACE('',(#309),#2989,.F.);
#3149=ADVANCED_FACE('',(#310),#101,.F.);
#3150=ADVANCED_FACE('',(#311,#54),#2990,.T.);
#3151=ADVANCED_FACE('',(#312),#2991,.T.);
#3152=ADVANCED_FACE('',(#313),#102,.F.);
#3153=ADVANCED_FACE('',(#314),#2992,.T.);
#3154=ADVANCED_FACE('',(#315),#2993,.T.);
#3155=ADVANCED_FACE('',(#316),#2994,.T.);
#3156=ADVANCED_FACE('',(#317),#2995,.T.);
#3157=ADVANCED_FACE('',(#318),#2996,.T.);
#3158=ADVANCED_FACE('',(#319),#103,.T.);
#3159=ADVANCED_FACE('',(#320,#55),#2997,.F.);
#3160=ADVANCED_FACE('',(#321),#2998,.T.);
#3161=ADVANCED_FACE('',(#322),#2999,.F.);
#3162=ADVANCED_FACE('',(#323),#3000,.F.);
#3163=ADVANCED_FACE('',(#324),#104,.T.);
#3164=ADVANCED_FACE('',(#325),#105,.F.);
#3165=ADVANCED_FACE('',(#326,#56),#3001,.F.);
#3166=ADVANCED_FACE('',(#327),#3002,.T.);
#3167=ADVANCED_FACE('',(#328),#3003,.T.);
#3168=ADVANCED_FACE('',(#329),#106,.F.);
#3169=ADVANCED_FACE('',(#330),#3004,.T.);
#3170=ADVANCED_FACE('',(#331),#3005,.T.);
#3171=ADVANCED_FACE('',(#332),#3006,.T.);
#3172=ADVANCED_FACE('',(#333),#3007,.T.);
#3173=ADVANCED_FACE('',(#334),#107,.T.);
#3174=ADVANCED_FACE('',(#335,#57),#3008,.T.);
#3175=ADVANCED_FACE('',(#336),#108,.F.);
#3176=ADVANCED_FACE('',(#337),#109,.F.);
#3177=ADVANCED_FACE('',(#338),#3009,.T.);
#3178=ADVANCED_FACE('',(#339),#3010,.T.);
#3179=ADVANCED_FACE('',(#340),#3011,.F.);
#3180=ADVANCED_FACE('',(#341),#3012,.T.);
#3181=ADVANCED_FACE('',(#342),#3013,.T.);
#3182=ADVANCED_FACE('',(#343),#110,.F.);
#3183=ADVANCED_FACE('',(#344),#3014,.F.);
#3184=ADVANCED_FACE('',(#345),#3015,.T.);
#3185=ADVANCED_FACE('',(#346),#3016,.T.);
#3186=ADVANCED_FACE('',(#347),#3017,.F.);
#3187=ADVANCED_FACE('',(#348),#3018,.F.);
#3188=ADVANCED_FACE('',(#349),#3019,.F.);
#3189=ADVANCED_FACE('',(#350),#3020,.T.);
#3190=ADVANCED_FACE('',(#351),#3021,.F.);
#3191=ADVANCED_FACE('',(#352),#3022,.F.);
#3192=ADVANCED_FACE('',(#353),#3023,.F.);
#3193=ADVANCED_FACE('',(#354),#3024,.F.);
#3194=ADVANCED_FACE('',(#355),#3025,.T.);
#3195=ADVANCED_FACE('',(#356),#3026,.F.);
#3196=ADVANCED_FACE('',(#357),#3027,.F.);
#3197=ADVANCED_FACE('',(#358),#3028,.F.);
#3198=ADVANCED_FACE('',(#359),#3029,.F.);
#3199=ADVANCED_FACE('',(#360,#58,#59,#60,#61,#62),#3030,.T.);
#3200=ADVANCED_FACE('',(#361,#63,#64,#65),#3031,.F.);
#3201=ADVANCED_FACE('',(#362),#3032,.F.);
#3202=ADVANCED_FACE('',(#363),#3033,.F.);
#3203=ADVANCED_FACE('',(#364),#3034,.F.);
#3204=ADVANCED_FACE('',(#365),#3035,.F.);
#3205=CLOSED_SHELL('',(#3036,#3037,#3038,#3039,#3040,#3041,#3042,#3043,
#3044,#3045,#3046,#3047,#3048,#3049,#3050,#3051,#3052,#3053,#3054,#3055,
#3056,#3057,#3058,#3059,#3060,#3061,#3062,#3063,#3064,#3065,#3066,#3067,
#3068,#3069,#3070,#3071,#3072,#3073,#3074,#3075,#3076,#3077,#3078,#3079,
#3080,#3081,#3082,#3083,#3084,#3085,#3086,#3087,#3088,#3089,#3090,#3091,
#3092,#3093,#3094,#3095,#3096,#3097,#3098,#3099,#3100,#3101));
#3206=CLOSED_SHELL('',(#3102,#3103,#3104,#3105,#3106,#3107));
#3207=CLOSED_SHELL('',(#3108,#3109,#3110,#3111,#3112,#3113,#3114,#3115,
#3116));
#3208=CLOSED_SHELL('',(#3117,#3118,#3119,#3120,#3121,#3122,#3123,#3124,
#3125));
#3209=CLOSED_SHELL('',(#3126,#3127,#3128,#3129));
#3210=CLOSED_SHELL('',(#3130,#3131,#3132,#3133,#3134,#3135,#3136,#3137,
#3138,#3139,#3140,#3141,#3142,#3143,#3144));
#3211=CLOSED_SHELL('',(#3145,#3146,#3147,#3148,#3149,#3150,#3151,#3152,
#3153,#3154,#3155,#3156,#3157,#3158,#3159));
#3212=CLOSED_SHELL('',(#3160,#3161,#3162,#3163,#3164,#3165,#3166,#3167,
#3168,#3169,#3170,#3171,#3172,#3173,#3174));
#3213=CLOSED_SHELL('',(#3175,#3176,#3177,#3178,#3179,#3180,#3181,#3182,
#3183,#3184,#3185,#3186,#3187,#3188,#3189,#3190,#3191,#3192,#3193,#3194,
#3195,#3196,#3197,#3198,#3199,#3200,#3201,#3202,#3203,#3204));
#3214=DERIVED_UNIT_ELEMENT(#3216,1.);
#3215=DERIVED_UNIT_ELEMENT(#5279,-3.);
#3216=(
MASS_UNIT()
NAMED_UNIT(*)
SI_UNIT(.KILO.,.GRAM.)
);
#3217=DERIVED_UNIT((#3214,#3215));
#3218=MEASURE_REPRESENTATION_ITEM('density measure',
POSITIVE_RATIO_MEASURE(7850.),#3217);
#3219=PROPERTY_DEFINITION_REPRESENTATION(#3224,#3221);
#3220=PROPERTY_DEFINITION_REPRESENTATION(#3225,#3222);
#3221=REPRESENTATION('material name',(#3223),#5276);
#3222=REPRESENTATION('density',(#3218),#5276);
#3223=DESCRIPTIVE_REPRESENTATION_ITEM('Steel','Steel');
#3224=PROPERTY_DEFINITION('material property','material name',#5286);
#3225=PROPERTY_DEFINITION('material property','density of part',#5286);
#3226=AXIS2_PLACEMENT_3D('',#4362,#3486,#3487);
#3227=AXIS2_PLACEMENT_3D('',#4363,#3488,#3489);
#3228=AXIS2_PLACEMENT_3D('',#4372,#3494,#3495);
#3229=AXIS2_PLACEMENT_3D('',#4378,#3499,#3500);
#3230=AXIS2_PLACEMENT_3D('',#4384,#3504,#3505);
#3231=AXIS2_PLACEMENT_3D('',#4390,#3509,#3510);
#3232=AXIS2_PLACEMENT_3D('',#4392,#3512,#3513);
#3233=AXIS2_PLACEMENT_3D('',#4396,#3515,#3516);
#3234=AXIS2_PLACEMENT_3D('',#4400,#3518,#3519);
#3235=AXIS2_PLACEMENT_3D('',#4408,#3523,#3524);
#3236=AXIS2_PLACEMENT_3D('',#4412,#3526,#3527);
#3237=AXIS2_PLACEMENT_3D('',#4414,#3529,#3530);
#3238=AXIS2_PLACEMENT_3D('',#4418,#3532,#3533);
#3239=AXIS2_PLACEMENT_3D('',#4422,#3535,#3536);
#3240=AXIS2_PLACEMENT_3D('',#4430,#3540,#3541);
#3241=AXIS2_PLACEMENT_3D('',#4434,#3543,#3544);
#3242=AXIS2_PLACEMENT_3D('',#4436,#3546,#3547);
#3243=AXIS2_PLACEMENT_3D('',#4443,#3552,#3553);
#3244=AXIS2_PLACEMENT_3D('',#4449,#3557,#3558);
#3245=AXIS2_PLACEMENT_3D('',#4453,#3561,#3562);
#3246=AXIS2_PLACEMENT_3D('',#4457,#3565,#3566);
#3247=AXIS2_PLACEMENT_3D('',#4459,#3568,#3569);
#3248=AXIS2_PLACEMENT_3D('',#4462,#3570,#3571);
#3249=AXIS2_PLACEMENT_3D('',#4466,#3573,#3574);
#3250=AXIS2_PLACEMENT_3D('',#4468,#3576,#3577);
#3251=AXIS2_PLACEMENT_3D('',#4474,#3581,#3582);
#3252=AXIS2_PLACEMENT_3D('',#4476,#3583,#3584);
#3253=AXIS2_PLACEMENT_3D('',#4478,#3585,#3586);
#3254=AXIS2_PLACEMENT_3D('',#4480,#3588,#3589);
#3255=AXIS2_PLACEMENT_3D('',#4483,#3592,#3593);
#3256=AXIS2_PLACEMENT_3D('',#4486,#3594,#3595);
#3257=AXIS2_PLACEMENT_3D('',#4490,#3597,#3598);
#3258=AXIS2_PLACEMENT_3D('',#4492,#3600,#3601);
#3259=AXIS2_PLACEMENT_3D('',#4498,#3605,#3606);
#3260=AXIS2_PLACEMENT_3D('',#4500,#3607,#3608);
#3261=AXIS2_PLACEMENT_3D('',#4502,#3609,#3610);
#3262=AXIS2_PLACEMENT_3D('',#4504,#3612,#3613);
#3263=AXIS2_PLACEMENT_3D('',#4507,#3616,#3617);
#3264=AXIS2_PLACEMENT_3D('',#4509,#3618,#3619);
#3265=AXIS2_PLACEMENT_3D('',#4512,#3621,#3622);
#3266=AXIS2_PLACEMENT_3D('',#4513,#3623,#3624);
#3267=AXIS2_PLACEMENT_3D('',#4515,#3625,#3626);
#3268=AXIS2_PLACEMENT_3D('',#4518,#3628,#3629);
#3269=AXIS2_PLACEMENT_3D('',#4519,#3630,#3631);
#3270=AXIS2_PLACEMENT_3D('',#4528,#3635,#3636);
#3271=AXIS2_PLACEMENT_3D('',#4535,#3640,#3641);
#3272=AXIS2_PLACEMENT_3D('',#4536,#3642,#3643);
#3273=AXIS2_PLACEMENT_3D('',#4539,#3644,#3645);
#3274=AXIS2_PLACEMENT_3D('',#4543,#3647,#3648);
#3275=AXIS2_PLACEMENT_3D('',#4545,#3650,#3651);
#3276=AXIS2_PLACEMENT_3D('',#4554,#3656,#3657);
#3277=AXIS2_PLACEMENT_3D('',#4556,#3658,#3659);
#3278=AXIS2_PLACEMENT_3D('',#4559,#3661,#3662);
#3279=AXIS2_PLACEMENT_3D('',#4560,#3663,#3664);
#3280=AXIS2_PLACEMENT_3D('',#4563,#3667,#3668);
#3281=AXIS2_PLACEMENT_3D('',#4567,#3670,#3671);
#3282=AXIS2_PLACEMENT_3D('',#4572,#3674,#3675);
#3283=AXIS2_PLACEMENT_3D('',#4574,#3677,#3678);
#3284=AXIS2_PLACEMENT_3D('',#4580,#3682,#3683);
#3285=AXIS2_PLACEMENT_3D('',#4583,#3686,#3687);
#3286=AXIS2_PLACEMENT_3D('',#4587,#3689,#3690);
#3287=AXIS2_PLACEMENT_3D('',#4589,#3692,#3693);
#3288=AXIS2_PLACEMENT_3D('',#4597,#3697,#3698);
#3289=AXIS2_PLACEMENT_3D('',#4600,#3700,#3701);
#3290=AXIS2_PLACEMENT_3D('',#4601,#3702,#3703);
#3291=AXIS2_PLACEMENT_3D('',#4603,#3704,#3705);
#3292=AXIS2_PLACEMENT_3D('',#4607,#3707,#3708);
#3293=AXIS2_PLACEMENT_3D('',#4615,#3713,#3714);
#3294=AXIS2_PLACEMENT_3D('',#4622,#3719,#3720);
#3295=AXIS2_PLACEMENT_3D('',#4624,#3721,#3722);
#3296=AXIS2_PLACEMENT_3D('',#4628,#3724,#3725);
#3297=AXIS2_PLACEMENT_3D('',#4635,#3730,#3731);
#3298=AXIS2_PLACEMENT_3D('',#4647,#3737,#3738);
#3299=AXIS2_PLACEMENT_3D('',#4650,#3740,#3741);
#3300=AXIS2_PLACEMENT_3D('',#4651,#3742,#3743);
#3301=AXIS2_PLACEMENT_3D('',#4652,#3744,#3745);
#3302=AXIS2_PLACEMENT_3D('',#4653,#3746,#3747);
#3303=AXIS2_PLACEMENT_3D('',#4654,#3748,#3749);
#3304=AXIS2_PLACEMENT_3D('',#4657,#3750,#3751);
#3305=AXIS2_PLACEMENT_3D('',#4661,#3753,#3754);
#3306=AXIS2_PLACEMENT_3D('',#4663,#3756,#3757);
#3307=AXIS2_PLACEMENT_3D('',#4666,#3760,#3761);
#3308=AXIS2_PLACEMENT_3D('',#4672,#3765,#3766);
#3309=AXIS2_PLACEMENT_3D('',#4674,#3767,#3768);
#3310=AXIS2_PLACEMENT_3D('',#4676,#3769,#3770);
#3311=AXIS2_PLACEMENT_3D('',#4678,#3772,#3773);
#3312=AXIS2_PLACEMENT_3D('',#4683,#3776,#3777);
#3313=AXIS2_PLACEMENT_3D('',#4684,#3778,#3779);
#3314=AXIS2_PLACEMENT_3D('',#4685,#3780,#3781);
#3315=AXIS2_PLACEMENT_3D('',#4688,#3783,#3784);
#3316=AXIS2_PLACEMENT_3D('',#4691,#3786,#3787);
#3317=AXIS2_PLACEMENT_3D('',#4693,#3789,#3790);
#3318=AXIS2_PLACEMENT_3D('',#4700,#3795,#3796);
#3319=AXIS2_PLACEMENT_3D('',#4701,#3797,#3798);
#3320=AXIS2_PLACEMENT_3D('',#4703,#3800,#3801);
#3321=AXIS2_PLACEMENT_3D('',#4705,#3803,#3804);
#3322=AXIS2_PLACEMENT_3D('',#4707,#3805,#3806);
#3323=AXIS2_PLACEMENT_3D('',#4710,#3808,#3809);
#3324=AXIS2_PLACEMENT_3D('',#4711,#3810,#3811);
#3325=AXIS2_PLACEMENT_3D('',#4713,#3813,#3814);
#3326=AXIS2_PLACEMENT_3D('',#4714,#3815,#3816);
#3327=AXIS2_PLACEMENT_3D('',#4717,#3819,#3820);
#3328=AXIS2_PLACEMENT_3D('',#4719,#3822,#3823);
#3329=AXIS2_PLACEMENT_3D('',#4720,#3824,#3825);
#3330=AXIS2_PLACEMENT_3D('',#4721,#3826,#3827);
#3331=AXIS2_PLACEMENT_3D('',#4723,#3828,#3829);
#3332=AXIS2_PLACEMENT_3D('',#4725,#3831,#3832);
#3333=AXIS2_PLACEMENT_3D('',#4729,#3835,#3836);
#3334=AXIS2_PLACEMENT_3D('',#4731,#3837,#3838);
#3335=AXIS2_PLACEMENT_3D('',#4733,#3840,#3841);
#3336=AXIS2_PLACEMENT_3D('',#4735,#3843,#3844);
#3337=AXIS2_PLACEMENT_3D('',#4736,#3845,#3846);
#3338=AXIS2_PLACEMENT_3D('',#4737,#3847,#3848);
#3339=AXIS2_PLACEMENT_3D('',#4742,#3851,#3852);
#3340=AXIS2_PLACEMENT_3D('',#4743,#3853,#3854);
#3341=AXIS2_PLACEMENT_3D('',#4746,#3856,#3857);
#3342=AXIS2_PLACEMENT_3D('',#4748,#3858,#3859);
#3343=AXIS2_PLACEMENT_3D('',#4750,#3861,#3862);
#3344=AXIS2_PLACEMENT_3D('',#4752,#3864,#3865);
#3345=AXIS2_PLACEMENT_3D('',#4754,#3867,#3868);
#3346=AXIS2_PLACEMENT_3D('',#4755,#3869,#3870);
#3347=AXIS2_PLACEMENT_3D('',#4756,#3871,#3872);
#3348=AXIS2_PLACEMENT_3D('',#4765,#3877,#3878);
#3349=AXIS2_PLACEMENT_3D('',#4774,#3883,#3884);
#3350=AXIS2_PLACEMENT_3D('',#4777,#3887,#3888);
#3351=AXIS2_PLACEMENT_3D('',#4779,#3890,#3891);
#3352=AXIS2_PLACEMENT_3D('',#4781,#3893,#3894);
#3353=AXIS2_PLACEMENT_3D('',#4782,#3895,#3896);
#3354=AXIS2_PLACEMENT_3D('',#4784,#3897,#3898);
#3355=AXIS2_PLACEMENT_3D('',#4787,#3900,#3901);
#3356=AXIS2_PLACEMENT_3D('',#4788,#3902,#3903);
#3357=AXIS2_PLACEMENT_3D('',#4797,#3908,#3909);
#3358=AXIS2_PLACEMENT_3D('',#4799,#3910,#3911);
#3359=AXIS2_PLACEMENT_3D('',#4801,#3912,#3913);
#3360=AXIS2_PLACEMENT_3D('',#4803,#3915,#3916);
#3361=AXIS2_PLACEMENT_3D('',#4809,#3920,#3921);
#3362=AXIS2_PLACEMENT_3D('',#4815,#3925,#3926);
#3363=AXIS2_PLACEMENT_3D('',#4821,#3930,#3931);
#3364=AXIS2_PLACEMENT_3D('',#4824,#3934,#3935);
#3365=AXIS2_PLACEMENT_3D('',#4825,#3936,#3937);
#3366=AXIS2_PLACEMENT_3D('',#4826,#3938,#3939);
#3367=AXIS2_PLACEMENT_3D('',#4828,#3940,#3941);
#3368=AXIS2_PLACEMENT_3D('',#4831,#3943,#3944);
#3369=AXIS2_PLACEMENT_3D('',#4832,#3945,#3946);
#3370=AXIS2_PLACEMENT_3D('',#4841,#3951,#3952);
#3371=AXIS2_PLACEMENT_3D('',#4843,#3953,#3954);
#3372=AXIS2_PLACEMENT_3D('',#4845,#3955,#3956);
#3373=AXIS2_PLACEMENT_3D('',#4847,#3958,#3959);
#3374=AXIS2_PLACEMENT_3D('',#4853,#3963,#3964);
#3375=AXIS2_PLACEMENT_3D('',#4859,#3968,#3969);
#3376=AXIS2_PLACEMENT_3D('',#4865,#3973,#3974);
#3377=AXIS2_PLACEMENT_3D('',#4868,#3977,#3978);
#3378=AXIS2_PLACEMENT_3D('',#4869,#3979,#3980);
#3379=AXIS2_PLACEMENT_3D('',#4870,#3981,#3982);
#3380=AXIS2_PLACEMENT_3D('',#4872,#3983,#3984);
#3381=AXIS2_PLACEMENT_3D('',#4875,#3986,#3987);
#3382=AXIS2_PLACEMENT_3D('',#4876,#3988,#3989);
#3383=AXIS2_PLACEMENT_3D('',#4878,#3990,#3991);
#3384=AXIS2_PLACEMENT_3D('',#4881,#3993,#3994);
#3385=AXIS2_PLACEMENT_3D('',#4882,#3995,#3996);
#3386=AXIS2_PLACEMENT_3D('',#4883,#3997,#3998);
#3387=AXIS2_PLACEMENT_3D('',#4884,#3999,#4000);
#3388=AXIS2_PLACEMENT_3D('',#4893,#4005,#4006);
#3389=AXIS2_PLACEMENT_3D('',#4899,#4010,#4011);
#3390=AXIS2_PLACEMENT_3D('',#4905,#4015,#4016);
#3391=AXIS2_PLACEMENT_3D('',#4924,#4026,#4027);
#3392=AXIS2_PLACEMENT_3D('',#4925,#4028,#4029);
#3393=AXIS2_PLACEMENT_3D('',#4929,#4032,#4033);
#3394=AXIS2_PLACEMENT_3D('',#4935,#4037,#4038);
#3395=AXIS2_PLACEMENT_3D('',#4939,#4041,#4042);
#3396=AXIS2_PLACEMENT_3D('',#4943,#4045,#4046);
#3397=AXIS2_PLACEMENT_3D('',#4947,#4049,#4050);
#3398=AXIS2_PLACEMENT_3D('',#4951,#4053,#4054);
#3399=AXIS2_PLACEMENT_3D('',#4954,#4056,#4057);
#3400=AXIS2_PLACEMENT_3D('',#4955,#4058,#4059);
#3401=AXIS2_PLACEMENT_3D('',#4959,#4062,#4063);
#3402=AXIS2_PLACEMENT_3D('',#4961,#4065,#4066);
#3403=AXIS2_PLACEMENT_3D('',#4963,#4068,#4069);
#3404=AXIS2_PLACEMENT_3D('',#4964,#4070,#4071);
#3405=AXIS2_PLACEMENT_3D('',#4973,#4076,#4077);
#3406=AXIS2_PLACEMENT_3D('',#4975,#4078,#4079);
#3407=AXIS2_PLACEMENT_3D('',#4977,#4080,#4081);
#3408=AXIS2_PLACEMENT_3D('',#4979,#4083,#4084);
#3409=AXIS2_PLACEMENT_3D('',#4985,#4087,#4088);
#3410=AXIS2_PLACEMENT_3D('',#4987,#4090,#4091);
#3411=AXIS2_PLACEMENT_3D('',#4993,#4095,#4096);
#3412=AXIS2_PLACEMENT_3D('',#4995,#4097,#4098);
#3413=AXIS2_PLACEMENT_3D('',#4997,#4100,#4101);
#3414=AXIS2_PLACEMENT_3D('',#5009,#4107,#4108);
#3415=AXIS2_PLACEMENT_3D('',#5012,#4110,#4111);
#3416=AXIS2_PLACEMENT_3D('',#5013,#4112,#4113);
#3417=AXIS2_PLACEMENT_3D('',#5017,#4116,#4117);
#3418=AXIS2_PLACEMENT_3D('',#5020,#4119,#4120);
#3419=AXIS2_PLACEMENT_3D('',#5021,#4121,#4122);
#3420=AXIS2_PLACEMENT_3D('',#5027,#4126,#4127);
#3421=AXIS2_PLACEMENT_3D('',#5031,#4130,#4131);
#3422=AXIS2_PLACEMENT_3D('',#5035,#4134,#4135);
#3423=AXIS2_PLACEMENT_3D('',#5037,#4137,#4138);
#3424=AXIS2_PLACEMENT_3D('',#5041,#4141,#4142);
#3425=AXIS2_PLACEMENT_3D('',#5042,#4143,#4144);
#3426=AXIS2_PLACEMENT_3D('',#5043,#4145,#4146);
#3427=AXIS2_PLACEMENT_3D('',#5044,#4147,#4148);
#3428=AXIS2_PLACEMENT_3D('',#5053,#4153,#4154);
#3429=AXIS2_PLACEMENT_3D('',#5062,#4159,#4160);
#3430=AXIS2_PLACEMENT_3D('',#5066,#4162,#4163);
#3431=AXIS2_PLACEMENT_3D('',#5068,#4165,#4166);
#3432=AXIS2_PLACEMENT_3D('',#5069,#4167,#4168);
#3433=AXIS2_PLACEMENT_3D('',#5071,#4169,#4170);
#3434=AXIS2_PLACEMENT_3D('',#5073,#4172,#4173);
#3435=AXIS2_PLACEMENT_3D('',#5076,#4175,#4176);
#3436=AXIS2_PLACEMENT_3D('',#5077,#4177,#4178);
#3437=AXIS2_PLACEMENT_3D('',#5081,#4180,#4181);
#3438=AXIS2_PLACEMENT_3D('',#5092,#4187,#4188);
#3439=AXIS2_PLACEMENT_3D('',#5093,#4189,#4190);
#3440=AXIS2_PLACEMENT_3D('',#5097,#4193,#4194);
#3441=AXIS2_PLACEMENT_3D('',#5101,#4197,#4198);
#3442=AXIS2_PLACEMENT_3D('',#5103,#4199,#4200);
#3443=AXIS2_PLACEMENT_3D('',#5105,#4202,#4203);
#3444=AXIS2_PLACEMENT_3D('',#5111,#4207,#4208);
#3445=AXIS2_PLACEMENT_3D('',#5115,#4211,#4212);
#3446=AXIS2_PLACEMENT_3D('',#5119,#4215,#4216);
#3447=AXIS2_PLACEMENT_3D('',#5121,#4218,#4219);
#3448=AXIS2_PLACEMENT_3D('',#5122,#4220,#4221);
#3449=AXIS2_PLACEMENT_3D('',#5123,#4222,#4223);
#3450=AXIS2_PLACEMENT_3D('',#5124,#4224,#4225);
#3451=AXIS2_PLACEMENT_3D('',#5126,#4226,#4227);
#3452=AXIS2_PLACEMENT_3D('',#5129,#4229,#4230);
#3453=AXIS2_PLACEMENT_3D('',#5130,#4231,#4232);
#3454=AXIS2_PLACEMENT_3D('',#5132,#4233,#4234);
#3455=AXIS2_PLACEMENT_3D('',#5135,#4236,#4237);
#3456=AXIS2_PLACEMENT_3D('',#5136,#4238,#4239);
#3457=AXIS2_PLACEMENT_3D('',#5145,#4244,#4245);
#3458=AXIS2_PLACEMENT_3D('',#5151,#4249,#4250);
#3459=AXIS2_PLACEMENT_3D('',#5155,#4253,#4254);
#3460=AXIS2_PLACEMENT_3D('',#5159,#4257,#4258);
#3461=AXIS2_PLACEMENT_3D('',#5161,#4260,#4261);
#3462=AXIS2_PLACEMENT_3D('',#5166,#4263,#4264);
#3463=AXIS2_PLACEMENT_3D('',#5169,#4266,#4267);
#3464=AXIS2_PLACEMENT_3D('',#5170,#4268,#4269);
#3465=AXIS2_PLACEMENT_3D('',#5180,#4275,#4276);
#3466=AXIS2_PLACEMENT_3D('',#5184,#4279,#4280);
#3467=AXIS2_PLACEMENT_3D('',#5188,#4283,#4284);
#3468=AXIS2_PLACEMENT_3D('',#5192,#4287,#4288);
#3469=AXIS2_PLACEMENT_3D('',#5196,#4291,#4292);
#3470=AXIS2_PLACEMENT_3D('',#5198,#4294,#4295);
#3471=AXIS2_PLACEMENT_3D('',#5207,#4300,#4301);
#3472=AXIS2_PLACEMENT_3D('',#5213,#4305,#4306);
#3473=AXIS2_PLACEMENT_3D('',#5217,#4309,#4310);
#3474=AXIS2_PLACEMENT_3D('',#5221,#4313,#4314);
#3475=AXIS2_PLACEMENT_3D('',#5223,#4316,#4317);
#3476=AXIS2_PLACEMENT_3D('',#5232,#4322,#4323);
#3477=AXIS2_PLACEMENT_3D('',#5238,#4327,#4328);
#3478=AXIS2_PLACEMENT_3D('',#5242,#4331,#4332);
#3479=AXIS2_PLACEMENT_3D('',#5246,#4335,#4336);
#3480=AXIS2_PLACEMENT_3D('',#5248,#4338,#4339);
#3481=AXIS2_PLACEMENT_3D('',#5257,#4344,#4345);
#3482=AXIS2_PLACEMENT_3D('',#5266,#4350,#4351);
#3483=AXIS2_PLACEMENT_3D('',#5269,#4354,#4355);
#3484=AXIS2_PLACEMENT_3D('',#5271,#4357,#4358);
#3485=AXIS2_PLACEMENT_3D('',#5273,#4360,#4361);
#3486=DIRECTION('axis',(0.,0.,1.));
#3487=DIRECTION('refdir',(1.,0.,0.));
#3488=DIRECTION('center_axis',(1.,0.,0.));
#3489=DIRECTION('ref_axis',(0.,0.,-1.));
#3490=DIRECTION('',(0.,-1.,0.));
#3491=DIRECTION('',(0.,0.,-1.));
#3492=DIRECTION('',(0.,-1.,0.));
#3493=DIRECTION('',(0.,0.,-1.));
#3494=DIRECTION('center_axis',(0.,0.,1.));
#3495=DIRECTION('ref_axis',(1.,0.,0.));
#3496=DIRECTION('',(0.,1.,0.));
#3497=DIRECTION('',(-1.,0.,0.));
#3498=DIRECTION('',(1.,0.,0.));
#3499=DIRECTION('center_axis',(0.,1.,0.));
#3500=DIRECTION('ref_axis',(0.,0.,1.));
#3501=DIRECTION('',(0.,0.,1.));
#3502=DIRECTION('',(-1.,0.,0.));
#3503=DIRECTION('',(0.,0.,-1.));
#3504=DIRECTION('center_axis',(0.,-1.,0.));
#3505=DIRECTION('ref_axis',(0.,0.,-1.));
#3506=DIRECTION('',(0.,0.,-1.));
#3507=DIRECTION('',(1.,0.,0.));
#3508=DIRECTION('',(0.,0.,-1.));
#3509=DIRECTION('center_axis',(-1.,0.,0.));
#3510=DIRECTION('ref_axis',(0.,0.,1.));
#3511=DIRECTION('',(0.,-1.,0.));
#3512=DIRECTION('center_axis',(-1.,0.,0.));
#3513=DIRECTION('ref_axis',(0.,0.,1.));
#3514=DIRECTION('',(0.,-1.,0.));
#3515=DIRECTION('center_axis',(-1.,0.,0.));
#3516=DIRECTION('ref_axis',(0.,0.,-1.));
#3517=DIRECTION('',(0.,0.,1.));
#3518=DIRECTION('center_axis',(-1.,0.,0.));
#3519=DIRECTION('ref_axis',(0.,0.,-1.));
#3520=DIRECTION('',(0.,1.,0.));
#3521=DIRECTION('',(0.,0.,1.));
#3522=DIRECTION('',(0.,1.,0.));
#3523=DIRECTION('center_axis',(1.,0.,0.));
#3524=DIRECTION('ref_axis',(0.,0.,-1.));
#3525=DIRECTION('',(0.,0.,-1.));
#3526=DIRECTION('center_axis',(1.,0.,0.));
#3527=DIRECTION('ref_axis',(0.,0.,-1.));
#3528=DIRECTION('',(0.,-1.,0.));
#3529=DIRECTION('center_axis',(-1.,0.,0.));
#3530=DIRECTION('ref_axis',(0.,0.,1.));
#3531=DIRECTION('',(0.,-1.,0.));
#3532=DIRECTION('center_axis',(1.,0.,0.));
#3533=DIRECTION('ref_axis',(0.,0.,-1.));
#3534=DIRECTION('',(0.,0.,-1.));
#3535=DIRECTION('center_axis',(1.,0.,0.));
#3536=DIRECTION('ref_axis',(0.,0.,-1.));
#3537=DIRECTION('',(0.,1.,0.));
#3538=DIRECTION('',(0.,0.,-1.));
#3539=DIRECTION('',(0.,1.,0.));
#3540=DIRECTION('center_axis',(-1.,0.,0.));
#3541=DIRECTION('ref_axis',(0.,0.,-1.));
#3542=DIRECTION('',(0.,0.,-1.));
#3543=DIRECTION('center_axis',(-1.,0.,0.));
#3544=DIRECTION('ref_axis',(0.,0.,-1.));
#3545=DIRECTION('',(0.,-1.,0.));
#3546=DIRECTION('center_axis',(1.,0.,0.));
#3547=DIRECTION('ref_axis',(0.,0.,-1.));
#3548=DIRECTION('',(0.,1.,0.));
#3549=DIRECTION('',(0.,0.,-1.));
#3550=DIRECTION('',(0.,1.,0.));
#3551=DIRECTION('',(0.,0.,-1.));
#3552=DIRECTION('center_axis',(0.,0.,1.));
#3553=DIRECTION('ref_axis',(1.,0.,0.));
#3554=DIRECTION('',(0.,-1.,0.));
#3555=DIRECTION('',(-1.,0.,0.));
#3556=DIRECTION('',(1.,0.,0.));
#3557=DIRECTION('center_axis',(0.,1.,0.));
#3558=DIRECTION('ref_axis',(0.,0.,1.));
#3559=DIRECTION('',(0.,0.,-1.));
#3560=DIRECTION('',(1.,0.,0.));
#3561=DIRECTION('center_axis',(0.,-1.,0.));
#3562=DIRECTION('ref_axis',(0.,0.,-1.));
#3563=DIRECTION('',(0.,0.,-1.));
#3564=DIRECTION('',(-1.,0.,0.));
#3565=DIRECTION('center_axis',(-1.,0.,0.));
#3566=DIRECTION('ref_axis',(0.,0.,1.));
#3567=DIRECTION('',(0.,1.,0.));
#3568=DIRECTION('center_axis',(0.,1.,0.));
#3569=DIRECTION('ref_axis',(1.,0.,0.));
#3570=DIRECTION('center_axis',(0.,-1.,0.));
#3571=DIRECTION('ref_axis',(1.,0.,0.));
#3572=DIRECTION('',(0.,-1.,0.));
#3573=DIRECTION('center_axis',(0.,1.,0.));
#3574=DIRECTION('ref_axis',(1.,0.,0.));
#3575=DIRECTION('',(0.,1.,0.));
#3576=DIRECTION('center_axis',(0.,0.,1.));
#3577=DIRECTION('ref_axis',(1.,0.,0.));
#3578=DIRECTION('',(-1.,0.,0.));
#3579=DIRECTION('',(1.,0.,0.));
#3580=DIRECTION('',(0.,-1.,0.));
#3581=DIRECTION('center_axis',(0.,1.,0.));
#3582=DIRECTION('ref_axis',(-1.,0.,-1.22464679914735E-16));
#3583=DIRECTION('center_axis',(0.,-1.,0.));
#3584=DIRECTION('ref_axis',(1.,0.,0.));
#3585=DIRECTION('center_axis',(0.,1.,0.));
#3586=DIRECTION('ref_axis',(1.,0.,0.));
#3587=DIRECTION('',(0.,1.,0.));
#3588=DIRECTION('center_axis',(0.,0.,1.));
#3589=DIRECTION('ref_axis',(1.,0.,0.));
#3590=DIRECTION('',(1.,0.,0.));
#3591=DIRECTION('',(-1.,0.,0.));
#3592=DIRECTION('center_axis',(0.,1.,0.));
#3593=DIRECTION('ref_axis',(1.,0.,0.));
#3594=DIRECTION('center_axis',(0.,-1.,0.));
#3595=DIRECTION('ref_axis',(1.,0.,0.));
#3596=DIRECTION('',(0.,-1.,0.));
#3597=DIRECTION('center_axis',(0.,1.,0.));
#3598=DIRECTION('ref_axis',(1.,0.,0.));
#3599=DIRECTION('',(0.,1.,0.));
#3600=DIRECTION('center_axis',(0.,0.,1.));
#3601=DIRECTION('ref_axis',(1.,0.,0.));
#3602=DIRECTION('',(-1.,0.,0.));
#3603=DIRECTION('',(1.,0.,0.));
#3604=DIRECTION('',(0.,-1.,0.));
#3605=DIRECTION('center_axis',(0.,1.,0.));
#3606=DIRECTION('ref_axis',(-1.,0.,-1.22464679914735E-16));
#3607=DIRECTION('center_axis',(0.,-1.,0.));
#3608=DIRECTION('ref_axis',(1.,0.,0.));
#3609=DIRECTION('center_axis',(0.,1.,0.));
#3610=DIRECTION('ref_axis',(1.,0.,0.));
#3611=DIRECTION('',(0.,1.,0.));
#3612=DIRECTION('center_axis',(0.,0.,1.));
#3613=DIRECTION('ref_axis',(1.,0.,0.));
#3614=DIRECTION('',(1.,0.,0.));
#3615=DIRECTION('',(-1.,0.,0.));
#3616=DIRECTION('center_axis',(0.,1.,0.));
#3617=DIRECTION('ref_axis',(1.,0.,0.));
#3618=DIRECTION('center_axis',(0.,1.,0.));
#3619=DIRECTION('ref_axis',(1.,0.,0.));
#3620=DIRECTION('',(0.,1.,0.));
#3621=DIRECTION('center_axis',(0.,-1.,0.));
#3622=DIRECTION('ref_axis',(1.,0.,0.));
#3623=DIRECTION('center_axis',(0.,1.,0.));
#3624=DIRECTION('ref_axis',(1.,0.,0.));
#3625=DIRECTION('center_axis',(0.,1.,0.));
#3626=DIRECTION('ref_axis',(1.,0.,0.));
#3627=DIRECTION('',(0.,1.,0.));
#3628=DIRECTION('center_axis',(0.,-1.,0.));
#3629=DIRECTION('ref_axis',(1.,0.,0.));
#3630=DIRECTION('center_axis',(1.,0.,0.));
#3631=DIRECTION('ref_axis',(0.,0.,-1.));
#3632=DIRECTION('',(0.,0.,1.));
#3633=DIRECTION('',(0.,1.,0.));
#3634=DIRECTION('',(0.,0.,-1.));
#3635=DIRECTION('center_axis',(-1.,0.,0.));
#3636=DIRECTION('ref_axis',(0.,0.,-1.));
#3637=DIRECTION('',(0.,1.,0.));
#3638=DIRECTION('',(0.,0.,1.));
#3639=DIRECTION('',(0.,-1.,0.));
#3640=DIRECTION('center_axis',(1.,0.,0.));
#3641=DIRECTION('ref_axis',(0.,0.,-1.));
#3642=DIRECTION('center_axis',(0.,1.,0.));
#3643=DIRECTION('ref_axis',(1.,0.,0.));
#3644=DIRECTION('center_axis',(0.,1.,0.));
#3645=DIRECTION('ref_axis',(1.,0.,0.));
#3646=DIRECTION('',(0.,-1.,0.));
#3647=DIRECTION('center_axis',(0.,-1.,0.));
#3648=DIRECTION('ref_axis',(1.,0.,0.));
#3649=DIRECTION('',(0.,-1.,0.));
#3650=DIRECTION('center_axis',(0.,1.,0.));
#3651=DIRECTION('ref_axis',(0.,0.,1.));
#3652=DIRECTION('',(1.,0.,0.));
#3653=DIRECTION('',(0.,0.,-1.));
#3654=DIRECTION('',(-1.,0.,0.));
#3655=DIRECTION('',(0.,0.,-1.));
#3656=DIRECTION('center_axis',(0.,1.,0.));
#3657=DIRECTION('ref_axis',(1.,0.,0.));
#3658=DIRECTION('center_axis',(0.,1.,0.));
#3659=DIRECTION('ref_axis',(1.,0.,0.));
#3660=DIRECTION('',(0.,1.,0.));
#3661=DIRECTION('center_axis',(0.,-1.,0.));
#3662=DIRECTION('ref_axis',(1.,0.,0.));
#3663=DIRECTION('center_axis',(0.,0.,1.));
#3664=DIRECTION('ref_axis',(1.,0.,0.));
#3665=DIRECTION('',(-1.,0.,0.));
#3666=DIRECTION('',(1.,0.,0.));
#3667=DIRECTION('center_axis',(-1.,0.,0.));
#3668=DIRECTION('ref_axis',(0.,0.,1.));
#3669=DIRECTION('',(0.,0.,-1.));
#3670=DIRECTION('center_axis',(-1.,0.,0.));
#3671=DIRECTION('ref_axis',(0.,0.,-1.));
#3672=DIRECTION('',(0.,1.,0.));
#3673=DIRECTION('',(0.,-1.,0.));
#3674=DIRECTION('center_axis',(1.,0.,0.));
#3675=DIRECTION('ref_axis',(0.,0.,-1.));
#3676=DIRECTION('',(0.,0.,1.));
#3677=DIRECTION('center_axis',(0.,-1.,0.));
#3678=DIRECTION('ref_axis',(0.,0.,-1.));
#3679=DIRECTION('',(1.,0.,0.));
#3680=DIRECTION('',(0.,0.,-1.));
#3681=DIRECTION('',(-1.,0.,0.));
#3682=DIRECTION('center_axis',(1.,0.,0.));
#3683=DIRECTION('ref_axis',(0.,0.,-1.));
#3684=DIRECTION('',(-1.,0.,0.));
#3685=DIRECTION('',(-1.,0.,0.));
#3686=DIRECTION('center_axis',(1.,0.,0.));
#3687=DIRECTION('ref_axis',(0.,0.,-1.));
#3688=DIRECTION('',(-1.,0.,0.));
#3689=DIRECTION('center_axis',(1.,0.,0.));
#3690=DIRECTION('ref_axis',(0.,0.,-1.));
#3691=DIRECTION('',(-1.,0.,0.));
#3692=DIRECTION('center_axis',(0.,0.,1.));
#3693=DIRECTION('ref_axis',(1.,0.,0.));
#3694=DIRECTION('',(1.,0.,0.));
#3695=DIRECTION('',(0.,1.,0.));
#3696=DIRECTION('',(-1.,0.,0.));
#3697=DIRECTION('center_axis',(0.,0.,1.));
#3698=DIRECTION('ref_axis',(1.,0.,0.));
#3699=DIRECTION('',(0.,1.,0.));
#3700=DIRECTION('center_axis',(0.,0.,1.));
#3701=DIRECTION('ref_axis',(1.,0.,0.));
#3702=DIRECTION('center_axis',(0.,0.,1.));
#3703=DIRECTION('ref_axis',(1.,0.,0.));
#3704=DIRECTION('center_axis',(0.,0.,1.));
#3705=DIRECTION('ref_axis',(1.,0.,0.));
#3706=DIRECTION('',(0.,-1.,0.));
#3707=DIRECTION('center_axis',(0.,0.,1.));
#3708=DIRECTION('ref_axis',(1.,0.,0.));
#3709=DIRECTION('',(1.,0.,0.));
#3710=DIRECTION('',(0.,-1.,0.));
#3711=DIRECTION('',(1.,0.,0.));
#3712=DIRECTION('',(0.,-1.,0.));
#3713=DIRECTION('center_axis',(0.,-1.,0.));
#3714=DIRECTION('ref_axis',(0.,0.,-1.));
#3715=DIRECTION('',(-1.,0.,0.));
#3716=DIRECTION('',(1.,0.,0.));
#3717=DIRECTION('',(0.,0.,-1.));
#3718=DIRECTION('',(-1.,0.,0.));
#3719=DIRECTION('center_axis',(0.,0.,1.));
#3720=DIRECTION('ref_axis',(1.,0.,0.));
#3721=DIRECTION('center_axis',(0.,0.,-1.));
#3722=DIRECTION('ref_axis',(1.,0.,0.));
#3723=DIRECTION('',(0.,-1.,0.));
#3724=DIRECTION('center_axis',(0.,0.,-1.));
#3725=DIRECTION('ref_axis',(1.,0.,0.));
#3726=DIRECTION('',(1.,0.,0.));
#3727=DIRECTION('',(0.,-1.,0.));
#3728=DIRECTION('',(1.,0.,0.));
#3729=DIRECTION('',(-1.,0.,0.));
#3730=DIRECTION('center_axis',(0.,0.,1.));
#3731=DIRECTION('ref_axis',(1.,0.,0.));
#3732=DIRECTION('',(-1.,0.,0.));
#3733=DIRECTION('',(0.,-1.,0.));
#3734=DIRECTION('',(1.,0.,0.));
#3735=DIRECTION('',(0.,1.,0.));
#3736=DIRECTION('',(-1.,0.,0.));
#3737=DIRECTION('center_axis',(0.,0.,-1.));
#3738=DIRECTION('ref_axis',(1.,0.,0.));
#3739=DIRECTION('',(0.,1.,0.));
#3740=DIRECTION('center_axis',(0.,0.,-1.));
#3741=DIRECTION('ref_axis',(1.,0.,0.));
#3742=DIRECTION('center_axis',(1.,0.,0.));
#3743=DIRECTION('ref_axis',(0.,0.,-1.));
#3744=DIRECTION('center_axis',(1.,0.,0.));
#3745=DIRECTION('ref_axis',(0.,0.,-1.));
#3746=DIRECTION('center_axis',(-1.,0.,0.));
#3747=DIRECTION('ref_axis',(0.,0.,-1.));
#3748=DIRECTION('center_axis',(0.,1.,0.));
#3749=DIRECTION('ref_axis',(1.,0.,0.));
#3750=DIRECTION('center_axis',(0.,-1.,0.));
#3751=DIRECTION('ref_axis',(1.,0.,0.));
#3752=DIRECTION('',(0.,1.,0.));
#3753=DIRECTION('center_axis',(0.,1.,0.));
#3754=DIRECTION('ref_axis',(1.,0.,0.));
#3755=DIRECTION('',(0.,1.,0.));
#3756=DIRECTION('center_axis',(0.,-1.,0.));
#3757=DIRECTION('ref_axis',(0.,0.,-1.));
#3758=DIRECTION('',(0.,0.,-1.));
#3759=DIRECTION('',(0.,0.,1.));
#3760=DIRECTION('center_axis',(0.,0.,1.));
#3761=DIRECTION('ref_axis',(1.,0.,0.));
#3762=DIRECTION('',(1.,0.,0.));
#3763=DIRECTION('',(-1.,0.,0.));
#3764=DIRECTION('',(0.,-1.,0.));
#3765=DIRECTION('center_axis',(0.,1.,0.));
#3766=DIRECTION('ref_axis',(1.,0.,0.));
#3767=DIRECTION('center_axis',(0.,-1.,0.));
#3768=DIRECTION('ref_axis',(1.,0.,0.));
#3769=DIRECTION('center_axis',(0.,1.,0.));
#3770=DIRECTION('ref_axis',(1.,0.,0.));
#3771=DIRECTION('',(0.,-1.,0.));
#3772=DIRECTION('center_axis',(-1.,0.,0.));
#3773=DIRECTION('ref_axis',(0.,0.,1.));
#3774=DIRECTION('',(0.,0.,1.));
#3775=DIRECTION('',(0.,0.,-1.));
#3776=DIRECTION('center_axis',(1.,0.,0.));
#3777=DIRECTION('ref_axis',(0.,0.,-1.));
#3778=DIRECTION('center_axis',(-1.,0.,0.));
#3779=DIRECTION('ref_axis',(0.,0.,-1.));
#3780=DIRECTION('center_axis',(1.,0.,0.));
#3781=DIRECTION('ref_axis',(0.,0.,-1.));
#3782=DIRECTION('',(0.,0.,-1.));
#3783=DIRECTION('center_axis',(1.,0.,0.));
#3784=DIRECTION('ref_axis',(0.,0.,-1.));
#3785=DIRECTION('',(0.,0.,-1.));
#3786=DIRECTION('center_axis',(-1.,0.,0.));
#3787=DIRECTION('ref_axis',(0.,0.,-1.));
#3788=DIRECTION('',(0.,0.,1.));
#3789=DIRECTION('center_axis',(0.,1.,0.));
#3790=DIRECTION('ref_axis',(0.,0.,1.));
#3791=DIRECTION('',(1.,0.,0.));
#3792=DIRECTION('',(-1.,0.,0.));
#3793=DIRECTION('',(0.,0.,-1.));
#3794=DIRECTION('',(1.,0.,0.));
#3795=DIRECTION('center_axis',(1.,0.,0.));
#3796=DIRECTION('ref_axis',(0.,0.,-1.));
#3797=DIRECTION('center_axis',(0.,0.,1.));
#3798=DIRECTION('ref_axis',(1.,0.,0.));
#3799=DIRECTION('',(0.,0.,-1.));
#3800=DIRECTION('center_axis',(1.,0.,0.));
#3801=DIRECTION('ref_axis',(0.,0.,-1.));
#3802=DIRECTION('',(1.,0.,0.));
#3803=DIRECTION('center_axis',(0.,0.,1.));
#3804=DIRECTION('ref_axis',(1.,0.,0.));
#3805=DIRECTION('center_axis',(0.,0.,1.));
#3806=DIRECTION('ref_axis',(1.,0.,0.));
#3807=DIRECTION('',(0.,0.,1.));
#3808=DIRECTION('center_axis',(0.,0.,-1.));
#3809=DIRECTION('ref_axis',(1.,0.,0.));
#3810=DIRECTION('center_axis',(-1.,0.,0.));
#3811=DIRECTION('ref_axis',(0.,0.,1.));
#3812=DIRECTION('',(0.,0.,-1.));
#3813=DIRECTION('center_axis',(0.,0.,1.));
#3814=DIRECTION('ref_axis',(1.,0.,0.));
#3815=DIRECTION('center_axis',(0.,0.,1.));
#3816=DIRECTION('ref_axis',(1.,0.,0.));
#3817=DIRECTION('',(0.,0.,-1.));
#3818=DIRECTION('',(0.,0.,-1.));
#3819=DIRECTION('center_axis',(0.,0.,1.));
#3820=DIRECTION('ref_axis',(1.,0.,0.));
#3821=DIRECTION('',(0.,0.,-1.));
#3822=DIRECTION('center_axis',(0.,1.,0.));
#3823=DIRECTION('ref_axis',(0.,0.,1.));
#3824=DIRECTION('center_axis',(1.,0.,0.));
#3825=DIRECTION('ref_axis',(0.,0.,-1.));
#3826=DIRECTION('center_axis',(1.,0.,0.));
#3827=DIRECTION('ref_axis',(0.,0.,-1.));
#3828=DIRECTION('center_axis',(1.,0.,0.));
#3829=DIRECTION('ref_axis',(0.,0.,-1.));
#3830=DIRECTION('',(-1.,0.,0.));
#3831=DIRECTION('center_axis',(0.,0.,1.));
#3832=DIRECTION('ref_axis',(1.,0.,0.));
#3833=DIRECTION('',(0.,1.,0.));
#3834=DIRECTION('',(1.,0.,0.));
#3835=DIRECTION('center_axis',(1.,0.,0.));
#3836=DIRECTION('ref_axis',(0.,0.,-1.));
#3837=DIRECTION('center_axis',(1.,0.,0.));
#3838=DIRECTION('ref_axis',(0.,0.,-1.));
#3839=DIRECTION('',(1.,0.,0.));
#3840=DIRECTION('center_axis',(0.,-1.,0.));
#3841=DIRECTION('ref_axis',(0.,0.,-1.));
#3842=DIRECTION('',(0.,0.,1.));
#3843=DIRECTION('center_axis',(1.,0.,0.));
#3844=DIRECTION('ref_axis',(0.,0.,-1.));
#3845=DIRECTION('center_axis',(1.,0.,0.));
#3846=DIRECTION('ref_axis',(0.,0.,-1.));
#3847=DIRECTION('center_axis',(1.,0.,0.));
#3848=DIRECTION('ref_axis',(0.,0.,-1.));
#3849=DIRECTION('',(-1.,0.,0.));
#3850=DIRECTION('',(-1.,0.,0.));
#3851=DIRECTION('center_axis',(-1.,0.,0.));
#3852=DIRECTION('ref_axis',(0.,0.,-1.));
#3853=DIRECTION('center_axis',(1.,0.,0.));
#3854=DIRECTION('ref_axis',(0.,0.,-1.));
#3855=DIRECTION('',(0.,0.,-1.));
#3856=DIRECTION('center_axis',(-1.,0.,0.));
#3857=DIRECTION('ref_axis',(0.,0.,-1.));
#3858=DIRECTION('center_axis',(-1.,0.,0.));
#3859=DIRECTION('ref_axis',(0.,0.,-1.));
#3860=DIRECTION('',(0.,1.,0.));
#3861=DIRECTION('center_axis',(1.,0.,0.));
#3862=DIRECTION('ref_axis',(0.,0.,-1.));
#3863=DIRECTION('',(1.,0.,0.));
#3864=DIRECTION('center_axis',(1.,0.,0.));
#3865=DIRECTION('ref_axis',(0.,0.,-1.));
#3866=DIRECTION('',(1.,0.,0.));
#3867=DIRECTION('center_axis',(0.,1.,0.));
#3868=DIRECTION('ref_axis',(0.,0.,1.));
#3869=DIRECTION('center_axis',(0.,0.,1.));
#3870=DIRECTION('ref_axis',(1.,0.,0.));
#3871=DIRECTION('center_axis',(0.,0.,1.));
#3872=DIRECTION('ref_axis',(1.,0.,0.));
#3873=DIRECTION('',(0.,1.,0.));
#3874=DIRECTION('',(-1.,0.,0.));
#3875=DIRECTION('',(0.,-1.,0.));
#3876=DIRECTION('',(1.,0.,0.));
#3877=DIRECTION('center_axis',(0.,0.,1.));
#3878=DIRECTION('ref_axis',(1.,0.,0.));
#3879=DIRECTION('',(0.,-1.,0.));
#3880=DIRECTION('',(-1.,0.,0.));
#3881=DIRECTION('',(0.,1.,0.));
#3882=DIRECTION('',(1.,0.,0.));
#3883=DIRECTION('center_axis',(0.,1.,0.));
#3884=DIRECTION('ref_axis',(0.,0.,1.));
#3885=DIRECTION('',(0.,0.,-1.));
#3886=DIRECTION('',(0.,0.,-1.));
#3887=DIRECTION('center_axis',(1.,0.,0.));
#3888=DIRECTION('ref_axis',(0.,0.,-1.));
#3889=DIRECTION('',(0.,0.,-1.));
#3890=DIRECTION('center_axis',(0.,-1.,0.));
#3891=DIRECTION('ref_axis',(0.,0.,-1.));
#3892=DIRECTION('',(0.,0.,-1.));
#3893=DIRECTION('center_axis',(-1.,0.,0.));
#3894=DIRECTION('ref_axis',(0.,0.,1.));
#3895=DIRECTION('center_axis',(0.,1.,0.));
#3896=DIRECTION('ref_axis',(1.,0.,0.));
#3897=DIRECTION('center_axis',(0.,-1.,0.));
#3898=DIRECTION('ref_axis',(1.,0.,0.));
#3899=DIRECTION('',(0.,-1.,0.));
#3900=DIRECTION('center_axis',(0.,1.,0.));
#3901=DIRECTION('ref_axis',(1.,0.,0.));
#3902=DIRECTION('center_axis',(-0.66896473162245,0.,-0.743294146247166));
#3903=DIRECTION('ref_axis',(-0.743294146247166,0.,0.66896473162245));
#3904=DIRECTION('',(-0.743294146247166,0.,0.66896473162245));
#3905=DIRECTION('',(0.,1.,0.));
#3906=DIRECTION('',(-0.743294146247166,0.,0.66896473162245));
#3907=DIRECTION('',(0.,1.,0.));
#3908=DIRECTION('center_axis',(0.,1.,0.));
#3909=DIRECTION('ref_axis',(1.,0.,1.36642833800019E-15));
#3910=DIRECTION('center_axis',(0.,1.,0.));
#3911=DIRECTION('ref_axis',(1.,0.,1.36642833800019E-15));
#3912=DIRECTION('center_axis',(0.,1.,0.));
#3913=DIRECTION('ref_axis',(1.,0.,1.36642833800019E-15));
#3914=DIRECTION('',(0.,1.,0.));
#3915=DIRECTION('center_axis',(0.66896473162245,0.,-0.743294146247166));
#3916=DIRECTION('ref_axis',(-0.743294146247166,0.,-0.66896473162245));
#3917=DIRECTION('',(-0.743294146247166,0.,-0.66896473162245));
#3918=DIRECTION('',(-0.743294146247166,0.,-0.66896473162245));
#3919=DIRECTION('',(0.,1.,0.));
#3920=DIRECTION('center_axis',(1.,0.,0.));
#3921=DIRECTION('ref_axis',(0.,0.,-1.));
#3922=DIRECTION('',(0.,0.,-1.));
#3923=DIRECTION('',(0.,0.,-1.));
#3924=DIRECTION('',(0.,1.,0.));
#3925=DIRECTION('center_axis',(0.,0.,1.));
#3926=DIRECTION('ref_axis',(1.,0.,0.));
#3927=DIRECTION('',(1.,0.,0.));
#3928=DIRECTION('',(1.,0.,0.));
#3929=DIRECTION('',(0.,1.,0.));
#3930=DIRECTION('center_axis',(-1.,0.,0.));
#3931=DIRECTION('ref_axis',(0.,0.,1.));
#3932=DIRECTION('',(0.,0.,1.));
#3933=DIRECTION('',(0.,0.,1.));
#3934=DIRECTION('center_axis',(0.,1.,0.));
#3935=DIRECTION('ref_axis',(1.,0.,0.));
#3936=DIRECTION('center_axis',(0.,1.,0.));
#3937=DIRECTION('ref_axis',(1.,0.,0.));
#3938=DIRECTION('center_axis',(0.,1.,0.));
#3939=DIRECTION('ref_axis',(1.,0.,0.));
#3940=DIRECTION('center_axis',(0.,-1.,0.));
#3941=DIRECTION('ref_axis',(1.,0.,0.));
#3942=DIRECTION('',(0.,-1.,0.));
#3943=DIRECTION('center_axis',(0.,1.,0.));
#3944=DIRECTION('ref_axis',(1.,0.,0.));
#3945=DIRECTION('center_axis',(-0.66896473162245,0.,-0.743294146247166));
#3946=DIRECTION('ref_axis',(-0.743294146247166,0.,0.66896473162245));
#3947=DIRECTION('',(-0.743294146247166,0.,0.66896473162245));
#3948=DIRECTION('',(0.,1.,0.));
#3949=DIRECTION('',(-0.743294146247166,0.,0.66896473162245));
#3950=DIRECTION('',(0.,1.,0.));
#3951=DIRECTION('center_axis',(0.,1.,0.));
#3952=DIRECTION('ref_axis',(1.,0.,1.36642833800019E-15));
#3953=DIRECTION('center_axis',(0.,1.,0.));
#3954=DIRECTION('ref_axis',(1.,0.,1.36642833800019E-15));
#3955=DIRECTION('center_axis',(0.,1.,0.));
#3956=DIRECTION('ref_axis',(1.,0.,1.36642833800019E-15));
#3957=DIRECTION('',(0.,1.,0.));
#3958=DIRECTION('center_axis',(0.66896473162245,0.,-0.743294146247166));
#3959=DIRECTION('ref_axis',(-0.743294146247166,0.,-0.66896473162245));
#3960=DIRECTION('',(-0.743294146247166,0.,-0.66896473162245));
#3961=DIRECTION('',(-0.743294146247166,0.,-0.66896473162245));
#3962=DIRECTION('',(0.,1.,0.));
#3963=DIRECTION('center_axis',(1.,0.,0.));
#3964=DIRECTION('ref_axis',(0.,0.,-1.));
#3965=DIRECTION('',(0.,0.,-1.));
#3966=DIRECTION('',(0.,0.,-1.));
#3967=DIRECTION('',(0.,1.,0.));
#3968=DIRECTION('center_axis',(0.,0.,1.));
#3969=DIRECTION('ref_axis',(1.,0.,0.));
#3970=DIRECTION('',(1.,0.,0.));
#3971=DIRECTION('',(1.,0.,0.));
#3972=DIRECTION('',(0.,1.,0.));
#3973=DIRECTION('center_axis',(-1.,0.,0.));
#3974=DIRECTION('ref_axis',(0.,0.,1.));
#3975=DIRECTION('',(0.,0.,1.));
#3976=DIRECTION('',(0.,0.,1.));
#3977=DIRECTION('center_axis',(0.,1.,0.));
#3978=DIRECTION('ref_axis',(1.,0.,0.));
#3979=DIRECTION('center_axis',(0.,1.,0.));
#3980=DIRECTION('ref_axis',(1.,0.,0.));
#3981=DIRECTION('center_axis',(1.,0.,0.));
#3982=DIRECTION('ref_axis',(0.,0.,-1.));
#3983=DIRECTION('center_axis',(1.,0.,0.));
#3984=DIRECTION('ref_axis',(0.,0.,-1.));
#3985=DIRECTION('',(1.,0.,0.));
#3986=DIRECTION('center_axis',(-1.,0.,0.));
#3987=DIRECTION('ref_axis',(0.,0.,-1.));
#3988=DIRECTION('center_axis',(1.,0.,0.));
#3989=DIRECTION('ref_axis',(0.,0.,-1.));
#3990=DIRECTION('center_axis',(1.,0.,0.));
#3991=DIRECTION('ref_axis',(0.,0.,-1.));
#3992=DIRECTION('',(-1.,0.,0.));
#3993=DIRECTION('center_axis',(-1.,0.,0.));
#3994=DIRECTION('ref_axis',(0.,0.,-1.));
#3995=DIRECTION('center_axis',(-1.,0.,0.));
#3996=DIRECTION('ref_axis',(0.,0.,1.));
#3997=DIRECTION('center_axis',(1.,0.,0.));
#3998=DIRECTION('ref_axis',(0.,0.,-1.));
#3999=DIRECTION('center_axis',(0.,1.,0.));
#4000=DIRECTION('ref_axis',(0.,0.,1.));
#4001=DIRECTION('',(0.,0.,-1.));
#4002=DIRECTION('',(1.,0.,0.));
#4003=DIRECTION('',(0.,0.,1.));
#4004=DIRECTION('',(1.,0.,0.));
#4005=DIRECTION('center_axis',(0.,0.,1.));
#4006=DIRECTION('ref_axis',(1.,0.,0.));
#4007=DIRECTION('',(0.,-1.,0.));
#4008=DIRECTION('',(-1.,0.,0.));
#4009=DIRECTION('',(0.,1.,0.));
#4010=DIRECTION('center_axis',(0.,-1.,0.));
#4011=DIRECTION('ref_axis',(0.,0.,-1.));
#4012=DIRECTION('',(0.,0.,1.));
#4013=DIRECTION('',(-1.,0.,0.));
#4014=DIRECTION('',(0.,0.,-1.));
#4015=DIRECTION('center_axis',(1.,0.,0.));
#4016=DIRECTION('ref_axis',(0.,0.,-1.));
#4017=DIRECTION('',(0.,1.,0.));
#4018=DIRECTION('',(0.,0.,-1.));
#4019=DIRECTION('',(0.,-1.,0.));
#4020=DIRECTION('',(0.,0.,-1.));
#4021=DIRECTION('',(0.,1.,0.));
#4022=DIRECTION('',(0.,0.,1.));
#4023=DIRECTION('',(0.,-1.,0.));
#4024=DIRECTION('',(0.,0.,-1.));
#4025=DIRECTION('',(0.,1.,0.));
#4026=DIRECTION('center_axis',(1.,0.,0.));
#4027=DIRECTION('ref_axis',(0.,0.,-1.));
#4028=DIRECTION('center_axis',(0.,0.,1.));
#4029=DIRECTION('ref_axis',(1.,0.,0.));
#4030=DIRECTION('',(0.,-1.,0.));
#4031=DIRECTION('',(-1.,0.,0.));
#4032=DIRECTION('center_axis',(0.,1.,0.));
#4033=DIRECTION('ref_axis',(0.,0.,1.));
#4034=DIRECTION('',(0.,0.,1.));
#4035=DIRECTION('',(-1.,0.,0.));
#4036=DIRECTION('',(-1.,0.,0.));
#4037=DIRECTION('center_axis',(0.,0.,1.));
#4038=DIRECTION('ref_axis',(1.,0.,0.));
#4039=DIRECTION('',(0.,-1.,0.));
#4040=DIRECTION('',(1.,0.,0.));
#4041=DIRECTION('center_axis',(0.,-1.,0.));
#4042=DIRECTION('ref_axis',(0.,0.,-1.));
#4043=DIRECTION('',(0.,0.,-1.));
#4044=DIRECTION('',(1.,0.,0.));
#4045=DIRECTION('center_axis',(0.,0.,1.));
#4046=DIRECTION('ref_axis',(1.,0.,0.));
#4047=DIRECTION('',(0.,1.,0.));
#4048=DIRECTION('',(-1.,0.,0.));
#4049=DIRECTION('center_axis',(0.,0.,1.));
#4050=DIRECTION('ref_axis',(1.,0.,0.));
#4051=DIRECTION('',(1.,0.,0.));
#4052=DIRECTION('',(0.,1.,0.));
#4053=DIRECTION('center_axis',(1.,0.,0.));
#4054=DIRECTION('ref_axis',(0.,0.,-1.));
#4055=DIRECTION('',(1.,0.,0.));
#4056=DIRECTION('center_axis',(-1.,0.,0.));
#4057=DIRECTION('ref_axis',(0.,0.,-1.));
#4058=DIRECTION('center_axis',(0.,0.,1.));
#4059=DIRECTION('ref_axis',(1.,0.,0.));
#4060=DIRECTION('',(1.,0.,0.));
#4061=DIRECTION('',(0.,-1.,0.));
#4062=DIRECTION('center_axis',(0.,1.,0.));
#4063=DIRECTION('ref_axis',(0.,0.,1.));
#4064=DIRECTION('',(0.,0.,-1.));
#4065=DIRECTION('center_axis',(0.,-1.,0.));
#4066=DIRECTION('ref_axis',(0.,0.,-1.));
#4067=DIRECTION('',(0.,0.,-1.));
#4068=DIRECTION('center_axis',(-1.,0.,0.));
#4069=DIRECTION('ref_axis',(0.,0.,1.));
#4070=DIRECTION('center_axis',(0.,0.,1.));
#4071=DIRECTION('ref_axis',(1.,0.,0.));
#4072=DIRECTION('',(1.,0.,0.));
#4073=DIRECTION('',(0.,1.,0.));
#4074=DIRECTION('',(1.,0.,0.));
#4075=DIRECTION('',(0.,-1.,0.));
#4076=DIRECTION('center_axis',(1.,0.,0.));
#4077=DIRECTION('ref_axis',(0.,0.,-1.));
#4078=DIRECTION('center_axis',(0.999723298279152,0.,0.0235229011359801));
#4079=DIRECTION('ref_axis',(0.0235229011359801,0.,-0.999723298279152));
#4080=DIRECTION('center_axis',(-1.,0.,0.));
#4081=DIRECTION('ref_axis',(0.,0.,-1.));
#4082=DIRECTION('',(-1.,0.,0.));
#4083=DIRECTION('center_axis',(-1.,0.,0.));
#4084=DIRECTION('ref_axis',(0.,0.,1.));
#4085=DIRECTION('',(0.,0.,-1.));
#4086=DIRECTION('',(0.,-1.,0.));
#4087=DIRECTION('center_axis',(1.,0.,0.));
#4088=DIRECTION('ref_axis',(0.,0.,-1.));
#4089=DIRECTION('',(0.,0.,1.));
#4090=DIRECTION('center_axis',(0.,0.,1.));
#4091=DIRECTION('ref_axis',(1.,0.,0.));
#4092=DIRECTION('',(-1.,0.,0.));
#4093=DIRECTION('',(0.,1.,0.));
#4094=DIRECTION('',(1.,0.,0.));
#4095=DIRECTION('center_axis',(1.,0.,0.));
#4096=DIRECTION('ref_axis',(0.,0.,-1.));
#4097=DIRECTION('center_axis',(-0.999723298279152,0.,-0.0235229011359801));
#4098=DIRECTION('ref_axis',(0.0235229011359801,0.,-0.999723298279152));
#4099=DIRECTION('',(1.,0.,0.));
#4100=DIRECTION('center_axis',(0.,1.,0.));
#4101=DIRECTION('ref_axis',(1.,0.,0.));
#4102=DIRECTION('',(0.0235229011359801,0.,-0.999723298279152));
#4103=DIRECTION('',(0.,0.,-1.));
#4104=DIRECTION('',(-1.,0.,0.));
#4105=DIRECTION('',(0.,0.,1.));
#4106=DIRECTION('',(0.116841247567397,0.,0.993150604322876));
#4107=DIRECTION('center_axis',(0.,1.,0.));
#4108=DIRECTION('ref_axis',(-1.,0.,0.));
#4109=DIRECTION('',(0.0235229011359801,0.,-0.999723298279152));
#4110=DIRECTION('center_axis',(0.,-1.,0.));
#4111=DIRECTION('ref_axis',(1.,0.,0.));
#4112=DIRECTION('center_axis',(0.999723298279152,0.,0.0235229011359801));
#4113=DIRECTION('ref_axis',(0.0235229011359801,0.,-0.999723298279152));
#4114=DIRECTION('',(-0.0235229011359801,0.,0.999723298279152));
#4115=DIRECTION('',(0.,1.,0.));
#4116=DIRECTION('center_axis',(0.,1.,0.));
#4117=DIRECTION('ref_axis',(1.,0.,0.));
#4118=DIRECTION('',(0.,-1.,0.));
#4119=DIRECTION('center_axis',(0.,1.,0.));
#4120=DIRECTION('ref_axis',(1.,0.,0.));
#4121=DIRECTION('center_axis',(-0.993150604322876,0.,0.116841247567397));
#4122=DIRECTION('ref_axis',(0.116841247567397,0.,0.993150604322876));
#4123=DIRECTION('',(-0.116841247567397,0.,-0.993150604322876));
#4124=DIRECTION('',(0.,1.,0.));
#4125=DIRECTION('',(0.,1.,0.));
#4126=DIRECTION('center_axis',(-1.,0.,0.));
#4127=DIRECTION('ref_axis',(0.,0.,1.));
#4128=DIRECTION('',(0.,0.,-1.));
#4129=DIRECTION('',(0.,1.,0.));
#4130=DIRECTION('center_axis',(0.,0.,-1.));
#4131=DIRECTION('ref_axis',(-1.,0.,0.));
#4132=DIRECTION('',(1.,0.,0.));
#4133=DIRECTION('',(0.,1.,0.));
#4134=DIRECTION('center_axis',(1.,0.,0.));
#4135=DIRECTION('ref_axis',(0.,0.,-1.));
#4136=DIRECTION('',(0.,0.,1.));
#4137=DIRECTION('center_axis',(0.999723298279152,0.,0.0235229011359801));
#4138=DIRECTION('ref_axis',(0.0235229011359801,0.,-0.999723298279152));
#4139=DIRECTION('',(0.,1.,0.));
#4140=DIRECTION('',(-0.0235229011359801,0.,0.999723298279152));
#4141=DIRECTION('center_axis',(0.,1.,0.));
#4142=DIRECTION('ref_axis',(-1.,0.,0.));
#4143=DIRECTION('center_axis',(0.,1.,0.));
#4144=DIRECTION('ref_axis',(-1.,0.,0.));
#4145=DIRECTION('center_axis',(0.,1.,0.));
#4146=DIRECTION('ref_axis',(1.,0.,0.));
#4147=DIRECTION('center_axis',(0.,0.,1.));
#4148=DIRECTION('ref_axis',(1.,0.,0.));
#4149=DIRECTION('',(0.,-1.,0.));
#4150=DIRECTION('',(-1.,0.,0.));
#4151=DIRECTION('',(0.,1.,0.));
#4152=DIRECTION('',(-1.,0.,0.));
#4153=DIRECTION('center_axis',(0.,0.,1.));
#4154=DIRECTION('ref_axis',(1.,0.,0.));
#4155=DIRECTION('',(1.,0.,0.));
#4156=DIRECTION('',(0.,-1.,0.));
#4157=DIRECTION('',(-1.,0.,0.));
#4158=DIRECTION('',(0.,1.,0.));
#4159=DIRECTION('center_axis',(-1.,0.,0.));
#4160=DIRECTION('ref_axis',(0.,0.,1.));
#4161=DIRECTION('',(0.,0.,-1.));
#4162=DIRECTION('center_axis',(1.,0.,0.));
#4163=DIRECTION('ref_axis',(0.,0.,-1.));
#4164=DIRECTION('',(0.,0.,1.));
#4165=DIRECTION('center_axis',(-1.,0.,0.));
#4166=DIRECTION('ref_axis',(0.,0.,-1.));
#4167=DIRECTION('center_axis',(1.,0.,0.));
#4168=DIRECTION('ref_axis',(0.,0.,-1.));
#4169=DIRECTION('center_axis',(0.999723298279152,0.,0.0235229011359801));
#4170=DIRECTION('ref_axis',(0.0235229011359801,0.,-0.999723298279152));
#4171=DIRECTION('',(1.,0.,0.));
#4172=DIRECTION('center_axis',(1.,0.,0.));
#4173=DIRECTION('ref_axis',(0.,0.,-1.));
#4174=DIRECTION('',(-1.,0.,0.));
#4175=DIRECTION('center_axis',(-0.999723298279152,0.,-0.0235229011359801));
#4176=DIRECTION('ref_axis',(0.0235229011359801,0.,-0.999723298279152));
#4177=DIRECTION('center_axis',(0.,1.,0.));
#4178=DIRECTION('ref_axis',(1.,0.,0.));
#4179=DIRECTION('',(-0.0235229011359801,0.,0.999723298279152));
#4180=DIRECTION('center_axis',(0.,1.,0.));
#4181=DIRECTION('ref_axis',(-1.,0.,0.));
#4182=DIRECTION('',(-0.116841247567397,0.,-0.993150604322876));
#4183=DIRECTION('',(0.,0.,-1.));
#4184=DIRECTION('',(1.,0.,0.));
#4185=DIRECTION('',(0.,0.,1.));
#4186=DIRECTION('',(-0.0235229011359801,0.,0.999723298279152));
#4187=DIRECTION('center_axis',(0.,1.,0.));
#4188=DIRECTION('ref_axis',(1.,0.,0.));
#4189=DIRECTION('center_axis',(0.999723298279152,0.,0.0235229011359801));
#4190=DIRECTION('ref_axis',(0.0235229011359801,0.,-0.999723298279152));
#4191=DIRECTION('',(0.0235229011359801,0.,-0.999723298279152));
#4192=DIRECTION('',(0.,1.,0.));
#4193=DIRECTION('center_axis',(0.999723298279152,0.,0.0235229011359801));
#4194=DIRECTION('ref_axis',(0.0235229011359801,0.,-0.999723298279152));
#4195=DIRECTION('',(0.,1.,0.));
#4196=DIRECTION('',(0.0235229011359801,0.,-0.999723298279152));
#4197=DIRECTION('center_axis',(0.,1.,0.));
#4198=DIRECTION('ref_axis',(1.,0.,0.));
#4199=DIRECTION('center_axis',(0.,-1.,0.));
#4200=DIRECTION('ref_axis',(1.,0.,0.));
#4201=DIRECTION('',(0.,-1.,0.));
#4202=DIRECTION('center_axis',(-0.993150604322876,0.,0.116841247567397));
#4203=DIRECTION('ref_axis',(0.116841247567397,0.,0.993150604322876));
#4204=DIRECTION('',(0.,1.,0.));
#4205=DIRECTION('',(0.116841247567397,0.,0.993150604322876));
#4206=DIRECTION('',(0.,1.,0.));
#4207=DIRECTION('center_axis',(-1.,0.,0.));
#4208=DIRECTION('ref_axis',(0.,0.,1.));
#4209=DIRECTION('',(0.,0.,1.));
#4210=DIRECTION('',(0.,1.,0.));
#4211=DIRECTION('center_axis',(0.,0.,-1.));
#4212=DIRECTION('ref_axis',(-1.,0.,0.));
#4213=DIRECTION('',(-1.,0.,0.));
#4214=DIRECTION('',(0.,1.,0.));
#4215=DIRECTION('center_axis',(1.,0.,0.));
#4216=DIRECTION('ref_axis',(0.,0.,-1.));
#4217=DIRECTION('',(0.,0.,-1.));
#4218=DIRECTION('center_axis',(0.,1.,0.));
#4219=DIRECTION('ref_axis',(-1.,0.,0.));
#4220=DIRECTION('center_axis',(0.,1.,0.));
#4221=DIRECTION('ref_axis',(-1.,0.,0.));
#4222=DIRECTION('center_axis',(0.,1.,0.));
#4223=DIRECTION('ref_axis',(1.,0.,0.));
#4224=DIRECTION('center_axis',(0.,0.,1.));
#4225=DIRECTION('ref_axis',(1.,0.,0.));
#4226=DIRECTION('center_axis',(0.,0.,1.));
#4227=DIRECTION('ref_axis',(1.,0.,0.));
#4228=DIRECTION('',(0.,0.,1.));
#4229=DIRECTION('center_axis',(0.,0.,-1.));
#4230=DIRECTION('ref_axis',(1.,0.,0.));
#4231=DIRECTION('center_axis',(0.,0.,1.));
#4232=DIRECTION('ref_axis',(1.,0.,0.));
#4233=DIRECTION('center_axis',(0.,0.,1.));
#4234=DIRECTION('ref_axis',(1.,0.,0.));
#4235=DIRECTION('',(0.,0.,1.));
#4236=DIRECTION('center_axis',(0.,0.,-1.));
#4237=DIRECTION('ref_axis',(1.,0.,0.));
#4238=DIRECTION('center_axis',(0.,-1.,0.));
#4239=DIRECTION('ref_axis',(0.,0.,-1.));
#4240=DIRECTION('',(-1.,0.,0.));
#4241=DIRECTION('',(0.,0.,-1.));
#4242=DIRECTION('',(-1.,0.,0.));
#4243=DIRECTION('',(0.,0.,-1.));
#4244=DIRECTION('center_axis',(1.,0.,0.));
#4245=DIRECTION('ref_axis',(0.,0.,-1.));
#4246=DIRECTION('',(0.,-1.,0.));
#4247=DIRECTION('',(0.,-1.,0.));
#4248=DIRECTION('',(0.,0.,-1.));
#4249=DIRECTION('center_axis',(0.,0.,1.));
#4250=DIRECTION('ref_axis',(1.,0.,0.));
#4251=DIRECTION('',(0.,1.,0.));
#4252=DIRECTION('',(1.,0.,0.));
#4253=DIRECTION('center_axis',(0.,1.,0.));
#4254=DIRECTION('ref_axis',(0.,0.,1.));
#4255=DIRECTION('',(1.,0.,0.));
#4256=DIRECTION('',(0.,0.,-1.));
#4257=DIRECTION('center_axis',(-1.,0.,0.));
#4258=DIRECTION('ref_axis',(0.,0.,1.));
#4259=DIRECTION('',(0.,1.,0.));
#4260=DIRECTION('center_axis',(1.,0.,0.));
#4261=DIRECTION('ref_axis',(0.,0.,-1.));
#4262=DIRECTION('',(-1.,0.,0.));
#4263=DIRECTION('center_axis',(-1.,0.,0.));
#4264=DIRECTION('ref_axis',(0.,0.,-1.));
#4265=DIRECTION('',(1.,0.,0.));
#4266=DIRECTION('center_axis',(1.,0.,0.));
#4267=DIRECTION('ref_axis',(0.,0.,-1.));
#4268=DIRECTION('center_axis',(-1.,0.,0.));
#4269=DIRECTION('ref_axis',(0.,0.,1.));
#4270=DIRECTION('',(0.,1.,0.));
#4271=DIRECTION('',(0.,0.,-1.));
#4272=DIRECTION('',(0.,-1.,0.));
#4273=DIRECTION('',(0.,0.,-1.));
#4274=DIRECTION('',(0.,1.,0.));
#4275=DIRECTION('center_axis',(0.,0.,1.));
#4276=DIRECTION('ref_axis',(1.,0.,0.));
#4277=DIRECTION('',(0.,-1.,0.));
#4278=DIRECTION('',(1.,0.,0.));
#4279=DIRECTION('center_axis',(0.,0.,1.));
#4280=DIRECTION('ref_axis',(1.,0.,0.));
#4281=DIRECTION('',(-1.,0.,0.));
#4282=DIRECTION('',(0.,-1.,0.));
#4283=DIRECTION('center_axis',(0.,1.,0.));
#4284=DIRECTION('ref_axis',(0.,0.,1.));
#4285=DIRECTION('',(0.,0.,-1.));
#4286=DIRECTION('',(-1.,0.,0.));
#4287=DIRECTION('center_axis',(1.,0.,0.));
#4288=DIRECTION('ref_axis',(0.,0.,-1.));
#4289=DIRECTION('',(0.,0.,-1.));
#4290=DIRECTION('',(0.,1.,0.));
#4291=DIRECTION('center_axis',(0.,-1.,0.));
#4292=DIRECTION('ref_axis',(0.,0.,-1.));
#4293=DIRECTION('',(1.,0.,0.));
#4294=DIRECTION('center_axis',(0.,0.,1.));
#4295=DIRECTION('ref_axis',(1.,0.,0.));
#4296=DIRECTION('',(0.,1.,0.));
#4297=DIRECTION('',(-1.,0.,0.));
#4298=DIRECTION('',(0.,-1.,0.));
#4299=DIRECTION('',(1.,0.,0.));
#4300=DIRECTION('center_axis',(0.,1.,0.));
#4301=DIRECTION('ref_axis',(0.,0.,1.));
#4302=DIRECTION('',(0.,0.,-1.));
#4303=DIRECTION('',(-1.,0.,0.));
#4304=DIRECTION('',(0.,0.,-1.));
#4305=DIRECTION('center_axis',(1.,0.,0.));
#4306=DIRECTION('ref_axis',(0.,0.,-1.));
#4307=DIRECTION('',(0.,0.,-1.));
#4308=DIRECTION('',(0.,1.,0.));
#4309=DIRECTION('center_axis',(0.,-1.,0.));
#4310=DIRECTION('ref_axis',(0.,0.,-1.));
#4311=DIRECTION('',(0.,0.,-1.));
#4312=DIRECTION('',(1.,0.,0.));
#4313=DIRECTION('center_axis',(-1.,0.,0.));
#4314=DIRECTION('ref_axis',(0.,0.,1.));
#4315=DIRECTION('',(0.,-1.,0.));
#4316=DIRECTION('center_axis',(0.,0.,1.));
#4317=DIRECTION('ref_axis',(1.,0.,0.));
#4318=DIRECTION('',(0.,1.,0.));
#4319=DIRECTION('',(-1.,0.,0.));
#4320=DIRECTION('',(0.,-1.,0.));
#4321=DIRECTION('',(1.,0.,0.));
#4322=DIRECTION('center_axis',(0.,1.,0.));
#4323=DIRECTION('ref_axis',(0.,0.,1.));
#4324=DIRECTION('',(0.,0.,-1.));
#4325=DIRECTION('',(-1.,0.,0.));
#4326=DIRECTION('',(0.,0.,-1.));
#4327=DIRECTION('center_axis',(1.,0.,0.));
#4328=DIRECTION('ref_axis',(0.,0.,-1.));
#4329=DIRECTION('',(0.,0.,-1.));
#4330=DIRECTION('',(0.,1.,0.));
#4331=DIRECTION('center_axis',(0.,-1.,0.));
#4332=DIRECTION('ref_axis',(0.,0.,-1.));
#4333=DIRECTION('',(0.,0.,-1.));
#4334=DIRECTION('',(1.,0.,0.));
#4335=DIRECTION('center_axis',(-1.,0.,0.));
#4336=DIRECTION('ref_axis',(0.,0.,1.));
#4337=DIRECTION('',(0.,-1.,0.));
#4338=DIRECTION('center_axis',(0.,0.,1.));
#4339=DIRECTION('ref_axis',(1.,0.,0.));
#4340=DIRECTION('',(0.,1.,0.));
#4341=DIRECTION('',(-1.,0.,0.));
#4342=DIRECTION('',(0.,-1.,0.));
#4343=DIRECTION('',(1.,0.,0.));
#4344=DIRECTION('center_axis',(0.,0.,1.));
#4345=DIRECTION('ref_axis',(1.,0.,0.));
#4346=DIRECTION('',(0.,-1.,0.));
#4347=DIRECTION('',(-1.,0.,0.));
#4348=DIRECTION('',(0.,1.,0.));
#4349=DIRECTION('',(1.,0.,0.));
#4350=DIRECTION('center_axis',(0.,1.,0.));
#4351=DIRECTION('ref_axis',(0.,0.,1.));
#4352=DIRECTION('',(0.,0.,-1.));
#4353=DIRECTION('',(0.,0.,-1.));
#4354=DIRECTION('center_axis',(1.,0.,0.));
#4355=DIRECTION('ref_axis',(0.,0.,-1.));
#4356=DIRECTION('',(0.,0.,-1.));
#4357=DIRECTION('center_axis',(0.,-1.,0.));
#4358=DIRECTION('ref_axis',(0.,0.,-1.));
#4359=DIRECTION('',(0.,0.,-1.));
#4360=DIRECTION('center_axis',(-1.,0.,0.));
#4361=DIRECTION('ref_axis',(0.,0.,1.));
#4362=CARTESIAN_POINT('',(0.,0.,0.));
#4363=CARTESIAN_POINT('Origin',(2.,0.,-4.4575));
#4364=CARTESIAN_POINT('',(2.,1.25,-4.3052));
#4365=CARTESIAN_POINT('',(2.,-1.25,-4.3052));
#4366=CARTESIAN_POINT('',(2.,0.,-4.3052));
#4367=CARTESIAN_POINT('',(2.,-1.25,-4.305));
#4368=CARTESIAN_POINT('',(2.,-1.25,-4.4575));
#4369=CARTESIAN_POINT('',(2.,1.25,-4.305));
#4370=CARTESIAN_POINT('',(2.,0.,-4.305));
#4371=CARTESIAN_POINT('',(2.,1.25,-4.4575));
#4372=CARTESIAN_POINT('Origin',(2.4,0.,-4.305));
#4373=CARTESIAN_POINT('',(2.8,-1.25,-4.305));
#4374=CARTESIAN_POINT('',(2.8,1.25,-4.305));
#4375=CARTESIAN_POINT('',(2.8,0.,-4.305));
#4376=CARTESIAN_POINT('',(2.4,1.25,-4.305));
#4377=CARTESIAN_POINT('',(2.4,-1.25,-4.305));
#4378=CARTESIAN_POINT('Origin',(2.4,-1.25,-4.4575));
#4379=CARTESIAN_POINT('',(2.,-1.25,-4.61));
#4380=CARTESIAN_POINT('',(2.,-1.25,-2.62875));
#4381=CARTESIAN_POINT('',(2.8,-1.25,-4.61));
#4382=CARTESIAN_POINT('',(2.4,-1.25,-4.61));
#4383=CARTESIAN_POINT('',(2.8,-1.25,-4.4575));
#4384=CARTESIAN_POINT('Origin',(2.4,1.25,-4.4575));
#4385=CARTESIAN_POINT('',(2.8,1.25,-4.61));
#4386=CARTESIAN_POINT('',(2.8,1.25,-4.4575));
#4387=CARTESIAN_POINT('',(2.,1.25,-4.61));
#4388=CARTESIAN_POINT('',(2.4,1.25,-4.61));
#4389=CARTESIAN_POINT('',(2.,1.25,-2.62875));
#4390=CARTESIAN_POINT('Origin',(2.8,0.,-4.4575));
#4391=CARTESIAN_POINT('',(2.8,0.,-4.61));
#4392=CARTESIAN_POINT('Origin',(2.,0.,-0.8));
#4393=CARTESIAN_POINT('',(2.,-1.9304,-4.3052));
#4394=CARTESIAN_POINT('',(2.,0.,-4.3052));
#4395=CARTESIAN_POINT('',(2.,-2.2352,-4.0004));
#4396=CARTESIAN_POINT('Origin',(2.,-1.9304,-4.0004));
#4397=CARTESIAN_POINT('',(2.,-2.2352,2.4004));
#4398=CARTESIAN_POINT('',(2.,-2.2352,-0.8));
#4399=CARTESIAN_POINT('',(2.,-1.9304,2.7052));
#4400=CARTESIAN_POINT('Origin',(2.,-1.9304,2.4004));
#4401=CARTESIAN_POINT('',(2.,-1.25,2.7052));
#4402=CARTESIAN_POINT('',(2.,0.,2.7052));
#4403=CARTESIAN_POINT('',(2.,-1.25,3.01));
#4404=CARTESIAN_POINT('',(2.,-1.25,1.02875));
#4405=CARTESIAN_POINT('',(2.,-1.9304,3.01));
#4406=CARTESIAN_POINT('',(2.,0.,3.01));
#4407=CARTESIAN_POINT('',(2.,-2.54,2.4004));
#4408=CARTESIAN_POINT('Origin',(2.,-1.9304,2.4004));
#4409=CARTESIAN_POINT('',(2.,-2.54,-4.0004));
#4410=CARTESIAN_POINT('',(2.,-2.54,-0.8));
#4411=CARTESIAN_POINT('',(2.,-1.9304,-4.61));
#4412=CARTESIAN_POINT('Origin',(2.,-1.9304,-4.0004));
#4413=CARTESIAN_POINT('',(2.,0.,-4.61));
#4414=CARTESIAN_POINT('Origin',(2.,0.,-0.8));
#4415=CARTESIAN_POINT('',(2.,1.9304,-4.61));
#4416=CARTESIAN_POINT('',(2.,0.,-4.61));
#4417=CARTESIAN_POINT('',(2.,2.54,-4.0004));
#4418=CARTESIAN_POINT('Origin',(2.,1.9304,-4.0004));
#4419=CARTESIAN_POINT('',(2.,2.54,2.4004));
#4420=CARTESIAN_POINT('',(2.,2.54,-0.8));
#4421=CARTESIAN_POINT('',(2.,1.9304,3.01));
#4422=CARTESIAN_POINT('Origin',(2.,1.9304,2.4004));
#4423=CARTESIAN_POINT('',(2.,1.25,3.01));
#4424=CARTESIAN_POINT('',(2.,0.,3.01));
#4425=CARTESIAN_POINT('',(2.,1.25,2.7052));
#4426=CARTESIAN_POINT('',(2.,1.25,1.02875));
#4427=CARTESIAN_POINT('',(2.,1.9304,2.7052));
#4428=CARTESIAN_POINT('',(2.,0.,2.7052));
#4429=CARTESIAN_POINT('',(2.,2.2352,2.4004));
#4430=CARTESIAN_POINT('Origin',(2.,1.9304,2.4004));
#4431=CARTESIAN_POINT('',(2.,2.2352,-4.0004));
#4432=CARTESIAN_POINT('',(2.,2.2352,-0.8));
#4433=CARTESIAN_POINT('',(2.,1.9304,-4.3052));
#4434=CARTESIAN_POINT('Origin',(2.,1.9304,-4.0004));
#4435=CARTESIAN_POINT('',(2.,0.,-4.3052));
#4436=CARTESIAN_POINT('Origin',(2.,0.,2.8575));
#4437=CARTESIAN_POINT('',(2.,0.,2.7052));
#4438=CARTESIAN_POINT('',(2.,1.25,2.705));
#4439=CARTESIAN_POINT('',(2.,1.25,2.8575));
#4440=CARTESIAN_POINT('',(2.,-1.25,2.705));
#4441=CARTESIAN_POINT('',(2.,0.,2.705));
#4442=CARTESIAN_POINT('',(2.,-1.25,2.8575));
#4443=CARTESIAN_POINT('Origin',(2.4,0.,2.705));
#4444=CARTESIAN_POINT('',(2.8,1.25,2.705));
#4445=CARTESIAN_POINT('',(2.8,-1.25,2.705));
#4446=CARTESIAN_POINT('',(2.8,0.,2.705));
#4447=CARTESIAN_POINT('',(2.4,-1.25,2.705));
#4448=CARTESIAN_POINT('',(2.4,1.25,2.705));
#4449=CARTESIAN_POINT('Origin',(2.4,-1.25,2.8575));
#4450=CARTESIAN_POINT('',(2.8,-1.25,3.01));
#4451=CARTESIAN_POINT('',(2.8,-1.25,2.8575));
#4452=CARTESIAN_POINT('',(2.4,-1.25,3.01));
#4453=CARTESIAN_POINT('Origin',(2.4,1.25,2.8575));
#4454=CARTESIAN_POINT('',(2.8,1.25,3.01));
#4455=CARTESIAN_POINT('',(2.8,1.25,2.8575));
#4456=CARTESIAN_POINT('',(2.4,1.25,3.01));
#4457=CARTESIAN_POINT('Origin',(2.8,0.,2.8575));
#4458=CARTESIAN_POINT('',(2.8,0.,3.01));
#4459=CARTESIAN_POINT('Origin',(-35.2,-2.4,-0.8));
#4460=CARTESIAN_POINT('',(-35.2,-2.2352,-1.2));
#4461=CARTESIAN_POINT('',(-35.2,-2.2352,-0.4));
#4462=CARTESIAN_POINT('Origin',(-35.2,-2.2352,-0.8));
#4463=CARTESIAN_POINT('',(-35.2,-2.54,-1.2));
#4464=CARTESIAN_POINT('',(-35.2,-2.4,-1.2));
#4465=CARTESIAN_POINT('',(-35.2,-2.54,-0.4));
#4466=CARTESIAN_POINT('Origin',(-35.2,-2.54,-0.8));
#4467=CARTESIAN_POINT('',(-35.2,-2.4,-0.4));
#4468=CARTESIAN_POINT('Origin',(-44.4,-2.4,-0.4));
#4469=CARTESIAN_POINT('',(-53.6,-2.2352,-0.4));
#4470=CARTESIAN_POINT('',(-35.7,-2.2352,-0.4));
#4471=CARTESIAN_POINT('',(-53.6,-2.54,-0.4));
#4472=CARTESIAN_POINT('',(-35.7,-2.54,-0.4));
#4473=CARTESIAN_POINT('',(-53.6,-2.4,-0.4));
#4474=CARTESIAN_POINT('Origin',(-53.6,-2.4,-0.8));
#4475=CARTESIAN_POINT('',(-53.6,-2.2352,-1.2));
#4476=CARTESIAN_POINT('Origin',(-53.6,-2.2352,-0.8));
#4477=CARTESIAN_POINT('',(-53.6,-2.54,-1.2));
#4478=CARTESIAN_POINT('Origin',(-53.6,-2.54,-0.8));
#4479=CARTESIAN_POINT('',(-53.6,-2.4,-1.2));
#4480=CARTESIAN_POINT('Origin',(-44.4,-2.4,-1.2));
#4481=CARTESIAN_POINT('',(-35.7,-2.2352,-1.2));
#4482=CARTESIAN_POINT('',(-35.7,-2.54,-1.2));
#4483=CARTESIAN_POINT('Origin',(-35.2,2.4,-0.8));
#4484=CARTESIAN_POINT('',(-35.2,2.54,-1.2));
#4485=CARTESIAN_POINT('',(-35.2,2.54,-0.4));
#4486=CARTESIAN_POINT('Origin',(-35.2,2.54,-0.8));
#4487=CARTESIAN_POINT('',(-35.2,2.2352,-1.2));
#4488=CARTESIAN_POINT('',(-35.2,2.4,-1.2));
#4489=CARTESIAN_POINT('',(-35.2,2.2352,-0.4));
#4490=CARTESIAN_POINT('Origin',(-35.2,2.2352,-0.8));
#4491=CARTESIAN_POINT('',(-35.2,2.4,-0.4));
#4492=CARTESIAN_POINT('Origin',(-44.4,2.4,-0.4));
#4493=CARTESIAN_POINT('',(-53.6,2.54,-0.4));
#4494=CARTESIAN_POINT('',(-35.7,2.54,-0.4));
#4495=CARTESIAN_POINT('',(-53.6,2.2352,-0.4));
#4496=CARTESIAN_POINT('',(-35.7,2.2352,-0.4));
#4497=CARTESIAN_POINT('',(-53.6,2.4,-0.4));
#4498=CARTESIAN_POINT('Origin',(-53.6,2.4,-0.8));
#4499=CARTESIAN_POINT('',(-53.6,2.54,-1.2));
#4500=CARTESIAN_POINT('Origin',(-53.6,2.54,-0.8));
#4501=CARTESIAN_POINT('',(-53.6,2.2352,-1.2));
#4502=CARTESIAN_POINT('Origin',(-53.6,2.2352,-0.8));
#4503=CARTESIAN_POINT('',(-53.6,2.4,-1.2));
#4504=CARTESIAN_POINT('Origin',(-44.4,2.4,-1.2));
#4505=CARTESIAN_POINT('',(-35.7,2.54,-1.2));
#4506=CARTESIAN_POINT('',(-35.7,2.2352,-1.2));
#4507=CARTESIAN_POINT('Origin',(0.1,0.,-3.3));
#4508=CARTESIAN_POINT('',(-0.6,2.2352,-3.3));
#4509=CARTESIAN_POINT('Origin',(0.1,2.2352,-3.3));
#4510=CARTESIAN_POINT('',(-0.6,2.54,-3.3));
#4511=CARTESIAN_POINT('',(-0.6,0.,-3.3));
#4512=CARTESIAN_POINT('Origin',(0.1,2.54,-3.3));
#4513=CARTESIAN_POINT('Origin',(0.1,0.,-3.3));
#4514=CARTESIAN_POINT('',(-0.6,-2.54,-3.3));
#4515=CARTESIAN_POINT('Origin',(0.1,-2.54,-3.3));
#4516=CARTESIAN_POINT('',(-0.6,-2.2352,-3.3));
#4517=CARTESIAN_POINT('',(-0.6,0.,-3.3));
#4518=CARTESIAN_POINT('Origin',(0.1,-2.2352,-3.3));
#4519=CARTESIAN_POINT('Origin',(-14.1,2.4,3.3));
#4520=CARTESIAN_POINT('',(-14.1,2.2352,2.2));
#4521=CARTESIAN_POINT('',(-14.1,2.2352,2.4004));
#4522=CARTESIAN_POINT('',(-14.1,2.2352,1.25));
#4523=CARTESIAN_POINT('',(-14.1,2.54,2.2));
#4524=CARTESIAN_POINT('',(-14.1,2.4,2.2));
#4525=CARTESIAN_POINT('',(-14.1,2.54,2.4004));
#4526=CARTESIAN_POINT('',(-14.1,2.54,1.25));
#4527=CARTESIAN_POINT('',(-14.1,1.9304,3.01));
#4528=CARTESIAN_POINT('Origin',(-14.1,1.9304,2.4004));
#4529=CARTESIAN_POINT('',(-14.1,1.9,3.01));
#4530=CARTESIAN_POINT('',(-14.1,1.2,3.01));
#4531=CARTESIAN_POINT('',(-14.1,1.9,2.7052));
#4532=CARTESIAN_POINT('',(-14.1,1.9,3.25));
#4533=CARTESIAN_POINT('',(-14.1,1.9304,2.7052));
#4534=CARTESIAN_POINT('',(-14.1,1.2,2.7052));
#4535=CARTESIAN_POINT('Origin',(-14.1,1.9304,2.4004));
#4536=CARTESIAN_POINT('Origin',(-0.6,2.4,2.2));
#4537=CARTESIAN_POINT('',(-0.199999999999999,2.2352,2.2));
#4538=CARTESIAN_POINT('',(-0.6,2.2352,1.8));
#4539=CARTESIAN_POINT('Origin',(-0.6,2.2352,2.2));
#4540=CARTESIAN_POINT('',(-0.199999999999999,2.54,2.2));
#4541=CARTESIAN_POINT('',(-0.199999999999999,2.4,2.2));
#4542=CARTESIAN_POINT('',(-0.6,2.54,1.8));
#4543=CARTESIAN_POINT('Origin',(-0.6,2.54,2.2));
#4544=CARTESIAN_POINT('',(-0.6,2.4,1.8));
#4545=CARTESIAN_POINT('Origin',(-7.15,1.8,3.3));
#4546=CARTESIAN_POINT('',(-0.4,1.8,2.7052));
#4547=CARTESIAN_POINT('',(-0.199999999999999,1.8,2.7052));
#4548=CARTESIAN_POINT('',(-17.075,1.8,2.7052));
#4549=CARTESIAN_POINT('',(-0.4,1.8,3.01));
#4550=CARTESIAN_POINT('',(-0.4,1.8,3.2));
#4551=CARTESIAN_POINT('',(-0.199999999999999,1.8,3.01));
#4552=CARTESIAN_POINT('',(-17.075,1.8,3.01));
#4553=CARTESIAN_POINT('',(-0.199999999999999,1.8,3.3));
#4554=CARTESIAN_POINT('Origin',(-13.7,2.4,2.2));
#4555=CARTESIAN_POINT('',(-13.7,2.2352,1.8));
#4556=CARTESIAN_POINT('Origin',(-13.7,2.2352,2.2));
#4557=CARTESIAN_POINT('',(-13.7,2.54,1.8));
#4558=CARTESIAN_POINT('',(-13.7,2.4,1.8));
#4559=CARTESIAN_POINT('Origin',(-13.7,2.54,2.2));
#4560=CARTESIAN_POINT('Origin',(-7.15,2.4,1.8));
#4561=CARTESIAN_POINT('',(-17.075,2.2352,1.8));
#4562=CARTESIAN_POINT('',(-17.075,2.54,1.8));
#4563=CARTESIAN_POINT('Origin',(-0.199999999999999,2.4,3.3));
#4564=CARTESIAN_POINT('',(-0.199999999999999,2.2352,2.4004));
#4565=CARTESIAN_POINT('',(-0.199999999999999,2.2352,1.25));
#4566=CARTESIAN_POINT('',(-0.199999999999999,1.9304,2.7052));
#4567=CARTESIAN_POINT('Origin',(-0.199999999999999,1.9304,2.4004));
#4568=CARTESIAN_POINT('',(-0.199999999999999,1.2,2.7052));
#4569=CARTESIAN_POINT('',(-0.199999999999999,1.9304,3.01));
#4570=CARTESIAN_POINT('',(-0.199999999999999,1.2,3.01));
#4571=CARTESIAN_POINT('',(-0.199999999999999,2.54,2.4004));
#4572=CARTESIAN_POINT('Origin',(-0.199999999999999,1.9304,2.4004));
#4573=CARTESIAN_POINT('',(-0.199999999999999,2.54,1.25));
#4574=CARTESIAN_POINT('Origin',(-15.6,1.9,3.2));
#4575=CARTESIAN_POINT('',(-30.5,1.9,3.01));
#4576=CARTESIAN_POINT('',(-21.3,1.9,3.01));
#4577=CARTESIAN_POINT('',(-30.5,1.9,2.7052));
#4578=CARTESIAN_POINT('',(-30.5,1.9,3.2));
#4579=CARTESIAN_POINT('',(-21.3,1.9,2.7052));
#4580=CARTESIAN_POINT('Origin',(-27.,1.9304,2.4004));
#4581=CARTESIAN_POINT('',(-27.,2.2352,2.4004));
#4582=CARTESIAN_POINT('',(-27.,1.9304,2.7052));
#4583=CARTESIAN_POINT('Origin',(-27.,1.9304,2.4004));
#4584=CARTESIAN_POINT('',(-56.,1.9304,2.7052));
#4585=CARTESIAN_POINT('',(-27.,1.9304,2.7052));
#4586=CARTESIAN_POINT('',(-56.,2.2352,2.4004));
#4587=CARTESIAN_POINT('Origin',(-56.,1.9304,2.4004));
#4588=CARTESIAN_POINT('',(-27.,2.2352,2.4004));
#4589=CARTESIAN_POINT('Origin',(-27.,0.,2.7052));
#4590=CARTESIAN_POINT('',(-0.199999999999999,-1.9304,2.7052));
#4591=CARTESIAN_POINT('',(-27.,-1.9304,2.7052));
#4592=CARTESIAN_POINT('',(-0.199999999999999,-1.8,2.7052));
#4593=CARTESIAN_POINT('',(-0.199999999999999,-1.2,2.7052));
#4594=CARTESIAN_POINT('',(-0.4,-1.8,2.7052));
#4595=CARTESIAN_POINT('',(-17.075,-1.8,2.7052));
#4596=CARTESIAN_POINT('',(-0.199999999999999,-1.4,2.7052));
#4597=CARTESIAN_POINT('Origin',(-0.7,-1.4,2.7052));
#4598=CARTESIAN_POINT('',(-0.199999999999999,1.4,2.7052));
#4599=CARTESIAN_POINT('',(-0.199999999999999,0.,2.7052));
#4600=CARTESIAN_POINT('Origin',(-0.7,1.4,2.7052));
#4601=CARTESIAN_POINT('Origin',(-27.,0.,2.7052));
#4602=CARTESIAN_POINT('',(-31.,1.4,2.7052));
#4603=CARTESIAN_POINT('Origin',(-30.5,1.4,2.7052));
#4604=CARTESIAN_POINT('',(-31.,-1.4,2.7052));
#4605=CARTESIAN_POINT('',(-31.,0.,2.7052));
#4606=CARTESIAN_POINT('',(-30.5,-1.9,2.7052));
#4607=CARTESIAN_POINT('Origin',(-30.5,-1.4,2.7052));
#4608=CARTESIAN_POINT('',(-14.1,-1.9,2.7052));
#4609=CARTESIAN_POINT('',(-21.3,-1.9,2.7052));
#4610=CARTESIAN_POINT('',(-14.1,-1.9304,2.7052));
#4611=CARTESIAN_POINT('',(-14.1,-1.2,2.7052));
#4612=CARTESIAN_POINT('',(-56.,-1.9304,2.7052));
#4613=CARTESIAN_POINT('',(-27.,-1.9304,2.7052));
#4614=CARTESIAN_POINT('',(-56.,0.,2.7052));
#4615=CARTESIAN_POINT('Origin',(-27.,2.54,-0.8));
#4616=CARTESIAN_POINT('',(-27.,2.54,2.4004));
#4617=CARTESIAN_POINT('',(-56.,2.54,-4.0004));
#4618=CARTESIAN_POINT('',(-27.,2.54,-4.0004));
#4619=CARTESIAN_POINT('',(-56.,2.54,2.4004));
#4620=CARTESIAN_POINT('',(-56.,2.54,-0.8));
#4621=CARTESIAN_POINT('',(-27.,2.54,2.4004));
#4622=CARTESIAN_POINT('Origin',(-27.,0.,3.01));
#4623=CARTESIAN_POINT('',(-0.199999999999999,1.4,3.01));
#4624=CARTESIAN_POINT('Origin',(-0.7,1.4,3.01));
#4625=CARTESIAN_POINT('',(-0.199999999999999,-1.4,3.01));
#4626=CARTESIAN_POINT('',(-0.199999999999999,0.,3.01));
#4627=CARTESIAN_POINT('',(-0.4,-1.8,3.01));
#4628=CARTESIAN_POINT('Origin',(-0.7,-1.4,3.01));
#4629=CARTESIAN_POINT('',(-0.199999999999999,-1.8,3.01));
#4630=CARTESIAN_POINT('',(-17.075,-1.8,3.01));
#4631=CARTESIAN_POINT('',(-0.199999999999999,-1.9304,3.01));
#4632=CARTESIAN_POINT('',(-0.199999999999999,-1.2,3.01));
#4633=CARTESIAN_POINT('',(-27.,-1.9304,3.01));
#4634=CARTESIAN_POINT('',(-27.,1.9304,3.01));
#4635=CARTESIAN_POINT('Origin',(-27.,0.,3.01));
#4636=CARTESIAN_POINT('',(-56.,1.9304,3.01));
#4637=CARTESIAN_POINT('',(-27.,1.9304,3.01));
#4638=CARTESIAN_POINT('',(-56.,-1.9304,3.01));
#4639=CARTESIAN_POINT('',(-56.,0.,3.01));
#4640=CARTESIAN_POINT('',(-14.1,-1.9304,3.01));
#4641=CARTESIAN_POINT('',(-27.,-1.9304,3.01));
#4642=CARTESIAN_POINT('',(-14.1,-1.9,3.01));
#4643=CARTESIAN_POINT('',(-14.1,-1.2,3.01));
#4644=CARTESIAN_POINT('',(-30.5,-1.9,3.01));
#4645=CARTESIAN_POINT('',(-21.3,-1.9,3.01));
#4646=CARTESIAN_POINT('',(-31.,-1.4,3.01));
#4647=CARTESIAN_POINT('Origin',(-30.5,-1.4,3.01));
#4648=CARTESIAN_POINT('',(-31.,1.4,3.01));
#4649=CARTESIAN_POINT('',(-31.,0.,3.01));
#4650=CARTESIAN_POINT('Origin',(-30.5,1.4,3.01));
#4651=CARTESIAN_POINT('Origin',(-27.,1.9304,2.4004));
#4652=CARTESIAN_POINT('Origin',(-27.,1.9304,2.4004));
#4653=CARTESIAN_POINT('Origin',(-56.,1.9304,2.4004));
#4654=CARTESIAN_POINT('Origin',(-13.7,-2.4,2.2));
#4655=CARTESIAN_POINT('',(-14.1,-2.2352,2.2));
#4656=CARTESIAN_POINT('',(-13.7,-2.2352,1.8));
#4657=CARTESIAN_POINT('Origin',(-13.7,-2.2352,2.2));
#4658=CARTESIAN_POINT('',(-14.1,-2.54,2.2));
#4659=CARTESIAN_POINT('',(-14.1,-2.4,2.2));
#4660=CARTESIAN_POINT('',(-13.7,-2.54,1.8));
#4661=CARTESIAN_POINT('Origin',(-13.7,-2.54,2.2));
#4662=CARTESIAN_POINT('',(-13.7,-2.4,1.8));
#4663=CARTESIAN_POINT('Origin',(-7.15,-1.8,3.3));
#4664=CARTESIAN_POINT('',(-0.199999999999999,-1.8,3.3));
#4665=CARTESIAN_POINT('',(-0.4,-1.8,3.2));
#4666=CARTESIAN_POINT('Origin',(-7.15,-2.4,1.8));
#4667=CARTESIAN_POINT('',(-0.6,-2.2352,1.8));
#4668=CARTESIAN_POINT('',(-17.075,-2.2352,1.8));
#4669=CARTESIAN_POINT('',(-0.6,-2.54,1.8));
#4670=CARTESIAN_POINT('',(-17.075,-2.54,1.8));
#4671=CARTESIAN_POINT('',(-0.6,-2.4,1.8));
#4672=CARTESIAN_POINT('Origin',(-0.6,-2.4,2.2));
#4673=CARTESIAN_POINT('',(-0.199999999999999,-2.2352,2.2));
#4674=CARTESIAN_POINT('Origin',(-0.6,-2.2352,2.2));
#4675=CARTESIAN_POINT('',(-0.199999999999999,-2.54,2.2));
#4676=CARTESIAN_POINT('Origin',(-0.6,-2.54,2.2));
#4677=CARTESIAN_POINT('',(-0.199999999999999,-2.4,2.2));
#4678=CARTESIAN_POINT('Origin',(-0.199999999999999,-2.4,3.3));
#4679=CARTESIAN_POINT('',(-0.199999999999999,-2.2352,2.4004));
#4680=CARTESIAN_POINT('',(-0.199999999999999,-2.2352,1.25));
#4681=CARTESIAN_POINT('',(-0.199999999999999,-2.54,2.4004));
#4682=CARTESIAN_POINT('',(-0.199999999999999,-2.54,1.25));
#4683=CARTESIAN_POINT('Origin',(-0.199999999999999,-1.9304,2.4004));
#4684=CARTESIAN_POINT('Origin',(-0.199999999999999,-1.9304,2.4004));
#4685=CARTESIAN_POINT('Origin',(-14.1,-2.4,3.3));
#4686=CARTESIAN_POINT('',(-14.1,-2.2352,2.4004));
#4687=CARTESIAN_POINT('',(-14.1,-2.2352,1.25));
#4688=CARTESIAN_POINT('Origin',(-14.1,-1.9304,2.4004));
#4689=CARTESIAN_POINT('',(-14.1,-1.9,3.25));
#4690=CARTESIAN_POINT('',(-14.1,-2.54,2.4004));
#4691=CARTESIAN_POINT('Origin',(-14.1,-1.9304,2.4004));
#4692=CARTESIAN_POINT('',(-14.1,-2.54,1.25));
#4693=CARTESIAN_POINT('Origin',(-27.,-2.2352,-0.8));
#4694=CARTESIAN_POINT('',(-27.,-2.2352,2.4004));
#4695=CARTESIAN_POINT('',(-56.,-2.2352,-4.0004));
#4696=CARTESIAN_POINT('',(-27.,-2.2352,-4.0004));
#4697=CARTESIAN_POINT('',(-56.,-2.2352,2.4004));
#4698=CARTESIAN_POINT('',(-56.,-2.2352,-0.8));
#4699=CARTESIAN_POINT('',(-27.,-2.2352,2.4004));
#4700=CARTESIAN_POINT('Origin',(-27.,-1.9304,2.4004));
#4701=CARTESIAN_POINT('Origin',(-0.7,-1.4,3.2));
#4702=CARTESIAN_POINT('',(-0.199999999999999,-1.4,3.2));
#4703=CARTESIAN_POINT('Origin',(-27.,-1.9304,2.4004));
#4704=CARTESIAN_POINT('',(-27.,-2.54,2.4004));
#4705=CARTESIAN_POINT('Origin',(-41.,0.,-4.6));
#4706=CARTESIAN_POINT('',(-41.635,-7.77650717458569E-17,-4.61));
#4707=CARTESIAN_POINT('Origin',(-41.,0.,-4.61));
#4708=CARTESIAN_POINT('',(-41.635,7.77650717458569E-17,-4.3052));
#4709=CARTESIAN_POINT('',(-41.635,-7.77650717458569E-17,-4.6));
#4710=CARTESIAN_POINT('Origin',(-41.,0.,-4.3052));
#4711=CARTESIAN_POINT('Origin',(-0.199999999999999,0.,3.2));
#4712=CARTESIAN_POINT('',(-0.199999999999999,1.4,3.2));
#4713=CARTESIAN_POINT('Origin',(-0.7,1.4,3.2));
#4714=CARTESIAN_POINT('Origin',(-30.5,-1.4,3.2));
#4715=CARTESIAN_POINT('',(-31.,-1.4,3.2));
#4716=CARTESIAN_POINT('',(-30.5,-1.9,3.2));
#4717=CARTESIAN_POINT('Origin',(-30.5,1.4,3.2));
#4718=CARTESIAN_POINT('',(-31.,1.4,3.2));
#4719=CARTESIAN_POINT('Origin',(-15.6,-1.9,3.2));
#4720=CARTESIAN_POINT('Origin',(-31.,0.,3.2));
#4721=CARTESIAN_POINT('Origin',(-27.,-1.9304,-4.0004));
#4722=CARTESIAN_POINT('',(-56.,-1.9304,-4.3052));
#4723=CARTESIAN_POINT('Origin',(-56.,-1.9304,-4.0004));
#4724=CARTESIAN_POINT('',(-27.,-1.9304,-4.3052));
#4725=CARTESIAN_POINT('Origin',(-27.,0.,-4.3052));
#4726=CARTESIAN_POINT('',(-56.,1.9304,-4.3052));
#4727=CARTESIAN_POINT('',(-56.,0.,-4.3052));
#4728=CARTESIAN_POINT('',(-27.,1.9304,-4.3052));
#4729=CARTESIAN_POINT('Origin',(-27.,1.9304,-4.0004));
#4730=CARTESIAN_POINT('',(-56.,2.2352,-4.0004));
#4731=CARTESIAN_POINT('Origin',(-56.,1.9304,-4.0004));
#4732=CARTESIAN_POINT('',(-27.,2.2352,-4.0004));
#4733=CARTESIAN_POINT('Origin',(-27.,2.2352,-0.8));
#4734=CARTESIAN_POINT('',(-56.,2.2352,-0.8));
#4735=CARTESIAN_POINT('Origin',(-27.,-1.9304,2.4004));
#4736=CARTESIAN_POINT('Origin',(-56.,-1.9304,2.4004));
#4737=CARTESIAN_POINT('Origin',(-27.,-1.9304,-4.0004));
#4738=CARTESIAN_POINT('',(-56.,-1.9304,-4.61));
#4739=CARTESIAN_POINT('',(-27.,-1.9304,-4.61));
#4740=CARTESIAN_POINT('',(-56.,-2.54,-4.0004));
#4741=CARTESIAN_POINT('',(-27.,-2.54,-4.0004));
#4742=CARTESIAN_POINT('Origin',(-56.,-1.9304,-4.0004));
#4743=CARTESIAN_POINT('Origin',(-56.,0.,-0.8));
#4744=CARTESIAN_POINT('',(-56.,-2.54,2.4004));
#4745=CARTESIAN_POINT('',(-56.,-2.54,-0.8));
#4746=CARTESIAN_POINT('Origin',(-56.,-1.9304,2.4004));
#4747=CARTESIAN_POINT('',(-56.,1.9304,-4.61));
#4748=CARTESIAN_POINT('Origin',(-56.,1.9304,-4.0004));
#4749=CARTESIAN_POINT('',(-56.,0.,-4.61));
#4750=CARTESIAN_POINT('Origin',(-27.,-1.9304,2.4004));
#4751=CARTESIAN_POINT('',(-27.,-2.54,2.4004));
#4752=CARTESIAN_POINT('Origin',(-27.,1.9304,-4.0004));
#4753=CARTESIAN_POINT('',(-27.,1.9304,-4.61));
#4754=CARTESIAN_POINT('Origin',(-27.,-2.54,-0.8));
#4755=CARTESIAN_POINT('Origin',(-27.,0.,-4.61));
#4756=CARTESIAN_POINT('Origin',(-16.935,0.,4.6775));
#4757=CARTESIAN_POINT('',(-0.439999999999998,-1.25,4.6775));
#4758=CARTESIAN_POINT('',(-0.439999999999998,1.25,4.6775));
#4759=CARTESIAN_POINT('',(-0.439999999999998,0.,4.6775));
#4760=CARTESIAN_POINT('',(-33.43,1.25,4.6775));
#4761=CARTESIAN_POINT('',(-16.935,1.25,4.6775));
#4762=CARTESIAN_POINT('',(-33.43,-1.25,4.6775));
#4763=CARTESIAN_POINT('',(-33.43,0.,4.6775));
#4764=CARTESIAN_POINT('',(-16.935,-1.25,4.6775));
#4765=CARTESIAN_POINT('Origin',(-16.935,0.,4.36));
#4766=CARTESIAN_POINT('',(-0.439999999999998,1.25,4.36));
#4767=CARTESIAN_POINT('',(-0.439999999999998,-1.25,4.36));
#4768=CARTESIAN_POINT('',(-0.439999999999998,0.,4.36));
#4769=CARTESIAN_POINT('',(-33.43,-1.25,4.36));
#4770=CARTESIAN_POINT('',(-16.935,-1.25,4.36));
#4771=CARTESIAN_POINT('',(-33.43,1.25,4.36));
#4772=CARTESIAN_POINT('',(-33.43,0.,4.36));
#4773=CARTESIAN_POINT('',(-16.935,1.25,4.36));
#4774=CARTESIAN_POINT('Origin',(-16.935,-1.25,4.51875));
#4775=CARTESIAN_POINT('',(-33.43,-1.25,4.51875));
#4776=CARTESIAN_POINT('',(-0.439999999999998,-1.25,4.51875));
#4777=CARTESIAN_POINT('Origin',(-33.43,0.,4.51875));
#4778=CARTESIAN_POINT('',(-33.43,1.25,4.51875));
#4779=CARTESIAN_POINT('Origin',(-16.935,1.25,4.51875));
#4780=CARTESIAN_POINT('',(-0.439999999999998,1.25,4.51875));
#4781=CARTESIAN_POINT('Origin',(-0.439999999999998,0.,4.51875));
#4782=CARTESIAN_POINT('Origin',(-36.1,1.565,-7.9));
#4783=CARTESIAN_POINT('',(-36.7,2.835,-7.9));
#4784=CARTESIAN_POINT('Origin',(-36.1,2.835,-7.9));
#4785=CARTESIAN_POINT('',(-36.7,1.565,-7.9));
#4786=CARTESIAN_POINT('',(-36.7,1.565,-7.9));
#4787=CARTESIAN_POINT('Origin',(-36.1,1.565,-7.9));
#4788=CARTESIAN_POINT('Origin',(-37.4,1.565,-7.9));
#4789=CARTESIAN_POINT('',(-37.4,1.565,-7.9));
#4790=CARTESIAN_POINT('',(-38.4,1.565,-7.));
#4791=CARTESIAN_POINT('',(-37.4,1.565,-7.9));
#4792=CARTESIAN_POINT('',(-38.4,2.835,-7.));
#4793=CARTESIAN_POINT('',(-38.4,1.565,-7.));
#4794=CARTESIAN_POINT('',(-37.4,2.835,-7.9));
#4795=CARTESIAN_POINT('',(-37.4,2.835,-7.9));
#4796=CARTESIAN_POINT('',(-37.4,1.565,-7.9));
#4797=CARTESIAN_POINT('Origin',(-36.1,1.565,-7.9));
#4798=CARTESIAN_POINT('',(-34.8,1.565,-7.9));
#4799=CARTESIAN_POINT('Origin',(-36.1,1.565,-7.9));
#4800=CARTESIAN_POINT('',(-34.8,2.835,-7.9));
#4801=CARTESIAN_POINT('Origin',(-36.1,2.835,-7.9));
#4802=CARTESIAN_POINT('',(-34.8,1.565,-7.9));
#4803=CARTESIAN_POINT('Origin',(-33.8,1.565,-7.));
#4804=CARTESIAN_POINT('',(-33.8,1.565,-7.));
#4805=CARTESIAN_POINT('',(-33.8,1.565,-7.));
#4806=CARTESIAN_POINT('',(-33.8,2.835,-7.));
#4807=CARTESIAN_POINT('',(-33.8,2.835,-7.));
#4808=CARTESIAN_POINT('',(-33.8,1.565,-7.));
#4809=CARTESIAN_POINT('Origin',(-33.8,1.565,-4.61));
#4810=CARTESIAN_POINT('',(-33.8,1.565,-4.61));
#4811=CARTESIAN_POINT('',(-33.8,1.565,-4.61));
#4812=CARTESIAN_POINT('',(-33.8,2.835,-4.61));
#4813=CARTESIAN_POINT('',(-33.8,2.835,-4.61));
#4814=CARTESIAN_POINT('',(-33.8,1.565,-4.61));
#4815=CARTESIAN_POINT('Origin',(-38.4,1.565,-4.61));
#4816=CARTESIAN_POINT('',(-38.4,1.565,-4.61));
#4817=CARTESIAN_POINT('',(-38.4,1.565,-4.61));
#4818=CARTESIAN_POINT('',(-38.4,2.835,-4.61));
#4819=CARTESIAN_POINT('',(-38.4,2.835,-4.61));
#4820=CARTESIAN_POINT('',(-38.4,1.565,-4.61));
#4821=CARTESIAN_POINT('Origin',(-38.4,1.565,-7.));
#4822=CARTESIAN_POINT('',(-38.4,1.565,-7.));
#4823=CARTESIAN_POINT('',(-38.4,2.835,-7.));
#4824=CARTESIAN_POINT('Origin',(-36.1,2.835,-6.905));
#4825=CARTESIAN_POINT('Origin',(-36.1,1.565,-6.905));
#4826=CARTESIAN_POINT('Origin',(-36.1,-2.835,-7.9));
#4827=CARTESIAN_POINT('',(-36.7,-1.565,-7.9));
#4828=CARTESIAN_POINT('Origin',(-36.1,-1.565,-7.9));
#4829=CARTESIAN_POINT('',(-36.7,-2.835,-7.9));
#4830=CARTESIAN_POINT('',(-36.7,-2.835,-7.9));
#4831=CARTESIAN_POINT('Origin',(-36.1,-2.835,-7.9));
#4832=CARTESIAN_POINT('Origin',(-37.4,-2.835,-7.9));
#4833=CARTESIAN_POINT('',(-37.4,-2.835,-7.9));
#4834=CARTESIAN_POINT('',(-38.4,-2.835,-7.));
#4835=CARTESIAN_POINT('',(-37.4,-2.835,-7.9));
#4836=CARTESIAN_POINT('',(-38.4,-1.565,-7.));
#4837=CARTESIAN_POINT('',(-38.4,-2.835,-7.));
#4838=CARTESIAN_POINT('',(-37.4,-1.565,-7.9));
#4839=CARTESIAN_POINT('',(-37.4,-1.565,-7.9));
#4840=CARTESIAN_POINT('',(-37.4,-2.835,-7.9));
#4841=CARTESIAN_POINT('Origin',(-36.1,-2.835,-7.9));
#4842=CARTESIAN_POINT('',(-34.8,-2.835,-7.9));
#4843=CARTESIAN_POINT('Origin',(-36.1,-2.835,-7.9));
#4844=CARTESIAN_POINT('',(-34.8,-1.565,-7.9));
#4845=CARTESIAN_POINT('Origin',(-36.1,-1.565,-7.9));
#4846=CARTESIAN_POINT('',(-34.8,-2.835,-7.9));
#4847=CARTESIAN_POINT('Origin',(-33.8,-2.835,-7.));
#4848=CARTESIAN_POINT('',(-33.8,-2.835,-7.));
#4849=CARTESIAN_POINT('',(-33.8,-2.835,-7.));
#4850=CARTESIAN_POINT('',(-33.8,-1.565,-7.));
#4851=CARTESIAN_POINT('',(-33.8,-1.565,-7.));
#4852=CARTESIAN_POINT('',(-33.8,-2.835,-7.));
#4853=CARTESIAN_POINT('Origin',(-33.8,-2.835,-4.61));
#4854=CARTESIAN_POINT('',(-33.8,-2.835,-4.61));
#4855=CARTESIAN_POINT('',(-33.8,-2.835,-4.61));
#4856=CARTESIAN_POINT('',(-33.8,-1.565,-4.61));
#4857=CARTESIAN_POINT('',(-33.8,-1.565,-4.61));
#4858=CARTESIAN_POINT('',(-33.8,-2.835,-4.61));
#4859=CARTESIAN_POINT('Origin',(-38.4,-2.835,-4.61));
#4860=CARTESIAN_POINT('',(-38.4,-2.835,-4.61));
#4861=CARTESIAN_POINT('',(-38.4,-2.835,-4.61));
#4862=CARTESIAN_POINT('',(-38.4,-1.565,-4.61));
#4863=CARTESIAN_POINT('',(-38.4,-1.565,-4.61));
#4864=CARTESIAN_POINT('',(-38.4,-2.835,-4.61));
#4865=CARTESIAN_POINT('Origin',(-38.4,-2.835,-7.));
#4866=CARTESIAN_POINT('',(-38.4,-2.835,-7.));
#4867=CARTESIAN_POINT('',(-38.4,-1.565,-7.));
#4868=CARTESIAN_POINT('Origin',(-36.1,-1.565,-6.905));
#4869=CARTESIAN_POINT('Origin',(-36.1,-2.835,-6.905));
#4870=CARTESIAN_POINT('Origin',(6.365,0.,0.));
#4871=CARTESIAN_POINT('',(1.365,-1.84768585821357E-16,1.50875));
#4872=CARTESIAN_POINT('Origin',(1.365,0.,0.));
#4873=CARTESIAN_POINT('',(11.365,1.84768585821357E-16,1.50875));
#4874=CARTESIAN_POINT('',(6.365,-1.84768585821357E-16,1.50875));
#4875=CARTESIAN_POINT('Origin',(11.365,0.,0.));
#4876=CARTESIAN_POINT('Origin',(6.365,0.,0.));
#4877=CARTESIAN_POINT('',(11.365,-2.33295215237571E-16,1.905));
#4878=CARTESIAN_POINT('Origin',(11.365,0.,0.));
#4879=CARTESIAN_POINT('',(1.365,-2.33295215237571E-16,1.905));
#4880=CARTESIAN_POINT('',(6.365,-2.33295215237571E-16,1.905));
#4881=CARTESIAN_POINT('Origin',(1.365,0.,0.));
#4882=CARTESIAN_POINT('Origin',(1.365,0.,0.));
#4883=CARTESIAN_POINT('Origin',(11.365,0.,0.));
#4884=CARTESIAN_POINT('Origin',(2.3175,-1.26,-4.5575));
#4885=CARTESIAN_POINT('',(2.,-1.26,-4.305));
#4886=CARTESIAN_POINT('',(2.,-1.26,-4.61));
#4887=CARTESIAN_POINT('',(2.,-1.26,-2.67875));
#4888=CARTESIAN_POINT('',(2.635,-1.26,-4.305));
#4889=CARTESIAN_POINT('',(2.3175,-1.26,-4.305));
#4890=CARTESIAN_POINT('',(2.635,-1.26,-4.61));
#4891=CARTESIAN_POINT('',(2.635,-1.26,-2.67875));
#4892=CARTESIAN_POINT('',(2.3175,-1.26,-4.61));
#4893=CARTESIAN_POINT('Origin',(2.3175,0.,-4.305));
#4894=CARTESIAN_POINT('',(2.,1.26,-4.305));
#4895=CARTESIAN_POINT('',(2.,0.,-4.305));
#4896=CARTESIAN_POINT('',(2.635,1.26,-4.305));
#4897=CARTESIAN_POINT('',(2.3175,1.26,-4.305));
#4898=CARTESIAN_POINT('',(2.635,0.,-4.305));
#4899=CARTESIAN_POINT('Origin',(2.3175,1.26,-4.5575));
#4900=CARTESIAN_POINT('',(2.,1.26,-4.61));
#4901=CARTESIAN_POINT('',(2.,1.26,-2.67875));
#4902=CARTESIAN_POINT('',(2.635,1.26,-4.61));
#4903=CARTESIAN_POINT('',(2.3175,1.26,-4.61));
#4904=CARTESIAN_POINT('',(2.635,1.26,-2.67875));
#4905=CARTESIAN_POINT('Origin',(2.,0.,-0.8));
#4906=CARTESIAN_POINT('',(2.,-2.54,-4.61));
#4907=CARTESIAN_POINT('',(2.,0.,-4.61));
#4908=CARTESIAN_POINT('',(2.,-2.54,3.01));
#4909=CARTESIAN_POINT('',(2.,-2.54,-0.8));
#4910=CARTESIAN_POINT('',(2.,-1.26,3.01));
#4911=CARTESIAN_POINT('',(2.,0.,3.01));
#4912=CARTESIAN_POINT('',(2.,-1.26,2.695));
#4913=CARTESIAN_POINT('',(2.,-1.26,1.07375));
#4914=CARTESIAN_POINT('',(2.,1.26,2.695));
#4915=CARTESIAN_POINT('',(2.,0.,2.695));
#4916=CARTESIAN_POINT('',(2.,1.26,3.01));
#4917=CARTESIAN_POINT('',(2.,1.26,1.07375));
#4918=CARTESIAN_POINT('',(2.,2.54,3.01));
#4919=CARTESIAN_POINT('',(2.,0.,3.01));
#4920=CARTESIAN_POINT('',(2.,2.54,-4.61));
#4921=CARTESIAN_POINT('',(2.,2.54,-0.8));
#4922=CARTESIAN_POINT('',(2.,0.,-4.61));
#4923=CARTESIAN_POINT('',(2.,-2.3819380243416E-16,1.945));
#4924=CARTESIAN_POINT('Origin',(2.,0.,0.));
#4925=CARTESIAN_POINT('Origin',(2.3175,0.,-4.61));
#4926=CARTESIAN_POINT('',(2.635,-2.54,-4.61));
#4927=CARTESIAN_POINT('',(2.635,0.,-4.61));
#4928=CARTESIAN_POINT('',(2.3175,-2.54,-4.61));
#4929=CARTESIAN_POINT('Origin',(2.3175,-1.26,2.9475));
#4930=CARTESIAN_POINT('',(2.635,-1.26,2.695));
#4931=CARTESIAN_POINT('',(2.635,-1.26,3.01));
#4932=CARTESIAN_POINT('',(2.635,-1.26,1.07375));
#4933=CARTESIAN_POINT('',(2.3175,-1.26,2.695));
#4934=CARTESIAN_POINT('',(2.3175,-1.26,3.01));
#4935=CARTESIAN_POINT('Origin',(2.3175,0.,2.695));
#4936=CARTESIAN_POINT('',(2.635,1.26,2.695));
#4937=CARTESIAN_POINT('',(2.635,0.,2.695));
#4938=CARTESIAN_POINT('',(2.3175,1.26,2.695));
#4939=CARTESIAN_POINT('Origin',(2.3175,1.26,2.9475));
#4940=CARTESIAN_POINT('',(2.635,1.26,3.01));
#4941=CARTESIAN_POINT('',(2.635,1.26,1.07375));
#4942=CARTESIAN_POINT('',(2.3175,1.26,3.01));
#4943=CARTESIAN_POINT('Origin',(2.3175,0.,3.01));
#4944=CARTESIAN_POINT('',(2.635,2.54,3.01));
#4945=CARTESIAN_POINT('',(2.635,0.,3.01));
#4946=CARTESIAN_POINT('',(2.3175,2.54,3.01));
#4947=CARTESIAN_POINT('Origin',(2.3175,0.,3.01));
#4948=CARTESIAN_POINT('',(2.635,-2.54,3.01));
#4949=CARTESIAN_POINT('',(2.3175,-2.54,3.01));
#4950=CARTESIAN_POINT('',(2.635,0.,3.01));
#4951=CARTESIAN_POINT('Origin',(2.35,0.,0.));
#4952=CARTESIAN_POINT('',(2.635,2.3819380243416E-16,1.945));
#4953=CARTESIAN_POINT('',(2.35,-2.3819380243416E-16,1.945));
#4954=CARTESIAN_POINT('Origin',(2.635,0.,0.));
#4955=CARTESIAN_POINT('Origin',(2.3175,0.,-4.61));
#4956=CARTESIAN_POINT('',(2.635,2.54,-4.61));
#4957=CARTESIAN_POINT('',(2.3175,2.54,-4.61));
#4958=CARTESIAN_POINT('',(2.635,0.,-4.61));
#4959=CARTESIAN_POINT('Origin',(2.3175,-2.54,-0.8));
#4960=CARTESIAN_POINT('',(2.635,-2.54,-0.8));
#4961=CARTESIAN_POINT('Origin',(2.3175,2.54,-0.8));
#4962=CARTESIAN_POINT('',(2.635,2.54,-0.8));
#4963=CARTESIAN_POINT('Origin',(2.635,0.,-0.8));
#4964=CARTESIAN_POINT('Origin',(-27.,0.,2.7052));
#4965=CARTESIAN_POINT('',(-0.199999999999999,-1.9175,2.7052));
#4966=CARTESIAN_POINT('',(-0.0165929411764706,-1.9175,2.7052));
#4967=CARTESIAN_POINT('',(-14.05,-1.9175,2.7052));
#4968=CARTESIAN_POINT('',(-0.199999999999999,-1.9304,2.7052));
#4969=CARTESIAN_POINT('',(-0.199999999999999,-1.2,2.7052));
#4970=CARTESIAN_POINT('',(-0.0165929411764694,-1.9304,2.7052));
#4971=CARTESIAN_POINT('',(-27.,-1.9304,2.7052));
#4972=CARTESIAN_POINT('',(-0.0165929411764694,-1.1175,2.7052));
#4973=CARTESIAN_POINT('Origin',(-27.,-1.9304,2.4004));
#4974=CARTESIAN_POINT('',(-0.00968093947143345,-2.235,2.41143992753598));
#4975=CARTESIAN_POINT('Origin',(-0.00942117647058893,-1.9304,2.4004));
#4976=CARTESIAN_POINT('',(-0.199999999999999,-2.235,2.41143992753598));
#4977=CARTESIAN_POINT('Origin',(-0.199999999999999,-1.9304,2.4004));
#4978=CARTESIAN_POINT('',(-27.,-2.235,2.41143992753598));
#4979=CARTESIAN_POINT('Origin',(-0.199999999999999,-2.4,3.3));
#4980=CARTESIAN_POINT('',(-0.199999999999999,-1.9175,3.01));
#4981=CARTESIAN_POINT('',(-0.199999999999999,-1.9175,2.9125));
#4982=CARTESIAN_POINT('',(-0.199999999999999,-1.9304,3.01));
#4983=CARTESIAN_POINT('',(-0.199999999999999,-1.2,3.01));
#4984=CARTESIAN_POINT('',(-0.199999999999999,-2.235,2.92844450570004));
#4985=CARTESIAN_POINT('Origin',(-0.199999999999999,-1.9304,2.4004));
#4986=CARTESIAN_POINT('',(-0.199999999999999,-2.235,2.9125));
#4987=CARTESIAN_POINT('Origin',(-27.,0.,3.01));
#4988=CARTESIAN_POINT('',(-0.0237647058823529,-1.9175,3.01));
#4989=CARTESIAN_POINT('',(-14.05,-1.9175,3.01));
#4990=CARTESIAN_POINT('',(-0.0237647058823569,-1.9304,3.01));
#4991=CARTESIAN_POINT('',(-0.0237647058823534,-1.1175,3.01));
#4992=CARTESIAN_POINT('',(-27.,-1.9304,3.01));
#4993=CARTESIAN_POINT('Origin',(-27.,-1.9304,2.4004));
#4994=CARTESIAN_POINT('',(-0.0218457530752936,-2.235,2.92844450570004));
#4995=CARTESIAN_POINT('Origin',(-0.00942117647058893,-1.9304,2.4004));
#4996=CARTESIAN_POINT('',(-27.,-2.235,2.92844450570004));
#4997=CARTESIAN_POINT('Origin',(-1.1,-1.9175,2.525));
#4998=CARTESIAN_POINT('',(0.,-1.9175,2.));
#4999=CARTESIAN_POINT('',(0.,-1.9175,2.));
#5000=CARTESIAN_POINT('',(0.,-1.9175,-2.));
#5001=CARTESIAN_POINT('',(0.,-1.9175,-2.));
#5002=CARTESIAN_POINT('',(-2.2,-1.9175,-2.));
#5003=CARTESIAN_POINT('',(-2.2,-1.9175,-2.));
#5004=CARTESIAN_POINT('',(-2.2,-1.9175,2.));
#5005=CARTESIAN_POINT('',(-2.2,-1.9175,2.));
#5006=CARTESIAN_POINT('',(-1.7,-1.9175,6.25));
#5007=CARTESIAN_POINT('',(-1.7,-1.9175,6.25));
#5008=CARTESIAN_POINT('',(-0.1,-1.9175,6.25));
#5009=CARTESIAN_POINT('Origin',(-0.9,-1.9175,6.25));
#5010=CARTESIAN_POINT('',(0.,-1.9175,2.));
#5011=CARTESIAN_POINT('',(-1.2175,-1.9175,6.25));
#5012=CARTESIAN_POINT('Origin',(-0.9,-1.9175,6.25));
#5013=CARTESIAN_POINT('Origin',(-0.1,-2.235,6.25));
#5014=CARTESIAN_POINT('',(0.,-2.235,2.));
#5015=CARTESIAN_POINT('',(0.,-2.235,2.));
#5016=CARTESIAN_POINT('',(0.,-2.235,2.));
#5017=CARTESIAN_POINT('Origin',(-0.9,-2.235,6.25));
#5018=CARTESIAN_POINT('',(-1.2175,-2.235,6.25));
#5019=CARTESIAN_POINT('',(-1.2175,-2.235,6.25));
#5020=CARTESIAN_POINT('Origin',(-0.9,-2.235,6.25));
#5021=CARTESIAN_POINT('Origin',(-2.2,-2.235,2.));
#5022=CARTESIAN_POINT('',(-1.7,-2.235,6.25));
#5023=CARTESIAN_POINT('',(-2.2,-2.235,2.));
#5024=CARTESIAN_POINT('',(-1.7,-2.235,6.25));
#5025=CARTESIAN_POINT('',(-1.7,-2.235,6.25));
#5026=CARTESIAN_POINT('',(-2.2,-2.235,2.));
#5027=CARTESIAN_POINT('Origin',(-2.2,-2.235,-2.));
#5028=CARTESIAN_POINT('',(-2.2,-2.235,-2.));
#5029=CARTESIAN_POINT('',(-2.2,-2.235,2.));
#5030=CARTESIAN_POINT('',(-2.2,-2.235,-2.));
#5031=CARTESIAN_POINT('Origin',(0.,-2.235,-2.));
#5032=CARTESIAN_POINT('',(0.,-2.235,-2.));
#5033=CARTESIAN_POINT('',(-2.2,-2.235,-2.));
#5034=CARTESIAN_POINT('',(0.,-2.235,-2.));
#5035=CARTESIAN_POINT('Origin',(0.,-2.235,2.));
#5036=CARTESIAN_POINT('',(0.,-2.235,-2.));
#5037=CARTESIAN_POINT('Origin',(-0.1,-2.235,6.25));
#5038=CARTESIAN_POINT('',(-0.1,-2.235,6.25));
#5039=CARTESIAN_POINT('',(-0.1,-2.235,6.25));
#5040=CARTESIAN_POINT('',(0.,-2.235,2.));
#5041=CARTESIAN_POINT('Origin',(-0.9,-2.235,6.25));
#5042=CARTESIAN_POINT('Origin',(-0.9,-2.235,6.25));
#5043=CARTESIAN_POINT('Origin',(-1.1,-2.235,2.525));
#5044=CARTESIAN_POINT('Origin',(-27.,0.,2.7052));
#5045=CARTESIAN_POINT('',(-0.0165929411764694,1.9304,2.7052));
#5046=CARTESIAN_POINT('',(-0.0165929411764706,1.9175,2.7052));
#5047=CARTESIAN_POINT('',(-0.0165929411764694,0.95875,2.7052));
#5048=CARTESIAN_POINT('',(-0.199999999999999,1.9304,2.7052));
#5049=CARTESIAN_POINT('',(-27.,1.9304,2.7052));
#5050=CARTESIAN_POINT('',(-0.199999999999999,1.9175,2.7052));
#5051=CARTESIAN_POINT('',(-0.199999999999999,1.2,2.7052));
#5052=CARTESIAN_POINT('',(-14.05,1.9175,2.7052));
#5053=CARTESIAN_POINT('Origin',(-27.,0.,3.01));
#5054=CARTESIAN_POINT('',(-0.199999999999999,1.9175,3.01));
#5055=CARTESIAN_POINT('',(-0.0237647058823529,1.9175,3.01));
#5056=CARTESIAN_POINT('',(-14.05,1.9175,3.01));
#5057=CARTESIAN_POINT('',(-0.199999999999999,1.9304,3.01));
#5058=CARTESIAN_POINT('',(-0.199999999999999,1.2,3.01));
#5059=CARTESIAN_POINT('',(-0.0237647058823569,1.9304,3.01));
#5060=CARTESIAN_POINT('',(-27.,1.9304,3.01));
#5061=CARTESIAN_POINT('',(-0.0237647058823534,0.95875,3.01));
#5062=CARTESIAN_POINT('Origin',(-0.199999999999999,2.4,3.3));
#5063=CARTESIAN_POINT('',(-0.199999999999999,2.235,2.92844450570004));
#5064=CARTESIAN_POINT('',(-0.199999999999999,2.235,2.41143992753598));
#5065=CARTESIAN_POINT('',(-0.199999999999999,2.235,2.9125));
#5066=CARTESIAN_POINT('Origin',(-0.199999999999999,1.9304,2.4004));
#5067=CARTESIAN_POINT('',(-0.199999999999999,1.9175,2.9125));
#5068=CARTESIAN_POINT('Origin',(-0.199999999999999,1.9304,2.4004));
#5069=CARTESIAN_POINT('Origin',(-27.,1.9304,2.4004));
#5070=CARTESIAN_POINT('',(-0.00968093947143345,2.235,2.41143992753598));
#5071=CARTESIAN_POINT('Origin',(-0.00942117647058893,1.9304,2.4004));
#5072=CARTESIAN_POINT('',(-27.,2.235,2.41143992753598));
#5073=CARTESIAN_POINT('Origin',(-27.,1.9304,2.4004));
#5074=CARTESIAN_POINT('',(-0.0218457530752936,2.235,2.92844450570004));
#5075=CARTESIAN_POINT('',(-27.,2.235,2.92844450570004));
#5076=CARTESIAN_POINT('Origin',(-0.00942117647058893,1.9304,2.4004));
#5077=CARTESIAN_POINT('Origin',(-1.1,1.9175,2.525));
#5078=CARTESIAN_POINT('',(-0.1,1.9175,6.25));
#5079=CARTESIAN_POINT('',(0.,1.9175,2.));
#5080=CARTESIAN_POINT('',(-1.7,1.9175,6.25));
#5081=CARTESIAN_POINT('Origin',(-0.9,1.9175,6.25));
#5082=CARTESIAN_POINT('',(-2.2,1.9175,2.));
#5083=CARTESIAN_POINT('',(-1.7,1.9175,6.25));
#5084=CARTESIAN_POINT('',(-2.2,1.9175,-2.));
#5085=CARTESIAN_POINT('',(-2.2,1.9175,2.));
#5086=CARTESIAN_POINT('',(0.,1.9175,-2.));
#5087=CARTESIAN_POINT('',(-2.2,1.9175,-2.));
#5088=CARTESIAN_POINT('',(0.,1.9175,2.));
#5089=CARTESIAN_POINT('',(0.,1.9175,-2.));
#5090=CARTESIAN_POINT('',(0.,1.9175,2.));
#5091=CARTESIAN_POINT('',(-1.2175,1.9175,6.25));
#5092=CARTESIAN_POINT('Origin',(-0.9,1.9175,6.25));
#5093=CARTESIAN_POINT('Origin',(-0.1,1.9175,6.25));
#5094=CARTESIAN_POINT('',(-0.1,2.235,6.25));
#5095=CARTESIAN_POINT('',(0.,2.235,2.));
#5096=CARTESIAN_POINT('',(-0.1,1.9175,6.25));
#5097=CARTESIAN_POINT('Origin',(-0.1,1.9175,6.25));
#5098=CARTESIAN_POINT('',(0.,2.235,2.));
#5099=CARTESIAN_POINT('',(0.,1.9175,2.));
#5100=CARTESIAN_POINT('',(0.,2.235,2.));
#5101=CARTESIAN_POINT('Origin',(-0.9,1.9175,6.25));
#5102=CARTESIAN_POINT('',(-1.2175,2.235,6.25));
#5103=CARTESIAN_POINT('Origin',(-0.9,2.235,6.25));
#5104=CARTESIAN_POINT('',(-1.2175,1.9175,6.25));
#5105=CARTESIAN_POINT('Origin',(-2.2,1.9175,2.));
#5106=CARTESIAN_POINT('',(-1.7,2.235,6.25));
#5107=CARTESIAN_POINT('',(-1.7,1.9175,6.25));
#5108=CARTESIAN_POINT('',(-2.2,2.235,2.));
#5109=CARTESIAN_POINT('',(-1.7,2.235,6.25));
#5110=CARTESIAN_POINT('',(-2.2,1.9175,2.));
#5111=CARTESIAN_POINT('Origin',(-2.2,1.9175,-2.));
#5112=CARTESIAN_POINT('',(-2.2,2.235,-2.));
#5113=CARTESIAN_POINT('',(-2.2,2.235,2.));
#5114=CARTESIAN_POINT('',(-2.2,1.9175,-2.));
#5115=CARTESIAN_POINT('Origin',(0.,1.9175,-2.));
#5116=CARTESIAN_POINT('',(0.,2.235,-2.));
#5117=CARTESIAN_POINT('',(-2.2,2.235,-2.));
#5118=CARTESIAN_POINT('',(0.,1.9175,-2.));
#5119=CARTESIAN_POINT('Origin',(0.,1.9175,2.));
#5120=CARTESIAN_POINT('',(0.,2.235,-2.));
#5121=CARTESIAN_POINT('Origin',(-0.9,1.9175,6.25));
#5122=CARTESIAN_POINT('Origin',(-0.9,2.235,6.25));
#5123=CARTESIAN_POINT('Origin',(-1.1,2.235,2.525));
#5124=CARTESIAN_POINT('Origin',(-8.5,0.,-2.95));
#5125=CARTESIAN_POINT('',(-8.72,-2.69422295812418E-17,-4.285));
#5126=CARTESIAN_POINT('Origin',(-8.5,0.,-4.285));
#5127=CARTESIAN_POINT('',(-8.72,2.69422295812418E-17,-1.6));
#5128=CARTESIAN_POINT('',(-8.72,-2.69422295812418E-17,-2.95));
#5129=CARTESIAN_POINT('Origin',(-8.5,0.,-1.6));
#5130=CARTESIAN_POINT('Origin',(-24.5,0.,-2.95));
#5131=CARTESIAN_POINT('',(-24.72,-2.69422295812418E-17,-4.285));
#5132=CARTESIAN_POINT('Origin',(-24.5,0.,-4.285));
#5133=CARTESIAN_POINT('',(-24.72,2.69422295812418E-17,-1.6));
#5134=CARTESIAN_POINT('',(-24.72,-2.69422295812418E-17,-2.95));
#5135=CARTESIAN_POINT('Origin',(-24.5,0.,-1.6));
#5136=CARTESIAN_POINT('Origin',(-21.3,0.5,-3.2));
#5137=CARTESIAN_POINT('',(-19.8,0.5,-4.285));
#5138=CARTESIAN_POINT('',(-22.8,0.5,-4.285));
#5139=CARTESIAN_POINT('',(-18.9,0.5,-4.285));
#5140=CARTESIAN_POINT('',(-19.8,0.5,-2.));
#5141=CARTESIAN_POINT('',(-19.8,0.5,-3.2));
#5142=CARTESIAN_POINT('',(-22.8,0.5,-2.));
#5143=CARTESIAN_POINT('',(-21.3,0.5,-2.));
#5144=CARTESIAN_POINT('',(-22.8,0.5,-3.2));
#5145=CARTESIAN_POINT('Origin',(-22.8,0.,-3.2));
#5146=CARTESIAN_POINT('',(-22.8,-0.5,-4.285));
#5147=CARTESIAN_POINT('',(-22.8,0.,-4.285));
#5148=CARTESIAN_POINT('',(-22.8,-0.5,-2.));
#5149=CARTESIAN_POINT('',(-22.8,0.,-2.));
#5150=CARTESIAN_POINT('',(-22.8,-0.5,-3.2));
#5151=CARTESIAN_POINT('Origin',(-21.3,0.,-2.));
#5152=CARTESIAN_POINT('',(-19.8,-0.5,-2.));
#5153=CARTESIAN_POINT('',(-19.8,0.,-2.));
#5154=CARTESIAN_POINT('',(-21.3,-0.5,-2.));
#5155=CARTESIAN_POINT('Origin',(-21.3,-0.5,-3.2));
#5156=CARTESIAN_POINT('',(-19.8,-0.5,-4.285));
#5157=CARTESIAN_POINT('',(-18.9,-0.5,-4.285));
#5158=CARTESIAN_POINT('',(-19.8,-0.5,-3.2));
#5159=CARTESIAN_POINT('Origin',(-19.8,0.,-3.2));
#5160=CARTESIAN_POINT('',(-19.8,0.,-4.285));
#5161=CARTESIAN_POINT('Origin',(-10.25,0.,0.));
#5162=CARTESIAN_POINT('',(-8.94,-0.62,0.));
#5163=CARTESIAN_POINT('',(-11.99,-0.62,0.));
#5164=CARTESIAN_POINT('',(-10.25,-0.62,0.));
#5165=CARTESIAN_POINT('',(-8.94,0.62,0.));
#5166=CARTESIAN_POINT('Origin',(-8.94,0.,0.));
#5167=CARTESIAN_POINT('',(-11.99,0.62,0.));
#5168=CARTESIAN_POINT('',(-10.25,0.62,0.));
#5169=CARTESIAN_POINT('Origin',(-11.99,0.,0.));
#5170=CARTESIAN_POINT('Origin',(-8.94,0.,-0.8));
#5171=CARTESIAN_POINT('',(-8.94,-1.2,0.));
#5172=CARTESIAN_POINT('',(-8.94,0.,0.));
#5173=CARTESIAN_POINT('',(-8.94,-1.2,-1.6));
#5174=CARTESIAN_POINT('',(-8.94,-1.2,-0.8));
#5175=CARTESIAN_POINT('',(-8.94,1.2,-1.6));
#5176=CARTESIAN_POINT('',(-8.94,0.,-1.6));
#5177=CARTESIAN_POINT('',(-8.94,1.2,0.));
#5178=CARTESIAN_POINT('',(-8.94,1.2,-0.8));
#5179=CARTESIAN_POINT('',(-8.94,0.,0.));
#5180=CARTESIAN_POINT('Origin',(-10.465,0.,0.));
#5181=CARTESIAN_POINT('',(-11.99,-1.2,0.));
#5182=CARTESIAN_POINT('',(-11.99,0.,0.));
#5183=CARTESIAN_POINT('',(-10.465,-1.2,0.));
#5184=CARTESIAN_POINT('Origin',(-10.465,0.,0.));
#5185=CARTESIAN_POINT('',(-11.99,1.2,0.));
#5186=CARTESIAN_POINT('',(-10.465,1.2,0.));
#5187=CARTESIAN_POINT('',(-11.99,0.,0.));
#5188=CARTESIAN_POINT('Origin',(-10.465,-1.2,-0.8));
#5189=CARTESIAN_POINT('',(-11.99,-1.2,-1.6));
#5190=CARTESIAN_POINT('',(-11.99,-1.2,-0.8));
#5191=CARTESIAN_POINT('',(-13.4825,-1.2,-1.6));
#5192=CARTESIAN_POINT('Origin',(-11.99,0.,-0.8));
#5193=CARTESIAN_POINT('',(-11.99,1.2,-1.6));
#5194=CARTESIAN_POINT('',(-11.99,1.2,-0.8));
#5195=CARTESIAN_POINT('',(-11.99,0.,-1.6));
#5196=CARTESIAN_POINT('Origin',(-10.465,1.2,-0.8));
#5197=CARTESIAN_POINT('',(-13.4825,1.2,-1.6));
#5198=CARTESIAN_POINT('Origin',(-18.,-1.52,-0.2));
#5199=CARTESIAN_POINT('',(-11.5,-1.72,-0.2));
#5200=CARTESIAN_POINT('',(-11.5,-1.32,-0.2));
#5201=CARTESIAN_POINT('',(-11.5,-1.52,-0.2));
#5202=CARTESIAN_POINT('',(-24.5,-1.32,-0.2));
#5203=CARTESIAN_POINT('',(-18.,-1.32,-0.2));
#5204=CARTESIAN_POINT('',(-24.5,-1.72,-0.2));
#5205=CARTESIAN_POINT('',(-24.5,-1.52,-0.2));
#5206=CARTESIAN_POINT('',(-18.,-1.72,-0.2));
#5207=CARTESIAN_POINT('Origin',(-18.,-1.72,-0.9));
#5208=CARTESIAN_POINT('',(-24.5,-1.72,-1.6));
#5209=CARTESIAN_POINT('',(-24.5,-1.72,-0.9));
#5210=CARTESIAN_POINT('',(-11.5,-1.72,-1.6));
#5211=CARTESIAN_POINT('',(-17.25,-1.72,-1.6));
#5212=CARTESIAN_POINT('',(-11.5,-1.72,-0.9));
#5213=CARTESIAN_POINT('Origin',(-24.5,-1.52,-0.9));
#5214=CARTESIAN_POINT('',(-24.5,-1.32,-1.6));
#5215=CARTESIAN_POINT('',(-24.5,-1.32,-0.9));
#5216=CARTESIAN_POINT('',(-24.5,-0.76,-1.6));
#5217=CARTESIAN_POINT('Origin',(-18.,-1.32,-0.9));
#5218=CARTESIAN_POINT('',(-11.5,-1.32,-1.6));
#5219=CARTESIAN_POINT('',(-11.5,-1.32,-0.9));
#5220=CARTESIAN_POINT('',(-17.25,-1.32,-1.6));
#5221=CARTESIAN_POINT('Origin',(-11.5,-1.52,-0.9));
#5222=CARTESIAN_POINT('',(-11.5,-0.76,-1.6));
#5223=CARTESIAN_POINT('Origin',(-18.,1.52,-0.2));
#5224=CARTESIAN_POINT('',(-11.5,1.32,-0.2));
#5225=CARTESIAN_POINT('',(-11.5,1.72,-0.2));
#5226=CARTESIAN_POINT('',(-11.5,1.52,-0.2));
#5227=CARTESIAN_POINT('',(-24.5,1.72,-0.2));
#5228=CARTESIAN_POINT('',(-18.,1.72,-0.2));
#5229=CARTESIAN_POINT('',(-24.5,1.32,-0.2));
#5230=CARTESIAN_POINT('',(-24.5,1.52,-0.2));
#5231=CARTESIAN_POINT('',(-18.,1.32,-0.2));
#5232=CARTESIAN_POINT('Origin',(-18.,1.32,-0.9));
#5233=CARTESIAN_POINT('',(-24.5,1.32,-1.6));
#5234=CARTESIAN_POINT('',(-24.5,1.32,-0.9));
#5235=CARTESIAN_POINT('',(-11.5,1.32,-1.6));
#5236=CARTESIAN_POINT('',(-17.25,1.32,-1.6));
#5237=CARTESIAN_POINT('',(-11.5,1.32,-0.9));
#5238=CARTESIAN_POINT('Origin',(-24.5,1.52,-0.9));
#5239=CARTESIAN_POINT('',(-24.5,1.72,-1.6));
#5240=CARTESIAN_POINT('',(-24.5,1.72,-0.9));
#5241=CARTESIAN_POINT('',(-24.5,0.76,-1.6));
#5242=CARTESIAN_POINT('Origin',(-18.,1.72,-0.9));
#5243=CARTESIAN_POINT('',(-11.5,1.72,-1.6));
#5244=CARTESIAN_POINT('',(-11.5,1.72,-0.9));
#5245=CARTESIAN_POINT('',(-17.25,1.72,-1.6));
#5246=CARTESIAN_POINT('Origin',(-11.5,1.52,-0.9));
#5247=CARTESIAN_POINT('',(-11.5,0.76,-1.6));
#5248=CARTESIAN_POINT('Origin',(-16.5,0.,-1.6));
#5249=CARTESIAN_POINT('',(-8.,-1.8,-1.6));
#5250=CARTESIAN_POINT('',(-8.,1.8,-1.6));
#5251=CARTESIAN_POINT('',(-8.,0.,-1.6));
#5252=CARTESIAN_POINT('',(-25.,1.8,-1.6));
#5253=CARTESIAN_POINT('',(-16.5,1.8,-1.6));
#5254=CARTESIAN_POINT('',(-25.,-1.8,-1.6));
#5255=CARTESIAN_POINT('',(-25.,0.,-1.6));
#5256=CARTESIAN_POINT('',(-16.5,-1.8,-1.6));
#5257=CARTESIAN_POINT('Origin',(-16.5,0.,-4.285));
#5258=CARTESIAN_POINT('',(-8.,1.8,-4.285));
#5259=CARTESIAN_POINT('',(-8.,-1.8,-4.285));
#5260=CARTESIAN_POINT('',(-8.,0.,-4.285));
#5261=CARTESIAN_POINT('',(-25.,-1.8,-4.285));
#5262=CARTESIAN_POINT('',(-16.5,-1.8,-4.285));
#5263=CARTESIAN_POINT('',(-25.,1.8,-4.285));
#5264=CARTESIAN_POINT('',(-25.,0.,-4.285));
#5265=CARTESIAN_POINT('',(-16.5,1.8,-4.285));
#5266=CARTESIAN_POINT('Origin',(-16.5,-1.8,-2.9425));
#5267=CARTESIAN_POINT('',(-25.,-1.8,-2.9425));
#5268=CARTESIAN_POINT('',(-8.,-1.8,-2.9425));
#5269=CARTESIAN_POINT('Origin',(-25.,0.,-2.9425));
#5270=CARTESIAN_POINT('',(-25.,1.8,-2.9425));
#5271=CARTESIAN_POINT('Origin',(-16.5,1.8,-2.9425));
#5272=CARTESIAN_POINT('',(-8.,1.8,-2.9425));
#5273=CARTESIAN_POINT('Origin',(-8.,0.,-2.9425));
#5274=UNCERTAINTY_MEASURE_WITH_UNIT(LENGTH_MEASURE(0.001),#5278,
'DISTANCE_ACCURACY_VALUE',
'Maximum model space distance between geometric entities at asserted c
onnectivities');
#5275=UNCERTAINTY_MEASURE_WITH_UNIT(LENGTH_MEASURE(0.001),#5278,
'DISTANCE_ACCURACY_VALUE',
'Maximum model space distance between geometric entities at asserted c
onnectivities');
#5276=(
GEOMETRIC_REPRESENTATION_CONTEXT(3)
GLOBAL_UNCERTAINTY_ASSIGNED_CONTEXT((#5274))
GLOBAL_UNIT_ASSIGNED_CONTEXT((#5278,#5280,#5281))
REPRESENTATION_CONTEXT('','3D')
);
#5277=(
GEOMETRIC_REPRESENTATION_CONTEXT(3)
GLOBAL_UNCERTAINTY_ASSIGNED_CONTEXT((#5275))
GLOBAL_UNIT_ASSIGNED_CONTEXT((#5278,#5280,#5281))
REPRESENTATION_CONTEXT('','3D')
);
#5278=(
LENGTH_UNIT()
NAMED_UNIT(*)
SI_UNIT(.CENTI.,.METRE.)
);
#5279=(
LENGTH_UNIT()
NAMED_UNIT(*)
SI_UNIT($,.METRE.)
);
#5280=(
NAMED_UNIT(*)
PLANE_ANGLE_UNIT()
SI_UNIT($,.RADIAN.)
);
#5281=(
NAMED_UNIT(*)
SI_UNIT($,.STERADIAN.)
SOLID_ANGLE_UNIT()
);
#5282=SHAPE_DEFINITION_REPRESENTATION(#5283,#5284);
#5283=PRODUCT_DEFINITION_SHAPE('',$,#5286);
#5284=SHAPE_REPRESENTATION('',(#3226),#5276);
#5285=PRODUCT_DEFINITION_CONTEXT('part definition',#5290,'design');
#5286=PRODUCT_DEFINITION('STEP_Export','STEP_Export',#5287,#5285);
#5287=PRODUCT_DEFINITION_FORMATION('',$,#5292);
#5288=PRODUCT_RELATED_PRODUCT_CATEGORY('STEP_Export','STEP_Export',(#5292));
#5289=APPLICATION_PROTOCOL_DEFINITION('international standard',
'automotive_design',2009,#5290);
#5290=APPLICATION_CONTEXT(
'Core Data for Automotive Mechanical Design Process');
#5291=PRODUCT_CONTEXT('part definition',#5290,'mechanical');
#5292=PRODUCT('STEP_Export','STEP_Export',$,(#5291));
#5293=PRESENTATION_STYLE_ASSIGNMENT((#5294));
#5294=SURFACE_STYLE_USAGE(.BOTH.,#5295);
#5295=SURFACE_SIDE_STYLE('',(#5296));
#5296=SURFACE_STYLE_FILL_AREA(#5297);
#5297=FILL_AREA_STYLE('Steel - Satin',(#5298));
#5298=FILL_AREA_STYLE_COLOUR('Steel - Satin',#5299);
#5299=COLOUR_RGB('Steel - Satin',0.627450980392157,0.627450980392157,0.627450980392157);
ENDSEC;
END-ISO-10303-21;
