ISO-10303-21;
HEADER;
/* Generated by software containing ST-Developer
 * from STEP Tools, Inc. (www.steptools.com) 
 */

FILE_DESCRIPTION(
/* description */ (''),
/* implementation_level */ '2;1');

FILE_NAME(
/* name */ 'Side_L1_native.stp',
/* time_stamp */ '2026-09-13T18:48:59-05:00',
/* author */ (''),
/* organization */ (''),
/* preprocessor_version */ 'ST-DEVELOPER v20.1',
/* originating_system */ 'Autodesk Translation Framework v15.8.0.0',
/* authorisation */ '');

FILE_SCHEMA (('AUTOMOTIVE_DESIGN { 1 0 10303 214 3 1 1 }'));
ENDSEC;

DATA;
#10=MECHANICAL_DESIGN_GEOMETRIC_PRESENTATION_REPRESENTATION('',(#13),#7848);
#11=SHAPE_REPRESENTATION_RELATIONSHIP('SRR','None',#7855,#12);
#12=ADVANCED_BREP_SHAPE_REPRESENTATION('',(#14),#7847);
#13=STYLED_ITEM('',(#7864),#14);
#14=MANIFOLD_SOLID_BREP('Side_L1_native',#4856);
#15=CONICAL_SURFACE('',#4945,0.874,0.78539816339745);
#16=CONICAL_SURFACE('',#4958,0.8525,0.715091699278825);
#17=CONICAL_SURFACE('',#4964,0.8525,0.715091699278825);
#18=FACE_BOUND('',#591,.T.);
#19=FACE_BOUND('',#593,.T.);
#20=FACE_BOUND('',#602,.T.);
#21=FACE_BOUND('',#603,.T.);
#22=FACE_BOUND('',#604,.T.);
#23=FACE_BOUND('',#605,.T.);
#24=FACE_BOUND('',#606,.T.);
#25=FACE_BOUND('',#616,.T.);
#26=FACE_BOUND('',#619,.T.);
#27=FACE_BOUND('',#622,.T.);
#28=FACE_BOUND('',#625,.T.);
#29=FACE_BOUND('',#628,.T.);
#30=FACE_BOUND('',#631,.T.);
#31=FACE_BOUND('',#644,.T.);
#32=FACE_BOUND('',#648,.T.);
#33=FACE_BOUND('',#716,.T.);
#34=FACE_BOUND('',#717,.T.);
#35=FACE_BOUND('',#718,.T.);
#36=FACE_BOUND('',#719,.T.);
#37=FACE_BOUND('',#739,.T.);
#38=FACE_BOUND('',#740,.T.);
#39=FACE_BOUND('',#741,.T.);
#40=FACE_BOUND('',#742,.T.);
#41=FACE_BOUND('',#743,.T.);
#42=FACE_BOUND('',#747,.T.);
#43=FACE_BOUND('',#790,.T.);
#44=FACE_BOUND('',#791,.T.);
#45=FACE_BOUND('',#792,.T.);
#46=FACE_BOUND('',#793,.T.);
#47=FACE_BOUND('',#794,.T.);
#48=FACE_BOUND('',#795,.T.);
#49=FACE_BOUND('',#796,.T.);
#50=FACE_BOUND('',#797,.T.);
#51=FACE_BOUND('',#798,.T.);
#52=FACE_BOUND('',#799,.T.);
#53=FACE_BOUND('',#800,.T.);
#54=FACE_BOUND('',#801,.T.);
#55=FACE_BOUND('',#802,.T.);
#56=FACE_BOUND('',#803,.T.);
#57=FACE_BOUND('',#804,.T.);
#58=FACE_BOUND('',#805,.T.);
#59=FACE_BOUND('',#807,.T.);
#60=FACE_BOUND('',#849,.T.);
#61=FACE_BOUND('',#850,.T.);
#62=FACE_BOUND('',#851,.T.);
#63=FACE_BOUND('',#852,.T.);
#64=FACE_BOUND('',#853,.T.);
#65=FACE_BOUND('',#855,.T.);
#66=FACE_BOUND('',#856,.T.);
#67=FACE_BOUND('',#857,.T.);
#68=FACE_BOUND('',#900,.T.);
#69=FACE_BOUND('',#901,.T.);
#70=FACE_BOUND('',#902,.T.);
#71=FACE_BOUND('',#903,.T.);
#72=FACE_BOUND('',#904,.T.);
#73=FACE_BOUND('',#905,.T.);
#74=FACE_BOUND('',#906,.T.);
#75=FACE_BOUND('',#907,.T.);
#76=FACE_BOUND('',#908,.T.);
#77=FACE_BOUND('',#909,.T.);
#78=FACE_BOUND('',#910,.T.);
#79=FACE_BOUND('',#911,.T.);
#80=FACE_BOUND('',#912,.T.);
#81=SPHERICAL_SURFACE('',#4881,0.295);
#82=SPHERICAL_SURFACE('',#4884,0.295);
#83=SPHERICAL_SURFACE('',#4956,0.455);
#84=SPHERICAL_SURFACE('',#4962,0.455);
#85=SPHERICAL_SURFACE('',#4968,0.4219);
#86=SPHERICAL_SURFACE('',#4970,0.4219);
#87=SPHERICAL_SURFACE('',#4972,0.4219);
#88=SPHERICAL_SURFACE('',#4974,0.4219);
#89=SPHERICAL_SURFACE('',#4976,0.4219);
#90=SPHERICAL_SURFACE('',#4978,0.4219);
#91=SPHERICAL_SURFACE('',#4980,0.4219);
#92=SPHERICAL_SURFACE('',#4982,0.4219);
#93=SPHERICAL_SURFACE('',#4984,0.4219);
#94=SPHERICAL_SURFACE('',#4986,0.4219);
#95=SPHERICAL_SURFACE('',#4988,0.4219);
#96=SPHERICAL_SURFACE('',#4990,0.4219);
#97=SPHERICAL_SURFACE('',#4992,0.4219);
#98=SPHERICAL_SURFACE('',#4994,0.4219);
#99=SPHERICAL_SURFACE('',#4996,0.4219);
#100=SPHERICAL_SURFACE('',#4998,0.4219);
#101=SPHERICAL_SURFACE('',#5000,0.4219);
#102=SPHERICAL_SURFACE('',#5002,0.4394);
#103=SPHERICAL_SURFACE('',#5004,0.4394);
#104=SPHERICAL_SURFACE('',#5006,0.4394);
#105=SPHERICAL_SURFACE('',#5008,0.338);
#106=SPHERICAL_SURFACE('',#5010,0.338);
#107=SPHERICAL_SURFACE('',#5012,0.338);
#108=SPHERICAL_SURFACE('',#5014,0.338);
#109=SPHERICAL_SURFACE('',#5016,0.338);
#110=SPHERICAL_SURFACE('',#5018,0.338);
#111=SPHERICAL_SURFACE('',#5020,0.338);
#112=SPHERICAL_SURFACE('',#5022,0.338);
#113=PLANE('',#4880);
#114=PLANE('',#4890);
#115=PLANE('',#4894);
#116=PLANE('',#4898);
#117=PLANE('',#4900);
#118=PLANE('',#4901);
#119=PLANE('',#4904);
#120=PLANE('',#4905);
#121=PLANE('',#4924);
#122=PLANE('',#4928);
#123=PLANE('',#4932);
#124=PLANE('',#4936);
#125=PLANE('',#4940);
#126=PLANE('',#4944);
#127=PLANE('',#4948);
#128=PLANE('',#4950);
#129=PLANE('',#4951);
#130=PLANE('',#4952);
#131=PLANE('',#4953);
#132=PLANE('',#4954);
#133=PLANE('',#4955);
#134=PLANE('',#4961);
#135=PLANE('',#4967);
#136=PLANE('',#5024);
#137=PLANE('',#5025);
#138=PLANE('',#5026);
#139=PLANE('',#5027);
#140=PLANE('',#5028);
#141=PLANE('',#5029);
#142=PLANE('',#5030);
#143=PLANE('',#5031);
#144=PLANE('',#5032);
#145=PLANE('',#5033);
#146=PLANE('',#5034);
#147=PLANE('',#5035);
#148=PLANE('',#5036);
#149=PLANE('',#5037);
#150=PLANE('',#5038);
#151=PLANE('',#5039);
#152=PLANE('',#5040);
#153=PLANE('',#5041);
#154=PLANE('',#5042);
#155=PLANE('',#5043);
#156=PLANE('',#5044);
#157=PLANE('',#5045);
#158=PLANE('',#5046);
#159=PLANE('',#5047);
#160=PLANE('',#5048);
#161=PLANE('',#5049);
#162=PLANE('',#5050);
#163=PLANE('',#5051);
#164=PLANE('',#5052);
#165=PLANE('',#5053);
#166=PLANE('',#5054);
#167=PLANE('',#5055);
#168=PLANE('',#5056);
#169=PLANE('',#5057);
#170=PLANE('',#5058);
#171=PLANE('',#5059);
#172=PLANE('',#5060);
#173=PLANE('',#5061);
#174=PLANE('',#5062);
#175=PLANE('',#5063);
#176=PLANE('',#5064);
#177=PLANE('',#5065);
#178=PLANE('',#5066);
#179=PLANE('',#5067);
#180=PLANE('',#5068);
#181=PLANE('',#5069);
#182=PLANE('',#5070);
#183=PLANE('',#5071);
#184=PLANE('',#5072);
#185=PLANE('',#5073);
#186=PLANE('',#5074);
#187=PLANE('',#5075);
#188=PLANE('',#5076);
#189=PLANE('',#5077);
#190=PLANE('',#5078);
#191=PLANE('',#5079);
#192=PLANE('',#5080);
#193=PLANE('',#5081);
#194=PLANE('',#5082);
#195=PLANE('',#5083);
#196=PLANE('',#5084);
#197=PLANE('',#5085);
#198=PLANE('',#5086);
#199=PLANE('',#5087);
#200=PLANE('',#5088);
#201=PLANE('',#5089);
#202=PLANE('',#5090);
#203=PLANE('',#5091);
#204=PLANE('',#5092);
#205=PLANE('',#5093);
#206=PLANE('',#5094);
#207=PLANE('',#5095);
#208=PLANE('',#5096);
#209=PLANE('',#5097);
#210=PLANE('',#5098);
#211=PLANE('',#5099);
#212=PLANE('',#5100);
#213=PLANE('',#5101);
#214=PLANE('',#5102);
#215=PLANE('',#5103);
#216=PLANE('',#5104);
#217=PLANE('',#5105);
#218=PLANE('',#5106);
#219=PLANE('',#5107);
#220=PLANE('',#5108);
#221=PLANE('',#5109);
#222=PLANE('',#5110);
#223=PLANE('',#5111);
#224=PLANE('',#5112);
#225=PLANE('',#5113);
#226=PLANE('',#5114);
#227=PLANE('',#5115);
#228=PLANE('',#5116);
#229=PLANE('',#5117);
#230=PLANE('',#5118);
#231=PLANE('',#5119);
#232=PLANE('',#5120);
#233=PLANE('',#5121);
#234=PLANE('',#5122);
#235=PLANE('',#5123);
#236=PLANE('',#5124);
#237=PLANE('',#5125);
#238=PLANE('',#5126);
#239=PLANE('',#5127);
#240=PLANE('',#5128);
#241=PLANE('',#5129);
#242=PLANE('',#5130);
#243=PLANE('',#5131);
#244=PLANE('',#5132);
#245=PLANE('',#5133);
#246=PLANE('',#5134);
#247=PLANE('',#5135);
#248=PLANE('',#5136);
#249=PLANE('',#5137);
#250=PLANE('',#5138);
#251=PLANE('',#5139);
#252=PLANE('',#5140);
#253=PLANE('',#5141);
#254=PLANE('',#5142);
#255=PLANE('',#5143);
#256=PLANE('',#5144);
#257=PLANE('',#5145);
#258=PLANE('',#5146);
#259=PLANE('',#5147);
#260=PLANE('',#5148);
#261=PLANE('',#5149);
#262=PLANE('',#5150);
#263=PLANE('',#5151);
#264=PLANE('',#5152);
#265=PLANE('',#5153);
#266=PLANE('',#5154);
#267=PLANE('',#5155);
#268=PLANE('',#5156);
#269=PLANE('',#5157);
#270=PLANE('',#5158);
#271=PLANE('',#5159);
#272=PLANE('',#5160);
#273=PLANE('',#5161);
#274=PLANE('',#5162);
#275=PLANE('',#5163);
#276=PLANE('',#5164);
#277=PLANE('',#5165);
#278=PLANE('',#5166);
#279=PLANE('',#5167);
#280=PLANE('',#5168);
#281=PLANE('',#5169);
#282=PLANE('',#5170);
#283=PLANE('',#5171);
#284=PLANE('',#5172);
#285=PLANE('',#5173);
#286=PLANE('',#5174);
#287=PLANE('',#5175);
#288=PLANE('',#5176);
#289=PLANE('',#5177);
#290=PLANE('',#5178);
#291=PLANE('',#5179);
#292=PLANE('',#5180);
#293=PLANE('',#5181);
#294=PLANE('',#5182);
#295=PLANE('',#5183);
#296=PLANE('',#5184);
#297=PLANE('',#5185);
#298=PLANE('',#5186);
#299=PLANE('',#5187);
#300=PLANE('',#5188);
#301=PLANE('',#5189);
#302=PLANE('',#5190);
#303=PLANE('',#5191);
#304=PLANE('',#5192);
#305=PLANE('',#5193);
#306=PLANE('',#5194);
#307=PLANE('',#5195);
#308=PLANE('',#5196);
#309=PLANE('',#5197);
#310=PLANE('',#5198);
#311=PLANE('',#5199);
#312=PLANE('',#5200);
#313=PLANE('',#5201);
#314=PLANE('',#5202);
#315=PLANE('',#5203);
#316=PLANE('',#5204);
#317=PLANE('',#5205);
#318=PLANE('',#5206);
#319=PLANE('',#5207);
#320=PLANE('',#5208);
#321=PLANE('',#5209);
#322=PLANE('',#5210);
#323=PLANE('',#5211);
#324=FACE_OUTER_BOUND('',#587,.T.);
#325=FACE_OUTER_BOUND('',#588,.T.);
#326=FACE_OUTER_BOUND('',#589,.T.);
#327=FACE_OUTER_BOUND('',#590,.T.);
#328=FACE_OUTER_BOUND('',#592,.T.);
#329=FACE_OUTER_BOUND('',#594,.T.);
#330=FACE_OUTER_BOUND('',#595,.T.);
#331=FACE_OUTER_BOUND('',#596,.T.);
#332=FACE_OUTER_BOUND('',#597,.T.);
#333=FACE_OUTER_BOUND('',#598,.T.);
#334=FACE_OUTER_BOUND('',#599,.T.);
#335=FACE_OUTER_BOUND('',#600,.T.);
#336=FACE_OUTER_BOUND('',#601,.T.);
#337=FACE_OUTER_BOUND('',#607,.T.);
#338=FACE_OUTER_BOUND('',#608,.T.);
#339=FACE_OUTER_BOUND('',#609,.T.);
#340=FACE_OUTER_BOUND('',#610,.T.);
#341=FACE_OUTER_BOUND('',#611,.T.);
#342=FACE_OUTER_BOUND('',#612,.T.);
#343=FACE_OUTER_BOUND('',#613,.T.);
#344=FACE_OUTER_BOUND('',#614,.T.);
#345=FACE_OUTER_BOUND('',#615,.T.);
#346=FACE_OUTER_BOUND('',#617,.T.);
#347=FACE_OUTER_BOUND('',#618,.T.);
#348=FACE_OUTER_BOUND('',#620,.T.);
#349=FACE_OUTER_BOUND('',#621,.T.);
#350=FACE_OUTER_BOUND('',#623,.T.);
#351=FACE_OUTER_BOUND('',#624,.T.);
#352=FACE_OUTER_BOUND('',#626,.T.);
#353=FACE_OUTER_BOUND('',#627,.T.);
#354=FACE_OUTER_BOUND('',#629,.T.);
#355=FACE_OUTER_BOUND('',#630,.T.);
#356=FACE_OUTER_BOUND('',#632,.T.);
#357=FACE_OUTER_BOUND('',#633,.T.);
#358=FACE_OUTER_BOUND('',#634,.T.);
#359=FACE_OUTER_BOUND('',#635,.T.);
#360=FACE_OUTER_BOUND('',#636,.T.);
#361=FACE_OUTER_BOUND('',#637,.T.);
#362=FACE_OUTER_BOUND('',#638,.T.);
#363=FACE_OUTER_BOUND('',#639,.T.);
#364=FACE_OUTER_BOUND('',#640,.T.);
#365=FACE_OUTER_BOUND('',#641,.T.);
#366=FACE_OUTER_BOUND('',#642,.T.);
#367=FACE_OUTER_BOUND('',#643,.T.);
#368=FACE_OUTER_BOUND('',#645,.T.);
#369=FACE_OUTER_BOUND('',#646,.T.);
#370=FACE_OUTER_BOUND('',#647,.T.);
#371=FACE_OUTER_BOUND('',#649,.T.);
#372=FACE_OUTER_BOUND('',#650,.T.);
#373=FACE_OUTER_BOUND('',#651,.T.);
#374=FACE_OUTER_BOUND('',#652,.T.);
#375=FACE_OUTER_BOUND('',#653,.T.);
#376=FACE_OUTER_BOUND('',#654,.T.);
#377=FACE_OUTER_BOUND('',#655,.T.);
#378=FACE_OUTER_BOUND('',#656,.T.);
#379=FACE_OUTER_BOUND('',#657,.T.);
#380=FACE_OUTER_BOUND('',#658,.T.);
#381=FACE_OUTER_BOUND('',#659,.T.);
#382=FACE_OUTER_BOUND('',#660,.T.);
#383=FACE_OUTER_BOUND('',#661,.T.);
#384=FACE_OUTER_BOUND('',#662,.T.);
#385=FACE_OUTER_BOUND('',#663,.T.);
#386=FACE_OUTER_BOUND('',#664,.T.);
#387=FACE_OUTER_BOUND('',#665,.T.);
#388=FACE_OUTER_BOUND('',#666,.T.);
#389=FACE_OUTER_BOUND('',#667,.T.);
#390=FACE_OUTER_BOUND('',#668,.T.);
#391=FACE_OUTER_BOUND('',#669,.T.);
#392=FACE_OUTER_BOUND('',#670,.T.);
#393=FACE_OUTER_BOUND('',#671,.T.);
#394=FACE_OUTER_BOUND('',#672,.T.);
#395=FACE_OUTER_BOUND('',#673,.T.);
#396=FACE_OUTER_BOUND('',#674,.T.);
#397=FACE_OUTER_BOUND('',#675,.T.);
#398=FACE_OUTER_BOUND('',#676,.T.);
#399=FACE_OUTER_BOUND('',#677,.T.);
#400=FACE_OUTER_BOUND('',#678,.T.);
#401=FACE_OUTER_BOUND('',#679,.T.);
#402=FACE_OUTER_BOUND('',#680,.T.);
#403=FACE_OUTER_BOUND('',#681,.T.);
#404=FACE_OUTER_BOUND('',#682,.T.);
#405=FACE_OUTER_BOUND('',#683,.T.);
#406=FACE_OUTER_BOUND('',#684,.T.);
#407=FACE_OUTER_BOUND('',#685,.T.);
#408=FACE_OUTER_BOUND('',#686,.T.);
#409=FACE_OUTER_BOUND('',#687,.T.);
#410=FACE_OUTER_BOUND('',#688,.T.);
#411=FACE_OUTER_BOUND('',#689,.T.);
#412=FACE_OUTER_BOUND('',#690,.T.);
#413=FACE_OUTER_BOUND('',#691,.T.);
#414=FACE_OUTER_BOUND('',#692,.T.);
#415=FACE_OUTER_BOUND('',#693,.T.);
#416=FACE_OUTER_BOUND('',#694,.T.);
#417=FACE_OUTER_BOUND('',#695,.T.);
#418=FACE_OUTER_BOUND('',#696,.T.);
#419=FACE_OUTER_BOUND('',#697,.T.);
#420=FACE_OUTER_BOUND('',#698,.T.);
#421=FACE_OUTER_BOUND('',#699,.T.);
#422=FACE_OUTER_BOUND('',#700,.T.);
#423=FACE_OUTER_BOUND('',#701,.T.);
#424=FACE_OUTER_BOUND('',#702,.T.);
#425=FACE_OUTER_BOUND('',#703,.T.);
#426=FACE_OUTER_BOUND('',#704,.T.);
#427=FACE_OUTER_BOUND('',#705,.T.);
#428=FACE_OUTER_BOUND('',#706,.T.);
#429=FACE_OUTER_BOUND('',#707,.T.);
#430=FACE_OUTER_BOUND('',#708,.T.);
#431=FACE_OUTER_BOUND('',#709,.T.);
#432=FACE_OUTER_BOUND('',#710,.T.);
#433=FACE_OUTER_BOUND('',#711,.T.);
#434=FACE_OUTER_BOUND('',#712,.T.);
#435=FACE_OUTER_BOUND('',#713,.T.);
#436=FACE_OUTER_BOUND('',#714,.T.);
#437=FACE_OUTER_BOUND('',#715,.T.);
#438=FACE_OUTER_BOUND('',#720,.T.);
#439=FACE_OUTER_BOUND('',#721,.T.);
#440=FACE_OUTER_BOUND('',#722,.T.);
#441=FACE_OUTER_BOUND('',#723,.T.);
#442=FACE_OUTER_BOUND('',#724,.T.);
#443=FACE_OUTER_BOUND('',#725,.T.);
#444=FACE_OUTER_BOUND('',#726,.T.);
#445=FACE_OUTER_BOUND('',#727,.T.);
#446=FACE_OUTER_BOUND('',#728,.T.);
#447=FACE_OUTER_BOUND('',#729,.T.);
#448=FACE_OUTER_BOUND('',#730,.T.);
#449=FACE_OUTER_BOUND('',#731,.T.);
#450=FACE_OUTER_BOUND('',#732,.T.);
#451=FACE_OUTER_BOUND('',#733,.T.);
#452=FACE_OUTER_BOUND('',#734,.T.);
#453=FACE_OUTER_BOUND('',#735,.T.);
#454=FACE_OUTER_BOUND('',#736,.T.);
#455=FACE_OUTER_BOUND('',#737,.T.);
#456=FACE_OUTER_BOUND('',#738,.T.);
#457=FACE_OUTER_BOUND('',#744,.T.);
#458=FACE_OUTER_BOUND('',#745,.T.);
#459=FACE_OUTER_BOUND('',#746,.T.);
#460=FACE_OUTER_BOUND('',#748,.T.);
#461=FACE_OUTER_BOUND('',#749,.T.);
#462=FACE_OUTER_BOUND('',#750,.T.);
#463=FACE_OUTER_BOUND('',#751,.T.);
#464=FACE_OUTER_BOUND('',#752,.T.);
#465=FACE_OUTER_BOUND('',#753,.T.);
#466=FACE_OUTER_BOUND('',#754,.T.);
#467=FACE_OUTER_BOUND('',#755,.T.);
#468=FACE_OUTER_BOUND('',#756,.T.);
#469=FACE_OUTER_BOUND('',#757,.T.);
#470=FACE_OUTER_BOUND('',#758,.T.);
#471=FACE_OUTER_BOUND('',#759,.T.);
#472=FACE_OUTER_BOUND('',#760,.T.);
#473=FACE_OUTER_BOUND('',#761,.T.);
#474=FACE_OUTER_BOUND('',#762,.T.);
#475=FACE_OUTER_BOUND('',#763,.T.);
#476=FACE_OUTER_BOUND('',#764,.T.);
#477=FACE_OUTER_BOUND('',#765,.T.);
#478=FACE_OUTER_BOUND('',#766,.T.);
#479=FACE_OUTER_BOUND('',#767,.T.);
#480=FACE_OUTER_BOUND('',#768,.T.);
#481=FACE_OUTER_BOUND('',#769,.T.);
#482=FACE_OUTER_BOUND('',#770,.T.);
#483=FACE_OUTER_BOUND('',#771,.T.);
#484=FACE_OUTER_BOUND('',#772,.T.);
#485=FACE_OUTER_BOUND('',#773,.T.);
#486=FACE_OUTER_BOUND('',#774,.T.);
#487=FACE_OUTER_BOUND('',#775,.T.);
#488=FACE_OUTER_BOUND('',#776,.T.);
#489=FACE_OUTER_BOUND('',#777,.T.);
#490=FACE_OUTER_BOUND('',#778,.T.);
#491=FACE_OUTER_BOUND('',#779,.T.);
#492=FACE_OUTER_BOUND('',#780,.T.);
#493=FACE_OUTER_BOUND('',#781,.T.);
#494=FACE_OUTER_BOUND('',#782,.T.);
#495=FACE_OUTER_BOUND('',#783,.T.);
#496=FACE_OUTER_BOUND('',#784,.T.);
#497=FACE_OUTER_BOUND('',#785,.T.);
#498=FACE_OUTER_BOUND('',#786,.T.);
#499=FACE_OUTER_BOUND('',#787,.T.);
#500=FACE_OUTER_BOUND('',#788,.T.);
#501=FACE_OUTER_BOUND('',#789,.T.);
#502=FACE_OUTER_BOUND('',#806,.T.);
#503=FACE_OUTER_BOUND('',#808,.T.);
#504=FACE_OUTER_BOUND('',#809,.T.);
#505=FACE_OUTER_BOUND('',#810,.T.);
#506=FACE_OUTER_BOUND('',#811,.T.);
#507=FACE_OUTER_BOUND('',#812,.T.);
#508=FACE_OUTER_BOUND('',#813,.T.);
#509=FACE_OUTER_BOUND('',#814,.T.);
#510=FACE_OUTER_BOUND('',#815,.T.);
#511=FACE_OUTER_BOUND('',#816,.T.);
#512=FACE_OUTER_BOUND('',#817,.T.);
#513=FACE_OUTER_BOUND('',#818,.T.);
#514=FACE_OUTER_BOUND('',#819,.T.);
#515=FACE_OUTER_BOUND('',#820,.T.);
#516=FACE_OUTER_BOUND('',#821,.T.);
#517=FACE_OUTER_BOUND('',#822,.T.);
#518=FACE_OUTER_BOUND('',#823,.T.);
#519=FACE_OUTER_BOUND('',#824,.T.);
#520=FACE_OUTER_BOUND('',#825,.T.);
#521=FACE_OUTER_BOUND('',#826,.T.);
#522=FACE_OUTER_BOUND('',#827,.T.);
#523=FACE_OUTER_BOUND('',#828,.T.);
#524=FACE_OUTER_BOUND('',#829,.T.);
#525=FACE_OUTER_BOUND('',#830,.T.);
#526=FACE_OUTER_BOUND('',#831,.T.);
#527=FACE_OUTER_BOUND('',#832,.T.);
#528=FACE_OUTER_BOUND('',#833,.T.);
#529=FACE_OUTER_BOUND('',#834,.T.);
#530=FACE_OUTER_BOUND('',#835,.T.);
#531=FACE_OUTER_BOUND('',#836,.T.);
#532=FACE_OUTER_BOUND('',#837,.T.);
#533=FACE_OUTER_BOUND('',#838,.T.);
#534=FACE_OUTER_BOUND('',#839,.T.);
#535=FACE_OUTER_BOUND('',#840,.T.);
#536=FACE_OUTER_BOUND('',#841,.T.);
#537=FACE_OUTER_BOUND('',#842,.T.);
#538=FACE_OUTER_BOUND('',#843,.T.);
#539=FACE_OUTER_BOUND('',#844,.T.);
#540=FACE_OUTER_BOUND('',#845,.T.);
#541=FACE_OUTER_BOUND('',#846,.T.);
#542=FACE_OUTER_BOUND('',#847,.T.);
#543=FACE_OUTER_BOUND('',#848,.T.);
#544=FACE_OUTER_BOUND('',#854,.T.);
#545=FACE_OUTER_BOUND('',#858,.T.);
#546=FACE_OUTER_BOUND('',#859,.T.);
#547=FACE_OUTER_BOUND('',#860,.T.);
#548=FACE_OUTER_BOUND('',#861,.T.);
#549=FACE_OUTER_BOUND('',#862,.T.);
#550=FACE_OUTER_BOUND('',#863,.T.);
#551=FACE_OUTER_BOUND('',#864,.T.);
#552=FACE_OUTER_BOUND('',#865,.T.);
#553=FACE_OUTER_BOUND('',#866,.T.);
#554=FACE_OUTER_BOUND('',#867,.T.);
#555=FACE_OUTER_BOUND('',#868,.T.);
#556=FACE_OUTER_BOUND('',#869,.T.);
#557=FACE_OUTER_BOUND('',#870,.T.);
#558=FACE_OUTER_BOUND('',#871,.T.);
#559=FACE_OUTER_BOUND('',#872,.T.);
#560=FACE_OUTER_BOUND('',#873,.T.);
#561=FACE_OUTER_BOUND('',#874,.T.);
#562=FACE_OUTER_BOUND('',#875,.T.);
#563=FACE_OUTER_BOUND('',#876,.T.);
#564=FACE_OUTER_BOUND('',#877,.T.);
#565=FACE_OUTER_BOUND('',#878,.T.);
#566=FACE_OUTER_BOUND('',#879,.T.);
#567=FACE_OUTER_BOUND('',#880,.T.);
#568=FACE_OUTER_BOUND('',#881,.T.);
#569=FACE_OUTER_BOUND('',#882,.T.);
#570=FACE_OUTER_BOUND('',#883,.T.);
#571=FACE_OUTER_BOUND('',#884,.T.);
#572=FACE_OUTER_BOUND('',#885,.T.);
#573=FACE_OUTER_BOUND('',#886,.T.);
#574=FACE_OUTER_BOUND('',#887,.T.);
#575=FACE_OUTER_BOUND('',#888,.T.);
#576=FACE_OUTER_BOUND('',#889,.T.);
#577=FACE_OUTER_BOUND('',#890,.T.);
#578=FACE_OUTER_BOUND('',#891,.T.);
#579=FACE_OUTER_BOUND('',#892,.T.);
#580=FACE_OUTER_BOUND('',#893,.T.);
#581=FACE_OUTER_BOUND('',#894,.T.);
#582=FACE_OUTER_BOUND('',#895,.T.);
#583=FACE_OUTER_BOUND('',#896,.T.);
#584=FACE_OUTER_BOUND('',#897,.T.);
#585=FACE_OUTER_BOUND('',#898,.T.);
#586=FACE_OUTER_BOUND('',#899,.T.);
#587=EDGE_LOOP('',(#3256,#3257,#3258,#3259,#3260,#3261,#3262,#3263,#3264,
#3265,#3266,#3267));
#588=EDGE_LOOP('',(#3268,#3269,#3270,#3271));
#589=EDGE_LOOP('',(#3272));
#590=EDGE_LOOP('',(#3273,#3274));
#591=EDGE_LOOP('',(#3275));
#592=EDGE_LOOP('',(#3276,#3277));
#593=EDGE_LOOP('',(#3278));
#594=EDGE_LOOP('',(#3279,#3280,#3281,#3282));
#595=EDGE_LOOP('',(#3283));
#596=EDGE_LOOP('',(#3284,#3285,#3286,#3287));
#597=EDGE_LOOP('',(#3288));
#598=EDGE_LOOP('',(#3289,#3290,#3291,#3292));
#599=EDGE_LOOP('',(#3293,#3294,#3295));
#600=EDGE_LOOP('',(#3296,#3297,#3298,#3299));
#601=EDGE_LOOP('',(#3300,#3301,#3302,#3303,#3304,#3305,#3306,#3307,#3308,
#3309,#3310,#3311,#3312,#3313,#3314,#3315,#3316,#3317,#3318,#3319,#3320,
#3321,#3322,#3323,#3324,#3325,#3326));
#602=EDGE_LOOP('',(#3327));
#603=EDGE_LOOP('',(#3328));
#604=EDGE_LOOP('',(#3329,#3330,#3331,#3332,#3333,#3334,#3335,#3336,#3337,
#3338,#3339,#3340,#3341,#3342,#3343,#3344,#3345,#3346,#3347));
#605=EDGE_LOOP('',(#3348));
#606=EDGE_LOOP('',(#3349));
#607=EDGE_LOOP('',(#3350,#3351,#3352,#3353));
#608=EDGE_LOOP('',(#3354,#3355,#3356,#3357,#3358,#3359,#3360,#3361,#3362,
#3363,#3364,#3365,#3366,#3367,#3368,#3369,#3370,#3371,#3372,#3373,#3374,
#3375));
#609=EDGE_LOOP('',(#3376,#3377,#3378,#3379));
#610=EDGE_LOOP('',(#3380,#3381,#3382,#3383));
#611=EDGE_LOOP('',(#3384,#3385,#3386,#3387));
#612=EDGE_LOOP('',(#3388,#3389,#3390,#3391));
#613=EDGE_LOOP('',(#3392,#3393,#3394,#3395));
#614=EDGE_LOOP('',(#3396,#3397,#3398,#3399));
#615=EDGE_LOOP('',(#3400));
#616=EDGE_LOOP('',(#3401));
#617=EDGE_LOOP('',(#3402,#3403,#3404,#3405));
#618=EDGE_LOOP('',(#3406));
#619=EDGE_LOOP('',(#3407));
#620=EDGE_LOOP('',(#3408,#3409,#3410,#3411));
#621=EDGE_LOOP('',(#3412));
#622=EDGE_LOOP('',(#3413));
#623=EDGE_LOOP('',(#3414,#3415,#3416,#3417));
#624=EDGE_LOOP('',(#3418));
#625=EDGE_LOOP('',(#3419));
#626=EDGE_LOOP('',(#3420,#3421,#3422,#3423));
#627=EDGE_LOOP('',(#3424));
#628=EDGE_LOOP('',(#3425));
#629=EDGE_LOOP('',(#3426,#3427,#3428,#3429));
#630=EDGE_LOOP('',(#3430));
#631=EDGE_LOOP('',(#3431));
#632=EDGE_LOOP('',(#3432,#3433,#3434,#3435));
#633=EDGE_LOOP('',(#3436));
#634=EDGE_LOOP('',(#3437,#3438,#3439,#3440,#3441,#3442,#3443,#3444));
#635=EDGE_LOOP('',(#3445,#3446,#3447,#3448));
#636=EDGE_LOOP('',(#3449,#3450,#3451,#3452));
#637=EDGE_LOOP('',(#3453,#3454,#3455,#3456));
#638=EDGE_LOOP('',(#3457,#3458,#3459,#3460));
#639=EDGE_LOOP('',(#3461,#3462,#3463,#3464));
#640=EDGE_LOOP('',(#3465,#3466,#3467,#3468));
#641=EDGE_LOOP('',(#3469));
#642=EDGE_LOOP('',(#3470,#3471,#3472,#3473));
#643=EDGE_LOOP('',(#3474));
#644=EDGE_LOOP('',(#3475));
#645=EDGE_LOOP('',(#3476));
#646=EDGE_LOOP('',(#3477,#3478,#3479,#3480));
#647=EDGE_LOOP('',(#3481));
#648=EDGE_LOOP('',(#3482));
#649=EDGE_LOOP('',(#3483));
#650=EDGE_LOOP('',(#3484));
#651=EDGE_LOOP('',(#3485));
#652=EDGE_LOOP('',(#3486));
#653=EDGE_LOOP('',(#3487));
#654=EDGE_LOOP('',(#3488));
#655=EDGE_LOOP('',(#3489));
#656=EDGE_LOOP('',(#3490));
#657=EDGE_LOOP('',(#3491));
#658=EDGE_LOOP('',(#3492));
#659=EDGE_LOOP('',(#3493));
#660=EDGE_LOOP('',(#3494));
#661=EDGE_LOOP('',(#3495));
#662=EDGE_LOOP('',(#3496));
#663=EDGE_LOOP('',(#3497));
#664=EDGE_LOOP('',(#3498));
#665=EDGE_LOOP('',(#3499));
#666=EDGE_LOOP('',(#3500));
#667=EDGE_LOOP('',(#3501));
#668=EDGE_LOOP('',(#3502));
#669=EDGE_LOOP('',(#3503));
#670=EDGE_LOOP('',(#3504));
#671=EDGE_LOOP('',(#3505));
#672=EDGE_LOOP('',(#3506));
#673=EDGE_LOOP('',(#3507));
#674=EDGE_LOOP('',(#3508));
#675=EDGE_LOOP('',(#3509));
#676=EDGE_LOOP('',(#3510));
#677=EDGE_LOOP('',(#3511,#3512,#3513,#3514));
#678=EDGE_LOOP('',(#3515,#3516,#3517,#3518));
#679=EDGE_LOOP('',(#3519,#3520,#3521,#3522));
#680=EDGE_LOOP('',(#3523,#3524,#3525,#3526));
#681=EDGE_LOOP('',(#3527,#3528,#3529,#3530));
#682=EDGE_LOOP('',(#3531,#3532,#3533,#3534));
#683=EDGE_LOOP('',(#3535,#3536,#3537,#3538));
#684=EDGE_LOOP('',(#3539,#3540,#3541,#3542));
#685=EDGE_LOOP('',(#3543,#3544,#3545,#3546));
#686=EDGE_LOOP('',(#3547,#3548,#3549,#3550));
#687=EDGE_LOOP('',(#3551,#3552,#3553,#3554));
#688=EDGE_LOOP('',(#3555,#3556,#3557,#3558));
#689=EDGE_LOOP('',(#3559,#3560,#3561,#3562,#3563,#3564));
#690=EDGE_LOOP('',(#3565,#3566,#3567,#3568));
#691=EDGE_LOOP('',(#3569,#3570,#3571,#3572));
#692=EDGE_LOOP('',(#3573,#3574,#3575,#3576));
#693=EDGE_LOOP('',(#3577,#3578,#3579,#3580));
#694=EDGE_LOOP('',(#3581,#3582,#3583,#3584,#3585));
#695=EDGE_LOOP('',(#3586,#3587,#3588,#3589));
#696=EDGE_LOOP('',(#3590,#3591,#3592,#3593));
#697=EDGE_LOOP('',(#3594,#3595,#3596,#3597));
#698=EDGE_LOOP('',(#3598,#3599,#3600,#3601));
#699=EDGE_LOOP('',(#3602,#3603,#3604,#3605));
#700=EDGE_LOOP('',(#3606,#3607,#3608,#3609));
#701=EDGE_LOOP('',(#3610,#3611,#3612,#3613,#3614));
#702=EDGE_LOOP('',(#3615,#3616,#3617,#3618));
#703=EDGE_LOOP('',(#3619,#3620,#3621,#3622,#3623));
#704=EDGE_LOOP('',(#3624,#3625,#3626,#3627,#3628,#3629));
#705=EDGE_LOOP('',(#3630,#3631,#3632,#3633,#3634));
#706=EDGE_LOOP('',(#3635,#3636,#3637,#3638));
#707=EDGE_LOOP('',(#3639,#3640,#3641,#3642,#3643));
#708=EDGE_LOOP('',(#3644,#3645,#3646,#3647,#3648,#3649));
#709=EDGE_LOOP('',(#3650,#3651,#3652,#3653,#3654));
#710=EDGE_LOOP('',(#3655,#3656,#3657,#3658));
#711=EDGE_LOOP('',(#3659,#3660,#3661,#3662,#3663));
#712=EDGE_LOOP('',(#3664,#3665,#3666,#3667));
#713=EDGE_LOOP('',(#3668,#3669,#3670,#3671));
#714=EDGE_LOOP('',(#3672,#3673,#3674,#3675));
#715=EDGE_LOOP('',(#3676,#3677,#3678,#3679,#3680,#3681,#3682,#3683,#3684,
#3685,#3686,#3687,#3688,#3689,#3690,#3691));
#716=EDGE_LOOP('',(#3692));
#717=EDGE_LOOP('',(#3693));
#718=EDGE_LOOP('',(#3694));
#719=EDGE_LOOP('',(#3695));
#720=EDGE_LOOP('',(#3696,#3697,#3698,#3699));
#721=EDGE_LOOP('',(#3700,#3701,#3702,#3703));
#722=EDGE_LOOP('',(#3704,#3705,#3706,#3707));
#723=EDGE_LOOP('',(#3708,#3709,#3710,#3711));
#724=EDGE_LOOP('',(#3712,#3713,#3714,#3715));
#725=EDGE_LOOP('',(#3716,#3717,#3718,#3719));
#726=EDGE_LOOP('',(#3720,#3721,#3722,#3723));
#727=EDGE_LOOP('',(#3724,#3725,#3726,#3727));
#728=EDGE_LOOP('',(#3728,#3729,#3730,#3731));
#729=EDGE_LOOP('',(#3732,#3733,#3734,#3735));
#730=EDGE_LOOP('',(#3736,#3737,#3738,#3739));
#731=EDGE_LOOP('',(#3740,#3741,#3742,#3743));
#732=EDGE_LOOP('',(#3744,#3745,#3746,#3747));
#733=EDGE_LOOP('',(#3748,#3749,#3750,#3751));
#734=EDGE_LOOP('',(#3752,#3753,#3754,#3755));
#735=EDGE_LOOP('',(#3756,#3757,#3758,#3759));
#736=EDGE_LOOP('',(#3760,#3761,#3762,#3763,#3764));
#737=EDGE_LOOP('',(#3765,#3766,#3767));
#738=EDGE_LOOP('',(#3768,#3769,#3770,#3771,#3772,#3773,#3774,#3775,#3776,
#3777,#3778,#3779,#3780,#3781,#3782,#3783,#3784,#3785,#3786,#3787,#3788,
#3789,#3790,#3791));
#739=EDGE_LOOP('',(#3792));
#740=EDGE_LOOP('',(#3793));
#741=EDGE_LOOP('',(#3794));
#742=EDGE_LOOP('',(#3795));
#743=EDGE_LOOP('',(#3796));
#744=EDGE_LOOP('',(#3797,#3798,#3799,#3800,#3801,#3802,#3803,#3804,#3805));
#745=EDGE_LOOP('',(#3806,#3807,#3808));
#746=EDGE_LOOP('',(#3809,#3810,#3811,#3812,#3813,#3814,#3815,#3816,#3817));
#747=EDGE_LOOP('',(#3818));
#748=EDGE_LOOP('',(#3819,#3820,#3821,#3822));
#749=EDGE_LOOP('',(#3823,#3824,#3825,#3826));
#750=EDGE_LOOP('',(#3827,#3828,#3829,#3830));
#751=EDGE_LOOP('',(#3831,#3832,#3833,#3834));
#752=EDGE_LOOP('',(#3835,#3836,#3837));
#753=EDGE_LOOP('',(#3838,#3839,#3840,#3841,#3842,#3843,#3844));
#754=EDGE_LOOP('',(#3845,#3846,#3847,#3848,#3849,#3850,#3851));
#755=EDGE_LOOP('',(#3852,#3853,#3854,#3855,#3856));
#756=EDGE_LOOP('',(#3857,#3858,#3859,#3860));
#757=EDGE_LOOP('',(#3861,#3862,#3863,#3864,#3865));
#758=EDGE_LOOP('',(#3866,#3867,#3868,#3869,#3870,#3871));
#759=EDGE_LOOP('',(#3872,#3873,#3874,#3875,#3876));
#760=EDGE_LOOP('',(#3877,#3878,#3879,#3880));
#761=EDGE_LOOP('',(#3881,#3882,#3883,#3884,#3885));
#762=EDGE_LOOP('',(#3886,#3887,#3888,#3889,#3890,#3891));
#763=EDGE_LOOP('',(#3892,#3893,#3894,#3895));
#764=EDGE_LOOP('',(#3896,#3897,#3898,#3899));
#765=EDGE_LOOP('',(#3900,#3901,#3902,#3903));
#766=EDGE_LOOP('',(#3904,#3905,#3906,#3907));
#767=EDGE_LOOP('',(#3908,#3909,#3910,#3911));
#768=EDGE_LOOP('',(#3912,#3913,#3914,#3915,#3916,#3917,#3918,#3919));
#769=EDGE_LOOP('',(#3920,#3921,#3922,#3923));
#770=EDGE_LOOP('',(#3924,#3925,#3926,#3927));
#771=EDGE_LOOP('',(#3928,#3929,#3930,#3931,#3932,#3933,#3934,#3935));
#772=EDGE_LOOP('',(#3936,#3937,#3938,#3939));
#773=EDGE_LOOP('',(#3940,#3941,#3942,#3943,#3944));
#774=EDGE_LOOP('',(#3945,#3946,#3947,#3948,#3949,#3950));
#775=EDGE_LOOP('',(#3951,#3952,#3953,#3954,#3955));
#776=EDGE_LOOP('',(#3956,#3957,#3958,#3959,#3960));
#777=EDGE_LOOP('',(#3961,#3962,#3963,#3964,#3965));
#778=EDGE_LOOP('',(#3966,#3967,#3968,#3969));
#779=EDGE_LOOP('',(#3970,#3971,#3972,#3973));
#780=EDGE_LOOP('',(#3974,#3975,#3976,#3977,#3978,#3979));
#781=EDGE_LOOP('',(#3980,#3981,#3982,#3983));
#782=EDGE_LOOP('',(#3984,#3985,#3986,#3987,#3988));
#783=EDGE_LOOP('',(#3989,#3990,#3991));
#784=EDGE_LOOP('',(#3992,#3993,#3994));
#785=EDGE_LOOP('',(#3995,#3996,#3997,#3998));
#786=EDGE_LOOP('',(#3999,#4000,#4001,#4002));
#787=EDGE_LOOP('',(#4003,#4004,#4005,#4006));
#788=EDGE_LOOP('',(#4007,#4008,#4009));
#789=EDGE_LOOP('',(#4010,#4011,#4012,#4013,#4014,#4015,#4016,#4017,#4018,
#4019,#4020,#4021,#4022,#4023,#4024,#4025,#4026,#4027,#4028,#4029,#4030,
#4031,#4032,#4033,#4034,#4035,#4036,#4037,#4038,#4039,#4040,#4041,#4042));
#790=EDGE_LOOP('',(#4043));
#791=EDGE_LOOP('',(#4044));
#792=EDGE_LOOP('',(#4045));
#793=EDGE_LOOP('',(#4046));
#794=EDGE_LOOP('',(#4047));
#795=EDGE_LOOP('',(#4048));
#796=EDGE_LOOP('',(#4049));
#797=EDGE_LOOP('',(#4050));
#798=EDGE_LOOP('',(#4051));
#799=EDGE_LOOP('',(#4052));
#800=EDGE_LOOP('',(#4053));
#801=EDGE_LOOP('',(#4054));
#802=EDGE_LOOP('',(#4055));
#803=EDGE_LOOP('',(#4056));
#804=EDGE_LOOP('',(#4057));
#805=EDGE_LOOP('',(#4058));
#806=EDGE_LOOP('',(#4059,#4060,#4061,#4062));
#807=EDGE_LOOP('',(#4063));
#808=EDGE_LOOP('',(#4064,#4065,#4066,#4067));
#809=EDGE_LOOP('',(#4068,#4069,#4070));
#810=EDGE_LOOP('',(#4071,#4072,#4073));
#811=EDGE_LOOP('',(#4074,#4075,#4076,#4077));
#812=EDGE_LOOP('',(#4078,#4079,#4080,#4081));
#813=EDGE_LOOP('',(#4082,#4083,#4084,#4085));
#814=EDGE_LOOP('',(#4086,#4087,#4088,#4089));
#815=EDGE_LOOP('',(#4090,#4091,#4092,#4093,#4094,#4095,#4096,#4097,#4098,
#4099,#4100,#4101,#4102,#4103,#4104,#4105,#4106,#4107,#4108,#4109,#4110,
#4111,#4112,#4113,#4114,#4115,#4116,#4117,#4118,#4119,#4120));
#816=EDGE_LOOP('',(#4121,#4122,#4123,#4124));
#817=EDGE_LOOP('',(#4125,#4126,#4127,#4128,#4129,#4130));
#818=EDGE_LOOP('',(#4131,#4132,#4133,#4134,#4135));
#819=EDGE_LOOP('',(#4136,#4137,#4138,#4139));
#820=EDGE_LOOP('',(#4140,#4141,#4142,#4143,#4144));
#821=EDGE_LOOP('',(#4145,#4146,#4147,#4148,#4149));
#822=EDGE_LOOP('',(#4150,#4151,#4152,#4153));
#823=EDGE_LOOP('',(#4154,#4155,#4156,#4157));
#824=EDGE_LOOP('',(#4158,#4159,#4160,#4161));
#825=EDGE_LOOP('',(#4162,#4163,#4164,#4165));
#826=EDGE_LOOP('',(#4166,#4167,#4168,#4169,#4170));
#827=EDGE_LOOP('',(#4171,#4172,#4173,#4174,#4175));
#828=EDGE_LOOP('',(#4176,#4177,#4178,#4179,#4180,#4181,#4182,#4183));
#829=EDGE_LOOP('',(#4184,#4185,#4186,#4187));
#830=EDGE_LOOP('',(#4188,#4189,#4190,#4191));
#831=EDGE_LOOP('',(#4192,#4193,#4194,#4195));
#832=EDGE_LOOP('',(#4196,#4197,#4198,#4199,#4200,#4201,#4202,#4203,#4204));
#833=EDGE_LOOP('',(#4205,#4206,#4207,#4208));
#834=EDGE_LOOP('',(#4209,#4210,#4211,#4212,#4213,#4214));
#835=EDGE_LOOP('',(#4215,#4216,#4217,#4218));
#836=EDGE_LOOP('',(#4219,#4220,#4221,#4222,#4223,#4224));
#837=EDGE_LOOP('',(#4225,#4226,#4227,#4228));
#838=EDGE_LOOP('',(#4229,#4230,#4231,#4232,#4233));
#839=EDGE_LOOP('',(#4234,#4235,#4236,#4237,#4238,#4239));
#840=EDGE_LOOP('',(#4240,#4241,#4242,#4243,#4244,#4245));
#841=EDGE_LOOP('',(#4246,#4247,#4248,#4249,#4250));
#842=EDGE_LOOP('',(#4251,#4252,#4253,#4254));
#843=EDGE_LOOP('',(#4255,#4256,#4257));
#844=EDGE_LOOP('',(#4258,#4259,#4260,#4261));
#845=EDGE_LOOP('',(#4262,#4263,#4264,#4265));
#846=EDGE_LOOP('',(#4266,#4267,#4268));
#847=EDGE_LOOP('',(#4269,#4270,#4271,#4272,#4273));
#848=EDGE_LOOP('',(#4274,#4275,#4276,#4277,#4278,#4279,#4280,#4281));
#849=EDGE_LOOP('',(#4282));
#850=EDGE_LOOP('',(#4283));
#851=EDGE_LOOP('',(#4284));
#852=EDGE_LOOP('',(#4285));
#853=EDGE_LOOP('',(#4286));
#854=EDGE_LOOP('',(#4287,#4288,#4289,#4290,#4291,#4292,#4293,#4294,#4295,
#4296,#4297,#4298,#4299,#4300,#4301,#4302,#4303,#4304,#4305));
#855=EDGE_LOOP('',(#4306,#4307,#4308,#4309));
#856=EDGE_LOOP('',(#4310,#4311,#4312,#4313));
#857=EDGE_LOOP('',(#4314,#4315,#4316,#4317,#4318,#4319,#4320,#4321,#4322,
#4323));
#858=EDGE_LOOP('',(#4324,#4325,#4326));
#859=EDGE_LOOP('',(#4327,#4328,#4329,#4330));
#860=EDGE_LOOP('',(#4331,#4332,#4333,#4334,#4335,#4336,#4337,#4338,#4339));
#861=EDGE_LOOP('',(#4340,#4341,#4342,#4343));
#862=EDGE_LOOP('',(#4344,#4345,#4346,#4347));
#863=EDGE_LOOP('',(#4348,#4349,#4350,#4351));
#864=EDGE_LOOP('',(#4352,#4353,#4354,#4355));
#865=EDGE_LOOP('',(#4356,#4357,#4358,#4359));
#866=EDGE_LOOP('',(#4360,#4361,#4362,#4363));
#867=EDGE_LOOP('',(#4364,#4365,#4366,#4367));
#868=EDGE_LOOP('',(#4368,#4369,#4370,#4371));
#869=EDGE_LOOP('',(#4372,#4373,#4374,#4375));
#870=EDGE_LOOP('',(#4376,#4377,#4378,#4379));
#871=EDGE_LOOP('',(#4380,#4381,#4382,#4383));
#872=EDGE_LOOP('',(#4384,#4385,#4386,#4387));
#873=EDGE_LOOP('',(#4388,#4389,#4390,#4391));
#874=EDGE_LOOP('',(#4392,#4393,#4394,#4395));
#875=EDGE_LOOP('',(#4396,#4397,#4398,#4399));
#876=EDGE_LOOP('',(#4400,#4401,#4402,#4403));
#877=EDGE_LOOP('',(#4404,#4405,#4406,#4407));
#878=EDGE_LOOP('',(#4408,#4409,#4410,#4411));
#879=EDGE_LOOP('',(#4412,#4413,#4414,#4415));
#880=EDGE_LOOP('',(#4416,#4417,#4418,#4419,#4420,#4421,#4422,#4423,#4424,
#4425));
#881=EDGE_LOOP('',(#4426,#4427,#4428,#4429,#4430,#4431));
#882=EDGE_LOOP('',(#4432,#4433,#4434,#4435));
#883=EDGE_LOOP('',(#4436,#4437,#4438,#4439));
#884=EDGE_LOOP('',(#4440,#4441,#4442,#4443,#4444,#4445,#4446,#4447));
#885=EDGE_LOOP('',(#4448,#4449,#4450,#4451,#4452,#4453));
#886=EDGE_LOOP('',(#4454,#4455,#4456,#4457));
#887=EDGE_LOOP('',(#4458,#4459,#4460,#4461,#4462));
#888=EDGE_LOOP('',(#4463,#4464,#4465,#4466));
#889=EDGE_LOOP('',(#4467,#4468,#4469,#4470,#4471,#4472));
#890=EDGE_LOOP('',(#4473,#4474,#4475,#4476,#4477,#4478));
#891=EDGE_LOOP('',(#4479,#4480,#4481,#4482,#4483,#4484,#4485,#4486,#4487,
#4488));
#892=EDGE_LOOP('',(#4489,#4490,#4491,#4492,#4493,#4494));
#893=EDGE_LOOP('',(#4495,#4496,#4497,#4498));
#894=EDGE_LOOP('',(#4499,#4500,#4501,#4502,#4503,#4504));
#895=EDGE_LOOP('',(#4505,#4506,#4507,#4508));
#896=EDGE_LOOP('',(#4509,#4510,#4511,#4512,#4513,#4514));
#897=EDGE_LOOP('',(#4515,#4516,#4517,#4518));
#898=EDGE_LOOP('',(#4519,#4520,#4521,#4522,#4523,#4524,#4525,#4526));
#899=EDGE_LOOP('',(#4527,#4528,#4529,#4530,#4531,#4532,#4533,#4534,#4535,
#4536,#4537,#4538,#4539,#4540,#4541,#4542,#4543,#4544,#4545,#4546,#4547));
#900=EDGE_LOOP('',(#4548));
#901=EDGE_LOOP('',(#4549));
#902=EDGE_LOOP('',(#4550));
#903=EDGE_LOOP('',(#4551));
#904=EDGE_LOOP('',(#4552));
#905=EDGE_LOOP('',(#4553));
#906=EDGE_LOOP('',(#4554));
#907=EDGE_LOOP('',(#4555,#4556,#4557,#4558,#4559,#4560,#4561,#4562,#4563,
#4564));
#908=EDGE_LOOP('',(#4565,#4566,#4567,#4568));
#909=EDGE_LOOP('',(#4569,#4570,#4571,#4572));
#910=EDGE_LOOP('',(#4573));
#911=EDGE_LOOP('',(#4574));
#912=EDGE_LOOP('',(#4575));
#913=LINE('',#6484,#1494);
#914=LINE('',#6488,#1495);
#915=LINE('',#6492,#1496);
#916=LINE('',#6496,#1497);
#917=LINE('',#6500,#1498);
#918=LINE('',#6506,#1499);
#919=LINE('',#6525,#1500);
#920=LINE('',#6532,#1501);
#921=LINE('',#6539,#1502);
#922=LINE('',#6545,#1503);
#923=LINE('',#6547,#1504);
#924=LINE('',#6548,#1505);
#925=LINE('',#6552,#1506);
#926=LINE('',#6554,#1507);
#927=LINE('',#6556,#1508);
#928=LINE('',#6558,#1509);
#929=LINE('',#6560,#1510);
#930=LINE('',#6562,#1511);
#931=LINE('',#6564,#1512);
#932=LINE('',#6566,#1513);
#933=LINE('',#6568,#1514);
#934=LINE('',#6570,#1515);
#935=LINE('',#6572,#1516);
#936=LINE('',#6574,#1517);
#937=LINE('',#6576,#1518);
#938=LINE('',#6578,#1519);
#939=LINE('',#6580,#1520);
#940=LINE('',#6582,#1521);
#941=LINE('',#6584,#1522);
#942=LINE('',#6586,#1523);
#943=LINE('',#6588,#1524);
#944=LINE('',#6590,#1525);
#945=LINE('',#6592,#1526);
#946=LINE('',#6594,#1527);
#947=LINE('',#6596,#1528);
#948=LINE('',#6598,#1529);
#949=LINE('',#6600,#1530);
#950=LINE('',#6602,#1531);
#951=LINE('',#6603,#1532);
#952=LINE('',#6605,#1533);
#953=LINE('',#6607,#1534);
#954=LINE('',#6609,#1535);
#955=LINE('',#6611,#1536);
#956=LINE('',#6613,#1537);
#957=LINE('',#6615,#1538);
#958=LINE('',#6617,#1539);
#959=LINE('',#6619,#1540);
#960=LINE('',#6621,#1541);
#961=LINE('',#6623,#1542);
#962=LINE('',#6625,#1543);
#963=LINE('',#6627,#1544);
#964=LINE('',#6629,#1545);
#965=LINE('',#6631,#1546);
#966=LINE('',#6633,#1547);
#967=LINE('',#6634,#1548);
#968=LINE('',#6641,#1549);
#969=LINE('',#6642,#1550);
#970=LINE('',#6645,#1551);
#971=LINE('',#6647,#1552);
#972=LINE('',#6649,#1553);
#973=LINE('',#6651,#1554);
#974=LINE('',#6653,#1555);
#975=LINE('',#6655,#1556);
#976=LINE('',#6657,#1557);
#977=LINE('',#6659,#1558);
#978=LINE('',#6661,#1559);
#979=LINE('',#6663,#1560);
#980=LINE('',#6665,#1561);
#981=LINE('',#6667,#1562);
#982=LINE('',#6669,#1563);
#983=LINE('',#6671,#1564);
#984=LINE('',#6672,#1565);
#985=LINE('',#6680,#1566);
#986=LINE('',#6685,#1567);
#987=LINE('',#6690,#1568);
#988=LINE('',#6695,#1569);
#989=LINE('',#6700,#1570);
#990=LINE('',#6706,#1571);
#991=LINE('',#6713,#1572);
#992=LINE('',#6720,#1573);
#993=LINE('',#6727,#1574);
#994=LINE('',#6734,#1575);
#995=LINE('',#6741,#1576);
#996=LINE('',#6748,#1577);
#997=LINE('',#6752,#1578);
#998=LINE('',#6754,#1579);
#999=LINE('',#6755,#1580);
#1000=LINE('',#6758,#1581);
#1001=LINE('',#6760,#1582);
#1002=LINE('',#6762,#1583);
#1003=LINE('',#6764,#1584);
#1004=LINE('',#6772,#1585);
#1005=LINE('',#6782,#1586);
#1006=LINE('',#6870,#1587);
#1007=LINE('',#6872,#1588);
#1008=LINE('',#6874,#1589);
#1009=LINE('',#6876,#1590);
#1010=LINE('',#6878,#1591);
#1011=LINE('',#6880,#1592);
#1012=LINE('',#6882,#1593);
#1013=LINE('',#6884,#1594);
#1014=LINE('',#6889,#1595);
#1015=LINE('',#6891,#1596);
#1016=LINE('',#6893,#1597);
#1017=LINE('',#6894,#1598);
#1018=LINE('',#6898,#1599);
#1019=LINE('',#6900,#1600);
#1020=LINE('',#6902,#1601);
#1021=LINE('',#6903,#1602);
#1022=LINE('',#6907,#1603);
#1023=LINE('',#6909,#1604);
#1024=LINE('',#6911,#1605);
#1025=LINE('',#6912,#1606);
#1026=LINE('',#6916,#1607);
#1027=LINE('',#6918,#1608);
#1028=LINE('',#6920,#1609);
#1029=LINE('',#6922,#1610);
#1030=LINE('',#6924,#1611);
#1031=LINE('',#6925,#1612);
#1032=LINE('',#6929,#1613);
#1033=LINE('',#6931,#1614);
#1034=LINE('',#6933,#1615);
#1035=LINE('',#6934,#1616);
#1036=LINE('',#6938,#1617);
#1037=LINE('',#6940,#1618);
#1038=LINE('',#6942,#1619);
#1039=LINE('',#6943,#1620);
#1040=LINE('',#6945,#1621);
#1041=LINE('',#6946,#1622);
#1042=LINE('',#6948,#1623);
#1043=LINE('',#6951,#1624);
#1044=LINE('',#6952,#1625);
#1045=LINE('',#6955,#1626);
#1046=LINE('',#6956,#1627);
#1047=LINE('',#6959,#1628);
#1048=LINE('',#6960,#1629);
#1049=LINE('',#6963,#1630);
#1050=LINE('',#6964,#1631);
#1051=LINE('',#6967,#1632);
#1052=LINE('',#6968,#1633);
#1053=LINE('',#6971,#1634);
#1054=LINE('',#6972,#1635);
#1055=LINE('',#6975,#1636);
#1056=LINE('',#6976,#1637);
#1057=LINE('',#6980,#1638);
#1058=LINE('',#6981,#1639);
#1059=LINE('',#6982,#1640);
#1060=LINE('',#6985,#1641);
#1061=LINE('',#6986,#1642);
#1062=LINE('',#6990,#1643);
#1063=LINE('',#6991,#1644);
#1064=LINE('',#6992,#1645);
#1065=LINE('',#6995,#1646);
#1066=LINE('',#6996,#1647);
#1067=LINE('',#6997,#1648);
#1068=LINE('',#6999,#1649);
#1069=LINE('',#7000,#1650);
#1070=LINE('',#7002,#1651);
#1071=LINE('',#7005,#1652);
#1072=LINE('',#7006,#1653);
#1073=LINE('',#7009,#1654);
#1074=LINE('',#7010,#1655);
#1075=LINE('',#7011,#1656);
#1076=LINE('',#7013,#1657);
#1077=LINE('',#7014,#1658);
#1078=LINE('',#7016,#1659);
#1079=LINE('',#7019,#1660);
#1080=LINE('',#7020,#1661);
#1081=LINE('',#7022,#1662);
#1082=LINE('',#7023,#1663);
#1083=LINE('',#7025,#1664);
#1084=LINE('',#7028,#1665);
#1085=LINE('',#7029,#1666);
#1086=LINE('',#7032,#1667);
#1087=LINE('',#7034,#1668);
#1088=LINE('',#7036,#1669);
#1089=LINE('',#7038,#1670);
#1090=LINE('',#7040,#1671);
#1091=LINE('',#7042,#1672);
#1092=LINE('',#7044,#1673);
#1093=LINE('',#7046,#1674);
#1094=LINE('',#7048,#1675);
#1095=LINE('',#7050,#1676);
#1096=LINE('',#7052,#1677);
#1097=LINE('',#7054,#1678);
#1098=LINE('',#7056,#1679);
#1099=LINE('',#7058,#1680);
#1100=LINE('',#7059,#1681);
#1101=LINE('',#7062,#1682);
#1102=LINE('',#7063,#1683);
#1103=LINE('',#7066,#1684);
#1104=LINE('',#7067,#1685);
#1105=LINE('',#7070,#1686);
#1106=LINE('',#7071,#1687);
#1107=LINE('',#7074,#1688);
#1108=LINE('',#7076,#1689);
#1109=LINE('',#7077,#1690);
#1110=LINE('',#7081,#1691);
#1111=LINE('',#7083,#1692);
#1112=LINE('',#7085,#1693);
#1113=LINE('',#7086,#1694);
#1114=LINE('',#7090,#1695);
#1115=LINE('',#7092,#1696);
#1116=LINE('',#7094,#1697);
#1117=LINE('',#7095,#1698);
#1118=LINE('',#7099,#1699);
#1119=LINE('',#7101,#1700);
#1120=LINE('',#7103,#1701);
#1121=LINE('',#7104,#1702);
#1122=LINE('',#7108,#1703);
#1123=LINE('',#7110,#1704);
#1124=LINE('',#7112,#1705);
#1125=LINE('',#7113,#1706);
#1126=LINE('',#7117,#1707);
#1127=LINE('',#7119,#1708);
#1128=LINE('',#7121,#1709);
#1129=LINE('',#7122,#1710);
#1130=LINE('',#7125,#1711);
#1131=LINE('',#7127,#1712);
#1132=LINE('',#7128,#1713);
#1133=LINE('',#7131,#1714);
#1134=LINE('',#7133,#1715);
#1135=LINE('',#7134,#1716);
#1136=LINE('',#7137,#1717);
#1137=LINE('',#7139,#1718);
#1138=LINE('',#7140,#1719);
#1139=LINE('',#7143,#1720);
#1140=LINE('',#7145,#1721);
#1141=LINE('',#7146,#1722);
#1142=LINE('',#7149,#1723);
#1143=LINE('',#7151,#1724);
#1144=LINE('',#7152,#1725);
#1145=LINE('',#7155,#1726);
#1146=LINE('',#7157,#1727);
#1147=LINE('',#7158,#1728);
#1148=LINE('',#7161,#1729);
#1149=LINE('',#7163,#1730);
#1150=LINE('',#7164,#1731);
#1151=LINE('',#7168,#1732);
#1152=LINE('',#7170,#1733);
#1153=LINE('',#7172,#1734);
#1154=LINE('',#7174,#1735);
#1155=LINE('',#7175,#1736);
#1156=LINE('',#7178,#1737);
#1157=LINE('',#7179,#1738);
#1158=LINE('',#7183,#1739);
#1159=LINE('',#7185,#1740);
#1160=LINE('',#7186,#1741);
#1161=LINE('',#7187,#1742);
#1162=LINE('',#7188,#1743);
#1163=LINE('',#7189,#1744);
#1164=LINE('',#7190,#1745);
#1165=LINE('',#7191,#1746);
#1166=LINE('',#7192,#1747);
#1167=LINE('',#7193,#1748);
#1168=LINE('',#7195,#1749);
#1169=LINE('',#7198,#1750);
#1170=LINE('',#7199,#1751);
#1171=LINE('',#7201,#1752);
#1172=LINE('',#7204,#1753);
#1173=LINE('',#7206,#1754);
#1174=LINE('',#7207,#1755);
#1175=LINE('',#7210,#1756);
#1176=LINE('',#7212,#1757);
#1177=LINE('',#7213,#1758);
#1178=LINE('',#7216,#1759);
#1179=LINE('',#7218,#1760);
#1180=LINE('',#7219,#1761);
#1181=LINE('',#7222,#1762);
#1182=LINE('',#7224,#1763);
#1183=LINE('',#7225,#1764);
#1184=LINE('',#7229,#1765);
#1185=LINE('',#7231,#1766);
#1186=LINE('',#7232,#1767);
#1187=LINE('',#7236,#1768);
#1188=LINE('',#7238,#1769);
#1189=LINE('',#7240,#1770);
#1190=LINE('',#7242,#1771);
#1191=LINE('',#7244,#1772);
#1192=LINE('',#7246,#1773);
#1193=LINE('',#7247,#1774);
#1194=LINE('',#7251,#1775);
#1195=LINE('',#7252,#1776);
#1196=LINE('',#7253,#1777);
#1197=LINE('',#7256,#1778);
#1198=LINE('',#7257,#1779);
#1199=LINE('',#7260,#1780);
#1200=LINE('',#7261,#1781);
#1201=LINE('',#7264,#1782);
#1202=LINE('',#7265,#1783);
#1203=LINE('',#7268,#1784);
#1204=LINE('',#7269,#1785);
#1205=LINE('',#7272,#1786);
#1206=LINE('',#7273,#1787);
#1207=LINE('',#7276,#1788);
#1208=LINE('',#7277,#1789);
#1209=LINE('',#7280,#1790);
#1210=LINE('',#7281,#1791);
#1211=LINE('',#7284,#1792);
#1212=LINE('',#7285,#1793);
#1213=LINE('',#7288,#1794);
#1214=LINE('',#7289,#1795);
#1215=LINE('',#7292,#1796);
#1216=LINE('',#7293,#1797);
#1217=LINE('',#7296,#1798);
#1218=LINE('',#7297,#1799);
#1219=LINE('',#7300,#1800);
#1220=LINE('',#7301,#1801);
#1221=LINE('',#7305,#1802);
#1222=LINE('',#7306,#1803);
#1223=LINE('',#7307,#1804);
#1224=LINE('',#7310,#1805);
#1225=LINE('',#7311,#1806);
#1226=LINE('',#7314,#1807);
#1227=LINE('',#7315,#1808);
#1228=LINE('',#7319,#1809);
#1229=LINE('',#7320,#1810);
#1230=LINE('',#7321,#1811);
#1231=LINE('',#7324,#1812);
#1232=LINE('',#7325,#1813);
#1233=LINE('',#7328,#1814);
#1234=LINE('',#7329,#1815);
#1235=LINE('',#7333,#1816);
#1236=LINE('',#7334,#1817);
#1237=LINE('',#7335,#1818);
#1238=LINE('',#7339,#1819);
#1239=LINE('',#7340,#1820);
#1240=LINE('',#7341,#1821);
#1241=LINE('',#7344,#1822);
#1242=LINE('',#7346,#1823);
#1243=LINE('',#7347,#1824);
#1244=LINE('',#7350,#1825);
#1245=LINE('',#7352,#1826);
#1246=LINE('',#7353,#1827);
#1247=LINE('',#7355,#1828);
#1248=LINE('',#7356,#1829);
#1249=LINE('',#7358,#1830);
#1250=LINE('',#7361,#1831);
#1251=LINE('',#7362,#1832);
#1252=LINE('',#7364,#1833);
#1253=LINE('',#7366,#1834);
#1254=LINE('',#7367,#1835);
#1255=LINE('',#7370,#1836);
#1256=LINE('',#7371,#1837);
#1257=LINE('',#7374,#1838);
#1258=LINE('',#7376,#1839);
#1259=LINE('',#7377,#1840);
#1260=LINE('',#7379,#1841);
#1261=LINE('',#7382,#1842);
#1262=LINE('',#7383,#1843);
#1263=LINE('',#7385,#1844);
#1264=LINE('',#7388,#1845);
#1265=LINE('',#7389,#1846);
#1266=LINE('',#7392,#1847);
#1267=LINE('',#7393,#1848);
#1268=LINE('',#7396,#1849);
#1269=LINE('',#7397,#1850);
#1270=LINE('',#7400,#1851);
#1271=LINE('',#7402,#1852);
#1272=LINE('',#7404,#1853);
#1273=LINE('',#7406,#1854);
#1274=LINE('',#7408,#1855);
#1275=LINE('',#7410,#1856);
#1276=LINE('',#7412,#1857);
#1277=LINE('',#7414,#1858);
#1278=LINE('',#7416,#1859);
#1279=LINE('',#7418,#1860);
#1280=LINE('',#7420,#1861);
#1281=LINE('',#7422,#1862);
#1282=LINE('',#7424,#1863);
#1283=LINE('',#7426,#1864);
#1284=LINE('',#7428,#1865);
#1285=LINE('',#7430,#1866);
#1286=LINE('',#7432,#1867);
#1287=LINE('',#7434,#1868);
#1288=LINE('',#7435,#1869);
#1289=LINE('',#7439,#1870);
#1290=LINE('',#7441,#1871);
#1291=LINE('',#7443,#1872);
#1292=LINE('',#7444,#1873);
#1293=LINE('',#7448,#1874);
#1294=LINE('',#7450,#1875);
#1295=LINE('',#7452,#1876);
#1296=LINE('',#7453,#1877);
#1297=LINE('',#7457,#1878);
#1298=LINE('',#7459,#1879);
#1299=LINE('',#7460,#1880);
#1300=LINE('',#7464,#1881);
#1301=LINE('',#7466,#1882);
#1302=LINE('',#7467,#1883);
#1303=LINE('',#7471,#1884);
#1304=LINE('',#7472,#1885);
#1305=LINE('',#7473,#1886);
#1306=LINE('',#7477,#1887);
#1307=LINE('',#7478,#1888);
#1308=LINE('',#7479,#1889);
#1309=LINE('',#7482,#1890);
#1310=LINE('',#7483,#1891);
#1311=LINE('',#7486,#1892);
#1312=LINE('',#7487,#1893);
#1313=LINE('',#7490,#1894);
#1314=LINE('',#7491,#1895);
#1315=LINE('',#7492,#1896);
#1316=LINE('',#7495,#1897);
#1317=LINE('',#7496,#1898);
#1318=LINE('',#7500,#1899);
#1319=LINE('',#7501,#1900);
#1320=LINE('',#7502,#1901);
#1321=LINE('',#7505,#1902);
#1322=LINE('',#7506,#1903);
#1323=LINE('',#7509,#1904);
#1324=LINE('',#7510,#1905);
#1325=LINE('',#7513,#1906);
#1326=LINE('',#7514,#1907);
#1327=LINE('',#7517,#1908);
#1328=LINE('',#7518,#1909);
#1329=LINE('',#7521,#1910);
#1330=LINE('',#7522,#1911);
#1331=LINE('',#7525,#1912);
#1332=LINE('',#7526,#1913);
#1333=LINE('',#7529,#1914);
#1334=LINE('',#7530,#1915);
#1335=LINE('',#7533,#1916);
#1336=LINE('',#7534,#1917);
#1337=LINE('',#7537,#1918);
#1338=LINE('',#7538,#1919);
#1339=LINE('',#7541,#1920);
#1340=LINE('',#7542,#1921);
#1341=LINE('',#7545,#1922);
#1342=LINE('',#7546,#1923);
#1343=LINE('',#7549,#1924);
#1344=LINE('',#7550,#1925);
#1345=LINE('',#7553,#1926);
#1346=LINE('',#7554,#1927);
#1347=LINE('',#7557,#1928);
#1348=LINE('',#7558,#1929);
#1349=LINE('',#7562,#1930);
#1350=LINE('',#7563,#1931);
#1351=LINE('',#7564,#1932);
#1352=LINE('',#7567,#1933);
#1353=LINE('',#7568,#1934);
#1354=LINE('',#7571,#1935);
#1355=LINE('',#7572,#1936);
#1356=LINE('',#7573,#1937);
#1357=LINE('',#7576,#1938);
#1358=LINE('',#7577,#1939);
#1359=LINE('',#7580,#1940);
#1360=LINE('',#7581,#1941);
#1361=LINE('',#7582,#1942);
#1362=LINE('',#7585,#1943);
#1363=LINE('',#7586,#1944);
#1364=LINE('',#7590,#1945);
#1365=LINE('',#7591,#1946);
#1366=LINE('',#7592,#1947);
#1367=LINE('',#7595,#1948);
#1368=LINE('',#7596,#1949);
#1369=LINE('',#7597,#1950);
#1370=LINE('',#7599,#1951);
#1371=LINE('',#7600,#1952);
#1372=LINE('',#7603,#1953);
#1373=LINE('',#7604,#1954);
#1374=LINE('',#7607,#1955);
#1375=LINE('',#7608,#1956);
#1376=LINE('',#7610,#1957);
#1377=LINE('',#7613,#1958);
#1378=LINE('',#7616,#1959);
#1379=LINE('',#7617,#1960);
#1380=LINE('',#7620,#1961);
#1381=LINE('',#7622,#1962);
#1382=LINE('',#7623,#1963);
#1383=LINE('',#7626,#1964);
#1384=LINE('',#7628,#1965);
#1385=LINE('',#7629,#1966);
#1386=LINE('',#7632,#1967);
#1387=LINE('',#7634,#1968);
#1388=LINE('',#7636,#1969);
#1389=LINE('',#7637,#1970);
#1390=LINE('',#7640,#1971);
#1391=LINE('',#7642,#1972);
#1392=LINE('',#7644,#1973);
#1393=LINE('',#7645,#1974);
#1394=LINE('',#7648,#1975);
#1395=LINE('',#7650,#1976);
#1396=LINE('',#7652,#1977);
#1397=LINE('',#7653,#1978);
#1398=LINE('',#7656,#1979);
#1399=LINE('',#7658,#1980);
#1400=LINE('',#7660,#1981);
#1401=LINE('',#7662,#1982);
#1402=LINE('',#7664,#1983);
#1403=LINE('',#7666,#1984);
#1404=LINE('',#7668,#1985);
#1405=LINE('',#7670,#1986);
#1406=LINE('',#7672,#1987);
#1407=LINE('',#7673,#1988);
#1408=LINE('',#7676,#1989);
#1409=LINE('',#7677,#1990);
#1410=LINE('',#7680,#1991);
#1411=LINE('',#7682,#1992);
#1412=LINE('',#7683,#1993);
#1413=LINE('',#7686,#1994);
#1414=LINE('',#7687,#1995);
#1415=LINE('',#7688,#1996);
#1416=LINE('',#7692,#1997);
#1417=LINE('',#7693,#1998);
#1418=LINE('',#7694,#1999);
#1419=LINE('',#7697,#2000);
#1420=LINE('',#7698,#2001);
#1421=LINE('',#7701,#2002);
#1422=LINE('',#7702,#2003);
#1423=LINE('',#7704,#2004);
#1424=LINE('',#7708,#2005);
#1425=LINE('',#7709,#2006);
#1426=LINE('',#7710,#2007);
#1427=LINE('',#7713,#2008);
#1428=LINE('',#7714,#2009);
#1429=LINE('',#7717,#2010);
#1430=LINE('',#7718,#2011);
#1431=LINE('',#7720,#2012);
#1432=LINE('',#7724,#2013);
#1433=LINE('',#7725,#2014);
#1434=LINE('',#7726,#2015);
#1435=LINE('',#7729,#2016);
#1436=LINE('',#7730,#2017);
#1437=LINE('',#7733,#2018);
#1438=LINE('',#7734,#2019);
#1439=LINE('',#7737,#2020);
#1440=LINE('',#7738,#2021);
#1441=LINE('',#7741,#2022);
#1442=LINE('',#7742,#2023);
#1443=LINE('',#7745,#2024);
#1444=LINE('',#7746,#2025);
#1445=LINE('',#7749,#2026);
#1446=LINE('',#7750,#2027);
#1447=LINE('',#7753,#2028);
#1448=LINE('',#7754,#2029);
#1449=LINE('',#7757,#2030);
#1450=LINE('',#7758,#2031);
#1451=LINE('',#7760,#2032);
#1452=LINE('',#7764,#2033);
#1453=LINE('',#7765,#2034);
#1454=LINE('',#7766,#2035);
#1455=LINE('',#7769,#2036);
#1456=LINE('',#7770,#2037);
#1457=LINE('',#7773,#2038);
#1458=LINE('',#7774,#2039);
#1459=LINE('',#7777,#2040);
#1460=LINE('',#7778,#2041);
#1461=LINE('',#7781,#2042);
#1462=LINE('',#7782,#2043);
#1463=LINE('',#7785,#2044);
#1464=LINE('',#7786,#2045);
#1465=LINE('',#7789,#2046);
#1466=LINE('',#7790,#2047);
#1467=LINE('',#7793,#2048);
#1468=LINE('',#7794,#2049);
#1469=LINE('',#7797,#2050);
#1470=LINE('',#7798,#2051);
#1471=LINE('',#7801,#2052);
#1472=LINE('',#7802,#2053);
#1473=LINE('',#7805,#2054);
#1474=LINE('',#7806,#2055);
#1475=LINE('',#7809,#2056);
#1476=LINE('',#7810,#2057);
#1477=LINE('',#7813,#2058);
#1478=LINE('',#7815,#2059);
#1479=LINE('',#7817,#2060);
#1480=LINE('',#7818,#2061);
#1481=LINE('',#7819,#2062);
#1482=LINE('',#7822,#2063);
#1483=LINE('',#7823,#2064);
#1484=LINE('',#7826,#2065);
#1485=LINE('',#7827,#2066);
#1486=LINE('',#7829,#2067);
#1487=LINE('',#7832,#2068);
#1488=LINE('',#7833,#2069);
#1489=LINE('',#7836,#2070);
#1490=LINE('',#7837,#2071);
#1491=LINE('',#7840,#2072);
#1492=LINE('',#7841,#2073);
#1493=LINE('',#7843,#2074);
#1494=VECTOR('',#5218,0.17);
#1495=VECTOR('',#5221,1.);
#1496=VECTOR('',#5224,0.17);
#1497=VECTOR('',#5227,1.);
#1498=VECTOR('',#5230,1.);
#1499=VECTOR('',#5237,0.07);
#1500=VECTOR('',#5258,0.4995);
#1501=VECTOR('',#5267,0.49855);
#1502=VECTOR('',#5276,1.);
#1503=VECTOR('',#5285,1.);
#1504=VECTOR('',#5286,1.);
#1505=VECTOR('',#5287,1.);
#1506=VECTOR('',#5290,1.);
#1507=VECTOR('',#5291,1.);
#1508=VECTOR('',#5292,1.);
#1509=VECTOR('',#5293,1.);
#1510=VECTOR('',#5294,1.);
#1511=VECTOR('',#5295,1.);
#1512=VECTOR('',#5296,1.);
#1513=VECTOR('',#5297,1.);
#1514=VECTOR('',#5298,1.);
#1515=VECTOR('',#5299,1.);
#1516=VECTOR('',#5300,1.);
#1517=VECTOR('',#5301,1.);
#1518=VECTOR('',#5302,1.);
#1519=VECTOR('',#5303,1.);
#1520=VECTOR('',#5304,1.);
#1521=VECTOR('',#5305,1.);
#1522=VECTOR('',#5306,1.);
#1523=VECTOR('',#5307,1.);
#1524=VECTOR('',#5308,1.);
#1525=VECTOR('',#5309,1.);
#1526=VECTOR('',#5310,1.);
#1527=VECTOR('',#5311,1.);
#1528=VECTOR('',#5312,1.);
#1529=VECTOR('',#5313,1.);
#1530=VECTOR('',#5314,1.);
#1531=VECTOR('',#5315,1.);
#1532=VECTOR('',#5316,1.);
#1533=VECTOR('',#5317,1.);
#1534=VECTOR('',#5318,1.);
#1535=VECTOR('',#5319,1.);
#1536=VECTOR('',#5320,1.);
#1537=VECTOR('',#5321,1.);
#1538=VECTOR('',#5322,1.);
#1539=VECTOR('',#5323,1.);
#1540=VECTOR('',#5324,1.);
#1541=VECTOR('',#5325,1.);
#1542=VECTOR('',#5326,1.);
#1543=VECTOR('',#5327,1.);
#1544=VECTOR('',#5328,1.);
#1545=VECTOR('',#5329,1.);
#1546=VECTOR('',#5330,1.);
#1547=VECTOR('',#5331,1.);
#1548=VECTOR('',#5332,1.);
#1549=VECTOR('',#5339,1.);
#1550=VECTOR('',#5340,1.);
#1551=VECTOR('',#5343,1.);
#1552=VECTOR('',#5344,1.);
#1553=VECTOR('',#5345,1.);
#1554=VECTOR('',#5346,1.);
#1555=VECTOR('',#5347,1.);
#1556=VECTOR('',#5348,1.);
#1557=VECTOR('',#5349,1.);
#1558=VECTOR('',#5350,1.);
#1559=VECTOR('',#5351,1.);
#1560=VECTOR('',#5352,1.);
#1561=VECTOR('',#5353,1.);
#1562=VECTOR('',#5354,1.);
#1563=VECTOR('',#5355,1.);
#1564=VECTOR('',#5356,1.);
#1565=VECTOR('',#5357,1.);
#1566=VECTOR('',#5366,0.17);
#1567=VECTOR('',#5373,0.17);
#1568=VECTOR('',#5378,0.17);
#1569=VECTOR('',#5385,0.17);
#1570=VECTOR('',#5390,0.17);
#1571=VECTOR('',#5397,0.4);
#1572=VECTOR('',#5406,0.4);
#1573=VECTOR('',#5415,0.4);
#1574=VECTOR('',#5424,0.4);
#1575=VECTOR('',#5433,0.4);
#1576=VECTOR('',#5442,0.4);
#1577=VECTOR('',#5451,0.874);
#1578=VECTOR('',#5458,0.949);
#1579=VECTOR('',#5461,1.);
#1580=VECTOR('',#5462,1.);
#1581=VECTOR('',#5467,1.);
#1582=VECTOR('',#5470,1.);
#1583=VECTOR('',#5473,1.);
#1584=VECTOR('',#5476,1.);
#1585=VECTOR('',#5485,0.8525);
#1586=VECTOR('',#5498,0.8525);
#1587=VECTOR('',#5617,1.);
#1588=VECTOR('',#5620,1.);
#1589=VECTOR('',#5623,1.);
#1590=VECTOR('',#5626,1.);
#1591=VECTOR('',#5629,1.);
#1592=VECTOR('',#5632,1.);
#1593=VECTOR('',#5635,1.);
#1594=VECTOR('',#5638,1.);
#1595=VECTOR('',#5643,1.);
#1596=VECTOR('',#5644,1.);
#1597=VECTOR('',#5645,1.);
#1598=VECTOR('',#5646,1.);
#1599=VECTOR('',#5649,1.);
#1600=VECTOR('',#5650,1.);
#1601=VECTOR('',#5651,1.);
#1602=VECTOR('',#5652,1.);
#1603=VECTOR('',#5655,1.);
#1604=VECTOR('',#5656,1.);
#1605=VECTOR('',#5657,1.);
#1606=VECTOR('',#5658,1.);
#1607=VECTOR('',#5661,1.);
#1608=VECTOR('',#5662,1.);
#1609=VECTOR('',#5663,1.);
#1610=VECTOR('',#5664,1.);
#1611=VECTOR('',#5665,1.);
#1612=VECTOR('',#5666,1.);
#1613=VECTOR('',#5669,1.);
#1614=VECTOR('',#5670,1.);
#1615=VECTOR('',#5671,1.);
#1616=VECTOR('',#5672,1.);
#1617=VECTOR('',#5675,1.);
#1618=VECTOR('',#5676,1.);
#1619=VECTOR('',#5677,1.);
#1620=VECTOR('',#5678,1.);
#1621=VECTOR('',#5681,1.);
#1622=VECTOR('',#5682,1.);
#1623=VECTOR('',#5685,1.);
#1624=VECTOR('',#5688,1.);
#1625=VECTOR('',#5689,1.);
#1626=VECTOR('',#5692,1.);
#1627=VECTOR('',#5693,1.);
#1628=VECTOR('',#5696,1.);
#1629=VECTOR('',#5697,1.);
#1630=VECTOR('',#5700,1.);
#1631=VECTOR('',#5701,1.);
#1632=VECTOR('',#5704,1.);
#1633=VECTOR('',#5705,1.);
#1634=VECTOR('',#5708,1.);
#1635=VECTOR('',#5709,1.);
#1636=VECTOR('',#5712,1.);
#1637=VECTOR('',#5713,1.);
#1638=VECTOR('',#5716,1.);
#1639=VECTOR('',#5717,1.);
#1640=VECTOR('',#5718,1.);
#1641=VECTOR('',#5721,1.);
#1642=VECTOR('',#5722,1.);
#1643=VECTOR('',#5725,1.);
#1644=VECTOR('',#5726,1.);
#1645=VECTOR('',#5727,1.);
#1646=VECTOR('',#5730,1.);
#1647=VECTOR('',#5731,1.);
#1648=VECTOR('',#5732,1.);
#1649=VECTOR('',#5735,1.);
#1650=VECTOR('',#5736,1.);
#1651=VECTOR('',#5739,1.);
#1652=VECTOR('',#5742,1.);
#1653=VECTOR('',#5743,1.);
#1654=VECTOR('',#5746,1.);
#1655=VECTOR('',#5747,1.);
#1656=VECTOR('',#5748,1.);
#1657=VECTOR('',#5751,1.);
#1658=VECTOR('',#5752,1.);
#1659=VECTOR('',#5755,1.);
#1660=VECTOR('',#5758,1.);
#1661=VECTOR('',#5759,1.);
#1662=VECTOR('',#5762,1.);
#1663=VECTOR('',#5763,1.);
#1664=VECTOR('',#5766,1.);
#1665=VECTOR('',#5769,1.);
#1666=VECTOR('',#5770,1.);
#1667=VECTOR('',#5773,1.);
#1668=VECTOR('',#5774,1.);
#1669=VECTOR('',#5775,1.);
#1670=VECTOR('',#5776,1.);
#1671=VECTOR('',#5777,1.);
#1672=VECTOR('',#5778,1.);
#1673=VECTOR('',#5779,1.);
#1674=VECTOR('',#5780,1.);
#1675=VECTOR('',#5781,1.);
#1676=VECTOR('',#5782,1.);
#1677=VECTOR('',#5783,1.);
#1678=VECTOR('',#5784,1.);
#1679=VECTOR('',#5785,1.);
#1680=VECTOR('',#5786,1.);
#1681=VECTOR('',#5787,1.);
#1682=VECTOR('',#5790,1.);
#1683=VECTOR('',#5791,1.);
#1684=VECTOR('',#5794,1.);
#1685=VECTOR('',#5795,1.);
#1686=VECTOR('',#5798,1.);
#1687=VECTOR('',#5799,1.);
#1688=VECTOR('',#5802,1.);
#1689=VECTOR('',#5803,1.);
#1690=VECTOR('',#5804,1.);
#1691=VECTOR('',#5807,1.);
#1692=VECTOR('',#5808,1.);
#1693=VECTOR('',#5809,1.);
#1694=VECTOR('',#5810,1.);
#1695=VECTOR('',#5813,1.);
#1696=VECTOR('',#5814,1.);
#1697=VECTOR('',#5815,1.);
#1698=VECTOR('',#5816,1.);
#1699=VECTOR('',#5819,1.);
#1700=VECTOR('',#5820,1.);
#1701=VECTOR('',#5821,1.);
#1702=VECTOR('',#5822,1.);
#1703=VECTOR('',#5825,1.);
#1704=VECTOR('',#5826,1.);
#1705=VECTOR('',#5827,1.);
#1706=VECTOR('',#5828,1.);
#1707=VECTOR('',#5831,1.);
#1708=VECTOR('',#5832,1.);
#1709=VECTOR('',#5833,1.);
#1710=VECTOR('',#5834,1.);
#1711=VECTOR('',#5837,1.);
#1712=VECTOR('',#5838,1.);
#1713=VECTOR('',#5839,1.);
#1714=VECTOR('',#5842,1.);
#1715=VECTOR('',#5843,1.);
#1716=VECTOR('',#5844,1.);
#1717=VECTOR('',#5847,1.);
#1718=VECTOR('',#5848,1.);
#1719=VECTOR('',#5849,1.);
#1720=VECTOR('',#5852,1.);
#1721=VECTOR('',#5853,1.);
#1722=VECTOR('',#5854,1.);
#1723=VECTOR('',#5857,1.);
#1724=VECTOR('',#5858,1.);
#1725=VECTOR('',#5859,1.);
#1726=VECTOR('',#5862,1.);
#1727=VECTOR('',#5863,1.);
#1728=VECTOR('',#5864,1.);
#1729=VECTOR('',#5867,1.);
#1730=VECTOR('',#5868,1.);
#1731=VECTOR('',#5869,1.);
#1732=VECTOR('',#5872,1.);
#1733=VECTOR('',#5873,1.);
#1734=VECTOR('',#5874,1.);
#1735=VECTOR('',#5875,1.);
#1736=VECTOR('',#5876,1.);
#1737=VECTOR('',#5879,1.);
#1738=VECTOR('',#5880,1.);
#1739=VECTOR('',#5883,1.);
#1740=VECTOR('',#5884,1.);
#1741=VECTOR('',#5885,1.);
#1742=VECTOR('',#5886,1.);
#1743=VECTOR('',#5887,1.);
#1744=VECTOR('',#5888,1.);
#1745=VECTOR('',#5889,1.);
#1746=VECTOR('',#5890,1.);
#1747=VECTOR('',#5891,1.);
#1748=VECTOR('',#5892,1.);
#1749=VECTOR('',#5895,1.);
#1750=VECTOR('',#5898,1.);
#1751=VECTOR('',#5899,1.);
#1752=VECTOR('',#5902,1.);
#1753=VECTOR('',#5905,1.);
#1754=VECTOR('',#5906,1.);
#1755=VECTOR('',#5907,1.);
#1756=VECTOR('',#5910,1.);
#1757=VECTOR('',#5911,1.);
#1758=VECTOR('',#5912,1.);
#1759=VECTOR('',#5915,1.);
#1760=VECTOR('',#5916,1.);
#1761=VECTOR('',#5917,1.);
#1762=VECTOR('',#5920,1.);
#1763=VECTOR('',#5921,1.);
#1764=VECTOR('',#5922,1.);
#1765=VECTOR('',#5925,1.);
#1766=VECTOR('',#5926,1.);
#1767=VECTOR('',#5927,1.);
#1768=VECTOR('',#5930,1.);
#1769=VECTOR('',#5931,1.);
#1770=VECTOR('',#5932,1.);
#1771=VECTOR('',#5933,1.);
#1772=VECTOR('',#5934,1.);
#1773=VECTOR('',#5935,1.);
#1774=VECTOR('',#5936,1.);
#1775=VECTOR('',#5939,1.);
#1776=VECTOR('',#5940,1.);
#1777=VECTOR('',#5941,1.);
#1778=VECTOR('',#5944,1.);
#1779=VECTOR('',#5945,1.);
#1780=VECTOR('',#5948,1.);
#1781=VECTOR('',#5949,1.);
#1782=VECTOR('',#5952,1.);
#1783=VECTOR('',#5953,1.);
#1784=VECTOR('',#5956,1.);
#1785=VECTOR('',#5957,1.);
#1786=VECTOR('',#5960,1.);
#1787=VECTOR('',#5961,1.);
#1788=VECTOR('',#5964,1.);
#1789=VECTOR('',#5965,1.);
#1790=VECTOR('',#5968,1.);
#1791=VECTOR('',#5969,1.);
#1792=VECTOR('',#5972,1.);
#1793=VECTOR('',#5973,1.);
#1794=VECTOR('',#5976,1.);
#1795=VECTOR('',#5977,1.);
#1796=VECTOR('',#5980,1.);
#1797=VECTOR('',#5981,1.);
#1798=VECTOR('',#5984,1.);
#1799=VECTOR('',#5985,1.);
#1800=VECTOR('',#5988,1.);
#1801=VECTOR('',#5989,1.);
#1802=VECTOR('',#5992,1.);
#1803=VECTOR('',#5993,1.);
#1804=VECTOR('',#5994,1.);
#1805=VECTOR('',#5997,1.);
#1806=VECTOR('',#5998,1.);
#1807=VECTOR('',#6001,1.);
#1808=VECTOR('',#6002,1.);
#1809=VECTOR('',#6005,1.);
#1810=VECTOR('',#6006,1.);
#1811=VECTOR('',#6007,1.);
#1812=VECTOR('',#6010,1.);
#1813=VECTOR('',#6011,1.);
#1814=VECTOR('',#6014,1.);
#1815=VECTOR('',#6015,1.);
#1816=VECTOR('',#6018,1.);
#1817=VECTOR('',#6019,1.);
#1818=VECTOR('',#6020,1.);
#1819=VECTOR('',#6023,1.);
#1820=VECTOR('',#6024,1.);
#1821=VECTOR('',#6025,1.);
#1822=VECTOR('',#6028,1.);
#1823=VECTOR('',#6029,1.);
#1824=VECTOR('',#6030,1.);
#1825=VECTOR('',#6033,1.);
#1826=VECTOR('',#6034,1.);
#1827=VECTOR('',#6035,1.);
#1828=VECTOR('',#6038,1.);
#1829=VECTOR('',#6039,1.);
#1830=VECTOR('',#6042,1.);
#1831=VECTOR('',#6045,1.);
#1832=VECTOR('',#6046,1.);
#1833=VECTOR('',#6049,1.);
#1834=VECTOR('',#6050,1.);
#1835=VECTOR('',#6051,1.);
#1836=VECTOR('',#6054,1.);
#1837=VECTOR('',#6055,1.);
#1838=VECTOR('',#6058,1.);
#1839=VECTOR('',#6059,1.);
#1840=VECTOR('',#6060,1.);
#1841=VECTOR('',#6063,1.);
#1842=VECTOR('',#6066,1.);
#1843=VECTOR('',#6067,1.);
#1844=VECTOR('',#6070,1.);
#1845=VECTOR('',#6073,1.);
#1846=VECTOR('',#6074,1.);
#1847=VECTOR('',#6077,1.);
#1848=VECTOR('',#6078,1.);
#1849=VECTOR('',#6081,1.);
#1850=VECTOR('',#6082,1.);
#1851=VECTOR('',#6085,1.);
#1852=VECTOR('',#6086,1.);
#1853=VECTOR('',#6087,1.);
#1854=VECTOR('',#6088,1.);
#1855=VECTOR('',#6089,1.);
#1856=VECTOR('',#6090,1.);
#1857=VECTOR('',#6091,1.);
#1858=VECTOR('',#6092,1.);
#1859=VECTOR('',#6093,1.);
#1860=VECTOR('',#6094,1.);
#1861=VECTOR('',#6095,1.);
#1862=VECTOR('',#6096,1.);
#1863=VECTOR('',#6097,1.);
#1864=VECTOR('',#6098,1.);
#1865=VECTOR('',#6099,1.);
#1866=VECTOR('',#6100,1.);
#1867=VECTOR('',#6101,1.);
#1868=VECTOR('',#6102,1.);
#1869=VECTOR('',#6103,1.);
#1870=VECTOR('',#6106,1.);
#1871=VECTOR('',#6107,1.);
#1872=VECTOR('',#6108,1.);
#1873=VECTOR('',#6109,1.);
#1874=VECTOR('',#6112,1.);
#1875=VECTOR('',#6113,1.);
#1876=VECTOR('',#6114,1.);
#1877=VECTOR('',#6115,1.);
#1878=VECTOR('',#6118,1.);
#1879=VECTOR('',#6119,1.);
#1880=VECTOR('',#6120,1.);
#1881=VECTOR('',#6123,1.);
#1882=VECTOR('',#6124,1.);
#1883=VECTOR('',#6125,1.);
#1884=VECTOR('',#6128,1.);
#1885=VECTOR('',#6129,1.);
#1886=VECTOR('',#6130,1.);
#1887=VECTOR('',#6133,1.);
#1888=VECTOR('',#6134,1.);
#1889=VECTOR('',#6135,1.);
#1890=VECTOR('',#6138,1.);
#1891=VECTOR('',#6139,1.);
#1892=VECTOR('',#6142,1.);
#1893=VECTOR('',#6143,1.);
#1894=VECTOR('',#6146,1.);
#1895=VECTOR('',#6147,1.);
#1896=VECTOR('',#6148,1.);
#1897=VECTOR('',#6151,1.);
#1898=VECTOR('',#6152,1.);
#1899=VECTOR('',#6155,1.);
#1900=VECTOR('',#6156,1.);
#1901=VECTOR('',#6157,1.);
#1902=VECTOR('',#6160,1.);
#1903=VECTOR('',#6161,1.);
#1904=VECTOR('',#6164,1.);
#1905=VECTOR('',#6165,1.);
#1906=VECTOR('',#6168,1.);
#1907=VECTOR('',#6169,1.);
#1908=VECTOR('',#6172,1.);
#1909=VECTOR('',#6173,1.);
#1910=VECTOR('',#6176,1.);
#1911=VECTOR('',#6177,1.);
#1912=VECTOR('',#6180,1.);
#1913=VECTOR('',#6181,1.);
#1914=VECTOR('',#6184,1.);
#1915=VECTOR('',#6185,1.);
#1916=VECTOR('',#6188,1.);
#1917=VECTOR('',#6189,1.);
#1918=VECTOR('',#6192,1.);
#1919=VECTOR('',#6193,1.);
#1920=VECTOR('',#6196,1.);
#1921=VECTOR('',#6197,1.);
#1922=VECTOR('',#6200,1.);
#1923=VECTOR('',#6201,1.);
#1924=VECTOR('',#6204,1.);
#1925=VECTOR('',#6205,1.);
#1926=VECTOR('',#6208,1.);
#1927=VECTOR('',#6209,1.);
#1928=VECTOR('',#6212,1.);
#1929=VECTOR('',#6213,1.);
#1930=VECTOR('',#6216,1.);
#1931=VECTOR('',#6217,1.);
#1932=VECTOR('',#6218,1.);
#1933=VECTOR('',#6221,1.);
#1934=VECTOR('',#6222,1.);
#1935=VECTOR('',#6225,1.);
#1936=VECTOR('',#6226,1.);
#1937=VECTOR('',#6227,1.);
#1938=VECTOR('',#6230,1.);
#1939=VECTOR('',#6231,1.);
#1940=VECTOR('',#6234,1.);
#1941=VECTOR('',#6235,1.);
#1942=VECTOR('',#6236,1.);
#1943=VECTOR('',#6239,1.);
#1944=VECTOR('',#6240,1.);
#1945=VECTOR('',#6243,1.);
#1946=VECTOR('',#6244,1.);
#1947=VECTOR('',#6245,1.);
#1948=VECTOR('',#6248,1.);
#1949=VECTOR('',#6249,1.);
#1950=VECTOR('',#6250,1.);
#1951=VECTOR('',#6253,1.);
#1952=VECTOR('',#6254,1.);
#1953=VECTOR('',#6257,1.);
#1954=VECTOR('',#6258,1.);
#1955=VECTOR('',#6261,1.);
#1956=VECTOR('',#6262,1.);
#1957=VECTOR('',#6265,1.);
#1958=VECTOR('',#6270,1.);
#1959=VECTOR('',#6273,1.);
#1960=VECTOR('',#6274,1.);
#1961=VECTOR('',#6277,1.);
#1962=VECTOR('',#6278,1.);
#1963=VECTOR('',#6279,1.);
#1964=VECTOR('',#6282,1.);
#1965=VECTOR('',#6283,1.);
#1966=VECTOR('',#6284,1.);
#1967=VECTOR('',#6287,1.);
#1968=VECTOR('',#6288,1.);
#1969=VECTOR('',#6289,1.);
#1970=VECTOR('',#6290,1.);
#1971=VECTOR('',#6291,1.);
#1972=VECTOR('',#6292,1.);
#1973=VECTOR('',#6293,1.);
#1974=VECTOR('',#6294,1.);
#1975=VECTOR('',#6295,1.);
#1976=VECTOR('',#6296,1.);
#1977=VECTOR('',#6297,1.);
#1978=VECTOR('',#6298,1.);
#1979=VECTOR('',#6299,1.);
#1980=VECTOR('',#6300,1.);
#1981=VECTOR('',#6301,1.);
#1982=VECTOR('',#6302,1.);
#1983=VECTOR('',#6303,1.);
#1984=VECTOR('',#6304,1.);
#1985=VECTOR('',#6305,1.);
#1986=VECTOR('',#6306,1.);
#1987=VECTOR('',#6307,1.);
#1988=VECTOR('',#6308,1.);
#1989=VECTOR('',#6311,1.);
#1990=VECTOR('',#6312,1.);
#1991=VECTOR('',#6315,1.);
#1992=VECTOR('',#6316,1.);
#1993=VECTOR('',#6317,1.);
#1994=VECTOR('',#6320,1.);
#1995=VECTOR('',#6321,1.);
#1996=VECTOR('',#6322,1.);
#1997=VECTOR('',#6325,1.);
#1998=VECTOR('',#6326,1.);
#1999=VECTOR('',#6327,1.);
#2000=VECTOR('',#6330,1.);
#2001=VECTOR('',#6331,1.);
#2002=VECTOR('',#6334,1.);
#2003=VECTOR('',#6335,1.);
#2004=VECTOR('',#6338,1.);
#2005=VECTOR('',#6341,1.);
#2006=VECTOR('',#6342,1.);
#2007=VECTOR('',#6343,1.);
#2008=VECTOR('',#6346,1.);
#2009=VECTOR('',#6347,1.);
#2010=VECTOR('',#6350,1.);
#2011=VECTOR('',#6351,1.);
#2012=VECTOR('',#6354,1.);
#2013=VECTOR('',#6357,1.);
#2014=VECTOR('',#6358,1.);
#2015=VECTOR('',#6359,1.);
#2016=VECTOR('',#6362,1.);
#2017=VECTOR('',#6363,1.);
#2018=VECTOR('',#6366,1.);
#2019=VECTOR('',#6367,1.);
#2020=VECTOR('',#6370,1.);
#2021=VECTOR('',#6371,1.);
#2022=VECTOR('',#6374,1.);
#2023=VECTOR('',#6375,1.);
#2024=VECTOR('',#6378,1.);
#2025=VECTOR('',#6379,1.);
#2026=VECTOR('',#6382,1.);
#2027=VECTOR('',#6383,1.);
#2028=VECTOR('',#6386,1.);
#2029=VECTOR('',#6387,1.);
#2030=VECTOR('',#6390,1.);
#2031=VECTOR('',#6391,1.);
#2032=VECTOR('',#6394,1.);
#2033=VECTOR('',#6397,1.);
#2034=VECTOR('',#6398,1.);
#2035=VECTOR('',#6399,1.);
#2036=VECTOR('',#6402,1.);
#2037=VECTOR('',#6403,1.);
#2038=VECTOR('',#6406,1.);
#2039=VECTOR('',#6407,1.);
#2040=VECTOR('',#6410,1.);
#2041=VECTOR('',#6411,1.);
#2042=VECTOR('',#6414,1.);
#2043=VECTOR('',#6415,1.);
#2044=VECTOR('',#6418,1.);
#2045=VECTOR('',#6419,1.);
#2046=VECTOR('',#6422,1.);
#2047=VECTOR('',#6423,1.);
#2048=VECTOR('',#6426,1.);
#2049=VECTOR('',#6427,1.);
#2050=VECTOR('',#6430,1.);
#2051=VECTOR('',#6431,1.);
#2052=VECTOR('',#6434,1.);
#2053=VECTOR('',#6435,1.);
#2054=VECTOR('',#6438,1.);
#2055=VECTOR('',#6439,1.);
#2056=VECTOR('',#6442,1.);
#2057=VECTOR('',#6443,1.);
#2058=VECTOR('',#6446,1.);
#2059=VECTOR('',#6447,1.);
#2060=VECTOR('',#6448,1.);
#2061=VECTOR('',#6449,1.);
#2062=VECTOR('',#6450,1.);
#2063=VECTOR('',#6453,1.);
#2064=VECTOR('',#6454,1.);
#2065=VECTOR('',#6457,1.);
#2066=VECTOR('',#6458,1.);
#2067=VECTOR('',#6461,1.);
#2068=VECTOR('',#6464,1.);
#2069=VECTOR('',#6465,1.);
#2070=VECTOR('',#6468,1.);
#2071=VECTOR('',#6469,1.);
#2072=VECTOR('',#6472,1.);
#2073=VECTOR('',#6473,1.);
#2074=VECTOR('',#6476,1.);
#2075=CIRCLE('',#4871,0.17);
#2076=CIRCLE('',#4872,0.17);
#2077=CIRCLE('',#4873,0.17);
#2078=CIRCLE('',#4874,0.17);
#2079=CIRCLE('',#4875,0.17);
#2080=CIRCLE('',#4876,0.17);
#2081=CIRCLE('',#4878,0.07);
#2082=CIRCLE('',#4879,0.07);
#2083=CIRCLE('',#4882,0.295000000000002);
#2084=CIRCLE('',#4883,0.29417851723061);
#2085=CIRCLE('',#4885,0.295000000000002);
#2086=CIRCLE('',#4886,0.29417851723061);
#2087=CIRCLE('',#4888,0.4995);
#2088=CIRCLE('',#4889,0.4995);
#2089=CIRCLE('',#4892,0.49855);
#2090=CIRCLE('',#4893,0.49855);
#2091=CIRCLE('',#4896,0.17);
#2092=CIRCLE('',#4897,0.17);
#2093=CIRCLE('',#4899,0.949);
#2094=CIRCLE('',#4902,0.17);
#2095=CIRCLE('',#4903,0.17);
#2096=CIRCLE('',#4906,0.949);
#2097=CIRCLE('',#4907,0.949);
#2098=CIRCLE('',#4909,0.17);
#2099=CIRCLE('',#4910,0.17);
#2100=CIRCLE('',#4912,0.17);
#2101=CIRCLE('',#4914,0.17);
#2102=CIRCLE('',#4915,0.17);
#2103=CIRCLE('',#4917,0.17);
#2104=CIRCLE('',#4919,0.17);
#2105=CIRCLE('',#4920,0.17);
#2106=CIRCLE('',#4922,0.4);
#2107=CIRCLE('',#4923,0.4);
#2108=CIRCLE('',#4926,0.4);
#2109=CIRCLE('',#4927,0.4);
#2110=CIRCLE('',#4930,0.4);
#2111=CIRCLE('',#4931,0.4);
#2112=CIRCLE('',#4934,0.4);
#2113=CIRCLE('',#4935,0.4);
#2114=CIRCLE('',#4938,0.4);
#2115=CIRCLE('',#4939,0.4);
#2116=CIRCLE('',#4942,0.4);
#2117=CIRCLE('',#4943,0.4);
#2118=CIRCLE('',#4946,0.799);
#2119=CIRCLE('',#4947,0.949);
#2120=CIRCLE('',#4957,0.443419665779496);
#2121=CIRCLE('',#4959,0.77);
#2122=CIRCLE('',#4960,0.935);
#2123=CIRCLE('',#4963,0.443419665779496);
#2124=CIRCLE('',#4965,0.77);
#2125=CIRCLE('',#4966,0.935);
#2126=CIRCLE('',#4969,0.410972565994374);
#2127=CIRCLE('',#4971,0.410972565994374);
#2128=CIRCLE('',#4973,0.410972565994374);
#2129=CIRCLE('',#4975,0.410972565994374);
#2130=CIRCLE('',#4977,0.410972565994374);
#2131=CIRCLE('',#4979,0.410972565994374);
#2132=CIRCLE('',#4981,0.410972565994374);
#2133=CIRCLE('',#4983,0.410972565994374);
#2134=CIRCLE('',#4985,0.410972565994374);
#2135=CIRCLE('',#4987,0.410972565994374);
#2136=CIRCLE('',#4989,0.22860107173852);
#2137=CIRCLE('',#4991,0.410972565994374);
#2138=CIRCLE('',#4993,0.410972565994374);
#2139=CIRCLE('',#4995,0.410972565994374);
#2140=CIRCLE('',#4997,0.410972565994374);
#2141=CIRCLE('',#4999,0.410972565994374);
#2142=CIRCLE('',#5001,0.410972565994374);
#2143=CIRCLE('',#5003,0.39395837343557);
#2144=CIRCLE('',#5005,0.39395837343557);
#2145=CIRCLE('',#5007,0.39395837343557);
#2146=CIRCLE('',#5009,0.13400712667616);
#2147=CIRCLE('',#5011,0.321375030143911);
#2148=CIRCLE('',#5013,0.13400712667616);
#2149=CIRCLE('',#5015,0.321375030143911);
#2150=CIRCLE('',#5017,0.13400712667616);
#2151=CIRCLE('',#5019,0.321375030143911);
#2152=CIRCLE('',#5021,0.13400712667616);
#2153=CIRCLE('',#5023,0.321375030143911);
#2154=VERTEX_POINT('',#6481);
#2155=VERTEX_POINT('',#6483);
#2156=VERTEX_POINT('',#6485);
#2157=VERTEX_POINT('',#6487);
#2158=VERTEX_POINT('',#6489);
#2159=VERTEX_POINT('',#6491);
#2160=VERTEX_POINT('',#6493);
#2161=VERTEX_POINT('',#6495);
#2162=VERTEX_POINT('',#6497);
#2163=VERTEX_POINT('',#6499);
#2164=VERTEX_POINT('',#6503);
#2165=VERTEX_POINT('',#6505);
#2166=VERTEX_POINT('',#6510);
#2167=VERTEX_POINT('',#6511);
#2168=VERTEX_POINT('',#6513);
#2169=VERTEX_POINT('',#6516);
#2170=VERTEX_POINT('',#6517);
#2171=VERTEX_POINT('',#6519);
#2172=VERTEX_POINT('',#6522);
#2173=VERTEX_POINT('',#6524);
#2174=VERTEX_POINT('',#6529);
#2175=VERTEX_POINT('',#6531);
#2176=VERTEX_POINT('',#6536);
#2177=VERTEX_POINT('',#6538);
#2178=VERTEX_POINT('',#6544);
#2179=VERTEX_POINT('',#6546);
#2180=VERTEX_POINT('',#6550);
#2181=VERTEX_POINT('',#6551);
#2182=VERTEX_POINT('',#6553);
#2183=VERTEX_POINT('',#6555);
#2184=VERTEX_POINT('',#6557);
#2185=VERTEX_POINT('',#6559);
#2186=VERTEX_POINT('',#6561);
#2187=VERTEX_POINT('',#6563);
#2188=VERTEX_POINT('',#6565);
#2189=VERTEX_POINT('',#6567);
#2190=VERTEX_POINT('',#6569);
#2191=VERTEX_POINT('',#6571);
#2192=VERTEX_POINT('',#6573);
#2193=VERTEX_POINT('',#6575);
#2194=VERTEX_POINT('',#6577);
#2195=VERTEX_POINT('',#6579);
#2196=VERTEX_POINT('',#6581);
#2197=VERTEX_POINT('',#6583);
#2198=VERTEX_POINT('',#6585);
#2199=VERTEX_POINT('',#6587);
#2200=VERTEX_POINT('',#6589);
#2201=VERTEX_POINT('',#6591);
#2202=VERTEX_POINT('',#6593);
#2203=VERTEX_POINT('',#6595);
#2204=VERTEX_POINT('',#6597);
#2205=VERTEX_POINT('',#6599);
#2206=VERTEX_POINT('',#6601);
#2207=VERTEX_POINT('',#6604);
#2208=VERTEX_POINT('',#6606);
#2209=VERTEX_POINT('',#6608);
#2210=VERTEX_POINT('',#6610);
#2211=VERTEX_POINT('',#6612);
#2212=VERTEX_POINT('',#6614);
#2213=VERTEX_POINT('',#6616);
#2214=VERTEX_POINT('',#6618);
#2215=VERTEX_POINT('',#6620);
#2216=VERTEX_POINT('',#6622);
#2217=VERTEX_POINT('',#6624);
#2218=VERTEX_POINT('',#6626);
#2219=VERTEX_POINT('',#6628);
#2220=VERTEX_POINT('',#6630);
#2221=VERTEX_POINT('',#6632);
#2222=VERTEX_POINT('',#6635);
#2223=VERTEX_POINT('',#6637);
#2224=VERTEX_POINT('',#6640);
#2225=VERTEX_POINT('',#6644);
#2226=VERTEX_POINT('',#6646);
#2227=VERTEX_POINT('',#6648);
#2228=VERTEX_POINT('',#6650);
#2229=VERTEX_POINT('',#6652);
#2230=VERTEX_POINT('',#6654);
#2231=VERTEX_POINT('',#6656);
#2232=VERTEX_POINT('',#6658);
#2233=VERTEX_POINT('',#6660);
#2234=VERTEX_POINT('',#6662);
#2235=VERTEX_POINT('',#6664);
#2236=VERTEX_POINT('',#6666);
#2237=VERTEX_POINT('',#6668);
#2238=VERTEX_POINT('',#6670);
#2239=VERTEX_POINT('',#6673);
#2240=VERTEX_POINT('',#6677);
#2241=VERTEX_POINT('',#6679);
#2242=VERTEX_POINT('',#6683);
#2243=VERTEX_POINT('',#6687);
#2244=VERTEX_POINT('',#6689);
#2245=VERTEX_POINT('',#6693);
#2246=VERTEX_POINT('',#6697);
#2247=VERTEX_POINT('',#6699);
#2248=VERTEX_POINT('',#6703);
#2249=VERTEX_POINT('',#6705);
#2250=VERTEX_POINT('',#6710);
#2251=VERTEX_POINT('',#6712);
#2252=VERTEX_POINT('',#6717);
#2253=VERTEX_POINT('',#6719);
#2254=VERTEX_POINT('',#6724);
#2255=VERTEX_POINT('',#6726);
#2256=VERTEX_POINT('',#6731);
#2257=VERTEX_POINT('',#6733);
#2258=VERTEX_POINT('',#6738);
#2259=VERTEX_POINT('',#6740);
#2260=VERTEX_POINT('',#6745);
#2261=VERTEX_POINT('',#6747);
#2262=VERTEX_POINT('',#6766);
#2263=VERTEX_POINT('',#6769);
#2264=VERTEX_POINT('',#6771);
#2265=VERTEX_POINT('',#6776);
#2266=VERTEX_POINT('',#6779);
#2267=VERTEX_POINT('',#6781);
#2268=VERTEX_POINT('',#6786);
#2269=VERTEX_POINT('',#6789);
#2270=VERTEX_POINT('',#6792);
#2271=VERTEX_POINT('',#6795);
#2272=VERTEX_POINT('',#6798);
#2273=VERTEX_POINT('',#6801);
#2274=VERTEX_POINT('',#6804);
#2275=VERTEX_POINT('',#6807);
#2276=VERTEX_POINT('',#6810);
#2277=VERTEX_POINT('',#6813);
#2278=VERTEX_POINT('',#6816);
#2279=VERTEX_POINT('',#6819);
#2280=VERTEX_POINT('',#6822);
#2281=VERTEX_POINT('',#6825);
#2282=VERTEX_POINT('',#6828);
#2283=VERTEX_POINT('',#6831);
#2284=VERTEX_POINT('',#6834);
#2285=VERTEX_POINT('',#6837);
#2286=VERTEX_POINT('',#6840);
#2287=VERTEX_POINT('',#6843);
#2288=VERTEX_POINT('',#6846);
#2289=VERTEX_POINT('',#6849);
#2290=VERTEX_POINT('',#6852);
#2291=VERTEX_POINT('',#6855);
#2292=VERTEX_POINT('',#6858);
#2293=VERTEX_POINT('',#6861);
#2294=VERTEX_POINT('',#6864);
#2295=VERTEX_POINT('',#6867);
#2296=VERTEX_POINT('',#6887);
#2297=VERTEX_POINT('',#6888);
#2298=VERTEX_POINT('',#6890);
#2299=VERTEX_POINT('',#6892);
#2300=VERTEX_POINT('',#6896);
#2301=VERTEX_POINT('',#6897);
#2302=VERTEX_POINT('',#6899);
#2303=VERTEX_POINT('',#6901);
#2304=VERTEX_POINT('',#6905);
#2305=VERTEX_POINT('',#6906);
#2306=VERTEX_POINT('',#6908);
#2307=VERTEX_POINT('',#6910);
#2308=VERTEX_POINT('',#6914);
#2309=VERTEX_POINT('',#6915);
#2310=VERTEX_POINT('',#6917);
#2311=VERTEX_POINT('',#6919);
#2312=VERTEX_POINT('',#6921);
#2313=VERTEX_POINT('',#6923);
#2314=VERTEX_POINT('',#6927);
#2315=VERTEX_POINT('',#6928);
#2316=VERTEX_POINT('',#6930);
#2317=VERTEX_POINT('',#6932);
#2318=VERTEX_POINT('',#6936);
#2319=VERTEX_POINT('',#6937);
#2320=VERTEX_POINT('',#6939);
#2321=VERTEX_POINT('',#6941);
#2322=VERTEX_POINT('',#6950);
#2323=VERTEX_POINT('',#6954);
#2324=VERTEX_POINT('',#6958);
#2325=VERTEX_POINT('',#6962);
#2326=VERTEX_POINT('',#6966);
#2327=VERTEX_POINT('',#6970);
#2328=VERTEX_POINT('',#6974);
#2329=VERTEX_POINT('',#6978);
#2330=VERTEX_POINT('',#6979);
#2331=VERTEX_POINT('',#6984);
#2332=VERTEX_POINT('',#6988);
#2333=VERTEX_POINT('',#6989);
#2334=VERTEX_POINT('',#6994);
#2335=VERTEX_POINT('',#7004);
#2336=VERTEX_POINT('',#7008);
#2337=VERTEX_POINT('',#7018);
#2338=VERTEX_POINT('',#7027);
#2339=VERTEX_POINT('',#7031);
#2340=VERTEX_POINT('',#7033);
#2341=VERTEX_POINT('',#7035);
#2342=VERTEX_POINT('',#7037);
#2343=VERTEX_POINT('',#7039);
#2344=VERTEX_POINT('',#7041);
#2345=VERTEX_POINT('',#7043);
#2346=VERTEX_POINT('',#7045);
#2347=VERTEX_POINT('',#7047);
#2348=VERTEX_POINT('',#7049);
#2349=VERTEX_POINT('',#7051);
#2350=VERTEX_POINT('',#7053);
#2351=VERTEX_POINT('',#7055);
#2352=VERTEX_POINT('',#7057);
#2353=VERTEX_POINT('',#7061);
#2354=VERTEX_POINT('',#7065);
#2355=VERTEX_POINT('',#7069);
#2356=VERTEX_POINT('',#7073);
#2357=VERTEX_POINT('',#7075);
#2358=VERTEX_POINT('',#7079);
#2359=VERTEX_POINT('',#7080);
#2360=VERTEX_POINT('',#7082);
#2361=VERTEX_POINT('',#7084);
#2362=VERTEX_POINT('',#7088);
#2363=VERTEX_POINT('',#7089);
#2364=VERTEX_POINT('',#7091);
#2365=VERTEX_POINT('',#7093);
#2366=VERTEX_POINT('',#7097);
#2367=VERTEX_POINT('',#7098);
#2368=VERTEX_POINT('',#7100);
#2369=VERTEX_POINT('',#7102);
#2370=VERTEX_POINT('',#7106);
#2371=VERTEX_POINT('',#7107);
#2372=VERTEX_POINT('',#7109);
#2373=VERTEX_POINT('',#7111);
#2374=VERTEX_POINT('',#7115);
#2375=VERTEX_POINT('',#7116);
#2376=VERTEX_POINT('',#7118);
#2377=VERTEX_POINT('',#7120);
#2378=VERTEX_POINT('',#7124);
#2379=VERTEX_POINT('',#7126);
#2380=VERTEX_POINT('',#7130);
#2381=VERTEX_POINT('',#7132);
#2382=VERTEX_POINT('',#7136);
#2383=VERTEX_POINT('',#7138);
#2384=VERTEX_POINT('',#7142);
#2385=VERTEX_POINT('',#7144);
#2386=VERTEX_POINT('',#7148);
#2387=VERTEX_POINT('',#7150);
#2388=VERTEX_POINT('',#7154);
#2389=VERTEX_POINT('',#7156);
#2390=VERTEX_POINT('',#7160);
#2391=VERTEX_POINT('',#7162);
#2392=VERTEX_POINT('',#7166);
#2393=VERTEX_POINT('',#7167);
#2394=VERTEX_POINT('',#7169);
#2395=VERTEX_POINT('',#7171);
#2396=VERTEX_POINT('',#7173);
#2397=VERTEX_POINT('',#7177);
#2398=VERTEX_POINT('',#7181);
#2399=VERTEX_POINT('',#7182);
#2400=VERTEX_POINT('',#7184);
#2401=VERTEX_POINT('',#7197);
#2402=VERTEX_POINT('',#7203);
#2403=VERTEX_POINT('',#7205);
#2404=VERTEX_POINT('',#7209);
#2405=VERTEX_POINT('',#7211);
#2406=VERTEX_POINT('',#7215);
#2407=VERTEX_POINT('',#7217);
#2408=VERTEX_POINT('',#7221);
#2409=VERTEX_POINT('',#7223);
#2410=VERTEX_POINT('',#7227);
#2411=VERTEX_POINT('',#7228);
#2412=VERTEX_POINT('',#7230);
#2413=VERTEX_POINT('',#7234);
#2414=VERTEX_POINT('',#7235);
#2415=VERTEX_POINT('',#7237);
#2416=VERTEX_POINT('',#7239);
#2417=VERTEX_POINT('',#7241);
#2418=VERTEX_POINT('',#7243);
#2419=VERTEX_POINT('',#7245);
#2420=VERTEX_POINT('',#7249);
#2421=VERTEX_POINT('',#7250);
#2422=VERTEX_POINT('',#7255);
#2423=VERTEX_POINT('',#7259);
#2424=VERTEX_POINT('',#7263);
#2425=VERTEX_POINT('',#7267);
#2426=VERTEX_POINT('',#7271);
#2427=VERTEX_POINT('',#7275);
#2428=VERTEX_POINT('',#7279);
#2429=VERTEX_POINT('',#7283);
#2430=VERTEX_POINT('',#7287);
#2431=VERTEX_POINT('',#7291);
#2432=VERTEX_POINT('',#7295);
#2433=VERTEX_POINT('',#7299);
#2434=VERTEX_POINT('',#7303);
#2435=VERTEX_POINT('',#7304);
#2436=VERTEX_POINT('',#7309);
#2437=VERTEX_POINT('',#7313);
#2438=VERTEX_POINT('',#7317);
#2439=VERTEX_POINT('',#7318);
#2440=VERTEX_POINT('',#7323);
#2441=VERTEX_POINT('',#7327);
#2442=VERTEX_POINT('',#7331);
#2443=VERTEX_POINT('',#7332);
#2444=VERTEX_POINT('',#7337);
#2445=VERTEX_POINT('',#7338);
#2446=VERTEX_POINT('',#7343);
#2447=VERTEX_POINT('',#7345);
#2448=VERTEX_POINT('',#7349);
#2449=VERTEX_POINT('',#7351);
#2450=VERTEX_POINT('',#7360);
#2451=VERTEX_POINT('',#7365);
#2452=VERTEX_POINT('',#7369);
#2453=VERTEX_POINT('',#7373);
#2454=VERTEX_POINT('',#7375);
#2455=VERTEX_POINT('',#7381);
#2456=VERTEX_POINT('',#7387);
#2457=VERTEX_POINT('',#7391);
#2458=VERTEX_POINT('',#7395);
#2459=VERTEX_POINT('',#7399);
#2460=VERTEX_POINT('',#7401);
#2461=VERTEX_POINT('',#7403);
#2462=VERTEX_POINT('',#7405);
#2463=VERTEX_POINT('',#7407);
#2464=VERTEX_POINT('',#7409);
#2465=VERTEX_POINT('',#7411);
#2466=VERTEX_POINT('',#7413);
#2467=VERTEX_POINT('',#7415);
#2468=VERTEX_POINT('',#7417);
#2469=VERTEX_POINT('',#7419);
#2470=VERTEX_POINT('',#7421);
#2471=VERTEX_POINT('',#7423);
#2472=VERTEX_POINT('',#7425);
#2473=VERTEX_POINT('',#7427);
#2474=VERTEX_POINT('',#7429);
#2475=VERTEX_POINT('',#7431);
#2476=VERTEX_POINT('',#7433);
#2477=VERTEX_POINT('',#7437);
#2478=VERTEX_POINT('',#7438);
#2479=VERTEX_POINT('',#7440);
#2480=VERTEX_POINT('',#7442);
#2481=VERTEX_POINT('',#7446);
#2482=VERTEX_POINT('',#7447);
#2483=VERTEX_POINT('',#7449);
#2484=VERTEX_POINT('',#7451);
#2485=VERTEX_POINT('',#7455);
#2486=VERTEX_POINT('',#7456);
#2487=VERTEX_POINT('',#7458);
#2488=VERTEX_POINT('',#7462);
#2489=VERTEX_POINT('',#7463);
#2490=VERTEX_POINT('',#7465);
#2491=VERTEX_POINT('',#7469);
#2492=VERTEX_POINT('',#7470);
#2493=VERTEX_POINT('',#7475);
#2494=VERTEX_POINT('',#7476);
#2495=VERTEX_POINT('',#7481);
#2496=VERTEX_POINT('',#7485);
#2497=VERTEX_POINT('',#7489);
#2498=VERTEX_POINT('',#7494);
#2499=VERTEX_POINT('',#7498);
#2500=VERTEX_POINT('',#7499);
#2501=VERTEX_POINT('',#7504);
#2502=VERTEX_POINT('',#7508);
#2503=VERTEX_POINT('',#7512);
#2504=VERTEX_POINT('',#7516);
#2505=VERTEX_POINT('',#7520);
#2506=VERTEX_POINT('',#7524);
#2507=VERTEX_POINT('',#7528);
#2508=VERTEX_POINT('',#7532);
#2509=VERTEX_POINT('',#7536);
#2510=VERTEX_POINT('',#7540);
#2511=VERTEX_POINT('',#7544);
#2512=VERTEX_POINT('',#7548);
#2513=VERTEX_POINT('',#7552);
#2514=VERTEX_POINT('',#7556);
#2515=VERTEX_POINT('',#7560);
#2516=VERTEX_POINT('',#7561);
#2517=VERTEX_POINT('',#7566);
#2518=VERTEX_POINT('',#7570);
#2519=VERTEX_POINT('',#7575);
#2520=VERTEX_POINT('',#7579);
#2521=VERTEX_POINT('',#7584);
#2522=VERTEX_POINT('',#7588);
#2523=VERTEX_POINT('',#7589);
#2524=VERTEX_POINT('',#7594);
#2525=VERTEX_POINT('',#7602);
#2526=VERTEX_POINT('',#7606);
#2527=VERTEX_POINT('',#7615);
#2528=VERTEX_POINT('',#7619);
#2529=VERTEX_POINT('',#7621);
#2530=VERTEX_POINT('',#7625);
#2531=VERTEX_POINT('',#7627);
#2532=VERTEX_POINT('',#7631);
#2533=VERTEX_POINT('',#7633);
#2534=VERTEX_POINT('',#7635);
#2535=VERTEX_POINT('',#7638);
#2536=VERTEX_POINT('',#7639);
#2537=VERTEX_POINT('',#7641);
#2538=VERTEX_POINT('',#7643);
#2539=VERTEX_POINT('',#7646);
#2540=VERTEX_POINT('',#7647);
#2541=VERTEX_POINT('',#7649);
#2542=VERTEX_POINT('',#7651);
#2543=VERTEX_POINT('',#7654);
#2544=VERTEX_POINT('',#7655);
#2545=VERTEX_POINT('',#7657);
#2546=VERTEX_POINT('',#7659);
#2547=VERTEX_POINT('',#7661);
#2548=VERTEX_POINT('',#7663);
#2549=VERTEX_POINT('',#7665);
#2550=VERTEX_POINT('',#7667);
#2551=VERTEX_POINT('',#7669);
#2552=VERTEX_POINT('',#7671);
#2553=VERTEX_POINT('',#7675);
#2554=VERTEX_POINT('',#7679);
#2555=VERTEX_POINT('',#7681);
#2556=VERTEX_POINT('',#7685);
#2557=VERTEX_POINT('',#7690);
#2558=VERTEX_POINT('',#7691);
#2559=VERTEX_POINT('',#7696);
#2560=VERTEX_POINT('',#7700);
#2561=VERTEX_POINT('',#7706);
#2562=VERTEX_POINT('',#7707);
#2563=VERTEX_POINT('',#7712);
#2564=VERTEX_POINT('',#7716);
#2565=VERTEX_POINT('',#7722);
#2566=VERTEX_POINT('',#7723);
#2567=VERTEX_POINT('',#7728);
#2568=VERTEX_POINT('',#7732);
#2569=VERTEX_POINT('',#7736);
#2570=VERTEX_POINT('',#7740);
#2571=VERTEX_POINT('',#7744);
#2572=VERTEX_POINT('',#7748);
#2573=VERTEX_POINT('',#7752);
#2574=VERTEX_POINT('',#7756);
#2575=VERTEX_POINT('',#7762);
#2576=VERTEX_POINT('',#7763);
#2577=VERTEX_POINT('',#7768);
#2578=VERTEX_POINT('',#7772);
#2579=VERTEX_POINT('',#7776);
#2580=VERTEX_POINT('',#7780);
#2581=VERTEX_POINT('',#7784);
#2582=VERTEX_POINT('',#7788);
#2583=VERTEX_POINT('',#7792);
#2584=VERTEX_POINT('',#7796);
#2585=VERTEX_POINT('',#7800);
#2586=VERTEX_POINT('',#7804);
#2587=VERTEX_POINT('',#7808);
#2588=VERTEX_POINT('',#7812);
#2589=VERTEX_POINT('',#7814);
#2590=VERTEX_POINT('',#7816);
#2591=VERTEX_POINT('',#7821);
#2592=VERTEX_POINT('',#7825);
#2593=VERTEX_POINT('',#7831);
#2594=VERTEX_POINT('',#7835);
#2595=VERTEX_POINT('',#7839);
#2596=EDGE_CURVE('',#2154,#2154,#2075,.T.);
#2597=EDGE_CURVE('',#2154,#2155,#913,.T.);
#2598=EDGE_CURVE('',#2156,#2155,#2076,.T.);
#2599=EDGE_CURVE('',#2157,#2156,#914,.T.);
#2600=EDGE_CURVE('',#2158,#2157,#2077,.T.);
#2601=EDGE_CURVE('',#2158,#2159,#915,.T.);
#2602=EDGE_CURVE('',#2159,#2160,#2078,.T.);
#2603=EDGE_CURVE('',#2161,#2160,#916,.T.);
#2604=EDGE_CURVE('',#2162,#2161,#2079,.T.);
#2605=EDGE_CURVE('',#2163,#2162,#917,.T.);
#2606=EDGE_CURVE('',#2155,#2163,#2080,.T.);
#2607=EDGE_CURVE('',#2164,#2164,#2081,.T.);
#2608=EDGE_CURVE('',#2164,#2165,#918,.T.);
#2609=EDGE_CURVE('',#2165,#2165,#2082,.T.);
#2610=EDGE_CURVE('',#2166,#2167,#2083,.T.);
#2611=EDGE_CURVE('',#2168,#2168,#2084,.T.);
#2612=EDGE_CURVE('',#2169,#2170,#2085,.T.);
#2613=EDGE_CURVE('',#2171,#2171,#2086,.T.);
#2614=EDGE_CURVE('',#2172,#2172,#2087,.T.);
#2615=EDGE_CURVE('',#2172,#2173,#919,.T.);
#2616=EDGE_CURVE('',#2173,#2173,#2088,.T.);
#2617=EDGE_CURVE('',#2174,#2174,#2089,.T.);
#2618=EDGE_CURVE('',#2174,#2175,#920,.T.);
#2619=EDGE_CURVE('',#2175,#2175,#2090,.T.);
#2620=EDGE_CURVE('',#2176,#2158,#2091,.T.);
#2621=EDGE_CURVE('',#2177,#2176,#921,.T.);
#2622=EDGE_CURVE('',#2177,#2159,#2092,.T.);
#2623=EDGE_CURVE('',#2160,#2177,#2093,.T.);
#2624=EDGE_CURVE('',#2178,#2156,#922,.T.);
#2625=EDGE_CURVE('',#2178,#2179,#923,.T.);
#2626=EDGE_CURVE('',#2179,#2157,#924,.T.);
#2627=EDGE_CURVE('',#2180,#2181,#925,.T.);
#2628=EDGE_CURVE('',#2181,#2182,#926,.T.);
#2629=EDGE_CURVE('',#2182,#2183,#927,.T.);
#2630=EDGE_CURVE('',#2183,#2184,#928,.T.);
#2631=EDGE_CURVE('',#2184,#2185,#929,.T.);
#2632=EDGE_CURVE('',#2185,#2186,#930,.T.);
#2633=EDGE_CURVE('',#2186,#2187,#931,.T.);
#2634=EDGE_CURVE('',#2187,#2188,#932,.T.);
#2635=EDGE_CURVE('',#2188,#2189,#933,.T.);
#2636=EDGE_CURVE('',#2189,#2190,#934,.T.);
#2637=EDGE_CURVE('',#2190,#2191,#935,.T.);
#2638=EDGE_CURVE('',#2191,#2192,#936,.T.);
#2639=EDGE_CURVE('',#2192,#2193,#937,.T.);
#2640=EDGE_CURVE('',#2193,#2194,#938,.T.);
#2641=EDGE_CURVE('',#2194,#2195,#939,.T.);
#2642=EDGE_CURVE('',#2195,#2196,#940,.T.);
#2643=EDGE_CURVE('',#2196,#2197,#941,.T.);
#2644=EDGE_CURVE('',#2197,#2198,#942,.T.);
#2645=EDGE_CURVE('',#2198,#2199,#943,.T.);
#2646=EDGE_CURVE('',#2199,#2200,#944,.T.);
#2647=EDGE_CURVE('',#2200,#2201,#945,.T.);
#2648=EDGE_CURVE('',#2201,#2202,#946,.T.);
#2649=EDGE_CURVE('',#2202,#2203,#947,.T.);
#2650=EDGE_CURVE('',#2203,#2204,#948,.T.);
#2651=EDGE_CURVE('',#2204,#2205,#949,.T.);
#2652=EDGE_CURVE('',#2205,#2206,#950,.T.);
#2653=EDGE_CURVE('',#2206,#2180,#951,.T.);
#2654=EDGE_CURVE('',#2163,#2207,#952,.T.);
#2655=EDGE_CURVE('',#2207,#2208,#953,.T.);
#2656=EDGE_CURVE('',#2208,#2209,#954,.T.);
#2657=EDGE_CURVE('',#2209,#2210,#955,.T.);
#2658=EDGE_CURVE('',#2210,#2211,#956,.T.);
#2659=EDGE_CURVE('',#2211,#2212,#957,.T.);
#2660=EDGE_CURVE('',#2212,#2213,#958,.T.);
#2661=EDGE_CURVE('',#2213,#2214,#959,.T.);
#2662=EDGE_CURVE('',#2214,#2215,#960,.T.);
#2663=EDGE_CURVE('',#2215,#2216,#961,.T.);
#2664=EDGE_CURVE('',#2216,#2217,#962,.T.);
#2665=EDGE_CURVE('',#2217,#2218,#963,.T.);
#2666=EDGE_CURVE('',#2218,#2219,#964,.T.);
#2667=EDGE_CURVE('',#2219,#2220,#965,.T.);
#2668=EDGE_CURVE('',#2220,#2221,#966,.T.);
#2669=EDGE_CURVE('',#2221,#2178,#967,.T.);
#2670=EDGE_CURVE('',#2222,#2222,#2094,.T.);
#2671=EDGE_CURVE('',#2223,#2223,#2095,.T.);
#2672=EDGE_CURVE('',#2162,#2224,#968,.T.);
#2673=EDGE_CURVE('',#2207,#2224,#969,.T.);
#2674=EDGE_CURVE('',#2225,#2179,#970,.T.);
#2675=EDGE_CURVE('',#2226,#2225,#971,.T.);
#2676=EDGE_CURVE('',#2227,#2226,#972,.T.);
#2677=EDGE_CURVE('',#2228,#2227,#973,.T.);
#2678=EDGE_CURVE('',#2229,#2228,#974,.T.);
#2679=EDGE_CURVE('',#2230,#2229,#975,.T.);
#2680=EDGE_CURVE('',#2231,#2230,#976,.T.);
#2681=EDGE_CURVE('',#2232,#2231,#977,.T.);
#2682=EDGE_CURVE('',#2233,#2232,#978,.T.);
#2683=EDGE_CURVE('',#2234,#2233,#979,.T.);
#2684=EDGE_CURVE('',#2235,#2234,#980,.T.);
#2685=EDGE_CURVE('',#2236,#2235,#981,.T.);
#2686=EDGE_CURVE('',#2237,#2236,#982,.T.);
#2687=EDGE_CURVE('',#2238,#2237,#983,.T.);
#2688=EDGE_CURVE('',#2224,#2238,#984,.T.);
#2689=EDGE_CURVE('',#2161,#2239,#2096,.T.);
#2690=EDGE_CURVE('',#2239,#2176,#2097,.T.);
#2691=EDGE_CURVE('',#2240,#2240,#2098,.T.);
#2692=EDGE_CURVE('',#2240,#2241,#985,.T.);
#2693=EDGE_CURVE('',#2241,#2241,#2099,.T.);
#2694=EDGE_CURVE('',#2242,#2242,#2100,.T.);
#2695=EDGE_CURVE('',#2242,#2223,#986,.T.);
#2696=EDGE_CURVE('',#2243,#2243,#2101,.T.);
#2697=EDGE_CURVE('',#2243,#2244,#987,.T.);
#2698=EDGE_CURVE('',#2244,#2244,#2102,.T.);
#2699=EDGE_CURVE('',#2245,#2245,#2103,.T.);
#2700=EDGE_CURVE('',#2245,#2222,#988,.T.);
#2701=EDGE_CURVE('',#2246,#2246,#2104,.T.);
#2702=EDGE_CURVE('',#2246,#2247,#989,.T.);
#2703=EDGE_CURVE('',#2247,#2247,#2105,.T.);
#2704=EDGE_CURVE('',#2248,#2248,#2106,.T.);
#2705=EDGE_CURVE('',#2248,#2249,#990,.T.);
#2706=EDGE_CURVE('',#2249,#2249,#2107,.T.);
#2707=EDGE_CURVE('',#2250,#2250,#2108,.T.);
#2708=EDGE_CURVE('',#2250,#2251,#991,.T.);
#2709=EDGE_CURVE('',#2251,#2251,#2109,.T.);
#2710=EDGE_CURVE('',#2252,#2252,#2110,.T.);
#2711=EDGE_CURVE('',#2252,#2253,#992,.T.);
#2712=EDGE_CURVE('',#2253,#2253,#2111,.T.);
#2713=EDGE_CURVE('',#2254,#2254,#2112,.T.);
#2714=EDGE_CURVE('',#2254,#2255,#993,.T.);
#2715=EDGE_CURVE('',#2255,#2255,#2113,.T.);
#2716=EDGE_CURVE('',#2256,#2256,#2114,.T.);
#2717=EDGE_CURVE('',#2256,#2257,#994,.T.);
#2718=EDGE_CURVE('',#2257,#2257,#2115,.T.);
#2719=EDGE_CURVE('',#2258,#2258,#2116,.T.);
#2720=EDGE_CURVE('',#2258,#2259,#995,.T.);
#2721=EDGE_CURVE('',#2259,#2259,#2117,.T.);
#2722=EDGE_CURVE('',#2260,#2260,#2118,.T.);
#2723=EDGE_CURVE('',#2260,#2261,#996,.T.);
#2724=EDGE_CURVE('',#2261,#2261,#2119,.T.);
#2725=EDGE_CURVE('',#2261,#2239,#997,.T.);
#2726=EDGE_CURVE('',#2221,#2225,#998,.T.);
#2727=EDGE_CURVE('',#2220,#2226,#999,.T.);
#2728=EDGE_CURVE('',#2208,#2238,#1000,.T.);
#2729=EDGE_CURVE('',#2209,#2237,#1001,.T.);
#2730=EDGE_CURVE('',#2210,#2236,#1002,.T.);
#2731=EDGE_CURVE('',#2211,#2235,#1003,.T.);
#2732=EDGE_CURVE('',#2262,#2262,#2120,.T.);
#2733=EDGE_CURVE('',#2263,#2263,#2121,.T.);
#2734=EDGE_CURVE('',#2263,#2264,#1004,.T.);
#2735=EDGE_CURVE('',#2264,#2264,#2122,.T.);
#2736=EDGE_CURVE('',#2265,#2265,#2123,.T.);
#2737=EDGE_CURVE('',#2266,#2266,#2124,.T.);
#2738=EDGE_CURVE('',#2266,#2267,#1005,.T.);
#2739=EDGE_CURVE('',#2267,#2267,#2125,.T.);
#2740=EDGE_CURVE('',#2268,#2268,#2126,.T.);
#2741=EDGE_CURVE('',#2269,#2269,#2127,.T.);
#2742=EDGE_CURVE('',#2270,#2270,#2128,.T.);
#2743=EDGE_CURVE('',#2271,#2271,#2129,.T.);
#2744=EDGE_CURVE('',#2272,#2272,#2130,.T.);
#2745=EDGE_CURVE('',#2273,#2273,#2131,.T.);
#2746=EDGE_CURVE('',#2274,#2274,#2132,.T.);
#2747=EDGE_CURVE('',#2275,#2275,#2133,.T.);
#2748=EDGE_CURVE('',#2276,#2276,#2134,.T.);
#2749=EDGE_CURVE('',#2277,#2277,#2135,.T.);
#2750=EDGE_CURVE('',#2278,#2278,#2136,.T.);
#2751=EDGE_CURVE('',#2279,#2279,#2137,.T.);
#2752=EDGE_CURVE('',#2280,#2280,#2138,.T.);
#2753=EDGE_CURVE('',#2281,#2281,#2139,.T.);
#2754=EDGE_CURVE('',#2282,#2282,#2140,.T.);
#2755=EDGE_CURVE('',#2283,#2283,#2141,.T.);
#2756=EDGE_CURVE('',#2284,#2284,#2142,.T.);
#2757=EDGE_CURVE('',#2285,#2285,#2143,.T.);
#2758=EDGE_CURVE('',#2286,#2286,#2144,.T.);
#2759=EDGE_CURVE('',#2287,#2287,#2145,.T.);
#2760=EDGE_CURVE('',#2288,#2288,#2146,.T.);
#2761=EDGE_CURVE('',#2289,#2289,#2147,.T.);
#2762=EDGE_CURVE('',#2290,#2290,#2148,.T.);
#2763=EDGE_CURVE('',#2291,#2291,#2149,.T.);
#2764=EDGE_CURVE('',#2292,#2292,#2150,.T.);
#2765=EDGE_CURVE('',#2293,#2293,#2151,.T.);
#2766=EDGE_CURVE('',#2294,#2294,#2152,.T.);
#2767=EDGE_CURVE('',#2295,#2295,#2153,.T.);
#2768=EDGE_CURVE('',#2212,#2234,#1006,.T.);
#2769=EDGE_CURVE('',#2213,#2233,#1007,.T.);
#2770=EDGE_CURVE('',#2214,#2232,#1008,.T.);
#2771=EDGE_CURVE('',#2215,#2231,#1009,.T.);
#2772=EDGE_CURVE('',#2216,#2230,#1010,.T.);
#2773=EDGE_CURVE('',#2217,#2229,#1011,.T.);
#2774=EDGE_CURVE('',#2218,#2228,#1012,.T.);
#2775=EDGE_CURVE('',#2219,#2227,#1013,.T.);
#2776=EDGE_CURVE('',#2296,#2297,#1014,.T.);
#2777=EDGE_CURVE('',#2297,#2298,#1015,.T.);
#2778=EDGE_CURVE('',#2299,#2298,#1016,.T.);
#2779=EDGE_CURVE('',#2296,#2299,#1017,.T.);
#2780=EDGE_CURVE('',#2300,#2301,#1018,.T.);
#2781=EDGE_CURVE('',#2302,#2301,#1019,.T.);
#2782=EDGE_CURVE('',#2303,#2302,#1020,.T.);
#2783=EDGE_CURVE('',#2300,#2303,#1021,.T.);
#2784=EDGE_CURVE('',#2304,#2305,#1022,.T.);
#2785=EDGE_CURVE('',#2306,#2305,#1023,.T.);
#2786=EDGE_CURVE('',#2306,#2307,#1024,.T.);
#2787=EDGE_CURVE('',#2307,#2304,#1025,.T.);
#2788=EDGE_CURVE('',#2308,#2309,#1026,.T.);
#2789=EDGE_CURVE('',#2309,#2310,#1027,.T.);
#2790=EDGE_CURVE('',#2311,#2310,#1028,.T.);
#2791=EDGE_CURVE('',#2312,#2311,#1029,.T.);
#2792=EDGE_CURVE('',#2313,#2312,#1030,.T.);
#2793=EDGE_CURVE('',#2308,#2313,#1031,.T.);
#2794=EDGE_CURVE('',#2314,#2315,#1032,.T.);
#2795=EDGE_CURVE('',#2316,#2315,#1033,.T.);
#2796=EDGE_CURVE('',#2317,#2316,#1034,.T.);
#2797=EDGE_CURVE('',#2314,#2317,#1035,.T.);
#2798=EDGE_CURVE('',#2318,#2319,#1036,.T.);
#2799=EDGE_CURVE('',#2320,#2319,#1037,.T.);
#2800=EDGE_CURVE('',#2320,#2321,#1038,.T.);
#2801=EDGE_CURVE('',#2321,#2318,#1039,.T.);
#2802=EDGE_CURVE('',#2311,#2206,#1040,.T.);
#2803=EDGE_CURVE('',#2312,#2205,#1041,.T.);
#2804=EDGE_CURVE('',#2313,#2204,#1042,.T.);
#2805=EDGE_CURVE('',#2308,#2322,#1043,.T.);
#2806=EDGE_CURVE('',#2322,#2203,#1044,.T.);
#2807=EDGE_CURVE('',#2322,#2323,#1045,.T.);
#2808=EDGE_CURVE('',#2323,#2202,#1046,.T.);
#2809=EDGE_CURVE('',#2323,#2324,#1047,.T.);
#2810=EDGE_CURVE('',#2324,#2201,#1048,.T.);
#2811=EDGE_CURVE('',#2324,#2325,#1049,.T.);
#2812=EDGE_CURVE('',#2325,#2200,#1050,.T.);
#2813=EDGE_CURVE('',#2325,#2326,#1051,.T.);
#2814=EDGE_CURVE('',#2326,#2199,#1052,.T.);
#2815=EDGE_CURVE('',#2326,#2327,#1053,.T.);
#2816=EDGE_CURVE('',#2327,#2198,#1054,.T.);
#2817=EDGE_CURVE('',#2327,#2328,#1055,.T.);
#2818=EDGE_CURVE('',#2328,#2197,#1056,.T.);
#2819=EDGE_CURVE('',#2329,#2330,#1057,.T.);
#2820=EDGE_CURVE('',#2328,#2330,#1058,.T.);
#2821=EDGE_CURVE('',#2329,#2196,#1059,.T.);
#2822=EDGE_CURVE('',#2331,#2329,#1060,.T.);
#2823=EDGE_CURVE('',#2331,#2195,#1061,.T.);
#2824=EDGE_CURVE('',#2332,#2333,#1062,.T.);
#2825=EDGE_CURVE('',#2332,#2331,#1063,.T.);
#2826=EDGE_CURVE('',#2333,#2194,#1064,.T.);
#2827=EDGE_CURVE('',#2320,#2334,#1065,.T.);
#2828=EDGE_CURVE('',#2333,#2319,#1066,.T.);
#2829=EDGE_CURVE('',#2334,#2193,#1067,.T.);
#2830=EDGE_CURVE('',#2334,#2315,#1068,.T.);
#2831=EDGE_CURVE('',#2316,#2192,#1069,.T.);
#2832=EDGE_CURVE('',#2317,#2191,#1070,.T.);
#2833=EDGE_CURVE('',#2314,#2335,#1071,.T.);
#2834=EDGE_CURVE('',#2335,#2190,#1072,.T.);
#2835=EDGE_CURVE('',#2306,#2336,#1073,.T.);
#2836=EDGE_CURVE('',#2335,#2305,#1074,.T.);
#2837=EDGE_CURVE('',#2336,#2189,#1075,.T.);
#2838=EDGE_CURVE('',#2336,#2301,#1076,.T.);
#2839=EDGE_CURVE('',#2302,#2188,#1077,.T.);
#2840=EDGE_CURVE('',#2303,#2187,#1078,.T.);
#2841=EDGE_CURVE('',#2300,#2337,#1079,.T.);
#2842=EDGE_CURVE('',#2337,#2186,#1080,.T.);
#2843=EDGE_CURVE('',#2299,#2181,#1081,.T.);
#2844=EDGE_CURVE('',#2296,#2180,#1082,.T.);
#2845=EDGE_CURVE('',#2332,#2330,#1083,.T.);
#2846=EDGE_CURVE('',#2301,#2338,#1084,.T.);
#2847=EDGE_CURVE('',#2338,#2306,#1085,.T.);
#2848=EDGE_CURVE('',#2337,#2339,#1086,.T.);
#2849=EDGE_CURVE('',#2339,#2340,#1087,.T.);
#2850=EDGE_CURVE('',#2340,#2341,#1088,.T.);
#2851=EDGE_CURVE('',#2341,#2342,#1089,.T.);
#2852=EDGE_CURVE('',#2342,#2343,#1090,.T.);
#2853=EDGE_CURVE('',#2343,#2344,#1091,.T.);
#2854=EDGE_CURVE('',#2344,#2345,#1092,.T.);
#2855=EDGE_CURVE('',#2345,#2346,#1093,.T.);
#2856=EDGE_CURVE('',#2346,#2347,#1094,.T.);
#2857=EDGE_CURVE('',#2347,#2348,#1095,.T.);
#2858=EDGE_CURVE('',#2348,#2349,#1096,.T.);
#2859=EDGE_CURVE('',#2349,#2350,#1097,.T.);
#2860=EDGE_CURVE('',#2350,#2351,#1098,.T.);
#2861=EDGE_CURVE('',#2351,#2352,#1099,.T.);
#2862=EDGE_CURVE('',#2352,#2300,#1100,.T.);
#2863=EDGE_CURVE('',#2305,#2353,#1101,.T.);
#2864=EDGE_CURVE('',#2353,#2314,#1102,.T.);
#2865=EDGE_CURVE('',#2315,#2354,#1103,.T.);
#2866=EDGE_CURVE('',#2354,#2320,#1104,.T.);
#2867=EDGE_CURVE('',#2319,#2355,#1105,.T.);
#2868=EDGE_CURVE('',#2355,#2332,#1106,.T.);
#2869=EDGE_CURVE('',#2346,#2356,#1107,.T.);
#2870=EDGE_CURVE('',#2357,#2356,#1108,.T.);
#2871=EDGE_CURVE('',#2347,#2357,#1109,.T.);
#2872=EDGE_CURVE('',#2358,#2359,#1110,.T.);
#2873=EDGE_CURVE('',#2358,#2360,#1111,.T.);
#2874=EDGE_CURVE('',#2361,#2360,#1112,.T.);
#2875=EDGE_CURVE('',#2359,#2361,#1113,.T.);
#2876=EDGE_CURVE('',#2362,#2363,#1114,.T.);
#2877=EDGE_CURVE('',#2362,#2364,#1115,.T.);
#2878=EDGE_CURVE('',#2365,#2364,#1116,.T.);
#2879=EDGE_CURVE('',#2363,#2365,#1117,.T.);
#2880=EDGE_CURVE('',#2366,#2367,#1118,.T.);
#2881=EDGE_CURVE('',#2366,#2368,#1119,.T.);
#2882=EDGE_CURVE('',#2369,#2368,#1120,.T.);
#2883=EDGE_CURVE('',#2367,#2369,#1121,.T.);
#2884=EDGE_CURVE('',#2370,#2371,#1122,.T.);
#2885=EDGE_CURVE('',#2370,#2372,#1123,.T.);
#2886=EDGE_CURVE('',#2373,#2372,#1124,.T.);
#2887=EDGE_CURVE('',#2371,#2373,#1125,.T.);
#2888=EDGE_CURVE('',#2374,#2375,#1126,.T.);
#2889=EDGE_CURVE('',#2374,#2376,#1127,.T.);
#2890=EDGE_CURVE('',#2377,#2376,#1128,.T.);
#2891=EDGE_CURVE('',#2375,#2377,#1129,.T.);
#2892=EDGE_CURVE('',#2375,#2378,#1130,.T.);
#2893=EDGE_CURVE('',#2379,#2377,#1131,.T.);
#2894=EDGE_CURVE('',#2378,#2379,#1132,.T.);
#2895=EDGE_CURVE('',#2378,#2380,#1133,.T.);
#2896=EDGE_CURVE('',#2381,#2379,#1134,.T.);
#2897=EDGE_CURVE('',#2380,#2381,#1135,.T.);
#2898=EDGE_CURVE('',#2380,#2382,#1136,.T.);
#2899=EDGE_CURVE('',#2383,#2381,#1137,.T.);
#2900=EDGE_CURVE('',#2382,#2383,#1138,.T.);
#2901=EDGE_CURVE('',#2382,#2384,#1139,.T.);
#2902=EDGE_CURVE('',#2385,#2383,#1140,.T.);
#2903=EDGE_CURVE('',#2384,#2385,#1141,.T.);
#2904=EDGE_CURVE('',#2384,#2386,#1142,.T.);
#2905=EDGE_CURVE('',#2387,#2385,#1143,.T.);
#2906=EDGE_CURVE('',#2386,#2387,#1144,.T.);
#2907=EDGE_CURVE('',#2386,#2388,#1145,.T.);
#2908=EDGE_CURVE('',#2389,#2387,#1146,.T.);
#2909=EDGE_CURVE('',#2388,#2389,#1147,.T.);
#2910=EDGE_CURVE('',#2388,#2390,#1148,.T.);
#2911=EDGE_CURVE('',#2391,#2389,#1149,.T.);
#2912=EDGE_CURVE('',#2390,#2391,#1150,.T.);
#2913=EDGE_CURVE('',#2392,#2393,#1151,.T.);
#2914=EDGE_CURVE('',#2392,#2394,#1152,.T.);
#2915=EDGE_CURVE('',#2395,#2394,#1153,.T.);
#2916=EDGE_CURVE('',#2396,#2395,#1154,.T.);
#2917=EDGE_CURVE('',#2393,#2396,#1155,.T.);
#2918=EDGE_CURVE('',#2397,#2393,#1156,.T.);
#2919=EDGE_CURVE('',#2396,#2397,#1157,.T.);
#2920=EDGE_CURVE('',#2398,#2399,#1158,.T.);
#2921=EDGE_CURVE('',#2399,#2400,#1159,.T.);
#2922=EDGE_CURVE('',#2400,#2395,#1160,.T.);
#2923=EDGE_CURVE('',#2394,#2391,#1161,.T.);
#2924=EDGE_CURVE('',#2376,#2373,#1162,.T.);
#2925=EDGE_CURVE('',#2372,#2369,#1163,.T.);
#2926=EDGE_CURVE('',#2368,#2365,#1164,.T.);
#2927=EDGE_CURVE('',#2364,#2361,#1165,.T.);
#2928=EDGE_CURVE('',#2360,#2357,#1166,.T.);
#2929=EDGE_CURVE('',#2356,#2398,#1167,.T.);
#2930=EDGE_CURVE('',#2390,#2374,#1168,.T.);
#2931=EDGE_CURVE('',#2393,#2401,#1169,.T.);
#2932=EDGE_CURVE('',#2401,#2392,#1170,.T.);
#2933=EDGE_CURVE('',#2330,#2308,#1171,.T.);
#2934=EDGE_CURVE('',#2359,#2402,#1172,.T.);
#2935=EDGE_CURVE('',#2402,#2403,#1173,.T.);
#2936=EDGE_CURVE('',#2403,#2358,#1174,.T.);
#2937=EDGE_CURVE('',#2363,#2404,#1175,.T.);
#2938=EDGE_CURVE('',#2404,#2405,#1176,.T.);
#2939=EDGE_CURVE('',#2405,#2362,#1177,.T.);
#2940=EDGE_CURVE('',#2367,#2406,#1178,.T.);
#2941=EDGE_CURVE('',#2406,#2407,#1179,.T.);
#2942=EDGE_CURVE('',#2407,#2366,#1180,.T.);
#2943=EDGE_CURVE('',#2408,#2370,#1181,.T.);
#2944=EDGE_CURVE('',#2371,#2409,#1182,.T.);
#2945=EDGE_CURVE('',#2409,#2408,#1183,.T.);
#2946=EDGE_CURVE('',#2410,#2411,#1184,.T.);
#2947=EDGE_CURVE('',#2411,#2412,#1185,.T.);
#2948=EDGE_CURVE('',#2412,#2410,#1186,.T.);
#2949=EDGE_CURVE('',#2413,#2414,#1187,.T.);
#2950=EDGE_CURVE('',#2414,#2415,#1188,.T.);
#2951=EDGE_CURVE('',#2415,#2416,#1189,.T.);
#2952=EDGE_CURVE('',#2416,#2417,#1190,.T.);
#2953=EDGE_CURVE('',#2417,#2418,#1191,.T.);
#2954=EDGE_CURVE('',#2418,#2419,#1192,.T.);
#2955=EDGE_CURVE('',#2419,#2413,#1193,.T.);
#2956=EDGE_CURVE('',#2420,#2421,#1194,.T.);
#2957=EDGE_CURVE('',#2420,#2309,#1195,.T.);
#2958=EDGE_CURVE('',#2421,#2355,#1196,.T.);
#2959=EDGE_CURVE('',#2421,#2422,#1197,.T.);
#2960=EDGE_CURVE('',#2422,#2318,#1198,.T.);
#2961=EDGE_CURVE('',#2422,#2423,#1199,.T.);
#2962=EDGE_CURVE('',#2423,#2321,#1200,.T.);
#2963=EDGE_CURVE('',#2423,#2424,#1201,.T.);
#2964=EDGE_CURVE('',#2424,#2354,#1202,.T.);
#2965=EDGE_CURVE('',#2424,#2425,#1203,.T.);
#2966=EDGE_CURVE('',#2425,#2353,#1204,.T.);
#2967=EDGE_CURVE('',#2425,#2426,#1205,.T.);
#2968=EDGE_CURVE('',#2426,#2304,#1206,.T.);
#2969=EDGE_CURVE('',#2426,#2427,#1207,.T.);
#2970=EDGE_CURVE('',#2427,#2307,#1208,.T.);
#2971=EDGE_CURVE('',#2427,#2428,#1209,.T.);
#2972=EDGE_CURVE('',#2428,#2338,#1210,.T.);
#2973=EDGE_CURVE('',#2428,#2429,#1211,.T.);
#2974=EDGE_CURVE('',#2429,#2352,#1212,.T.);
#2975=EDGE_CURVE('',#2429,#2430,#1213,.T.);
#2976=EDGE_CURVE('',#2430,#2351,#1214,.T.);
#2977=EDGE_CURVE('',#2430,#2431,#1215,.T.);
#2978=EDGE_CURVE('',#2431,#2350,#1216,.T.);
#2979=EDGE_CURVE('',#2431,#2432,#1217,.T.);
#2980=EDGE_CURVE('',#2432,#2349,#1218,.T.);
#2981=EDGE_CURVE('',#2432,#2433,#1219,.T.);
#2982=EDGE_CURVE('',#2433,#2348,#1220,.T.);
#2983=EDGE_CURVE('',#2434,#2435,#1221,.T.);
#2984=EDGE_CURVE('',#2434,#2403,#1222,.T.);
#2985=EDGE_CURVE('',#2435,#2402,#1223,.T.);
#2986=EDGE_CURVE('',#2435,#2436,#1224,.T.);
#2987=EDGE_CURVE('',#2436,#2405,#1225,.T.);
#2988=EDGE_CURVE('',#2436,#2437,#1226,.T.);
#2989=EDGE_CURVE('',#2437,#2404,#1227,.T.);
#2990=EDGE_CURVE('',#2438,#2439,#1228,.T.);
#2991=EDGE_CURVE('',#2438,#2407,#1229,.T.);
#2992=EDGE_CURVE('',#2439,#2406,#1230,.T.);
#2993=EDGE_CURVE('',#2439,#2440,#1231,.T.);
#2994=EDGE_CURVE('',#2440,#2408,#1232,.T.);
#2995=EDGE_CURVE('',#2440,#2441,#1233,.T.);
#2996=EDGE_CURVE('',#2441,#2409,#1234,.T.);
#2997=EDGE_CURVE('',#2442,#2443,#1235,.T.);
#2998=EDGE_CURVE('',#2442,#2401,#1236,.T.);
#2999=EDGE_CURVE('',#2443,#2397,#1237,.T.);
#3000=EDGE_CURVE('',#2444,#2445,#1238,.T.);
#3001=EDGE_CURVE('',#2444,#2398,#1239,.T.);
#3002=EDGE_CURVE('',#2445,#2345,#1240,.T.);
#3003=EDGE_CURVE('',#2445,#2446,#1241,.T.);
#3004=EDGE_CURVE('',#2447,#2344,#1242,.T.);
#3005=EDGE_CURVE('',#2446,#2447,#1243,.T.);
#3006=EDGE_CURVE('',#2447,#2448,#1244,.T.);
#3007=EDGE_CURVE('',#2449,#2343,#1245,.T.);
#3008=EDGE_CURVE('',#2448,#2449,#1246,.T.);
#3009=EDGE_CURVE('',#2449,#2414,#1247,.T.);
#3010=EDGE_CURVE('',#2415,#2342,#1248,.T.);
#3011=EDGE_CURVE('',#2416,#2341,#1249,.T.);
#3012=EDGE_CURVE('',#2416,#2450,#1250,.T.);
#3013=EDGE_CURVE('',#2450,#2340,#1251,.T.);
#3014=EDGE_CURVE('',#2450,#2411,#1252,.T.);
#3015=EDGE_CURVE('',#2451,#2339,#1253,.T.);
#3016=EDGE_CURVE('',#2412,#2451,#1254,.T.);
#3017=EDGE_CURVE('',#2452,#2420,#1255,.T.);
#3018=EDGE_CURVE('',#2452,#2310,#1256,.T.);
#3019=EDGE_CURVE('',#2453,#2446,#1257,.T.);
#3020=EDGE_CURVE('',#2448,#2454,#1258,.T.);
#3021=EDGE_CURVE('',#2454,#2453,#1259,.T.);
#3022=EDGE_CURVE('',#2411,#2416,#1260,.T.);
#3023=EDGE_CURVE('',#2451,#2455,#1261,.T.);
#3024=EDGE_CURVE('',#2455,#2412,#1262,.T.);
#3025=EDGE_CURVE('',#2441,#2438,#1263,.T.);
#3026=EDGE_CURVE('',#2414,#2456,#1264,.T.);
#3027=EDGE_CURVE('',#2456,#2448,#1265,.T.);
#3028=EDGE_CURVE('',#2446,#2457,#1266,.T.);
#3029=EDGE_CURVE('',#2457,#2444,#1267,.T.);
#3030=EDGE_CURVE('',#2443,#2458,#1268,.T.);
#3031=EDGE_CURVE('',#2458,#2442,#1269,.T.);
#3032=EDGE_CURVE('',#2433,#2459,#1270,.T.);
#3033=EDGE_CURVE('',#2459,#2460,#1271,.T.);
#3034=EDGE_CURVE('',#2460,#2461,#1272,.T.);
#3035=EDGE_CURVE('',#2461,#2462,#1273,.T.);
#3036=EDGE_CURVE('',#2462,#2463,#1274,.T.);
#3037=EDGE_CURVE('',#2463,#2464,#1275,.T.);
#3038=EDGE_CURVE('',#2464,#2465,#1276,.T.);
#3039=EDGE_CURVE('',#2465,#2466,#1277,.T.);
#3040=EDGE_CURVE('',#2466,#2467,#1278,.T.);
#3041=EDGE_CURVE('',#2467,#2468,#1279,.T.);
#3042=EDGE_CURVE('',#2468,#2469,#1280,.T.);
#3043=EDGE_CURVE('',#2469,#2470,#1281,.T.);
#3044=EDGE_CURVE('',#2470,#2471,#1282,.T.);
#3045=EDGE_CURVE('',#2471,#2472,#1283,.T.);
#3046=EDGE_CURVE('',#2472,#2473,#1284,.T.);
#3047=EDGE_CURVE('',#2473,#2474,#1285,.T.);
#3048=EDGE_CURVE('',#2474,#2475,#1286,.T.);
#3049=EDGE_CURVE('',#2475,#2476,#1287,.T.);
#3050=EDGE_CURVE('',#2476,#2452,#1288,.T.);
#3051=EDGE_CURVE('',#2477,#2478,#1289,.T.);
#3052=EDGE_CURVE('',#2479,#2478,#1290,.T.);
#3053=EDGE_CURVE('',#2479,#2480,#1291,.T.);
#3054=EDGE_CURVE('',#2477,#2480,#1292,.T.);
#3055=EDGE_CURVE('',#2481,#2482,#1293,.T.);
#3056=EDGE_CURVE('',#2483,#2482,#1294,.T.);
#3057=EDGE_CURVE('',#2483,#2484,#1295,.T.);
#3058=EDGE_CURVE('',#2484,#2481,#1296,.T.);
#3059=EDGE_CURVE('',#2485,#2486,#1297,.T.);
#3060=EDGE_CURVE('',#2487,#2486,#1298,.T.);
#3061=EDGE_CURVE('',#2485,#2487,#1299,.T.);
#3062=EDGE_CURVE('',#2488,#2489,#1300,.T.);
#3063=EDGE_CURVE('',#2490,#2489,#1301,.T.);
#3064=EDGE_CURVE('',#2488,#2490,#1302,.T.);
#3065=EDGE_CURVE('',#2491,#2492,#1303,.T.);
#3066=EDGE_CURVE('',#2491,#2464,#1304,.T.);
#3067=EDGE_CURVE('',#2492,#2463,#1305,.T.);
#3068=EDGE_CURVE('',#2493,#2494,#1306,.T.);
#3069=EDGE_CURVE('',#2493,#2462,#1307,.T.);
#3070=EDGE_CURVE('',#2494,#2461,#1308,.T.);
#3071=EDGE_CURVE('',#2494,#2495,#1309,.T.);
#3072=EDGE_CURVE('',#2495,#2460,#1310,.T.);
#3073=EDGE_CURVE('',#2495,#2496,#1311,.T.);
#3074=EDGE_CURVE('',#2496,#2459,#1312,.T.);
#3075=EDGE_CURVE('',#2496,#2497,#1313,.T.);
#3076=EDGE_CURVE('',#2437,#2434,#1314,.T.);
#3077=EDGE_CURVE('',#2497,#2442,#1315,.T.);
#3078=EDGE_CURVE('',#2497,#2498,#1316,.T.);
#3079=EDGE_CURVE('',#2498,#2458,#1317,.T.);
#3080=EDGE_CURVE('',#2499,#2500,#1318,.T.);
#3081=EDGE_CURVE('',#2499,#2399,#1319,.T.);
#3082=EDGE_CURVE('',#2500,#2457,#1320,.T.);
#3083=EDGE_CURVE('',#2500,#2501,#1321,.T.);
#3084=EDGE_CURVE('',#2501,#2453,#1322,.T.);
#3085=EDGE_CURVE('',#2501,#2502,#1323,.T.);
#3086=EDGE_CURVE('',#2502,#2454,#1324,.T.);
#3087=EDGE_CURVE('',#2502,#2503,#1325,.T.);
#3088=EDGE_CURVE('',#2503,#2456,#1326,.T.);
#3089=EDGE_CURVE('',#2503,#2504,#1327,.T.);
#3090=EDGE_CURVE('',#2504,#2413,#1328,.T.);
#3091=EDGE_CURVE('',#2504,#2505,#1329,.T.);
#3092=EDGE_CURVE('',#2505,#2419,#1330,.T.);
#3093=EDGE_CURVE('',#2505,#2506,#1331,.T.);
#3094=EDGE_CURVE('',#2506,#2418,#1332,.T.);
#3095=EDGE_CURVE('',#2506,#2507,#1333,.T.);
#3096=EDGE_CURVE('',#2507,#2417,#1334,.T.);
#3097=EDGE_CURVE('',#2507,#2508,#1335,.T.);
#3098=EDGE_CURVE('',#2508,#2416,#1336,.T.);
#3099=EDGE_CURVE('',#2508,#2509,#1337,.T.);
#3100=EDGE_CURVE('',#2509,#2410,#1338,.T.);
#3101=EDGE_CURVE('',#2509,#2510,#1339,.T.);
#3102=EDGE_CURVE('',#2510,#2455,#1340,.T.);
#3103=EDGE_CURVE('',#2510,#2511,#1341,.T.);
#3104=EDGE_CURVE('',#2511,#2185,#1342,.T.);
#3105=EDGE_CURVE('',#2511,#2512,#1343,.T.);
#3106=EDGE_CURVE('',#2512,#2184,#1344,.T.);
#3107=EDGE_CURVE('',#2512,#2513,#1345,.T.);
#3108=EDGE_CURVE('',#2513,#2183,#1346,.T.);
#3109=EDGE_CURVE('',#2513,#2514,#1347,.T.);
#3110=EDGE_CURVE('',#2514,#2182,#1348,.T.);
#3111=EDGE_CURVE('',#2515,#2516,#1349,.T.);
#3112=EDGE_CURVE('',#2515,#2297,#1350,.T.);
#3113=EDGE_CURVE('',#2516,#2452,#1351,.T.);
#3114=EDGE_CURVE('',#2516,#2517,#1352,.T.);
#3115=EDGE_CURVE('',#2517,#2476,#1353,.T.);
#3116=EDGE_CURVE('',#2483,#2518,#1354,.T.);
#3117=EDGE_CURVE('',#2517,#2482,#1355,.T.);
#3118=EDGE_CURVE('',#2518,#2475,#1356,.T.);
#3119=EDGE_CURVE('',#2518,#2519,#1357,.T.);
#3120=EDGE_CURVE('',#2519,#2474,#1358,.T.);
#3121=EDGE_CURVE('',#2477,#2520,#1359,.T.);
#3122=EDGE_CURVE('',#2519,#2480,#1360,.T.);
#3123=EDGE_CURVE('',#2520,#2473,#1361,.T.);
#3124=EDGE_CURVE('',#2520,#2521,#1362,.T.);
#3125=EDGE_CURVE('',#2521,#2472,#1363,.T.);
#3126=EDGE_CURVE('',#2522,#2523,#1364,.T.);
#3127=EDGE_CURVE('',#2521,#2523,#1365,.T.);
#3128=EDGE_CURVE('',#2522,#2471,#1366,.T.);
#3129=EDGE_CURVE('',#2524,#2489,#1367,.T.);
#3130=EDGE_CURVE('',#2524,#2522,#1368,.T.);
#3131=EDGE_CURVE('',#2490,#2470,#1369,.T.);
#3132=EDGE_CURVE('',#2488,#2486,#1370,.T.);
#3133=EDGE_CURVE('',#2487,#2469,#1371,.T.);
#3134=EDGE_CURVE('',#2485,#2525,#1372,.T.);
#3135=EDGE_CURVE('',#2525,#2468,#1373,.T.);
#3136=EDGE_CURVE('',#2526,#2491,#1374,.T.);
#3137=EDGE_CURVE('',#2526,#2465,#1375,.T.);
#3138=EDGE_CURVE('',#2524,#2523,#1376,.T.);
#3139=EDGE_CURVE('',#2480,#2483,#1377,.T.);
#3140=EDGE_CURVE('',#2486,#2527,#1378,.T.);
#3141=EDGE_CURVE('',#2527,#2488,#1379,.T.);
#3142=EDGE_CURVE('',#2492,#2528,#1380,.T.);
#3143=EDGE_CURVE('',#2528,#2529,#1381,.T.);
#3144=EDGE_CURVE('',#2529,#2526,#1382,.T.);
#3145=EDGE_CURVE('',#2498,#2530,#1383,.T.);
#3146=EDGE_CURVE('',#2530,#2531,#1384,.T.);
#3147=EDGE_CURVE('',#2531,#2493,#1385,.T.);
#3148=EDGE_CURVE('',#2514,#2532,#1386,.T.);
#3149=EDGE_CURVE('',#2532,#2533,#1387,.T.);
#3150=EDGE_CURVE('',#2533,#2534,#1388,.T.);
#3151=EDGE_CURVE('',#2534,#2499,#1389,.T.);
#3152=EDGE_CURVE('',#2535,#2536,#1390,.T.);
#3153=EDGE_CURVE('',#2536,#2537,#1391,.T.);
#3154=EDGE_CURVE('',#2537,#2538,#1392,.T.);
#3155=EDGE_CURVE('',#2538,#2535,#1393,.T.);
#3156=EDGE_CURVE('',#2539,#2540,#1394,.T.);
#3157=EDGE_CURVE('',#2540,#2541,#1395,.T.);
#3158=EDGE_CURVE('',#2541,#2542,#1396,.T.);
#3159=EDGE_CURVE('',#2542,#2539,#1397,.T.);
#3160=EDGE_CURVE('',#2543,#2544,#1398,.T.);
#3161=EDGE_CURVE('',#2544,#2545,#1399,.T.);
#3162=EDGE_CURVE('',#2545,#2546,#1400,.T.);
#3163=EDGE_CURVE('',#2546,#2547,#1401,.T.);
#3164=EDGE_CURVE('',#2547,#2548,#1402,.T.);
#3165=EDGE_CURVE('',#2548,#2549,#1403,.T.);
#3166=EDGE_CURVE('',#2549,#2550,#1404,.T.);
#3167=EDGE_CURVE('',#2550,#2551,#1405,.T.);
#3168=EDGE_CURVE('',#2551,#2552,#1406,.T.);
#3169=EDGE_CURVE('',#2552,#2543,#1407,.T.);
#3170=EDGE_CURVE('',#2525,#2553,#1408,.T.);
#3171=EDGE_CURVE('',#2553,#2485,#1409,.T.);
#3172=EDGE_CURVE('',#2489,#2554,#1410,.T.);
#3173=EDGE_CURVE('',#2554,#2555,#1411,.T.);
#3174=EDGE_CURVE('',#2555,#2524,#1412,.T.);
#3175=EDGE_CURVE('',#2523,#2556,#1413,.T.);
#3176=EDGE_CURVE('',#2556,#2515,#1414,.T.);
#3177=EDGE_CURVE('',#2482,#2477,#1415,.T.);
#3178=EDGE_CURVE('',#2557,#2558,#1416,.T.);
#3179=EDGE_CURVE('',#2557,#2535,#1417,.T.);
#3180=EDGE_CURVE('',#2558,#2538,#1418,.T.);
#3181=EDGE_CURVE('',#2558,#2559,#1419,.T.);
#3182=EDGE_CURVE('',#2559,#2537,#1420,.T.);
#3183=EDGE_CURVE('',#2559,#2560,#1421,.T.);
#3184=EDGE_CURVE('',#2560,#2536,#1422,.T.);
#3185=EDGE_CURVE('',#2560,#2557,#1423,.T.);
#3186=EDGE_CURVE('',#2561,#2562,#1424,.T.);
#3187=EDGE_CURVE('',#2561,#2539,#1425,.T.);
#3188=EDGE_CURVE('',#2562,#2542,#1426,.T.);
#3189=EDGE_CURVE('',#2562,#2563,#1427,.T.);
#3190=EDGE_CURVE('',#2563,#2541,#1428,.T.);
#3191=EDGE_CURVE('',#2563,#2564,#1429,.T.);
#3192=EDGE_CURVE('',#2564,#2540,#1430,.T.);
#3193=EDGE_CURVE('',#2564,#2561,#1431,.T.);
#3194=EDGE_CURVE('',#2565,#2566,#1432,.T.);
#3195=EDGE_CURVE('',#2565,#2543,#1433,.T.);
#3196=EDGE_CURVE('',#2566,#2552,#1434,.T.);
#3197=EDGE_CURVE('',#2566,#2567,#1435,.T.);
#3198=EDGE_CURVE('',#2567,#2551,#1436,.T.);
#3199=EDGE_CURVE('',#2567,#2568,#1437,.T.);
#3200=EDGE_CURVE('',#2568,#2550,#1438,.T.);
#3201=EDGE_CURVE('',#2568,#2569,#1439,.T.);
#3202=EDGE_CURVE('',#2569,#2549,#1440,.T.);
#3203=EDGE_CURVE('',#2569,#2570,#1441,.T.);
#3204=EDGE_CURVE('',#2570,#2548,#1442,.T.);
#3205=EDGE_CURVE('',#2570,#2571,#1443,.T.);
#3206=EDGE_CURVE('',#2571,#2547,#1444,.T.);
#3207=EDGE_CURVE('',#2571,#2572,#1445,.T.);
#3208=EDGE_CURVE('',#2572,#2546,#1446,.T.);
#3209=EDGE_CURVE('',#2572,#2573,#1447,.T.);
#3210=EDGE_CURVE('',#2573,#2545,#1448,.T.);
#3211=EDGE_CURVE('',#2573,#2574,#1449,.T.);
#3212=EDGE_CURVE('',#2574,#2544,#1450,.T.);
#3213=EDGE_CURVE('',#2574,#2565,#1451,.T.);
#3214=EDGE_CURVE('',#2575,#2576,#1452,.T.);
#3215=EDGE_CURVE('',#2576,#2531,#1453,.T.);
#3216=EDGE_CURVE('',#2575,#2530,#1454,.T.);
#3217=EDGE_CURVE('',#2577,#2575,#1455,.T.);
#3218=EDGE_CURVE('',#2577,#2400,#1456,.T.);
#3219=EDGE_CURVE('',#2578,#2577,#1457,.T.);
#3220=EDGE_CURVE('',#2578,#2534,#1458,.T.);
#3221=EDGE_CURVE('',#2579,#2578,#1459,.T.);
#3222=EDGE_CURVE('',#2579,#2533,#1460,.T.);
#3223=EDGE_CURVE('',#2580,#2579,#1461,.T.);
#3224=EDGE_CURVE('',#2580,#2532,#1462,.T.);
#3225=EDGE_CURVE('',#2581,#2580,#1463,.T.);
#3226=EDGE_CURVE('',#2581,#2298,#1464,.T.);
#3227=EDGE_CURVE('',#2582,#2581,#1465,.T.);
#3228=EDGE_CURVE('',#2582,#2556,#1466,.T.);
#3229=EDGE_CURVE('',#2583,#2582,#1467,.T.);
#3230=EDGE_CURVE('',#2583,#2523,#1468,.T.);
#3231=EDGE_CURVE('',#2584,#2583,#1469,.T.);
#3232=EDGE_CURVE('',#2584,#2555,#1470,.T.);
#3233=EDGE_CURVE('',#2585,#2584,#1471,.T.);
#3234=EDGE_CURVE('',#2585,#2554,#1472,.T.);
#3235=EDGE_CURVE('',#2586,#2585,#1473,.T.);
#3236=EDGE_CURVE('',#2586,#2527,#1474,.T.);
#3237=EDGE_CURVE('',#2587,#2586,#1475,.T.);
#3238=EDGE_CURVE('',#2587,#2553,#1476,.T.);
#3239=EDGE_CURVE('',#2588,#2587,#1477,.T.);
#3240=EDGE_CURVE('',#2589,#2467,#1478,.T.);
#3241=EDGE_CURVE('',#2589,#2590,#1479,.T.);
#3242=EDGE_CURVE('',#2590,#2479,#1480,.T.);
#3243=EDGE_CURVE('',#2588,#2478,#1481,.T.);
#3244=EDGE_CURVE('',#2591,#2588,#1482,.T.);
#3245=EDGE_CURVE('',#2591,#2481,#1483,.T.);
#3246=EDGE_CURVE('',#2592,#2591,#1484,.T.);
#3247=EDGE_CURVE('',#2592,#2484,#1485,.T.);
#3248=EDGE_CURVE('',#2590,#2592,#1486,.T.);
#3249=EDGE_CURVE('',#2593,#2589,#1487,.T.);
#3250=EDGE_CURVE('',#2593,#2466,#1488,.T.);
#3251=EDGE_CURVE('',#2594,#2593,#1489,.T.);
#3252=EDGE_CURVE('',#2594,#2529,#1490,.T.);
#3253=EDGE_CURVE('',#2595,#2594,#1491,.T.);
#3254=EDGE_CURVE('',#2595,#2528,#1492,.T.);
#3255=EDGE_CURVE('',#2576,#2595,#1493,.T.);
#3256=ORIENTED_EDGE('',*,*,#2596,.F.);
#3257=ORIENTED_EDGE('',*,*,#2597,.T.);
#3258=ORIENTED_EDGE('',*,*,#2598,.F.);
#3259=ORIENTED_EDGE('',*,*,#2599,.F.);
#3260=ORIENTED_EDGE('',*,*,#2600,.F.);
#3261=ORIENTED_EDGE('',*,*,#2601,.T.);
#3262=ORIENTED_EDGE('',*,*,#2602,.T.);
#3263=ORIENTED_EDGE('',*,*,#2603,.F.);
#3264=ORIENTED_EDGE('',*,*,#2604,.F.);
#3265=ORIENTED_EDGE('',*,*,#2605,.F.);
#3266=ORIENTED_EDGE('',*,*,#2606,.F.);
#3267=ORIENTED_EDGE('',*,*,#2597,.F.);
#3268=ORIENTED_EDGE('',*,*,#2607,.F.);
#3269=ORIENTED_EDGE('',*,*,#2608,.T.);
#3270=ORIENTED_EDGE('',*,*,#2609,.T.);
#3271=ORIENTED_EDGE('',*,*,#2608,.F.);
#3272=ORIENTED_EDGE('',*,*,#2609,.F.);
#3273=ORIENTED_EDGE('',*,*,#2610,.T.);
#3274=ORIENTED_EDGE('',*,*,#2610,.F.);
#3275=ORIENTED_EDGE('',*,*,#2611,.F.);
#3276=ORIENTED_EDGE('',*,*,#2612,.T.);
#3277=ORIENTED_EDGE('',*,*,#2612,.F.);
#3278=ORIENTED_EDGE('',*,*,#2613,.F.);
#3279=ORIENTED_EDGE('',*,*,#2614,.T.);
#3280=ORIENTED_EDGE('',*,*,#2615,.T.);
#3281=ORIENTED_EDGE('',*,*,#2616,.F.);
#3282=ORIENTED_EDGE('',*,*,#2615,.F.);
#3283=ORIENTED_EDGE('',*,*,#2614,.F.);
#3284=ORIENTED_EDGE('',*,*,#2617,.T.);
#3285=ORIENTED_EDGE('',*,*,#2618,.T.);
#3286=ORIENTED_EDGE('',*,*,#2619,.F.);
#3287=ORIENTED_EDGE('',*,*,#2618,.F.);
#3288=ORIENTED_EDGE('',*,*,#2617,.F.);
#3289=ORIENTED_EDGE('',*,*,#2601,.F.);
#3290=ORIENTED_EDGE('',*,*,#2620,.F.);
#3291=ORIENTED_EDGE('',*,*,#2621,.F.);
#3292=ORIENTED_EDGE('',*,*,#2622,.T.);
#3293=ORIENTED_EDGE('',*,*,#2623,.F.);
#3294=ORIENTED_EDGE('',*,*,#2602,.F.);
#3295=ORIENTED_EDGE('',*,*,#2622,.F.);
#3296=ORIENTED_EDGE('',*,*,#2599,.T.);
#3297=ORIENTED_EDGE('',*,*,#2624,.F.);
#3298=ORIENTED_EDGE('',*,*,#2625,.T.);
#3299=ORIENTED_EDGE('',*,*,#2626,.T.);
#3300=ORIENTED_EDGE('',*,*,#2627,.T.);
#3301=ORIENTED_EDGE('',*,*,#2628,.T.);
#3302=ORIENTED_EDGE('',*,*,#2629,.T.);
#3303=ORIENTED_EDGE('',*,*,#2630,.T.);
#3304=ORIENTED_EDGE('',*,*,#2631,.T.);
#3305=ORIENTED_EDGE('',*,*,#2632,.T.);
#3306=ORIENTED_EDGE('',*,*,#2633,.T.);
#3307=ORIENTED_EDGE('',*,*,#2634,.T.);
#3308=ORIENTED_EDGE('',*,*,#2635,.T.);
#3309=ORIENTED_EDGE('',*,*,#2636,.T.);
#3310=ORIENTED_EDGE('',*,*,#2637,.T.);
#3311=ORIENTED_EDGE('',*,*,#2638,.T.);
#3312=ORIENTED_EDGE('',*,*,#2639,.T.);
#3313=ORIENTED_EDGE('',*,*,#2640,.T.);
#3314=ORIENTED_EDGE('',*,*,#2641,.T.);
#3315=ORIENTED_EDGE('',*,*,#2642,.T.);
#3316=ORIENTED_EDGE('',*,*,#2643,.T.);
#3317=ORIENTED_EDGE('',*,*,#2644,.T.);
#3318=ORIENTED_EDGE('',*,*,#2645,.T.);
#3319=ORIENTED_EDGE('',*,*,#2646,.T.);
#3320=ORIENTED_EDGE('',*,*,#2647,.T.);
#3321=ORIENTED_EDGE('',*,*,#2648,.T.);
#3322=ORIENTED_EDGE('',*,*,#2649,.T.);
#3323=ORIENTED_EDGE('',*,*,#2650,.T.);
#3324=ORIENTED_EDGE('',*,*,#2651,.T.);
#3325=ORIENTED_EDGE('',*,*,#2652,.T.);
#3326=ORIENTED_EDGE('',*,*,#2653,.T.);
#3327=ORIENTED_EDGE('',*,*,#2616,.T.);
#3328=ORIENTED_EDGE('',*,*,#2619,.T.);
#3329=ORIENTED_EDGE('',*,*,#2598,.T.);
#3330=ORIENTED_EDGE('',*,*,#2606,.T.);
#3331=ORIENTED_EDGE('',*,*,#2654,.T.);
#3332=ORIENTED_EDGE('',*,*,#2655,.T.);
#3333=ORIENTED_EDGE('',*,*,#2656,.T.);
#3334=ORIENTED_EDGE('',*,*,#2657,.T.);
#3335=ORIENTED_EDGE('',*,*,#2658,.T.);
#3336=ORIENTED_EDGE('',*,*,#2659,.T.);
#3337=ORIENTED_EDGE('',*,*,#2660,.T.);
#3338=ORIENTED_EDGE('',*,*,#2661,.T.);
#3339=ORIENTED_EDGE('',*,*,#2662,.T.);
#3340=ORIENTED_EDGE('',*,*,#2663,.T.);
#3341=ORIENTED_EDGE('',*,*,#2664,.T.);
#3342=ORIENTED_EDGE('',*,*,#2665,.T.);
#3343=ORIENTED_EDGE('',*,*,#2666,.T.);
#3344=ORIENTED_EDGE('',*,*,#2667,.T.);
#3345=ORIENTED_EDGE('',*,*,#2668,.T.);
#3346=ORIENTED_EDGE('',*,*,#2669,.T.);
#3347=ORIENTED_EDGE('',*,*,#2624,.T.);
#3348=ORIENTED_EDGE('',*,*,#2670,.T.);
#3349=ORIENTED_EDGE('',*,*,#2671,.T.);
#3350=ORIENTED_EDGE('',*,*,#2605,.T.);
#3351=ORIENTED_EDGE('',*,*,#2672,.T.);
#3352=ORIENTED_EDGE('',*,*,#2673,.F.);
#3353=ORIENTED_EDGE('',*,*,#2654,.F.);
#3354=ORIENTED_EDGE('',*,*,#2620,.T.);
#3355=ORIENTED_EDGE('',*,*,#2600,.T.);
#3356=ORIENTED_EDGE('',*,*,#2626,.F.);
#3357=ORIENTED_EDGE('',*,*,#2674,.F.);
#3358=ORIENTED_EDGE('',*,*,#2675,.F.);
#3359=ORIENTED_EDGE('',*,*,#2676,.F.);
#3360=ORIENTED_EDGE('',*,*,#2677,.F.);
#3361=ORIENTED_EDGE('',*,*,#2678,.F.);
#3362=ORIENTED_EDGE('',*,*,#2679,.F.);
#3363=ORIENTED_EDGE('',*,*,#2680,.F.);
#3364=ORIENTED_EDGE('',*,*,#2681,.F.);
#3365=ORIENTED_EDGE('',*,*,#2682,.F.);
#3366=ORIENTED_EDGE('',*,*,#2683,.F.);
#3367=ORIENTED_EDGE('',*,*,#2684,.F.);
#3368=ORIENTED_EDGE('',*,*,#2685,.F.);
#3369=ORIENTED_EDGE('',*,*,#2686,.F.);
#3370=ORIENTED_EDGE('',*,*,#2687,.F.);
#3371=ORIENTED_EDGE('',*,*,#2688,.F.);
#3372=ORIENTED_EDGE('',*,*,#2672,.F.);
#3373=ORIENTED_EDGE('',*,*,#2604,.T.);
#3374=ORIENTED_EDGE('',*,*,#2689,.T.);
#3375=ORIENTED_EDGE('',*,*,#2690,.T.);
#3376=ORIENTED_EDGE('',*,*,#2691,.F.);
#3377=ORIENTED_EDGE('',*,*,#2692,.T.);
#3378=ORIENTED_EDGE('',*,*,#2693,.F.);
#3379=ORIENTED_EDGE('',*,*,#2692,.F.);
#3380=ORIENTED_EDGE('',*,*,#2694,.F.);
#3381=ORIENTED_EDGE('',*,*,#2695,.T.);
#3382=ORIENTED_EDGE('',*,*,#2671,.F.);
#3383=ORIENTED_EDGE('',*,*,#2695,.F.);
#3384=ORIENTED_EDGE('',*,*,#2696,.F.);
#3385=ORIENTED_EDGE('',*,*,#2697,.T.);
#3386=ORIENTED_EDGE('',*,*,#2698,.F.);
#3387=ORIENTED_EDGE('',*,*,#2697,.F.);
#3388=ORIENTED_EDGE('',*,*,#2699,.F.);
#3389=ORIENTED_EDGE('',*,*,#2700,.T.);
#3390=ORIENTED_EDGE('',*,*,#2670,.F.);
#3391=ORIENTED_EDGE('',*,*,#2700,.F.);
#3392=ORIENTED_EDGE('',*,*,#2701,.F.);
#3393=ORIENTED_EDGE('',*,*,#2702,.T.);
#3394=ORIENTED_EDGE('',*,*,#2703,.F.);
#3395=ORIENTED_EDGE('',*,*,#2702,.F.);
#3396=ORIENTED_EDGE('',*,*,#2704,.F.);
#3397=ORIENTED_EDGE('',*,*,#2705,.T.);
#3398=ORIENTED_EDGE('',*,*,#2706,.F.);
#3399=ORIENTED_EDGE('',*,*,#2705,.F.);
#3400=ORIENTED_EDGE('',*,*,#2706,.T.);
#3401=ORIENTED_EDGE('',*,*,#2596,.T.);
#3402=ORIENTED_EDGE('',*,*,#2707,.F.);
#3403=ORIENTED_EDGE('',*,*,#2708,.T.);
#3404=ORIENTED_EDGE('',*,*,#2709,.F.);
#3405=ORIENTED_EDGE('',*,*,#2708,.F.);
#3406=ORIENTED_EDGE('',*,*,#2709,.T.);
#3407=ORIENTED_EDGE('',*,*,#2691,.T.);
#3408=ORIENTED_EDGE('',*,*,#2710,.F.);
#3409=ORIENTED_EDGE('',*,*,#2711,.T.);
#3410=ORIENTED_EDGE('',*,*,#2712,.F.);
#3411=ORIENTED_EDGE('',*,*,#2711,.F.);
#3412=ORIENTED_EDGE('',*,*,#2712,.T.);
#3413=ORIENTED_EDGE('',*,*,#2694,.T.);
#3414=ORIENTED_EDGE('',*,*,#2713,.F.);
#3415=ORIENTED_EDGE('',*,*,#2714,.T.);
#3416=ORIENTED_EDGE('',*,*,#2715,.F.);
#3417=ORIENTED_EDGE('',*,*,#2714,.F.);
#3418=ORIENTED_EDGE('',*,*,#2715,.T.);
#3419=ORIENTED_EDGE('',*,*,#2696,.T.);
#3420=ORIENTED_EDGE('',*,*,#2716,.F.);
#3421=ORIENTED_EDGE('',*,*,#2717,.T.);
#3422=ORIENTED_EDGE('',*,*,#2718,.F.);
#3423=ORIENTED_EDGE('',*,*,#2717,.F.);
#3424=ORIENTED_EDGE('',*,*,#2718,.T.);
#3425=ORIENTED_EDGE('',*,*,#2699,.T.);
#3426=ORIENTED_EDGE('',*,*,#2719,.F.);
#3427=ORIENTED_EDGE('',*,*,#2720,.T.);
#3428=ORIENTED_EDGE('',*,*,#2721,.F.);
#3429=ORIENTED_EDGE('',*,*,#2720,.F.);
#3430=ORIENTED_EDGE('',*,*,#2721,.T.);
#3431=ORIENTED_EDGE('',*,*,#2701,.T.);
#3432=ORIENTED_EDGE('',*,*,#2722,.F.);
#3433=ORIENTED_EDGE('',*,*,#2723,.T.);
#3434=ORIENTED_EDGE('',*,*,#2724,.T.);
#3435=ORIENTED_EDGE('',*,*,#2723,.F.);
#3436=ORIENTED_EDGE('',*,*,#2722,.T.);
#3437=ORIENTED_EDGE('',*,*,#2724,.F.);
#3438=ORIENTED_EDGE('',*,*,#2725,.T.);
#3439=ORIENTED_EDGE('',*,*,#2689,.F.);
#3440=ORIENTED_EDGE('',*,*,#2603,.T.);
#3441=ORIENTED_EDGE('',*,*,#2623,.T.);
#3442=ORIENTED_EDGE('',*,*,#2621,.T.);
#3443=ORIENTED_EDGE('',*,*,#2690,.F.);
#3444=ORIENTED_EDGE('',*,*,#2725,.F.);
#3445=ORIENTED_EDGE('',*,*,#2675,.T.);
#3446=ORIENTED_EDGE('',*,*,#2726,.F.);
#3447=ORIENTED_EDGE('',*,*,#2668,.F.);
#3448=ORIENTED_EDGE('',*,*,#2727,.T.);
#3449=ORIENTED_EDGE('',*,*,#2674,.T.);
#3450=ORIENTED_EDGE('',*,*,#2625,.F.);
#3451=ORIENTED_EDGE('',*,*,#2669,.F.);
#3452=ORIENTED_EDGE('',*,*,#2726,.T.);
#3453=ORIENTED_EDGE('',*,*,#2688,.T.);
#3454=ORIENTED_EDGE('',*,*,#2728,.F.);
#3455=ORIENTED_EDGE('',*,*,#2655,.F.);
#3456=ORIENTED_EDGE('',*,*,#2673,.T.);
#3457=ORIENTED_EDGE('',*,*,#2687,.T.);
#3458=ORIENTED_EDGE('',*,*,#2729,.F.);
#3459=ORIENTED_EDGE('',*,*,#2656,.F.);
#3460=ORIENTED_EDGE('',*,*,#2728,.T.);
#3461=ORIENTED_EDGE('',*,*,#2686,.T.);
#3462=ORIENTED_EDGE('',*,*,#2730,.F.);
#3463=ORIENTED_EDGE('',*,*,#2657,.F.);
#3464=ORIENTED_EDGE('',*,*,#2729,.T.);
#3465=ORIENTED_EDGE('',*,*,#2685,.T.);
#3466=ORIENTED_EDGE('',*,*,#2731,.F.);
#3467=ORIENTED_EDGE('',*,*,#2658,.F.);
#3468=ORIENTED_EDGE('',*,*,#2730,.T.);
#3469=ORIENTED_EDGE('',*,*,#2732,.F.);
#3470=ORIENTED_EDGE('',*,*,#2733,.F.);
#3471=ORIENTED_EDGE('',*,*,#2734,.T.);
#3472=ORIENTED_EDGE('',*,*,#2735,.F.);
#3473=ORIENTED_EDGE('',*,*,#2734,.F.);
#3474=ORIENTED_EDGE('',*,*,#2733,.T.);
#3475=ORIENTED_EDGE('',*,*,#2732,.T.);
#3476=ORIENTED_EDGE('',*,*,#2736,.F.);
#3477=ORIENTED_EDGE('',*,*,#2737,.F.);
#3478=ORIENTED_EDGE('',*,*,#2738,.T.);
#3479=ORIENTED_EDGE('',*,*,#2739,.F.);
#3480=ORIENTED_EDGE('',*,*,#2738,.F.);
#3481=ORIENTED_EDGE('',*,*,#2737,.T.);
#3482=ORIENTED_EDGE('',*,*,#2736,.T.);
#3483=ORIENTED_EDGE('',*,*,#2740,.F.);
#3484=ORIENTED_EDGE('',*,*,#2741,.F.);
#3485=ORIENTED_EDGE('',*,*,#2742,.F.);
#3486=ORIENTED_EDGE('',*,*,#2743,.F.);
#3487=ORIENTED_EDGE('',*,*,#2744,.F.);
#3488=ORIENTED_EDGE('',*,*,#2745,.F.);
#3489=ORIENTED_EDGE('',*,*,#2746,.F.);
#3490=ORIENTED_EDGE('',*,*,#2747,.F.);
#3491=ORIENTED_EDGE('',*,*,#2748,.F.);
#3492=ORIENTED_EDGE('',*,*,#2749,.F.);
#3493=ORIENTED_EDGE('',*,*,#2750,.F.);
#3494=ORIENTED_EDGE('',*,*,#2751,.F.);
#3495=ORIENTED_EDGE('',*,*,#2752,.F.);
#3496=ORIENTED_EDGE('',*,*,#2753,.F.);
#3497=ORIENTED_EDGE('',*,*,#2754,.F.);
#3498=ORIENTED_EDGE('',*,*,#2755,.F.);
#3499=ORIENTED_EDGE('',*,*,#2756,.F.);
#3500=ORIENTED_EDGE('',*,*,#2757,.F.);
#3501=ORIENTED_EDGE('',*,*,#2758,.F.);
#3502=ORIENTED_EDGE('',*,*,#2759,.F.);
#3503=ORIENTED_EDGE('',*,*,#2760,.F.);
#3504=ORIENTED_EDGE('',*,*,#2761,.F.);
#3505=ORIENTED_EDGE('',*,*,#2762,.F.);
#3506=ORIENTED_EDGE('',*,*,#2763,.F.);
#3507=ORIENTED_EDGE('',*,*,#2764,.F.);
#3508=ORIENTED_EDGE('',*,*,#2765,.F.);
#3509=ORIENTED_EDGE('',*,*,#2766,.F.);
#3510=ORIENTED_EDGE('',*,*,#2767,.F.);
#3511=ORIENTED_EDGE('',*,*,#2684,.T.);
#3512=ORIENTED_EDGE('',*,*,#2768,.F.);
#3513=ORIENTED_EDGE('',*,*,#2659,.F.);
#3514=ORIENTED_EDGE('',*,*,#2731,.T.);
#3515=ORIENTED_EDGE('',*,*,#2683,.T.);
#3516=ORIENTED_EDGE('',*,*,#2769,.F.);
#3517=ORIENTED_EDGE('',*,*,#2660,.F.);
#3518=ORIENTED_EDGE('',*,*,#2768,.T.);
#3519=ORIENTED_EDGE('',*,*,#2682,.T.);
#3520=ORIENTED_EDGE('',*,*,#2770,.F.);
#3521=ORIENTED_EDGE('',*,*,#2661,.F.);
#3522=ORIENTED_EDGE('',*,*,#2769,.T.);
#3523=ORIENTED_EDGE('',*,*,#2681,.T.);
#3524=ORIENTED_EDGE('',*,*,#2771,.F.);
#3525=ORIENTED_EDGE('',*,*,#2662,.F.);
#3526=ORIENTED_EDGE('',*,*,#2770,.T.);
#3527=ORIENTED_EDGE('',*,*,#2680,.T.);
#3528=ORIENTED_EDGE('',*,*,#2772,.F.);
#3529=ORIENTED_EDGE('',*,*,#2663,.F.);
#3530=ORIENTED_EDGE('',*,*,#2771,.T.);
#3531=ORIENTED_EDGE('',*,*,#2679,.T.);
#3532=ORIENTED_EDGE('',*,*,#2773,.F.);
#3533=ORIENTED_EDGE('',*,*,#2664,.F.);
#3534=ORIENTED_EDGE('',*,*,#2772,.T.);
#3535=ORIENTED_EDGE('',*,*,#2678,.T.);
#3536=ORIENTED_EDGE('',*,*,#2774,.F.);
#3537=ORIENTED_EDGE('',*,*,#2665,.F.);
#3538=ORIENTED_EDGE('',*,*,#2773,.T.);
#3539=ORIENTED_EDGE('',*,*,#2677,.T.);
#3540=ORIENTED_EDGE('',*,*,#2775,.F.);
#3541=ORIENTED_EDGE('',*,*,#2666,.F.);
#3542=ORIENTED_EDGE('',*,*,#2774,.T.);
#3543=ORIENTED_EDGE('',*,*,#2676,.T.);
#3544=ORIENTED_EDGE('',*,*,#2727,.F.);
#3545=ORIENTED_EDGE('',*,*,#2667,.F.);
#3546=ORIENTED_EDGE('',*,*,#2775,.T.);
#3547=ORIENTED_EDGE('',*,*,#2776,.T.);
#3548=ORIENTED_EDGE('',*,*,#2777,.T.);
#3549=ORIENTED_EDGE('',*,*,#2778,.F.);
#3550=ORIENTED_EDGE('',*,*,#2779,.F.);
#3551=ORIENTED_EDGE('',*,*,#2780,.T.);
#3552=ORIENTED_EDGE('',*,*,#2781,.F.);
#3553=ORIENTED_EDGE('',*,*,#2782,.F.);
#3554=ORIENTED_EDGE('',*,*,#2783,.F.);
#3555=ORIENTED_EDGE('',*,*,#2784,.T.);
#3556=ORIENTED_EDGE('',*,*,#2785,.F.);
#3557=ORIENTED_EDGE('',*,*,#2786,.T.);
#3558=ORIENTED_EDGE('',*,*,#2787,.T.);
#3559=ORIENTED_EDGE('',*,*,#2788,.T.);
#3560=ORIENTED_EDGE('',*,*,#2789,.T.);
#3561=ORIENTED_EDGE('',*,*,#2790,.F.);
#3562=ORIENTED_EDGE('',*,*,#2791,.F.);
#3563=ORIENTED_EDGE('',*,*,#2792,.F.);
#3564=ORIENTED_EDGE('',*,*,#2793,.F.);
#3565=ORIENTED_EDGE('',*,*,#2794,.T.);
#3566=ORIENTED_EDGE('',*,*,#2795,.F.);
#3567=ORIENTED_EDGE('',*,*,#2796,.F.);
#3568=ORIENTED_EDGE('',*,*,#2797,.F.);
#3569=ORIENTED_EDGE('',*,*,#2798,.T.);
#3570=ORIENTED_EDGE('',*,*,#2799,.F.);
#3571=ORIENTED_EDGE('',*,*,#2800,.T.);
#3572=ORIENTED_EDGE('',*,*,#2801,.T.);
#3573=ORIENTED_EDGE('',*,*,#2791,.T.);
#3574=ORIENTED_EDGE('',*,*,#2802,.T.);
#3575=ORIENTED_EDGE('',*,*,#2652,.F.);
#3576=ORIENTED_EDGE('',*,*,#2803,.F.);
#3577=ORIENTED_EDGE('',*,*,#2792,.T.);
#3578=ORIENTED_EDGE('',*,*,#2803,.T.);
#3579=ORIENTED_EDGE('',*,*,#2651,.F.);
#3580=ORIENTED_EDGE('',*,*,#2804,.F.);
#3581=ORIENTED_EDGE('',*,*,#2805,.F.);
#3582=ORIENTED_EDGE('',*,*,#2793,.T.);
#3583=ORIENTED_EDGE('',*,*,#2804,.T.);
#3584=ORIENTED_EDGE('',*,*,#2650,.F.);
#3585=ORIENTED_EDGE('',*,*,#2806,.F.);
#3586=ORIENTED_EDGE('',*,*,#2807,.F.);
#3587=ORIENTED_EDGE('',*,*,#2806,.T.);
#3588=ORIENTED_EDGE('',*,*,#2649,.F.);
#3589=ORIENTED_EDGE('',*,*,#2808,.F.);
#3590=ORIENTED_EDGE('',*,*,#2809,.F.);
#3591=ORIENTED_EDGE('',*,*,#2808,.T.);
#3592=ORIENTED_EDGE('',*,*,#2648,.F.);
#3593=ORIENTED_EDGE('',*,*,#2810,.F.);
#3594=ORIENTED_EDGE('',*,*,#2811,.F.);
#3595=ORIENTED_EDGE('',*,*,#2810,.T.);
#3596=ORIENTED_EDGE('',*,*,#2647,.F.);
#3597=ORIENTED_EDGE('',*,*,#2812,.F.);
#3598=ORIENTED_EDGE('',*,*,#2813,.F.);
#3599=ORIENTED_EDGE('',*,*,#2812,.T.);
#3600=ORIENTED_EDGE('',*,*,#2646,.F.);
#3601=ORIENTED_EDGE('',*,*,#2814,.F.);
#3602=ORIENTED_EDGE('',*,*,#2815,.F.);
#3603=ORIENTED_EDGE('',*,*,#2814,.T.);
#3604=ORIENTED_EDGE('',*,*,#2645,.F.);
#3605=ORIENTED_EDGE('',*,*,#2816,.F.);
#3606=ORIENTED_EDGE('',*,*,#2817,.F.);
#3607=ORIENTED_EDGE('',*,*,#2816,.T.);
#3608=ORIENTED_EDGE('',*,*,#2644,.F.);
#3609=ORIENTED_EDGE('',*,*,#2818,.F.);
#3610=ORIENTED_EDGE('',*,*,#2819,.T.);
#3611=ORIENTED_EDGE('',*,*,#2820,.F.);
#3612=ORIENTED_EDGE('',*,*,#2818,.T.);
#3613=ORIENTED_EDGE('',*,*,#2643,.F.);
#3614=ORIENTED_EDGE('',*,*,#2821,.F.);
#3615=ORIENTED_EDGE('',*,*,#2822,.T.);
#3616=ORIENTED_EDGE('',*,*,#2821,.T.);
#3617=ORIENTED_EDGE('',*,*,#2642,.F.);
#3618=ORIENTED_EDGE('',*,*,#2823,.F.);
#3619=ORIENTED_EDGE('',*,*,#2824,.F.);
#3620=ORIENTED_EDGE('',*,*,#2825,.T.);
#3621=ORIENTED_EDGE('',*,*,#2823,.T.);
#3622=ORIENTED_EDGE('',*,*,#2641,.F.);
#3623=ORIENTED_EDGE('',*,*,#2826,.F.);
#3624=ORIENTED_EDGE('',*,*,#2827,.F.);
#3625=ORIENTED_EDGE('',*,*,#2799,.T.);
#3626=ORIENTED_EDGE('',*,*,#2828,.F.);
#3627=ORIENTED_EDGE('',*,*,#2826,.T.);
#3628=ORIENTED_EDGE('',*,*,#2640,.F.);
#3629=ORIENTED_EDGE('',*,*,#2829,.F.);
#3630=ORIENTED_EDGE('',*,*,#2795,.T.);
#3631=ORIENTED_EDGE('',*,*,#2830,.F.);
#3632=ORIENTED_EDGE('',*,*,#2829,.T.);
#3633=ORIENTED_EDGE('',*,*,#2639,.F.);
#3634=ORIENTED_EDGE('',*,*,#2831,.F.);
#3635=ORIENTED_EDGE('',*,*,#2796,.T.);
#3636=ORIENTED_EDGE('',*,*,#2831,.T.);
#3637=ORIENTED_EDGE('',*,*,#2638,.F.);
#3638=ORIENTED_EDGE('',*,*,#2832,.F.);
#3639=ORIENTED_EDGE('',*,*,#2833,.F.);
#3640=ORIENTED_EDGE('',*,*,#2797,.T.);
#3641=ORIENTED_EDGE('',*,*,#2832,.T.);
#3642=ORIENTED_EDGE('',*,*,#2637,.F.);
#3643=ORIENTED_EDGE('',*,*,#2834,.F.);
#3644=ORIENTED_EDGE('',*,*,#2835,.F.);
#3645=ORIENTED_EDGE('',*,*,#2785,.T.);
#3646=ORIENTED_EDGE('',*,*,#2836,.F.);
#3647=ORIENTED_EDGE('',*,*,#2834,.T.);
#3648=ORIENTED_EDGE('',*,*,#2636,.F.);
#3649=ORIENTED_EDGE('',*,*,#2837,.F.);
#3650=ORIENTED_EDGE('',*,*,#2781,.T.);
#3651=ORIENTED_EDGE('',*,*,#2838,.F.);
#3652=ORIENTED_EDGE('',*,*,#2837,.T.);
#3653=ORIENTED_EDGE('',*,*,#2635,.F.);
#3654=ORIENTED_EDGE('',*,*,#2839,.F.);
#3655=ORIENTED_EDGE('',*,*,#2782,.T.);
#3656=ORIENTED_EDGE('',*,*,#2839,.T.);
#3657=ORIENTED_EDGE('',*,*,#2634,.F.);
#3658=ORIENTED_EDGE('',*,*,#2840,.F.);
#3659=ORIENTED_EDGE('',*,*,#2841,.F.);
#3660=ORIENTED_EDGE('',*,*,#2783,.T.);
#3661=ORIENTED_EDGE('',*,*,#2840,.T.);
#3662=ORIENTED_EDGE('',*,*,#2633,.F.);
#3663=ORIENTED_EDGE('',*,*,#2842,.F.);
#3664=ORIENTED_EDGE('',*,*,#2779,.T.);
#3665=ORIENTED_EDGE('',*,*,#2843,.T.);
#3666=ORIENTED_EDGE('',*,*,#2627,.F.);
#3667=ORIENTED_EDGE('',*,*,#2844,.F.);
#3668=ORIENTED_EDGE('',*,*,#2845,.T.);
#3669=ORIENTED_EDGE('',*,*,#2819,.F.);
#3670=ORIENTED_EDGE('',*,*,#2822,.F.);
#3671=ORIENTED_EDGE('',*,*,#2825,.F.);
#3672=ORIENTED_EDGE('',*,*,#2835,.T.);
#3673=ORIENTED_EDGE('',*,*,#2838,.T.);
#3674=ORIENTED_EDGE('',*,*,#2846,.T.);
#3675=ORIENTED_EDGE('',*,*,#2847,.T.);
#3676=ORIENTED_EDGE('',*,*,#2841,.T.);
#3677=ORIENTED_EDGE('',*,*,#2848,.T.);
#3678=ORIENTED_EDGE('',*,*,#2849,.T.);
#3679=ORIENTED_EDGE('',*,*,#2850,.T.);
#3680=ORIENTED_EDGE('',*,*,#2851,.T.);
#3681=ORIENTED_EDGE('',*,*,#2852,.T.);
#3682=ORIENTED_EDGE('',*,*,#2853,.T.);
#3683=ORIENTED_EDGE('',*,*,#2854,.T.);
#3684=ORIENTED_EDGE('',*,*,#2855,.T.);
#3685=ORIENTED_EDGE('',*,*,#2856,.T.);
#3686=ORIENTED_EDGE('',*,*,#2857,.T.);
#3687=ORIENTED_EDGE('',*,*,#2858,.T.);
#3688=ORIENTED_EDGE('',*,*,#2859,.T.);
#3689=ORIENTED_EDGE('',*,*,#2860,.T.);
#3690=ORIENTED_EDGE('',*,*,#2861,.T.);
#3691=ORIENTED_EDGE('',*,*,#2862,.T.);
#3692=ORIENTED_EDGE('',*,*,#2611,.T.);
#3693=ORIENTED_EDGE('',*,*,#2613,.T.);
#3694=ORIENTED_EDGE('',*,*,#2757,.T.);
#3695=ORIENTED_EDGE('',*,*,#2758,.T.);
#3696=ORIENTED_EDGE('',*,*,#2833,.T.);
#3697=ORIENTED_EDGE('',*,*,#2836,.T.);
#3698=ORIENTED_EDGE('',*,*,#2863,.T.);
#3699=ORIENTED_EDGE('',*,*,#2864,.T.);
#3700=ORIENTED_EDGE('',*,*,#2827,.T.);
#3701=ORIENTED_EDGE('',*,*,#2830,.T.);
#3702=ORIENTED_EDGE('',*,*,#2865,.T.);
#3703=ORIENTED_EDGE('',*,*,#2866,.T.);
#3704=ORIENTED_EDGE('',*,*,#2824,.T.);
#3705=ORIENTED_EDGE('',*,*,#2828,.T.);
#3706=ORIENTED_EDGE('',*,*,#2867,.T.);
#3707=ORIENTED_EDGE('',*,*,#2868,.T.);
#3708=ORIENTED_EDGE('',*,*,#2856,.F.);
#3709=ORIENTED_EDGE('',*,*,#2869,.T.);
#3710=ORIENTED_EDGE('',*,*,#2870,.F.);
#3711=ORIENTED_EDGE('',*,*,#2871,.F.);
#3712=ORIENTED_EDGE('',*,*,#2872,.F.);
#3713=ORIENTED_EDGE('',*,*,#2873,.T.);
#3714=ORIENTED_EDGE('',*,*,#2874,.F.);
#3715=ORIENTED_EDGE('',*,*,#2875,.F.);
#3716=ORIENTED_EDGE('',*,*,#2876,.F.);
#3717=ORIENTED_EDGE('',*,*,#2877,.T.);
#3718=ORIENTED_EDGE('',*,*,#2878,.F.);
#3719=ORIENTED_EDGE('',*,*,#2879,.F.);
#3720=ORIENTED_EDGE('',*,*,#2880,.F.);
#3721=ORIENTED_EDGE('',*,*,#2881,.T.);
#3722=ORIENTED_EDGE('',*,*,#2882,.F.);
#3723=ORIENTED_EDGE('',*,*,#2883,.F.);
#3724=ORIENTED_EDGE('',*,*,#2884,.F.);
#3725=ORIENTED_EDGE('',*,*,#2885,.T.);
#3726=ORIENTED_EDGE('',*,*,#2886,.F.);
#3727=ORIENTED_EDGE('',*,*,#2887,.F.);
#3728=ORIENTED_EDGE('',*,*,#2888,.F.);
#3729=ORIENTED_EDGE('',*,*,#2889,.T.);
#3730=ORIENTED_EDGE('',*,*,#2890,.F.);
#3731=ORIENTED_EDGE('',*,*,#2891,.F.);
#3732=ORIENTED_EDGE('',*,*,#2892,.F.);
#3733=ORIENTED_EDGE('',*,*,#2891,.T.);
#3734=ORIENTED_EDGE('',*,*,#2893,.F.);
#3735=ORIENTED_EDGE('',*,*,#2894,.F.);
#3736=ORIENTED_EDGE('',*,*,#2895,.F.);
#3737=ORIENTED_EDGE('',*,*,#2894,.T.);
#3738=ORIENTED_EDGE('',*,*,#2896,.F.);
#3739=ORIENTED_EDGE('',*,*,#2897,.F.);
#3740=ORIENTED_EDGE('',*,*,#2898,.F.);
#3741=ORIENTED_EDGE('',*,*,#2897,.T.);
#3742=ORIENTED_EDGE('',*,*,#2899,.F.);
#3743=ORIENTED_EDGE('',*,*,#2900,.F.);
#3744=ORIENTED_EDGE('',*,*,#2901,.F.);
#3745=ORIENTED_EDGE('',*,*,#2900,.T.);
#3746=ORIENTED_EDGE('',*,*,#2902,.F.);
#3747=ORIENTED_EDGE('',*,*,#2903,.F.);
#3748=ORIENTED_EDGE('',*,*,#2904,.F.);
#3749=ORIENTED_EDGE('',*,*,#2903,.T.);
#3750=ORIENTED_EDGE('',*,*,#2905,.F.);
#3751=ORIENTED_EDGE('',*,*,#2906,.F.);
#3752=ORIENTED_EDGE('',*,*,#2907,.F.);
#3753=ORIENTED_EDGE('',*,*,#2906,.T.);
#3754=ORIENTED_EDGE('',*,*,#2908,.F.);
#3755=ORIENTED_EDGE('',*,*,#2909,.F.);
#3756=ORIENTED_EDGE('',*,*,#2910,.F.);
#3757=ORIENTED_EDGE('',*,*,#2909,.T.);
#3758=ORIENTED_EDGE('',*,*,#2911,.F.);
#3759=ORIENTED_EDGE('',*,*,#2912,.F.);
#3760=ORIENTED_EDGE('',*,*,#2913,.F.);
#3761=ORIENTED_EDGE('',*,*,#2914,.T.);
#3762=ORIENTED_EDGE('',*,*,#2915,.F.);
#3763=ORIENTED_EDGE('',*,*,#2916,.F.);
#3764=ORIENTED_EDGE('',*,*,#2917,.F.);
#3765=ORIENTED_EDGE('',*,*,#2918,.T.);
#3766=ORIENTED_EDGE('',*,*,#2917,.T.);
#3767=ORIENTED_EDGE('',*,*,#2919,.T.);
#3768=ORIENTED_EDGE('',*,*,#2920,.T.);
#3769=ORIENTED_EDGE('',*,*,#2921,.T.);
#3770=ORIENTED_EDGE('',*,*,#2922,.T.);
#3771=ORIENTED_EDGE('',*,*,#2915,.T.);
#3772=ORIENTED_EDGE('',*,*,#2923,.T.);
#3773=ORIENTED_EDGE('',*,*,#2911,.T.);
#3774=ORIENTED_EDGE('',*,*,#2908,.T.);
#3775=ORIENTED_EDGE('',*,*,#2905,.T.);
#3776=ORIENTED_EDGE('',*,*,#2902,.T.);
#3777=ORIENTED_EDGE('',*,*,#2899,.T.);
#3778=ORIENTED_EDGE('',*,*,#2896,.T.);
#3779=ORIENTED_EDGE('',*,*,#2893,.T.);
#3780=ORIENTED_EDGE('',*,*,#2890,.T.);
#3781=ORIENTED_EDGE('',*,*,#2924,.T.);
#3782=ORIENTED_EDGE('',*,*,#2886,.T.);
#3783=ORIENTED_EDGE('',*,*,#2925,.T.);
#3784=ORIENTED_EDGE('',*,*,#2882,.T.);
#3785=ORIENTED_EDGE('',*,*,#2926,.T.);
#3786=ORIENTED_EDGE('',*,*,#2878,.T.);
#3787=ORIENTED_EDGE('',*,*,#2927,.T.);
#3788=ORIENTED_EDGE('',*,*,#2874,.T.);
#3789=ORIENTED_EDGE('',*,*,#2928,.T.);
#3790=ORIENTED_EDGE('',*,*,#2870,.T.);
#3791=ORIENTED_EDGE('',*,*,#2929,.T.);
#3792=ORIENTED_EDGE('',*,*,#2693,.T.);
#3793=ORIENTED_EDGE('',*,*,#2698,.T.);
#3794=ORIENTED_EDGE('',*,*,#2703,.T.);
#3795=ORIENTED_EDGE('',*,*,#2735,.T.);
#3796=ORIENTED_EDGE('',*,*,#2739,.T.);
#3797=ORIENTED_EDGE('',*,*,#2888,.T.);
#3798=ORIENTED_EDGE('',*,*,#2892,.T.);
#3799=ORIENTED_EDGE('',*,*,#2895,.T.);
#3800=ORIENTED_EDGE('',*,*,#2898,.T.);
#3801=ORIENTED_EDGE('',*,*,#2901,.T.);
#3802=ORIENTED_EDGE('',*,*,#2904,.T.);
#3803=ORIENTED_EDGE('',*,*,#2907,.T.);
#3804=ORIENTED_EDGE('',*,*,#2910,.T.);
#3805=ORIENTED_EDGE('',*,*,#2930,.T.);
#3806=ORIENTED_EDGE('',*,*,#2913,.T.);
#3807=ORIENTED_EDGE('',*,*,#2931,.T.);
#3808=ORIENTED_EDGE('',*,*,#2932,.T.);
#3809=ORIENTED_EDGE('',*,*,#2820,.T.);
#3810=ORIENTED_EDGE('',*,*,#2933,.T.);
#3811=ORIENTED_EDGE('',*,*,#2805,.T.);
#3812=ORIENTED_EDGE('',*,*,#2807,.T.);
#3813=ORIENTED_EDGE('',*,*,#2809,.T.);
#3814=ORIENTED_EDGE('',*,*,#2811,.T.);
#3815=ORIENTED_EDGE('',*,*,#2813,.T.);
#3816=ORIENTED_EDGE('',*,*,#2815,.T.);
#3817=ORIENTED_EDGE('',*,*,#2817,.T.);
#3818=ORIENTED_EDGE('',*,*,#2759,.T.);
#3819=ORIENTED_EDGE('',*,*,#2934,.T.);
#3820=ORIENTED_EDGE('',*,*,#2935,.T.);
#3821=ORIENTED_EDGE('',*,*,#2936,.T.);
#3822=ORIENTED_EDGE('',*,*,#2872,.T.);
#3823=ORIENTED_EDGE('',*,*,#2876,.T.);
#3824=ORIENTED_EDGE('',*,*,#2937,.T.);
#3825=ORIENTED_EDGE('',*,*,#2938,.T.);
#3826=ORIENTED_EDGE('',*,*,#2939,.T.);
#3827=ORIENTED_EDGE('',*,*,#2940,.T.);
#3828=ORIENTED_EDGE('',*,*,#2941,.T.);
#3829=ORIENTED_EDGE('',*,*,#2942,.T.);
#3830=ORIENTED_EDGE('',*,*,#2880,.T.);
#3831=ORIENTED_EDGE('',*,*,#2943,.T.);
#3832=ORIENTED_EDGE('',*,*,#2884,.T.);
#3833=ORIENTED_EDGE('',*,*,#2944,.T.);
#3834=ORIENTED_EDGE('',*,*,#2945,.T.);
#3835=ORIENTED_EDGE('',*,*,#2946,.T.);
#3836=ORIENTED_EDGE('',*,*,#2947,.T.);
#3837=ORIENTED_EDGE('',*,*,#2948,.T.);
#3838=ORIENTED_EDGE('',*,*,#2949,.T.);
#3839=ORIENTED_EDGE('',*,*,#2950,.T.);
#3840=ORIENTED_EDGE('',*,*,#2951,.T.);
#3841=ORIENTED_EDGE('',*,*,#2952,.T.);
#3842=ORIENTED_EDGE('',*,*,#2953,.T.);
#3843=ORIENTED_EDGE('',*,*,#2954,.T.);
#3844=ORIENTED_EDGE('',*,*,#2955,.T.);
#3845=ORIENTED_EDGE('',*,*,#2956,.F.);
#3846=ORIENTED_EDGE('',*,*,#2957,.T.);
#3847=ORIENTED_EDGE('',*,*,#2788,.F.);
#3848=ORIENTED_EDGE('',*,*,#2933,.F.);
#3849=ORIENTED_EDGE('',*,*,#2845,.F.);
#3850=ORIENTED_EDGE('',*,*,#2868,.F.);
#3851=ORIENTED_EDGE('',*,*,#2958,.F.);
#3852=ORIENTED_EDGE('',*,*,#2959,.F.);
#3853=ORIENTED_EDGE('',*,*,#2958,.T.);
#3854=ORIENTED_EDGE('',*,*,#2867,.F.);
#3855=ORIENTED_EDGE('',*,*,#2798,.F.);
#3856=ORIENTED_EDGE('',*,*,#2960,.F.);
#3857=ORIENTED_EDGE('',*,*,#2961,.F.);
#3858=ORIENTED_EDGE('',*,*,#2960,.T.);
#3859=ORIENTED_EDGE('',*,*,#2801,.F.);
#3860=ORIENTED_EDGE('',*,*,#2962,.F.);
#3861=ORIENTED_EDGE('',*,*,#2963,.F.);
#3862=ORIENTED_EDGE('',*,*,#2962,.T.);
#3863=ORIENTED_EDGE('',*,*,#2800,.F.);
#3864=ORIENTED_EDGE('',*,*,#2866,.F.);
#3865=ORIENTED_EDGE('',*,*,#2964,.F.);
#3866=ORIENTED_EDGE('',*,*,#2965,.F.);
#3867=ORIENTED_EDGE('',*,*,#2964,.T.);
#3868=ORIENTED_EDGE('',*,*,#2865,.F.);
#3869=ORIENTED_EDGE('',*,*,#2794,.F.);
#3870=ORIENTED_EDGE('',*,*,#2864,.F.);
#3871=ORIENTED_EDGE('',*,*,#2966,.F.);
#3872=ORIENTED_EDGE('',*,*,#2967,.F.);
#3873=ORIENTED_EDGE('',*,*,#2966,.T.);
#3874=ORIENTED_EDGE('',*,*,#2863,.F.);
#3875=ORIENTED_EDGE('',*,*,#2784,.F.);
#3876=ORIENTED_EDGE('',*,*,#2968,.F.);
#3877=ORIENTED_EDGE('',*,*,#2969,.F.);
#3878=ORIENTED_EDGE('',*,*,#2968,.T.);
#3879=ORIENTED_EDGE('',*,*,#2787,.F.);
#3880=ORIENTED_EDGE('',*,*,#2970,.F.);
#3881=ORIENTED_EDGE('',*,*,#2971,.F.);
#3882=ORIENTED_EDGE('',*,*,#2970,.T.);
#3883=ORIENTED_EDGE('',*,*,#2786,.F.);
#3884=ORIENTED_EDGE('',*,*,#2847,.F.);
#3885=ORIENTED_EDGE('',*,*,#2972,.F.);
#3886=ORIENTED_EDGE('',*,*,#2973,.F.);
#3887=ORIENTED_EDGE('',*,*,#2972,.T.);
#3888=ORIENTED_EDGE('',*,*,#2846,.F.);
#3889=ORIENTED_EDGE('',*,*,#2780,.F.);
#3890=ORIENTED_EDGE('',*,*,#2862,.F.);
#3891=ORIENTED_EDGE('',*,*,#2974,.F.);
#3892=ORIENTED_EDGE('',*,*,#2975,.F.);
#3893=ORIENTED_EDGE('',*,*,#2974,.T.);
#3894=ORIENTED_EDGE('',*,*,#2861,.F.);
#3895=ORIENTED_EDGE('',*,*,#2976,.F.);
#3896=ORIENTED_EDGE('',*,*,#2977,.F.);
#3897=ORIENTED_EDGE('',*,*,#2976,.T.);
#3898=ORIENTED_EDGE('',*,*,#2860,.F.);
#3899=ORIENTED_EDGE('',*,*,#2978,.F.);
#3900=ORIENTED_EDGE('',*,*,#2979,.F.);
#3901=ORIENTED_EDGE('',*,*,#2978,.T.);
#3902=ORIENTED_EDGE('',*,*,#2859,.F.);
#3903=ORIENTED_EDGE('',*,*,#2980,.F.);
#3904=ORIENTED_EDGE('',*,*,#2981,.F.);
#3905=ORIENTED_EDGE('',*,*,#2980,.T.);
#3906=ORIENTED_EDGE('',*,*,#2858,.F.);
#3907=ORIENTED_EDGE('',*,*,#2982,.F.);
#3908=ORIENTED_EDGE('',*,*,#2983,.F.);
#3909=ORIENTED_EDGE('',*,*,#2984,.T.);
#3910=ORIENTED_EDGE('',*,*,#2935,.F.);
#3911=ORIENTED_EDGE('',*,*,#2985,.F.);
#3912=ORIENTED_EDGE('',*,*,#2986,.F.);
#3913=ORIENTED_EDGE('',*,*,#2985,.T.);
#3914=ORIENTED_EDGE('',*,*,#2934,.F.);
#3915=ORIENTED_EDGE('',*,*,#2875,.T.);
#3916=ORIENTED_EDGE('',*,*,#2927,.F.);
#3917=ORIENTED_EDGE('',*,*,#2877,.F.);
#3918=ORIENTED_EDGE('',*,*,#2939,.F.);
#3919=ORIENTED_EDGE('',*,*,#2987,.F.);
#3920=ORIENTED_EDGE('',*,*,#2988,.F.);
#3921=ORIENTED_EDGE('',*,*,#2987,.T.);
#3922=ORIENTED_EDGE('',*,*,#2938,.F.);
#3923=ORIENTED_EDGE('',*,*,#2989,.F.);
#3924=ORIENTED_EDGE('',*,*,#2990,.F.);
#3925=ORIENTED_EDGE('',*,*,#2991,.T.);
#3926=ORIENTED_EDGE('',*,*,#2941,.F.);
#3927=ORIENTED_EDGE('',*,*,#2992,.F.);
#3928=ORIENTED_EDGE('',*,*,#2993,.F.);
#3929=ORIENTED_EDGE('',*,*,#2992,.T.);
#3930=ORIENTED_EDGE('',*,*,#2940,.F.);
#3931=ORIENTED_EDGE('',*,*,#2883,.T.);
#3932=ORIENTED_EDGE('',*,*,#2925,.F.);
#3933=ORIENTED_EDGE('',*,*,#2885,.F.);
#3934=ORIENTED_EDGE('',*,*,#2943,.F.);
#3935=ORIENTED_EDGE('',*,*,#2994,.F.);
#3936=ORIENTED_EDGE('',*,*,#2995,.F.);
#3937=ORIENTED_EDGE('',*,*,#2994,.T.);
#3938=ORIENTED_EDGE('',*,*,#2945,.F.);
#3939=ORIENTED_EDGE('',*,*,#2996,.F.);
#3940=ORIENTED_EDGE('',*,*,#2997,.F.);
#3941=ORIENTED_EDGE('',*,*,#2998,.T.);
#3942=ORIENTED_EDGE('',*,*,#2931,.F.);
#3943=ORIENTED_EDGE('',*,*,#2918,.F.);
#3944=ORIENTED_EDGE('',*,*,#2999,.F.);
#3945=ORIENTED_EDGE('',*,*,#3000,.F.);
#3946=ORIENTED_EDGE('',*,*,#3001,.T.);
#3947=ORIENTED_EDGE('',*,*,#2929,.F.);
#3948=ORIENTED_EDGE('',*,*,#2869,.F.);
#3949=ORIENTED_EDGE('',*,*,#2855,.F.);
#3950=ORIENTED_EDGE('',*,*,#3002,.F.);
#3951=ORIENTED_EDGE('',*,*,#3003,.F.);
#3952=ORIENTED_EDGE('',*,*,#3002,.T.);
#3953=ORIENTED_EDGE('',*,*,#2854,.F.);
#3954=ORIENTED_EDGE('',*,*,#3004,.F.);
#3955=ORIENTED_EDGE('',*,*,#3005,.F.);
#3956=ORIENTED_EDGE('',*,*,#3006,.F.);
#3957=ORIENTED_EDGE('',*,*,#3004,.T.);
#3958=ORIENTED_EDGE('',*,*,#2853,.F.);
#3959=ORIENTED_EDGE('',*,*,#3007,.F.);
#3960=ORIENTED_EDGE('',*,*,#3008,.F.);
#3961=ORIENTED_EDGE('',*,*,#3009,.F.);
#3962=ORIENTED_EDGE('',*,*,#3007,.T.);
#3963=ORIENTED_EDGE('',*,*,#2852,.F.);
#3964=ORIENTED_EDGE('',*,*,#3010,.F.);
#3965=ORIENTED_EDGE('',*,*,#2950,.F.);
#3966=ORIENTED_EDGE('',*,*,#2951,.F.);
#3967=ORIENTED_EDGE('',*,*,#3010,.T.);
#3968=ORIENTED_EDGE('',*,*,#2851,.F.);
#3969=ORIENTED_EDGE('',*,*,#3011,.F.);
#3970=ORIENTED_EDGE('',*,*,#3012,.F.);
#3971=ORIENTED_EDGE('',*,*,#3011,.T.);
#3972=ORIENTED_EDGE('',*,*,#2850,.F.);
#3973=ORIENTED_EDGE('',*,*,#3013,.F.);
#3974=ORIENTED_EDGE('',*,*,#3014,.F.);
#3975=ORIENTED_EDGE('',*,*,#3013,.T.);
#3976=ORIENTED_EDGE('',*,*,#2849,.F.);
#3977=ORIENTED_EDGE('',*,*,#3015,.F.);
#3978=ORIENTED_EDGE('',*,*,#3016,.F.);
#3979=ORIENTED_EDGE('',*,*,#2947,.F.);
#3980=ORIENTED_EDGE('',*,*,#3017,.F.);
#3981=ORIENTED_EDGE('',*,*,#3018,.T.);
#3982=ORIENTED_EDGE('',*,*,#2789,.F.);
#3983=ORIENTED_EDGE('',*,*,#2957,.F.);
#3984=ORIENTED_EDGE('',*,*,#3019,.T.);
#3985=ORIENTED_EDGE('',*,*,#3005,.T.);
#3986=ORIENTED_EDGE('',*,*,#3006,.T.);
#3987=ORIENTED_EDGE('',*,*,#3020,.T.);
#3988=ORIENTED_EDGE('',*,*,#3021,.T.);
#3989=ORIENTED_EDGE('',*,*,#3012,.T.);
#3990=ORIENTED_EDGE('',*,*,#3014,.T.);
#3991=ORIENTED_EDGE('',*,*,#3022,.T.);
#3992=ORIENTED_EDGE('',*,*,#3023,.T.);
#3993=ORIENTED_EDGE('',*,*,#3024,.T.);
#3994=ORIENTED_EDGE('',*,*,#3016,.T.);
#3995=ORIENTED_EDGE('',*,*,#2990,.T.);
#3996=ORIENTED_EDGE('',*,*,#2993,.T.);
#3997=ORIENTED_EDGE('',*,*,#2995,.T.);
#3998=ORIENTED_EDGE('',*,*,#3025,.T.);
#3999=ORIENTED_EDGE('',*,*,#3008,.T.);
#4000=ORIENTED_EDGE('',*,*,#3009,.T.);
#4001=ORIENTED_EDGE('',*,*,#3026,.T.);
#4002=ORIENTED_EDGE('',*,*,#3027,.T.);
#4003=ORIENTED_EDGE('',*,*,#3000,.T.);
#4004=ORIENTED_EDGE('',*,*,#3003,.T.);
#4005=ORIENTED_EDGE('',*,*,#3028,.T.);
#4006=ORIENTED_EDGE('',*,*,#3029,.T.);
#4007=ORIENTED_EDGE('',*,*,#2997,.T.);
#4008=ORIENTED_EDGE('',*,*,#3030,.T.);
#4009=ORIENTED_EDGE('',*,*,#3031,.T.);
#4010=ORIENTED_EDGE('',*,*,#3032,.T.);
#4011=ORIENTED_EDGE('',*,*,#3033,.T.);
#4012=ORIENTED_EDGE('',*,*,#3034,.T.);
#4013=ORIENTED_EDGE('',*,*,#3035,.T.);
#4014=ORIENTED_EDGE('',*,*,#3036,.T.);
#4015=ORIENTED_EDGE('',*,*,#3037,.T.);
#4016=ORIENTED_EDGE('',*,*,#3038,.T.);
#4017=ORIENTED_EDGE('',*,*,#3039,.T.);
#4018=ORIENTED_EDGE('',*,*,#3040,.T.);
#4019=ORIENTED_EDGE('',*,*,#3041,.T.);
#4020=ORIENTED_EDGE('',*,*,#3042,.T.);
#4021=ORIENTED_EDGE('',*,*,#3043,.T.);
#4022=ORIENTED_EDGE('',*,*,#3044,.T.);
#4023=ORIENTED_EDGE('',*,*,#3045,.T.);
#4024=ORIENTED_EDGE('',*,*,#3046,.T.);
#4025=ORIENTED_EDGE('',*,*,#3047,.T.);
#4026=ORIENTED_EDGE('',*,*,#3048,.T.);
#4027=ORIENTED_EDGE('',*,*,#3049,.T.);
#4028=ORIENTED_EDGE('',*,*,#3050,.T.);
#4029=ORIENTED_EDGE('',*,*,#3017,.T.);
#4030=ORIENTED_EDGE('',*,*,#2956,.T.);
#4031=ORIENTED_EDGE('',*,*,#2959,.T.);
#4032=ORIENTED_EDGE('',*,*,#2961,.T.);
#4033=ORIENTED_EDGE('',*,*,#2963,.T.);
#4034=ORIENTED_EDGE('',*,*,#2965,.T.);
#4035=ORIENTED_EDGE('',*,*,#2967,.T.);
#4036=ORIENTED_EDGE('',*,*,#2969,.T.);
#4037=ORIENTED_EDGE('',*,*,#2971,.T.);
#4038=ORIENTED_EDGE('',*,*,#2973,.T.);
#4039=ORIENTED_EDGE('',*,*,#2975,.T.);
#4040=ORIENTED_EDGE('',*,*,#2977,.T.);
#4041=ORIENTED_EDGE('',*,*,#2979,.T.);
#4042=ORIENTED_EDGE('',*,*,#2981,.T.);
#4043=ORIENTED_EDGE('',*,*,#2741,.T.);
#4044=ORIENTED_EDGE('',*,*,#2743,.T.);
#4045=ORIENTED_EDGE('',*,*,#2745,.T.);
#4046=ORIENTED_EDGE('',*,*,#2747,.T.);
#4047=ORIENTED_EDGE('',*,*,#2756,.T.);
#4048=ORIENTED_EDGE('',*,*,#2755,.T.);
#4049=ORIENTED_EDGE('',*,*,#2754,.T.);
#4050=ORIENTED_EDGE('',*,*,#2753,.T.);
#4051=ORIENTED_EDGE('',*,*,#2752,.T.);
#4052=ORIENTED_EDGE('',*,*,#2751,.T.);
#4053=ORIENTED_EDGE('',*,*,#2749,.T.);
#4054=ORIENTED_EDGE('',*,*,#2748,.T.);
#4055=ORIENTED_EDGE('',*,*,#2746,.T.);
#4056=ORIENTED_EDGE('',*,*,#2744,.T.);
#4057=ORIENTED_EDGE('',*,*,#2742,.T.);
#4058=ORIENTED_EDGE('',*,*,#2740,.T.);
#4059=ORIENTED_EDGE('',*,*,#3051,.T.);
#4060=ORIENTED_EDGE('',*,*,#3052,.F.);
#4061=ORIENTED_EDGE('',*,*,#3053,.T.);
#4062=ORIENTED_EDGE('',*,*,#3054,.F.);
#4063=ORIENTED_EDGE('',*,*,#2750,.T.);
#4064=ORIENTED_EDGE('',*,*,#3055,.T.);
#4065=ORIENTED_EDGE('',*,*,#3056,.F.);
#4066=ORIENTED_EDGE('',*,*,#3057,.T.);
#4067=ORIENTED_EDGE('',*,*,#3058,.T.);
#4068=ORIENTED_EDGE('',*,*,#3059,.T.);
#4069=ORIENTED_EDGE('',*,*,#3060,.F.);
#4070=ORIENTED_EDGE('',*,*,#3061,.F.);
#4071=ORIENTED_EDGE('',*,*,#3062,.T.);
#4072=ORIENTED_EDGE('',*,*,#3063,.F.);
#4073=ORIENTED_EDGE('',*,*,#3064,.F.);
#4074=ORIENTED_EDGE('',*,*,#3065,.F.);
#4075=ORIENTED_EDGE('',*,*,#3066,.T.);
#4076=ORIENTED_EDGE('',*,*,#3037,.F.);
#4077=ORIENTED_EDGE('',*,*,#3067,.F.);
#4078=ORIENTED_EDGE('',*,*,#3068,.F.);
#4079=ORIENTED_EDGE('',*,*,#3069,.T.);
#4080=ORIENTED_EDGE('',*,*,#3035,.F.);
#4081=ORIENTED_EDGE('',*,*,#3070,.F.);
#4082=ORIENTED_EDGE('',*,*,#3071,.F.);
#4083=ORIENTED_EDGE('',*,*,#3070,.T.);
#4084=ORIENTED_EDGE('',*,*,#3034,.F.);
#4085=ORIENTED_EDGE('',*,*,#3072,.F.);
#4086=ORIENTED_EDGE('',*,*,#3073,.F.);
#4087=ORIENTED_EDGE('',*,*,#3072,.T.);
#4088=ORIENTED_EDGE('',*,*,#3033,.F.);
#4089=ORIENTED_EDGE('',*,*,#3074,.F.);
#4090=ORIENTED_EDGE('',*,*,#3075,.F.);
#4091=ORIENTED_EDGE('',*,*,#3074,.T.);
#4092=ORIENTED_EDGE('',*,*,#3032,.F.);
#4093=ORIENTED_EDGE('',*,*,#2982,.T.);
#4094=ORIENTED_EDGE('',*,*,#2857,.F.);
#4095=ORIENTED_EDGE('',*,*,#2871,.T.);
#4096=ORIENTED_EDGE('',*,*,#2928,.F.);
#4097=ORIENTED_EDGE('',*,*,#2873,.F.);
#4098=ORIENTED_EDGE('',*,*,#2936,.F.);
#4099=ORIENTED_EDGE('',*,*,#2984,.F.);
#4100=ORIENTED_EDGE('',*,*,#3076,.F.);
#4101=ORIENTED_EDGE('',*,*,#2989,.T.);
#4102=ORIENTED_EDGE('',*,*,#2937,.F.);
#4103=ORIENTED_EDGE('',*,*,#2879,.T.);
#4104=ORIENTED_EDGE('',*,*,#2926,.F.);
#4105=ORIENTED_EDGE('',*,*,#2881,.F.);
#4106=ORIENTED_EDGE('',*,*,#2942,.F.);
#4107=ORIENTED_EDGE('',*,*,#2991,.F.);
#4108=ORIENTED_EDGE('',*,*,#3025,.F.);
#4109=ORIENTED_EDGE('',*,*,#2996,.T.);
#4110=ORIENTED_EDGE('',*,*,#2944,.F.);
#4111=ORIENTED_EDGE('',*,*,#2887,.T.);
#4112=ORIENTED_EDGE('',*,*,#2924,.F.);
#4113=ORIENTED_EDGE('',*,*,#2889,.F.);
#4114=ORIENTED_EDGE('',*,*,#2930,.F.);
#4115=ORIENTED_EDGE('',*,*,#2912,.T.);
#4116=ORIENTED_EDGE('',*,*,#2923,.F.);
#4117=ORIENTED_EDGE('',*,*,#2914,.F.);
#4118=ORIENTED_EDGE('',*,*,#2932,.F.);
#4119=ORIENTED_EDGE('',*,*,#2998,.F.);
#4120=ORIENTED_EDGE('',*,*,#3077,.F.);
#4121=ORIENTED_EDGE('',*,*,#3078,.F.);
#4122=ORIENTED_EDGE('',*,*,#3077,.T.);
#4123=ORIENTED_EDGE('',*,*,#3031,.F.);
#4124=ORIENTED_EDGE('',*,*,#3079,.F.);
#4125=ORIENTED_EDGE('',*,*,#3080,.F.);
#4126=ORIENTED_EDGE('',*,*,#3081,.T.);
#4127=ORIENTED_EDGE('',*,*,#2920,.F.);
#4128=ORIENTED_EDGE('',*,*,#3001,.F.);
#4129=ORIENTED_EDGE('',*,*,#3029,.F.);
#4130=ORIENTED_EDGE('',*,*,#3082,.F.);
#4131=ORIENTED_EDGE('',*,*,#3083,.F.);
#4132=ORIENTED_EDGE('',*,*,#3082,.T.);
#4133=ORIENTED_EDGE('',*,*,#3028,.F.);
#4134=ORIENTED_EDGE('',*,*,#3019,.F.);
#4135=ORIENTED_EDGE('',*,*,#3084,.F.);
#4136=ORIENTED_EDGE('',*,*,#3085,.F.);
#4137=ORIENTED_EDGE('',*,*,#3084,.T.);
#4138=ORIENTED_EDGE('',*,*,#3021,.F.);
#4139=ORIENTED_EDGE('',*,*,#3086,.F.);
#4140=ORIENTED_EDGE('',*,*,#3087,.F.);
#4141=ORIENTED_EDGE('',*,*,#3086,.T.);
#4142=ORIENTED_EDGE('',*,*,#3020,.F.);
#4143=ORIENTED_EDGE('',*,*,#3027,.F.);
#4144=ORIENTED_EDGE('',*,*,#3088,.F.);
#4145=ORIENTED_EDGE('',*,*,#3089,.F.);
#4146=ORIENTED_EDGE('',*,*,#3088,.T.);
#4147=ORIENTED_EDGE('',*,*,#3026,.F.);
#4148=ORIENTED_EDGE('',*,*,#2949,.F.);
#4149=ORIENTED_EDGE('',*,*,#3090,.F.);
#4150=ORIENTED_EDGE('',*,*,#3091,.F.);
#4151=ORIENTED_EDGE('',*,*,#3090,.T.);
#4152=ORIENTED_EDGE('',*,*,#2955,.F.);
#4153=ORIENTED_EDGE('',*,*,#3092,.F.);
#4154=ORIENTED_EDGE('',*,*,#3093,.F.);
#4155=ORIENTED_EDGE('',*,*,#3092,.T.);
#4156=ORIENTED_EDGE('',*,*,#2954,.F.);
#4157=ORIENTED_EDGE('',*,*,#3094,.F.);
#4158=ORIENTED_EDGE('',*,*,#3095,.F.);
#4159=ORIENTED_EDGE('',*,*,#3094,.T.);
#4160=ORIENTED_EDGE('',*,*,#2953,.F.);
#4161=ORIENTED_EDGE('',*,*,#3096,.F.);
#4162=ORIENTED_EDGE('',*,*,#3097,.F.);
#4163=ORIENTED_EDGE('',*,*,#3096,.T.);
#4164=ORIENTED_EDGE('',*,*,#2952,.F.);
#4165=ORIENTED_EDGE('',*,*,#3098,.F.);
#4166=ORIENTED_EDGE('',*,*,#3099,.F.);
#4167=ORIENTED_EDGE('',*,*,#3098,.T.);
#4168=ORIENTED_EDGE('',*,*,#3022,.F.);
#4169=ORIENTED_EDGE('',*,*,#2946,.F.);
#4170=ORIENTED_EDGE('',*,*,#3100,.F.);
#4171=ORIENTED_EDGE('',*,*,#3101,.F.);
#4172=ORIENTED_EDGE('',*,*,#3100,.T.);
#4173=ORIENTED_EDGE('',*,*,#2948,.F.);
#4174=ORIENTED_EDGE('',*,*,#3024,.F.);
#4175=ORIENTED_EDGE('',*,*,#3102,.F.);
#4176=ORIENTED_EDGE('',*,*,#3103,.F.);
#4177=ORIENTED_EDGE('',*,*,#3102,.T.);
#4178=ORIENTED_EDGE('',*,*,#3023,.F.);
#4179=ORIENTED_EDGE('',*,*,#3015,.T.);
#4180=ORIENTED_EDGE('',*,*,#2848,.F.);
#4181=ORIENTED_EDGE('',*,*,#2842,.T.);
#4182=ORIENTED_EDGE('',*,*,#2632,.F.);
#4183=ORIENTED_EDGE('',*,*,#3104,.F.);
#4184=ORIENTED_EDGE('',*,*,#3105,.F.);
#4185=ORIENTED_EDGE('',*,*,#3104,.T.);
#4186=ORIENTED_EDGE('',*,*,#2631,.F.);
#4187=ORIENTED_EDGE('',*,*,#3106,.F.);
#4188=ORIENTED_EDGE('',*,*,#3107,.F.);
#4189=ORIENTED_EDGE('',*,*,#3106,.T.);
#4190=ORIENTED_EDGE('',*,*,#2630,.F.);
#4191=ORIENTED_EDGE('',*,*,#3108,.F.);
#4192=ORIENTED_EDGE('',*,*,#3109,.F.);
#4193=ORIENTED_EDGE('',*,*,#3108,.T.);
#4194=ORIENTED_EDGE('',*,*,#2629,.F.);
#4195=ORIENTED_EDGE('',*,*,#3110,.F.);
#4196=ORIENTED_EDGE('',*,*,#3111,.F.);
#4197=ORIENTED_EDGE('',*,*,#3112,.T.);
#4198=ORIENTED_EDGE('',*,*,#2776,.F.);
#4199=ORIENTED_EDGE('',*,*,#2844,.T.);
#4200=ORIENTED_EDGE('',*,*,#2653,.F.);
#4201=ORIENTED_EDGE('',*,*,#2802,.F.);
#4202=ORIENTED_EDGE('',*,*,#2790,.T.);
#4203=ORIENTED_EDGE('',*,*,#3018,.F.);
#4204=ORIENTED_EDGE('',*,*,#3113,.F.);
#4205=ORIENTED_EDGE('',*,*,#3114,.F.);
#4206=ORIENTED_EDGE('',*,*,#3113,.T.);
#4207=ORIENTED_EDGE('',*,*,#3050,.F.);
#4208=ORIENTED_EDGE('',*,*,#3115,.F.);
#4209=ORIENTED_EDGE('',*,*,#3116,.F.);
#4210=ORIENTED_EDGE('',*,*,#3056,.T.);
#4211=ORIENTED_EDGE('',*,*,#3117,.F.);
#4212=ORIENTED_EDGE('',*,*,#3115,.T.);
#4213=ORIENTED_EDGE('',*,*,#3049,.F.);
#4214=ORIENTED_EDGE('',*,*,#3118,.F.);
#4215=ORIENTED_EDGE('',*,*,#3119,.F.);
#4216=ORIENTED_EDGE('',*,*,#3118,.T.);
#4217=ORIENTED_EDGE('',*,*,#3048,.F.);
#4218=ORIENTED_EDGE('',*,*,#3120,.F.);
#4219=ORIENTED_EDGE('',*,*,#3121,.F.);
#4220=ORIENTED_EDGE('',*,*,#3054,.T.);
#4221=ORIENTED_EDGE('',*,*,#3122,.F.);
#4222=ORIENTED_EDGE('',*,*,#3120,.T.);
#4223=ORIENTED_EDGE('',*,*,#3047,.F.);
#4224=ORIENTED_EDGE('',*,*,#3123,.F.);
#4225=ORIENTED_EDGE('',*,*,#3124,.F.);
#4226=ORIENTED_EDGE('',*,*,#3123,.T.);
#4227=ORIENTED_EDGE('',*,*,#3046,.F.);
#4228=ORIENTED_EDGE('',*,*,#3125,.F.);
#4229=ORIENTED_EDGE('',*,*,#3126,.T.);
#4230=ORIENTED_EDGE('',*,*,#3127,.F.);
#4231=ORIENTED_EDGE('',*,*,#3125,.T.);
#4232=ORIENTED_EDGE('',*,*,#3045,.F.);
#4233=ORIENTED_EDGE('',*,*,#3128,.F.);
#4234=ORIENTED_EDGE('',*,*,#3063,.T.);
#4235=ORIENTED_EDGE('',*,*,#3129,.F.);
#4236=ORIENTED_EDGE('',*,*,#3130,.T.);
#4237=ORIENTED_EDGE('',*,*,#3128,.T.);
#4238=ORIENTED_EDGE('',*,*,#3044,.F.);
#4239=ORIENTED_EDGE('',*,*,#3131,.F.);
#4240=ORIENTED_EDGE('',*,*,#3060,.T.);
#4241=ORIENTED_EDGE('',*,*,#3132,.F.);
#4242=ORIENTED_EDGE('',*,*,#3064,.T.);
#4243=ORIENTED_EDGE('',*,*,#3131,.T.);
#4244=ORIENTED_EDGE('',*,*,#3043,.F.);
#4245=ORIENTED_EDGE('',*,*,#3133,.F.);
#4246=ORIENTED_EDGE('',*,*,#3134,.F.);
#4247=ORIENTED_EDGE('',*,*,#3061,.T.);
#4248=ORIENTED_EDGE('',*,*,#3133,.T.);
#4249=ORIENTED_EDGE('',*,*,#3042,.F.);
#4250=ORIENTED_EDGE('',*,*,#3135,.F.);
#4251=ORIENTED_EDGE('',*,*,#3136,.F.);
#4252=ORIENTED_EDGE('',*,*,#3137,.T.);
#4253=ORIENTED_EDGE('',*,*,#3038,.F.);
#4254=ORIENTED_EDGE('',*,*,#3066,.F.);
#4255=ORIENTED_EDGE('',*,*,#3138,.T.);
#4256=ORIENTED_EDGE('',*,*,#3126,.F.);
#4257=ORIENTED_EDGE('',*,*,#3130,.F.);
#4258=ORIENTED_EDGE('',*,*,#2988,.T.);
#4259=ORIENTED_EDGE('',*,*,#3076,.T.);
#4260=ORIENTED_EDGE('',*,*,#2983,.T.);
#4261=ORIENTED_EDGE('',*,*,#2986,.T.);
#4262=ORIENTED_EDGE('',*,*,#3116,.T.);
#4263=ORIENTED_EDGE('',*,*,#3119,.T.);
#4264=ORIENTED_EDGE('',*,*,#3122,.T.);
#4265=ORIENTED_EDGE('',*,*,#3139,.T.);
#4266=ORIENTED_EDGE('',*,*,#3132,.T.);
#4267=ORIENTED_EDGE('',*,*,#3140,.T.);
#4268=ORIENTED_EDGE('',*,*,#3141,.T.);
#4269=ORIENTED_EDGE('',*,*,#3065,.T.);
#4270=ORIENTED_EDGE('',*,*,#3142,.T.);
#4271=ORIENTED_EDGE('',*,*,#3143,.T.);
#4272=ORIENTED_EDGE('',*,*,#3144,.T.);
#4273=ORIENTED_EDGE('',*,*,#3136,.T.);
#4274=ORIENTED_EDGE('',*,*,#3078,.T.);
#4275=ORIENTED_EDGE('',*,*,#3145,.T.);
#4276=ORIENTED_EDGE('',*,*,#3146,.T.);
#4277=ORIENTED_EDGE('',*,*,#3147,.T.);
#4278=ORIENTED_EDGE('',*,*,#3068,.T.);
#4279=ORIENTED_EDGE('',*,*,#3071,.T.);
#4280=ORIENTED_EDGE('',*,*,#3073,.T.);
#4281=ORIENTED_EDGE('',*,*,#3075,.T.);
#4282=ORIENTED_EDGE('',*,*,#2607,.T.);
#4283=ORIENTED_EDGE('',*,*,#2761,.T.);
#4284=ORIENTED_EDGE('',*,*,#2763,.T.);
#4285=ORIENTED_EDGE('',*,*,#2765,.T.);
#4286=ORIENTED_EDGE('',*,*,#2767,.T.);
#4287=ORIENTED_EDGE('',*,*,#3109,.T.);
#4288=ORIENTED_EDGE('',*,*,#3148,.T.);
#4289=ORIENTED_EDGE('',*,*,#3149,.T.);
#4290=ORIENTED_EDGE('',*,*,#3150,.T.);
#4291=ORIENTED_EDGE('',*,*,#3151,.T.);
#4292=ORIENTED_EDGE('',*,*,#3080,.T.);
#4293=ORIENTED_EDGE('',*,*,#3083,.T.);
#4294=ORIENTED_EDGE('',*,*,#3085,.T.);
#4295=ORIENTED_EDGE('',*,*,#3087,.T.);
#4296=ORIENTED_EDGE('',*,*,#3089,.T.);
#4297=ORIENTED_EDGE('',*,*,#3091,.T.);
#4298=ORIENTED_EDGE('',*,*,#3093,.T.);
#4299=ORIENTED_EDGE('',*,*,#3095,.T.);
#4300=ORIENTED_EDGE('',*,*,#3097,.T.);
#4301=ORIENTED_EDGE('',*,*,#3099,.T.);
#4302=ORIENTED_EDGE('',*,*,#3101,.T.);
#4303=ORIENTED_EDGE('',*,*,#3103,.T.);
#4304=ORIENTED_EDGE('',*,*,#3105,.T.);
#4305=ORIENTED_EDGE('',*,*,#3107,.T.);
#4306=ORIENTED_EDGE('',*,*,#3152,.T.);
#4307=ORIENTED_EDGE('',*,*,#3153,.T.);
#4308=ORIENTED_EDGE('',*,*,#3154,.T.);
#4309=ORIENTED_EDGE('',*,*,#3155,.T.);
#4310=ORIENTED_EDGE('',*,*,#3156,.T.);
#4311=ORIENTED_EDGE('',*,*,#3157,.T.);
#4312=ORIENTED_EDGE('',*,*,#3158,.T.);
#4313=ORIENTED_EDGE('',*,*,#3159,.T.);
#4314=ORIENTED_EDGE('',*,*,#3160,.T.);
#4315=ORIENTED_EDGE('',*,*,#3161,.T.);
#4316=ORIENTED_EDGE('',*,*,#3162,.T.);
#4317=ORIENTED_EDGE('',*,*,#3163,.T.);
#4318=ORIENTED_EDGE('',*,*,#3164,.T.);
#4319=ORIENTED_EDGE('',*,*,#3165,.T.);
#4320=ORIENTED_EDGE('',*,*,#3166,.T.);
#4321=ORIENTED_EDGE('',*,*,#3167,.T.);
#4322=ORIENTED_EDGE('',*,*,#3168,.T.);
#4323=ORIENTED_EDGE('',*,*,#3169,.T.);
#4324=ORIENTED_EDGE('',*,*,#3134,.T.);
#4325=ORIENTED_EDGE('',*,*,#3170,.T.);
#4326=ORIENTED_EDGE('',*,*,#3171,.T.);
#4327=ORIENTED_EDGE('',*,*,#3129,.T.);
#4328=ORIENTED_EDGE('',*,*,#3172,.T.);
#4329=ORIENTED_EDGE('',*,*,#3173,.T.);
#4330=ORIENTED_EDGE('',*,*,#3174,.T.);
#4331=ORIENTED_EDGE('',*,*,#3127,.T.);
#4332=ORIENTED_EDGE('',*,*,#3175,.T.);
#4333=ORIENTED_EDGE('',*,*,#3176,.T.);
#4334=ORIENTED_EDGE('',*,*,#3111,.T.);
#4335=ORIENTED_EDGE('',*,*,#3114,.T.);
#4336=ORIENTED_EDGE('',*,*,#3117,.T.);
#4337=ORIENTED_EDGE('',*,*,#3177,.T.);
#4338=ORIENTED_EDGE('',*,*,#3121,.T.);
#4339=ORIENTED_EDGE('',*,*,#3124,.T.);
#4340=ORIENTED_EDGE('',*,*,#3178,.F.);
#4341=ORIENTED_EDGE('',*,*,#3179,.T.);
#4342=ORIENTED_EDGE('',*,*,#3155,.F.);
#4343=ORIENTED_EDGE('',*,*,#3180,.F.);
#4344=ORIENTED_EDGE('',*,*,#3181,.F.);
#4345=ORIENTED_EDGE('',*,*,#3180,.T.);
#4346=ORIENTED_EDGE('',*,*,#3154,.F.);
#4347=ORIENTED_EDGE('',*,*,#3182,.F.);
#4348=ORIENTED_EDGE('',*,*,#3183,.F.);
#4349=ORIENTED_EDGE('',*,*,#3182,.T.);
#4350=ORIENTED_EDGE('',*,*,#3153,.F.);
#4351=ORIENTED_EDGE('',*,*,#3184,.F.);
#4352=ORIENTED_EDGE('',*,*,#3185,.F.);
#4353=ORIENTED_EDGE('',*,*,#3184,.T.);
#4354=ORIENTED_EDGE('',*,*,#3152,.F.);
#4355=ORIENTED_EDGE('',*,*,#3179,.F.);
#4356=ORIENTED_EDGE('',*,*,#3186,.F.);
#4357=ORIENTED_EDGE('',*,*,#3187,.T.);
#4358=ORIENTED_EDGE('',*,*,#3159,.F.);
#4359=ORIENTED_EDGE('',*,*,#3188,.F.);
#4360=ORIENTED_EDGE('',*,*,#3189,.F.);
#4361=ORIENTED_EDGE('',*,*,#3188,.T.);
#4362=ORIENTED_EDGE('',*,*,#3158,.F.);
#4363=ORIENTED_EDGE('',*,*,#3190,.F.);
#4364=ORIENTED_EDGE('',*,*,#3191,.F.);
#4365=ORIENTED_EDGE('',*,*,#3190,.T.);
#4366=ORIENTED_EDGE('',*,*,#3157,.F.);
#4367=ORIENTED_EDGE('',*,*,#3192,.F.);
#4368=ORIENTED_EDGE('',*,*,#3193,.F.);
#4369=ORIENTED_EDGE('',*,*,#3192,.T.);
#4370=ORIENTED_EDGE('',*,*,#3156,.F.);
#4371=ORIENTED_EDGE('',*,*,#3187,.F.);
#4372=ORIENTED_EDGE('',*,*,#3194,.F.);
#4373=ORIENTED_EDGE('',*,*,#3195,.T.);
#4374=ORIENTED_EDGE('',*,*,#3169,.F.);
#4375=ORIENTED_EDGE('',*,*,#3196,.F.);
#4376=ORIENTED_EDGE('',*,*,#3197,.F.);
#4377=ORIENTED_EDGE('',*,*,#3196,.T.);
#4378=ORIENTED_EDGE('',*,*,#3168,.F.);
#4379=ORIENTED_EDGE('',*,*,#3198,.F.);
#4380=ORIENTED_EDGE('',*,*,#3199,.F.);
#4381=ORIENTED_EDGE('',*,*,#3198,.T.);
#4382=ORIENTED_EDGE('',*,*,#3167,.F.);
#4383=ORIENTED_EDGE('',*,*,#3200,.F.);
#4384=ORIENTED_EDGE('',*,*,#3201,.F.);
#4385=ORIENTED_EDGE('',*,*,#3200,.T.);
#4386=ORIENTED_EDGE('',*,*,#3166,.F.);
#4387=ORIENTED_EDGE('',*,*,#3202,.F.);
#4388=ORIENTED_EDGE('',*,*,#3203,.F.);
#4389=ORIENTED_EDGE('',*,*,#3202,.T.);
#4390=ORIENTED_EDGE('',*,*,#3165,.F.);
#4391=ORIENTED_EDGE('',*,*,#3204,.F.);
#4392=ORIENTED_EDGE('',*,*,#3205,.F.);
#4393=ORIENTED_EDGE('',*,*,#3204,.T.);
#4394=ORIENTED_EDGE('',*,*,#3164,.F.);
#4395=ORIENTED_EDGE('',*,*,#3206,.F.);
#4396=ORIENTED_EDGE('',*,*,#3207,.F.);
#4397=ORIENTED_EDGE('',*,*,#3206,.T.);
#4398=ORIENTED_EDGE('',*,*,#3163,.F.);
#4399=ORIENTED_EDGE('',*,*,#3208,.F.);
#4400=ORIENTED_EDGE('',*,*,#3209,.F.);
#4401=ORIENTED_EDGE('',*,*,#3208,.T.);
#4402=ORIENTED_EDGE('',*,*,#3162,.F.);
#4403=ORIENTED_EDGE('',*,*,#3210,.F.);
#4404=ORIENTED_EDGE('',*,*,#3211,.F.);
#4405=ORIENTED_EDGE('',*,*,#3210,.T.);
#4406=ORIENTED_EDGE('',*,*,#3161,.F.);
#4407=ORIENTED_EDGE('',*,*,#3212,.F.);
#4408=ORIENTED_EDGE('',*,*,#3213,.F.);
#4409=ORIENTED_EDGE('',*,*,#3212,.T.);
#4410=ORIENTED_EDGE('',*,*,#3160,.F.);
#4411=ORIENTED_EDGE('',*,*,#3195,.F.);
#4412=ORIENTED_EDGE('',*,*,#3214,.T.);
#4413=ORIENTED_EDGE('',*,*,#3215,.T.);
#4414=ORIENTED_EDGE('',*,*,#3146,.F.);
#4415=ORIENTED_EDGE('',*,*,#3216,.F.);
#4416=ORIENTED_EDGE('',*,*,#3217,.T.);
#4417=ORIENTED_EDGE('',*,*,#3216,.T.);
#4418=ORIENTED_EDGE('',*,*,#3145,.F.);
#4419=ORIENTED_EDGE('',*,*,#3079,.T.);
#4420=ORIENTED_EDGE('',*,*,#3030,.F.);
#4421=ORIENTED_EDGE('',*,*,#2999,.T.);
#4422=ORIENTED_EDGE('',*,*,#2919,.F.);
#4423=ORIENTED_EDGE('',*,*,#2916,.T.);
#4424=ORIENTED_EDGE('',*,*,#2922,.F.);
#4425=ORIENTED_EDGE('',*,*,#3218,.F.);
#4426=ORIENTED_EDGE('',*,*,#3219,.T.);
#4427=ORIENTED_EDGE('',*,*,#3218,.T.);
#4428=ORIENTED_EDGE('',*,*,#2921,.F.);
#4429=ORIENTED_EDGE('',*,*,#3081,.F.);
#4430=ORIENTED_EDGE('',*,*,#3151,.F.);
#4431=ORIENTED_EDGE('',*,*,#3220,.F.);
#4432=ORIENTED_EDGE('',*,*,#3221,.T.);
#4433=ORIENTED_EDGE('',*,*,#3220,.T.);
#4434=ORIENTED_EDGE('',*,*,#3150,.F.);
#4435=ORIENTED_EDGE('',*,*,#3222,.F.);
#4436=ORIENTED_EDGE('',*,*,#3223,.T.);
#4437=ORIENTED_EDGE('',*,*,#3222,.T.);
#4438=ORIENTED_EDGE('',*,*,#3149,.F.);
#4439=ORIENTED_EDGE('',*,*,#3224,.F.);
#4440=ORIENTED_EDGE('',*,*,#3225,.T.);
#4441=ORIENTED_EDGE('',*,*,#3224,.T.);
#4442=ORIENTED_EDGE('',*,*,#3148,.F.);
#4443=ORIENTED_EDGE('',*,*,#3110,.T.);
#4444=ORIENTED_EDGE('',*,*,#2628,.F.);
#4445=ORIENTED_EDGE('',*,*,#2843,.F.);
#4446=ORIENTED_EDGE('',*,*,#2778,.T.);
#4447=ORIENTED_EDGE('',*,*,#3226,.F.);
#4448=ORIENTED_EDGE('',*,*,#3227,.T.);
#4449=ORIENTED_EDGE('',*,*,#3226,.T.);
#4450=ORIENTED_EDGE('',*,*,#2777,.F.);
#4451=ORIENTED_EDGE('',*,*,#3112,.F.);
#4452=ORIENTED_EDGE('',*,*,#3176,.F.);
#4453=ORIENTED_EDGE('',*,*,#3228,.F.);
#4454=ORIENTED_EDGE('',*,*,#3229,.T.);
#4455=ORIENTED_EDGE('',*,*,#3228,.T.);
#4456=ORIENTED_EDGE('',*,*,#3175,.F.);
#4457=ORIENTED_EDGE('',*,*,#3230,.F.);
#4458=ORIENTED_EDGE('',*,*,#3231,.T.);
#4459=ORIENTED_EDGE('',*,*,#3230,.T.);
#4460=ORIENTED_EDGE('',*,*,#3138,.F.);
#4461=ORIENTED_EDGE('',*,*,#3174,.F.);
#4462=ORIENTED_EDGE('',*,*,#3232,.F.);
#4463=ORIENTED_EDGE('',*,*,#3233,.T.);
#4464=ORIENTED_EDGE('',*,*,#3232,.T.);
#4465=ORIENTED_EDGE('',*,*,#3173,.F.);
#4466=ORIENTED_EDGE('',*,*,#3234,.F.);
#4467=ORIENTED_EDGE('',*,*,#3235,.T.);
#4468=ORIENTED_EDGE('',*,*,#3234,.T.);
#4469=ORIENTED_EDGE('',*,*,#3172,.F.);
#4470=ORIENTED_EDGE('',*,*,#3062,.F.);
#4471=ORIENTED_EDGE('',*,*,#3141,.F.);
#4472=ORIENTED_EDGE('',*,*,#3236,.F.);
#4473=ORIENTED_EDGE('',*,*,#3237,.T.);
#4474=ORIENTED_EDGE('',*,*,#3236,.T.);
#4475=ORIENTED_EDGE('',*,*,#3140,.F.);
#4476=ORIENTED_EDGE('',*,*,#3059,.F.);
#4477=ORIENTED_EDGE('',*,*,#3171,.F.);
#4478=ORIENTED_EDGE('',*,*,#3238,.F.);
#4479=ORIENTED_EDGE('',*,*,#3239,.T.);
#4480=ORIENTED_EDGE('',*,*,#3238,.T.);
#4481=ORIENTED_EDGE('',*,*,#3170,.F.);
#4482=ORIENTED_EDGE('',*,*,#3135,.T.);
#4483=ORIENTED_EDGE('',*,*,#3041,.F.);
#4484=ORIENTED_EDGE('',*,*,#3240,.F.);
#4485=ORIENTED_EDGE('',*,*,#3241,.T.);
#4486=ORIENTED_EDGE('',*,*,#3242,.T.);
#4487=ORIENTED_EDGE('',*,*,#3052,.T.);
#4488=ORIENTED_EDGE('',*,*,#3243,.F.);
#4489=ORIENTED_EDGE('',*,*,#3244,.T.);
#4490=ORIENTED_EDGE('',*,*,#3243,.T.);
#4491=ORIENTED_EDGE('',*,*,#3051,.F.);
#4492=ORIENTED_EDGE('',*,*,#3177,.F.);
#4493=ORIENTED_EDGE('',*,*,#3055,.F.);
#4494=ORIENTED_EDGE('',*,*,#3245,.F.);
#4495=ORIENTED_EDGE('',*,*,#3246,.T.);
#4496=ORIENTED_EDGE('',*,*,#3245,.T.);
#4497=ORIENTED_EDGE('',*,*,#3058,.F.);
#4498=ORIENTED_EDGE('',*,*,#3247,.F.);
#4499=ORIENTED_EDGE('',*,*,#3248,.T.);
#4500=ORIENTED_EDGE('',*,*,#3247,.T.);
#4501=ORIENTED_EDGE('',*,*,#3057,.F.);
#4502=ORIENTED_EDGE('',*,*,#3139,.F.);
#4503=ORIENTED_EDGE('',*,*,#3053,.F.);
#4504=ORIENTED_EDGE('',*,*,#3242,.F.);
#4505=ORIENTED_EDGE('',*,*,#3249,.T.);
#4506=ORIENTED_EDGE('',*,*,#3240,.T.);
#4507=ORIENTED_EDGE('',*,*,#3040,.F.);
#4508=ORIENTED_EDGE('',*,*,#3250,.F.);
#4509=ORIENTED_EDGE('',*,*,#3251,.T.);
#4510=ORIENTED_EDGE('',*,*,#3250,.T.);
#4511=ORIENTED_EDGE('',*,*,#3039,.F.);
#4512=ORIENTED_EDGE('',*,*,#3137,.F.);
#4513=ORIENTED_EDGE('',*,*,#3144,.F.);
#4514=ORIENTED_EDGE('',*,*,#3252,.F.);
#4515=ORIENTED_EDGE('',*,*,#3253,.T.);
#4516=ORIENTED_EDGE('',*,*,#3252,.T.);
#4517=ORIENTED_EDGE('',*,*,#3143,.F.);
#4518=ORIENTED_EDGE('',*,*,#3254,.F.);
#4519=ORIENTED_EDGE('',*,*,#3255,.T.);
#4520=ORIENTED_EDGE('',*,*,#3254,.T.);
#4521=ORIENTED_EDGE('',*,*,#3142,.F.);
#4522=ORIENTED_EDGE('',*,*,#3067,.T.);
#4523=ORIENTED_EDGE('',*,*,#3036,.F.);
#4524=ORIENTED_EDGE('',*,*,#3069,.F.);
#4525=ORIENTED_EDGE('',*,*,#3147,.F.);
#4526=ORIENTED_EDGE('',*,*,#3215,.F.);
#4527=ORIENTED_EDGE('',*,*,#3255,.F.);
#4528=ORIENTED_EDGE('',*,*,#3214,.F.);
#4529=ORIENTED_EDGE('',*,*,#3217,.F.);
#4530=ORIENTED_EDGE('',*,*,#3219,.F.);
#4531=ORIENTED_EDGE('',*,*,#3221,.F.);
#4532=ORIENTED_EDGE('',*,*,#3223,.F.);
#4533=ORIENTED_EDGE('',*,*,#3225,.F.);
#4534=ORIENTED_EDGE('',*,*,#3227,.F.);
#4535=ORIENTED_EDGE('',*,*,#3229,.F.);
#4536=ORIENTED_EDGE('',*,*,#3231,.F.);
#4537=ORIENTED_EDGE('',*,*,#3233,.F.);
#4538=ORIENTED_EDGE('',*,*,#3235,.F.);
#4539=ORIENTED_EDGE('',*,*,#3237,.F.);
#4540=ORIENTED_EDGE('',*,*,#3239,.F.);
#4541=ORIENTED_EDGE('',*,*,#3244,.F.);
#4542=ORIENTED_EDGE('',*,*,#3246,.F.);
#4543=ORIENTED_EDGE('',*,*,#3248,.F.);
#4544=ORIENTED_EDGE('',*,*,#3241,.F.);
#4545=ORIENTED_EDGE('',*,*,#3249,.F.);
#4546=ORIENTED_EDGE('',*,*,#3251,.F.);
#4547=ORIENTED_EDGE('',*,*,#3253,.F.);
#4548=ORIENTED_EDGE('',*,*,#2707,.T.);
#4549=ORIENTED_EDGE('',*,*,#2713,.T.);
#4550=ORIENTED_EDGE('',*,*,#2719,.T.);
#4551=ORIENTED_EDGE('',*,*,#2760,.T.);
#4552=ORIENTED_EDGE('',*,*,#2762,.T.);
#4553=ORIENTED_EDGE('',*,*,#2764,.T.);
#4554=ORIENTED_EDGE('',*,*,#2766,.T.);
#4555=ORIENTED_EDGE('',*,*,#3213,.T.);
#4556=ORIENTED_EDGE('',*,*,#3194,.T.);
#4557=ORIENTED_EDGE('',*,*,#3197,.T.);
#4558=ORIENTED_EDGE('',*,*,#3199,.T.);
#4559=ORIENTED_EDGE('',*,*,#3201,.T.);
#4560=ORIENTED_EDGE('',*,*,#3203,.T.);
#4561=ORIENTED_EDGE('',*,*,#3205,.T.);
#4562=ORIENTED_EDGE('',*,*,#3207,.T.);
#4563=ORIENTED_EDGE('',*,*,#3209,.T.);
#4564=ORIENTED_EDGE('',*,*,#3211,.T.);
#4565=ORIENTED_EDGE('',*,*,#3193,.T.);
#4566=ORIENTED_EDGE('',*,*,#3186,.T.);
#4567=ORIENTED_EDGE('',*,*,#3189,.T.);
#4568=ORIENTED_EDGE('',*,*,#3191,.T.);
#4569=ORIENTED_EDGE('',*,*,#3185,.T.);
#4570=ORIENTED_EDGE('',*,*,#3178,.T.);
#4571=ORIENTED_EDGE('',*,*,#3181,.T.);
#4572=ORIENTED_EDGE('',*,*,#3183,.T.);
#4573=ORIENTED_EDGE('',*,*,#2716,.T.);
#4574=ORIENTED_EDGE('',*,*,#2710,.T.);
#4575=ORIENTED_EDGE('',*,*,#2704,.T.);
#4576=CYLINDRICAL_SURFACE('',#4870,0.17);
#4577=CYLINDRICAL_SURFACE('',#4877,0.07);
#4578=CYLINDRICAL_SURFACE('',#4887,0.4995);
#4579=CYLINDRICAL_SURFACE('',#4891,0.49855);
#4580=CYLINDRICAL_SURFACE('',#4895,0.17);
#4581=CYLINDRICAL_SURFACE('',#4908,0.17);
#4582=CYLINDRICAL_SURFACE('',#4911,0.17);
#4583=CYLINDRICAL_SURFACE('',#4913,0.17);
#4584=CYLINDRICAL_SURFACE('',#4916,0.17);
#4585=CYLINDRICAL_SURFACE('',#4918,0.17);
#4586=CYLINDRICAL_SURFACE('',#4921,0.4);
#4587=CYLINDRICAL_SURFACE('',#4925,0.4);
#4588=CYLINDRICAL_SURFACE('',#4929,0.4);
#4589=CYLINDRICAL_SURFACE('',#4933,0.4);
#4590=CYLINDRICAL_SURFACE('',#4937,0.4);
#4591=CYLINDRICAL_SURFACE('',#4941,0.4);
#4592=CYLINDRICAL_SURFACE('',#4949,0.949);
#4593=ADVANCED_FACE('',(#324),#4576,.F.);
#4594=ADVANCED_FACE('',(#325),#4577,.F.);
#4595=ADVANCED_FACE('',(#326),#113,.F.);
#4596=ADVANCED_FACE('',(#327,#18),#81,.F.);
#4597=ADVANCED_FACE('',(#328,#19),#82,.F.);
#4598=ADVANCED_FACE('',(#329),#4578,.F.);
#4599=ADVANCED_FACE('',(#330),#114,.F.);
#4600=ADVANCED_FACE('',(#331),#4579,.F.);
#4601=ADVANCED_FACE('',(#332),#115,.F.);
#4602=ADVANCED_FACE('',(#333),#4580,.F.);
#4603=ADVANCED_FACE('',(#334),#116,.F.);
#4604=ADVANCED_FACE('',(#335),#117,.T.);
#4605=ADVANCED_FACE('',(#336,#20,#21,#22,#23,#24),#118,.T.);
#4606=ADVANCED_FACE('',(#337),#119,.T.);
#4607=ADVANCED_FACE('',(#338),#120,.T.);
#4608=ADVANCED_FACE('',(#339),#4581,.F.);
#4609=ADVANCED_FACE('',(#340),#4582,.F.);
#4610=ADVANCED_FACE('',(#341),#4583,.F.);
#4611=ADVANCED_FACE('',(#342),#4584,.F.);
#4612=ADVANCED_FACE('',(#343),#4585,.F.);
#4613=ADVANCED_FACE('',(#344),#4586,.T.);
#4614=ADVANCED_FACE('',(#345,#25),#121,.T.);
#4615=ADVANCED_FACE('',(#346),#4587,.T.);
#4616=ADVANCED_FACE('',(#347,#26),#122,.T.);
#4617=ADVANCED_FACE('',(#348),#4588,.T.);
#4618=ADVANCED_FACE('',(#349,#27),#123,.T.);
#4619=ADVANCED_FACE('',(#350),#4589,.T.);
#4620=ADVANCED_FACE('',(#351,#28),#124,.T.);
#4621=ADVANCED_FACE('',(#352),#4590,.T.);
#4622=ADVANCED_FACE('',(#353,#29),#125,.T.);
#4623=ADVANCED_FACE('',(#354),#4591,.T.);
#4624=ADVANCED_FACE('',(#355,#30),#126,.T.);
#4625=ADVANCED_FACE('',(#356),#15,.T.);
#4626=ADVANCED_FACE('',(#357),#127,.T.);
#4627=ADVANCED_FACE('',(#358),#4592,.T.);
#4628=ADVANCED_FACE('',(#359),#128,.T.);
#4629=ADVANCED_FACE('',(#360),#129,.T.);
#4630=ADVANCED_FACE('',(#361),#130,.T.);
#4631=ADVANCED_FACE('',(#362),#131,.T.);
#4632=ADVANCED_FACE('',(#363),#132,.T.);
#4633=ADVANCED_FACE('',(#364),#133,.T.);
#4634=ADVANCED_FACE('',(#365),#83,.T.);
#4635=ADVANCED_FACE('',(#366),#16,.T.);
#4636=ADVANCED_FACE('',(#367,#31),#134,.T.);
#4637=ADVANCED_FACE('',(#368),#84,.T.);
#4638=ADVANCED_FACE('',(#369),#17,.T.);
#4639=ADVANCED_FACE('',(#370,#32),#135,.T.);
#4640=ADVANCED_FACE('',(#371),#85,.T.);
#4641=ADVANCED_FACE('',(#372),#86,.T.);
#4642=ADVANCED_FACE('',(#373),#87,.T.);
#4643=ADVANCED_FACE('',(#374),#88,.T.);
#4644=ADVANCED_FACE('',(#375),#89,.T.);
#4645=ADVANCED_FACE('',(#376),#90,.T.);
#4646=ADVANCED_FACE('',(#377),#91,.T.);
#4647=ADVANCED_FACE('',(#378),#92,.T.);
#4648=ADVANCED_FACE('',(#379),#93,.T.);
#4649=ADVANCED_FACE('',(#380),#94,.T.);
#4650=ADVANCED_FACE('',(#381),#95,.T.);
#4651=ADVANCED_FACE('',(#382),#96,.T.);
#4652=ADVANCED_FACE('',(#383),#97,.T.);
#4653=ADVANCED_FACE('',(#384),#98,.T.);
#4654=ADVANCED_FACE('',(#385),#99,.T.);
#4655=ADVANCED_FACE('',(#386),#100,.T.);
#4656=ADVANCED_FACE('',(#387),#101,.T.);
#4657=ADVANCED_FACE('',(#388),#102,.T.);
#4658=ADVANCED_FACE('',(#389),#103,.T.);
#4659=ADVANCED_FACE('',(#390),#104,.T.);
#4660=ADVANCED_FACE('',(#391),#105,.T.);
#4661=ADVANCED_FACE('',(#392),#106,.T.);
#4662=ADVANCED_FACE('',(#393),#107,.T.);
#4663=ADVANCED_FACE('',(#394),#108,.T.);
#4664=ADVANCED_FACE('',(#395),#109,.T.);
#4665=ADVANCED_FACE('',(#396),#110,.T.);
#4666=ADVANCED_FACE('',(#397),#111,.T.);
#4667=ADVANCED_FACE('',(#398),#112,.T.);
#4668=ADVANCED_FACE('',(#399),#136,.T.);
#4669=ADVANCED_FACE('',(#400),#137,.T.);
#4670=ADVANCED_FACE('',(#401),#138,.T.);
#4671=ADVANCED_FACE('',(#402),#139,.T.);
#4672=ADVANCED_FACE('',(#403),#140,.T.);
#4673=ADVANCED_FACE('',(#404),#141,.T.);
#4674=ADVANCED_FACE('',(#405),#142,.T.);
#4675=ADVANCED_FACE('',(#406),#143,.T.);
#4676=ADVANCED_FACE('',(#407),#144,.T.);
#4677=ADVANCED_FACE('',(#408),#145,.T.);
#4678=ADVANCED_FACE('',(#409),#146,.T.);
#4679=ADVANCED_FACE('',(#410),#147,.T.);
#4680=ADVANCED_FACE('',(#411),#148,.T.);
#4681=ADVANCED_FACE('',(#412),#149,.T.);
#4682=ADVANCED_FACE('',(#413),#150,.T.);
#4683=ADVANCED_FACE('',(#414),#151,.T.);
#4684=ADVANCED_FACE('',(#415),#152,.T.);
#4685=ADVANCED_FACE('',(#416),#153,.T.);
#4686=ADVANCED_FACE('',(#417),#154,.T.);
#4687=ADVANCED_FACE('',(#418),#155,.T.);
#4688=ADVANCED_FACE('',(#419),#156,.T.);
#4689=ADVANCED_FACE('',(#420),#157,.T.);
#4690=ADVANCED_FACE('',(#421),#158,.T.);
#4691=ADVANCED_FACE('',(#422),#159,.T.);
#4692=ADVANCED_FACE('',(#423),#160,.T.);
#4693=ADVANCED_FACE('',(#424),#161,.T.);
#4694=ADVANCED_FACE('',(#425),#162,.T.);
#4695=ADVANCED_FACE('',(#426),#163,.T.);
#4696=ADVANCED_FACE('',(#427),#164,.T.);
#4697=ADVANCED_FACE('',(#428),#165,.T.);
#4698=ADVANCED_FACE('',(#429),#166,.T.);
#4699=ADVANCED_FACE('',(#430),#167,.T.);
#4700=ADVANCED_FACE('',(#431),#168,.T.);
#4701=ADVANCED_FACE('',(#432),#169,.T.);
#4702=ADVANCED_FACE('',(#433),#170,.T.);
#4703=ADVANCED_FACE('',(#434),#171,.T.);
#4704=ADVANCED_FACE('',(#435),#172,.T.);
#4705=ADVANCED_FACE('',(#436),#173,.T.);
#4706=ADVANCED_FACE('',(#437,#33,#34,#35,#36),#174,.T.);
#4707=ADVANCED_FACE('',(#438),#175,.T.);
#4708=ADVANCED_FACE('',(#439),#176,.T.);
#4709=ADVANCED_FACE('',(#440),#177,.T.);
#4710=ADVANCED_FACE('',(#441),#178,.T.);
#4711=ADVANCED_FACE('',(#442),#179,.T.);
#4712=ADVANCED_FACE('',(#443),#180,.T.);
#4713=ADVANCED_FACE('',(#444),#181,.T.);
#4714=ADVANCED_FACE('',(#445),#182,.T.);
#4715=ADVANCED_FACE('',(#446),#183,.T.);
#4716=ADVANCED_FACE('',(#447),#184,.T.);
#4717=ADVANCED_FACE('',(#448),#185,.T.);
#4718=ADVANCED_FACE('',(#449),#186,.T.);
#4719=ADVANCED_FACE('',(#450),#187,.T.);
#4720=ADVANCED_FACE('',(#451),#188,.T.);
#4721=ADVANCED_FACE('',(#452),#189,.T.);
#4722=ADVANCED_FACE('',(#453),#190,.T.);
#4723=ADVANCED_FACE('',(#454),#191,.T.);
#4724=ADVANCED_FACE('',(#455),#192,.T.);
#4725=ADVANCED_FACE('',(#456,#37,#38,#39,#40,#41),#193,.T.);
#4726=ADVANCED_FACE('',(#457),#194,.T.);
#4727=ADVANCED_FACE('',(#458),#195,.T.);
#4728=ADVANCED_FACE('',(#459,#42),#196,.T.);
#4729=ADVANCED_FACE('',(#460),#197,.T.);
#4730=ADVANCED_FACE('',(#461),#198,.T.);
#4731=ADVANCED_FACE('',(#462),#199,.T.);
#4732=ADVANCED_FACE('',(#463),#200,.T.);
#4733=ADVANCED_FACE('',(#464),#201,.T.);
#4734=ADVANCED_FACE('',(#465),#202,.T.);
#4735=ADVANCED_FACE('',(#466),#203,.T.);
#4736=ADVANCED_FACE('',(#467),#204,.T.);
#4737=ADVANCED_FACE('',(#468),#205,.T.);
#4738=ADVANCED_FACE('',(#469),#206,.T.);
#4739=ADVANCED_FACE('',(#470),#207,.T.);
#4740=ADVANCED_FACE('',(#471),#208,.T.);
#4741=ADVANCED_FACE('',(#472),#209,.T.);
#4742=ADVANCED_FACE('',(#473),#210,.T.);
#4743=ADVANCED_FACE('',(#474),#211,.T.);
#4744=ADVANCED_FACE('',(#475),#212,.T.);
#4745=ADVANCED_FACE('',(#476),#213,.T.);
#4746=ADVANCED_FACE('',(#477),#214,.T.);
#4747=ADVANCED_FACE('',(#478),#215,.T.);
#4748=ADVANCED_FACE('',(#479),#216,.T.);
#4749=ADVANCED_FACE('',(#480),#217,.T.);
#4750=ADVANCED_FACE('',(#481),#218,.T.);
#4751=ADVANCED_FACE('',(#482),#219,.T.);
#4752=ADVANCED_FACE('',(#483),#220,.T.);
#4753=ADVANCED_FACE('',(#484),#221,.T.);
#4754=ADVANCED_FACE('',(#485),#222,.T.);
#4755=ADVANCED_FACE('',(#486),#223,.T.);
#4756=ADVANCED_FACE('',(#487),#224,.T.);
#4757=ADVANCED_FACE('',(#488),#225,.T.);
#4758=ADVANCED_FACE('',(#489),#226,.T.);
#4759=ADVANCED_FACE('',(#490),#227,.T.);
#4760=ADVANCED_FACE('',(#491),#228,.T.);
#4761=ADVANCED_FACE('',(#492),#229,.T.);
#4762=ADVANCED_FACE('',(#493),#230,.T.);
#4763=ADVANCED_FACE('',(#494),#231,.T.);
#4764=ADVANCED_FACE('',(#495),#232,.T.);
#4765=ADVANCED_FACE('',(#496),#233,.T.);
#4766=ADVANCED_FACE('',(#497),#234,.T.);
#4767=ADVANCED_FACE('',(#498),#235,.T.);
#4768=ADVANCED_FACE('',(#499),#236,.T.);
#4769=ADVANCED_FACE('',(#500),#237,.T.);
#4770=ADVANCED_FACE('',(#501,#43,#44,#45,#46,#47,#48,#49,#50,#51,#52,#53,
#54,#55,#56,#57,#58),#238,.T.);
#4771=ADVANCED_FACE('',(#502,#59),#239,.T.);
#4772=ADVANCED_FACE('',(#503),#240,.T.);
#4773=ADVANCED_FACE('',(#504),#241,.T.);
#4774=ADVANCED_FACE('',(#505),#242,.T.);
#4775=ADVANCED_FACE('',(#506),#243,.T.);
#4776=ADVANCED_FACE('',(#507),#244,.T.);
#4777=ADVANCED_FACE('',(#508),#245,.T.);
#4778=ADVANCED_FACE('',(#509),#246,.T.);
#4779=ADVANCED_FACE('',(#510),#247,.T.);
#4780=ADVANCED_FACE('',(#511),#248,.T.);
#4781=ADVANCED_FACE('',(#512),#249,.T.);
#4782=ADVANCED_FACE('',(#513),#250,.T.);
#4783=ADVANCED_FACE('',(#514),#251,.T.);
#4784=ADVANCED_FACE('',(#515),#252,.T.);
#4785=ADVANCED_FACE('',(#516),#253,.T.);
#4786=ADVANCED_FACE('',(#517),#254,.T.);
#4787=ADVANCED_FACE('',(#518),#255,.T.);
#4788=ADVANCED_FACE('',(#519),#256,.T.);
#4789=ADVANCED_FACE('',(#520),#257,.T.);
#4790=ADVANCED_FACE('',(#521),#258,.T.);
#4791=ADVANCED_FACE('',(#522),#259,.T.);
#4792=ADVANCED_FACE('',(#523),#260,.T.);
#4793=ADVANCED_FACE('',(#524),#261,.T.);
#4794=ADVANCED_FACE('',(#525),#262,.T.);
#4795=ADVANCED_FACE('',(#526),#263,.T.);
#4796=ADVANCED_FACE('',(#527),#264,.T.);
#4797=ADVANCED_FACE('',(#528),#265,.T.);
#4798=ADVANCED_FACE('',(#529),#266,.T.);
#4799=ADVANCED_FACE('',(#530),#267,.T.);
#4800=ADVANCED_FACE('',(#531),#268,.T.);
#4801=ADVANCED_FACE('',(#532),#269,.T.);
#4802=ADVANCED_FACE('',(#533),#270,.T.);
#4803=ADVANCED_FACE('',(#534),#271,.T.);
#4804=ADVANCED_FACE('',(#535),#272,.T.);
#4805=ADVANCED_FACE('',(#536),#273,.T.);
#4806=ADVANCED_FACE('',(#537),#274,.T.);
#4807=ADVANCED_FACE('',(#538),#275,.T.);
#4808=ADVANCED_FACE('',(#539),#276,.T.);
#4809=ADVANCED_FACE('',(#540),#277,.T.);
#4810=ADVANCED_FACE('',(#541),#278,.T.);
#4811=ADVANCED_FACE('',(#542),#279,.T.);
#4812=ADVANCED_FACE('',(#543,#60,#61,#62,#63,#64),#280,.T.);
#4813=ADVANCED_FACE('',(#544,#65,#66,#67),#281,.T.);
#4814=ADVANCED_FACE('',(#545),#282,.T.);
#4815=ADVANCED_FACE('',(#546),#283,.T.);
#4816=ADVANCED_FACE('',(#547),#284,.T.);
#4817=ADVANCED_FACE('',(#548),#285,.T.);
#4818=ADVANCED_FACE('',(#549),#286,.T.);
#4819=ADVANCED_FACE('',(#550),#287,.T.);
#4820=ADVANCED_FACE('',(#551),#288,.T.);
#4821=ADVANCED_FACE('',(#552),#289,.T.);
#4822=ADVANCED_FACE('',(#553),#290,.T.);
#4823=ADVANCED_FACE('',(#554),#291,.T.);
#4824=ADVANCED_FACE('',(#555),#292,.T.);
#4825=ADVANCED_FACE('',(#556),#293,.T.);
#4826=ADVANCED_FACE('',(#557),#294,.T.);
#4827=ADVANCED_FACE('',(#558),#295,.T.);
#4828=ADVANCED_FACE('',(#559),#296,.T.);
#4829=ADVANCED_FACE('',(#560),#297,.T.);
#4830=ADVANCED_FACE('',(#561),#298,.T.);
#4831=ADVANCED_FACE('',(#562),#299,.T.);
#4832=ADVANCED_FACE('',(#563),#300,.T.);
#4833=ADVANCED_FACE('',(#564),#301,.T.);
#4834=ADVANCED_FACE('',(#565),#302,.T.);
#4835=ADVANCED_FACE('',(#566),#303,.T.);
#4836=ADVANCED_FACE('',(#567),#304,.T.);
#4837=ADVANCED_FACE('',(#568),#305,.T.);
#4838=ADVANCED_FACE('',(#569),#306,.T.);
#4839=ADVANCED_FACE('',(#570),#307,.T.);
#4840=ADVANCED_FACE('',(#571),#308,.T.);
#4841=ADVANCED_FACE('',(#572),#309,.T.);
#4842=ADVANCED_FACE('',(#573),#310,.T.);
#4843=ADVANCED_FACE('',(#574),#311,.T.);
#4844=ADVANCED_FACE('',(#575),#312,.T.);
#4845=ADVANCED_FACE('',(#576),#313,.T.);
#4846=ADVANCED_FACE('',(#577),#314,.T.);
#4847=ADVANCED_FACE('',(#578),#315,.T.);
#4848=ADVANCED_FACE('',(#579),#316,.T.);
#4849=ADVANCED_FACE('',(#580),#317,.T.);
#4850=ADVANCED_FACE('',(#581),#318,.T.);
#4851=ADVANCED_FACE('',(#582),#319,.T.);
#4852=ADVANCED_FACE('',(#583),#320,.T.);
#4853=ADVANCED_FACE('',(#584),#321,.T.);
#4854=ADVANCED_FACE('',(#585),#322,.T.);
#4855=ADVANCED_FACE('',(#586,#68,#69,#70,#71,#72,#73,#74,#75,#76,#77,#78,
#79,#80),#323,.T.);
#4856=CLOSED_SHELL('',(#4593,#4594,#4595,#4596,#4597,#4598,#4599,#4600,
#4601,#4602,#4603,#4604,#4605,#4606,#4607,#4608,#4609,#4610,#4611,#4612,
#4613,#4614,#4615,#4616,#4617,#4618,#4619,#4620,#4621,#4622,#4623,#4624,
#4625,#4626,#4627,#4628,#4629,#4630,#4631,#4632,#4633,#4634,#4635,#4636,
#4637,#4638,#4639,#4640,#4641,#4642,#4643,#4644,#4645,#4646,#4647,#4648,
#4649,#4650,#4651,#4652,#4653,#4654,#4655,#4656,#4657,#4658,#4659,#4660,
#4661,#4662,#4663,#4664,#4665,#4666,#4667,#4668,#4669,#4670,#4671,#4672,
#4673,#4674,#4675,#4676,#4677,#4678,#4679,#4680,#4681,#4682,#4683,#4684,
#4685,#4686,#4687,#4688,#4689,#4690,#4691,#4692,#4693,#4694,#4695,#4696,
#4697,#4698,#4699,#4700,#4701,#4702,#4703,#4704,#4705,#4706,#4707,#4708,
#4709,#4710,#4711,#4712,#4713,#4714,#4715,#4716,#4717,#4718,#4719,#4720,
#4721,#4722,#4723,#4724,#4725,#4726,#4727,#4728,#4729,#4730,#4731,#4732,
#4733,#4734,#4735,#4736,#4737,#4738,#4739,#4740,#4741,#4742,#4743,#4744,
#4745,#4746,#4747,#4748,#4749,#4750,#4751,#4752,#4753,#4754,#4755,#4756,
#4757,#4758,#4759,#4760,#4761,#4762,#4763,#4764,#4765,#4766,#4767,#4768,
#4769,#4770,#4771,#4772,#4773,#4774,#4775,#4776,#4777,#4778,#4779,#4780,
#4781,#4782,#4783,#4784,#4785,#4786,#4787,#4788,#4789,#4790,#4791,#4792,
#4793,#4794,#4795,#4796,#4797,#4798,#4799,#4800,#4801,#4802,#4803,#4804,
#4805,#4806,#4807,#4808,#4809,#4810,#4811,#4812,#4813,#4814,#4815,#4816,
#4817,#4818,#4819,#4820,#4821,#4822,#4823,#4824,#4825,#4826,#4827,#4828,
#4829,#4830,#4831,#4832,#4833,#4834,#4835,#4836,#4837,#4838,#4839,#4840,
#4841,#4842,#4843,#4844,#4845,#4846,#4847,#4848,#4849,#4850,#4851,#4852,
#4853,#4854,#4855));
#4857=DERIVED_UNIT_ELEMENT(#4859,1.);
#4858=DERIVED_UNIT_ELEMENT(#7850,-3.);
#4859=(
MASS_UNIT()
NAMED_UNIT(*)
SI_UNIT(.KILO.,.GRAM.)
);
#4860=DERIVED_UNIT((#4857,#4858));
#4861=MEASURE_REPRESENTATION_ITEM('density measure',
POSITIVE_RATIO_MEASURE(7850.),#4860);
#4862=PROPERTY_DEFINITION_REPRESENTATION(#4867,#4864);
#4863=PROPERTY_DEFINITION_REPRESENTATION(#4868,#4865);
#4864=REPRESENTATION('material name',(#4866),#7847);
#4865=REPRESENTATION('density',(#4861),#7847);
#4866=DESCRIPTIVE_REPRESENTATION_ITEM('Steel','Steel');
#4867=PROPERTY_DEFINITION('material property','material name',#7857);
#4868=PROPERTY_DEFINITION('material property','density of part',#7857);
#4869=AXIS2_PLACEMENT_3D('',#6479,#5212,#5213);
#4870=AXIS2_PLACEMENT_3D('',#6480,#5214,#5215);
#4871=AXIS2_PLACEMENT_3D('',#6482,#5216,#5217);
#4872=AXIS2_PLACEMENT_3D('',#6486,#5219,#5220);
#4873=AXIS2_PLACEMENT_3D('',#6490,#5222,#5223);
#4874=AXIS2_PLACEMENT_3D('',#6494,#5225,#5226);
#4875=AXIS2_PLACEMENT_3D('',#6498,#5228,#5229);
#4876=AXIS2_PLACEMENT_3D('',#6501,#5231,#5232);
#4877=AXIS2_PLACEMENT_3D('',#6502,#5233,#5234);
#4878=AXIS2_PLACEMENT_3D('',#6504,#5235,#5236);
#4879=AXIS2_PLACEMENT_3D('',#6507,#5238,#5239);
#4880=AXIS2_PLACEMENT_3D('',#6508,#5240,#5241);
#4881=AXIS2_PLACEMENT_3D('',#6509,#5242,#5243);
#4882=AXIS2_PLACEMENT_3D('',#6512,#5244,#5245);
#4883=AXIS2_PLACEMENT_3D('',#6514,#5246,#5247);
#4884=AXIS2_PLACEMENT_3D('',#6515,#5248,#5249);
#4885=AXIS2_PLACEMENT_3D('',#6518,#5250,#5251);
#4886=AXIS2_PLACEMENT_3D('',#6520,#5252,#5253);
#4887=AXIS2_PLACEMENT_3D('',#6521,#5254,#5255);
#4888=AXIS2_PLACEMENT_3D('',#6523,#5256,#5257);
#4889=AXIS2_PLACEMENT_3D('',#6526,#5259,#5260);
#4890=AXIS2_PLACEMENT_3D('',#6527,#5261,#5262);
#4891=AXIS2_PLACEMENT_3D('',#6528,#5263,#5264);
#4892=AXIS2_PLACEMENT_3D('',#6530,#5265,#5266);
#4893=AXIS2_PLACEMENT_3D('',#6533,#5268,#5269);
#4894=AXIS2_PLACEMENT_3D('',#6534,#5270,#5271);
#4895=AXIS2_PLACEMENT_3D('',#6535,#5272,#5273);
#4896=AXIS2_PLACEMENT_3D('',#6537,#5274,#5275);
#4897=AXIS2_PLACEMENT_3D('',#6540,#5277,#5278);
#4898=AXIS2_PLACEMENT_3D('',#6541,#5279,#5280);
#4899=AXIS2_PLACEMENT_3D('',#6542,#5281,#5282);
#4900=AXIS2_PLACEMENT_3D('',#6543,#5283,#5284);
#4901=AXIS2_PLACEMENT_3D('',#6549,#5288,#5289);
#4902=AXIS2_PLACEMENT_3D('',#6636,#5333,#5334);
#4903=AXIS2_PLACEMENT_3D('',#6638,#5335,#5336);
#4904=AXIS2_PLACEMENT_3D('',#6639,#5337,#5338);
#4905=AXIS2_PLACEMENT_3D('',#6643,#5341,#5342);
#4906=AXIS2_PLACEMENT_3D('',#6674,#5358,#5359);
#4907=AXIS2_PLACEMENT_3D('',#6675,#5360,#5361);
#4908=AXIS2_PLACEMENT_3D('',#6676,#5362,#5363);
#4909=AXIS2_PLACEMENT_3D('',#6678,#5364,#5365);
#4910=AXIS2_PLACEMENT_3D('',#6681,#5367,#5368);
#4911=AXIS2_PLACEMENT_3D('',#6682,#5369,#5370);
#4912=AXIS2_PLACEMENT_3D('',#6684,#5371,#5372);
#4913=AXIS2_PLACEMENT_3D('',#6686,#5374,#5375);
#4914=AXIS2_PLACEMENT_3D('',#6688,#5376,#5377);
#4915=AXIS2_PLACEMENT_3D('',#6691,#5379,#5380);
#4916=AXIS2_PLACEMENT_3D('',#6692,#5381,#5382);
#4917=AXIS2_PLACEMENT_3D('',#6694,#5383,#5384);
#4918=AXIS2_PLACEMENT_3D('',#6696,#5386,#5387);
#4919=AXIS2_PLACEMENT_3D('',#6698,#5388,#5389);
#4920=AXIS2_PLACEMENT_3D('',#6701,#5391,#5392);
#4921=AXIS2_PLACEMENT_3D('',#6702,#5393,#5394);
#4922=AXIS2_PLACEMENT_3D('',#6704,#5395,#5396);
#4923=AXIS2_PLACEMENT_3D('',#6707,#5398,#5399);
#4924=AXIS2_PLACEMENT_3D('',#6708,#5400,#5401);
#4925=AXIS2_PLACEMENT_3D('',#6709,#5402,#5403);
#4926=AXIS2_PLACEMENT_3D('',#6711,#5404,#5405);
#4927=AXIS2_PLACEMENT_3D('',#6714,#5407,#5408);
#4928=AXIS2_PLACEMENT_3D('',#6715,#5409,#5410);
#4929=AXIS2_PLACEMENT_3D('',#6716,#5411,#5412);
#4930=AXIS2_PLACEMENT_3D('',#6718,#5413,#5414);
#4931=AXIS2_PLACEMENT_3D('',#6721,#5416,#5417);
#4932=AXIS2_PLACEMENT_3D('',#6722,#5418,#5419);
#4933=AXIS2_PLACEMENT_3D('',#6723,#5420,#5421);
#4934=AXIS2_PLACEMENT_3D('',#6725,#5422,#5423);
#4935=AXIS2_PLACEMENT_3D('',#6728,#5425,#5426);
#4936=AXIS2_PLACEMENT_3D('',#6729,#5427,#5428);
#4937=AXIS2_PLACEMENT_3D('',#6730,#5429,#5430);
#4938=AXIS2_PLACEMENT_3D('',#6732,#5431,#5432);
#4939=AXIS2_PLACEMENT_3D('',#6735,#5434,#5435);
#4940=AXIS2_PLACEMENT_3D('',#6736,#5436,#5437);
#4941=AXIS2_PLACEMENT_3D('',#6737,#5438,#5439);
#4942=AXIS2_PLACEMENT_3D('',#6739,#5440,#5441);
#4943=AXIS2_PLACEMENT_3D('',#6742,#5443,#5444);
#4944=AXIS2_PLACEMENT_3D('',#6743,#5445,#5446);
#4945=AXIS2_PLACEMENT_3D('',#6744,#5447,#5448);
#4946=AXIS2_PLACEMENT_3D('',#6746,#5449,#5450);
#4947=AXIS2_PLACEMENT_3D('',#6749,#5452,#5453);
#4948=AXIS2_PLACEMENT_3D('',#6750,#5454,#5455);
#4949=AXIS2_PLACEMENT_3D('',#6751,#5456,#5457);
#4950=AXIS2_PLACEMENT_3D('',#6753,#5459,#5460);
#4951=AXIS2_PLACEMENT_3D('',#6756,#5463,#5464);
#4952=AXIS2_PLACEMENT_3D('',#6757,#5465,#5466);
#4953=AXIS2_PLACEMENT_3D('',#6759,#5468,#5469);
#4954=AXIS2_PLACEMENT_3D('',#6761,#5471,#5472);
#4955=AXIS2_PLACEMENT_3D('',#6763,#5474,#5475);
#4956=AXIS2_PLACEMENT_3D('',#6765,#5477,#5478);
#4957=AXIS2_PLACEMENT_3D('',#6767,#5479,#5480);
#4958=AXIS2_PLACEMENT_3D('',#6768,#5481,#5482);
#4959=AXIS2_PLACEMENT_3D('',#6770,#5483,#5484);
#4960=AXIS2_PLACEMENT_3D('',#6773,#5486,#5487);
#4961=AXIS2_PLACEMENT_3D('',#6774,#5488,#5489);
#4962=AXIS2_PLACEMENT_3D('',#6775,#5490,#5491);
#4963=AXIS2_PLACEMENT_3D('',#6777,#5492,#5493);
#4964=AXIS2_PLACEMENT_3D('',#6778,#5494,#5495);
#4965=AXIS2_PLACEMENT_3D('',#6780,#5496,#5497);
#4966=AXIS2_PLACEMENT_3D('',#6783,#5499,#5500);
#4967=AXIS2_PLACEMENT_3D('',#6784,#5501,#5502);
#4968=AXIS2_PLACEMENT_3D('',#6785,#5503,#5504);
#4969=AXIS2_PLACEMENT_3D('',#6787,#5505,#5506);
#4970=AXIS2_PLACEMENT_3D('',#6788,#5507,#5508);
#4971=AXIS2_PLACEMENT_3D('',#6790,#5509,#5510);
#4972=AXIS2_PLACEMENT_3D('',#6791,#5511,#5512);
#4973=AXIS2_PLACEMENT_3D('',#6793,#5513,#5514);
#4974=AXIS2_PLACEMENT_3D('',#6794,#5515,#5516);
#4975=AXIS2_PLACEMENT_3D('',#6796,#5517,#5518);
#4976=AXIS2_PLACEMENT_3D('',#6797,#5519,#5520);
#4977=AXIS2_PLACEMENT_3D('',#6799,#5521,#5522);
#4978=AXIS2_PLACEMENT_3D('',#6800,#5523,#5524);
#4979=AXIS2_PLACEMENT_3D('',#6802,#5525,#5526);
#4980=AXIS2_PLACEMENT_3D('',#6803,#5527,#5528);
#4981=AXIS2_PLACEMENT_3D('',#6805,#5529,#5530);
#4982=AXIS2_PLACEMENT_3D('',#6806,#5531,#5532);
#4983=AXIS2_PLACEMENT_3D('',#6808,#5533,#5534);
#4984=AXIS2_PLACEMENT_3D('',#6809,#5535,#5536);
#4985=AXIS2_PLACEMENT_3D('',#6811,#5537,#5538);
#4986=AXIS2_PLACEMENT_3D('',#6812,#5539,#5540);
#4987=AXIS2_PLACEMENT_3D('',#6814,#5541,#5542);
#4988=AXIS2_PLACEMENT_3D('',#6815,#5543,#5544);
#4989=AXIS2_PLACEMENT_3D('',#6817,#5545,#5546);
#4990=AXIS2_PLACEMENT_3D('',#6818,#5547,#5548);
#4991=AXIS2_PLACEMENT_3D('',#6820,#5549,#5550);
#4992=AXIS2_PLACEMENT_3D('',#6821,#5551,#5552);
#4993=AXIS2_PLACEMENT_3D('',#6823,#5553,#5554);
#4994=AXIS2_PLACEMENT_3D('',#6824,#5555,#5556);
#4995=AXIS2_PLACEMENT_3D('',#6826,#5557,#5558);
#4996=AXIS2_PLACEMENT_3D('',#6827,#5559,#5560);
#4997=AXIS2_PLACEMENT_3D('',#6829,#5561,#5562);
#4998=AXIS2_PLACEMENT_3D('',#6830,#5563,#5564);
#4999=AXIS2_PLACEMENT_3D('',#6832,#5565,#5566);
#5000=AXIS2_PLACEMENT_3D('',#6833,#5567,#5568);
#5001=AXIS2_PLACEMENT_3D('',#6835,#5569,#5570);
#5002=AXIS2_PLACEMENT_3D('',#6836,#5571,#5572);
#5003=AXIS2_PLACEMENT_3D('',#6838,#5573,#5574);
#5004=AXIS2_PLACEMENT_3D('',#6839,#5575,#5576);
#5005=AXIS2_PLACEMENT_3D('',#6841,#5577,#5578);
#5006=AXIS2_PLACEMENT_3D('',#6842,#5579,#5580);
#5007=AXIS2_PLACEMENT_3D('',#6844,#5581,#5582);
#5008=AXIS2_PLACEMENT_3D('',#6845,#5583,#5584);
#5009=AXIS2_PLACEMENT_3D('',#6847,#5585,#5586);
#5010=AXIS2_PLACEMENT_3D('',#6848,#5587,#5588);
#5011=AXIS2_PLACEMENT_3D('',#6850,#5589,#5590);
#5012=AXIS2_PLACEMENT_3D('',#6851,#5591,#5592);
#5013=AXIS2_PLACEMENT_3D('',#6853,#5593,#5594);
#5014=AXIS2_PLACEMENT_3D('',#6854,#5595,#5596);
#5015=AXIS2_PLACEMENT_3D('',#6856,#5597,#5598);
#5016=AXIS2_PLACEMENT_3D('',#6857,#5599,#5600);
#5017=AXIS2_PLACEMENT_3D('',#6859,#5601,#5602);
#5018=AXIS2_PLACEMENT_3D('',#6860,#5603,#5604);
#5019=AXIS2_PLACEMENT_3D('',#6862,#5605,#5606);
#5020=AXIS2_PLACEMENT_3D('',#6863,#5607,#5608);
#5021=AXIS2_PLACEMENT_3D('',#6865,#5609,#5610);
#5022=AXIS2_PLACEMENT_3D('',#6866,#5611,#5612);
#5023=AXIS2_PLACEMENT_3D('',#6868,#5613,#5614);
#5024=AXIS2_PLACEMENT_3D('',#6869,#5615,#5616);
#5025=AXIS2_PLACEMENT_3D('',#6871,#5618,#5619);
#5026=AXIS2_PLACEMENT_3D('',#6873,#5621,#5622);
#5027=AXIS2_PLACEMENT_3D('',#6875,#5624,#5625);
#5028=AXIS2_PLACEMENT_3D('',#6877,#5627,#5628);
#5029=AXIS2_PLACEMENT_3D('',#6879,#5630,#5631);
#5030=AXIS2_PLACEMENT_3D('',#6881,#5633,#5634);
#5031=AXIS2_PLACEMENT_3D('',#6883,#5636,#5637);
#5032=AXIS2_PLACEMENT_3D('',#6885,#5639,#5640);
#5033=AXIS2_PLACEMENT_3D('',#6886,#5641,#5642);
#5034=AXIS2_PLACEMENT_3D('',#6895,#5647,#5648);
#5035=AXIS2_PLACEMENT_3D('',#6904,#5653,#5654);
#5036=AXIS2_PLACEMENT_3D('',#6913,#5659,#5660);
#5037=AXIS2_PLACEMENT_3D('',#6926,#5667,#5668);
#5038=AXIS2_PLACEMENT_3D('',#6935,#5673,#5674);
#5039=AXIS2_PLACEMENT_3D('',#6944,#5679,#5680);
#5040=AXIS2_PLACEMENT_3D('',#6947,#5683,#5684);
#5041=AXIS2_PLACEMENT_3D('',#6949,#5686,#5687);
#5042=AXIS2_PLACEMENT_3D('',#6953,#5690,#5691);
#5043=AXIS2_PLACEMENT_3D('',#6957,#5694,#5695);
#5044=AXIS2_PLACEMENT_3D('',#6961,#5698,#5699);
#5045=AXIS2_PLACEMENT_3D('',#6965,#5702,#5703);
#5046=AXIS2_PLACEMENT_3D('',#6969,#5706,#5707);
#5047=AXIS2_PLACEMENT_3D('',#6973,#5710,#5711);
#5048=AXIS2_PLACEMENT_3D('',#6977,#5714,#5715);
#5049=AXIS2_PLACEMENT_3D('',#6983,#5719,#5720);
#5050=AXIS2_PLACEMENT_3D('',#6987,#5723,#5724);
#5051=AXIS2_PLACEMENT_3D('',#6993,#5728,#5729);
#5052=AXIS2_PLACEMENT_3D('',#6998,#5733,#5734);
#5053=AXIS2_PLACEMENT_3D('',#7001,#5737,#5738);
#5054=AXIS2_PLACEMENT_3D('',#7003,#5740,#5741);
#5055=AXIS2_PLACEMENT_3D('',#7007,#5744,#5745);
#5056=AXIS2_PLACEMENT_3D('',#7012,#5749,#5750);
#5057=AXIS2_PLACEMENT_3D('',#7015,#5753,#5754);
#5058=AXIS2_PLACEMENT_3D('',#7017,#5756,#5757);
#5059=AXIS2_PLACEMENT_3D('',#7021,#5760,#5761);
#5060=AXIS2_PLACEMENT_3D('',#7024,#5764,#5765);
#5061=AXIS2_PLACEMENT_3D('',#7026,#5767,#5768);
#5062=AXIS2_PLACEMENT_3D('',#7030,#5771,#5772);
#5063=AXIS2_PLACEMENT_3D('',#7060,#5788,#5789);
#5064=AXIS2_PLACEMENT_3D('',#7064,#5792,#5793);
#5065=AXIS2_PLACEMENT_3D('',#7068,#5796,#5797);
#5066=AXIS2_PLACEMENT_3D('',#7072,#5800,#5801);
#5067=AXIS2_PLACEMENT_3D('',#7078,#5805,#5806);
#5068=AXIS2_PLACEMENT_3D('',#7087,#5811,#5812);
#5069=AXIS2_PLACEMENT_3D('',#7096,#5817,#5818);
#5070=AXIS2_PLACEMENT_3D('',#7105,#5823,#5824);
#5071=AXIS2_PLACEMENT_3D('',#7114,#5829,#5830);
#5072=AXIS2_PLACEMENT_3D('',#7123,#5835,#5836);
#5073=AXIS2_PLACEMENT_3D('',#7129,#5840,#5841);
#5074=AXIS2_PLACEMENT_3D('',#7135,#5845,#5846);
#5075=AXIS2_PLACEMENT_3D('',#7141,#5850,#5851);
#5076=AXIS2_PLACEMENT_3D('',#7147,#5855,#5856);
#5077=AXIS2_PLACEMENT_3D('',#7153,#5860,#5861);
#5078=AXIS2_PLACEMENT_3D('',#7159,#5865,#5866);
#5079=AXIS2_PLACEMENT_3D('',#7165,#5870,#5871);
#5080=AXIS2_PLACEMENT_3D('',#7176,#5877,#5878);
#5081=AXIS2_PLACEMENT_3D('',#7180,#5881,#5882);
#5082=AXIS2_PLACEMENT_3D('',#7194,#5893,#5894);
#5083=AXIS2_PLACEMENT_3D('',#7196,#5896,#5897);
#5084=AXIS2_PLACEMENT_3D('',#7200,#5900,#5901);
#5085=AXIS2_PLACEMENT_3D('',#7202,#5903,#5904);
#5086=AXIS2_PLACEMENT_3D('',#7208,#5908,#5909);
#5087=AXIS2_PLACEMENT_3D('',#7214,#5913,#5914);
#5088=AXIS2_PLACEMENT_3D('',#7220,#5918,#5919);
#5089=AXIS2_PLACEMENT_3D('',#7226,#5923,#5924);
#5090=AXIS2_PLACEMENT_3D('',#7233,#5928,#5929);
#5091=AXIS2_PLACEMENT_3D('',#7248,#5937,#5938);
#5092=AXIS2_PLACEMENT_3D('',#7254,#5942,#5943);
#5093=AXIS2_PLACEMENT_3D('',#7258,#5946,#5947);
#5094=AXIS2_PLACEMENT_3D('',#7262,#5950,#5951);
#5095=AXIS2_PLACEMENT_3D('',#7266,#5954,#5955);
#5096=AXIS2_PLACEMENT_3D('',#7270,#5958,#5959);
#5097=AXIS2_PLACEMENT_3D('',#7274,#5962,#5963);
#5098=AXIS2_PLACEMENT_3D('',#7278,#5966,#5967);
#5099=AXIS2_PLACEMENT_3D('',#7282,#5970,#5971);
#5100=AXIS2_PLACEMENT_3D('',#7286,#5974,#5975);
#5101=AXIS2_PLACEMENT_3D('',#7290,#5978,#5979);
#5102=AXIS2_PLACEMENT_3D('',#7294,#5982,#5983);
#5103=AXIS2_PLACEMENT_3D('',#7298,#5986,#5987);
#5104=AXIS2_PLACEMENT_3D('',#7302,#5990,#5991);
#5105=AXIS2_PLACEMENT_3D('',#7308,#5995,#5996);
#5106=AXIS2_PLACEMENT_3D('',#7312,#5999,#6000);
#5107=AXIS2_PLACEMENT_3D('',#7316,#6003,#6004);
#5108=AXIS2_PLACEMENT_3D('',#7322,#6008,#6009);
#5109=AXIS2_PLACEMENT_3D('',#7326,#6012,#6013);
#5110=AXIS2_PLACEMENT_3D('',#7330,#6016,#6017);
#5111=AXIS2_PLACEMENT_3D('',#7336,#6021,#6022);
#5112=AXIS2_PLACEMENT_3D('',#7342,#6026,#6027);
#5113=AXIS2_PLACEMENT_3D('',#7348,#6031,#6032);
#5114=AXIS2_PLACEMENT_3D('',#7354,#6036,#6037);
#5115=AXIS2_PLACEMENT_3D('',#7357,#6040,#6041);
#5116=AXIS2_PLACEMENT_3D('',#7359,#6043,#6044);
#5117=AXIS2_PLACEMENT_3D('',#7363,#6047,#6048);
#5118=AXIS2_PLACEMENT_3D('',#7368,#6052,#6053);
#5119=AXIS2_PLACEMENT_3D('',#7372,#6056,#6057);
#5120=AXIS2_PLACEMENT_3D('',#7378,#6061,#6062);
#5121=AXIS2_PLACEMENT_3D('',#7380,#6064,#6065);
#5122=AXIS2_PLACEMENT_3D('',#7384,#6068,#6069);
#5123=AXIS2_PLACEMENT_3D('',#7386,#6071,#6072);
#5124=AXIS2_PLACEMENT_3D('',#7390,#6075,#6076);
#5125=AXIS2_PLACEMENT_3D('',#7394,#6079,#6080);
#5126=AXIS2_PLACEMENT_3D('',#7398,#6083,#6084);
#5127=AXIS2_PLACEMENT_3D('',#7436,#6104,#6105);
#5128=AXIS2_PLACEMENT_3D('',#7445,#6110,#6111);
#5129=AXIS2_PLACEMENT_3D('',#7454,#6116,#6117);
#5130=AXIS2_PLACEMENT_3D('',#7461,#6121,#6122);
#5131=AXIS2_PLACEMENT_3D('',#7468,#6126,#6127);
#5132=AXIS2_PLACEMENT_3D('',#7474,#6131,#6132);
#5133=AXIS2_PLACEMENT_3D('',#7480,#6136,#6137);
#5134=AXIS2_PLACEMENT_3D('',#7484,#6140,#6141);
#5135=AXIS2_PLACEMENT_3D('',#7488,#6144,#6145);
#5136=AXIS2_PLACEMENT_3D('',#7493,#6149,#6150);
#5137=AXIS2_PLACEMENT_3D('',#7497,#6153,#6154);
#5138=AXIS2_PLACEMENT_3D('',#7503,#6158,#6159);
#5139=AXIS2_PLACEMENT_3D('',#7507,#6162,#6163);
#5140=AXIS2_PLACEMENT_3D('',#7511,#6166,#6167);
#5141=AXIS2_PLACEMENT_3D('',#7515,#6170,#6171);
#5142=AXIS2_PLACEMENT_3D('',#7519,#6174,#6175);
#5143=AXIS2_PLACEMENT_3D('',#7523,#6178,#6179);
#5144=AXIS2_PLACEMENT_3D('',#7527,#6182,#6183);
#5145=AXIS2_PLACEMENT_3D('',#7531,#6186,#6187);
#5146=AXIS2_PLACEMENT_3D('',#7535,#6190,#6191);
#5147=AXIS2_PLACEMENT_3D('',#7539,#6194,#6195);
#5148=AXIS2_PLACEMENT_3D('',#7543,#6198,#6199);
#5149=AXIS2_PLACEMENT_3D('',#7547,#6202,#6203);
#5150=AXIS2_PLACEMENT_3D('',#7551,#6206,#6207);
#5151=AXIS2_PLACEMENT_3D('',#7555,#6210,#6211);
#5152=AXIS2_PLACEMENT_3D('',#7559,#6214,#6215);
#5153=AXIS2_PLACEMENT_3D('',#7565,#6219,#6220);
#5154=AXIS2_PLACEMENT_3D('',#7569,#6223,#6224);
#5155=AXIS2_PLACEMENT_3D('',#7574,#6228,#6229);
#5156=AXIS2_PLACEMENT_3D('',#7578,#6232,#6233);
#5157=AXIS2_PLACEMENT_3D('',#7583,#6237,#6238);
#5158=AXIS2_PLACEMENT_3D('',#7587,#6241,#6242);
#5159=AXIS2_PLACEMENT_3D('',#7593,#6246,#6247);
#5160=AXIS2_PLACEMENT_3D('',#7598,#6251,#6252);
#5161=AXIS2_PLACEMENT_3D('',#7601,#6255,#6256);
#5162=AXIS2_PLACEMENT_3D('',#7605,#6259,#6260);
#5163=AXIS2_PLACEMENT_3D('',#7609,#6263,#6264);
#5164=AXIS2_PLACEMENT_3D('',#7611,#6266,#6267);
#5165=AXIS2_PLACEMENT_3D('',#7612,#6268,#6269);
#5166=AXIS2_PLACEMENT_3D('',#7614,#6271,#6272);
#5167=AXIS2_PLACEMENT_3D('',#7618,#6275,#6276);
#5168=AXIS2_PLACEMENT_3D('',#7624,#6280,#6281);
#5169=AXIS2_PLACEMENT_3D('',#7630,#6285,#6286);
#5170=AXIS2_PLACEMENT_3D('',#7674,#6309,#6310);
#5171=AXIS2_PLACEMENT_3D('',#7678,#6313,#6314);
#5172=AXIS2_PLACEMENT_3D('',#7684,#6318,#6319);
#5173=AXIS2_PLACEMENT_3D('',#7689,#6323,#6324);
#5174=AXIS2_PLACEMENT_3D('',#7695,#6328,#6329);
#5175=AXIS2_PLACEMENT_3D('',#7699,#6332,#6333);
#5176=AXIS2_PLACEMENT_3D('',#7703,#6336,#6337);
#5177=AXIS2_PLACEMENT_3D('',#7705,#6339,#6340);
#5178=AXIS2_PLACEMENT_3D('',#7711,#6344,#6345);
#5179=AXIS2_PLACEMENT_3D('',#7715,#6348,#6349);
#5180=AXIS2_PLACEMENT_3D('',#7719,#6352,#6353);
#5181=AXIS2_PLACEMENT_3D('',#7721,#6355,#6356);
#5182=AXIS2_PLACEMENT_3D('',#7727,#6360,#6361);
#5183=AXIS2_PLACEMENT_3D('',#7731,#6364,#6365);
#5184=AXIS2_PLACEMENT_3D('',#7735,#6368,#6369);
#5185=AXIS2_PLACEMENT_3D('',#7739,#6372,#6373);
#5186=AXIS2_PLACEMENT_3D('',#7743,#6376,#6377);
#5187=AXIS2_PLACEMENT_3D('',#7747,#6380,#6381);
#5188=AXIS2_PLACEMENT_3D('',#7751,#6384,#6385);
#5189=AXIS2_PLACEMENT_3D('',#7755,#6388,#6389);
#5190=AXIS2_PLACEMENT_3D('',#7759,#6392,#6393);
#5191=AXIS2_PLACEMENT_3D('',#7761,#6395,#6396);
#5192=AXIS2_PLACEMENT_3D('',#7767,#6400,#6401);
#5193=AXIS2_PLACEMENT_3D('',#7771,#6404,#6405);
#5194=AXIS2_PLACEMENT_3D('',#7775,#6408,#6409);
#5195=AXIS2_PLACEMENT_3D('',#7779,#6412,#6413);
#5196=AXIS2_PLACEMENT_3D('',#7783,#6416,#6417);
#5197=AXIS2_PLACEMENT_3D('',#7787,#6420,#6421);
#5198=AXIS2_PLACEMENT_3D('',#7791,#6424,#6425);
#5199=AXIS2_PLACEMENT_3D('',#7795,#6428,#6429);
#5200=AXIS2_PLACEMENT_3D('',#7799,#6432,#6433);
#5201=AXIS2_PLACEMENT_3D('',#7803,#6436,#6437);
#5202=AXIS2_PLACEMENT_3D('',#7807,#6440,#6441);
#5203=AXIS2_PLACEMENT_3D('',#7811,#6444,#6445);
#5204=AXIS2_PLACEMENT_3D('',#7820,#6451,#6452);
#5205=AXIS2_PLACEMENT_3D('',#7824,#6455,#6456);
#5206=AXIS2_PLACEMENT_3D('',#7828,#6459,#6460);
#5207=AXIS2_PLACEMENT_3D('',#7830,#6462,#6463);
#5208=AXIS2_PLACEMENT_3D('',#7834,#6466,#6467);
#5209=AXIS2_PLACEMENT_3D('',#7838,#6470,#6471);
#5210=AXIS2_PLACEMENT_3D('',#7842,#6474,#6475);
#5211=AXIS2_PLACEMENT_3D('',#7844,#6477,#6478);
#5212=DIRECTION('axis',(0.,0.,1.));
#5213=DIRECTION('refdir',(1.,0.,0.));
#5214=DIRECTION('center_axis',(0.,-1.,0.));
#5215=DIRECTION('ref_axis',(1.,0.,0.));
#5216=DIRECTION('center_axis',(0.,-1.,0.));
#5217=DIRECTION('ref_axis',(1.,0.,0.));
#5218=DIRECTION('',(0.,-1.,0.));
#5219=DIRECTION('center_axis',(0.,1.,0.));
#5220=DIRECTION('ref_axis',(1.,0.,0.));
#5221=DIRECTION('',(0.,1.,0.));
#5222=DIRECTION('center_axis',(0.,-1.,0.));
#5223=DIRECTION('ref_axis',(1.,0.,0.));
#5224=DIRECTION('',(0.,-1.,0.));
#5225=DIRECTION('center_axis',(0.,-1.,0.));
#5226=DIRECTION('ref_axis',(1.,0.,0.));
#5227=DIRECTION('',(0.,-1.,0.));
#5228=DIRECTION('center_axis',(0.,-1.,0.));
#5229=DIRECTION('ref_axis',(1.,0.,0.));
#5230=DIRECTION('',(0.,-1.,0.));
#5231=DIRECTION('center_axis',(0.,1.,0.));
#5232=DIRECTION('ref_axis',(1.,0.,0.));
#5233=DIRECTION('center_axis',(0.,1.,0.));
#5234=DIRECTION('ref_axis',(1.,0.,0.));
#5235=DIRECTION('center_axis',(0.,1.,0.));
#5236=DIRECTION('ref_axis',(1.,0.,0.));
#5237=DIRECTION('',(0.,1.,0.));
#5238=DIRECTION('center_axis',(0.,1.,0.));
#5239=DIRECTION('ref_axis',(1.,0.,0.));
#5240=DIRECTION('center_axis',(0.,1.,0.));
#5241=DIRECTION('ref_axis',(1.,0.,0.));
#5242=DIRECTION('center_axis',(0.,0.,1.));
#5243=DIRECTION('ref_axis',(1.,0.,0.));
#5244=DIRECTION('center_axis',(0.,1.,0.));
#5245=DIRECTION('ref_axis',(-1.,0.,0.));
#5246=DIRECTION('center_axis',(0.,1.,0.));
#5247=DIRECTION('ref_axis',(0.,0.,1.));
#5248=DIRECTION('center_axis',(0.,0.,1.));
#5249=DIRECTION('ref_axis',(1.,0.,0.));
#5250=DIRECTION('center_axis',(0.,1.,0.));
#5251=DIRECTION('ref_axis',(-1.,0.,0.));
#5252=DIRECTION('center_axis',(0.,1.,0.));
#5253=DIRECTION('ref_axis',(0.,0.,1.));
#5254=DIRECTION('center_axis',(0.,-1.,0.));
#5255=DIRECTION('ref_axis',(1.,0.,0.));
#5256=DIRECTION('center_axis',(0.,1.,0.));
#5257=DIRECTION('ref_axis',(1.,0.,0.));
#5258=DIRECTION('',(0.,-1.,0.));
#5259=DIRECTION('center_axis',(0.,1.,0.));
#5260=DIRECTION('ref_axis',(1.,0.,0.));
#5261=DIRECTION('center_axis',(0.,1.,0.));
#5262=DIRECTION('ref_axis',(-1.,0.,0.));
#5263=DIRECTION('center_axis',(0.,-1.,0.));
#5264=DIRECTION('ref_axis',(1.,0.,0.));
#5265=DIRECTION('center_axis',(0.,1.,0.));
#5266=DIRECTION('ref_axis',(1.,0.,0.));
#5267=DIRECTION('',(0.,-1.,0.));
#5268=DIRECTION('center_axis',(0.,1.,0.));
#5269=DIRECTION('ref_axis',(1.,0.,0.));
#5270=DIRECTION('center_axis',(0.,1.,0.));
#5271=DIRECTION('ref_axis',(-1.,0.,0.));
#5272=DIRECTION('center_axis',(0.,-1.,0.));
#5273=DIRECTION('ref_axis',(1.,0.,0.));
#5274=DIRECTION('center_axis',(0.,-1.,0.));
#5275=DIRECTION('ref_axis',(1.,0.,0.));
#5276=DIRECTION('',(0.,1.,0.));
#5277=DIRECTION('center_axis',(0.,-1.,0.));
#5278=DIRECTION('ref_axis',(1.,0.,0.));
#5279=DIRECTION('center_axis',(0.,-1.,0.));
#5280=DIRECTION('ref_axis',(1.,0.,0.));
#5281=DIRECTION('center_axis',(0.,-1.,0.));
#5282=DIRECTION('ref_axis',(1.,0.,0.));
#5283=DIRECTION('center_axis',(0.331485995012567,0.,0.943460139651129));
#5284=DIRECTION('ref_axis',(-0.943460139651129,0.,0.331485995012567));
#5285=DIRECTION('',(0.943460139651129,0.,-0.331485995012567));
#5286=DIRECTION('',(0.,-1.,0.));
#5287=DIRECTION('',(0.943460139651129,0.,-0.331485995012567));
#5288=DIRECTION('center_axis',(0.,-1.,0.));
#5289=DIRECTION('ref_axis',(0.,0.,-1.));
#5290=DIRECTION('',(1.,0.,0.));
#5291=DIRECTION('',(0.,0.,1.));
#5292=DIRECTION('',(-0.551162104995445,0.,-0.834398186729208));
#5293=DIRECTION('',(-0.879706513576126,0.,-0.475517034365477));
#5294=DIRECTION('',(-0.979876548708017,0.,-0.199604482144227));
#5295=DIRECTION('',(-1.,0.,0.));
#5296=DIRECTION('',(0.,0.,-1.));
#5297=DIRECTION('',(1.,0.,0.));
#5298=DIRECTION('',(0.,0.,1.));
#5299=DIRECTION('',(1.,0.,0.));
#5300=DIRECTION('',(0.,0.,-1.));
#5301=DIRECTION('',(1.,0.,0.));
#5302=DIRECTION('',(0.,0.,1.));
#5303=DIRECTION('',(1.,0.,0.));
#5304=DIRECTION('',(0.,0.,-1.));
#5305=DIRECTION('',(1.,0.,0.));
#5306=DIRECTION('',(0.,0.,1.));
#5307=DIRECTION('',(0.321902733238705,0.,0.946772744819712));
#5308=DIRECTION('',(0.685364699004983,0.,0.728199992692811));
#5309=DIRECTION('',(0.965754792232549,0.,0.259456511346057));
#5310=DIRECTION('',(0.988715504224767,0.,-0.149805379427992));
#5311=DIRECTION('',(0.735243731242592,0.,-0.677802814739265));
#5312=DIRECTION('',(0.321902733238705,0.,-0.946772744819712));
#5313=DIRECTION('',(0.,0.,-1.));
#5314=DIRECTION('',(1.,0.,0.));
#5315=DIRECTION('',(0.977165528274149,0.,0.21247948219229));
#5316=DIRECTION('',(0.,0.,1.));
#5317=DIRECTION('',(0.14834045293025,0.,-0.988936352868297));
#5318=DIRECTION('',(-0.176299100283106,0.,-0.984336643247303));
#5319=DIRECTION('',(-0.537815694759529,0.,-0.843062440433878));
#5320=DIRECTION('',(-0.813733471206736,0.,-0.581238193719095));
#5321=DIRECTION('',(-0.974858506571867,0.,-0.22282480150214));
#5322=DIRECTION('',(-0.982741052332223,0.,0.184986551027243));
#5323=DIRECTION('',(-0.80873608430319,0.,0.588171697675044));
#5324=DIRECTION('',(-0.537815694759543,0.,0.843062440433868));
#5325=DIRECTION('',(-0.190477468355314,0.,0.98169156767742));
#5326=DIRECTION('',(0.187775807301244,0.,0.982211915114232));
#5327=DIRECTION('',(0.524888702996465,0.,0.851170869723987));
#5328=DIRECTION('',(0.815732891075291,0.,0.57842877730793));
#5329=DIRECTION('',(0.97885869987568,0.,0.204537638779992));
#5330=DIRECTION('',(1.,0.,0.));
#5331=DIRECTION('',(0.844819075554226,0.,-0.535052081184348));
#5332=DIRECTION('',(0.269629925519972,0.,-0.962964019714181));
#5333=DIRECTION('center_axis',(0.,1.,0.));
#5334=DIRECTION('ref_axis',(1.,0.,0.));
#5335=DIRECTION('center_axis',(0.,1.,0.));
#5336=DIRECTION('ref_axis',(1.,0.,0.));
#5337=DIRECTION('center_axis',(0.988936352868297,0.,0.14834045293025));
#5338=DIRECTION('ref_axis',(-0.14834045293025,0.,0.988936352868297));
#5339=DIRECTION('',(0.14834045293025,0.,-0.988936352868297));
#5340=DIRECTION('',(0.,-1.,0.));
#5341=DIRECTION('center_axis',(0.,1.,0.));
#5342=DIRECTION('ref_axis',(-1.,0.,0.));
#5343=DIRECTION('',(0.269629925519972,0.,-0.962964019714181));
#5344=DIRECTION('',(0.844819075554226,0.,-0.535052081184348));
#5345=DIRECTION('',(1.,0.,0.));
#5346=DIRECTION('',(0.97885869987568,0.,0.204537638779992));
#5347=DIRECTION('',(0.815732891075291,0.,0.57842877730793));
#5348=DIRECTION('',(0.524888702996465,0.,0.851170869723987));
#5349=DIRECTION('',(0.187775807301244,0.,0.982211915114232));
#5350=DIRECTION('',(-0.190477468355314,0.,0.98169156767742));
#5351=DIRECTION('',(-0.537815694759543,0.,0.843062440433868));
#5352=DIRECTION('',(-0.80873608430319,0.,0.588171697675044));
#5353=DIRECTION('',(-0.982741052332223,0.,0.184986551027243));
#5354=DIRECTION('',(-0.974858506571867,0.,-0.22282480150214));
#5355=DIRECTION('',(-0.813733471206736,0.,-0.581238193719095));
#5356=DIRECTION('',(-0.537815694759529,0.,-0.843062440433878));
#5357=DIRECTION('',(-0.176299100283106,0.,-0.984336643247303));
#5358=DIRECTION('center_axis',(0.,1.,0.));
#5359=DIRECTION('ref_axis',(1.,0.,0.));
#5360=DIRECTION('center_axis',(0.,1.,0.));
#5361=DIRECTION('ref_axis',(1.,0.,0.));
#5362=DIRECTION('center_axis',(0.,-1.,0.));
#5363=DIRECTION('ref_axis',(1.,0.,0.));
#5364=DIRECTION('center_axis',(0.,-1.,0.));
#5365=DIRECTION('ref_axis',(1.,0.,0.));
#5366=DIRECTION('',(0.,-1.,0.));
#5367=DIRECTION('center_axis',(0.,1.,0.));
#5368=DIRECTION('ref_axis',(1.,0.,0.));
#5369=DIRECTION('center_axis',(0.,-1.,0.));
#5370=DIRECTION('ref_axis',(1.,0.,0.));
#5371=DIRECTION('center_axis',(0.,-1.,0.));
#5372=DIRECTION('ref_axis',(1.,0.,0.));
#5373=DIRECTION('',(0.,-1.,0.));
#5374=DIRECTION('center_axis',(0.,-1.,0.));
#5375=DIRECTION('ref_axis',(1.,0.,0.));
#5376=DIRECTION('center_axis',(0.,-1.,0.));
#5377=DIRECTION('ref_axis',(1.,0.,0.));
#5378=DIRECTION('',(0.,-1.,0.));
#5379=DIRECTION('center_axis',(0.,1.,0.));
#5380=DIRECTION('ref_axis',(1.,0.,0.));
#5381=DIRECTION('center_axis',(0.,-1.,0.));
#5382=DIRECTION('ref_axis',(1.,0.,0.));
#5383=DIRECTION('center_axis',(0.,-1.,0.));
#5384=DIRECTION('ref_axis',(1.,0.,0.));
#5385=DIRECTION('',(0.,-1.,0.));
#5386=DIRECTION('center_axis',(0.,-1.,0.));
#5387=DIRECTION('ref_axis',(1.,0.,0.));
#5388=DIRECTION('center_axis',(0.,-1.,0.));
#5389=DIRECTION('ref_axis',(1.,0.,0.));
#5390=DIRECTION('',(0.,-1.,0.));
#5391=DIRECTION('center_axis',(0.,1.,0.));
#5392=DIRECTION('ref_axis',(1.,0.,0.));
#5393=DIRECTION('center_axis',(0.,-1.,0.));
#5394=DIRECTION('ref_axis',(1.,0.,0.));
#5395=DIRECTION('center_axis',(0.,-1.,0.));
#5396=DIRECTION('ref_axis',(1.,0.,0.));
#5397=DIRECTION('',(0.,1.,0.));
#5398=DIRECTION('center_axis',(0.,1.,0.));
#5399=DIRECTION('ref_axis',(1.,0.,0.));
#5400=DIRECTION('center_axis',(0.,1.,0.));
#5401=DIRECTION('ref_axis',(-1.,0.,0.));
#5402=DIRECTION('center_axis',(0.,-1.,0.));
#5403=DIRECTION('ref_axis',(1.,0.,0.));
#5404=DIRECTION('center_axis',(0.,-1.,0.));
#5405=DIRECTION('ref_axis',(1.,0.,0.));
#5406=DIRECTION('',(0.,1.,0.));
#5407=DIRECTION('center_axis',(0.,1.,0.));
#5408=DIRECTION('ref_axis',(1.,0.,0.));
#5409=DIRECTION('center_axis',(0.,1.,0.));
#5410=DIRECTION('ref_axis',(-1.,0.,0.));
#5411=DIRECTION('center_axis',(0.,-1.,0.));
#5412=DIRECTION('ref_axis',(1.,0.,0.));
#5413=DIRECTION('center_axis',(0.,-1.,0.));
#5414=DIRECTION('ref_axis',(1.,0.,0.));
#5415=DIRECTION('',(0.,1.,0.));
#5416=DIRECTION('center_axis',(0.,1.,0.));
#5417=DIRECTION('ref_axis',(1.,0.,0.));
#5418=DIRECTION('center_axis',(0.,1.,0.));
#5419=DIRECTION('ref_axis',(-1.,0.,0.));
#5420=DIRECTION('center_axis',(0.,-1.,0.));
#5421=DIRECTION('ref_axis',(1.,0.,0.));
#5422=DIRECTION('center_axis',(0.,-1.,0.));
#5423=DIRECTION('ref_axis',(1.,0.,0.));
#5424=DIRECTION('',(0.,1.,0.));
#5425=DIRECTION('center_axis',(0.,1.,0.));
#5426=DIRECTION('ref_axis',(1.,0.,0.));
#5427=DIRECTION('center_axis',(0.,1.,0.));
#5428=DIRECTION('ref_axis',(-1.,0.,0.));
#5429=DIRECTION('center_axis',(0.,-1.,0.));
#5430=DIRECTION('ref_axis',(1.,0.,0.));
#5431=DIRECTION('center_axis',(0.,-1.,0.));
#5432=DIRECTION('ref_axis',(1.,0.,0.));
#5433=DIRECTION('',(0.,1.,0.));
#5434=DIRECTION('center_axis',(0.,1.,0.));
#5435=DIRECTION('ref_axis',(1.,0.,0.));
#5436=DIRECTION('center_axis',(0.,1.,0.));
#5437=DIRECTION('ref_axis',(-1.,0.,0.));
#5438=DIRECTION('center_axis',(0.,-1.,0.));
#5439=DIRECTION('ref_axis',(1.,0.,0.));
#5440=DIRECTION('center_axis',(0.,-1.,0.));
#5441=DIRECTION('ref_axis',(1.,0.,0.));
#5442=DIRECTION('',(0.,1.,0.));
#5443=DIRECTION('center_axis',(0.,1.,0.));
#5444=DIRECTION('ref_axis',(1.,0.,0.));
#5445=DIRECTION('center_axis',(0.,1.,0.));
#5446=DIRECTION('ref_axis',(-1.,0.,0.));
#5447=DIRECTION('center_axis',(0.,1.,0.));
#5448=DIRECTION('ref_axis',(1.,0.,0.));
#5449=DIRECTION('center_axis',(0.,-1.,0.));
#5450=DIRECTION('ref_axis',(1.,0.,0.));
#5451=DIRECTION('',(-0.707106781186549,0.707106781186546,-8.65956056235495E-17));
#5452=DIRECTION('center_axis',(0.,-1.,0.));
#5453=DIRECTION('ref_axis',(1.,0.,0.));
#5454=DIRECTION('center_axis',(0.,-1.,0.));
#5455=DIRECTION('ref_axis',(1.,0.,0.));
#5456=DIRECTION('center_axis',(0.,-1.,0.));
#5457=DIRECTION('ref_axis',(1.,0.,0.));
#5458=DIRECTION('',(0.,1.,0.));
#5459=DIRECTION('center_axis',(0.535052081184348,0.,0.844819075554226));
#5460=DIRECTION('ref_axis',(-0.844819075554226,0.,0.535052081184348));
#5461=DIRECTION('',(0.,-1.,0.));
#5462=DIRECTION('',(0.,-1.,0.));
#5463=DIRECTION('center_axis',(0.962964019714181,0.,0.269629925519972));
#5464=DIRECTION('ref_axis',(-0.269629925519972,0.,0.962964019714181));
#5465=DIRECTION('center_axis',(0.984336643247303,0.,-0.176299100283106));
#5466=DIRECTION('ref_axis',(0.176299100283106,0.,0.984336643247303));
#5467=DIRECTION('',(0.,-1.,0.));
#5468=DIRECTION('center_axis',(0.843062440433878,0.,-0.537815694759529));
#5469=DIRECTION('ref_axis',(0.537815694759529,0.,0.843062440433878));
#5470=DIRECTION('',(0.,-1.,0.));
#5471=DIRECTION('center_axis',(0.581238193719095,0.,-0.813733471206736));
#5472=DIRECTION('ref_axis',(0.813733471206736,0.,0.581238193719095));
#5473=DIRECTION('',(0.,-1.,0.));
#5474=DIRECTION('center_axis',(0.22282480150214,0.,-0.974858506571867));
#5475=DIRECTION('ref_axis',(0.974858506571867,0.,0.22282480150214));
#5476=DIRECTION('',(0.,-1.,0.));
#5477=DIRECTION('center_axis',(0.,0.,1.));
#5478=DIRECTION('ref_axis',(1.,0.,0.));
#5479=DIRECTION('center_axis',(0.,1.,0.));
#5480=DIRECTION('ref_axis',(0.,0.,1.));
#5481=DIRECTION('center_axis',(0.,1.,0.));
#5482=DIRECTION('ref_axis',(1.,0.,0.));
#5483=DIRECTION('center_axis',(0.,-1.,0.));
#5484=DIRECTION('ref_axis',(1.,0.,0.));
#5485=DIRECTION('',(-0.655686655446244,0.755033118392643,-8.02984563835876E-17));
#5486=DIRECTION('center_axis',(0.,1.,0.));
#5487=DIRECTION('ref_axis',(1.,0.,0.));
#5488=DIRECTION('center_axis',(0.,-1.,0.));
#5489=DIRECTION('ref_axis',(1.,0.,0.));
#5490=DIRECTION('center_axis',(0.,0.,1.));
#5491=DIRECTION('ref_axis',(1.,0.,0.));
#5492=DIRECTION('center_axis',(0.,1.,0.));
#5493=DIRECTION('ref_axis',(0.,0.,1.));
#5494=DIRECTION('center_axis',(0.,1.,0.));
#5495=DIRECTION('ref_axis',(1.,0.,0.));
#5496=DIRECTION('center_axis',(0.,-1.,0.));
#5497=DIRECTION('ref_axis',(1.,0.,0.));
#5498=DIRECTION('',(-0.655686655446244,0.755033118392643,-8.02984563835876E-17));
#5499=DIRECTION('center_axis',(0.,1.,0.));
#5500=DIRECTION('ref_axis',(1.,0.,0.));
#5501=DIRECTION('center_axis',(0.,-1.,0.));
#5502=DIRECTION('ref_axis',(1.,0.,0.));
#5503=DIRECTION('center_axis',(0.,0.,1.));
#5504=DIRECTION('ref_axis',(1.,0.,0.));
#5505=DIRECTION('center_axis',(0.,1.,0.));
#5506=DIRECTION('ref_axis',(0.,0.,1.));
#5507=DIRECTION('center_axis',(0.,0.,1.));
#5508=DIRECTION('ref_axis',(1.,0.,0.));
#5509=DIRECTION('center_axis',(0.,1.,0.));
#5510=DIRECTION('ref_axis',(0.,0.,1.));
#5511=DIRECTION('center_axis',(0.,0.,1.));
#5512=DIRECTION('ref_axis',(1.,0.,0.));
#5513=DIRECTION('center_axis',(0.,1.,0.));
#5514=DIRECTION('ref_axis',(0.,0.,1.));
#5515=DIRECTION('center_axis',(0.,0.,1.));
#5516=DIRECTION('ref_axis',(1.,0.,0.));
#5517=DIRECTION('center_axis',(0.,1.,0.));
#5518=DIRECTION('ref_axis',(0.,0.,1.));
#5519=DIRECTION('center_axis',(0.,0.,1.));
#5520=DIRECTION('ref_axis',(1.,0.,0.));
#5521=DIRECTION('center_axis',(0.,1.,0.));
#5522=DIRECTION('ref_axis',(0.,0.,1.));
#5523=DIRECTION('center_axis',(0.,0.,1.));
#5524=DIRECTION('ref_axis',(1.,0.,0.));
#5525=DIRECTION('center_axis',(0.,1.,0.));
#5526=DIRECTION('ref_axis',(0.,0.,1.));
#5527=DIRECTION('center_axis',(0.,0.,1.));
#5528=DIRECTION('ref_axis',(1.,0.,0.));
#5529=DIRECTION('center_axis',(0.,1.,0.));
#5530=DIRECTION('ref_axis',(0.,0.,1.));
#5531=DIRECTION('center_axis',(0.,0.,1.));
#5532=DIRECTION('ref_axis',(1.,0.,0.));
#5533=DIRECTION('center_axis',(0.,1.,0.));
#5534=DIRECTION('ref_axis',(0.,0.,1.));
#5535=DIRECTION('center_axis',(0.,0.,1.));
#5536=DIRECTION('ref_axis',(1.,0.,0.));
#5537=DIRECTION('center_axis',(0.,1.,0.));
#5538=DIRECTION('ref_axis',(0.,0.,1.));
#5539=DIRECTION('center_axis',(0.,0.,1.));
#5540=DIRECTION('ref_axis',(1.,0.,0.));
#5541=DIRECTION('center_axis',(0.,1.,0.));
#5542=DIRECTION('ref_axis',(0.,0.,1.));
#5543=DIRECTION('center_axis',(0.,0.,1.));
#5544=DIRECTION('ref_axis',(1.,0.,0.));
#5545=DIRECTION('center_axis',(0.,-1.,0.));
#5546=DIRECTION('ref_axis',(0.,0.,-1.));
#5547=DIRECTION('center_axis',(0.,0.,1.));
#5548=DIRECTION('ref_axis',(1.,0.,0.));
#5549=DIRECTION('center_axis',(0.,1.,0.));
#5550=DIRECTION('ref_axis',(0.,0.,1.));
#5551=DIRECTION('center_axis',(0.,0.,1.));
#5552=DIRECTION('ref_axis',(1.,0.,0.));
#5553=DIRECTION('center_axis',(0.,1.,0.));
#5554=DIRECTION('ref_axis',(0.,0.,1.));
#5555=DIRECTION('center_axis',(0.,0.,1.));
#5556=DIRECTION('ref_axis',(1.,0.,0.));
#5557=DIRECTION('center_axis',(0.,1.,0.));
#5558=DIRECTION('ref_axis',(0.,0.,1.));
#5559=DIRECTION('center_axis',(0.,0.,1.));
#5560=DIRECTION('ref_axis',(1.,0.,0.));
#5561=DIRECTION('center_axis',(0.,1.,0.));
#5562=DIRECTION('ref_axis',(0.,0.,1.));
#5563=DIRECTION('center_axis',(0.,0.,1.));
#5564=DIRECTION('ref_axis',(1.,0.,0.));
#5565=DIRECTION('center_axis',(0.,1.,0.));
#5566=DIRECTION('ref_axis',(0.,0.,1.));
#5567=DIRECTION('center_axis',(0.,0.,1.));
#5568=DIRECTION('ref_axis',(1.,0.,0.));
#5569=DIRECTION('center_axis',(0.,1.,0.));
#5570=DIRECTION('ref_axis',(0.,0.,1.));
#5571=DIRECTION('center_axis',(0.,0.,1.));
#5572=DIRECTION('ref_axis',(1.,0.,0.));
#5573=DIRECTION('center_axis',(0.,1.,0.));
#5574=DIRECTION('ref_axis',(0.,0.,1.));
#5575=DIRECTION('center_axis',(0.,0.,1.));
#5576=DIRECTION('ref_axis',(1.,0.,0.));
#5577=DIRECTION('center_axis',(0.,1.,0.));
#5578=DIRECTION('ref_axis',(0.,0.,1.));
#5579=DIRECTION('center_axis',(0.,0.,1.));
#5580=DIRECTION('ref_axis',(1.,0.,0.));
#5581=DIRECTION('center_axis',(0.,1.,0.));
#5582=DIRECTION('ref_axis',(0.,0.,1.));
#5583=DIRECTION('center_axis',(0.,0.,1.));
#5584=DIRECTION('ref_axis',(1.,0.,0.));
#5585=DIRECTION('center_axis',(0.,-1.,0.));
#5586=DIRECTION('ref_axis',(0.,0.,-1.));
#5587=DIRECTION('center_axis',(0.,0.,1.));
#5588=DIRECTION('ref_axis',(1.,0.,0.));
#5589=DIRECTION('center_axis',(0.,1.,0.));
#5590=DIRECTION('ref_axis',(0.,0.,1.));
#5591=DIRECTION('center_axis',(0.,0.,1.));
#5592=DIRECTION('ref_axis',(1.,0.,0.));
#5593=DIRECTION('center_axis',(0.,-1.,0.));
#5594=DIRECTION('ref_axis',(0.,0.,-1.));
#5595=DIRECTION('center_axis',(0.,0.,1.));
#5596=DIRECTION('ref_axis',(1.,0.,0.));
#5597=DIRECTION('center_axis',(0.,1.,0.));
#5598=DIRECTION('ref_axis',(0.,0.,1.));
#5599=DIRECTION('center_axis',(0.,0.,1.));
#5600=DIRECTION('ref_axis',(1.,0.,0.));
#5601=DIRECTION('center_axis',(0.,-1.,0.));
#5602=DIRECTION('ref_axis',(0.,0.,-1.));
#5603=DIRECTION('center_axis',(0.,0.,1.));
#5604=DIRECTION('ref_axis',(1.,0.,0.));
#5605=DIRECTION('center_axis',(0.,1.,0.));
#5606=DIRECTION('ref_axis',(0.,0.,1.));
#5607=DIRECTION('center_axis',(0.,0.,1.));
#5608=DIRECTION('ref_axis',(1.,0.,0.));
#5609=DIRECTION('center_axis',(0.,-1.,0.));
#5610=DIRECTION('ref_axis',(0.,0.,-1.));
#5611=DIRECTION('center_axis',(0.,0.,1.));
#5612=DIRECTION('ref_axis',(1.,0.,0.));
#5613=DIRECTION('center_axis',(0.,1.,0.));
#5614=DIRECTION('ref_axis',(0.,0.,1.));
#5615=DIRECTION('center_axis',(-0.184986551027243,0.,-0.982741052332223));
#5616=DIRECTION('ref_axis',(0.982741052332223,0.,-0.184986551027243));
#5617=DIRECTION('',(0.,-1.,0.));
#5618=DIRECTION('center_axis',(-0.588171697675044,0.,-0.80873608430319));
#5619=DIRECTION('ref_axis',(0.80873608430319,0.,-0.588171697675044));
#5620=DIRECTION('',(0.,-1.,0.));
#5621=DIRECTION('center_axis',(-0.843062440433868,0.,-0.537815694759543));
#5622=DIRECTION('ref_axis',(0.537815694759543,0.,-0.843062440433868));
#5623=DIRECTION('',(0.,-1.,0.));
#5624=DIRECTION('center_axis',(-0.98169156767742,0.,-0.190477468355314));
#5625=DIRECTION('ref_axis',(0.190477468355314,0.,-0.98169156767742));
#5626=DIRECTION('',(0.,-1.,0.));
#5627=DIRECTION('center_axis',(-0.982211915114232,0.,0.187775807301244));
#5628=DIRECTION('ref_axis',(-0.187775807301244,0.,-0.982211915114232));
#5629=DIRECTION('',(0.,-1.,0.));
#5630=DIRECTION('center_axis',(-0.851170869723987,0.,0.524888702996465));
#5631=DIRECTION('ref_axis',(-0.524888702996465,0.,-0.851170869723987));
#5632=DIRECTION('',(0.,-1.,0.));
#5633=DIRECTION('center_axis',(-0.57842877730793,0.,0.815732891075291));
#5634=DIRECTION('ref_axis',(-0.815732891075291,0.,-0.57842877730793));
#5635=DIRECTION('',(0.,-1.,0.));
#5636=DIRECTION('center_axis',(-0.204537638779992,0.,0.97885869987568));
#5637=DIRECTION('ref_axis',(-0.97885869987568,0.,-0.204537638779992));
#5638=DIRECTION('',(0.,-1.,0.));
#5639=DIRECTION('center_axis',(0.,0.,1.));
#5640=DIRECTION('ref_axis',(-1.,0.,0.));
#5641=DIRECTION('center_axis',(0.,1.,0.));
#5642=DIRECTION('ref_axis',(1.,0.,0.));
#5643=DIRECTION('',(0.,0.,1.));
#5644=DIRECTION('',(1.,0.,0.));
#5645=DIRECTION('',(0.,0.,1.));
#5646=DIRECTION('',(1.,0.,0.));
#5647=DIRECTION('center_axis',(0.,1.,0.));
#5648=DIRECTION('ref_axis',(1.,0.,0.));
#5649=DIRECTION('',(1.,0.,0.));
#5650=DIRECTION('',(0.,0.,1.));
#5651=DIRECTION('',(1.,0.,0.));
#5652=DIRECTION('',(0.,0.,-1.));
#5653=DIRECTION('center_axis',(0.,1.,0.));
#5654=DIRECTION('ref_axis',(1.,0.,0.));
#5655=DIRECTION('',(0.,0.,-1.));
#5656=DIRECTION('',(1.,0.,0.));
#5657=DIRECTION('',(0.,0.,1.));
#5658=DIRECTION('',(1.,0.,0.));
#5659=DIRECTION('center_axis',(0.,1.,0.));
#5660=DIRECTION('ref_axis',(1.,0.,0.));
#5661=DIRECTION('',(1.,0.,0.));
#5662=DIRECTION('',(0.977447836924697,0.,0.211177001804718));
#5663=DIRECTION('',(0.,0.,1.));
#5664=DIRECTION('',(0.977165528274149,0.,0.21247948219229));
#5665=DIRECTION('',(1.,0.,0.));
#5666=DIRECTION('',(0.,0.,-1.));
#5667=DIRECTION('center_axis',(0.,1.,0.));
#5668=DIRECTION('ref_axis',(1.,0.,0.));
#5669=DIRECTION('',(1.,0.,0.));
#5670=DIRECTION('',(0.,0.,1.));
#5671=DIRECTION('',(1.,0.,0.));
#5672=DIRECTION('',(0.,0.,-1.));
#5673=DIRECTION('center_axis',(0.,1.,0.));
#5674=DIRECTION('ref_axis',(1.,0.,0.));
#5675=DIRECTION('',(0.,0.,-1.));
#5676=DIRECTION('',(1.,0.,0.));
#5677=DIRECTION('',(0.,0.,1.));
#5678=DIRECTION('',(1.,0.,0.));
#5679=DIRECTION('center_axis',(0.21247948219229,0.,-0.977165528274149));
#5680=DIRECTION('ref_axis',(0.977165528274149,0.,0.21247948219229));
#5681=DIRECTION('',(0.,-1.,0.));
#5682=DIRECTION('',(0.,-1.,0.));
#5683=DIRECTION('center_axis',(0.,0.,-1.));
#5684=DIRECTION('ref_axis',(1.,0.,0.));
#5685=DIRECTION('',(0.,-1.,0.));
#5686=DIRECTION('center_axis',(-1.,0.,0.));
#5687=DIRECTION('ref_axis',(0.,0.,-1.));
#5688=DIRECTION('',(0.,0.,1.));
#5689=DIRECTION('',(0.,-1.,0.));
#5690=DIRECTION('center_axis',(-0.946772744819712,0.,-0.321902733238705));
#5691=DIRECTION('ref_axis',(0.321902733238705,0.,-0.946772744819712));
#5692=DIRECTION('',(-0.321902733238705,0.,0.946772744819712));
#5693=DIRECTION('',(0.,-1.,0.));
#5694=DIRECTION('center_axis',(-0.677802814739265,0.,-0.735243731242592));
#5695=DIRECTION('ref_axis',(0.735243731242592,0.,-0.677802814739265));
#5696=DIRECTION('',(-0.735243731242592,0.,0.677802814739265));
#5697=DIRECTION('',(0.,-1.,0.));
#5698=DIRECTION('center_axis',(-0.149805379427992,0.,-0.988715504224767));
#5699=DIRECTION('ref_axis',(0.988715504224767,0.,-0.149805379427992));
#5700=DIRECTION('',(-0.988715504224767,0.,0.149805379427992));
#5701=DIRECTION('',(0.,-1.,0.));
#5702=DIRECTION('center_axis',(0.259456511346057,0.,-0.965754792232549));
#5703=DIRECTION('ref_axis',(0.965754792232549,0.,0.259456511346057));
#5704=DIRECTION('',(-0.965754792232549,0.,-0.259456511346057));
#5705=DIRECTION('',(0.,-1.,0.));
#5706=DIRECTION('center_axis',(0.728199992692811,0.,-0.685364699004983));
#5707=DIRECTION('ref_axis',(0.685364699004983,0.,0.728199992692811));
#5708=DIRECTION('',(-0.685364699004983,0.,-0.728199992692811));
#5709=DIRECTION('',(0.,-1.,0.));
#5710=DIRECTION('center_axis',(0.946772744819712,0.,-0.321902733238705));
#5711=DIRECTION('ref_axis',(0.321902733238705,0.,0.946772744819712));
#5712=DIRECTION('',(-0.321902733238705,0.,-0.946772744819712));
#5713=DIRECTION('',(0.,-1.,0.));
#5714=DIRECTION('center_axis',(1.,0.,0.));
#5715=DIRECTION('ref_axis',(0.,0.,1.));
#5716=DIRECTION('',(0.,0.,1.));
#5717=DIRECTION('',(0.,0.,-1.));
#5718=DIRECTION('',(0.,-1.,0.));
#5719=DIRECTION('center_axis',(0.,0.,-1.));
#5720=DIRECTION('ref_axis',(1.,0.,0.));
#5721=DIRECTION('',(1.,0.,0.));
#5722=DIRECTION('',(0.,-1.,0.));
#5723=DIRECTION('center_axis',(-1.,0.,0.));
#5724=DIRECTION('ref_axis',(0.,0.,-1.));
#5725=DIRECTION('',(0.,0.,1.));
#5726=DIRECTION('',(0.,0.,-1.));
#5727=DIRECTION('',(0.,-1.,0.));
#5728=DIRECTION('center_axis',(0.,0.,-1.));
#5729=DIRECTION('ref_axis',(1.,0.,0.));
#5730=DIRECTION('',(-1.,0.,0.));
#5731=DIRECTION('',(-1.,0.,0.));
#5732=DIRECTION('',(0.,-1.,0.));
#5733=DIRECTION('center_axis',(1.,0.,0.));
#5734=DIRECTION('ref_axis',(0.,0.,1.));
#5735=DIRECTION('',(0.,0.,-1.));
#5736=DIRECTION('',(0.,-1.,0.));
#5737=DIRECTION('center_axis',(0.,0.,-1.));
#5738=DIRECTION('ref_axis',(1.,0.,0.));
#5739=DIRECTION('',(0.,-1.,0.));
#5740=DIRECTION('center_axis',(-1.,0.,0.));
#5741=DIRECTION('ref_axis',(0.,0.,-1.));
#5742=DIRECTION('',(0.,0.,1.));
#5743=DIRECTION('',(0.,-1.,0.));
#5744=DIRECTION('center_axis',(0.,0.,-1.));
#5745=DIRECTION('ref_axis',(1.,0.,0.));
#5746=DIRECTION('',(-1.,0.,0.));
#5747=DIRECTION('',(-1.,0.,0.));
#5748=DIRECTION('',(0.,-1.,0.));
#5749=DIRECTION('center_axis',(1.,0.,0.));
#5750=DIRECTION('ref_axis',(0.,0.,1.));
#5751=DIRECTION('',(0.,0.,-1.));
#5752=DIRECTION('',(0.,-1.,0.));
#5753=DIRECTION('center_axis',(0.,0.,-1.));
#5754=DIRECTION('ref_axis',(1.,0.,0.));
#5755=DIRECTION('',(0.,-1.,0.));
#5756=DIRECTION('center_axis',(-1.,0.,0.));
#5757=DIRECTION('ref_axis',(0.,0.,-1.));
#5758=DIRECTION('',(0.,0.,1.));
#5759=DIRECTION('',(0.,-1.,0.));
#5760=DIRECTION('center_axis',(0.,0.,-1.));
#5761=DIRECTION('ref_axis',(1.,0.,0.));
#5762=DIRECTION('',(0.,-1.,0.));
#5763=DIRECTION('',(0.,-1.,0.));
#5764=DIRECTION('center_axis',(0.,1.,0.));
#5765=DIRECTION('ref_axis',(1.,0.,0.));
#5766=DIRECTION('',(1.,0.,0.));
#5767=DIRECTION('center_axis',(0.,-1.,0.));
#5768=DIRECTION('ref_axis',(0.,0.,-1.));
#5769=DIRECTION('',(1.,0.,0.));
#5770=DIRECTION('',(0.,0.,1.));
#5771=DIRECTION('center_axis',(0.,-1.,0.));
#5772=DIRECTION('ref_axis',(0.,0.,-1.));
#5773=DIRECTION('',(-1.,0.,0.));
#5774=DIRECTION('',(-0.975011472973294,0.,0.222154512829356));
#5775=DIRECTION('',(-0.834609406561725,0.,0.550842208330739));
#5776=DIRECTION('',(-0.556804868324414,0.,0.830643328156094));
#5777=DIRECTION('',(0.,0.,1.));
#5778=DIRECTION('',(0.833538412216663,0.,0.55246150577151));
#5779=DIRECTION('',(0.944986073440259,0.,0.327110563883165));
#5780=DIRECTION('',(1.,0.,0.));
#5781=DIRECTION('',(0.,0.,1.));
#5782=DIRECTION('',(-1.,0.,0.));
#5783=DIRECTION('',(-0.943858356366015,0.,-0.330350424728112));
#5784=DIRECTION('',(-0.554700196225243,0.,-0.832050294337834));
#5785=DIRECTION('',(0.,0.,-1.));
#5786=DIRECTION('',(0.687199853876092,0.,-0.726468416954707));
#5787=DIRECTION('',(1.,0.,0.));
#5788=DIRECTION('center_axis',(0.,-1.,0.));
#5789=DIRECTION('ref_axis',(0.,0.,-1.));
#5790=DIRECTION('',(0.,0.,-1.));
#5791=DIRECTION('',(1.,0.,0.));
#5792=DIRECTION('center_axis',(0.,-1.,0.));
#5793=DIRECTION('ref_axis',(0.,0.,-1.));
#5794=DIRECTION('',(1.,0.,0.));
#5795=DIRECTION('',(0.,0.,1.));
#5796=DIRECTION('center_axis',(0.,-1.,0.));
#5797=DIRECTION('ref_axis',(0.,0.,-1.));
#5798=DIRECTION('',(0.,0.,-1.));
#5799=DIRECTION('',(1.,0.,0.));
#5800=DIRECTION('center_axis',(-1.,0.,0.));
#5801=DIRECTION('ref_axis',(0.,0.,-1.));
#5802=DIRECTION('',(0.,-1.,0.));
#5803=DIRECTION('',(0.,0.,-1.));
#5804=DIRECTION('',(0.,-1.,0.));
#5805=DIRECTION('center_axis',(1.,0.,0.));
#5806=DIRECTION('ref_axis',(0.,0.,1.));
#5807=DIRECTION('',(0.,0.,-1.));
#5808=DIRECTION('',(0.,-1.,0.));
#5809=DIRECTION('',(0.,0.,1.));
#5810=DIRECTION('',(0.,-1.,0.));
#5811=DIRECTION('center_axis',(-1.,0.,0.));
#5812=DIRECTION('ref_axis',(0.,0.,-1.));
#5813=DIRECTION('',(0.,0.,1.));
#5814=DIRECTION('',(0.,-1.,0.));
#5815=DIRECTION('',(0.,0.,-1.));
#5816=DIRECTION('',(0.,-1.,0.));
#5817=DIRECTION('center_axis',(1.,0.,0.));
#5818=DIRECTION('ref_axis',(0.,0.,1.));
#5819=DIRECTION('',(0.,0.,-1.));
#5820=DIRECTION('',(0.,-1.,0.));
#5821=DIRECTION('',(0.,0.,1.));
#5822=DIRECTION('',(0.,-1.,0.));
#5823=DIRECTION('center_axis',(-1.,0.,0.));
#5824=DIRECTION('ref_axis',(0.,0.,-1.));
#5825=DIRECTION('',(0.,0.,1.));
#5826=DIRECTION('',(0.,-1.,0.));
#5827=DIRECTION('',(0.,0.,-1.));
#5828=DIRECTION('',(0.,-1.,0.));
#5829=DIRECTION('center_axis',(1.,0.,0.));
#5830=DIRECTION('ref_axis',(0.,0.,1.));
#5831=DIRECTION('',(0.,0.,-1.));
#5832=DIRECTION('',(0.,-1.,0.));
#5833=DIRECTION('',(0.,0.,1.));
#5834=DIRECTION('',(0.,-1.,0.));
#5835=DIRECTION('center_axis',(0.942627225161207,0.,0.333847142244597));
#5836=DIRECTION('ref_axis',(-0.333847142244597,0.,0.942627225161207));
#5837=DIRECTION('',(0.333847142244597,0.,-0.942627225161207));
#5838=DIRECTION('',(-0.333847142244597,0.,0.942627225161207));
#5839=DIRECTION('',(0.,-1.,0.));
#5840=DIRECTION('center_axis',(0.72819999269281,0.,0.685364699004983));
#5841=DIRECTION('ref_axis',(-0.685364699004983,0.,0.72819999269281));
#5842=DIRECTION('',(0.685364699004983,0.,-0.72819999269281));
#5843=DIRECTION('',(-0.685364699004983,0.,0.72819999269281));
#5844=DIRECTION('',(0.,-1.,0.));
#5845=DIRECTION('center_axis',(0.27282410027474,0.,0.962063932547769));
#5846=DIRECTION('ref_axis',(-0.962063932547769,0.,0.27282410027474));
#5847=DIRECTION('',(0.962063932547769,0.,-0.27282410027474));
#5848=DIRECTION('',(-0.962063932547769,0.,0.27282410027474));
#5849=DIRECTION('',(0.,-1.,0.));
#5850=DIRECTION('center_axis',(-0.149805379427992,0.,0.988715504224767));
#5851=DIRECTION('ref_axis',(-0.988715504224767,0.,-0.149805379427992));
#5852=DIRECTION('',(0.988715504224767,0.,0.149805379427992));
#5853=DIRECTION('',(-0.988715504224767,0.,-0.149805379427992));
#5854=DIRECTION('',(0.,-1.,0.));
#5855=DIRECTION('center_axis',(-0.68394112888133,0.,0.729537204140085));
#5856=DIRECTION('ref_axis',(-0.729537204140085,0.,-0.68394112888133));
#5857=DIRECTION('',(0.729537204140085,0.,0.68394112888133));
#5858=DIRECTION('',(-0.729537204140085,0.,-0.68394112888133));
#5859=DIRECTION('',(0.,-1.,0.));
#5860=DIRECTION('center_axis',(-0.942627225161207,0.,0.333847142244597));
#5861=DIRECTION('ref_axis',(-0.333847142244597,0.,-0.942627225161207));
#5862=DIRECTION('',(0.333847142244597,0.,0.942627225161207));
#5863=DIRECTION('',(-0.333847142244597,0.,-0.942627225161207));
#5864=DIRECTION('',(0.,-1.,0.));
#5865=DIRECTION('center_axis',(-1.,0.,0.));
#5866=DIRECTION('ref_axis',(0.,0.,-1.));
#5867=DIRECTION('',(0.,0.,1.));
#5868=DIRECTION('',(0.,0.,-1.));
#5869=DIRECTION('',(0.,-1.,0.));
#5870=DIRECTION('center_axis',(0.213869259456162,0.,0.976862293191662));
#5871=DIRECTION('ref_axis',(-0.976862293191662,0.,0.213869259456162));
#5872=DIRECTION('',(0.976862293191662,0.,-0.213869259456162));
#5873=DIRECTION('',(0.,-1.,0.));
#5874=DIRECTION('',(-0.976862293191662,0.,0.213869259456162));
#5875=DIRECTION('',(0.,-1.,0.));
#5876=DIRECTION('',(0.976862293191662,0.,-0.213869259456162));
#5877=DIRECTION('center_axis',(0.,1.,0.));
#5878=DIRECTION('ref_axis',(1.,0.,0.));
#5879=DIRECTION('',(-0.976050368325079,0.,0.217544658616288));
#5880=DIRECTION('',(0.,0.,-1.));
#5881=DIRECTION('center_axis',(0.,-1.,0.));
#5882=DIRECTION('ref_axis',(0.,0.,-1.));
#5883=DIRECTION('',(0.,0.,1.));
#5884=DIRECTION('',(1.,0.,0.));
#5885=DIRECTION('',(0.,0.,1.));
#5886=DIRECTION('',(-1.,0.,0.));
#5887=DIRECTION('',(-1.,0.,0.));
#5888=DIRECTION('',(-1.,0.,0.));
#5889=DIRECTION('',(-1.,0.,0.));
#5890=DIRECTION('',(-1.,0.,0.));
#5891=DIRECTION('',(-1.,0.,0.));
#5892=DIRECTION('',(1.,0.,0.));
#5893=DIRECTION('center_axis',(0.,-1.,0.));
#5894=DIRECTION('ref_axis',(0.,0.,-1.));
#5895=DIRECTION('',(-1.,0.,0.));
#5896=DIRECTION('center_axis',(0.,-1.,0.));
#5897=DIRECTION('ref_axis',(0.,0.,-1.));
#5898=DIRECTION('',(-0.976050368325079,0.,0.217544658616288));
#5899=DIRECTION('',(-1.,0.,0.));
#5900=DIRECTION('center_axis',(0.,-1.,0.));
#5901=DIRECTION('ref_axis',(0.,0.,-1.));
#5902=DIRECTION('',(1.,0.,0.));
#5903=DIRECTION('center_axis',(0.,-1.,0.));
#5904=DIRECTION('ref_axis',(0.,0.,-1.));
#5905=DIRECTION('',(1.,0.,0.));
#5906=DIRECTION('',(0.,0.,1.));
#5907=DIRECTION('',(-1.,0.,0.));
#5908=DIRECTION('center_axis',(0.,-1.,0.));
#5909=DIRECTION('ref_axis',(0.,0.,-1.));
#5910=DIRECTION('',(-1.,0.,0.));
#5911=DIRECTION('',(0.,0.,-1.));
#5912=DIRECTION('',(1.,0.,0.));
#5913=DIRECTION('center_axis',(0.,-1.,0.));
#5914=DIRECTION('ref_axis',(0.,0.,-1.));
#5915=DIRECTION('',(1.,0.,0.));
#5916=DIRECTION('',(0.,0.,1.));
#5917=DIRECTION('',(-1.,0.,0.));
#5918=DIRECTION('center_axis',(0.,-1.,0.));
#5919=DIRECTION('ref_axis',(0.,0.,-1.));
#5920=DIRECTION('',(1.,0.,0.));
#5921=DIRECTION('',(-1.,0.,0.));
#5922=DIRECTION('',(0.,0.,-1.));
#5923=DIRECTION('center_axis',(0.,1.,0.));
#5924=DIRECTION('ref_axis',(1.,0.,0.));
#5925=DIRECTION('',(-0.87970651357613,0.,0.475517034365469));
#5926=DIRECTION('',(0.975011472973294,0.,-0.222154512829356));
#5927=DIRECTION('',(-0.983606557377049,0.,0.180327868852461));
#5928=DIRECTION('center_axis',(0.,1.,0.));
#5929=DIRECTION('ref_axis',(1.,0.,0.));
#5930=DIRECTION('',(0.535335072609704,0.,0.844639781228639));
#5931=DIRECTION('',(0.,0.,-1.));
#5932=DIRECTION('',(0.556804868324414,0.,-0.830643328156094));
#5933=DIRECTION('',(-0.633237790257257,0.,0.773957299203325));
#5934=DIRECTION('',(-0.309086072337579,0.,0.951034068730941));
#5935=DIRECTION('',(0.,0.,1.));
#5936=DIRECTION('',(0.250962158783751,0.,0.967996898165794));
#5937=DIRECTION('center_axis',(0.,0.,-1.));
#5938=DIRECTION('ref_axis',(1.,0.,0.));
#5939=DIRECTION('',(-1.,0.,0.));
#5940=DIRECTION('',(0.,-1.,0.));
#5941=DIRECTION('',(0.,-1.,0.));
#5942=DIRECTION('center_axis',(-1.,0.,0.));
#5943=DIRECTION('ref_axis',(0.,0.,-1.));
#5944=DIRECTION('',(0.,0.,1.));
#5945=DIRECTION('',(0.,-1.,0.));
#5946=DIRECTION('center_axis',(0.,0.,-1.));
#5947=DIRECTION('ref_axis',(1.,0.,0.));
#5948=DIRECTION('',(-1.,0.,0.));
#5949=DIRECTION('',(0.,-1.,0.));
#5950=DIRECTION('center_axis',(1.,0.,0.));
#5951=DIRECTION('ref_axis',(0.,0.,1.));
#5952=DIRECTION('',(0.,0.,-1.));
#5953=DIRECTION('',(0.,-1.,0.));
#5954=DIRECTION('center_axis',(0.,0.,-1.));
#5955=DIRECTION('ref_axis',(1.,0.,0.));
#5956=DIRECTION('',(-1.,0.,0.));
#5957=DIRECTION('',(0.,-1.,0.));
#5958=DIRECTION('center_axis',(-1.,0.,0.));
#5959=DIRECTION('ref_axis',(0.,0.,-1.));
#5960=DIRECTION('',(0.,0.,1.));
#5961=DIRECTION('',(0.,-1.,0.));
#5962=DIRECTION('center_axis',(0.,0.,-1.));
#5963=DIRECTION('ref_axis',(1.,0.,0.));
#5964=DIRECTION('',(-1.,0.,0.));
#5965=DIRECTION('',(0.,-1.,0.));
#5966=DIRECTION('center_axis',(1.,0.,0.));
#5967=DIRECTION('ref_axis',(0.,0.,1.));
#5968=DIRECTION('',(0.,0.,-1.));
#5969=DIRECTION('',(0.,-1.,0.));
#5970=DIRECTION('center_axis',(0.,0.,-1.));
#5971=DIRECTION('ref_axis',(1.,0.,0.));
#5972=DIRECTION('',(-1.,0.,0.));
#5973=DIRECTION('',(0.,-1.,0.));
#5974=DIRECTION('center_axis',(-0.726468416954707,0.,-0.687199853876092));
#5975=DIRECTION('ref_axis',(0.687199853876092,0.,-0.726468416954707));
#5976=DIRECTION('',(-0.687199853876092,0.,0.726468416954707));
#5977=DIRECTION('',(0.,-1.,0.));
#5978=DIRECTION('center_axis',(-1.,0.,0.));
#5979=DIRECTION('ref_axis',(0.,0.,-1.));
#5980=DIRECTION('',(0.,0.,1.));
#5981=DIRECTION('',(0.,-1.,0.));
#5982=DIRECTION('center_axis',(-0.832050294337834,0.,0.554700196225243));
#5983=DIRECTION('ref_axis',(-0.554700196225243,0.,-0.832050294337834));
#5984=DIRECTION('',(0.554700196225243,0.,0.832050294337834));
#5985=DIRECTION('',(0.,-1.,0.));
#5986=DIRECTION('center_axis',(-0.330350424728112,0.,0.943858356366015));
#5987=DIRECTION('ref_axis',(-0.943858356366015,0.,-0.330350424728112));
#5988=DIRECTION('',(0.943858356366015,0.,0.330350424728112));
#5989=DIRECTION('',(0.,-1.,0.));
#5990=DIRECTION('center_axis',(1.,0.,0.));
#5991=DIRECTION('ref_axis',(0.,0.,1.));
#5992=DIRECTION('',(0.,0.,-1.));
#5993=DIRECTION('',(0.,-1.,0.));
#5994=DIRECTION('',(0.,-1.,0.));
#5995=DIRECTION('center_axis',(0.,0.,1.));
#5996=DIRECTION('ref_axis',(-1.,0.,0.));
#5997=DIRECTION('',(1.,0.,0.));
#5998=DIRECTION('',(0.,-1.,0.));
#5999=DIRECTION('center_axis',(-1.,0.,0.));
#6000=DIRECTION('ref_axis',(0.,0.,-1.));
#6001=DIRECTION('',(0.,0.,1.));
#6002=DIRECTION('',(0.,-1.,0.));
#6003=DIRECTION('center_axis',(1.,0.,0.));
#6004=DIRECTION('ref_axis',(0.,0.,1.));
#6005=DIRECTION('',(0.,0.,-1.));
#6006=DIRECTION('',(0.,-1.,0.));
#6007=DIRECTION('',(0.,-1.,0.));
#6008=DIRECTION('center_axis',(0.,0.,1.));
#6009=DIRECTION('ref_axis',(-1.,0.,0.));
#6010=DIRECTION('',(1.,0.,0.));
#6011=DIRECTION('',(0.,-1.,0.));
#6012=DIRECTION('center_axis',(-1.,0.,0.));
#6013=DIRECTION('ref_axis',(0.,0.,-1.));
#6014=DIRECTION('',(0.,0.,1.));
#6015=DIRECTION('',(0.,-1.,0.));
#6016=DIRECTION('center_axis',(0.217544658616288,0.,0.976050368325079));
#6017=DIRECTION('ref_axis',(-0.976050368325079,0.,0.217544658616288));
#6018=DIRECTION('',(0.976050368325079,0.,-0.217544658616288));
#6019=DIRECTION('',(0.,-1.,0.));
#6020=DIRECTION('',(0.,-1.,0.));
#6021=DIRECTION('center_axis',(0.,0.,-1.));
#6022=DIRECTION('ref_axis',(1.,0.,0.));
#6023=DIRECTION('',(-1.,0.,0.));
#6024=DIRECTION('',(0.,-1.,0.));
#6025=DIRECTION('',(0.,-1.,0.));
#6026=DIRECTION('center_axis',(0.327110563883165,0.,-0.944986073440259));
#6027=DIRECTION('ref_axis',(0.944986073440259,0.,0.327110563883165));
#6028=DIRECTION('',(-0.944986073440259,0.,-0.327110563883165));
#6029=DIRECTION('',(0.,-1.,0.));
#6030=DIRECTION('',(-0.944986073440259,0.,-0.327110563883165));
#6031=DIRECTION('center_axis',(0.55246150577151,0.,-0.833538412216663));
#6032=DIRECTION('ref_axis',(0.833538412216663,0.,0.55246150577151));
#6033=DIRECTION('',(-0.833538412216663,0.,-0.55246150577151));
#6034=DIRECTION('',(0.,-1.,0.));
#6035=DIRECTION('',(-0.833538412216663,0.,-0.55246150577151));
#6036=DIRECTION('center_axis',(1.,0.,0.));
#6037=DIRECTION('ref_axis',(0.,0.,1.));
#6038=DIRECTION('',(0.,0.,-1.));
#6039=DIRECTION('',(0.,-1.,0.));
#6040=DIRECTION('center_axis',(0.830643328156094,0.,0.556804868324414));
#6041=DIRECTION('ref_axis',(-0.556804868324414,0.,0.830643328156094));
#6042=DIRECTION('',(0.,-1.,0.));
#6043=DIRECTION('center_axis',(0.550842208330739,0.,0.834609406561725));
#6044=DIRECTION('ref_axis',(-0.834609406561725,0.,0.550842208330739));
#6045=DIRECTION('',(0.834609406561725,0.,-0.550842208330739));
#6046=DIRECTION('',(0.,-1.,0.));
#6047=DIRECTION('center_axis',(0.222154512829356,0.,0.975011472973294));
#6048=DIRECTION('ref_axis',(-0.975011472973294,0.,0.222154512829356));
#6049=DIRECTION('',(0.975011472973294,0.,-0.222154512829356));
#6050=DIRECTION('',(0.,-1.,0.));
#6051=DIRECTION('',(0.975011472973294,0.,-0.222154512829356));
#6052=DIRECTION('center_axis',(0.211177001804718,0.,-0.977447836924697));
#6053=DIRECTION('ref_axis',(0.977447836924697,0.,0.211177001804718));
#6054=DIRECTION('',(-0.977447836924697,0.,-0.211177001804718));
#6055=DIRECTION('',(0.,-1.,0.));
#6056=DIRECTION('center_axis',(0.,1.,0.));
#6057=DIRECTION('ref_axis',(1.,0.,0.));
#6058=DIRECTION('',(1.,0.,0.));
#6059=DIRECTION('',(0.775562003711188,0.,0.631271398369582));
#6060=DIRECTION('',(0.916157334902189,0.,0.400818834019709));
#6061=DIRECTION('center_axis',(0.,-1.,0.));
#6062=DIRECTION('ref_axis',(0.,0.,-1.));
#6063=DIRECTION('',(-0.87970651357613,0.,0.475517034365469));
#6064=DIRECTION('center_axis',(0.,-1.,0.));
#6065=DIRECTION('ref_axis',(0.,0.,-1.));
#6066=DIRECTION('',(1.,0.,0.));
#6067=DIRECTION('',(-0.983606557377049,0.,0.180327868852461));
#6068=DIRECTION('center_axis',(0.,-1.,0.));
#6069=DIRECTION('ref_axis',(0.,0.,-1.));
#6070=DIRECTION('',(-1.,0.,0.));
#6071=DIRECTION('center_axis',(0.,-1.,0.));
#6072=DIRECTION('ref_axis',(0.,0.,-1.));
#6073=DIRECTION('',(0.535335072609704,0.,0.844639781228639));
#6074=DIRECTION('',(0.775562003711188,0.,0.631271398369582));
#6075=DIRECTION('center_axis',(0.,-1.,0.));
#6076=DIRECTION('ref_axis',(0.,0.,-1.));
#6077=DIRECTION('',(1.,0.,0.));
#6078=DIRECTION('',(0.,0.,1.));
#6079=DIRECTION('center_axis',(0.,-1.,0.));
#6080=DIRECTION('ref_axis',(0.,0.,-1.));
#6081=DIRECTION('',(0.,0.,1.));
#6082=DIRECTION('',(-0.976357434981451,0.,0.216162344446116));
#6083=DIRECTION('center_axis',(0.,-1.,0.));
#6084=DIRECTION('ref_axis',(0.,0.,-1.));
#6085=DIRECTION('',(1.,0.,0.));
#6086=DIRECTION('',(0.,0.,1.));
#6087=DIRECTION('',(1.,0.,0.));
#6088=DIRECTION('',(0.775562003711188,0.,0.631271398369582));
#6089=DIRECTION('',(0.,0.,1.));
#6090=DIRECTION('',(-0.476283148540739,0.,0.879291966536781));
#6091=DIRECTION('',(-0.906183139995263,0.,0.422885465331129));
#6092=DIRECTION('',(-1.,0.,0.));
#6093=DIRECTION('',(0.,0.,-1.));
#6094=DIRECTION('',(1.,0.,0.));
#6095=DIRECTION('',(0.910366477462604,0.,0.413802944301187));
#6096=DIRECTION('',(0.39872611141443,0.,0.917070056253244));
#6097=DIRECTION('',(0.,0.,1.));
#6098=DIRECTION('',(-1.,0.,0.));
#6099=DIRECTION('',(0.,0.,1.));
#6100=DIRECTION('',(-1.,0.,0.));
#6101=DIRECTION('',(0.,0.,1.));
#6102=DIRECTION('',(1.,0.,0.));
#6103=DIRECTION('',(0.976441663135481,0.,0.215781552717594));
#6104=DIRECTION('center_axis',(0.,1.,0.));
#6105=DIRECTION('ref_axis',(1.,0.,0.));
#6106=DIRECTION('',(0.,0.,-1.));
#6107=DIRECTION('',(1.,0.,0.));
#6108=DIRECTION('',(0.,0.,1.));
#6109=DIRECTION('',(-1.,0.,0.));
#6110=DIRECTION('center_axis',(0.,1.,0.));
#6111=DIRECTION('ref_axis',(1.,0.,0.));
#6112=DIRECTION('',(0.,0.,-1.));
#6113=DIRECTION('',(1.,0.,0.));
#6114=DIRECTION('',(0.,0.,1.));
#6115=DIRECTION('',(1.,0.,0.));
#6116=DIRECTION('center_axis',(0.,1.,0.));
#6117=DIRECTION('ref_axis',(1.,0.,0.));
#6118=DIRECTION('',(0.666015769308851,0.,0.745937661625916));
#6119=DIRECTION('',(0.39872611141443,0.,0.917070056253244));
#6120=DIRECTION('',(0.910366477462604,0.,0.413802944301187));
#6121=DIRECTION('center_axis',(0.,1.,0.));
#6122=DIRECTION('ref_axis',(1.,0.,0.));
#6123=DIRECTION('',(0.164398987305363,0.,0.986393923832143));
#6124=DIRECTION('',(0.,0.,1.));
#6125=DIRECTION('',(0.39872611141443,0.,0.917070056253244));
#6126=DIRECTION('center_axis',(0.879291966536781,0.,0.476283148540739));
#6127=DIRECTION('ref_axis',(-0.476283148540739,0.,0.879291966536781));
#6128=DIRECTION('',(0.476283148540739,0.,-0.879291966536781));
#6129=DIRECTION('',(0.,-1.,0.));
#6130=DIRECTION('',(0.,-1.,0.));
#6131=DIRECTION('center_axis',(0.631271398369582,0.,-0.775562003711188));
#6132=DIRECTION('ref_axis',(0.775562003711188,0.,0.631271398369582));
#6133=DIRECTION('',(-0.775562003711188,0.,-0.631271398369582));
#6134=DIRECTION('',(0.,-1.,0.));
#6135=DIRECTION('',(0.,-1.,0.));
#6136=DIRECTION('center_axis',(0.,0.,-1.));
#6137=DIRECTION('ref_axis',(1.,0.,0.));
#6138=DIRECTION('',(-1.,0.,0.));
#6139=DIRECTION('',(0.,-1.,0.));
#6140=DIRECTION('center_axis',(1.,0.,0.));
#6141=DIRECTION('ref_axis',(0.,0.,1.));
#6142=DIRECTION('',(0.,0.,-1.));
#6143=DIRECTION('',(0.,-1.,0.));
#6144=DIRECTION('center_axis',(0.,0.,1.));
#6145=DIRECTION('ref_axis',(-1.,0.,0.));
#6146=DIRECTION('',(1.,0.,0.));
#6147=DIRECTION('',(-1.,0.,0.));
#6148=DIRECTION('',(0.,-1.,0.));
#6149=DIRECTION('center_axis',(0.216162344446116,0.,0.976357434981451));
#6150=DIRECTION('ref_axis',(-0.976357434981451,0.,0.216162344446116));
#6151=DIRECTION('',(0.976357434981451,0.,-0.216162344446116));
#6152=DIRECTION('',(0.,-1.,0.));
#6153=DIRECTION('center_axis',(1.,0.,0.));
#6154=DIRECTION('ref_axis',(0.,0.,1.));
#6155=DIRECTION('',(0.,0.,-1.));
#6156=DIRECTION('',(0.,-1.,0.));
#6157=DIRECTION('',(0.,-1.,0.));
#6158=DIRECTION('center_axis',(0.,0.,-1.));
#6159=DIRECTION('ref_axis',(1.,0.,0.));
#6160=DIRECTION('',(-1.,0.,0.));
#6161=DIRECTION('',(0.,-1.,0.));
#6162=DIRECTION('center_axis',(0.400818834019709,0.,-0.916157334902189));
#6163=DIRECTION('ref_axis',(0.916157334902189,0.,0.400818834019709));
#6164=DIRECTION('',(-0.916157334902189,0.,-0.400818834019709));
#6165=DIRECTION('',(0.,-1.,0.));
#6166=DIRECTION('center_axis',(0.631271398369582,0.,-0.775562003711188));
#6167=DIRECTION('ref_axis',(0.775562003711188,0.,0.631271398369582));
#6168=DIRECTION('',(-0.775562003711188,0.,-0.631271398369582));
#6169=DIRECTION('',(0.,-1.,0.));
#6170=DIRECTION('center_axis',(0.844639781228639,0.,-0.535335072609704));
#6171=DIRECTION('ref_axis',(0.535335072609704,0.,0.844639781228639));
#6172=DIRECTION('',(-0.535335072609704,0.,-0.844639781228639));
#6173=DIRECTION('',(0.,-1.,0.));
#6174=DIRECTION('center_axis',(0.967996898165794,0.,-0.250962158783751));
#6175=DIRECTION('ref_axis',(0.250962158783751,0.,0.967996898165794));
#6176=DIRECTION('',(-0.250962158783751,0.,-0.967996898165794));
#6177=DIRECTION('',(0.,-1.,0.));
#6178=DIRECTION('center_axis',(1.,0.,0.));
#6179=DIRECTION('ref_axis',(0.,0.,1.));
#6180=DIRECTION('',(0.,0.,-1.));
#6181=DIRECTION('',(0.,-1.,0.));
#6182=DIRECTION('center_axis',(0.951034068730941,0.,0.309086072337579));
#6183=DIRECTION('ref_axis',(-0.309086072337579,0.,0.951034068730941));
#6184=DIRECTION('',(0.309086072337579,0.,-0.951034068730941));
#6185=DIRECTION('',(0.,-1.,0.));
#6186=DIRECTION('center_axis',(0.773957299203325,0.,0.633237790257257));
#6187=DIRECTION('ref_axis',(-0.633237790257257,0.,0.773957299203325));
#6188=DIRECTION('',(0.633237790257257,0.,-0.773957299203325));
#6189=DIRECTION('',(0.,-1.,0.));
#6190=DIRECTION('center_axis',(0.475517034365469,0.,0.87970651357613));
#6191=DIRECTION('ref_axis',(-0.87970651357613,0.,0.475517034365469));
#6192=DIRECTION('',(0.87970651357613,0.,-0.475517034365469));
#6193=DIRECTION('',(0.,-1.,0.));
#6194=DIRECTION('center_axis',(0.180327868852461,0.,0.983606557377049));
#6195=DIRECTION('ref_axis',(-0.983606557377049,0.,0.180327868852461));
#6196=DIRECTION('',(0.983606557377049,0.,-0.180327868852461));
#6197=DIRECTION('',(0.,-1.,0.));
#6198=DIRECTION('center_axis',(0.,0.,1.));
#6199=DIRECTION('ref_axis',(-1.,0.,0.));
#6200=DIRECTION('',(1.,0.,0.));
#6201=DIRECTION('',(0.,-1.,0.));
#6202=DIRECTION('center_axis',(-0.199604482144227,0.,0.979876548708017));
#6203=DIRECTION('ref_axis',(-0.979876548708017,0.,-0.199604482144227));
#6204=DIRECTION('',(0.979876548708017,0.,0.199604482144227));
#6205=DIRECTION('',(0.,-1.,0.));
#6206=DIRECTION('center_axis',(-0.475517034365477,0.,0.879706513576126));
#6207=DIRECTION('ref_axis',(-0.879706513576126,0.,-0.475517034365477));
#6208=DIRECTION('',(0.879706513576126,0.,0.475517034365477));
#6209=DIRECTION('',(0.,-1.,0.));
#6210=DIRECTION('center_axis',(-0.834398186729208,0.,0.551162104995445));
#6211=DIRECTION('ref_axis',(-0.551162104995445,0.,-0.834398186729208));
#6212=DIRECTION('',(0.551162104995445,0.,0.834398186729208));
#6213=DIRECTION('',(0.,-1.,0.));
#6214=DIRECTION('center_axis',(1.,0.,0.));
#6215=DIRECTION('ref_axis',(0.,0.,1.));
#6216=DIRECTION('',(0.,0.,-1.));
#6217=DIRECTION('',(0.,-1.,0.));
#6218=DIRECTION('',(0.,-1.,0.));
#6219=DIRECTION('center_axis',(0.215781552717594,0.,-0.976441663135481));
#6220=DIRECTION('ref_axis',(0.976441663135481,0.,0.215781552717594));
#6221=DIRECTION('',(-0.976441663135481,0.,-0.215781552717594));
#6222=DIRECTION('',(0.,-1.,0.));
#6223=DIRECTION('center_axis',(0.,0.,-1.));
#6224=DIRECTION('ref_axis',(1.,0.,0.));
#6225=DIRECTION('',(-1.,0.,0.));
#6226=DIRECTION('',(-1.,0.,0.));
#6227=DIRECTION('',(0.,-1.,0.));
#6228=DIRECTION('center_axis',(1.,0.,0.));
#6229=DIRECTION('ref_axis',(0.,0.,1.));
#6230=DIRECTION('',(0.,0.,-1.));
#6231=DIRECTION('',(0.,-1.,0.));
#6232=DIRECTION('center_axis',(0.,0.,1.));
#6233=DIRECTION('ref_axis',(-1.,0.,0.));
#6234=DIRECTION('',(1.,0.,0.));
#6235=DIRECTION('',(1.,0.,0.));
#6236=DIRECTION('',(0.,-1.,0.));
#6237=DIRECTION('center_axis',(1.,0.,0.));
#6238=DIRECTION('ref_axis',(0.,0.,1.));
#6239=DIRECTION('',(0.,0.,-1.));
#6240=DIRECTION('',(0.,-1.,0.));
#6241=DIRECTION('center_axis',(0.,0.,1.));
#6242=DIRECTION('ref_axis',(-1.,0.,0.));
#6243=DIRECTION('',(-1.,0.,0.));
#6244=DIRECTION('',(1.,0.,0.));
#6245=DIRECTION('',(0.,-1.,0.));
#6246=DIRECTION('center_axis',(1.,0.,0.));
#6247=DIRECTION('ref_axis',(0.,0.,1.));
#6248=DIRECTION('',(0.,0.,-1.));
#6249=DIRECTION('',(0.,0.,1.));
#6250=DIRECTION('',(0.,-1.,0.));
#6251=DIRECTION('center_axis',(0.917070056253244,0.,-0.39872611141443));
#6252=DIRECTION('ref_axis',(0.39872611141443,0.,0.917070056253244));
#6253=DIRECTION('',(-0.39872611141443,0.,-0.917070056253244));
#6254=DIRECTION('',(0.,-1.,0.));
#6255=DIRECTION('center_axis',(0.413802944301187,0.,-0.910366477462604));
#6256=DIRECTION('ref_axis',(0.910366477462604,0.,0.413802944301187));
#6257=DIRECTION('',(-0.910366477462604,0.,-0.413802944301187));
#6258=DIRECTION('',(0.,-1.,0.));
#6259=DIRECTION('center_axis',(0.422885465331129,0.,0.906183139995263));
#6260=DIRECTION('ref_axis',(-0.906183139995263,0.,0.422885465331129));
#6261=DIRECTION('',(0.906183139995263,0.,-0.422885465331129));
#6262=DIRECTION('',(0.,-1.,0.));
#6263=DIRECTION('center_axis',(0.,1.,0.));
#6264=DIRECTION('ref_axis',(1.,0.,0.));
#6265=DIRECTION('',(-0.999536512489265,0.,0.0304427364209921));
#6266=DIRECTION('center_axis',(0.,-1.,0.));
#6267=DIRECTION('ref_axis',(0.,0.,-1.));
#6268=DIRECTION('center_axis',(0.,-1.,0.));
#6269=DIRECTION('ref_axis',(0.,0.,-1.));
#6270=DIRECTION('',(0.,0.,1.));
#6271=DIRECTION('center_axis',(0.,-1.,0.));
#6272=DIRECTION('ref_axis',(0.,0.,-1.));
#6273=DIRECTION('',(0.666015769308851,0.,0.745937661625916));
#6274=DIRECTION('',(0.164398987305363,0.,0.986393923832143));
#6275=DIRECTION('center_axis',(0.,-1.,0.));
#6276=DIRECTION('ref_axis',(0.,0.,-1.));
#6277=DIRECTION('',(0.,0.,1.));
#6278=DIRECTION('',(-0.72264185714768,0.,0.691222645967384));
#6279=DIRECTION('',(-1.,0.,0.));
#6280=DIRECTION('center_axis',(0.,-1.,0.));
#6281=DIRECTION('ref_axis',(0.,0.,-1.));
#6282=DIRECTION('',(0.,0.,1.));
#6283=DIRECTION('',(-1.,0.,0.));
#6284=DIRECTION('',(0.,0.,1.));
#6285=DIRECTION('center_axis',(0.,-1.,0.));
#6286=DIRECTION('ref_axis',(0.,0.,-1.));
#6287=DIRECTION('',(0.,0.,1.));
#6288=DIRECTION('',(-1.,0.,0.));
#6289=DIRECTION('',(0.,0.,1.));
#6290=DIRECTION('',(-1.,0.,0.));
#6291=DIRECTION('',(-1.,0.,0.));
#6292=DIRECTION('',(0.,0.,1.));
#6293=DIRECTION('',(1.,0.,0.));
#6294=DIRECTION('',(0.,0.,-1.));
#6295=DIRECTION('',(0.,0.,1.));
#6296=DIRECTION('',(1.,0.,0.));
#6297=DIRECTION('',(0.,0.,-1.));
#6298=DIRECTION('',(-1.,0.,0.));
#6299=DIRECTION('',(-0.912684575394031,0.,0.408664735251058));
#6300=DIRECTION('',(-0.371390676354089,0.,0.928476690885265));
#6301=DIRECTION('',(0.371390676354089,0.,0.928476690885265));
#6302=DIRECTION('',(0.897089033660191,0.,0.441849822549048));
#6303=DIRECTION('',(1.,0.,0.));
#6304=DIRECTION('',(0.899656662830311,0.,-0.436598086373529));
#6305=DIRECTION('',(0.371390676354089,0.,-0.928476690885265));
#6306=DIRECTION('',(-0.371390676354089,0.,-0.928476690885265));
#6307=DIRECTION('',(-0.914917801572933,0.,-0.40364020657629));
#6308=DIRECTION('',(-1.,0.,0.));
#6309=DIRECTION('center_axis',(0.,-1.,0.));
#6310=DIRECTION('ref_axis',(0.,0.,-1.));
#6311=DIRECTION('',(1.,0.,0.));
#6312=DIRECTION('',(0.666015769308851,0.,0.745937661625916));
#6313=DIRECTION('center_axis',(0.,-1.,0.));
#6314=DIRECTION('ref_axis',(0.,0.,-1.));
#6315=DIRECTION('',(0.164398987305363,0.,0.986393923832143));
#6316=DIRECTION('',(0.771373278540077,0.,0.636382954795564));
#6317=DIRECTION('',(-0.999536512489265,0.,0.0304427364209921));
#6318=DIRECTION('center_axis',(0.,-1.,0.));
#6319=DIRECTION('ref_axis',(0.,0.,-1.));
#6320=DIRECTION('',(0.,0.,1.));
#6321=DIRECTION('',(-1.,0.,0.));
#6322=DIRECTION('',(0.,0.,-1.));
#6323=DIRECTION('center_axis',(-1.,0.,0.));
#6324=DIRECTION('ref_axis',(0.,0.,-1.));
#6325=DIRECTION('',(0.,0.,1.));
#6326=DIRECTION('',(0.,-1.,0.));
#6327=DIRECTION('',(0.,-1.,0.));
#6328=DIRECTION('center_axis',(0.,0.,-1.));
#6329=DIRECTION('ref_axis',(1.,0.,0.));
#6330=DIRECTION('',(-1.,0.,0.));
#6331=DIRECTION('',(0.,-1.,0.));
#6332=DIRECTION('center_axis',(1.,0.,0.));
#6333=DIRECTION('ref_axis',(0.,0.,1.));
#6334=DIRECTION('',(0.,0.,-1.));
#6335=DIRECTION('',(0.,-1.,0.));
#6336=DIRECTION('center_axis',(0.,0.,1.));
#6337=DIRECTION('ref_axis',(-1.,0.,0.));
#6338=DIRECTION('',(1.,0.,0.));
#6339=DIRECTION('center_axis',(0.,0.,1.));
#6340=DIRECTION('ref_axis',(-1.,0.,0.));
#6341=DIRECTION('',(1.,0.,0.));
#6342=DIRECTION('',(0.,-1.,0.));
#6343=DIRECTION('',(0.,-1.,0.));
#6344=DIRECTION('center_axis',(-1.,0.,0.));
#6345=DIRECTION('ref_axis',(0.,0.,-1.));
#6346=DIRECTION('',(0.,0.,1.));
#6347=DIRECTION('',(0.,-1.,0.));
#6348=DIRECTION('center_axis',(0.,0.,-1.));
#6349=DIRECTION('ref_axis',(1.,0.,0.));
#6350=DIRECTION('',(-1.,0.,0.));
#6351=DIRECTION('',(0.,-1.,0.));
#6352=DIRECTION('center_axis',(1.,0.,0.));
#6353=DIRECTION('ref_axis',(0.,0.,1.));
#6354=DIRECTION('',(0.,0.,-1.));
#6355=DIRECTION('center_axis',(0.,0.,1.));
#6356=DIRECTION('ref_axis',(-1.,0.,0.));
#6357=DIRECTION('',(1.,0.,0.));
#6358=DIRECTION('',(0.,-1.,0.));
#6359=DIRECTION('',(0.,-1.,0.));
#6360=DIRECTION('center_axis',(-0.40364020657629,0.,0.914917801572933));
#6361=DIRECTION('ref_axis',(-0.914917801572933,0.,-0.40364020657629));
#6362=DIRECTION('',(0.914917801572933,0.,0.40364020657629));
#6363=DIRECTION('',(0.,-1.,0.));
#6364=DIRECTION('center_axis',(-0.928476690885265,0.,0.371390676354089));
#6365=DIRECTION('ref_axis',(-0.371390676354089,0.,-0.928476690885265));
#6366=DIRECTION('',(0.371390676354089,0.,0.928476690885265));
#6367=DIRECTION('',(0.,-1.,0.));
#6368=DIRECTION('center_axis',(-0.928476690885265,0.,-0.371390676354089));
#6369=DIRECTION('ref_axis',(0.371390676354089,0.,-0.928476690885265));
#6370=DIRECTION('',(-0.371390676354089,0.,0.928476690885265));
#6371=DIRECTION('',(0.,-1.,0.));
#6372=DIRECTION('center_axis',(-0.436598086373529,0.,-0.899656662830311));
#6373=DIRECTION('ref_axis',(0.899656662830311,0.,-0.436598086373529));
#6374=DIRECTION('',(-0.899656662830311,0.,0.436598086373529));
#6375=DIRECTION('',(0.,-1.,0.));
#6376=DIRECTION('center_axis',(0.,0.,-1.));
#6377=DIRECTION('ref_axis',(1.,0.,0.));
#6378=DIRECTION('',(-1.,0.,0.));
#6379=DIRECTION('',(0.,-1.,0.));
#6380=DIRECTION('center_axis',(0.441849822549048,0.,-0.897089033660191));
#6381=DIRECTION('ref_axis',(0.897089033660191,0.,0.441849822549048));
#6382=DIRECTION('',(-0.897089033660191,0.,-0.441849822549048));
#6383=DIRECTION('',(0.,-1.,0.));
#6384=DIRECTION('center_axis',(0.928476690885265,0.,-0.371390676354089));
#6385=DIRECTION('ref_axis',(0.371390676354089,0.,0.928476690885265));
#6386=DIRECTION('',(-0.371390676354089,0.,-0.928476690885265));
#6387=DIRECTION('',(0.,-1.,0.));
#6388=DIRECTION('center_axis',(0.928476690885265,0.,0.371390676354089));
#6389=DIRECTION('ref_axis',(-0.371390676354089,0.,0.928476690885265));
#6390=DIRECTION('',(0.371390676354089,0.,-0.928476690885265));
#6391=DIRECTION('',(0.,-1.,0.));
#6392=DIRECTION('center_axis',(0.408664735251058,0.,0.912684575394031));
#6393=DIRECTION('ref_axis',(-0.912684575394031,0.,0.408664735251058));
#6394=DIRECTION('',(0.912684575394031,0.,-0.408664735251058));
#6395=DIRECTION('center_axis',(0.,0.,1.));
#6396=DIRECTION('ref_axis',(-1.,0.,0.));
#6397=DIRECTION('',(-1.,0.,0.));
#6398=DIRECTION('',(0.,-1.,0.));
#6399=DIRECTION('',(0.,-1.,0.));
#6400=DIRECTION('center_axis',(1.,0.,0.));
#6401=DIRECTION('ref_axis',(0.,0.,1.));
#6402=DIRECTION('',(0.,0.,1.));
#6403=DIRECTION('',(0.,-1.,0.));
#6404=DIRECTION('center_axis',(0.,0.,-1.));
#6405=DIRECTION('ref_axis',(1.,0.,0.));
#6406=DIRECTION('',(1.,0.,0.));
#6407=DIRECTION('',(0.,-1.,0.));
#6408=DIRECTION('center_axis',(1.,0.,0.));
#6409=DIRECTION('ref_axis',(0.,0.,1.));
#6410=DIRECTION('',(0.,0.,1.));
#6411=DIRECTION('',(0.,-1.,0.));
#6412=DIRECTION('center_axis',(0.,0.,1.));
#6413=DIRECTION('ref_axis',(-1.,0.,0.));
#6414=DIRECTION('',(-1.,0.,0.));
#6415=DIRECTION('',(0.,-1.,0.));
#6416=DIRECTION('center_axis',(1.,0.,0.));
#6417=DIRECTION('ref_axis',(0.,0.,1.));
#6418=DIRECTION('',(0.,0.,1.));
#6419=DIRECTION('',(0.,-1.,0.));
#6420=DIRECTION('center_axis',(0.,0.,-1.));
#6421=DIRECTION('ref_axis',(1.,0.,0.));
#6422=DIRECTION('',(1.,0.,0.));
#6423=DIRECTION('',(0.,-1.,0.));
#6424=DIRECTION('center_axis',(1.,0.,0.));
#6425=DIRECTION('ref_axis',(0.,0.,1.));
#6426=DIRECTION('',(0.,0.,1.));
#6427=DIRECTION('',(0.,-1.,0.));
#6428=DIRECTION('center_axis',(0.0304427364209921,0.,0.999536512489265));
#6429=DIRECTION('ref_axis',(-0.999536512489265,0.,0.0304427364209921));
#6430=DIRECTION('',(-0.999536512489265,0.,0.0304427364209921));
#6431=DIRECTION('',(0.,-1.,0.));
#6432=DIRECTION('center_axis',(0.636382954795564,0.,-0.771373278540077));
#6433=DIRECTION('ref_axis',(0.771373278540077,0.,0.636382954795564));
#6434=DIRECTION('',(0.771373278540077,0.,0.636382954795564));
#6435=DIRECTION('',(0.,-1.,0.));
#6436=DIRECTION('center_axis',(0.986393923832143,0.,-0.164398987305363));
#6437=DIRECTION('ref_axis',(0.164398987305363,0.,0.986393923832143));
#6438=DIRECTION('',(0.164398987305363,0.,0.986393923832143));
#6439=DIRECTION('',(0.,-1.,0.));
#6440=DIRECTION('center_axis',(0.745937661625916,0.,-0.666015769308851));
#6441=DIRECTION('ref_axis',(0.666015769308851,0.,0.745937661625916));
#6442=DIRECTION('',(0.666015769308851,0.,0.745937661625916));
#6443=DIRECTION('',(0.,-1.,0.));
#6444=DIRECTION('center_axis',(0.,0.,-1.));
#6445=DIRECTION('ref_axis',(1.,0.,0.));
#6446=DIRECTION('',(1.,0.,0.));
#6447=DIRECTION('',(0.,-1.,0.));
#6448=DIRECTION('',(1.,0.,0.));
#6449=DIRECTION('',(0.,-1.,0.));
#6450=DIRECTION('',(0.,-1.,0.));
#6451=DIRECTION('center_axis',(-1.,0.,0.));
#6452=DIRECTION('ref_axis',(0.,0.,-1.));
#6453=DIRECTION('',(0.,0.,-1.));
#6454=DIRECTION('',(0.,-1.,0.));
#6455=DIRECTION('center_axis',(0.,0.,-1.));
#6456=DIRECTION('ref_axis',(1.,0.,0.));
#6457=DIRECTION('',(1.,0.,0.));
#6458=DIRECTION('',(0.,-1.,0.));
#6459=DIRECTION('center_axis',(1.,0.,0.));
#6460=DIRECTION('ref_axis',(0.,0.,1.));
#6461=DIRECTION('',(0.,0.,1.));
#6462=DIRECTION('center_axis',(-1.,0.,0.));
#6463=DIRECTION('ref_axis',(0.,0.,-1.));
#6464=DIRECTION('',(0.,0.,-1.));
#6465=DIRECTION('',(0.,-1.,0.));
#6466=DIRECTION('center_axis',(0.,0.,1.));
#6467=DIRECTION('ref_axis',(-1.,0.,0.));
#6468=DIRECTION('',(-1.,0.,0.));
#6469=DIRECTION('',(0.,-1.,0.));
#6470=DIRECTION('center_axis',(0.691222645967384,0.,0.72264185714768));
#6471=DIRECTION('ref_axis',(-0.72264185714768,0.,0.691222645967384));
#6472=DIRECTION('',(-0.72264185714768,0.,0.691222645967384));
#6473=DIRECTION('',(0.,-1.,0.));
#6474=DIRECTION('center_axis',(1.,0.,0.));
#6475=DIRECTION('ref_axis',(0.,0.,1.));
#6476=DIRECTION('',(0.,0.,1.));
#6477=DIRECTION('center_axis',(0.,1.,0.));
#6478=DIRECTION('ref_axis',(1.,0.,0.));
#6479=CARTESIAN_POINT('',(0.,0.,0.));
#6480=CARTESIAN_POINT('Origin',(-28.57,-3.6,-2.4));
#6481=CARTESIAN_POINT('',(-28.74,-2.54,-2.4));
#6482=CARTESIAN_POINT('Origin',(-28.57,-2.54,-2.4));
#6483=CARTESIAN_POINT('',(-28.74,-4.075,-2.4));
#6484=CARTESIAN_POINT('',(-28.74,-3.6,-2.4));
#6485=CARTESIAN_POINT('',(-28.7028993257716,-4.075,-2.50600834499918));
#6486=CARTESIAN_POINT('Origin',(-28.57,-4.075,-2.4));
#6487=CARTESIAN_POINT('',(-28.7028993257716,-4.447,-2.50600834499918));
#6488=CARTESIAN_POINT('',(-28.7028993257716,-3.6,-2.50600834499918));
#6489=CARTESIAN_POINT('',(-28.74,-4.447,-2.4));
#6490=CARTESIAN_POINT('Origin',(-28.57,-4.447,-2.4));
#6491=CARTESIAN_POINT('',(-28.74,-4.8,-2.4));
#6492=CARTESIAN_POINT('',(-28.74,-3.6,-2.4));
#6493=CARTESIAN_POINT('',(-28.518487873659,-4.8,-2.56200771845756));
#6494=CARTESIAN_POINT('Origin',(-28.57,-4.8,-2.4));
#6495=CARTESIAN_POINT('',(-28.518487873659,-4.447,-2.56200771845756));
#6496=CARTESIAN_POINT('',(-28.518487873659,-3.6,-2.56200771845756));
#6497=CARTESIAN_POINT('',(-28.5348025426659,-4.447,-2.56631638222741));
#6498=CARTESIAN_POINT('Origin',(-28.57,-4.447,-2.4));
#6499=CARTESIAN_POINT('',(-28.5348025426659,-4.075,-2.56631638222741));
#6500=CARTESIAN_POINT('',(-28.5348025426659,-3.6,-2.56631638222741));
#6501=CARTESIAN_POINT('Origin',(-28.57,-4.075,-2.4));
#6502=CARTESIAN_POINT('Origin',(-46.8,-2.895,4.01));
#6503=CARTESIAN_POINT('',(-46.87,-3.,4.01));
#6504=CARTESIAN_POINT('Origin',(-46.8,-3.,4.01));
#6505=CARTESIAN_POINT('',(-46.87,-2.78,4.01));
#6506=CARTESIAN_POINT('',(-46.87,-2.895,4.01));
#6507=CARTESIAN_POINT('Origin',(-46.8,-2.78,4.01));
#6508=CARTESIAN_POINT('Origin',(-46.8,-2.78,4.01));
#6509=CARTESIAN_POINT('Origin',(-54.5576,-3.728,-2.1902));
#6510=CARTESIAN_POINT('',(-54.5576,-3.728,-2.4852));
#6511=CARTESIAN_POINT('',(-54.5576,-3.728,-1.8952));
#6512=CARTESIAN_POINT('Origin',(-54.5576,-3.728,-2.1902));
#6513=CARTESIAN_POINT('',(-54.5576,-3.75,-2.48437851723061));
#6514=CARTESIAN_POINT('Origin',(-54.5576,-3.75,-2.1902));
#6515=CARTESIAN_POINT('Origin',(-54.5592,-3.728,2.4002));
#6516=CARTESIAN_POINT('',(-54.5592,-3.728,2.1052));
#6517=CARTESIAN_POINT('',(-54.5592,-3.728,2.6952));
#6518=CARTESIAN_POINT('Origin',(-54.5592,-3.728,2.4002));
#6519=CARTESIAN_POINT('',(-54.5592,-3.75,2.10602148276939));
#6520=CARTESIAN_POINT('Origin',(-54.5592,-3.75,2.4002));
#6521=CARTESIAN_POINT('Origin',(-33.87,-3.925,-2.96));
#6522=CARTESIAN_POINT('',(-34.3695,-3.7,-2.96));
#6523=CARTESIAN_POINT('Origin',(-33.87,-3.7,-2.96));
#6524=CARTESIAN_POINT('',(-34.3695,-4.075,-2.96));
#6525=CARTESIAN_POINT('',(-34.3695,-3.925,-2.96));
#6526=CARTESIAN_POINT('Origin',(-33.87,-4.075,-2.96));
#6527=CARTESIAN_POINT('Origin',(-33.87,-3.7,-2.96));
#6528=CARTESIAN_POINT('Origin',(-40.2781,-3.925,-2.96));
#6529=CARTESIAN_POINT('',(-40.77665,-3.7,-2.96));
#6530=CARTESIAN_POINT('Origin',(-40.2781,-3.7,-2.96));
#6531=CARTESIAN_POINT('',(-40.77665,-4.075,-2.96));
#6532=CARTESIAN_POINT('',(-40.77665,-3.925,-2.96));
#6533=CARTESIAN_POINT('Origin',(-40.2781,-4.075,-2.96));
#6534=CARTESIAN_POINT('Origin',(-40.2781,-3.7,-2.96));
#6535=CARTESIAN_POINT('Origin',(-28.57,-3.6,-2.4));
#6536=CARTESIAN_POINT('',(-28.7033716602175,-4.447,-2.29458652718542));
#6537=CARTESIAN_POINT('Origin',(-28.57,-4.447,-2.4));
#6538=CARTESIAN_POINT('',(-28.7033716602175,-4.8,-2.29458652718542));
#6539=CARTESIAN_POINT('',(-28.7033716602175,-3.6,-2.29458652718542));
#6540=CARTESIAN_POINT('Origin',(-28.57,-4.8,-2.4));
#6541=CARTESIAN_POINT('Origin',(-28.57,-4.8,-2.4));
#6542=CARTESIAN_POINT('Origin',(-29.38,-4.8,-2.96));
#6543=CARTESIAN_POINT('Origin',(-28.535,-4.075,-2.565));
#6544=CARTESIAN_POINT('',(-28.72,-4.075,-2.5));
#6545=CARTESIAN_POINT('',(-33.4474837451235,-4.075,-0.838992197659265));
#6546=CARTESIAN_POINT('',(-28.72,-4.447,-2.5));
#6547=CARTESIAN_POINT('',(-28.72,-4.075,-2.5));
#6548=CARTESIAN_POINT('',(-28.8493075422627,-4.447,-2.45456762028608));
#6549=CARTESIAN_POINT('Origin',(-39.68,-4.075,-2.87));
#6550=CARTESIAN_POINT('',(-27.5,-4.075,-3.01));
#6551=CARTESIAN_POINT('',(-26.5,-4.075,-3.01));
#6552=CARTESIAN_POINT('',(-27.5,-4.075,-3.01));
#6553=CARTESIAN_POINT('',(-26.5,-4.075,-1.125));
#6554=CARTESIAN_POINT('',(-26.5,-4.075,-3.01));
#6555=CARTESIAN_POINT('',(-26.86,-4.075,-1.67));
#6556=CARTESIAN_POINT('',(-26.5,-4.075,-1.125));
#6557=CARTESIAN_POINT('',(-27.23,-4.075,-1.87));
#6558=CARTESIAN_POINT('',(-26.86,-4.075,-1.67));
#6559=CARTESIAN_POINT('',(-27.5,-4.075,-1.925));
#6560=CARTESIAN_POINT('',(-27.23,-4.075,-1.87));
#6561=CARTESIAN_POINT('',(-52.86,-4.075,-1.925));
#6562=CARTESIAN_POINT('',(-27.5,-4.075,-1.925));
#6563=CARTESIAN_POINT('',(-52.86,-4.075,-4.615));
#6564=CARTESIAN_POINT('',(-52.86,-4.075,-1.925));
#6565=CARTESIAN_POINT('',(-51.68,-4.075,-4.615));
#6566=CARTESIAN_POINT('',(-52.86,-4.075,-4.615));
#6567=CARTESIAN_POINT('',(-51.68,-4.075,-2.715));
#6568=CARTESIAN_POINT('',(-51.68,-4.075,-4.615));
#6569=CARTESIAN_POINT('',(-42.08,-4.075,-2.715));
#6570=CARTESIAN_POINT('',(-51.68,-4.075,-2.715));
#6571=CARTESIAN_POINT('',(-42.08,-4.075,-4.615));
#6572=CARTESIAN_POINT('',(-42.08,-4.075,-2.715));
#6573=CARTESIAN_POINT('',(-38.465,-4.075,-4.615));
#6574=CARTESIAN_POINT('',(-42.08,-4.075,-4.615));
#6575=CARTESIAN_POINT('',(-38.465,-4.075,-2.715));
#6576=CARTESIAN_POINT('',(-38.465,-4.075,-4.615));
#6577=CARTESIAN_POINT('',(-35.61,-4.075,-2.715));
#6578=CARTESIAN_POINT('',(-38.465,-4.075,-2.715));
#6579=CARTESIAN_POINT('',(-35.61,-4.075,-4.615));
#6580=CARTESIAN_POINT('',(-35.61,-4.075,-2.715));
#6581=CARTESIAN_POINT('',(-33.36,-4.075,-4.615));
#6582=CARTESIAN_POINT('',(-35.61,-4.075,-4.615));
#6583=CARTESIAN_POINT('',(-33.36,-4.075,-3.885));
#6584=CARTESIAN_POINT('',(-33.36,-4.075,-4.615));
#6585=CARTESIAN_POINT('',(-33.275,-4.075,-3.635));
#6586=CARTESIAN_POINT('',(-33.36,-4.075,-3.885));
#6587=CARTESIAN_POINT('',(-33.035,-4.075,-3.38));
#6588=CARTESIAN_POINT('',(-33.275,-4.075,-3.635));
#6589=CARTESIAN_POINT('',(-32.7,-4.075,-3.29));
#6590=CARTESIAN_POINT('',(-33.035,-4.075,-3.38));
#6591=CARTESIAN_POINT('',(-32.37,-4.075,-3.34));
#6592=CARTESIAN_POINT('',(-32.7,-4.075,-3.29));
#6593=CARTESIAN_POINT('',(-32.05,-4.075,-3.635));
#6594=CARTESIAN_POINT('',(-32.37,-4.075,-3.34));
#6595=CARTESIAN_POINT('',(-31.965,-4.075,-3.885));
#6596=CARTESIAN_POINT('',(-32.05,-4.075,-3.635));
#6597=CARTESIAN_POINT('',(-31.965,-4.075,-4.615));
#6598=CARTESIAN_POINT('',(-31.965,-4.075,-3.885));
#6599=CARTESIAN_POINT('',(-31.57,-4.075,-4.615));
#6600=CARTESIAN_POINT('',(-31.965,-4.075,-4.615));
#6601=CARTESIAN_POINT('',(-27.5,-4.075,-3.73));
#6602=CARTESIAN_POINT('',(-31.57,-4.075,-4.615));
#6603=CARTESIAN_POINT('',(-27.5,-4.075,-3.73));
#6604=CARTESIAN_POINT('',(-28.475,-4.075,-2.965));
#6605=CARTESIAN_POINT('',(-28.605250611247,-4.075,-2.09666259168701));
#6606=CARTESIAN_POINT('',(-28.535,-4.075,-3.3));
#6607=CARTESIAN_POINT('',(-28.6708903518239,-4.075,-4.05872113101665));
#6608=CARTESIAN_POINT('',(-28.72,-4.075,-3.59));
#6609=CARTESIAN_POINT('',(-30.1418381576167,-4.075,-5.81882738220998));
#6610=CARTESIAN_POINT('',(-29.,-4.075,-3.79));
#6611=CARTESIAN_POINT('',(-32.3183783783784,-4.075,-6.16027027027027));
#6612=CARTESIAN_POINT('',(-29.35,-4.075,-3.87));
#6613=CARTESIAN_POINT('',(-34.1499418153607,-4.075,-4.96712955779674));
#6614=CARTESIAN_POINT('',(-29.775,-4.075,-3.79));
#6615=CARTESIAN_POINT('',(-34.6416505146371,-4.075,-2.87392460900948));
#6616=CARTESIAN_POINT('',(-30.05,-4.075,-3.59));
#6617=CARTESIAN_POINT('',(-33.3705135135135,-4.075,-1.17508108108109));
#6618=CARTESIAN_POINT('',(-30.235,-4.075,-3.3));
#6619=CARTESIAN_POINT('',(-31.6984465455314,-4.075,-1.00594865835621));
#6620=CARTESIAN_POINT('',(-30.3,-4.075,-2.965));
#6621=CARTESIAN_POINT('',(-30.479043044225,-4.075,-2.04223969514816));
#6622=CARTESIAN_POINT('',(-30.235,-4.075,-2.625));
#6623=CARTESIAN_POINT('',(-30.424107552681,-4.075,-3.61417796786978));
#6624=CARTESIAN_POINT('',(-30.05,-4.075,-2.325));
#6625=CARTESIAN_POINT('',(-31.4983165626887,-4.075,-4.67362145300866));
#6626=CARTESIAN_POINT('',(-29.775,-4.075,-2.13));
#6627=CARTESIAN_POINT('',(-33.2450753409591,-4.075,-4.59059887813462));
#6628=CARTESIAN_POINT('',(-29.44,-4.075,-2.06));
#6629=CARTESIAN_POINT('',(-34.4268879402348,-4.075,-3.10203628601921));
#6630=CARTESIAN_POINT('',(-29.09,-4.075,-2.06));
#6631=CARTESIAN_POINT('',(-34.385,-4.075,-2.06));
#6632=CARTESIAN_POINT('',(-28.79,-4.075,-2.25));
#6633=CARTESIAN_POINT('',(-32.5360745440127,-4.075,0.122513877874711));
#6634=CARTESIAN_POINT('',(-29.0703635014837,-4.075,-1.24870178041543));
#6635=CARTESIAN_POINT('',(-52.68,-4.075,-2.4));
#6636=CARTESIAN_POINT('Origin',(-52.51,-4.075,-2.4));
#6637=CARTESIAN_POINT('',(-46.18,-4.075,-2.4));
#6638=CARTESIAN_POINT('Origin',(-46.01,-4.075,-2.4));
#6639=CARTESIAN_POINT('Origin',(-28.475,-4.075,-2.965));
#6640=CARTESIAN_POINT('',(-28.475,-4.447,-2.965));
#6641=CARTESIAN_POINT('',(-28.4853239608802,-4.447,-2.89617359413203));
#6642=CARTESIAN_POINT('',(-28.475,-4.075,-2.965));
#6643=CARTESIAN_POINT('Origin',(-29.38,-4.447,-2.96));
#6644=CARTESIAN_POINT('',(-28.79,-4.447,-2.25));
#6645=CARTESIAN_POINT('',(-28.6842729970326,-4.447,-2.62759643916914));
#6646=CARTESIAN_POINT('',(-29.09,-4.447,-2.06));
#6647=CARTESIAN_POINT('',(-28.8400793021412,-4.447,-2.21828310864393));
#6648=CARTESIAN_POINT('',(-29.44,-4.447,-2.06));
#6649=CARTESIAN_POINT('',(-29.235,-4.447,-2.06));
#6650=CARTESIAN_POINT('',(-29.775,-4.447,-2.13));
#6651=CARTESIAN_POINT('',(-29.5013511205977,-4.447,-2.07281963713981));
#6652=CARTESIAN_POINT('',(-30.05,-4.447,-2.325));
#6653=CARTESIAN_POINT('',(-29.8393945226573,-4.447,-2.17566157061153));
#6654=CARTESIAN_POINT('',(-30.235,-4.447,-2.625));
#6655=CARTESIAN_POINT('',(-30.0995542362648,-4.447,-2.40535822097001));
#6656=CARTESIAN_POINT('',(-30.3,-4.447,-2.965));
#6657=CARTESIAN_POINT('',(-30.2508194241602,-4.447,-2.70774775714584));
#6658=CARTESIAN_POINT('',(-30.235,-4.447,-3.3));
#6659=CARTESIAN_POINT('',(-30.2837779089738,-4.447,-3.04860616144268));
#6660=CARTESIAN_POINT('',(-30.05,-4.447,-3.59));
#6661=CARTESIAN_POINT('',(-30.1884275301078,-4.447,-3.3730054933446));
#6662=CARTESIAN_POINT('',(-29.775,-4.447,-3.79));
#6663=CARTESIAN_POINT('',(-29.9807297297297,-4.447,-3.64037837837838));
#6664=CARTESIAN_POINT('',(-29.35,-4.447,-3.87));
#6665=CARTESIAN_POINT('',(-29.6597029140489,-4.447,-3.81170298088491));
#6666=CARTESIAN_POINT('',(-29.,-4.447,-3.79));
#6667=CARTESIAN_POINT('',(-29.2654189294026,-4.447,-3.85066718386346));
#6668=CARTESIAN_POINT('',(-28.72,-4.447,-3.59));
#6669=CARTESIAN_POINT('',(-28.929527027027,-4.447,-3.73966216216216));
#6670=CARTESIAN_POINT('',(-28.535,-4.447,-3.3));
#6671=CARTESIAN_POINT('',(-28.6726262412846,-4.447,-3.51573843228396));
#6672=CARTESIAN_POINT('',(-28.5186304770127,-4.447,-3.20860349665444));
#6673=CARTESIAN_POINT('',(-30.329,-4.447,-2.96));
#6674=CARTESIAN_POINT('Origin',(-29.38,-4.447,-2.96));
#6675=CARTESIAN_POINT('Origin',(-29.38,-4.447,-2.96));
#6676=CARTESIAN_POINT('Origin',(-28.57,-3.6,0.8));
#6677=CARTESIAN_POINT('',(-28.74,-2.54,0.8));
#6678=CARTESIAN_POINT('Origin',(-28.57,-2.54,0.8));
#6679=CARTESIAN_POINT('',(-28.74,-4.075,0.8));
#6680=CARTESIAN_POINT('',(-28.74,-3.6,0.8));
#6681=CARTESIAN_POINT('Origin',(-28.57,-4.075,0.8));
#6682=CARTESIAN_POINT('Origin',(-46.01,-3.6,-2.4));
#6683=CARTESIAN_POINT('',(-46.18,-2.54,-2.4));
#6684=CARTESIAN_POINT('Origin',(-46.01,-2.54,-2.4));
#6685=CARTESIAN_POINT('',(-46.18,-3.6,-2.4));
#6686=CARTESIAN_POINT('Origin',(-46.01,-3.6,0.8));
#6687=CARTESIAN_POINT('',(-46.18,-2.54,0.8));
#6688=CARTESIAN_POINT('Origin',(-46.01,-2.54,0.8));
#6689=CARTESIAN_POINT('',(-46.18,-4.075,0.8));
#6690=CARTESIAN_POINT('',(-46.18,-3.6,0.8));
#6691=CARTESIAN_POINT('Origin',(-46.01,-4.075,0.8));
#6692=CARTESIAN_POINT('Origin',(-52.51,-3.6,-2.4));
#6693=CARTESIAN_POINT('',(-52.68,-2.54,-2.4));
#6694=CARTESIAN_POINT('Origin',(-52.51,-2.54,-2.4));
#6695=CARTESIAN_POINT('',(-52.68,-3.6,-2.4));
#6696=CARTESIAN_POINT('Origin',(-52.51,-3.6,0.8));
#6697=CARTESIAN_POINT('',(-52.68,-2.54,0.8));
#6698=CARTESIAN_POINT('Origin',(-52.51,-2.54,0.8));
#6699=CARTESIAN_POINT('',(-52.68,-4.075,0.8));
#6700=CARTESIAN_POINT('',(-52.68,-3.6,0.8));
#6701=CARTESIAN_POINT('Origin',(-52.51,-4.075,0.8));
#6702=CARTESIAN_POINT('Origin',(-28.57,-2.5625,-2.4));
#6703=CARTESIAN_POINT('',(-28.97,-2.585,-2.4));
#6704=CARTESIAN_POINT('Origin',(-28.57,-2.585,-2.4));
#6705=CARTESIAN_POINT('',(-28.97,-2.54,-2.4));
#6706=CARTESIAN_POINT('',(-28.97,-2.5625,-2.4));
#6707=CARTESIAN_POINT('Origin',(-28.57,-2.54,-2.4));
#6708=CARTESIAN_POINT('Origin',(-28.57,-2.54,-2.4));
#6709=CARTESIAN_POINT('Origin',(-28.57,-2.5625,0.8));
#6710=CARTESIAN_POINT('',(-28.97,-2.585,0.8));
#6711=CARTESIAN_POINT('Origin',(-28.57,-2.585,0.8));
#6712=CARTESIAN_POINT('',(-28.97,-2.54,0.8));
#6713=CARTESIAN_POINT('',(-28.97,-2.5625,0.8));
#6714=CARTESIAN_POINT('Origin',(-28.57,-2.54,0.8));
#6715=CARTESIAN_POINT('Origin',(-28.57,-2.54,0.8));
#6716=CARTESIAN_POINT('Origin',(-46.01,-2.5625,-2.4));
#6717=CARTESIAN_POINT('',(-46.41,-2.585,-2.4));
#6718=CARTESIAN_POINT('Origin',(-46.01,-2.585,-2.4));
#6719=CARTESIAN_POINT('',(-46.41,-2.54,-2.4));
#6720=CARTESIAN_POINT('',(-46.41,-2.5625,-2.4));
#6721=CARTESIAN_POINT('Origin',(-46.01,-2.54,-2.4));
#6722=CARTESIAN_POINT('Origin',(-46.01,-2.54,-2.4));
#6723=CARTESIAN_POINT('Origin',(-46.01,-2.5625,0.8));
#6724=CARTESIAN_POINT('',(-46.41,-2.585,0.8));
#6725=CARTESIAN_POINT('Origin',(-46.01,-2.585,0.8));
#6726=CARTESIAN_POINT('',(-46.41,-2.54,0.8));
#6727=CARTESIAN_POINT('',(-46.41,-2.5625,0.8));
#6728=CARTESIAN_POINT('Origin',(-46.01,-2.54,0.8));
#6729=CARTESIAN_POINT('Origin',(-46.01,-2.54,0.8));
#6730=CARTESIAN_POINT('Origin',(-52.51,-2.5625,-2.4));
#6731=CARTESIAN_POINT('',(-52.91,-2.585,-2.4));
#6732=CARTESIAN_POINT('Origin',(-52.51,-2.585,-2.4));
#6733=CARTESIAN_POINT('',(-52.91,-2.54,-2.4));
#6734=CARTESIAN_POINT('',(-52.91,-2.5625,-2.4));
#6735=CARTESIAN_POINT('Origin',(-52.51,-2.54,-2.4));
#6736=CARTESIAN_POINT('Origin',(-52.51,-2.54,-2.4));
#6737=CARTESIAN_POINT('Origin',(-52.51,-2.5625,0.8));
#6738=CARTESIAN_POINT('',(-52.91,-2.585,0.8));
#6739=CARTESIAN_POINT('Origin',(-52.51,-2.585,0.8));
#6740=CARTESIAN_POINT('',(-52.91,-2.54,0.8));
#6741=CARTESIAN_POINT('',(-52.91,-2.5625,0.8));
#6742=CARTESIAN_POINT('Origin',(-52.51,-2.54,0.8));
#6743=CARTESIAN_POINT('Origin',(-52.51,-2.54,0.8));
#6744=CARTESIAN_POINT('Origin',(-29.38,-6.15,-2.96));
#6745=CARTESIAN_POINT('',(-30.179,-6.225,-2.96));
#6746=CARTESIAN_POINT('Origin',(-29.38,-6.225,-2.96));
#6747=CARTESIAN_POINT('',(-30.329,-6.075,-2.96));
#6748=CARTESIAN_POINT('',(-30.254,-6.15,-2.96));
#6749=CARTESIAN_POINT('Origin',(-29.38,-6.075,-2.96));
#6750=CARTESIAN_POINT('Origin',(-29.38,-6.225,-2.96));
#6751=CARTESIAN_POINT('Origin',(-29.38,-5.261,-2.96));
#6752=CARTESIAN_POINT('',(-30.329,-5.261,-2.96));
#6753=CARTESIAN_POINT('Origin',(-28.79,-4.075,-2.25));
#6754=CARTESIAN_POINT('',(-28.79,-4.075,-2.25));
#6755=CARTESIAN_POINT('',(-29.09,-4.075,-2.06));
#6756=CARTESIAN_POINT('Origin',(-28.72,-4.075,-2.5));
#6757=CARTESIAN_POINT('Origin',(-28.535,-4.075,-3.3));
#6758=CARTESIAN_POINT('',(-28.535,-4.075,-3.3));
#6759=CARTESIAN_POINT('Origin',(-28.72,-4.075,-3.59));
#6760=CARTESIAN_POINT('',(-28.72,-4.075,-3.59));
#6761=CARTESIAN_POINT('Origin',(-29.,-4.075,-3.79));
#6762=CARTESIAN_POINT('',(-29.,-4.075,-3.79));
#6763=CARTESIAN_POINT('Origin',(-29.35,-4.075,-3.87));
#6764=CARTESIAN_POINT('',(-29.35,-4.075,-3.87));
#6765=CARTESIAN_POINT('Origin',(-34.2588,-4.163,1.55));
#6766=CARTESIAN_POINT('',(-34.2588,-4.265,1.1065803342205));
#6767=CARTESIAN_POINT('Origin',(-34.2588,-4.265,1.55));
#6768=CARTESIAN_POINT('Origin',(-34.2588,-4.17,1.55));
#6769=CARTESIAN_POINT('',(-35.0288,-4.265,1.55));
#6770=CARTESIAN_POINT('Origin',(-34.2588,-4.265,1.55));
#6771=CARTESIAN_POINT('',(-35.1938,-4.075,1.55));
#6772=CARTESIAN_POINT('',(-35.1113,-4.17,1.55));
#6773=CARTESIAN_POINT('Origin',(-34.2588,-4.075,1.55));
#6774=CARTESIAN_POINT('Origin',(-34.2588,-4.265,1.55));
#6775=CARTESIAN_POINT('Origin',(-40.3088,-4.163,1.55));
#6776=CARTESIAN_POINT('',(-40.3088,-4.265,1.1065803342205));
#6777=CARTESIAN_POINT('Origin',(-40.3088,-4.265,1.55));
#6778=CARTESIAN_POINT('Origin',(-40.3088,-4.17,1.55));
#6779=CARTESIAN_POINT('',(-41.0788,-4.265,1.55));
#6780=CARTESIAN_POINT('Origin',(-40.3088,-4.265,1.55));
#6781=CARTESIAN_POINT('',(-41.2438,-4.075,1.55));
#6782=CARTESIAN_POINT('',(-41.1613,-4.17,1.55));
#6783=CARTESIAN_POINT('Origin',(-40.3088,-4.075,1.55));
#6784=CARTESIAN_POINT('Origin',(-40.3088,-4.265,1.55));
#6785=CARTESIAN_POINT('Origin',(-34.3754,-3.3546,5.63));
#6786=CARTESIAN_POINT('',(-34.3754,-3.45,5.21902743400563));
#6787=CARTESIAN_POINT('Origin',(-34.3754,-3.45,5.63));
#6788=CARTESIAN_POINT('Origin',(-37.2052,-3.3546,5.63));
#6789=CARTESIAN_POINT('',(-37.2052,-3.45,5.21902743400563));
#6790=CARTESIAN_POINT('Origin',(-37.2052,-3.45,5.63));
#6791=CARTESIAN_POINT('Origin',(-40.035,-3.3546,5.63));
#6792=CARTESIAN_POINT('',(-40.035,-3.45,5.21902743400563));
#6793=CARTESIAN_POINT('Origin',(-40.035,-3.45,5.63));
#6794=CARTESIAN_POINT('Origin',(-42.8648,-3.3546,5.63));
#6795=CARTESIAN_POINT('',(-42.8648,-3.45,5.21902743400563));
#6796=CARTESIAN_POINT('Origin',(-42.8648,-3.45,5.63));
#6797=CARTESIAN_POINT('Origin',(-45.6946,-3.3546,5.63));
#6798=CARTESIAN_POINT('',(-45.6946,-3.45,5.21902743400563));
#6799=CARTESIAN_POINT('Origin',(-45.6946,-3.45,5.63));
#6800=CARTESIAN_POINT('Origin',(-48.5244,-3.3546,5.63));
#6801=CARTESIAN_POINT('',(-48.5244,-3.45,5.21902743400563));
#6802=CARTESIAN_POINT('Origin',(-48.5244,-3.45,5.63));
#6803=CARTESIAN_POINT('Origin',(-51.3542,-3.3546,5.63));
#6804=CARTESIAN_POINT('',(-51.3542,-3.45,5.21902743400563));
#6805=CARTESIAN_POINT('Origin',(-51.3542,-3.45,5.63));
#6806=CARTESIAN_POINT('Origin',(-54.184,-3.3546,5.63));
#6807=CARTESIAN_POINT('',(-54.184,-3.45,5.21902743400563));
#6808=CARTESIAN_POINT('Origin',(-54.184,-3.45,5.63));
#6809=CARTESIAN_POINT('Origin',(-28.3876,-3.3546,-5.55));
#6810=CARTESIAN_POINT('',(-28.3876,-3.45,-5.96097256599437));
#6811=CARTESIAN_POINT('Origin',(-28.3876,-3.45,-5.55));
#6812=CARTESIAN_POINT('Origin',(-32.0728,-3.3546,-5.55));
#6813=CARTESIAN_POINT('',(-32.0728,-3.45,-5.96097256599437));
#6814=CARTESIAN_POINT('Origin',(-32.0728,-3.45,-5.55));
#6815=CARTESIAN_POINT('Origin',(-35.758,-3.3546,-5.55));
#6816=CARTESIAN_POINT('',(-35.758,-3.,-5.32139892826148));
#6817=CARTESIAN_POINT('Origin',(-35.758,-3.,-5.55));
#6818=CARTESIAN_POINT('Origin',(-35.758,-3.3546,-5.55));
#6819=CARTESIAN_POINT('',(-35.758,-3.45,-5.96097256599437));
#6820=CARTESIAN_POINT('Origin',(-35.758,-3.45,-5.55));
#6821=CARTESIAN_POINT('Origin',(-39.4432,-3.3546,-5.55));
#6822=CARTESIAN_POINT('',(-39.4432,-3.45,-5.96097256599437));
#6823=CARTESIAN_POINT('Origin',(-39.4432,-3.45,-5.55));
#6824=CARTESIAN_POINT('Origin',(-43.1284,-3.3546,-5.55));
#6825=CARTESIAN_POINT('',(-43.1284,-3.45,-5.96097256599437));
#6826=CARTESIAN_POINT('Origin',(-43.1284,-3.45,-5.55));
#6827=CARTESIAN_POINT('Origin',(-46.8136,-3.3546,-5.55));
#6828=CARTESIAN_POINT('',(-46.8136,-3.45,-5.96097256599437));
#6829=CARTESIAN_POINT('Origin',(-46.8136,-3.45,-5.55));
#6830=CARTESIAN_POINT('Origin',(-50.4988,-3.3546,-5.55));
#6831=CARTESIAN_POINT('',(-50.4988,-3.45,-5.96097256599437));
#6832=CARTESIAN_POINT('Origin',(-50.4988,-3.45,-5.55));
#6833=CARTESIAN_POINT('Origin',(-54.184,-3.3546,-5.55));
#6834=CARTESIAN_POINT('',(-54.184,-3.45,-5.96097256599437));
#6835=CARTESIAN_POINT('Origin',(-54.184,-3.45,-5.55));
#6836=CARTESIAN_POINT('Origin',(-54.5591,-3.5554,-3.96));
#6837=CARTESIAN_POINT('',(-54.5591,-3.75,-4.35395837343557));
#6838=CARTESIAN_POINT('Origin',(-54.5591,-3.75,-3.96));
#6839=CARTESIAN_POINT('Origin',(-54.561,-3.5554,0.4796));
#6840=CARTESIAN_POINT('',(-54.561,-3.75,0.08564162656443));
#6841=CARTESIAN_POINT('Origin',(-54.561,-3.75,0.4796));
#6842=CARTESIAN_POINT('Origin',(-32.6596,-3.5554,-3.9603));
#6843=CARTESIAN_POINT('',(-32.6596,-3.75,-4.35425837343557));
#6844=CARTESIAN_POINT('Origin',(-32.6596,-3.75,-3.9603));
#6845=CARTESIAN_POINT('Origin',(-43.2776,-2.8953,3.7483));
#6846=CARTESIAN_POINT('',(-43.2776,-2.585,3.88230712667616));
#6847=CARTESIAN_POINT('Origin',(-43.2776,-2.585,3.7483));
#6848=CARTESIAN_POINT('Origin',(-43.2776,-2.8953,3.7483));
#6849=CARTESIAN_POINT('',(-43.2776,-3.,3.42692496985609));
#6850=CARTESIAN_POINT('Origin',(-43.2776,-3.,3.7483));
#6851=CARTESIAN_POINT('Origin',(-38.191,-2.8953,3.752));
#6852=CARTESIAN_POINT('',(-38.191,-2.585,3.88600712667616));
#6853=CARTESIAN_POINT('Origin',(-38.191,-2.585,3.752));
#6854=CARTESIAN_POINT('Origin',(-38.191,-2.8953,3.752));
#6855=CARTESIAN_POINT('',(-38.191,-3.,3.43062496985609));
#6856=CARTESIAN_POINT('Origin',(-38.191,-3.,3.752));
#6857=CARTESIAN_POINT('Origin',(-35.6486,-2.8953,3.7484));
#6858=CARTESIAN_POINT('',(-35.6486,-2.585,3.88240712667616));
#6859=CARTESIAN_POINT('Origin',(-35.6486,-2.585,3.7484));
#6860=CARTESIAN_POINT('Origin',(-35.6486,-2.8953,3.7484));
#6861=CARTESIAN_POINT('',(-35.6486,-3.,3.42702496985609));
#6862=CARTESIAN_POINT('Origin',(-35.6486,-3.,3.7484));
#6863=CARTESIAN_POINT('Origin',(-40.731,-2.8953,3.7502));
#6864=CARTESIAN_POINT('',(-40.731,-2.585,3.88420712667616));
#6865=CARTESIAN_POINT('Origin',(-40.731,-2.585,3.7502));
#6866=CARTESIAN_POINT('Origin',(-40.731,-2.8953,3.7502));
#6867=CARTESIAN_POINT('',(-40.731,-3.,3.42882496985609));
#6868=CARTESIAN_POINT('Origin',(-40.731,-3.,3.7502));
#6869=CARTESIAN_POINT('Origin',(-29.775,-4.075,-3.79));
#6870=CARTESIAN_POINT('',(-29.775,-4.075,-3.79));
#6871=CARTESIAN_POINT('Origin',(-30.05,-4.075,-3.59));
#6872=CARTESIAN_POINT('',(-30.05,-4.075,-3.59));
#6873=CARTESIAN_POINT('Origin',(-30.235,-4.075,-3.3));
#6874=CARTESIAN_POINT('',(-30.235,-4.075,-3.3));
#6875=CARTESIAN_POINT('Origin',(-30.3,-4.075,-2.965));
#6876=CARTESIAN_POINT('',(-30.3,-4.075,-2.965));
#6877=CARTESIAN_POINT('Origin',(-30.235,-4.075,-2.625));
#6878=CARTESIAN_POINT('',(-30.235,-4.075,-2.625));
#6879=CARTESIAN_POINT('Origin',(-30.05,-4.075,-2.325));
#6880=CARTESIAN_POINT('',(-30.05,-4.075,-2.325));
#6881=CARTESIAN_POINT('Origin',(-29.775,-4.075,-2.13));
#6882=CARTESIAN_POINT('',(-29.775,-4.075,-2.13));
#6883=CARTESIAN_POINT('Origin',(-29.44,-4.075,-2.06));
#6884=CARTESIAN_POINT('',(-29.44,-4.075,-2.06));
#6885=CARTESIAN_POINT('Origin',(-29.09,-4.075,-2.06));
#6886=CARTESIAN_POINT('Origin',(-39.68,-3.75,-2.87));
#6887=CARTESIAN_POINT('',(-27.5,-3.75,-3.01));
#6888=CARTESIAN_POINT('',(-27.5,-3.75,-3.));
#6889=CARTESIAN_POINT('',(-27.5,-3.75,-3.));
#6890=CARTESIAN_POINT('',(-26.5,-3.75,-3.));
#6891=CARTESIAN_POINT('',(-26.5,-3.75,-3.));
#6892=CARTESIAN_POINT('',(-26.5,-3.75,-3.01));
#6893=CARTESIAN_POINT('',(-26.5,-3.75,-3.01));
#6894=CARTESIAN_POINT('',(-27.5,-3.75,-3.01));
#6895=CARTESIAN_POINT('Origin',(-39.68,-3.75,-2.87));
#6896=CARTESIAN_POINT('',(-52.86,-3.75,-4.6));
#6897=CARTESIAN_POINT('',(-51.68,-3.75,-4.6));
#6898=CARTESIAN_POINT('',(-51.265,-3.75,-4.6));
#6899=CARTESIAN_POINT('',(-51.68,-3.75,-4.615));
#6900=CARTESIAN_POINT('',(-51.68,-3.75,-4.615));
#6901=CARTESIAN_POINT('',(-52.86,-3.75,-4.615));
#6902=CARTESIAN_POINT('',(-52.86,-3.75,-4.615));
#6903=CARTESIAN_POINT('',(-52.86,-3.75,-1.925));
#6904=CARTESIAN_POINT('Origin',(-39.68,-3.75,-2.87));
#6905=CARTESIAN_POINT('',(-42.5,-3.75,-2.71));
#6906=CARTESIAN_POINT('',(-42.5,-3.75,-2.715));
#6907=CARTESIAN_POINT('',(-42.5,-3.75,-4.6));
#6908=CARTESIAN_POINT('',(-51.265,-3.75,-2.715));
#6909=CARTESIAN_POINT('',(-51.68,-3.75,-2.715));
#6910=CARTESIAN_POINT('',(-51.265,-3.75,-2.71));
#6911=CARTESIAN_POINT('',(-51.265,-3.75,-2.71));
#6912=CARTESIAN_POINT('',(-42.5,-3.75,-2.71));
#6913=CARTESIAN_POINT('Origin',(-39.68,-3.75,-2.87));
#6914=CARTESIAN_POINT('',(-31.965,-3.75,-4.6));
#6915=CARTESIAN_POINT('',(-31.55,-3.75,-4.6));
#6916=CARTESIAN_POINT('',(-31.55,-3.75,-4.6));
#6917=CARTESIAN_POINT('',(-27.5,-3.75,-3.725));
#6918=CARTESIAN_POINT('',(-27.5,-3.75,-3.725));
#6919=CARTESIAN_POINT('',(-27.5,-3.75,-3.73));
#6920=CARTESIAN_POINT('',(-27.5,-3.75,-3.73));
#6921=CARTESIAN_POINT('',(-31.57,-3.75,-4.615));
#6922=CARTESIAN_POINT('',(-31.57,-3.75,-4.615));
#6923=CARTESIAN_POINT('',(-31.965,-3.75,-4.615));
#6924=CARTESIAN_POINT('',(-31.965,-3.75,-4.615));
#6925=CARTESIAN_POINT('',(-31.965,-3.75,-3.885));
#6926=CARTESIAN_POINT('Origin',(-39.68,-3.75,-2.87));
#6927=CARTESIAN_POINT('',(-42.08,-3.75,-4.6));
#6928=CARTESIAN_POINT('',(-38.465,-3.75,-4.6));
#6929=CARTESIAN_POINT('',(-38.05,-3.75,-4.6));
#6930=CARTESIAN_POINT('',(-38.465,-3.75,-4.615));
#6931=CARTESIAN_POINT('',(-38.465,-3.75,-4.615));
#6932=CARTESIAN_POINT('',(-42.08,-3.75,-4.615));
#6933=CARTESIAN_POINT('',(-42.08,-3.75,-4.615));
#6934=CARTESIAN_POINT('',(-42.08,-3.75,-2.715));
#6935=CARTESIAN_POINT('Origin',(-39.68,-3.75,-2.87));
#6936=CARTESIAN_POINT('',(-36.06,-3.75,-2.71));
#6937=CARTESIAN_POINT('',(-36.06,-3.75,-2.715));
#6938=CARTESIAN_POINT('',(-36.06,-3.75,-4.6));
#6939=CARTESIAN_POINT('',(-38.05,-3.75,-2.715));
#6940=CARTESIAN_POINT('',(-38.465,-3.75,-2.715));
#6941=CARTESIAN_POINT('',(-38.05,-3.75,-2.71));
#6942=CARTESIAN_POINT('',(-38.05,-3.75,-2.71));
#6943=CARTESIAN_POINT('',(-36.06,-3.75,-2.71));
#6944=CARTESIAN_POINT('Origin',(-31.57,-3.75,-4.615));
#6945=CARTESIAN_POINT('',(-27.5,-3.75,-3.73));
#6946=CARTESIAN_POINT('',(-31.57,-3.75,-4.615));
#6947=CARTESIAN_POINT('Origin',(-31.965,-3.75,-4.615));
#6948=CARTESIAN_POINT('',(-31.965,-3.75,-4.615));
#6949=CARTESIAN_POINT('Origin',(-31.965,-3.75,-3.885));
#6950=CARTESIAN_POINT('',(-31.965,-3.75,-3.885));
#6951=CARTESIAN_POINT('',(-31.965,-3.75,-2.3375));
#6952=CARTESIAN_POINT('',(-31.965,-3.75,-3.885));
#6953=CARTESIAN_POINT('Origin',(-32.05,-3.75,-3.635));
#6954=CARTESIAN_POINT('',(-32.05,-3.75,-3.635));
#6955=CARTESIAN_POINT('',(-32.9427057188957,-3.75,-1.00939494442452));
#6956=CARTESIAN_POINT('',(-32.05,-3.75,-3.635));
#6957=CARTESIAN_POINT('Origin',(-32.37,-3.75,-3.34));
#6958=CARTESIAN_POINT('',(-32.37,-3.75,-3.34));
#6959=CARTESIAN_POINT('',(-35.3143632044345,-3.75,-0.625665170911969));
#6960=CARTESIAN_POINT('',(-32.37,-3.75,-3.34));
#6961=CARTESIAN_POINT('Origin',(-32.7,-3.75,-3.29));
#6962=CARTESIAN_POINT('',(-32.7,-3.75,-3.29));
#6963=CARTESIAN_POINT('',(-36.8992425942549,-3.75,-2.6537511220826));
#6964=CARTESIAN_POINT('',(-32.7,-3.75,-3.29));
#6965=CARTESIAN_POINT('Origin',(-33.035,-3.75,-3.38));
#6966=CARTESIAN_POINT('',(-33.035,-3.75,-3.38));
#6967=CARTESIAN_POINT('',(-36.3841125597341,-3.75,-4.27976158321213));
#6968=CARTESIAN_POINT('',(-33.035,-3.75,-3.38));
#6969=CARTESIAN_POINT('Origin',(-33.275,-3.75,-3.635));
#6970=CARTESIAN_POINT('',(-33.275,-3.75,-3.635));
#6971=CARTESIAN_POINT('',(-34.3588165137614,-3.75,-4.78655504587154));
#6972=CARTESIAN_POINT('',(-33.275,-3.75,-3.635));
#6973=CARTESIAN_POINT('Origin',(-33.36,-3.75,-3.885));
#6974=CARTESIAN_POINT('',(-33.36,-3.75,-3.885));
#6975=CARTESIAN_POINT('',(-33.2796705808534,-3.75,-3.64873700250987));
#6976=CARTESIAN_POINT('',(-33.36,-3.75,-3.885));
#6977=CARTESIAN_POINT('Origin',(-33.36,-3.75,-4.615));
#6978=CARTESIAN_POINT('',(-33.36,-3.75,-4.615));
#6979=CARTESIAN_POINT('',(-33.36,-3.75,-4.6));
#6980=CARTESIAN_POINT('',(-33.36,-3.75,-4.615));
#6981=CARTESIAN_POINT('',(-33.36,-3.75,-2.7025));
#6982=CARTESIAN_POINT('',(-33.36,-3.75,-4.615));
#6983=CARTESIAN_POINT('Origin',(-35.61,-3.75,-4.615));
#6984=CARTESIAN_POINT('',(-35.61,-3.75,-4.615));
#6985=CARTESIAN_POINT('',(-35.61,-3.75,-4.615));
#6986=CARTESIAN_POINT('',(-35.61,-3.75,-4.615));
#6987=CARTESIAN_POINT('Origin',(-35.61,-3.75,-2.715));
#6988=CARTESIAN_POINT('',(-35.61,-3.75,-4.6));
#6989=CARTESIAN_POINT('',(-35.61,-3.75,-2.715));
#6990=CARTESIAN_POINT('',(-35.61,-3.75,-1.7525));
#6991=CARTESIAN_POINT('',(-35.61,-3.75,-2.715));
#6992=CARTESIAN_POINT('',(-35.61,-3.75,-2.715));
#6993=CARTESIAN_POINT('Origin',(-38.465,-3.75,-2.715));
#6994=CARTESIAN_POINT('',(-38.465,-3.75,-2.715));
#6995=CARTESIAN_POINT('',(-39.68875,-3.75,-2.715));
#6996=CARTESIAN_POINT('',(-39.68875,-3.75,-2.715));
#6997=CARTESIAN_POINT('',(-38.465,-3.75,-2.715));
#6998=CARTESIAN_POINT('Origin',(-38.465,-3.75,-4.615));
#6999=CARTESIAN_POINT('',(-38.465,-3.75,-2.7025));
#7000=CARTESIAN_POINT('',(-38.465,-3.75,-4.615));
#7001=CARTESIAN_POINT('Origin',(-42.08,-3.75,-4.615));
#7002=CARTESIAN_POINT('',(-42.08,-3.75,-4.615));
#7003=CARTESIAN_POINT('Origin',(-42.08,-3.75,-2.715));
#7004=CARTESIAN_POINT('',(-42.08,-3.75,-2.715));
#7005=CARTESIAN_POINT('',(-42.08,-3.75,-1.7525));
#7006=CARTESIAN_POINT('',(-42.08,-3.75,-2.715));
#7007=CARTESIAN_POINT('Origin',(-51.68,-3.75,-2.715));
#7008=CARTESIAN_POINT('',(-51.68,-3.75,-2.715));
#7009=CARTESIAN_POINT('',(-46.29625,-3.75,-2.715));
#7010=CARTESIAN_POINT('',(-46.29625,-3.75,-2.715));
#7011=CARTESIAN_POINT('',(-51.68,-3.75,-2.715));
#7012=CARTESIAN_POINT('Origin',(-51.68,-3.75,-4.615));
#7013=CARTESIAN_POINT('',(-51.68,-3.75,-2.7025));
#7014=CARTESIAN_POINT('',(-51.68,-3.75,-4.615));
#7015=CARTESIAN_POINT('Origin',(-52.86,-3.75,-4.615));
#7016=CARTESIAN_POINT('',(-52.86,-3.75,-4.615));
#7017=CARTESIAN_POINT('Origin',(-52.86,-3.75,-1.925));
#7018=CARTESIAN_POINT('',(-52.86,-3.75,-1.925));
#7019=CARTESIAN_POINT('',(-52.86,-3.75,-1.3575));
#7020=CARTESIAN_POINT('',(-52.86,-3.75,-1.925));
#7021=CARTESIAN_POINT('Origin',(-27.5,-3.75,-3.01));
#7022=CARTESIAN_POINT('',(-26.5,-3.75,-3.01));
#7023=CARTESIAN_POINT('',(-27.5,-3.75,-3.01));
#7024=CARTESIAN_POINT('Origin',(-39.68,-3.75,-2.87));
#7025=CARTESIAN_POINT('',(-31.55,-3.75,-4.6));
#7026=CARTESIAN_POINT('Origin',(-40.9125,-3.75,-0.79));
#7027=CARTESIAN_POINT('',(-51.265,-3.75,-4.6));
#7028=CARTESIAN_POINT('',(-51.265,-3.75,-4.6));
#7029=CARTESIAN_POINT('',(-51.265,-3.75,-2.71));
#7030=CARTESIAN_POINT('Origin',(-40.9125,-3.75,-0.79));
#7031=CARTESIAN_POINT('',(-53.465,-3.75,-1.925));
#7032=CARTESIAN_POINT('',(-53.465,-3.75,-1.925));
#7033=CARTESIAN_POINT('',(-53.86,-3.75,-1.835));
#7034=CARTESIAN_POINT('',(-53.86,-3.75,-1.835));
#7035=CARTESIAN_POINT('',(-54.11,-3.75,-1.67));
#7036=CARTESIAN_POINT('',(-54.11,-3.75,-1.67));
#7037=CARTESIAN_POINT('',(-54.415,-3.75,-1.215));
#7038=CARTESIAN_POINT('',(-54.415,-3.75,-1.215));
#7039=CARTESIAN_POINT('',(-54.415,-3.75,-0.135));
#7040=CARTESIAN_POINT('',(-54.415,-3.75,-0.135));
#7041=CARTESIAN_POINT('',(-53.985,-3.75,0.15));
#7042=CARTESIAN_POINT('',(-53.985,-3.75,0.15));
#7043=CARTESIAN_POINT('',(-53.465,-3.75,0.33));
#7044=CARTESIAN_POINT('',(-53.465,-3.75,0.33));
#7045=CARTESIAN_POINT('',(-52.86,-3.75,0.33));
#7046=CARTESIAN_POINT('',(-27.5,-3.75,0.33));
#7047=CARTESIAN_POINT('',(-52.86,-3.75,3.02));
#7048=CARTESIAN_POINT('',(-52.86,-3.75,1.115));
#7049=CARTESIAN_POINT('',(-55.035,-3.75,3.02));
#7050=CARTESIAN_POINT('',(-55.035,-3.75,3.02));
#7051=CARTESIAN_POINT('',(-55.235,-3.75,2.95));
#7052=CARTESIAN_POINT('',(-55.235,-3.75,2.95));
#7053=CARTESIAN_POINT('',(-55.325,-3.75,2.815));
#7054=CARTESIAN_POINT('',(-55.325,-3.75,2.815));
#7055=CARTESIAN_POINT('',(-55.325,-3.75,-4.415));
#7056=CARTESIAN_POINT('',(-55.325,-3.75,-4.415));
#7057=CARTESIAN_POINT('',(-55.15,-3.75,-4.6));
#7058=CARTESIAN_POINT('',(-55.15,-3.75,-4.6));
#7059=CARTESIAN_POINT('',(-51.265,-3.75,-4.6));
#7060=CARTESIAN_POINT('Origin',(-40.9125,-3.75,-0.79));
#7061=CARTESIAN_POINT('',(-42.5,-3.75,-4.6));
#7062=CARTESIAN_POINT('',(-42.5,-3.75,-4.6));
#7063=CARTESIAN_POINT('',(-38.05,-3.75,-4.6));
#7064=CARTESIAN_POINT('Origin',(-40.9125,-3.75,-0.79));
#7065=CARTESIAN_POINT('',(-38.05,-3.75,-4.6));
#7066=CARTESIAN_POINT('',(-38.05,-3.75,-4.6));
#7067=CARTESIAN_POINT('',(-38.05,-3.75,-2.71));
#7068=CARTESIAN_POINT('Origin',(-40.9125,-3.75,-0.79));
#7069=CARTESIAN_POINT('',(-36.06,-3.75,-4.6));
#7070=CARTESIAN_POINT('',(-36.06,-3.75,-4.6));
#7071=CARTESIAN_POINT('',(-31.55,-3.75,-4.6));
#7072=CARTESIAN_POINT('Origin',(-52.86,-3.75,3.02));
#7073=CARTESIAN_POINT('',(-52.86,-4.075,0.33));
#7074=CARTESIAN_POINT('',(-52.86,-3.75,0.33));
#7075=CARTESIAN_POINT('',(-52.86,-4.075,3.02));
#7076=CARTESIAN_POINT('',(-52.86,-4.075,0.33));
#7077=CARTESIAN_POINT('',(-52.86,-3.75,3.02));
#7078=CARTESIAN_POINT('Origin',(-51.68,-3.75,1.11));
#7079=CARTESIAN_POINT('',(-51.68,-3.75,3.02));
#7080=CARTESIAN_POINT('',(-51.68,-3.75,1.11));
#7081=CARTESIAN_POINT('',(-51.68,-3.75,0.16));
#7082=CARTESIAN_POINT('',(-51.68,-4.075,3.02));
#7083=CARTESIAN_POINT('',(-51.68,-3.75,3.02));
#7084=CARTESIAN_POINT('',(-51.68,-4.075,1.11));
#7085=CARTESIAN_POINT('',(-51.68,-4.075,3.02));
#7086=CARTESIAN_POINT('',(-51.68,-3.75,1.11));
#7087=CARTESIAN_POINT('Origin',(-42.08,-3.75,3.02));
#7088=CARTESIAN_POINT('',(-42.08,-3.75,1.11));
#7089=CARTESIAN_POINT('',(-42.08,-3.75,3.02));
#7090=CARTESIAN_POINT('',(-42.08,-3.75,1.115));
#7091=CARTESIAN_POINT('',(-42.08,-4.075,1.11));
#7092=CARTESIAN_POINT('',(-42.08,-3.75,1.11));
#7093=CARTESIAN_POINT('',(-42.08,-4.075,3.02));
#7094=CARTESIAN_POINT('',(-42.08,-4.075,1.11));
#7095=CARTESIAN_POINT('',(-42.08,-3.75,3.02));
#7096=CARTESIAN_POINT('Origin',(-38.465,-3.75,1.11));
#7097=CARTESIAN_POINT('',(-38.465,-3.75,3.02));
#7098=CARTESIAN_POINT('',(-38.465,-3.75,1.11));
#7099=CARTESIAN_POINT('',(-38.465,-3.75,0.16));
#7100=CARTESIAN_POINT('',(-38.465,-4.075,3.02));
#7101=CARTESIAN_POINT('',(-38.465,-3.75,3.02));
#7102=CARTESIAN_POINT('',(-38.465,-4.075,1.11));
#7103=CARTESIAN_POINT('',(-38.465,-4.075,3.02));
#7104=CARTESIAN_POINT('',(-38.465,-3.75,1.11));
#7105=CARTESIAN_POINT('Origin',(-35.61,-3.75,3.02));
#7106=CARTESIAN_POINT('',(-35.61,-3.75,1.11));
#7107=CARTESIAN_POINT('',(-35.61,-3.75,3.02));
#7108=CARTESIAN_POINT('',(-35.61,-3.75,1.115));
#7109=CARTESIAN_POINT('',(-35.61,-4.075,1.11));
#7110=CARTESIAN_POINT('',(-35.61,-3.75,1.11));
#7111=CARTESIAN_POINT('',(-35.61,-4.075,3.02));
#7112=CARTESIAN_POINT('',(-35.61,-4.075,1.11));
#7113=CARTESIAN_POINT('',(-35.61,-3.75,3.02));
#7114=CARTESIAN_POINT('Origin',(-33.36,-3.75,2.28));
#7115=CARTESIAN_POINT('',(-33.36,-3.75,3.02));
#7116=CARTESIAN_POINT('',(-33.36,-3.75,2.28));
#7117=CARTESIAN_POINT('',(-33.36,-3.75,0.745));
#7118=CARTESIAN_POINT('',(-33.36,-4.075,3.02));
#7119=CARTESIAN_POINT('',(-33.36,-3.75,3.02));
#7120=CARTESIAN_POINT('',(-33.36,-4.075,2.28));
#7121=CARTESIAN_POINT('',(-33.36,-4.075,3.02));
#7122=CARTESIAN_POINT('',(-33.36,-3.75,2.28));
#7123=CARTESIAN_POINT('Origin',(-33.275,-3.75,2.04));
#7124=CARTESIAN_POINT('',(-33.275,-3.75,2.04));
#7125=CARTESIAN_POINT('',(-33.2553234670266,-3.75,1.98444273042809));
#7126=CARTESIAN_POINT('',(-33.275,-4.075,2.04));
#7127=CARTESIAN_POINT('',(-33.36,-4.075,2.28));
#7128=CARTESIAN_POINT('',(-33.275,-3.75,2.04));
#7129=CARTESIAN_POINT('Origin',(-33.035,-3.75,1.785));
#7130=CARTESIAN_POINT('',(-33.035,-3.75,1.785));
#7131=CARTESIAN_POINT('',(-34.2425596330275,-3.75,3.06803211009173));
#7132=CARTESIAN_POINT('',(-33.035,-4.075,1.785));
#7133=CARTESIAN_POINT('',(-33.275,-4.075,2.04));
#7134=CARTESIAN_POINT('',(-33.035,-3.75,1.785));
#7135=CARTESIAN_POINT('Origin',(-32.7,-3.75,1.69));
#7136=CARTESIAN_POINT('',(-32.7,-3.75,1.69));
#7137=CARTESIAN_POINT('',(-36.1751414948454,-3.75,2.67548788659794));
#7138=CARTESIAN_POINT('',(-32.7,-4.075,1.69));
#7139=CARTESIAN_POINT('',(-33.035,-4.075,1.785));
#7140=CARTESIAN_POINT('',(-32.7,-3.75,1.69));
#7141=CARTESIAN_POINT('Origin',(-32.37,-3.75,1.74));
#7142=CARTESIAN_POINT('',(-32.37,-3.75,1.74));
#7143=CARTESIAN_POINT('',(-36.7327614452424,-3.75,1.07897553859965));
#7144=CARTESIAN_POINT('',(-32.37,-4.075,1.74));
#7145=CARTESIAN_POINT('',(-32.7,-4.075,1.69));
#7146=CARTESIAN_POINT('',(-32.37,-3.75,1.74));
#7147=CARTESIAN_POINT('Origin',(-32.05,-3.75,2.04));
#7148=CARTESIAN_POINT('',(-32.05,-3.75,2.04));
#7149=CARTESIAN_POINT('',(-35.1144490644491,-3.75,-0.832920997920999));
#7150=CARTESIAN_POINT('',(-32.05,-4.075,2.04));
#7151=CARTESIAN_POINT('',(-32.37,-4.075,1.74));
#7152=CARTESIAN_POINT('',(-32.05,-3.75,2.04));
#7153=CARTESIAN_POINT('Origin',(-31.965,-3.75,2.28));
#7154=CARTESIAN_POINT('',(-31.965,-3.75,2.28));
#7155=CARTESIAN_POINT('',(-32.9466713266487,-3.75,-0.491777863478604));
#7156=CARTESIAN_POINT('',(-31.965,-4.075,2.28));
#7157=CARTESIAN_POINT('',(-32.05,-4.075,2.04));
#7158=CARTESIAN_POINT('',(-31.965,-3.75,2.28));
#7159=CARTESIAN_POINT('Origin',(-31.965,-3.75,3.02));
#7160=CARTESIAN_POINT('',(-31.965,-3.75,3.02));
#7161=CARTESIAN_POINT('',(-31.965,-3.75,1.115));
#7162=CARTESIAN_POINT('',(-31.965,-4.075,3.02));
#7163=CARTESIAN_POINT('',(-31.965,-4.075,2.28));
#7164=CARTESIAN_POINT('',(-31.965,-3.75,3.02));
#7165=CARTESIAN_POINT('Origin',(-26.5,-3.75,2.28));
#7166=CARTESIAN_POINT('',(-29.88,-3.75,3.02));
#7167=CARTESIAN_POINT('',(-29.0331180400889,-3.75,2.83458797327391));
#7168=CARTESIAN_POINT('',(-33.0559422402272,-3.75,3.71532463247578));
#7169=CARTESIAN_POINT('',(-29.88,-4.075,3.02));
#7170=CARTESIAN_POINT('',(-29.88,-3.75,3.02));
#7171=CARTESIAN_POINT('',(-26.5,-4.075,2.28));
#7172=CARTESIAN_POINT('',(-29.88,-4.075,3.02));
#7173=CARTESIAN_POINT('',(-26.5,-3.75,2.28));
#7174=CARTESIAN_POINT('',(-26.5,-3.75,2.28));
#7175=CARTESIAN_POINT('',(-29.88,-3.75,3.02));
#7176=CARTESIAN_POINT('Origin',(-39.68,-3.75,1.675));
#7177=CARTESIAN_POINT('',(-26.5,-3.75,2.27));
#7178=CARTESIAN_POINT('',(-29.865,-3.75,3.02));
#7179=CARTESIAN_POINT('',(-26.5,-3.75,2.28));
#7180=CARTESIAN_POINT('Origin',(-39.68,-4.075,1.675));
#7181=CARTESIAN_POINT('',(-27.5,-4.075,0.33));
#7182=CARTESIAN_POINT('',(-27.5,-4.075,2.));
#7183=CARTESIAN_POINT('',(-27.5,-4.075,2.));
#7184=CARTESIAN_POINT('',(-26.5,-4.075,2.));
#7185=CARTESIAN_POINT('',(-26.5,-4.075,2.));
#7186=CARTESIAN_POINT('',(-26.5,-4.075,2.28));
#7187=CARTESIAN_POINT('',(-31.965,-4.075,3.02));
#7188=CARTESIAN_POINT('',(-35.61,-4.075,3.02));
#7189=CARTESIAN_POINT('',(-38.465,-4.075,1.11));
#7190=CARTESIAN_POINT('',(-42.08,-4.075,3.02));
#7191=CARTESIAN_POINT('',(-51.68,-4.075,1.11));
#7192=CARTESIAN_POINT('',(-52.86,-4.075,3.02));
#7193=CARTESIAN_POINT('',(-27.5,-4.075,0.33));
#7194=CARTESIAN_POINT('Origin',(-40.9125,-3.75,-0.79));
#7195=CARTESIAN_POINT('',(-36.06,-3.75,3.02));
#7196=CARTESIAN_POINT('Origin',(-40.9125,-3.75,-0.79));
#7197=CARTESIAN_POINT('',(-29.865,-3.75,3.02));
#7198=CARTESIAN_POINT('',(-29.865,-3.75,3.02));
#7199=CARTESIAN_POINT('',(-36.06,-3.75,3.02));
#7200=CARTESIAN_POINT('Origin',(-40.9125,-3.75,-0.79));
#7201=CARTESIAN_POINT('',(-31.55,-3.75,-4.6));
#7202=CARTESIAN_POINT('Origin',(-40.9125,-3.75,-0.79));
#7203=CARTESIAN_POINT('',(-51.265,-3.75,1.11));
#7204=CARTESIAN_POINT('',(-41.49625,-3.75,1.11));
#7205=CARTESIAN_POINT('',(-51.265,-3.75,3.02));
#7206=CARTESIAN_POINT('',(-51.265,-3.75,3.02));
#7207=CARTESIAN_POINT('',(-55.035,-3.75,3.02));
#7208=CARTESIAN_POINT('Origin',(-40.9125,-3.75,-0.79));
#7209=CARTESIAN_POINT('',(-42.5,-3.75,3.02));
#7210=CARTESIAN_POINT('',(-42.5,-3.75,3.02));
#7211=CARTESIAN_POINT('',(-42.5,-3.75,1.11));
#7212=CARTESIAN_POINT('',(-42.5,-3.75,1.11));
#7213=CARTESIAN_POINT('',(-41.49625,-3.75,1.11));
#7214=CARTESIAN_POINT('Origin',(-40.9125,-3.75,-0.79));
#7215=CARTESIAN_POINT('',(-38.05,-3.75,1.11));
#7216=CARTESIAN_POINT('',(-38.26125,-3.75,1.11));
#7217=CARTESIAN_POINT('',(-38.05,-3.75,3.02));
#7218=CARTESIAN_POINT('',(-38.05,-3.75,3.02));
#7219=CARTESIAN_POINT('',(-42.5,-3.75,3.02));
#7220=CARTESIAN_POINT('Origin',(-40.9125,-3.75,-0.79));
#7221=CARTESIAN_POINT('',(-36.06,-3.75,1.11));
#7222=CARTESIAN_POINT('',(-38.26125,-3.75,1.11));
#7223=CARTESIAN_POINT('',(-36.06,-3.75,3.02));
#7224=CARTESIAN_POINT('',(-36.06,-3.75,3.02));
#7225=CARTESIAN_POINT('',(-36.06,-3.75,1.11));
#7226=CARTESIAN_POINT('Origin',(-40.9125,-3.45,-0.79));
#7227=CARTESIAN_POINT('',(-53.74,-3.45,-1.87));
#7228=CARTESIAN_POINT('',(-53.7644912472648,-3.45,-1.85676148796499));
#7229=CARTESIAN_POINT('',(-53.74,-3.45,-1.87));
#7230=CARTESIAN_POINT('',(-53.5679620853081,-3.45,-1.90154028436019));
#7231=CARTESIAN_POINT('',(-53.86,-3.45,-1.835));
#7232=CARTESIAN_POINT('',(-53.44,-3.45,-1.925));
#7233=CARTESIAN_POINT('Origin',(-40.9125,-3.45,-0.79));
#7234=CARTESIAN_POINT('',(-54.44,-3.45,-0.38));
#7235=CARTESIAN_POINT('',(-54.415,-3.45,-0.340555555555558));
#7236=CARTESIAN_POINT('',(-54.44,-3.45,-0.38));
#7237=CARTESIAN_POINT('',(-54.415,-3.45,-1.215));
#7238=CARTESIAN_POINT('',(-54.415,-3.45,-0.135));
#7239=CARTESIAN_POINT('',(-54.11,-3.45,-1.67));
#7240=CARTESIAN_POINT('',(-54.415,-3.45,-1.215));
#7241=CARTESIAN_POINT('',(-54.38,-3.45,-1.34));
#7242=CARTESIAN_POINT('',(-54.11,-3.45,-1.67));
#7243=CARTESIAN_POINT('',(-54.51,-3.45,-0.94));
#7244=CARTESIAN_POINT('',(-54.38,-3.45,-1.34));
#7245=CARTESIAN_POINT('',(-54.51,-3.45,-0.65));
#7246=CARTESIAN_POINT('',(-54.51,-3.45,-0.94));
#7247=CARTESIAN_POINT('',(-54.51,-3.45,-0.65));
#7248=CARTESIAN_POINT('Origin',(-36.06,-3.45,-4.6));
#7249=CARTESIAN_POINT('',(-31.55,-3.45,-4.6));
#7250=CARTESIAN_POINT('',(-36.06,-3.45,-4.6));
#7251=CARTESIAN_POINT('',(-38.67,-3.45,-4.6));
#7252=CARTESIAN_POINT('',(-31.55,-3.45,-4.6));
#7253=CARTESIAN_POINT('',(-36.06,-3.45,-4.6));
#7254=CARTESIAN_POINT('Origin',(-36.06,-3.45,-2.71));
#7255=CARTESIAN_POINT('',(-36.06,-3.45,-2.71));
#7256=CARTESIAN_POINT('',(-36.06,-3.45,-1.3225));
#7257=CARTESIAN_POINT('',(-36.06,-3.45,-2.71));
#7258=CARTESIAN_POINT('Origin',(-38.05,-3.45,-2.71));
#7259=CARTESIAN_POINT('',(-38.05,-3.45,-2.71));
#7260=CARTESIAN_POINT('',(-39.665,-3.45,-2.71));
#7261=CARTESIAN_POINT('',(-38.05,-3.45,-2.71));
#7262=CARTESIAN_POINT('Origin',(-38.05,-3.45,-4.6));
#7263=CARTESIAN_POINT('',(-38.05,-3.45,-4.6));
#7264=CARTESIAN_POINT('',(-38.05,-3.45,-2.2675));
#7265=CARTESIAN_POINT('',(-38.05,-3.45,-4.6));
#7266=CARTESIAN_POINT('Origin',(-42.5,-3.45,-4.6));
#7267=CARTESIAN_POINT('',(-42.5,-3.45,-4.6));
#7268=CARTESIAN_POINT('',(-41.89,-3.45,-4.6));
#7269=CARTESIAN_POINT('',(-42.5,-3.45,-4.6));
#7270=CARTESIAN_POINT('Origin',(-42.5,-3.45,-2.71));
#7271=CARTESIAN_POINT('',(-42.5,-3.45,-2.71));
#7272=CARTESIAN_POINT('',(-42.5,-3.45,-1.3225));
#7273=CARTESIAN_POINT('',(-42.5,-3.45,-2.71));
#7274=CARTESIAN_POINT('Origin',(-51.265,-3.45,-2.71));
#7275=CARTESIAN_POINT('',(-51.265,-3.45,-2.71));
#7276=CARTESIAN_POINT('',(-46.2725,-3.45,-2.71));
#7277=CARTESIAN_POINT('',(-51.265,-3.45,-2.71));
#7278=CARTESIAN_POINT('Origin',(-51.265,-3.45,-4.6));
#7279=CARTESIAN_POINT('',(-51.265,-3.45,-4.6));
#7280=CARTESIAN_POINT('',(-51.265,-3.45,-2.2675));
#7281=CARTESIAN_POINT('',(-51.265,-3.45,-4.6));
#7282=CARTESIAN_POINT('Origin',(-55.15,-3.45,-4.6));
#7283=CARTESIAN_POINT('',(-55.15,-3.45,-4.6));
#7284=CARTESIAN_POINT('',(-48.215,-3.45,-4.6));
#7285=CARTESIAN_POINT('',(-55.15,-3.45,-4.6));
#7286=CARTESIAN_POINT('Origin',(-55.325,-3.45,-4.415));
#7287=CARTESIAN_POINT('',(-55.325,-3.45,-4.415));
#7288=CARTESIAN_POINT('',(-53.1269419814957,-3.45,-6.73866133384738));
#7289=CARTESIAN_POINT('',(-55.325,-3.45,-4.415));
#7290=CARTESIAN_POINT('Origin',(-55.325,-3.45,2.815));
#7291=CARTESIAN_POINT('',(-55.325,-3.45,2.815));
#7292=CARTESIAN_POINT('',(-55.325,-3.45,1.44));
#7293=CARTESIAN_POINT('',(-55.325,-3.45,2.815));
#7294=CARTESIAN_POINT('Origin',(-55.235,-3.45,2.95));
#7295=CARTESIAN_POINT('',(-55.235,-3.45,2.95));
#7296=CARTESIAN_POINT('',(-53.7538461538461,-3.45,5.17173076923084));
#7297=CARTESIAN_POINT('',(-55.235,-3.45,2.95));
#7298=CARTESIAN_POINT('Origin',(-55.035,-3.45,3.02));
#7299=CARTESIAN_POINT('',(-55.035,-3.45,3.02));
#7300=CARTESIAN_POINT('',(-49.3687416481069,-3.45,5.00319042316261));
#7301=CARTESIAN_POINT('',(-55.035,-3.45,3.02));
#7302=CARTESIAN_POINT('Origin',(-51.265,-3.45,1.11));
#7303=CARTESIAN_POINT('',(-51.265,-3.45,3.02));
#7304=CARTESIAN_POINT('',(-51.265,-3.45,1.11));
#7305=CARTESIAN_POINT('',(-51.265,-3.45,0.5875));
#7306=CARTESIAN_POINT('',(-51.265,-3.45,3.02));
#7307=CARTESIAN_POINT('',(-51.265,-3.45,1.11));
#7308=CARTESIAN_POINT('Origin',(-42.5,-3.45,1.11));
#7309=CARTESIAN_POINT('',(-42.5,-3.45,1.11));
#7310=CARTESIAN_POINT('',(-41.89,-3.45,1.11));
#7311=CARTESIAN_POINT('',(-42.5,-3.45,1.11));
#7312=CARTESIAN_POINT('Origin',(-42.5,-3.45,3.02));
#7313=CARTESIAN_POINT('',(-42.5,-3.45,3.02));
#7314=CARTESIAN_POINT('',(-42.5,-3.45,1.5425));
#7315=CARTESIAN_POINT('',(-42.5,-3.45,3.02));
#7316=CARTESIAN_POINT('Origin',(-38.05,-3.45,1.11));
#7317=CARTESIAN_POINT('',(-38.05,-3.45,3.02));
#7318=CARTESIAN_POINT('',(-38.05,-3.45,1.11));
#7319=CARTESIAN_POINT('',(-38.05,-3.45,0.5875));
#7320=CARTESIAN_POINT('',(-38.05,-3.45,3.02));
#7321=CARTESIAN_POINT('',(-38.05,-3.45,1.11));
#7322=CARTESIAN_POINT('Origin',(-36.06,-3.45,1.11));
#7323=CARTESIAN_POINT('',(-36.06,-3.45,1.11));
#7324=CARTESIAN_POINT('',(-38.67,-3.45,1.11));
#7325=CARTESIAN_POINT('',(-36.06,-3.45,1.11));
#7326=CARTESIAN_POINT('Origin',(-36.06,-3.45,3.02));
#7327=CARTESIAN_POINT('',(-36.06,-3.45,3.02));
#7328=CARTESIAN_POINT('',(-36.06,-3.45,1.5425));
#7329=CARTESIAN_POINT('',(-36.06,-3.45,3.02));
#7330=CARTESIAN_POINT('Origin',(-26.5,-3.45,2.27));
#7331=CARTESIAN_POINT('',(-29.865,-3.45,3.02));
#7332=CARTESIAN_POINT('',(-26.5,-3.45,2.27));
#7333=CARTESIAN_POINT('',(-33.3061644009936,-3.45,3.78697572087525));
#7334=CARTESIAN_POINT('',(-29.865,-3.45,3.02));
#7335=CARTESIAN_POINT('',(-26.5,-3.45,2.27));
#7336=CARTESIAN_POINT('Origin',(-53.465,-3.45,0.33));
#7337=CARTESIAN_POINT('',(-27.5,-3.45,0.33));
#7338=CARTESIAN_POINT('',(-53.465,-3.45,0.33));
#7339=CARTESIAN_POINT('',(-47.3725,-3.45,0.33));
#7340=CARTESIAN_POINT('',(-27.5,-3.45,0.33));
#7341=CARTESIAN_POINT('',(-53.465,-3.45,0.33));
#7342=CARTESIAN_POINT('Origin',(-53.985,-3.45,0.15));
#7343=CARTESIAN_POINT('',(-53.4794444444444,-3.45,0.325));
#7344=CARTESIAN_POINT('',(-48.3253632760898,-3.45,2.10910501981505));
#7345=CARTESIAN_POINT('',(-53.985,-3.45,0.15));
#7346=CARTESIAN_POINT('',(-53.985,-3.45,0.15));
#7347=CARTESIAN_POINT('',(-53.465,-3.45,0.33));
#7348=CARTESIAN_POINT('Origin',(-54.415,-3.45,-0.135));
#7349=CARTESIAN_POINT('',(-54.0657692307692,-3.45,0.0964669051878371));
#7350=CARTESIAN_POINT('',(-53.985,-3.45,0.15));
#7351=CARTESIAN_POINT('',(-54.415,-3.45,-0.135));
#7352=CARTESIAN_POINT('',(-54.415,-3.45,-0.135));
#7353=CARTESIAN_POINT('',(-49.8059412869892,-3.45,2.91984124001879));
#7354=CARTESIAN_POINT('Origin',(-54.415,-3.45,-1.215));
#7355=CARTESIAN_POINT('',(-54.415,-3.45,-0.575));
#7356=CARTESIAN_POINT('',(-54.415,-3.45,-1.215));
#7357=CARTESIAN_POINT('Origin',(-54.11,-3.45,-1.67));
#7358=CARTESIAN_POINT('',(-54.11,-3.45,-1.67));
#7359=CARTESIAN_POINT('Origin',(-53.86,-3.45,-1.835));
#7360=CARTESIAN_POINT('',(-53.86,-3.45,-1.835));
#7361=CARTESIAN_POINT('',(-49.9153078852048,-3.45,-4.43849679576484));
#7362=CARTESIAN_POINT('',(-53.86,-3.45,-1.835));
#7363=CARTESIAN_POINT('Origin',(-53.465,-3.45,-1.925));
#7364=CARTESIAN_POINT('',(-47.8887010662605,-3.45,-3.19554912414317));
#7365=CARTESIAN_POINT('',(-53.465,-3.45,-1.925));
#7366=CARTESIAN_POINT('',(-53.465,-3.45,-1.925));
#7367=CARTESIAN_POINT('',(-47.8887010662605,-3.45,-3.19554912414317));
#7368=CARTESIAN_POINT('Origin',(-31.55,-3.45,-4.6));
#7369=CARTESIAN_POINT('',(-27.5,-3.45,-3.725));
#7370=CARTESIAN_POINT('',(-35.7165799628672,-3.45,-5.50018702901452));
#7371=CARTESIAN_POINT('',(-27.5,-3.45,-3.725));
#7372=CARTESIAN_POINT('Origin',(-40.9125,-3.45,-0.79));
#7373=CARTESIAN_POINT('',(-53.6,-3.45,0.325));
#7374=CARTESIAN_POINT('',(-53.6,-3.45,0.325));
#7375=CARTESIAN_POINT('',(-54.,-3.45,0.15));
#7376=CARTESIAN_POINT('',(-54.215,-3.45,-0.025));
#7377=CARTESIAN_POINT('',(-54.,-3.45,0.15));
#7378=CARTESIAN_POINT('Origin',(-41.28,-3.45,0.0649999999999995));
#7379=CARTESIAN_POINT('',(-53.74,-3.45,-1.87));
#7380=CARTESIAN_POINT('Origin',(-41.28,-3.45,0.0649999999999995));
#7381=CARTESIAN_POINT('',(-53.44,-3.45,-1.925));
#7382=CARTESIAN_POINT('',(-34.39,-3.45,-1.925));
#7383=CARTESIAN_POINT('',(-53.44,-3.45,-1.925));
#7384=CARTESIAN_POINT('Origin',(-41.28,-3.45,0.0649999999999995));
#7385=CARTESIAN_POINT('',(-29.865,-3.45,3.02));
#7386=CARTESIAN_POINT('Origin',(-41.28,-3.45,0.0649999999999995));
#7387=CARTESIAN_POINT('',(-54.215,-3.45,-0.0250000000000004));
#7388=CARTESIAN_POINT('',(-54.44,-3.45,-0.38));
#7389=CARTESIAN_POINT('',(-54.215,-3.45,-0.025));
#7390=CARTESIAN_POINT('Origin',(-41.28,-3.45,0.0649999999999995));
#7391=CARTESIAN_POINT('',(-27.5,-3.45,0.325));
#7392=CARTESIAN_POINT('',(-53.6,-3.45,0.325));
#7393=CARTESIAN_POINT('',(-27.5,-3.45,0.325));
#7394=CARTESIAN_POINT('Origin',(-41.28,-3.45,0.0649999999999995));
#7395=CARTESIAN_POINT('',(-26.5,-3.45,2.275));
#7396=CARTESIAN_POINT('',(-26.5,-3.45,2.));
#7397=CARTESIAN_POINT('',(-26.5,-3.45,2.275));
#7398=CARTESIAN_POINT('Origin',(-41.28,-3.45,0.0649999999999995));
#7399=CARTESIAN_POINT('',(-53.13,-3.45,3.02));
#7400=CARTESIAN_POINT('',(-46.2725,-3.45,3.02));
#7401=CARTESIAN_POINT('',(-53.13,-3.45,4.8));
#7402=CARTESIAN_POINT('',(-53.13,-3.45,3.02));
#7403=CARTESIAN_POINT('',(-33.65,-3.45,4.8));
#7404=CARTESIAN_POINT('',(-53.13,-3.45,4.8));
#7405=CARTESIAN_POINT('',(-33.435,-3.45,4.975));
#7406=CARTESIAN_POINT('',(-33.65,-3.45,4.8));
#7407=CARTESIAN_POINT('',(-33.435,-3.45,6.63));
#7408=CARTESIAN_POINT('',(-33.435,-3.45,4.975));
#7409=CARTESIAN_POINT('',(-33.5,-3.45,6.75));
#7410=CARTESIAN_POINT('',(-33.435,-3.45,6.63));
#7411=CARTESIAN_POINT('',(-33.65,-3.45,6.82));
#7412=CARTESIAN_POINT('',(-33.5,-3.45,6.75));
#7413=CARTESIAN_POINT('',(-56.06,-3.45,6.82));
#7414=CARTESIAN_POINT('',(-33.65,-3.45,6.82));
#7415=CARTESIAN_POINT('',(-56.06,-3.45,-6.69));
#7416=CARTESIAN_POINT('',(-56.06,-3.45,6.82));
#7417=CARTESIAN_POINT('',(-27.565,-3.45,-6.69));
#7418=CARTESIAN_POINT('',(-56.06,-3.45,-6.69));
#7419=CARTESIAN_POINT('',(-27.4,-3.45,-6.615));
#7420=CARTESIAN_POINT('',(-27.565,-3.45,-6.69));
#7421=CARTESIAN_POINT('',(-27.35,-3.45,-6.5));
#7422=CARTESIAN_POINT('',(-27.4,-3.45,-6.615));
#7423=CARTESIAN_POINT('',(-27.35,-3.45,-5.5));
#7424=CARTESIAN_POINT('',(-27.35,-3.45,-6.5));
#7425=CARTESIAN_POINT('',(-27.5,-3.45,-5.5));
#7426=CARTESIAN_POINT('',(-27.35,-3.45,-5.5));
#7427=CARTESIAN_POINT('',(-27.5,-3.45,-4.68));
#7428=CARTESIAN_POINT('',(-27.5,-3.45,-5.5));
#7429=CARTESIAN_POINT('',(-53.13,-3.45,-4.68));
#7430=CARTESIAN_POINT('',(-27.5,-3.45,-4.68));
#7431=CARTESIAN_POINT('',(-53.13,-3.45,-4.62));
#7432=CARTESIAN_POINT('',(-53.13,-3.45,-4.68));
#7433=CARTESIAN_POINT('',(-31.55,-3.45,-4.62));
#7434=CARTESIAN_POINT('',(-53.13,-3.45,-4.62));
#7435=CARTESIAN_POINT('',(-31.55,-3.45,-4.62));
#7436=CARTESIAN_POINT('Origin',(-41.28,-3.,0.0649999999999995));
#7437=CARTESIAN_POINT('',(-33.8,-3.,-4.68));
#7438=CARTESIAN_POINT('',(-33.8,-3.,-6.69));
#7439=CARTESIAN_POINT('',(-33.8,-3.,-3.5));
#7440=CARTESIAN_POINT('',(-38.4,-3.,-6.69));
#7441=CARTESIAN_POINT('',(-56.06,-3.,-6.69));
#7442=CARTESIAN_POINT('',(-38.4,-3.,-4.68));
#7443=CARTESIAN_POINT('',(-38.4,-3.,-6.69));
#7444=CARTESIAN_POINT('',(-27.5,-3.,-4.68));
#7445=CARTESIAN_POINT('Origin',(-41.28,-3.,0.0649999999999995));
#7446=CARTESIAN_POINT('',(-33.8,-3.,-3.5));
#7447=CARTESIAN_POINT('',(-33.8,-3.,-4.62));
#7448=CARTESIAN_POINT('',(-33.8,-3.,-3.5));
#7449=CARTESIAN_POINT('',(-38.4,-3.,-4.62));
#7450=CARTESIAN_POINT('',(-53.13,-3.,-4.62));
#7451=CARTESIAN_POINT('',(-38.4,-3.,-3.5));
#7452=CARTESIAN_POINT('',(-38.4,-3.,-6.69));
#7453=CARTESIAN_POINT('',(-38.4,-3.,-3.5));
#7454=CARTESIAN_POINT('Origin',(-41.28,-3.,0.0649999999999995));
#7455=CARTESIAN_POINT('',(-27.4303551912568,-3.,-6.62879781420765));
#7456=CARTESIAN_POINT('',(-27.3828813559322,-3.,-6.57562711864406));
#7457=CARTESIAN_POINT('',(-27.485,-3.,-6.69));
#7458=CARTESIAN_POINT('',(-27.4,-3.,-6.615));
#7459=CARTESIAN_POINT('',(-27.4,-3.,-6.615));
#7460=CARTESIAN_POINT('',(-27.565,-3.,-6.69));
#7461=CARTESIAN_POINT('Origin',(-41.28,-3.,0.0649999999999995));
#7462=CARTESIAN_POINT('',(-27.3527027027027,-3.,-6.50621621621622));
#7463=CARTESIAN_POINT('',(-27.35,-3.,-6.48999999999999));
#7464=CARTESIAN_POINT('',(-27.36,-3.,-6.55));
#7465=CARTESIAN_POINT('',(-27.35,-3.,-6.5));
#7466=CARTESIAN_POINT('',(-27.35,-3.,-6.5));
#7467=CARTESIAN_POINT('',(-27.4,-3.,-6.615));
#7468=CARTESIAN_POINT('Origin',(-33.435,-3.,6.63));
#7469=CARTESIAN_POINT('',(-33.5,-3.,6.75));
#7470=CARTESIAN_POINT('',(-33.435,-3.,6.63));
#7471=CARTESIAN_POINT('',(-32.9501174496644,-3.,5.73483221476503));
#7472=CARTESIAN_POINT('',(-33.5,-3.,6.75));
#7473=CARTESIAN_POINT('',(-33.435,-3.,6.63));
#7474=CARTESIAN_POINT('Origin',(-33.65,-3.,4.8));
#7475=CARTESIAN_POINT('',(-33.435,-3.,4.975));
#7476=CARTESIAN_POINT('',(-33.65,-3.,4.8));
#7477=CARTESIAN_POINT('',(-37.1038134352635,-3.,1.98875650618085));
#7478=CARTESIAN_POINT('',(-33.435,-3.,4.975));
#7479=CARTESIAN_POINT('',(-33.65,-3.,4.8));
#7480=CARTESIAN_POINT('Origin',(-53.13,-3.,4.8));
#7481=CARTESIAN_POINT('',(-53.13,-3.,4.8));
#7482=CARTESIAN_POINT('',(-47.205,-3.,4.8));
#7483=CARTESIAN_POINT('',(-53.13,-3.,4.8));
#7484=CARTESIAN_POINT('Origin',(-53.13,-3.,3.02));
#7485=CARTESIAN_POINT('',(-53.13,-3.,3.02));
#7486=CARTESIAN_POINT('',(-53.13,-3.,1.5425));
#7487=CARTESIAN_POINT('',(-53.13,-3.,3.02));
#7488=CARTESIAN_POINT('Origin',(-29.865,-3.,3.02));
#7489=CARTESIAN_POINT('',(-29.865,-3.,3.02));
#7490=CARTESIAN_POINT('',(-35.5725,-3.,3.02));
#7491=CARTESIAN_POINT('',(-29.865,-3.45,3.02));
#7492=CARTESIAN_POINT('',(-29.865,-3.,3.02));
#7493=CARTESIAN_POINT('Origin',(-26.5,-3.,2.275));
#7494=CARTESIAN_POINT('',(-26.5,-3.,2.275));
#7495=CARTESIAN_POINT('',(-33.3114815418938,-3.,3.78303974701661));
#7496=CARTESIAN_POINT('',(-26.5,-3.,2.275));
#7497=CARTESIAN_POINT('Origin',(-27.5,-3.,0.325));
#7498=CARTESIAN_POINT('',(-27.5,-3.,2.));
#7499=CARTESIAN_POINT('',(-27.5,-3.,0.325));
#7500=CARTESIAN_POINT('',(-27.5,-3.,0.195));
#7501=CARTESIAN_POINT('',(-27.5,-3.,2.));
#7502=CARTESIAN_POINT('',(-27.5,-3.,0.325));
#7503=CARTESIAN_POINT('Origin',(-53.6,-3.,0.325));
#7504=CARTESIAN_POINT('',(-53.6,-3.,0.325));
#7505=CARTESIAN_POINT('',(-47.44,-3.,0.325));
#7506=CARTESIAN_POINT('',(-53.6,-3.,0.325));
#7507=CARTESIAN_POINT('Origin',(-54.,-3.,0.15));
#7508=CARTESIAN_POINT('',(-54.,-3.,0.15));
#7509=CARTESIAN_POINT('',(-48.6773770491803,-3.,2.47864754098361));
#7510=CARTESIAN_POINT('',(-54.,-3.,0.15));
#7511=CARTESIAN_POINT('Origin',(-54.215,-3.,-0.025));
#7512=CARTESIAN_POINT('',(-54.215,-3.,-0.025));
#7513=CARTESIAN_POINT('',(-50.3027903383215,-3.,3.15935670136631));
#7514=CARTESIAN_POINT('',(-54.215,-3.,-0.025));
#7515=CARTESIAN_POINT('Origin',(-54.44,-3.,-0.38));
#7516=CARTESIAN_POINT('',(-54.44,-3.,-0.38));
#7517=CARTESIAN_POINT('',(-52.4536728700821,-3.,2.75398280498161));
#7518=CARTESIAN_POINT('',(-54.44,-3.,-0.38));
#7519=CARTESIAN_POINT('Origin',(-54.51,-3.,-0.65));
#7520=CARTESIAN_POINT('',(-54.51,-3.,-0.65));
#7521=CARTESIAN_POINT('',(-54.0065263496143,-3.,1.29196979434462));
#7522=CARTESIAN_POINT('',(-54.51,-3.,-0.65));
#7523=CARTESIAN_POINT('Origin',(-54.51,-3.,-0.94));
#7524=CARTESIAN_POINT('',(-54.51,-3.,-0.94));
#7525=CARTESIAN_POINT('',(-54.51,-3.,-0.4375));
#7526=CARTESIAN_POINT('',(-54.51,-3.,-0.94));
#7527=CARTESIAN_POINT('Origin',(-54.38,-3.,-1.34));
#7528=CARTESIAN_POINT('',(-54.38,-3.,-1.34));
#7529=CARTESIAN_POINT('',(-53.9607518371961,-3.,-2.62999434708887));
#7530=CARTESIAN_POINT('',(-54.38,-3.,-1.34));
#7531=CARTESIAN_POINT('Origin',(-54.11,-3.,-1.67));
#7532=CARTESIAN_POINT('',(-54.11,-3.,-1.67));
#7533=CARTESIAN_POINT('',(-51.9628094059406,-3.,-4.29434405940592));
#7534=CARTESIAN_POINT('',(-54.11,-3.,-1.67));
#7535=CARTESIAN_POINT('Origin',(-53.74,-3.,-1.87));
#7536=CARTESIAN_POINT('',(-53.74,-3.,-1.87));
#7537=CARTESIAN_POINT('',(-49.323425664217,-3.,-4.25733747880157));
#7538=CARTESIAN_POINT('',(-53.74,-3.,-1.87));
#7539=CARTESIAN_POINT('Origin',(-53.44,-3.,-1.925));
#7540=CARTESIAN_POINT('',(-53.44,-3.,-1.925));
#7541=CARTESIAN_POINT('',(-47.7341951088417,-3.,-2.9710642300457));
#7542=CARTESIAN_POINT('',(-53.44,-3.,-1.925));
#7543=CARTESIAN_POINT('Origin',(-27.5,-3.,-1.925));
#7544=CARTESIAN_POINT('',(-27.5,-3.,-1.925));
#7545=CARTESIAN_POINT('',(-34.39,-3.,-1.925));
#7546=CARTESIAN_POINT('',(-27.5,-3.,-1.925));
#7547=CARTESIAN_POINT('Origin',(-27.23,-3.,-1.87));
#7548=CARTESIAN_POINT('',(-27.23,-3.,-1.87));
#7549=CARTESIAN_POINT('',(-33.7858791570629,-3.,-3.20545686532763));
#7550=CARTESIAN_POINT('',(-27.23,-3.,-1.87));
#7551=CARTESIAN_POINT('Origin',(-26.86,-3.,-1.67));
#7552=CARTESIAN_POINT('',(-26.86,-3.,-1.67));
#7553=CARTESIAN_POINT('',(-32.0768117580554,-3.,-4.48989824759752));
#7554=CARTESIAN_POINT('',(-26.86,-3.,-1.67));
#7555=CARTESIAN_POINT('Origin',(-26.5,-3.,-1.125));
#7556=CARTESIAN_POINT('',(-26.5,-3.,-1.125));
#7557=CARTESIAN_POINT('',(-28.4712979783182,-3.,-4.10932610606506));
#7558=CARTESIAN_POINT('',(-26.5,-3.,-1.125));
#7559=CARTESIAN_POINT('Origin',(-27.5,-3.,-3.725));
#7560=CARTESIAN_POINT('',(-27.5,-3.,-3.));
#7561=CARTESIAN_POINT('',(-27.5,-3.,-3.725));
#7562=CARTESIAN_POINT('',(-27.5,-3.,-1.83));
#7563=CARTESIAN_POINT('',(-27.5,-3.,-3.));
#7564=CARTESIAN_POINT('',(-27.5,-3.,-3.725));
#7565=CARTESIAN_POINT('Origin',(-31.55,-3.,-4.62));
#7566=CARTESIAN_POINT('',(-31.55,-3.,-4.62));
#7567=CARTESIAN_POINT('',(-35.6949171390747,-3.,-5.53597551591898));
#7568=CARTESIAN_POINT('',(-31.55,-3.,-4.62));
#7569=CARTESIAN_POINT('Origin',(-53.13,-3.,-4.62));
#7570=CARTESIAN_POINT('',(-53.13,-3.,-4.62));
#7571=CARTESIAN_POINT('',(-47.205,-3.,-4.62));
#7572=CARTESIAN_POINT('',(-47.205,-3.,-4.62));
#7573=CARTESIAN_POINT('',(-53.13,-3.,-4.62));
#7574=CARTESIAN_POINT('Origin',(-53.13,-3.,-4.68));
#7575=CARTESIAN_POINT('',(-53.13,-3.,-4.68));
#7576=CARTESIAN_POINT('',(-53.13,-3.,-2.3075));
#7577=CARTESIAN_POINT('',(-53.13,-3.,-4.68));
#7578=CARTESIAN_POINT('Origin',(-27.5,-3.,-4.68));
#7579=CARTESIAN_POINT('',(-27.5,-3.,-4.68));
#7580=CARTESIAN_POINT('',(-34.39,-3.,-4.68));
#7581=CARTESIAN_POINT('',(-34.39,-3.,-4.68));
#7582=CARTESIAN_POINT('',(-27.5,-3.,-4.68));
#7583=CARTESIAN_POINT('Origin',(-27.5,-3.,-5.5));
#7584=CARTESIAN_POINT('',(-27.5,-3.,-5.5));
#7585=CARTESIAN_POINT('',(-27.5,-3.,-2.7175));
#7586=CARTESIAN_POINT('',(-27.5,-3.,-5.5));
#7587=CARTESIAN_POINT('Origin',(-27.35,-3.,-5.5));
#7588=CARTESIAN_POINT('',(-27.35,-3.,-5.5));
#7589=CARTESIAN_POINT('',(-27.485,-3.,-5.5));
#7590=CARTESIAN_POINT('',(-27.35,-3.,-5.5));
#7591=CARTESIAN_POINT('',(-34.315,-3.,-5.5));
#7592=CARTESIAN_POINT('',(-27.35,-3.,-5.5));
#7593=CARTESIAN_POINT('Origin',(-27.35,-3.,-6.5));
#7594=CARTESIAN_POINT('',(-27.35,-3.,-5.5041116751269));
#7595=CARTESIAN_POINT('',(-27.35,-3.,-3.2175));
#7596=CARTESIAN_POINT('',(-27.35,-3.,-6.5));
#7597=CARTESIAN_POINT('',(-27.35,-3.,-6.5));
#7598=CARTESIAN_POINT('Origin',(-27.4,-3.,-6.615));
#7599=CARTESIAN_POINT('',(-27.2820349761526,-3.,-6.34368044515088));
#7600=CARTESIAN_POINT('',(-27.4,-3.,-6.615));
#7601=CARTESIAN_POINT('Origin',(-27.565,-3.,-6.69));
#7602=CARTESIAN_POINT('',(-27.565,-3.,-6.69));
#7603=CARTESIAN_POINT('',(-31.9759246575342,-3.,-8.69496575342466));
#7604=CARTESIAN_POINT('',(-27.565,-3.,-6.69));
#7605=CARTESIAN_POINT('Origin',(-33.5,-3.,6.75));
#7606=CARTESIAN_POINT('',(-33.65,-3.,6.82));
#7607=CARTESIAN_POINT('',(-35.4134580291971,-3.,7.64294708029197));
#7608=CARTESIAN_POINT('',(-33.65,-3.,6.82));
#7609=CARTESIAN_POINT('Origin',(-41.28,-3.,0.0649999999999995));
#7610=CARTESIAN_POINT('',(-26.5,-3.,-5.53));
#7611=CARTESIAN_POINT('Origin',(-41.28,-3.45,0.0649999999999995));
#7612=CARTESIAN_POINT('Origin',(-41.28,-3.,0.0649999999999995));
#7613=CARTESIAN_POINT('',(-38.4,-3.,-6.69));
#7614=CARTESIAN_POINT('Origin',(-41.28,-3.,0.0649999999999995));
#7615=CARTESIAN_POINT('',(-27.36,-3.,-6.55));
#7616=CARTESIAN_POINT('',(-27.485,-3.,-6.69));
#7617=CARTESIAN_POINT('',(-27.36,-3.,-6.55));
#7618=CARTESIAN_POINT('Origin',(-41.28,-3.,0.0649999999999995));
#7619=CARTESIAN_POINT('',(-33.435,-3.,6.71));
#7620=CARTESIAN_POINT('',(-33.435,-3.,4.365));
#7621=CARTESIAN_POINT('',(-33.55,-3.,6.82));
#7622=CARTESIAN_POINT('',(-33.435,-3.,6.71));
#7623=CARTESIAN_POINT('',(-33.55,-3.,6.82));
#7624=CARTESIAN_POINT('Origin',(-41.28,-3.,0.0649999999999995));
#7625=CARTESIAN_POINT('',(-26.5,-3.,4.365));
#7626=CARTESIAN_POINT('',(-26.5,-3.,2.));
#7627=CARTESIAN_POINT('',(-33.435,-3.,4.365));
#7628=CARTESIAN_POINT('',(-26.5,-3.,4.365));
#7629=CARTESIAN_POINT('',(-33.435,-3.,4.365));
#7630=CARTESIAN_POINT('Origin',(-41.28,-3.,0.0649999999999995));
#7631=CARTESIAN_POINT('',(-26.5,-3.,-0.5));
#7632=CARTESIAN_POINT('',(-26.5,-3.,-3.));
#7633=CARTESIAN_POINT('',(-27.485,-3.,-0.5));
#7634=CARTESIAN_POINT('',(-26.5,-3.,-0.5));
#7635=CARTESIAN_POINT('',(-27.485,-3.,2.));
#7636=CARTESIAN_POINT('',(-27.485,-3.,-0.5));
#7637=CARTESIAN_POINT('',(-34.39,-3.,2.));
#7638=CARTESIAN_POINT('',(-31.94,-3.,-1.7));
#7639=CARTESIAN_POINT('',(-33.06,-3.,-1.7));
#7640=CARTESIAN_POINT('',(-33.06,-3.,-1.7));
#7641=CARTESIAN_POINT('',(-33.06,-3.,0.0999999999999996));
#7642=CARTESIAN_POINT('',(-33.06,-3.,0.1));
#7643=CARTESIAN_POINT('',(-31.94,-3.,0.0999999999999996));
#7644=CARTESIAN_POINT('',(-31.94,-3.,0.1));
#7645=CARTESIAN_POINT('',(-31.94,-3.,-1.7));
#7646=CARTESIAN_POINT('',(-29.56,-3.,-1.7));
#7647=CARTESIAN_POINT('',(-29.56,-3.,0.0999999999999996));
#7648=CARTESIAN_POINT('',(-29.56,-3.,0.1));
#7649=CARTESIAN_POINT('',(-28.43,-3.,0.0999999999999996));
#7650=CARTESIAN_POINT('',(-28.43,-3.,0.1));
#7651=CARTESIAN_POINT('',(-28.43,-3.,-1.7));
#7652=CARTESIAN_POINT('',(-28.43,-3.,-1.7));
#7653=CARTESIAN_POINT('',(-29.56,-3.,-1.7));
#7654=CARTESIAN_POINT('',(-53.95,-3.,-1.3));
#7655=CARTESIAN_POINT('',(-54.285,-3.,-1.15));
#7656=CARTESIAN_POINT('',(-54.285,-3.,-1.15));
#7657=CARTESIAN_POINT('',(-54.425,-3.,-0.8));
#7658=CARTESIAN_POINT('',(-54.425,-3.,-0.8));
#7659=CARTESIAN_POINT('',(-54.285,-3.,-0.45));
#7660=CARTESIAN_POINT('',(-54.285,-3.,-0.45));
#7661=CARTESIAN_POINT('',(-53.95,-3.,-0.285));
#7662=CARTESIAN_POINT('',(-53.95,-3.,-0.285));
#7663=CARTESIAN_POINT('',(-35.08,-3.,-0.285));
#7664=CARTESIAN_POINT('',(-35.08,-3.,-0.285));
#7665=CARTESIAN_POINT('',(-34.74,-3.,-0.45));
#7666=CARTESIAN_POINT('',(-34.74,-3.,-0.45));
#7667=CARTESIAN_POINT('',(-34.6,-3.,-0.8));
#7668=CARTESIAN_POINT('',(-34.6,-3.,-0.8));
#7669=CARTESIAN_POINT('',(-34.74,-3.,-1.15));
#7670=CARTESIAN_POINT('',(-34.74,-3.,-1.15));
#7671=CARTESIAN_POINT('',(-35.08,-3.,-1.3));
#7672=CARTESIAN_POINT('',(-35.08,-3.,-1.3));
#7673=CARTESIAN_POINT('',(-53.95,-3.,-1.3));
#7674=CARTESIAN_POINT('Origin',(-41.28,-3.,0.0649999999999995));
#7675=CARTESIAN_POINT('',(-27.485,-3.,-6.69));
#7676=CARTESIAN_POINT('',(-33.8,-3.,-6.69));
#7677=CARTESIAN_POINT('',(-27.485,-3.,-6.69));
#7678=CARTESIAN_POINT('Origin',(-41.28,-3.,0.0649999999999995));
#7679=CARTESIAN_POINT('',(-27.3,-3.,-6.19));
#7680=CARTESIAN_POINT('',(-27.36,-3.,-6.55));
#7681=CARTESIAN_POINT('',(-26.5,-3.,-5.53));
#7682=CARTESIAN_POINT('',(-27.3,-3.,-6.19));
#7683=CARTESIAN_POINT('',(-26.5,-3.,-5.53));
#7684=CARTESIAN_POINT('Origin',(-41.28,-3.,0.0649999999999995));
#7685=CARTESIAN_POINT('',(-27.485,-3.,-3.));
#7686=CARTESIAN_POINT('',(-27.485,-3.,-5.5));
#7687=CARTESIAN_POINT('',(-34.39,-3.,-3.));
#7688=CARTESIAN_POINT('',(-33.8,-3.,-3.5));
#7689=CARTESIAN_POINT('Origin',(-31.94,-2.585,0.1));
#7690=CARTESIAN_POINT('',(-31.94,-2.585,-1.7));
#7691=CARTESIAN_POINT('',(-31.94,-2.585,0.1));
#7692=CARTESIAN_POINT('',(-31.94,-2.585,-1.7));
#7693=CARTESIAN_POINT('',(-31.94,-2.585,-1.7));
#7694=CARTESIAN_POINT('',(-31.94,-2.585,0.1));
#7695=CARTESIAN_POINT('Origin',(-33.06,-2.585,0.1));
#7696=CARTESIAN_POINT('',(-33.06,-2.585,0.1));
#7697=CARTESIAN_POINT('',(-31.94,-2.585,0.1));
#7698=CARTESIAN_POINT('',(-33.06,-2.585,0.1));
#7699=CARTESIAN_POINT('Origin',(-33.06,-2.585,-1.7));
#7700=CARTESIAN_POINT('',(-33.06,-2.585,-1.7));
#7701=CARTESIAN_POINT('',(-33.06,-2.585,0.1));
#7702=CARTESIAN_POINT('',(-33.06,-2.585,-1.7));
#7703=CARTESIAN_POINT('Origin',(-31.94,-2.585,-1.7));
#7704=CARTESIAN_POINT('',(-33.06,-2.585,-1.7));
#7705=CARTESIAN_POINT('Origin',(-28.43,-2.585,-1.7));
#7706=CARTESIAN_POINT('',(-29.56,-2.585,-1.7));
#7707=CARTESIAN_POINT('',(-28.43,-2.585,-1.7));
#7708=CARTESIAN_POINT('',(-29.56,-2.585,-1.7));
#7709=CARTESIAN_POINT('',(-29.56,-2.585,-1.7));
#7710=CARTESIAN_POINT('',(-28.43,-2.585,-1.7));
#7711=CARTESIAN_POINT('Origin',(-28.43,-2.585,0.1));
#7712=CARTESIAN_POINT('',(-28.43,-2.585,0.1));
#7713=CARTESIAN_POINT('',(-28.43,-2.585,-1.7));
#7714=CARTESIAN_POINT('',(-28.43,-2.585,0.1));
#7715=CARTESIAN_POINT('Origin',(-29.56,-2.585,0.1));
#7716=CARTESIAN_POINT('',(-29.56,-2.585,0.1));
#7717=CARTESIAN_POINT('',(-28.43,-2.585,0.1));
#7718=CARTESIAN_POINT('',(-29.56,-2.585,0.1));
#7719=CARTESIAN_POINT('Origin',(-29.56,-2.585,-1.7));
#7720=CARTESIAN_POINT('',(-29.56,-2.585,0.1));
#7721=CARTESIAN_POINT('Origin',(-35.08,-2.585,-1.3));
#7722=CARTESIAN_POINT('',(-53.95,-2.585,-1.3));
#7723=CARTESIAN_POINT('',(-35.08,-2.585,-1.3));
#7724=CARTESIAN_POINT('',(-53.95,-2.585,-1.3));
#7725=CARTESIAN_POINT('',(-53.95,-2.585,-1.3));
#7726=CARTESIAN_POINT('',(-35.08,-2.585,-1.3));
#7727=CARTESIAN_POINT('Origin',(-34.74,-2.585,-1.15));
#7728=CARTESIAN_POINT('',(-34.74,-2.585,-1.15));
#7729=CARTESIAN_POINT('',(-35.08,-2.585,-1.3));
#7730=CARTESIAN_POINT('',(-34.74,-2.585,-1.15));
#7731=CARTESIAN_POINT('Origin',(-34.6,-2.585,-0.8));
#7732=CARTESIAN_POINT('',(-34.6,-2.585,-0.8));
#7733=CARTESIAN_POINT('',(-34.74,-2.585,-1.15));
#7734=CARTESIAN_POINT('',(-34.6,-2.585,-0.8));
#7735=CARTESIAN_POINT('Origin',(-34.74,-2.585,-0.45));
#7736=CARTESIAN_POINT('',(-34.74,-2.585,-0.45));
#7737=CARTESIAN_POINT('',(-34.6,-2.585,-0.8));
#7738=CARTESIAN_POINT('',(-34.74,-2.585,-0.45));
#7739=CARTESIAN_POINT('Origin',(-35.08,-2.585,-0.285));
#7740=CARTESIAN_POINT('',(-35.08,-2.585,-0.285));
#7741=CARTESIAN_POINT('',(-34.74,-2.585,-0.45));
#7742=CARTESIAN_POINT('',(-35.08,-2.585,-0.285));
#7743=CARTESIAN_POINT('Origin',(-53.95,-2.585,-0.285));
#7744=CARTESIAN_POINT('',(-53.95,-2.585,-0.285));
#7745=CARTESIAN_POINT('',(-35.08,-2.585,-0.285));
#7746=CARTESIAN_POINT('',(-53.95,-2.585,-0.285));
#7747=CARTESIAN_POINT('Origin',(-54.285,-2.585,-0.45));
#7748=CARTESIAN_POINT('',(-54.285,-2.585,-0.45));
#7749=CARTESIAN_POINT('',(-53.95,-2.585,-0.285));
#7750=CARTESIAN_POINT('',(-54.285,-2.585,-0.45));
#7751=CARTESIAN_POINT('Origin',(-54.425,-2.585,-0.8));
#7752=CARTESIAN_POINT('',(-54.425,-2.585,-0.8));
#7753=CARTESIAN_POINT('',(-54.285,-2.585,-0.45));
#7754=CARTESIAN_POINT('',(-54.425,-2.585,-0.8));
#7755=CARTESIAN_POINT('Origin',(-54.285,-2.585,-1.15));
#7756=CARTESIAN_POINT('',(-54.285,-2.585,-1.15));
#7757=CARTESIAN_POINT('',(-54.425,-2.585,-0.8));
#7758=CARTESIAN_POINT('',(-54.285,-2.585,-1.15));
#7759=CARTESIAN_POINT('Origin',(-53.95,-2.585,-1.3));
#7760=CARTESIAN_POINT('',(-54.285,-2.585,-1.15));
#7761=CARTESIAN_POINT('Origin',(-26.5,-2.585,4.365));
#7762=CARTESIAN_POINT('',(-26.5,-2.585,4.365));
#7763=CARTESIAN_POINT('',(-33.435,-2.585,4.365));
#7764=CARTESIAN_POINT('',(-26.5,-2.585,4.365));
#7765=CARTESIAN_POINT('',(-33.435,-2.585,4.365));
#7766=CARTESIAN_POINT('',(-26.5,-2.585,4.365));
#7767=CARTESIAN_POINT('Origin',(-26.5,-2.585,2.));
#7768=CARTESIAN_POINT('',(-26.5,-2.585,2.));
#7769=CARTESIAN_POINT('',(-26.5,-2.585,2.));
#7770=CARTESIAN_POINT('',(-26.5,-2.585,2.));
#7771=CARTESIAN_POINT('Origin',(-27.485,-2.585,2.));
#7772=CARTESIAN_POINT('',(-27.485,-2.585,2.));
#7773=CARTESIAN_POINT('',(-27.485,-2.585,2.));
#7774=CARTESIAN_POINT('',(-27.485,-2.585,2.));
#7775=CARTESIAN_POINT('Origin',(-27.485,-2.585,-0.5));
#7776=CARTESIAN_POINT('',(-27.485,-2.585,-0.5));
#7777=CARTESIAN_POINT('',(-27.485,-2.585,-0.5));
#7778=CARTESIAN_POINT('',(-27.485,-2.585,-0.5));
#7779=CARTESIAN_POINT('Origin',(-26.5,-2.585,-0.5));
#7780=CARTESIAN_POINT('',(-26.5,-2.585,-0.5));
#7781=CARTESIAN_POINT('',(-26.5,-2.585,-0.5));
#7782=CARTESIAN_POINT('',(-26.5,-2.585,-0.5));
#7783=CARTESIAN_POINT('Origin',(-26.5,-2.585,-3.));
#7784=CARTESIAN_POINT('',(-26.5,-2.585,-3.));
#7785=CARTESIAN_POINT('',(-26.5,-2.585,-3.));
#7786=CARTESIAN_POINT('',(-26.5,-2.585,-3.));
#7787=CARTESIAN_POINT('Origin',(-27.485,-2.585,-3.));
#7788=CARTESIAN_POINT('',(-27.485,-2.585,-3.));
#7789=CARTESIAN_POINT('',(-27.485,-2.585,-3.));
#7790=CARTESIAN_POINT('',(-27.485,-2.585,-3.));
#7791=CARTESIAN_POINT('Origin',(-27.485,-2.585,-5.5));
#7792=CARTESIAN_POINT('',(-27.485,-2.585,-5.5));
#7793=CARTESIAN_POINT('',(-27.485,-2.585,-5.5));
#7794=CARTESIAN_POINT('',(-27.485,-2.585,-5.5));
#7795=CARTESIAN_POINT('Origin',(-26.5,-2.585,-5.53));
#7796=CARTESIAN_POINT('',(-26.5,-2.585,-5.53));
#7797=CARTESIAN_POINT('',(-26.5,-2.585,-5.53));
#7798=CARTESIAN_POINT('',(-26.5,-2.585,-5.53));
#7799=CARTESIAN_POINT('Origin',(-27.3,-2.585,-6.19));
#7800=CARTESIAN_POINT('',(-27.3,-2.585,-6.19));
#7801=CARTESIAN_POINT('',(-27.3,-2.585,-6.19));
#7802=CARTESIAN_POINT('',(-27.3,-2.585,-6.19));
#7803=CARTESIAN_POINT('Origin',(-27.36,-2.585,-6.55));
#7804=CARTESIAN_POINT('',(-27.36,-2.585,-6.55));
#7805=CARTESIAN_POINT('',(-27.36,-2.585,-6.55));
#7806=CARTESIAN_POINT('',(-27.36,-2.585,-6.55));
#7807=CARTESIAN_POINT('Origin',(-27.485,-2.585,-6.69));
#7808=CARTESIAN_POINT('',(-27.485,-2.585,-6.69));
#7809=CARTESIAN_POINT('',(-27.485,-2.585,-6.69));
#7810=CARTESIAN_POINT('',(-27.485,-2.585,-6.69));
#7811=CARTESIAN_POINT('Origin',(-33.8,-2.585,-6.69));
#7812=CARTESIAN_POINT('',(-33.8,-2.585,-6.69));
#7813=CARTESIAN_POINT('',(-33.8,-2.585,-6.69));
#7814=CARTESIAN_POINT('',(-56.06,-2.585,-6.69));
#7815=CARTESIAN_POINT('',(-56.06,-2.585,-6.69));
#7816=CARTESIAN_POINT('',(-38.4,-2.585,-6.69));
#7817=CARTESIAN_POINT('',(-56.06,-2.585,-6.69));
#7818=CARTESIAN_POINT('',(-38.4,-2.585,-6.69));
#7819=CARTESIAN_POINT('',(-33.8,-2.585,-6.69));
#7820=CARTESIAN_POINT('Origin',(-33.8,-2.585,-3.5));
#7821=CARTESIAN_POINT('',(-33.8,-2.585,-3.5));
#7822=CARTESIAN_POINT('',(-33.8,-2.585,-3.5));
#7823=CARTESIAN_POINT('',(-33.8,-2.585,-3.5));
#7824=CARTESIAN_POINT('Origin',(-38.4,-2.585,-3.5));
#7825=CARTESIAN_POINT('',(-38.4,-2.585,-3.5));
#7826=CARTESIAN_POINT('',(-38.4,-2.585,-3.5));
#7827=CARTESIAN_POINT('',(-38.4,-2.585,-3.5));
#7828=CARTESIAN_POINT('Origin',(-38.4,-2.585,-6.69));
#7829=CARTESIAN_POINT('',(-38.4,-2.585,-6.69));
#7830=CARTESIAN_POINT('Origin',(-56.06,-2.585,6.82));
#7831=CARTESIAN_POINT('',(-56.06,-2.585,6.82));
#7832=CARTESIAN_POINT('',(-56.06,-2.585,6.82));
#7833=CARTESIAN_POINT('',(-56.06,-2.585,6.82));
#7834=CARTESIAN_POINT('Origin',(-33.55,-2.585,6.82));
#7835=CARTESIAN_POINT('',(-33.55,-2.585,6.82));
#7836=CARTESIAN_POINT('',(-33.55,-2.585,6.82));
#7837=CARTESIAN_POINT('',(-33.55,-2.585,6.82));
#7838=CARTESIAN_POINT('Origin',(-33.435,-2.585,6.71));
#7839=CARTESIAN_POINT('',(-33.435,-2.585,6.71));
#7840=CARTESIAN_POINT('',(-33.435,-2.585,6.71));
#7841=CARTESIAN_POINT('',(-33.435,-2.585,6.71));
#7842=CARTESIAN_POINT('Origin',(-33.435,-2.585,4.365));
#7843=CARTESIAN_POINT('',(-33.435,-2.585,4.365));
#7844=CARTESIAN_POINT('Origin',(-41.28,-2.585,0.0649999999999995));
#7845=UNCERTAINTY_MEASURE_WITH_UNIT(LENGTH_MEASURE(0.001),#7849,
'DISTANCE_ACCURACY_VALUE',
'Maximum model space distance between geometric entities at asserted c
onnectivities');
#7846=UNCERTAINTY_MEASURE_WITH_UNIT(LENGTH_MEASURE(0.001),#7849,
'DISTANCE_ACCURACY_VALUE',
'Maximum model space distance between geometric entities at asserted c
onnectivities');
#7847=(
GEOMETRIC_REPRESENTATION_CONTEXT(3)
GLOBAL_UNCERTAINTY_ASSIGNED_CONTEXT((#7845))
GLOBAL_UNIT_ASSIGNED_CONTEXT((#7849,#7851,#7852))
REPRESENTATION_CONTEXT('','3D')
);
#7848=(
GEOMETRIC_REPRESENTATION_CONTEXT(3)
GLOBAL_UNCERTAINTY_ASSIGNED_CONTEXT((#7846))
GLOBAL_UNIT_ASSIGNED_CONTEXT((#7849,#7851,#7852))
REPRESENTATION_CONTEXT('','3D')
);
#7849=(
LENGTH_UNIT()
NAMED_UNIT(*)
SI_UNIT(.CENTI.,.METRE.)
);
#7850=(
LENGTH_UNIT()
NAMED_UNIT(*)
SI_UNIT($,.METRE.)
);
#7851=(
NAMED_UNIT(*)
PLANE_ANGLE_UNIT()
SI_UNIT($,.RADIAN.)
);
#7852=(
NAMED_UNIT(*)
SI_UNIT($,.STERADIAN.)
SOLID_ANGLE_UNIT()
);
#7853=SHAPE_DEFINITION_REPRESENTATION(#7854,#7855);
#7854=PRODUCT_DEFINITION_SHAPE('',$,#7857);
#7855=SHAPE_REPRESENTATION('',(#4869),#7847);
#7856=PRODUCT_DEFINITION_CONTEXT('part definition',#7861,'design');
#7857=PRODUCT_DEFINITION('Side_L1_Native','Side_L1_Native',#7858,#7856);
#7858=PRODUCT_DEFINITION_FORMATION('',$,#7863);
#7859=PRODUCT_RELATED_PRODUCT_CATEGORY('Side_L1_Native',
'Side_L1_Native',(#7863));
#7860=APPLICATION_PROTOCOL_DEFINITION('international standard',
'automotive_design',2009,#7861);
#7861=APPLICATION_CONTEXT(
'Core Data for Automotive Mechanical Design Process');
#7862=PRODUCT_CONTEXT('part definition',#7861,'mechanical');
#7863=PRODUCT('Side_L1_Native','Side_L1_Native',$,(#7862));
#7864=PRESENTATION_STYLE_ASSIGNMENT((#7865));
#7865=SURFACE_STYLE_USAGE(.BOTH.,#7866);
#7866=SURFACE_SIDE_STYLE('',(#7867));
#7867=SURFACE_STYLE_FILL_AREA(#7868);
#7868=FILL_AREA_STYLE('Steel - Satin',(#7869));
#7869=FILL_AREA_STYLE_COLOUR('Steel - Satin',#7870);
#7870=COLOUR_RGB('Steel - Satin',0.627450980392157,0.627450980392157,0.627450980392157);
ENDSEC;
END-ISO-10303-21;
