ISO-10303-21;
HEADER;
/* Generated by software containing ST-Developer
 * from STEP Tools, Inc. (www.steptools.com) 
 */

FILE_DESCRIPTION(
/* description */ (''),
/* implementation_level */ '2;1');

FILE_NAME(
/* name */ 'Side_R1_native.stp',
/* time_stamp */ '2026-09-13T15:43:51-05:00',
/* author */ (''),
/* organization */ (''),
/* preprocessor_version */ 'ST-DEVELOPER v20.1',
/* originating_system */ 'Autodesk Translation Framework v15.8.0.0',
/* authorisation */ '');

FILE_SCHEMA (('AUTOMOTIVE_DESIGN { 1 0 10303 214 3 1 1 }'));
ENDSEC;

DATA;
#10=MECHANICAL_DESIGN_GEOMETRIC_PRESENTATION_REPRESENTATION('',(#13),#5031);
#11=SHAPE_REPRESENTATION_RELATIONSHIP('SRR','None',#5038,#12);
#12=ADVANCED_BREP_SHAPE_REPRESENTATION('',(#14),#5030);
#13=STYLED_ITEM('',(#5047),#14);
#14=MANIFOLD_SOLID_BREP('Side_R1_native',#3047);
#15=B_SPLINE_CURVE_WITH_KNOTS('',3,(#4299,#4300,#4301,#4302,#4303,#4304,
#4305,#4306,#4307,#4308,#4309,#4310,#4311,#4312),.UNSPECIFIED.,.F.,.F.,
(4,2,2,2,2,2,4),(0.0989357265101493,0.154914086923747,0.309828173847495,
0.462446464165299,0.615064754483103,0.83215796384707,0.871512075935822),
 .UNSPECIFIED.);
#16=(
BOUNDED_CURVE()
B_SPLINE_CURVE(2,(#4294,#4295,#4296),.UNSPECIFIED.,.F.,.F.)
B_SPLINE_CURVE_WITH_KNOTS((3,3),(0.,0.163521406358542),.UNSPECIFIED.)
CURVE()
GEOMETRIC_REPRESENTATION_ITEM()
RATIONAL_B_SPLINE_CURVE((1.,1.01208970096931,1.01258950801356))
REPRESENTATION_ITEM('')
);
#17=CONICAL_SURFACE('',#3133,0.4075,0.542951140431594);
#18=CONICAL_SURFACE('',#3138,0.4075,0.542951140431594);
#19=CONICAL_SURFACE('',#3142,0.4075,0.542951140431594);
#20=CONICAL_SURFACE('',#3146,0.4075,0.542951140431594);
#21=CONICAL_SURFACE('',#3150,0.4075,0.542951140431594);
#22=CONICAL_SURFACE('',#3154,0.4075,0.542951140431594);
#23=CONICAL_SURFACE('',#3158,0.4075,0.542951140431594);
#24=CONICAL_SURFACE('',#3162,0.4075,0.542951140431594);
#25=CONICAL_SURFACE('',#3166,0.4075,0.542951140431594);
#26=CONICAL_SURFACE('',#3170,0.4075,0.542951140431594);
#27=CONICAL_SURFACE('',#3174,0.4075,0.542951140431594);
#28=CONICAL_SURFACE('',#3178,0.4075,0.542951140431594);
#29=CONICAL_SURFACE('',#3182,0.4075,0.542951140431594);
#30=CONICAL_SURFACE('',#3186,0.4075,0.542951140431594);
#31=CONICAL_SURFACE('',#3190,0.4075,0.542951140431594);
#32=CONICAL_SURFACE('',#3194,0.4075,0.542951140431594);
#33=FACE_BOUND('',#389,.T.);
#34=FACE_BOUND('',#393,.T.);
#35=FACE_BOUND('',#397,.T.);
#36=FACE_BOUND('',#401,.T.);
#37=FACE_BOUND('',#405,.T.);
#38=FACE_BOUND('',#409,.T.);
#39=FACE_BOUND('',#457,.T.);
#40=FACE_BOUND('',#458,.T.);
#41=FACE_BOUND('',#459,.T.);
#42=FACE_BOUND('',#460,.T.);
#43=FACE_BOUND('',#461,.T.);
#44=FACE_BOUND('',#462,.T.);
#45=FACE_BOUND('',#463,.T.);
#46=FACE_BOUND('',#487,.T.);
#47=FACE_BOUND('',#497,.T.);
#48=FACE_BOUND('',#498,.T.);
#49=FACE_BOUND('',#499,.T.);
#50=FACE_BOUND('',#500,.T.);
#51=FACE_BOUND('',#501,.T.);
#52=FACE_BOUND('',#502,.T.);
#53=FACE_BOUND('',#503,.T.);
#54=FACE_BOUND('',#504,.T.);
#55=FACE_BOUND('',#530,.T.);
#56=FACE_BOUND('',#531,.T.);
#57=FACE_BOUND('',#532,.T.);
#58=FACE_BOUND('',#533,.T.);
#59=FACE_BOUND('',#534,.T.);
#60=FACE_BOUND('',#535,.T.);
#61=FACE_BOUND('',#536,.T.);
#62=FACE_BOUND('',#537,.T.);
#63=FACE_BOUND('',#538,.T.);
#64=FACE_BOUND('',#539,.T.);
#65=FACE_BOUND('',#540,.T.);
#66=FACE_BOUND('',#541,.T.);
#67=FACE_BOUND('',#542,.T.);
#68=FACE_BOUND('',#543,.T.);
#69=FACE_BOUND('',#544,.T.);
#70=FACE_BOUND('',#593,.T.);
#71=FACE_BOUND('',#594,.T.);
#72=FACE_BOUND('',#595,.T.);
#73=FACE_BOUND('',#596,.T.);
#74=FACE_BOUND('',#597,.T.);
#75=FACE_BOUND('',#598,.T.);
#76=FACE_BOUND('',#599,.T.);
#77=FACE_BOUND('',#600,.T.);
#78=FACE_BOUND('',#601,.T.);
#79=FACE_BOUND('',#602,.T.);
#80=FACE_BOUND('',#603,.T.);
#81=PLANE('',#3073);
#82=PLANE('',#3080);
#83=PLANE('',#3087);
#84=PLANE('',#3094);
#85=PLANE('',#3101);
#86=PLANE('',#3108);
#87=PLANE('',#3112);
#88=PLANE('',#3116);
#89=PLANE('',#3120);
#90=PLANE('',#3124);
#91=PLANE('',#3128);
#92=PLANE('',#3132);
#93=PLANE('',#3141);
#94=PLANE('',#3145);
#95=PLANE('',#3149);
#96=PLANE('',#3153);
#97=PLANE('',#3157);
#98=PLANE('',#3161);
#99=PLANE('',#3165);
#100=PLANE('',#3169);
#101=PLANE('',#3173);
#102=PLANE('',#3177);
#103=PLANE('',#3181);
#104=PLANE('',#3185);
#105=PLANE('',#3189);
#106=PLANE('',#3193);
#107=PLANE('',#3197);
#108=PLANE('',#3198);
#109=PLANE('',#3199);
#110=PLANE('',#3203);
#111=PLANE('',#3209);
#112=PLANE('',#3212);
#113=PLANE('',#3213);
#114=PLANE('',#3217);
#115=PLANE('',#3220);
#116=PLANE('',#3221);
#117=PLANE('',#3222);
#118=PLANE('',#3223);
#119=PLANE('',#3224);
#120=PLANE('',#3225);
#121=PLANE('',#3226);
#122=PLANE('',#3227);
#123=PLANE('',#3228);
#124=PLANE('',#3229);
#125=PLANE('',#3230);
#126=PLANE('',#3231);
#127=PLANE('',#3232);
#128=PLANE('',#3233);
#129=PLANE('',#3234);
#130=PLANE('',#3235);
#131=PLANE('',#3236);
#132=PLANE('',#3237);
#133=PLANE('',#3238);
#134=PLANE('',#3239);
#135=PLANE('',#3240);
#136=PLANE('',#3241);
#137=PLANE('',#3242);
#138=PLANE('',#3243);
#139=PLANE('',#3244);
#140=PLANE('',#3245);
#141=PLANE('',#3246);
#142=PLANE('',#3247);
#143=PLANE('',#3248);
#144=PLANE('',#3249);
#145=PLANE('',#3250);
#146=PLANE('',#3251);
#147=PLANE('',#3252);
#148=PLANE('',#3253);
#149=PLANE('',#3254);
#150=PLANE('',#3255);
#151=PLANE('',#3256);
#152=PLANE('',#3257);
#153=PLANE('',#3258);
#154=PLANE('',#3259);
#155=PLANE('',#3260);
#156=PLANE('',#3261);
#157=PLANE('',#3262);
#158=PLANE('',#3263);
#159=PLANE('',#3264);
#160=PLANE('',#3265);
#161=PLANE('',#3266);
#162=PLANE('',#3267);
#163=PLANE('',#3268);
#164=PLANE('',#3269);
#165=PLANE('',#3270);
#166=PLANE('',#3271);
#167=PLANE('',#3272);
#168=PLANE('',#3273);
#169=PLANE('',#3274);
#170=PLANE('',#3275);
#171=PLANE('',#3276);
#172=PLANE('',#3277);
#173=PLANE('',#3278);
#174=PLANE('',#3279);
#175=PLANE('',#3280);
#176=PLANE('',#3281);
#177=PLANE('',#3282);
#178=PLANE('',#3283);
#179=PLANE('',#3284);
#180=PLANE('',#3285);
#181=PLANE('',#3286);
#182=PLANE('',#3287);
#183=PLANE('',#3288);
#184=PLANE('',#3289);
#185=PLANE('',#3290);
#186=PLANE('',#3291);
#187=PLANE('',#3292);
#188=PLANE('',#3293);
#189=PLANE('',#3294);
#190=PLANE('',#3295);
#191=PLANE('',#3296);
#192=PLANE('',#3297);
#193=PLANE('',#3298);
#194=PLANE('',#3299);
#195=PLANE('',#3300);
#196=PLANE('',#3301);
#197=PLANE('',#3302);
#198=PLANE('',#3303);
#199=PLANE('',#3304);
#200=PLANE('',#3305);
#201=PLANE('',#3306);
#202=PLANE('',#3307);
#203=PLANE('',#3308);
#204=PLANE('',#3309);
#205=PLANE('',#3310);
#206=PLANE('',#3311);
#207=PLANE('',#3312);
#208=PLANE('',#3313);
#209=PLANE('',#3314);
#210=PLANE('',#3315);
#211=PLANE('',#3316);
#212=FACE_OUTER_BOUND('',#384,.T.);
#213=FACE_OUTER_BOUND('',#385,.T.);
#214=FACE_OUTER_BOUND('',#386,.T.);
#215=FACE_OUTER_BOUND('',#387,.T.);
#216=FACE_OUTER_BOUND('',#388,.T.);
#217=FACE_OUTER_BOUND('',#390,.T.);
#218=FACE_OUTER_BOUND('',#391,.T.);
#219=FACE_OUTER_BOUND('',#392,.T.);
#220=FACE_OUTER_BOUND('',#394,.T.);
#221=FACE_OUTER_BOUND('',#395,.T.);
#222=FACE_OUTER_BOUND('',#396,.T.);
#223=FACE_OUTER_BOUND('',#398,.T.);
#224=FACE_OUTER_BOUND('',#399,.T.);
#225=FACE_OUTER_BOUND('',#400,.T.);
#226=FACE_OUTER_BOUND('',#402,.T.);
#227=FACE_OUTER_BOUND('',#403,.T.);
#228=FACE_OUTER_BOUND('',#404,.T.);
#229=FACE_OUTER_BOUND('',#406,.T.);
#230=FACE_OUTER_BOUND('',#407,.T.);
#231=FACE_OUTER_BOUND('',#408,.T.);
#232=FACE_OUTER_BOUND('',#410,.T.);
#233=FACE_OUTER_BOUND('',#411,.T.);
#234=FACE_OUTER_BOUND('',#412,.T.);
#235=FACE_OUTER_BOUND('',#413,.T.);
#236=FACE_OUTER_BOUND('',#414,.T.);
#237=FACE_OUTER_BOUND('',#415,.T.);
#238=FACE_OUTER_BOUND('',#416,.T.);
#239=FACE_OUTER_BOUND('',#417,.T.);
#240=FACE_OUTER_BOUND('',#418,.T.);
#241=FACE_OUTER_BOUND('',#419,.T.);
#242=FACE_OUTER_BOUND('',#420,.T.);
#243=FACE_OUTER_BOUND('',#421,.T.);
#244=FACE_OUTER_BOUND('',#422,.T.);
#245=FACE_OUTER_BOUND('',#423,.T.);
#246=FACE_OUTER_BOUND('',#424,.T.);
#247=FACE_OUTER_BOUND('',#425,.T.);
#248=FACE_OUTER_BOUND('',#426,.T.);
#249=FACE_OUTER_BOUND('',#427,.T.);
#250=FACE_OUTER_BOUND('',#428,.T.);
#251=FACE_OUTER_BOUND('',#429,.T.);
#252=FACE_OUTER_BOUND('',#430,.T.);
#253=FACE_OUTER_BOUND('',#431,.T.);
#254=FACE_OUTER_BOUND('',#432,.T.);
#255=FACE_OUTER_BOUND('',#433,.T.);
#256=FACE_OUTER_BOUND('',#434,.T.);
#257=FACE_OUTER_BOUND('',#435,.T.);
#258=FACE_OUTER_BOUND('',#436,.T.);
#259=FACE_OUTER_BOUND('',#437,.T.);
#260=FACE_OUTER_BOUND('',#438,.T.);
#261=FACE_OUTER_BOUND('',#439,.T.);
#262=FACE_OUTER_BOUND('',#440,.T.);
#263=FACE_OUTER_BOUND('',#441,.T.);
#264=FACE_OUTER_BOUND('',#442,.T.);
#265=FACE_OUTER_BOUND('',#443,.T.);
#266=FACE_OUTER_BOUND('',#444,.T.);
#267=FACE_OUTER_BOUND('',#445,.T.);
#268=FACE_OUTER_BOUND('',#446,.T.);
#269=FACE_OUTER_BOUND('',#447,.T.);
#270=FACE_OUTER_BOUND('',#448,.T.);
#271=FACE_OUTER_BOUND('',#449,.T.);
#272=FACE_OUTER_BOUND('',#450,.T.);
#273=FACE_OUTER_BOUND('',#451,.T.);
#274=FACE_OUTER_BOUND('',#452,.T.);
#275=FACE_OUTER_BOUND('',#453,.T.);
#276=FACE_OUTER_BOUND('',#454,.T.);
#277=FACE_OUTER_BOUND('',#455,.T.);
#278=FACE_OUTER_BOUND('',#456,.T.);
#279=FACE_OUTER_BOUND('',#464,.T.);
#280=FACE_OUTER_BOUND('',#465,.T.);
#281=FACE_OUTER_BOUND('',#466,.T.);
#282=FACE_OUTER_BOUND('',#467,.T.);
#283=FACE_OUTER_BOUND('',#468,.T.);
#284=FACE_OUTER_BOUND('',#469,.T.);
#285=FACE_OUTER_BOUND('',#470,.T.);
#286=FACE_OUTER_BOUND('',#471,.T.);
#287=FACE_OUTER_BOUND('',#472,.T.);
#288=FACE_OUTER_BOUND('',#473,.T.);
#289=FACE_OUTER_BOUND('',#474,.T.);
#290=FACE_OUTER_BOUND('',#475,.T.);
#291=FACE_OUTER_BOUND('',#476,.T.);
#292=FACE_OUTER_BOUND('',#477,.T.);
#293=FACE_OUTER_BOUND('',#478,.T.);
#294=FACE_OUTER_BOUND('',#479,.T.);
#295=FACE_OUTER_BOUND('',#480,.T.);
#296=FACE_OUTER_BOUND('',#481,.T.);
#297=FACE_OUTER_BOUND('',#482,.T.);
#298=FACE_OUTER_BOUND('',#483,.T.);
#299=FACE_OUTER_BOUND('',#484,.T.);
#300=FACE_OUTER_BOUND('',#485,.T.);
#301=FACE_OUTER_BOUND('',#486,.T.);
#302=FACE_OUTER_BOUND('',#488,.T.);
#303=FACE_OUTER_BOUND('',#489,.T.);
#304=FACE_OUTER_BOUND('',#490,.T.);
#305=FACE_OUTER_BOUND('',#491,.T.);
#306=FACE_OUTER_BOUND('',#492,.T.);
#307=FACE_OUTER_BOUND('',#493,.T.);
#308=FACE_OUTER_BOUND('',#494,.T.);
#309=FACE_OUTER_BOUND('',#495,.T.);
#310=FACE_OUTER_BOUND('',#496,.T.);
#311=FACE_OUTER_BOUND('',#505,.T.);
#312=FACE_OUTER_BOUND('',#506,.T.);
#313=FACE_OUTER_BOUND('',#507,.T.);
#314=FACE_OUTER_BOUND('',#508,.T.);
#315=FACE_OUTER_BOUND('',#509,.T.);
#316=FACE_OUTER_BOUND('',#510,.T.);
#317=FACE_OUTER_BOUND('',#511,.T.);
#318=FACE_OUTER_BOUND('',#512,.T.);
#319=FACE_OUTER_BOUND('',#513,.T.);
#320=FACE_OUTER_BOUND('',#514,.T.);
#321=FACE_OUTER_BOUND('',#515,.T.);
#322=FACE_OUTER_BOUND('',#516,.T.);
#323=FACE_OUTER_BOUND('',#517,.T.);
#324=FACE_OUTER_BOUND('',#518,.T.);
#325=FACE_OUTER_BOUND('',#519,.T.);
#326=FACE_OUTER_BOUND('',#520,.T.);
#327=FACE_OUTER_BOUND('',#521,.T.);
#328=FACE_OUTER_BOUND('',#522,.T.);
#329=FACE_OUTER_BOUND('',#523,.T.);
#330=FACE_OUTER_BOUND('',#524,.T.);
#331=FACE_OUTER_BOUND('',#525,.T.);
#332=FACE_OUTER_BOUND('',#526,.T.);
#333=FACE_OUTER_BOUND('',#527,.T.);
#334=FACE_OUTER_BOUND('',#528,.T.);
#335=FACE_OUTER_BOUND('',#529,.T.);
#336=FACE_OUTER_BOUND('',#545,.T.);
#337=FACE_OUTER_BOUND('',#546,.T.);
#338=FACE_OUTER_BOUND('',#547,.T.);
#339=FACE_OUTER_BOUND('',#548,.T.);
#340=FACE_OUTER_BOUND('',#549,.T.);
#341=FACE_OUTER_BOUND('',#550,.T.);
#342=FACE_OUTER_BOUND('',#551,.T.);
#343=FACE_OUTER_BOUND('',#552,.T.);
#344=FACE_OUTER_BOUND('',#553,.T.);
#345=FACE_OUTER_BOUND('',#554,.T.);
#346=FACE_OUTER_BOUND('',#555,.T.);
#347=FACE_OUTER_BOUND('',#556,.T.);
#348=FACE_OUTER_BOUND('',#557,.T.);
#349=FACE_OUTER_BOUND('',#558,.T.);
#350=FACE_OUTER_BOUND('',#559,.T.);
#351=FACE_OUTER_BOUND('',#560,.T.);
#352=FACE_OUTER_BOUND('',#561,.T.);
#353=FACE_OUTER_BOUND('',#562,.T.);
#354=FACE_OUTER_BOUND('',#563,.T.);
#355=FACE_OUTER_BOUND('',#564,.T.);
#356=FACE_OUTER_BOUND('',#565,.T.);
#357=FACE_OUTER_BOUND('',#566,.T.);
#358=FACE_OUTER_BOUND('',#567,.T.);
#359=FACE_OUTER_BOUND('',#568,.T.);
#360=FACE_OUTER_BOUND('',#569,.T.);
#361=FACE_OUTER_BOUND('',#570,.T.);
#362=FACE_OUTER_BOUND('',#571,.T.);
#363=FACE_OUTER_BOUND('',#572,.T.);
#364=FACE_OUTER_BOUND('',#573,.T.);
#365=FACE_OUTER_BOUND('',#574,.T.);
#366=FACE_OUTER_BOUND('',#575,.T.);
#367=FACE_OUTER_BOUND('',#576,.T.);
#368=FACE_OUTER_BOUND('',#577,.T.);
#369=FACE_OUTER_BOUND('',#578,.T.);
#370=FACE_OUTER_BOUND('',#579,.T.);
#371=FACE_OUTER_BOUND('',#580,.T.);
#372=FACE_OUTER_BOUND('',#581,.T.);
#373=FACE_OUTER_BOUND('',#582,.T.);
#374=FACE_OUTER_BOUND('',#583,.T.);
#375=FACE_OUTER_BOUND('',#584,.T.);
#376=FACE_OUTER_BOUND('',#585,.T.);
#377=FACE_OUTER_BOUND('',#586,.T.);
#378=FACE_OUTER_BOUND('',#587,.T.);
#379=FACE_OUTER_BOUND('',#588,.T.);
#380=FACE_OUTER_BOUND('',#589,.T.);
#381=FACE_OUTER_BOUND('',#590,.T.);
#382=FACE_OUTER_BOUND('',#591,.T.);
#383=FACE_OUTER_BOUND('',#592,.T.);
#384=EDGE_LOOP('',(#2024,#2025,#2026,#2027));
#385=EDGE_LOOP('',(#2028,#2029,#2030,#2031));
#386=EDGE_LOOP('',(#2032,#2033,#2034,#2035));
#387=EDGE_LOOP('',(#2036,#2037,#2038,#2039));
#388=EDGE_LOOP('',(#2040));
#389=EDGE_LOOP('',(#2041));
#390=EDGE_LOOP('',(#2042,#2043,#2044,#2045));
#391=EDGE_LOOP('',(#2046,#2047,#2048,#2049));
#392=EDGE_LOOP('',(#2050));
#393=EDGE_LOOP('',(#2051));
#394=EDGE_LOOP('',(#2052,#2053,#2054,#2055));
#395=EDGE_LOOP('',(#2056,#2057,#2058,#2059));
#396=EDGE_LOOP('',(#2060));
#397=EDGE_LOOP('',(#2061));
#398=EDGE_LOOP('',(#2062,#2063,#2064,#2065));
#399=EDGE_LOOP('',(#2066,#2067,#2068,#2069));
#400=EDGE_LOOP('',(#2070));
#401=EDGE_LOOP('',(#2071));
#402=EDGE_LOOP('',(#2072,#2073,#2074,#2075));
#403=EDGE_LOOP('',(#2076,#2077,#2078,#2079));
#404=EDGE_LOOP('',(#2080));
#405=EDGE_LOOP('',(#2081));
#406=EDGE_LOOP('',(#2082,#2083,#2084,#2085));
#407=EDGE_LOOP('',(#2086,#2087,#2088,#2089));
#408=EDGE_LOOP('',(#2090));
#409=EDGE_LOOP('',(#2091));
#410=EDGE_LOOP('',(#2092,#2093,#2094,#2095));
#411=EDGE_LOOP('',(#2096));
#412=EDGE_LOOP('',(#2097,#2098,#2099,#2100));
#413=EDGE_LOOP('',(#2101));
#414=EDGE_LOOP('',(#2102,#2103,#2104,#2105));
#415=EDGE_LOOP('',(#2106));
#416=EDGE_LOOP('',(#2107,#2108,#2109,#2110));
#417=EDGE_LOOP('',(#2111));
#418=EDGE_LOOP('',(#2112,#2113,#2114,#2115));
#419=EDGE_LOOP('',(#2116));
#420=EDGE_LOOP('',(#2117,#2118,#2119,#2120));
#421=EDGE_LOOP('',(#2121));
#422=EDGE_LOOP('',(#2122,#2123,#2124));
#423=EDGE_LOOP('',(#2125,#2126,#2127,#2128,#2129));
#424=EDGE_LOOP('',(#2130,#2131,#2132,#2133));
#425=EDGE_LOOP('',(#2134));
#426=EDGE_LOOP('',(#2135,#2136,#2137,#2138));
#427=EDGE_LOOP('',(#2139));
#428=EDGE_LOOP('',(#2140,#2141,#2142,#2143));
#429=EDGE_LOOP('',(#2144));
#430=EDGE_LOOP('',(#2145,#2146,#2147,#2148));
#431=EDGE_LOOP('',(#2149));
#432=EDGE_LOOP('',(#2150,#2151,#2152,#2153));
#433=EDGE_LOOP('',(#2154));
#434=EDGE_LOOP('',(#2155,#2156,#2157,#2158));
#435=EDGE_LOOP('',(#2159));
#436=EDGE_LOOP('',(#2160,#2161,#2162,#2163));
#437=EDGE_LOOP('',(#2164));
#438=EDGE_LOOP('',(#2165,#2166,#2167,#2168));
#439=EDGE_LOOP('',(#2169));
#440=EDGE_LOOP('',(#2170,#2171,#2172,#2173));
#441=EDGE_LOOP('',(#2174));
#442=EDGE_LOOP('',(#2175,#2176,#2177,#2178));
#443=EDGE_LOOP('',(#2179));
#444=EDGE_LOOP('',(#2180,#2181,#2182,#2183));
#445=EDGE_LOOP('',(#2184));
#446=EDGE_LOOP('',(#2185,#2186,#2187,#2188));
#447=EDGE_LOOP('',(#2189));
#448=EDGE_LOOP('',(#2190,#2191,#2192,#2193));
#449=EDGE_LOOP('',(#2194));
#450=EDGE_LOOP('',(#2195,#2196,#2197,#2198));
#451=EDGE_LOOP('',(#2199));
#452=EDGE_LOOP('',(#2200,#2201,#2202,#2203));
#453=EDGE_LOOP('',(#2204));
#454=EDGE_LOOP('',(#2205,#2206,#2207,#2208,#2209));
#455=EDGE_LOOP('',(#2210,#2211,#2212,#2213,#2214,#2215));
#456=EDGE_LOOP('',(#2216,#2217,#2218,#2219,#2220,#2221,#2222,#2223,#2224,
#2225,#2226,#2227,#2228,#2229,#2230,#2231,#2232,#2233,#2234,#2235,#2236));
#457=EDGE_LOOP('',(#2237));
#458=EDGE_LOOP('',(#2238));
#459=EDGE_LOOP('',(#2239));
#460=EDGE_LOOP('',(#2240));
#461=EDGE_LOOP('',(#2241));
#462=EDGE_LOOP('',(#2242));
#463=EDGE_LOOP('',(#2243));
#464=EDGE_LOOP('',(#2244,#2245,#2246,#2247,#2248,#2249));
#465=EDGE_LOOP('',(#2250,#2251,#2252,#2253));
#466=EDGE_LOOP('',(#2254,#2255,#2256,#2257));
#467=EDGE_LOOP('',(#2258,#2259,#2260,#2261));
#468=EDGE_LOOP('',(#2262,#2263,#2264));
#469=EDGE_LOOP('',(#2265,#2266,#2267,#2268,#2269,#2270,#2271));
#470=EDGE_LOOP('',(#2272,#2273,#2274,#2275));
#471=EDGE_LOOP('',(#2276,#2277,#2278,#2279));
#472=EDGE_LOOP('',(#2280,#2281,#2282,#2283));
#473=EDGE_LOOP('',(#2284,#2285,#2286,#2287));
#474=EDGE_LOOP('',(#2288,#2289,#2290,#2291,#2292));
#475=EDGE_LOOP('',(#2293,#2294,#2295,#2296));
#476=EDGE_LOOP('',(#2297,#2298,#2299,#2300,#2301,#2302,#2303,#2304,#2305,
#2306,#2307,#2308));
#477=EDGE_LOOP('',(#2309,#2310,#2311,#2312,#2313,#2314));
#478=EDGE_LOOP('',(#2315,#2316,#2317,#2318));
#479=EDGE_LOOP('',(#2319,#2320,#2321,#2322));
#480=EDGE_LOOP('',(#2323,#2324,#2325,#2326));
#481=EDGE_LOOP('',(#2327,#2328,#2329,#2330));
#482=EDGE_LOOP('',(#2331,#2332,#2333,#2334));
#483=EDGE_LOOP('',(#2335,#2336,#2337,#2338));
#484=EDGE_LOOP('',(#2339,#2340,#2341,#2342));
#485=EDGE_LOOP('',(#2343,#2344,#2345,#2346));
#486=EDGE_LOOP('',(#2347,#2348,#2349,#2350,#2351,#2352,#2353,#2354,#2355,
#2356,#2357,#2358,#2359,#2360,#2361,#2362,#2363,#2364,#2365,#2366,#2367,
#2368,#2369,#2370,#2371,#2372,#2373,#2374,#2375,#2376,#2377,#2378,#2379,
#2380,#2381,#2382,#2383,#2384,#2385,#2386));
#487=EDGE_LOOP('',(#2387));
#488=EDGE_LOOP('',(#2388,#2389,#2390,#2391));
#489=EDGE_LOOP('',(#2392,#2393,#2394,#2395));
#490=EDGE_LOOP('',(#2396,#2397,#2398,#2399));
#491=EDGE_LOOP('',(#2400,#2401,#2402,#2403));
#492=EDGE_LOOP('',(#2404,#2405,#2406,#2407));
#493=EDGE_LOOP('',(#2408,#2409,#2410,#2411));
#494=EDGE_LOOP('',(#2412,#2413,#2414,#2415));
#495=EDGE_LOOP('',(#2416,#2417,#2418,#2419));
#496=EDGE_LOOP('',(#2420,#2421,#2422,#2423,#2424,#2425,#2426,#2427,#2428));
#497=EDGE_LOOP('',(#2429));
#498=EDGE_LOOP('',(#2430));
#499=EDGE_LOOP('',(#2431));
#500=EDGE_LOOP('',(#2432));
#501=EDGE_LOOP('',(#2433));
#502=EDGE_LOOP('',(#2434));
#503=EDGE_LOOP('',(#2435));
#504=EDGE_LOOP('',(#2436));
#505=EDGE_LOOP('',(#2437,#2438,#2439));
#506=EDGE_LOOP('',(#2440,#2441,#2442));
#507=EDGE_LOOP('',(#2443,#2444,#2445));
#508=EDGE_LOOP('',(#2446,#2447,#2448,#2449));
#509=EDGE_LOOP('',(#2450,#2451,#2452));
#510=EDGE_LOOP('',(#2453,#2454,#2455,#2456,#2457));
#511=EDGE_LOOP('',(#2458,#2459,#2460,#2461,#2462));
#512=EDGE_LOOP('',(#2463,#2464,#2465,#2466,#2467,#2468,#2469,#2470));
#513=EDGE_LOOP('',(#2471,#2472,#2473,#2474));
#514=EDGE_LOOP('',(#2475,#2476,#2477,#2478,#2479));
#515=EDGE_LOOP('',(#2480,#2481,#2482,#2483,#2484));
#516=EDGE_LOOP('',(#2485,#2486,#2487,#2488,#2489,#2490));
#517=EDGE_LOOP('',(#2491,#2492,#2493,#2494));
#518=EDGE_LOOP('',(#2495,#2496,#2497,#2498));
#519=EDGE_LOOP('',(#2499,#2500,#2501,#2502,#2503,#2504));
#520=EDGE_LOOP('',(#2505,#2506,#2507,#2508));
#521=EDGE_LOOP('',(#2509,#2510,#2511,#2512));
#522=EDGE_LOOP('',(#2513,#2514,#2515,#2516));
#523=EDGE_LOOP('',(#2517,#2518,#2519,#2520));
#524=EDGE_LOOP('',(#2521,#2522,#2523,#2524));
#525=EDGE_LOOP('',(#2525,#2526,#2527));
#526=EDGE_LOOP('',(#2528,#2529,#2530));
#527=EDGE_LOOP('',(#2531,#2532,#2533));
#528=EDGE_LOOP('',(#2534,#2535,#2536,#2537));
#529=EDGE_LOOP('',(#2538,#2539,#2540,#2541,#2542,#2543,#2544,#2545,#2546,
#2547,#2548,#2549,#2550,#2551,#2552,#2553,#2554,#2555,#2556,#2557,#2558,
#2559,#2560));
#530=EDGE_LOOP('',(#2561));
#531=EDGE_LOOP('',(#2562));
#532=EDGE_LOOP('',(#2563));
#533=EDGE_LOOP('',(#2564));
#534=EDGE_LOOP('',(#2565));
#535=EDGE_LOOP('',(#2566));
#536=EDGE_LOOP('',(#2567));
#537=EDGE_LOOP('',(#2568));
#538=EDGE_LOOP('',(#2569));
#539=EDGE_LOOP('',(#2570,#2571,#2572,#2573));
#540=EDGE_LOOP('',(#2574,#2575,#2576,#2577));
#541=EDGE_LOOP('',(#2578));
#542=EDGE_LOOP('',(#2579));
#543=EDGE_LOOP('',(#2580));
#544=EDGE_LOOP('',(#2581));
#545=EDGE_LOOP('',(#2582,#2583,#2584));
#546=EDGE_LOOP('',(#2585,#2586,#2587));
#547=EDGE_LOOP('',(#2588,#2589,#2590,#2591));
#548=EDGE_LOOP('',(#2592,#2593,#2594,#2595));
#549=EDGE_LOOP('',(#2596,#2597,#2598,#2599,#2600,#2601));
#550=EDGE_LOOP('',(#2602,#2603,#2604,#2605,#2606,#2607));
#551=EDGE_LOOP('',(#2608,#2609,#2610,#2611,#2612,#2613,#2614,#2615,#2616));
#552=EDGE_LOOP('',(#2617,#2618,#2619,#2620));
#553=EDGE_LOOP('',(#2621,#2622,#2623,#2624));
#554=EDGE_LOOP('',(#2625,#2626,#2627,#2628));
#555=EDGE_LOOP('',(#2629,#2630,#2631,#2632));
#556=EDGE_LOOP('',(#2633,#2634,#2635,#2636));
#557=EDGE_LOOP('',(#2637,#2638,#2639,#2640));
#558=EDGE_LOOP('',(#2641,#2642,#2643,#2644));
#559=EDGE_LOOP('',(#2645,#2646,#2647,#2648));
#560=EDGE_LOOP('',(#2649,#2650,#2651,#2652));
#561=EDGE_LOOP('',(#2653,#2654,#2655,#2656,#2657));
#562=EDGE_LOOP('',(#2658,#2659,#2660,#2661));
#563=EDGE_LOOP('',(#2662,#2663,#2664,#2665));
#564=EDGE_LOOP('',(#2666,#2667,#2668,#2669));
#565=EDGE_LOOP('',(#2670,#2671,#2672,#2673));
#566=EDGE_LOOP('',(#2674,#2675,#2676,#2677));
#567=EDGE_LOOP('',(#2678,#2679,#2680,#2681,#2682));
#568=EDGE_LOOP('',(#2683,#2684,#2685,#2686,#2687,#2688));
#569=EDGE_LOOP('',(#2689,#2690,#2691,#2692,#2693));
#570=EDGE_LOOP('',(#2694,#2695,#2696,#2697,#2698));
#571=EDGE_LOOP('',(#2699,#2700,#2701,#2702));
#572=EDGE_LOOP('',(#2703,#2704,#2705,#2706));
#573=EDGE_LOOP('',(#2707,#2708,#2709,#2710));
#574=EDGE_LOOP('',(#2711,#2712,#2713,#2714,#2715));
#575=EDGE_LOOP('',(#2716,#2717,#2718,#2719,#2720));
#576=EDGE_LOOP('',(#2721,#2722,#2723,#2724,#2725,#2726,#2727));
#577=EDGE_LOOP('',(#2728,#2729,#2730,#2731));
#578=EDGE_LOOP('',(#2732,#2733,#2734,#2735));
#579=EDGE_LOOP('',(#2736,#2737,#2738,#2739));
#580=EDGE_LOOP('',(#2740,#2741,#2742,#2743));
#581=EDGE_LOOP('',(#2744,#2745,#2746,#2747));
#582=EDGE_LOOP('',(#2748,#2749,#2750,#2751));
#583=EDGE_LOOP('',(#2752,#2753,#2754,#2755));
#584=EDGE_LOOP('',(#2756,#2757,#2758,#2759,#2760,#2761,#2762,#2763,#2764));
#585=EDGE_LOOP('',(#2765,#2766,#2767,#2768));
#586=EDGE_LOOP('',(#2769,#2770,#2771,#2772,#2773,#2774));
#587=EDGE_LOOP('',(#2775,#2776,#2777,#2778));
#588=EDGE_LOOP('',(#2779,#2780,#2781,#2782,#2783,#2784,#2785,#2786,#2787,
#2788,#2789));
#589=EDGE_LOOP('',(#2790,#2791,#2792,#2793));
#590=EDGE_LOOP('',(#2794,#2795,#2796,#2797));
#591=EDGE_LOOP('',(#2798,#2799,#2800,#2801));
#592=EDGE_LOOP('',(#2802,#2803,#2804,#2805,#2806,#2807,#2808,#2809,#2810,
#2811,#2812,#2813,#2814,#2815,#2816,#2817,#2818,#2819,#2820,#2821,#2822,
#2823));
#593=EDGE_LOOP('',(#2824));
#594=EDGE_LOOP('',(#2825));
#595=EDGE_LOOP('',(#2826));
#596=EDGE_LOOP('',(#2827));
#597=EDGE_LOOP('',(#2828));
#598=EDGE_LOOP('',(#2829));
#599=EDGE_LOOP('',(#2830,#2831,#2832,#2833,#2834,#2835,#2836,#2837,#2838,
#2839));
#600=EDGE_LOOP('',(#2840,#2841,#2842,#2843));
#601=EDGE_LOOP('',(#2844,#2845,#2846,#2847));
#602=EDGE_LOOP('',(#2848));
#603=EDGE_LOOP('',(#2849));
#604=LINE('',#4163,#931);
#605=LINE('',#4169,#932);
#606=LINE('',#4175,#933);
#607=LINE('',#4181,#934);
#608=LINE('',#4188,#935);
#609=LINE('',#4194,#936);
#610=LINE('',#4201,#937);
#611=LINE('',#4207,#938);
#612=LINE('',#4214,#939);
#613=LINE('',#4220,#940);
#614=LINE('',#4227,#941);
#615=LINE('',#4233,#942);
#616=LINE('',#4240,#943);
#617=LINE('',#4246,#944);
#618=LINE('',#4253,#945);
#619=LINE('',#4260,#946);
#620=LINE('',#4267,#947);
#621=LINE('',#4274,#948);
#622=LINE('',#4281,#949);
#623=LINE('',#4288,#950);
#624=LINE('',#4317,#951);
#625=LINE('',#4320,#952);
#626=LINE('',#4325,#953);
#627=LINE('',#4332,#954);
#628=LINE('',#4339,#955);
#629=LINE('',#4346,#956);
#630=LINE('',#4353,#957);
#631=LINE('',#4360,#958);
#632=LINE('',#4367,#959);
#633=LINE('',#4374,#960);
#634=LINE('',#4381,#961);
#635=LINE('',#4388,#962);
#636=LINE('',#4395,#963);
#637=LINE('',#4402,#964);
#638=LINE('',#4409,#965);
#639=LINE('',#4416,#966);
#640=LINE('',#4423,#967);
#641=LINE('',#4429,#968);
#642=LINE('',#4431,#969);
#643=LINE('',#4433,#970);
#644=LINE('',#4435,#971);
#645=LINE('',#4436,#972);
#646=LINE('',#4441,#973);
#647=LINE('',#4445,#974);
#648=LINE('',#4449,#975);
#649=LINE('',#4453,#976);
#650=LINE('',#4455,#977);
#651=LINE('',#4457,#978);
#652=LINE('',#4459,#979);
#653=LINE('',#4461,#980);
#654=LINE('',#4463,#981);
#655=LINE('',#4465,#982);
#656=LINE('',#4467,#983);
#657=LINE('',#4469,#984);
#658=LINE('',#4470,#985);
#659=LINE('',#4474,#986);
#660=LINE('',#4478,#987);
#661=LINE('',#4480,#988);
#662=LINE('',#4481,#989);
#663=LINE('',#4484,#990);
#664=LINE('',#4487,#991);
#665=LINE('',#4490,#992);
#666=LINE('',#4491,#993);
#667=LINE('',#4494,#994);
#668=LINE('',#4498,#995);
#669=LINE('',#4499,#996);
#670=LINE('',#4501,#997);
#671=LINE('',#4505,#998);
#672=LINE('',#4509,#999);
#673=LINE('',#4510,#1000);
#674=LINE('',#4514,#1001);
#675=LINE('',#4517,#1002);
#676=LINE('',#4518,#1003);
#677=LINE('',#4521,#1004);
#678=LINE('',#4522,#1005);
#679=LINE('',#4524,#1006);
#680=LINE('',#4526,#1007);
#681=LINE('',#4531,#1008);
#682=LINE('',#4532,#1009);
#683=LINE('',#4533,#1010);
#684=LINE('',#4536,#1011);
#685=LINE('',#4537,#1012);
#686=LINE('',#4540,#1013);
#687=LINE('',#4541,#1014);
#688=LINE('',#4544,#1015);
#689=LINE('',#4545,#1016);
#690=LINE('',#4548,#1017);
#691=LINE('',#4549,#1018);
#692=LINE('',#4552,#1019);
#693=LINE('',#4553,#1020);
#694=LINE('',#4556,#1021);
#695=LINE('',#4557,#1022);
#696=LINE('',#4560,#1023);
#697=LINE('',#4561,#1024);
#698=LINE('',#4563,#1025);
#699=LINE('',#4567,#1026);
#700=LINE('',#4569,#1027);
#701=LINE('',#4571,#1028);
#702=LINE('',#4573,#1029);
#703=LINE('',#4575,#1030);
#704=LINE('',#4577,#1031);
#705=LINE('',#4579,#1032);
#706=LINE('',#4581,#1033);
#707=LINE('',#4583,#1034);
#708=LINE('',#4585,#1035);
#709=LINE('',#4587,#1036);
#710=LINE('',#4589,#1037);
#711=LINE('',#4591,#1038);
#712=LINE('',#4593,#1039);
#713=LINE('',#4595,#1040);
#714=LINE('',#4597,#1041);
#715=LINE('',#4599,#1042);
#716=LINE('',#4600,#1043);
#717=LINE('',#4602,#1044);
#718=LINE('',#4604,#1045);
#719=LINE('',#4606,#1046);
#720=LINE('',#4608,#1047);
#721=LINE('',#4610,#1048);
#722=LINE('',#4612,#1049);
#723=LINE('',#4614,#1050);
#724=LINE('',#4616,#1051);
#725=LINE('',#4618,#1052);
#726=LINE('',#4620,#1053);
#727=LINE('',#4622,#1054);
#728=LINE('',#4624,#1055);
#729=LINE('',#4625,#1056);
#730=LINE('',#4628,#1057);
#731=LINE('',#4630,#1058);
#732=LINE('',#4631,#1059);
#733=LINE('',#4634,#1060);
#734=LINE('',#4636,#1061);
#735=LINE('',#4637,#1062);
#736=LINE('',#4640,#1063);
#737=LINE('',#4641,#1064);
#738=LINE('',#4644,#1065);
#739=LINE('',#4645,#1066);
#740=LINE('',#4648,#1067);
#741=LINE('',#4649,#1068);
#742=LINE('',#4652,#1069);
#743=LINE('',#4653,#1070);
#744=LINE('',#4656,#1071);
#745=LINE('',#4657,#1072);
#746=LINE('',#4659,#1073);
#747=LINE('',#4661,#1074);
#748=LINE('',#4665,#1075);
#749=LINE('',#4667,#1076);
#750=LINE('',#4668,#1077);
#751=LINE('',#4672,#1078);
#752=LINE('',#4674,#1079);
#753=LINE('',#4675,#1080);
#754=LINE('',#4679,#1081);
#755=LINE('',#4681,#1082);
#756=LINE('',#4682,#1083);
#757=LINE('',#4686,#1084);
#758=LINE('',#4688,#1085);
#759=LINE('',#4690,#1086);
#760=LINE('',#4691,#1087);
#761=LINE('',#4695,#1088);
#762=LINE('',#4697,#1089);
#763=LINE('',#4698,#1090);
#764=LINE('',#4701,#1091);
#765=LINE('',#4702,#1092);
#766=LINE('',#4703,#1093);
#767=LINE('',#4706,#1094);
#768=LINE('',#4707,#1095);
#769=LINE('',#4709,#1096);
#770=LINE('',#4710,#1097);
#771=LINE('',#4714,#1098);
#772=LINE('',#4715,#1099);
#773=LINE('',#4716,#1100);
#774=LINE('',#4718,#1101);
#775=LINE('',#4719,#1102);
#776=LINE('',#4722,#1103);
#777=LINE('',#4723,#1104);
#778=LINE('',#4725,#1105);
#779=LINE('',#4727,#1106);
#780=LINE('',#4728,#1107);
#781=LINE('',#4731,#1108);
#782=LINE('',#4732,#1109);
#783=LINE('',#4735,#1110);
#784=LINE('',#4736,#1111);
#785=LINE('',#4738,#1112);
#786=LINE('',#4740,#1113);
#787=LINE('',#4741,#1114);
#788=LINE('',#4744,#1115);
#789=LINE('',#4745,#1116);
#790=LINE('',#4748,#1117);
#791=LINE('',#4749,#1118);
#792=LINE('',#4752,#1119);
#793=LINE('',#4753,#1120);
#794=LINE('',#4756,#1121);
#795=LINE('',#4757,#1122);
#796=LINE('',#4761,#1123);
#797=LINE('',#4762,#1124);
#798=LINE('',#4763,#1125);
#799=LINE('',#4765,#1126);
#800=LINE('',#4767,#1127);
#801=LINE('',#4769,#1128);
#802=LINE('',#4772,#1129);
#803=LINE('',#4774,#1130);
#804=LINE('',#4775,#1131);
#805=LINE('',#4778,#1132);
#806=LINE('',#4780,#1133);
#807=LINE('',#4782,#1134);
#808=LINE('',#4784,#1135);
#809=LINE('',#4786,#1136);
#810=LINE('',#4788,#1137);
#811=LINE('',#4789,#1138);
#812=LINE('',#4791,#1139);
#813=LINE('',#4793,#1140);
#814=LINE('',#4795,#1141);
#815=LINE('',#4797,#1142);
#816=LINE('',#4799,#1143);
#817=LINE('',#4801,#1144);
#818=LINE('',#4803,#1145);
#819=LINE('',#4805,#1146);
#820=LINE('',#4806,#1147);
#821=LINE('',#4809,#1148);
#822=LINE('',#4811,#1149);
#823=LINE('',#4813,#1150);
#824=LINE('',#4814,#1151);
#825=LINE('',#4817,#1152);
#826=LINE('',#4819,#1153);
#827=LINE('',#4821,#1154);
#828=LINE('',#4822,#1155);
#829=LINE('',#4825,#1156);
#830=LINE('',#4826,#1157);
#831=LINE('',#4829,#1158);
#832=LINE('',#4830,#1159);
#833=LINE('',#4833,#1160);
#834=LINE('',#4835,#1161);
#835=LINE('',#4837,#1162);
#836=LINE('',#4838,#1163);
#837=LINE('',#4842,#1164);
#838=LINE('',#4844,#1165);
#839=LINE('',#4846,#1166);
#840=LINE('',#4847,#1167);
#841=LINE('',#4851,#1168);
#842=LINE('',#4853,#1169);
#843=LINE('',#4855,#1170);
#844=LINE('',#4857,#1171);
#845=LINE('',#4859,#1172);
#846=LINE('',#4860,#1173);
#847=LINE('',#4862,#1174);
#848=LINE('',#4863,#1175);
#849=LINE('',#4865,#1176);
#850=LINE('',#4867,#1177);
#851=LINE('',#4871,#1178);
#852=LINE('',#4872,#1179);
#853=LINE('',#4873,#1180);
#854=LINE('',#4876,#1181);
#855=LINE('',#4877,#1182);
#856=LINE('',#4880,#1183);
#857=LINE('',#4881,#1184);
#858=LINE('',#4883,#1185);
#859=LINE('',#4887,#1186);
#860=LINE('',#4888,#1187);
#861=LINE('',#4889,#1188);
#862=LINE('',#4892,#1189);
#863=LINE('',#4893,#1190);
#864=LINE('',#4896,#1191);
#865=LINE('',#4897,#1192);
#866=LINE('',#4899,#1193);
#867=LINE('',#4903,#1194);
#868=LINE('',#4904,#1195);
#869=LINE('',#4905,#1196);
#870=LINE('',#4908,#1197);
#871=LINE('',#4909,#1198);
#872=LINE('',#4912,#1199);
#873=LINE('',#4913,#1200);
#874=LINE('',#4916,#1201);
#875=LINE('',#4917,#1202);
#876=LINE('',#4920,#1203);
#877=LINE('',#4921,#1204);
#878=LINE('',#4924,#1205);
#879=LINE('',#4925,#1206);
#880=LINE('',#4928,#1207);
#881=LINE('',#4929,#1208);
#882=LINE('',#4932,#1209);
#883=LINE('',#4933,#1210);
#884=LINE('',#4936,#1211);
#885=LINE('',#4937,#1212);
#886=LINE('',#4939,#1213);
#887=LINE('',#4943,#1214);
#888=LINE('',#4944,#1215);
#889=LINE('',#4945,#1216);
#890=LINE('',#4948,#1217);
#891=LINE('',#4949,#1218);
#892=LINE('',#4952,#1219);
#893=LINE('',#4953,#1220);
#894=LINE('',#4956,#1221);
#895=LINE('',#4957,#1222);
#896=LINE('',#4960,#1223);
#897=LINE('',#4961,#1224);
#898=LINE('',#4964,#1225);
#899=LINE('',#4965,#1226);
#900=LINE('',#4968,#1227);
#901=LINE('',#4969,#1228);
#902=LINE('',#4972,#1229);
#903=LINE('',#4973,#1230);
#904=LINE('',#4976,#1231);
#905=LINE('',#4977,#1232);
#906=LINE('',#4980,#1233);
#907=LINE('',#4981,#1234);
#908=LINE('',#4984,#1235);
#909=LINE('',#4985,#1236);
#910=LINE('',#4988,#1237);
#911=LINE('',#4989,#1238);
#912=LINE('',#4992,#1239);
#913=LINE('',#4993,#1240);
#914=LINE('',#4996,#1241);
#915=LINE('',#4997,#1242);
#916=LINE('',#5000,#1243);
#917=LINE('',#5001,#1244);
#918=LINE('',#5004,#1245);
#919=LINE('',#5005,#1246);
#920=LINE('',#5008,#1247);
#921=LINE('',#5009,#1248);
#922=LINE('',#5012,#1249);
#923=LINE('',#5014,#1250);
#924=LINE('',#5015,#1251);
#925=LINE('',#5016,#1252);
#926=LINE('',#5019,#1253);
#927=LINE('',#5020,#1254);
#928=LINE('',#5023,#1255);
#929=LINE('',#5024,#1256);
#930=LINE('',#5026,#1257);
#931=VECTOR('',#3323,0.22945);
#932=VECTOR('',#3330,0.3);
#933=VECTOR('',#3337,0.17);
#934=VECTOR('',#3344,0.4);
#935=VECTOR('',#3353,0.17);
#936=VECTOR('',#3360,0.4);
#937=VECTOR('',#3369,0.17);
#938=VECTOR('',#3376,0.4);
#939=VECTOR('',#3385,0.17);
#940=VECTOR('',#3392,0.4);
#941=VECTOR('',#3401,0.17);
#942=VECTOR('',#3408,0.4);
#943=VECTOR('',#3417,0.17);
#944=VECTOR('',#3424,0.4);
#945=VECTOR('',#3433,0.22265);
#946=VECTOR('',#3442,0.22065);
#947=VECTOR('',#3451,0.2227);
#948=VECTOR('',#3460,0.22095);
#949=VECTOR('',#3469,0.4157);
#950=VECTOR('',#3478,0.4157);
#951=VECTOR('',#3491,1.);
#952=VECTOR('',#3494,1.);
#953=VECTOR('',#3499,0.4075);
#954=VECTOR('',#3508,0.4075);
#955=VECTOR('',#3517,0.4075);
#956=VECTOR('',#3526,0.4075);
#957=VECTOR('',#3535,0.4075);
#958=VECTOR('',#3544,0.4075);
#959=VECTOR('',#3553,0.4075);
#960=VECTOR('',#3562,0.4075);
#961=VECTOR('',#3571,0.4075);
#962=VECTOR('',#3580,0.4075);
#963=VECTOR('',#3589,0.4075);
#964=VECTOR('',#3598,0.4075);
#965=VECTOR('',#3607,0.4075);
#966=VECTOR('',#3616,0.4075);
#967=VECTOR('',#3625,0.4075);
#968=VECTOR('',#3632,1.);
#969=VECTOR('',#3633,1.);
#970=VECTOR('',#3634,1.);
#971=VECTOR('',#3635,1.);
#972=VECTOR('',#3636,1.);
#973=VECTOR('',#3641,1.);
#974=VECTOR('',#3644,1.);
#975=VECTOR('',#3649,1.);
#976=VECTOR('',#3652,1.);
#977=VECTOR('',#3653,1.);
#978=VECTOR('',#3654,1.);
#979=VECTOR('',#3655,1.);
#980=VECTOR('',#3656,1.);
#981=VECTOR('',#3657,1.);
#982=VECTOR('',#3658,1.);
#983=VECTOR('',#3659,1.);
#984=VECTOR('',#3660,1.);
#985=VECTOR('',#3661,1.);
#986=VECTOR('',#3664,1.);
#987=VECTOR('',#3667,1.);
#988=VECTOR('',#3668,1.);
#989=VECTOR('',#3669,1.);
#990=VECTOR('',#3672,1.);
#991=VECTOR('',#3675,1.);
#992=VECTOR('',#3678,1.);
#993=VECTOR('',#3679,1.);
#994=VECTOR('',#3682,1.);
#995=VECTOR('',#3687,1.);
#996=VECTOR('',#3688,1.);
#997=VECTOR('',#3691,1.);
#998=VECTOR('',#3696,1.);
#999=VECTOR('',#3701,1.);
#1000=VECTOR('',#3702,1.);
#1001=VECTOR('',#3707,1.);
#1002=VECTOR('',#3710,1.);
#1003=VECTOR('',#3711,1.);
#1004=VECTOR('',#3714,1.);
#1005=VECTOR('',#3715,1.);
#1006=VECTOR('',#3718,1.);
#1007=VECTOR('',#3721,1.);
#1008=VECTOR('',#3726,1.);
#1009=VECTOR('',#3727,1.);
#1010=VECTOR('',#3728,1.);
#1011=VECTOR('',#3731,1.);
#1012=VECTOR('',#3732,1.);
#1013=VECTOR('',#3735,1.);
#1014=VECTOR('',#3736,1.);
#1015=VECTOR('',#3739,1.);
#1016=VECTOR('',#3740,1.);
#1017=VECTOR('',#3743,1.);
#1018=VECTOR('',#3744,1.);
#1019=VECTOR('',#3747,1.);
#1020=VECTOR('',#3748,1.);
#1021=VECTOR('',#3751,1.);
#1022=VECTOR('',#3752,1.);
#1023=VECTOR('',#3755,1.);
#1024=VECTOR('',#3756,1.);
#1025=VECTOR('',#3759,1.);
#1026=VECTOR('',#3762,1.);
#1027=VECTOR('',#3763,1.);
#1028=VECTOR('',#3764,1.);
#1029=VECTOR('',#3765,1.);
#1030=VECTOR('',#3766,1.);
#1031=VECTOR('',#3767,1.);
#1032=VECTOR('',#3768,1.);
#1033=VECTOR('',#3769,1.);
#1034=VECTOR('',#3770,1.);
#1035=VECTOR('',#3771,1.);
#1036=VECTOR('',#3772,1.);
#1037=VECTOR('',#3773,1.);
#1038=VECTOR('',#3774,1.);
#1039=VECTOR('',#3775,1.);
#1040=VECTOR('',#3776,1.);
#1041=VECTOR('',#3777,1.);
#1042=VECTOR('',#3778,1.);
#1043=VECTOR('',#3779,1.);
#1044=VECTOR('',#3780,1.);
#1045=VECTOR('',#3781,1.);
#1046=VECTOR('',#3782,1.);
#1047=VECTOR('',#3783,1.);
#1048=VECTOR('',#3784,1.);
#1049=VECTOR('',#3785,1.);
#1050=VECTOR('',#3786,1.);
#1051=VECTOR('',#3787,1.);
#1052=VECTOR('',#3788,1.);
#1053=VECTOR('',#3789,1.);
#1054=VECTOR('',#3790,1.);
#1055=VECTOR('',#3791,1.);
#1056=VECTOR('',#3792,1.);
#1057=VECTOR('',#3795,1.);
#1058=VECTOR('',#3796,1.);
#1059=VECTOR('',#3797,1.);
#1060=VECTOR('',#3800,1.);
#1061=VECTOR('',#3801,1.);
#1062=VECTOR('',#3802,1.);
#1063=VECTOR('',#3805,1.);
#1064=VECTOR('',#3806,1.);
#1065=VECTOR('',#3809,1.);
#1066=VECTOR('',#3810,1.);
#1067=VECTOR('',#3813,1.);
#1068=VECTOR('',#3814,1.);
#1069=VECTOR('',#3817,1.);
#1070=VECTOR('',#3818,1.);
#1071=VECTOR('',#3821,1.);
#1072=VECTOR('',#3822,1.);
#1073=VECTOR('',#3825,1.);
#1074=VECTOR('',#3828,1.);
#1075=VECTOR('',#3831,1.);
#1076=VECTOR('',#3832,1.);
#1077=VECTOR('',#3833,1.);
#1078=VECTOR('',#3836,1.);
#1079=VECTOR('',#3837,1.);
#1080=VECTOR('',#3838,1.);
#1081=VECTOR('',#3841,1.);
#1082=VECTOR('',#3842,1.);
#1083=VECTOR('',#3843,1.);
#1084=VECTOR('',#3846,1.);
#1085=VECTOR('',#3847,1.);
#1086=VECTOR('',#3848,1.);
#1087=VECTOR('',#3849,1.);
#1088=VECTOR('',#3852,1.);
#1089=VECTOR('',#3853,1.);
#1090=VECTOR('',#3854,1.);
#1091=VECTOR('',#3857,1.);
#1092=VECTOR('',#3858,1.);
#1093=VECTOR('',#3859,1.);
#1094=VECTOR('',#3862,1.);
#1095=VECTOR('',#3863,1.);
#1096=VECTOR('',#3866,1.);
#1097=VECTOR('',#3867,1.);
#1098=VECTOR('',#3870,1.);
#1099=VECTOR('',#3871,1.);
#1100=VECTOR('',#3872,1.);
#1101=VECTOR('',#3875,1.);
#1102=VECTOR('',#3876,1.);
#1103=VECTOR('',#3879,1.);
#1104=VECTOR('',#3880,1.);
#1105=VECTOR('',#3883,1.);
#1106=VECTOR('',#3884,1.);
#1107=VECTOR('',#3885,1.);
#1108=VECTOR('',#3888,1.);
#1109=VECTOR('',#3889,1.);
#1110=VECTOR('',#3892,1.);
#1111=VECTOR('',#3893,1.);
#1112=VECTOR('',#3896,1.);
#1113=VECTOR('',#3897,1.);
#1114=VECTOR('',#3898,1.);
#1115=VECTOR('',#3901,1.);
#1116=VECTOR('',#3902,1.);
#1117=VECTOR('',#3905,1.);
#1118=VECTOR('',#3906,1.);
#1119=VECTOR('',#3909,1.);
#1120=VECTOR('',#3910,1.);
#1121=VECTOR('',#3913,1.);
#1122=VECTOR('',#3914,1.);
#1123=VECTOR('',#3917,1.);
#1124=VECTOR('',#3918,1.);
#1125=VECTOR('',#3919,1.);
#1126=VECTOR('',#3922,1.);
#1127=VECTOR('',#3925,1.);
#1128=VECTOR('',#3928,1.);
#1129=VECTOR('',#3931,1.);
#1130=VECTOR('',#3932,1.);
#1131=VECTOR('',#3933,1.);
#1132=VECTOR('',#3936,1.);
#1133=VECTOR('',#3937,1.);
#1134=VECTOR('',#3938,1.);
#1135=VECTOR('',#3939,1.);
#1136=VECTOR('',#3940,1.);
#1137=VECTOR('',#3941,1.);
#1138=VECTOR('',#3942,1.);
#1139=VECTOR('',#3943,1.);
#1140=VECTOR('',#3944,1.);
#1141=VECTOR('',#3945,1.);
#1142=VECTOR('',#3946,1.);
#1143=VECTOR('',#3947,1.);
#1144=VECTOR('',#3948,1.);
#1145=VECTOR('',#3949,1.);
#1146=VECTOR('',#3950,1.);
#1147=VECTOR('',#3951,1.);
#1148=VECTOR('',#3952,1.);
#1149=VECTOR('',#3953,1.);
#1150=VECTOR('',#3954,1.);
#1151=VECTOR('',#3955,1.);
#1152=VECTOR('',#3956,1.);
#1153=VECTOR('',#3957,1.);
#1154=VECTOR('',#3958,1.);
#1155=VECTOR('',#3959,1.);
#1156=VECTOR('',#3962,1.);
#1157=VECTOR('',#3963,1.);
#1158=VECTOR('',#3966,1.);
#1159=VECTOR('',#3967,1.);
#1160=VECTOR('',#3970,1.);
#1161=VECTOR('',#3971,1.);
#1162=VECTOR('',#3972,1.);
#1163=VECTOR('',#3973,1.);
#1164=VECTOR('',#3976,1.);
#1165=VECTOR('',#3977,1.);
#1166=VECTOR('',#3978,1.);
#1167=VECTOR('',#3979,1.);
#1168=VECTOR('',#3982,1.);
#1169=VECTOR('',#3983,1.);
#1170=VECTOR('',#3984,1.);
#1171=VECTOR('',#3985,1.);
#1172=VECTOR('',#3986,1.);
#1173=VECTOR('',#3987,1.);
#1174=VECTOR('',#3990,1.);
#1175=VECTOR('',#3991,1.);
#1176=VECTOR('',#3994,1.);
#1177=VECTOR('',#3997,1.);
#1178=VECTOR('',#4000,1.);
#1179=VECTOR('',#4001,1.);
#1180=VECTOR('',#4002,1.);
#1181=VECTOR('',#4005,1.);
#1182=VECTOR('',#4006,1.);
#1183=VECTOR('',#4009,1.);
#1184=VECTOR('',#4010,1.);
#1185=VECTOR('',#4013,1.);
#1186=VECTOR('',#4016,1.);
#1187=VECTOR('',#4017,1.);
#1188=VECTOR('',#4018,1.);
#1189=VECTOR('',#4021,1.);
#1190=VECTOR('',#4022,1.);
#1191=VECTOR('',#4025,1.);
#1192=VECTOR('',#4026,1.);
#1193=VECTOR('',#4029,1.);
#1194=VECTOR('',#4032,1.);
#1195=VECTOR('',#4033,1.);
#1196=VECTOR('',#4034,1.);
#1197=VECTOR('',#4037,1.);
#1198=VECTOR('',#4038,1.);
#1199=VECTOR('',#4041,1.);
#1200=VECTOR('',#4042,1.);
#1201=VECTOR('',#4045,1.);
#1202=VECTOR('',#4046,1.);
#1203=VECTOR('',#4049,1.);
#1204=VECTOR('',#4050,1.);
#1205=VECTOR('',#4053,1.);
#1206=VECTOR('',#4054,1.);
#1207=VECTOR('',#4057,1.);
#1208=VECTOR('',#4058,1.);
#1209=VECTOR('',#4061,1.);
#1210=VECTOR('',#4062,1.);
#1211=VECTOR('',#4065,1.);
#1212=VECTOR('',#4066,1.);
#1213=VECTOR('',#4069,1.);
#1214=VECTOR('',#4072,1.);
#1215=VECTOR('',#4073,1.);
#1216=VECTOR('',#4074,1.);
#1217=VECTOR('',#4077,1.);
#1218=VECTOR('',#4078,1.);
#1219=VECTOR('',#4081,1.);
#1220=VECTOR('',#4082,1.);
#1221=VECTOR('',#4085,1.);
#1222=VECTOR('',#4086,1.);
#1223=VECTOR('',#4089,1.);
#1224=VECTOR('',#4090,1.);
#1225=VECTOR('',#4093,1.);
#1226=VECTOR('',#4094,1.);
#1227=VECTOR('',#4097,1.);
#1228=VECTOR('',#4098,1.);
#1229=VECTOR('',#4101,1.);
#1230=VECTOR('',#4102,1.);
#1231=VECTOR('',#4105,1.);
#1232=VECTOR('',#4106,1.);
#1233=VECTOR('',#4109,1.);
#1234=VECTOR('',#4110,1.);
#1235=VECTOR('',#4113,1.);
#1236=VECTOR('',#4114,1.);
#1237=VECTOR('',#4117,1.);
#1238=VECTOR('',#4118,1.);
#1239=VECTOR('',#4121,1.);
#1240=VECTOR('',#4122,1.);
#1241=VECTOR('',#4125,1.);
#1242=VECTOR('',#4126,1.);
#1243=VECTOR('',#4129,1.);
#1244=VECTOR('',#4130,1.);
#1245=VECTOR('',#4133,1.);
#1246=VECTOR('',#4134,1.);
#1247=VECTOR('',#4137,1.);
#1248=VECTOR('',#4138,1.);
#1249=VECTOR('',#4141,1.);
#1250=VECTOR('',#4142,1.);
#1251=VECTOR('',#4143,1.);
#1252=VECTOR('',#4144,1.);
#1253=VECTOR('',#4147,1.);
#1254=VECTOR('',#4148,1.);
#1255=VECTOR('',#4151,1.);
#1256=VECTOR('',#4152,1.);
#1257=VECTOR('',#4155,1.);
#1258=CIRCLE('',#3062,0.22945);
#1259=CIRCLE('',#3063,0.22945);
#1260=CIRCLE('',#3065,0.3);
#1261=CIRCLE('',#3066,0.3);
#1262=CIRCLE('',#3068,0.17);
#1263=CIRCLE('',#3069,0.17);
#1264=CIRCLE('',#3071,0.4);
#1265=CIRCLE('',#3072,0.4);
#1266=CIRCLE('',#3075,0.17);
#1267=CIRCLE('',#3076,0.17);
#1268=CIRCLE('',#3078,0.4);
#1269=CIRCLE('',#3079,0.4);
#1270=CIRCLE('',#3082,0.17);
#1271=CIRCLE('',#3083,0.17);
#1272=CIRCLE('',#3085,0.4);
#1273=CIRCLE('',#3086,0.4);
#1274=CIRCLE('',#3089,0.17);
#1275=CIRCLE('',#3090,0.17);
#1276=CIRCLE('',#3092,0.4);
#1277=CIRCLE('',#3093,0.4);
#1278=CIRCLE('',#3096,0.17);
#1279=CIRCLE('',#3097,0.17);
#1280=CIRCLE('',#3099,0.4);
#1281=CIRCLE('',#3100,0.4);
#1282=CIRCLE('',#3103,0.17);
#1283=CIRCLE('',#3104,0.17);
#1284=CIRCLE('',#3106,0.4);
#1285=CIRCLE('',#3107,0.4);
#1286=CIRCLE('',#3110,0.22265);
#1287=CIRCLE('',#3111,0.22265);
#1288=CIRCLE('',#3114,0.22065);
#1289=CIRCLE('',#3115,0.22065);
#1290=CIRCLE('',#3118,0.2227);
#1291=CIRCLE('',#3119,0.2227);
#1292=CIRCLE('',#3122,0.22095);
#1293=CIRCLE('',#3123,0.22095);
#1294=CIRCLE('',#3126,0.4157);
#1295=CIRCLE('',#3127,0.4157);
#1296=CIRCLE('',#3130,0.4157);
#1297=CIRCLE('',#3131,0.4157);
#1298=CIRCLE('',#3134,0.495);
#1299=CIRCLE('',#3136,0.6);
#1300=CIRCLE('',#3137,0.6);
#1301=CIRCLE('',#3139,0.32);
#1302=CIRCLE('',#3140,0.495);
#1303=CIRCLE('',#3143,0.32);
#1304=CIRCLE('',#3144,0.495);
#1305=CIRCLE('',#3147,0.32);
#1306=CIRCLE('',#3148,0.495);
#1307=CIRCLE('',#3151,0.32);
#1308=CIRCLE('',#3152,0.495);
#1309=CIRCLE('',#3155,0.32);
#1310=CIRCLE('',#3156,0.495);
#1311=CIRCLE('',#3159,0.32);
#1312=CIRCLE('',#3160,0.495);
#1313=CIRCLE('',#3163,0.32);
#1314=CIRCLE('',#3164,0.495);
#1315=CIRCLE('',#3167,0.32);
#1316=CIRCLE('',#3168,0.495);
#1317=CIRCLE('',#3171,0.32);
#1318=CIRCLE('',#3172,0.495);
#1319=CIRCLE('',#3175,0.32);
#1320=CIRCLE('',#3176,0.495);
#1321=CIRCLE('',#3179,0.32);
#1322=CIRCLE('',#3180,0.495);
#1323=CIRCLE('',#3183,0.32);
#1324=CIRCLE('',#3184,0.495);
#1325=CIRCLE('',#3187,0.32);
#1326=CIRCLE('',#3188,0.495);
#1327=CIRCLE('',#3191,0.32);
#1328=CIRCLE('',#3192,0.495);
#1329=CIRCLE('',#3195,0.32);
#1330=CIRCLE('',#3196,0.495);
#1331=CIRCLE('',#3200,0.6);
#1332=CIRCLE('',#3201,0.6);
#1333=CIRCLE('',#3202,0.6);
#1334=CIRCLE('',#3204,0.6);
#1335=CIRCLE('',#3205,0.6);
#1336=CIRCLE('',#3206,0.6);
#1337=CIRCLE('',#3208,0.6);
#1338=CIRCLE('',#3211,0.6);
#1339=CIRCLE('',#3214,0.6);
#1340=CIRCLE('',#3216,0.6);
#1341=CIRCLE('',#3219,0.6);
#1342=VERTEX_POINT('',#4160);
#1343=VERTEX_POINT('',#4162);
#1344=VERTEX_POINT('',#4166);
#1345=VERTEX_POINT('',#4168);
#1346=VERTEX_POINT('',#4172);
#1347=VERTEX_POINT('',#4174);
#1348=VERTEX_POINT('',#4178);
#1349=VERTEX_POINT('',#4180);
#1350=VERTEX_POINT('',#4185);
#1351=VERTEX_POINT('',#4187);
#1352=VERTEX_POINT('',#4191);
#1353=VERTEX_POINT('',#4193);
#1354=VERTEX_POINT('',#4198);
#1355=VERTEX_POINT('',#4200);
#1356=VERTEX_POINT('',#4204);
#1357=VERTEX_POINT('',#4206);
#1358=VERTEX_POINT('',#4211);
#1359=VERTEX_POINT('',#4213);
#1360=VERTEX_POINT('',#4217);
#1361=VERTEX_POINT('',#4219);
#1362=VERTEX_POINT('',#4224);
#1363=VERTEX_POINT('',#4226);
#1364=VERTEX_POINT('',#4230);
#1365=VERTEX_POINT('',#4232);
#1366=VERTEX_POINT('',#4237);
#1367=VERTEX_POINT('',#4239);
#1368=VERTEX_POINT('',#4243);
#1369=VERTEX_POINT('',#4245);
#1370=VERTEX_POINT('',#4250);
#1371=VERTEX_POINT('',#4252);
#1372=VERTEX_POINT('',#4257);
#1373=VERTEX_POINT('',#4259);
#1374=VERTEX_POINT('',#4264);
#1375=VERTEX_POINT('',#4266);
#1376=VERTEX_POINT('',#4271);
#1377=VERTEX_POINT('',#4273);
#1378=VERTEX_POINT('',#4278);
#1379=VERTEX_POINT('',#4280);
#1380=VERTEX_POINT('',#4285);
#1381=VERTEX_POINT('',#4287);
#1382=VERTEX_POINT('',#4292);
#1383=VERTEX_POINT('',#4293);
#1384=VERTEX_POINT('',#4297);
#1385=VERTEX_POINT('',#4314);
#1386=VERTEX_POINT('',#4316);
#1387=VERTEX_POINT('',#4318);
#1388=VERTEX_POINT('',#4322);
#1389=VERTEX_POINT('',#4324);
#1390=VERTEX_POINT('',#4329);
#1391=VERTEX_POINT('',#4331);
#1392=VERTEX_POINT('',#4336);
#1393=VERTEX_POINT('',#4338);
#1394=VERTEX_POINT('',#4343);
#1395=VERTEX_POINT('',#4345);
#1396=VERTEX_POINT('',#4350);
#1397=VERTEX_POINT('',#4352);
#1398=VERTEX_POINT('',#4357);
#1399=VERTEX_POINT('',#4359);
#1400=VERTEX_POINT('',#4364);
#1401=VERTEX_POINT('',#4366);
#1402=VERTEX_POINT('',#4371);
#1403=VERTEX_POINT('',#4373);
#1404=VERTEX_POINT('',#4378);
#1405=VERTEX_POINT('',#4380);
#1406=VERTEX_POINT('',#4385);
#1407=VERTEX_POINT('',#4387);
#1408=VERTEX_POINT('',#4392);
#1409=VERTEX_POINT('',#4394);
#1410=VERTEX_POINT('',#4399);
#1411=VERTEX_POINT('',#4401);
#1412=VERTEX_POINT('',#4406);
#1413=VERTEX_POINT('',#4408);
#1414=VERTEX_POINT('',#4413);
#1415=VERTEX_POINT('',#4415);
#1416=VERTEX_POINT('',#4420);
#1417=VERTEX_POINT('',#4422);
#1418=VERTEX_POINT('',#4427);
#1419=VERTEX_POINT('',#4428);
#1420=VERTEX_POINT('',#4430);
#1421=VERTEX_POINT('',#4432);
#1422=VERTEX_POINT('',#4434);
#1423=VERTEX_POINT('',#4438);
#1424=VERTEX_POINT('',#4440);
#1425=VERTEX_POINT('',#4442);
#1426=VERTEX_POINT('',#4444);
#1427=VERTEX_POINT('',#4448);
#1428=VERTEX_POINT('',#4450);
#1429=VERTEX_POINT('',#4452);
#1430=VERTEX_POINT('',#4454);
#1431=VERTEX_POINT('',#4456);
#1432=VERTEX_POINT('',#4458);
#1433=VERTEX_POINT('',#4460);
#1434=VERTEX_POINT('',#4462);
#1435=VERTEX_POINT('',#4464);
#1436=VERTEX_POINT('',#4466);
#1437=VERTEX_POINT('',#4468);
#1438=VERTEX_POINT('',#4471);
#1439=VERTEX_POINT('',#4473);
#1440=VERTEX_POINT('',#4475);
#1441=VERTEX_POINT('',#4477);
#1442=VERTEX_POINT('',#4479);
#1443=VERTEX_POINT('',#4483);
#1444=VERTEX_POINT('',#4485);
#1445=VERTEX_POINT('',#4489);
#1446=VERTEX_POINT('',#4493);
#1447=VERTEX_POINT('',#4497);
#1448=VERTEX_POINT('',#4504);
#1449=VERTEX_POINT('',#4508);
#1450=VERTEX_POINT('',#4512);
#1451=VERTEX_POINT('',#4516);
#1452=VERTEX_POINT('',#4520);
#1453=VERTEX_POINT('',#4529);
#1454=VERTEX_POINT('',#4530);
#1455=VERTEX_POINT('',#4535);
#1456=VERTEX_POINT('',#4539);
#1457=VERTEX_POINT('',#4543);
#1458=VERTEX_POINT('',#4547);
#1459=VERTEX_POINT('',#4551);
#1460=VERTEX_POINT('',#4555);
#1461=VERTEX_POINT('',#4559);
#1462=VERTEX_POINT('',#4565);
#1463=VERTEX_POINT('',#4566);
#1464=VERTEX_POINT('',#4568);
#1465=VERTEX_POINT('',#4570);
#1466=VERTEX_POINT('',#4572);
#1467=VERTEX_POINT('',#4574);
#1468=VERTEX_POINT('',#4576);
#1469=VERTEX_POINT('',#4578);
#1470=VERTEX_POINT('',#4580);
#1471=VERTEX_POINT('',#4582);
#1472=VERTEX_POINT('',#4584);
#1473=VERTEX_POINT('',#4586);
#1474=VERTEX_POINT('',#4588);
#1475=VERTEX_POINT('',#4590);
#1476=VERTEX_POINT('',#4592);
#1477=VERTEX_POINT('',#4594);
#1478=VERTEX_POINT('',#4596);
#1479=VERTEX_POINT('',#4598);
#1480=VERTEX_POINT('',#4601);
#1481=VERTEX_POINT('',#4603);
#1482=VERTEX_POINT('',#4605);
#1483=VERTEX_POINT('',#4607);
#1484=VERTEX_POINT('',#4609);
#1485=VERTEX_POINT('',#4611);
#1486=VERTEX_POINT('',#4613);
#1487=VERTEX_POINT('',#4615);
#1488=VERTEX_POINT('',#4617);
#1489=VERTEX_POINT('',#4619);
#1490=VERTEX_POINT('',#4621);
#1491=VERTEX_POINT('',#4623);
#1492=VERTEX_POINT('',#4627);
#1493=VERTEX_POINT('',#4629);
#1494=VERTEX_POINT('',#4633);
#1495=VERTEX_POINT('',#4635);
#1496=VERTEX_POINT('',#4639);
#1497=VERTEX_POINT('',#4643);
#1498=VERTEX_POINT('',#4647);
#1499=VERTEX_POINT('',#4651);
#1500=VERTEX_POINT('',#4655);
#1501=VERTEX_POINT('',#4663);
#1502=VERTEX_POINT('',#4664);
#1503=VERTEX_POINT('',#4666);
#1504=VERTEX_POINT('',#4670);
#1505=VERTEX_POINT('',#4671);
#1506=VERTEX_POINT('',#4673);
#1507=VERTEX_POINT('',#4677);
#1508=VERTEX_POINT('',#4678);
#1509=VERTEX_POINT('',#4680);
#1510=VERTEX_POINT('',#4684);
#1511=VERTEX_POINT('',#4685);
#1512=VERTEX_POINT('',#4687);
#1513=VERTEX_POINT('',#4689);
#1514=VERTEX_POINT('',#4693);
#1515=VERTEX_POINT('',#4694);
#1516=VERTEX_POINT('',#4696);
#1517=VERTEX_POINT('',#4700);
#1518=VERTEX_POINT('',#4705);
#1519=VERTEX_POINT('',#4712);
#1520=VERTEX_POINT('',#4713);
#1521=VERTEX_POINT('',#4721);
#1522=VERTEX_POINT('',#4726);
#1523=VERTEX_POINT('',#4730);
#1524=VERTEX_POINT('',#4734);
#1525=VERTEX_POINT('',#4739);
#1526=VERTEX_POINT('',#4743);
#1527=VERTEX_POINT('',#4747);
#1528=VERTEX_POINT('',#4751);
#1529=VERTEX_POINT('',#4755);
#1530=VERTEX_POINT('',#4759);
#1531=VERTEX_POINT('',#4760);
#1532=VERTEX_POINT('',#4771);
#1533=VERTEX_POINT('',#4773);
#1534=VERTEX_POINT('',#4777);
#1535=VERTEX_POINT('',#4779);
#1536=VERTEX_POINT('',#4781);
#1537=VERTEX_POINT('',#4783);
#1538=VERTEX_POINT('',#4785);
#1539=VERTEX_POINT('',#4787);
#1540=VERTEX_POINT('',#4790);
#1541=VERTEX_POINT('',#4792);
#1542=VERTEX_POINT('',#4794);
#1543=VERTEX_POINT('',#4796);
#1544=VERTEX_POINT('',#4798);
#1545=VERTEX_POINT('',#4800);
#1546=VERTEX_POINT('',#4802);
#1547=VERTEX_POINT('',#4804);
#1548=VERTEX_POINT('',#4807);
#1549=VERTEX_POINT('',#4808);
#1550=VERTEX_POINT('',#4810);
#1551=VERTEX_POINT('',#4812);
#1552=VERTEX_POINT('',#4815);
#1553=VERTEX_POINT('',#4816);
#1554=VERTEX_POINT('',#4818);
#1555=VERTEX_POINT('',#4820);
#1556=VERTEX_POINT('',#4824);
#1557=VERTEX_POINT('',#4828);
#1558=VERTEX_POINT('',#4832);
#1559=VERTEX_POINT('',#4834);
#1560=VERTEX_POINT('',#4836);
#1561=VERTEX_POINT('',#4840);
#1562=VERTEX_POINT('',#4841);
#1563=VERTEX_POINT('',#4843);
#1564=VERTEX_POINT('',#4845);
#1565=VERTEX_POINT('',#4849);
#1566=VERTEX_POINT('',#4850);
#1567=VERTEX_POINT('',#4852);
#1568=VERTEX_POINT('',#4854);
#1569=VERTEX_POINT('',#4856);
#1570=VERTEX_POINT('',#4858);
#1571=VERTEX_POINT('',#4869);
#1572=VERTEX_POINT('',#4870);
#1573=VERTEX_POINT('',#4875);
#1574=VERTEX_POINT('',#4879);
#1575=VERTEX_POINT('',#4885);
#1576=VERTEX_POINT('',#4886);
#1577=VERTEX_POINT('',#4891);
#1578=VERTEX_POINT('',#4895);
#1579=VERTEX_POINT('',#4901);
#1580=VERTEX_POINT('',#4902);
#1581=VERTEX_POINT('',#4907);
#1582=VERTEX_POINT('',#4911);
#1583=VERTEX_POINT('',#4915);
#1584=VERTEX_POINT('',#4919);
#1585=VERTEX_POINT('',#4923);
#1586=VERTEX_POINT('',#4927);
#1587=VERTEX_POINT('',#4931);
#1588=VERTEX_POINT('',#4935);
#1589=VERTEX_POINT('',#4941);
#1590=VERTEX_POINT('',#4942);
#1591=VERTEX_POINT('',#4947);
#1592=VERTEX_POINT('',#4951);
#1593=VERTEX_POINT('',#4955);
#1594=VERTEX_POINT('',#4959);
#1595=VERTEX_POINT('',#4963);
#1596=VERTEX_POINT('',#4967);
#1597=VERTEX_POINT('',#4971);
#1598=VERTEX_POINT('',#4975);
#1599=VERTEX_POINT('',#4979);
#1600=VERTEX_POINT('',#4983);
#1601=VERTEX_POINT('',#4987);
#1602=VERTEX_POINT('',#4991);
#1603=VERTEX_POINT('',#4995);
#1604=VERTEX_POINT('',#4999);
#1605=VERTEX_POINT('',#5003);
#1606=VERTEX_POINT('',#5007);
#1607=VERTEX_POINT('',#5011);
#1608=VERTEX_POINT('',#5013);
#1609=VERTEX_POINT('',#5018);
#1610=VERTEX_POINT('',#5022);
#1611=EDGE_CURVE('',#1342,#1342,#1258,.T.);
#1612=EDGE_CURVE('',#1342,#1343,#604,.T.);
#1613=EDGE_CURVE('',#1343,#1343,#1259,.T.);
#1614=EDGE_CURVE('',#1344,#1344,#1260,.T.);
#1615=EDGE_CURVE('',#1344,#1345,#605,.T.);
#1616=EDGE_CURVE('',#1345,#1345,#1261,.T.);
#1617=EDGE_CURVE('',#1346,#1346,#1262,.T.);
#1618=EDGE_CURVE('',#1346,#1347,#606,.T.);
#1619=EDGE_CURVE('',#1347,#1347,#1263,.T.);
#1620=EDGE_CURVE('',#1348,#1348,#1264,.T.);
#1621=EDGE_CURVE('',#1348,#1349,#607,.T.);
#1622=EDGE_CURVE('',#1349,#1349,#1265,.T.);
#1623=EDGE_CURVE('',#1350,#1350,#1266,.T.);
#1624=EDGE_CURVE('',#1350,#1351,#608,.T.);
#1625=EDGE_CURVE('',#1351,#1351,#1267,.T.);
#1626=EDGE_CURVE('',#1352,#1352,#1268,.T.);
#1627=EDGE_CURVE('',#1352,#1353,#609,.T.);
#1628=EDGE_CURVE('',#1353,#1353,#1269,.T.);
#1629=EDGE_CURVE('',#1354,#1354,#1270,.T.);
#1630=EDGE_CURVE('',#1354,#1355,#610,.T.);
#1631=EDGE_CURVE('',#1355,#1355,#1271,.T.);
#1632=EDGE_CURVE('',#1356,#1356,#1272,.T.);
#1633=EDGE_CURVE('',#1356,#1357,#611,.T.);
#1634=EDGE_CURVE('',#1357,#1357,#1273,.T.);
#1635=EDGE_CURVE('',#1358,#1358,#1274,.T.);
#1636=EDGE_CURVE('',#1358,#1359,#612,.T.);
#1637=EDGE_CURVE('',#1359,#1359,#1275,.T.);
#1638=EDGE_CURVE('',#1360,#1360,#1276,.T.);
#1639=EDGE_CURVE('',#1360,#1361,#613,.T.);
#1640=EDGE_CURVE('',#1361,#1361,#1277,.T.);
#1641=EDGE_CURVE('',#1362,#1362,#1278,.T.);
#1642=EDGE_CURVE('',#1362,#1363,#614,.T.);
#1643=EDGE_CURVE('',#1363,#1363,#1279,.T.);
#1644=EDGE_CURVE('',#1364,#1364,#1280,.T.);
#1645=EDGE_CURVE('',#1364,#1365,#615,.T.);
#1646=EDGE_CURVE('',#1365,#1365,#1281,.T.);
#1647=EDGE_CURVE('',#1366,#1366,#1282,.T.);
#1648=EDGE_CURVE('',#1366,#1367,#616,.T.);
#1649=EDGE_CURVE('',#1367,#1367,#1283,.T.);
#1650=EDGE_CURVE('',#1368,#1368,#1284,.T.);
#1651=EDGE_CURVE('',#1368,#1369,#617,.T.);
#1652=EDGE_CURVE('',#1369,#1369,#1285,.T.);
#1653=EDGE_CURVE('',#1370,#1370,#1286,.T.);
#1654=EDGE_CURVE('',#1370,#1371,#618,.T.);
#1655=EDGE_CURVE('',#1371,#1371,#1287,.T.);
#1656=EDGE_CURVE('',#1372,#1372,#1288,.T.);
#1657=EDGE_CURVE('',#1372,#1373,#619,.T.);
#1658=EDGE_CURVE('',#1373,#1373,#1289,.T.);
#1659=EDGE_CURVE('',#1374,#1374,#1290,.T.);
#1660=EDGE_CURVE('',#1374,#1375,#620,.T.);
#1661=EDGE_CURVE('',#1375,#1375,#1291,.T.);
#1662=EDGE_CURVE('',#1376,#1376,#1292,.T.);
#1663=EDGE_CURVE('',#1376,#1377,#621,.T.);
#1664=EDGE_CURVE('',#1377,#1377,#1293,.T.);
#1665=EDGE_CURVE('',#1378,#1378,#1294,.T.);
#1666=EDGE_CURVE('',#1378,#1379,#622,.T.);
#1667=EDGE_CURVE('',#1379,#1379,#1295,.T.);
#1668=EDGE_CURVE('',#1380,#1380,#1296,.T.);
#1669=EDGE_CURVE('',#1380,#1381,#623,.T.);
#1670=EDGE_CURVE('',#1381,#1381,#1297,.T.);
#1671=EDGE_CURVE('',#1382,#1383,#16,.T.);
#1672=EDGE_CURVE('',#1384,#1382,#1298,.T.);
#1673=EDGE_CURVE('',#1383,#1384,#15,.T.);
#1674=EDGE_CURVE('',#1385,#1384,#1299,.T.);
#1675=EDGE_CURVE('',#1386,#1385,#624,.T.);
#1676=EDGE_CURVE('',#1387,#1386,#1300,.T.);
#1677=EDGE_CURVE('',#1383,#1387,#625,.T.);
#1678=EDGE_CURVE('',#1388,#1388,#1301,.T.);
#1679=EDGE_CURVE('',#1388,#1389,#626,.T.);
#1680=EDGE_CURVE('',#1389,#1389,#1302,.T.);
#1681=EDGE_CURVE('',#1390,#1390,#1303,.T.);
#1682=EDGE_CURVE('',#1390,#1391,#627,.T.);
#1683=EDGE_CURVE('',#1391,#1391,#1304,.T.);
#1684=EDGE_CURVE('',#1392,#1392,#1305,.T.);
#1685=EDGE_CURVE('',#1392,#1393,#628,.T.);
#1686=EDGE_CURVE('',#1393,#1393,#1306,.T.);
#1687=EDGE_CURVE('',#1394,#1394,#1307,.T.);
#1688=EDGE_CURVE('',#1394,#1395,#629,.T.);
#1689=EDGE_CURVE('',#1395,#1395,#1308,.T.);
#1690=EDGE_CURVE('',#1396,#1396,#1309,.T.);
#1691=EDGE_CURVE('',#1396,#1397,#630,.T.);
#1692=EDGE_CURVE('',#1397,#1397,#1310,.T.);
#1693=EDGE_CURVE('',#1398,#1398,#1311,.T.);
#1694=EDGE_CURVE('',#1398,#1399,#631,.T.);
#1695=EDGE_CURVE('',#1399,#1399,#1312,.T.);
#1696=EDGE_CURVE('',#1400,#1400,#1313,.T.);
#1697=EDGE_CURVE('',#1400,#1401,#632,.T.);
#1698=EDGE_CURVE('',#1401,#1401,#1314,.T.);
#1699=EDGE_CURVE('',#1402,#1402,#1315,.T.);
#1700=EDGE_CURVE('',#1402,#1403,#633,.T.);
#1701=EDGE_CURVE('',#1403,#1403,#1316,.T.);
#1702=EDGE_CURVE('',#1404,#1404,#1317,.T.);
#1703=EDGE_CURVE('',#1404,#1405,#634,.T.);
#1704=EDGE_CURVE('',#1405,#1405,#1318,.T.);
#1705=EDGE_CURVE('',#1406,#1406,#1319,.T.);
#1706=EDGE_CURVE('',#1406,#1407,#635,.T.);
#1707=EDGE_CURVE('',#1407,#1407,#1320,.T.);
#1708=EDGE_CURVE('',#1408,#1408,#1321,.T.);
#1709=EDGE_CURVE('',#1408,#1409,#636,.T.);
#1710=EDGE_CURVE('',#1409,#1409,#1322,.T.);
#1711=EDGE_CURVE('',#1410,#1410,#1323,.T.);
#1712=EDGE_CURVE('',#1410,#1411,#637,.T.);
#1713=EDGE_CURVE('',#1411,#1411,#1324,.T.);
#1714=EDGE_CURVE('',#1412,#1412,#1325,.T.);
#1715=EDGE_CURVE('',#1412,#1413,#638,.T.);
#1716=EDGE_CURVE('',#1413,#1413,#1326,.T.);
#1717=EDGE_CURVE('',#1414,#1414,#1327,.T.);
#1718=EDGE_CURVE('',#1414,#1415,#639,.T.);
#1719=EDGE_CURVE('',#1415,#1415,#1328,.T.);
#1720=EDGE_CURVE('',#1416,#1416,#1329,.T.);
#1721=EDGE_CURVE('',#1416,#1417,#640,.T.);
#1722=EDGE_CURVE('',#1417,#1417,#1330,.T.);
#1723=EDGE_CURVE('',#1418,#1419,#641,.T.);
#1724=EDGE_CURVE('',#1420,#1418,#642,.T.);
#1725=EDGE_CURVE('',#1421,#1420,#643,.T.);
#1726=EDGE_CURVE('',#1421,#1422,#644,.T.);
#1727=EDGE_CURVE('',#1419,#1422,#645,.T.);
#1728=EDGE_CURVE('',#1423,#1418,#1331,.T.);
#1729=EDGE_CURVE('',#1424,#1423,#646,.T.);
#1730=EDGE_CURVE('',#1425,#1424,#1332,.T.);
#1731=EDGE_CURVE('',#1426,#1425,#647,.T.);
#1732=EDGE_CURVE('',#1420,#1426,#1333,.T.);
#1733=EDGE_CURVE('',#1382,#1427,#648,.T.);
#1734=EDGE_CURVE('',#1427,#1428,#1334,.T.);
#1735=EDGE_CURVE('',#1428,#1429,#649,.T.);
#1736=EDGE_CURVE('',#1429,#1430,#650,.T.);
#1737=EDGE_CURVE('',#1430,#1431,#651,.T.);
#1738=EDGE_CURVE('',#1431,#1432,#652,.T.);
#1739=EDGE_CURVE('',#1432,#1433,#653,.T.);
#1740=EDGE_CURVE('',#1433,#1434,#654,.T.);
#1741=EDGE_CURVE('',#1434,#1435,#655,.T.);
#1742=EDGE_CURVE('',#1435,#1436,#656,.T.);
#1743=EDGE_CURVE('',#1436,#1437,#657,.T.);
#1744=EDGE_CURVE('',#1437,#1422,#658,.T.);
#1745=EDGE_CURVE('',#1421,#1438,#1335,.T.);
#1746=EDGE_CURVE('',#1438,#1439,#659,.T.);
#1747=EDGE_CURVE('',#1439,#1440,#1336,.T.);
#1748=EDGE_CURVE('',#1440,#1441,#660,.T.);
#1749=EDGE_CURVE('',#1441,#1442,#661,.T.);
#1750=EDGE_CURVE('',#1442,#1385,#662,.T.);
#1751=EDGE_CURVE('',#1443,#1426,#663,.T.);
#1752=EDGE_CURVE('',#1444,#1443,#1337,.T.);
#1753=EDGE_CURVE('',#1438,#1444,#664,.T.);
#1754=EDGE_CURVE('',#1425,#1445,#665,.T.);
#1755=EDGE_CURVE('',#1445,#1443,#666,.T.);
#1756=EDGE_CURVE('',#1446,#1424,#667,.T.);
#1757=EDGE_CURVE('',#1445,#1446,#1338,.T.);
#1758=EDGE_CURVE('',#1423,#1447,#668,.T.);
#1759=EDGE_CURVE('',#1447,#1446,#669,.T.);
#1760=EDGE_CURVE('',#1422,#1428,#670,.T.);
#1761=EDGE_CURVE('',#1428,#1419,#1339,.T.);
#1762=EDGE_CURVE('',#1448,#1427,#671,.T.);
#1763=EDGE_CURVE('',#1447,#1448,#1340,.T.);
#1764=EDGE_CURVE('',#1444,#1449,#672,.T.);
#1765=EDGE_CURVE('',#1449,#1439,#673,.T.);
#1766=EDGE_CURVE('',#1450,#1449,#1341,.T.);
#1767=EDGE_CURVE('',#1440,#1450,#674,.T.);
#1768=EDGE_CURVE('',#1450,#1451,#675,.T.);
#1769=EDGE_CURVE('',#1451,#1441,#676,.T.);
#1770=EDGE_CURVE('',#1442,#1452,#677,.T.);
#1771=EDGE_CURVE('',#1452,#1386,#678,.T.);
#1772=EDGE_CURVE('',#1387,#1448,#679,.T.);
#1773=EDGE_CURVE('',#1451,#1452,#680,.T.);
#1774=EDGE_CURVE('',#1453,#1454,#681,.T.);
#1775=EDGE_CURVE('',#1453,#1429,#682,.T.);
#1776=EDGE_CURVE('',#1454,#1437,#683,.T.);
#1777=EDGE_CURVE('',#1454,#1455,#684,.T.);
#1778=EDGE_CURVE('',#1455,#1436,#685,.T.);
#1779=EDGE_CURVE('',#1455,#1456,#686,.T.);
#1780=EDGE_CURVE('',#1456,#1435,#687,.T.);
#1781=EDGE_CURVE('',#1456,#1457,#688,.T.);
#1782=EDGE_CURVE('',#1457,#1434,#689,.T.);
#1783=EDGE_CURVE('',#1457,#1458,#690,.T.);
#1784=EDGE_CURVE('',#1458,#1433,#691,.T.);
#1785=EDGE_CURVE('',#1458,#1459,#692,.T.);
#1786=EDGE_CURVE('',#1459,#1432,#693,.T.);
#1787=EDGE_CURVE('',#1459,#1460,#694,.T.);
#1788=EDGE_CURVE('',#1460,#1431,#695,.T.);
#1789=EDGE_CURVE('',#1460,#1461,#696,.T.);
#1790=EDGE_CURVE('',#1461,#1430,#697,.T.);
#1791=EDGE_CURVE('',#1461,#1453,#698,.T.);
#1792=EDGE_CURVE('',#1462,#1463,#699,.T.);
#1793=EDGE_CURVE('',#1463,#1464,#700,.T.);
#1794=EDGE_CURVE('',#1464,#1465,#701,.T.);
#1795=EDGE_CURVE('',#1465,#1466,#702,.T.);
#1796=EDGE_CURVE('',#1466,#1467,#703,.T.);
#1797=EDGE_CURVE('',#1467,#1468,#704,.T.);
#1798=EDGE_CURVE('',#1468,#1469,#705,.T.);
#1799=EDGE_CURVE('',#1469,#1470,#706,.T.);
#1800=EDGE_CURVE('',#1470,#1471,#707,.T.);
#1801=EDGE_CURVE('',#1471,#1472,#708,.T.);
#1802=EDGE_CURVE('',#1472,#1473,#709,.T.);
#1803=EDGE_CURVE('',#1473,#1474,#710,.T.);
#1804=EDGE_CURVE('',#1474,#1475,#711,.T.);
#1805=EDGE_CURVE('',#1475,#1476,#712,.T.);
#1806=EDGE_CURVE('',#1476,#1477,#713,.T.);
#1807=EDGE_CURVE('',#1477,#1478,#714,.T.);
#1808=EDGE_CURVE('',#1478,#1479,#715,.T.);
#1809=EDGE_CURVE('',#1479,#1454,#716,.T.);
#1810=EDGE_CURVE('',#1454,#1480,#717,.T.);
#1811=EDGE_CURVE('',#1480,#1481,#718,.T.);
#1812=EDGE_CURVE('',#1481,#1482,#719,.T.);
#1813=EDGE_CURVE('',#1482,#1483,#720,.T.);
#1814=EDGE_CURVE('',#1483,#1484,#721,.T.);
#1815=EDGE_CURVE('',#1484,#1485,#722,.T.);
#1816=EDGE_CURVE('',#1485,#1486,#723,.T.);
#1817=EDGE_CURVE('',#1486,#1487,#724,.T.);
#1818=EDGE_CURVE('',#1487,#1488,#725,.T.);
#1819=EDGE_CURVE('',#1488,#1489,#726,.T.);
#1820=EDGE_CURVE('',#1489,#1490,#727,.T.);
#1821=EDGE_CURVE('',#1490,#1491,#728,.T.);
#1822=EDGE_CURVE('',#1491,#1462,#729,.T.);
#1823=EDGE_CURVE('',#1470,#1492,#730,.T.);
#1824=EDGE_CURVE('',#1493,#1492,#731,.T.);
#1825=EDGE_CURVE('',#1471,#1493,#732,.T.);
#1826=EDGE_CURVE('',#1463,#1494,#733,.T.);
#1827=EDGE_CURVE('',#1495,#1494,#734,.T.);
#1828=EDGE_CURVE('',#1464,#1495,#735,.T.);
#1829=EDGE_CURVE('',#1496,#1495,#736,.T.);
#1830=EDGE_CURVE('',#1465,#1496,#737,.T.);
#1831=EDGE_CURVE('',#1497,#1496,#738,.T.);
#1832=EDGE_CURVE('',#1466,#1497,#739,.T.);
#1833=EDGE_CURVE('',#1498,#1497,#740,.T.);
#1834=EDGE_CURVE('',#1467,#1498,#741,.T.);
#1835=EDGE_CURVE('',#1499,#1498,#742,.T.);
#1836=EDGE_CURVE('',#1468,#1499,#743,.T.);
#1837=EDGE_CURVE('',#1500,#1499,#744,.T.);
#1838=EDGE_CURVE('',#1469,#1500,#745,.T.);
#1839=EDGE_CURVE('',#1492,#1500,#746,.T.);
#1840=EDGE_CURVE('',#1494,#1493,#747,.T.);
#1841=EDGE_CURVE('',#1501,#1502,#748,.T.);
#1842=EDGE_CURVE('',#1502,#1503,#749,.T.);
#1843=EDGE_CURVE('',#1503,#1501,#750,.T.);
#1844=EDGE_CURVE('',#1504,#1505,#751,.T.);
#1845=EDGE_CURVE('',#1505,#1506,#752,.T.);
#1846=EDGE_CURVE('',#1506,#1504,#753,.T.);
#1847=EDGE_CURVE('',#1507,#1508,#754,.T.);
#1848=EDGE_CURVE('',#1508,#1509,#755,.T.);
#1849=EDGE_CURVE('',#1509,#1507,#756,.T.);
#1850=EDGE_CURVE('',#1510,#1511,#757,.T.);
#1851=EDGE_CURVE('',#1511,#1512,#758,.T.);
#1852=EDGE_CURVE('',#1512,#1513,#759,.T.);
#1853=EDGE_CURVE('',#1513,#1510,#760,.T.);
#1854=EDGE_CURVE('',#1514,#1515,#761,.T.);
#1855=EDGE_CURVE('',#1515,#1516,#762,.T.);
#1856=EDGE_CURVE('',#1516,#1514,#763,.T.);
#1857=EDGE_CURVE('',#1517,#1502,#764,.T.);
#1858=EDGE_CURVE('',#1517,#1475,#765,.T.);
#1859=EDGE_CURVE('',#1503,#1474,#766,.T.);
#1860=EDGE_CURVE('',#1518,#1473,#767,.T.);
#1861=EDGE_CURVE('',#1501,#1518,#768,.T.);
#1862=EDGE_CURVE('',#1516,#1472,#769,.T.);
#1863=EDGE_CURVE('',#1514,#1462,#770,.T.);
#1864=EDGE_CURVE('',#1519,#1520,#771,.T.);
#1865=EDGE_CURVE('',#1519,#1491,#772,.T.);
#1866=EDGE_CURVE('',#1520,#1490,#773,.T.);
#1867=EDGE_CURVE('',#1520,#1511,#774,.T.);
#1868=EDGE_CURVE('',#1512,#1489,#775,.T.);
#1869=EDGE_CURVE('',#1521,#1488,#776,.T.);
#1870=EDGE_CURVE('',#1513,#1521,#777,.T.);
#1871=EDGE_CURVE('',#1521,#1508,#778,.T.);
#1872=EDGE_CURVE('',#1522,#1487,#779,.T.);
#1873=EDGE_CURVE('',#1509,#1522,#780,.T.);
#1874=EDGE_CURVE('',#1522,#1523,#781,.T.);
#1875=EDGE_CURVE('',#1523,#1486,#782,.T.);
#1876=EDGE_CURVE('',#1523,#1524,#783,.T.);
#1877=EDGE_CURVE('',#1524,#1485,#784,.T.);
#1878=EDGE_CURVE('',#1524,#1505,#785,.T.);
#1879=EDGE_CURVE('',#1525,#1484,#786,.T.);
#1880=EDGE_CURVE('',#1506,#1525,#787,.T.);
#1881=EDGE_CURVE('',#1525,#1526,#788,.T.);
#1882=EDGE_CURVE('',#1526,#1483,#789,.T.);
#1883=EDGE_CURVE('',#1526,#1527,#790,.T.);
#1884=EDGE_CURVE('',#1527,#1482,#791,.T.);
#1885=EDGE_CURVE('',#1527,#1528,#792,.T.);
#1886=EDGE_CURVE('',#1528,#1481,#793,.T.);
#1887=EDGE_CURVE('',#1528,#1529,#794,.T.);
#1888=EDGE_CURVE('',#1529,#1480,#795,.T.);
#1889=EDGE_CURVE('',#1530,#1531,#796,.T.);
#1890=EDGE_CURVE('',#1530,#1479,#797,.T.);
#1891=EDGE_CURVE('',#1531,#1478,#798,.T.);
#1892=EDGE_CURVE('',#1523,#1509,#799,.T.);
#1893=EDGE_CURVE('',#1505,#1523,#800,.T.);
#1894=EDGE_CURVE('',#1508,#1513,#801,.T.);
#1895=EDGE_CURVE('',#1531,#1532,#802,.T.);
#1896=EDGE_CURVE('',#1532,#1533,#803,.T.);
#1897=EDGE_CURVE('',#1533,#1530,#804,.T.);
#1898=EDGE_CURVE('',#1511,#1534,#805,.T.);
#1899=EDGE_CURVE('',#1534,#1535,#806,.T.);
#1900=EDGE_CURVE('',#1535,#1536,#807,.T.);
#1901=EDGE_CURVE('',#1536,#1537,#808,.T.);
#1902=EDGE_CURVE('',#1537,#1538,#809,.T.);
#1903=EDGE_CURVE('',#1538,#1539,#810,.T.);
#1904=EDGE_CURVE('',#1539,#1506,#811,.T.);
#1905=EDGE_CURVE('',#1529,#1540,#812,.T.);
#1906=EDGE_CURVE('',#1540,#1541,#813,.T.);
#1907=EDGE_CURVE('',#1541,#1542,#814,.T.);
#1908=EDGE_CURVE('',#1542,#1543,#815,.T.);
#1909=EDGE_CURVE('',#1543,#1544,#816,.T.);
#1910=EDGE_CURVE('',#1544,#1545,#817,.T.);
#1911=EDGE_CURVE('',#1545,#1546,#818,.T.);
#1912=EDGE_CURVE('',#1546,#1547,#819,.T.);
#1913=EDGE_CURVE('',#1547,#1519,#820,.T.);
#1914=EDGE_CURVE('',#1548,#1549,#821,.T.);
#1915=EDGE_CURVE('',#1549,#1550,#822,.T.);
#1916=EDGE_CURVE('',#1550,#1551,#823,.T.);
#1917=EDGE_CURVE('',#1551,#1548,#824,.T.);
#1918=EDGE_CURVE('',#1552,#1553,#825,.T.);
#1919=EDGE_CURVE('',#1553,#1554,#826,.T.);
#1920=EDGE_CURVE('',#1554,#1555,#827,.T.);
#1921=EDGE_CURVE('',#1555,#1552,#828,.T.);
#1922=EDGE_CURVE('',#1502,#1556,#829,.T.);
#1923=EDGE_CURVE('',#1556,#1517,#830,.T.);
#1924=EDGE_CURVE('',#1518,#1557,#831,.T.);
#1925=EDGE_CURVE('',#1557,#1501,#832,.T.);
#1926=EDGE_CURVE('',#1558,#1515,#833,.T.);
#1927=EDGE_CURVE('',#1515,#1559,#834,.T.);
#1928=EDGE_CURVE('',#1559,#1560,#835,.T.);
#1929=EDGE_CURVE('',#1560,#1558,#836,.T.);
#1930=EDGE_CURVE('',#1561,#1562,#837,.T.);
#1931=EDGE_CURVE('',#1563,#1562,#838,.T.);
#1932=EDGE_CURVE('',#1563,#1564,#839,.T.);
#1933=EDGE_CURVE('',#1564,#1561,#840,.T.);
#1934=EDGE_CURVE('',#1565,#1566,#841,.T.);
#1935=EDGE_CURVE('',#1566,#1567,#842,.T.);
#1936=EDGE_CURVE('',#1567,#1568,#843,.T.);
#1937=EDGE_CURVE('',#1569,#1568,#844,.T.);
#1938=EDGE_CURVE('',#1570,#1569,#845,.T.);
#1939=EDGE_CURVE('',#1565,#1570,#846,.T.);
#1940=EDGE_CURVE('',#1568,#1556,#847,.T.);
#1941=EDGE_CURVE('',#1569,#1557,#848,.T.);
#1942=EDGE_CURVE('',#1570,#1558,#849,.T.);
#1943=EDGE_CURVE('',#1565,#1560,#850,.T.);
#1944=EDGE_CURVE('',#1571,#1572,#851,.T.);
#1945=EDGE_CURVE('',#1571,#1548,#852,.T.);
#1946=EDGE_CURVE('',#1572,#1551,#853,.T.);
#1947=EDGE_CURVE('',#1572,#1573,#854,.T.);
#1948=EDGE_CURVE('',#1573,#1550,#855,.T.);
#1949=EDGE_CURVE('',#1573,#1574,#856,.T.);
#1950=EDGE_CURVE('',#1574,#1549,#857,.T.);
#1951=EDGE_CURVE('',#1574,#1571,#858,.T.);
#1952=EDGE_CURVE('',#1575,#1576,#859,.T.);
#1953=EDGE_CURVE('',#1575,#1552,#860,.T.);
#1954=EDGE_CURVE('',#1576,#1555,#861,.T.);
#1955=EDGE_CURVE('',#1576,#1577,#862,.T.);
#1956=EDGE_CURVE('',#1577,#1554,#863,.T.);
#1957=EDGE_CURVE('',#1577,#1578,#864,.T.);
#1958=EDGE_CURVE('',#1578,#1553,#865,.T.);
#1959=EDGE_CURVE('',#1578,#1575,#866,.T.);
#1960=EDGE_CURVE('',#1579,#1580,#867,.T.);
#1961=EDGE_CURVE('',#1579,#1504,#868,.T.);
#1962=EDGE_CURVE('',#1580,#1539,#869,.T.);
#1963=EDGE_CURVE('',#1580,#1581,#870,.T.);
#1964=EDGE_CURVE('',#1581,#1538,#871,.T.);
#1965=EDGE_CURVE('',#1581,#1582,#872,.T.);
#1966=EDGE_CURVE('',#1582,#1537,#873,.T.);
#1967=EDGE_CURVE('',#1582,#1583,#874,.T.);
#1968=EDGE_CURVE('',#1583,#1536,#875,.T.);
#1969=EDGE_CURVE('',#1583,#1584,#876,.T.);
#1970=EDGE_CURVE('',#1584,#1535,#877,.T.);
#1971=EDGE_CURVE('',#1584,#1585,#878,.T.);
#1972=EDGE_CURVE('',#1585,#1534,#879,.T.);
#1973=EDGE_CURVE('',#1585,#1586,#880,.T.);
#1974=EDGE_CURVE('',#1586,#1510,#881,.T.);
#1975=EDGE_CURVE('',#1586,#1587,#882,.T.);
#1976=EDGE_CURVE('',#1587,#1507,#883,.T.);
#1977=EDGE_CURVE('',#1587,#1588,#884,.T.);
#1978=EDGE_CURVE('',#1588,#1523,#885,.T.);
#1979=EDGE_CURVE('',#1588,#1579,#886,.T.);
#1980=EDGE_CURVE('',#1589,#1590,#887,.T.);
#1981=EDGE_CURVE('',#1590,#1568,#888,.T.);
#1982=EDGE_CURVE('',#1589,#1567,#889,.T.);
#1983=EDGE_CURVE('',#1591,#1589,#890,.T.);
#1984=EDGE_CURVE('',#1591,#1566,#891,.T.);
#1985=EDGE_CURVE('',#1592,#1591,#892,.T.);
#1986=EDGE_CURVE('',#1592,#1565,#893,.T.);
#1987=EDGE_CURVE('',#1593,#1592,#894,.T.);
#1988=EDGE_CURVE('',#1593,#1559,#895,.T.);
#1989=EDGE_CURVE('',#1594,#1593,#896,.T.);
#1990=EDGE_CURVE('',#1594,#1514,#897,.T.);
#1991=EDGE_CURVE('',#1595,#1594,#898,.T.);
#1992=EDGE_CURVE('',#1595,#1547,#899,.T.);
#1993=EDGE_CURVE('',#1596,#1595,#900,.T.);
#1994=EDGE_CURVE('',#1596,#1546,#901,.T.);
#1995=EDGE_CURVE('',#1597,#1596,#902,.T.);
#1996=EDGE_CURVE('',#1597,#1545,#903,.T.);
#1997=EDGE_CURVE('',#1598,#1597,#904,.T.);
#1998=EDGE_CURVE('',#1598,#1544,#905,.T.);
#1999=EDGE_CURVE('',#1599,#1598,#906,.T.);
#2000=EDGE_CURVE('',#1599,#1543,#907,.T.);
#2001=EDGE_CURVE('',#1600,#1599,#908,.T.);
#2002=EDGE_CURVE('',#1600,#1542,#909,.T.);
#2003=EDGE_CURVE('',#1601,#1600,#910,.T.);
#2004=EDGE_CURVE('',#1601,#1541,#911,.T.);
#2005=EDGE_CURVE('',#1602,#1601,#912,.T.);
#2006=EDGE_CURVE('',#1602,#1540,#913,.T.);
#2007=EDGE_CURVE('',#1603,#1602,#914,.T.);
#2008=EDGE_CURVE('',#1603,#1533,#915,.T.);
#2009=EDGE_CURVE('',#1604,#1603,#916,.T.);
#2010=EDGE_CURVE('',#1604,#1532,#917,.T.);
#2011=EDGE_CURVE('',#1605,#1604,#918,.T.);
#2012=EDGE_CURVE('',#1605,#1477,#919,.T.);
#2013=EDGE_CURVE('',#1606,#1605,#920,.T.);
#2014=EDGE_CURVE('',#1606,#1476,#921,.T.);
#2015=EDGE_CURVE('',#1607,#1606,#922,.T.);
#2016=EDGE_CURVE('',#1590,#1608,#923,.T.);
#2017=EDGE_CURVE('',#1608,#1563,#924,.T.);
#2018=EDGE_CURVE('',#1607,#1562,#925,.T.);
#2019=EDGE_CURVE('',#1609,#1607,#926,.T.);
#2020=EDGE_CURVE('',#1609,#1561,#927,.T.);
#2021=EDGE_CURVE('',#1610,#1609,#928,.T.);
#2022=EDGE_CURVE('',#1610,#1564,#929,.T.);
#2023=EDGE_CURVE('',#1608,#1610,#930,.T.);
#2024=ORIENTED_EDGE('',*,*,#1611,.F.);
#2025=ORIENTED_EDGE('',*,*,#1612,.T.);
#2026=ORIENTED_EDGE('',*,*,#1613,.F.);
#2027=ORIENTED_EDGE('',*,*,#1612,.F.);
#2028=ORIENTED_EDGE('',*,*,#1614,.F.);
#2029=ORIENTED_EDGE('',*,*,#1615,.T.);
#2030=ORIENTED_EDGE('',*,*,#1616,.F.);
#2031=ORIENTED_EDGE('',*,*,#1615,.F.);
#2032=ORIENTED_EDGE('',*,*,#1617,.F.);
#2033=ORIENTED_EDGE('',*,*,#1618,.T.);
#2034=ORIENTED_EDGE('',*,*,#1619,.F.);
#2035=ORIENTED_EDGE('',*,*,#1618,.F.);
#2036=ORIENTED_EDGE('',*,*,#1620,.F.);
#2037=ORIENTED_EDGE('',*,*,#1621,.T.);
#2038=ORIENTED_EDGE('',*,*,#1622,.F.);
#2039=ORIENTED_EDGE('',*,*,#1621,.F.);
#2040=ORIENTED_EDGE('',*,*,#1622,.T.);
#2041=ORIENTED_EDGE('',*,*,#1617,.T.);
#2042=ORIENTED_EDGE('',*,*,#1623,.F.);
#2043=ORIENTED_EDGE('',*,*,#1624,.T.);
#2044=ORIENTED_EDGE('',*,*,#1625,.F.);
#2045=ORIENTED_EDGE('',*,*,#1624,.F.);
#2046=ORIENTED_EDGE('',*,*,#1626,.F.);
#2047=ORIENTED_EDGE('',*,*,#1627,.T.);
#2048=ORIENTED_EDGE('',*,*,#1628,.F.);
#2049=ORIENTED_EDGE('',*,*,#1627,.F.);
#2050=ORIENTED_EDGE('',*,*,#1628,.T.);
#2051=ORIENTED_EDGE('',*,*,#1623,.T.);
#2052=ORIENTED_EDGE('',*,*,#1629,.F.);
#2053=ORIENTED_EDGE('',*,*,#1630,.T.);
#2054=ORIENTED_EDGE('',*,*,#1631,.F.);
#2055=ORIENTED_EDGE('',*,*,#1630,.F.);
#2056=ORIENTED_EDGE('',*,*,#1632,.F.);
#2057=ORIENTED_EDGE('',*,*,#1633,.T.);
#2058=ORIENTED_EDGE('',*,*,#1634,.F.);
#2059=ORIENTED_EDGE('',*,*,#1633,.F.);
#2060=ORIENTED_EDGE('',*,*,#1634,.T.);
#2061=ORIENTED_EDGE('',*,*,#1629,.T.);
#2062=ORIENTED_EDGE('',*,*,#1635,.F.);
#2063=ORIENTED_EDGE('',*,*,#1636,.T.);
#2064=ORIENTED_EDGE('',*,*,#1637,.F.);
#2065=ORIENTED_EDGE('',*,*,#1636,.F.);
#2066=ORIENTED_EDGE('',*,*,#1638,.F.);
#2067=ORIENTED_EDGE('',*,*,#1639,.T.);
#2068=ORIENTED_EDGE('',*,*,#1640,.F.);
#2069=ORIENTED_EDGE('',*,*,#1639,.F.);
#2070=ORIENTED_EDGE('',*,*,#1640,.T.);
#2071=ORIENTED_EDGE('',*,*,#1635,.T.);
#2072=ORIENTED_EDGE('',*,*,#1641,.F.);
#2073=ORIENTED_EDGE('',*,*,#1642,.T.);
#2074=ORIENTED_EDGE('',*,*,#1643,.F.);
#2075=ORIENTED_EDGE('',*,*,#1642,.F.);
#2076=ORIENTED_EDGE('',*,*,#1644,.F.);
#2077=ORIENTED_EDGE('',*,*,#1645,.T.);
#2078=ORIENTED_EDGE('',*,*,#1646,.F.);
#2079=ORIENTED_EDGE('',*,*,#1645,.F.);
#2080=ORIENTED_EDGE('',*,*,#1646,.T.);
#2081=ORIENTED_EDGE('',*,*,#1641,.T.);
#2082=ORIENTED_EDGE('',*,*,#1647,.F.);
#2083=ORIENTED_EDGE('',*,*,#1648,.T.);
#2084=ORIENTED_EDGE('',*,*,#1649,.F.);
#2085=ORIENTED_EDGE('',*,*,#1648,.F.);
#2086=ORIENTED_EDGE('',*,*,#1650,.F.);
#2087=ORIENTED_EDGE('',*,*,#1651,.T.);
#2088=ORIENTED_EDGE('',*,*,#1652,.F.);
#2089=ORIENTED_EDGE('',*,*,#1651,.F.);
#2090=ORIENTED_EDGE('',*,*,#1652,.T.);
#2091=ORIENTED_EDGE('',*,*,#1647,.T.);
#2092=ORIENTED_EDGE('',*,*,#1653,.F.);
#2093=ORIENTED_EDGE('',*,*,#1654,.T.);
#2094=ORIENTED_EDGE('',*,*,#1655,.F.);
#2095=ORIENTED_EDGE('',*,*,#1654,.F.);
#2096=ORIENTED_EDGE('',*,*,#1653,.T.);
#2097=ORIENTED_EDGE('',*,*,#1656,.F.);
#2098=ORIENTED_EDGE('',*,*,#1657,.T.);
#2099=ORIENTED_EDGE('',*,*,#1658,.F.);
#2100=ORIENTED_EDGE('',*,*,#1657,.F.);
#2101=ORIENTED_EDGE('',*,*,#1656,.T.);
#2102=ORIENTED_EDGE('',*,*,#1659,.F.);
#2103=ORIENTED_EDGE('',*,*,#1660,.T.);
#2104=ORIENTED_EDGE('',*,*,#1661,.F.);
#2105=ORIENTED_EDGE('',*,*,#1660,.F.);
#2106=ORIENTED_EDGE('',*,*,#1659,.T.);
#2107=ORIENTED_EDGE('',*,*,#1662,.F.);
#2108=ORIENTED_EDGE('',*,*,#1663,.T.);
#2109=ORIENTED_EDGE('',*,*,#1664,.F.);
#2110=ORIENTED_EDGE('',*,*,#1663,.F.);
#2111=ORIENTED_EDGE('',*,*,#1662,.T.);
#2112=ORIENTED_EDGE('',*,*,#1665,.F.);
#2113=ORIENTED_EDGE('',*,*,#1666,.T.);
#2114=ORIENTED_EDGE('',*,*,#1667,.F.);
#2115=ORIENTED_EDGE('',*,*,#1666,.F.);
#2116=ORIENTED_EDGE('',*,*,#1665,.T.);
#2117=ORIENTED_EDGE('',*,*,#1668,.F.);
#2118=ORIENTED_EDGE('',*,*,#1669,.T.);
#2119=ORIENTED_EDGE('',*,*,#1670,.F.);
#2120=ORIENTED_EDGE('',*,*,#1669,.F.);
#2121=ORIENTED_EDGE('',*,*,#1668,.T.);
#2122=ORIENTED_EDGE('',*,*,#1671,.F.);
#2123=ORIENTED_EDGE('',*,*,#1672,.F.);
#2124=ORIENTED_EDGE('',*,*,#1673,.F.);
#2125=ORIENTED_EDGE('',*,*,#1673,.T.);
#2126=ORIENTED_EDGE('',*,*,#1674,.F.);
#2127=ORIENTED_EDGE('',*,*,#1675,.F.);
#2128=ORIENTED_EDGE('',*,*,#1676,.F.);
#2129=ORIENTED_EDGE('',*,*,#1677,.F.);
#2130=ORIENTED_EDGE('',*,*,#1678,.F.);
#2131=ORIENTED_EDGE('',*,*,#1679,.T.);
#2132=ORIENTED_EDGE('',*,*,#1680,.F.);
#2133=ORIENTED_EDGE('',*,*,#1679,.F.);
#2134=ORIENTED_EDGE('',*,*,#1678,.T.);
#2135=ORIENTED_EDGE('',*,*,#1681,.F.);
#2136=ORIENTED_EDGE('',*,*,#1682,.T.);
#2137=ORIENTED_EDGE('',*,*,#1683,.F.);
#2138=ORIENTED_EDGE('',*,*,#1682,.F.);
#2139=ORIENTED_EDGE('',*,*,#1681,.T.);
#2140=ORIENTED_EDGE('',*,*,#1684,.F.);
#2141=ORIENTED_EDGE('',*,*,#1685,.T.);
#2142=ORIENTED_EDGE('',*,*,#1686,.F.);
#2143=ORIENTED_EDGE('',*,*,#1685,.F.);
#2144=ORIENTED_EDGE('',*,*,#1684,.T.);
#2145=ORIENTED_EDGE('',*,*,#1687,.F.);
#2146=ORIENTED_EDGE('',*,*,#1688,.T.);
#2147=ORIENTED_EDGE('',*,*,#1689,.F.);
#2148=ORIENTED_EDGE('',*,*,#1688,.F.);
#2149=ORIENTED_EDGE('',*,*,#1687,.T.);
#2150=ORIENTED_EDGE('',*,*,#1690,.F.);
#2151=ORIENTED_EDGE('',*,*,#1691,.T.);
#2152=ORIENTED_EDGE('',*,*,#1692,.F.);
#2153=ORIENTED_EDGE('',*,*,#1691,.F.);
#2154=ORIENTED_EDGE('',*,*,#1690,.T.);
#2155=ORIENTED_EDGE('',*,*,#1693,.F.);
#2156=ORIENTED_EDGE('',*,*,#1694,.T.);
#2157=ORIENTED_EDGE('',*,*,#1695,.F.);
#2158=ORIENTED_EDGE('',*,*,#1694,.F.);
#2159=ORIENTED_EDGE('',*,*,#1693,.T.);
#2160=ORIENTED_EDGE('',*,*,#1696,.F.);
#2161=ORIENTED_EDGE('',*,*,#1697,.T.);
#2162=ORIENTED_EDGE('',*,*,#1698,.F.);
#2163=ORIENTED_EDGE('',*,*,#1697,.F.);
#2164=ORIENTED_EDGE('',*,*,#1696,.T.);
#2165=ORIENTED_EDGE('',*,*,#1699,.F.);
#2166=ORIENTED_EDGE('',*,*,#1700,.T.);
#2167=ORIENTED_EDGE('',*,*,#1701,.F.);
#2168=ORIENTED_EDGE('',*,*,#1700,.F.);
#2169=ORIENTED_EDGE('',*,*,#1699,.T.);
#2170=ORIENTED_EDGE('',*,*,#1702,.F.);
#2171=ORIENTED_EDGE('',*,*,#1703,.T.);
#2172=ORIENTED_EDGE('',*,*,#1704,.F.);
#2173=ORIENTED_EDGE('',*,*,#1703,.F.);
#2174=ORIENTED_EDGE('',*,*,#1702,.T.);
#2175=ORIENTED_EDGE('',*,*,#1705,.F.);
#2176=ORIENTED_EDGE('',*,*,#1706,.T.);
#2177=ORIENTED_EDGE('',*,*,#1707,.F.);
#2178=ORIENTED_EDGE('',*,*,#1706,.F.);
#2179=ORIENTED_EDGE('',*,*,#1705,.T.);
#2180=ORIENTED_EDGE('',*,*,#1708,.F.);
#2181=ORIENTED_EDGE('',*,*,#1709,.T.);
#2182=ORIENTED_EDGE('',*,*,#1710,.F.);
#2183=ORIENTED_EDGE('',*,*,#1709,.F.);
#2184=ORIENTED_EDGE('',*,*,#1708,.T.);
#2185=ORIENTED_EDGE('',*,*,#1711,.F.);
#2186=ORIENTED_EDGE('',*,*,#1712,.T.);
#2187=ORIENTED_EDGE('',*,*,#1713,.F.);
#2188=ORIENTED_EDGE('',*,*,#1712,.F.);
#2189=ORIENTED_EDGE('',*,*,#1711,.T.);
#2190=ORIENTED_EDGE('',*,*,#1714,.F.);
#2191=ORIENTED_EDGE('',*,*,#1715,.T.);
#2192=ORIENTED_EDGE('',*,*,#1716,.F.);
#2193=ORIENTED_EDGE('',*,*,#1715,.F.);
#2194=ORIENTED_EDGE('',*,*,#1714,.T.);
#2195=ORIENTED_EDGE('',*,*,#1717,.F.);
#2196=ORIENTED_EDGE('',*,*,#1718,.T.);
#2197=ORIENTED_EDGE('',*,*,#1719,.F.);
#2198=ORIENTED_EDGE('',*,*,#1718,.F.);
#2199=ORIENTED_EDGE('',*,*,#1717,.T.);
#2200=ORIENTED_EDGE('',*,*,#1720,.F.);
#2201=ORIENTED_EDGE('',*,*,#1721,.T.);
#2202=ORIENTED_EDGE('',*,*,#1722,.F.);
#2203=ORIENTED_EDGE('',*,*,#1721,.F.);
#2204=ORIENTED_EDGE('',*,*,#1720,.T.);
#2205=ORIENTED_EDGE('',*,*,#1723,.F.);
#2206=ORIENTED_EDGE('',*,*,#1724,.F.);
#2207=ORIENTED_EDGE('',*,*,#1725,.F.);
#2208=ORIENTED_EDGE('',*,*,#1726,.T.);
#2209=ORIENTED_EDGE('',*,*,#1727,.F.);
#2210=ORIENTED_EDGE('',*,*,#1728,.F.);
#2211=ORIENTED_EDGE('',*,*,#1729,.F.);
#2212=ORIENTED_EDGE('',*,*,#1730,.F.);
#2213=ORIENTED_EDGE('',*,*,#1731,.F.);
#2214=ORIENTED_EDGE('',*,*,#1732,.F.);
#2215=ORIENTED_EDGE('',*,*,#1724,.T.);
#2216=ORIENTED_EDGE('',*,*,#1672,.T.);
#2217=ORIENTED_EDGE('',*,*,#1733,.T.);
#2218=ORIENTED_EDGE('',*,*,#1734,.T.);
#2219=ORIENTED_EDGE('',*,*,#1735,.T.);
#2220=ORIENTED_EDGE('',*,*,#1736,.T.);
#2221=ORIENTED_EDGE('',*,*,#1737,.T.);
#2222=ORIENTED_EDGE('',*,*,#1738,.T.);
#2223=ORIENTED_EDGE('',*,*,#1739,.T.);
#2224=ORIENTED_EDGE('',*,*,#1740,.T.);
#2225=ORIENTED_EDGE('',*,*,#1741,.T.);
#2226=ORIENTED_EDGE('',*,*,#1742,.T.);
#2227=ORIENTED_EDGE('',*,*,#1743,.T.);
#2228=ORIENTED_EDGE('',*,*,#1744,.T.);
#2229=ORIENTED_EDGE('',*,*,#1726,.F.);
#2230=ORIENTED_EDGE('',*,*,#1745,.T.);
#2231=ORIENTED_EDGE('',*,*,#1746,.T.);
#2232=ORIENTED_EDGE('',*,*,#1747,.T.);
#2233=ORIENTED_EDGE('',*,*,#1748,.T.);
#2234=ORIENTED_EDGE('',*,*,#1749,.T.);
#2235=ORIENTED_EDGE('',*,*,#1750,.T.);
#2236=ORIENTED_EDGE('',*,*,#1674,.T.);
#2237=ORIENTED_EDGE('',*,*,#1680,.T.);
#2238=ORIENTED_EDGE('',*,*,#1683,.T.);
#2239=ORIENTED_EDGE('',*,*,#1686,.T.);
#2240=ORIENTED_EDGE('',*,*,#1689,.T.);
#2241=ORIENTED_EDGE('',*,*,#1692,.T.);
#2242=ORIENTED_EDGE('',*,*,#1695,.T.);
#2243=ORIENTED_EDGE('',*,*,#1698,.T.);
#2244=ORIENTED_EDGE('',*,*,#1725,.T.);
#2245=ORIENTED_EDGE('',*,*,#1732,.T.);
#2246=ORIENTED_EDGE('',*,*,#1751,.F.);
#2247=ORIENTED_EDGE('',*,*,#1752,.F.);
#2248=ORIENTED_EDGE('',*,*,#1753,.F.);
#2249=ORIENTED_EDGE('',*,*,#1745,.F.);
#2250=ORIENTED_EDGE('',*,*,#1731,.T.);
#2251=ORIENTED_EDGE('',*,*,#1754,.T.);
#2252=ORIENTED_EDGE('',*,*,#1755,.T.);
#2253=ORIENTED_EDGE('',*,*,#1751,.T.);
#2254=ORIENTED_EDGE('',*,*,#1730,.T.);
#2255=ORIENTED_EDGE('',*,*,#1756,.F.);
#2256=ORIENTED_EDGE('',*,*,#1757,.F.);
#2257=ORIENTED_EDGE('',*,*,#1754,.F.);
#2258=ORIENTED_EDGE('',*,*,#1729,.T.);
#2259=ORIENTED_EDGE('',*,*,#1758,.T.);
#2260=ORIENTED_EDGE('',*,*,#1759,.T.);
#2261=ORIENTED_EDGE('',*,*,#1756,.T.);
#2262=ORIENTED_EDGE('',*,*,#1727,.T.);
#2263=ORIENTED_EDGE('',*,*,#1760,.T.);
#2264=ORIENTED_EDGE('',*,*,#1761,.T.);
#2265=ORIENTED_EDGE('',*,*,#1723,.T.);
#2266=ORIENTED_EDGE('',*,*,#1761,.F.);
#2267=ORIENTED_EDGE('',*,*,#1734,.F.);
#2268=ORIENTED_EDGE('',*,*,#1762,.F.);
#2269=ORIENTED_EDGE('',*,*,#1763,.F.);
#2270=ORIENTED_EDGE('',*,*,#1758,.F.);
#2271=ORIENTED_EDGE('',*,*,#1728,.T.);
#2272=ORIENTED_EDGE('',*,*,#1753,.T.);
#2273=ORIENTED_EDGE('',*,*,#1764,.T.);
#2274=ORIENTED_EDGE('',*,*,#1765,.T.);
#2275=ORIENTED_EDGE('',*,*,#1746,.F.);
#2276=ORIENTED_EDGE('',*,*,#1765,.F.);
#2277=ORIENTED_EDGE('',*,*,#1766,.F.);
#2278=ORIENTED_EDGE('',*,*,#1767,.F.);
#2279=ORIENTED_EDGE('',*,*,#1747,.F.);
#2280=ORIENTED_EDGE('',*,*,#1767,.T.);
#2281=ORIENTED_EDGE('',*,*,#1768,.T.);
#2282=ORIENTED_EDGE('',*,*,#1769,.T.);
#2283=ORIENTED_EDGE('',*,*,#1748,.F.);
#2284=ORIENTED_EDGE('',*,*,#1675,.T.);
#2285=ORIENTED_EDGE('',*,*,#1750,.F.);
#2286=ORIENTED_EDGE('',*,*,#1770,.T.);
#2287=ORIENTED_EDGE('',*,*,#1771,.T.);
#2288=ORIENTED_EDGE('',*,*,#1671,.T.);
#2289=ORIENTED_EDGE('',*,*,#1677,.T.);
#2290=ORIENTED_EDGE('',*,*,#1772,.T.);
#2291=ORIENTED_EDGE('',*,*,#1762,.T.);
#2292=ORIENTED_EDGE('',*,*,#1733,.F.);
#2293=ORIENTED_EDGE('',*,*,#1773,.T.);
#2294=ORIENTED_EDGE('',*,*,#1770,.F.);
#2295=ORIENTED_EDGE('',*,*,#1749,.F.);
#2296=ORIENTED_EDGE('',*,*,#1769,.F.);
#2297=ORIENTED_EDGE('',*,*,#1759,.F.);
#2298=ORIENTED_EDGE('',*,*,#1763,.T.);
#2299=ORIENTED_EDGE('',*,*,#1772,.F.);
#2300=ORIENTED_EDGE('',*,*,#1676,.T.);
#2301=ORIENTED_EDGE('',*,*,#1771,.F.);
#2302=ORIENTED_EDGE('',*,*,#1773,.F.);
#2303=ORIENTED_EDGE('',*,*,#1768,.F.);
#2304=ORIENTED_EDGE('',*,*,#1766,.T.);
#2305=ORIENTED_EDGE('',*,*,#1764,.F.);
#2306=ORIENTED_EDGE('',*,*,#1752,.T.);
#2307=ORIENTED_EDGE('',*,*,#1755,.F.);
#2308=ORIENTED_EDGE('',*,*,#1757,.T.);
#2309=ORIENTED_EDGE('',*,*,#1774,.F.);
#2310=ORIENTED_EDGE('',*,*,#1775,.T.);
#2311=ORIENTED_EDGE('',*,*,#1735,.F.);
#2312=ORIENTED_EDGE('',*,*,#1760,.F.);
#2313=ORIENTED_EDGE('',*,*,#1744,.F.);
#2314=ORIENTED_EDGE('',*,*,#1776,.F.);
#2315=ORIENTED_EDGE('',*,*,#1777,.F.);
#2316=ORIENTED_EDGE('',*,*,#1776,.T.);
#2317=ORIENTED_EDGE('',*,*,#1743,.F.);
#2318=ORIENTED_EDGE('',*,*,#1778,.F.);
#2319=ORIENTED_EDGE('',*,*,#1779,.F.);
#2320=ORIENTED_EDGE('',*,*,#1778,.T.);
#2321=ORIENTED_EDGE('',*,*,#1742,.F.);
#2322=ORIENTED_EDGE('',*,*,#1780,.F.);
#2323=ORIENTED_EDGE('',*,*,#1781,.F.);
#2324=ORIENTED_EDGE('',*,*,#1780,.T.);
#2325=ORIENTED_EDGE('',*,*,#1741,.F.);
#2326=ORIENTED_EDGE('',*,*,#1782,.F.);
#2327=ORIENTED_EDGE('',*,*,#1783,.F.);
#2328=ORIENTED_EDGE('',*,*,#1782,.T.);
#2329=ORIENTED_EDGE('',*,*,#1740,.F.);
#2330=ORIENTED_EDGE('',*,*,#1784,.F.);
#2331=ORIENTED_EDGE('',*,*,#1785,.F.);
#2332=ORIENTED_EDGE('',*,*,#1784,.T.);
#2333=ORIENTED_EDGE('',*,*,#1739,.F.);
#2334=ORIENTED_EDGE('',*,*,#1786,.F.);
#2335=ORIENTED_EDGE('',*,*,#1787,.F.);
#2336=ORIENTED_EDGE('',*,*,#1786,.T.);
#2337=ORIENTED_EDGE('',*,*,#1738,.F.);
#2338=ORIENTED_EDGE('',*,*,#1788,.F.);
#2339=ORIENTED_EDGE('',*,*,#1789,.F.);
#2340=ORIENTED_EDGE('',*,*,#1788,.T.);
#2341=ORIENTED_EDGE('',*,*,#1737,.F.);
#2342=ORIENTED_EDGE('',*,*,#1790,.F.);
#2343=ORIENTED_EDGE('',*,*,#1791,.F.);
#2344=ORIENTED_EDGE('',*,*,#1790,.T.);
#2345=ORIENTED_EDGE('',*,*,#1736,.F.);
#2346=ORIENTED_EDGE('',*,*,#1775,.F.);
#2347=ORIENTED_EDGE('',*,*,#1792,.T.);
#2348=ORIENTED_EDGE('',*,*,#1793,.T.);
#2349=ORIENTED_EDGE('',*,*,#1794,.T.);
#2350=ORIENTED_EDGE('',*,*,#1795,.T.);
#2351=ORIENTED_EDGE('',*,*,#1796,.T.);
#2352=ORIENTED_EDGE('',*,*,#1797,.T.);
#2353=ORIENTED_EDGE('',*,*,#1798,.T.);
#2354=ORIENTED_EDGE('',*,*,#1799,.T.);
#2355=ORIENTED_EDGE('',*,*,#1800,.T.);
#2356=ORIENTED_EDGE('',*,*,#1801,.T.);
#2357=ORIENTED_EDGE('',*,*,#1802,.T.);
#2358=ORIENTED_EDGE('',*,*,#1803,.T.);
#2359=ORIENTED_EDGE('',*,*,#1804,.T.);
#2360=ORIENTED_EDGE('',*,*,#1805,.T.);
#2361=ORIENTED_EDGE('',*,*,#1806,.T.);
#2362=ORIENTED_EDGE('',*,*,#1807,.T.);
#2363=ORIENTED_EDGE('',*,*,#1808,.T.);
#2364=ORIENTED_EDGE('',*,*,#1809,.T.);
#2365=ORIENTED_EDGE('',*,*,#1777,.T.);
#2366=ORIENTED_EDGE('',*,*,#1779,.T.);
#2367=ORIENTED_EDGE('',*,*,#1781,.T.);
#2368=ORIENTED_EDGE('',*,*,#1783,.T.);
#2369=ORIENTED_EDGE('',*,*,#1785,.T.);
#2370=ORIENTED_EDGE('',*,*,#1787,.T.);
#2371=ORIENTED_EDGE('',*,*,#1789,.T.);
#2372=ORIENTED_EDGE('',*,*,#1791,.T.);
#2373=ORIENTED_EDGE('',*,*,#1774,.T.);
#2374=ORIENTED_EDGE('',*,*,#1810,.T.);
#2375=ORIENTED_EDGE('',*,*,#1811,.T.);
#2376=ORIENTED_EDGE('',*,*,#1812,.T.);
#2377=ORIENTED_EDGE('',*,*,#1813,.T.);
#2378=ORIENTED_EDGE('',*,*,#1814,.T.);
#2379=ORIENTED_EDGE('',*,*,#1815,.T.);
#2380=ORIENTED_EDGE('',*,*,#1816,.T.);
#2381=ORIENTED_EDGE('',*,*,#1817,.T.);
#2382=ORIENTED_EDGE('',*,*,#1818,.T.);
#2383=ORIENTED_EDGE('',*,*,#1819,.T.);
#2384=ORIENTED_EDGE('',*,*,#1820,.T.);
#2385=ORIENTED_EDGE('',*,*,#1821,.T.);
#2386=ORIENTED_EDGE('',*,*,#1822,.T.);
#2387=ORIENTED_EDGE('',*,*,#1616,.T.);
#2388=ORIENTED_EDGE('',*,*,#1800,.F.);
#2389=ORIENTED_EDGE('',*,*,#1823,.T.);
#2390=ORIENTED_EDGE('',*,*,#1824,.F.);
#2391=ORIENTED_EDGE('',*,*,#1825,.F.);
#2392=ORIENTED_EDGE('',*,*,#1793,.F.);
#2393=ORIENTED_EDGE('',*,*,#1826,.T.);
#2394=ORIENTED_EDGE('',*,*,#1827,.F.);
#2395=ORIENTED_EDGE('',*,*,#1828,.F.);
#2396=ORIENTED_EDGE('',*,*,#1794,.F.);
#2397=ORIENTED_EDGE('',*,*,#1828,.T.);
#2398=ORIENTED_EDGE('',*,*,#1829,.F.);
#2399=ORIENTED_EDGE('',*,*,#1830,.F.);
#2400=ORIENTED_EDGE('',*,*,#1795,.F.);
#2401=ORIENTED_EDGE('',*,*,#1830,.T.);
#2402=ORIENTED_EDGE('',*,*,#1831,.F.);
#2403=ORIENTED_EDGE('',*,*,#1832,.F.);
#2404=ORIENTED_EDGE('',*,*,#1796,.F.);
#2405=ORIENTED_EDGE('',*,*,#1832,.T.);
#2406=ORIENTED_EDGE('',*,*,#1833,.F.);
#2407=ORIENTED_EDGE('',*,*,#1834,.F.);
#2408=ORIENTED_EDGE('',*,*,#1797,.F.);
#2409=ORIENTED_EDGE('',*,*,#1834,.T.);
#2410=ORIENTED_EDGE('',*,*,#1835,.F.);
#2411=ORIENTED_EDGE('',*,*,#1836,.F.);
#2412=ORIENTED_EDGE('',*,*,#1798,.F.);
#2413=ORIENTED_EDGE('',*,*,#1836,.T.);
#2414=ORIENTED_EDGE('',*,*,#1837,.F.);
#2415=ORIENTED_EDGE('',*,*,#1838,.F.);
#2416=ORIENTED_EDGE('',*,*,#1799,.F.);
#2417=ORIENTED_EDGE('',*,*,#1838,.T.);
#2418=ORIENTED_EDGE('',*,*,#1839,.F.);
#2419=ORIENTED_EDGE('',*,*,#1823,.F.);
#2420=ORIENTED_EDGE('',*,*,#1839,.T.);
#2421=ORIENTED_EDGE('',*,*,#1837,.T.);
#2422=ORIENTED_EDGE('',*,*,#1835,.T.);
#2423=ORIENTED_EDGE('',*,*,#1833,.T.);
#2424=ORIENTED_EDGE('',*,*,#1831,.T.);
#2425=ORIENTED_EDGE('',*,*,#1829,.T.);
#2426=ORIENTED_EDGE('',*,*,#1827,.T.);
#2427=ORIENTED_EDGE('',*,*,#1840,.T.);
#2428=ORIENTED_EDGE('',*,*,#1824,.T.);
#2429=ORIENTED_EDGE('',*,*,#1722,.T.);
#2430=ORIENTED_EDGE('',*,*,#1719,.T.);
#2431=ORIENTED_EDGE('',*,*,#1716,.T.);
#2432=ORIENTED_EDGE('',*,*,#1713,.T.);
#2433=ORIENTED_EDGE('',*,*,#1710,.T.);
#2434=ORIENTED_EDGE('',*,*,#1707,.T.);
#2435=ORIENTED_EDGE('',*,*,#1704,.T.);
#2436=ORIENTED_EDGE('',*,*,#1701,.T.);
#2437=ORIENTED_EDGE('',*,*,#1841,.T.);
#2438=ORIENTED_EDGE('',*,*,#1842,.T.);
#2439=ORIENTED_EDGE('',*,*,#1843,.T.);
#2440=ORIENTED_EDGE('',*,*,#1844,.T.);
#2441=ORIENTED_EDGE('',*,*,#1845,.T.);
#2442=ORIENTED_EDGE('',*,*,#1846,.T.);
#2443=ORIENTED_EDGE('',*,*,#1847,.T.);
#2444=ORIENTED_EDGE('',*,*,#1848,.T.);
#2445=ORIENTED_EDGE('',*,*,#1849,.T.);
#2446=ORIENTED_EDGE('',*,*,#1850,.T.);
#2447=ORIENTED_EDGE('',*,*,#1851,.T.);
#2448=ORIENTED_EDGE('',*,*,#1852,.T.);
#2449=ORIENTED_EDGE('',*,*,#1853,.T.);
#2450=ORIENTED_EDGE('',*,*,#1854,.T.);
#2451=ORIENTED_EDGE('',*,*,#1855,.T.);
#2452=ORIENTED_EDGE('',*,*,#1856,.T.);
#2453=ORIENTED_EDGE('',*,*,#1857,.F.);
#2454=ORIENTED_EDGE('',*,*,#1858,.T.);
#2455=ORIENTED_EDGE('',*,*,#1804,.F.);
#2456=ORIENTED_EDGE('',*,*,#1859,.F.);
#2457=ORIENTED_EDGE('',*,*,#1842,.F.);
#2458=ORIENTED_EDGE('',*,*,#1843,.F.);
#2459=ORIENTED_EDGE('',*,*,#1859,.T.);
#2460=ORIENTED_EDGE('',*,*,#1803,.F.);
#2461=ORIENTED_EDGE('',*,*,#1860,.F.);
#2462=ORIENTED_EDGE('',*,*,#1861,.F.);
#2463=ORIENTED_EDGE('',*,*,#1856,.F.);
#2464=ORIENTED_EDGE('',*,*,#1862,.T.);
#2465=ORIENTED_EDGE('',*,*,#1801,.F.);
#2466=ORIENTED_EDGE('',*,*,#1825,.T.);
#2467=ORIENTED_EDGE('',*,*,#1840,.F.);
#2468=ORIENTED_EDGE('',*,*,#1826,.F.);
#2469=ORIENTED_EDGE('',*,*,#1792,.F.);
#2470=ORIENTED_EDGE('',*,*,#1863,.F.);
#2471=ORIENTED_EDGE('',*,*,#1864,.F.);
#2472=ORIENTED_EDGE('',*,*,#1865,.T.);
#2473=ORIENTED_EDGE('',*,*,#1821,.F.);
#2474=ORIENTED_EDGE('',*,*,#1866,.F.);
#2475=ORIENTED_EDGE('',*,*,#1867,.F.);
#2476=ORIENTED_EDGE('',*,*,#1866,.T.);
#2477=ORIENTED_EDGE('',*,*,#1820,.F.);
#2478=ORIENTED_EDGE('',*,*,#1868,.F.);
#2479=ORIENTED_EDGE('',*,*,#1851,.F.);
#2480=ORIENTED_EDGE('',*,*,#1852,.F.);
#2481=ORIENTED_EDGE('',*,*,#1868,.T.);
#2482=ORIENTED_EDGE('',*,*,#1819,.F.);
#2483=ORIENTED_EDGE('',*,*,#1869,.F.);
#2484=ORIENTED_EDGE('',*,*,#1870,.F.);
#2485=ORIENTED_EDGE('',*,*,#1871,.F.);
#2486=ORIENTED_EDGE('',*,*,#1869,.T.);
#2487=ORIENTED_EDGE('',*,*,#1818,.F.);
#2488=ORIENTED_EDGE('',*,*,#1872,.F.);
#2489=ORIENTED_EDGE('',*,*,#1873,.F.);
#2490=ORIENTED_EDGE('',*,*,#1848,.F.);
#2491=ORIENTED_EDGE('',*,*,#1874,.F.);
#2492=ORIENTED_EDGE('',*,*,#1872,.T.);
#2493=ORIENTED_EDGE('',*,*,#1817,.F.);
#2494=ORIENTED_EDGE('',*,*,#1875,.F.);
#2495=ORIENTED_EDGE('',*,*,#1876,.F.);
#2496=ORIENTED_EDGE('',*,*,#1875,.T.);
#2497=ORIENTED_EDGE('',*,*,#1816,.F.);
#2498=ORIENTED_EDGE('',*,*,#1877,.F.);
#2499=ORIENTED_EDGE('',*,*,#1878,.F.);
#2500=ORIENTED_EDGE('',*,*,#1877,.T.);
#2501=ORIENTED_EDGE('',*,*,#1815,.F.);
#2502=ORIENTED_EDGE('',*,*,#1879,.F.);
#2503=ORIENTED_EDGE('',*,*,#1880,.F.);
#2504=ORIENTED_EDGE('',*,*,#1845,.F.);
#2505=ORIENTED_EDGE('',*,*,#1881,.F.);
#2506=ORIENTED_EDGE('',*,*,#1879,.T.);
#2507=ORIENTED_EDGE('',*,*,#1814,.F.);
#2508=ORIENTED_EDGE('',*,*,#1882,.F.);
#2509=ORIENTED_EDGE('',*,*,#1883,.F.);
#2510=ORIENTED_EDGE('',*,*,#1882,.T.);
#2511=ORIENTED_EDGE('',*,*,#1813,.F.);
#2512=ORIENTED_EDGE('',*,*,#1884,.F.);
#2513=ORIENTED_EDGE('',*,*,#1885,.F.);
#2514=ORIENTED_EDGE('',*,*,#1884,.T.);
#2515=ORIENTED_EDGE('',*,*,#1812,.F.);
#2516=ORIENTED_EDGE('',*,*,#1886,.F.);
#2517=ORIENTED_EDGE('',*,*,#1887,.F.);
#2518=ORIENTED_EDGE('',*,*,#1886,.T.);
#2519=ORIENTED_EDGE('',*,*,#1811,.F.);
#2520=ORIENTED_EDGE('',*,*,#1888,.F.);
#2521=ORIENTED_EDGE('',*,*,#1889,.F.);
#2522=ORIENTED_EDGE('',*,*,#1890,.T.);
#2523=ORIENTED_EDGE('',*,*,#1808,.F.);
#2524=ORIENTED_EDGE('',*,*,#1891,.F.);
#2525=ORIENTED_EDGE('',*,*,#1873,.T.);
#2526=ORIENTED_EDGE('',*,*,#1874,.T.);
#2527=ORIENTED_EDGE('',*,*,#1892,.T.);
#2528=ORIENTED_EDGE('',*,*,#1876,.T.);
#2529=ORIENTED_EDGE('',*,*,#1878,.T.);
#2530=ORIENTED_EDGE('',*,*,#1893,.T.);
#2531=ORIENTED_EDGE('',*,*,#1870,.T.);
#2532=ORIENTED_EDGE('',*,*,#1871,.T.);
#2533=ORIENTED_EDGE('',*,*,#1894,.T.);
#2534=ORIENTED_EDGE('',*,*,#1889,.T.);
#2535=ORIENTED_EDGE('',*,*,#1895,.T.);
#2536=ORIENTED_EDGE('',*,*,#1896,.T.);
#2537=ORIENTED_EDGE('',*,*,#1897,.T.);
#2538=ORIENTED_EDGE('',*,*,#1864,.T.);
#2539=ORIENTED_EDGE('',*,*,#1867,.T.);
#2540=ORIENTED_EDGE('',*,*,#1898,.T.);
#2541=ORIENTED_EDGE('',*,*,#1899,.T.);
#2542=ORIENTED_EDGE('',*,*,#1900,.T.);
#2543=ORIENTED_EDGE('',*,*,#1901,.T.);
#2544=ORIENTED_EDGE('',*,*,#1902,.T.);
#2545=ORIENTED_EDGE('',*,*,#1903,.T.);
#2546=ORIENTED_EDGE('',*,*,#1904,.T.);
#2547=ORIENTED_EDGE('',*,*,#1880,.T.);
#2548=ORIENTED_EDGE('',*,*,#1881,.T.);
#2549=ORIENTED_EDGE('',*,*,#1883,.T.);
#2550=ORIENTED_EDGE('',*,*,#1885,.T.);
#2551=ORIENTED_EDGE('',*,*,#1887,.T.);
#2552=ORIENTED_EDGE('',*,*,#1905,.T.);
#2553=ORIENTED_EDGE('',*,*,#1906,.T.);
#2554=ORIENTED_EDGE('',*,*,#1907,.T.);
#2555=ORIENTED_EDGE('',*,*,#1908,.T.);
#2556=ORIENTED_EDGE('',*,*,#1909,.T.);
#2557=ORIENTED_EDGE('',*,*,#1910,.T.);
#2558=ORIENTED_EDGE('',*,*,#1911,.T.);
#2559=ORIENTED_EDGE('',*,*,#1912,.T.);
#2560=ORIENTED_EDGE('',*,*,#1913,.T.);
#2561=ORIENTED_EDGE('',*,*,#1619,.T.);
#2562=ORIENTED_EDGE('',*,*,#1631,.T.);
#2563=ORIENTED_EDGE('',*,*,#1643,.T.);
#2564=ORIENTED_EDGE('',*,*,#1655,.T.);
#2565=ORIENTED_EDGE('',*,*,#1658,.T.);
#2566=ORIENTED_EDGE('',*,*,#1661,.T.);
#2567=ORIENTED_EDGE('',*,*,#1664,.T.);
#2568=ORIENTED_EDGE('',*,*,#1667,.T.);
#2569=ORIENTED_EDGE('',*,*,#1670,.T.);
#2570=ORIENTED_EDGE('',*,*,#1914,.T.);
#2571=ORIENTED_EDGE('',*,*,#1915,.T.);
#2572=ORIENTED_EDGE('',*,*,#1916,.T.);
#2573=ORIENTED_EDGE('',*,*,#1917,.T.);
#2574=ORIENTED_EDGE('',*,*,#1918,.T.);
#2575=ORIENTED_EDGE('',*,*,#1919,.T.);
#2576=ORIENTED_EDGE('',*,*,#1920,.T.);
#2577=ORIENTED_EDGE('',*,*,#1921,.T.);
#2578=ORIENTED_EDGE('',*,*,#1649,.T.);
#2579=ORIENTED_EDGE('',*,*,#1637,.T.);
#2580=ORIENTED_EDGE('',*,*,#1625,.T.);
#2581=ORIENTED_EDGE('',*,*,#1613,.T.);
#2582=ORIENTED_EDGE('',*,*,#1857,.T.);
#2583=ORIENTED_EDGE('',*,*,#1922,.T.);
#2584=ORIENTED_EDGE('',*,*,#1923,.T.);
#2585=ORIENTED_EDGE('',*,*,#1861,.T.);
#2586=ORIENTED_EDGE('',*,*,#1924,.T.);
#2587=ORIENTED_EDGE('',*,*,#1925,.T.);
#2588=ORIENTED_EDGE('',*,*,#1926,.T.);
#2589=ORIENTED_EDGE('',*,*,#1927,.T.);
#2590=ORIENTED_EDGE('',*,*,#1928,.T.);
#2591=ORIENTED_EDGE('',*,*,#1929,.T.);
#2592=ORIENTED_EDGE('',*,*,#1930,.T.);
#2593=ORIENTED_EDGE('',*,*,#1931,.F.);
#2594=ORIENTED_EDGE('',*,*,#1932,.T.);
#2595=ORIENTED_EDGE('',*,*,#1933,.T.);
#2596=ORIENTED_EDGE('',*,*,#1934,.T.);
#2597=ORIENTED_EDGE('',*,*,#1935,.T.);
#2598=ORIENTED_EDGE('',*,*,#1936,.T.);
#2599=ORIENTED_EDGE('',*,*,#1937,.F.);
#2600=ORIENTED_EDGE('',*,*,#1938,.F.);
#2601=ORIENTED_EDGE('',*,*,#1939,.F.);
#2602=ORIENTED_EDGE('',*,*,#1937,.T.);
#2603=ORIENTED_EDGE('',*,*,#1940,.T.);
#2604=ORIENTED_EDGE('',*,*,#1922,.F.);
#2605=ORIENTED_EDGE('',*,*,#1841,.F.);
#2606=ORIENTED_EDGE('',*,*,#1925,.F.);
#2607=ORIENTED_EDGE('',*,*,#1941,.F.);
#2608=ORIENTED_EDGE('',*,*,#1938,.T.);
#2609=ORIENTED_EDGE('',*,*,#1941,.T.);
#2610=ORIENTED_EDGE('',*,*,#1924,.F.);
#2611=ORIENTED_EDGE('',*,*,#1860,.T.);
#2612=ORIENTED_EDGE('',*,*,#1802,.F.);
#2613=ORIENTED_EDGE('',*,*,#1862,.F.);
#2614=ORIENTED_EDGE('',*,*,#1855,.F.);
#2615=ORIENTED_EDGE('',*,*,#1926,.F.);
#2616=ORIENTED_EDGE('',*,*,#1942,.F.);
#2617=ORIENTED_EDGE('',*,*,#1939,.T.);
#2618=ORIENTED_EDGE('',*,*,#1942,.T.);
#2619=ORIENTED_EDGE('',*,*,#1929,.F.);
#2620=ORIENTED_EDGE('',*,*,#1943,.F.);
#2621=ORIENTED_EDGE('',*,*,#1944,.F.);
#2622=ORIENTED_EDGE('',*,*,#1945,.T.);
#2623=ORIENTED_EDGE('',*,*,#1917,.F.);
#2624=ORIENTED_EDGE('',*,*,#1946,.F.);
#2625=ORIENTED_EDGE('',*,*,#1947,.F.);
#2626=ORIENTED_EDGE('',*,*,#1946,.T.);
#2627=ORIENTED_EDGE('',*,*,#1916,.F.);
#2628=ORIENTED_EDGE('',*,*,#1948,.F.);
#2629=ORIENTED_EDGE('',*,*,#1949,.F.);
#2630=ORIENTED_EDGE('',*,*,#1948,.T.);
#2631=ORIENTED_EDGE('',*,*,#1915,.F.);
#2632=ORIENTED_EDGE('',*,*,#1950,.F.);
#2633=ORIENTED_EDGE('',*,*,#1951,.F.);
#2634=ORIENTED_EDGE('',*,*,#1950,.T.);
#2635=ORIENTED_EDGE('',*,*,#1914,.F.);
#2636=ORIENTED_EDGE('',*,*,#1945,.F.);
#2637=ORIENTED_EDGE('',*,*,#1952,.F.);
#2638=ORIENTED_EDGE('',*,*,#1953,.T.);
#2639=ORIENTED_EDGE('',*,*,#1921,.F.);
#2640=ORIENTED_EDGE('',*,*,#1954,.F.);
#2641=ORIENTED_EDGE('',*,*,#1955,.F.);
#2642=ORIENTED_EDGE('',*,*,#1954,.T.);
#2643=ORIENTED_EDGE('',*,*,#1920,.F.);
#2644=ORIENTED_EDGE('',*,*,#1956,.F.);
#2645=ORIENTED_EDGE('',*,*,#1957,.F.);
#2646=ORIENTED_EDGE('',*,*,#1956,.T.);
#2647=ORIENTED_EDGE('',*,*,#1919,.F.);
#2648=ORIENTED_EDGE('',*,*,#1958,.F.);
#2649=ORIENTED_EDGE('',*,*,#1959,.F.);
#2650=ORIENTED_EDGE('',*,*,#1958,.T.);
#2651=ORIENTED_EDGE('',*,*,#1918,.F.);
#2652=ORIENTED_EDGE('',*,*,#1953,.F.);
#2653=ORIENTED_EDGE('',*,*,#1960,.F.);
#2654=ORIENTED_EDGE('',*,*,#1961,.T.);
#2655=ORIENTED_EDGE('',*,*,#1846,.F.);
#2656=ORIENTED_EDGE('',*,*,#1904,.F.);
#2657=ORIENTED_EDGE('',*,*,#1962,.F.);
#2658=ORIENTED_EDGE('',*,*,#1963,.F.);
#2659=ORIENTED_EDGE('',*,*,#1962,.T.);
#2660=ORIENTED_EDGE('',*,*,#1903,.F.);
#2661=ORIENTED_EDGE('',*,*,#1964,.F.);
#2662=ORIENTED_EDGE('',*,*,#1965,.F.);
#2663=ORIENTED_EDGE('',*,*,#1964,.T.);
#2664=ORIENTED_EDGE('',*,*,#1902,.F.);
#2665=ORIENTED_EDGE('',*,*,#1966,.F.);
#2666=ORIENTED_EDGE('',*,*,#1967,.F.);
#2667=ORIENTED_EDGE('',*,*,#1966,.T.);
#2668=ORIENTED_EDGE('',*,*,#1901,.F.);
#2669=ORIENTED_EDGE('',*,*,#1968,.F.);
#2670=ORIENTED_EDGE('',*,*,#1969,.F.);
#2671=ORIENTED_EDGE('',*,*,#1968,.T.);
#2672=ORIENTED_EDGE('',*,*,#1900,.F.);
#2673=ORIENTED_EDGE('',*,*,#1970,.F.);
#2674=ORIENTED_EDGE('',*,*,#1971,.F.);
#2675=ORIENTED_EDGE('',*,*,#1970,.T.);
#2676=ORIENTED_EDGE('',*,*,#1899,.F.);
#2677=ORIENTED_EDGE('',*,*,#1972,.F.);
#2678=ORIENTED_EDGE('',*,*,#1973,.F.);
#2679=ORIENTED_EDGE('',*,*,#1972,.T.);
#2680=ORIENTED_EDGE('',*,*,#1898,.F.);
#2681=ORIENTED_EDGE('',*,*,#1850,.F.);
#2682=ORIENTED_EDGE('',*,*,#1974,.F.);
#2683=ORIENTED_EDGE('',*,*,#1975,.F.);
#2684=ORIENTED_EDGE('',*,*,#1974,.T.);
#2685=ORIENTED_EDGE('',*,*,#1853,.F.);
#2686=ORIENTED_EDGE('',*,*,#1894,.F.);
#2687=ORIENTED_EDGE('',*,*,#1847,.F.);
#2688=ORIENTED_EDGE('',*,*,#1976,.F.);
#2689=ORIENTED_EDGE('',*,*,#1977,.F.);
#2690=ORIENTED_EDGE('',*,*,#1976,.T.);
#2691=ORIENTED_EDGE('',*,*,#1849,.F.);
#2692=ORIENTED_EDGE('',*,*,#1892,.F.);
#2693=ORIENTED_EDGE('',*,*,#1978,.F.);
#2694=ORIENTED_EDGE('',*,*,#1979,.F.);
#2695=ORIENTED_EDGE('',*,*,#1978,.T.);
#2696=ORIENTED_EDGE('',*,*,#1893,.F.);
#2697=ORIENTED_EDGE('',*,*,#1844,.F.);
#2698=ORIENTED_EDGE('',*,*,#1961,.F.);
#2699=ORIENTED_EDGE('',*,*,#1980,.T.);
#2700=ORIENTED_EDGE('',*,*,#1981,.T.);
#2701=ORIENTED_EDGE('',*,*,#1936,.F.);
#2702=ORIENTED_EDGE('',*,*,#1982,.F.);
#2703=ORIENTED_EDGE('',*,*,#1983,.T.);
#2704=ORIENTED_EDGE('',*,*,#1982,.T.);
#2705=ORIENTED_EDGE('',*,*,#1935,.F.);
#2706=ORIENTED_EDGE('',*,*,#1984,.F.);
#2707=ORIENTED_EDGE('',*,*,#1985,.T.);
#2708=ORIENTED_EDGE('',*,*,#1984,.T.);
#2709=ORIENTED_EDGE('',*,*,#1934,.F.);
#2710=ORIENTED_EDGE('',*,*,#1986,.F.);
#2711=ORIENTED_EDGE('',*,*,#1987,.T.);
#2712=ORIENTED_EDGE('',*,*,#1986,.T.);
#2713=ORIENTED_EDGE('',*,*,#1943,.T.);
#2714=ORIENTED_EDGE('',*,*,#1928,.F.);
#2715=ORIENTED_EDGE('',*,*,#1988,.F.);
#2716=ORIENTED_EDGE('',*,*,#1989,.T.);
#2717=ORIENTED_EDGE('',*,*,#1988,.T.);
#2718=ORIENTED_EDGE('',*,*,#1927,.F.);
#2719=ORIENTED_EDGE('',*,*,#1854,.F.);
#2720=ORIENTED_EDGE('',*,*,#1990,.F.);
#2721=ORIENTED_EDGE('',*,*,#1991,.T.);
#2722=ORIENTED_EDGE('',*,*,#1990,.T.);
#2723=ORIENTED_EDGE('',*,*,#1863,.T.);
#2724=ORIENTED_EDGE('',*,*,#1822,.F.);
#2725=ORIENTED_EDGE('',*,*,#1865,.F.);
#2726=ORIENTED_EDGE('',*,*,#1913,.F.);
#2727=ORIENTED_EDGE('',*,*,#1992,.F.);
#2728=ORIENTED_EDGE('',*,*,#1993,.T.);
#2729=ORIENTED_EDGE('',*,*,#1992,.T.);
#2730=ORIENTED_EDGE('',*,*,#1912,.F.);
#2731=ORIENTED_EDGE('',*,*,#1994,.F.);
#2732=ORIENTED_EDGE('',*,*,#1995,.T.);
#2733=ORIENTED_EDGE('',*,*,#1994,.T.);
#2734=ORIENTED_EDGE('',*,*,#1911,.F.);
#2735=ORIENTED_EDGE('',*,*,#1996,.F.);
#2736=ORIENTED_EDGE('',*,*,#1997,.T.);
#2737=ORIENTED_EDGE('',*,*,#1996,.T.);
#2738=ORIENTED_EDGE('',*,*,#1910,.F.);
#2739=ORIENTED_EDGE('',*,*,#1998,.F.);
#2740=ORIENTED_EDGE('',*,*,#1999,.T.);
#2741=ORIENTED_EDGE('',*,*,#1998,.T.);
#2742=ORIENTED_EDGE('',*,*,#1909,.F.);
#2743=ORIENTED_EDGE('',*,*,#2000,.F.);
#2744=ORIENTED_EDGE('',*,*,#2001,.T.);
#2745=ORIENTED_EDGE('',*,*,#2000,.T.);
#2746=ORIENTED_EDGE('',*,*,#1908,.F.);
#2747=ORIENTED_EDGE('',*,*,#2002,.F.);
#2748=ORIENTED_EDGE('',*,*,#2003,.T.);
#2749=ORIENTED_EDGE('',*,*,#2002,.T.);
#2750=ORIENTED_EDGE('',*,*,#1907,.F.);
#2751=ORIENTED_EDGE('',*,*,#2004,.F.);
#2752=ORIENTED_EDGE('',*,*,#2005,.T.);
#2753=ORIENTED_EDGE('',*,*,#2004,.T.);
#2754=ORIENTED_EDGE('',*,*,#1906,.F.);
#2755=ORIENTED_EDGE('',*,*,#2006,.F.);
#2756=ORIENTED_EDGE('',*,*,#2007,.T.);
#2757=ORIENTED_EDGE('',*,*,#2006,.T.);
#2758=ORIENTED_EDGE('',*,*,#1905,.F.);
#2759=ORIENTED_EDGE('',*,*,#1888,.T.);
#2760=ORIENTED_EDGE('',*,*,#1810,.F.);
#2761=ORIENTED_EDGE('',*,*,#1809,.F.);
#2762=ORIENTED_EDGE('',*,*,#1890,.F.);
#2763=ORIENTED_EDGE('',*,*,#1897,.F.);
#2764=ORIENTED_EDGE('',*,*,#2008,.F.);
#2765=ORIENTED_EDGE('',*,*,#2009,.T.);
#2766=ORIENTED_EDGE('',*,*,#2008,.T.);
#2767=ORIENTED_EDGE('',*,*,#1896,.F.);
#2768=ORIENTED_EDGE('',*,*,#2010,.F.);
#2769=ORIENTED_EDGE('',*,*,#2011,.T.);
#2770=ORIENTED_EDGE('',*,*,#2010,.T.);
#2771=ORIENTED_EDGE('',*,*,#1895,.F.);
#2772=ORIENTED_EDGE('',*,*,#1891,.T.);
#2773=ORIENTED_EDGE('',*,*,#1807,.F.);
#2774=ORIENTED_EDGE('',*,*,#2012,.F.);
#2775=ORIENTED_EDGE('',*,*,#2013,.T.);
#2776=ORIENTED_EDGE('',*,*,#2012,.T.);
#2777=ORIENTED_EDGE('',*,*,#1806,.F.);
#2778=ORIENTED_EDGE('',*,*,#2014,.F.);
#2779=ORIENTED_EDGE('',*,*,#2015,.T.);
#2780=ORIENTED_EDGE('',*,*,#2014,.T.);
#2781=ORIENTED_EDGE('',*,*,#1805,.F.);
#2782=ORIENTED_EDGE('',*,*,#1858,.F.);
#2783=ORIENTED_EDGE('',*,*,#1923,.F.);
#2784=ORIENTED_EDGE('',*,*,#1940,.F.);
#2785=ORIENTED_EDGE('',*,*,#1981,.F.);
#2786=ORIENTED_EDGE('',*,*,#2016,.T.);
#2787=ORIENTED_EDGE('',*,*,#2017,.T.);
#2788=ORIENTED_EDGE('',*,*,#1931,.T.);
#2789=ORIENTED_EDGE('',*,*,#2018,.F.);
#2790=ORIENTED_EDGE('',*,*,#2019,.T.);
#2791=ORIENTED_EDGE('',*,*,#2018,.T.);
#2792=ORIENTED_EDGE('',*,*,#1930,.F.);
#2793=ORIENTED_EDGE('',*,*,#2020,.F.);
#2794=ORIENTED_EDGE('',*,*,#2021,.T.);
#2795=ORIENTED_EDGE('',*,*,#2020,.T.);
#2796=ORIENTED_EDGE('',*,*,#1933,.F.);
#2797=ORIENTED_EDGE('',*,*,#2022,.F.);
#2798=ORIENTED_EDGE('',*,*,#2023,.T.);
#2799=ORIENTED_EDGE('',*,*,#2022,.T.);
#2800=ORIENTED_EDGE('',*,*,#1932,.F.);
#2801=ORIENTED_EDGE('',*,*,#2017,.F.);
#2802=ORIENTED_EDGE('',*,*,#2016,.F.);
#2803=ORIENTED_EDGE('',*,*,#1980,.F.);
#2804=ORIENTED_EDGE('',*,*,#1983,.F.);
#2805=ORIENTED_EDGE('',*,*,#1985,.F.);
#2806=ORIENTED_EDGE('',*,*,#1987,.F.);
#2807=ORIENTED_EDGE('',*,*,#1989,.F.);
#2808=ORIENTED_EDGE('',*,*,#1991,.F.);
#2809=ORIENTED_EDGE('',*,*,#1993,.F.);
#2810=ORIENTED_EDGE('',*,*,#1995,.F.);
#2811=ORIENTED_EDGE('',*,*,#1997,.F.);
#2812=ORIENTED_EDGE('',*,*,#1999,.F.);
#2813=ORIENTED_EDGE('',*,*,#2001,.F.);
#2814=ORIENTED_EDGE('',*,*,#2003,.F.);
#2815=ORIENTED_EDGE('',*,*,#2005,.F.);
#2816=ORIENTED_EDGE('',*,*,#2007,.F.);
#2817=ORIENTED_EDGE('',*,*,#2009,.F.);
#2818=ORIENTED_EDGE('',*,*,#2011,.F.);
#2819=ORIENTED_EDGE('',*,*,#2013,.F.);
#2820=ORIENTED_EDGE('',*,*,#2015,.F.);
#2821=ORIENTED_EDGE('',*,*,#2019,.F.);
#2822=ORIENTED_EDGE('',*,*,#2021,.F.);
#2823=ORIENTED_EDGE('',*,*,#2023,.F.);
#2824=ORIENTED_EDGE('',*,*,#1614,.T.);
#2825=ORIENTED_EDGE('',*,*,#1626,.T.);
#2826=ORIENTED_EDGE('',*,*,#1632,.T.);
#2827=ORIENTED_EDGE('',*,*,#1638,.T.);
#2828=ORIENTED_EDGE('',*,*,#1644,.T.);
#2829=ORIENTED_EDGE('',*,*,#1650,.T.);
#2830=ORIENTED_EDGE('',*,*,#1979,.T.);
#2831=ORIENTED_EDGE('',*,*,#1960,.T.);
#2832=ORIENTED_EDGE('',*,*,#1963,.T.);
#2833=ORIENTED_EDGE('',*,*,#1965,.T.);
#2834=ORIENTED_EDGE('',*,*,#1967,.T.);
#2835=ORIENTED_EDGE('',*,*,#1969,.T.);
#2836=ORIENTED_EDGE('',*,*,#1971,.T.);
#2837=ORIENTED_EDGE('',*,*,#1973,.T.);
#2838=ORIENTED_EDGE('',*,*,#1975,.T.);
#2839=ORIENTED_EDGE('',*,*,#1977,.T.);
#2840=ORIENTED_EDGE('',*,*,#1959,.T.);
#2841=ORIENTED_EDGE('',*,*,#1952,.T.);
#2842=ORIENTED_EDGE('',*,*,#1955,.T.);
#2843=ORIENTED_EDGE('',*,*,#1957,.T.);
#2844=ORIENTED_EDGE('',*,*,#1951,.T.);
#2845=ORIENTED_EDGE('',*,*,#1944,.T.);
#2846=ORIENTED_EDGE('',*,*,#1947,.T.);
#2847=ORIENTED_EDGE('',*,*,#1949,.T.);
#2848=ORIENTED_EDGE('',*,*,#1620,.T.);
#2849=ORIENTED_EDGE('',*,*,#1611,.T.);
#2850=CYLINDRICAL_SURFACE('',#3061,0.22945);
#2851=CYLINDRICAL_SURFACE('',#3064,0.3);
#2852=CYLINDRICAL_SURFACE('',#3067,0.17);
#2853=CYLINDRICAL_SURFACE('',#3070,0.4);
#2854=CYLINDRICAL_SURFACE('',#3074,0.17);
#2855=CYLINDRICAL_SURFACE('',#3077,0.4);
#2856=CYLINDRICAL_SURFACE('',#3081,0.17);
#2857=CYLINDRICAL_SURFACE('',#3084,0.4);
#2858=CYLINDRICAL_SURFACE('',#3088,0.17);
#2859=CYLINDRICAL_SURFACE('',#3091,0.4);
#2860=CYLINDRICAL_SURFACE('',#3095,0.17);
#2861=CYLINDRICAL_SURFACE('',#3098,0.4);
#2862=CYLINDRICAL_SURFACE('',#3102,0.17);
#2863=CYLINDRICAL_SURFACE('',#3105,0.4);
#2864=CYLINDRICAL_SURFACE('',#3109,0.22265);
#2865=CYLINDRICAL_SURFACE('',#3113,0.22065);
#2866=CYLINDRICAL_SURFACE('',#3117,0.2227);
#2867=CYLINDRICAL_SURFACE('',#3121,0.22095);
#2868=CYLINDRICAL_SURFACE('',#3125,0.4157);
#2869=CYLINDRICAL_SURFACE('',#3129,0.4157);
#2870=CYLINDRICAL_SURFACE('',#3135,0.6);
#2871=CYLINDRICAL_SURFACE('',#3207,0.6);
#2872=CYLINDRICAL_SURFACE('',#3210,0.6);
#2873=CYLINDRICAL_SURFACE('',#3215,0.6);
#2874=CYLINDRICAL_SURFACE('',#3218,0.6);
#2875=ADVANCED_FACE('',(#212),#2850,.F.);
#2876=ADVANCED_FACE('',(#213),#2851,.F.);
#2877=ADVANCED_FACE('',(#214),#2852,.F.);
#2878=ADVANCED_FACE('',(#215),#2853,.T.);
#2879=ADVANCED_FACE('',(#216,#33),#81,.T.);
#2880=ADVANCED_FACE('',(#217),#2854,.F.);
#2881=ADVANCED_FACE('',(#218),#2855,.T.);
#2882=ADVANCED_FACE('',(#219,#34),#82,.T.);
#2883=ADVANCED_FACE('',(#220),#2856,.F.);
#2884=ADVANCED_FACE('',(#221),#2857,.T.);
#2885=ADVANCED_FACE('',(#222,#35),#83,.T.);
#2886=ADVANCED_FACE('',(#223),#2858,.F.);
#2887=ADVANCED_FACE('',(#224),#2859,.T.);
#2888=ADVANCED_FACE('',(#225,#36),#84,.T.);
#2889=ADVANCED_FACE('',(#226),#2860,.F.);
#2890=ADVANCED_FACE('',(#227),#2861,.T.);
#2891=ADVANCED_FACE('',(#228,#37),#85,.T.);
#2892=ADVANCED_FACE('',(#229),#2862,.F.);
#2893=ADVANCED_FACE('',(#230),#2863,.T.);
#2894=ADVANCED_FACE('',(#231,#38),#86,.T.);
#2895=ADVANCED_FACE('',(#232),#2864,.T.);
#2896=ADVANCED_FACE('',(#233),#87,.T.);
#2897=ADVANCED_FACE('',(#234),#2865,.T.);
#2898=ADVANCED_FACE('',(#235),#88,.T.);
#2899=ADVANCED_FACE('',(#236),#2866,.T.);
#2900=ADVANCED_FACE('',(#237),#89,.T.);
#2901=ADVANCED_FACE('',(#238),#2867,.T.);
#2902=ADVANCED_FACE('',(#239),#90,.T.);
#2903=ADVANCED_FACE('',(#240),#2868,.T.);
#2904=ADVANCED_FACE('',(#241),#91,.T.);
#2905=ADVANCED_FACE('',(#242),#2869,.T.);
#2906=ADVANCED_FACE('',(#243),#92,.T.);
#2907=ADVANCED_FACE('',(#244),#17,.T.);
#2908=ADVANCED_FACE('',(#245),#2870,.T.);
#2909=ADVANCED_FACE('',(#246),#18,.T.);
#2910=ADVANCED_FACE('',(#247),#93,.T.);
#2911=ADVANCED_FACE('',(#248),#19,.T.);
#2912=ADVANCED_FACE('',(#249),#94,.T.);
#2913=ADVANCED_FACE('',(#250),#20,.T.);
#2914=ADVANCED_FACE('',(#251),#95,.T.);
#2915=ADVANCED_FACE('',(#252),#21,.T.);
#2916=ADVANCED_FACE('',(#253),#96,.T.);
#2917=ADVANCED_FACE('',(#254),#22,.T.);
#2918=ADVANCED_FACE('',(#255),#97,.T.);
#2919=ADVANCED_FACE('',(#256),#23,.T.);
#2920=ADVANCED_FACE('',(#257),#98,.T.);
#2921=ADVANCED_FACE('',(#258),#24,.T.);
#2922=ADVANCED_FACE('',(#259),#99,.T.);
#2923=ADVANCED_FACE('',(#260),#25,.T.);
#2924=ADVANCED_FACE('',(#261),#100,.T.);
#2925=ADVANCED_FACE('',(#262),#26,.T.);
#2926=ADVANCED_FACE('',(#263),#101,.T.);
#2927=ADVANCED_FACE('',(#264),#27,.T.);
#2928=ADVANCED_FACE('',(#265),#102,.T.);
#2929=ADVANCED_FACE('',(#266),#28,.T.);
#2930=ADVANCED_FACE('',(#267),#103,.T.);
#2931=ADVANCED_FACE('',(#268),#29,.T.);
#2932=ADVANCED_FACE('',(#269),#104,.T.);
#2933=ADVANCED_FACE('',(#270),#30,.T.);
#2934=ADVANCED_FACE('',(#271),#105,.T.);
#2935=ADVANCED_FACE('',(#272),#31,.T.);
#2936=ADVANCED_FACE('',(#273),#106,.T.);
#2937=ADVANCED_FACE('',(#274),#32,.T.);
#2938=ADVANCED_FACE('',(#275),#107,.T.);
#2939=ADVANCED_FACE('',(#276),#108,.T.);
#2940=ADVANCED_FACE('',(#277),#109,.T.);
#2941=ADVANCED_FACE('',(#278,#39,#40,#41,#42,#43,#44,#45),#110,.T.);
#2942=ADVANCED_FACE('',(#279),#2871,.T.);
#2943=ADVANCED_FACE('',(#280),#111,.T.);
#2944=ADVANCED_FACE('',(#281),#2872,.T.);
#2945=ADVANCED_FACE('',(#282),#112,.F.);
#2946=ADVANCED_FACE('',(#283),#113,.F.);
#2947=ADVANCED_FACE('',(#284),#2873,.T.);
#2948=ADVANCED_FACE('',(#285),#114,.T.);
#2949=ADVANCED_FACE('',(#286),#2874,.T.);
#2950=ADVANCED_FACE('',(#287),#115,.T.);
#2951=ADVANCED_FACE('',(#288),#116,.F.);
#2952=ADVANCED_FACE('',(#289),#117,.F.);
#2953=ADVANCED_FACE('',(#290),#118,.F.);
#2954=ADVANCED_FACE('',(#291),#119,.F.);
#2955=ADVANCED_FACE('',(#292),#120,.T.);
#2956=ADVANCED_FACE('',(#293),#121,.T.);
#2957=ADVANCED_FACE('',(#294),#122,.T.);
#2958=ADVANCED_FACE('',(#295),#123,.T.);
#2959=ADVANCED_FACE('',(#296),#124,.T.);
#2960=ADVANCED_FACE('',(#297),#125,.T.);
#2961=ADVANCED_FACE('',(#298),#126,.T.);
#2962=ADVANCED_FACE('',(#299),#127,.T.);
#2963=ADVANCED_FACE('',(#300),#128,.T.);
#2964=ADVANCED_FACE('',(#301,#46),#129,.T.);
#2965=ADVANCED_FACE('',(#302),#130,.T.);
#2966=ADVANCED_FACE('',(#303),#131,.T.);
#2967=ADVANCED_FACE('',(#304),#132,.T.);
#2968=ADVANCED_FACE('',(#305),#133,.T.);
#2969=ADVANCED_FACE('',(#306),#134,.T.);
#2970=ADVANCED_FACE('',(#307),#135,.T.);
#2971=ADVANCED_FACE('',(#308),#136,.T.);
#2972=ADVANCED_FACE('',(#309),#137,.T.);
#2973=ADVANCED_FACE('',(#310,#47,#48,#49,#50,#51,#52,#53,#54),#138,.T.);
#2974=ADVANCED_FACE('',(#311),#139,.F.);
#2975=ADVANCED_FACE('',(#312),#140,.F.);
#2976=ADVANCED_FACE('',(#313),#141,.F.);
#2977=ADVANCED_FACE('',(#314),#142,.F.);
#2978=ADVANCED_FACE('',(#315),#143,.F.);
#2979=ADVANCED_FACE('',(#316),#144,.T.);
#2980=ADVANCED_FACE('',(#317),#145,.T.);
#2981=ADVANCED_FACE('',(#318),#146,.T.);
#2982=ADVANCED_FACE('',(#319),#147,.T.);
#2983=ADVANCED_FACE('',(#320),#148,.T.);
#2984=ADVANCED_FACE('',(#321),#149,.T.);
#2985=ADVANCED_FACE('',(#322),#150,.T.);
#2986=ADVANCED_FACE('',(#323),#151,.T.);
#2987=ADVANCED_FACE('',(#324),#152,.T.);
#2988=ADVANCED_FACE('',(#325),#153,.T.);
#2989=ADVANCED_FACE('',(#326),#154,.T.);
#2990=ADVANCED_FACE('',(#327),#155,.T.);
#2991=ADVANCED_FACE('',(#328),#156,.T.);
#2992=ADVANCED_FACE('',(#329),#157,.T.);
#2993=ADVANCED_FACE('',(#330),#158,.T.);
#2994=ADVANCED_FACE('',(#331),#159,.T.);
#2995=ADVANCED_FACE('',(#332),#160,.T.);
#2996=ADVANCED_FACE('',(#333),#161,.T.);
#2997=ADVANCED_FACE('',(#334),#162,.T.);
#2998=ADVANCED_FACE('',(#335,#55,#56,#57,#58,#59,#60,#61,#62,#63,#64,#65,
#66,#67,#68,#69),#163,.T.);
#2999=ADVANCED_FACE('',(#336),#164,.T.);
#3000=ADVANCED_FACE('',(#337),#165,.T.);
#3001=ADVANCED_FACE('',(#338),#166,.T.);
#3002=ADVANCED_FACE('',(#339),#167,.F.);
#3003=ADVANCED_FACE('',(#340),#168,.F.);
#3004=ADVANCED_FACE('',(#341),#169,.T.);
#3005=ADVANCED_FACE('',(#342),#170,.T.);
#3006=ADVANCED_FACE('',(#343),#171,.T.);
#3007=ADVANCED_FACE('',(#344),#172,.T.);
#3008=ADVANCED_FACE('',(#345),#173,.T.);
#3009=ADVANCED_FACE('',(#346),#174,.T.);
#3010=ADVANCED_FACE('',(#347),#175,.T.);
#3011=ADVANCED_FACE('',(#348),#176,.T.);
#3012=ADVANCED_FACE('',(#349),#177,.T.);
#3013=ADVANCED_FACE('',(#350),#178,.T.);
#3014=ADVANCED_FACE('',(#351),#179,.T.);
#3015=ADVANCED_FACE('',(#352),#180,.T.);
#3016=ADVANCED_FACE('',(#353),#181,.T.);
#3017=ADVANCED_FACE('',(#354),#182,.T.);
#3018=ADVANCED_FACE('',(#355),#183,.T.);
#3019=ADVANCED_FACE('',(#356),#184,.T.);
#3020=ADVANCED_FACE('',(#357),#185,.T.);
#3021=ADVANCED_FACE('',(#358),#186,.T.);
#3022=ADVANCED_FACE('',(#359),#187,.T.);
#3023=ADVANCED_FACE('',(#360),#188,.T.);
#3024=ADVANCED_FACE('',(#361),#189,.T.);
#3025=ADVANCED_FACE('',(#362),#190,.T.);
#3026=ADVANCED_FACE('',(#363),#191,.T.);
#3027=ADVANCED_FACE('',(#364),#192,.T.);
#3028=ADVANCED_FACE('',(#365),#193,.T.);
#3029=ADVANCED_FACE('',(#366),#194,.T.);
#3030=ADVANCED_FACE('',(#367),#195,.T.);
#3031=ADVANCED_FACE('',(#368),#196,.T.);
#3032=ADVANCED_FACE('',(#369),#197,.T.);
#3033=ADVANCED_FACE('',(#370),#198,.T.);
#3034=ADVANCED_FACE('',(#371),#199,.T.);
#3035=ADVANCED_FACE('',(#372),#200,.T.);
#3036=ADVANCED_FACE('',(#373),#201,.T.);
#3037=ADVANCED_FACE('',(#374),#202,.T.);
#3038=ADVANCED_FACE('',(#375),#203,.T.);
#3039=ADVANCED_FACE('',(#376),#204,.T.);
#3040=ADVANCED_FACE('',(#377),#205,.T.);
#3041=ADVANCED_FACE('',(#378),#206,.T.);
#3042=ADVANCED_FACE('',(#379),#207,.T.);
#3043=ADVANCED_FACE('',(#380),#208,.T.);
#3044=ADVANCED_FACE('',(#381),#209,.T.);
#3045=ADVANCED_FACE('',(#382),#210,.T.);
#3046=ADVANCED_FACE('',(#383,#70,#71,#72,#73,#74,#75,#76,#77,#78,#79,#80),
#211,.F.);
#3047=CLOSED_SHELL('',(#2875,#2876,#2877,#2878,#2879,#2880,#2881,#2882,
#2883,#2884,#2885,#2886,#2887,#2888,#2889,#2890,#2891,#2892,#2893,#2894,
#2895,#2896,#2897,#2898,#2899,#2900,#2901,#2902,#2903,#2904,#2905,#2906,
#2907,#2908,#2909,#2910,#2911,#2912,#2913,#2914,#2915,#2916,#2917,#2918,
#2919,#2920,#2921,#2922,#2923,#2924,#2925,#2926,#2927,#2928,#2929,#2930,
#2931,#2932,#2933,#2934,#2935,#2936,#2937,#2938,#2939,#2940,#2941,#2942,
#2943,#2944,#2945,#2946,#2947,#2948,#2949,#2950,#2951,#2952,#2953,#2954,
#2955,#2956,#2957,#2958,#2959,#2960,#2961,#2962,#2963,#2964,#2965,#2966,
#2967,#2968,#2969,#2970,#2971,#2972,#2973,#2974,#2975,#2976,#2977,#2978,
#2979,#2980,#2981,#2982,#2983,#2984,#2985,#2986,#2987,#2988,#2989,#2990,
#2991,#2992,#2993,#2994,#2995,#2996,#2997,#2998,#2999,#3000,#3001,#3002,
#3003,#3004,#3005,#3006,#3007,#3008,#3009,#3010,#3011,#3012,#3013,#3014,
#3015,#3016,#3017,#3018,#3019,#3020,#3021,#3022,#3023,#3024,#3025,#3026,
#3027,#3028,#3029,#3030,#3031,#3032,#3033,#3034,#3035,#3036,#3037,#3038,
#3039,#3040,#3041,#3042,#3043,#3044,#3045,#3046));
#3048=DERIVED_UNIT_ELEMENT(#3050,1.);
#3049=DERIVED_UNIT_ELEMENT(#5033,-3.);
#3050=(
MASS_UNIT()
NAMED_UNIT(*)
SI_UNIT(.KILO.,.GRAM.)
);
#3051=DERIVED_UNIT((#3048,#3049));
#3052=MEASURE_REPRESENTATION_ITEM('density measure',
POSITIVE_RATIO_MEASURE(7850.),#3051);
#3053=PROPERTY_DEFINITION_REPRESENTATION(#3058,#3055);
#3054=PROPERTY_DEFINITION_REPRESENTATION(#3059,#3056);
#3055=REPRESENTATION('material name',(#3057),#5030);
#3056=REPRESENTATION('density',(#3052),#5030);
#3057=DESCRIPTIVE_REPRESENTATION_ITEM('Steel','Steel');
#3058=PROPERTY_DEFINITION('material property','material name',#5040);
#3059=PROPERTY_DEFINITION('material property','density of part',#5040);
#3060=AXIS2_PLACEMENT_3D('',#4158,#3317,#3318);
#3061=AXIS2_PLACEMENT_3D('',#4159,#3319,#3320);
#3062=AXIS2_PLACEMENT_3D('',#4161,#3321,#3322);
#3063=AXIS2_PLACEMENT_3D('',#4164,#3324,#3325);
#3064=AXIS2_PLACEMENT_3D('',#4165,#3326,#3327);
#3065=AXIS2_PLACEMENT_3D('',#4167,#3328,#3329);
#3066=AXIS2_PLACEMENT_3D('',#4170,#3331,#3332);
#3067=AXIS2_PLACEMENT_3D('',#4171,#3333,#3334);
#3068=AXIS2_PLACEMENT_3D('',#4173,#3335,#3336);
#3069=AXIS2_PLACEMENT_3D('',#4176,#3338,#3339);
#3070=AXIS2_PLACEMENT_3D('',#4177,#3340,#3341);
#3071=AXIS2_PLACEMENT_3D('',#4179,#3342,#3343);
#3072=AXIS2_PLACEMENT_3D('',#4182,#3345,#3346);
#3073=AXIS2_PLACEMENT_3D('',#4183,#3347,#3348);
#3074=AXIS2_PLACEMENT_3D('',#4184,#3349,#3350);
#3075=AXIS2_PLACEMENT_3D('',#4186,#3351,#3352);
#3076=AXIS2_PLACEMENT_3D('',#4189,#3354,#3355);
#3077=AXIS2_PLACEMENT_3D('',#4190,#3356,#3357);
#3078=AXIS2_PLACEMENT_3D('',#4192,#3358,#3359);
#3079=AXIS2_PLACEMENT_3D('',#4195,#3361,#3362);
#3080=AXIS2_PLACEMENT_3D('',#4196,#3363,#3364);
#3081=AXIS2_PLACEMENT_3D('',#4197,#3365,#3366);
#3082=AXIS2_PLACEMENT_3D('',#4199,#3367,#3368);
#3083=AXIS2_PLACEMENT_3D('',#4202,#3370,#3371);
#3084=AXIS2_PLACEMENT_3D('',#4203,#3372,#3373);
#3085=AXIS2_PLACEMENT_3D('',#4205,#3374,#3375);
#3086=AXIS2_PLACEMENT_3D('',#4208,#3377,#3378);
#3087=AXIS2_PLACEMENT_3D('',#4209,#3379,#3380);
#3088=AXIS2_PLACEMENT_3D('',#4210,#3381,#3382);
#3089=AXIS2_PLACEMENT_3D('',#4212,#3383,#3384);
#3090=AXIS2_PLACEMENT_3D('',#4215,#3386,#3387);
#3091=AXIS2_PLACEMENT_3D('',#4216,#3388,#3389);
#3092=AXIS2_PLACEMENT_3D('',#4218,#3390,#3391);
#3093=AXIS2_PLACEMENT_3D('',#4221,#3393,#3394);
#3094=AXIS2_PLACEMENT_3D('',#4222,#3395,#3396);
#3095=AXIS2_PLACEMENT_3D('',#4223,#3397,#3398);
#3096=AXIS2_PLACEMENT_3D('',#4225,#3399,#3400);
#3097=AXIS2_PLACEMENT_3D('',#4228,#3402,#3403);
#3098=AXIS2_PLACEMENT_3D('',#4229,#3404,#3405);
#3099=AXIS2_PLACEMENT_3D('',#4231,#3406,#3407);
#3100=AXIS2_PLACEMENT_3D('',#4234,#3409,#3410);
#3101=AXIS2_PLACEMENT_3D('',#4235,#3411,#3412);
#3102=AXIS2_PLACEMENT_3D('',#4236,#3413,#3414);
#3103=AXIS2_PLACEMENT_3D('',#4238,#3415,#3416);
#3104=AXIS2_PLACEMENT_3D('',#4241,#3418,#3419);
#3105=AXIS2_PLACEMENT_3D('',#4242,#3420,#3421);
#3106=AXIS2_PLACEMENT_3D('',#4244,#3422,#3423);
#3107=AXIS2_PLACEMENT_3D('',#4247,#3425,#3426);
#3108=AXIS2_PLACEMENT_3D('',#4248,#3427,#3428);
#3109=AXIS2_PLACEMENT_3D('',#4249,#3429,#3430);
#3110=AXIS2_PLACEMENT_3D('',#4251,#3431,#3432);
#3111=AXIS2_PLACEMENT_3D('',#4254,#3434,#3435);
#3112=AXIS2_PLACEMENT_3D('',#4255,#3436,#3437);
#3113=AXIS2_PLACEMENT_3D('',#4256,#3438,#3439);
#3114=AXIS2_PLACEMENT_3D('',#4258,#3440,#3441);
#3115=AXIS2_PLACEMENT_3D('',#4261,#3443,#3444);
#3116=AXIS2_PLACEMENT_3D('',#4262,#3445,#3446);
#3117=AXIS2_PLACEMENT_3D('',#4263,#3447,#3448);
#3118=AXIS2_PLACEMENT_3D('',#4265,#3449,#3450);
#3119=AXIS2_PLACEMENT_3D('',#4268,#3452,#3453);
#3120=AXIS2_PLACEMENT_3D('',#4269,#3454,#3455);
#3121=AXIS2_PLACEMENT_3D('',#4270,#3456,#3457);
#3122=AXIS2_PLACEMENT_3D('',#4272,#3458,#3459);
#3123=AXIS2_PLACEMENT_3D('',#4275,#3461,#3462);
#3124=AXIS2_PLACEMENT_3D('',#4276,#3463,#3464);
#3125=AXIS2_PLACEMENT_3D('',#4277,#3465,#3466);
#3126=AXIS2_PLACEMENT_3D('',#4279,#3467,#3468);
#3127=AXIS2_PLACEMENT_3D('',#4282,#3470,#3471);
#3128=AXIS2_PLACEMENT_3D('',#4283,#3472,#3473);
#3129=AXIS2_PLACEMENT_3D('',#4284,#3474,#3475);
#3130=AXIS2_PLACEMENT_3D('',#4286,#3476,#3477);
#3131=AXIS2_PLACEMENT_3D('',#4289,#3479,#3480);
#3132=AXIS2_PLACEMENT_3D('',#4290,#3481,#3482);
#3133=AXIS2_PLACEMENT_3D('',#4291,#3483,#3484);
#3134=AXIS2_PLACEMENT_3D('',#4298,#3485,#3486);
#3135=AXIS2_PLACEMENT_3D('',#4313,#3487,#3488);
#3136=AXIS2_PLACEMENT_3D('',#4315,#3489,#3490);
#3137=AXIS2_PLACEMENT_3D('',#4319,#3492,#3493);
#3138=AXIS2_PLACEMENT_3D('',#4321,#3495,#3496);
#3139=AXIS2_PLACEMENT_3D('',#4323,#3497,#3498);
#3140=AXIS2_PLACEMENT_3D('',#4326,#3500,#3501);
#3141=AXIS2_PLACEMENT_3D('',#4327,#3502,#3503);
#3142=AXIS2_PLACEMENT_3D('',#4328,#3504,#3505);
#3143=AXIS2_PLACEMENT_3D('',#4330,#3506,#3507);
#3144=AXIS2_PLACEMENT_3D('',#4333,#3509,#3510);
#3145=AXIS2_PLACEMENT_3D('',#4334,#3511,#3512);
#3146=AXIS2_PLACEMENT_3D('',#4335,#3513,#3514);
#3147=AXIS2_PLACEMENT_3D('',#4337,#3515,#3516);
#3148=AXIS2_PLACEMENT_3D('',#4340,#3518,#3519);
#3149=AXIS2_PLACEMENT_3D('',#4341,#3520,#3521);
#3150=AXIS2_PLACEMENT_3D('',#4342,#3522,#3523);
#3151=AXIS2_PLACEMENT_3D('',#4344,#3524,#3525);
#3152=AXIS2_PLACEMENT_3D('',#4347,#3527,#3528);
#3153=AXIS2_PLACEMENT_3D('',#4348,#3529,#3530);
#3154=AXIS2_PLACEMENT_3D('',#4349,#3531,#3532);
#3155=AXIS2_PLACEMENT_3D('',#4351,#3533,#3534);
#3156=AXIS2_PLACEMENT_3D('',#4354,#3536,#3537);
#3157=AXIS2_PLACEMENT_3D('',#4355,#3538,#3539);
#3158=AXIS2_PLACEMENT_3D('',#4356,#3540,#3541);
#3159=AXIS2_PLACEMENT_3D('',#4358,#3542,#3543);
#3160=AXIS2_PLACEMENT_3D('',#4361,#3545,#3546);
#3161=AXIS2_PLACEMENT_3D('',#4362,#3547,#3548);
#3162=AXIS2_PLACEMENT_3D('',#4363,#3549,#3550);
#3163=AXIS2_PLACEMENT_3D('',#4365,#3551,#3552);
#3164=AXIS2_PLACEMENT_3D('',#4368,#3554,#3555);
#3165=AXIS2_PLACEMENT_3D('',#4369,#3556,#3557);
#3166=AXIS2_PLACEMENT_3D('',#4370,#3558,#3559);
#3167=AXIS2_PLACEMENT_3D('',#4372,#3560,#3561);
#3168=AXIS2_PLACEMENT_3D('',#4375,#3563,#3564);
#3169=AXIS2_PLACEMENT_3D('',#4376,#3565,#3566);
#3170=AXIS2_PLACEMENT_3D('',#4377,#3567,#3568);
#3171=AXIS2_PLACEMENT_3D('',#4379,#3569,#3570);
#3172=AXIS2_PLACEMENT_3D('',#4382,#3572,#3573);
#3173=AXIS2_PLACEMENT_3D('',#4383,#3574,#3575);
#3174=AXIS2_PLACEMENT_3D('',#4384,#3576,#3577);
#3175=AXIS2_PLACEMENT_3D('',#4386,#3578,#3579);
#3176=AXIS2_PLACEMENT_3D('',#4389,#3581,#3582);
#3177=AXIS2_PLACEMENT_3D('',#4390,#3583,#3584);
#3178=AXIS2_PLACEMENT_3D('',#4391,#3585,#3586);
#3179=AXIS2_PLACEMENT_3D('',#4393,#3587,#3588);
#3180=AXIS2_PLACEMENT_3D('',#4396,#3590,#3591);
#3181=AXIS2_PLACEMENT_3D('',#4397,#3592,#3593);
#3182=AXIS2_PLACEMENT_3D('',#4398,#3594,#3595);
#3183=AXIS2_PLACEMENT_3D('',#4400,#3596,#3597);
#3184=AXIS2_PLACEMENT_3D('',#4403,#3599,#3600);
#3185=AXIS2_PLACEMENT_3D('',#4404,#3601,#3602);
#3186=AXIS2_PLACEMENT_3D('',#4405,#3603,#3604);
#3187=AXIS2_PLACEMENT_3D('',#4407,#3605,#3606);
#3188=AXIS2_PLACEMENT_3D('',#4410,#3608,#3609);
#3189=AXIS2_PLACEMENT_3D('',#4411,#3610,#3611);
#3190=AXIS2_PLACEMENT_3D('',#4412,#3612,#3613);
#3191=AXIS2_PLACEMENT_3D('',#4414,#3614,#3615);
#3192=AXIS2_PLACEMENT_3D('',#4417,#3617,#3618);
#3193=AXIS2_PLACEMENT_3D('',#4418,#3619,#3620);
#3194=AXIS2_PLACEMENT_3D('',#4419,#3621,#3622);
#3195=AXIS2_PLACEMENT_3D('',#4421,#3623,#3624);
#3196=AXIS2_PLACEMENT_3D('',#4424,#3626,#3627);
#3197=AXIS2_PLACEMENT_3D('',#4425,#3628,#3629);
#3198=AXIS2_PLACEMENT_3D('',#4426,#3630,#3631);
#3199=AXIS2_PLACEMENT_3D('',#4437,#3637,#3638);
#3200=AXIS2_PLACEMENT_3D('',#4439,#3639,#3640);
#3201=AXIS2_PLACEMENT_3D('',#4443,#3642,#3643);
#3202=AXIS2_PLACEMENT_3D('',#4446,#3645,#3646);
#3203=AXIS2_PLACEMENT_3D('',#4447,#3647,#3648);
#3204=AXIS2_PLACEMENT_3D('',#4451,#3650,#3651);
#3205=AXIS2_PLACEMENT_3D('',#4472,#3662,#3663);
#3206=AXIS2_PLACEMENT_3D('',#4476,#3665,#3666);
#3207=AXIS2_PLACEMENT_3D('',#4482,#3670,#3671);
#3208=AXIS2_PLACEMENT_3D('',#4486,#3673,#3674);
#3209=AXIS2_PLACEMENT_3D('',#4488,#3676,#3677);
#3210=AXIS2_PLACEMENT_3D('',#4492,#3680,#3681);
#3211=AXIS2_PLACEMENT_3D('',#4495,#3683,#3684);
#3212=AXIS2_PLACEMENT_3D('',#4496,#3685,#3686);
#3213=AXIS2_PLACEMENT_3D('',#4500,#3689,#3690);
#3214=AXIS2_PLACEMENT_3D('',#4502,#3692,#3693);
#3215=AXIS2_PLACEMENT_3D('',#4503,#3694,#3695);
#3216=AXIS2_PLACEMENT_3D('',#4506,#3697,#3698);
#3217=AXIS2_PLACEMENT_3D('',#4507,#3699,#3700);
#3218=AXIS2_PLACEMENT_3D('',#4511,#3703,#3704);
#3219=AXIS2_PLACEMENT_3D('',#4513,#3705,#3706);
#3220=AXIS2_PLACEMENT_3D('',#4515,#3708,#3709);
#3221=AXIS2_PLACEMENT_3D('',#4519,#3712,#3713);
#3222=AXIS2_PLACEMENT_3D('',#4523,#3716,#3717);
#3223=AXIS2_PLACEMENT_3D('',#4525,#3719,#3720);
#3224=AXIS2_PLACEMENT_3D('',#4527,#3722,#3723);
#3225=AXIS2_PLACEMENT_3D('',#4528,#3724,#3725);
#3226=AXIS2_PLACEMENT_3D('',#4534,#3729,#3730);
#3227=AXIS2_PLACEMENT_3D('',#4538,#3733,#3734);
#3228=AXIS2_PLACEMENT_3D('',#4542,#3737,#3738);
#3229=AXIS2_PLACEMENT_3D('',#4546,#3741,#3742);
#3230=AXIS2_PLACEMENT_3D('',#4550,#3745,#3746);
#3231=AXIS2_PLACEMENT_3D('',#4554,#3749,#3750);
#3232=AXIS2_PLACEMENT_3D('',#4558,#3753,#3754);
#3233=AXIS2_PLACEMENT_3D('',#4562,#3757,#3758);
#3234=AXIS2_PLACEMENT_3D('',#4564,#3760,#3761);
#3235=AXIS2_PLACEMENT_3D('',#4626,#3793,#3794);
#3236=AXIS2_PLACEMENT_3D('',#4632,#3798,#3799);
#3237=AXIS2_PLACEMENT_3D('',#4638,#3803,#3804);
#3238=AXIS2_PLACEMENT_3D('',#4642,#3807,#3808);
#3239=AXIS2_PLACEMENT_3D('',#4646,#3811,#3812);
#3240=AXIS2_PLACEMENT_3D('',#4650,#3815,#3816);
#3241=AXIS2_PLACEMENT_3D('',#4654,#3819,#3820);
#3242=AXIS2_PLACEMENT_3D('',#4658,#3823,#3824);
#3243=AXIS2_PLACEMENT_3D('',#4660,#3826,#3827);
#3244=AXIS2_PLACEMENT_3D('',#4662,#3829,#3830);
#3245=AXIS2_PLACEMENT_3D('',#4669,#3834,#3835);
#3246=AXIS2_PLACEMENT_3D('',#4676,#3839,#3840);
#3247=AXIS2_PLACEMENT_3D('',#4683,#3844,#3845);
#3248=AXIS2_PLACEMENT_3D('',#4692,#3850,#3851);
#3249=AXIS2_PLACEMENT_3D('',#4699,#3855,#3856);
#3250=AXIS2_PLACEMENT_3D('',#4704,#3860,#3861);
#3251=AXIS2_PLACEMENT_3D('',#4708,#3864,#3865);
#3252=AXIS2_PLACEMENT_3D('',#4711,#3868,#3869);
#3253=AXIS2_PLACEMENT_3D('',#4717,#3873,#3874);
#3254=AXIS2_PLACEMENT_3D('',#4720,#3877,#3878);
#3255=AXIS2_PLACEMENT_3D('',#4724,#3881,#3882);
#3256=AXIS2_PLACEMENT_3D('',#4729,#3886,#3887);
#3257=AXIS2_PLACEMENT_3D('',#4733,#3890,#3891);
#3258=AXIS2_PLACEMENT_3D('',#4737,#3894,#3895);
#3259=AXIS2_PLACEMENT_3D('',#4742,#3899,#3900);
#3260=AXIS2_PLACEMENT_3D('',#4746,#3903,#3904);
#3261=AXIS2_PLACEMENT_3D('',#4750,#3907,#3908);
#3262=AXIS2_PLACEMENT_3D('',#4754,#3911,#3912);
#3263=AXIS2_PLACEMENT_3D('',#4758,#3915,#3916);
#3264=AXIS2_PLACEMENT_3D('',#4764,#3920,#3921);
#3265=AXIS2_PLACEMENT_3D('',#4766,#3923,#3924);
#3266=AXIS2_PLACEMENT_3D('',#4768,#3926,#3927);
#3267=AXIS2_PLACEMENT_3D('',#4770,#3929,#3930);
#3268=AXIS2_PLACEMENT_3D('',#4776,#3934,#3935);
#3269=AXIS2_PLACEMENT_3D('',#4823,#3960,#3961);
#3270=AXIS2_PLACEMENT_3D('',#4827,#3964,#3965);
#3271=AXIS2_PLACEMENT_3D('',#4831,#3968,#3969);
#3272=AXIS2_PLACEMENT_3D('',#4839,#3974,#3975);
#3273=AXIS2_PLACEMENT_3D('',#4848,#3980,#3981);
#3274=AXIS2_PLACEMENT_3D('',#4861,#3988,#3989);
#3275=AXIS2_PLACEMENT_3D('',#4864,#3992,#3993);
#3276=AXIS2_PLACEMENT_3D('',#4866,#3995,#3996);
#3277=AXIS2_PLACEMENT_3D('',#4868,#3998,#3999);
#3278=AXIS2_PLACEMENT_3D('',#4874,#4003,#4004);
#3279=AXIS2_PLACEMENT_3D('',#4878,#4007,#4008);
#3280=AXIS2_PLACEMENT_3D('',#4882,#4011,#4012);
#3281=AXIS2_PLACEMENT_3D('',#4884,#4014,#4015);
#3282=AXIS2_PLACEMENT_3D('',#4890,#4019,#4020);
#3283=AXIS2_PLACEMENT_3D('',#4894,#4023,#4024);
#3284=AXIS2_PLACEMENT_3D('',#4898,#4027,#4028);
#3285=AXIS2_PLACEMENT_3D('',#4900,#4030,#4031);
#3286=AXIS2_PLACEMENT_3D('',#4906,#4035,#4036);
#3287=AXIS2_PLACEMENT_3D('',#4910,#4039,#4040);
#3288=AXIS2_PLACEMENT_3D('',#4914,#4043,#4044);
#3289=AXIS2_PLACEMENT_3D('',#4918,#4047,#4048);
#3290=AXIS2_PLACEMENT_3D('',#4922,#4051,#4052);
#3291=AXIS2_PLACEMENT_3D('',#4926,#4055,#4056);
#3292=AXIS2_PLACEMENT_3D('',#4930,#4059,#4060);
#3293=AXIS2_PLACEMENT_3D('',#4934,#4063,#4064);
#3294=AXIS2_PLACEMENT_3D('',#4938,#4067,#4068);
#3295=AXIS2_PLACEMENT_3D('',#4940,#4070,#4071);
#3296=AXIS2_PLACEMENT_3D('',#4946,#4075,#4076);
#3297=AXIS2_PLACEMENT_3D('',#4950,#4079,#4080);
#3298=AXIS2_PLACEMENT_3D('',#4954,#4083,#4084);
#3299=AXIS2_PLACEMENT_3D('',#4958,#4087,#4088);
#3300=AXIS2_PLACEMENT_3D('',#4962,#4091,#4092);
#3301=AXIS2_PLACEMENT_3D('',#4966,#4095,#4096);
#3302=AXIS2_PLACEMENT_3D('',#4970,#4099,#4100);
#3303=AXIS2_PLACEMENT_3D('',#4974,#4103,#4104);
#3304=AXIS2_PLACEMENT_3D('',#4978,#4107,#4108);
#3305=AXIS2_PLACEMENT_3D('',#4982,#4111,#4112);
#3306=AXIS2_PLACEMENT_3D('',#4986,#4115,#4116);
#3307=AXIS2_PLACEMENT_3D('',#4990,#4119,#4120);
#3308=AXIS2_PLACEMENT_3D('',#4994,#4123,#4124);
#3309=AXIS2_PLACEMENT_3D('',#4998,#4127,#4128);
#3310=AXIS2_PLACEMENT_3D('',#5002,#4131,#4132);
#3311=AXIS2_PLACEMENT_3D('',#5006,#4135,#4136);
#3312=AXIS2_PLACEMENT_3D('',#5010,#4139,#4140);
#3313=AXIS2_PLACEMENT_3D('',#5017,#4145,#4146);
#3314=AXIS2_PLACEMENT_3D('',#5021,#4149,#4150);
#3315=AXIS2_PLACEMENT_3D('',#5025,#4153,#4154);
#3316=AXIS2_PLACEMENT_3D('',#5027,#4156,#4157);
#3317=DIRECTION('axis',(0.,0.,1.));
#3318=DIRECTION('refdir',(1.,0.,0.));
#3319=DIRECTION('center_axis',(0.,1.,0.));
#3320=DIRECTION('ref_axis',(1.,0.,0.));
#3321=DIRECTION('center_axis',(0.,1.,0.));
#3322=DIRECTION('ref_axis',(1.,0.,0.));
#3323=DIRECTION('',(0.,1.,0.));
#3324=DIRECTION('center_axis',(0.,-1.,0.));
#3325=DIRECTION('ref_axis',(1.,0.,0.));
#3326=DIRECTION('center_axis',(0.,1.,0.));
#3327=DIRECTION('ref_axis',(1.,0.,0.));
#3328=DIRECTION('center_axis',(0.,1.,0.));
#3329=DIRECTION('ref_axis',(1.,0.,0.));
#3330=DIRECTION('',(0.,1.,0.));
#3331=DIRECTION('center_axis',(0.,-1.,0.));
#3332=DIRECTION('ref_axis',(1.,0.,0.));
#3333=DIRECTION('center_axis',(0.,1.,0.));
#3334=DIRECTION('ref_axis',(1.,0.,0.));
#3335=DIRECTION('center_axis',(0.,1.,0.));
#3336=DIRECTION('ref_axis',(1.,0.,0.));
#3337=DIRECTION('',(0.,1.,0.));
#3338=DIRECTION('center_axis',(0.,-1.,0.));
#3339=DIRECTION('ref_axis',(1.,0.,0.));
#3340=DIRECTION('center_axis',(0.,1.,0.));
#3341=DIRECTION('ref_axis',(1.,0.,0.));
#3342=DIRECTION('center_axis',(0.,1.,0.));
#3343=DIRECTION('ref_axis',(1.,0.,0.));
#3344=DIRECTION('',(0.,-1.,0.));
#3345=DIRECTION('center_axis',(0.,-1.,0.));
#3346=DIRECTION('ref_axis',(1.,0.,0.));
#3347=DIRECTION('center_axis',(0.,-1.,0.));
#3348=DIRECTION('ref_axis',(-1.,0.,0.));
#3349=DIRECTION('center_axis',(0.,1.,0.));
#3350=DIRECTION('ref_axis',(1.,0.,0.));
#3351=DIRECTION('center_axis',(0.,1.,0.));
#3352=DIRECTION('ref_axis',(1.,0.,0.));
#3353=DIRECTION('',(0.,1.,0.));
#3354=DIRECTION('center_axis',(0.,-1.,0.));
#3355=DIRECTION('ref_axis',(1.,0.,0.));
#3356=DIRECTION('center_axis',(0.,1.,0.));
#3357=DIRECTION('ref_axis',(1.,0.,0.));
#3358=DIRECTION('center_axis',(0.,1.,0.));
#3359=DIRECTION('ref_axis',(1.,0.,0.));
#3360=DIRECTION('',(0.,-1.,0.));
#3361=DIRECTION('center_axis',(0.,-1.,0.));
#3362=DIRECTION('ref_axis',(1.,0.,0.));
#3363=DIRECTION('center_axis',(0.,-1.,0.));
#3364=DIRECTION('ref_axis',(-1.,0.,0.));
#3365=DIRECTION('center_axis',(0.,1.,0.));
#3366=DIRECTION('ref_axis',(1.,0.,0.));
#3367=DIRECTION('center_axis',(0.,1.,0.));
#3368=DIRECTION('ref_axis',(1.,0.,0.));
#3369=DIRECTION('',(0.,1.,0.));
#3370=DIRECTION('center_axis',(0.,-1.,0.));
#3371=DIRECTION('ref_axis',(1.,0.,0.));
#3372=DIRECTION('center_axis',(0.,1.,0.));
#3373=DIRECTION('ref_axis',(1.,0.,0.));
#3374=DIRECTION('center_axis',(0.,1.,0.));
#3375=DIRECTION('ref_axis',(1.,0.,0.));
#3376=DIRECTION('',(0.,-1.,0.));
#3377=DIRECTION('center_axis',(0.,-1.,0.));
#3378=DIRECTION('ref_axis',(1.,0.,0.));
#3379=DIRECTION('center_axis',(0.,-1.,0.));
#3380=DIRECTION('ref_axis',(-1.,0.,0.));
#3381=DIRECTION('center_axis',(0.,1.,0.));
#3382=DIRECTION('ref_axis',(1.,0.,0.));
#3383=DIRECTION('center_axis',(0.,1.,0.));
#3384=DIRECTION('ref_axis',(1.,0.,0.));
#3385=DIRECTION('',(0.,1.,0.));
#3386=DIRECTION('center_axis',(0.,-1.,0.));
#3387=DIRECTION('ref_axis',(1.,0.,0.));
#3388=DIRECTION('center_axis',(0.,1.,0.));
#3389=DIRECTION('ref_axis',(1.,0.,0.));
#3390=DIRECTION('center_axis',(0.,1.,0.));
#3391=DIRECTION('ref_axis',(1.,0.,0.));
#3392=DIRECTION('',(0.,-1.,0.));
#3393=DIRECTION('center_axis',(0.,-1.,0.));
#3394=DIRECTION('ref_axis',(1.,0.,0.));
#3395=DIRECTION('center_axis',(0.,-1.,0.));
#3396=DIRECTION('ref_axis',(-1.,0.,0.));
#3397=DIRECTION('center_axis',(0.,1.,0.));
#3398=DIRECTION('ref_axis',(1.,0.,0.));
#3399=DIRECTION('center_axis',(0.,1.,0.));
#3400=DIRECTION('ref_axis',(1.,0.,0.));
#3401=DIRECTION('',(0.,1.,0.));
#3402=DIRECTION('center_axis',(0.,-1.,0.));
#3403=DIRECTION('ref_axis',(1.,0.,0.));
#3404=DIRECTION('center_axis',(0.,1.,0.));
#3405=DIRECTION('ref_axis',(1.,0.,0.));
#3406=DIRECTION('center_axis',(0.,1.,0.));
#3407=DIRECTION('ref_axis',(1.,0.,0.));
#3408=DIRECTION('',(0.,-1.,0.));
#3409=DIRECTION('center_axis',(0.,-1.,0.));
#3410=DIRECTION('ref_axis',(1.,0.,0.));
#3411=DIRECTION('center_axis',(0.,-1.,0.));
#3412=DIRECTION('ref_axis',(-1.,0.,0.));
#3413=DIRECTION('center_axis',(0.,1.,0.));
#3414=DIRECTION('ref_axis',(1.,0.,0.));
#3415=DIRECTION('center_axis',(0.,1.,0.));
#3416=DIRECTION('ref_axis',(1.,0.,0.));
#3417=DIRECTION('',(0.,1.,0.));
#3418=DIRECTION('center_axis',(0.,-1.,0.));
#3419=DIRECTION('ref_axis',(1.,0.,0.));
#3420=DIRECTION('center_axis',(0.,1.,0.));
#3421=DIRECTION('ref_axis',(1.,0.,0.));
#3422=DIRECTION('center_axis',(0.,1.,0.));
#3423=DIRECTION('ref_axis',(1.,0.,0.));
#3424=DIRECTION('',(0.,-1.,0.));
#3425=DIRECTION('center_axis',(0.,-1.,0.));
#3426=DIRECTION('ref_axis',(1.,0.,0.));
#3427=DIRECTION('center_axis',(0.,-1.,0.));
#3428=DIRECTION('ref_axis',(-1.,0.,0.));
#3429=DIRECTION('center_axis',(0.,1.,0.));
#3430=DIRECTION('ref_axis',(1.,0.,0.));
#3431=DIRECTION('center_axis',(0.,1.,0.));
#3432=DIRECTION('ref_axis',(1.,0.,0.));
#3433=DIRECTION('',(0.,-1.,0.));
#3434=DIRECTION('center_axis',(0.,-1.,0.));
#3435=DIRECTION('ref_axis',(1.,0.,0.));
#3436=DIRECTION('center_axis',(0.,1.,0.));
#3437=DIRECTION('ref_axis',(1.,0.,0.));
#3438=DIRECTION('center_axis',(0.,1.,0.));
#3439=DIRECTION('ref_axis',(1.,0.,0.));
#3440=DIRECTION('center_axis',(0.,1.,0.));
#3441=DIRECTION('ref_axis',(1.,0.,0.));
#3442=DIRECTION('',(0.,-1.,0.));
#3443=DIRECTION('center_axis',(0.,-1.,0.));
#3444=DIRECTION('ref_axis',(1.,0.,0.));
#3445=DIRECTION('center_axis',(0.,1.,0.));
#3446=DIRECTION('ref_axis',(1.,0.,0.));
#3447=DIRECTION('center_axis',(0.,1.,0.));
#3448=DIRECTION('ref_axis',(1.,0.,0.));
#3449=DIRECTION('center_axis',(0.,1.,0.));
#3450=DIRECTION('ref_axis',(1.,0.,0.));
#3451=DIRECTION('',(0.,-1.,0.));
#3452=DIRECTION('center_axis',(0.,-1.,0.));
#3453=DIRECTION('ref_axis',(1.,0.,0.));
#3454=DIRECTION('center_axis',(0.,1.,0.));
#3455=DIRECTION('ref_axis',(1.,0.,0.));
#3456=DIRECTION('center_axis',(0.,1.,0.));
#3457=DIRECTION('ref_axis',(1.,0.,0.));
#3458=DIRECTION('center_axis',(0.,1.,0.));
#3459=DIRECTION('ref_axis',(1.,0.,0.));
#3460=DIRECTION('',(0.,-1.,0.));
#3461=DIRECTION('center_axis',(0.,-1.,0.));
#3462=DIRECTION('ref_axis',(1.,0.,0.));
#3463=DIRECTION('center_axis',(0.,1.,0.));
#3464=DIRECTION('ref_axis',(1.,0.,0.));
#3465=DIRECTION('center_axis',(0.,1.,0.));
#3466=DIRECTION('ref_axis',(1.,0.,0.));
#3467=DIRECTION('center_axis',(0.,1.,0.));
#3468=DIRECTION('ref_axis',(1.,0.,0.));
#3469=DIRECTION('',(0.,-1.,0.));
#3470=DIRECTION('center_axis',(0.,-1.,0.));
#3471=DIRECTION('ref_axis',(1.,0.,0.));
#3472=DIRECTION('center_axis',(0.,1.,0.));
#3473=DIRECTION('ref_axis',(1.,0.,0.));
#3474=DIRECTION('center_axis',(0.,1.,0.));
#3475=DIRECTION('ref_axis',(1.,0.,0.));
#3476=DIRECTION('center_axis',(0.,1.,0.));
#3477=DIRECTION('ref_axis',(1.,0.,0.));
#3478=DIRECTION('',(0.,-1.,0.));
#3479=DIRECTION('center_axis',(0.,-1.,0.));
#3480=DIRECTION('ref_axis',(1.,0.,0.));
#3481=DIRECTION('center_axis',(0.,1.,0.));
#3482=DIRECTION('ref_axis',(1.,0.,0.));
#3483=DIRECTION('center_axis',(0.,-1.,0.));
#3484=DIRECTION('ref_axis',(1.,0.,0.));
#3485=DIRECTION('center_axis',(0.,-1.,0.));
#3486=DIRECTION('ref_axis',(1.,0.,0.));
#3487=DIRECTION('center_axis',(0.,1.,0.));
#3488=DIRECTION('ref_axis',(1.,0.,0.));
#3489=DIRECTION('center_axis',(0.,-1.,0.));
#3490=DIRECTION('ref_axis',(1.,0.,0.));
#3491=DIRECTION('',(0.,-1.,0.));
#3492=DIRECTION('center_axis',(0.,1.,0.));
#3493=DIRECTION('ref_axis',(1.,0.,0.));
#3494=DIRECTION('',(0.,1.,0.));
#3495=DIRECTION('center_axis',(0.,-1.,0.));
#3496=DIRECTION('ref_axis',(1.,0.,0.));
#3497=DIRECTION('center_axis',(0.,1.,0.));
#3498=DIRECTION('ref_axis',(1.,0.,0.));
#3499=DIRECTION('',(-0.516664967884418,-0.856187661065606,6.32732099151223E-17));
#3500=DIRECTION('center_axis',(0.,-1.,0.));
#3501=DIRECTION('ref_axis',(1.,0.,0.));
#3502=DIRECTION('center_axis',(0.,1.,0.));
#3503=DIRECTION('ref_axis',(1.,0.,0.));
#3504=DIRECTION('center_axis',(0.,-1.,0.));
#3505=DIRECTION('ref_axis',(1.,0.,0.));
#3506=DIRECTION('center_axis',(0.,1.,0.));
#3507=DIRECTION('ref_axis',(1.,0.,0.));
#3508=DIRECTION('',(-0.516664967884418,-0.856187661065606,6.32732099151223E-17));
#3509=DIRECTION('center_axis',(0.,-1.,0.));
#3510=DIRECTION('ref_axis',(1.,0.,0.));
#3511=DIRECTION('center_axis',(0.,1.,0.));
#3512=DIRECTION('ref_axis',(1.,0.,0.));
#3513=DIRECTION('center_axis',(0.,-1.,0.));
#3514=DIRECTION('ref_axis',(1.,0.,0.));
#3515=DIRECTION('center_axis',(0.,1.,0.));
#3516=DIRECTION('ref_axis',(1.,0.,0.));
#3517=DIRECTION('',(-0.516664967884418,-0.856187661065606,6.32732099151223E-17));
#3518=DIRECTION('center_axis',(0.,-1.,0.));
#3519=DIRECTION('ref_axis',(1.,0.,0.));
#3520=DIRECTION('center_axis',(0.,1.,0.));
#3521=DIRECTION('ref_axis',(1.,0.,0.));
#3522=DIRECTION('center_axis',(0.,-1.,0.));
#3523=DIRECTION('ref_axis',(1.,0.,0.));
#3524=DIRECTION('center_axis',(0.,1.,0.));
#3525=DIRECTION('ref_axis',(1.,0.,0.));
#3526=DIRECTION('',(-0.516664967884418,-0.856187661065606,6.32732099151223E-17));
#3527=DIRECTION('center_axis',(0.,-1.,0.));
#3528=DIRECTION('ref_axis',(1.,0.,0.));
#3529=DIRECTION('center_axis',(0.,1.,0.));
#3530=DIRECTION('ref_axis',(1.,0.,0.));
#3531=DIRECTION('center_axis',(0.,-1.,0.));
#3532=DIRECTION('ref_axis',(1.,0.,0.));
#3533=DIRECTION('center_axis',(0.,1.,0.));
#3534=DIRECTION('ref_axis',(1.,0.,0.));
#3535=DIRECTION('',(-0.516664967884418,-0.856187661065606,6.32732099151223E-17));
#3536=DIRECTION('center_axis',(0.,-1.,0.));
#3537=DIRECTION('ref_axis',(1.,0.,0.));
#3538=DIRECTION('center_axis',(0.,1.,0.));
#3539=DIRECTION('ref_axis',(1.,0.,0.));
#3540=DIRECTION('center_axis',(0.,-1.,0.));
#3541=DIRECTION('ref_axis',(1.,0.,0.));
#3542=DIRECTION('center_axis',(0.,1.,0.));
#3543=DIRECTION('ref_axis',(1.,0.,0.));
#3544=DIRECTION('',(-0.516664967884418,-0.856187661065606,6.32732099151223E-17));
#3545=DIRECTION('center_axis',(0.,-1.,0.));
#3546=DIRECTION('ref_axis',(1.,0.,0.));
#3547=DIRECTION('center_axis',(0.,1.,0.));
#3548=DIRECTION('ref_axis',(1.,0.,0.));
#3549=DIRECTION('center_axis',(0.,-1.,0.));
#3550=DIRECTION('ref_axis',(1.,0.,0.));
#3551=DIRECTION('center_axis',(0.,1.,0.));
#3552=DIRECTION('ref_axis',(1.,0.,0.));
#3553=DIRECTION('',(-0.516664967884418,-0.856187661065606,6.32732099151223E-17));
#3554=DIRECTION('center_axis',(0.,-1.,0.));
#3555=DIRECTION('ref_axis',(1.,0.,0.));
#3556=DIRECTION('center_axis',(0.,1.,0.));
#3557=DIRECTION('ref_axis',(1.,0.,0.));
#3558=DIRECTION('center_axis',(0.,-1.,0.));
#3559=DIRECTION('ref_axis',(1.,0.,0.));
#3560=DIRECTION('center_axis',(0.,1.,0.));
#3561=DIRECTION('ref_axis',(1.,0.,0.));
#3562=DIRECTION('',(-0.516664967884418,-0.856187661065606,6.32732099151223E-17));
#3563=DIRECTION('center_axis',(0.,-1.,0.));
#3564=DIRECTION('ref_axis',(1.,0.,0.));
#3565=DIRECTION('center_axis',(0.,1.,0.));
#3566=DIRECTION('ref_axis',(1.,0.,0.));
#3567=DIRECTION('center_axis',(0.,-1.,0.));
#3568=DIRECTION('ref_axis',(1.,0.,0.));
#3569=DIRECTION('center_axis',(0.,1.,0.));
#3570=DIRECTION('ref_axis',(1.,0.,0.));
#3571=DIRECTION('',(-0.516664967884418,-0.856187661065606,6.32732099151223E-17));
#3572=DIRECTION('center_axis',(0.,-1.,0.));
#3573=DIRECTION('ref_axis',(1.,0.,0.));
#3574=DIRECTION('center_axis',(0.,1.,0.));
#3575=DIRECTION('ref_axis',(1.,0.,0.));
#3576=DIRECTION('center_axis',(0.,-1.,0.));
#3577=DIRECTION('ref_axis',(1.,0.,0.));
#3578=DIRECTION('center_axis',(0.,1.,0.));
#3579=DIRECTION('ref_axis',(1.,0.,0.));
#3580=DIRECTION('',(-0.516664967884418,-0.856187661065606,6.32732099151223E-17));
#3581=DIRECTION('center_axis',(0.,-1.,0.));
#3582=DIRECTION('ref_axis',(1.,0.,0.));
#3583=DIRECTION('center_axis',(0.,1.,0.));
#3584=DIRECTION('ref_axis',(1.,0.,0.));
#3585=DIRECTION('center_axis',(0.,-1.,0.));
#3586=DIRECTION('ref_axis',(1.,0.,0.));
#3587=DIRECTION('center_axis',(0.,1.,0.));
#3588=DIRECTION('ref_axis',(1.,0.,0.));
#3589=DIRECTION('',(-0.516664967884418,-0.856187661065606,6.32732099151223E-17));
#3590=DIRECTION('center_axis',(0.,-1.,0.));
#3591=DIRECTION('ref_axis',(1.,0.,0.));
#3592=DIRECTION('center_axis',(0.,1.,0.));
#3593=DIRECTION('ref_axis',(1.,0.,0.));
#3594=DIRECTION('center_axis',(0.,-1.,0.));
#3595=DIRECTION('ref_axis',(1.,0.,0.));
#3596=DIRECTION('center_axis',(0.,1.,0.));
#3597=DIRECTION('ref_axis',(1.,0.,0.));
#3598=DIRECTION('',(-0.516664967884418,-0.856187661065606,6.32732099151223E-17));
#3599=DIRECTION('center_axis',(0.,-1.,0.));
#3600=DIRECTION('ref_axis',(1.,0.,0.));
#3601=DIRECTION('center_axis',(0.,1.,0.));
#3602=DIRECTION('ref_axis',(1.,0.,0.));
#3603=DIRECTION('center_axis',(0.,-1.,0.));
#3604=DIRECTION('ref_axis',(1.,0.,0.));
#3605=DIRECTION('center_axis',(0.,1.,0.));
#3606=DIRECTION('ref_axis',(1.,0.,0.));
#3607=DIRECTION('',(-0.516664967884418,-0.856187661065606,6.32732099151223E-17));
#3608=DIRECTION('center_axis',(0.,-1.,0.));
#3609=DIRECTION('ref_axis',(1.,0.,0.));
#3610=DIRECTION('center_axis',(0.,1.,0.));
#3611=DIRECTION('ref_axis',(1.,0.,0.));
#3612=DIRECTION('center_axis',(0.,-1.,0.));
#3613=DIRECTION('ref_axis',(1.,0.,0.));
#3614=DIRECTION('center_axis',(0.,1.,0.));
#3615=DIRECTION('ref_axis',(1.,0.,0.));
#3616=DIRECTION('',(-0.516664967884418,-0.856187661065606,6.32732099151223E-17));
#3617=DIRECTION('center_axis',(0.,-1.,0.));
#3618=DIRECTION('ref_axis',(1.,0.,0.));
#3619=DIRECTION('center_axis',(0.,1.,0.));
#3620=DIRECTION('ref_axis',(1.,0.,0.));
#3621=DIRECTION('center_axis',(0.,-1.,0.));
#3622=DIRECTION('ref_axis',(1.,0.,0.));
#3623=DIRECTION('center_axis',(0.,1.,0.));
#3624=DIRECTION('ref_axis',(1.,0.,0.));
#3625=DIRECTION('',(-0.516664967884418,-0.856187661065606,6.32732099151223E-17));
#3626=DIRECTION('center_axis',(0.,-1.,0.));
#3627=DIRECTION('ref_axis',(1.,0.,0.));
#3628=DIRECTION('center_axis',(0.,1.,0.));
#3629=DIRECTION('ref_axis',(1.,0.,0.));
#3630=DIRECTION('center_axis',(1.,0.,0.));
#3631=DIRECTION('ref_axis',(0.,0.,-1.));
#3632=DIRECTION('',(0.,-1.,0.));
#3633=DIRECTION('',(0.,0.,-1.));
#3634=DIRECTION('',(0.,1.,0.));
#3635=DIRECTION('',(0.,0.,-1.));
#3636=DIRECTION('',(0.,0.,1.));
#3637=DIRECTION('center_axis',(0.,-1.,0.));
#3638=DIRECTION('ref_axis',(0.,0.,-1.));
#3639=DIRECTION('center_axis',(0.,1.,0.));
#3640=DIRECTION('ref_axis',(1.,0.,0.));
#3641=DIRECTION('',(-1.,0.,0.));
#3642=DIRECTION('center_axis',(0.,1.,0.));
#3643=DIRECTION('ref_axis',(1.,0.,0.));
#3644=DIRECTION('',(1.,0.,0.));
#3645=DIRECTION('center_axis',(0.,1.,0.));
#3646=DIRECTION('ref_axis',(1.,0.,0.));
#3647=DIRECTION('center_axis',(0.,1.,0.));
#3648=DIRECTION('ref_axis',(0.,0.,1.));
#3649=DIRECTION('',(1.,0.,0.));
#3650=DIRECTION('center_axis',(0.,-1.,0.));
#3651=DIRECTION('ref_axis',(1.,0.,0.));
#3652=DIRECTION('',(-0.02915426861567,0.,-0.999574923965925));
#3653=DIRECTION('',(-0.747409318683659,0.,-0.664363838829921));
#3654=DIRECTION('',(-1.,0.,0.));
#3655=DIRECTION('',(-0.756363172452148,0.,0.65415193293158));
#3656=DIRECTION('',(0.,0.,1.));
#3657=DIRECTION('',(0.807790947859213,0.,0.589469070059418));
#3658=DIRECTION('',(1.,0.,0.));
#3659=DIRECTION('',(0.8,0.,-0.6));
#3660=DIRECTION('',(0.0840390031482834,0.,-0.996462465901171));
#3661=DIRECTION('',(-0.02915426861567,0.,-0.999574923965925));
#3662=DIRECTION('center_axis',(0.,-1.,0.));
#3663=DIRECTION('ref_axis',(1.,0.,0.));
#3664=DIRECTION('',(-1.,0.,0.));
#3665=DIRECTION('center_axis',(0.,-1.,0.));
#3666=DIRECTION('ref_axis',(1.,0.,0.));
#3667=DIRECTION('',(-1.,0.,0.));
#3668=DIRECTION('',(0.,0.,-1.));
#3669=DIRECTION('',(1.,0.,0.));
#3670=DIRECTION('center_axis',(0.,1.,0.));
#3671=DIRECTION('ref_axis',(1.,0.,0.));
#3672=DIRECTION('',(0.,-1.,0.));
#3673=DIRECTION('center_axis',(0.,1.,0.));
#3674=DIRECTION('ref_axis',(1.,0.,0.));
#3675=DIRECTION('',(0.,1.,0.));
#3676=DIRECTION('center_axis',(0.,0.,1.));
#3677=DIRECTION('ref_axis',(1.,0.,0.));
#3678=DIRECTION('',(0.,1.,0.));
#3679=DIRECTION('',(-1.,0.,0.));
#3680=DIRECTION('center_axis',(0.,1.,0.));
#3681=DIRECTION('ref_axis',(1.,0.,0.));
#3682=DIRECTION('',(0.,-1.,0.));
#3683=DIRECTION('center_axis',(0.,1.,0.));
#3684=DIRECTION('ref_axis',(1.,0.,0.));
#3685=DIRECTION('center_axis',(0.,0.,1.));
#3686=DIRECTION('ref_axis',(1.,0.,0.));
#3687=DIRECTION('',(0.,1.,0.));
#3688=DIRECTION('',(1.,0.,0.));
#3689=DIRECTION('center_axis',(0.,1.,0.));
#3690=DIRECTION('ref_axis',(0.,0.,1.));
#3691=DIRECTION('',(-0.02915426861567,0.,-0.999574923965925));
#3692=DIRECTION('center_axis',(0.,-1.,0.));
#3693=DIRECTION('ref_axis',(1.,0.,0.));
#3694=DIRECTION('center_axis',(0.,1.,0.));
#3695=DIRECTION('ref_axis',(1.,0.,0.));
#3696=DIRECTION('',(0.,-1.,0.));
#3697=DIRECTION('center_axis',(0.,1.,0.));
#3698=DIRECTION('ref_axis',(1.,0.,0.));
#3699=DIRECTION('center_axis',(0.,0.,1.));
#3700=DIRECTION('ref_axis',(1.,0.,0.));
#3701=DIRECTION('',(-1.,0.,0.));
#3702=DIRECTION('',(0.,-1.,0.));
#3703=DIRECTION('center_axis',(0.,1.,0.));
#3704=DIRECTION('ref_axis',(1.,0.,0.));
#3705=DIRECTION('center_axis',(0.,1.,0.));
#3706=DIRECTION('ref_axis',(1.,0.,0.));
#3707=DIRECTION('',(0.,1.,0.));
#3708=DIRECTION('center_axis',(0.,0.,1.));
#3709=DIRECTION('ref_axis',(1.,0.,0.));
#3710=DIRECTION('',(-1.,0.,0.));
#3711=DIRECTION('',(0.,-1.,0.));
#3712=DIRECTION('center_axis',(0.,0.,1.));
#3713=DIRECTION('ref_axis',(1.,0.,0.));
#3714=DIRECTION('',(0.,1.,0.));
#3715=DIRECTION('',(1.,0.,0.));
#3716=DIRECTION('center_axis',(0.,0.,1.));
#3717=DIRECTION('ref_axis',(1.,0.,0.));
#3718=DIRECTION('',(1.,0.,0.));
#3719=DIRECTION('center_axis',(1.,0.,0.));
#3720=DIRECTION('ref_axis',(0.,0.,-1.));
#3721=DIRECTION('',(0.,0.,-1.));
#3722=DIRECTION('center_axis',(0.,-1.,0.));
#3723=DIRECTION('ref_axis',(0.,0.,-1.));
#3724=DIRECTION('center_axis',(0.999574923965925,0.,-0.02915426861567));
#3725=DIRECTION('ref_axis',(-0.02915426861567,0.,-0.999574923965925));
#3726=DIRECTION('',(0.02915426861567,0.,0.999574923965925));
#3727=DIRECTION('',(0.,1.,0.));
#3728=DIRECTION('',(0.,1.,0.));
#3729=DIRECTION('center_axis',(0.996462465901171,0.,0.0840390031482834));
#3730=DIRECTION('ref_axis',(0.0840390031482834,0.,-0.996462465901171));
#3731=DIRECTION('',(-0.0840390031482834,0.,0.996462465901171));
#3732=DIRECTION('',(0.,1.,0.));
#3733=DIRECTION('center_axis',(0.6,0.,0.8));
#3734=DIRECTION('ref_axis',(0.8,0.,-0.6));
#3735=DIRECTION('',(-0.8,0.,0.6));
#3736=DIRECTION('',(0.,1.,0.));
#3737=DIRECTION('center_axis',(0.,0.,1.));
#3738=DIRECTION('ref_axis',(1.,0.,0.));
#3739=DIRECTION('',(-1.,0.,0.));
#3740=DIRECTION('',(0.,1.,0.));
#3741=DIRECTION('center_axis',(-0.589469070059418,0.,0.807790947859213));
#3742=DIRECTION('ref_axis',(0.807790947859213,0.,0.589469070059418));
#3743=DIRECTION('',(-0.807790947859213,0.,-0.589469070059418));
#3744=DIRECTION('',(0.,1.,0.));
#3745=DIRECTION('center_axis',(-1.,0.,0.));
#3746=DIRECTION('ref_axis',(0.,0.,1.));
#3747=DIRECTION('',(0.,0.,-1.));
#3748=DIRECTION('',(0.,1.,0.));
#3749=DIRECTION('center_axis',(-0.65415193293158,0.,-0.756363172452148));
#3750=DIRECTION('ref_axis',(-0.756363172452148,0.,0.65415193293158));
#3751=DIRECTION('',(0.756363172452148,0.,-0.65415193293158));
#3752=DIRECTION('',(0.,1.,0.));
#3753=DIRECTION('center_axis',(0.,0.,-1.));
#3754=DIRECTION('ref_axis',(-1.,0.,0.));
#3755=DIRECTION('',(1.,0.,0.));
#3756=DIRECTION('',(0.,1.,0.));
#3757=DIRECTION('center_axis',(0.664363838829921,0.,-0.747409318683659));
#3758=DIRECTION('ref_axis',(-0.747409318683659,0.,-0.664363838829921));
#3759=DIRECTION('',(0.747409318683659,0.,0.664363838829921));
#3760=DIRECTION('center_axis',(0.,1.,0.));
#3761=DIRECTION('ref_axis',(0.,0.,1.));
#3762=DIRECTION('',(-1.,0.,0.));
#3763=DIRECTION('',(0.,0.,1.));
#3764=DIRECTION('',(-1.,0.,0.));
#3765=DIRECTION('',(-0.79740638560232,0.,-0.603442670185531));
#3766=DIRECTION('',(0.,0.,-1.));
#3767=DIRECTION('',(0.776755748719507,0.,-0.629801958421215));
#3768=DIRECTION('',(1.,0.,0.));
#3769=DIRECTION('',(0.759256602365297,0.,0.650791373455968));
#3770=DIRECTION('',(0.,0.,1.));
#3771=DIRECTION('',(1.,0.,0.));
#3772=DIRECTION('',(0.,0.,-1.));
#3773=DIRECTION('',(-0.39872611141443,0.,-0.917070056253244));
#3774=DIRECTION('',(-0.905458935958872,0.,-0.424433876230712));
#3775=DIRECTION('',(-1.,0.,0.));
#3776=DIRECTION('',(0.,0.,1.));
#3777=DIRECTION('',(1.,0.,0.));
#3778=DIRECTION('',(0.724999433594418,0.,-0.688749461914689));
#3779=DIRECTION('',(0.,0.,-1.));
#3780=DIRECTION('',(0.,0.,-1.));
#3781=DIRECTION('',(-0.752576694706883,0.,-0.658504607868512));
#3782=DIRECTION('',(-1.,0.,0.));
#3783=DIRECTION('',(0.,0.,-1.));
#3784=DIRECTION('',(-1.,0.,0.));
#3785=DIRECTION('',(-0.757156729179183,0.,-0.653233256546757));
#3786=DIRECTION('',(-0.301891704694399,0.,-0.953342225350745));
#3787=DIRECTION('',(0.301891704694399,0.,-0.953342225350745));
#3788=DIRECTION('',(0.801882827613394,0.,-0.597481322535481));
#3789=DIRECTION('',(1.,0.,0.));
#3790=DIRECTION('',(0.,0.,-1.));
#3791=DIRECTION('',(1.,0.,0.));
#3792=DIRECTION('',(0.,0.,-1.));
#3793=DIRECTION('center_axis',(1.,0.,0.));
#3794=DIRECTION('ref_axis',(0.,0.,-1.));
#3795=DIRECTION('',(0.,1.,0.));
#3796=DIRECTION('',(0.,0.,-1.));
#3797=DIRECTION('',(0.,1.,0.));
#3798=DIRECTION('center_axis',(1.,0.,0.));
#3799=DIRECTION('ref_axis',(0.,0.,-1.));
#3800=DIRECTION('',(0.,1.,0.));
#3801=DIRECTION('',(0.,0.,-1.));
#3802=DIRECTION('',(0.,1.,0.));
#3803=DIRECTION('center_axis',(0.,0.,1.));
#3804=DIRECTION('ref_axis',(1.,0.,0.));
#3805=DIRECTION('',(1.,0.,0.));
#3806=DIRECTION('',(0.,1.,0.));
#3807=DIRECTION('center_axis',(-0.603442670185531,0.,0.79740638560232));
#3808=DIRECTION('ref_axis',(0.79740638560232,0.,0.603442670185531));
#3809=DIRECTION('',(0.79740638560232,0.,0.603442670185531));
#3810=DIRECTION('',(0.,1.,0.));
#3811=DIRECTION('center_axis',(-1.,0.,0.));
#3812=DIRECTION('ref_axis',(0.,0.,1.));
#3813=DIRECTION('',(0.,0.,1.));
#3814=DIRECTION('',(0.,1.,0.));
#3815=DIRECTION('center_axis',(-0.629801958421215,0.,-0.776755748719507));
#3816=DIRECTION('ref_axis',(-0.776755748719507,0.,0.629801958421215));
#3817=DIRECTION('',(-0.776755748719507,0.,0.629801958421215));
#3818=DIRECTION('',(0.,1.,0.));
#3819=DIRECTION('center_axis',(0.,0.,-1.));
#3820=DIRECTION('ref_axis',(-1.,0.,0.));
#3821=DIRECTION('',(-1.,0.,0.));
#3822=DIRECTION('',(0.,1.,0.));
#3823=DIRECTION('center_axis',(0.650791373455968,0.,-0.759256602365297));
#3824=DIRECTION('ref_axis',(-0.759256602365297,0.,-0.650791373455968));
#3825=DIRECTION('',(-0.759256602365297,0.,-0.650791373455968));
#3826=DIRECTION('center_axis',(0.,1.,0.));
#3827=DIRECTION('ref_axis',(0.,0.,1.));
#3828=DIRECTION('',(1.,0.,0.));
#3829=DIRECTION('center_axis',(0.,1.,0.));
#3830=DIRECTION('ref_axis',(1.,0.,0.));
#3831=DIRECTION('',(-0.819231920519038,0.,-0.573462344363331));
#3832=DIRECTION('',(0.905458935958872,0.,0.424433876230712));
#3833=DIRECTION('',(0.39872611141443,0.,0.917070056253244));
#3834=DIRECTION('center_axis',(0.,1.,0.));
#3835=DIRECTION('ref_axis',(1.,0.,0.));
#3836=DIRECTION('',(-0.371390676354089,0.,-0.928476690885265));
#3837=DIRECTION('',(0.757156729179183,0.,0.653233256546757));
#3838=DIRECTION('',(-0.897089033660191,0.,-0.441849822549048));
#3839=DIRECTION('center_axis',(0.,1.,0.));
#3840=DIRECTION('ref_axis',(1.,0.,0.));
#3841=DIRECTION('',(0.912684575394031,0.,-0.408664735251058));
#3842=DIRECTION('',(-0.801882827613394,0.,0.597481322535481));
#3843=DIRECTION('',(0.371390676354089,0.,-0.928476690885265));
#3844=DIRECTION('center_axis',(0.,1.,0.));
#3845=DIRECTION('ref_axis',(1.,0.,0.));
#3846=DIRECTION('',(1.,0.,0.));
#3847=DIRECTION('',(0.,0.,1.));
#3848=DIRECTION('',(-1.,0.,0.));
#3849=DIRECTION('',(0.912684575394031,0.,-0.408664735251058));
#3850=DIRECTION('center_axis',(0.,1.,0.));
#3851=DIRECTION('ref_axis',(1.,0.,0.));
#3852=DIRECTION('',(0.999536512489265,0.,-0.0304427364209921));
#3853=DIRECTION('',(0.,0.,1.));
#3854=DIRECTION('',(-1.,0.,0.));
#3855=DIRECTION('center_axis',(0.424433876230712,0.,-0.905458935958872));
#3856=DIRECTION('ref_axis',(-0.905458935958872,0.,-0.424433876230712));
#3857=DIRECTION('',(0.905458935958872,0.,0.424433876230712));
#3858=DIRECTION('',(0.,1.,0.));
#3859=DIRECTION('',(0.,1.,0.));
#3860=DIRECTION('center_axis',(0.917070056253244,0.,-0.39872611141443));
#3861=DIRECTION('ref_axis',(-0.39872611141443,0.,-0.917070056253244));
#3862=DIRECTION('',(0.,1.,0.));
#3863=DIRECTION('',(0.39872611141443,0.,0.917070056253244));
#3864=DIRECTION('center_axis',(0.,0.,1.));
#3865=DIRECTION('ref_axis',(1.,0.,0.));
#3866=DIRECTION('',(0.,1.,0.));
#3867=DIRECTION('',(0.,1.,0.));
#3868=DIRECTION('center_axis',(0.,0.,1.));
#3869=DIRECTION('ref_axis',(1.,0.,0.));
#3870=DIRECTION('',(-1.,0.,0.));
#3871=DIRECTION('',(0.,1.,0.));
#3872=DIRECTION('',(0.,1.,0.));
#3873=DIRECTION('center_axis',(1.,0.,0.));
#3874=DIRECTION('ref_axis',(0.,0.,-1.));
#3875=DIRECTION('',(0.,0.,1.));
#3876=DIRECTION('',(0.,1.,0.));
#3877=DIRECTION('center_axis',(0.,0.,1.));
#3878=DIRECTION('ref_axis',(1.,0.,0.));
#3879=DIRECTION('',(0.,1.,0.));
#3880=DIRECTION('',(-1.,0.,0.));
#3881=DIRECTION('center_axis',(0.597481322535481,0.,0.801882827613394));
#3882=DIRECTION('ref_axis',(0.801882827613394,0.,-0.597481322535481));
#3883=DIRECTION('',(-0.801882827613394,0.,0.597481322535481));
#3884=DIRECTION('',(0.,1.,0.));
#3885=DIRECTION('',(-0.801882827613394,0.,0.597481322535481));
#3886=DIRECTION('center_axis',(0.953342225350745,0.,0.301891704694399));
#3887=DIRECTION('ref_axis',(0.301891704694399,0.,-0.953342225350745));
#3888=DIRECTION('',(-0.301891704694399,0.,0.953342225350745));
#3889=DIRECTION('',(0.,1.,0.));
#3890=DIRECTION('center_axis',(0.953342225350745,0.,-0.301891704694399));
#3891=DIRECTION('ref_axis',(-0.301891704694399,0.,-0.953342225350745));
#3892=DIRECTION('',(0.301891704694399,0.,0.953342225350745));
#3893=DIRECTION('',(0.,1.,0.));
#3894=DIRECTION('center_axis',(0.653233256546757,0.,-0.757156729179183));
#3895=DIRECTION('ref_axis',(-0.757156729179183,0.,-0.653233256546757));
#3896=DIRECTION('',(0.757156729179183,0.,0.653233256546757));
#3897=DIRECTION('',(0.,1.,0.));
#3898=DIRECTION('',(0.757156729179183,0.,0.653233256546757));
#3899=DIRECTION('center_axis',(0.,0.,-1.));
#3900=DIRECTION('ref_axis',(-1.,0.,0.));
#3901=DIRECTION('',(1.,0.,0.));
#3902=DIRECTION('',(0.,1.,0.));
#3903=DIRECTION('center_axis',(1.,0.,0.));
#3904=DIRECTION('ref_axis',(0.,0.,-1.));
#3905=DIRECTION('',(0.,0.,1.));
#3906=DIRECTION('',(0.,1.,0.));
#3907=DIRECTION('center_axis',(0.,0.,-1.));
#3908=DIRECTION('ref_axis',(-1.,0.,0.));
#3909=DIRECTION('',(1.,0.,0.));
#3910=DIRECTION('',(0.,1.,0.));
#3911=DIRECTION('center_axis',(0.658504607868512,0.,-0.752576694706883));
#3912=DIRECTION('ref_axis',(-0.752576694706883,0.,-0.658504607868512));
#3913=DIRECTION('',(0.752576694706883,0.,0.658504607868512));
#3914=DIRECTION('',(0.,1.,0.));
#3915=DIRECTION('center_axis',(0.688749461914689,0.,0.724999433594418));
#3916=DIRECTION('ref_axis',(0.724999433594418,0.,-0.688749461914689));
#3917=DIRECTION('',(-0.724999433594418,0.,0.688749461914689));
#3918=DIRECTION('',(0.,1.,0.));
#3919=DIRECTION('',(0.,1.,0.));
#3920=DIRECTION('center_axis',(0.,1.,0.));
#3921=DIRECTION('ref_axis',(0.,0.,1.));
#3922=DIRECTION('',(0.371390676354089,0.,-0.928476690885265));
#3923=DIRECTION('center_axis',(0.,1.,0.));
#3924=DIRECTION('ref_axis',(0.,0.,1.));
#3925=DIRECTION('',(-0.371390676354089,0.,-0.928476690885265));
#3926=DIRECTION('center_axis',(0.,1.,0.));
#3927=DIRECTION('ref_axis',(0.,0.,1.));
#3928=DIRECTION('',(0.912684575394031,0.,-0.408664735251058));
#3929=DIRECTION('center_axis',(0.,1.,0.));
#3930=DIRECTION('ref_axis',(0.,0.,1.));
#3931=DIRECTION('',(1.,0.,0.));
#3932=DIRECTION('',(0.72264185714768,0.,-0.691222645967384));
#3933=DIRECTION('',(0.,0.,-1.));
#3934=DIRECTION('center_axis',(0.,1.,0.));
#3935=DIRECTION('ref_axis',(0.,0.,1.));
#3936=DIRECTION('',(1.,0.,0.));
#3937=DIRECTION('',(0.914917801572933,0.,0.40364020657629));
#3938=DIRECTION('',(0.371390676354089,0.,0.928476690885265));
#3939=DIRECTION('',(-0.371390676354089,0.,0.928476690885265));
#3940=DIRECTION('',(-0.899656662830311,0.,0.436598086373529));
#3941=DIRECTION('',(-1.,0.,0.));
#3942=DIRECTION('',(-0.897089033660191,0.,-0.441849822549048));
#3943=DIRECTION('',(0.,0.,-1.));
#3944=DIRECTION('',(1.,0.,0.));
#3945=DIRECTION('',(0.,0.,-1.));
#3946=DIRECTION('',(-1.,0.,0.));
#3947=DIRECTION('',(0.,0.,-1.));
#3948=DIRECTION('',(1.,0.,0.));
#3949=DIRECTION('',(0.,0.,-1.));
#3950=DIRECTION('',(-1.,0.,0.));
#3951=DIRECTION('',(0.,0.,-1.));
#3952=DIRECTION('',(-1.,0.,0.));
#3953=DIRECTION('',(0.,0.,-1.));
#3954=DIRECTION('',(1.,0.,0.));
#3955=DIRECTION('',(0.,0.,1.));
#3956=DIRECTION('',(-1.,0.,0.));
#3957=DIRECTION('',(0.,0.,-1.));
#3958=DIRECTION('',(1.,0.,0.));
#3959=DIRECTION('',(0.,0.,1.));
#3960=DIRECTION('center_axis',(0.,1.,0.));
#3961=DIRECTION('ref_axis',(0.,0.,1.));
#3962=DIRECTION('',(-0.819231920519038,0.,-0.573462344363331));
#3963=DIRECTION('',(-1.,0.,0.));
#3964=DIRECTION('center_axis',(0.,1.,0.));
#3965=DIRECTION('ref_axis',(0.,0.,1.));
#3966=DIRECTION('',(0.,0.,-1.));
#3967=DIRECTION('',(-0.819231920519038,0.,-0.573462344363331));
#3968=DIRECTION('center_axis',(0.,1.,0.));
#3969=DIRECTION('ref_axis',(0.,0.,1.));
#3970=DIRECTION('',(0.,0.,1.));
#3971=DIRECTION('',(0.999536512489265,0.,-0.0304427364209921));
#3972=DIRECTION('',(-0.778331241018416,0.,-0.627853867754856));
#3973=DIRECTION('',(-0.656178714924791,0.,-0.754605522163501));
#3974=DIRECTION('center_axis',(0.,1.,0.));
#3975=DIRECTION('ref_axis',(1.,0.,0.));
#3976=DIRECTION('',(0.,0.,-1.));
#3977=DIRECTION('',(-1.,0.,0.));
#3978=DIRECTION('',(0.,0.,1.));
#3979=DIRECTION('',(-1.,0.,0.));
#3980=DIRECTION('center_axis',(0.,1.,0.));
#3981=DIRECTION('ref_axis',(1.,0.,0.));
#3982=DIRECTION('',(-0.691222645967374,0.,-0.72264185714769));
#3983=DIRECTION('',(0.,0.,-1.));
#3984=DIRECTION('',(-0.805055837353364,0.,-0.593199038049856));
#3985=DIRECTION('',(-0.819231920519038,0.,-0.573462344363331));
#3986=DIRECTION('',(0.,0.,-1.));
#3987=DIRECTION('',(-0.656178714924791,0.,-0.754605522163501));
#3988=DIRECTION('center_axis',(0.573462344363331,0.,-0.819231920519038));
#3989=DIRECTION('ref_axis',(-0.819231920519038,0.,-0.573462344363331));
#3990=DIRECTION('',(0.,1.,0.));
#3991=DIRECTION('',(0.,1.,0.));
#3992=DIRECTION('center_axis',(1.,0.,0.));
#3993=DIRECTION('ref_axis',(0.,0.,-1.));
#3994=DIRECTION('',(0.,1.,0.));
#3995=DIRECTION('center_axis',(0.754605522163501,0.,-0.656178714924791));
#3996=DIRECTION('ref_axis',(-0.656178714924791,0.,-0.754605522163501));
#3997=DIRECTION('',(0.,1.,0.));
#3998=DIRECTION('center_axis',(-1.,0.,0.));
#3999=DIRECTION('ref_axis',(0.,0.,1.));
#4000=DIRECTION('',(0.,0.,-1.));
#4001=DIRECTION('',(0.,1.,0.));
#4002=DIRECTION('',(0.,1.,0.));
#4003=DIRECTION('center_axis',(0.,0.,1.));
#4004=DIRECTION('ref_axis',(1.,0.,0.));
#4005=DIRECTION('',(-1.,0.,0.));
#4006=DIRECTION('',(0.,1.,0.));
#4007=DIRECTION('center_axis',(1.,0.,0.));
#4008=DIRECTION('ref_axis',(0.,0.,-1.));
#4009=DIRECTION('',(0.,0.,1.));
#4010=DIRECTION('',(0.,1.,0.));
#4011=DIRECTION('center_axis',(0.,0.,-1.));
#4012=DIRECTION('ref_axis',(-1.,0.,0.));
#4013=DIRECTION('',(1.,0.,0.));
#4014=DIRECTION('center_axis',(-1.,0.,0.));
#4015=DIRECTION('ref_axis',(0.,0.,1.));
#4016=DIRECTION('',(0.,0.,-1.));
#4017=DIRECTION('',(0.,1.,0.));
#4018=DIRECTION('',(0.,1.,0.));
#4019=DIRECTION('center_axis',(0.,0.,1.));
#4020=DIRECTION('ref_axis',(1.,0.,0.));
#4021=DIRECTION('',(-1.,0.,0.));
#4022=DIRECTION('',(0.,1.,0.));
#4023=DIRECTION('center_axis',(1.,0.,0.));
#4024=DIRECTION('ref_axis',(0.,0.,-1.));
#4025=DIRECTION('',(0.,0.,1.));
#4026=DIRECTION('',(0.,1.,0.));
#4027=DIRECTION('center_axis',(0.,0.,-1.));
#4028=DIRECTION('ref_axis',(-1.,0.,0.));
#4029=DIRECTION('',(1.,0.,0.));
#4030=DIRECTION('center_axis',(0.441849822549048,0.,-0.897089033660191));
#4031=DIRECTION('ref_axis',(-0.897089033660191,0.,-0.441849822549048));
#4032=DIRECTION('',(0.897089033660191,0.,0.441849822549048));
#4033=DIRECTION('',(0.,1.,0.));
#4034=DIRECTION('',(0.,1.,0.));
#4035=DIRECTION('center_axis',(0.,0.,-1.));
#4036=DIRECTION('ref_axis',(-1.,0.,0.));
#4037=DIRECTION('',(1.,0.,0.));
#4038=DIRECTION('',(0.,1.,0.));
#4039=DIRECTION('center_axis',(-0.436598086373529,0.,-0.899656662830311));
#4040=DIRECTION('ref_axis',(-0.899656662830311,0.,0.436598086373529));
#4041=DIRECTION('',(0.899656662830311,0.,-0.436598086373529));
#4042=DIRECTION('',(0.,1.,0.));
#4043=DIRECTION('center_axis',(-0.928476690885265,0.,-0.371390676354089));
#4044=DIRECTION('ref_axis',(-0.371390676354089,0.,0.928476690885265));
#4045=DIRECTION('',(0.371390676354089,0.,-0.928476690885265));
#4046=DIRECTION('',(0.,1.,0.));
#4047=DIRECTION('center_axis',(-0.928476690885265,0.,0.371390676354089));
#4048=DIRECTION('ref_axis',(0.371390676354089,0.,0.928476690885265));
#4049=DIRECTION('',(-0.371390676354089,0.,-0.928476690885265));
#4050=DIRECTION('',(0.,1.,0.));
#4051=DIRECTION('center_axis',(-0.40364020657629,0.,0.914917801572933));
#4052=DIRECTION('ref_axis',(0.914917801572933,0.,0.40364020657629));
#4053=DIRECTION('',(-0.914917801572933,0.,-0.40364020657629));
#4054=DIRECTION('',(0.,1.,0.));
#4055=DIRECTION('center_axis',(0.,0.,1.));
#4056=DIRECTION('ref_axis',(1.,0.,0.));
#4057=DIRECTION('',(-1.,0.,0.));
#4058=DIRECTION('',(0.,1.,0.));
#4059=DIRECTION('center_axis',(0.408664735251058,0.,0.912684575394031));
#4060=DIRECTION('ref_axis',(0.912684575394031,0.,-0.408664735251058));
#4061=DIRECTION('',(-0.912684575394031,0.,0.408664735251058));
#4062=DIRECTION('',(0.,1.,0.));
#4063=DIRECTION('center_axis',(0.928476690885265,0.,0.371390676354089));
#4064=DIRECTION('ref_axis',(0.371390676354089,0.,-0.928476690885265));
#4065=DIRECTION('',(-0.371390676354089,0.,0.928476690885265));
#4066=DIRECTION('',(0.,1.,0.));
#4067=DIRECTION('center_axis',(0.928476690885265,0.,-0.371390676354089));
#4068=DIRECTION('ref_axis',(-0.371390676354089,0.,-0.928476690885265));
#4069=DIRECTION('',(0.371390676354089,0.,0.928476690885265));
#4070=DIRECTION('center_axis',(0.593199038049856,0.,-0.805055837353364));
#4071=DIRECTION('ref_axis',(-0.805055837353364,0.,-0.593199038049856));
#4072=DIRECTION('',(-0.805055837353364,0.,-0.593199038049856));
#4073=DIRECTION('',(0.,1.,0.));
#4074=DIRECTION('',(0.,1.,0.));
#4075=DIRECTION('center_axis',(1.,0.,0.));
#4076=DIRECTION('ref_axis',(0.,0.,-1.));
#4077=DIRECTION('',(0.,0.,-1.));
#4078=DIRECTION('',(0.,1.,0.));
#4079=DIRECTION('center_axis',(0.72264185714769,0.,-0.691222645967374));
#4080=DIRECTION('ref_axis',(-0.691222645967374,0.,-0.72264185714769));
#4081=DIRECTION('',(-0.691222645967374,0.,-0.72264185714769));
#4082=DIRECTION('',(0.,1.,0.));
#4083=DIRECTION('center_axis',(0.627853867754856,0.,-0.778331241018416));
#4084=DIRECTION('ref_axis',(-0.778331241018416,0.,-0.627853867754856));
#4085=DIRECTION('',(-0.778331241018416,0.,-0.627853867754856));
#4086=DIRECTION('',(0.,1.,0.));
#4087=DIRECTION('center_axis',(0.0304427364209921,0.,0.999536512489265));
#4088=DIRECTION('ref_axis',(0.999536512489265,0.,-0.0304427364209921));
#4089=DIRECTION('',(0.999536512489265,0.,-0.0304427364209921));
#4090=DIRECTION('',(0.,1.,0.));
#4091=DIRECTION('center_axis',(1.,0.,0.));
#4092=DIRECTION('ref_axis',(0.,0.,-1.));
#4093=DIRECTION('',(0.,0.,-1.));
#4094=DIRECTION('',(0.,1.,0.));
#4095=DIRECTION('center_axis',(0.,0.,-1.));
#4096=DIRECTION('ref_axis',(-1.,0.,0.));
#4097=DIRECTION('',(-1.,0.,0.));
#4098=DIRECTION('',(0.,1.,0.));
#4099=DIRECTION('center_axis',(1.,0.,0.));
#4100=DIRECTION('ref_axis',(0.,0.,-1.));
#4101=DIRECTION('',(0.,0.,-1.));
#4102=DIRECTION('',(0.,1.,0.));
#4103=DIRECTION('center_axis',(0.,0.,1.));
#4104=DIRECTION('ref_axis',(1.,0.,0.));
#4105=DIRECTION('',(1.,0.,0.));
#4106=DIRECTION('',(0.,1.,0.));
#4107=DIRECTION('center_axis',(1.,0.,0.));
#4108=DIRECTION('ref_axis',(0.,0.,-1.));
#4109=DIRECTION('',(0.,0.,-1.));
#4110=DIRECTION('',(0.,1.,0.));
#4111=DIRECTION('center_axis',(0.,0.,-1.));
#4112=DIRECTION('ref_axis',(-1.,0.,0.));
#4113=DIRECTION('',(-1.,0.,0.));
#4114=DIRECTION('',(0.,1.,0.));
#4115=DIRECTION('center_axis',(1.,0.,0.));
#4116=DIRECTION('ref_axis',(0.,0.,-1.));
#4117=DIRECTION('',(0.,0.,-1.));
#4118=DIRECTION('',(0.,1.,0.));
#4119=DIRECTION('center_axis',(0.,0.,1.));
#4120=DIRECTION('ref_axis',(1.,0.,0.));
#4121=DIRECTION('',(1.,0.,0.));
#4122=DIRECTION('',(0.,1.,0.));
#4123=DIRECTION('center_axis',(1.,0.,0.));
#4124=DIRECTION('ref_axis',(0.,0.,-1.));
#4125=DIRECTION('',(0.,0.,-1.));
#4126=DIRECTION('',(0.,1.,0.));
#4127=DIRECTION('center_axis',(0.691222645967384,0.,0.72264185714768));
#4128=DIRECTION('ref_axis',(0.72264185714768,0.,-0.691222645967384));
#4129=DIRECTION('',(0.72264185714768,0.,-0.691222645967384));
#4130=DIRECTION('',(0.,1.,0.));
#4131=DIRECTION('center_axis',(0.,0.,1.));
#4132=DIRECTION('ref_axis',(1.,0.,0.));
#4133=DIRECTION('',(1.,0.,0.));
#4134=DIRECTION('',(0.,1.,0.));
#4135=DIRECTION('center_axis',(-1.,0.,0.));
#4136=DIRECTION('ref_axis',(0.,0.,1.));
#4137=DIRECTION('',(0.,0.,1.));
#4138=DIRECTION('',(0.,1.,0.));
#4139=DIRECTION('center_axis',(0.,0.,-1.));
#4140=DIRECTION('ref_axis',(-1.,0.,0.));
#4141=DIRECTION('',(-1.,0.,0.));
#4142=DIRECTION('',(-1.,0.,0.));
#4143=DIRECTION('',(0.,1.,0.));
#4144=DIRECTION('',(0.,1.,0.));
#4145=DIRECTION('center_axis',(1.,0.,0.));
#4146=DIRECTION('ref_axis',(0.,0.,-1.));
#4147=DIRECTION('',(0.,0.,-1.));
#4148=DIRECTION('',(0.,1.,0.));
#4149=DIRECTION('center_axis',(0.,0.,-1.));
#4150=DIRECTION('ref_axis',(-1.,0.,0.));
#4151=DIRECTION('',(-1.,0.,0.));
#4152=DIRECTION('',(0.,1.,0.));
#4153=DIRECTION('center_axis',(-1.,0.,0.));
#4154=DIRECTION('ref_axis',(0.,0.,1.));
#4155=DIRECTION('',(0.,0.,1.));
#4156=DIRECTION('center_axis',(0.,1.,0.));
#4157=DIRECTION('ref_axis',(1.,0.,0.));
#4158=CARTESIAN_POINT('',(0.,0.,0.));
#4159=CARTESIAN_POINT('Origin',(-46.8153,3.6,4.0097));
#4160=CARTESIAN_POINT('',(-47.04475,2.585,4.0097));
#4161=CARTESIAN_POINT('Origin',(-46.8153,2.585,4.0097));
#4162=CARTESIAN_POINT('',(-47.04475,3.,4.0097));
#4163=CARTESIAN_POINT('',(-47.04475,3.6,4.0097));
#4164=CARTESIAN_POINT('Origin',(-46.8153,3.,4.0097));
#4165=CARTESIAN_POINT('Origin',(-55.2,3.6,0.1));
#4166=CARTESIAN_POINT('',(-55.5,2.585,0.1));
#4167=CARTESIAN_POINT('Origin',(-55.2,2.585,0.1));
#4168=CARTESIAN_POINT('',(-55.5,3.3,0.1));
#4169=CARTESIAN_POINT('',(-55.5,3.6,0.1));
#4170=CARTESIAN_POINT('Origin',(-55.2,3.3,0.1));
#4171=CARTESIAN_POINT('Origin',(-28.57,3.6,-2.4));
#4172=CARTESIAN_POINT('',(-28.74,2.54,-2.4));
#4173=CARTESIAN_POINT('Origin',(-28.57,2.54,-2.4));
#4174=CARTESIAN_POINT('',(-28.74,3.,-2.4));
#4175=CARTESIAN_POINT('',(-28.74,3.6,-2.4));
#4176=CARTESIAN_POINT('Origin',(-28.57,3.,-2.4));
#4177=CARTESIAN_POINT('Origin',(-28.57,2.5625,-2.4));
#4178=CARTESIAN_POINT('',(-28.97,2.585,-2.4));
#4179=CARTESIAN_POINT('Origin',(-28.57,2.585,-2.4));
#4180=CARTESIAN_POINT('',(-28.97,2.54,-2.4));
#4181=CARTESIAN_POINT('',(-28.97,2.5625,-2.4));
#4182=CARTESIAN_POINT('Origin',(-28.57,2.54,-2.4));
#4183=CARTESIAN_POINT('Origin',(-28.57,2.54,-2.4));
#4184=CARTESIAN_POINT('Origin',(-28.57,3.6,0.8));
#4185=CARTESIAN_POINT('',(-28.74,2.54,0.8));
#4186=CARTESIAN_POINT('Origin',(-28.57,2.54,0.8));
#4187=CARTESIAN_POINT('',(-28.74,3.,0.8));
#4188=CARTESIAN_POINT('',(-28.74,3.6,0.8));
#4189=CARTESIAN_POINT('Origin',(-28.57,3.,0.8));
#4190=CARTESIAN_POINT('Origin',(-28.57,2.5625,0.8));
#4191=CARTESIAN_POINT('',(-28.97,2.585,0.8));
#4192=CARTESIAN_POINT('Origin',(-28.57,2.585,0.8));
#4193=CARTESIAN_POINT('',(-28.97,2.54,0.8));
#4194=CARTESIAN_POINT('',(-28.97,2.5625,0.8));
#4195=CARTESIAN_POINT('Origin',(-28.57,2.54,0.8));
#4196=CARTESIAN_POINT('Origin',(-28.57,2.54,0.8));
#4197=CARTESIAN_POINT('Origin',(-46.01,3.6,-2.4));
#4198=CARTESIAN_POINT('',(-46.18,2.54,-2.4));
#4199=CARTESIAN_POINT('Origin',(-46.01,2.54,-2.4));
#4200=CARTESIAN_POINT('',(-46.18,3.,-2.4));
#4201=CARTESIAN_POINT('',(-46.18,3.6,-2.4));
#4202=CARTESIAN_POINT('Origin',(-46.01,3.,-2.4));
#4203=CARTESIAN_POINT('Origin',(-46.01,2.5625,-2.4));
#4204=CARTESIAN_POINT('',(-46.41,2.585,-2.4));
#4205=CARTESIAN_POINT('Origin',(-46.01,2.585,-2.4));
#4206=CARTESIAN_POINT('',(-46.41,2.54,-2.4));
#4207=CARTESIAN_POINT('',(-46.41,2.5625,-2.4));
#4208=CARTESIAN_POINT('Origin',(-46.01,2.54,-2.4));
#4209=CARTESIAN_POINT('Origin',(-46.01,2.54,-2.4));
#4210=CARTESIAN_POINT('Origin',(-46.01,3.6,0.8));
#4211=CARTESIAN_POINT('',(-46.18,2.54,0.8));
#4212=CARTESIAN_POINT('Origin',(-46.01,2.54,0.8));
#4213=CARTESIAN_POINT('',(-46.18,3.,0.8));
#4214=CARTESIAN_POINT('',(-46.18,3.6,0.8));
#4215=CARTESIAN_POINT('Origin',(-46.01,3.,0.8));
#4216=CARTESIAN_POINT('Origin',(-46.01,2.5625,0.8));
#4217=CARTESIAN_POINT('',(-46.41,2.585,0.8));
#4218=CARTESIAN_POINT('Origin',(-46.01,2.585,0.8));
#4219=CARTESIAN_POINT('',(-46.41,2.54,0.8));
#4220=CARTESIAN_POINT('',(-46.41,2.5625,0.8));
#4221=CARTESIAN_POINT('Origin',(-46.01,2.54,0.8));
#4222=CARTESIAN_POINT('Origin',(-46.01,2.54,0.8));
#4223=CARTESIAN_POINT('Origin',(-52.51,3.6,-2.4));
#4224=CARTESIAN_POINT('',(-52.68,2.54,-2.4));
#4225=CARTESIAN_POINT('Origin',(-52.51,2.54,-2.4));
#4226=CARTESIAN_POINT('',(-52.68,3.,-2.4));
#4227=CARTESIAN_POINT('',(-52.68,3.6,-2.4));
#4228=CARTESIAN_POINT('Origin',(-52.51,3.,-2.4));
#4229=CARTESIAN_POINT('Origin',(-52.51,2.5625,-2.4));
#4230=CARTESIAN_POINT('',(-52.91,2.585,-2.4));
#4231=CARTESIAN_POINT('Origin',(-52.51,2.585,-2.4));
#4232=CARTESIAN_POINT('',(-52.91,2.54,-2.4));
#4233=CARTESIAN_POINT('',(-52.91,2.5625,-2.4));
#4234=CARTESIAN_POINT('Origin',(-52.51,2.54,-2.4));
#4235=CARTESIAN_POINT('Origin',(-52.51,2.54,-2.4));
#4236=CARTESIAN_POINT('Origin',(-52.51,3.6,0.8));
#4237=CARTESIAN_POINT('',(-52.68,2.54,0.8));
#4238=CARTESIAN_POINT('Origin',(-52.51,2.54,0.8));
#4239=CARTESIAN_POINT('',(-52.68,3.,0.8));
#4240=CARTESIAN_POINT('',(-52.68,3.6,0.8));
#4241=CARTESIAN_POINT('Origin',(-52.51,3.,0.8));
#4242=CARTESIAN_POINT('Origin',(-52.51,2.5625,0.8));
#4243=CARTESIAN_POINT('',(-52.91,2.585,0.8));
#4244=CARTESIAN_POINT('Origin',(-52.51,2.585,0.8));
#4245=CARTESIAN_POINT('',(-52.91,2.54,0.8));
#4246=CARTESIAN_POINT('',(-52.91,2.5625,0.8));
#4247=CARTESIAN_POINT('Origin',(-52.51,2.54,0.8));
#4248=CARTESIAN_POINT('Origin',(-52.51,2.54,0.8));
#4249=CARTESIAN_POINT('Origin',(-38.1909,3.15,3.7505));
#4250=CARTESIAN_POINT('',(-38.41355,3.3,3.7505));
#4251=CARTESIAN_POINT('Origin',(-38.1909,3.3,3.7505));
#4252=CARTESIAN_POINT('',(-38.41355,3.,3.7505));
#4253=CARTESIAN_POINT('',(-38.41355,3.15,3.7505));
#4254=CARTESIAN_POINT('Origin',(-38.1909,3.,3.7505));
#4255=CARTESIAN_POINT('Origin',(-38.1909,3.3,3.7505));
#4256=CARTESIAN_POINT('Origin',(-43.2743,3.15,3.75));
#4257=CARTESIAN_POINT('',(-43.49495,3.3,3.75));
#4258=CARTESIAN_POINT('Origin',(-43.2743,3.3,3.75));
#4259=CARTESIAN_POINT('',(-43.49495,3.,3.75));
#4260=CARTESIAN_POINT('',(-43.49495,3.15,3.75));
#4261=CARTESIAN_POINT('Origin',(-43.2743,3.,3.75));
#4262=CARTESIAN_POINT('Origin',(-43.2743,3.3,3.75));
#4263=CARTESIAN_POINT('Origin',(-35.6508,3.15,3.7492));
#4264=CARTESIAN_POINT('',(-35.8735,3.3,3.7492));
#4265=CARTESIAN_POINT('Origin',(-35.6508,3.3,3.7492));
#4266=CARTESIAN_POINT('',(-35.8735,3.,3.7492));
#4267=CARTESIAN_POINT('',(-35.8735,3.15,3.7492));
#4268=CARTESIAN_POINT('Origin',(-35.6508,3.,3.7492));
#4269=CARTESIAN_POINT('Origin',(-35.6508,3.3,3.7492));
#4270=CARTESIAN_POINT('Origin',(-40.7293,3.15,3.7493));
#4271=CARTESIAN_POINT('',(-40.95025,3.3,3.7493));
#4272=CARTESIAN_POINT('Origin',(-40.7293,3.3,3.7493));
#4273=CARTESIAN_POINT('',(-40.95025,3.,3.7493));
#4274=CARTESIAN_POINT('',(-40.95025,3.15,3.7493));
#4275=CARTESIAN_POINT('Origin',(-40.7293,3.,3.7493));
#4276=CARTESIAN_POINT('Origin',(-40.7293,3.3,3.7493));
#4277=CARTESIAN_POINT('Origin',(-32.6995,3.15,-3.825));
#4278=CARTESIAN_POINT('',(-33.1152,3.3,-3.825));
#4279=CARTESIAN_POINT('Origin',(-32.6995,3.3,-3.825));
#4280=CARTESIAN_POINT('',(-33.1152,3.,-3.825));
#4281=CARTESIAN_POINT('',(-33.1152,3.15,-3.825));
#4282=CARTESIAN_POINT('Origin',(-32.6995,3.,-3.825));
#4283=CARTESIAN_POINT('Origin',(-32.6995,3.3,-3.825));
#4284=CARTESIAN_POINT('Origin',(-32.6995,3.15,-0.075));
#4285=CARTESIAN_POINT('',(-33.1152,3.3,-0.0749999999999999));
#4286=CARTESIAN_POINT('Origin',(-32.6995,3.3,-0.075));
#4287=CARTESIAN_POINT('',(-33.1152,3.,-0.0749999999999999));
#4288=CARTESIAN_POINT('',(-33.1152,3.15,-0.0749999999999999));
#4289=CARTESIAN_POINT('Origin',(-32.6995,3.,-0.075));
#4290=CARTESIAN_POINT('Origin',(-32.6995,3.3,-0.075));
#4291=CARTESIAN_POINT('Origin',(-34.3754,3.595,5.63));
#4292=CARTESIAN_POINT('',(-33.8886505778124,3.45,5.54));
#4293=CARTESIAN_POINT('',(-33.9845643942682,3.60566508506607,5.54));
#4294=CARTESIAN_POINT('Ctrl Pts',(-33.8886505778124,3.45,5.54));
#4295=CARTESIAN_POINT('Ctrl Pts',(-33.9416348847252,3.53633908715393,5.54));
#4296=CARTESIAN_POINT('Ctrl Pts',(-33.9845643942682,3.60566508506607,5.54));
#4297=CARTESIAN_POINT('',(-34.6130404050412,3.45,5.19577420862892));
#4298=CARTESIAN_POINT('Origin',(-34.3754,3.45,5.63));
#4299=CARTESIAN_POINT('Ctrl Pts',(-33.9845643942682,3.60566508506606,5.54));
#4300=CARTESIAN_POINT('Ctrl Pts',(-33.9924382350351,3.61199218869309,5.52282130756752));
#4301=CARTESIAN_POINT('Ctrl Pts',(-34.001273263152,3.61775574330844,5.50570419059032));
#4302=CARTESIAN_POINT('Ctrl Pts',(-34.0379331370417,3.63660111959426,5.44250855057402));
#4303=CARTESIAN_POINT('Ctrl Pts',(-34.0721592840719,3.64418274503923,5.39878633813729));
#4304=CARTESIAN_POINT('Ctrl Pts',(-34.1451863589053,3.64514642029153,5.32685178293191));
#4305=CARTESIAN_POINT('Ctrl Pts',(-34.1888248030557,3.63879035207927,5.29359278533038));
#4306=CARTESIAN_POINT('Ctrl Pts',(-34.2813264499553,3.61343823616767,5.24138163810441));
#4307=CARTESIAN_POINT('Ctrl Pts',(-34.3301936015538,3.59469329544876,5.22231491966735));
#4308=CARTESIAN_POINT('Ctrl Pts',(-34.4397042331429,3.54629921793993,5.19311159703272));
#4309=CARTESIAN_POINT('Ctrl Pts',(-34.5091706029043,3.50997397496119,5.18655913403573));
#4310=CARTESIAN_POINT('Ctrl Pts',(-34.5888268858937,3.46423747749135,5.19276493319105));
#4311=CARTESIAN_POINT('Ctrl Pts',(-34.6009866451391,3.4571408620906,5.19408974942321));
#4312=CARTESIAN_POINT('Ctrl Pts',(-34.6130404050412,3.45,5.19577420862892));
#4313=CARTESIAN_POINT('Origin',(-34.53,4.035,5.79));
#4314=CARTESIAN_POINT('',(-35.0754356057318,3.45,5.54));
#4315=CARTESIAN_POINT('Origin',(-34.53,3.45,5.79));
#4316=CARTESIAN_POINT('',(-35.0754356057318,4.62,5.54));
#4317=CARTESIAN_POINT('',(-35.0754356057318,4.035,5.54));
#4318=CARTESIAN_POINT('',(-33.9845643942682,4.62,5.54));
#4319=CARTESIAN_POINT('Origin',(-34.53,4.62,5.79));
#4320=CARTESIAN_POINT('',(-33.9845643942682,4.035,5.54));
#4321=CARTESIAN_POINT('Origin',(-37.2052,3.595,5.63));
#4322=CARTESIAN_POINT('',(-37.5252,3.74,5.63));
#4323=CARTESIAN_POINT('Origin',(-37.2052,3.74,5.63));
#4324=CARTESIAN_POINT('',(-37.7002,3.45,5.63));
#4325=CARTESIAN_POINT('',(-37.6127,3.595,5.63));
#4326=CARTESIAN_POINT('Origin',(-37.2052,3.45,5.63));
#4327=CARTESIAN_POINT('Origin',(-37.2052,3.74,5.63));
#4328=CARTESIAN_POINT('Origin',(-40.035,3.595,5.63));
#4329=CARTESIAN_POINT('',(-40.355,3.74,5.63));
#4330=CARTESIAN_POINT('Origin',(-40.035,3.74,5.63));
#4331=CARTESIAN_POINT('',(-40.53,3.45,5.63));
#4332=CARTESIAN_POINT('',(-40.4425,3.595,5.63));
#4333=CARTESIAN_POINT('Origin',(-40.035,3.45,5.63));
#4334=CARTESIAN_POINT('Origin',(-40.035,3.74,5.63));
#4335=CARTESIAN_POINT('Origin',(-42.8648,3.595,5.63));
#4336=CARTESIAN_POINT('',(-43.1848,3.74,5.63));
#4337=CARTESIAN_POINT('Origin',(-42.8648,3.74,5.63));
#4338=CARTESIAN_POINT('',(-43.3598,3.45,5.63));
#4339=CARTESIAN_POINT('',(-43.2723,3.595,5.63));
#4340=CARTESIAN_POINT('Origin',(-42.8648,3.45,5.63));
#4341=CARTESIAN_POINT('Origin',(-42.8648,3.74,5.63));
#4342=CARTESIAN_POINT('Origin',(-45.6946,3.595,5.63));
#4343=CARTESIAN_POINT('',(-46.0146,3.74,5.63));
#4344=CARTESIAN_POINT('Origin',(-45.6946,3.74,5.63));
#4345=CARTESIAN_POINT('',(-46.1896,3.45,5.63));
#4346=CARTESIAN_POINT('',(-46.1021,3.595,5.63));
#4347=CARTESIAN_POINT('Origin',(-45.6946,3.45,5.63));
#4348=CARTESIAN_POINT('Origin',(-45.6946,3.74,5.63));
#4349=CARTESIAN_POINT('Origin',(-48.5244,3.595,5.63));
#4350=CARTESIAN_POINT('',(-48.8444,3.74,5.63));
#4351=CARTESIAN_POINT('Origin',(-48.5244,3.74,5.63));
#4352=CARTESIAN_POINT('',(-49.0194,3.45,5.63));
#4353=CARTESIAN_POINT('',(-48.9319,3.595,5.63));
#4354=CARTESIAN_POINT('Origin',(-48.5244,3.45,5.63));
#4355=CARTESIAN_POINT('Origin',(-48.5244,3.74,5.63));
#4356=CARTESIAN_POINT('Origin',(-51.3542,3.595,5.63));
#4357=CARTESIAN_POINT('',(-51.6742,3.74,5.63));
#4358=CARTESIAN_POINT('Origin',(-51.3542,3.74,5.63));
#4359=CARTESIAN_POINT('',(-51.8492,3.45,5.63));
#4360=CARTESIAN_POINT('',(-51.7617,3.595,5.63));
#4361=CARTESIAN_POINT('Origin',(-51.3542,3.45,5.63));
#4362=CARTESIAN_POINT('Origin',(-51.3542,3.74,5.63));
#4363=CARTESIAN_POINT('Origin',(-54.184,3.595,5.63));
#4364=CARTESIAN_POINT('',(-54.504,3.74,5.63));
#4365=CARTESIAN_POINT('Origin',(-54.184,3.74,5.63));
#4366=CARTESIAN_POINT('',(-54.679,3.45,5.63));
#4367=CARTESIAN_POINT('',(-54.5915,3.595,5.63));
#4368=CARTESIAN_POINT('Origin',(-54.184,3.45,5.63));
#4369=CARTESIAN_POINT('Origin',(-54.184,3.74,5.63));
#4370=CARTESIAN_POINT('Origin',(-28.3876,3.595,-5.55));
#4371=CARTESIAN_POINT('',(-28.7076,3.74,-5.55));
#4372=CARTESIAN_POINT('Origin',(-28.3876,3.74,-5.55));
#4373=CARTESIAN_POINT('',(-28.8826,3.45,-5.55));
#4374=CARTESIAN_POINT('',(-28.7951,3.595,-5.55));
#4375=CARTESIAN_POINT('Origin',(-28.3876,3.45,-5.55));
#4376=CARTESIAN_POINT('Origin',(-28.3876,3.74,-5.55));
#4377=CARTESIAN_POINT('Origin',(-32.0728,3.595,-5.55));
#4378=CARTESIAN_POINT('',(-32.3928,3.74,-5.55));
#4379=CARTESIAN_POINT('Origin',(-32.0728,3.74,-5.55));
#4380=CARTESIAN_POINT('',(-32.5678,3.45,-5.55));
#4381=CARTESIAN_POINT('',(-32.4803,3.595,-5.55));
#4382=CARTESIAN_POINT('Origin',(-32.0728,3.45,-5.55));
#4383=CARTESIAN_POINT('Origin',(-32.0728,3.74,-5.55));
#4384=CARTESIAN_POINT('Origin',(-35.758,3.595,-5.55));
#4385=CARTESIAN_POINT('',(-36.078,3.74,-5.55));
#4386=CARTESIAN_POINT('Origin',(-35.758,3.74,-5.55));
#4387=CARTESIAN_POINT('',(-36.253,3.45,-5.55));
#4388=CARTESIAN_POINT('',(-36.1655,3.595,-5.55));
#4389=CARTESIAN_POINT('Origin',(-35.758,3.45,-5.55));
#4390=CARTESIAN_POINT('Origin',(-35.758,3.74,-5.55));
#4391=CARTESIAN_POINT('Origin',(-39.4432,3.595,-5.55));
#4392=CARTESIAN_POINT('',(-39.7632,3.74,-5.55));
#4393=CARTESIAN_POINT('Origin',(-39.4432,3.74,-5.55));
#4394=CARTESIAN_POINT('',(-39.9382,3.45,-5.55));
#4395=CARTESIAN_POINT('',(-39.8507,3.595,-5.55));
#4396=CARTESIAN_POINT('Origin',(-39.4432,3.45,-5.55));
#4397=CARTESIAN_POINT('Origin',(-39.4432,3.74,-5.55));
#4398=CARTESIAN_POINT('Origin',(-43.1284,3.595,-5.55));
#4399=CARTESIAN_POINT('',(-43.4484,3.74,-5.55));
#4400=CARTESIAN_POINT('Origin',(-43.1284,3.74,-5.55));
#4401=CARTESIAN_POINT('',(-43.6234,3.45,-5.55));
#4402=CARTESIAN_POINT('',(-43.5359,3.595,-5.55));
#4403=CARTESIAN_POINT('Origin',(-43.1284,3.45,-5.55));
#4404=CARTESIAN_POINT('Origin',(-43.1284,3.74,-5.55));
#4405=CARTESIAN_POINT('Origin',(-46.8136,3.595,-5.55));
#4406=CARTESIAN_POINT('',(-47.1336,3.74,-5.55));
#4407=CARTESIAN_POINT('Origin',(-46.8136,3.74,-5.55));
#4408=CARTESIAN_POINT('',(-47.3086,3.45,-5.55));
#4409=CARTESIAN_POINT('',(-47.2211,3.595,-5.55));
#4410=CARTESIAN_POINT('Origin',(-46.8136,3.45,-5.55));
#4411=CARTESIAN_POINT('Origin',(-46.8136,3.74,-5.55));
#4412=CARTESIAN_POINT('Origin',(-50.4988,3.595,-5.55));
#4413=CARTESIAN_POINT('',(-50.8188,3.74,-5.55));
#4414=CARTESIAN_POINT('Origin',(-50.4988,3.74,-5.55));
#4415=CARTESIAN_POINT('',(-50.9938,3.45,-5.55));
#4416=CARTESIAN_POINT('',(-50.9063,3.595,-5.55));
#4417=CARTESIAN_POINT('Origin',(-50.4988,3.45,-5.55));
#4418=CARTESIAN_POINT('Origin',(-50.4988,3.74,-5.55));
#4419=CARTESIAN_POINT('Origin',(-54.184,3.595,-5.55));
#4420=CARTESIAN_POINT('',(-54.504,3.74,-5.55));
#4421=CARTESIAN_POINT('Origin',(-54.184,3.74,-5.55));
#4422=CARTESIAN_POINT('',(-54.679,3.45,-5.55));
#4423=CARTESIAN_POINT('',(-54.5915,3.595,-5.55));
#4424=CARTESIAN_POINT('Origin',(-54.184,3.45,-5.55));
#4425=CARTESIAN_POINT('Origin',(-54.184,3.74,-5.55));
#4426=CARTESIAN_POINT('Origin',(-33.44,3.4725,5.7));
#4427=CARTESIAN_POINT('',(-33.44,3.495,5.50875277779148));
#4428=CARTESIAN_POINT('',(-33.44,3.45,5.50875277779148));
#4429=CARTESIAN_POINT('',(-33.44,4.035,5.50875277779148));
#4430=CARTESIAN_POINT('',(-33.44,3.495,6.07124722220852));
#4431=CARTESIAN_POINT('',(-33.44,3.495,5.7));
#4432=CARTESIAN_POINT('',(-33.44,3.45,6.07124722220852));
#4433=CARTESIAN_POINT('',(-33.44,4.035,6.07124722220852));
#4434=CARTESIAN_POINT('',(-33.44,3.45,6.02857142857157));
#4435=CARTESIAN_POINT('',(-33.44,3.45,5.7));
#4436=CARTESIAN_POINT('',(-33.44,3.45,5.745));
#4437=CARTESIAN_POINT('Origin',(-31.72,3.495,5.7));
#4438=CARTESIAN_POINT('',(-32.3645643942682,3.495,5.54));
#4439=CARTESIAN_POINT('Origin',(-32.91,3.495,5.79));
#4440=CARTESIAN_POINT('',(-31.7754356057318,3.495,5.54));
#4441=CARTESIAN_POINT('',(-32.3175,3.495,5.54));
#4442=CARTESIAN_POINT('',(-31.7754356057318,3.495,6.04));
#4443=CARTESIAN_POINT('Origin',(-31.23,3.495,5.79));
#4444=CARTESIAN_POINT('',(-32.3645643942682,3.495,6.04));
#4445=CARTESIAN_POINT('',(-32.3175,3.495,6.04));
#4446=CARTESIAN_POINT('Origin',(-32.91,3.495,5.79));
#4447=CARTESIAN_POINT('Origin',(-44.7275,3.45,5.795));
#4448=CARTESIAN_POINT('',(-33.4554356057318,3.45,5.54));
#4449=CARTESIAN_POINT('',(-38.82125,3.45,5.54));
#4450=CARTESIAN_POINT('',(-33.4543205423579,3.45,5.53758140487048));
#4451=CARTESIAN_POINT('Origin',(-32.91,3.45,5.79));
#4452=CARTESIAN_POINT('',(-33.47,3.45,5.));
#4453=CARTESIAN_POINT('',(-33.435,3.45,6.2));
#4454=CARTESIAN_POINT('',(-33.65,3.45,4.84));
#4455=CARTESIAN_POINT('',(-33.47,3.45,5.));
#4456=CARTESIAN_POINT('',(-55.835,3.45,4.84));
#4457=CARTESIAN_POINT('',(-33.65,3.45,4.84));
#4458=CARTESIAN_POINT('',(-56.02,3.45,5.));
#4459=CARTESIAN_POINT('',(-55.835,3.45,4.84));
#4460=CARTESIAN_POINT('',(-56.02,3.45,6.615));
#4461=CARTESIAN_POINT('',(-56.02,3.45,5.));
#4462=CARTESIAN_POINT('',(-55.835,3.45,6.75));
#4463=CARTESIAN_POINT('',(-56.02,3.45,6.615));
#4464=CARTESIAN_POINT('',(-33.65,3.45,6.75));
#4465=CARTESIAN_POINT('',(-55.835,3.45,6.75));
#4466=CARTESIAN_POINT('',(-33.47,3.45,6.615));
#4467=CARTESIAN_POINT('',(-33.65,3.45,6.75));
#4468=CARTESIAN_POINT('',(-33.435,3.45,6.2));
#4469=CARTESIAN_POINT('',(-33.47,3.45,6.615));
#4470=CARTESIAN_POINT('',(-33.435,3.45,6.2));
#4471=CARTESIAN_POINT('',(-33.4554356057318,3.45,6.04));
#4472=CARTESIAN_POINT('Origin',(-32.91,3.45,5.79));
#4473=CARTESIAN_POINT('',(-33.9845643942682,3.45,6.04));
#4474=CARTESIAN_POINT('',(-38.82125,3.45,6.04));
#4475=CARTESIAN_POINT('',(-35.0754356057318,3.45,6.04));
#4476=CARTESIAN_POINT('Origin',(-34.53,3.45,5.79));
#4477=CARTESIAN_POINT('',(-35.13,3.45,6.04));
#4478=CARTESIAN_POINT('',(-38.82125,3.45,6.04));
#4479=CARTESIAN_POINT('',(-35.13,3.45,5.54));
#4480=CARTESIAN_POINT('',(-35.13,3.45,5.7925));
#4481=CARTESIAN_POINT('',(-38.82125,3.45,5.54));
#4482=CARTESIAN_POINT('Origin',(-32.91,4.035,5.79));
#4483=CARTESIAN_POINT('',(-32.3645643942682,4.62,6.04));
#4484=CARTESIAN_POINT('',(-32.3645643942682,4.035,6.04));
#4485=CARTESIAN_POINT('',(-33.4554356057318,4.62,6.04));
#4486=CARTESIAN_POINT('Origin',(-32.91,4.62,5.79));
#4487=CARTESIAN_POINT('',(-33.4554356057318,4.035,6.04));
#4488=CARTESIAN_POINT('Origin',(-32.915,4.035,6.04));
#4489=CARTESIAN_POINT('',(-31.7754356057318,4.62,6.04));
#4490=CARTESIAN_POINT('',(-31.7754356057318,4.035,6.04));
#4491=CARTESIAN_POINT('',(-32.915,4.62,6.04));
#4492=CARTESIAN_POINT('Origin',(-31.23,4.035,5.79));
#4493=CARTESIAN_POINT('',(-31.7754356057318,4.62,5.54));
#4494=CARTESIAN_POINT('',(-31.7754356057318,4.035,5.54));
#4495=CARTESIAN_POINT('Origin',(-31.23,4.62,5.79));
#4496=CARTESIAN_POINT('Origin',(-32.915,4.035,5.54));
#4497=CARTESIAN_POINT('',(-32.3645643942682,4.62,5.54));
#4498=CARTESIAN_POINT('',(-32.3645643942682,4.035,5.54));
#4499=CARTESIAN_POINT('',(-32.915,4.62,5.54));
#4500=CARTESIAN_POINT('Origin',(-32.915,3.45,5.79));
#4501=CARTESIAN_POINT('',(-33.435,3.45,6.2));
#4502=CARTESIAN_POINT('Origin',(-32.91,3.45,5.79));
#4503=CARTESIAN_POINT('Origin',(-32.91,4.035,5.79));
#4504=CARTESIAN_POINT('',(-33.4554356057318,4.62,5.54));
#4505=CARTESIAN_POINT('',(-33.4554356057318,4.035,5.54));
#4506=CARTESIAN_POINT('Origin',(-32.91,4.62,5.79));
#4507=CARTESIAN_POINT('Origin',(-32.915,4.035,6.04));
#4508=CARTESIAN_POINT('',(-33.9845643942682,4.62,6.04));
#4509=CARTESIAN_POINT('',(-32.915,4.62,6.04));
#4510=CARTESIAN_POINT('',(-33.9845643942682,4.035,6.04));
#4511=CARTESIAN_POINT('Origin',(-34.53,4.035,5.79));
#4512=CARTESIAN_POINT('',(-35.0754356057318,4.62,6.04));
#4513=CARTESIAN_POINT('Origin',(-34.53,4.62,5.79));
#4514=CARTESIAN_POINT('',(-35.0754356057318,4.035,6.04));
#4515=CARTESIAN_POINT('Origin',(-32.915,4.035,6.04));
#4516=CARTESIAN_POINT('',(-35.13,4.62,6.04));
#4517=CARTESIAN_POINT('',(-32.915,4.62,6.04));
#4518=CARTESIAN_POINT('',(-35.13,4.035,6.04));
#4519=CARTESIAN_POINT('Origin',(-32.915,4.035,5.54));
#4520=CARTESIAN_POINT('',(-35.13,4.62,5.54));
#4521=CARTESIAN_POINT('',(-35.13,4.035,5.54));
#4522=CARTESIAN_POINT('',(-32.915,4.62,5.54));
#4523=CARTESIAN_POINT('Origin',(-32.915,4.035,5.54));
#4524=CARTESIAN_POINT('',(-32.915,4.62,5.54));
#4525=CARTESIAN_POINT('Origin',(-35.13,4.035,5.79));
#4526=CARTESIAN_POINT('',(-35.13,4.62,5.79));
#4527=CARTESIAN_POINT('Origin',(-32.915,4.62,5.79));
#4528=CARTESIAN_POINT('Origin',(-33.435,3.3,6.2));
#4529=CARTESIAN_POINT('',(-33.47,3.3,5.));
#4530=CARTESIAN_POINT('',(-33.435,3.3,6.2));
#4531=CARTESIAN_POINT('',(-33.5279073357734,3.3,3.01460563062673));
#4532=CARTESIAN_POINT('',(-33.47,3.3,5.));
#4533=CARTESIAN_POINT('',(-33.435,3.3,6.2));
#4534=CARTESIAN_POINT('Origin',(-33.47,3.3,6.615));
#4535=CARTESIAN_POINT('',(-33.47,3.3,6.615));
#4536=CARTESIAN_POINT('',(-33.2248259584895,3.3,3.70793636494663));
#4537=CARTESIAN_POINT('',(-33.47,3.3,6.615));
#4538=CARTESIAN_POINT('Origin',(-33.65,3.3,6.75));
#4539=CARTESIAN_POINT('',(-33.65,3.3,6.75));
#4540=CARTESIAN_POINT('',(-34.6232,3.3,7.4799));
#4541=CARTESIAN_POINT('',(-33.65,3.3,6.75));
#4542=CARTESIAN_POINT('Origin',(-55.835,3.3,6.75));
#4543=CARTESIAN_POINT('',(-55.835,3.3,6.75));
#4544=CARTESIAN_POINT('',(-48.77,3.3,6.75));
#4545=CARTESIAN_POINT('',(-55.835,3.3,6.75));
#4546=CARTESIAN_POINT('Origin',(-56.02,3.3,6.615));
#4547=CARTESIAN_POINT('',(-56.02,3.3,6.615));
#4548=CARTESIAN_POINT('',(-52.9089930886558,3.3,8.88519423260249));
#4549=CARTESIAN_POINT('',(-56.02,3.3,6.615));
#4550=CARTESIAN_POINT('Origin',(-56.02,3.3,5.));
#4551=CARTESIAN_POINT('',(-56.02,3.3,5.));
#4552=CARTESIAN_POINT('',(-56.02,3.3,2.5325));
#4553=CARTESIAN_POINT('',(-56.02,3.3,5.));
#4554=CARTESIAN_POINT('Origin',(-55.835,3.3,4.84));
#4555=CARTESIAN_POINT('',(-55.835,3.3,4.84));
#4556=CARTESIAN_POINT('',(-50.611938988717,3.3,0.322758044295881));
#4557=CARTESIAN_POINT('',(-55.835,3.3,4.84));
#4558=CARTESIAN_POINT('Origin',(-33.65,3.3,4.84));
#4559=CARTESIAN_POINT('',(-33.65,3.3,4.84));
#4560=CARTESIAN_POINT('',(-37.6775,3.3,4.84));
#4561=CARTESIAN_POINT('',(-33.65,3.3,4.84));
#4562=CARTESIAN_POINT('Origin',(-33.47,3.3,5.));
#4563=CARTESIAN_POINT('',(-36.9953620689655,3.3,1.8663448275862));
#4564=CARTESIAN_POINT('Origin',(-41.705,3.3,0.0649999999999995));
#4565=CARTESIAN_POINT('',(-27.485,3.3,-5.5));
#4566=CARTESIAN_POINT('',(-27.5,3.3,-5.5));
#4567=CARTESIAN_POINT('',(-34.6025,3.3,-5.5));
#4568=CARTESIAN_POINT('',(-27.5,3.3,-4.735));
#4569=CARTESIAN_POINT('',(-27.5,3.3,-2.335));
#4570=CARTESIAN_POINT('',(-55.835,3.3,-4.735));
#4571=CARTESIAN_POINT('',(-48.77,3.3,-4.735));
#4572=CARTESIAN_POINT('',(-56.02,3.3,-4.875));
#4573=CARTESIAN_POINT('',(-50.2803169995355,3.3,-0.531456107756648));
#4574=CARTESIAN_POINT('',(-56.02,3.3,-6.5));
#4575=CARTESIAN_POINT('',(-56.02,3.3,-3.2175));
#4576=CARTESIAN_POINT('',(-55.835,3.3,-6.65));
#4577=CARTESIAN_POINT('',(-53.2148325253415,3.3,-8.77446011458794));
#4578=CARTESIAN_POINT('',(-27.575,3.3,-6.65));
#4579=CARTESIAN_POINT('',(-34.64,3.3,-6.65));
#4580=CARTESIAN_POINT('',(-27.4,3.3,-6.5));
#4581=CARTESIAN_POINT('',(-29.9012647058824,3.3,-8.64394117647059));
#4582=CARTESIAN_POINT('',(-27.4,3.3,-5.5));
#4583=CARTESIAN_POINT('',(-27.4,3.3,-2.7175));
#4584=CARTESIAN_POINT('',(-27.35,3.3,-5.5));
#4585=CARTESIAN_POINT('',(-27.35,3.3,-5.5));
#4586=CARTESIAN_POINT('',(-27.35,3.3,-6.5));
#4587=CARTESIAN_POINT('',(-27.35,3.3,-6.5));
#4588=CARTESIAN_POINT('',(-27.4,3.3,-6.615));
#4589=CARTESIAN_POINT('',(-27.4,3.3,-6.615));
#4590=CARTESIAN_POINT('',(-27.56,3.3,-6.69));
#4591=CARTESIAN_POINT('',(-27.56,3.3,-6.69));
#4592=CARTESIAN_POINT('',(-56.06,3.3,-6.69));
#4593=CARTESIAN_POINT('',(-56.06,3.3,-6.69));
#4594=CARTESIAN_POINT('',(-56.06,3.3,6.82));
#4595=CARTESIAN_POINT('',(-56.06,3.3,6.82));
#4596=CARTESIAN_POINT('',(-33.635,3.3,6.82));
#4597=CARTESIAN_POINT('',(-33.635,3.3,6.82));
#4598=CARTESIAN_POINT('',(-33.435,3.3,6.63));
#4599=CARTESIAN_POINT('',(-33.435,3.3,6.63));
#4600=CARTESIAN_POINT('',(-33.435,3.3,4.975));
#4601=CARTESIAN_POINT('',(-33.435,3.3,4.975));
#4602=CARTESIAN_POINT('',(-33.435,3.3,4.975));
#4603=CARTESIAN_POINT('',(-33.635,3.3,4.8));
#4604=CARTESIAN_POINT('',(-33.635,3.3,4.8));
#4605=CARTESIAN_POINT('',(-52.915,3.3,4.8));
#4606=CARTESIAN_POINT('',(-52.915,3.3,4.8));
#4607=CARTESIAN_POINT('',(-52.915,3.3,-0.28));
#4608=CARTESIAN_POINT('',(-52.915,3.3,-0.28));
#4609=CARTESIAN_POINT('',(-54.075,3.3,-0.28));
#4610=CARTESIAN_POINT('',(-54.075,3.3,-0.28));
#4611=CARTESIAN_POINT('',(-54.33,3.3,-0.5));
#4612=CARTESIAN_POINT('',(-54.33,3.3,-0.5));
#4613=CARTESIAN_POINT('',(-54.425,3.3,-0.8));
#4614=CARTESIAN_POINT('',(-54.425,3.3,-0.8));
#4615=CARTESIAN_POINT('',(-54.33,3.3,-1.1));
#4616=CARTESIAN_POINT('',(-54.33,3.3,-1.1));
#4617=CARTESIAN_POINT('',(-54.075,3.3,-1.29));
#4618=CARTESIAN_POINT('',(-54.075,3.3,-1.29));
#4619=CARTESIAN_POINT('',(-52.915,3.3,-1.29));
#4620=CARTESIAN_POINT('',(-52.915,3.3,-1.29));
#4621=CARTESIAN_POINT('',(-52.915,3.3,-4.68));
#4622=CARTESIAN_POINT('',(-52.915,3.3,-4.68));
#4623=CARTESIAN_POINT('',(-27.485,3.3,-4.68));
#4624=CARTESIAN_POINT('',(-27.485,3.3,-4.68));
#4625=CARTESIAN_POINT('',(-27.485,3.3,-5.5));
#4626=CARTESIAN_POINT('Origin',(-27.4,3.3,-5.5));
#4627=CARTESIAN_POINT('',(-27.4,3.45,-6.5));
#4628=CARTESIAN_POINT('',(-27.4,3.3,-6.5));
#4629=CARTESIAN_POINT('',(-27.4,3.45,-5.5));
#4630=CARTESIAN_POINT('',(-27.4,3.45,-5.5));
#4631=CARTESIAN_POINT('',(-27.4,3.3,-5.5));
#4632=CARTESIAN_POINT('Origin',(-27.5,3.3,-4.735));
#4633=CARTESIAN_POINT('',(-27.5,3.45,-5.5));
#4634=CARTESIAN_POINT('',(-27.5,3.3,-5.5));
#4635=CARTESIAN_POINT('',(-27.5,3.45,-4.735));
#4636=CARTESIAN_POINT('',(-27.5,3.45,-4.735));
#4637=CARTESIAN_POINT('',(-27.5,3.3,-4.735));
#4638=CARTESIAN_POINT('Origin',(-55.835,3.3,-4.735));
#4639=CARTESIAN_POINT('',(-55.835,3.45,-4.735));
#4640=CARTESIAN_POINT('',(-55.835,3.45,-4.735));
#4641=CARTESIAN_POINT('',(-55.835,3.3,-4.735));
#4642=CARTESIAN_POINT('Origin',(-56.02,3.3,-4.875));
#4643=CARTESIAN_POINT('',(-56.02,3.45,-4.875));
#4644=CARTESIAN_POINT('',(-56.02,3.45,-4.875));
#4645=CARTESIAN_POINT('',(-56.02,3.3,-4.875));
#4646=CARTESIAN_POINT('Origin',(-56.02,3.3,-6.5));
#4647=CARTESIAN_POINT('',(-56.02,3.45,-6.5));
#4648=CARTESIAN_POINT('',(-56.02,3.45,-6.5));
#4649=CARTESIAN_POINT('',(-56.02,3.3,-6.5));
#4650=CARTESIAN_POINT('Origin',(-55.835,3.3,-6.65));
#4651=CARTESIAN_POINT('',(-55.835,3.45,-6.65));
#4652=CARTESIAN_POINT('',(-55.835,3.45,-6.65));
#4653=CARTESIAN_POINT('',(-55.835,3.3,-6.65));
#4654=CARTESIAN_POINT('Origin',(-27.575,3.3,-6.65));
#4655=CARTESIAN_POINT('',(-27.575,3.45,-6.65));
#4656=CARTESIAN_POINT('',(-27.575,3.45,-6.65));
#4657=CARTESIAN_POINT('',(-27.575,3.3,-6.65));
#4658=CARTESIAN_POINT('Origin',(-27.4,3.3,-6.5));
#4659=CARTESIAN_POINT('',(-27.4,3.45,-6.5));
#4660=CARTESIAN_POINT('Origin',(-41.71,3.45,-5.6925));
#4661=CARTESIAN_POINT('',(-27.5,3.45,-5.5));
#4662=CARTESIAN_POINT('Origin',(-41.705,3.,0.0649999999999995));
#4663=CARTESIAN_POINT('',(-27.38125,3.,-6.571875));
#4664=CARTESIAN_POINT('',(-27.5297297297297,3.,-6.67581081081081));
#4665=CARTESIAN_POINT('',(-27.35,3.,-6.55));
#4666=CARTESIAN_POINT('',(-27.4,3.,-6.615));
#4667=CARTESIAN_POINT('',(-27.56,3.,-6.69));
#4668=CARTESIAN_POINT('',(-27.4,3.,-6.615));
#4669=CARTESIAN_POINT('Origin',(-41.705,3.,0.0649999999999995));
#4670=CARTESIAN_POINT('',(-54.285,3.,-0.45));
#4671=CARTESIAN_POINT('',(-54.2918263473054,3.,-0.467065868263479));
#4672=CARTESIAN_POINT('',(-54.425,3.,-0.8));
#4673=CARTESIAN_POINT('',(-54.2548102766798,3.,-0.435130434782604));
#4674=CARTESIAN_POINT('',(-54.33,3.,-0.5));
#4675=CARTESIAN_POINT('',(-54.285,3.,-0.45));
#4676=CARTESIAN_POINT('Origin',(-41.705,3.,0.0649999999999995));
#4677=CARTESIAN_POINT('',(-54.285,3.,-1.15));
#4678=CARTESIAN_POINT('',(-54.2296062992126,3.,-1.1748031496063));
#4679=CARTESIAN_POINT('',(-53.95,3.,-1.3));
#4680=CARTESIAN_POINT('',(-54.2943854748603,3.,-1.12653631284916));
#4681=CARTESIAN_POINT('',(-54.075,3.,-1.29));
#4682=CARTESIAN_POINT('',(-54.285,3.,-1.15));
#4683=CARTESIAN_POINT('Origin',(-41.705,3.,0.0649999999999995));
#4684=CARTESIAN_POINT('',(-53.95,3.,-1.3));
#4685=CARTESIAN_POINT('',(-52.915,3.,-1.3));
#4686=CARTESIAN_POINT('',(-35.08,3.,-1.3));
#4687=CARTESIAN_POINT('',(-52.915,3.,-1.29));
#4688=CARTESIAN_POINT('',(-52.915,3.,-4.68));
#4689=CARTESIAN_POINT('',(-53.9723333333333,3.,-1.29));
#4690=CARTESIAN_POINT('',(-52.915,3.,-1.29));
#4691=CARTESIAN_POINT('',(-53.95,3.,-1.3));
#4692=CARTESIAN_POINT('Origin',(-41.705,3.,0.0649999999999995));
#4693=CARTESIAN_POINT('',(-27.485,3.,-5.5));
#4694=CARTESIAN_POINT('',(-27.35,3.,-5.5041116751269));
#4695=CARTESIAN_POINT('',(-27.485,3.,-5.5));
#4696=CARTESIAN_POINT('',(-27.35,3.,-5.5));
#4697=CARTESIAN_POINT('',(-27.35,3.,-6.5));
#4698=CARTESIAN_POINT('',(-27.35,3.,-5.5));
#4699=CARTESIAN_POINT('Origin',(-27.4,3.,-6.615));
#4700=CARTESIAN_POINT('',(-27.56,3.,-6.69));
#4701=CARTESIAN_POINT('',(-31.8062129703764,3.,-8.68041232986388));
#4702=CARTESIAN_POINT('',(-27.56,3.,-6.69));
#4703=CARTESIAN_POINT('',(-27.4,3.,-6.615));
#4704=CARTESIAN_POINT('Origin',(-27.35,3.,-6.5));
#4705=CARTESIAN_POINT('',(-27.35,3.,-6.5));
#4706=CARTESIAN_POINT('',(-27.35,3.,-6.5));
#4707=CARTESIAN_POINT('',(-27.2570349761526,3.,-6.28618044515088));
#4708=CARTESIAN_POINT('Origin',(-27.485,3.,-5.5));
#4709=CARTESIAN_POINT('',(-27.35,3.,-5.5));
#4710=CARTESIAN_POINT('',(-27.485,3.,-5.5));
#4711=CARTESIAN_POINT('Origin',(-52.915,3.,-4.68));
#4712=CARTESIAN_POINT('',(-27.485,3.,-4.68));
#4713=CARTESIAN_POINT('',(-52.915,3.,-4.68));
#4714=CARTESIAN_POINT('',(-47.0975,3.,-4.68));
#4715=CARTESIAN_POINT('',(-27.485,3.,-4.68));
#4716=CARTESIAN_POINT('',(-52.915,3.,-4.68));
#4717=CARTESIAN_POINT('Origin',(-52.915,3.,-1.29));
#4718=CARTESIAN_POINT('',(-52.915,3.,-0.6125));
#4719=CARTESIAN_POINT('',(-52.915,3.,-1.29));
#4720=CARTESIAN_POINT('Origin',(-54.075,3.,-1.29));
#4721=CARTESIAN_POINT('',(-54.075,3.,-1.29));
#4722=CARTESIAN_POINT('',(-54.075,3.,-1.29));
#4723=CARTESIAN_POINT('',(-47.6775,3.,-1.29));
#4724=CARTESIAN_POINT('Origin',(-54.33,3.,-1.1));
#4725=CARTESIAN_POINT('',(-50.4134017305316,3.,-4.01824969097652));
#4726=CARTESIAN_POINT('',(-54.33,3.,-1.1));
#4727=CARTESIAN_POINT('',(-54.33,3.,-1.1));
#4728=CARTESIAN_POINT('',(-50.4134017305316,3.,-4.01824969097652));
#4729=CARTESIAN_POINT('Origin',(-54.425,3.,-0.8));
#4730=CARTESIAN_POINT('',(-54.425,3.,-0.8));
#4731=CARTESIAN_POINT('',(-53.9504676849281,3.,-2.2985231002272));
#4732=CARTESIAN_POINT('',(-54.425,3.,-0.8));
#4733=CARTESIAN_POINT('Origin',(-54.33,3.,-0.5));
#4734=CARTESIAN_POINT('',(-54.33,3.,-0.5));
#4735=CARTESIAN_POINT('',(-53.6540154001515,3.,1.63468821004795));
#4736=CARTESIAN_POINT('',(-54.33,3.,-0.5));
#4737=CARTESIAN_POINT('Origin',(-54.075,3.,-0.28));
#4738=CARTESIAN_POINT('',(-50.3220823231211,3.,2.95781132907208));
#4739=CARTESIAN_POINT('',(-54.075,3.,-0.28));
#4740=CARTESIAN_POINT('',(-54.075,3.,-0.28));
#4741=CARTESIAN_POINT('',(-50.3220823231211,3.,2.95781132907208));
#4742=CARTESIAN_POINT('Origin',(-52.915,3.,-0.28));
#4743=CARTESIAN_POINT('',(-52.915,3.,-0.28));
#4744=CARTESIAN_POINT('',(-47.0975,3.,-0.28));
#4745=CARTESIAN_POINT('',(-52.915,3.,-0.28));
#4746=CARTESIAN_POINT('Origin',(-52.915,3.,4.8));
#4747=CARTESIAN_POINT('',(-52.915,3.,4.8));
#4748=CARTESIAN_POINT('',(-52.915,3.,2.4325));
#4749=CARTESIAN_POINT('',(-52.915,3.,4.8));
#4750=CARTESIAN_POINT('Origin',(-33.635,3.,4.8));
#4751=CARTESIAN_POINT('',(-33.635,3.,4.8));
#4752=CARTESIAN_POINT('',(-37.4575,3.,4.8));
#4753=CARTESIAN_POINT('',(-33.635,3.,4.8));
#4754=CARTESIAN_POINT('Origin',(-33.435,3.,4.975));
#4755=CARTESIAN_POINT('',(-33.435,3.,4.975));
#4756=CARTESIAN_POINT('',(-36.8732300884956,3.,1.96654867256639));
#4757=CARTESIAN_POINT('',(-33.435,3.,4.975));
#4758=CARTESIAN_POINT('Origin',(-33.635,3.,6.82));
#4759=CARTESIAN_POINT('',(-33.435,3.,6.63));
#4760=CARTESIAN_POINT('',(-33.635,3.,6.82));
#4761=CARTESIAN_POINT('',(-33.957667542707,3.,7.12653416557164));
#4762=CARTESIAN_POINT('',(-33.435,3.,6.63));
#4763=CARTESIAN_POINT('',(-33.635,3.,6.82));
#4764=CARTESIAN_POINT('Origin',(-41.28,3.,0.0650000000000004));
#4765=CARTESIAN_POINT('',(-54.285,3.,-1.15));
#4766=CARTESIAN_POINT('Origin',(-41.28,3.,0.0650000000000004));
#4767=CARTESIAN_POINT('',(-54.425,3.,-0.8));
#4768=CARTESIAN_POINT('Origin',(-41.28,3.,0.0650000000000004));
#4769=CARTESIAN_POINT('',(-53.95,3.,-1.3));
#4770=CARTESIAN_POINT('Origin',(-41.28,3.,0.0650000000000004));
#4771=CARTESIAN_POINT('',(-33.55,3.,6.82));
#4772=CARTESIAN_POINT('',(-56.06,3.,6.82));
#4773=CARTESIAN_POINT('',(-33.435,3.,6.71));
#4774=CARTESIAN_POINT('',(-33.55,3.,6.82));
#4775=CARTESIAN_POINT('',(-33.435,3.,6.71));
#4776=CARTESIAN_POINT('Origin',(-41.28,3.,0.0650000000000004));
#4777=CARTESIAN_POINT('',(-35.08,3.,-1.3));
#4778=CARTESIAN_POINT('',(-35.08,3.,-1.3));
#4779=CARTESIAN_POINT('',(-34.74,3.,-1.15));
#4780=CARTESIAN_POINT('',(-34.74,3.,-1.15));
#4781=CARTESIAN_POINT('',(-34.6,3.,-0.8));
#4782=CARTESIAN_POINT('',(-34.6,3.,-0.8));
#4783=CARTESIAN_POINT('',(-34.74,3.,-0.45));
#4784=CARTESIAN_POINT('',(-34.74,3.,-0.45));
#4785=CARTESIAN_POINT('',(-35.08,3.,-0.285));
#4786=CARTESIAN_POINT('',(-35.08,3.,-0.285));
#4787=CARTESIAN_POINT('',(-53.95,3.,-0.285));
#4788=CARTESIAN_POINT('',(-53.95,3.,-0.285));
#4789=CARTESIAN_POINT('',(-54.285,3.,-0.45));
#4790=CARTESIAN_POINT('',(-33.435,3.,4.365));
#4791=CARTESIAN_POINT('',(-33.435,3.,6.71));
#4792=CARTESIAN_POINT('',(-26.5,3.,4.365));
#4793=CARTESIAN_POINT('',(-33.435,3.,4.365));
#4794=CARTESIAN_POINT('',(-26.5,3.,2.));
#4795=CARTESIAN_POINT('',(-26.5,3.,4.365));
#4796=CARTESIAN_POINT('',(-27.485,3.,2.));
#4797=CARTESIAN_POINT('',(-26.5,3.,2.));
#4798=CARTESIAN_POINT('',(-27.485,3.,-0.5));
#4799=CARTESIAN_POINT('',(-27.485,3.,2.));
#4800=CARTESIAN_POINT('',(-26.5,3.,-0.5));
#4801=CARTESIAN_POINT('',(-27.485,3.,-0.5));
#4802=CARTESIAN_POINT('',(-26.5,3.,-3.));
#4803=CARTESIAN_POINT('',(-26.5,3.,-0.5));
#4804=CARTESIAN_POINT('',(-27.485,3.,-3.));
#4805=CARTESIAN_POINT('',(-26.5,3.,-3.));
#4806=CARTESIAN_POINT('',(-27.485,3.,-3.));
#4807=CARTESIAN_POINT('',(-39.29,3.,2.));
#4808=CARTESIAN_POINT('',(-41.4,3.,2.));
#4809=CARTESIAN_POINT('',(-41.4,3.,2.));
#4810=CARTESIAN_POINT('',(-41.4,3.,0.68));
#4811=CARTESIAN_POINT('',(-41.4,3.,0.68));
#4812=CARTESIAN_POINT('',(-39.29,3.,0.68));
#4813=CARTESIAN_POINT('',(-39.29,3.,0.68));
#4814=CARTESIAN_POINT('',(-39.29,3.,2.));
#4815=CARTESIAN_POINT('',(-32.58,3.,2.));
#4816=CARTESIAN_POINT('',(-36.59,3.,2.));
#4817=CARTESIAN_POINT('',(-36.59,3.,2.));
#4818=CARTESIAN_POINT('',(-36.59,3.,0.68));
#4819=CARTESIAN_POINT('',(-36.59,3.,0.68));
#4820=CARTESIAN_POINT('',(-32.58,3.,0.68));
#4821=CARTESIAN_POINT('',(-32.58,3.,0.68));
#4822=CARTESIAN_POINT('',(-32.58,3.,2.));
#4823=CARTESIAN_POINT('Origin',(-41.28,3.,0.0650000000000004));
#4824=CARTESIAN_POINT('',(-27.55,3.,-6.69));
#4825=CARTESIAN_POINT('',(-27.35,3.,-6.55));
#4826=CARTESIAN_POINT('',(-27.55,3.,-6.69));
#4827=CARTESIAN_POINT('Origin',(-41.28,3.,0.0650000000000004));
#4828=CARTESIAN_POINT('',(-27.35,3.,-6.55));
#4829=CARTESIAN_POINT('',(-27.35,3.,-6.25));
#4830=CARTESIAN_POINT('',(-27.35,3.,-6.55));
#4831=CARTESIAN_POINT('Origin',(-41.28,3.,0.0650000000000004));
#4832=CARTESIAN_POINT('',(-27.35,3.,-6.25));
#4833=CARTESIAN_POINT('',(-27.35,3.,-2.7175));
#4834=CARTESIAN_POINT('',(-26.5,3.,-5.53));
#4835=CARTESIAN_POINT('',(-27.485,3.,-5.5));
#4836=CARTESIAN_POINT('',(-27.25,3.,-6.135));
#4837=CARTESIAN_POINT('',(-26.5,3.,-5.53));
#4838=CARTESIAN_POINT('',(-27.25,3.,-6.135));
#4839=CARTESIAN_POINT('Origin',(-41.28,2.84,0.0650000000000004));
#4840=CARTESIAN_POINT('',(-38.4,2.84,-3.5));
#4841=CARTESIAN_POINT('',(-38.4,2.84,-6.69));
#4842=CARTESIAN_POINT('',(-38.4,2.84,-3.5));
#4843=CARTESIAN_POINT('',(-33.8,2.84,-6.69));
#4844=CARTESIAN_POINT('',(-27.55,2.84,-6.69));
#4845=CARTESIAN_POINT('',(-33.8,2.84,-3.5));
#4846=CARTESIAN_POINT('',(-33.8,2.84,-6.69));
#4847=CARTESIAN_POINT('',(-33.8,2.84,-3.5));
#4848=CARTESIAN_POINT('Origin',(-41.28,2.84,0.0650000000000004));
#4849=CARTESIAN_POINT('',(-27.25,2.84,-6.135));
#4850=CARTESIAN_POINT('',(-27.36,2.84,-6.25));
#4851=CARTESIAN_POINT('',(-27.25,2.84,-6.135));
#4852=CARTESIAN_POINT('',(-27.36,2.84,-6.55));
#4853=CARTESIAN_POINT('',(-27.36,2.84,-6.25));
#4854=CARTESIAN_POINT('',(-27.55,2.84,-6.69));
#4855=CARTESIAN_POINT('',(-27.36,2.84,-6.55));
#4856=CARTESIAN_POINT('',(-27.35,2.84,-6.55));
#4857=CARTESIAN_POINT('',(-27.35,2.84,-6.55));
#4858=CARTESIAN_POINT('',(-27.35,2.84,-6.25));
#4859=CARTESIAN_POINT('',(-27.35,2.84,-6.25));
#4860=CARTESIAN_POINT('',(-27.25,2.84,-6.135));
#4861=CARTESIAN_POINT('Origin',(-27.35,2.84,-6.55));
#4862=CARTESIAN_POINT('',(-27.55,2.84,-6.69));
#4863=CARTESIAN_POINT('',(-27.35,2.84,-6.55));
#4864=CARTESIAN_POINT('Origin',(-27.35,2.84,-6.25));
#4865=CARTESIAN_POINT('',(-27.35,2.84,-6.25));
#4866=CARTESIAN_POINT('Origin',(-27.25,2.84,-6.135));
#4867=CARTESIAN_POINT('',(-27.25,2.84,-6.135));
#4868=CARTESIAN_POINT('Origin',(-39.29,2.585,0.68));
#4869=CARTESIAN_POINT('',(-39.29,2.585,2.));
#4870=CARTESIAN_POINT('',(-39.29,2.585,0.68));
#4871=CARTESIAN_POINT('',(-39.29,2.585,2.));
#4872=CARTESIAN_POINT('',(-39.29,2.585,2.));
#4873=CARTESIAN_POINT('',(-39.29,2.585,0.68));
#4874=CARTESIAN_POINT('Origin',(-41.4,2.585,0.68));
#4875=CARTESIAN_POINT('',(-41.4,2.585,0.68));
#4876=CARTESIAN_POINT('',(-39.29,2.585,0.68));
#4877=CARTESIAN_POINT('',(-41.4,2.585,0.68));
#4878=CARTESIAN_POINT('Origin',(-41.4,2.585,2.));
#4879=CARTESIAN_POINT('',(-41.4,2.585,2.));
#4880=CARTESIAN_POINT('',(-41.4,2.585,0.68));
#4881=CARTESIAN_POINT('',(-41.4,2.585,2.));
#4882=CARTESIAN_POINT('Origin',(-39.29,2.585,2.));
#4883=CARTESIAN_POINT('',(-41.4,2.585,2.));
#4884=CARTESIAN_POINT('Origin',(-32.58,2.585,0.68));
#4885=CARTESIAN_POINT('',(-32.58,2.585,2.));
#4886=CARTESIAN_POINT('',(-32.58,2.585,0.68));
#4887=CARTESIAN_POINT('',(-32.58,2.585,2.));
#4888=CARTESIAN_POINT('',(-32.58,2.585,2.));
#4889=CARTESIAN_POINT('',(-32.58,2.585,0.68));
#4890=CARTESIAN_POINT('Origin',(-36.59,2.585,0.68));
#4891=CARTESIAN_POINT('',(-36.59,2.585,0.68));
#4892=CARTESIAN_POINT('',(-32.58,2.585,0.68));
#4893=CARTESIAN_POINT('',(-36.59,2.585,0.68));
#4894=CARTESIAN_POINT('Origin',(-36.59,2.585,2.));
#4895=CARTESIAN_POINT('',(-36.59,2.585,2.));
#4896=CARTESIAN_POINT('',(-36.59,2.585,0.68));
#4897=CARTESIAN_POINT('',(-36.59,2.585,2.));
#4898=CARTESIAN_POINT('Origin',(-32.58,2.585,2.));
#4899=CARTESIAN_POINT('',(-36.59,2.585,2.));
#4900=CARTESIAN_POINT('Origin',(-53.95,2.585,-0.285));
#4901=CARTESIAN_POINT('',(-54.285,2.585,-0.45));
#4902=CARTESIAN_POINT('',(-53.95,2.585,-0.285));
#4903=CARTESIAN_POINT('',(-54.285,2.585,-0.45));
#4904=CARTESIAN_POINT('',(-54.285,2.585,-0.45));
#4905=CARTESIAN_POINT('',(-53.95,2.585,-0.285));
#4906=CARTESIAN_POINT('Origin',(-35.08,2.585,-0.285));
#4907=CARTESIAN_POINT('',(-35.08,2.585,-0.285));
#4908=CARTESIAN_POINT('',(-53.95,2.585,-0.285));
#4909=CARTESIAN_POINT('',(-35.08,2.585,-0.285));
#4910=CARTESIAN_POINT('Origin',(-34.74,2.585,-0.45));
#4911=CARTESIAN_POINT('',(-34.74,2.585,-0.45));
#4912=CARTESIAN_POINT('',(-35.08,2.585,-0.285));
#4913=CARTESIAN_POINT('',(-34.74,2.585,-0.45));
#4914=CARTESIAN_POINT('Origin',(-34.6,2.585,-0.8));
#4915=CARTESIAN_POINT('',(-34.6,2.585,-0.8));
#4916=CARTESIAN_POINT('',(-34.74,2.585,-0.45));
#4917=CARTESIAN_POINT('',(-34.6,2.585,-0.8));
#4918=CARTESIAN_POINT('Origin',(-34.74,2.585,-1.15));
#4919=CARTESIAN_POINT('',(-34.74,2.585,-1.15));
#4920=CARTESIAN_POINT('',(-34.6,2.585,-0.8));
#4921=CARTESIAN_POINT('',(-34.74,2.585,-1.15));
#4922=CARTESIAN_POINT('Origin',(-35.08,2.585,-1.3));
#4923=CARTESIAN_POINT('',(-35.08,2.585,-1.3));
#4924=CARTESIAN_POINT('',(-34.74,2.585,-1.15));
#4925=CARTESIAN_POINT('',(-35.08,2.585,-1.3));
#4926=CARTESIAN_POINT('Origin',(-53.95,2.585,-1.3));
#4927=CARTESIAN_POINT('',(-53.95,2.585,-1.3));
#4928=CARTESIAN_POINT('',(-35.08,2.585,-1.3));
#4929=CARTESIAN_POINT('',(-53.95,2.585,-1.3));
#4930=CARTESIAN_POINT('Origin',(-54.285,2.585,-1.15));
#4931=CARTESIAN_POINT('',(-54.285,2.585,-1.15));
#4932=CARTESIAN_POINT('',(-53.95,2.585,-1.3));
#4933=CARTESIAN_POINT('',(-54.285,2.585,-1.15));
#4934=CARTESIAN_POINT('Origin',(-54.425,2.585,-0.8));
#4935=CARTESIAN_POINT('',(-54.425,2.585,-0.8));
#4936=CARTESIAN_POINT('',(-54.285,2.585,-1.15));
#4937=CARTESIAN_POINT('',(-54.425,2.585,-0.8));
#4938=CARTESIAN_POINT('Origin',(-54.285,2.585,-0.45));
#4939=CARTESIAN_POINT('',(-54.425,2.585,-0.8));
#4940=CARTESIAN_POINT('Origin',(-27.36,2.585,-6.55));
#4941=CARTESIAN_POINT('',(-27.36,2.585,-6.55));
#4942=CARTESIAN_POINT('',(-27.55,2.585,-6.69));
#4943=CARTESIAN_POINT('',(-27.36,2.585,-6.55));
#4944=CARTESIAN_POINT('',(-27.55,2.585,-6.69));
#4945=CARTESIAN_POINT('',(-27.36,2.585,-6.55));
#4946=CARTESIAN_POINT('Origin',(-27.36,2.585,-6.25));
#4947=CARTESIAN_POINT('',(-27.36,2.585,-6.25));
#4948=CARTESIAN_POINT('',(-27.36,2.585,-6.25));
#4949=CARTESIAN_POINT('',(-27.36,2.585,-6.25));
#4950=CARTESIAN_POINT('Origin',(-27.25,2.585,-6.135));
#4951=CARTESIAN_POINT('',(-27.25,2.585,-6.135));
#4952=CARTESIAN_POINT('',(-27.25,2.585,-6.135));
#4953=CARTESIAN_POINT('',(-27.25,2.585,-6.135));
#4954=CARTESIAN_POINT('Origin',(-26.5,2.585,-5.53));
#4955=CARTESIAN_POINT('',(-26.5,2.585,-5.53));
#4956=CARTESIAN_POINT('',(-26.5,2.585,-5.53));
#4957=CARTESIAN_POINT('',(-26.5,2.585,-5.53));
#4958=CARTESIAN_POINT('Origin',(-27.485,2.585,-5.5));
#4959=CARTESIAN_POINT('',(-27.485,2.585,-5.5));
#4960=CARTESIAN_POINT('',(-27.485,2.585,-5.5));
#4961=CARTESIAN_POINT('',(-27.485,2.585,-5.5));
#4962=CARTESIAN_POINT('Origin',(-27.485,2.585,-3.));
#4963=CARTESIAN_POINT('',(-27.485,2.585,-3.));
#4964=CARTESIAN_POINT('',(-27.485,2.585,-3.));
#4965=CARTESIAN_POINT('',(-27.485,2.585,-3.));
#4966=CARTESIAN_POINT('Origin',(-26.5,2.585,-3.));
#4967=CARTESIAN_POINT('',(-26.5,2.585,-3.));
#4968=CARTESIAN_POINT('',(-26.5,2.585,-3.));
#4969=CARTESIAN_POINT('',(-26.5,2.585,-3.));
#4970=CARTESIAN_POINT('Origin',(-26.5,2.585,-0.5));
#4971=CARTESIAN_POINT('',(-26.5,2.585,-0.5));
#4972=CARTESIAN_POINT('',(-26.5,2.585,-0.5));
#4973=CARTESIAN_POINT('',(-26.5,2.585,-0.5));
#4974=CARTESIAN_POINT('Origin',(-27.485,2.585,-0.5));
#4975=CARTESIAN_POINT('',(-27.485,2.585,-0.5));
#4976=CARTESIAN_POINT('',(-27.485,2.585,-0.5));
#4977=CARTESIAN_POINT('',(-27.485,2.585,-0.5));
#4978=CARTESIAN_POINT('Origin',(-27.485,2.585,2.));
#4979=CARTESIAN_POINT('',(-27.485,2.585,2.));
#4980=CARTESIAN_POINT('',(-27.485,2.585,2.));
#4981=CARTESIAN_POINT('',(-27.485,2.585,2.));
#4982=CARTESIAN_POINT('Origin',(-26.5,2.585,2.));
#4983=CARTESIAN_POINT('',(-26.5,2.585,2.));
#4984=CARTESIAN_POINT('',(-26.5,2.585,2.));
#4985=CARTESIAN_POINT('',(-26.5,2.585,2.));
#4986=CARTESIAN_POINT('Origin',(-26.5,2.585,4.365));
#4987=CARTESIAN_POINT('',(-26.5,2.585,4.365));
#4988=CARTESIAN_POINT('',(-26.5,2.585,4.365));
#4989=CARTESIAN_POINT('',(-26.5,2.585,4.365));
#4990=CARTESIAN_POINT('Origin',(-33.435,2.585,4.365));
#4991=CARTESIAN_POINT('',(-33.435,2.585,4.365));
#4992=CARTESIAN_POINT('',(-33.435,2.585,4.365));
#4993=CARTESIAN_POINT('',(-33.435,2.585,4.365));
#4994=CARTESIAN_POINT('Origin',(-33.435,2.585,6.71));
#4995=CARTESIAN_POINT('',(-33.435,2.585,6.71));
#4996=CARTESIAN_POINT('',(-33.435,2.585,6.71));
#4997=CARTESIAN_POINT('',(-33.435,2.585,6.71));
#4998=CARTESIAN_POINT('Origin',(-33.55,2.585,6.82));
#4999=CARTESIAN_POINT('',(-33.55,2.585,6.82));
#5000=CARTESIAN_POINT('',(-33.55,2.585,6.82));
#5001=CARTESIAN_POINT('',(-33.55,2.585,6.82));
#5002=CARTESIAN_POINT('Origin',(-56.06,2.585,6.82));
#5003=CARTESIAN_POINT('',(-56.06,2.585,6.82));
#5004=CARTESIAN_POINT('',(-56.06,2.585,6.82));
#5005=CARTESIAN_POINT('',(-56.06,2.585,6.82));
#5006=CARTESIAN_POINT('Origin',(-56.06,2.585,-6.69));
#5007=CARTESIAN_POINT('',(-56.06,2.585,-6.69));
#5008=CARTESIAN_POINT('',(-56.06,2.585,-6.69));
#5009=CARTESIAN_POINT('',(-56.06,2.585,-6.69));
#5010=CARTESIAN_POINT('Origin',(-38.4,2.585,-6.69));
#5011=CARTESIAN_POINT('',(-38.4,2.585,-6.69));
#5012=CARTESIAN_POINT('',(-38.4,2.585,-6.69));
#5013=CARTESIAN_POINT('',(-33.8,2.585,-6.69));
#5014=CARTESIAN_POINT('',(-27.55,2.585,-6.69));
#5015=CARTESIAN_POINT('',(-33.8,2.585,-6.69));
#5016=CARTESIAN_POINT('',(-38.4,2.585,-6.69));
#5017=CARTESIAN_POINT('Origin',(-38.4,2.585,-3.5));
#5018=CARTESIAN_POINT('',(-38.4,2.585,-3.5));
#5019=CARTESIAN_POINT('',(-38.4,2.585,-3.5));
#5020=CARTESIAN_POINT('',(-38.4,2.585,-3.5));
#5021=CARTESIAN_POINT('Origin',(-33.8,2.585,-3.5));
#5022=CARTESIAN_POINT('',(-33.8,2.585,-3.5));
#5023=CARTESIAN_POINT('',(-33.8,2.585,-3.5));
#5024=CARTESIAN_POINT('',(-33.8,2.585,-3.5));
#5025=CARTESIAN_POINT('Origin',(-33.8,2.585,-6.69));
#5026=CARTESIAN_POINT('',(-33.8,2.585,-6.69));
#5027=CARTESIAN_POINT('Origin',(-41.28,2.585,0.0650000000000004));
#5028=UNCERTAINTY_MEASURE_WITH_UNIT(LENGTH_MEASURE(0.001),#5032,
'DISTANCE_ACCURACY_VALUE',
'Maximum model space distance between geometric entities at asserted c
onnectivities');
#5029=UNCERTAINTY_MEASURE_WITH_UNIT(LENGTH_MEASURE(0.001),#5032,
'DISTANCE_ACCURACY_VALUE',
'Maximum model space distance between geometric entities at asserted c
onnectivities');
#5030=(
GEOMETRIC_REPRESENTATION_CONTEXT(3)
GLOBAL_UNCERTAINTY_ASSIGNED_CONTEXT((#5028))
GLOBAL_UNIT_ASSIGNED_CONTEXT((#5032,#5034,#5035))
REPRESENTATION_CONTEXT('','3D')
);
#5031=(
GEOMETRIC_REPRESENTATION_CONTEXT(3)
GLOBAL_UNCERTAINTY_ASSIGNED_CONTEXT((#5029))
GLOBAL_UNIT_ASSIGNED_CONTEXT((#5032,#5034,#5035))
REPRESENTATION_CONTEXT('','3D')
);
#5032=(
LENGTH_UNIT()
NAMED_UNIT(*)
SI_UNIT(.CENTI.,.METRE.)
);
#5033=(
LENGTH_UNIT()
NAMED_UNIT(*)
SI_UNIT($,.METRE.)
);
#5034=(
NAMED_UNIT(*)
PLANE_ANGLE_UNIT()
SI_UNIT($,.RADIAN.)
);
#5035=(
NAMED_UNIT(*)
SI_UNIT($,.STERADIAN.)
SOLID_ANGLE_UNIT()
);
#5036=SHAPE_DEFINITION_REPRESENTATION(#5037,#5038);
#5037=PRODUCT_DEFINITION_SHAPE('',$,#5040);
#5038=SHAPE_REPRESENTATION('',(#3060),#5030);
#5039=PRODUCT_DEFINITION_CONTEXT('part definition',#5044,'design');
#5040=PRODUCT_DEFINITION('Side_R1_Native','Side_R1_Native',#5041,#5039);
#5041=PRODUCT_DEFINITION_FORMATION('',$,#5046);
#5042=PRODUCT_RELATED_PRODUCT_CATEGORY('Side_R1_Native',
'Side_R1_Native',(#5046));
#5043=APPLICATION_PROTOCOL_DEFINITION('international standard',
'automotive_design',2009,#5044);
#5044=APPLICATION_CONTEXT(
'Core Data for Automotive Mechanical Design Process');
#5045=PRODUCT_CONTEXT('part definition',#5044,'mechanical');
#5046=PRODUCT('Side_R1_Native','Side_R1_Native',$,(#5045));
#5047=PRESENTATION_STYLE_ASSIGNMENT((#5048));
#5048=SURFACE_STYLE_USAGE(.BOTH.,#5049);
#5049=SURFACE_SIDE_STYLE('',(#5050));
#5050=SURFACE_STYLE_FILL_AREA(#5051);
#5051=FILL_AREA_STYLE('Steel - Satin',(#5052));
#5052=FILL_AREA_STYLE_COLOUR('Steel - Satin',#5053);
#5053=COLOUR_RGB('Steel - Satin',0.627450980392157,0.627450980392157,0.627450980392157);
ENDSEC;
END-ISO-10303-21;
