ISO-10303-21;
HEADER;
/* Generated by software containing ST-Developer
 * from STEP Tools, Inc. (www.steptools.com) 
 */

FILE_DESCRIPTION(
/* description */ (''),
/* implementation_level */ '2;1');

FILE_NAME(
/* name */ 'Side_L2_native.stp',
/* time_stamp */ '2026-09-13T15:34:36-05:00',
/* author */ (''),
/* organization */ (''),
/* preprocessor_version */ 'ST-DEVELOPER v20.1',
/* originating_system */ 'Autodesk Translation Framework v15.8.0.0',
/* authorisation */ '');

FILE_SCHEMA (('AUTOMOTIVE_DESIGN { 1 0 10303 214 3 1 1 }'));
ENDSEC;

DATA;
#10=MECHANICAL_DESIGN_GEOMETRIC_PRESENTATION_REPRESENTATION('',(#13),#2775);
#11=SHAPE_REPRESENTATION_RELATIONSHIP('SRR','None',#2782,#12);
#12=ADVANCED_BREP_SHAPE_REPRESENTATION('',(#14),#2774);
#13=STYLED_ITEM('',(#2791),#14);
#14=MANIFOLD_SOLID_BREP('Side_L2_native',#1685);
#15=FACE_BOUND('',#228,.T.);
#16=FACE_BOUND('',#229,.T.);
#17=FACE_BOUND('',#230,.T.);
#18=FACE_BOUND('',#231,.T.);
#19=FACE_BOUND('',#232,.T.);
#20=FACE_BOUND('',#233,.T.);
#21=FACE_BOUND('',#234,.T.);
#22=FACE_BOUND('',#235,.T.);
#23=FACE_BOUND('',#236,.T.);
#24=FACE_BOUND('',#237,.T.);
#25=FACE_BOUND('',#238,.T.);
#26=FACE_BOUND('',#239,.T.);
#27=FACE_BOUND('',#240,.T.);
#28=FACE_BOUND('',#241,.T.);
#29=FACE_BOUND('',#248,.T.);
#30=FACE_BOUND('',#251,.T.);
#31=FACE_BOUND('',#254,.T.);
#32=FACE_BOUND('',#257,.T.);
#33=FACE_BOUND('',#260,.T.);
#34=FACE_BOUND('',#263,.T.);
#35=FACE_BOUND('',#319,.T.);
#36=FACE_BOUND('',#320,.T.);
#37=FACE_BOUND('',#321,.T.);
#38=FACE_BOUND('',#322,.T.);
#39=FACE_BOUND('',#323,.T.);
#40=FACE_BOUND('',#324,.T.);
#41=FACE_BOUND('',#325,.T.);
#42=PLANE('',#1702);
#43=PLANE('',#1706);
#44=PLANE('',#1710);
#45=PLANE('',#1714);
#46=PLANE('',#1718);
#47=PLANE('',#1722);
#48=PLANE('',#1726);
#49=PLANE('',#1730);
#50=PLANE('',#1734);
#51=PLANE('',#1745);
#52=PLANE('',#1762);
#53=PLANE('',#1766);
#54=PLANE('',#1770);
#55=PLANE('',#1774);
#56=PLANE('',#1778);
#57=PLANE('',#1782);
#58=PLANE('',#1783);
#59=PLANE('',#1784);
#60=PLANE('',#1785);
#61=PLANE('',#1786);
#62=PLANE('',#1787);
#63=PLANE('',#1788);
#64=PLANE('',#1789);
#65=PLANE('',#1790);
#66=PLANE('',#1791);
#67=PLANE('',#1792);
#68=PLANE('',#1793);
#69=PLANE('',#1794);
#70=PLANE('',#1795);
#71=PLANE('',#1796);
#72=PLANE('',#1797);
#73=PLANE('',#1798);
#74=PLANE('',#1799);
#75=PLANE('',#1800);
#76=PLANE('',#1801);
#77=PLANE('',#1802);
#78=PLANE('',#1803);
#79=PLANE('',#1804);
#80=PLANE('',#1805);
#81=PLANE('',#1806);
#82=PLANE('',#1807);
#83=PLANE('',#1808);
#84=PLANE('',#1809);
#85=PLANE('',#1810);
#86=PLANE('',#1811);
#87=PLANE('',#1812);
#88=PLANE('',#1813);
#89=PLANE('',#1814);
#90=PLANE('',#1815);
#91=PLANE('',#1816);
#92=PLANE('',#1817);
#93=PLANE('',#1818);
#94=PLANE('',#1819);
#95=PLANE('',#1820);
#96=PLANE('',#1821);
#97=PLANE('',#1822);
#98=PLANE('',#1823);
#99=PLANE('',#1824);
#100=PLANE('',#1825);
#101=PLANE('',#1826);
#102=PLANE('',#1827);
#103=PLANE('',#1828);
#104=PLANE('',#1829);
#105=PLANE('',#1830);
#106=PLANE('',#1831);
#107=PLANE('',#1832);
#108=PLANE('',#1833);
#109=PLANE('',#1834);
#110=PLANE('',#1835);
#111=PLANE('',#1836);
#112=PLANE('',#1837);
#113=FACE_OUTER_BOUND('',#206,.T.);
#114=FACE_OUTER_BOUND('',#207,.T.);
#115=FACE_OUTER_BOUND('',#208,.T.);
#116=FACE_OUTER_BOUND('',#209,.T.);
#117=FACE_OUTER_BOUND('',#210,.T.);
#118=FACE_OUTER_BOUND('',#211,.T.);
#119=FACE_OUTER_BOUND('',#212,.T.);
#120=FACE_OUTER_BOUND('',#213,.T.);
#121=FACE_OUTER_BOUND('',#214,.T.);
#122=FACE_OUTER_BOUND('',#215,.T.);
#123=FACE_OUTER_BOUND('',#216,.T.);
#124=FACE_OUTER_BOUND('',#217,.T.);
#125=FACE_OUTER_BOUND('',#218,.T.);
#126=FACE_OUTER_BOUND('',#219,.T.);
#127=FACE_OUTER_BOUND('',#220,.T.);
#128=FACE_OUTER_BOUND('',#221,.T.);
#129=FACE_OUTER_BOUND('',#222,.T.);
#130=FACE_OUTER_BOUND('',#223,.T.);
#131=FACE_OUTER_BOUND('',#224,.T.);
#132=FACE_OUTER_BOUND('',#225,.T.);
#133=FACE_OUTER_BOUND('',#226,.T.);
#134=FACE_OUTER_BOUND('',#227,.T.);
#135=FACE_OUTER_BOUND('',#242,.T.);
#136=FACE_OUTER_BOUND('',#243,.T.);
#137=FACE_OUTER_BOUND('',#244,.T.);
#138=FACE_OUTER_BOUND('',#245,.T.);
#139=FACE_OUTER_BOUND('',#246,.T.);
#140=FACE_OUTER_BOUND('',#247,.T.);
#141=FACE_OUTER_BOUND('',#249,.T.);
#142=FACE_OUTER_BOUND('',#250,.T.);
#143=FACE_OUTER_BOUND('',#252,.T.);
#144=FACE_OUTER_BOUND('',#253,.T.);
#145=FACE_OUTER_BOUND('',#255,.T.);
#146=FACE_OUTER_BOUND('',#256,.T.);
#147=FACE_OUTER_BOUND('',#258,.T.);
#148=FACE_OUTER_BOUND('',#259,.T.);
#149=FACE_OUTER_BOUND('',#261,.T.);
#150=FACE_OUTER_BOUND('',#262,.T.);
#151=FACE_OUTER_BOUND('',#264,.T.);
#152=FACE_OUTER_BOUND('',#265,.T.);
#153=FACE_OUTER_BOUND('',#266,.T.);
#154=FACE_OUTER_BOUND('',#267,.T.);
#155=FACE_OUTER_BOUND('',#268,.T.);
#156=FACE_OUTER_BOUND('',#269,.T.);
#157=FACE_OUTER_BOUND('',#270,.T.);
#158=FACE_OUTER_BOUND('',#271,.T.);
#159=FACE_OUTER_BOUND('',#272,.T.);
#160=FACE_OUTER_BOUND('',#273,.T.);
#161=FACE_OUTER_BOUND('',#274,.T.);
#162=FACE_OUTER_BOUND('',#275,.T.);
#163=FACE_OUTER_BOUND('',#276,.T.);
#164=FACE_OUTER_BOUND('',#277,.T.);
#165=FACE_OUTER_BOUND('',#278,.T.);
#166=FACE_OUTER_BOUND('',#279,.T.);
#167=FACE_OUTER_BOUND('',#280,.T.);
#168=FACE_OUTER_BOUND('',#281,.T.);
#169=FACE_OUTER_BOUND('',#282,.T.);
#170=FACE_OUTER_BOUND('',#283,.T.);
#171=FACE_OUTER_BOUND('',#284,.T.);
#172=FACE_OUTER_BOUND('',#285,.T.);
#173=FACE_OUTER_BOUND('',#286,.T.);
#174=FACE_OUTER_BOUND('',#287,.T.);
#175=FACE_OUTER_BOUND('',#288,.T.);
#176=FACE_OUTER_BOUND('',#289,.T.);
#177=FACE_OUTER_BOUND('',#290,.T.);
#178=FACE_OUTER_BOUND('',#291,.T.);
#179=FACE_OUTER_BOUND('',#292,.T.);
#180=FACE_OUTER_BOUND('',#293,.T.);
#181=FACE_OUTER_BOUND('',#294,.T.);
#182=FACE_OUTER_BOUND('',#295,.T.);
#183=FACE_OUTER_BOUND('',#296,.T.);
#184=FACE_OUTER_BOUND('',#297,.T.);
#185=FACE_OUTER_BOUND('',#298,.T.);
#186=FACE_OUTER_BOUND('',#299,.T.);
#187=FACE_OUTER_BOUND('',#300,.T.);
#188=FACE_OUTER_BOUND('',#301,.T.);
#189=FACE_OUTER_BOUND('',#302,.T.);
#190=FACE_OUTER_BOUND('',#303,.T.);
#191=FACE_OUTER_BOUND('',#304,.T.);
#192=FACE_OUTER_BOUND('',#305,.T.);
#193=FACE_OUTER_BOUND('',#306,.T.);
#194=FACE_OUTER_BOUND('',#307,.T.);
#195=FACE_OUTER_BOUND('',#308,.T.);
#196=FACE_OUTER_BOUND('',#309,.T.);
#197=FACE_OUTER_BOUND('',#310,.T.);
#198=FACE_OUTER_BOUND('',#311,.T.);
#199=FACE_OUTER_BOUND('',#312,.T.);
#200=FACE_OUTER_BOUND('',#313,.T.);
#201=FACE_OUTER_BOUND('',#314,.T.);
#202=FACE_OUTER_BOUND('',#315,.T.);
#203=FACE_OUTER_BOUND('',#316,.T.);
#204=FACE_OUTER_BOUND('',#317,.T.);
#205=FACE_OUTER_BOUND('',#318,.T.);
#206=EDGE_LOOP('',(#1114,#1115,#1116,#1117));
#207=EDGE_LOOP('',(#1118));
#208=EDGE_LOOP('',(#1119,#1120,#1121,#1122));
#209=EDGE_LOOP('',(#1123));
#210=EDGE_LOOP('',(#1124,#1125,#1126,#1127));
#211=EDGE_LOOP('',(#1128));
#212=EDGE_LOOP('',(#1129,#1130,#1131,#1132));
#213=EDGE_LOOP('',(#1133));
#214=EDGE_LOOP('',(#1134,#1135,#1136,#1137));
#215=EDGE_LOOP('',(#1138));
#216=EDGE_LOOP('',(#1139,#1140,#1141,#1142));
#217=EDGE_LOOP('',(#1143));
#218=EDGE_LOOP('',(#1144,#1145,#1146,#1147));
#219=EDGE_LOOP('',(#1148));
#220=EDGE_LOOP('',(#1149,#1150,#1151,#1152));
#221=EDGE_LOOP('',(#1153));
#222=EDGE_LOOP('',(#1154,#1155,#1156,#1157));
#223=EDGE_LOOP('',(#1158));
#224=EDGE_LOOP('',(#1159,#1160,#1161,#1162));
#225=EDGE_LOOP('',(#1163,#1164,#1165,#1166));
#226=EDGE_LOOP('',(#1167,#1168,#1169,#1170,#1171));
#227=EDGE_LOOP('',(#1172,#1173,#1174,#1175,#1176,#1177,#1178,#1179,#1180,
#1181,#1182,#1183,#1184,#1185,#1186,#1187,#1188,#1189,#1190,#1191,#1192,
#1193,#1194,#1195,#1196,#1197,#1198,#1199,#1200,#1201,#1202,#1203,#1204,
#1205));
#228=EDGE_LOOP('',(#1206));
#229=EDGE_LOOP('',(#1207));
#230=EDGE_LOOP('',(#1208));
#231=EDGE_LOOP('',(#1209));
#232=EDGE_LOOP('',(#1210));
#233=EDGE_LOOP('',(#1211));
#234=EDGE_LOOP('',(#1212));
#235=EDGE_LOOP('',(#1213));
#236=EDGE_LOOP('',(#1214));
#237=EDGE_LOOP('',(#1215));
#238=EDGE_LOOP('',(#1216));
#239=EDGE_LOOP('',(#1217));
#240=EDGE_LOOP('',(#1218));
#241=EDGE_LOOP('',(#1219));
#242=EDGE_LOOP('',(#1220,#1221,#1222,#1223));
#243=EDGE_LOOP('',(#1224,#1225,#1226,#1227,#1228));
#244=EDGE_LOOP('',(#1229,#1230,#1231,#1232));
#245=EDGE_LOOP('',(#1233,#1234,#1235,#1236));
#246=EDGE_LOOP('',(#1237,#1238,#1239,#1240));
#247=EDGE_LOOP('',(#1241));
#248=EDGE_LOOP('',(#1242));
#249=EDGE_LOOP('',(#1243,#1244,#1245,#1246));
#250=EDGE_LOOP('',(#1247));
#251=EDGE_LOOP('',(#1248));
#252=EDGE_LOOP('',(#1249,#1250,#1251,#1252));
#253=EDGE_LOOP('',(#1253));
#254=EDGE_LOOP('',(#1254));
#255=EDGE_LOOP('',(#1255,#1256,#1257,#1258));
#256=EDGE_LOOP('',(#1259));
#257=EDGE_LOOP('',(#1260));
#258=EDGE_LOOP('',(#1261,#1262,#1263,#1264));
#259=EDGE_LOOP('',(#1265));
#260=EDGE_LOOP('',(#1266));
#261=EDGE_LOOP('',(#1267,#1268,#1269,#1270));
#262=EDGE_LOOP('',(#1271));
#263=EDGE_LOOP('',(#1272));
#264=EDGE_LOOP('',(#1273,#1274,#1275,#1276));
#265=EDGE_LOOP('',(#1277,#1278,#1279,#1280));
#266=EDGE_LOOP('',(#1281,#1282,#1283,#1284));
#267=EDGE_LOOP('',(#1285,#1286,#1287,#1288,#1289,#1290));
#268=EDGE_LOOP('',(#1291,#1292,#1293,#1294));
#269=EDGE_LOOP('',(#1295,#1296,#1297,#1298));
#270=EDGE_LOOP('',(#1299,#1300,#1301,#1302,#1303,#1304));
#271=EDGE_LOOP('',(#1305,#1306,#1307,#1308,#1309,#1310));
#272=EDGE_LOOP('',(#1311,#1312,#1313,#1314));
#273=EDGE_LOOP('',(#1315,#1316,#1317,#1318));
#274=EDGE_LOOP('',(#1319,#1320,#1321,#1322,#1323,#1324,#1325,#1326));
#275=EDGE_LOOP('',(#1327,#1328,#1329,#1330));
#276=EDGE_LOOP('',(#1331,#1332,#1333,#1334));
#277=EDGE_LOOP('',(#1335,#1336,#1337,#1338));
#278=EDGE_LOOP('',(#1339,#1340,#1341,#1342));
#279=EDGE_LOOP('',(#1343,#1344,#1345,#1346));
#280=EDGE_LOOP('',(#1347,#1348,#1349,#1350));
#281=EDGE_LOOP('',(#1351,#1352,#1353,#1354));
#282=EDGE_LOOP('',(#1355,#1356,#1357,#1358));
#283=EDGE_LOOP('',(#1359,#1360,#1361,#1362));
#284=EDGE_LOOP('',(#1363,#1364,#1365,#1366));
#285=EDGE_LOOP('',(#1367,#1368,#1369,#1370));
#286=EDGE_LOOP('',(#1371,#1372,#1373,#1374,#1375,#1376,#1377,#1378,#1379,
#1380,#1381,#1382,#1383,#1384,#1385));
#287=EDGE_LOOP('',(#1386,#1387,#1388,#1389,#1390,#1391,#1392,#1393));
#288=EDGE_LOOP('',(#1394,#1395,#1396,#1397));
#289=EDGE_LOOP('',(#1398,#1399,#1400,#1401));
#290=EDGE_LOOP('',(#1402,#1403,#1404,#1405,#1406,#1407));
#291=EDGE_LOOP('',(#1408,#1409,#1410,#1411,#1412));
#292=EDGE_LOOP('',(#1413,#1414,#1415,#1416,#1417,#1418,#1419));
#293=EDGE_LOOP('',(#1420,#1421,#1422,#1423,#1424,#1425,#1426,#1427));
#294=EDGE_LOOP('',(#1428,#1429,#1430,#1431));
#295=EDGE_LOOP('',(#1432,#1433,#1434,#1435,#1436,#1437));
#296=EDGE_LOOP('',(#1438,#1439,#1440,#1441,#1442,#1443));
#297=EDGE_LOOP('',(#1444,#1445,#1446,#1447));
#298=EDGE_LOOP('',(#1448,#1449,#1450,#1451));
#299=EDGE_LOOP('',(#1452,#1453,#1454,#1455));
#300=EDGE_LOOP('',(#1456,#1457,#1458,#1459));
#301=EDGE_LOOP('',(#1460,#1461,#1462,#1463));
#302=EDGE_LOOP('',(#1464,#1465,#1466,#1467));
#303=EDGE_LOOP('',(#1468,#1469,#1470,#1471));
#304=EDGE_LOOP('',(#1472,#1473,#1474,#1475));
#305=EDGE_LOOP('',(#1476,#1477,#1478,#1479));
#306=EDGE_LOOP('',(#1480,#1481,#1482,#1483));
#307=EDGE_LOOP('',(#1484,#1485,#1486,#1487));
#308=EDGE_LOOP('',(#1488,#1489,#1490,#1491,#1492,#1493));
#309=EDGE_LOOP('',(#1494,#1495,#1496,#1497,#1498));
#310=EDGE_LOOP('',(#1499,#1500,#1501,#1502));
#311=EDGE_LOOP('',(#1503,#1504,#1505,#1506));
#312=EDGE_LOOP('',(#1507,#1508,#1509,#1510,#1511,#1512));
#313=EDGE_LOOP('',(#1513,#1514,#1515,#1516));
#314=EDGE_LOOP('',(#1517,#1518,#1519,#1520,#1521,#1522));
#315=EDGE_LOOP('',(#1523,#1524,#1525,#1526));
#316=EDGE_LOOP('',(#1527,#1528,#1529,#1530));
#317=EDGE_LOOP('',(#1531,#1532,#1533,#1534,#1535,#1536,#1537,#1538));
#318=EDGE_LOOP('',(#1539,#1540,#1541,#1542,#1543,#1544,#1545,#1546,#1547,
#1548,#1549,#1550,#1551,#1552,#1553,#1554,#1555,#1556,#1557,#1558,#1559,
#1560,#1561,#1562));
#319=EDGE_LOOP('',(#1563));
#320=EDGE_LOOP('',(#1564));
#321=EDGE_LOOP('',(#1565));
#322=EDGE_LOOP('',(#1566));
#323=EDGE_LOOP('',(#1567));
#324=EDGE_LOOP('',(#1568));
#325=EDGE_LOOP('',(#1569));
#326=LINE('',#2305,#508);
#327=LINE('',#2312,#509);
#328=LINE('',#2319,#510);
#329=LINE('',#2326,#511);
#330=LINE('',#2333,#512);
#331=LINE('',#2340,#513);
#332=LINE('',#2347,#514);
#333=LINE('',#2354,#515);
#334=LINE('',#2361,#516);
#335=LINE('',#2368,#517);
#336=LINE('',#2374,#518);
#337=LINE('',#2380,#519);
#338=LINE('',#2387,#520);
#339=LINE('',#2389,#521);
#340=LINE('',#2391,#522);
#341=LINE('',#2393,#523);
#342=LINE('',#2395,#524);
#343=LINE('',#2397,#525);
#344=LINE('',#2399,#526);
#345=LINE('',#2401,#527);
#346=LINE('',#2403,#528);
#347=LINE('',#2405,#529);
#348=LINE('',#2407,#530);
#349=LINE('',#2409,#531);
#350=LINE('',#2411,#532);
#351=LINE('',#2413,#533);
#352=LINE('',#2414,#534);
#353=LINE('',#2416,#535);
#354=LINE('',#2421,#536);
#355=LINE('',#2423,#537);
#356=LINE('',#2425,#538);
#357=LINE('',#2427,#539);
#358=LINE('',#2429,#540);
#359=LINE('',#2431,#541);
#360=LINE('',#2433,#542);
#361=LINE('',#2435,#543);
#362=LINE('',#2437,#544);
#363=LINE('',#2439,#545);
#364=LINE('',#2441,#546);
#365=LINE('',#2443,#547);
#366=LINE('',#2445,#548);
#367=LINE('',#2446,#549);
#368=LINE('',#2456,#550);
#369=LINE('',#2460,#551);
#370=LINE('',#2464,#552);
#371=LINE('',#2468,#553);
#372=LINE('',#2473,#554);
#373=LINE('',#2480,#555);
#374=LINE('',#2487,#556);
#375=LINE('',#2494,#557);
#376=LINE('',#2501,#558);
#377=LINE('',#2508,#559);
#378=LINE('',#2514,#560);
#379=LINE('',#2516,#561);
#380=LINE('',#2518,#562);
#381=LINE('',#2519,#563);
#382=LINE('',#2523,#564);
#383=LINE('',#2524,#565);
#384=LINE('',#2525,#566);
#385=LINE('',#2528,#567);
#386=LINE('',#2529,#568);
#387=LINE('',#2533,#569);
#388=LINE('',#2535,#570);
#389=LINE('',#2537,#571);
#390=LINE('',#2539,#572);
#391=LINE('',#2541,#573);
#392=LINE('',#2542,#574);
#393=LINE('',#2546,#575);
#394=LINE('',#2547,#576);
#395=LINE('',#2548,#577);
#396=LINE('',#2552,#578);
#397=LINE('',#2553,#579);
#398=LINE('',#2554,#580);
#399=LINE('',#2558,#581);
#400=LINE('',#2559,#582);
#401=LINE('',#2561,#583);
#402=LINE('',#2562,#584);
#403=LINE('',#2566,#585);
#404=LINE('',#2567,#586);
#405=LINE('',#2569,#587);
#406=LINE('',#2570,#588);
#407=LINE('',#2572,#589);
#408=LINE('',#2574,#590);
#409=LINE('',#2577,#591);
#410=LINE('',#2579,#592);
#411=LINE('',#2581,#593);
#412=LINE('',#2582,#594);
#413=LINE('',#2584,#595);
#414=LINE('',#2585,#596);
#415=LINE('',#2588,#597);
#416=LINE('',#2590,#598);
#417=LINE('',#2591,#599);
#418=LINE('',#2594,#600);
#419=LINE('',#2596,#601);
#420=LINE('',#2597,#602);
#421=LINE('',#2600,#603);
#422=LINE('',#2601,#604);
#423=LINE('',#2604,#605);
#424=LINE('',#2605,#606);
#425=LINE('',#2608,#607);
#426=LINE('',#2609,#608);
#427=LINE('',#2612,#609);
#428=LINE('',#2613,#610);
#429=LINE('',#2617,#611);
#430=LINE('',#2619,#612);
#431=LINE('',#2621,#613);
#432=LINE('',#2622,#614);
#433=LINE('',#2625,#615);
#434=LINE('',#2627,#616);
#435=LINE('',#2628,#617);
#436=LINE('',#2631,#618);
#437=LINE('',#2633,#619);
#438=LINE('',#2634,#620);
#439=LINE('',#2637,#621);
#440=LINE('',#2639,#622);
#441=LINE('',#2640,#623);
#442=LINE('',#2643,#624);
#443=LINE('',#2645,#625);
#444=LINE('',#2646,#626);
#445=LINE('',#2649,#627);
#446=LINE('',#2651,#628);
#447=LINE('',#2652,#629);
#448=LINE('',#2654,#630);
#449=LINE('',#2655,#631);
#450=LINE('',#2658,#632);
#451=LINE('',#2660,#633);
#452=LINE('',#2661,#634);
#453=LINE('',#2663,#635);
#454=LINE('',#2664,#636);
#455=LINE('',#2666,#637);
#456=LINE('',#2668,#638);
#457=LINE('',#2670,#639);
#458=LINE('',#2672,#640);
#459=LINE('',#2674,#641);
#460=LINE('',#2678,#642);
#461=LINE('',#2679,#643);
#462=LINE('',#2680,#644);
#463=LINE('',#2683,#645);
#464=LINE('',#2684,#646);
#465=LINE('',#2687,#647);
#466=LINE('',#2688,#648);
#467=LINE('',#2691,#649);
#468=LINE('',#2692,#650);
#469=LINE('',#2695,#651);
#470=LINE('',#2696,#652);
#471=LINE('',#2699,#653);
#472=LINE('',#2700,#654);
#473=LINE('',#2703,#655);
#474=LINE('',#2704,#656);
#475=LINE('',#2707,#657);
#476=LINE('',#2708,#658);
#477=LINE('',#2711,#659);
#478=LINE('',#2712,#660);
#479=LINE('',#2715,#661);
#480=LINE('',#2716,#662);
#481=LINE('',#2719,#663);
#482=LINE('',#2720,#664);
#483=LINE('',#2723,#665);
#484=LINE('',#2724,#666);
#485=LINE('',#2727,#667);
#486=LINE('',#2728,#668);
#487=LINE('',#2731,#669);
#488=LINE('',#2732,#670);
#489=LINE('',#2735,#671);
#490=LINE('',#2736,#672);
#491=LINE('',#2739,#673);
#492=LINE('',#2740,#674);
#493=LINE('',#2743,#675);
#494=LINE('',#2744,#676);
#495=LINE('',#2747,#677);
#496=LINE('',#2748,#678);
#497=LINE('',#2751,#679);
#498=LINE('',#2752,#680);
#499=LINE('',#2755,#681);
#500=LINE('',#2756,#682);
#501=LINE('',#2759,#683);
#502=LINE('',#2760,#684);
#503=LINE('',#2763,#685);
#504=LINE('',#2764,#686);
#505=LINE('',#2767,#687);
#506=LINE('',#2768,#688);
#507=LINE('',#2770,#689);
#508=VECTOR('',#1844,0.075);
#509=VECTOR('',#1853,0.075);
#510=VECTOR('',#1862,0.075);
#511=VECTOR('',#1871,0.075);
#512=VECTOR('',#1880,0.075);
#513=VECTOR('',#1889,0.075);
#514=VECTOR('',#1898,0.075);
#515=VECTOR('',#1907,0.075);
#516=VECTOR('',#1916,0.075);
#517=VECTOR('',#1925,0.376);
#518=VECTOR('',#1932,0.17);
#519=VECTOR('',#1939,0.17);
#520=VECTOR('',#1946,1.);
#521=VECTOR('',#1947,1.);
#522=VECTOR('',#1948,1.);
#523=VECTOR('',#1949,1.);
#524=VECTOR('',#1950,1.);
#525=VECTOR('',#1951,1.);
#526=VECTOR('',#1952,1.);
#527=VECTOR('',#1953,1.);
#528=VECTOR('',#1954,1.);
#529=VECTOR('',#1955,1.);
#530=VECTOR('',#1956,1.);
#531=VECTOR('',#1957,1.);
#532=VECTOR('',#1958,1.);
#533=VECTOR('',#1959,1.);
#534=VECTOR('',#1960,1.);
#535=VECTOR('',#1961,1.);
#536=VECTOR('',#1966,1.);
#537=VECTOR('',#1967,1.);
#538=VECTOR('',#1968,1.);
#539=VECTOR('',#1969,1.);
#540=VECTOR('',#1970,1.);
#541=VECTOR('',#1971,1.);
#542=VECTOR('',#1972,1.);
#543=VECTOR('',#1973,1.);
#544=VECTOR('',#1974,1.);
#545=VECTOR('',#1975,1.);
#546=VECTOR('',#1976,1.);
#547=VECTOR('',#1977,1.);
#548=VECTOR('',#1978,1.);
#549=VECTOR('',#1979,1.);
#550=VECTOR('',#1990,0.17);
#551=VECTOR('',#1995,0.17);
#552=VECTOR('',#2000,0.17);
#553=VECTOR('',#2005,0.17);
#554=VECTOR('',#2010,0.4);
#555=VECTOR('',#2019,0.4);
#556=VECTOR('',#2028,0.4);
#557=VECTOR('',#2037,0.4);
#558=VECTOR('',#2046,0.4);
#559=VECTOR('',#2055,0.4);
#560=VECTOR('',#2062,1.);
#561=VECTOR('',#2063,1.);
#562=VECTOR('',#2064,1.);
#563=VECTOR('',#2065,1.);
#564=VECTOR('',#2068,1.);
#565=VECTOR('',#2069,1.);
#566=VECTOR('',#2070,1.);
#567=VECTOR('',#2073,1.);
#568=VECTOR('',#2074,1.);
#569=VECTOR('',#2077,1.);
#570=VECTOR('',#2078,1.);
#571=VECTOR('',#2079,1.);
#572=VECTOR('',#2080,1.);
#573=VECTOR('',#2081,1.);
#574=VECTOR('',#2082,1.);
#575=VECTOR('',#2085,1.);
#576=VECTOR('',#2086,1.);
#577=VECTOR('',#2087,1.);
#578=VECTOR('',#2090,1.);
#579=VECTOR('',#2091,1.);
#580=VECTOR('',#2092,1.);
#581=VECTOR('',#2095,1.);
#582=VECTOR('',#2096,1.);
#583=VECTOR('',#2097,1.);
#584=VECTOR('',#2098,1.);
#585=VECTOR('',#2101,1.);
#586=VECTOR('',#2102,1.);
#587=VECTOR('',#2103,1.);
#588=VECTOR('',#2104,1.);
#589=VECTOR('',#2107,1.);
#590=VECTOR('',#2110,1.);
#591=VECTOR('',#2113,1.);
#592=VECTOR('',#2114,1.);
#593=VECTOR('',#2115,1.);
#594=VECTOR('',#2116,1.);
#595=VECTOR('',#2117,1.);
#596=VECTOR('',#2118,1.);
#597=VECTOR('',#2121,1.);
#598=VECTOR('',#2122,1.);
#599=VECTOR('',#2123,1.);
#600=VECTOR('',#2126,1.);
#601=VECTOR('',#2127,1.);
#602=VECTOR('',#2128,1.);
#603=VECTOR('',#2131,1.);
#604=VECTOR('',#2132,1.);
#605=VECTOR('',#2135,1.);
#606=VECTOR('',#2136,1.);
#607=VECTOR('',#2139,1.);
#608=VECTOR('',#2140,1.);
#609=VECTOR('',#2143,1.);
#610=VECTOR('',#2144,1.);
#611=VECTOR('',#2147,1.);
#612=VECTOR('',#2148,1.);
#613=VECTOR('',#2149,1.);
#614=VECTOR('',#2150,1.);
#615=VECTOR('',#2153,1.);
#616=VECTOR('',#2154,1.);
#617=VECTOR('',#2155,1.);
#618=VECTOR('',#2158,1.);
#619=VECTOR('',#2159,1.);
#620=VECTOR('',#2160,1.);
#621=VECTOR('',#2163,1.);
#622=VECTOR('',#2164,1.);
#623=VECTOR('',#2165,1.);
#624=VECTOR('',#2168,1.);
#625=VECTOR('',#2169,1.);
#626=VECTOR('',#2170,1.);
#627=VECTOR('',#2173,1.);
#628=VECTOR('',#2174,1.);
#629=VECTOR('',#2175,1.);
#630=VECTOR('',#2176,1.);
#631=VECTOR('',#2177,1.);
#632=VECTOR('',#2180,1.);
#633=VECTOR('',#2181,1.);
#634=VECTOR('',#2182,1.);
#635=VECTOR('',#2185,1.);
#636=VECTOR('',#2186,1.);
#637=VECTOR('',#2189,1.);
#638=VECTOR('',#2192,1.);
#639=VECTOR('',#2195,1.);
#640=VECTOR('',#2198,1.);
#641=VECTOR('',#2201,1.);
#642=VECTOR('',#2204,1.);
#643=VECTOR('',#2205,1.);
#644=VECTOR('',#2206,1.);
#645=VECTOR('',#2209,1.);
#646=VECTOR('',#2210,1.);
#647=VECTOR('',#2213,1.);
#648=VECTOR('',#2214,1.);
#649=VECTOR('',#2217,1.);
#650=VECTOR('',#2218,1.);
#651=VECTOR('',#2221,1.);
#652=VECTOR('',#2222,1.);
#653=VECTOR('',#2225,1.);
#654=VECTOR('',#2226,1.);
#655=VECTOR('',#2229,1.);
#656=VECTOR('',#2230,1.);
#657=VECTOR('',#2233,1.);
#658=VECTOR('',#2234,1.);
#659=VECTOR('',#2237,1.);
#660=VECTOR('',#2238,1.);
#661=VECTOR('',#2241,1.);
#662=VECTOR('',#2242,1.);
#663=VECTOR('',#2245,1.);
#664=VECTOR('',#2246,1.);
#665=VECTOR('',#2249,1.);
#666=VECTOR('',#2250,1.);
#667=VECTOR('',#2253,1.);
#668=VECTOR('',#2254,1.);
#669=VECTOR('',#2257,1.);
#670=VECTOR('',#2258,1.);
#671=VECTOR('',#2261,1.);
#672=VECTOR('',#2262,1.);
#673=VECTOR('',#2265,1.);
#674=VECTOR('',#2266,1.);
#675=VECTOR('',#2269,1.);
#676=VECTOR('',#2270,1.);
#677=VECTOR('',#2273,1.);
#678=VECTOR('',#2274,1.);
#679=VECTOR('',#2277,1.);
#680=VECTOR('',#2278,1.);
#681=VECTOR('',#2281,1.);
#682=VECTOR('',#2282,1.);
#683=VECTOR('',#2285,1.);
#684=VECTOR('',#2286,1.);
#685=VECTOR('',#2289,1.);
#686=VECTOR('',#2290,1.);
#687=VECTOR('',#2293,1.);
#688=VECTOR('',#2294,1.);
#689=VECTOR('',#2297,1.);
#690=CIRCLE('',#1700,0.075);
#691=CIRCLE('',#1701,0.075);
#692=CIRCLE('',#1704,0.075);
#693=CIRCLE('',#1705,0.075);
#694=CIRCLE('',#1708,0.075);
#695=CIRCLE('',#1709,0.075);
#696=CIRCLE('',#1712,0.075);
#697=CIRCLE('',#1713,0.075);
#698=CIRCLE('',#1716,0.075);
#699=CIRCLE('',#1717,0.075);
#700=CIRCLE('',#1720,0.075);
#701=CIRCLE('',#1721,0.075);
#702=CIRCLE('',#1724,0.075);
#703=CIRCLE('',#1725,0.075);
#704=CIRCLE('',#1728,0.075);
#705=CIRCLE('',#1729,0.075);
#706=CIRCLE('',#1732,0.075);
#707=CIRCLE('',#1733,0.075);
#708=CIRCLE('',#1736,0.376);
#709=CIRCLE('',#1737,0.376);
#710=CIRCLE('',#1739,0.17);
#711=CIRCLE('',#1740,0.17);
#712=CIRCLE('',#1742,0.17);
#713=CIRCLE('',#1743,0.17);
#714=CIRCLE('',#1744,0.17);
#715=CIRCLE('',#1746,0.17);
#716=CIRCLE('',#1747,0.17);
#717=CIRCLE('',#1748,0.17);
#718=CIRCLE('',#1749,0.17);
#719=CIRCLE('',#1750,0.17);
#720=CIRCLE('',#1752,0.17);
#721=CIRCLE('',#1754,0.17);
#722=CIRCLE('',#1756,0.17);
#723=CIRCLE('',#1758,0.17);
#724=CIRCLE('',#1760,0.4);
#725=CIRCLE('',#1761,0.4);
#726=CIRCLE('',#1764,0.4);
#727=CIRCLE('',#1765,0.4);
#728=CIRCLE('',#1768,0.4);
#729=CIRCLE('',#1769,0.4);
#730=CIRCLE('',#1772,0.4);
#731=CIRCLE('',#1773,0.4);
#732=CIRCLE('',#1776,0.4);
#733=CIRCLE('',#1777,0.4);
#734=CIRCLE('',#1780,0.4);
#735=CIRCLE('',#1781,0.4);
#736=VERTEX_POINT('',#2302);
#737=VERTEX_POINT('',#2304);
#738=VERTEX_POINT('',#2309);
#739=VERTEX_POINT('',#2311);
#740=VERTEX_POINT('',#2316);
#741=VERTEX_POINT('',#2318);
#742=VERTEX_POINT('',#2323);
#743=VERTEX_POINT('',#2325);
#744=VERTEX_POINT('',#2330);
#745=VERTEX_POINT('',#2332);
#746=VERTEX_POINT('',#2337);
#747=VERTEX_POINT('',#2339);
#748=VERTEX_POINT('',#2344);
#749=VERTEX_POINT('',#2346);
#750=VERTEX_POINT('',#2351);
#751=VERTEX_POINT('',#2353);
#752=VERTEX_POINT('',#2358);
#753=VERTEX_POINT('',#2360);
#754=VERTEX_POINT('',#2365);
#755=VERTEX_POINT('',#2367);
#756=VERTEX_POINT('',#2371);
#757=VERTEX_POINT('',#2373);
#758=VERTEX_POINT('',#2377);
#759=VERTEX_POINT('',#2379);
#760=VERTEX_POINT('',#2381);
#761=VERTEX_POINT('',#2385);
#762=VERTEX_POINT('',#2386);
#763=VERTEX_POINT('',#2388);
#764=VERTEX_POINT('',#2390);
#765=VERTEX_POINT('',#2392);
#766=VERTEX_POINT('',#2394);
#767=VERTEX_POINT('',#2396);
#768=VERTEX_POINT('',#2398);
#769=VERTEX_POINT('',#2400);
#770=VERTEX_POINT('',#2402);
#771=VERTEX_POINT('',#2404);
#772=VERTEX_POINT('',#2406);
#773=VERTEX_POINT('',#2408);
#774=VERTEX_POINT('',#2410);
#775=VERTEX_POINT('',#2412);
#776=VERTEX_POINT('',#2415);
#777=VERTEX_POINT('',#2417);
#778=VERTEX_POINT('',#2420);
#779=VERTEX_POINT('',#2422);
#780=VERTEX_POINT('',#2424);
#781=VERTEX_POINT('',#2426);
#782=VERTEX_POINT('',#2428);
#783=VERTEX_POINT('',#2430);
#784=VERTEX_POINT('',#2432);
#785=VERTEX_POINT('',#2434);
#786=VERTEX_POINT('',#2436);
#787=VERTEX_POINT('',#2438);
#788=VERTEX_POINT('',#2440);
#789=VERTEX_POINT('',#2442);
#790=VERTEX_POINT('',#2444);
#791=VERTEX_POINT('',#2447);
#792=VERTEX_POINT('',#2449);
#793=VERTEX_POINT('',#2451);
#794=VERTEX_POINT('',#2454);
#795=VERTEX_POINT('',#2458);
#796=VERTEX_POINT('',#2462);
#797=VERTEX_POINT('',#2466);
#798=VERTEX_POINT('',#2470);
#799=VERTEX_POINT('',#2472);
#800=VERTEX_POINT('',#2477);
#801=VERTEX_POINT('',#2479);
#802=VERTEX_POINT('',#2484);
#803=VERTEX_POINT('',#2486);
#804=VERTEX_POINT('',#2491);
#805=VERTEX_POINT('',#2493);
#806=VERTEX_POINT('',#2498);
#807=VERTEX_POINT('',#2500);
#808=VERTEX_POINT('',#2505);
#809=VERTEX_POINT('',#2507);
#810=VERTEX_POINT('',#2512);
#811=VERTEX_POINT('',#2513);
#812=VERTEX_POINT('',#2515);
#813=VERTEX_POINT('',#2517);
#814=VERTEX_POINT('',#2521);
#815=VERTEX_POINT('',#2522);
#816=VERTEX_POINT('',#2527);
#817=VERTEX_POINT('',#2531);
#818=VERTEX_POINT('',#2532);
#819=VERTEX_POINT('',#2534);
#820=VERTEX_POINT('',#2536);
#821=VERTEX_POINT('',#2538);
#822=VERTEX_POINT('',#2540);
#823=VERTEX_POINT('',#2544);
#824=VERTEX_POINT('',#2545);
#825=VERTEX_POINT('',#2550);
#826=VERTEX_POINT('',#2551);
#827=VERTEX_POINT('',#2556);
#828=VERTEX_POINT('',#2557);
#829=VERTEX_POINT('',#2560);
#830=VERTEX_POINT('',#2564);
#831=VERTEX_POINT('',#2565);
#832=VERTEX_POINT('',#2568);
#833=VERTEX_POINT('',#2576);
#834=VERTEX_POINT('',#2578);
#835=VERTEX_POINT('',#2580);
#836=VERTEX_POINT('',#2583);
#837=VERTEX_POINT('',#2587);
#838=VERTEX_POINT('',#2589);
#839=VERTEX_POINT('',#2593);
#840=VERTEX_POINT('',#2595);
#841=VERTEX_POINT('',#2599);
#842=VERTEX_POINT('',#2603);
#843=VERTEX_POINT('',#2607);
#844=VERTEX_POINT('',#2611);
#845=VERTEX_POINT('',#2615);
#846=VERTEX_POINT('',#2616);
#847=VERTEX_POINT('',#2618);
#848=VERTEX_POINT('',#2620);
#849=VERTEX_POINT('',#2624);
#850=VERTEX_POINT('',#2626);
#851=VERTEX_POINT('',#2630);
#852=VERTEX_POINT('',#2632);
#853=VERTEX_POINT('',#2636);
#854=VERTEX_POINT('',#2638);
#855=VERTEX_POINT('',#2642);
#856=VERTEX_POINT('',#2644);
#857=VERTEX_POINT('',#2648);
#858=VERTEX_POINT('',#2650);
#859=VERTEX_POINT('',#2653);
#860=VERTEX_POINT('',#2657);
#861=VERTEX_POINT('',#2659);
#862=VERTEX_POINT('',#2676);
#863=VERTEX_POINT('',#2677);
#864=VERTEX_POINT('',#2682);
#865=VERTEX_POINT('',#2686);
#866=VERTEX_POINT('',#2690);
#867=VERTEX_POINT('',#2694);
#868=VERTEX_POINT('',#2698);
#869=VERTEX_POINT('',#2702);
#870=VERTEX_POINT('',#2706);
#871=VERTEX_POINT('',#2710);
#872=VERTEX_POINT('',#2714);
#873=VERTEX_POINT('',#2718);
#874=VERTEX_POINT('',#2722);
#875=VERTEX_POINT('',#2726);
#876=VERTEX_POINT('',#2730);
#877=VERTEX_POINT('',#2734);
#878=VERTEX_POINT('',#2738);
#879=VERTEX_POINT('',#2742);
#880=VERTEX_POINT('',#2746);
#881=VERTEX_POINT('',#2750);
#882=VERTEX_POINT('',#2754);
#883=VERTEX_POINT('',#2758);
#884=VERTEX_POINT('',#2762);
#885=VERTEX_POINT('',#2766);
#886=EDGE_CURVE('',#736,#736,#690,.T.);
#887=EDGE_CURVE('',#736,#737,#326,.T.);
#888=EDGE_CURVE('',#737,#737,#691,.T.);
#889=EDGE_CURVE('',#738,#738,#692,.T.);
#890=EDGE_CURVE('',#738,#739,#327,.T.);
#891=EDGE_CURVE('',#739,#739,#693,.T.);
#892=EDGE_CURVE('',#740,#740,#694,.T.);
#893=EDGE_CURVE('',#740,#741,#328,.T.);
#894=EDGE_CURVE('',#741,#741,#695,.T.);
#895=EDGE_CURVE('',#742,#742,#696,.T.);
#896=EDGE_CURVE('',#742,#743,#329,.T.);
#897=EDGE_CURVE('',#743,#743,#697,.T.);
#898=EDGE_CURVE('',#744,#744,#698,.T.);
#899=EDGE_CURVE('',#744,#745,#330,.T.);
#900=EDGE_CURVE('',#745,#745,#699,.T.);
#901=EDGE_CURVE('',#746,#746,#700,.T.);
#902=EDGE_CURVE('',#746,#747,#331,.T.);
#903=EDGE_CURVE('',#747,#747,#701,.T.);
#904=EDGE_CURVE('',#748,#748,#702,.T.);
#905=EDGE_CURVE('',#748,#749,#332,.T.);
#906=EDGE_CURVE('',#749,#749,#703,.T.);
#907=EDGE_CURVE('',#750,#750,#704,.T.);
#908=EDGE_CURVE('',#750,#751,#333,.T.);
#909=EDGE_CURVE('',#751,#751,#705,.T.);
#910=EDGE_CURVE('',#752,#752,#706,.T.);
#911=EDGE_CURVE('',#752,#753,#334,.T.);
#912=EDGE_CURVE('',#753,#753,#707,.T.);
#913=EDGE_CURVE('',#754,#754,#708,.T.);
#914=EDGE_CURVE('',#754,#755,#335,.T.);
#915=EDGE_CURVE('',#755,#755,#709,.T.);
#916=EDGE_CURVE('',#756,#756,#710,.T.);
#917=EDGE_CURVE('',#756,#757,#336,.T.);
#918=EDGE_CURVE('',#757,#757,#711,.T.);
#919=EDGE_CURVE('',#758,#758,#712,.T.);
#920=EDGE_CURVE('',#758,#759,#337,.T.);
#921=EDGE_CURVE('',#760,#759,#713,.T.);
#922=EDGE_CURVE('',#759,#760,#714,.T.);
#923=EDGE_CURVE('',#761,#762,#338,.T.);
#924=EDGE_CURVE('',#762,#763,#339,.T.);
#925=EDGE_CURVE('',#763,#764,#340,.T.);
#926=EDGE_CURVE('',#764,#765,#341,.T.);
#927=EDGE_CURVE('',#765,#766,#342,.T.);
#928=EDGE_CURVE('',#766,#767,#343,.T.);
#929=EDGE_CURVE('',#767,#768,#344,.T.);
#930=EDGE_CURVE('',#768,#769,#345,.T.);
#931=EDGE_CURVE('',#769,#770,#346,.T.);
#932=EDGE_CURVE('',#770,#771,#347,.T.);
#933=EDGE_CURVE('',#771,#772,#348,.T.);
#934=EDGE_CURVE('',#772,#773,#349,.T.);
#935=EDGE_CURVE('',#773,#774,#350,.T.);
#936=EDGE_CURVE('',#774,#775,#351,.T.);
#937=EDGE_CURVE('',#775,#760,#352,.T.);
#938=EDGE_CURVE('',#760,#776,#353,.T.);
#939=EDGE_CURVE('',#776,#777,#715,.T.);
#940=EDGE_CURVE('',#777,#776,#716,.T.);
#941=EDGE_CURVE('',#776,#778,#354,.T.);
#942=EDGE_CURVE('',#778,#779,#355,.T.);
#943=EDGE_CURVE('',#779,#780,#356,.T.);
#944=EDGE_CURVE('',#780,#781,#357,.T.);
#945=EDGE_CURVE('',#781,#782,#358,.T.);
#946=EDGE_CURVE('',#782,#783,#359,.T.);
#947=EDGE_CURVE('',#783,#784,#360,.T.);
#948=EDGE_CURVE('',#784,#785,#361,.T.);
#949=EDGE_CURVE('',#785,#786,#362,.T.);
#950=EDGE_CURVE('',#786,#787,#363,.T.);
#951=EDGE_CURVE('',#787,#788,#364,.T.);
#952=EDGE_CURVE('',#788,#789,#365,.T.);
#953=EDGE_CURVE('',#789,#790,#366,.T.);
#954=EDGE_CURVE('',#790,#761,#367,.T.);
#955=EDGE_CURVE('',#791,#791,#717,.T.);
#956=EDGE_CURVE('',#792,#792,#718,.T.);
#957=EDGE_CURVE('',#793,#793,#719,.T.);
#958=EDGE_CURVE('',#794,#794,#720,.T.);
#959=EDGE_CURVE('',#794,#791,#368,.T.);
#960=EDGE_CURVE('',#795,#795,#721,.T.);
#961=EDGE_CURVE('',#795,#777,#369,.T.);
#962=EDGE_CURVE('',#796,#796,#722,.T.);
#963=EDGE_CURVE('',#796,#793,#370,.T.);
#964=EDGE_CURVE('',#797,#797,#723,.T.);
#965=EDGE_CURVE('',#797,#792,#371,.T.);
#966=EDGE_CURVE('',#798,#798,#724,.T.);
#967=EDGE_CURVE('',#798,#799,#372,.T.);
#968=EDGE_CURVE('',#799,#799,#725,.T.);
#969=EDGE_CURVE('',#800,#800,#726,.T.);
#970=EDGE_CURVE('',#800,#801,#373,.T.);
#971=EDGE_CURVE('',#801,#801,#727,.T.);
#972=EDGE_CURVE('',#802,#802,#728,.T.);
#973=EDGE_CURVE('',#802,#803,#374,.T.);
#974=EDGE_CURVE('',#803,#803,#729,.T.);
#975=EDGE_CURVE('',#804,#804,#730,.T.);
#976=EDGE_CURVE('',#804,#805,#375,.T.);
#977=EDGE_CURVE('',#805,#805,#731,.T.);
#978=EDGE_CURVE('',#806,#806,#732,.T.);
#979=EDGE_CURVE('',#806,#807,#376,.T.);
#980=EDGE_CURVE('',#807,#807,#733,.T.);
#981=EDGE_CURVE('',#808,#808,#734,.T.);
#982=EDGE_CURVE('',#808,#809,#377,.T.);
#983=EDGE_CURVE('',#809,#809,#735,.T.);
#984=EDGE_CURVE('',#810,#811,#378,.T.);
#985=EDGE_CURVE('',#811,#812,#379,.T.);
#986=EDGE_CURVE('',#812,#813,#380,.T.);
#987=EDGE_CURVE('',#813,#810,#381,.T.);
#988=EDGE_CURVE('',#814,#815,#382,.T.);
#989=EDGE_CURVE('',#815,#813,#383,.T.);
#990=EDGE_CURVE('',#814,#812,#384,.T.);
#991=EDGE_CURVE('',#815,#816,#385,.T.);
#992=EDGE_CURVE('',#816,#810,#386,.T.);
#993=EDGE_CURVE('',#817,#818,#387,.T.);
#994=EDGE_CURVE('',#819,#817,#388,.T.);
#995=EDGE_CURVE('',#820,#819,#389,.T.);
#996=EDGE_CURVE('',#821,#820,#390,.T.);
#997=EDGE_CURVE('',#822,#821,#391,.T.);
#998=EDGE_CURVE('',#818,#822,#392,.T.);
#999=EDGE_CURVE('',#823,#824,#393,.T.);
#1000=EDGE_CURVE('',#824,#817,#394,.T.);
#1001=EDGE_CURVE('',#823,#818,#395,.T.);
#1002=EDGE_CURVE('',#825,#826,#396,.T.);
#1003=EDGE_CURVE('',#825,#816,#397,.T.);
#1004=EDGE_CURVE('',#826,#815,#398,.T.);
#1005=EDGE_CURVE('',#827,#828,#399,.T.);
#1006=EDGE_CURVE('',#827,#823,#400,.T.);
#1007=EDGE_CURVE('',#829,#822,#401,.T.);
#1008=EDGE_CURVE('',#828,#829,#402,.T.);
#1009=EDGE_CURVE('',#830,#831,#403,.T.);
#1010=EDGE_CURVE('',#830,#819,#404,.T.);
#1011=EDGE_CURVE('',#832,#824,#405,.T.);
#1012=EDGE_CURVE('',#831,#832,#406,.T.);
#1013=EDGE_CURVE('',#832,#827,#407,.T.);
#1014=EDGE_CURVE('',#828,#831,#408,.T.);
#1015=EDGE_CURVE('',#826,#833,#409,.T.);
#1016=EDGE_CURVE('',#833,#834,#410,.T.);
#1017=EDGE_CURVE('',#834,#835,#411,.T.);
#1018=EDGE_CURVE('',#835,#828,#412,.T.);
#1019=EDGE_CURVE('',#829,#836,#413,.T.);
#1020=EDGE_CURVE('',#836,#825,#414,.T.);
#1021=EDGE_CURVE('',#831,#837,#415,.T.);
#1022=EDGE_CURVE('',#837,#838,#416,.T.);
#1023=EDGE_CURVE('',#838,#830,#417,.T.);
#1024=EDGE_CURVE('',#787,#839,#418,.T.);
#1025=EDGE_CURVE('',#840,#839,#419,.T.);
#1026=EDGE_CURVE('',#788,#840,#420,.T.);
#1027=EDGE_CURVE('',#841,#840,#421,.T.);
#1028=EDGE_CURVE('',#789,#841,#422,.T.);
#1029=EDGE_CURVE('',#842,#841,#423,.T.);
#1030=EDGE_CURVE('',#790,#842,#424,.T.);
#1031=EDGE_CURVE('',#843,#842,#425,.T.);
#1032=EDGE_CURVE('',#761,#843,#426,.T.);
#1033=EDGE_CURVE('',#844,#843,#427,.T.);
#1034=EDGE_CURVE('',#762,#844,#428,.T.);
#1035=EDGE_CURVE('',#845,#846,#429,.T.);
#1036=EDGE_CURVE('',#845,#847,#430,.T.);
#1037=EDGE_CURVE('',#848,#847,#431,.T.);
#1038=EDGE_CURVE('',#846,#848,#432,.T.);
#1039=EDGE_CURVE('',#846,#849,#433,.T.);
#1040=EDGE_CURVE('',#850,#848,#434,.T.);
#1041=EDGE_CURVE('',#849,#850,#435,.T.);
#1042=EDGE_CURVE('',#849,#851,#436,.T.);
#1043=EDGE_CURVE('',#852,#850,#437,.T.);
#1044=EDGE_CURVE('',#851,#852,#438,.T.);
#1045=EDGE_CURVE('',#851,#853,#439,.T.);
#1046=EDGE_CURVE('',#854,#852,#440,.T.);
#1047=EDGE_CURVE('',#853,#854,#441,.T.);
#1048=EDGE_CURVE('',#853,#855,#442,.T.);
#1049=EDGE_CURVE('',#856,#854,#443,.T.);
#1050=EDGE_CURVE('',#855,#856,#444,.T.);
#1051=EDGE_CURVE('',#839,#857,#445,.T.);
#1052=EDGE_CURVE('',#857,#858,#446,.T.);
#1053=EDGE_CURVE('',#858,#856,#447,.T.);
#1054=EDGE_CURVE('',#847,#859,#448,.T.);
#1055=EDGE_CURVE('',#859,#844,#449,.T.);
#1056=EDGE_CURVE('',#855,#860,#450,.T.);
#1057=EDGE_CURVE('',#860,#861,#451,.T.);
#1058=EDGE_CURVE('',#861,#845,#452,.T.);
#1059=EDGE_CURVE('',#778,#835,#453,.T.);
#1060=EDGE_CURVE('',#779,#834,#454,.T.);
#1061=EDGE_CURVE('',#780,#833,#455,.T.);
#1062=EDGE_CURVE('',#781,#814,#456,.T.);
#1063=EDGE_CURVE('',#782,#811,#457,.T.);
#1064=EDGE_CURVE('',#783,#836,#458,.T.);
#1065=EDGE_CURVE('',#775,#837,#459,.T.);
#1066=EDGE_CURVE('',#862,#863,#460,.T.);
#1067=EDGE_CURVE('',#863,#821,#461,.T.);
#1068=EDGE_CURVE('',#862,#820,#462,.T.);
#1069=EDGE_CURVE('',#864,#862,#463,.T.);
#1070=EDGE_CURVE('',#864,#838,#464,.T.);
#1071=EDGE_CURVE('',#865,#864,#465,.T.);
#1072=EDGE_CURVE('',#865,#774,#466,.T.);
#1073=EDGE_CURVE('',#866,#865,#467,.T.);
#1074=EDGE_CURVE('',#866,#773,#468,.T.);
#1075=EDGE_CURVE('',#867,#866,#469,.T.);
#1076=EDGE_CURVE('',#867,#772,#470,.T.);
#1077=EDGE_CURVE('',#868,#867,#471,.T.);
#1078=EDGE_CURVE('',#868,#771,#472,.T.);
#1079=EDGE_CURVE('',#869,#868,#473,.T.);
#1080=EDGE_CURVE('',#869,#770,#474,.T.);
#1081=EDGE_CURVE('',#870,#869,#475,.T.);
#1082=EDGE_CURVE('',#870,#769,#476,.T.);
#1083=EDGE_CURVE('',#871,#870,#477,.T.);
#1084=EDGE_CURVE('',#871,#768,#478,.T.);
#1085=EDGE_CURVE('',#872,#871,#479,.T.);
#1086=EDGE_CURVE('',#872,#767,#480,.T.);
#1087=EDGE_CURVE('',#873,#872,#481,.T.);
#1088=EDGE_CURVE('',#873,#766,#482,.T.);
#1089=EDGE_CURVE('',#874,#873,#483,.T.);
#1090=EDGE_CURVE('',#874,#765,#484,.T.);
#1091=EDGE_CURVE('',#875,#874,#485,.T.);
#1092=EDGE_CURVE('',#875,#764,#486,.T.);
#1093=EDGE_CURVE('',#876,#875,#487,.T.);
#1094=EDGE_CURVE('',#876,#763,#488,.T.);
#1095=EDGE_CURVE('',#877,#876,#489,.T.);
#1096=EDGE_CURVE('',#877,#859,#490,.T.);
#1097=EDGE_CURVE('',#878,#877,#491,.T.);
#1098=EDGE_CURVE('',#878,#845,#492,.T.);
#1099=EDGE_CURVE('',#879,#878,#493,.T.);
#1100=EDGE_CURVE('',#879,#861,#494,.T.);
#1101=EDGE_CURVE('',#880,#879,#495,.T.);
#1102=EDGE_CURVE('',#880,#860,#496,.T.);
#1103=EDGE_CURVE('',#881,#880,#497,.T.);
#1104=EDGE_CURVE('',#881,#858,#498,.T.);
#1105=EDGE_CURVE('',#882,#881,#499,.T.);
#1106=EDGE_CURVE('',#882,#857,#500,.T.);
#1107=EDGE_CURVE('',#883,#882,#501,.T.);
#1108=EDGE_CURVE('',#883,#786,#502,.T.);
#1109=EDGE_CURVE('',#884,#883,#503,.T.);
#1110=EDGE_CURVE('',#884,#785,#504,.T.);
#1111=EDGE_CURVE('',#885,#884,#505,.T.);
#1112=EDGE_CURVE('',#885,#784,#506,.T.);
#1113=EDGE_CURVE('',#863,#885,#507,.T.);
#1114=ORIENTED_EDGE('',*,*,#886,.F.);
#1115=ORIENTED_EDGE('',*,*,#887,.T.);
#1116=ORIENTED_EDGE('',*,*,#888,.T.);
#1117=ORIENTED_EDGE('',*,*,#887,.F.);
#1118=ORIENTED_EDGE('',*,*,#888,.F.);
#1119=ORIENTED_EDGE('',*,*,#889,.F.);
#1120=ORIENTED_EDGE('',*,*,#890,.T.);
#1121=ORIENTED_EDGE('',*,*,#891,.T.);
#1122=ORIENTED_EDGE('',*,*,#890,.F.);
#1123=ORIENTED_EDGE('',*,*,#891,.F.);
#1124=ORIENTED_EDGE('',*,*,#892,.F.);
#1125=ORIENTED_EDGE('',*,*,#893,.T.);
#1126=ORIENTED_EDGE('',*,*,#894,.T.);
#1127=ORIENTED_EDGE('',*,*,#893,.F.);
#1128=ORIENTED_EDGE('',*,*,#894,.F.);
#1129=ORIENTED_EDGE('',*,*,#895,.F.);
#1130=ORIENTED_EDGE('',*,*,#896,.T.);
#1131=ORIENTED_EDGE('',*,*,#897,.T.);
#1132=ORIENTED_EDGE('',*,*,#896,.F.);
#1133=ORIENTED_EDGE('',*,*,#897,.F.);
#1134=ORIENTED_EDGE('',*,*,#898,.F.);
#1135=ORIENTED_EDGE('',*,*,#899,.T.);
#1136=ORIENTED_EDGE('',*,*,#900,.T.);
#1137=ORIENTED_EDGE('',*,*,#899,.F.);
#1138=ORIENTED_EDGE('',*,*,#900,.F.);
#1139=ORIENTED_EDGE('',*,*,#901,.F.);
#1140=ORIENTED_EDGE('',*,*,#902,.T.);
#1141=ORIENTED_EDGE('',*,*,#903,.T.);
#1142=ORIENTED_EDGE('',*,*,#902,.F.);
#1143=ORIENTED_EDGE('',*,*,#903,.F.);
#1144=ORIENTED_EDGE('',*,*,#904,.F.);
#1145=ORIENTED_EDGE('',*,*,#905,.T.);
#1146=ORIENTED_EDGE('',*,*,#906,.T.);
#1147=ORIENTED_EDGE('',*,*,#905,.F.);
#1148=ORIENTED_EDGE('',*,*,#906,.F.);
#1149=ORIENTED_EDGE('',*,*,#907,.F.);
#1150=ORIENTED_EDGE('',*,*,#908,.T.);
#1151=ORIENTED_EDGE('',*,*,#909,.T.);
#1152=ORIENTED_EDGE('',*,*,#908,.F.);
#1153=ORIENTED_EDGE('',*,*,#909,.F.);
#1154=ORIENTED_EDGE('',*,*,#910,.F.);
#1155=ORIENTED_EDGE('',*,*,#911,.T.);
#1156=ORIENTED_EDGE('',*,*,#912,.T.);
#1157=ORIENTED_EDGE('',*,*,#911,.F.);
#1158=ORIENTED_EDGE('',*,*,#912,.F.);
#1159=ORIENTED_EDGE('',*,*,#913,.F.);
#1160=ORIENTED_EDGE('',*,*,#914,.T.);
#1161=ORIENTED_EDGE('',*,*,#915,.F.);
#1162=ORIENTED_EDGE('',*,*,#914,.F.);
#1163=ORIENTED_EDGE('',*,*,#916,.F.);
#1164=ORIENTED_EDGE('',*,*,#917,.T.);
#1165=ORIENTED_EDGE('',*,*,#918,.F.);
#1166=ORIENTED_EDGE('',*,*,#917,.F.);
#1167=ORIENTED_EDGE('',*,*,#919,.F.);
#1168=ORIENTED_EDGE('',*,*,#920,.T.);
#1169=ORIENTED_EDGE('',*,*,#921,.F.);
#1170=ORIENTED_EDGE('',*,*,#922,.F.);
#1171=ORIENTED_EDGE('',*,*,#920,.F.);
#1172=ORIENTED_EDGE('',*,*,#923,.T.);
#1173=ORIENTED_EDGE('',*,*,#924,.T.);
#1174=ORIENTED_EDGE('',*,*,#925,.T.);
#1175=ORIENTED_EDGE('',*,*,#926,.T.);
#1176=ORIENTED_EDGE('',*,*,#927,.T.);
#1177=ORIENTED_EDGE('',*,*,#928,.T.);
#1178=ORIENTED_EDGE('',*,*,#929,.T.);
#1179=ORIENTED_EDGE('',*,*,#930,.T.);
#1180=ORIENTED_EDGE('',*,*,#931,.T.);
#1181=ORIENTED_EDGE('',*,*,#932,.T.);
#1182=ORIENTED_EDGE('',*,*,#933,.T.);
#1183=ORIENTED_EDGE('',*,*,#934,.T.);
#1184=ORIENTED_EDGE('',*,*,#935,.T.);
#1185=ORIENTED_EDGE('',*,*,#936,.T.);
#1186=ORIENTED_EDGE('',*,*,#937,.T.);
#1187=ORIENTED_EDGE('',*,*,#921,.T.);
#1188=ORIENTED_EDGE('',*,*,#922,.T.);
#1189=ORIENTED_EDGE('',*,*,#938,.T.);
#1190=ORIENTED_EDGE('',*,*,#939,.T.);
#1191=ORIENTED_EDGE('',*,*,#940,.T.);
#1192=ORIENTED_EDGE('',*,*,#941,.T.);
#1193=ORIENTED_EDGE('',*,*,#942,.T.);
#1194=ORIENTED_EDGE('',*,*,#943,.T.);
#1195=ORIENTED_EDGE('',*,*,#944,.T.);
#1196=ORIENTED_EDGE('',*,*,#945,.T.);
#1197=ORIENTED_EDGE('',*,*,#946,.T.);
#1198=ORIENTED_EDGE('',*,*,#947,.T.);
#1199=ORIENTED_EDGE('',*,*,#948,.T.);
#1200=ORIENTED_EDGE('',*,*,#949,.T.);
#1201=ORIENTED_EDGE('',*,*,#950,.T.);
#1202=ORIENTED_EDGE('',*,*,#951,.T.);
#1203=ORIENTED_EDGE('',*,*,#952,.T.);
#1204=ORIENTED_EDGE('',*,*,#953,.T.);
#1205=ORIENTED_EDGE('',*,*,#954,.T.);
#1206=ORIENTED_EDGE('',*,*,#889,.T.);
#1207=ORIENTED_EDGE('',*,*,#895,.T.);
#1208=ORIENTED_EDGE('',*,*,#901,.T.);
#1209=ORIENTED_EDGE('',*,*,#955,.T.);
#1210=ORIENTED_EDGE('',*,*,#956,.T.);
#1211=ORIENTED_EDGE('',*,*,#957,.T.);
#1212=ORIENTED_EDGE('',*,*,#918,.T.);
#1213=ORIENTED_EDGE('',*,*,#915,.T.);
#1214=ORIENTED_EDGE('',*,*,#910,.T.);
#1215=ORIENTED_EDGE('',*,*,#907,.T.);
#1216=ORIENTED_EDGE('',*,*,#904,.T.);
#1217=ORIENTED_EDGE('',*,*,#898,.T.);
#1218=ORIENTED_EDGE('',*,*,#892,.T.);
#1219=ORIENTED_EDGE('',*,*,#886,.T.);
#1220=ORIENTED_EDGE('',*,*,#958,.F.);
#1221=ORIENTED_EDGE('',*,*,#959,.T.);
#1222=ORIENTED_EDGE('',*,*,#955,.F.);
#1223=ORIENTED_EDGE('',*,*,#959,.F.);
#1224=ORIENTED_EDGE('',*,*,#960,.F.);
#1225=ORIENTED_EDGE('',*,*,#961,.T.);
#1226=ORIENTED_EDGE('',*,*,#939,.F.);
#1227=ORIENTED_EDGE('',*,*,#940,.F.);
#1228=ORIENTED_EDGE('',*,*,#961,.F.);
#1229=ORIENTED_EDGE('',*,*,#962,.F.);
#1230=ORIENTED_EDGE('',*,*,#963,.T.);
#1231=ORIENTED_EDGE('',*,*,#957,.F.);
#1232=ORIENTED_EDGE('',*,*,#963,.F.);
#1233=ORIENTED_EDGE('',*,*,#964,.F.);
#1234=ORIENTED_EDGE('',*,*,#965,.T.);
#1235=ORIENTED_EDGE('',*,*,#956,.F.);
#1236=ORIENTED_EDGE('',*,*,#965,.F.);
#1237=ORIENTED_EDGE('',*,*,#966,.F.);
#1238=ORIENTED_EDGE('',*,*,#967,.T.);
#1239=ORIENTED_EDGE('',*,*,#968,.F.);
#1240=ORIENTED_EDGE('',*,*,#967,.F.);
#1241=ORIENTED_EDGE('',*,*,#968,.T.);
#1242=ORIENTED_EDGE('',*,*,#916,.T.);
#1243=ORIENTED_EDGE('',*,*,#969,.F.);
#1244=ORIENTED_EDGE('',*,*,#970,.T.);
#1245=ORIENTED_EDGE('',*,*,#971,.F.);
#1246=ORIENTED_EDGE('',*,*,#970,.F.);
#1247=ORIENTED_EDGE('',*,*,#971,.T.);
#1248=ORIENTED_EDGE('',*,*,#919,.T.);
#1249=ORIENTED_EDGE('',*,*,#972,.F.);
#1250=ORIENTED_EDGE('',*,*,#973,.T.);
#1251=ORIENTED_EDGE('',*,*,#974,.F.);
#1252=ORIENTED_EDGE('',*,*,#973,.F.);
#1253=ORIENTED_EDGE('',*,*,#974,.T.);
#1254=ORIENTED_EDGE('',*,*,#958,.T.);
#1255=ORIENTED_EDGE('',*,*,#975,.F.);
#1256=ORIENTED_EDGE('',*,*,#976,.T.);
#1257=ORIENTED_EDGE('',*,*,#977,.F.);
#1258=ORIENTED_EDGE('',*,*,#976,.F.);
#1259=ORIENTED_EDGE('',*,*,#977,.T.);
#1260=ORIENTED_EDGE('',*,*,#960,.T.);
#1261=ORIENTED_EDGE('',*,*,#978,.F.);
#1262=ORIENTED_EDGE('',*,*,#979,.T.);
#1263=ORIENTED_EDGE('',*,*,#980,.F.);
#1264=ORIENTED_EDGE('',*,*,#979,.F.);
#1265=ORIENTED_EDGE('',*,*,#980,.T.);
#1266=ORIENTED_EDGE('',*,*,#962,.T.);
#1267=ORIENTED_EDGE('',*,*,#981,.F.);
#1268=ORIENTED_EDGE('',*,*,#982,.T.);
#1269=ORIENTED_EDGE('',*,*,#983,.F.);
#1270=ORIENTED_EDGE('',*,*,#982,.F.);
#1271=ORIENTED_EDGE('',*,*,#983,.T.);
#1272=ORIENTED_EDGE('',*,*,#964,.T.);
#1273=ORIENTED_EDGE('',*,*,#984,.T.);
#1274=ORIENTED_EDGE('',*,*,#985,.T.);
#1275=ORIENTED_EDGE('',*,*,#986,.T.);
#1276=ORIENTED_EDGE('',*,*,#987,.T.);
#1277=ORIENTED_EDGE('',*,*,#988,.T.);
#1278=ORIENTED_EDGE('',*,*,#989,.T.);
#1279=ORIENTED_EDGE('',*,*,#986,.F.);
#1280=ORIENTED_EDGE('',*,*,#990,.F.);
#1281=ORIENTED_EDGE('',*,*,#991,.T.);
#1282=ORIENTED_EDGE('',*,*,#992,.T.);
#1283=ORIENTED_EDGE('',*,*,#987,.F.);
#1284=ORIENTED_EDGE('',*,*,#989,.F.);
#1285=ORIENTED_EDGE('',*,*,#993,.F.);
#1286=ORIENTED_EDGE('',*,*,#994,.F.);
#1287=ORIENTED_EDGE('',*,*,#995,.F.);
#1288=ORIENTED_EDGE('',*,*,#996,.F.);
#1289=ORIENTED_EDGE('',*,*,#997,.F.);
#1290=ORIENTED_EDGE('',*,*,#998,.F.);
#1291=ORIENTED_EDGE('',*,*,#999,.T.);
#1292=ORIENTED_EDGE('',*,*,#1000,.T.);
#1293=ORIENTED_EDGE('',*,*,#993,.T.);
#1294=ORIENTED_EDGE('',*,*,#1001,.F.);
#1295=ORIENTED_EDGE('',*,*,#1002,.F.);
#1296=ORIENTED_EDGE('',*,*,#1003,.T.);
#1297=ORIENTED_EDGE('',*,*,#991,.F.);
#1298=ORIENTED_EDGE('',*,*,#1004,.F.);
#1299=ORIENTED_EDGE('',*,*,#1005,.F.);
#1300=ORIENTED_EDGE('',*,*,#1006,.T.);
#1301=ORIENTED_EDGE('',*,*,#1001,.T.);
#1302=ORIENTED_EDGE('',*,*,#998,.T.);
#1303=ORIENTED_EDGE('',*,*,#1007,.F.);
#1304=ORIENTED_EDGE('',*,*,#1008,.F.);
#1305=ORIENTED_EDGE('',*,*,#1009,.F.);
#1306=ORIENTED_EDGE('',*,*,#1010,.T.);
#1307=ORIENTED_EDGE('',*,*,#994,.T.);
#1308=ORIENTED_EDGE('',*,*,#1000,.F.);
#1309=ORIENTED_EDGE('',*,*,#1011,.F.);
#1310=ORIENTED_EDGE('',*,*,#1012,.F.);
#1311=ORIENTED_EDGE('',*,*,#1013,.F.);
#1312=ORIENTED_EDGE('',*,*,#1011,.T.);
#1313=ORIENTED_EDGE('',*,*,#999,.F.);
#1314=ORIENTED_EDGE('',*,*,#1006,.F.);
#1315=ORIENTED_EDGE('',*,*,#1014,.T.);
#1316=ORIENTED_EDGE('',*,*,#1012,.T.);
#1317=ORIENTED_EDGE('',*,*,#1013,.T.);
#1318=ORIENTED_EDGE('',*,*,#1005,.T.);
#1319=ORIENTED_EDGE('',*,*,#1002,.T.);
#1320=ORIENTED_EDGE('',*,*,#1015,.T.);
#1321=ORIENTED_EDGE('',*,*,#1016,.T.);
#1322=ORIENTED_EDGE('',*,*,#1017,.T.);
#1323=ORIENTED_EDGE('',*,*,#1018,.T.);
#1324=ORIENTED_EDGE('',*,*,#1008,.T.);
#1325=ORIENTED_EDGE('',*,*,#1019,.T.);
#1326=ORIENTED_EDGE('',*,*,#1020,.T.);
#1327=ORIENTED_EDGE('',*,*,#1009,.T.);
#1328=ORIENTED_EDGE('',*,*,#1021,.T.);
#1329=ORIENTED_EDGE('',*,*,#1022,.T.);
#1330=ORIENTED_EDGE('',*,*,#1023,.T.);
#1331=ORIENTED_EDGE('',*,*,#951,.F.);
#1332=ORIENTED_EDGE('',*,*,#1024,.T.);
#1333=ORIENTED_EDGE('',*,*,#1025,.F.);
#1334=ORIENTED_EDGE('',*,*,#1026,.F.);
#1335=ORIENTED_EDGE('',*,*,#952,.F.);
#1336=ORIENTED_EDGE('',*,*,#1026,.T.);
#1337=ORIENTED_EDGE('',*,*,#1027,.F.);
#1338=ORIENTED_EDGE('',*,*,#1028,.F.);
#1339=ORIENTED_EDGE('',*,*,#953,.F.);
#1340=ORIENTED_EDGE('',*,*,#1028,.T.);
#1341=ORIENTED_EDGE('',*,*,#1029,.F.);
#1342=ORIENTED_EDGE('',*,*,#1030,.F.);
#1343=ORIENTED_EDGE('',*,*,#954,.F.);
#1344=ORIENTED_EDGE('',*,*,#1030,.T.);
#1345=ORIENTED_EDGE('',*,*,#1031,.F.);
#1346=ORIENTED_EDGE('',*,*,#1032,.F.);
#1347=ORIENTED_EDGE('',*,*,#923,.F.);
#1348=ORIENTED_EDGE('',*,*,#1032,.T.);
#1349=ORIENTED_EDGE('',*,*,#1033,.F.);
#1350=ORIENTED_EDGE('',*,*,#1034,.F.);
#1351=ORIENTED_EDGE('',*,*,#1035,.F.);
#1352=ORIENTED_EDGE('',*,*,#1036,.T.);
#1353=ORIENTED_EDGE('',*,*,#1037,.F.);
#1354=ORIENTED_EDGE('',*,*,#1038,.F.);
#1355=ORIENTED_EDGE('',*,*,#1039,.F.);
#1356=ORIENTED_EDGE('',*,*,#1038,.T.);
#1357=ORIENTED_EDGE('',*,*,#1040,.F.);
#1358=ORIENTED_EDGE('',*,*,#1041,.F.);
#1359=ORIENTED_EDGE('',*,*,#1042,.F.);
#1360=ORIENTED_EDGE('',*,*,#1041,.T.);
#1361=ORIENTED_EDGE('',*,*,#1043,.F.);
#1362=ORIENTED_EDGE('',*,*,#1044,.F.);
#1363=ORIENTED_EDGE('',*,*,#1045,.F.);
#1364=ORIENTED_EDGE('',*,*,#1044,.T.);
#1365=ORIENTED_EDGE('',*,*,#1046,.F.);
#1366=ORIENTED_EDGE('',*,*,#1047,.F.);
#1367=ORIENTED_EDGE('',*,*,#1048,.F.);
#1368=ORIENTED_EDGE('',*,*,#1047,.T.);
#1369=ORIENTED_EDGE('',*,*,#1049,.F.);
#1370=ORIENTED_EDGE('',*,*,#1050,.F.);
#1371=ORIENTED_EDGE('',*,*,#1051,.T.);
#1372=ORIENTED_EDGE('',*,*,#1052,.T.);
#1373=ORIENTED_EDGE('',*,*,#1053,.T.);
#1374=ORIENTED_EDGE('',*,*,#1049,.T.);
#1375=ORIENTED_EDGE('',*,*,#1046,.T.);
#1376=ORIENTED_EDGE('',*,*,#1043,.T.);
#1377=ORIENTED_EDGE('',*,*,#1040,.T.);
#1378=ORIENTED_EDGE('',*,*,#1037,.T.);
#1379=ORIENTED_EDGE('',*,*,#1054,.T.);
#1380=ORIENTED_EDGE('',*,*,#1055,.T.);
#1381=ORIENTED_EDGE('',*,*,#1033,.T.);
#1382=ORIENTED_EDGE('',*,*,#1031,.T.);
#1383=ORIENTED_EDGE('',*,*,#1029,.T.);
#1384=ORIENTED_EDGE('',*,*,#1027,.T.);
#1385=ORIENTED_EDGE('',*,*,#1025,.T.);
#1386=ORIENTED_EDGE('',*,*,#1035,.T.);
#1387=ORIENTED_EDGE('',*,*,#1039,.T.);
#1388=ORIENTED_EDGE('',*,*,#1042,.T.);
#1389=ORIENTED_EDGE('',*,*,#1045,.T.);
#1390=ORIENTED_EDGE('',*,*,#1048,.T.);
#1391=ORIENTED_EDGE('',*,*,#1056,.T.);
#1392=ORIENTED_EDGE('',*,*,#1057,.T.);
#1393=ORIENTED_EDGE('',*,*,#1058,.T.);
#1394=ORIENTED_EDGE('',*,*,#942,.F.);
#1395=ORIENTED_EDGE('',*,*,#1059,.T.);
#1396=ORIENTED_EDGE('',*,*,#1017,.F.);
#1397=ORIENTED_EDGE('',*,*,#1060,.F.);
#1398=ORIENTED_EDGE('',*,*,#943,.F.);
#1399=ORIENTED_EDGE('',*,*,#1060,.T.);
#1400=ORIENTED_EDGE('',*,*,#1016,.F.);
#1401=ORIENTED_EDGE('',*,*,#1061,.F.);
#1402=ORIENTED_EDGE('',*,*,#944,.F.);
#1403=ORIENTED_EDGE('',*,*,#1061,.T.);
#1404=ORIENTED_EDGE('',*,*,#1015,.F.);
#1405=ORIENTED_EDGE('',*,*,#1004,.T.);
#1406=ORIENTED_EDGE('',*,*,#988,.F.);
#1407=ORIENTED_EDGE('',*,*,#1062,.F.);
#1408=ORIENTED_EDGE('',*,*,#945,.F.);
#1409=ORIENTED_EDGE('',*,*,#1062,.T.);
#1410=ORIENTED_EDGE('',*,*,#990,.T.);
#1411=ORIENTED_EDGE('',*,*,#985,.F.);
#1412=ORIENTED_EDGE('',*,*,#1063,.F.);
#1413=ORIENTED_EDGE('',*,*,#946,.F.);
#1414=ORIENTED_EDGE('',*,*,#1063,.T.);
#1415=ORIENTED_EDGE('',*,*,#984,.F.);
#1416=ORIENTED_EDGE('',*,*,#992,.F.);
#1417=ORIENTED_EDGE('',*,*,#1003,.F.);
#1418=ORIENTED_EDGE('',*,*,#1020,.F.);
#1419=ORIENTED_EDGE('',*,*,#1064,.F.);
#1420=ORIENTED_EDGE('',*,*,#937,.F.);
#1421=ORIENTED_EDGE('',*,*,#1065,.T.);
#1422=ORIENTED_EDGE('',*,*,#1021,.F.);
#1423=ORIENTED_EDGE('',*,*,#1014,.F.);
#1424=ORIENTED_EDGE('',*,*,#1018,.F.);
#1425=ORIENTED_EDGE('',*,*,#1059,.F.);
#1426=ORIENTED_EDGE('',*,*,#941,.F.);
#1427=ORIENTED_EDGE('',*,*,#938,.F.);
#1428=ORIENTED_EDGE('',*,*,#1066,.T.);
#1429=ORIENTED_EDGE('',*,*,#1067,.T.);
#1430=ORIENTED_EDGE('',*,*,#996,.T.);
#1431=ORIENTED_EDGE('',*,*,#1068,.F.);
#1432=ORIENTED_EDGE('',*,*,#1069,.T.);
#1433=ORIENTED_EDGE('',*,*,#1068,.T.);
#1434=ORIENTED_EDGE('',*,*,#995,.T.);
#1435=ORIENTED_EDGE('',*,*,#1010,.F.);
#1436=ORIENTED_EDGE('',*,*,#1023,.F.);
#1437=ORIENTED_EDGE('',*,*,#1070,.F.);
#1438=ORIENTED_EDGE('',*,*,#1071,.T.);
#1439=ORIENTED_EDGE('',*,*,#1070,.T.);
#1440=ORIENTED_EDGE('',*,*,#1022,.F.);
#1441=ORIENTED_EDGE('',*,*,#1065,.F.);
#1442=ORIENTED_EDGE('',*,*,#936,.F.);
#1443=ORIENTED_EDGE('',*,*,#1072,.F.);
#1444=ORIENTED_EDGE('',*,*,#1073,.T.);
#1445=ORIENTED_EDGE('',*,*,#1072,.T.);
#1446=ORIENTED_EDGE('',*,*,#935,.F.);
#1447=ORIENTED_EDGE('',*,*,#1074,.F.);
#1448=ORIENTED_EDGE('',*,*,#1075,.T.);
#1449=ORIENTED_EDGE('',*,*,#1074,.T.);
#1450=ORIENTED_EDGE('',*,*,#934,.F.);
#1451=ORIENTED_EDGE('',*,*,#1076,.F.);
#1452=ORIENTED_EDGE('',*,*,#1077,.T.);
#1453=ORIENTED_EDGE('',*,*,#1076,.T.);
#1454=ORIENTED_EDGE('',*,*,#933,.F.);
#1455=ORIENTED_EDGE('',*,*,#1078,.F.);
#1456=ORIENTED_EDGE('',*,*,#1079,.T.);
#1457=ORIENTED_EDGE('',*,*,#1078,.T.);
#1458=ORIENTED_EDGE('',*,*,#932,.F.);
#1459=ORIENTED_EDGE('',*,*,#1080,.F.);
#1460=ORIENTED_EDGE('',*,*,#1081,.T.);
#1461=ORIENTED_EDGE('',*,*,#1080,.T.);
#1462=ORIENTED_EDGE('',*,*,#931,.F.);
#1463=ORIENTED_EDGE('',*,*,#1082,.F.);
#1464=ORIENTED_EDGE('',*,*,#1083,.T.);
#1465=ORIENTED_EDGE('',*,*,#1082,.T.);
#1466=ORIENTED_EDGE('',*,*,#930,.F.);
#1467=ORIENTED_EDGE('',*,*,#1084,.F.);
#1468=ORIENTED_EDGE('',*,*,#1085,.T.);
#1469=ORIENTED_EDGE('',*,*,#1084,.T.);
#1470=ORIENTED_EDGE('',*,*,#929,.F.);
#1471=ORIENTED_EDGE('',*,*,#1086,.F.);
#1472=ORIENTED_EDGE('',*,*,#1087,.T.);
#1473=ORIENTED_EDGE('',*,*,#1086,.T.);
#1474=ORIENTED_EDGE('',*,*,#928,.F.);
#1475=ORIENTED_EDGE('',*,*,#1088,.F.);
#1476=ORIENTED_EDGE('',*,*,#1089,.T.);
#1477=ORIENTED_EDGE('',*,*,#1088,.T.);
#1478=ORIENTED_EDGE('',*,*,#927,.F.);
#1479=ORIENTED_EDGE('',*,*,#1090,.F.);
#1480=ORIENTED_EDGE('',*,*,#1091,.T.);
#1481=ORIENTED_EDGE('',*,*,#1090,.T.);
#1482=ORIENTED_EDGE('',*,*,#926,.F.);
#1483=ORIENTED_EDGE('',*,*,#1092,.F.);
#1484=ORIENTED_EDGE('',*,*,#1093,.T.);
#1485=ORIENTED_EDGE('',*,*,#1092,.T.);
#1486=ORIENTED_EDGE('',*,*,#925,.F.);
#1487=ORIENTED_EDGE('',*,*,#1094,.F.);
#1488=ORIENTED_EDGE('',*,*,#1095,.T.);
#1489=ORIENTED_EDGE('',*,*,#1094,.T.);
#1490=ORIENTED_EDGE('',*,*,#924,.F.);
#1491=ORIENTED_EDGE('',*,*,#1034,.T.);
#1492=ORIENTED_EDGE('',*,*,#1055,.F.);
#1493=ORIENTED_EDGE('',*,*,#1096,.F.);
#1494=ORIENTED_EDGE('',*,*,#1097,.T.);
#1495=ORIENTED_EDGE('',*,*,#1096,.T.);
#1496=ORIENTED_EDGE('',*,*,#1054,.F.);
#1497=ORIENTED_EDGE('',*,*,#1036,.F.);
#1498=ORIENTED_EDGE('',*,*,#1098,.F.);
#1499=ORIENTED_EDGE('',*,*,#1099,.T.);
#1500=ORIENTED_EDGE('',*,*,#1098,.T.);
#1501=ORIENTED_EDGE('',*,*,#1058,.F.);
#1502=ORIENTED_EDGE('',*,*,#1100,.F.);
#1503=ORIENTED_EDGE('',*,*,#1101,.T.);
#1504=ORIENTED_EDGE('',*,*,#1100,.T.);
#1505=ORIENTED_EDGE('',*,*,#1057,.F.);
#1506=ORIENTED_EDGE('',*,*,#1102,.F.);
#1507=ORIENTED_EDGE('',*,*,#1103,.T.);
#1508=ORIENTED_EDGE('',*,*,#1102,.T.);
#1509=ORIENTED_EDGE('',*,*,#1056,.F.);
#1510=ORIENTED_EDGE('',*,*,#1050,.T.);
#1511=ORIENTED_EDGE('',*,*,#1053,.F.);
#1512=ORIENTED_EDGE('',*,*,#1104,.F.);
#1513=ORIENTED_EDGE('',*,*,#1105,.T.);
#1514=ORIENTED_EDGE('',*,*,#1104,.T.);
#1515=ORIENTED_EDGE('',*,*,#1052,.F.);
#1516=ORIENTED_EDGE('',*,*,#1106,.F.);
#1517=ORIENTED_EDGE('',*,*,#1107,.T.);
#1518=ORIENTED_EDGE('',*,*,#1106,.T.);
#1519=ORIENTED_EDGE('',*,*,#1051,.F.);
#1520=ORIENTED_EDGE('',*,*,#1024,.F.);
#1521=ORIENTED_EDGE('',*,*,#950,.F.);
#1522=ORIENTED_EDGE('',*,*,#1108,.F.);
#1523=ORIENTED_EDGE('',*,*,#1109,.T.);
#1524=ORIENTED_EDGE('',*,*,#1108,.T.);
#1525=ORIENTED_EDGE('',*,*,#949,.F.);
#1526=ORIENTED_EDGE('',*,*,#1110,.F.);
#1527=ORIENTED_EDGE('',*,*,#1111,.T.);
#1528=ORIENTED_EDGE('',*,*,#1110,.T.);
#1529=ORIENTED_EDGE('',*,*,#948,.F.);
#1530=ORIENTED_EDGE('',*,*,#1112,.F.);
#1531=ORIENTED_EDGE('',*,*,#1113,.T.);
#1532=ORIENTED_EDGE('',*,*,#1112,.T.);
#1533=ORIENTED_EDGE('',*,*,#947,.F.);
#1534=ORIENTED_EDGE('',*,*,#1064,.T.);
#1535=ORIENTED_EDGE('',*,*,#1019,.F.);
#1536=ORIENTED_EDGE('',*,*,#1007,.T.);
#1537=ORIENTED_EDGE('',*,*,#997,.T.);
#1538=ORIENTED_EDGE('',*,*,#1067,.F.);
#1539=ORIENTED_EDGE('',*,*,#1113,.F.);
#1540=ORIENTED_EDGE('',*,*,#1066,.F.);
#1541=ORIENTED_EDGE('',*,*,#1069,.F.);
#1542=ORIENTED_EDGE('',*,*,#1071,.F.);
#1543=ORIENTED_EDGE('',*,*,#1073,.F.);
#1544=ORIENTED_EDGE('',*,*,#1075,.F.);
#1545=ORIENTED_EDGE('',*,*,#1077,.F.);
#1546=ORIENTED_EDGE('',*,*,#1079,.F.);
#1547=ORIENTED_EDGE('',*,*,#1081,.F.);
#1548=ORIENTED_EDGE('',*,*,#1083,.F.);
#1549=ORIENTED_EDGE('',*,*,#1085,.F.);
#1550=ORIENTED_EDGE('',*,*,#1087,.F.);
#1551=ORIENTED_EDGE('',*,*,#1089,.F.);
#1552=ORIENTED_EDGE('',*,*,#1091,.F.);
#1553=ORIENTED_EDGE('',*,*,#1093,.F.);
#1554=ORIENTED_EDGE('',*,*,#1095,.F.);
#1555=ORIENTED_EDGE('',*,*,#1097,.F.);
#1556=ORIENTED_EDGE('',*,*,#1099,.F.);
#1557=ORIENTED_EDGE('',*,*,#1101,.F.);
#1558=ORIENTED_EDGE('',*,*,#1103,.F.);
#1559=ORIENTED_EDGE('',*,*,#1105,.F.);
#1560=ORIENTED_EDGE('',*,*,#1107,.F.);
#1561=ORIENTED_EDGE('',*,*,#1109,.F.);
#1562=ORIENTED_EDGE('',*,*,#1111,.F.);
#1563=ORIENTED_EDGE('',*,*,#913,.T.);
#1564=ORIENTED_EDGE('',*,*,#966,.T.);
#1565=ORIENTED_EDGE('',*,*,#969,.T.);
#1566=ORIENTED_EDGE('',*,*,#972,.T.);
#1567=ORIENTED_EDGE('',*,*,#975,.T.);
#1568=ORIENTED_EDGE('',*,*,#978,.T.);
#1569=ORIENTED_EDGE('',*,*,#981,.T.);
#1570=CYLINDRICAL_SURFACE('',#1699,0.075);
#1571=CYLINDRICAL_SURFACE('',#1703,0.075);
#1572=CYLINDRICAL_SURFACE('',#1707,0.075);
#1573=CYLINDRICAL_SURFACE('',#1711,0.075);
#1574=CYLINDRICAL_SURFACE('',#1715,0.075);
#1575=CYLINDRICAL_SURFACE('',#1719,0.075);
#1576=CYLINDRICAL_SURFACE('',#1723,0.075);
#1577=CYLINDRICAL_SURFACE('',#1727,0.075);
#1578=CYLINDRICAL_SURFACE('',#1731,0.075);
#1579=CYLINDRICAL_SURFACE('',#1735,0.376);
#1580=CYLINDRICAL_SURFACE('',#1738,0.17);
#1581=CYLINDRICAL_SURFACE('',#1741,0.17);
#1582=CYLINDRICAL_SURFACE('',#1751,0.17);
#1583=CYLINDRICAL_SURFACE('',#1753,0.17);
#1584=CYLINDRICAL_SURFACE('',#1755,0.17);
#1585=CYLINDRICAL_SURFACE('',#1757,0.17);
#1586=CYLINDRICAL_SURFACE('',#1759,0.4);
#1587=CYLINDRICAL_SURFACE('',#1763,0.4);
#1588=CYLINDRICAL_SURFACE('',#1767,0.4);
#1589=CYLINDRICAL_SURFACE('',#1771,0.4);
#1590=CYLINDRICAL_SURFACE('',#1775,0.4);
#1591=CYLINDRICAL_SURFACE('',#1779,0.4);
#1592=ADVANCED_FACE('',(#113),#1570,.F.);
#1593=ADVANCED_FACE('',(#114),#42,.F.);
#1594=ADVANCED_FACE('',(#115),#1571,.F.);
#1595=ADVANCED_FACE('',(#116),#43,.F.);
#1596=ADVANCED_FACE('',(#117),#1572,.F.);
#1597=ADVANCED_FACE('',(#118),#44,.F.);
#1598=ADVANCED_FACE('',(#119),#1573,.F.);
#1599=ADVANCED_FACE('',(#120),#45,.F.);
#1600=ADVANCED_FACE('',(#121),#1574,.F.);
#1601=ADVANCED_FACE('',(#122),#46,.F.);
#1602=ADVANCED_FACE('',(#123),#1575,.F.);
#1603=ADVANCED_FACE('',(#124),#47,.F.);
#1604=ADVANCED_FACE('',(#125),#1576,.F.);
#1605=ADVANCED_FACE('',(#126),#48,.F.);
#1606=ADVANCED_FACE('',(#127),#1577,.F.);
#1607=ADVANCED_FACE('',(#128),#49,.F.);
#1608=ADVANCED_FACE('',(#129),#1578,.F.);
#1609=ADVANCED_FACE('',(#130),#50,.F.);
#1610=ADVANCED_FACE('',(#131),#1579,.F.);
#1611=ADVANCED_FACE('',(#132),#1580,.F.);
#1612=ADVANCED_FACE('',(#133),#1581,.F.);
#1613=ADVANCED_FACE('',(#134,#15,#16,#17,#18,#19,#20,#21,#22,#23,#24,#25,
#26,#27,#28),#51,.T.);
#1614=ADVANCED_FACE('',(#135),#1582,.F.);
#1615=ADVANCED_FACE('',(#136),#1583,.F.);
#1616=ADVANCED_FACE('',(#137),#1584,.F.);
#1617=ADVANCED_FACE('',(#138),#1585,.F.);
#1618=ADVANCED_FACE('',(#139),#1586,.T.);
#1619=ADVANCED_FACE('',(#140,#29),#52,.T.);
#1620=ADVANCED_FACE('',(#141),#1587,.T.);
#1621=ADVANCED_FACE('',(#142,#30),#53,.T.);
#1622=ADVANCED_FACE('',(#143),#1588,.T.);
#1623=ADVANCED_FACE('',(#144,#31),#54,.T.);
#1624=ADVANCED_FACE('',(#145),#1589,.T.);
#1625=ADVANCED_FACE('',(#146,#32),#55,.T.);
#1626=ADVANCED_FACE('',(#147),#1590,.T.);
#1627=ADVANCED_FACE('',(#148,#33),#56,.T.);
#1628=ADVANCED_FACE('',(#149),#1591,.T.);
#1629=ADVANCED_FACE('',(#150,#34),#57,.T.);
#1630=ADVANCED_FACE('',(#151),#58,.F.);
#1631=ADVANCED_FACE('',(#152),#59,.T.);
#1632=ADVANCED_FACE('',(#153),#60,.T.);
#1633=ADVANCED_FACE('',(#154),#61,.F.);
#1634=ADVANCED_FACE('',(#155),#62,.F.);
#1635=ADVANCED_FACE('',(#156),#63,.T.);
#1636=ADVANCED_FACE('',(#157),#64,.T.);
#1637=ADVANCED_FACE('',(#158),#65,.T.);
#1638=ADVANCED_FACE('',(#159),#66,.T.);
#1639=ADVANCED_FACE('',(#160),#67,.T.);
#1640=ADVANCED_FACE('',(#161),#68,.T.);
#1641=ADVANCED_FACE('',(#162),#69,.T.);
#1642=ADVANCED_FACE('',(#163),#70,.T.);
#1643=ADVANCED_FACE('',(#164),#71,.T.);
#1644=ADVANCED_FACE('',(#165),#72,.T.);
#1645=ADVANCED_FACE('',(#166),#73,.T.);
#1646=ADVANCED_FACE('',(#167),#74,.T.);
#1647=ADVANCED_FACE('',(#168),#75,.T.);
#1648=ADVANCED_FACE('',(#169),#76,.T.);
#1649=ADVANCED_FACE('',(#170),#77,.T.);
#1650=ADVANCED_FACE('',(#171),#78,.T.);
#1651=ADVANCED_FACE('',(#172),#79,.T.);
#1652=ADVANCED_FACE('',(#173),#80,.T.);
#1653=ADVANCED_FACE('',(#174),#81,.T.);
#1654=ADVANCED_FACE('',(#175),#82,.T.);
#1655=ADVANCED_FACE('',(#176),#83,.T.);
#1656=ADVANCED_FACE('',(#177),#84,.T.);
#1657=ADVANCED_FACE('',(#178),#85,.T.);
#1658=ADVANCED_FACE('',(#179),#86,.T.);
#1659=ADVANCED_FACE('',(#180),#87,.T.);
#1660=ADVANCED_FACE('',(#181),#88,.T.);
#1661=ADVANCED_FACE('',(#182),#89,.T.);
#1662=ADVANCED_FACE('',(#183),#90,.T.);
#1663=ADVANCED_FACE('',(#184),#91,.T.);
#1664=ADVANCED_FACE('',(#185),#92,.T.);
#1665=ADVANCED_FACE('',(#186),#93,.T.);
#1666=ADVANCED_FACE('',(#187),#94,.T.);
#1667=ADVANCED_FACE('',(#188),#95,.T.);
#1668=ADVANCED_FACE('',(#189),#96,.T.);
#1669=ADVANCED_FACE('',(#190),#97,.T.);
#1670=ADVANCED_FACE('',(#191),#98,.T.);
#1671=ADVANCED_FACE('',(#192),#99,.T.);
#1672=ADVANCED_FACE('',(#193),#100,.T.);
#1673=ADVANCED_FACE('',(#194),#101,.T.);
#1674=ADVANCED_FACE('',(#195),#102,.T.);
#1675=ADVANCED_FACE('',(#196),#103,.T.);
#1676=ADVANCED_FACE('',(#197),#104,.T.);
#1677=ADVANCED_FACE('',(#198),#105,.T.);
#1678=ADVANCED_FACE('',(#199),#106,.T.);
#1679=ADVANCED_FACE('',(#200),#107,.T.);
#1680=ADVANCED_FACE('',(#201),#108,.T.);
#1681=ADVANCED_FACE('',(#202),#109,.T.);
#1682=ADVANCED_FACE('',(#203),#110,.T.);
#1683=ADVANCED_FACE('',(#204),#111,.T.);
#1684=ADVANCED_FACE('',(#205,#35,#36,#37,#38,#39,#40,#41),#112,.T.);
#1685=CLOSED_SHELL('',(#1592,#1593,#1594,#1595,#1596,#1597,#1598,#1599,
#1600,#1601,#1602,#1603,#1604,#1605,#1606,#1607,#1608,#1609,#1610,#1611,
#1612,#1613,#1614,#1615,#1616,#1617,#1618,#1619,#1620,#1621,#1622,#1623,
#1624,#1625,#1626,#1627,#1628,#1629,#1630,#1631,#1632,#1633,#1634,#1635,
#1636,#1637,#1638,#1639,#1640,#1641,#1642,#1643,#1644,#1645,#1646,#1647,
#1648,#1649,#1650,#1651,#1652,#1653,#1654,#1655,#1656,#1657,#1658,#1659,
#1660,#1661,#1662,#1663,#1664,#1665,#1666,#1667,#1668,#1669,#1670,#1671,
#1672,#1673,#1674,#1675,#1676,#1677,#1678,#1679,#1680,#1681,#1682,#1683,
#1684));
#1686=DERIVED_UNIT_ELEMENT(#1688,1.);
#1687=DERIVED_UNIT_ELEMENT(#2777,-3.);
#1688=(
MASS_UNIT()
NAMED_UNIT(*)
SI_UNIT(.KILO.,.GRAM.)
);
#1689=DERIVED_UNIT((#1686,#1687));
#1690=MEASURE_REPRESENTATION_ITEM('density measure',
POSITIVE_RATIO_MEASURE(7850.),#1689);
#1691=PROPERTY_DEFINITION_REPRESENTATION(#1696,#1693);
#1692=PROPERTY_DEFINITION_REPRESENTATION(#1697,#1694);
#1693=REPRESENTATION('material name',(#1695),#2774);
#1694=REPRESENTATION('density',(#1690),#2774);
#1695=DESCRIPTIVE_REPRESENTATION_ITEM('Steel','Steel');
#1696=PROPERTY_DEFINITION('material property','material name',#2784);
#1697=PROPERTY_DEFINITION('material property','density of part',#2784);
#1698=AXIS2_PLACEMENT_3D('',#2300,#1838,#1839);
#1699=AXIS2_PLACEMENT_3D('',#2301,#1840,#1841);
#1700=AXIS2_PLACEMENT_3D('',#2303,#1842,#1843);
#1701=AXIS2_PLACEMENT_3D('',#2306,#1845,#1846);
#1702=AXIS2_PLACEMENT_3D('',#2307,#1847,#1848);
#1703=AXIS2_PLACEMENT_3D('',#2308,#1849,#1850);
#1704=AXIS2_PLACEMENT_3D('',#2310,#1851,#1852);
#1705=AXIS2_PLACEMENT_3D('',#2313,#1854,#1855);
#1706=AXIS2_PLACEMENT_3D('',#2314,#1856,#1857);
#1707=AXIS2_PLACEMENT_3D('',#2315,#1858,#1859);
#1708=AXIS2_PLACEMENT_3D('',#2317,#1860,#1861);
#1709=AXIS2_PLACEMENT_3D('',#2320,#1863,#1864);
#1710=AXIS2_PLACEMENT_3D('',#2321,#1865,#1866);
#1711=AXIS2_PLACEMENT_3D('',#2322,#1867,#1868);
#1712=AXIS2_PLACEMENT_3D('',#2324,#1869,#1870);
#1713=AXIS2_PLACEMENT_3D('',#2327,#1872,#1873);
#1714=AXIS2_PLACEMENT_3D('',#2328,#1874,#1875);
#1715=AXIS2_PLACEMENT_3D('',#2329,#1876,#1877);
#1716=AXIS2_PLACEMENT_3D('',#2331,#1878,#1879);
#1717=AXIS2_PLACEMENT_3D('',#2334,#1881,#1882);
#1718=AXIS2_PLACEMENT_3D('',#2335,#1883,#1884);
#1719=AXIS2_PLACEMENT_3D('',#2336,#1885,#1886);
#1720=AXIS2_PLACEMENT_3D('',#2338,#1887,#1888);
#1721=AXIS2_PLACEMENT_3D('',#2341,#1890,#1891);
#1722=AXIS2_PLACEMENT_3D('',#2342,#1892,#1893);
#1723=AXIS2_PLACEMENT_3D('',#2343,#1894,#1895);
#1724=AXIS2_PLACEMENT_3D('',#2345,#1896,#1897);
#1725=AXIS2_PLACEMENT_3D('',#2348,#1899,#1900);
#1726=AXIS2_PLACEMENT_3D('',#2349,#1901,#1902);
#1727=AXIS2_PLACEMENT_3D('',#2350,#1903,#1904);
#1728=AXIS2_PLACEMENT_3D('',#2352,#1905,#1906);
#1729=AXIS2_PLACEMENT_3D('',#2355,#1908,#1909);
#1730=AXIS2_PLACEMENT_3D('',#2356,#1910,#1911);
#1731=AXIS2_PLACEMENT_3D('',#2357,#1912,#1913);
#1732=AXIS2_PLACEMENT_3D('',#2359,#1914,#1915);
#1733=AXIS2_PLACEMENT_3D('',#2362,#1917,#1918);
#1734=AXIS2_PLACEMENT_3D('',#2363,#1919,#1920);
#1735=AXIS2_PLACEMENT_3D('',#2364,#1921,#1922);
#1736=AXIS2_PLACEMENT_3D('',#2366,#1923,#1924);
#1737=AXIS2_PLACEMENT_3D('',#2369,#1926,#1927);
#1738=AXIS2_PLACEMENT_3D('',#2370,#1928,#1929);
#1739=AXIS2_PLACEMENT_3D('',#2372,#1930,#1931);
#1740=AXIS2_PLACEMENT_3D('',#2375,#1933,#1934);
#1741=AXIS2_PLACEMENT_3D('',#2376,#1935,#1936);
#1742=AXIS2_PLACEMENT_3D('',#2378,#1937,#1938);
#1743=AXIS2_PLACEMENT_3D('',#2382,#1940,#1941);
#1744=AXIS2_PLACEMENT_3D('',#2383,#1942,#1943);
#1745=AXIS2_PLACEMENT_3D('',#2384,#1944,#1945);
#1746=AXIS2_PLACEMENT_3D('',#2418,#1962,#1963);
#1747=AXIS2_PLACEMENT_3D('',#2419,#1964,#1965);
#1748=AXIS2_PLACEMENT_3D('',#2448,#1980,#1981);
#1749=AXIS2_PLACEMENT_3D('',#2450,#1982,#1983);
#1750=AXIS2_PLACEMENT_3D('',#2452,#1984,#1985);
#1751=AXIS2_PLACEMENT_3D('',#2453,#1986,#1987);
#1752=AXIS2_PLACEMENT_3D('',#2455,#1988,#1989);
#1753=AXIS2_PLACEMENT_3D('',#2457,#1991,#1992);
#1754=AXIS2_PLACEMENT_3D('',#2459,#1993,#1994);
#1755=AXIS2_PLACEMENT_3D('',#2461,#1996,#1997);
#1756=AXIS2_PLACEMENT_3D('',#2463,#1998,#1999);
#1757=AXIS2_PLACEMENT_3D('',#2465,#2001,#2002);
#1758=AXIS2_PLACEMENT_3D('',#2467,#2003,#2004);
#1759=AXIS2_PLACEMENT_3D('',#2469,#2006,#2007);
#1760=AXIS2_PLACEMENT_3D('',#2471,#2008,#2009);
#1761=AXIS2_PLACEMENT_3D('',#2474,#2011,#2012);
#1762=AXIS2_PLACEMENT_3D('',#2475,#2013,#2014);
#1763=AXIS2_PLACEMENT_3D('',#2476,#2015,#2016);
#1764=AXIS2_PLACEMENT_3D('',#2478,#2017,#2018);
#1765=AXIS2_PLACEMENT_3D('',#2481,#2020,#2021);
#1766=AXIS2_PLACEMENT_3D('',#2482,#2022,#2023);
#1767=AXIS2_PLACEMENT_3D('',#2483,#2024,#2025);
#1768=AXIS2_PLACEMENT_3D('',#2485,#2026,#2027);
#1769=AXIS2_PLACEMENT_3D('',#2488,#2029,#2030);
#1770=AXIS2_PLACEMENT_3D('',#2489,#2031,#2032);
#1771=AXIS2_PLACEMENT_3D('',#2490,#2033,#2034);
#1772=AXIS2_PLACEMENT_3D('',#2492,#2035,#2036);
#1773=AXIS2_PLACEMENT_3D('',#2495,#2038,#2039);
#1774=AXIS2_PLACEMENT_3D('',#2496,#2040,#2041);
#1775=AXIS2_PLACEMENT_3D('',#2497,#2042,#2043);
#1776=AXIS2_PLACEMENT_3D('',#2499,#2044,#2045);
#1777=AXIS2_PLACEMENT_3D('',#2502,#2047,#2048);
#1778=AXIS2_PLACEMENT_3D('',#2503,#2049,#2050);
#1779=AXIS2_PLACEMENT_3D('',#2504,#2051,#2052);
#1780=AXIS2_PLACEMENT_3D('',#2506,#2053,#2054);
#1781=AXIS2_PLACEMENT_3D('',#2509,#2056,#2057);
#1782=AXIS2_PLACEMENT_3D('',#2510,#2058,#2059);
#1783=AXIS2_PLACEMENT_3D('',#2511,#2060,#2061);
#1784=AXIS2_PLACEMENT_3D('',#2520,#2066,#2067);
#1785=AXIS2_PLACEMENT_3D('',#2526,#2071,#2072);
#1786=AXIS2_PLACEMENT_3D('',#2530,#2075,#2076);
#1787=AXIS2_PLACEMENT_3D('',#2543,#2083,#2084);
#1788=AXIS2_PLACEMENT_3D('',#2549,#2088,#2089);
#1789=AXIS2_PLACEMENT_3D('',#2555,#2093,#2094);
#1790=AXIS2_PLACEMENT_3D('',#2563,#2099,#2100);
#1791=AXIS2_PLACEMENT_3D('',#2571,#2105,#2106);
#1792=AXIS2_PLACEMENT_3D('',#2573,#2108,#2109);
#1793=AXIS2_PLACEMENT_3D('',#2575,#2111,#2112);
#1794=AXIS2_PLACEMENT_3D('',#2586,#2119,#2120);
#1795=AXIS2_PLACEMENT_3D('',#2592,#2124,#2125);
#1796=AXIS2_PLACEMENT_3D('',#2598,#2129,#2130);
#1797=AXIS2_PLACEMENT_3D('',#2602,#2133,#2134);
#1798=AXIS2_PLACEMENT_3D('',#2606,#2137,#2138);
#1799=AXIS2_PLACEMENT_3D('',#2610,#2141,#2142);
#1800=AXIS2_PLACEMENT_3D('',#2614,#2145,#2146);
#1801=AXIS2_PLACEMENT_3D('',#2623,#2151,#2152);
#1802=AXIS2_PLACEMENT_3D('',#2629,#2156,#2157);
#1803=AXIS2_PLACEMENT_3D('',#2635,#2161,#2162);
#1804=AXIS2_PLACEMENT_3D('',#2641,#2166,#2167);
#1805=AXIS2_PLACEMENT_3D('',#2647,#2171,#2172);
#1806=AXIS2_PLACEMENT_3D('',#2656,#2178,#2179);
#1807=AXIS2_PLACEMENT_3D('',#2662,#2183,#2184);
#1808=AXIS2_PLACEMENT_3D('',#2665,#2187,#2188);
#1809=AXIS2_PLACEMENT_3D('',#2667,#2190,#2191);
#1810=AXIS2_PLACEMENT_3D('',#2669,#2193,#2194);
#1811=AXIS2_PLACEMENT_3D('',#2671,#2196,#2197);
#1812=AXIS2_PLACEMENT_3D('',#2673,#2199,#2200);
#1813=AXIS2_PLACEMENT_3D('',#2675,#2202,#2203);
#1814=AXIS2_PLACEMENT_3D('',#2681,#2207,#2208);
#1815=AXIS2_PLACEMENT_3D('',#2685,#2211,#2212);
#1816=AXIS2_PLACEMENT_3D('',#2689,#2215,#2216);
#1817=AXIS2_PLACEMENT_3D('',#2693,#2219,#2220);
#1818=AXIS2_PLACEMENT_3D('',#2697,#2223,#2224);
#1819=AXIS2_PLACEMENT_3D('',#2701,#2227,#2228);
#1820=AXIS2_PLACEMENT_3D('',#2705,#2231,#2232);
#1821=AXIS2_PLACEMENT_3D('',#2709,#2235,#2236);
#1822=AXIS2_PLACEMENT_3D('',#2713,#2239,#2240);
#1823=AXIS2_PLACEMENT_3D('',#2717,#2243,#2244);
#1824=AXIS2_PLACEMENT_3D('',#2721,#2247,#2248);
#1825=AXIS2_PLACEMENT_3D('',#2725,#2251,#2252);
#1826=AXIS2_PLACEMENT_3D('',#2729,#2255,#2256);
#1827=AXIS2_PLACEMENT_3D('',#2733,#2259,#2260);
#1828=AXIS2_PLACEMENT_3D('',#2737,#2263,#2264);
#1829=AXIS2_PLACEMENT_3D('',#2741,#2267,#2268);
#1830=AXIS2_PLACEMENT_3D('',#2745,#2271,#2272);
#1831=AXIS2_PLACEMENT_3D('',#2749,#2275,#2276);
#1832=AXIS2_PLACEMENT_3D('',#2753,#2279,#2280);
#1833=AXIS2_PLACEMENT_3D('',#2757,#2283,#2284);
#1834=AXIS2_PLACEMENT_3D('',#2761,#2287,#2288);
#1835=AXIS2_PLACEMENT_3D('',#2765,#2291,#2292);
#1836=AXIS2_PLACEMENT_3D('',#2769,#2295,#2296);
#1837=AXIS2_PLACEMENT_3D('',#2771,#2298,#2299);
#1838=DIRECTION('axis',(0.,0.,1.));
#1839=DIRECTION('refdir',(1.,0.,0.));
#1840=DIRECTION('center_axis',(0.,1.,0.));
#1841=DIRECTION('ref_axis',(1.,0.,0.));
#1842=DIRECTION('center_axis',(0.,1.,0.));
#1843=DIRECTION('ref_axis',(1.,0.,0.));
#1844=DIRECTION('',(0.,1.,0.));
#1845=DIRECTION('center_axis',(0.,1.,0.));
#1846=DIRECTION('ref_axis',(1.,0.,0.));
#1847=DIRECTION('center_axis',(0.,1.,0.));
#1848=DIRECTION('ref_axis',(1.,0.,0.));
#1849=DIRECTION('center_axis',(0.,1.,0.));
#1850=DIRECTION('ref_axis',(1.,0.,0.));
#1851=DIRECTION('center_axis',(0.,1.,0.));
#1852=DIRECTION('ref_axis',(1.,0.,0.));
#1853=DIRECTION('',(0.,1.,0.));
#1854=DIRECTION('center_axis',(0.,1.,0.));
#1855=DIRECTION('ref_axis',(1.,0.,0.));
#1856=DIRECTION('center_axis',(0.,1.,0.));
#1857=DIRECTION('ref_axis',(1.,0.,0.));
#1858=DIRECTION('center_axis',(0.,1.,0.));
#1859=DIRECTION('ref_axis',(1.,0.,0.));
#1860=DIRECTION('center_axis',(0.,1.,0.));
#1861=DIRECTION('ref_axis',(1.,0.,0.));
#1862=DIRECTION('',(0.,1.,0.));
#1863=DIRECTION('center_axis',(0.,1.,0.));
#1864=DIRECTION('ref_axis',(1.,0.,0.));
#1865=DIRECTION('center_axis',(0.,1.,0.));
#1866=DIRECTION('ref_axis',(1.,0.,0.));
#1867=DIRECTION('center_axis',(0.,1.,0.));
#1868=DIRECTION('ref_axis',(1.,0.,0.));
#1869=DIRECTION('center_axis',(0.,1.,0.));
#1870=DIRECTION('ref_axis',(1.,0.,0.));
#1871=DIRECTION('',(0.,1.,0.));
#1872=DIRECTION('center_axis',(0.,1.,0.));
#1873=DIRECTION('ref_axis',(1.,0.,0.));
#1874=DIRECTION('center_axis',(0.,1.,0.));
#1875=DIRECTION('ref_axis',(1.,0.,0.));
#1876=DIRECTION('center_axis',(0.,1.,0.));
#1877=DIRECTION('ref_axis',(1.,0.,0.));
#1878=DIRECTION('center_axis',(0.,1.,0.));
#1879=DIRECTION('ref_axis',(1.,0.,0.));
#1880=DIRECTION('',(0.,1.,0.));
#1881=DIRECTION('center_axis',(0.,1.,0.));
#1882=DIRECTION('ref_axis',(1.,0.,0.));
#1883=DIRECTION('center_axis',(0.,1.,0.));
#1884=DIRECTION('ref_axis',(1.,0.,0.));
#1885=DIRECTION('center_axis',(0.,1.,0.));
#1886=DIRECTION('ref_axis',(1.,0.,0.));
#1887=DIRECTION('center_axis',(0.,1.,0.));
#1888=DIRECTION('ref_axis',(1.,0.,0.));
#1889=DIRECTION('',(0.,1.,0.));
#1890=DIRECTION('center_axis',(0.,1.,0.));
#1891=DIRECTION('ref_axis',(1.,0.,0.));
#1892=DIRECTION('center_axis',(0.,1.,0.));
#1893=DIRECTION('ref_axis',(1.,0.,0.));
#1894=DIRECTION('center_axis',(0.,1.,0.));
#1895=DIRECTION('ref_axis',(1.,0.,0.));
#1896=DIRECTION('center_axis',(0.,1.,0.));
#1897=DIRECTION('ref_axis',(1.,0.,0.));
#1898=DIRECTION('',(0.,1.,0.));
#1899=DIRECTION('center_axis',(0.,1.,0.));
#1900=DIRECTION('ref_axis',(1.,0.,0.));
#1901=DIRECTION('center_axis',(0.,1.,0.));
#1902=DIRECTION('ref_axis',(1.,0.,0.));
#1903=DIRECTION('center_axis',(0.,1.,0.));
#1904=DIRECTION('ref_axis',(1.,0.,0.));
#1905=DIRECTION('center_axis',(0.,1.,0.));
#1906=DIRECTION('ref_axis',(1.,0.,0.));
#1907=DIRECTION('',(0.,1.,0.));
#1908=DIRECTION('center_axis',(0.,1.,0.));
#1909=DIRECTION('ref_axis',(1.,0.,0.));
#1910=DIRECTION('center_axis',(0.,1.,0.));
#1911=DIRECTION('ref_axis',(1.,0.,0.));
#1912=DIRECTION('center_axis',(0.,1.,0.));
#1913=DIRECTION('ref_axis',(1.,0.,0.));
#1914=DIRECTION('center_axis',(0.,1.,0.));
#1915=DIRECTION('ref_axis',(1.,0.,0.));
#1916=DIRECTION('',(0.,1.,0.));
#1917=DIRECTION('center_axis',(0.,1.,0.));
#1918=DIRECTION('ref_axis',(1.,0.,0.));
#1919=DIRECTION('center_axis',(0.,1.,0.));
#1920=DIRECTION('ref_axis',(1.,0.,0.));
#1921=DIRECTION('center_axis',(0.,-1.,0.));
#1922=DIRECTION('ref_axis',(1.,0.,0.));
#1923=DIRECTION('center_axis',(0.,-1.,0.));
#1924=DIRECTION('ref_axis',(1.,0.,0.));
#1925=DIRECTION('',(0.,-1.,0.));
#1926=DIRECTION('center_axis',(0.,1.,0.));
#1927=DIRECTION('ref_axis',(1.,0.,0.));
#1928=DIRECTION('center_axis',(0.,-1.,0.));
#1929=DIRECTION('ref_axis',(1.,0.,0.));
#1930=DIRECTION('center_axis',(0.,-1.,0.));
#1931=DIRECTION('ref_axis',(1.,0.,0.));
#1932=DIRECTION('',(0.,-1.,0.));
#1933=DIRECTION('center_axis',(0.,1.,0.));
#1934=DIRECTION('ref_axis',(1.,0.,0.));
#1935=DIRECTION('center_axis',(0.,-1.,0.));
#1936=DIRECTION('ref_axis',(1.,0.,0.));
#1937=DIRECTION('center_axis',(0.,-1.,0.));
#1938=DIRECTION('ref_axis',(1.,0.,0.));
#1939=DIRECTION('',(0.,-1.,0.));
#1940=DIRECTION('center_axis',(0.,1.,0.));
#1941=DIRECTION('ref_axis',(1.,0.,0.));
#1942=DIRECTION('center_axis',(0.,1.,0.));
#1943=DIRECTION('ref_axis',(1.,0.,0.));
#1944=DIRECTION('center_axis',(0.,-1.,0.));
#1945=DIRECTION('ref_axis',(0.,0.,-1.));
#1946=DIRECTION('',(-0.975691310658647,0.,-0.21914941547997));
#1947=DIRECTION('',(0.,0.,-1.));
#1948=DIRECTION('',(0.999550303522367,0.,-0.0299865091056704));
#1949=DIRECTION('',(0.92185627769447,0.,0.387531938393851));
#1950=DIRECTION('',(0.988659264731004,0.,0.150176090845217));
#1951=DIRECTION('',(1.,0.,0.));
#1952=DIRECTION('',(0.,0.,1.));
#1953=DIRECTION('',(-0.732186738163084,0.,0.681103942477287));
#1954=DIRECTION('',(-0.447213595499958,0.,0.894427190999916));
#1955=DIRECTION('',(0.119507708761019,0.,0.99283327278385));
#1956=DIRECTION('',(-1.,0.,0.));
#1957=DIRECTION('',(0.,0.,1.));
#1958=DIRECTION('',(1.,0.,0.));
#1959=DIRECTION('',(0.,0.,1.));
#1960=DIRECTION('',(-1.,0.,0.));
#1961=DIRECTION('',(-1.,0.,0.));
#1962=DIRECTION('center_axis',(0.,1.,0.));
#1963=DIRECTION('ref_axis',(1.,0.,0.));
#1964=DIRECTION('center_axis',(0.,1.,0.));
#1965=DIRECTION('ref_axis',(1.,0.,0.));
#1966=DIRECTION('',(-1.,0.,0.));
#1967=DIRECTION('',(-0.822896900602446,0.,0.568190717082644));
#1968=DIRECTION('',(-0.440673190639414,0.,0.897667610561771));
#1969=DIRECTION('',(0.,0.,1.));
#1970=DIRECTION('',(1.,0.,0.));
#1971=DIRECTION('',(0.,0.,-1.));
#1972=DIRECTION('',(1.,0.,0.));
#1973=DIRECTION('',(0.,0.,1.));
#1974=DIRECTION('',(-1.,0.,0.));
#1975=DIRECTION('',(0.,0.,-1.));
#1976=DIRECTION('',(0.976407460698691,0.,-0.215936265346826));
#1977=DIRECTION('',(0.803098028233803,0.,-0.595846924173464));
#1978=DIRECTION('',(0.,0.,-1.));
#1979=DIRECTION('',(-0.612571665435817,0.,-0.790415052175241));
#1980=DIRECTION('center_axis',(0.,1.,0.));
#1981=DIRECTION('ref_axis',(1.,0.,0.));
#1982=DIRECTION('center_axis',(0.,1.,0.));
#1983=DIRECTION('ref_axis',(1.,0.,0.));
#1984=DIRECTION('center_axis',(0.,1.,0.));
#1985=DIRECTION('ref_axis',(1.,0.,0.));
#1986=DIRECTION('center_axis',(0.,-1.,0.));
#1987=DIRECTION('ref_axis',(1.,0.,0.));
#1988=DIRECTION('center_axis',(0.,-1.,0.));
#1989=DIRECTION('ref_axis',(1.,0.,0.));
#1990=DIRECTION('',(0.,-1.,0.));
#1991=DIRECTION('center_axis',(0.,-1.,0.));
#1992=DIRECTION('ref_axis',(1.,0.,0.));
#1993=DIRECTION('center_axis',(0.,-1.,0.));
#1994=DIRECTION('ref_axis',(1.,0.,0.));
#1995=DIRECTION('',(0.,-1.,0.));
#1996=DIRECTION('center_axis',(0.,-1.,0.));
#1997=DIRECTION('ref_axis',(1.,0.,0.));
#1998=DIRECTION('center_axis',(0.,-1.,0.));
#1999=DIRECTION('ref_axis',(1.,0.,0.));
#2000=DIRECTION('',(0.,-1.,0.));
#2001=DIRECTION('center_axis',(0.,-1.,0.));
#2002=DIRECTION('ref_axis',(1.,0.,0.));
#2003=DIRECTION('center_axis',(0.,-1.,0.));
#2004=DIRECTION('ref_axis',(1.,0.,0.));
#2005=DIRECTION('',(0.,-1.,0.));
#2006=DIRECTION('center_axis',(0.,-1.,0.));
#2007=DIRECTION('ref_axis',(1.,0.,0.));
#2008=DIRECTION('center_axis',(0.,-1.,0.));
#2009=DIRECTION('ref_axis',(1.,0.,0.));
#2010=DIRECTION('',(0.,1.,0.));
#2011=DIRECTION('center_axis',(0.,1.,0.));
#2012=DIRECTION('ref_axis',(1.,0.,0.));
#2013=DIRECTION('center_axis',(0.,1.,0.));
#2014=DIRECTION('ref_axis',(-1.,0.,0.));
#2015=DIRECTION('center_axis',(0.,-1.,0.));
#2016=DIRECTION('ref_axis',(1.,0.,0.));
#2017=DIRECTION('center_axis',(0.,-1.,0.));
#2018=DIRECTION('ref_axis',(1.,0.,0.));
#2019=DIRECTION('',(0.,1.,0.));
#2020=DIRECTION('center_axis',(0.,1.,0.));
#2021=DIRECTION('ref_axis',(1.,0.,0.));
#2022=DIRECTION('center_axis',(0.,1.,0.));
#2023=DIRECTION('ref_axis',(-1.,0.,0.));
#2024=DIRECTION('center_axis',(0.,-1.,0.));
#2025=DIRECTION('ref_axis',(1.,0.,0.));
#2026=DIRECTION('center_axis',(0.,-1.,0.));
#2027=DIRECTION('ref_axis',(1.,0.,0.));
#2028=DIRECTION('',(0.,1.,0.));
#2029=DIRECTION('center_axis',(0.,1.,0.));
#2030=DIRECTION('ref_axis',(1.,0.,0.));
#2031=DIRECTION('center_axis',(0.,1.,0.));
#2032=DIRECTION('ref_axis',(-1.,0.,0.));
#2033=DIRECTION('center_axis',(0.,-1.,0.));
#2034=DIRECTION('ref_axis',(1.,0.,0.));
#2035=DIRECTION('center_axis',(0.,-1.,0.));
#2036=DIRECTION('ref_axis',(1.,0.,0.));
#2037=DIRECTION('',(0.,1.,0.));
#2038=DIRECTION('center_axis',(0.,1.,0.));
#2039=DIRECTION('ref_axis',(1.,0.,0.));
#2040=DIRECTION('center_axis',(0.,1.,0.));
#2041=DIRECTION('ref_axis',(-1.,0.,0.));
#2042=DIRECTION('center_axis',(0.,-1.,0.));
#2043=DIRECTION('ref_axis',(1.,0.,0.));
#2044=DIRECTION('center_axis',(0.,-1.,0.));
#2045=DIRECTION('ref_axis',(1.,0.,0.));
#2046=DIRECTION('',(0.,1.,0.));
#2047=DIRECTION('center_axis',(0.,1.,0.));
#2048=DIRECTION('ref_axis',(1.,0.,0.));
#2049=DIRECTION('center_axis',(0.,1.,0.));
#2050=DIRECTION('ref_axis',(-1.,0.,0.));
#2051=DIRECTION('center_axis',(0.,-1.,0.));
#2052=DIRECTION('ref_axis',(1.,0.,0.));
#2053=DIRECTION('center_axis',(0.,-1.,0.));
#2054=DIRECTION('ref_axis',(1.,0.,0.));
#2055=DIRECTION('',(0.,1.,0.));
#2056=DIRECTION('center_axis',(0.,1.,0.));
#2057=DIRECTION('ref_axis',(1.,0.,0.));
#2058=DIRECTION('center_axis',(0.,1.,0.));
#2059=DIRECTION('ref_axis',(-1.,0.,0.));
#2060=DIRECTION('center_axis',(9.73061434835337E-29,1.,5.74256039579705E-30));
#2061=DIRECTION('ref_axis',(0.,-5.74256039579705E-30,1.));
#2062=DIRECTION('',(0.,0.,1.));
#2063=DIRECTION('',(-1.,0.,0.));
#2064=DIRECTION('',(0.,0.,-1.));
#2065=DIRECTION('',(1.,0.,0.));
#2066=DIRECTION('center_axis',(-0.816434083139122,-0.577438644263424,0.));
#2067=DIRECTION('ref_axis',(0.,0.,1.));
#2068=DIRECTION('',(0.,0.,-1.));
#2069=DIRECTION('',(0.559313101947015,-0.790806580252864,0.24858360086534));
#2070=DIRECTION('',(0.577438644263425,-0.816434083139122,0.));
#2071=DIRECTION('center_axis',(0.,-0.299875331660305,-0.953978398844346));
#2072=DIRECTION('ref_axis',(-1.,0.,0.));
#2073=DIRECTION('',(1.,0.,0.));
#2074=DIRECTION('',(0.,-0.953978398844346,0.299875331660305));
#2075=DIRECTION('center_axis',(-4.84326511541828E-31,1.,5.94497932235106E-30));
#2076=DIRECTION('ref_axis',(0.,-5.94497932235106E-30,1.));
#2077=DIRECTION('',(-1.,0.,0.));
#2078=DIRECTION('',(0.,0.,-1.));
#2079=DIRECTION('',(1.,0.,0.));
#2080=DIRECTION('',(0.,0.,-1.));
#2081=DIRECTION('',(1.,0.,0.));
#2082=DIRECTION('',(0.,0.,1.));
#2083=DIRECTION('center_axis',(0.,0.58798270251629,0.808873501569708));
#2084=DIRECTION('ref_axis',(1.,0.,0.));
#2085=DIRECTION('',(1.,0.,0.));
#2086=DIRECTION('',(0.,-0.808873501569708,0.58798270251629));
#2087=DIRECTION('',(0.,-0.808873501569708,0.58798270251629));
#2088=DIRECTION('center_axis',(0.,0.,-1.));
#2089=DIRECTION('ref_axis',(1.,0.,0.));
#2090=DIRECTION('',(-1.,0.,0.));
#2091=DIRECTION('',(0.,-1.,0.));
#2092=DIRECTION('',(0.,-1.,0.));
#2093=DIRECTION('center_axis',(-1.,0.,0.));
#2094=DIRECTION('ref_axis',(0.,0.,-1.));
#2095=DIRECTION('',(0.,0.,1.));
#2096=DIRECTION('',(0.,-1.,0.));
#2097=DIRECTION('',(0.,-1.,0.));
#2098=DIRECTION('',(0.,0.,1.));
#2099=DIRECTION('center_axis',(1.,0.,0.));
#2100=DIRECTION('ref_axis',(0.,0.,1.));
#2101=DIRECTION('',(0.,0.,-1.));
#2102=DIRECTION('',(0.,-1.,0.));
#2103=DIRECTION('',(0.,-1.,0.));
#2104=DIRECTION('',(0.,0.,-1.));
#2105=DIRECTION('center_axis',(0.,0.,-1.));
#2106=DIRECTION('ref_axis',(1.,0.,0.));
#2107=DIRECTION('',(-1.,0.,0.));
#2108=DIRECTION('center_axis',(0.,1.,0.));
#2109=DIRECTION('ref_axis',(1.,0.,0.));
#2110=DIRECTION('',(1.,0.,0.));
#2111=DIRECTION('center_axis',(0.,-1.,0.));
#2112=DIRECTION('ref_axis',(0.,0.,-1.));
#2113=DIRECTION('',(0.,0.,-1.));
#2114=DIRECTION('',(0.440673190639414,0.,-0.897667610561771));
#2115=DIRECTION('',(0.822896900602446,0.,-0.568190717082644));
#2116=DIRECTION('',(1.,0.,0.));
#2117=DIRECTION('',(-1.,0.,0.));
#2118=DIRECTION('',(0.,0.,1.));
#2119=DIRECTION('center_axis',(0.,-1.,0.));
#2120=DIRECTION('ref_axis',(0.,0.,-1.));
#2121=DIRECTION('',(1.,0.,0.));
#2122=DIRECTION('',(0.,0.,1.));
#2123=DIRECTION('',(-1.,0.,0.));
#2124=DIRECTION('center_axis',(0.215936265346826,0.,0.976407460698691));
#2125=DIRECTION('ref_axis',(-0.976407460698691,0.,0.215936265346826));
#2126=DIRECTION('',(0.,-1.,0.));
#2127=DIRECTION('',(-0.976407460698691,0.,0.215936265346826));
#2128=DIRECTION('',(0.,-1.,0.));
#2129=DIRECTION('center_axis',(0.595846924173464,0.,0.803098028233803));
#2130=DIRECTION('ref_axis',(-0.803098028233803,0.,0.595846924173464));
#2131=DIRECTION('',(-0.803098028233803,0.,0.595846924173464));
#2132=DIRECTION('',(0.,-1.,0.));
#2133=DIRECTION('center_axis',(1.,0.,0.));
#2134=DIRECTION('ref_axis',(0.,0.,1.));
#2135=DIRECTION('',(0.,0.,1.));
#2136=DIRECTION('',(0.,-1.,0.));
#2137=DIRECTION('center_axis',(0.790415052175241,0.,-0.612571665435817));
#2138=DIRECTION('ref_axis',(0.612571665435817,0.,0.790415052175241));
#2139=DIRECTION('',(0.612571665435817,0.,0.790415052175241));
#2140=DIRECTION('',(0.,-1.,0.));
#2141=DIRECTION('center_axis',(0.21914941547997,0.,-0.975691310658647));
#2142=DIRECTION('ref_axis',(0.975691310658647,0.,0.21914941547997));
#2143=DIRECTION('',(0.975691310658647,0.,0.21914941547997));
#2144=DIRECTION('',(0.,-1.,0.));
#2145=DIRECTION('center_axis',(-0.999741835544943,0.,0.0227214053532945));
#2146=DIRECTION('ref_axis',(-0.0227214053532945,0.,-0.999741835544943));
#2147=DIRECTION('',(0.0227214053532945,0.,0.999741835544943));
#2148=DIRECTION('',(0.,-1.,0.));
#2149=DIRECTION('',(-0.0227214053532945,0.,-0.999741835544943));
#2150=DIRECTION('',(0.,-1.,0.));
#2151=DIRECTION('center_axis',(-0.992988274194944,0.,-0.118212889785114));
#2152=DIRECTION('ref_axis',(0.118212889785114,0.,-0.992988274194944));
#2153=DIRECTION('',(-0.118212889785114,0.,0.992988274194944));
#2154=DIRECTION('',(0.118212889785114,0.,-0.992988274194944));
#2155=DIRECTION('',(0.,-1.,0.));
#2156=DIRECTION('center_axis',(-0.817605639393119,0.,-0.575778619290929));
#2157=DIRECTION('ref_axis',(0.575778619290929,0.,-0.817605639393119));
#2158=DIRECTION('',(-0.575778619290929,0.,0.817605639393119));
#2159=DIRECTION('',(0.575778619290929,0.,-0.817605639393119));
#2160=DIRECTION('',(0.,-1.,0.));
#2161=DIRECTION('center_axis',(-0.581238193719095,0.,-0.813733471206736));
#2162=DIRECTION('ref_axis',(0.813733471206736,0.,-0.581238193719095));
#2163=DIRECTION('',(-0.813733471206736,0.,0.581238193719095));
#2164=DIRECTION('',(0.813733471206736,0.,-0.581238193719095));
#2165=DIRECTION('',(0.,-1.,0.));
#2166=DIRECTION('center_axis',(-0.253898128412102,0.,-0.967230965379434));
#2167=DIRECTION('ref_axis',(0.967230965379434,0.,-0.253898128412102));
#2168=DIRECTION('',(-0.967230965379434,0.,0.253898128412102));
#2169=DIRECTION('',(0.967230965379434,0.,-0.253898128412102));
#2170=DIRECTION('',(0.,-1.,0.));
#2171=DIRECTION('center_axis',(0.,-1.,0.));
#2172=DIRECTION('ref_axis',(0.,0.,-1.));
#2173=DIRECTION('',(0.,0.,-1.));
#2174=DIRECTION('',(-1.,0.,0.));
#2175=DIRECTION('',(0.,0.,-1.));
#2176=DIRECTION('',(-1.,0.,0.));
#2177=DIRECTION('',(0.,0.,-1.));
#2178=DIRECTION('center_axis',(0.,-1.,0.));
#2179=DIRECTION('ref_axis',(0.,0.,-1.));
#2180=DIRECTION('',(0.,0.,-1.));
#2181=DIRECTION('',(1.,0.,0.));
#2182=DIRECTION('',(0.,0.,-1.));
#2183=DIRECTION('center_axis',(-0.568190717082644,0.,-0.822896900602446));
#2184=DIRECTION('ref_axis',(0.822896900602446,0.,-0.568190717082644));
#2185=DIRECTION('',(0.,-1.,0.));
#2186=DIRECTION('',(0.,-1.,0.));
#2187=DIRECTION('center_axis',(-0.897667610561771,0.,-0.440673190639414));
#2188=DIRECTION('ref_axis',(0.440673190639414,0.,-0.897667610561771));
#2189=DIRECTION('',(0.,-1.,0.));
#2190=DIRECTION('center_axis',(-1.,0.,0.));
#2191=DIRECTION('ref_axis',(0.,0.,-1.));
#2192=DIRECTION('',(0.,-1.,0.));
#2193=DIRECTION('center_axis',(0.,0.,1.));
#2194=DIRECTION('ref_axis',(-1.,0.,0.));
#2195=DIRECTION('',(0.,-1.,0.));
#2196=DIRECTION('center_axis',(1.,0.,0.));
#2197=DIRECTION('ref_axis',(0.,0.,1.));
#2198=DIRECTION('',(0.,-1.,0.));
#2199=DIRECTION('center_axis',(0.,0.,-1.));
#2200=DIRECTION('ref_axis',(1.,0.,0.));
#2201=DIRECTION('',(0.,-1.,0.));
#2202=DIRECTION('center_axis',(1.,0.,0.));
#2203=DIRECTION('ref_axis',(0.,0.,1.));
#2204=DIRECTION('',(0.,0.,1.));
#2205=DIRECTION('',(0.,-1.,0.));
#2206=DIRECTION('',(0.,-1.,0.));
#2207=DIRECTION('center_axis',(0.,0.,1.));
#2208=DIRECTION('ref_axis',(-1.,0.,0.));
#2209=DIRECTION('',(-1.,0.,0.));
#2210=DIRECTION('',(0.,-1.,0.));
#2211=DIRECTION('center_axis',(1.,0.,0.));
#2212=DIRECTION('ref_axis',(0.,0.,1.));
#2213=DIRECTION('',(0.,0.,1.));
#2214=DIRECTION('',(0.,-1.,0.));
#2215=DIRECTION('center_axis',(0.,0.,-1.));
#2216=DIRECTION('ref_axis',(1.,0.,0.));
#2217=DIRECTION('',(1.,0.,0.));
#2218=DIRECTION('',(0.,-1.,0.));
#2219=DIRECTION('center_axis',(1.,0.,0.));
#2220=DIRECTION('ref_axis',(0.,0.,1.));
#2221=DIRECTION('',(0.,0.,1.));
#2222=DIRECTION('',(0.,-1.,0.));
#2223=DIRECTION('center_axis',(0.,0.,1.));
#2224=DIRECTION('ref_axis',(-1.,0.,0.));
#2225=DIRECTION('',(-1.,0.,0.));
#2226=DIRECTION('',(0.,-1.,0.));
#2227=DIRECTION('center_axis',(0.99283327278385,0.,-0.119507708761019));
#2228=DIRECTION('ref_axis',(0.119507708761019,0.,0.99283327278385));
#2229=DIRECTION('',(0.119507708761019,0.,0.99283327278385));
#2230=DIRECTION('',(0.,-1.,0.));
#2231=DIRECTION('center_axis',(0.894427190999916,0.,0.447213595499958));
#2232=DIRECTION('ref_axis',(-0.447213595499958,0.,0.894427190999916));
#2233=DIRECTION('',(-0.447213595499958,0.,0.894427190999916));
#2234=DIRECTION('',(0.,-1.,0.));
#2235=DIRECTION('center_axis',(0.681103942477287,0.,0.732186738163084));
#2236=DIRECTION('ref_axis',(-0.732186738163084,0.,0.681103942477287));
#2237=DIRECTION('',(-0.732186738163084,0.,0.681103942477287));
#2238=DIRECTION('',(0.,-1.,0.));
#2239=DIRECTION('center_axis',(1.,0.,0.));
#2240=DIRECTION('ref_axis',(0.,0.,1.));
#2241=DIRECTION('',(0.,0.,1.));
#2242=DIRECTION('',(0.,-1.,0.));
#2243=DIRECTION('center_axis',(0.,0.,-1.));
#2244=DIRECTION('ref_axis',(1.,0.,0.));
#2245=DIRECTION('',(1.,0.,0.));
#2246=DIRECTION('',(0.,-1.,0.));
#2247=DIRECTION('center_axis',(0.150176090845217,0.,-0.988659264731004));
#2248=DIRECTION('ref_axis',(0.988659264731004,0.,0.150176090845217));
#2249=DIRECTION('',(0.988659264731004,0.,0.150176090845217));
#2250=DIRECTION('',(0.,-1.,0.));
#2251=DIRECTION('center_axis',(0.387531938393851,0.,-0.92185627769447));
#2252=DIRECTION('ref_axis',(0.92185627769447,0.,0.387531938393851));
#2253=DIRECTION('',(0.92185627769447,0.,0.387531938393851));
#2254=DIRECTION('',(0.,-1.,0.));
#2255=DIRECTION('center_axis',(-0.0299865091056704,0.,-0.999550303522367));
#2256=DIRECTION('ref_axis',(0.999550303522367,0.,-0.0299865091056704));
#2257=DIRECTION('',(0.999550303522367,0.,-0.0299865091056704));
#2258=DIRECTION('',(0.,-1.,0.));
#2259=DIRECTION('center_axis',(-1.,0.,0.));
#2260=DIRECTION('ref_axis',(0.,0.,-1.));
#2261=DIRECTION('',(0.,0.,-1.));
#2262=DIRECTION('',(0.,-1.,0.));
#2263=DIRECTION('center_axis',(0.,0.,1.));
#2264=DIRECTION('ref_axis',(-1.,0.,0.));
#2265=DIRECTION('',(-1.,0.,0.));
#2266=DIRECTION('',(0.,-1.,0.));
#2267=DIRECTION('center_axis',(-1.,0.,0.));
#2268=DIRECTION('ref_axis',(0.,0.,-1.));
#2269=DIRECTION('',(0.,0.,-1.));
#2270=DIRECTION('',(0.,-1.,0.));
#2271=DIRECTION('center_axis',(0.,0.,-1.));
#2272=DIRECTION('ref_axis',(1.,0.,0.));
#2273=DIRECTION('',(1.,0.,0.));
#2274=DIRECTION('',(0.,-1.,0.));
#2275=DIRECTION('center_axis',(-1.,0.,0.));
#2276=DIRECTION('ref_axis',(0.,0.,-1.));
#2277=DIRECTION('',(0.,0.,-1.));
#2278=DIRECTION('',(0.,-1.,0.));
#2279=DIRECTION('center_axis',(0.,0.,1.));
#2280=DIRECTION('ref_axis',(-1.,0.,0.));
#2281=DIRECTION('',(-1.,0.,0.));
#2282=DIRECTION('',(0.,-1.,0.));
#2283=DIRECTION('center_axis',(-1.,0.,0.));
#2284=DIRECTION('ref_axis',(0.,0.,-1.));
#2285=DIRECTION('',(0.,0.,-1.));
#2286=DIRECTION('',(0.,-1.,0.));
#2287=DIRECTION('center_axis',(0.,0.,1.));
#2288=DIRECTION('ref_axis',(-1.,0.,0.));
#2289=DIRECTION('',(-1.,0.,0.));
#2290=DIRECTION('',(0.,-1.,0.));
#2291=DIRECTION('center_axis',(1.,0.,0.));
#2292=DIRECTION('ref_axis',(0.,0.,1.));
#2293=DIRECTION('',(0.,0.,1.));
#2294=DIRECTION('',(0.,-1.,0.));
#2295=DIRECTION('center_axis',(0.,0.,1.));
#2296=DIRECTION('ref_axis',(-1.,0.,0.));
#2297=DIRECTION('',(-1.,0.,0.));
#2298=DIRECTION('center_axis',(0.,1.,0.));
#2299=DIRECTION('ref_axis',(1.,0.,0.));
#2300=CARTESIAN_POINT('',(0.,0.,0.));
#2301=CARTESIAN_POINT('Origin',(-2.3102,-2.89,-3.98));
#2302=CARTESIAN_POINT('',(-2.3852,-3.,-3.98));
#2303=CARTESIAN_POINT('Origin',(-2.3102,-3.,-3.98));
#2304=CARTESIAN_POINT('',(-2.3852,-2.775,-3.98));
#2305=CARTESIAN_POINT('',(-2.3852,-2.89,-3.98));
#2306=CARTESIAN_POINT('Origin',(-2.3102,-2.775,-3.98));
#2307=CARTESIAN_POINT('Origin',(-2.3102,-2.775,-3.98));
#2308=CARTESIAN_POINT('Origin',(-4.1408,-2.89,-3.98));
#2309=CARTESIAN_POINT('',(-4.2158,-3.,-3.98));
#2310=CARTESIAN_POINT('Origin',(-4.1408,-3.,-3.98));
#2311=CARTESIAN_POINT('',(-4.2158,-2.775,-3.98));
#2312=CARTESIAN_POINT('',(-4.2158,-2.89,-3.98));
#2313=CARTESIAN_POINT('Origin',(-4.1408,-2.775,-3.98));
#2314=CARTESIAN_POINT('Origin',(-4.1408,-2.775,-3.98));
#2315=CARTESIAN_POINT('Origin',(-5.9714,-2.89,-3.98));
#2316=CARTESIAN_POINT('',(-6.0464,-3.,-3.98));
#2317=CARTESIAN_POINT('Origin',(-5.9714,-3.,-3.98));
#2318=CARTESIAN_POINT('',(-6.0464,-2.775,-3.98));
#2319=CARTESIAN_POINT('',(-6.0464,-2.89,-3.98));
#2320=CARTESIAN_POINT('Origin',(-5.9714,-2.775,-3.98));
#2321=CARTESIAN_POINT('Origin',(-5.9714,-2.775,-3.98));
#2322=CARTESIAN_POINT('Origin',(-7.802,-2.89,-3.98));
#2323=CARTESIAN_POINT('',(-7.877,-3.,-3.98));
#2324=CARTESIAN_POINT('Origin',(-7.802,-3.,-3.98));
#2325=CARTESIAN_POINT('',(-7.877,-2.775,-3.98));
#2326=CARTESIAN_POINT('',(-7.877,-2.89,-3.98));
#2327=CARTESIAN_POINT('Origin',(-7.802,-2.775,-3.98));
#2328=CARTESIAN_POINT('Origin',(-7.802,-2.775,-3.98));
#2329=CARTESIAN_POINT('Origin',(-9.6326,-2.89,-3.98));
#2330=CARTESIAN_POINT('',(-9.7076,-3.,-3.98));
#2331=CARTESIAN_POINT('Origin',(-9.6326,-3.,-3.98));
#2332=CARTESIAN_POINT('',(-9.7076,-2.775,-3.98));
#2333=CARTESIAN_POINT('',(-9.7076,-2.89,-3.98));
#2334=CARTESIAN_POINT('Origin',(-9.6326,-2.775,-3.98));
#2335=CARTESIAN_POINT('Origin',(-9.6326,-2.775,-3.98));
#2336=CARTESIAN_POINT('Origin',(-11.4632,-2.89,-3.98));
#2337=CARTESIAN_POINT('',(-11.5382,-3.,-3.98));
#2338=CARTESIAN_POINT('Origin',(-11.4632,-3.,-3.98));
#2339=CARTESIAN_POINT('',(-11.5382,-2.775,-3.98));
#2340=CARTESIAN_POINT('',(-11.5382,-2.89,-3.98));
#2341=CARTESIAN_POINT('Origin',(-11.4632,-2.775,-3.98));
#2342=CARTESIAN_POINT('Origin',(-11.4632,-2.775,-3.98));
#2343=CARTESIAN_POINT('Origin',(-13.2938,-2.89,-3.98));
#2344=CARTESIAN_POINT('',(-13.3688,-3.,-3.98));
#2345=CARTESIAN_POINT('Origin',(-13.2938,-3.,-3.98));
#2346=CARTESIAN_POINT('',(-13.3688,-2.775,-3.98));
#2347=CARTESIAN_POINT('',(-13.3688,-2.89,-3.98));
#2348=CARTESIAN_POINT('Origin',(-13.2938,-2.775,-3.98));
#2349=CARTESIAN_POINT('Origin',(-13.2938,-2.775,-3.98));
#2350=CARTESIAN_POINT('Origin',(-15.1244,-2.89,-3.98));
#2351=CARTESIAN_POINT('',(-15.1994,-3.,-3.98));
#2352=CARTESIAN_POINT('Origin',(-15.1244,-3.,-3.98));
#2353=CARTESIAN_POINT('',(-15.1994,-2.775,-3.98));
#2354=CARTESIAN_POINT('',(-15.1994,-2.89,-3.98));
#2355=CARTESIAN_POINT('Origin',(-15.1244,-2.775,-3.98));
#2356=CARTESIAN_POINT('Origin',(-15.1244,-2.775,-3.98));
#2357=CARTESIAN_POINT('Origin',(-16.955,-2.89,-3.98));
#2358=CARTESIAN_POINT('',(-17.03,-3.,-3.98));
#2359=CARTESIAN_POINT('Origin',(-16.955,-3.,-3.98));
#2360=CARTESIAN_POINT('',(-17.03,-2.775,-3.98));
#2361=CARTESIAN_POINT('',(-17.03,-2.89,-3.98));
#2362=CARTESIAN_POINT('Origin',(-16.955,-2.775,-3.98));
#2363=CARTESIAN_POINT('Origin',(-16.955,-2.775,-3.98));
#2364=CARTESIAN_POINT('Origin',(-11.598,-2.75,0.));
#2365=CARTESIAN_POINT('',(-11.974,-2.585,-4.60467196479405E-17));
#2366=CARTESIAN_POINT('Origin',(-11.598,-2.585,0.));
#2367=CARTESIAN_POINT('',(-11.974,-3.,4.60467196479405E-17));
#2368=CARTESIAN_POINT('',(-11.974,-2.75,-4.60467196479405E-17));
#2369=CARTESIAN_POINT('Origin',(-11.598,-3.,0.));
#2370=CARTESIAN_POINT('Origin',(-6.31,-2.75,-2.4));
#2371=CARTESIAN_POINT('',(-6.48,-2.54,-2.4));
#2372=CARTESIAN_POINT('Origin',(-6.31,-2.54,-2.4));
#2373=CARTESIAN_POINT('',(-6.48,-3.,-2.4));
#2374=CARTESIAN_POINT('',(-6.48,-2.75,-2.4));
#2375=CARTESIAN_POINT('Origin',(-6.31,-3.,-2.4));
#2376=CARTESIAN_POINT('Origin',(-6.31,-2.75,0.8));
#2377=CARTESIAN_POINT('',(-6.48,-2.54,0.8));
#2378=CARTESIAN_POINT('Origin',(-6.31,-2.54,0.8));
#2379=CARTESIAN_POINT('',(-6.48,-3.,0.8));
#2380=CARTESIAN_POINT('',(-6.48,-2.75,0.8));
#2381=CARTESIAN_POINT('',(-6.31,-3.,0.97));
#2382=CARTESIAN_POINT('Origin',(-6.31,-3.,0.8));
#2383=CARTESIAN_POINT('Origin',(-6.31,-3.,0.8));
#2384=CARTESIAN_POINT('Origin',(-13.9175,-3.,-0.5825));
#2385=CARTESIAN_POINT('',(-24.94,-3.,-3.15));
#2386=CARTESIAN_POINT('',(-27.5,-3.,-3.725));
#2387=CARTESIAN_POINT('',(-20.6989416383108,-3.,-2.19741853204246));
#2388=CARTESIAN_POINT('',(-27.5,-3.,-5.5));
#2389=CARTESIAN_POINT('',(-27.5,-3.,-3.));
#2390=CARTESIAN_POINT('',(-26.5,-3.,-5.53));
#2391=CARTESIAN_POINT('',(-27.5,-3.,-5.5));
#2392=CARTESIAN_POINT('',(-25.715,-3.,-5.2));
#2393=CARTESIAN_POINT('',(-26.5,-3.,-5.53));
#2394=CARTESIAN_POINT('',(-24.925,-3.,-5.08));
#2395=CARTESIAN_POINT('',(-25.715,-3.,-5.2));
#2396=CARTESIAN_POINT('',(-0.335,-3.,-5.08));
#2397=CARTESIAN_POINT('',(-24.925,-3.,-5.08));
#2398=CARTESIAN_POINT('',(-0.335,-3.,-4.01));
#2399=CARTESIAN_POINT('',(-0.335,-3.,-5.08));
#2400=CARTESIAN_POINT('',(-0.55,-3.,-3.81));
#2401=CARTESIAN_POINT('',(-0.335,-3.,-4.01));
#2402=CARTESIAN_POINT('',(-0.685,-3.,-3.54));
#2403=CARTESIAN_POINT('',(-0.55,-3.,-3.81));
#2404=CARTESIAN_POINT('',(-0.62,-3.,-3.));
#2405=CARTESIAN_POINT('',(-0.685,-3.,-3.54));
#2406=CARTESIAN_POINT('',(-1.335,-3.,-3.));
#2407=CARTESIAN_POINT('',(-0.62,-3.,-3.));
#2408=CARTESIAN_POINT('',(-1.335,-3.,-0.5));
#2409=CARTESIAN_POINT('',(-1.335,-3.,-3.));
#2410=CARTESIAN_POINT('',(-0.335,-3.,-0.5));
#2411=CARTESIAN_POINT('',(-1.335,-3.,-0.5));
#2412=CARTESIAN_POINT('',(-0.335,-3.,0.97));
#2413=CARTESIAN_POINT('',(-0.335,-3.,-0.5));
#2414=CARTESIAN_POINT('',(-14.21625,-3.,0.97));
#2415=CARTESIAN_POINT('',(-12.29,-3.,0.97));
#2416=CARTESIAN_POINT('',(-14.21625,-3.,0.97));
#2417=CARTESIAN_POINT('',(-12.46,-3.,0.8));
#2418=CARTESIAN_POINT('Origin',(-12.29,-3.,0.8));
#2419=CARTESIAN_POINT('Origin',(-12.29,-3.,0.8));
#2420=CARTESIAN_POINT('',(-14.515,-3.,0.97));
#2421=CARTESIAN_POINT('',(-14.21625,-3.,0.97));
#2422=CARTESIAN_POINT('',(-14.725,-3.,1.115));
#2423=CARTESIAN_POINT('',(-14.0547533589251,-3.,0.652210652591169));
#2424=CARTESIAN_POINT('',(-14.86,-3.,1.39));
#2425=CARTESIAN_POINT('',(-14.3783477623868,-3.,0.408856553010123));
#2426=CARTESIAN_POINT('',(-14.86,-3.,4.26));
#2427=CARTESIAN_POINT('',(-14.86,-3.,1.83875));
#2428=CARTESIAN_POINT('',(-14.06,-3.,4.26));
#2429=CARTESIAN_POINT('',(-13.98875,-3.,4.26));
#2430=CARTESIAN_POINT('',(-14.06,-3.,2.23));
#2431=CARTESIAN_POINT('',(-14.06,-3.,0.82375));
#2432=CARTESIAN_POINT('',(-14.05,-3.,2.23));
#2433=CARTESIAN_POINT('',(-7.62625,-3.,2.23));
#2434=CARTESIAN_POINT('',(-14.05,-3.,4.365));
#2435=CARTESIAN_POINT('',(-14.05,-3.,2.23));
#2436=CARTESIAN_POINT('',(-26.5,-3.,4.365));
#2437=CARTESIAN_POINT('',(-14.05,-3.,4.365));
#2438=CARTESIAN_POINT('',(-26.5,-3.,2.275));
#2439=CARTESIAN_POINT('',(-26.5,-3.,4.365));
#2440=CARTESIAN_POINT('',(-24.94,-3.,1.93));
#2441=CARTESIAN_POINT('',(-19.4208611723226,-3.,0.709421220802115));
#2442=CARTESIAN_POINT('',(-24.785,-3.,1.815));
#2443=CARTESIAN_POINT('',(-20.706783557047,-3.,-1.21077348993288));
#2444=CARTESIAN_POINT('',(-24.785,-3.,-2.95));
#2445=CARTESIAN_POINT('',(-24.785,-3.,-1.76625));
#2446=CARTESIAN_POINT('',(-22.2503626513081,-3.,0.320499804763766));
#2447=CARTESIAN_POINT('',(-12.46,-3.,-2.4));
#2448=CARTESIAN_POINT('Origin',(-12.29,-3.,-2.4));
#2449=CARTESIAN_POINT('',(-24.41,-3.,0.8));
#2450=CARTESIAN_POINT('Origin',(-24.24,-3.,0.8));
#2451=CARTESIAN_POINT('',(-24.41,-3.,-2.4));
#2452=CARTESIAN_POINT('Origin',(-24.24,-3.,-2.4));
#2453=CARTESIAN_POINT('Origin',(-12.29,-2.75,-2.4));
#2454=CARTESIAN_POINT('',(-12.46,-2.54,-2.4));
#2455=CARTESIAN_POINT('Origin',(-12.29,-2.54,-2.4));
#2456=CARTESIAN_POINT('',(-12.46,-2.75,-2.4));
#2457=CARTESIAN_POINT('Origin',(-12.29,-2.75,0.8));
#2458=CARTESIAN_POINT('',(-12.46,-2.54,0.8));
#2459=CARTESIAN_POINT('Origin',(-12.29,-2.54,0.8));
#2460=CARTESIAN_POINT('',(-12.46,-2.75,0.8));
#2461=CARTESIAN_POINT('Origin',(-24.24,-2.75,-2.4));
#2462=CARTESIAN_POINT('',(-24.41,-2.54,-2.4));
#2463=CARTESIAN_POINT('Origin',(-24.24,-2.54,-2.4));
#2464=CARTESIAN_POINT('',(-24.41,-2.75,-2.4));
#2465=CARTESIAN_POINT('Origin',(-24.24,-2.75,0.8));
#2466=CARTESIAN_POINT('',(-24.41,-2.54,0.8));
#2467=CARTESIAN_POINT('Origin',(-24.24,-2.54,0.8));
#2468=CARTESIAN_POINT('',(-24.41,-2.75,0.8));
#2469=CARTESIAN_POINT('Origin',(-6.31,-2.5625,-2.4));
#2470=CARTESIAN_POINT('',(-6.71,-2.585,-2.4));
#2471=CARTESIAN_POINT('Origin',(-6.31,-2.585,-2.4));
#2472=CARTESIAN_POINT('',(-6.71,-2.54,-2.4));
#2473=CARTESIAN_POINT('',(-6.71,-2.5625,-2.4));
#2474=CARTESIAN_POINT('Origin',(-6.31,-2.54,-2.4));
#2475=CARTESIAN_POINT('Origin',(-6.31,-2.54,-2.4));
#2476=CARTESIAN_POINT('Origin',(-6.31,-2.5625,0.8));
#2477=CARTESIAN_POINT('',(-6.71,-2.585,0.8));
#2478=CARTESIAN_POINT('Origin',(-6.31,-2.585,0.8));
#2479=CARTESIAN_POINT('',(-6.71,-2.54,0.8));
#2480=CARTESIAN_POINT('',(-6.71,-2.5625,0.8));
#2481=CARTESIAN_POINT('Origin',(-6.31,-2.54,0.8));
#2482=CARTESIAN_POINT('Origin',(-6.31,-2.54,0.8));
#2483=CARTESIAN_POINT('Origin',(-12.29,-2.5625,-2.4));
#2484=CARTESIAN_POINT('',(-12.69,-2.585,-2.4));
#2485=CARTESIAN_POINT('Origin',(-12.29,-2.585,-2.4));
#2486=CARTESIAN_POINT('',(-12.69,-2.54,-2.4));
#2487=CARTESIAN_POINT('',(-12.69,-2.5625,-2.4));
#2488=CARTESIAN_POINT('Origin',(-12.29,-2.54,-2.4));
#2489=CARTESIAN_POINT('Origin',(-12.29,-2.54,-2.4));
#2490=CARTESIAN_POINT('Origin',(-12.29,-2.5625,0.8));
#2491=CARTESIAN_POINT('',(-12.69,-2.585,0.8));
#2492=CARTESIAN_POINT('Origin',(-12.29,-2.585,0.8));
#2493=CARTESIAN_POINT('',(-12.69,-2.54,0.8));
#2494=CARTESIAN_POINT('',(-12.69,-2.5625,0.8));
#2495=CARTESIAN_POINT('Origin',(-12.29,-2.54,0.8));
#2496=CARTESIAN_POINT('Origin',(-12.29,-2.54,0.8));
#2497=CARTESIAN_POINT('Origin',(-24.24,-2.5625,-2.4));
#2498=CARTESIAN_POINT('',(-24.64,-2.585,-2.4));
#2499=CARTESIAN_POINT('Origin',(-24.24,-2.585,-2.4));
#2500=CARTESIAN_POINT('',(-24.64,-2.54,-2.4));
#2501=CARTESIAN_POINT('',(-24.64,-2.5625,-2.4));
#2502=CARTESIAN_POINT('Origin',(-24.24,-2.54,-2.4));
#2503=CARTESIAN_POINT('Origin',(-24.24,-2.54,-2.4));
#2504=CARTESIAN_POINT('Origin',(-24.24,-2.5625,0.8));
#2505=CARTESIAN_POINT('',(-24.64,-2.585,0.8));
#2506=CARTESIAN_POINT('Origin',(-24.24,-2.585,0.8));
#2507=CARTESIAN_POINT('',(-24.64,-2.54,0.8));
#2508=CARTESIAN_POINT('',(-24.64,-2.5625,0.8));
#2509=CARTESIAN_POINT('Origin',(-24.24,-2.54,0.8));
#2510=CARTESIAN_POINT('Origin',(-24.24,-2.54,0.8));
#2511=CARTESIAN_POINT('Origin',(-14.28,-4.909,3.45));
#2512=CARTESIAN_POINT('',(-14.06,-4.909,2.64));
#2513=CARTESIAN_POINT('',(-14.06,-4.909,4.26));
#2514=CARTESIAN_POINT('',(-14.06,-4.909,2.64));
#2515=CARTESIAN_POINT('',(-14.5,-4.909,4.26));
#2516=CARTESIAN_POINT('',(-14.06,-4.909,4.26));
#2517=CARTESIAN_POINT('',(-14.5,-4.909,2.64));
#2518=CARTESIAN_POINT('',(-14.5,-4.909,4.26));
#2519=CARTESIAN_POINT('',(-14.5,-4.909,2.64));
#2520=CARTESIAN_POINT('Origin',(-14.86,-4.4,4.26));
#2521=CARTESIAN_POINT('',(-14.86,-4.4,4.26));
#2522=CARTESIAN_POINT('',(-14.86,-4.4,2.48));
#2523=CARTESIAN_POINT('',(-14.86,-4.4,4.26));
#2524=CARTESIAN_POINT('',(-14.86,-4.4,2.48));
#2525=CARTESIAN_POINT('',(-14.86,-4.4,4.26));
#2526=CARTESIAN_POINT('Origin',(-14.86,-4.4,2.48));
#2527=CARTESIAN_POINT('',(-14.06,-4.4,2.48));
#2528=CARTESIAN_POINT('',(-14.86,-4.4,2.48));
#2529=CARTESIAN_POINT('',(-14.06,-4.4,2.48));
#2530=CARTESIAN_POINT('Origin',(-6.31267559262511,-4.909,1.77232440737489));
#2531=CARTESIAN_POINT('',(-1.07,-4.909,1.32));
#2532=CARTESIAN_POINT('',(-11.55,-4.909,1.32));
#2533=CARTESIAN_POINT('',(-1.07,-4.909,1.32));
#2534=CARTESIAN_POINT('',(-1.07,-4.909,2.));
#2535=CARTESIAN_POINT('',(-1.07,-4.909,2.));
#2536=CARTESIAN_POINT('',(-1.335,-4.909,2.));
#2537=CARTESIAN_POINT('',(-1.335,-4.909,2.));
#2538=CARTESIAN_POINT('',(-1.335,-4.909,2.23));
#2539=CARTESIAN_POINT('',(-1.335,-4.909,2.23));
#2540=CARTESIAN_POINT('',(-11.55,-4.909,2.23));
#2541=CARTESIAN_POINT('',(-11.55,-4.909,2.23));
#2542=CARTESIAN_POINT('',(-11.55,-4.909,1.32));
#2543=CARTESIAN_POINT('Origin',(-1.07,-4.4,0.95));
#2544=CARTESIAN_POINT('',(-11.55,-4.4,0.95));
#2545=CARTESIAN_POINT('',(-1.07,-4.4,0.95));
#2546=CARTESIAN_POINT('',(-1.07,-4.4,0.95));
#2547=CARTESIAN_POINT('',(-1.07,-4.4,0.95));
#2548=CARTESIAN_POINT('',(-11.55,-4.4,0.95));
#2549=CARTESIAN_POINT('Origin',(-14.86,-3.8,2.48));
#2550=CARTESIAN_POINT('',(-14.06,-3.8,2.48));
#2551=CARTESIAN_POINT('',(-14.86,-3.8,2.48));
#2552=CARTESIAN_POINT('',(-11.22875,-3.8,2.48));
#2553=CARTESIAN_POINT('',(-14.06,-3.8,2.48));
#2554=CARTESIAN_POINT('',(-14.86,-3.8,2.48));
#2555=CARTESIAN_POINT('Origin',(-11.55,-3.8,2.23));
#2556=CARTESIAN_POINT('',(-11.55,-3.8,0.95));
#2557=CARTESIAN_POINT('',(-11.55,-3.8,0.97));
#2558=CARTESIAN_POINT('',(-11.55,-3.8,0.95));
#2559=CARTESIAN_POINT('',(-11.55,-3.8,0.95));
#2560=CARTESIAN_POINT('',(-11.55,-3.8,2.23));
#2561=CARTESIAN_POINT('',(-11.55,-3.8,2.23));
#2562=CARTESIAN_POINT('',(-11.55,-3.8,2.4225));
#2563=CARTESIAN_POINT('Origin',(-1.07,-3.8,0.95));
#2564=CARTESIAN_POINT('',(-1.07,-3.8,2.));
#2565=CARTESIAN_POINT('',(-1.07,-3.8,0.97));
#2566=CARTESIAN_POINT('',(-1.07,-3.8,1.7825));
#2567=CARTESIAN_POINT('',(-1.07,-3.8,2.));
#2568=CARTESIAN_POINT('',(-1.07,-3.8,0.95));
#2569=CARTESIAN_POINT('',(-1.07,-3.8,0.95));
#2570=CARTESIAN_POINT('',(-1.07,-3.8,2.));
#2571=CARTESIAN_POINT('Origin',(-11.55,-3.8,0.95));
#2572=CARTESIAN_POINT('',(-1.07,-3.8,0.95));
#2573=CARTESIAN_POINT('Origin',(-6.31,-3.8,1.59));
#2574=CARTESIAN_POINT('',(-0.335,-3.8,0.97));
#2575=CARTESIAN_POINT('Origin',(-7.5975,-3.8,2.615));
#2576=CARTESIAN_POINT('',(-14.86,-3.8,1.39));
#2577=CARTESIAN_POINT('',(-14.86,-3.8,1.39));
#2578=CARTESIAN_POINT('',(-14.725,-3.8,1.115));
#2579=CARTESIAN_POINT('',(-14.725,-3.8,1.115));
#2580=CARTESIAN_POINT('',(-14.515,-3.8,0.97));
#2581=CARTESIAN_POINT('',(-14.515,-3.8,0.97));
#2582=CARTESIAN_POINT('',(-0.335,-3.8,0.97));
#2583=CARTESIAN_POINT('',(-14.06,-3.8,2.23));
#2584=CARTESIAN_POINT('',(-14.06,-3.8,2.23));
#2585=CARTESIAN_POINT('',(-14.06,-3.8,4.26));
#2586=CARTESIAN_POINT('Origin',(-7.5975,-3.8,2.615));
#2587=CARTESIAN_POINT('',(-0.335,-3.8,0.97));
#2588=CARTESIAN_POINT('',(-0.335,-3.8,0.97));
#2589=CARTESIAN_POINT('',(-0.335,-3.8,2.));
#2590=CARTESIAN_POINT('',(-0.335,-3.8,2.));
#2591=CARTESIAN_POINT('',(-1.335,-3.8,2.));
#2592=CARTESIAN_POINT('Origin',(-24.94,-3.,1.93));
#2593=CARTESIAN_POINT('',(-26.5,-4.05,2.275));
#2594=CARTESIAN_POINT('',(-26.5,-3.,2.275));
#2595=CARTESIAN_POINT('',(-24.94,-4.05,1.93));
#2596=CARTESIAN_POINT('',(-26.5,-4.05,2.275));
#2597=CARTESIAN_POINT('',(-24.94,-3.,1.93));
#2598=CARTESIAN_POINT('Origin',(-24.785,-3.,1.815));
#2599=CARTESIAN_POINT('',(-24.785,-4.05,1.815));
#2600=CARTESIAN_POINT('',(-24.94,-4.05,1.93));
#2601=CARTESIAN_POINT('',(-24.785,-3.,1.815));
#2602=CARTESIAN_POINT('Origin',(-24.785,-3.,-2.95));
#2603=CARTESIAN_POINT('',(-24.785,-4.05,-2.95));
#2604=CARTESIAN_POINT('',(-24.785,-4.05,1.815));
#2605=CARTESIAN_POINT('',(-24.785,-3.,-2.95));
#2606=CARTESIAN_POINT('Origin',(-24.94,-3.,-3.15));
#2607=CARTESIAN_POINT('',(-24.94,-4.05,-3.15));
#2608=CARTESIAN_POINT('',(-24.785,-4.05,-2.95));
#2609=CARTESIAN_POINT('',(-24.94,-3.,-3.15));
#2610=CARTESIAN_POINT('Origin',(-27.5,-3.,-3.725));
#2611=CARTESIAN_POINT('',(-27.5,-4.05,-3.725));
#2612=CARTESIAN_POINT('',(-24.94,-4.05,-3.15));
#2613=CARTESIAN_POINT('',(-27.5,-3.,-3.725));
#2614=CARTESIAN_POINT('Origin',(-26.45,-3.,-0.8));
#2615=CARTESIAN_POINT('',(-26.5,-3.,-3.));
#2616=CARTESIAN_POINT('',(-26.45,-3.,-0.8));
#2617=CARTESIAN_POINT('',(-26.4442946566856,-3.,-0.548964894166234));
#2618=CARTESIAN_POINT('',(-26.5,-4.05,-3.));
#2619=CARTESIAN_POINT('',(-26.5,-3.,-3.));
#2620=CARTESIAN_POINT('',(-26.45,-4.05,-0.8));
#2621=CARTESIAN_POINT('',(-26.5,-4.05,-3.));
#2622=CARTESIAN_POINT('',(-26.45,-3.,-0.8));
#2623=CARTESIAN_POINT('Origin',(-26.5,-3.,-0.38));
#2624=CARTESIAN_POINT('',(-26.5,-3.,-0.38));
#2625=CARTESIAN_POINT('',(-26.4001991335942,-3.,-1.21832727780884));
#2626=CARTESIAN_POINT('',(-26.5,-4.05,-0.38));
#2627=CARTESIAN_POINT('',(-26.45,-4.05,-0.8));
#2628=CARTESIAN_POINT('',(-26.5,-3.,-0.38));
#2629=CARTESIAN_POINT('Origin',(-26.75,-3.,-0.025));
#2630=CARTESIAN_POINT('',(-26.75,-3.,-0.025));
#2631=CARTESIAN_POINT('',(-24.491653958361,-3.,-3.23185137912744));
#2632=CARTESIAN_POINT('',(-26.75,-4.05,-0.0249999999999999));
#2633=CARTESIAN_POINT('',(-26.5,-4.05,-0.38));
#2634=CARTESIAN_POINT('',(-26.75,-3.,-0.025));
#2635=CARTESIAN_POINT('Origin',(-27.1,-3.,0.225));
#2636=CARTESIAN_POINT('',(-27.1,-3.,0.225));
#2637=CARTESIAN_POINT('',(-22.5445608108108,-3.,-3.02888513513513));
#2638=CARTESIAN_POINT('',(-27.1,-4.05,0.225));
#2639=CARTESIAN_POINT('',(-26.75,-4.05,-0.025));
#2640=CARTESIAN_POINT('',(-27.1,-3.,0.225));
#2641=CARTESIAN_POINT('Origin',(-27.5,-3.,0.33));
#2642=CARTESIAN_POINT('',(-27.5,-3.,0.33));
#2643=CARTESIAN_POINT('',(-21.0344978804268,-3.,-1.36719430638796));
#2644=CARTESIAN_POINT('',(-27.5,-4.05,0.33));
#2645=CARTESIAN_POINT('',(-27.1,-4.05,0.225));
#2646=CARTESIAN_POINT('',(-27.5,-3.,0.33));
#2647=CARTESIAN_POINT('Origin',(-26.1425,-4.05,-0.725));
#2648=CARTESIAN_POINT('',(-26.5,-4.05,2.));
#2649=CARTESIAN_POINT('',(-26.5,-4.05,2.));
#2650=CARTESIAN_POINT('',(-27.5,-4.05,2.));
#2651=CARTESIAN_POINT('',(-27.5,-4.05,2.));
#2652=CARTESIAN_POINT('',(-27.5,-4.05,0.33));
#2653=CARTESIAN_POINT('',(-27.5,-4.05,-3.));
#2654=CARTESIAN_POINT('',(-27.5,-4.05,-3.));
#2655=CARTESIAN_POINT('',(-27.5,-4.05,-3.725));
#2656=CARTESIAN_POINT('Origin',(-13.9175,-3.,-0.5825));
#2657=CARTESIAN_POINT('',(-27.5,-3.,-0.5));
#2658=CARTESIAN_POINT('',(-27.5,-3.,2.));
#2659=CARTESIAN_POINT('',(-26.5,-3.,-0.5));
#2660=CARTESIAN_POINT('',(-27.5,-3.,-0.5));
#2661=CARTESIAN_POINT('',(-26.5,-3.,-0.5));
#2662=CARTESIAN_POINT('Origin',(-14.725,-3.,1.115));
#2663=CARTESIAN_POINT('',(-14.515,-3.,0.97));
#2664=CARTESIAN_POINT('',(-14.725,-3.,1.115));
#2665=CARTESIAN_POINT('Origin',(-14.86,-3.,1.39));
#2666=CARTESIAN_POINT('',(-14.86,-3.,1.39));
#2667=CARTESIAN_POINT('Origin',(-14.86,-3.,4.26));
#2668=CARTESIAN_POINT('',(-14.86,-3.,4.26));
#2669=CARTESIAN_POINT('Origin',(-14.06,-3.,4.26));
#2670=CARTESIAN_POINT('',(-14.06,-3.,4.26));
#2671=CARTESIAN_POINT('Origin',(-14.06,-3.,2.23));
#2672=CARTESIAN_POINT('',(-14.06,-3.,2.23));
#2673=CARTESIAN_POINT('Origin',(-14.515,-3.,0.97));
#2674=CARTESIAN_POINT('',(-0.335,-3.,0.97));
#2675=CARTESIAN_POINT('Origin',(-1.335,-2.585,2.));
#2676=CARTESIAN_POINT('',(-1.335,-2.585,2.));
#2677=CARTESIAN_POINT('',(-1.335,-2.585,2.23));
#2678=CARTESIAN_POINT('',(-1.335,-2.585,2.));
#2679=CARTESIAN_POINT('',(-1.335,-2.585,2.23));
#2680=CARTESIAN_POINT('',(-1.335,-2.585,2.));
#2681=CARTESIAN_POINT('Origin',(-0.335,-2.585,2.));
#2682=CARTESIAN_POINT('',(-0.335,-2.585,2.));
#2683=CARTESIAN_POINT('',(-0.335,-2.585,2.));
#2684=CARTESIAN_POINT('',(-0.335,-2.585,2.));
#2685=CARTESIAN_POINT('Origin',(-0.335,-2.585,-0.5));
#2686=CARTESIAN_POINT('',(-0.335,-2.585,-0.5));
#2687=CARTESIAN_POINT('',(-0.335,-2.585,-0.5));
#2688=CARTESIAN_POINT('',(-0.335,-2.585,-0.5));
#2689=CARTESIAN_POINT('Origin',(-1.335,-2.585,-0.5));
#2690=CARTESIAN_POINT('',(-1.335,-2.585,-0.5));
#2691=CARTESIAN_POINT('',(-1.335,-2.585,-0.5));
#2692=CARTESIAN_POINT('',(-1.335,-2.585,-0.5));
#2693=CARTESIAN_POINT('Origin',(-1.335,-2.585,-3.));
#2694=CARTESIAN_POINT('',(-1.335,-2.585,-3.));
#2695=CARTESIAN_POINT('',(-1.335,-2.585,-3.));
#2696=CARTESIAN_POINT('',(-1.335,-2.585,-3.));
#2697=CARTESIAN_POINT('Origin',(-0.62,-2.585,-3.));
#2698=CARTESIAN_POINT('',(-0.62,-2.585,-3.));
#2699=CARTESIAN_POINT('',(-0.62,-2.585,-3.));
#2700=CARTESIAN_POINT('',(-0.62,-2.585,-3.));
#2701=CARTESIAN_POINT('Origin',(-0.685,-2.585,-3.54));
#2702=CARTESIAN_POINT('',(-0.685,-2.585,-3.54));
#2703=CARTESIAN_POINT('',(-0.685,-2.585,-3.54));
#2704=CARTESIAN_POINT('',(-0.685,-2.585,-3.54));
#2705=CARTESIAN_POINT('Origin',(-0.55,-2.585,-3.81));
#2706=CARTESIAN_POINT('',(-0.55,-2.585,-3.81));
#2707=CARTESIAN_POINT('',(-0.55,-2.585,-3.81));
#2708=CARTESIAN_POINT('',(-0.55,-2.585,-3.81));
#2709=CARTESIAN_POINT('Origin',(-0.335,-2.585,-4.01));
#2710=CARTESIAN_POINT('',(-0.335,-2.585,-4.01));
#2711=CARTESIAN_POINT('',(-0.335,-2.585,-4.01));
#2712=CARTESIAN_POINT('',(-0.335,-2.585,-4.01));
#2713=CARTESIAN_POINT('Origin',(-0.335,-2.585,-5.08));
#2714=CARTESIAN_POINT('',(-0.335,-2.585,-5.08));
#2715=CARTESIAN_POINT('',(-0.335,-2.585,-5.08));
#2716=CARTESIAN_POINT('',(-0.335,-2.585,-5.08));
#2717=CARTESIAN_POINT('Origin',(-24.925,-2.585,-5.08));
#2718=CARTESIAN_POINT('',(-24.925,-2.585,-5.08));
#2719=CARTESIAN_POINT('',(-24.925,-2.585,-5.08));
#2720=CARTESIAN_POINT('',(-24.925,-2.585,-5.08));
#2721=CARTESIAN_POINT('Origin',(-25.715,-2.585,-5.2));
#2722=CARTESIAN_POINT('',(-25.715,-2.585,-5.2));
#2723=CARTESIAN_POINT('',(-25.715,-2.585,-5.2));
#2724=CARTESIAN_POINT('',(-25.715,-2.585,-5.2));
#2725=CARTESIAN_POINT('Origin',(-26.5,-2.585,-5.53));
#2726=CARTESIAN_POINT('',(-26.5,-2.585,-5.53));
#2727=CARTESIAN_POINT('',(-26.5,-2.585,-5.53));
#2728=CARTESIAN_POINT('',(-26.5,-2.585,-5.53));
#2729=CARTESIAN_POINT('Origin',(-27.5,-2.585,-5.5));
#2730=CARTESIAN_POINT('',(-27.5,-2.585,-5.5));
#2731=CARTESIAN_POINT('',(-27.5,-2.585,-5.5));
#2732=CARTESIAN_POINT('',(-27.5,-2.585,-5.5));
#2733=CARTESIAN_POINT('Origin',(-27.5,-2.585,-3.));
#2734=CARTESIAN_POINT('',(-27.5,-2.585,-3.));
#2735=CARTESIAN_POINT('',(-27.5,-2.585,-3.));
#2736=CARTESIAN_POINT('',(-27.5,-2.585,-3.));
#2737=CARTESIAN_POINT('Origin',(-26.5,-2.585,-3.));
#2738=CARTESIAN_POINT('',(-26.5,-2.585,-3.));
#2739=CARTESIAN_POINT('',(-26.5,-2.585,-3.));
#2740=CARTESIAN_POINT('',(-26.5,-2.585,-3.));
#2741=CARTESIAN_POINT('Origin',(-26.5,-2.585,-0.5));
#2742=CARTESIAN_POINT('',(-26.5,-2.585,-0.5));
#2743=CARTESIAN_POINT('',(-26.5,-2.585,-0.5));
#2744=CARTESIAN_POINT('',(-26.5,-2.585,-0.5));
#2745=CARTESIAN_POINT('Origin',(-27.5,-2.585,-0.5));
#2746=CARTESIAN_POINT('',(-27.5,-2.585,-0.5));
#2747=CARTESIAN_POINT('',(-27.5,-2.585,-0.5));
#2748=CARTESIAN_POINT('',(-27.5,-2.585,-0.5));
#2749=CARTESIAN_POINT('Origin',(-27.5,-2.585,2.));
#2750=CARTESIAN_POINT('',(-27.5,-2.585,2.));
#2751=CARTESIAN_POINT('',(-27.5,-2.585,2.));
#2752=CARTESIAN_POINT('',(-27.5,-2.585,2.));
#2753=CARTESIAN_POINT('Origin',(-26.5,-2.585,2.));
#2754=CARTESIAN_POINT('',(-26.5,-2.585,2.));
#2755=CARTESIAN_POINT('',(-26.5,-2.585,2.));
#2756=CARTESIAN_POINT('',(-26.5,-2.585,2.));
#2757=CARTESIAN_POINT('Origin',(-26.5,-2.585,4.365));
#2758=CARTESIAN_POINT('',(-26.5,-2.585,4.365));
#2759=CARTESIAN_POINT('',(-26.5,-2.585,4.365));
#2760=CARTESIAN_POINT('',(-26.5,-2.585,4.365));
#2761=CARTESIAN_POINT('Origin',(-14.05,-2.585,4.365));
#2762=CARTESIAN_POINT('',(-14.05,-2.585,4.365));
#2763=CARTESIAN_POINT('',(-14.05,-2.585,4.365));
#2764=CARTESIAN_POINT('',(-14.05,-2.585,4.365));
#2765=CARTESIAN_POINT('Origin',(-14.05,-2.585,2.23));
#2766=CARTESIAN_POINT('',(-14.05,-2.585,2.23));
#2767=CARTESIAN_POINT('',(-14.05,-2.585,2.23));
#2768=CARTESIAN_POINT('',(-14.05,-2.585,2.23));
#2769=CARTESIAN_POINT('Origin',(-1.335,-2.585,2.23));
#2770=CARTESIAN_POINT('',(-1.335,-2.585,2.23));
#2771=CARTESIAN_POINT('Origin',(-13.9175,-2.585,-0.5825));
#2772=UNCERTAINTY_MEASURE_WITH_UNIT(LENGTH_MEASURE(0.001),#2776,
'DISTANCE_ACCURACY_VALUE',
'Maximum model space distance between geometric entities at asserted c
onnectivities');
#2773=UNCERTAINTY_MEASURE_WITH_UNIT(LENGTH_MEASURE(0.001),#2776,
'DISTANCE_ACCURACY_VALUE',
'Maximum model space distance between geometric entities at asserted c
onnectivities');
#2774=(
GEOMETRIC_REPRESENTATION_CONTEXT(3)
GLOBAL_UNCERTAINTY_ASSIGNED_CONTEXT((#2772))
GLOBAL_UNIT_ASSIGNED_CONTEXT((#2776,#2778,#2779))
REPRESENTATION_CONTEXT('','3D')
);
#2775=(
GEOMETRIC_REPRESENTATION_CONTEXT(3)
GLOBAL_UNCERTAINTY_ASSIGNED_CONTEXT((#2773))
GLOBAL_UNIT_ASSIGNED_CONTEXT((#2776,#2778,#2779))
REPRESENTATION_CONTEXT('','3D')
);
#2776=(
LENGTH_UNIT()
NAMED_UNIT(*)
SI_UNIT(.CENTI.,.METRE.)
);
#2777=(
LENGTH_UNIT()
NAMED_UNIT(*)
SI_UNIT($,.METRE.)
);
#2778=(
NAMED_UNIT(*)
PLANE_ANGLE_UNIT()
SI_UNIT($,.RADIAN.)
);
#2779=(
NAMED_UNIT(*)
SI_UNIT($,.STERADIAN.)
SOLID_ANGLE_UNIT()
);
#2780=SHAPE_DEFINITION_REPRESENTATION(#2781,#2782);
#2781=PRODUCT_DEFINITION_SHAPE('',$,#2784);
#2782=SHAPE_REPRESENTATION('',(#1698),#2774);
#2783=PRODUCT_DEFINITION_CONTEXT('part definition',#2788,'design');
#2784=PRODUCT_DEFINITION('Side_L2_Native','Side_L2_Native',#2785,#2783);
#2785=PRODUCT_DEFINITION_FORMATION('',$,#2790);
#2786=PRODUCT_RELATED_PRODUCT_CATEGORY('Side_L2_Native',
'Side_L2_Native',(#2790));
#2787=APPLICATION_PROTOCOL_DEFINITION('international standard',
'automotive_design',2009,#2788);
#2788=APPLICATION_CONTEXT(
'Core Data for Automotive Mechanical Design Process');
#2789=PRODUCT_CONTEXT('part definition',#2788,'mechanical');
#2790=PRODUCT('Side_L2_Native','Side_L2_Native',$,(#2789));
#2791=PRESENTATION_STYLE_ASSIGNMENT((#2792));
#2792=SURFACE_STYLE_USAGE(.BOTH.,#2793);
#2793=SURFACE_SIDE_STYLE('',(#2794));
#2794=SURFACE_STYLE_FILL_AREA(#2795);
#2795=FILL_AREA_STYLE('Steel - Satin',(#2796));
#2796=FILL_AREA_STYLE_COLOUR('Steel - Satin',#2797);
#2797=COLOUR_RGB('Steel - Satin',0.627450980392157,0.627450980392157,0.627450980392157);
ENDSEC;
END-ISO-10303-21;
